# Apple ModelIO OBJ File: IchigoAme_Stove
mtllib IchigoAme_Stove.mtl
g IchigoAme_Stove_MetalSG
v -1.2696 0.259419 -0.962154
v -1.27219 0.259419 -0.952311
v -1.18621 0.487621 -0.879374
v -1.18967 0.486062 -0.869957
v -1.26597 0.259419 -0.94096
v -1.1855 0.481296 -0.860487
v -1.15968 0.259419 -0.834667
v -1.1495 0.259419 -0.829947
v -1.11154 0.419654 -0.786528
v -1.10227 0.413278 -0.782598
v -1.13979 0.259419 -0.833572
v -1.09321 0.410291 -0.786497
v -1.17332 0.498489 -0.866585
v -1.17237 0.494509 -0.852564
v -0.704855 0.498489 -0.398287
v -0.711376 0.494053 -0.391766
v -1.15756 0.483168 -0.832546
v -0.714079 0.483345 -0.389063
v -1.18084 0.495564 -0.874058
v -1.15634 0.48754 -0.909315
v -1.15097 0.495542 -0.903952
v -1.14345 0.498489 -0.896456
v -1.17449 0.48807 -0.849478
v -1.10802 0.431368 -0.78301
v -1.10187 0.436282 -0.776855
v -1.09027 0.426582 -0.770626
v -0.714079 0.437019 -0.389063
v -0.711376 0.426311 -0.391766
v -1.08028 0.421875 -0.773907
v -0.704855 0.421875 -0.398289
v -1.088 0.418725 -0.781452
v -1.05077 0.421875 -0.803415
v -1.05827 0.418749 -0.811169
v -1.06326 0.410384 -0.816395
v -1.12943 0.494509 -0.895504
v -0.668629 0.494053 -0.434513
v -1.10941 0.483168 -0.880697
v -0.665926 0.483345 -0.437216
v -0.67515 0.498489 -0.427994
v -1.1373 0.481148 -0.90859
v -1.12631 0.487973 -0.8976
v -1.06353 0.41963 -0.834812
v -1.05995 0.43137 -0.831236
v -1.05372 0.436282 -0.825005
v -1.14685 0.48595 -0.912796
v -1.22917 0.259419 -0.995323
v -1.23902 0.259419 -0.992737
v -1.21782 0.259419 -0.989111
v -1.04749 0.426582 -0.813402
v -0.668629 0.426311 -0.434513
v -0.67515 0.421875 -0.427994
v -0.665926 0.437019 -0.437216
v -1.05948 0.41331 -0.825459
v -1.10681 0.259419 -0.872639
v -1.11153 0.259419 -0.882816
v -1.11044 0.259419 -0.862926
v -0.697281 0.494053 -0.390713
v -0.667576 0.494053 -0.420418
v -0.694147 0.483345 -0.387577
v -0.66444 0.483345 -0.417284
v -0.703804 0.483346 -0.38419
v -0.694147 0.437019 -0.387577
v -0.703804 0.437023 -0.38419
v -0.697283 0.426311 -0.390715
v -0.66444 0.437019 -0.417284
v -0.667574 0.426311 -0.42042
v -0.661057 0.437023 -0.426941
v -0.661057 0.483346 -0.426941
v -1.18309 0.493191 -0.863298
v -1.0973 0.422918 -0.777641
v -1.14016 0.493148 -0.906212
v -1.05452 0.422927 -0.820477
v -0.703995 0.492084 -0.386782
v -0.703995 0.428278 -0.386782
v -0.663645 0.428278 -0.427132
v -0.663645 0.492084 -0.427132
v 0.611187 0.259419 -0.992737
v 0.601343 0.259419 -0.995325
v 0.528406 0.487621 -0.909349
v 0.51899 0.486062 -0.912804
v 0.589993 0.259419 -0.989111
v 0.50952 0.481296 -0.908636
v 0.4837 0.259419 -0.882816
v 0.478979 0.259419 -0.872635
v 0.43556 0.419654 -0.834677
v 0.431631 0.413278 -0.825403
v 0.482605 0.259419 -0.862926
v 0.43553 0.410291 -0.816351
v 0.515617 0.498489 -0.896456
v 0.501596 0.494509 -0.895504
v 0.047319 0.498489 -0.427992
v 0.040798 0.494053 -0.434513
v 0.481579 0.483168 -0.880699
v 0.038095 0.483345 -0.437216
v 0.52309 0.495564 -0.903976
v 0.558348 0.48754 -0.879473
v 0.552984 0.495542 -0.874104
v 0.545488 0.498489 -0.866585
v 0.49851 0.48807 -0.897629
v 0.432043 0.431368 -0.831158
v 0.425888 0.436282 -0.825005
v 0.419659 0.426582 -0.813402
v 0.038095 0.437019 -0.437216
v 0.040798 0.426311 -0.434513
v 0.422939 0.421875 -0.803415
v 0.047321 0.421875 -0.427992
v 0.430485 0.418725 -0.811138
v 0.452448 0.421875 -0.773907
v 0.460201 0.418749 -0.781404
v 0.465427 0.410384 -0.786396
v 0.544537 0.494509 -0.852564
v 0.083546 0.494053 -0.391766
v 0.52973 0.483168 -0.832546
v 0.086248 0.483345 -0.389063
v 0.077026 0.498489 -0.398287
v 0.557623 0.481148 -0.860437
v 0.546633 0.487973 -0.849449
v 0.483845 0.41963 -0.786663
v 0.480268 0.43137 -0.783085
v 0.474037 0.436282 -0.776855
v 0.561829 0.48595 -0.869987
v 0.644356 0.259419 -0.952309
v 0.641769 0.259419 -0.962154
v 0.638144 0.259419 -0.94096
v 0.462435 0.426582 -0.770626
v 0.083546 0.426311 -0.391766
v 0.077026 0.421875 -0.398287
v 0.086248 0.437019 -0.389063
v 0.474491 0.41331 -0.782616
v 0.521671 0.259419 -0.829943
v 0.531849 0.259419 -0.834667
v 0.511959 0.259419 -0.833572
v 0.039745 0.494053 -0.420418
v 0.06945 0.494053 -0.390713
v 0.03661 0.483345 -0.417286
v 0.066317 0.483345 -0.387577
v 0.033222 0.483346 -0.426941
v 0.03661 0.437019 -0.417286
v 0.033222 0.437023 -0.426941
v 0.039747 0.426311 -0.42042
v 0.066317 0.437019 -0.387577
v 0.069452 0.426311 -0.390711
v 0.075974 0.437023 -0.384193
v 0.075974 0.483346 -0.384193
v 0.512331 0.493191 -0.906231
v 0.426674 0.422918 -0.820436
v 0.555244 0.493148 -0.863302
v 0.469509 0.422927 -0.777657
v 0.035814 0.492084 -0.427132
v 0.035814 0.428278 -0.427132
v 0.076164 0.428278 -0.386782
v 0.076164 0.492084 -0.386782
v 0.641741 0.259419 0.888048
v 0.644329 0.259419 0.878204
v 0.558353 0.487621 0.805267
v 0.561808 0.486062 0.795851
v 0.638115 0.259419 0.866854
v 0.55764 0.481296 0.786381
v 0.53182 0.259419 0.760561
v 0.521639 0.259419 0.75584
v 0.483681 0.419654 0.712421
v 0.474407 0.413278 0.708492
v 0.51193 0.259419 0.759466
v 0.465355 0.410291 0.712391
v 0.54546 0.498489 0.792479
v 0.544508 0.494509 0.778458
v 0.076996 0.498489 0.324181
v 0.083517 0.494053 0.317659
v 0.529703 0.483168 0.75844
v 0.08622 0.483345 0.314957
v 0.55298 0.495564 0.799952
v 0.528477 0.48754 0.835209
v 0.523108 0.495542 0.829845
v 0.515589 0.498489 0.82235
v 0.546633 0.48807 0.775372
v 0.480162 0.431368 0.708904
v 0.474009 0.436282 0.702749
v 0.462406 0.426582 0.69652
v 0.08622 0.437019 0.314957
v 0.083517 0.426311 0.317659
v 0.452419 0.421875 0.6998
v 0.076996 0.421875 0.324183
v 0.460142 0.418725 0.707346
v 0.422911 0.421875 0.729309
v 0.430408 0.418749 0.737062
v 0.4354 0.410384 0.742289
v 0.501568 0.494509 0.821398
v 0.04077 0.494053 0.360407
v 0.48155 0.483168 0.806591
v 0.038067 0.483345 0.36311
v 0.047291 0.498489 0.353888
v 0.509441 0.481148 0.834484
v 0.498453 0.487973 0.823494
v 0.435667 0.41963 0.760706
v 0.432089 0.43137 0.75713
v 0.425859 0.436282 0.750898
v 0.518991 0.48595 0.83869
v 0.601313 0.259419 0.921217
v 0.611158 0.259419 0.918631
v 0.589964 0.259419 0.915005
v 0.41963 0.426582 0.739296
v 0.04077 0.426311 0.360407
v 0.047291 0.421875 0.353888
v 0.038067 0.437019 0.36311
v 0.43162 0.41331 0.751352
v 0.478947 0.259419 0.798532
v 0.483671 0.259419 0.80871
v 0.482576 0.259419 0.78882
v 0.069422 0.494053 0.316607
v 0.039717 0.494053 0.346312
v 0.06629 0.483345 0.313471
v 0.036581 0.483345 0.343178
v 0.075945 0.483346 0.310083
v 0.06629 0.437019 0.313471
v 0.075945 0.437023 0.310083
v 0.069424 0.426311 0.316608
v 0.036581 0.437019 0.343178
v 0.039715 0.426311 0.346313
v 0.033197 0.437023 0.352835
v 0.033197 0.483346 0.352835
v 0.555235 0.493191 0.789192
v 0.46944 0.422918 0.703535
v 0.512306 0.493148 0.832106
v 0.426661 0.422927 0.74637
v 0.076136 0.492084 0.312675
v 0.076136 0.428278 0.312675
v 0.035786 0.428278 0.353025
v 0.035786 0.492084 0.353025
v -1.23904 0.259419 0.918625
v -1.22919 0.259419 0.921213
v -1.15626 0.487621 0.835238
v -1.14684 0.486062 0.838692
v -1.21784 0.259419 0.914999
v -1.13737 0.481296 0.834524
v -1.11155 0.259419 0.808704
v -1.10683 0.259419 0.798523
v -1.06341 0.419654 0.760565
v -1.05948 0.413278 0.751291
v -1.11046 0.259419 0.788815
v -1.06338 0.410291 0.742239
v -1.14347 0.498489 0.822344
v -1.12945 0.494509 0.821392
v -0.675169 0.498489 0.35388
v -0.668648 0.494053 0.360401
v -1.10943 0.483168 0.806587
v -0.665945 0.483345 0.363104
v -1.15094 0.495564 0.829865
v -1.1862 0.48754 0.805361
v -1.18083 0.495542 0.799992
v -1.17334 0.498489 0.792473
v -1.12636 0.48807 0.823517
v -1.05989 0.431368 0.757046
v -1.05374 0.436282 0.750893
v -1.04751 0.426582 0.73929
v -0.665945 0.437019 0.363104
v -0.668648 0.426311 0.360401
v -1.05079 0.421875 0.729303
v -0.675171 0.421875 0.35388
v -1.05833 0.418725 0.737026
v -1.0803 0.421875 0.699795
v -1.08805 0.418749 0.707293
v -1.09328 0.410384 0.712284
v -1.17239 0.494509 0.778452
v -0.711395 0.494053 0.317654
v -1.15758 0.483168 0.758434
v -0.714098 0.483345 0.314951
v -0.704876 0.498489 0.324175
v -1.18547 0.481148 0.786325
v -1.17448 0.487973 0.775337
v -1.11169 0.41963 0.712551
v -1.10812 0.43137 0.708973
v -1.10189 0.436282 0.702744
v -1.18968 0.48595 0.795876
v -1.2722 0.259419 0.878197
v -1.26962 0.259419 0.888042
v -1.26599 0.259419 0.866848
v -1.09028 0.426582 0.696514
v -0.711395 0.426311 0.317654
v -0.704876 0.421875 0.324175
v -0.714098 0.437019 0.314951
v -1.10234 0.41331 0.708504
v -1.14952 0.259419 0.755831
v -1.1597 0.259419 0.760555
v -1.13981 0.259419 0.75946
v -0.667595 0.494053 0.346306
v -0.6973 0.494053 0.316601
v -0.664459 0.483345 0.343174
v -0.694166 0.483345 0.313465
v -0.661072 0.483346 0.352829
v -0.664459 0.437019 0.343174
v -0.661072 0.437023 0.352829
v -0.667597 0.426311 0.346308
v -0.694166 0.437019 0.313465
v -0.697302 0.426311 0.316599
v -0.703823 0.437023 0.310081
v -0.703823 0.483346 0.310081
v -1.14018 0.493191 0.832119
v -1.05452 0.422918 0.746325
v -1.18309 0.493148 0.78919
v -1.09736 0.422927 0.703545
v -0.663664 0.492084 0.35302
v -0.663664 0.428278 0.35302
v -0.704014 0.428278 0.31267
v -0.704014 0.492084 0.31267
vn -0.680592 0.456495 -0.573068
vn -0.944414 0.324285 0.054046
vn -0.685373 0.466399 -0.559228
vn -0.94115 0.299231 0.157155
vn -0.739561 0.024355 0.672649
vn -0.72691 0.01624 0.68654
vn -0.697927 -0.005527 0.716148
vn -0.162882 -0.243908 0.956022
vn -0.694508 -0.007752 0.719444
vn -0.144606 -0.25886 0.955029
vn 0.581335 -0.400068 0.708516
vn 0.576427 -0.416314 0.703146
vn -0.035298 0.99897 0.028523
vn -0.381072 0.842056 0.381739
vn -0.052687 0.996716 0.061494
vn -0.53213 0.653339 0.538503
vn -0.695887 0.176645 0.696087
vn -0.701266 0.06913 0.70954
vn -0.424149 0.85766 -0.290719
vn -0.559224 0.466399 -0.685376
vn -0.290001 0.857287 -0.425392
vn 0.028535 0.998968 -0.035326
vn -0.705933 0.059205 0.7058
vn -0.696024 -0.015188 0.717857
vn -0.70667 -0.019653 0.70727
vn -0.587435 -0.550881 0.592833
vn -0.701405 -0.062247 0.71004
vn -0.526775 -0.661382 0.533931
vn -0.072276 -0.994184 0.079844
vn -0.057379 -0.996026 0.068114
vn 0.301124 -0.831644 0.466574
vn 0.079854 -0.994183 -0.072275
vn 0.467162 -0.831569 0.300422
vn 0.703593 -0.416355 0.575852
vn 0.381797 0.841957 -0.381234
vn 0.5385 0.653338 -0.532135
vn 0.696094 0.176613 -0.695888
vn 0.709548 0.06913 -0.701258
vn 0.06149 0.996716 -0.052687
vn 0.686455 0.016302 -0.726989
vn 0.70558 0.059028 -0.706167
vn 0.719457 -0.007774 -0.694494
vn 0.717851 -0.015041 -0.696035
vn 0.707278 -0.019654 -0.706662
vn 0.157303 0.299341 -0.94109
vn 0.054391 0.324383 -0.944361
vn -0.572879 0.456514 -0.680738
vn 0.67248 0.024492 -0.73971
vn 0.59284 -0.550837 -0.587469
vn 0.533946 -0.661342 -0.52681
vn 0.068119 -0.996026 -0.057385
vn 0.710045 -0.062246 -0.7014
vn 0.954909 -0.257798 -0.147271
vn 0.955688 -0.242394 -0.167051
vn 0.716129 -0.005531 -0.697946
vn 0.708956 -0.40004 0.580818
vn 0.456547 0.70588 0.54157
vn 0.541576 0.705869 0.456556
vn 0.645599 0.073001 0.760179
vn 0.760205 0.073 0.645569
vn -0.072716 0.050753 0.996061
vn 0.645612 -0.073032 0.760166
vn -0.072719 -0.05074 0.996061
vn 0.456554 -0.70588 0.541565
vn 0.760193 -0.073029 0.645579
vn 0.541598 -0.705838 0.456579
vn 0.996064 -0.050681 -0.072712
vn 0.996063 0.05072 -0.072708
vn -0.693644 0.623719 0.360324
vn -0.376733 -0.410177 0.830558
vn 0.360332 0.62032 -0.696681
vn 0.830348 -0.407577 -0.380006
vn -0.064338 0.545564 0.835596
vn -0.064355 -0.545576 0.835587
vn 0.835779 -0.545296 -0.064228
vn 0.835713 0.545403 -0.064183
vn 0.573071 0.456499 -0.680586
vn -0.054116 0.32431 -0.944402
vn 0.559234 0.466401 -0.685367
vn -0.157228 0.299256 -0.94113
vn -0.672653 0.024349 -0.739557
vn -0.68654 0.01623 -0.726911
vn -0.71614 -0.005537 -0.697934
vn -0.956039 -0.243801 -0.162945
vn -0.719436 -0.007764 -0.694516
vn -0.955046 -0.258767 -0.144664
vn -0.708513 -0.400059 0.581345
vn -0.703143 -0.4163 0.576441
vn -0.02852 0.99897 -0.035303
vn -0.38172 0.842067 -0.381067
vn -0.061487 0.996716 -0.052688
vn -0.538493 0.653351 -0.532126
vn -0.69609 0.176643 -0.695885
vn -0.709546 0.069105 -0.701262
vn 0.2907 0.857666 -0.42415
vn 0.68536 0.466395 -0.559248
vn 0.425368 0.857293 -0.29002
vn 0.035323 0.998969 0.028524
vn -0.705791 0.059117 -0.705949
vn -0.717856 -0.01518 -0.696027
vn -0.707275 -0.019676 -0.706665
vn -0.592872 -0.550771 -0.587498
vn -0.710041 -0.062249 -0.701403
vn -0.533975 -0.661294 -0.52684
vn -0.079851 -0.994182 -0.072284
vn -0.068119 -0.996026 -0.057386
vn -0.466589 -0.831619 0.301171
vn 0.072272 -0.994183 0.079854
vn -0.300435 -0.831539 0.467205
vn -0.575835 -0.416367 0.703599
vn 0.381254 0.84195 0.381792
vn 0.532152 0.653332 0.53849
vn 0.695902 0.176634 0.696076
vn 0.701263 0.069156 0.70954
vn 0.052684 0.996717 0.061477
vn 0.726989 0.016298 0.686455
vn 0.706194 0.059106 0.705547
vn 0.694498 -0.007775 0.719453
vn 0.696092 -0.014949 0.717797
vn 0.706669 -0.019628 0.707272
vn 0.941107 0.299338 0.157211
vn 0.944365 0.324389 0.054281
vn 0.680722 0.456514 -0.572898
vn 0.739712 0.024481 0.672478
vn 0.587439 -0.550869 0.59284
vn 0.526807 -0.661331 0.533963
vn 0.057383 -0.996026 0.068117
vn 0.701401 -0.062246 0.710044
vn 0.147365 -0.257825 0.954887
vn 0.167149 -0.242409 0.955667
vn 0.697946 -0.005535 0.716129
vn -0.5808 -0.40006 0.708959
vn -0.541586 0.705827 0.45661
vn -0.456581 0.705842 0.541592
vn -0.760175 0.072981 0.645607
vn -0.64558 0.072977 0.760198
vn -0.996057 0.050767 -0.072753
vn -0.760165 -0.073034 0.645613
vn -0.996058 -0.050772 -0.072739
vn -0.541573 -0.705856 0.456581
vn -0.645596 -0.073024 0.76018
vn -0.456618 -0.705824 0.541583
vn 0.072716 -0.050698 0.996063
vn 0.07272 0.050733 0.996061
vn -0.360286 0.62377 -0.693617
vn -0.830562 -0.410244 -0.376653
vn 0.696675 0.62035 0.360291
vn 0.380025 -0.407613 0.830321
vn -0.835581 0.5456 -0.064224
vn -0.835503 -0.545732 -0.064126
vn 0.064386 -0.545377 0.835714
vn 0.06435 0.545511 0.835629
vn 0.680562 0.456486 0.57311
vn 0.944386 0.324359 -0.054093
vn 0.68534 0.466392 0.559275
vn 0.941115 0.299304 -0.157223
vn 0.739555 0.024348 -0.672655
vn 0.726909 0.016228 -0.686542
vn 0.697938 -0.005541 -0.716137
vn 0.163081 -0.243833 -0.956007
vn 0.694519 -0.007768 -0.719433
vn 0.1448 -0.258795 -0.955017
vn -0.581314 -0.400075 -0.70853
vn -0.576414 -0.416305 -0.703162
vn 0.035295 0.99897 -0.028521
vn 0.381075 0.842058 -0.381734
vn 0.052683 0.996716 -0.061489
vn 0.532109 0.653375 -0.53848
vn 0.695878 0.17673 -0.696075
vn 0.701266 0.069156 -0.709538
vn 0.424125 0.857676 0.290706
vn 0.559278 0.46637 0.685352
vn 0.29 0.857289 0.425389
vn -0.028532 0.998969 0.035322
vn 0.705917 0.059175 -0.705818
vn 0.696006 -0.015124 -0.717877
vn 0.706671 -0.019649 -0.707269
vn 0.587436 -0.55088 -0.592832
vn 0.701407 -0.062246 -0.710038
vn 0.526775 -0.661382 -0.53393
vn 0.072275 -0.994184 -0.079843
vn 0.057377 -0.996026 -0.068112
vn -0.301196 -0.831583 -0.466638
vn -0.079845 -0.994184 0.072266
vn -0.467209 -0.831527 -0.300463
vn -0.703605 -0.416347 -0.575843
vn -0.381844 0.841915 0.38128
vn -0.538535 0.653281 0.532169
vn -0.696093 0.176649 0.695881
vn -0.709543 0.069187 0.701258
vn -0.061486 0.996717 0.052683
vn -0.686461 0.016301 0.726984
vn -0.705558 0.058967 0.706195
vn -0.719459 -0.00777 0.694491
vn -0.717852 -0.015037 0.696034
vn -0.707275 -0.019589 0.706667
vn -0.157128 0.299371 0.94111
vn -0.054158 0.324422 0.944361
vn 0.572926 0.456489 0.680716
vn -0.672488 0.024488 0.739703
vn -0.59283 -0.550858 0.587458
vn -0.533927 -0.661374 0.526789
vn -0.068111 -0.996026 0.057378
vn -0.710045 -0.062193 0.701404
vn -0.954908 -0.257794 0.147283
vn -0.95569 -0.242375 0.167064
vn -0.716134 -0.005524 0.697941
vn -0.708965 -0.400044 -0.580803
vn -0.456629 0.705829 -0.541567
vn -0.541589 0.705853 -0.456565
vn -0.645611 0.072978 -0.760172
vn -0.760207 0.072983 -0.645569
vn 0.07281 0.050758 -0.996053
vn -0.645613 -0.073003 -0.760167
vn 0.072778 -0.050735 -0.996057
vn -0.456611 -0.705826 -0.541587
vn -0.760189 -0.073008 -0.645587
vn -0.541584 -0.705824 -0.456617
vn -0.996062 -0.050728 0.072717
vn -0.99606 0.050774 0.072708
vn 0.693596 0.623783 -0.360305
vn 0.376659 -0.41015 -0.830605
vn -0.36022 0.620398 0.696669
vn -0.830301 -0.407672 0.380006
vn 0.064201 0.545518 -0.835636
vn 0.064029 -0.545532 -0.835641
vn -0.835719 -0.545386 0.064256
vn -0.83559 0.545591 0.064186
vn -0.573101 0.456469 0.680582
vn 0.054111 0.324285 0.944411
vn -0.559263 0.466372 0.685363
vn 0.157225 0.299239 0.941136
vn 0.672661 0.024357 0.73955
vn 0.686548 0.016237 0.726903
vn 0.716148 -0.005528 0.697927
vn 0.956026 -0.243861 0.162928
vn 0.719443 -0.007756 0.694509
vn 0.955033 -0.258824 0.144647
vn 0.708506 -0.400079 -0.581341
vn 0.703135 -0.416322 -0.576435
vn 0.028518 0.99897 0.035301
vn 0.381648 0.842134 0.380994
vn 0.061482 0.996717 0.052684
vn 0.538447 0.653425 0.532081
vn 0.696085 0.176641 0.69589
vn 0.709548 0.069103 0.70126
vn -0.290726 0.857659 0.424145
vn -0.685365 0.466389 0.559246
vn -0.425369 0.85729 0.290026
vn -0.035326 0.998969 -0.028526
vn 0.70579 0.059116 0.70595
vn 0.717833 -0.015181 0.69605
vn 0.707274 -0.019684 0.706666
vn 0.592819 -0.550883 0.587446
vn 0.710043 -0.062275 0.7014
vn 0.533919 -0.661385 0.526783
vn 0.079844 -0.994184 0.072276
vn 0.068112 -0.996026 0.057379
vn 0.466598 -0.831618 -0.30116
vn -0.072276 -0.994183 -0.079858
vn 0.300454 -0.831546 -0.467182
vn 0.575856 -0.41636 -0.703587
vn -0.381249 0.841953 -0.38179
vn -0.532151 0.653336 -0.538486
vn -0.6959 0.176612 -0.696082
vn -0.701267 0.069129 -0.709539
vn -0.052688 0.996717 -0.06148
vn -0.726989 0.016311 -0.686455
vn -0.706178 0.059153 -0.705559
vn -0.694505 -0.00776 -0.719446
vn -0.69606 -0.014957 -0.717828
vn -0.706667 -0.019662 -0.707273
vn -0.941075 0.299431 -0.157224
vn -0.944329 0.324494 -0.054278
vn -0.680731 0.456504 0.572896
vn -0.739706 0.024496 -0.672484
vn -0.587437 -0.550874 -0.592837
vn -0.526804 -0.661336 -0.53396
vn -0.057386 -0.996025 -0.06812
vn -0.701401 -0.062274 -0.710042
vn -0.147299 -0.257793 -0.954906
vn -0.167095 -0.242372 -0.955686
vn -0.697955 -0.005524 -0.71612
vn 0.580822 -0.400047 -0.708949
vn 0.541577 0.705831 -0.456615
vn 0.456583 0.705854 -0.541575
vn 0.760169 0.072996 -0.645611
vn 0.645581 0.072997 -0.760195
vn 0.996061 0.050745 0.072715
vn 0.760162 -0.07303 -0.645617
vn 0.996061 -0.050758 0.072708
vn 0.541561 -0.70587 -0.456573
vn 0.645599 -0.073024 -0.760177
vn 0.456613 -0.70584 -0.541567
vn -0.072817 -0.05069 -0.996056
vn -0.072833 0.050723 -0.996054
vn 0.360307 0.62375 0.693624
vn 0.830575 -0.410225 0.376644
vn -0.696715 0.620294 -0.36031
vn -0.379972 -0.407612 -0.830345
vn 0.835617 0.545546 0.064214
vn 0.835531 -0.545686 0.064147
vn -0.064349 -0.54536 -0.835729
vn -0.064354 0.545508 -0.835631
vt 0.645501 0.644854
vt 0.64482 0.638911
vt 0.787196 0.593454
vt 0.785442 0.587802
vt 0.645637 0.631349
vt 0.783272 0.581525
vt 0.991645 0.541757
vt 0.986407 0.545705
vt 0.904852 0.488661
vt 0.902352 0.495148
vt 0.982471 0.55031
vt 0.899894 0.500668
vt 0.797512 0.580713
vt 0.792457 0.573871
vt 0.845066 0.198005
vt 0.839155 0.197259
vt 0.787322 0.558779
vt 0.832586 0.19644
vt 0.793327 0.5908
vt 0.795681 0.616819
vt 0.802027 0.614862
vt 0.796613 0.587134
vt 0.821277 0.590163
vt 0.821923 0.583732
vt 0.788331 0.572991
vt 0.762454 0.514459
vt 0.765905 0.50985
vt 0.755312 0.5164
vt 0.760787 0.50182
vt 0.805824 0.193112
vt 0.799256 0.192294
vt 0.755053 0.498323
vt 0.793343 0.191576
vt 0.754025 0.504594
vt 0.730958 0.495311
vt 0.730268 0.501726
vt 0.894265 0.497729
vt 0.882217 0.518295
vt 0.887141 0.521798
vt 0.82849 0.578338
vt 0.875247 0.201735
vt 0.837152 0.564965
vt 0.881822 0.202572
vt 0.869334 0.201016
vt 0.835452 0.58803
vt 0.832701 0.578492
vt 0.878788 0.531938
vt 0.872213 0.528186
vt 0.869878 0.522777
vt 0.798026 0.622318
vt 0.6575 0.673724
vt 0.654208 0.668729
vt 0.80049 0.628605
vt 0.66298 0.678993
vt 0.724552 0.49728
vt 0.763178 0.187805
vt 0.769085 0.188557
vt 0.908537 0.205866
vt 0.876766 0.516243
vt 0.915121 0.206647
vt 0.883408 0.526552
vt 0.967811 0.576786
vt 0.966812 0.58327
vt 0.97001 0.571136
vt 0.845715 0.191263
vt 0.87035 0.194317
vt 0.879346 0.165337
vt 0.886189 0.166116
vt 0.876519 0.190141
vt 0.883386 0.190528
vt 0.887055 0.160242
vt 0.913084 0.169418
vt 0.913656 0.163503
vt 0.887767 0.153706
vt 0.914544 0.156985
vt 0.919913 0.170308
vt 0.90993 0.193781
vt 0.916689 0.195064
vt 0.794363 0.184886
vt 0.769742 0.181815
vt 0.909228 0.199491
vt 0.882689 0.196235
vt 0.656984 0.543854
vt 0.955698 0.670499
vt 0.790955 0.583099
vt 0.75852 0.507236
vt 0.896233 0.492369
vt 0.827816 0.587348
vt 0.805128 0.621758
vt 0.878145 0.52186
vt 0.881906 0.159368
vt 0.879629 0.163636
vt 0.840667 0.191711
vt 0.880936 0.153965
vt 0.799141 0.186552
vt 0.920082 0.168586
vt 0.918879 0.163879
vt 0.92109 0.158866
vt 0.914718 0.200341
vt 0.764699 0.182252
vt 0.875136 0.195981
vt 0.877169 0.19573
vt 0.342585 0.496463
vt 0.341744 0.490494
vt 0.484205 0.441286
vt 0.482162 0.435594
vt 0.34237 0.482857
vt 0.479681 0.429371
vt 0.351563 0.394331
vt 0.352124 0.387724
vt 0.450219 0.364692
vt 0.446914 0.358394
vt 0.35131 0.381658
vt 0.444319 0.352842
vt 0.493278 0.428587
vt 0.488195 0.421771
vt 0.536979 0.04541
vt 0.531061 0.044723
vt 0.482937 0.406721
vt 0.524472 0.044
vt 0.511298 0.466404
vt 0.505938 0.462787
vt 0.525014 0.446018
vt 0.519787 0.442047
vt 0.491653 0.435482
vt 0.517184 0.438065
vt 0.517768 0.431414
vt 0.484284 0.420865
vt 0.457466 0.36266
vt 0.461013 0.358022
vt 0.455853 0.350054
vt 0.497737 0.04096
vt 0.491156 0.040176
vt 0.608277 0.367451
vt 0.602508 0.364034
vt 0.643275 0.057433
vt 0.637353 0.05678
vt 0.601652 0.370439
vt 0.578364 0.361316
vt 0.577873 0.367648
vt 0.450046 0.350611
vt 0.443111 0.327528
vt 0.436921 0.329037
vt 0.524291 0.425946
vt 0.567198 0.048832
vt 0.53282 0.412479
vt 0.573776 0.049595
vt 0.561277 0.048173
vt 0.531585 0.435366
vt 0.528592 0.425985
vt 0.573763 0.379051
vt 0.567326 0.37538
vt 0.565102 0.36998
vt 0.52803 0.440955
vt 0.651221 0.522796
vt 0.64917 0.528341
vt 0.652211 0.515347
vt 0.571965 0.363373
vt 0.607139 0.053344
vt 0.613056 0.054031
vt 0.600554 0.052623
vt 0.435771 0.323075
vt 0.341253 0.352801
vt 0.434778 0.316082
vt 0.337048 0.347684
vt 0.344025 0.358259
vt 0.53756 0.038659
vt 0.562222 0.041462
vt 0.532455 0.033138
vt 0.525708 0.031939
vt 0.535417 0.008455
vt 0.528612 0.007635
vt 0.525079 0.037637
vt 0.499184 0.02897
vt 0.498549 0.034646
vt 0.49235 0.028664
vt 0.501647 0.004649
vt 0.49483 0.003968
vt 0.638295 0.050071
vt 0.613634 0.047279
vt 0.602176 0.040208
vt 0.601319 0.046165
vt 0.574959 0.037132
vt 0.574465 0.043131
vt 0.661905 0.428572
vt 0.635246 0.54925
vt 0.486744 0.430158
vt 0.453172 0.355111
vt 0.523735 0.435226
vt 0.572901 0.36923
vt 0.442432 0.321812
vt 0.530562 0.038417
vt 0.532518 0.039155
vt 0.643095 0.051678
vt 0.493046 0.034192
vt 0.606666 0.047386
vt 0.609125 0.042862
vt 0.608595 0.047775
vt 0.567022 0.043074
vt 0.567588 0.03817
vt 0.568982 0.043131
vt 0.244229 0.961907
vt 0.243547 0.955965
vt 0.385886 0.910521
vt 0.384146 0.904866
vt 0.244364 0.948403
vt 0.381991 0.898586
vt 0.590511 0.858638
vt 0.585274 0.86259
vt 0.503644 0.805582
vt 0.50115 0.812078
vt 0.581341 0.867201
vt 0.498694 0.817603
vt 0.396289 0.897752
vt 0.391226 0.890913
vt 0.443669 0.515065
vt 0.437758 0.51432
vt 0.386084 0.875823
vt 0.431185 0.513522
vt 0.392024 0.907885
vt 0.394359 0.933884
vt 0.400697 0.931928
vt 0.395395 0.904182
vt 0.42008 0.907198
vt 0.420717 0.900758
vt 0.387082 0.890039
vt 0.361202 0.831509
vt 0.36465 0.826903
vt 0.354055 0.83345
vt 0.35953 0.818875
vt 0.40446 0.5102
vt 0.397893 0.509359
vt 0.353796 0.81538
vt 0.391981 0.50864
vt 0.352772 0.821649
vt 0.329704 0.812374
vt 0.32902 0.818786
vt 0.493069 0.814664
vt 0.480987 0.835253
vt 0.485929 0.838757
vt 0.427284 0.89536
vt 0.473851 0.518791
vt 0.435941 0.881983
vt 0.480425 0.519629
vt 0.467938 0.518073
vt 0.43426 0.905057
vt 0.431498 0.895514
vt 0.477576 0.84892
vt 0.47099 0.845184
vt 0.468645 0.839778
vt 0.396702 0.939382
vt 0.256223 0.990765
vt 0.252932 0.985773
vt 0.399163 0.945666
vt 0.261699 0.996032
vt 0.323299 0.814346
vt 0.361818 0.504874
vt 0.367725 0.505625
vt 0.50712 0.522926
vt 0.475526 0.833242
vt 0.5137 0.523704
vt 0.482196 0.84352
vt 0.5667 0.893699
vt 0.565707 0.90019
vt 0.568895 0.888044
vt 0.444321 0.508307
vt 0.46895 0.511366
vt 0.478076 0.482575
vt 0.484878 0.483357
vt 0.475211 0.507222
vt 0.482037 0.507629
vt 0.432919 0.501152
vt 0.432009 0.507086
vt 0.405795 0.497794
vt 0.405231 0.50376
vt 0.511777 0.486745
vt 0.518559 0.487678
vt 0.5085 0.510937
vt 0.515198 0.512238
vt 0.392999 0.501932
vt 0.368381 0.498871
vt 0.507796 0.516601
vt 0.48132 0.513309
vt 0.255702 0.860905
vt 0.554659 0.987487
vt 0.389701 0.900167
vt 0.357264 0.824289
vt 0.495033 0.809308
vt 0.426625 0.904367
vt 0.403792 0.938835
vt 0.476919 0.838844
vt 0.437328 0.508355
vt 0.439824 0.503881
vt 0.439261 0.508752
vt 0.3978 0.503593
vt 0.398428 0.498761
vt 0.399765 0.503702
vt 0.513249 0.517444
vt 0.363338 0.499294
vt 0.473737 0.51302
vt 0.475813 0.512783
vt 0.00952 0.509209
vt 0.008681 0.503248
vt 0.15099 0.454162
vt 0.148953 0.448474
vt 0.009307 0.495622
vt 0.146478 0.442255
vt 0.01846 0.407205
vt 0.019023 0.400601
vt 0.117107 0.377569
vt 0.113798 0.371268
vt 0.018208 0.394535
vt 0.111199 0.365718
vt 0.160052 0.441514
vt 0.154981 0.434687
vt 0.204418 0.058018
vt 0.198494 0.057321
vt 0.149747 0.419618
vt 0.191899 0.056586
vt 0.17824 0.479287
vt 0.172886 0.475679
vt 0.191913 0.458955
vt 0.186723 0.454996
vt 0.158428 0.448394
vt 0.183949 0.450977
vt 0.184534 0.444377
vt 0.15108 0.433764
vt 0.124342 0.375517
vt 0.127886 0.370859
vt 0.122732 0.362876
vt 0.165134 0.053498
vt 0.158547 0.052704
vt 0.275178 0.380527
vt 0.269411 0.377095
vt 0.310825 0.070257
vt 0.304897 0.069591
vt 0.268528 0.383505
vt 0.24526 0.374328
vt 0.244745 0.380658
vt 0.116918 0.363479
vt 0.109979 0.340412
vt 0.103794 0.341923
vt 0.19107 0.438919
vt 0.234661 0.061496
vt 0.199626 0.425454
vt 0.241244 0.062253
vt 0.228736 0.060826
vt 0.19845 0.448328
vt 0.195412 0.438956
vt 0.240579 0.39208
vt 0.234164 0.388388
vt 0.231974 0.382976
vt 0.194915 0.453907
vt 0.317769 0.535451
vt 0.315725 0.540979
vt 0.318755 0.528028
vt 0.238853 0.376375
vt 0.274655 0.066093
vt 0.280578 0.066792
vt 0.26807 0.065337
vt 0.102642 0.335966
vt 0.008155 0.365689
vt 0.10165 0.328974
vt 0.003951 0.360576
vt 0.010926 0.371146
vt 0.205012 0.051258
vt 0.229695 0.054107
vt 0.199932 0.045708
vt 0.193166 0.044493
vt 0.202946 0.020948
vt 0.196116 0.020114
vt 0.192523 0.050206
vt 0.166583 0.041486
vt 0.165948 0.047173
vt 0.159737 0.041179
vt 0.16904 0.017108
vt 0.162209 0.016428
vt 0.305854 0.062875
vt 0.281171 0.060032
vt 0.169788 0.011167
vt 0.196681 0.01415
vt 0.170405 0.004528
vt 0.197526 0.007537
vt 0.328441 0.44151
vt 0.301849 0.56183
vt 0.153532 0.443062
vt 0.120052 0.367962
vt 0.190318 0.448055
vt 0.190702 0.448289
vt 0.239777 0.382245
vt 0.109297 0.334705
vt 0.198018 0.051
vt 0.199962 0.051743
vt 0.310658 0.064491
vt 0.160437 0.046714
vt 0.163405 0.004887
vt 0.164495 0.010393
vt 0.162285 0.014816
vt 0.276127 0.060518
vt 0.2345 0.055729
vt 0.203192 0.01934
vt 0.202 0.014548
vt 0.204267 0.009418
usemtl MetalSG
f 1/1/1 2/2/2 3/3/3
f 3/3/3 2/2/2 4/4/4
f 2/2/2 5/5/5 4/4/4
f 4/4/4 5/5/5 6/6/6
f 7/7/7 8/8/8 9/9/9
f 9/9/9 8/8/8 10/10/10
f 8/8/8 11/11/11 10/10/10
f 10/10/10 11/11/11 12/12/12
f 13/13/13 14/14/14 15/15/15
f 15/15/15 14/14/14 16/16/16
f 14/14/14 17/17/17 16/16/16
f 16/16/16 17/17/17 18/18/18
f 3/3/3 19/19/19 20/20/20
f 20/20/20 19/19/19 21/21/21
f 19/22/19 13/13/13 21/23/21
f 21/23/21 13/13/13 22/24/22
f 23/25/23 24/26/24 17/17/17
f 17/17/17 24/26/24 25/27/25
f 6/6/6 9/28/9 23/25/23
f 23/25/23 9/28/9 24/26/24
f 25/27/25 26/29/26 27/30/27
f 27/30/27 26/29/26 28/31/28
f 26/29/26 29/32/29 28/31/28
f 28/31/28 29/32/29 30/33/30
f 29/32/29 31/34/31 32/35/32
f 32/35/32 31/34/31 33/36/33
f 31/37/31 12/12/12 33/38/33
f 33/38/33 12/12/12 34/39/34
f 35/40/35 36/41/36 37/42/37
f 37/42/37 36/41/36 38/43/38
f 22/24/22 39/44/39 35/40/35
f 35/40/35 39/44/39 36/41/36
f 40/45/40 41/46/41 42/47/42
f 42/47/42 41/46/41 43/48/43
f 41/46/41 37/42/37 43/48/43
f 43/48/43 37/42/37 44/49/44
f 45/50/45 46/51/46 20/20/20
f 20/20/20 46/51/46 47/52/47
f 40/53/40 48/54/48 45/50/45
f 45/50/45 48/54/48 46/51/46
f 49/55/49 50/56/50 32/35/32
f 32/35/32 50/56/50 51/57/51
f 44/49/44 52/58/52 49/59/49
f 49/59/49 52/58/52 50/60/50
f 53/61/53 54/62/54 42/47/42
f 42/47/42 54/62/54 55/63/55
f 34/39/34 56/64/56 53/61/53
f 53/61/53 56/64/56 54/62/54
f 15/15/15 57/65/57 39/44/39
f 39/44/39 57/65/57 58/66/58
f 57/67/57 59/68/59 58/69/58
f 58/69/58 59/68/59 60/70/60
f 59/68/59 61/71/61 62/72/62
f 62/72/62 61/71/61 63/73/63
f 61/71/61 18/74/18 63/73/63
f 63/73/63 18/74/18 27/75/27
f 62/72/62 64/76/64 65/77/65
f 65/77/65 64/76/64 66/78/66
f 64/79/64 30/33/30 66/80/66
f 66/80/66 30/33/30 51/57/51
f 65/77/65 67/81/67 60/70/60
f 60/70/60 67/81/67 68/82/68
f 67/81/67 52/58/52 68/82/68
f 68/82/68 52/58/52 38/43/38
f 5/5/5 7/83/7 6/6/6
f 6/6/6 7/83/7 9/28/9
f 59/68/59 62/72/62 60/70/60
f 60/70/60 62/72/62 65/77/65
f 42/47/42 55/63/55 40/45/40
f 40/45/40 55/63/55 48/84/48
f 11/11/11 56/64/56 12/12/12
f 12/12/12 56/64/56 34/39/34
f 47/52/47 1/1/1 20/20/20
f 20/20/20 1/1/1 3/3/3
f 17/17/17 25/27/25 18/18/18
f 18/18/18 25/27/25 27/30/27
f 29/32/29 32/35/32 30/33/30
f 30/33/30 32/35/32 51/57/51
f 37/42/37 38/43/38 44/49/44
f 44/49/44 38/43/38 52/58/52
f 22/24/22 13/13/13 39/44/39
f 39/44/39 13/13/13 15/15/15
f 17/17/17 14/14/14 23/25/23
f 23/25/23 14/14/14 69/85/69
f 14/14/14 13/13/13 69/85/69
f 69/85/69 13/13/13 19/22/19
f 3/3/3 4/4/4 19/19/19
f 19/19/19 4/4/4 69/85/69
f 4/4/4 6/6/6 69/85/69
f 69/85/69 6/6/6 23/25/23
f 29/32/29 26/29/26 31/34/31
f 31/34/31 26/29/26 70/86/70
f 26/29/26 25/27/25 70/86/70
f 70/86/70 25/27/25 24/26/24
f 24/26/24 9/28/9 70/86/70
f 70/87/70 9/9/9 10/10/10
f 12/12/12 31/37/31 10/10/10
f 10/10/10 31/37/31 70/87/70
f 21/23/21 22/24/22 71/88/71
f 71/88/71 22/24/22 35/40/35
f 37/42/37 41/46/41 35/40/35
f 35/40/35 41/46/41 71/88/71
f 41/46/41 40/45/40 71/88/71
f 71/89/71 40/53/40 45/50/45
f 20/20/20 21/21/21 45/50/45
f 45/50/45 21/21/21 71/89/71
f 43/48/43 44/49/44 72/90/72
f 72/90/72 44/49/44 49/59/49
f 32/35/32 33/36/33 49/55/49
f 49/59/49 33/38/33 72/90/72
f 34/39/34 53/61/53 33/38/33
f 33/38/33 53/61/53 72/90/72
f 53/61/53 42/47/42 72/90/72
f 72/90/72 42/47/42 43/48/43
f 61/71/61 59/68/59 73/91/73
f 73/91/73 59/68/59 57/92/57
f 57/65/57 15/15/15 73/93/73
f 73/93/73 15/15/15 16/16/16
f 16/94/16 18/74/18 73/91/73
f 73/91/73 18/74/18 61/71/61
f 28/31/28 30/33/30 74/95/74
f 74/95/74 30/33/30 64/79/64
f 64/96/64 62/72/62 74/97/74
f 74/97/74 62/72/62 63/73/63
f 63/73/63 27/75/27 74/97/74
f 74/97/74 27/75/27 28/98/28
f 50/60/50 52/58/52 75/99/75
f 75/99/75 52/58/52 67/81/67
f 67/81/67 65/77/65 75/99/75
f 75/99/75 65/77/65 66/78/66
f 66/80/66 51/57/51 75/100/75
f 75/100/75 51/57/51 50/56/50
f 36/41/36 39/44/39 76/101/76
f 76/101/76 39/44/39 58/66/58
f 58/69/58 60/70/60 76/102/76
f 76/102/76 60/70/60 68/82/68
f 68/82/68 38/43/38 76/102/76
f 76/102/76 38/43/38 36/41/36
f 77/103/77 78/104/78 79/105/79
f 79/105/79 78/104/78 80/106/80
f 78/104/78 81/107/81 80/106/80
f 80/106/80 81/107/81 82/108/82
f 83/109/83 84/110/84 85/111/85
f 85/111/85 84/110/84 86/112/86
f 84/110/84 87/113/87 86/112/86
f 86/112/86 87/113/87 88/114/88
f 89/115/89 90/116/90 91/117/91
f 91/117/91 90/116/90 92/118/92
f 90/116/90 93/119/93 92/118/92
f 92/118/92 93/119/93 94/120/94
f 79/121/79 95/122/95 96/123/96
f 96/123/96 95/122/95 97/124/97
f 95/125/95 89/115/89 97/126/97
f 97/126/97 89/115/89 98/127/98
f 99/128/99 100/129/100 93/119/93
f 93/119/93 100/129/100 101/130/101
f 82/108/82 85/111/85 99/128/99
f 99/128/99 85/111/85 100/129/100
f 101/130/101 102/131/102 103/132/103
f 103/132/103 102/131/102 104/133/104
f 102/134/102 105/135/105 104/136/104
f 104/136/104 105/135/105 106/137/106
f 105/135/105 107/138/107 108/139/108
f 108/139/108 107/138/107 109/140/109
f 107/141/107 88/114/88 109/142/109
f 109/142/109 88/114/88 110/143/110
f 111/144/111 112/145/112 113/146/113
f 113/146/113 112/145/112 114/147/114
f 98/127/98 115/148/115 111/144/111
f 111/144/111 115/148/115 112/145/112
f 116/149/116 117/150/117 118/151/118
f 118/151/118 117/150/117 119/152/119
f 117/150/117 113/146/113 119/152/119
f 119/152/119 113/146/113 120/153/120
f 121/154/121 122/155/122 96/123/96
f 96/123/96 122/155/122 123/156/123
f 116/149/116 124/157/124 121/154/121
f 121/154/121 124/157/124 122/155/122
f 125/158/125 126/159/126 108/139/108
f 108/139/108 126/159/126 127/160/127
f 120/153/120 128/161/128 125/158/125
f 125/158/125 128/161/128 126/159/126
f 129/162/129 130/163/130 118/164/118
f 118/164/118 130/163/130 131/165/131
f 110/143/110 132/166/132 129/162/129
f 129/162/129 132/166/132 130/163/130
f 91/117/91 133/167/133 115/148/115
f 115/148/115 133/167/133 134/168/134
f 133/169/133 135/170/135 134/171/134
f 134/171/134 135/170/135 136/172/136
f 135/170/135 137/173/137 138/174/138
f 138/174/138 137/173/137 139/175/139
f 137/173/137 94/120/94 139/175/139
f 139/175/139 94/120/94 103/132/103
f 138/174/138 140/176/140 141/177/141
f 141/177/141 140/176/140 142/178/142
f 140/179/140 106/137/106 142/180/142
f 142/180/142 106/137/106 127/160/127
f 141/181/141 143/182/143 136/183/136
f 136/183/136 143/182/143 144/184/144
f 143/182/143 128/161/128 144/184/144
f 144/184/144 128/161/128 114/147/114
f 81/107/81 83/109/83 82/108/82
f 82/108/82 83/109/83 85/111/85
f 135/170/135 138/174/138 136/172/136
f 136/172/136 138/174/138 141/177/141
f 118/151/118 131/185/131 116/149/116
f 116/149/116 131/185/131 124/157/124
f 87/113/87 132/166/132 88/114/88
f 88/114/88 132/166/132 110/143/110
f 123/156/123 77/186/77 96/123/96
f 96/123/96 77/186/77 79/121/79
f 93/119/93 101/130/101 94/120/94
f 94/120/94 101/130/101 103/132/103
f 105/135/105 108/139/108 106/137/106
f 106/137/106 108/139/108 127/160/127
f 113/146/113 114/147/114 120/153/120
f 120/153/120 114/147/114 128/161/128
f 98/127/98 89/115/89 115/148/115
f 115/148/115 89/115/89 91/117/91
f 93/119/93 90/116/90 99/128/99
f 99/128/99 90/116/90 145/187/145
f 90/116/90 89/115/89 145/187/145
f 145/187/145 89/115/89 95/125/95
f 79/105/79 80/106/80 95/125/95
f 95/125/95 80/106/80 145/187/145
f 80/106/80 82/108/82 145/187/145
f 145/187/145 82/108/82 99/128/99
f 105/135/105 102/134/102 107/138/107
f 107/141/107 102/131/102 146/188/146
f 102/131/102 101/130/101 146/188/146
f 146/188/146 101/130/101 100/129/100
f 100/129/100 85/111/85 146/188/146
f 146/188/146 85/111/85 86/112/86
f 88/114/88 107/141/107 86/112/86
f 86/112/86 107/141/107 146/188/146
f 97/126/97 98/127/98 147/189/147
f 147/189/147 98/127/98 111/144/111
f 113/146/113 117/150/117 111/144/111
f 111/144/111 117/150/117 147/189/147
f 117/150/117 116/149/116 147/189/147
f 147/189/147 116/149/116 121/154/121
f 96/123/96 97/124/97 121/154/121
f 121/154/121 97/124/97 147/189/147
f 119/152/119 120/153/120 148/190/148
f 148/190/148 120/153/120 125/158/125
f 108/139/108 109/140/109 125/158/125
f 125/158/125 109/140/109 148/190/148
f 110/143/110 129/162/129 109/142/109
f 109/142/109 129/162/129 148/191/148
f 129/162/129 118/164/118 148/191/148
f 148/190/148 118/151/118 119/152/119
f 137/173/137 135/170/135 149/192/149
f 149/192/149 135/170/135 133/169/133
f 133/167/133 91/117/91 149/193/149
f 149/193/149 91/117/91 92/118/92
f 92/118/92 94/120/94 149/192/149
f 149/192/149 94/120/94 137/173/137
f 104/136/104 106/137/106 150/194/150
f 150/194/150 106/137/106 140/179/140
f 140/176/140 138/174/138 150/195/150
f 150/195/150 138/174/138 139/175/139
f 139/175/139 103/132/103 150/195/150
f 150/195/150 103/132/103 104/133/104
f 126/159/126 128/161/128 151/196/151
f 151/196/151 128/161/128 143/182/143
f 143/182/143 141/181/141 151/196/151
f 151/196/151 141/181/141 142/197/142
f 142/180/142 127/160/127 151/198/151
f 151/198/151 127/160/127 126/159/126
f 112/145/112 115/148/115 152/199/152
f 152/199/152 115/148/115 134/168/134
f 134/200/134 136/183/136 152/201/152
f 152/201/152 136/183/136 144/184/144
f 144/184/144 114/147/114 152/201/152
f 152/201/152 114/147/114 112/145/112
f 153/202/153 154/203/154 155/204/155
f 155/204/155 154/203/154 156/205/156
f 154/203/154 157/206/157 156/205/156
f 156/205/156 157/206/157 158/207/158
f 159/208/159 160/209/160 161/210/161
f 161/210/161 160/209/160 162/211/162
f 160/209/160 163/212/163 162/211/162
f 162/211/162 163/212/163 164/213/164
f 165/214/165 166/215/166 167/216/167
f 167/216/167 166/215/166 168/217/168
f 166/215/166 169/218/169 168/217/168
f 168/217/168 169/218/169 170/219/170
f 155/204/155 171/220/171 172/221/172
f 172/221/172 171/220/171 173/222/173
f 171/223/171 165/214/165 173/224/173
f 173/224/173 165/214/165 174/225/174
f 175/226/175 176/227/176 169/218/169
f 169/218/169 176/227/176 177/228/177
f 158/207/158 161/229/161 175/226/175
f 175/226/175 161/229/161 176/227/176
f 177/228/177 178/230/178 179/231/179
f 179/231/179 178/230/178 180/232/180
f 178/230/178 181/233/181 180/232/180
f 180/232/180 181/233/181 182/234/182
f 181/233/181 183/235/183 184/236/184
f 184/236/184 183/235/183 185/237/185
f 183/238/183 164/213/164 185/239/185
f 185/239/185 164/213/164 186/240/186
f 187/241/187 188/242/188 189/243/189
f 189/243/189 188/242/188 190/244/190
f 174/225/174 191/245/191 187/241/187
f 187/241/187 191/245/191 188/242/188
f 192/246/192 193/247/193 194/248/194
f 194/248/194 193/247/193 195/249/195
f 193/247/193 189/243/189 195/249/195
f 195/249/195 189/243/189 196/250/196
f 197/251/197 198/252/198 172/221/172
f 172/221/172 198/252/198 199/253/199
f 192/254/192 200/255/200 197/251/197
f 197/251/197 200/255/200 198/252/198
f 201/256/201 202/257/202 184/236/184
f 184/236/184 202/257/202 203/258/203
f 196/250/196 204/259/204 201/260/201
f 201/260/201 204/259/204 202/261/202
f 205/262/205 206/263/206 194/248/194
f 194/248/194 206/263/206 207/264/207
f 186/240/186 208/265/208 205/262/205
f 205/262/205 208/265/208 206/263/206
f 167/216/167 209/266/209 191/245/191
f 191/245/191 209/266/209 210/267/210
f 209/268/209 211/269/211 210/270/210
f 210/270/210 211/269/211 212/271/212
f 211/272/211 213/273/213 214/274/214
f 214/274/214 213/273/213 215/275/215
f 213/273/213 170/219/170 215/275/215
f 215/275/215 170/219/170 179/231/179
f 214/276/214 216/277/216 217/278/217
f 217/278/217 216/277/216 218/279/218
f 216/280/216 182/234/182 218/281/218
f 218/281/218 182/234/182 203/258/203
f 217/278/217 219/282/219 212/271/212
f 212/271/212 219/282/219 220/283/220
f 219/282/219 204/259/204 220/283/220
f 220/283/220 204/259/204 190/244/190
f 157/206/157 159/284/159 158/207/158
f 158/207/158 159/284/159 161/229/161
f 211/269/211 214/276/214 212/271/212
f 212/271/212 214/276/214 217/278/217
f 194/248/194 207/264/207 192/246/192
f 192/246/192 207/264/207 200/285/200
f 163/212/163 208/265/208 164/213/164
f 164/213/164 208/265/208 186/240/186
f 199/253/199 153/202/153 172/221/172
f 172/221/172 153/202/153 155/204/155
f 169/218/169 177/228/177 170/219/170
f 170/219/170 177/228/177 179/231/179
f 181/233/181 184/236/184 182/234/182
f 182/234/182 184/236/184 203/258/203
f 189/243/189 190/244/190 196/250/196
f 196/250/196 190/244/190 204/259/204
f 174/225/174 165/214/165 191/245/191
f 191/245/191 165/214/165 167/216/167
f 169/218/169 166/215/166 175/226/175
f 175/226/175 166/215/166 221/286/221
f 166/215/166 165/214/165 221/286/221
f 221/286/221 165/214/165 171/223/171
f 155/204/155 156/205/156 171/220/171
f 171/220/171 156/205/156 221/286/221
f 156/205/156 158/207/158 221/286/221
f 221/286/221 158/207/158 175/226/175
f 181/233/181 178/230/178 183/235/183
f 183/235/183 178/230/178 222/287/222
f 178/230/178 177/228/177 222/287/222
f 222/287/222 177/228/177 176/227/176
f 176/227/176 161/229/161 222/287/222
f 222/288/222 161/210/161 162/211/162
f 164/213/164 183/238/183 162/211/162
f 162/211/162 183/238/183 222/288/222
f 173/224/173 174/225/174 223/289/223
f 223/289/223 174/225/174 187/241/187
f 189/243/189 193/247/193 187/241/187
f 187/241/187 193/247/193 223/289/223
f 193/247/193 192/246/192 223/289/223
f 223/290/223 192/254/192 197/251/197
f 172/221/172 173/222/173 197/251/197
f 197/251/197 173/222/173 223/290/223
f 195/249/195 196/250/196 224/291/224
f 224/291/224 196/250/196 201/260/201
f 184/236/184 185/237/185 201/256/201
f 201/260/201 185/239/185 224/291/224
f 186/240/186 205/262/205 185/239/185
f 185/239/185 205/262/205 224/291/224
f 205/262/205 194/248/194 224/291/224
f 224/291/224 194/248/194 195/249/195
f 213/273/213 211/272/211 225/292/225
f 225/292/225 211/272/211 209/293/209
f 209/266/209 167/216/167 225/294/225
f 225/294/225 167/216/167 168/217/168
f 168/217/168 170/219/170 225/292/225
f 225/292/225 170/219/170 213/273/213
f 180/232/180 182/234/182 226/295/226
f 226/295/226 182/234/182 216/280/216
f 216/296/216 214/274/214 226/297/226
f 226/297/226 214/274/214 215/275/215
f 215/275/215 179/231/179 226/297/226
f 226/297/226 179/231/179 180/232/180
f 202/261/202 204/259/204 227/298/227
f 227/298/227 204/259/204 219/282/219
f 219/282/219 217/278/217 227/298/227
f 227/298/227 217/278/217 218/279/218
f 218/281/218 203/258/203 227/299/227
f 227/299/227 203/258/203 202/257/202
f 188/242/188 191/245/191 228/300/228
f 228/300/228 191/245/191 210/267/210
f 210/270/210 212/271/212 228/301/228
f 228/301/228 212/271/212 220/283/220
f 220/283/220 190/244/190 228/301/228
f 228/301/228 190/244/190 188/242/188
f 229/302/229 230/303/230 231/304/231
f 231/304/231 230/303/230 232/305/232
f 230/303/230 233/306/233 232/305/232
f 232/305/232 233/306/233 234/307/234
f 235/308/235 236/309/236 237/310/237
f 237/310/237 236/309/236 238/311/238
f 236/309/236 239/312/239 238/311/238
f 238/311/238 239/312/239 240/313/240
f 241/314/241 242/315/242 243/316/243
f 243/316/243 242/315/242 244/317/244
f 242/315/242 245/318/245 244/317/244
f 244/317/244 245/318/245 246/319/246
f 231/320/231 247/321/247 248/322/248
f 248/322/248 247/321/247 249/323/249
f 247/324/247 241/314/241 249/325/249
f 249/325/249 241/314/241 250/326/250
f 251/327/251 252/328/252 245/318/245
f 245/318/245 252/328/252 253/329/253
f 234/307/234 237/310/237 251/327/251
f 251/327/251 237/310/237 252/328/252
f 253/329/253 254/330/254 255/331/255
f 255/331/255 254/330/254 256/332/256
f 254/333/254 257/334/257 256/335/256
f 256/335/256 257/334/257 258/336/258
f 257/334/257 259/337/259 260/338/260
f 260/338/260 259/337/259 261/339/261
f 259/340/259 240/313/240 261/341/261
f 261/341/261 240/313/240 262/342/262
f 263/343/263 264/344/264 265/345/265
f 265/345/265 264/344/264 266/346/266
f 250/326/250 267/347/267 263/343/263
f 263/343/263 267/347/267 264/344/264
f 268/348/268 269/349/269 270/350/270
f 270/350/270 269/349/269 271/351/271
f 269/349/269 265/345/265 271/351/271
f 271/351/271 265/345/265 272/352/272
f 273/353/273 274/354/274 248/322/248
f 248/322/248 274/354/274 275/355/275
f 268/348/268 276/356/276 273/353/273
f 273/353/273 276/356/276 274/354/274
f 277/357/277 278/358/278 260/338/260
f 260/338/260 278/358/278 279/359/279
f 272/352/272 280/360/280 277/357/277
f 277/357/277 280/360/280 278/358/278
f 281/361/281 282/362/282 270/363/270
f 270/363/270 282/362/282 283/364/283
f 262/342/262 284/365/284 281/361/281
f 281/361/281 284/365/284 282/362/282
f 243/316/243 285/366/285 267/347/267
f 267/347/267 285/366/285 286/367/286
f 285/368/285 287/369/287 286/370/286
f 286/370/286 287/369/287 288/371/288
f 287/369/287 289/372/289 290/373/290
f 290/373/290 289/372/289 291/374/291
f 289/372/289 246/319/246 291/374/291
f 291/374/291 246/319/246 255/331/255
f 290/373/290 292/375/292 293/376/293
f 293/376/293 292/375/292 294/377/294
f 292/378/292 258/336/258 294/379/294
f 294/379/294 258/336/258 279/359/279
f 293/376/293 295/380/295 288/371/288
f 288/371/288 295/380/295 296/381/296
f 295/380/295 280/382/280 296/381/296
f 296/381/296 280/382/280 266/383/266
f 233/306/233 235/308/235 234/307/234
f 234/307/234 235/308/235 237/310/237
f 287/369/287 290/373/290 288/371/288
f 288/371/288 290/373/290 293/376/293
f 270/350/270 283/384/283 268/348/268
f 268/348/268 283/384/283 276/356/276
f 239/312/239 284/365/284 240/313/240
f 240/313/240 284/365/284 262/342/262
f 275/355/275 229/385/229 248/322/248
f 248/322/248 229/385/229 231/320/231
f 245/318/245 253/329/253 246/319/246
f 246/319/246 253/329/253 255/331/255
f 257/334/257 260/338/260 258/336/258
f 258/336/258 260/338/260 279/359/279
f 265/345/265 266/346/266 272/352/272
f 272/352/272 266/346/266 280/360/280
f 250/326/250 241/314/241 267/347/267
f 267/347/267 241/314/241 243/316/243
f 245/318/245 242/315/242 251/327/251
f 251/327/251 242/315/242 297/386/297
f 242/315/242 241/314/241 297/386/297
f 297/386/297 241/314/241 247/324/247
f 231/304/231 232/305/232 247/324/247
f 247/324/247 232/305/232 297/386/297
f 232/305/232 234/307/234 297/386/297
f 297/386/297 234/307/234 251/327/251
f 257/334/257 254/333/254 259/337/259
f 259/340/259 254/330/254 298/387/298
f 254/330/254 253/329/253 298/387/298
f 298/387/298 253/329/253 252/328/252
f 252/328/252 237/310/237 298/387/298
f 298/387/298 237/310/237 238/311/238
f 240/313/240 259/340/259 238/311/238
f 238/311/238 259/340/259 298/387/298
f 249/325/249 250/326/250 299/388/299
f 299/388/299 250/326/250 263/343/263
f 265/345/265 269/349/269 263/343/263
f 263/343/263 269/349/269 299/389/299
f 269/349/269 268/348/268 299/389/299
f 299/389/299 268/348/268 273/353/273
f 248/322/248 249/323/249 273/353/273
f 273/353/273 249/323/249 299/389/299
f 271/351/271 272/352/272 300/390/300
f 300/390/300 272/352/272 277/357/277
f 260/338/260 261/339/261 277/357/277
f 277/357/277 261/339/261 300/390/300
f 262/342/262 281/361/281 261/341/261
f 261/341/261 281/361/281 300/391/300
f 281/361/281 270/363/270 300/391/300
f 300/390/300 270/350/270 271/351/271
f 289/372/289 287/369/287 301/392/301
f 301/392/301 287/369/287 285/368/285
f 285/366/285 243/316/243 301/393/301
f 301/393/301 243/316/243 244/317/244
f 244/317/244 246/319/246 301/392/301
f 301/392/301 246/319/246 289/372/289
f 256/335/256 258/336/258 302/394/302
f 302/394/302 258/336/258 292/378/292
f 292/375/292 290/373/290 302/395/302
f 302/395/302 290/373/290 291/374/291
f 291/374/291 255/331/255 302/395/302
f 302/395/302 255/331/255 256/332/256
f 278/396/278 280/382/280 303/397/303
f 303/397/303 280/382/280 295/380/295
f 295/380/295 293/376/293 303/397/303
f 303/397/303 293/376/293 294/398/294
f 294/379/294 279/359/279 303/399/303
f 303/399/303 279/359/279 278/358/278
f 264/344/264 267/347/267 304/400/304
f 304/400/304 267/347/267 286/367/286
f 286/401/286 288/371/288 304/402/304
f 304/402/304 288/371/288 296/381/296
f 296/381/296 266/383/266 304/402/304
f 304/402/304 266/383/266 264/403/264
s off
g IchigoAme_Stove_LegSG
v 0.670511 -0.461616 1.16969
v 0.635822 -0.449774 1.17199
v 0.670511 -0.461616 0.63381
v 0.635822 -0.449783 0.63142
v 0.615669 -0.419048 1.17651
v 0.615669 -0.419048 0.626984
v 0.66189 -0.41696 1.22145
v 0.668184 -0.448939 1.2034
v 1.50125 -0.414264 1.22192
v 1.49558 -0.447987 1.20366
v 1.49476 -0.461616 1.16969
v 0.629196 -0.418041 1.20829
v 0.596712 -0.345021 1.18517
v 0.611403 -0.344551 1.21985
v 0.646889 -0.344098 1.23421
v 1.5496 -0.419048 1.17651
v 1.52945 -0.449774 1.17199
v 1.5496 -0.419048 0.626984
v 1.52945 -0.449783 0.63142
v 1.49476 -0.461616 0.63381
v 1.53548 -0.416656 1.20868
v 1.51859 -0.34392 1.23424
v 1.55393 -0.344458 1.21987
v 1.56856 -0.345021 1.18517
v 0.603735 -0.307117 1.18864
v 0.596889 -0.345711 0.619062
v 0.603786 -0.307312 0.615297
v 0.636612 -0.290048 1.1897
v 0.636612 -0.290048 0.613802
v 0.63958 -0.306512 1.22437
v 1.52866 -0.290048 1.1897
v 1.52619 -0.30655 1.22437
v 1.56154 -0.307117 1.18864
v 1.56154 -0.307309 0.615204
v 1.52884 -0.290048 0.613626
v 1.56838 -0.345711 0.619062
v 0.611534 -0.344918 0.583862
v 0.629793 -0.416656 0.594818
v 0.646889 -0.344098 0.56929
v 0.664022 -0.414264 0.581577
v 0.6392 -0.306592 0.579138
v 1.51838 -0.344098 0.56929
v 1.52578 -0.306506 0.579069
v 1.55374 -0.344918 0.583862
v 1.53608 -0.418041 0.595211
v 1.50338 -0.41696 0.582048
v 0.669674 -0.447993 0.599844
v 1.49709 -0.448939 0.600094
v 0.64068 -0.443814 1.19857
v 1.52396 -0.443145 1.19883
v 0.611681 -0.314109 1.21711
v 1.55379 -0.314122 1.21709
v 0.611591 -0.314306 0.58659
v 1.55357 -0.314252 0.586523
v 0.641306 -0.443153 0.604635
v 1.5246 -0.443818 0.604898
v 0.670511 -0.461616 -0.70792
v 0.635822 -0.449774 -0.705614
v 0.670511 -0.461616 -1.2438
v 0.635822 -0.449783 -1.24619
v 0.615669 -0.419048 -0.701094
v 0.615669 -0.419048 -1.25062
v 0.66189 -0.41696 -0.656158
v 0.668184 -0.448939 -0.674204
v 1.50125 -0.414264 -0.655687
v 1.49558 -0.447987 -0.67395
v 1.49476 -0.461616 -0.70792
v 0.629196 -0.418041 -0.669321
v 0.596712 -0.345021 -0.692438
v 0.611403 -0.344551 -0.657763
v 0.646889 -0.344098 -0.6434
v 1.5496 -0.419048 -0.701094
v 1.52945 -0.449774 -0.705614
v 1.5496 -0.419048 -1.25062
v 1.52945 -0.449783 -1.24619
v 1.49476 -0.461616 -1.2438
v 1.53548 -0.416656 -0.668928
v 1.51859 -0.34392 -0.64337
v 1.55393 -0.344458 -0.65774
v 1.56856 -0.345021 -0.692438
v 0.603735 -0.307117 -0.688967
v 0.596889 -0.345711 -1.25855
v 0.603786 -0.307312 -1.26231
v 0.636612 -0.290048 -0.687912
v 0.636612 -0.290048 -1.26381
v 0.63958 -0.306512 -0.653234
v 1.52866 -0.290048 -0.687912
v 1.52619 -0.30655 -0.65324
v 1.56154 -0.307117 -0.688967
v 1.56154 -0.307309 -1.2624
v 1.52884 -0.290048 -1.26398
v 1.56838 -0.345711 -1.25855
v 0.611534 -0.344918 -1.29375
v 0.629793 -0.416656 -1.28279
v 0.646889 -0.344098 -1.30832
v 0.664022 -0.414264 -1.29603
v 0.6392 -0.306592 -1.29847
v 1.51838 -0.344098 -1.30832
v 1.52578 -0.306506 -1.29854
v 1.55374 -0.344918 -1.29375
v 1.53608 -0.418041 -1.2824
v 1.50338 -0.41696 -1.29556
v 0.669674 -0.447993 -1.27776
v 1.49709 -0.448939 -1.27751
v 0.64068 -0.443814 -0.679037
v 1.52396 -0.443145 -0.678774
v 0.611681 -0.314109 -0.660501
v 1.55379 -0.314122 -0.660515
v 0.611591 -0.314306 -1.29102
v 1.55357 -0.314252 -1.29108
v 0.641306 -0.443153 -1.27297
v 1.5246 -0.443818 -1.27271
v -1.49476 -0.461616 1.16969
v -1.52945 -0.449774 1.17199
v -1.49476 -0.461616 0.63381
v -1.52945 -0.449783 0.63142
v -1.5496 -0.419048 1.17651
v -1.5496 -0.419048 0.626984
v -1.50338 -0.41696 1.22145
v -1.49709 -0.448939 1.2034
v -0.664021 -0.414264 1.22192
v -0.669693 -0.447987 1.20366
v -0.670509 -0.461616 1.16969
v -1.53607 -0.418041 1.20829
v -1.56856 -0.345021 1.18517
v -1.55387 -0.344551 1.21985
v -1.51838 -0.344098 1.23421
v -0.615667 -0.419048 1.17651
v -0.63582 -0.449774 1.17199
v -0.615667 -0.419048 0.626984
v -0.63582 -0.449783 0.63142
v -0.670509 -0.461616 0.63381
v -0.629791 -0.416656 1.20868
v -0.646675 -0.34392 1.23424
v -0.611338 -0.344458 1.21987
v -0.59671 -0.345021 1.18517
v -1.56154 -0.307117 1.18864
v -1.56838 -0.345711 0.619062
v -1.56148 -0.307312 0.615297
v -1.52866 -0.290048 1.1897
v -1.52866 -0.290048 0.613802
v -1.52569 -0.306512 1.22437
v -0.63661 -0.290048 1.1897
v -0.639082 -0.30655 1.22437
v -0.603733 -0.307117 1.18864
v -0.603729 -0.307309 0.615204
v -0.636435 -0.290048 0.613626
v -0.596888 -0.345711 0.619062
v -1.55374 -0.344918 0.583862
v -1.53548 -0.416656 0.594818
v -1.51838 -0.344098 0.56929
v -1.50125 -0.414264 0.581577
v -1.52607 -0.306592 0.579138
v -0.646887 -0.344098 0.56929
v -0.639484 -0.306506 0.579069
v -0.611532 -0.344918 0.583862
v -0.629194 -0.418041 0.595211
v -0.661888 -0.41696 0.582048
v -1.4956 -0.447993 0.599844
v -0.668182 -0.448939 0.600094
v -1.52459 -0.443814 1.19857
v -0.641314 -0.443145 1.19883
v -1.55359 -0.314109 1.21711
v -0.611479 -0.314122 1.21709
v -1.55368 -0.314306 0.58659
v -0.611702 -0.314252 0.586523
v -1.52396 -0.443153 0.604635
v -0.640675 -0.443818 0.604898
v -1.49476 -0.461616 -0.70792
v -1.52945 -0.449774 -0.705614
v -1.49476 -0.461616 -1.2438
v -1.52945 -0.449783 -1.24619
v -1.5496 -0.419048 -0.701094
v -1.5496 -0.419048 -1.25062
v -1.50338 -0.41696 -0.656158
v -1.49709 -0.448939 -0.674204
v -0.664021 -0.414264 -0.655687
v -0.669693 -0.447987 -0.67395
v -0.670509 -0.461616 -0.70792
v -1.53607 -0.418041 -0.669321
v -1.56856 -0.345021 -0.692438
v -1.55387 -0.344551 -0.657763
v -1.51838 -0.344098 -0.6434
v -0.615667 -0.419048 -0.701094
v -0.63582 -0.449774 -0.705614
v -0.615667 -0.419048 -1.25062
v -0.63582 -0.449783 -1.24619
v -0.670509 -0.461616 -1.2438
v -0.629791 -0.416656 -0.668928
v -0.646675 -0.34392 -0.64337
v -0.611338 -0.344458 -0.65774
v -0.59671 -0.345021 -0.692438
v -1.56154 -0.307117 -0.688967
v -1.56838 -0.345711 -1.25855
v -1.56148 -0.307312 -1.26231
v -1.52866 -0.290048 -0.687912
v -1.52866 -0.290048 -1.26381
v -1.52569 -0.306512 -0.653234
v -0.63661 -0.290048 -0.687912
v -0.639082 -0.30655 -0.65324
v -0.603733 -0.307117 -0.688967
v -0.603729 -0.307309 -1.2624
v -0.636435 -0.290048 -1.26398
v -0.596888 -0.345711 -1.25855
v -1.55374 -0.344918 -1.29375
v -1.53548 -0.416656 -1.28279
v -1.51838 -0.344098 -1.30832
v -1.50125 -0.414264 -1.29603
v -1.52607 -0.306592 -1.29847
v -0.646887 -0.344098 -1.30832
v -0.639484 -0.306506 -1.29854
v -0.611532 -0.344918 -1.29375
v -0.629194 -0.418041 -1.2824
v -0.661888 -0.41696 -1.29556
v -1.4956 -0.447993 -1.27776
v -0.668182 -0.448939 -1.27751
v -1.52459 -0.443814 -0.679037
v -0.641314 -0.443145 -0.678774
v -1.55359 -0.314109 -0.660501
v -0.611479 -0.314122 -0.660515
v -1.55368 -0.314306 -1.29102
v -0.611702 -0.314252 -1.29108
v -1.52396 -0.443153 -1.27297
v -0.640675 -0.443818 -1.27271
vn -0.013922 -0.999626 0.023542
vn -0.627959 -0.778117 0.014198
vn -0.014028 -0.999636 -0.023063
vn -0.627794 -0.778218 -0.015869
vn -0.940247 -0.339909 0.019964
vn -0.939978 -0.340609 -0.020647
vn -0.011965 -0.266219 0.963838
vn -0.007643 -0.732314 0.680924
vn 0.011712 -0.265412 0.964064
vn 0.008782 -0.736126 0.676787
vn 0.014013 -0.999636 0.023063
vn -0.649159 -0.33606 0.68239
vn -0.99514 -0.096018 0.021827
vn -0.692545 -0.153029 0.704956
vn -0.014882 -0.002397 0.999886
vn 0.940078 -0.340338 0.020599
vn 0.627771 -0.778237 0.015845
vn 0.940139 -0.340205 -0.020001
vn 0.627966 -0.778111 -0.014228
vn 0.013938 -0.999626 -0.023535
vn 0.638018 -0.340449 0.690672
vn 0.014896 0.000555 0.999889
vn 0.689183 -0.158283 0.707088
vn 0.995077 -0.096588 0.022175
vn -0.800448 0.59911 0.018704
vn -0.995068 -0.096677 -0.022209
vn -0.799301 0.600627 -0.019113
vn -0.017933 0.999515 0.025462
vn -0.017823 0.999512 -0.025656
vn -0.012649 0.66601 0.745835
vn 0.017919 0.99951 0.02565
vn 0.01278 0.665721 0.746091
vn 0.801039 0.598324 0.018572
vn 0.799566 0.600273 -0.019155
vn 0.017813 0.999516 -0.025488
vn 0.995086 -0.096578 -0.021824
vn -0.691441 -0.156761 -0.70522
vn -0.639313 -0.338926 -0.690223
vn -0.014963 0.000261 -0.999888
vn -0.011752 -0.265579 -0.964018
vn -0.013147 0.664773 -0.74693
vn 0.014909 -0.002471 -0.999886
vn 0.012826 0.665082 -0.74666
vn 0.695337 -0.152581 -0.7023
vn 0.650659 -0.334869 -0.681547
vn 0.012002 -0.266302 -0.963815
vn -0.008767 -0.736115 -0.6768
vn 0.007626 -0.732303 -0.680936
vn -0.487704 -0.692003 0.532238
vn 0.471375 -0.680233 0.561327
vn -0.645124 0.422293 0.636776
vn 0.648911 0.421912 0.633171
vn -0.655811 0.415373 -0.630378
vn 0.654193 0.414242 -0.632799
vn -0.471318 -0.679845 -0.561845
vn 0.487465 -0.691708 -0.53284
vn -0.627958 -0.778117 0.014199
vn -0.011966 -0.266219 0.963838
vn -0.007645 -0.732314 0.680924
vn 0.008784 -0.736126 0.676787
vn -0.649142 -0.336068 0.682402
vn -0.99514 -0.096018 0.021828
vn -0.69253 -0.153034 0.70497
vn 0.627773 -0.778236 0.015845
vn 0.638012 -0.340451 0.690676
vn 0.014895 0.000555 0.999889
vn 0.689193 -0.158281 0.707079
vn -0.995068 -0.096677 -0.02221
vn -0.7993 0.600628 -0.019114
vn -0.012648 0.66601 0.745836
vn 0.80104 0.598323 0.018571
vn 0.799566 0.600272 -0.019155
vn 0.995086 -0.096578 -0.021825
vn -0.691442 -0.156761 -0.705219
vn -0.639292 -0.338935 -0.690239
vn -0.01175 -0.265579 -0.964018
vn -0.01315 0.664773 -0.74693
vn 0.014908 -0.002471 -0.999886
vn 0.012825 0.665082 -0.74666
vn 0.695304 -0.152588 -0.702332
vn 0.650619 -0.334886 -0.681576
vn 0.007624 -0.732303 -0.680936
vn -0.487708 -0.692001 0.532236
vn 0.471405 -0.680221 0.561316
vn -0.645113 0.422294 0.636787
vn 0.648946 0.421895 0.633146
vn -0.655825 0.415367 -0.630368
vn 0.654198 0.414238 -0.632797
vn -0.471273 -0.679863 -0.561861
vn 0.487463 -0.691709 -0.53284
vn -0.627974 -0.778105 0.014199
vn -0.627807 -0.778207 -0.015869
vn -0.94025 -0.339898 0.019964
vn -0.939982 -0.340599 -0.020647
vn 0.011713 -0.265412 0.964064
vn 0.008782 -0.736126 0.676788
vn -0.649158 -0.33606 0.682392
vn -0.995137 -0.096055 0.021827
vn -0.692543 -0.153035 0.704957
vn 0.940086 -0.340315 0.020599
vn 0.627797 -0.778216 0.015845
vn 0.940147 -0.340182 -0.020001
vn 0.627993 -0.778089 -0.014228
vn 0.638022 -0.340433 0.690676
vn 0.689186 -0.158256 0.707091
vn 0.995079 -0.096569 0.022175
vn -0.800481 0.599066 0.018705
vn -0.995065 -0.096712 -0.022209
vn -0.799334 0.600583 -0.019114
vn -0.017934 0.999515 0.025462
vn -0.012649 0.666009 0.745836
vn 0.01278 0.66572 0.746092
vn 0.80103 0.598336 0.018572
vn 0.799557 0.600285 -0.019155
vn 0.995088 -0.096564 -0.021824
vn -0.691441 -0.156767 -0.705219
vn -0.639313 -0.338928 -0.690223
vn -0.014963 0.00026 -0.999888
vn 0.014909 -0.002469 -0.999886
vn 0.012826 0.665083 -0.746659
vn 0.695336 -0.152578 -0.702302
vn 0.650662 -0.334856 -0.68155
vn 0.007626 -0.732304 -0.680935
vn -0.487705 -0.692003 0.532237
vn 0.471368 -0.680245 0.561319
vn -0.645137 0.422256 0.636788
vn 0.64892 0.421883 0.63318
vn -0.655825 0.415331 -0.630392
vn 0.654195 0.414237 -0.6328
vn -0.47131 -0.679856 -0.561839
vn 0.487465 -0.691712 -0.532834
vn -0.939982 -0.340598 -0.020647
vn 0.011712 -0.265411 0.964064
vn 0.008784 -0.736126 0.676788
vn -0.649141 -0.336067 0.682403
vn -0.692528 -0.15304 0.70497
vn 0.940086 -0.340314 0.020599
vn 0.627798 -0.778215 0.015845
vn 0.638016 -0.340436 0.69068
vn 0.689196 -0.158254 0.707081
vn -0.995064 -0.096713 -0.022209
vn -0.799334 0.600584 -0.019114
vn 0.801031 0.598335 0.018572
vn 0.799558 0.600284 -0.019155
vn 0.995088 -0.096564 -0.021825
vn -0.639291 -0.338937 -0.690238
vn 0.014908 -0.002469 -0.999886
vn 0.012825 0.665083 -0.746659
vn 0.695303 -0.152586 -0.702333
vn 0.650622 -0.334873 -0.681579
vn 0.007624 -0.732304 -0.680935
vn -0.487709 -0.692001 0.532235
vn 0.471398 -0.680234 0.561308
vn -0.645125 0.422257 0.636799
vn 0.648956 0.421867 0.633155
vn -0.655839 0.415325 -0.630382
vn 0.654199 0.414233 -0.632799
vn -0.471264 -0.679875 -0.561854
vn 0.487463 -0.691713 -0.532834
vt 0.299273 0.291463
vt 0.309969 0.290707
vt 0.299228 0.447877
vt 0.309922 0.448665
vt 0.320991 0.289412
vt 0.320669 0.449925
vt 0.301791 0.270244
vt 0.299995 0.280964
vt 0.05702 0.269554
vt 0.058642 0.280748
vt 0.058919 0.291419
vt 0.319966 0.279172
vt 0.343303 0.286959
vt 0.342834 0.275898
vt 0.306121 0.248685
vt 0.312137 0.271575
vt 0.317326 0.249098
vt 0.037503 0.289405
vt 0.048235 0.290671
vt 0.037399 0.449688
vt 0.048136 0.448454
vt 0.05882 0.447698
vt 0.046272 0.271272
vt 0.051989 0.248744
vt 0.040828 0.2492
vt 0.015241 0.286896
vt 0.038216 0.279029
vt 0.015727 0.275863
vt 0.354559 0.285891
vt 0.342752 0.452254
vt 0.354137 0.453457
vt 0.31987 0.225977
vt 0.309076 0.226175
vt 0.31978 0.058666
vt 0.308972 0.058355
vt 0.308294 0.237367
vt 0.049074 0.226293
vt 0.04972 0.237485
vt 0.03828 0.226106
vt 0.038195 0.058768
vt 0.048972 0.058421
vt 0.015338 0.451953
vt 0.004006 0.285801
vt 0.003968 0.453149
vt 0.342319 0.463448
vt 0.319944 0.460312
vt 0.317173 0.035326
vt 0.305992 0.03587
vt 0.311768 0.0134
vt 0.301017 0.015117
vt 0.308289 0.047161
vt 0.051989 0.035953
vt 0.049781 0.047265
vt 0.040801 0.035417
vt 0.045985 0.013063
vt 0.056331 0.014401
vt 0.015742 0.463127
vt 0.038414 0.459838
vt 0.299511 0.458551
vt 0.058086 0.458201
vt 0.299398 0.003923
vt 0.058132 0.003685
vt 0.311012 0.282046
vt 0.308676 0.282253
vt 0.308706 0.280146
vt 0.049679 0.282043
vt 0.047218 0.281998
vt 0.04973 0.279997
vt 0.317776 0.235585
vt 0.352365 0.276656
vt 0.317309 0.239582
vt 0.006243 0.276608
vt 0.040329 0.235706
vt 0.040786 0.239709
vt 0.317234 0.044901
vt 0.351886 0.462726
vt 0.317714 0.048975
vt 0.006176 0.462412
vt 0.040785 0.045004
vt 0.0403 0.049082
vt 0.30847 0.457274
vt 0.310932 0.457335
vt 0.308307 0.004674
vt 0.047191 0.456935
vt 0.049406 0.456898
vt 0.049426 0.004501
vt 0.700621 0.676912
vt 0.689926 0.677659
vt 0.700814 0.520516
vt 0.690122 0.519719
vt 0.678904 0.678943
vt 0.679377 0.518449
vt 0.698084 0.698128
vt 0.69989 0.687411
vt 0.942843 0.69903
vt 0.941229 0.687835
vt 0.940961 0.677164
vt 0.67992 0.689182
vt 0.656593 0.681376
vt 0.657055 0.692437
vt 0.693733 0.719683
vt 0.68774 0.696787
vt 0.682527 0.719258
vt 0.962373 0.679196
vt 0.951643 0.677921
vt 0.962604 0.51893
vt 0.951868 0.520153
vt 0.941183 0.520902
vt 0.953595 0.697323
vt 0.947858 0.719845
vt 0.959017 0.7194
vt 0.984631 0.681723
vt 0.961649 0.689569
vt 0.984136 0.692756
vt 0.645337 0.682433
vt 0.657298 0.516097
vt 0.645914 0.514885
vt 0.679961 0.742378
vt 0.690756 0.742189
vt 0.679894 0.909694
vt 0.690701 0.910015
vt 0.691547 0.730999
vt 0.950754 0.742296
vt 0.950116 0.731105
vt 0.961548 0.742493
vt 0.961497 0.909835
vt 0.95072 0.910174
vt 0.984663 0.516684
vt 0.995866 0.682828
vt 0.996032 0.515497
vt 0.657741 0.504904
vt 0.680113 0.508062
vt 0.682802 0.478404
vt 0.69399 0.477876
vt 0.688181 0.500349
vt 0.698937 0.498645
vt 0.691707 0.466575
vt 0.948108 0.478128
vt 0.950331 0.466812
vt 0.691375 0.921209
vt 0.949902 0.921329
vt 0.959302 0.478676
vt 0.954089 0.501034
vt 0.94374 0.499685
vt 0.984269 0.505513
vt 0.961597 0.50878
vt 0.700541 0.509845
vt 0.941923 0.510403
vt 0.688874 0.686316
vt 0.691211 0.686113
vt 0.691179 0.688219
vt 0.950193 0.686545
vt 0.952652 0.686592
vt 0.950145 0.688592
vt 0.682066 0.732769
vt 0.647523 0.691674
vt 0.682536 0.728774
vt 0.993624 0.692019
vt 0.959506 0.732893
vt 0.959048 0.728893
vt 0.682752 0.468824
vt 0.648171 0.50562
vt 0.68195 0.919388
vt 0.993836 0.506234
vt 0.959329 0.469087
vt 0.959384 0.919523
vt 0.691581 0.511114
vt 0.689122 0.511049
vt 0.69163 0.50908
vt 0.952819 0.511672
vt 0.950604 0.51171
vt 0.95064 0.5096
vt 0.059247 0.680656
vt 0.048553 0.681414
vt 0.059279 0.524261
vt 0.048586 0.523474
vt 0.037532 0.68271
vt 0.037839 0.522216
vt 0.056732 0.701875
vt 0.058527 0.691156
vt 0.301492 0.702522
vt 0.299868 0.691329
vt 0.299586 0.680659
vt 0.038559 0.692948
vt 0.015225 0.685166
vt 0.015697 0.696226
vt 0.052404 0.723434
vt 0.046386 0.700545
vt 0.041199 0.723021
vt 0.321 0.682669
vt 0.310271 0.681404
vt 0.321066 0.522402
vt 0.310333 0.523638
vt 0.299648 0.524398
vt 0.312243 0.700801
vt 0.306528 0.723332
vt 0.317692 0.722875
vt 0.343262 0.685172
vt 0.320289 0.693043
vt 0.342781 0.696207
vt 0.003968 0.686235
vt 0.01576 0.519887
vt 0.004373 0.518687
vt 0.038656 0.746144
vt 0.04945 0.745944
vt 0.038764 0.913461
vt 0.049572 0.913771
vt 0.05023 0.734753
vt 0.309447 0.745781
vt 0.308799 0.73459
vt 0.320242 0.745967
vt 0.320364 0.913309
vt 0.309588 0.913658
vt 0.343122 0.520133
vt 0.354498 0.686266
vt 0.35449 0.518933
vt 0.016191 0.508694
vt 0.038565 0.511829
vt 0.041224 0.482169
vt 0.052411 0.481629
vt 0.046624 0.504107
vt 0.057379 0.502392
vt 0.050116 0.47033
vt 0.30653 0.481616
vt 0.308741 0.470297
vt 0.050257 0.924965
vt 0.308782 0.924815
vt 0.317722 0.482153
vt 0.312534 0.504514
vt 0.302183 0.503177
vt 0.342716 0.508965
vt 0.320049 0.512253
vt 0.058996 0.513591
vt 0.300378 0.513897
vt 0.047511 0.690073
vt 0.049847 0.689867
vt 0.049817 0.691973
vt 0.308828 0.690029
vt 0.311287 0.690074
vt 0.308783 0.692076
vt 0.04075 0.736534
vt 0.006166 0.695474
vt 0.041216 0.732537
vt 0.352266 0.695461
vt 0.318191 0.736368
vt 0.317731 0.732368
vt 0.041165 0.472591
vt 0.00662 0.509418
vt 0.040832 0.923153
vt 0.352284 0.509676
vt 0.317739 0.472564
vt 0.318263 0.922997
vt 0.050036 0.514868
vt 0.047576 0.514806
vt 0.050083 0.512837
vt 0.311274 0.515158
vt 0.309058 0.515196
vt 0.309094 0.513083
vt 0.42099 0.215611
vt 0.410296 0.216376
vt 0.420908 0.059216
vt 0.410214 0.058436
vt 0.399275 0.217681
vt 0.399468 0.057185
vt 0.41849 0.236832
vt 0.420277 0.226112
vt 0.663251 0.237301
vt 0.661618 0.22611
vt 0.661329 0.215439
vt 0.400309 0.227917
vt 0.376969 0.220152
vt 0.377451 0.231212
vt 0.414177 0.258394
vt 0.408142 0.23551
vt 0.402973 0.257991
vt 0.682744 0.217435
vt 0.672013 0.216177
vt 0.682693 0.057168
vt 0.671961 0.058411
vt 0.661278 0.059179
vt 0.673998 0.235576
vt 0.668302 0.258108
vt 0.679461 0.257642
vt 0.705007 0.219921
vt 0.68204 0.227809
vt 0.704533 0.230954
vt 0.365715 0.221228
vt 0.377385 0.054873
vt 0.365999 0.05368
vt 0.400446 0.281113
vt 0.41124 0.280906
vt 0.400672 0.448431
vt 0.411481 0.448733
vt 0.412012 0.269715
vt 0.671238 0.280556
vt 0.670581 0.269364
vt 0.682032 0.280734
vt 0.682276 0.448073
vt 0.6715 0.44843
vt 0.704746 0.054885
vt 0.716244 0.221006
vt 0.716115 0.053677
vt 0.377806 0.043679
vt 0.400186 0.046796
vt 0.402821 0.017136
vt 0.414009 0.016587
vt 0.408238 0.039069
vt 0.418994 0.037347
vt 0.411706 0.00529
vt 0.668127 0.016391
vt 0.670329 0.005072
vt 0.412174 0.459927
vt 0.670701 0.459588
vt 0.679321 0.016919
vt 0.674147 0.039288
vt 0.663796 0.037956
vt 0.704335 0.043715
vt 0.681669 0.047022
vt 0.420617 0.048545
vt 0.662 0.048677
vt 0.409259 0.225036
vt 0.411595 0.22483
vt 0.411566 0.226937
vt 0.670579 0.224803
vt 0.673034 0.224847
vt 0.670533 0.226853
vt 0.402533 0.271503
vt 0.367919 0.230467
vt 0.402998 0.267505
vt 0.714019 0.2302
vt 0.679975 0.271136
vt 0.67951 0.267134
vt 0.402756 0.007556
vt 0.36824 0.044412
vt 0.402747 0.458121
vt 0.713899 0.044418
vt 0.67933 0.007333
vt 0.680182 0.457765
vt 0.411658 0.049829
vt 0.409199 0.049768
vt 0.411704 0.047799
vt 0.672897 0.049931
vt 0.670684 0.049968
vt 0.670712 0.047858
usemtl LegSG
f 305/404/305 306/405/306 307/406/307
f 307/406/307 306/405/306 308/407/308
f 306/405/306 309/408/309 308/407/308
f 308/407/308 309/408/309 310/409/310
f 311/410/311 312/411/312 313/412/313
f 313/412/313 312/411/312 314/413/314
f 312/411/312 305/404/305 314/413/314
f 314/413/314 305/404/305 315/414/315
f 309/408/309 316/415/316 317/416/317
f 317/416/317 316/415/316 318/417/318
f 311/410/311 319/418/319 316/419/316
f 316/419/316 319/418/319 318/420/318
f 320/421/320 321/422/321 322/423/322
f 322/423/322 321/422/321 323/424/323
f 321/422/321 315/414/315 323/424/323
f 323/424/323 315/414/315 324/425/324
f 313/412/313 325/426/325 326/427/326
f 326/427/326 325/426/325 327/428/327
f 320/421/320 328/429/328 325/430/325
f 325/430/325 328/429/328 327/431/327
f 317/416/317 329/432/329 330/433/330
f 330/433/330 329/432/329 331/434/331
f 329/435/329 332/436/332 331/437/331
f 331/437/331 332/436/332 333/438/333
f 332/436/332 334/439/334 335/440/335
f 335/440/335 334/439/334 336/441/336
f 334/439/334 319/418/319 336/441/336
f 336/441/336 319/418/319 326/427/326
f 337/442/337 338/443/338 335/440/335
f 335/440/335 338/443/338 339/444/339
f 328/429/328 340/445/340 337/446/337
f 337/446/337 340/445/340 338/447/338
f 341/448/341 342/449/342 330/433/330
f 330/433/330 342/449/342 310/409/310
f 341/450/341 343/451/343 342/452/342
f 342/452/342 343/451/343 344/453/344
f 343/451/343 345/454/345 346/455/346
f 346/455/346 345/454/345 347/456/347
f 345/454/345 333/438/333 347/456/347
f 347/456/347 333/438/333 339/444/339
f 348/457/348 349/458/349 346/455/346
f 346/455/346 349/458/349 350/459/350
f 348/460/348 340/445/340 349/461/349
f 349/461/349 340/445/340 322/423/322
f 307/406/307 351/462/351 324/425/324
f 324/425/324 351/462/351 352/463/352
f 351/464/351 344/453/344 352/465/352
f 352/465/352 344/453/344 350/459/350
f 311/410/311 313/412/313 319/418/319
f 319/418/319 313/412/313 326/427/326
f 332/436/332 335/440/335 333/438/333
f 333/438/333 335/440/335 339/444/339
f 343/451/343 346/455/346 344/453/344
f 344/453/344 346/455/346 350/459/350
f 307/406/307 324/425/324 305/404/305
f 305/404/305 324/425/324 315/414/315
f 322/423/322 340/445/340 320/421/320
f 320/421/320 340/445/340 328/429/328
f 310/409/310 309/408/309 330/433/330
f 330/433/330 309/408/309 317/416/317
f 316/415/316 309/408/309 353/466/353
f 353/466/353 309/408/309 306/405/306
f 305/404/305 312/411/312 306/405/306
f 306/405/306 312/411/312 353/467/353
f 312/411/312 311/410/311 353/468/353
f 353/468/353 311/410/311 316/419/316
f 314/413/314 315/414/315 354/469/354
f 354/469/354 315/414/315 321/422/321
f 321/422/321 320/421/320 354/470/354
f 354/470/354 320/421/320 325/430/325
f 325/426/325 313/412/313 354/471/354
f 354/471/354 313/412/313 314/413/314
f 334/439/334 332/436/332 355/472/355
f 355/472/355 332/436/332 329/435/329
f 329/432/329 317/416/317 355/473/355
f 355/473/355 317/416/317 318/417/318
f 319/418/319 334/439/334 318/420/318
f 318/420/318 334/439/334 355/474/355
f 327/431/327 328/429/328 356/475/356
f 356/475/356 328/429/328 337/446/337
f 337/442/337 335/440/335 356/476/356
f 356/476/356 335/440/335 336/441/336
f 326/427/326 327/428/327 336/441/336
f 336/441/336 327/428/327 356/477/356
f 343/451/343 341/450/341 345/454/345
f 345/454/345 341/450/341 357/478/357
f 341/448/341 330/433/330 357/479/357
f 357/479/357 330/433/330 331/434/331
f 331/437/331 333/438/333 357/480/357
f 357/480/357 333/438/333 345/454/345
f 338/447/338 340/445/340 358/481/358
f 358/481/358 340/445/340 348/460/348
f 346/455/346 347/456/347 348/457/348
f 348/457/348 347/456/347 358/482/358
f 347/456/347 339/444/339 358/483/358
f 358/483/358 339/444/339 338/443/338
f 351/462/351 307/406/307 359/484/359
f 359/484/359 307/406/307 308/407/308
f 308/407/308 310/409/310 359/485/359
f 359/485/359 310/409/310 342/449/342
f 342/452/342 344/453/344 359/486/359
f 359/486/359 344/453/344 351/464/351
f 349/461/349 322/423/322 360/487/360
f 360/487/360 322/423/322 323/424/323
f 324/425/324 352/463/352 323/424/323
f 323/424/323 352/463/352 360/488/360
f 352/465/352 350/459/350 360/489/360
f 360/489/360 350/459/350 349/458/349
f 361/490/305 362/491/361 363/492/307
f 363/492/307 362/491/361 364/493/308
f 362/491/361 365/494/309 364/493/308
f 364/493/308 365/494/309 366/495/310
f 367/496/362 368/497/363 369/498/313
f 369/498/313 368/497/363 370/499/364
f 368/497/363 361/490/305 370/499/364
f 370/499/364 361/490/305 371/500/315
f 365/494/309 372/501/365 373/502/366
f 373/502/366 372/501/365 374/503/367
f 367/496/362 375/504/319 372/505/365
f 372/505/365 375/504/319 374/506/367
f 376/507/320 377/508/368 378/509/322
f 378/509/322 377/508/368 379/510/323
f 377/508/368 371/500/315 379/510/323
f 379/510/323 371/500/315 380/511/324
f 369/498/313 381/512/369 382/513/370
f 382/513/370 381/512/369 383/514/371
f 376/507/320 384/515/328 381/516/369
f 381/516/369 384/515/328 383/517/371
f 373/502/366 385/518/329 386/519/372
f 386/519/372 385/518/329 387/520/373
f 385/521/329 388/522/332 387/523/373
f 387/523/373 388/522/332 389/524/333
f 388/522/332 390/525/374 391/526/335
f 391/526/335 390/525/374 392/527/336
f 390/525/374 375/504/319 392/527/336
f 392/527/336 375/504/319 382/513/370
f 393/528/375 394/529/376 391/526/335
f 391/526/335 394/529/376 395/530/339
f 384/515/328 396/531/377 393/532/375
f 393/532/375 396/531/377 394/533/376
f 397/534/378 398/535/379 386/519/372
f 386/519/372 398/535/379 366/495/310
f 397/536/378 399/537/343 398/538/379
f 398/538/379 399/537/343 400/539/380
f 399/537/343 401/540/381 402/541/382
f 402/541/382 401/540/381 403/542/383
f 401/543/381 389/524/333 403/544/383
f 403/544/383 389/524/333 395/530/339
f 404/545/384 405/546/385 402/541/382
f 402/541/382 405/546/385 406/547/350
f 404/548/384 396/531/377 405/549/385
f 405/549/385 396/531/377 378/509/322
f 363/492/307 407/550/351 380/511/324
f 380/511/324 407/550/351 408/551/386
f 407/550/351 400/539/380 408/551/386
f 408/551/386 400/539/380 406/547/350
f 367/496/362 369/498/313 375/504/319
f 375/504/319 369/498/313 382/513/370
f 388/522/332 391/526/335 389/524/333
f 389/524/333 391/526/335 395/530/339
f 399/537/343 402/541/382 400/539/380
f 400/539/380 402/541/382 406/547/350
f 363/492/307 380/511/324 361/490/305
f 361/490/305 380/511/324 371/500/315
f 378/509/322 396/531/377 376/507/320
f 376/507/320 396/531/377 384/515/328
f 366/495/310 365/494/309 386/519/372
f 386/519/372 365/494/309 373/502/366
f 372/501/365 365/494/309 409/552/387
f 409/552/387 365/494/309 362/491/361
f 361/490/305 368/497/363 362/491/361
f 362/491/361 368/497/363 409/553/387
f 368/497/363 367/496/362 409/554/387
f 409/554/387 367/496/362 372/505/365
f 370/499/364 371/500/315 410/555/388
f 410/555/388 371/500/315 377/508/368
f 377/508/368 376/507/320 410/556/388
f 410/556/388 376/507/320 381/516/369
f 381/512/369 369/498/313 410/557/388
f 410/557/388 369/498/313 370/499/364
f 390/525/374 388/522/332 411/558/389
f 411/558/389 388/522/332 385/521/329
f 385/518/329 373/502/366 411/559/389
f 411/559/389 373/502/366 374/503/367
f 375/504/319 390/525/374 374/506/367
f 374/506/367 390/525/374 411/560/389
f 383/517/371 384/515/328 412/561/390
f 412/561/390 384/515/328 393/532/375
f 393/528/375 391/526/335 412/562/390
f 412/562/390 391/526/335 392/527/336
f 382/513/370 383/514/371 392/527/336
f 392/527/336 383/514/371 412/563/390
f 399/537/343 397/536/378 401/540/381
f 401/540/381 397/536/378 413/564/391
f 397/534/378 386/519/372 413/565/391
f 413/565/391 386/519/372 387/520/373
f 387/523/373 389/524/333 413/566/391
f 413/566/391 389/524/333 401/543/381
f 394/533/376 396/531/377 414/567/392
f 414/567/392 396/531/377 404/548/384
f 402/541/382 403/542/383 404/545/384
f 404/545/384 403/542/383 414/568/392
f 403/544/383 395/530/339 414/569/392
f 414/569/392 395/530/339 394/529/376
f 407/550/351 363/492/307 415/570/393
f 415/570/393 363/492/307 364/493/308
f 364/493/308 366/495/310 415/571/393
f 415/571/393 366/495/310 398/535/379
f 398/538/379 400/539/380 415/572/393
f 415/572/393 400/539/380 407/550/351
f 405/549/385 378/509/322 416/573/394
f 416/573/394 378/509/322 379/510/323
f 380/511/324 408/551/386 379/510/323
f 379/510/323 408/551/386 416/574/394
f 408/551/386 406/547/350 416/575/394
f 416/575/394 406/547/350 405/546/385
f 417/576/305 418/577/395 419/578/307
f 419/578/307 418/577/395 420/579/396
f 418/577/395 421/580/397 420/579/396
f 420/579/396 421/580/397 422/581/398
f 423/582/311 424/583/312 425/584/399
f 425/584/399 424/583/312 426/585/400
f 424/583/312 417/576/305 426/585/400
f 426/585/400 417/576/305 427/586/315
f 421/580/397 428/587/401 429/588/402
f 429/588/402 428/587/401 430/589/403
f 423/582/311 431/590/319 428/591/401
f 428/591/401 431/590/319 430/592/403
f 432/593/404 433/594/405 434/595/406
f 434/595/406 433/594/405 435/596/407
f 433/594/405 427/586/315 435/596/407
f 435/596/407 427/586/315 436/597/324
f 425/584/399 437/598/408 438/599/326
f 438/599/326 437/598/408 439/600/409
f 432/593/404 440/601/410 437/602/408
f 437/602/408 440/601/410 439/603/409
f 429/588/402 441/604/411 442/605/412
f 442/605/412 441/604/411 443/606/413
f 441/607/411 444/608/414 443/609/413
f 443/609/413 444/608/414 445/610/333
f 444/608/414 446/611/415 447/612/335
f 447/612/335 446/611/415 448/613/416
f 446/611/415 431/590/319 448/613/416
f 448/613/416 431/590/319 438/599/326
f 449/614/417 450/615/418 447/612/335
f 447/612/335 450/615/418 451/616/339
f 440/601/410 452/617/419 449/618/417
f 449/618/417 452/617/419 450/619/418
f 453/620/420 454/621/421 442/605/412
f 442/605/412 454/621/421 422/581/398
f 453/622/420 455/623/422 454/624/421
f 454/624/421 455/623/422 456/625/344
f 455/623/422 457/626/345 458/627/423
f 458/627/423 457/626/345 459/628/424
f 457/629/345 445/610/333 459/630/424
f 459/630/424 445/610/333 451/616/339
f 460/631/425 461/632/426 458/627/423
f 458/627/423 461/632/426 462/633/350
f 460/634/425 452/617/419 461/635/426
f 461/635/426 452/617/419 434/595/406
f 419/578/307 463/636/351 436/597/324
f 436/597/324 463/636/351 464/637/427
f 463/636/351 456/625/344 464/637/427
f 464/637/427 456/625/344 462/633/350
f 423/582/311 425/584/399 431/590/319
f 431/590/319 425/584/399 438/599/326
f 444/608/414 447/612/335 445/610/333
f 445/610/333 447/612/335 451/616/339
f 455/623/422 458/627/423 456/625/344
f 456/625/344 458/627/423 462/633/350
f 419/578/307 436/597/324 417/576/305
f 417/576/305 436/597/324 427/586/315
f 434/595/406 452/617/419 432/593/404
f 432/593/404 452/617/419 440/601/410
f 422/581/398 421/580/397 442/605/412
f 442/605/412 421/580/397 429/588/402
f 428/587/401 421/580/397 465/638/428
f 465/638/428 421/580/397 418/577/395
f 417/576/305 424/583/312 418/577/395
f 418/577/395 424/583/312 465/639/428
f 424/583/312 423/582/311 465/640/428
f 465/640/428 423/582/311 428/591/401
f 426/585/400 427/586/315 466/641/429
f 466/641/429 427/586/315 433/594/405
f 433/594/405 432/593/404 466/642/429
f 466/642/429 432/593/404 437/602/408
f 437/598/408 425/584/399 466/643/429
f 466/643/429 425/584/399 426/585/400
f 446/611/415 444/608/414 467/644/430
f 467/644/430 444/608/414 441/607/411
f 441/604/411 429/588/402 467/645/430
f 467/645/430 429/588/402 430/589/403
f 431/590/319 446/611/415 430/592/403
f 430/592/403 446/611/415 467/646/430
f 439/603/409 440/601/410 468/647/431
f 468/647/431 440/601/410 449/618/417
f 449/614/417 447/612/335 468/648/431
f 468/648/431 447/612/335 448/613/416
f 438/599/326 439/600/409 448/613/416
f 448/613/416 439/600/409 468/649/431
f 455/623/422 453/622/420 457/626/345
f 457/626/345 453/622/420 469/650/432
f 453/620/420 442/605/412 469/651/432
f 469/651/432 442/605/412 443/606/413
f 443/609/413 445/610/333 469/652/432
f 469/652/432 445/610/333 457/629/345
f 450/619/418 452/617/419 470/653/433
f 470/653/433 452/617/419 460/634/425
f 458/627/423 459/628/424 460/631/425
f 460/631/425 459/628/424 470/654/433
f 459/630/424 451/616/339 470/655/433
f 470/655/433 451/616/339 450/615/418
f 463/636/351 419/578/307 471/656/434
f 471/656/434 419/578/307 420/579/396
f 420/579/396 422/581/398 471/657/434
f 471/657/434 422/581/398 454/621/421
f 454/624/421 456/625/344 471/658/434
f 471/658/434 456/625/344 463/636/351
f 461/635/426 434/595/406 472/659/435
f 472/659/435 434/595/406 435/596/407
f 436/597/324 464/637/427 435/596/407
f 435/596/407 464/637/427 472/660/435
f 464/637/427 462/633/350 472/661/435
f 472/661/435 462/633/350 461/632/426
f 473/662/305 474/663/395 475/664/307
f 475/664/307 474/663/395 476/665/396
f 474/663/395 477/666/397 476/665/396
f 476/665/396 477/666/397 478/667/436
f 479/668/362 480/669/363 481/670/437
f 481/670/437 480/669/363 482/671/438
f 480/669/363 473/662/305 482/671/438
f 482/671/438 473/662/305 483/672/315
f 477/666/397 484/673/439 485/674/402
f 485/674/402 484/673/439 486/675/440
f 479/668/362 487/676/319 484/677/439
f 484/677/439 487/676/319 486/678/440
f 488/679/441 489/680/442 490/681/406
f 490/681/406 489/680/442 491/682/407
f 489/680/442 483/672/315 491/682/407
f 491/682/407 483/672/315 492/683/324
f 481/670/437 493/684/443 494/685/370
f 494/685/370 493/684/443 495/686/444
f 488/679/441 496/687/410 493/688/443
f 493/688/443 496/687/410 495/689/444
f 485/674/402 497/690/411 498/691/445
f 498/691/445 497/690/411 499/692/446
f 497/693/411 500/694/414 499/695/446
f 499/695/446 500/694/414 501/696/333
f 500/694/414 502/697/415 503/698/335
f 503/698/335 502/697/415 504/699/416
f 502/697/415 487/676/319 504/699/416
f 504/699/416 487/676/319 494/685/370
f 505/700/447 506/701/448 503/698/335
f 503/698/335 506/701/448 507/702/339
f 496/687/410 508/703/449 505/704/447
f 505/704/447 508/703/449 506/705/448
f 509/706/420 510/707/450 498/691/445
f 498/691/445 510/707/450 478/667/436
f 509/708/420 511/709/422 510/710/450
f 510/710/450 511/709/422 512/711/380
f 511/709/422 513/712/381 514/713/451
f 514/713/451 513/712/381 515/714/452
f 513/715/381 501/696/333 515/716/452
f 515/716/452 501/696/333 507/702/339
f 516/717/453 517/718/454 514/713/451
f 514/713/451 517/718/454 518/719/350
f 516/720/453 508/703/449 517/721/454
f 517/721/454 508/703/449 490/681/406
f 475/664/307 519/722/351 492/683/324
f 492/683/324 519/722/351 520/723/455
f 519/722/351 512/711/380 520/723/455
f 520/723/455 512/711/380 518/719/350
f 479/668/362 481/670/437 487/676/319
f 487/676/319 481/670/437 494/685/370
f 500/694/414 503/698/335 501/696/333
f 501/696/333 503/698/335 507/702/339
f 511/709/422 514/713/451 512/711/380
f 512/711/380 514/713/451 518/719/350
f 475/664/307 492/683/324 473/662/305
f 473/662/305 492/683/324 483/672/315
f 490/681/406 508/703/449 488/679/441
f 488/679/441 508/703/449 496/687/410
f 478/667/436 477/666/397 498/691/445
f 498/691/445 477/666/397 485/674/402
f 484/673/439 477/666/397 521/724/456
f 521/724/456 477/666/397 474/663/395
f 473/662/305 480/669/363 474/663/395
f 474/663/395 480/669/363 521/725/456
f 480/669/363 479/668/362 521/726/456
f 521/726/456 479/668/362 484/677/439
f 482/671/438 483/672/315 522/727/457
f 522/727/457 483/672/315 489/680/442
f 489/680/442 488/679/441 522/728/457
f 522/728/457 488/679/441 493/688/443
f 493/684/443 481/670/437 522/729/457
f 522/729/457 481/670/437 482/671/438
f 502/697/415 500/694/414 523/730/458
f 523/730/458 500/694/414 497/693/411
f 497/690/411 485/674/402 523/731/458
f 523/731/458 485/674/402 486/675/440
f 487/676/319 502/697/415 486/678/440
f 486/678/440 502/697/415 523/732/458
f 495/689/444 496/687/410 524/733/459
f 524/733/459 496/687/410 505/704/447
f 505/700/447 503/698/335 524/734/459
f 524/734/459 503/698/335 504/699/416
f 494/685/370 495/686/444 504/699/416
f 504/699/416 495/686/444 524/735/459
f 511/709/422 509/708/420 513/712/381
f 513/712/381 509/708/420 525/736/460
f 509/706/420 498/691/445 525/737/460
f 525/737/460 498/691/445 499/692/446
f 499/695/446 501/696/333 525/738/460
f 525/738/460 501/696/333 513/715/381
f 506/705/448 508/703/449 526/739/461
f 526/739/461 508/703/449 516/720/453
f 514/713/451 515/714/452 516/717/453
f 516/717/453 515/714/452 526/740/461
f 515/716/452 507/702/339 526/741/461
f 526/741/461 507/702/339 506/701/448
f 519/722/351 475/664/307 527/742/462
f 527/742/462 475/664/307 476/665/396
f 476/665/396 478/667/436 527/743/462
f 527/743/462 478/667/436 510/707/450
f 510/710/450 512/711/380 527/744/462
f 527/744/462 512/711/380 519/722/351
f 517/721/454 490/681/406 528/745/463
f 528/745/463 490/681/406 491/682/407
f 492/683/324 520/723/455 491/682/407
f 491/682/407 520/723/455 528/746/463
f 520/723/455 518/719/350 528/747/463
f 528/747/463 518/719/350 517/718/454
s off
g IchigoAme_Stove_Power1SG
v 1.23083 0.034337 1.37602
v 1.20665 0.034337 1.37602
v 1.23083 -0.119123 1.40033
v 1.20665 -0.119123 1.40033
v 1.17186 0.034337 1.37602
v 1.17186 -0.119123 1.40033
v 1.14768 0.034337 1.37602
v 1.14768 -0.119123 1.40033
v 1.2451 -0.117597 1.30005
v 1.2384 -0.150099 1.3052
v 1.2451 -0.12201 1.2722
v 1.2384 -0.154511 1.27735
v 1.22377 -0.165525 1.30765
v 1.22377 -0.169937 1.2798
v 1.20108 -0.174487 1.30907
v 1.20108 -0.178899 1.28122
v 1.17743 -0.174487 1.30907
v 1.15474 -0.165525 1.30765
v 1.17743 -0.178899 1.28122
v 1.15474 -0.169937 1.2798
v 1.14011 -0.150099 1.3052
v 1.14011 -0.154511 1.27735
v 1.13341 -0.117597 1.30005
v 1.13341 -0.12201 1.2722
v 1.13341 0.001884 1.28112
v 1.14011 0.034386 1.27597
v 1.13341 -0.002528 1.25327
v 1.14011 0.029973 1.24812
v 1.15474 0.049812 1.27353
v 1.15474 0.045399 1.24568
v 1.17743 0.058774 1.27211
v 1.17743 0.054361 1.24426
v 1.20108 0.058774 1.27211
v 1.20108 0.054361 1.24426
v 1.22377 0.049812 1.27353
v 1.22377 0.045399 1.24568
v 1.2384 0.034386 1.27597
v 1.2384 0.029973 1.24812
v 1.2451 0.001884 1.28112
v 1.2451 -0.002528 1.25327
v 1.17709 0.091892 1.3669
v 1.17558 0.099319 1.36359
v 1.154 0.082772 1.36834
v 1.14947 0.089004 1.36523
v 1.17447 0.104097 1.35702
v 1.14614 0.092906 1.35879
v 1.17406 0.104946 1.34893
v 1.14493 0.093436 1.35075
v 1.20142 -0.176679 1.40946
v 1.20293 -0.184764 1.40861
v 1.22451 -0.167558 1.40801
v 1.22905 -0.17445 1.40697
v 1.20404 -0.191342 1.40383
v 1.23237 -0.180152 1.40206
v 1.20444 -0.194649 1.3964
v 1.23359 -0.183139 1.39458
v 1.25043 0.073861 1.3618
v 1.25888 0.032898 1.3683
v 1.25238 0.073623 1.35389
v 1.26099 0.03188 1.36051
v 1.24512 0.072053 1.36791
v 1.25313 0.033227 1.37407
v 1.23788 0.068683 1.37058
v 1.24528 0.032773 1.37627
v 1.12808 -0.161106 1.39904
v 1.11963 -0.120144 1.39254
v 1.12614 -0.163326 1.39144
v 1.11753 -0.121581 1.38482
v 1.13338 -0.157497 1.40429
v 1.12538 -0.118671 1.39813
v 1.14064 -0.153469 1.40578
v 1.13323 -0.11756 1.40009
v 1.26099 -0.121581 1.38482
v 1.26099 -0.132128 1.31826
v 1.26099 0.021332 1.29394
v 1.11753 -0.132128 1.31826
v 1.11753 0.021332 1.29394
v 1.11753 0.03188 1.36051
v 1.14493 0.082889 1.28419
v 1.17406 0.094399 1.28236
v 1.20444 0.104946 1.34893
v 1.20444 0.094399 1.28236
v 1.23359 0.093436 1.35075
v 1.23359 0.082889 1.28419
v 1.12614 0.063075 1.28733
v 1.12614 0.073623 1.35389
v 1.12614 -0.173873 1.32487
v 1.14493 -0.183139 1.39458
v 1.14493 -0.193686 1.32801
v 1.25238 0.063075 1.28733
v 1.23359 -0.193686 1.32801
v 1.25238 -0.163326 1.39144
v 1.25238 -0.173873 1.32487
v 1.22451 0.082772 1.36834
v 1.20444 -0.205196 1.32983
v 1.17406 -0.205196 1.32983
v 1.17406 -0.194649 1.3964
v 1.20142 0.091892 1.3669
v 1.13323 0.032773 1.37627
v 1.14064 0.068682 1.37058
v 1.154 -0.167558 1.40801
v 1.17709 -0.176679 1.40946
v 1.24528 -0.11756 1.40009
v 1.23788 -0.153469 1.40578
v 1.23788 -0.168933 1.30819
v 1.24921 -0.133023 1.3025
v 1.22451 -0.183022 1.31042
v 1.20142 -0.192143 1.31187
v 1.17709 -0.192143 1.31187
v 1.154 -0.183022 1.31042
v 1.14064 -0.168931 1.30819
v 1.1293 -0.133023 1.3025
v 1.14064 0.053219 1.27299
v 1.1293 0.01731 1.27868
v 1.154 0.067309 1.27075
v 1.17709 0.076428 1.26931
v 1.20142 0.076428 1.26931
v 1.22451 0.067309 1.27075
v 1.23788 0.05322 1.27299
v 1.24921 0.01731 1.27868
v 1.20293 0.099319 1.36359
v 1.20404 0.104097 1.35702
v 1.12808 0.073861 1.3618
v 1.13338 0.072053 1.36791
v 1.14947 0.074199 1.2718
v 1.13338 0.057248 1.27448
v 1.14614 0.079901 1.27671
v 1.12808 0.060855 1.27973
v 1.17558 0.084515 1.27016
v 1.17447 0.091092 1.27494
v 1.22905 0.089003 1.36523
v 1.23237 0.092906 1.35879
v 1.20293 0.084515 1.27016
v 1.20404 0.091092 1.27494
v 1.22905 0.074199 1.27179
v 1.23237 0.079901 1.27671
v 1.14947 -0.189254 1.31354
v 1.17558 -0.199569 1.31517
v 1.14614 -0.193157 1.31998
v 1.17447 -0.204347 1.32175
v 1.20293 -0.199569 1.31517
v 1.20404 -0.204347 1.32175
v 1.22905 -0.189254 1.31354
v 1.23237 -0.193157 1.31998
v 1.24512 -0.172302 1.31085
v 1.25043 -0.174111 1.31696
v 1.14947 -0.17445 1.40697
v 1.17558 -0.184764 1.40861
v 1.14614 -0.180152 1.40206
v 1.17447 -0.191342 1.40383
v 1.25043 -0.161106 1.39904
v 1.24512 -0.157497 1.40429
v 1.12538 0.018421 1.28063
v 1.11963 0.019892 1.28622
v 1.13338 -0.172302 1.31085
v 1.12808 -0.174111 1.31696
v 1.12538 0.033227 1.37407
v 1.11963 0.032898 1.3683
v 1.12538 -0.133476 1.3047
v 1.11963 -0.133149 1.31047
v 1.25313 -0.118671 1.39813
v 1.25888 -0.120144 1.39254
v 1.24512 0.057248 1.27448
v 1.25043 0.060855 1.27973
v 1.25313 0.018421 1.28063
v 1.25888 0.019892 1.28622
v 1.25313 -0.133476 1.3047
v 1.25888 -0.133149 1.31047
vn 1e-06 0.156491 0.987679
vn 6e-06 0.156489 0.98768
vn -4e-06 0.156496 0.987679
vn -1e-06 0.156496 0.987679
vn -6e-06 0.156489 0.98768
vn 1e-06 0.156496 0.987679
vn -1e-06 0.156491 0.987679
vn 4e-06 0.156496 0.987679
vn 0.96975 -0.079327 -0.230852
vn 0.857709 -0.427087 -0.286237
vn 0.999053 -0.042965 0.006808
vn 0.915451 -0.397471 0.062974
vn 0.480951 -0.794667 -0.370393
vn 0.551807 -0.823699 0.1305
vn 0.159248 -0.89086 -0.425451
vn 0.192166 -0.969272 0.153572
vn -0.159261 -0.890854 -0.425458
vn -0.480973 -0.794656 -0.370388
vn -0.192183 -0.969269 0.153571
vn -0.551829 -0.823684 0.130497
vn -0.857686 -0.427215 -0.286117
vn -0.91539 -0.397608 0.062996
vn -0.969821 -0.079325 -0.230554
vn -0.999052 -0.043007 0.006814
vn -0.969823 0.004178 -0.243776
vn -0.857697 0.31784 -0.404146
vn -0.999051 0.043012 -0.006815
vn -0.915403 0.39758 -0.062996
vn -0.481007 0.641219 -0.597888
vn -0.551836 0.823677 -0.130511
vn -0.159256 0.715743 -0.679964
vn -0.192158 0.969272 -0.15358
vn 0.159242 0.71575 -0.679959
vn 0.192141 0.969275 -0.153581
vn 0.480987 0.641231 -0.597891
vn 0.551813 0.823692 -0.130513
vn 0.857723 0.317685 -0.404212
vn 0.915464 0.397443 -0.062974
vn 0.969752 0.004088 -0.24406
vn 0.999053 0.04297 -0.006809
vn -0.005926 0.190531 0.981663
vn -0.096936 0.634074 0.767173
vn -0.023994 0.197899 0.979929
vn -0.283085 0.572394 0.769564
vn -0.16938 0.918907 0.356258
vn -0.48604 0.790941 0.371721
vn -0.192484 0.97318 -0.125978
vn -0.552667 0.827013 -0.103001
vn 0.005909 0.122326 0.992472
vn 0.096939 -0.365911 0.925587
vn 0.023964 0.114774 0.993103
vn 0.283108 -0.306526 0.908786
vn 0.169335 -0.763818 0.622823
vn 0.485919 -0.637287 0.59812
vn 0.192459 -0.964462 0.181034
vn 0.552601 -0.818388 0.157714
vn 0.801586 0.412988 0.432321
vn 0.869482 0.113262 0.480804
vn 0.915795 0.400095 -0.035263
vn 0.99868 0.047112 0.020446
vn 0.477911 0.345115 0.807773
vn 0.51348 0.156084 0.843787
vn 0.08963 0.198911 0.97591
vn 0.098688 0.160088 0.982157
vn -0.801658 -0.259232 0.538649
vn -0.869658 0.040852 0.491962
vn -0.915783 -0.391432 0.090129
vn -0.998682 -0.038493 0.033959
vn -0.477898 -0.078465 0.874904
vn -0.513392 0.112407 0.850761
vn -0.089653 0.112566 0.989592
vn -0.098662 0.151364 0.983542
vn 0.99868 -0.038484 0.034009
vn 0.99868 -0.047112 -0.020446
vn 0.99868 0.038485 -0.034008
vn -0.998682 -0.047106 -0.020396
vn -0.998682 0.038495 -0.033959
vn -0.998682 0.047106 0.020396
vn -0.55267 0.818342 -0.157708
vn -0.192485 0.964456 -0.181037
vn 0.19245 0.973187 -0.125977
vn 0.192451 0.964462 -0.181041
vn 0.5526 0.827058 -0.103
vn 0.552603 0.818385 -0.157723
vn -0.915783 0.391429 -0.090137
vn -0.915783 0.40012 -0.035289
vn -0.915783 -0.40012 0.035291
vn -0.552667 -0.818346 0.157699
vn -0.552665 -0.827014 0.103005
vn 0.915795 0.391398 -0.090154
vn 0.552598 -0.827058 0.103004
vn 0.915795 -0.3914 0.090146
vn 0.915795 -0.400095 0.035265
vn 0.023992 0.197905 0.979928
vn 0.192457 -0.973185 0.125981
vn -0.192491 -0.973178 0.125982
vn -0.192493 -0.964455 0.181031
vn 0.005926 0.190532 0.981663
vn -0.098657 0.160088 0.98216
vn -0.089605 0.198909 0.975913
vn -0.023966 0.114779 0.993102
vn -0.00591 0.122327 0.992472
vn 0.098693 0.151362 0.983539
vn 0.089678 0.112565 0.989589
vn 0.133128 -0.225332 -0.965144
vn 0.302667 -0.16603 -0.938524
vn 0.051831 -0.245531 -0.968002
vn 0.015819 -0.247073 -0.968868
vn -0.015822 -0.247072 -0.968868
vn -0.051838 -0.24552 -0.968005
vn -0.13307 -0.225316 -0.965155
vn -0.302483 -0.166032 -0.938583
vn -0.132999 -0.084187 -0.987534
vn -0.302443 -0.132255 -0.943947
vn -0.051818 -0.065763 -0.996489
vn -0.015813 -0.064483 -0.997794
vn 0.015797 -0.064499 -0.997793
vn 0.051781 -0.065795 -0.996489
vn 0.13304 -0.084207 -0.987527
vn 0.302628 -0.132239 -0.943891
vn 0.096925 0.634072 0.767175
vn 0.169354 0.918904 0.356279
vn -0.801686 0.413066 0.432061
vn -0.477893 0.345119 0.807782
vn -0.283102 0.306475 -0.908805
vn -0.509534 0.100939 -0.854509
vn -0.486011 0.637276 -0.598058
vn -0.80165 0.259226 -0.538665
vn -0.096942 0.365844 -0.925614
vn -0.169378 0.76374 -0.622906
vn 0.283071 0.572426 0.769545
vn 0.485942 0.790955 0.371821
vn 0.096913 0.365852 -0.925614
vn 0.169352 0.763751 -0.622899
vn 0.283089 0.306518 -0.908795
vn 0.485927 0.63728 -0.598121
vn -0.283103 -0.572343 -0.769595
vn -0.096937 -0.633988 -0.767243
vn -0.48602 -0.790944 -0.371742
vn -0.169377 -0.91892 -0.356227
vn 0.096921 -0.633987 -0.767246
vn 0.16935 -0.918922 -0.356234
vn 0.283091 -0.572385 -0.769568
vn 0.485928 -0.790961 -0.371825
vn 0.509638 -0.360149 -0.781384
vn 0.801562 -0.412979 -0.432374
vn -0.283124 -0.30649 0.908793
vn -0.096955 -0.365913 0.925585
vn -0.48601 -0.637297 0.598036
vn -0.169363 -0.763818 0.622815
vn 0.80156 -0.259079 0.538869
vn 0.477917 -0.078464 0.874894
vn -0.621659 -0.094222 -0.7776
vn -0.86966 -0.04086 -0.491958
vn -0.509613 -0.360156 -0.781398
vn -0.801659 -0.413057 -0.432118
vn -0.513385 0.156093 0.843843
vn -0.86966 0.113227 0.480491
vn -0.62168 -0.150782 -0.768621
vn -0.869656 -0.113232 -0.480497
vn 0.513486 0.112398 0.850705
vn 0.86948 0.040916 0.49227
vn 0.509577 0.100946 -0.854483
vn 0.801555 0.259077 -0.538877
vn 0.62178 -0.094206 -0.777506
vn 0.869482 -0.040924 -0.492266
vn 0.621801 -0.150769 -0.768526
vn 0.869478 -0.113266 -0.48081
vt 0.311249 0.299745
vt 0.28039 0.299704
vt 0.311249 0.101142
vt 0.28039 0.101183
vt 0.235992 0.299679
vt 0.235992 0.101208
vt 0.205141 0.299685
vt 0.205142 0.101202
vt 0.119124 0.17443
vt 0.119124 0.127518
vt 0.155033 0.17443
vt 0.155033 0.127518
vt 0.119124 0.098645
vt 0.155033 0.098645
vt 0.119124 0.066422
vt 0.155033 0.066422
vt 0.119124 0.035639
vt 0.119124 0.003968
vt 0.155033 0.035639
vt 0.155033 0.003968
vt 0.119124 0.781858
vt 0.119124 0.75811
vt 0.155033 0.781858
vt 0.155033 0.75811
vt 0.119124 0.720742
vt 0.155033 0.720742
vt 0.119124 0.585093
vt 0.119124 0.54644
vt 0.155033 0.585093
vt 0.155033 0.54644
vt 0.119124 0.52079
vt 0.155033 0.52079
vt 0.119124 0.490245
vt 0.155033 0.490245
vt 0.119124 0.459499
vt 0.155033 0.459499
vt 0.119124 0.426519
vt 0.155033 0.426519
vt 0.119124 0.396761
vt 0.155033 0.396761
vt 0.119124 0.348841
vt 0.155033 0.348841
vt 0.242618 0.37397
vt 0.240592 0.384366
vt 0.213196 0.362118
vt 0.207148 0.37085
vt 0.238542 0.394849
vt 0.201068 0.379675
vt 0.109406 0.426472
vt 0.098355 0.426472
vt 0.109406 0.385837
vt 0.098355 0.385837
vt 0.273678 0.026893
vt 0.275693 0.016492
vt 0.303129 0.038713
vt 0.309165 0.029973
vt 0.277731 0.006001
vt 0.315232 0.021137
vt 0.109406 0.918764
vt 0.098355 0.918764
vt 0.109406 0.879381
vt 0.098355 0.879381
vt 0.109406 0.540226
vt 0.109406 0.59468
vt 0.098355 0.540226
vt 0.098355 0.59468
vt 0.329587 0.348933
vt 0.340087 0.298785
vt 0.33918 0.353684
vt 0.350498 0.299677
vt 0.320091 0.344018
vt 0.329702 0.29774
vt 0.109406 0.040128
vt 0.109406 0.095359
vt 0.098355 0.040128
vt 0.098355 0.095359
vt 0.186761 0.052036
vt 0.176309 0.102163
vt 0.177177 0.047296
vt 0.165907 0.101272
vt 0.196265 0.056938
vt 0.186697 0.103205
vt 0.098355 0.790655
vt 0.012555 0.790655
vt 0.012555 0.59468
vt 0.012555 0.095359
vt 0.012555 0.294888
vt 0.098355 0.294888
vt 0.012555 0.385837
vt 0.012555 0.426472
vt 0.098355 0.46538
vt 0.012555 0.46538
vt 0.098355 0.505384
vt 0.012555 0.505384
vt 0.012555 0.35024
vt 0.098355 0.35024
vt 0.012555 0.040128
vt 0.098355 0.005071
vt 0.012555 0.005071
vt 0.012555 0.540226
vt 0.012555 0.879381
vt 0.098355 0.844858
vt 0.012555 0.844858
vt 0.303129 0.362173
vt 0.012555 0.918764
vt 0.012555 0.996032
vt 0.012555 0.956835
vt 0.098355 0.996032
vt 0.098355 0.956835
vt 0.27368 0.373992
vt 0.186696 0.29768
vt 0.196263 0.343946
vt 0.213198 0.038767
vt 0.242617 0.026915
vt 0.329703 0.103145
vt 0.320092 0.056869
vt 0.388311 0.056008
vt 0.38787 0.079936
vt 0.374386 0.10178
vt 0.379612 0.121597
vt 0.404541 0.037982
vt 0.405958 0.060023
vt 0.433011 0.025888
vt 0.433877 0.048077
vt 0.463231 0.025333
vt 0.492068 0.03641
vt 0.463162 0.047514
vt 0.491369 0.058425
vt 0.508841 0.05389
vt 0.50992 0.077778
vt 0.523966 0.099279
vt 0.519206 0.119285
vt 0.514992 0.34027
vt 0.515159 0.315665
vt 0.528557 0.293168
vt 0.522855 0.273389
vt 0.497767 0.359393
vt 0.496485 0.336097
vt 0.467195 0.372005
vt 0.466661 0.348437
vt 0.435232 0.37188
vt 0.43574 0.348593
vt 0.405436 0.359567
vt 0.406577 0.33685
vt 0.388622 0.341157
vt 0.388054 0.316966
vt 0.374408 0.295005
vt 0.37963 0.275178
vt 0.275694 0.384394
vt 0.109406 0.46538
vt 0.277731 0.394883
vt 0.109406 0.35024
vt 0.18676 0.348849
vt 0.177177 0.35359
vt 0.504157 0.368381
vt 0.524878 0.345055
vt 0.00217 0.385837
vt 0.00217 0.35024
vt 0.511065 0.378113
vt 0.534868 0.349637
vt 0.469251 0.38282
vt 0.471301 0.393782
vt 0.00217 0.426472
vt 0.309164 0.370912
vt 0.109406 0.505384
vt 0.315233 0.379749
vt 0.43307 0.382497
vt 0.430839 0.393207
vt 0.00217 0.46538
vt 0.399249 0.368328
vt 0.392991 0.377164
vt 0.00217 0.505384
vt 0.49781 0.027785
vt 0.46502 0.015187
vt 0.00217 0.996032
vt 0.00217 0.956835
vt 0.503575 0.019065
vt 0.466829 0.004946
vt 0.430861 0.015808
vt 0.00217 0.918764
vt 0.428689 0.005638
vt 0.398516 0.029549
vt 0.00217 0.879381
vt 0.392467 0.02103
vt 0.378911 0.051282
vt 0.00217 0.844858
vt 0.36946 0.046688
vt 0.20715 0.030035
vt 0.240593 0.016521
vt 0.201069 0.021209
vt 0.238544 0.006035
vt 0.109406 0.996032
vt 0.109406 0.956835
vt 0.109406 0.844858
vt 0.329588 0.051953
vt 0.339178 0.047201
vt 0.534261 0.294081
vt 0.00217 0.294888
vt 0.544687 0.294718
vt 0.518109 0.048894
vt 0.527426 0.044024
vt 0.00217 0.005071
vt 0.00217 0.040128
vt 0.176309 0.298723
vt 0.165906 0.299613
vt 0.109406 0.294888
vt 0.52959 0.098106
vt 0.00217 0.095359
vt 0.539915 0.09697
vt 0.340088 0.102103
vt 0.109406 0.790655
vt 0.350498 0.101207
vt 0.379081 0.346
vt 0.369466 0.35067
vt 0.00217 0.540226
vt 0.368771 0.296043
vt 0.35843 0.296921
vt 0.00217 0.59468
vt 0.36876 0.100748
vt 0.35844 0.09987
vt 0.00217 0.790655
vt 0.109406 0.005071
usemtl Power1SG
f 529/748/464 530/749/465 531/750/466
f 531/750/466 530/749/465 532/751/467
f 530/749/465 533/752/468 532/751/467
f 532/751/467 533/752/468 534/753/469
f 533/752/468 535/754/470 534/753/469
f 534/753/469 535/754/470 536/755/471
f 537/756/472 538/757/473 539/758/474
f 539/758/474 538/757/473 540/759/475
f 538/757/473 541/760/476 540/759/475
f 540/759/475 541/760/476 542/761/477
f 541/760/476 543/762/478 542/761/477
f 542/761/477 543/762/478 544/763/479
f 545/764/480 546/765/481 547/766/482
f 547/766/482 546/765/481 548/767/483
f 543/762/478 545/764/480 544/763/479
f 544/763/479 545/764/480 547/766/482
f 546/768/481 549/769/484 548/770/483
f 548/770/483 549/769/484 550/771/485
f 549/769/484 551/772/486 550/771/485
f 550/771/485 551/772/486 552/773/487
f 553/774/488 554/775/489 555/776/490
f 555/776/490 554/775/489 556/777/491
f 554/775/489 557/778/492 556/777/491
f 556/777/491 557/778/492 558/779/493
f 557/778/492 559/780/494 558/779/493
f 558/779/493 559/780/494 560/781/495
f 559/780/494 561/782/496 560/781/495
f 560/781/495 561/782/496 562/783/497
f 561/782/496 563/784/498 562/783/497
f 562/783/497 563/784/498 564/785/499
f 563/784/498 565/786/500 564/785/499
f 564/785/499 565/786/500 566/787/501
f 565/786/500 567/788/502 566/787/501
f 566/787/501 567/788/502 568/789/503
f 551/772/486 553/774/488 552/773/487
f 552/773/487 553/774/488 555/776/490
f 567/788/502 537/756/472 568/789/503
f 568/789/503 537/756/472 539/758/474
f 569/790/504 570/791/505 571/792/506
f 571/792/506 570/791/505 572/793/507
f 570/791/505 573/794/508 572/793/507
f 572/793/507 573/794/508 574/795/509
f 573/796/508 575/797/510 574/798/509
f 574/798/509 575/797/510 576/799/511
f 577/800/512 578/801/513 579/802/514
f 579/802/514 578/801/513 580/803/515
f 578/801/513 581/804/516 580/803/515
f 580/803/515 581/804/516 582/805/517
f 581/806/516 583/807/518 582/808/517
f 582/808/517 583/807/518 584/809/519
f 585/810/520 586/811/521 587/812/522
f 587/812/522 586/811/521 588/813/523
f 589/814/524 590/815/525 585/816/520
f 585/816/520 590/815/525 586/817/521
f 591/818/526 592/819/527 589/814/524
f 589/814/524 592/819/527 590/815/525
f 593/820/528 594/821/529 595/822/530
f 595/822/530 594/821/529 596/823/531
f 597/824/532 598/825/533 593/826/528
f 593/826/528 598/825/533 594/827/529
f 599/828/534 600/829/535 597/824/532
f 597/824/532 600/829/535 598/825/533
f 601/830/536 602/831/537 588/813/523
f 588/813/523 602/831/537 603/832/538
f 604/833/539 596/823/531 605/834/540
f 605/834/540 596/823/531 606/835/541
f 576/799/511 575/797/510 607/836/542
f 607/836/542 575/797/510 608/837/543
f 575/797/510 609/838/544 608/837/543
f 608/837/543 609/838/544 610/839/545
f 609/838/544 611/840/546 610/839/545
f 610/839/545 611/840/546 612/841/547
f 613/842/548 614/843/549 607/836/542
f 607/836/542 614/843/549 576/799/511
f 595/822/530 615/844/550 616/845/551
f 616/845/551 615/844/550 617/846/552
f 612/841/547 611/840/546 618/847/553
f 618/847/553 611/840/546 587/812/522
f 584/809/519 619/848/554 620/849/555
f 620/849/555 619/848/554 621/850/556
f 622/851/557 529/748/464 591/818/526
f 591/818/526 529/748/464 592/819/527
f 623/852/558 619/848/554 583/807/518
f 583/807/518 619/848/554 584/809/519
f 617/853/552 624/854/559 616/855/551
f 616/855/551 624/854/559 625/856/560
f 624/854/559 623/852/558 625/856/560
f 625/856/560 623/852/558 583/807/518
f 626/857/561 530/749/465 622/851/557
f 622/851/557 530/749/465 529/748/464
f 626/857/561 569/790/504 530/749/465
f 530/749/465 569/790/504 533/752/468
f 569/790/504 571/792/506 533/752/468
f 533/752/468 571/792/506 535/754/470
f 627/858/562 535/754/470 628/859/563
f 628/859/563 535/754/470 571/792/506
f 606/835/541 614/843/549 605/834/540
f 605/834/540 614/843/549 613/842/548
f 587/812/522 588/813/523 618/847/553
f 618/847/553 588/813/523 603/832/538
f 595/822/530 596/823/531 615/844/550
f 615/844/550 596/823/531 604/833/539
f 601/830/536 620/849/555 602/831/537
f 602/831/537 620/849/555 621/850/556
f 600/829/535 599/828/534 536/755/471
f 536/755/471 599/828/534 629/860/564
f 536/755/471 629/860/564 534/753/469
f 534/753/469 629/860/564 630/861/565
f 532/751/467 534/753/469 577/800/512
f 577/800/512 534/753/469 630/861/565
f 531/750/466 532/751/467 579/802/514
f 579/802/514 532/751/467 577/800/512
f 631/862/566 531/750/466 632/863/567
f 632/863/567 531/750/466 579/802/514
f 592/819/527 529/748/464 631/862/566
f 631/862/566 529/748/464 531/750/466
f 600/829/535 536/755/471 627/858/562
f 627/858/562 536/755/471 535/754/470
f 633/864/568 538/865/473 634/866/569
f 634/866/569 538/865/473 537/867/472
f 635/868/570 541/869/476 633/864/568
f 633/864/568 541/869/476 538/865/473
f 636/870/571 543/871/478 635/868/570
f 635/868/570 543/871/478 541/869/476
f 637/872/572 638/873/573 545/874/480
f 545/874/480 638/873/573 546/875/481
f 636/870/571 637/872/572 543/871/478
f 543/871/478 637/872/572 545/874/480
f 638/873/573 639/876/574 546/875/481
f 546/875/481 639/876/574 549/877/484
f 639/876/574 640/878/575 549/877/484
f 549/877/484 640/878/575 551/879/486
f 641/880/576 554/881/489 642/882/577
f 642/882/577 554/881/489 553/883/488
f 643/884/578 557/885/492 641/880/576
f 641/880/576 557/885/492 554/881/489
f 644/886/579 559/887/494 643/884/578
f 643/884/578 559/887/494 557/885/492
f 644/886/579 645/888/580 559/887/494
f 559/887/494 645/888/580 561/889/496
f 645/888/580 646/890/581 561/889/496
f 561/889/496 646/890/581 563/891/498
f 646/890/581 647/892/582 563/891/498
f 563/891/498 647/892/582 565/893/500
f 647/892/582 648/894/583 565/893/500
f 565/893/500 648/894/583 567/895/502
f 640/878/575 642/882/577 551/879/486
f 551/879/486 642/882/577 553/883/488
f 648/894/583 634/866/569 567/895/502
f 567/895/502 634/866/569 537/867/472
f 570/791/505 569/790/504 649/896/584
f 649/896/584 569/790/504 626/857/561
f 575/797/510 573/796/508 609/838/544
f 609/838/544 573/796/508 650/897/585
f 573/794/508 570/791/505 650/898/585
f 650/898/585 570/791/505 649/896/584
f 574/798/509 576/799/511 651/899/586
f 651/899/586 576/799/511 614/843/549
f 571/792/506 572/793/507 628/859/563
f 628/859/563 572/793/507 652/900/587
f 572/793/507 574/795/509 652/900/587
f 652/900/587 574/795/509 651/901/586
f 643/884/578 641/880/576 653/902/588
f 653/902/588 641/880/576 654/903/589
f 655/904/590 656/905/591 607/836/542
f 607/836/542 656/905/591 613/842/548
f 653/902/588 654/903/589 655/906/590
f 655/906/590 654/903/589 656/907/591
f 653/902/588 657/908/592 643/884/578
f 643/884/578 657/908/592 644/886/579
f 655/906/590 658/909/593 653/902/588
f 653/902/588 658/909/593 657/908/592
f 607/836/542 608/837/543 655/904/590
f 655/904/590 608/837/543 658/910/593
f 626/857/561 622/851/557 649/896/584
f 649/896/584 622/851/557 659/911/594
f 650/897/585 660/912/595 609/838/544
f 609/838/544 660/912/595 611/840/546
f 649/896/584 659/911/594 650/898/585
f 650/898/585 659/911/594 660/913/595
f 644/886/579 657/908/592 645/888/580
f 645/888/580 657/908/592 661/914/596
f 657/908/592 658/909/593 661/914/596
f 661/914/596 658/909/593 662/915/597
f 658/910/593 608/837/543 662/916/597
f 662/916/597 608/837/543 610/839/545
f 645/888/580 661/914/596 646/890/581
f 646/890/581 661/914/596 663/917/598
f 661/914/596 662/915/597 663/917/598
f 663/917/598 662/915/597 664/918/599
f 662/916/597 610/839/545 664/919/599
f 664/919/599 610/839/545 612/841/547
f 665/920/600 638/873/573 666/921/601
f 666/921/601 638/873/573 637/872/572
f 617/853/552 667/922/602 624/854/559
f 624/854/559 667/922/602 668/923/603
f 667/924/602 665/920/600 668/925/603
f 668/925/603 665/920/600 666/921/601
f 666/921/601 637/872/572 669/926/604
f 669/926/604 637/872/572 636/870/571
f 624/854/559 668/923/603 623/852/558
f 623/852/558 668/923/603 670/927/605
f 668/925/603 666/921/601 670/928/605
f 670/928/605 666/921/601 669/926/604
f 636/870/571 635/868/570 669/926/604
f 669/926/604 635/868/570 671/929/606
f 670/927/605 672/930/607 623/852/558
f 623/852/558 672/930/607 619/848/554
f 669/926/604 671/929/606 670/928/605
f 670/928/605 671/929/606 672/931/607
f 635/868/570 633/864/568 671/929/606
f 671/929/606 633/864/568 673/932/608
f 672/930/607 674/933/609 619/848/554
f 619/848/554 674/933/609 621/850/556
f 671/929/606 673/932/608 672/931/607
f 672/931/607 673/932/608 674/934/609
f 675/935/610 676/936/611 629/860/564
f 629/860/564 676/936/611 630/861/565
f 677/937/612 678/938/613 675/935/610
f 675/935/610 678/938/613 676/936/611
f 616/855/551 625/856/560 677/939/612
f 677/939/612 625/856/560 678/940/613
f 630/861/565 676/936/611 577/800/512
f 577/800/512 676/936/611 578/801/513
f 676/936/611 678/938/613 578/801/513
f 578/801/513 678/938/613 581/804/516
f 678/940/613 625/856/560 581/806/516
f 581/806/516 625/856/560 583/807/518
f 582/808/517 584/809/519 679/941/614
f 679/941/614 584/809/519 620/849/555
f 579/802/514 580/803/515 632/863/567
f 632/863/567 580/803/515 680/942/615
f 580/803/515 582/805/517 680/942/615
f 680/942/615 582/805/517 679/943/614
f 641/880/576 642/882/577 654/903/589
f 654/903/589 642/882/577 681/944/616
f 656/905/591 682/945/617 613/842/548
f 613/842/548 682/945/617 605/834/540
f 654/903/589 681/944/616 656/907/591
f 656/907/591 681/944/616 682/946/617
f 638/873/573 665/920/600 639/876/574
f 639/876/574 665/920/600 683/947/618
f 665/920/600 667/924/602 683/947/618
f 683/947/618 667/924/602 684/948/619
f 667/949/602 617/846/552 684/950/619
f 684/950/619 617/846/552 615/844/550
f 660/912/595 585/810/520 611/840/546
f 611/840/546 585/810/520 587/812/522
f 659/911/594 589/814/524 660/913/595
f 660/913/595 589/814/524 585/816/520
f 622/851/557 591/818/526 659/911/594
f 659/911/594 591/818/526 589/814/524
f 628/859/563 652/900/587 627/858/562
f 627/858/562 652/900/587 685/951/620
f 652/900/587 651/901/586 685/951/620
f 685/951/620 651/901/586 686/952/621
f 651/899/586 614/843/549 686/953/621
f 686/953/621 614/843/549 606/835/541
f 681/944/616 642/882/577 687/954/622
f 687/954/622 642/882/577 640/878/575
f 605/834/540 682/945/617 604/833/539
f 604/833/539 682/945/617 688/955/623
f 682/946/617 681/944/616 688/956/623
f 688/956/623 681/944/616 687/954/622
f 639/876/574 683/947/618 640/878/575
f 640/878/575 683/947/618 687/954/622
f 683/947/618 684/948/619 687/954/622
f 687/954/622 684/948/619 688/956/623
f 684/950/619 615/844/550 688/955/623
f 688/955/623 615/844/550 604/833/539
f 590/815/525 592/819/527 689/957/624
f 689/957/624 592/819/527 631/862/566
f 588/813/523 586/811/521 601/830/536
f 601/830/536 586/811/521 690/958/625
f 586/817/521 590/815/525 690/959/625
f 690/959/625 590/815/525 689/957/624
f 646/890/581 663/917/598 647/892/582
f 647/892/582 663/917/598 691/960/626
f 663/917/598 664/918/599 691/960/626
f 691/960/626 664/918/599 692/961/627
f 664/919/599 612/841/547 692/962/627
f 692/962/627 612/841/547 618/847/553
f 647/892/582 691/960/626 648/894/583
f 648/894/583 691/960/626 693/963/628
f 691/960/626 692/961/627 693/963/628
f 693/963/628 692/961/627 694/964/629
f 692/962/627 618/847/553 694/965/629
f 694/965/629 618/847/553 603/832/538
f 648/894/583 693/963/628 634/866/569
f 634/866/569 693/963/628 695/966/630
f 693/963/628 694/964/629 695/966/630
f 695/966/630 694/964/629 696/967/631
f 694/965/629 603/832/538 696/968/631
f 696/968/631 603/832/538 602/831/537
f 677/969/612 593/820/528 616/845/551
f 616/845/551 593/820/528 595/822/530
f 675/935/610 597/824/532 677/937/612
f 677/937/612 597/824/532 593/826/528
f 629/860/564 599/828/534 675/935/610
f 675/935/610 599/828/534 597/824/532
f 627/858/562 685/951/620 600/829/535
f 600/829/535 685/951/620 598/825/533
f 685/951/620 686/952/621 598/825/533
f 598/825/533 686/952/621 594/827/529
f 686/953/621 606/835/541 594/821/529
f 594/821/529 606/835/541 596/823/531
f 632/863/567 680/942/615 631/862/566
f 631/862/566 680/942/615 689/957/624
f 680/942/615 679/943/614 689/957/624
f 689/957/624 679/943/614 690/959/625
f 679/941/614 620/849/555 690/958/625
f 690/958/625 620/849/555 601/830/536
f 695/966/630 673/932/608 634/866/569
f 634/866/569 673/932/608 633/864/568
f 696/967/631 674/934/609 695/966/630
f 695/966/630 674/934/609 673/932/608
f 602/831/537 621/850/556 696/968/631
f 696/968/631 621/850/556 674/933/609
s off
g IchigoAme_Stove_Power2SG
v 1.30116 0.011456 1.2085
v 1.32081 -0.026629 1.21453
v 1.30116 -0.006562 1.09478
v 1.32081 -0.044646 1.10082
v 1.27056 0.04168 1.20371
v 1.27056 0.023662 1.08999
v 1.232 0.061085 1.20063
v 1.232 0.043068 1.08692
v 1.18926 0.067772 1.19957
v 1.18926 0.049754 1.08586
v 1.14651 0.061085 1.20063
v 1.14651 0.043068 1.08692
v 1.10795 0.04168 1.20371
v 1.10795 0.023662 1.08999
v 1.07735 0.011456 1.2085
v 1.07735 -0.006562 1.09478
v 1.05771 -0.026629 1.21453
v 1.05771 -0.044646 1.10082
v 1.05094 -0.068845 1.22122
v 1.05094 -0.086864 1.10751
v 1.05771 -0.111063 1.22791
v 1.05771 -0.129081 1.1142
v 1.07735 -0.149148 1.23394
v 1.07735 -0.167165 1.12023
v 1.10795 -0.179371 1.23873
v 1.10795 -0.197389 1.12502
v 1.14651 -0.198777 1.24181
v 1.14651 -0.216795 1.12809
v 1.18926 -0.205463 1.24287
v 1.18926 -0.223481 1.12916
v 1.232 -0.198777 1.24181
v 1.232 -0.216795 1.12809
v 1.27056 -0.179371 1.23873
v 1.27056 -0.197389 1.12502
v 1.30116 -0.149148 1.23394
v 1.30116 -0.167165 1.12023
v 1.32081 -0.111063 1.22791
v 1.32081 -0.129081 1.1142
v 1.32758 -0.068845 1.22122
v 1.32758 -0.086864 1.10751
v 1.37251 -0.007157 1.23008
v 1.34514 0.045895 1.22167
v 1.37251 -0.003516 1.25306
v 1.34514 0.049537 1.24465
v 1.30251 0.087997 1.215
v 1.30251 0.091638 1.23798
v 1.2488 0.115028 1.21072
v 1.2488 0.11867 1.2337
v 1.18926 0.124343 1.20924
v 1.18926 0.127984 1.23222
v 1.12971 0.115028 1.21072
v 1.12971 0.11867 1.2337
v 1.076 0.087997 1.215
v 1.076 0.091638 1.23798
v 1.03337 0.045895 1.22167
v 1.03337 0.049537 1.24465
v 1.00601 -0.007157 1.23008
v 1.00601 -0.003516 1.25306
v 0.996575 -0.065967 1.2394
v 0.996575 -0.062325 1.26238
v 1.00601 -0.124775 1.24872
v 1.00601 -0.121134 1.2717
v 1.03337 -0.177828 1.25712
v 1.03337 -0.174186 1.2801
v 1.076 -0.219929 1.26379
v 1.076 -0.216288 1.28677
v 1.12971 -0.246959 1.26807
v 1.12971 -0.243318 1.29105
v 1.18926 -0.256274 1.26955
v 1.18926 -0.252632 1.29253
v 1.2488 -0.246959 1.26807
v 1.2488 -0.243318 1.29105
v 1.30251 -0.219929 1.26379
v 1.30251 -0.216288 1.28677
v 1.34514 -0.177828 1.25712
v 1.34514 -0.174186 1.2801
v 1.37251 -0.124775 1.24872
v 1.37251 -0.121134 1.2717
v 1.38194 -0.065967 1.2394
v 1.38194 -0.062325 1.26238
v 1.35483 -0.006316 1.27209
v 1.3301 0.041618 1.26449
v 1.18926 -0.059452 1.28051
v 1.29159 0.079659 1.25847
v 1.24306 0.104082 1.2546
v 1.18926 0.112498 1.25326
v 1.13546 0.104082 1.2546
v 1.08693 0.079659 1.25847
v 1.04841 0.041618 1.26449
v 1.02368 -0.006316 1.27209
v 1.01516 -0.059452 1.28051
v 1.02368 -0.112587 1.28893
v 1.04841 -0.160522 1.29652
v 1.08693 -0.198562 1.30255
v 1.13546 -0.222985 1.30642
v 1.18926 -0.231401 1.30775
v 1.24306 -0.222985 1.30642
v 1.29159 -0.198562 1.30255
v 1.3301 -0.160522 1.29652
v 1.35483 -0.112587 1.28893
v 1.36335 -0.059452 1.28051
v 1.33011 0.032234 1.20524
v 1.35484 -0.015703 1.21283
v 1.29159 0.070276 1.19921
v 1.24306 0.094702 1.19534
v 1.18926 0.103119 1.19401
v 1.13546 0.094702 1.19534
v 1.08692 0.070276 1.19921
v 1.0484 0.032234 1.20524
v 1.02367 -0.015703 1.21283
v 1.01515 -0.068841 1.22125
v 1.02367 -0.12198 1.22967
v 1.0484 -0.169916 1.23727
v 1.08692 -0.207958 1.24329
v 1.13546 -0.232383 1.24716
v 1.18926 -0.240799 1.2485
v 1.24306 -0.232383 1.24716
v 1.29159 -0.207958 1.24329
v 1.33011 -0.169916 1.23727
v 1.35484 -0.12198 1.22967
v 1.36336 -0.068841 1.22125
v 1.36368 -0.012481 1.21482
v 1.33763 0.038014 1.20682
v 1.37014 -0.009353 1.22113
v 1.34313 0.043014 1.21284
v 1.29705 0.078086 1.20047
v 1.30105 0.084572 1.20625
v 1.24593 0.103816 1.1964
v 1.24803 0.111256 1.20203
v 1.18926 0.11268 1.19499
v 1.18926 0.120448 1.20057
v 1.13258 0.103816 1.1964
v 1.13048 0.111256 1.20203
v 1.08146 0.078086 1.20047
v 1.07746 0.084572 1.20625
v 1.04089 0.038014 1.20682
v 1.03539 0.043014 1.21284
v 1.01484 -0.012481 1.21482
v 1.00837 -0.009353 1.22113
v 1.00586 -0.068455 1.22369
v 0.999064 -0.067402 1.23033
v 1.01484 -0.124428 1.23256
v 1.00837 -0.125451 1.23953
v 1.04089 -0.174923 1.24056
v 1.03539 -0.177819 1.24783
v 1.08146 -0.214995 1.24691
v 1.07746 -0.219376 1.25441
v 1.13258 -0.240724 1.25099
v 1.13048 -0.246059 1.25864
v 1.18926 -0.249589 1.25239
v 1.18926 -0.255253 1.2601
v 1.24593 -0.240724 1.25099
v 1.24803 -0.246059 1.25864
v 1.29705 -0.214995 1.24691
v 1.30105 -0.219376 1.25441
v 1.33763 -0.174923 1.24056
v 1.34313 -0.177819 1.24783
v 1.36368 -0.124428 1.23256
v 1.37014 -0.125451 1.23953
v 1.37265 -0.068455 1.22369
v 1.37945 -0.067402 1.23033
v 1.36367 -0.003865 1.26921
v 1.37265 -0.059837 1.27808
v 1.37014 -0.00284 1.26225
v 1.37945 -0.060888 1.27144
v 1.33762 0.046629 1.26121
v 1.34313 0.049527 1.25395
v 1.29705 0.0867 1.25486
v 1.30105 0.091086 1.24736
v 1.24593 0.112428 1.25078
v 1.24803 0.117767 1.24314
v 1.18926 0.121293 1.24938
v 1.18926 0.12696 1.24168
v 1.13259 0.112428 1.25078
v 1.13048 0.117767 1.24314
v 1.08146 0.0867 1.25486
v 1.07746 0.091086 1.24736
v 1.04089 0.046629 1.26121
v 1.03539 0.049527 1.25395
v 1.01484 -0.003865 1.26921
v 1.00837 -0.00284 1.26225
v 1.00587 -0.059837 1.27808
v 0.999067 -0.060888 1.27144
v 1.01484 -0.115809 1.28695
v 1.00837 -0.118937 1.28064
v 1.04089 -0.166302 1.29495
v 1.03539 -0.171303 1.28894
v 1.08146 -0.206374 1.3013
v 1.07746 -0.212861 1.29552
v 1.13259 -0.2321 1.30537
v 1.13048 -0.239543 1.29975
v 1.18926 -0.240966 1.30678
v 1.18926 -0.248736 1.30121
v 1.24593 -0.2321 1.30537
v 1.24803 -0.239543 1.29975
v 1.29705 -0.206374 1.3013
v 1.30105 -0.212861 1.29552
v 1.33762 -0.166302 1.29495
v 1.34313 -0.171303 1.28894
v 1.36367 -0.115809 1.28695
v 1.37014 -0.118937 1.28064
vn 0.754739 0.48526 -0.441466
vn 0.887263 0.228401 -0.400746
vn 0.809007 0.580557 -0.091989
vn 0.951056 0.30521 -0.048361
vn 0.548372 0.689094 -0.473749
vn 0.587794 0.799042 -0.126607
vn 0.2883 0.819974 -0.494495
vn 0.309032 0.939333 -0.148836
vn -0 0.865082 -0.501631
vn 0 0.987679 -0.156497
vn -0.288305 0.819973 -0.494495
vn -0.309037 0.939332 -0.148836
vn -0.548366 0.689103 -0.473743
vn -0.587786 0.799048 -0.126608
vn -0.754738 0.48526 -0.441467
vn -0.809007 0.580557 -0.091989
vn -0.887269 0.228389 -0.400739
vn -0.951061 0.305194 -0.048358
vn -0.932929 -0.056359 -0.355621
vn -1 -4e-06 1e-06
vn -0.887266 -0.341074 -0.310529
vn -0.951063 -0.305191 0.048358
vn -0.754751 -0.597956 -0.269815
vn -0.809008 -0.580554 0.091988
vn -0.548351 -0.801808 -0.237518
vn -0.587776 -0.799055 0.12661
vn -0.288298 -0.932678 -0.216785
vn -0.309028 -0.939335 0.148835
vn -0 -0.977781 -0.209629
vn 0 -0.987679 0.156493
vn 0.288293 -0.93268 -0.216785
vn 0.309023 -0.939337 0.148835
vn 0.548358 -0.801801 -0.237526
vn 0.587784 -0.79905 0.126609
vn 0.754751 -0.597956 -0.269814
vn 0.809008 -0.580554 0.091988
vn 0.887259 -0.341089 -0.310532
vn 0.951057 -0.305207 0.04836
vn 0.932929 -0.056359 -0.355621
vn 1 -4e-06 1e-06
vn 0.948403 0.292661 -0.121994
vn 0.806761 0.567229 -0.165492
vn 0.948398 0.316047 0.025606
vn 0.806758 0.59061 -0.017918
vn 0.586145 0.785128 -0.200021
vn 0.586138 0.808512 -0.052457
vn 0.308149 0.925028 -0.222189
vn 0.308148 0.948408 -0.07461
vn 0 0.973232 -0.229826
vn 0 0.996613 -0.08223
vn -0.308153 0.925027 -0.222189
vn -0.308151 0.948407 -0.07461
vn -0.586145 0.785128 -0.200021
vn -0.586138 0.808512 -0.052457
vn -0.806761 0.567229 -0.165491
vn -0.806758 0.59061 -0.017918
vn -0.948403 0.292661 -0.121994
vn -0.948398 0.316047 0.025606
vn -0.997206 -0.011692 -0.07378
vn -0.997201 0.0117 0.07384
vn -0.948402 -0.31604 -0.025548
vn -0.948398 -0.292653 0.122051
vn -0.806759 -0.590607 0.017958
vn -0.806757 -0.56722 0.165542
vn -0.586133 -0.808514 0.052483
vn -0.58613 -0.785129 0.20006
vn -0.308146 -0.948405 0.074656
vn -0.308144 -0.925021 0.222224
vn 0 -0.996607 0.082304
vn 0 -0.973222 0.229868
vn 0.308142 -0.948407 0.074656
vn 0.308141 -0.925022 0.222224
vn 0.586133 -0.808514 0.052483
vn 0.58613 -0.785129 0.20006
vn 0.806759 -0.590607 0.017958
vn 0.806758 -0.56722 0.165542
vn 0.948402 -0.31604 -0.025548
vn 0.948398 -0.292652 0.122051
vn 0.997206 -0.011692 -0.07378
vn 0.997202 0.0117 0.073841
vn 0.029654 0.165936 0.985691
vn 0.025218 0.174515 0.984332
vn -0 0.156501 0.987678
vn 0.018319 0.181324 0.983253
vn 0.009631 0.185701 0.982559
vn -0 0.187211 0.98232
vn -0.009631 0.1857 0.982559
vn -0.018319 0.181324 0.983253
vn -0.025219 0.174515 0.984332
vn -0.029654 0.165935 0.985691
vn -0.031189 0.156432 0.987196
vn -0.029659 0.146903 0.988706
vn -0.025237 0.138311 0.990067
vn -0.018341 0.131509 0.991145
vn -0.009637 0.127131 0.991839
vn -0 0.125628 0.992077
vn 0.009637 0.127131 0.991839
vn 0.018341 0.131509 0.991145
vn 0.025237 0.138311 0.990067
vn 0.029659 0.146902 0.988706
vn 0.031188 0.156432 0.987196
vn 0.057504 -0.114835 -0.991719
vn 0.067602 -0.134385 -0.988621
vn 0.041792 -0.099307 -0.994179
vn 0.021965 -0.089313 -0.995761
vn -0 -0.08588 -0.996305
vn -0.021964 -0.089313 -0.995761
vn -0.041792 -0.099307 -0.994179
vn -0.057504 -0.114835 -0.991719
vn -0.067602 -0.134385 -0.988621
vn -0.071094 -0.156119 -0.985176
vn -0.067618 -0.177807 -0.98174
vn -0.057531 -0.197363 -0.978641
vn -0.041796 -0.21291 -0.976177
vn -0.021965 -0.222884 -0.974598
vn -0 -0.226332 -0.97405
vn 0.021966 -0.222884 -0.974597
vn 0.041797 -0.212911 -0.976177
vn 0.05753 -0.197362 -0.978641
vn 0.067618 -0.177806 -0.98174
vn 0.071094 -0.156119 -0.985176
vn 0.495035 0.025225 -0.868507
vn 0.421075 0.168528 -0.891232
vn 0.82913 0.189408 -0.525993
vn 0.705296 0.429433 -0.564044
vn 0.305923 0.282264 -0.909251
vn 0.512404 0.619899 -0.594279
vn 0.160841 0.355308 -0.920808
vn 0.269385 0.742209 -0.613642
vn -0 0.380463 -0.924796
vn 0 0.784353 -0.620315
vn -0.16085 0.355306 -0.920806
vn -0.269385 0.742216 -0.613635
vn -0.305925 0.282263 -0.909251
vn -0.512408 0.619903 -0.594272
vn -0.421075 0.168528 -0.891232
vn -0.705296 0.429433 -0.564043
vn -0.495035 0.025225 -0.868507
vn -0.82913 0.189409 -0.525992
vn -0.520528 -0.133634 -0.843322
vn -0.871782 -0.076665 -0.483859
vn -0.495055 -0.292476 -0.818156
vn -0.829114 -0.342733 -0.441706
vn -0.421112 -0.435803 -0.79545
vn -0.70528 -0.582765 -0.403689
vn -0.305961 -0.549558 -0.777415
vn -0.512409 -0.773268 -0.37349
vn -0.160856 -0.622571 -0.765853
vn -0.269398 -0.895575 -0.354077
vn 0 -0.647728 -0.761872
vn 0 -0.937717 -0.3474
vn 0.160846 -0.622572 -0.765854
vn 0.269399 -0.895571 -0.354086
vn 0.305959 -0.549558 -0.777416
vn 0.512406 -0.773266 -0.373497
vn 0.421112 -0.435803 -0.79545
vn 0.70528 -0.582765 -0.403689
vn 0.495055 -0.292476 -0.818156
vn 0.829114 -0.342734 -0.441706
vn 0.520528 -0.133634 -0.843322
vn 0.871782 -0.076664 -0.483859
vn 0.494374 0.292339 0.818616
vn 0.519836 0.133687 0.843741
vn 0.828952 0.34272 0.44202
vn 0.871623 0.076714 0.484136
vn 0.42053 0.435465 0.795943
vn 0.705146 0.58271 0.404002
vn 0.305533 0.549032 0.777955
vn 0.512321 0.773174 0.373805
vn 0.160609 0.621954 0.766406
vn 0.269346 0.895448 0.354437
vn -0 0.647088 0.762416
vn 0 0.937582 0.347765
vn -0.160611 0.621953 0.766406
vn -0.269349 0.895447 0.354437
vn -0.305533 0.549032 0.777955
vn -0.512321 0.773174 0.373805
vn -0.42053 0.435465 0.795943
vn -0.705147 0.58271 0.404001
vn -0.494374 0.29234 0.818616
vn -0.828952 0.34272 0.44202
vn -0.519836 0.133687 0.843741
vn -0.871624 0.076713 0.484136
vn -0.494378 -0.024949 0.868889
vn -0.828954 -0.189294 0.526311
vn -0.42051 -0.168058 0.891587
vn -0.705136 -0.429263 0.564372
vn -0.305521 -0.281643 0.909579
vn -0.512311 -0.619728 0.594538
vn -0.160624 -0.354595 0.92112
vn -0.269344 -0.742027 0.613881
vn -0 -0.37975 0.925089
vn 0 -0.784172 0.620543
vn 0.160622 -0.354595 0.921121
vn 0.269341 -0.742028 0.613882
vn 0.305521 -0.281642 0.90958
vn 0.512311 -0.619728 0.594538
vn 0.42051 -0.168058 0.891587
vn 0.705136 -0.429263 0.564372
vn 0.494378 -0.024949 0.868889
vn 0.828954 -0.189294 0.526311
vt 0.056009 0.618096
vt 0.056009 0.581935
vt 0.15215 0.61806
vt 0.152151 0.58197
vt 0.056031 0.654241
vt 0.152188 0.654175
vt 0.056088 0.690397
vt 0.152232 0.690287
vt 0.056132 0.726537
vt 0.152283 0.726427
vt 0.055799 0.040149
vt 0.055811 0.003968
vt 0.151976 0.040194
vt 0.152023 0.004052
vt 0.055817 0.076317
vt 0.151957 0.076304
vt 0.055868 0.11245
vt 0.151969 0.112399
vt 0.055914 0.148561
vt 0.152001 0.148502
vt 0.055937 0.184643
vt 0.152026 0.184628
vt 0.055933 0.22075
vt 0.152027 0.220744
vt 0.055905 0.256857
vt 0.152013 0.256859
vt 0.055897 0.292992
vt 0.152022 0.292964
vt 0.055905 0.329152
vt 0.15205 0.329073
vt 0.055949 0.365288
vt 0.152099 0.365213
vt 0.056007 0.401439
vt 0.152136 0.401359
vt 0.056042 0.437532
vt 0.152154 0.437512
vt 0.056073 0.473626
vt 0.152141 0.473636
vt 0.05605 0.509704
vt 0.152136 0.509743
vt 0.056033 0.54581
vt 0.152137 0.545845
vt 0.019382 0.109578
vt 0.019382 0.057025
vt 0.038607 0.109578
vt 0.038607 0.057025
vt 0.019382 0.004874
vt 0.038607 0.004874
vt 0.019382 0.996032
vt 0.019382 0.947123
vt 0.038607 0.996032
vt 0.038607 0.947123
vt 0.019382 0.89803
vt 0.038607 0.89803
vt 0.019382 0.848885
vt 0.038607 0.848885
vt 0.019382 0.799729
vt 0.038607 0.799729
vt 0.019382 0.750539
vt 0.038607 0.750539
vt 0.019382 0.701114
vt 0.038607 0.701114
vt 0.019382 0.6515
vt 0.038607 0.6515
vt 0.019382 0.602017
vt 0.038607 0.602017
vt 0.019382 0.552944
vt 0.038607 0.552944
vt 0.019382 0.504336
vt 0.038607 0.504336
vt 0.019382 0.456213
vt 0.038607 0.456213
vt 0.019382 0.408502
vt 0.038607 0.408502
vt 0.019382 0.36086
vt 0.038607 0.36086
vt 0.019382 0.312879
vt 0.038607 0.312879
vt 0.019382 0.264075
vt 0.038607 0.264075
vt 0.019382 0.214195
vt 0.038607 0.214195
vt 0.019382 0.16294
vt 0.038607 0.16294
vt 0.368991 0.027861
vt 0.409522 0.048641
vt 0.323994 0.166344
vt 0.441683 0.080933
vt 0.462249 0.121564
vt 0.469242 0.166534
vt 0.462008 0.211379
vt 0.441313 0.251784
vt 0.409183 0.283843
vt 0.368739 0.304431
vt 0.323929 0.311526
vt 0.279127 0.304431
vt 0.23871 0.283837
vt 0.20663 0.251759
vt 0.186012 0.21133
vt 0.178862 0.166509
vt 0.185869 0.121655
vt 0.206375 0.081122
vt 0.238464 0.048852
vt 0.278985 0.02807
vt 0.323985 0.020849
vt 0.765772 0.074083
vt 0.786348 0.114656
vt 0.741582 0.091644
vt 0.757928 0.123868
vt 0.733601 0.041912
vt 0.716037 0.066101
vt 0.693027 0.021335
vt 0.683816 0.049755
vt 0.648124 0.014244
vt 0.648125 0.04411
vt 0.603221 0.021357
vt 0.612448 0.04976
vt 0.56271 0.041998
vt 0.580266 0.066159
vt 0.530562 0.074146
vt 0.554723 0.0917
vt 0.509922 0.114655
vt 0.538326 0.123883
vt 0.502812 0.159559
vt 0.532676 0.159558
vt 0.509922 0.204464
vt 0.538326 0.195235
vt 0.530562 0.244972
vt 0.554723 0.227418
vt 0.56271 0.27712
vt 0.580266 0.252959
vt 0.603221 0.297759
vt 0.612448 0.269357
vt 0.648124 0.304871
vt 0.648124 0.275008
vt 0.693028 0.297759
vt 0.6838 0.269357
vt 0.733538 0.27712
vt 0.715982 0.252959
vt 0.765686 0.244972
vt 0.741524 0.227418
vt 0.786326 0.204464
vt 0.757922 0.195235
vt 0.793436 0.159559
vt 0.763572 0.159557
vt 0.793985 0.112183
vt 0.772284 0.069374
vt 0.011366 0.109578
vt 0.011366 0.057025
vt 0.003193 0.109578
vt 0.003193 0.057025
vt 0.738309 0.0354
vt 0.011366 0.004874
vt 0.003193 0.004874
vt 0.6955 0.013698
vt 0.011366 0.996032
vt 0.011366 0.947123
vt 0.003193 0.996032
vt 0.003193 0.947123
vt 0.648122 0.006214
vt 0.011366 0.89803
vt 0.003193 0.89803
vt 0.600737 0.013719
vt 0.011366 0.848885
vt 0.003193 0.848885
vt 0.55799 0.035501
vt 0.011366 0.799729
vt 0.003193 0.799729
vt 0.524065 0.069425
vt 0.011366 0.750539
vt 0.003193 0.750539
vt 0.502284 0.112173
vt 0.011366 0.701114
vt 0.003193 0.701114
vt 0.494781 0.159559
vt 0.011366 0.6515
vt 0.003193 0.6515
vt 0.502284 0.206944
vt 0.011366 0.602017
vt 0.003193 0.602017
vt 0.524065 0.249693
vt 0.011366 0.552944
vt 0.003193 0.552944
vt 0.55799 0.283617
vt 0.011366 0.504336
vt 0.003193 0.504336
vt 0.600737 0.305398
vt 0.011366 0.456213
vt 0.003193 0.456213
vt 0.648124 0.312903
vt 0.011366 0.408502
vt 0.003193 0.408502
vt 0.69551 0.305397
vt 0.011366 0.36086
vt 0.003193 0.36086
vt 0.738258 0.283617
vt 0.011366 0.312879
vt 0.003193 0.312879
vt 0.772183 0.249692
vt 0.011366 0.264075
vt 0.003193 0.264075
vt 0.793964 0.206944
vt 0.011366 0.214195
vt 0.003193 0.214195
vt 0.801467 0.15956
vt 0.011366 0.16294
vt 0.003193 0.16294
vt 0.371398 0.02045
vt 0.323984 0.01281
vt 0.046735 0.109578
vt 0.046735 0.16294
vt 0.373886 0.01279
vt 0.323986 0.004753
vt 0.414248 0.042139
vt 0.418983 0.035617
vt 0.046735 0.057025
vt 0.448207 0.076218
vt 0.454745 0.071492
vt 0.046735 0.004874
vt 0.469903 0.119102
vt 0.477572 0.116634
vt 0.046735 0.996032
vt 0.046735 0.947123
vt 0.477274 0.16657
vt 0.485322 0.1666
vt 0.046735 0.89803
vt 0.469623 0.213878
vt 0.477256 0.21638
vt 0.046735 0.848885
vt 0.44779 0.2565
vt 0.454275 0.261231
vt 0.046735 0.799729
vt 0.413884 0.290332
vt 0.418597 0.296831
vt 0.046735 0.750539
vt 0.371211 0.312056
vt 0.373687 0.319692
vt 0.046735 0.701114
vt 0.323927 0.319544
vt 0.323926 0.32757
vt 0.046735 0.6515
vt 0.27665 0.312056
vt 0.274169 0.31969
vt 0.046735 0.602017
vt 0.234001 0.290325
vt 0.229284 0.29682
vt 0.046735 0.552944
vt 0.200148 0.256475
vt 0.193657 0.261198
vt 0.046735 0.504336
vt 0.178395 0.213816
vt 0.170762 0.216304
vt 0.046735 0.456213
vt 0.170849 0.166516
vt 0.162823 0.166533
vt 0.046735 0.408502
vt 0.178239 0.119203
vt 0.170593 0.116737
vt 0.046735 0.36086
vt 0.199856 0.07643
vt 0.193328 0.071724
vt 0.046735 0.312879
vt 0.23372 0.042361
vt 0.228966 0.035858
vt 0.046735 0.264075
vt 0.276478 0.020419
vt 0.273968 0.012756
vt 0.046735 0.214195
usemtl Power2SG
f 697/970/632 698/971/633 699/972/634
f 699/972/634 698/971/633 700/973/635
f 701/974/636 697/970/632 702/975/637
f 702/975/637 697/970/632 699/972/634
f 703/976/638 701/974/636 704/977/639
f 704/977/639 701/974/636 702/975/637
f 705/978/640 703/976/638 706/979/641
f 706/979/641 703/976/638 704/977/639
f 707/980/642 705/981/640 708/982/643
f 708/982/643 705/981/640 706/983/641
f 709/984/644 707/980/642 710/985/645
f 710/985/645 707/980/642 708/982/643
f 711/986/646 709/984/644 712/987/647
f 712/987/647 709/984/644 710/985/645
f 713/988/648 711/986/646 714/989/649
f 714/989/649 711/986/646 712/987/647
f 715/990/650 713/988/648 716/991/651
f 716/991/651 713/988/648 714/989/649
f 717/992/652 715/990/650 718/993/653
f 718/993/653 715/990/650 716/991/651
f 719/994/654 717/992/652 720/995/655
f 720/995/655 717/992/652 718/993/653
f 721/996/656 719/994/654 722/997/657
f 722/997/657 719/994/654 720/995/655
f 723/998/658 721/996/656 724/999/659
f 724/999/659 721/996/656 722/997/657
f 725/1000/660 723/998/658 726/1001/661
f 726/1001/661 723/998/658 724/999/659
f 727/1002/662 725/1000/660 728/1003/663
f 728/1003/663 725/1000/660 726/1001/661
f 729/1004/664 727/1002/662 730/1005/665
f 730/1005/665 727/1002/662 728/1003/663
f 731/1006/666 729/1004/664 732/1007/667
f 732/1007/667 729/1004/664 730/1005/665
f 733/1008/668 731/1006/666 734/1009/669
f 734/1009/669 731/1006/666 732/1007/667
f 735/1010/670 733/1008/668 736/1011/671
f 736/1011/671 733/1008/668 734/1009/669
f 698/971/633 735/1010/670 700/973/635
f 700/973/635 735/1010/670 736/1011/671
f 737/1012/672 738/1013/673 739/1014/674
f 739/1014/674 738/1013/673 740/1015/675
f 738/1013/673 741/1016/676 740/1015/675
f 740/1015/675 741/1016/676 742/1017/677
f 741/1018/676 743/1019/678 742/1020/677
f 742/1020/677 743/1019/678 744/1021/679
f 743/1019/678 745/1022/680 744/1021/679
f 744/1021/679 745/1022/680 746/1023/681
f 745/1022/680 747/1024/682 746/1023/681
f 746/1023/681 747/1024/682 748/1025/683
f 747/1024/682 749/1026/684 748/1025/683
f 748/1025/683 749/1026/684 750/1027/685
f 749/1026/684 751/1028/686 750/1027/685
f 750/1027/685 751/1028/686 752/1029/687
f 751/1028/686 753/1030/688 752/1029/687
f 752/1029/687 753/1030/688 754/1031/689
f 753/1030/688 755/1032/690 754/1031/689
f 754/1031/689 755/1032/690 756/1033/691
f 755/1032/690 757/1034/692 756/1033/691
f 756/1033/691 757/1034/692 758/1035/693
f 757/1034/692 759/1036/694 758/1035/693
f 758/1035/693 759/1036/694 760/1037/695
f 759/1036/694 761/1038/696 760/1037/695
f 760/1037/695 761/1038/696 762/1039/697
f 761/1038/696 763/1040/698 762/1039/697
f 762/1039/697 763/1040/698 764/1041/699
f 763/1040/698 765/1042/700 764/1041/699
f 764/1041/699 765/1042/700 766/1043/701
f 765/1042/700 767/1044/702 766/1043/701
f 766/1043/701 767/1044/702 768/1045/703
f 767/1044/702 769/1046/704 768/1045/703
f 768/1045/703 769/1046/704 770/1047/705
f 769/1046/704 771/1048/706 770/1047/705
f 770/1047/705 771/1048/706 772/1049/707
f 771/1048/706 773/1050/708 772/1049/707
f 772/1049/707 773/1050/708 774/1051/709
f 773/1050/708 775/1052/710 774/1051/709
f 774/1051/709 775/1052/710 776/1053/711
f 775/1052/710 737/1012/672 776/1053/711
f 776/1053/711 737/1012/672 739/1014/674
f 777/1054/712 778/1055/713 779/1056/714
f 778/1055/713 780/1057/715 779/1056/714
f 780/1057/715 781/1058/716 779/1056/714
f 781/1058/716 782/1059/717 779/1056/714
f 782/1059/717 783/1060/718 779/1056/714
f 783/1060/718 784/1061/719 779/1056/714
f 784/1061/719 785/1062/720 779/1056/714
f 785/1062/720 786/1063/721 779/1056/714
f 786/1063/721 787/1064/722 779/1056/714
f 787/1064/722 788/1065/723 779/1056/714
f 788/1065/723 789/1066/724 779/1056/714
f 789/1066/724 790/1067/725 779/1056/714
f 790/1067/725 791/1068/726 779/1056/714
f 791/1068/726 792/1069/727 779/1056/714
f 792/1069/727 793/1070/728 779/1056/714
f 793/1070/728 794/1071/729 779/1056/714
f 794/1071/729 795/1072/730 779/1056/714
f 795/1072/730 796/1073/731 779/1056/714
f 796/1073/731 797/1074/732 779/1056/714
f 797/1074/732 777/1054/712 779/1056/714
f 798/1075/733 799/1076/734 697/1077/632
f 697/1077/632 799/1076/734 698/1078/633
f 800/1079/735 798/1075/733 701/1080/636
f 701/1080/636 798/1075/733 697/1077/632
f 801/1081/736 800/1079/735 703/1082/638
f 703/1082/638 800/1079/735 701/1080/636
f 802/1083/737 801/1081/736 705/1084/640
f 705/1084/640 801/1081/736 703/1082/638
f 803/1085/738 802/1083/737 707/1086/642
f 707/1086/642 802/1083/737 705/1084/640
f 804/1087/739 803/1085/738 709/1088/644
f 709/1088/644 803/1085/738 707/1086/642
f 805/1089/740 804/1087/739 711/1090/646
f 711/1090/646 804/1087/739 709/1088/644
f 806/1091/741 805/1089/740 713/1092/648
f 713/1092/648 805/1089/740 711/1090/646
f 807/1093/742 806/1091/741 715/1094/650
f 715/1094/650 806/1091/741 713/1092/648
f 808/1095/743 807/1093/742 717/1096/652
f 717/1096/652 807/1093/742 715/1094/650
f 809/1097/744 808/1095/743 719/1098/654
f 719/1098/654 808/1095/743 717/1096/652
f 810/1099/745 809/1097/744 721/1100/656
f 721/1100/656 809/1097/744 719/1098/654
f 811/1101/746 810/1099/745 723/1102/658
f 723/1102/658 810/1099/745 721/1100/656
f 812/1103/747 811/1101/746 725/1104/660
f 725/1104/660 811/1101/746 723/1102/658
f 813/1105/748 812/1103/747 727/1106/662
f 727/1106/662 812/1103/747 725/1104/660
f 814/1107/749 813/1105/748 729/1108/664
f 729/1108/664 813/1105/748 727/1106/662
f 815/1109/750 814/1107/749 731/1110/666
f 731/1110/666 814/1107/749 729/1108/664
f 816/1111/751 815/1109/750 733/1112/668
f 733/1112/668 815/1109/750 731/1110/666
f 817/1113/752 816/1111/751 735/1114/670
f 735/1114/670 816/1111/751 733/1112/668
f 799/1076/734 817/1113/752 698/1078/633
f 698/1078/633 817/1113/752 735/1114/670
f 818/1115/753 799/1076/734 819/1116/754
f 819/1116/754 799/1076/734 798/1075/733
f 737/1012/672 820/1117/755 738/1013/673
f 738/1013/673 820/1117/755 821/1118/756
f 820/1117/755 818/1119/753 821/1118/756
f 821/1118/756 818/1119/753 819/1120/754
f 819/1116/754 798/1075/733 822/1121/757
f 822/1121/757 798/1075/733 800/1079/735
f 738/1013/673 821/1118/756 741/1016/676
f 741/1016/676 821/1118/756 823/1122/758
f 821/1118/756 819/1120/754 823/1122/758
f 823/1122/758 819/1120/754 822/1123/757
f 822/1121/757 800/1079/735 824/1124/759
f 824/1124/759 800/1079/735 801/1081/736
f 741/1018/676 823/1125/758 743/1019/678
f 743/1019/678 823/1125/758 825/1126/760
f 823/1125/758 822/1127/757 825/1126/760
f 825/1126/760 822/1127/757 824/1128/759
f 824/1124/759 801/1081/736 826/1129/761
f 826/1129/761 801/1081/736 802/1083/737
f 743/1019/678 825/1126/760 745/1022/680
f 745/1022/680 825/1126/760 827/1130/762
f 825/1126/760 824/1128/759 827/1130/762
f 827/1130/762 824/1128/759 826/1131/761
f 826/1129/761 802/1083/737 828/1132/763
f 828/1132/763 802/1083/737 803/1085/738
f 745/1022/680 827/1130/762 747/1024/682
f 747/1024/682 827/1130/762 829/1133/764
f 827/1130/762 826/1131/761 829/1133/764
f 829/1133/764 826/1131/761 828/1134/763
f 828/1132/763 803/1085/738 830/1135/765
f 830/1135/765 803/1085/738 804/1087/739
f 747/1024/682 829/1133/764 749/1026/684
f 749/1026/684 829/1133/764 831/1136/766
f 829/1133/764 828/1134/763 831/1136/766
f 831/1136/766 828/1134/763 830/1137/765
f 830/1135/765 804/1087/739 832/1138/767
f 832/1138/767 804/1087/739 805/1089/740
f 749/1026/684 831/1136/766 751/1028/686
f 751/1028/686 831/1136/766 833/1139/768
f 831/1136/766 830/1137/765 833/1139/768
f 833/1139/768 830/1137/765 832/1140/767
f 832/1138/767 805/1089/740 834/1141/769
f 834/1141/769 805/1089/740 806/1091/741
f 751/1028/686 833/1139/768 753/1030/688
f 753/1030/688 833/1139/768 835/1142/770
f 833/1139/768 832/1140/767 835/1142/770
f 835/1142/770 832/1140/767 834/1143/769
f 834/1141/769 806/1091/741 836/1144/771
f 836/1144/771 806/1091/741 807/1093/742
f 753/1030/688 835/1142/770 755/1032/690
f 755/1032/690 835/1142/770 837/1145/772
f 835/1142/770 834/1143/769 837/1145/772
f 837/1145/772 834/1143/769 836/1146/771
f 836/1144/771 807/1093/742 838/1147/773
f 838/1147/773 807/1093/742 808/1095/743
f 755/1032/690 837/1145/772 757/1034/692
f 757/1034/692 837/1145/772 839/1148/774
f 837/1145/772 836/1146/771 839/1148/774
f 839/1148/774 836/1146/771 838/1149/773
f 838/1147/773 808/1095/743 840/1150/775
f 840/1150/775 808/1095/743 809/1097/744
f 757/1034/692 839/1148/774 759/1036/694
f 759/1036/694 839/1148/774 841/1151/776
f 839/1148/774 838/1149/773 841/1151/776
f 841/1151/776 838/1149/773 840/1152/775
f 840/1150/775 809/1097/744 842/1153/777
f 842/1153/777 809/1097/744 810/1099/745
f 759/1036/694 841/1151/776 761/1038/696
f 761/1038/696 841/1151/776 843/1154/778
f 841/1151/776 840/1152/775 843/1154/778
f 843/1154/778 840/1152/775 842/1155/777
f 842/1153/777 810/1099/745 844/1156/779
f 844/1156/779 810/1099/745 811/1101/746
f 761/1038/696 843/1154/778 763/1040/698
f 763/1040/698 843/1154/778 845/1157/780
f 843/1154/778 842/1155/777 845/1157/780
f 845/1157/780 842/1155/777 844/1158/779
f 844/1156/779 811/1101/746 846/1159/781
f 846/1159/781 811/1101/746 812/1103/747
f 763/1040/698 845/1157/780 765/1042/700
f 765/1042/700 845/1157/780 847/1160/782
f 845/1157/780 844/1158/779 847/1160/782
f 847/1160/782 844/1158/779 846/1161/781
f 846/1159/781 812/1103/747 848/1162/783
f 848/1162/783 812/1103/747 813/1105/748
f 765/1042/700 847/1160/782 767/1044/702
f 767/1044/702 847/1160/782 849/1163/784
f 847/1160/782 846/1161/781 849/1163/784
f 849/1163/784 846/1161/781 848/1164/783
f 848/1162/783 813/1105/748 850/1165/785
f 850/1165/785 813/1105/748 814/1107/749
f 767/1044/702 849/1163/784 769/1046/704
f 769/1046/704 849/1163/784 851/1166/786
f 849/1163/784 848/1164/783 851/1166/786
f 851/1166/786 848/1164/783 850/1167/785
f 850/1165/785 814/1107/749 852/1168/787
f 852/1168/787 814/1107/749 815/1109/750
f 769/1046/704 851/1166/786 771/1048/706
f 771/1048/706 851/1166/786 853/1169/788
f 851/1166/786 850/1167/785 853/1169/788
f 853/1169/788 850/1167/785 852/1170/787
f 852/1168/787 815/1109/750 854/1171/789
f 854/1171/789 815/1109/750 816/1111/751
f 771/1048/706 853/1169/788 773/1050/708
f 773/1050/708 853/1169/788 855/1172/790
f 853/1169/788 852/1170/787 855/1172/790
f 855/1172/790 852/1170/787 854/1173/789
f 854/1171/789 816/1111/751 856/1174/791
f 856/1174/791 816/1111/751 817/1113/752
f 773/1050/708 855/1172/790 775/1052/710
f 775/1052/710 855/1172/790 857/1175/792
f 855/1172/790 854/1173/789 857/1175/792
f 857/1175/792 854/1173/789 856/1176/791
f 799/1076/734 818/1115/753 817/1113/752
f 817/1113/752 818/1115/753 856/1174/791
f 818/1119/753 820/1117/755 856/1176/791
f 856/1176/791 820/1117/755 857/1175/792
f 820/1117/755 737/1012/672 857/1175/792
f 857/1175/792 737/1012/672 775/1052/710
f 858/1177/793 777/1054/712 859/1178/794
f 859/1178/794 777/1054/712 797/1074/732
f 739/1014/674 860/1179/795 776/1053/711
f 776/1053/711 860/1179/795 861/1180/796
f 860/1181/795 858/1177/793 861/1182/796
f 861/1182/796 858/1177/793 859/1178/794
f 777/1054/712 858/1177/793 778/1055/713
f 778/1055/713 858/1177/793 862/1183/797
f 858/1177/793 860/1181/795 862/1183/797
f 862/1183/797 860/1181/795 863/1184/798
f 860/1179/795 739/1014/674 863/1185/798
f 863/1185/798 739/1014/674 740/1015/675
f 778/1055/713 862/1183/797 780/1057/715
f 780/1057/715 862/1183/797 864/1186/799
f 862/1183/797 863/1184/798 864/1186/799
f 864/1186/799 863/1184/798 865/1187/800
f 863/1185/798 740/1015/675 865/1188/800
f 865/1188/800 740/1015/675 742/1017/677
f 780/1057/715 864/1186/799 781/1058/716
f 781/1058/716 864/1186/799 866/1189/801
f 864/1186/799 865/1187/800 866/1189/801
f 866/1189/801 865/1187/800 867/1190/802
f 865/1191/800 742/1020/677 867/1192/802
f 867/1192/802 742/1020/677 744/1021/679
f 781/1058/716 866/1189/801 782/1059/717
f 782/1059/717 866/1189/801 868/1193/803
f 866/1189/801 867/1190/802 868/1193/803
f 868/1193/803 867/1190/802 869/1194/804
f 867/1192/802 744/1021/679 869/1195/804
f 869/1195/804 744/1021/679 746/1023/681
f 782/1059/717 868/1193/803 783/1060/718
f 783/1060/718 868/1193/803 870/1196/805
f 868/1193/803 869/1194/804 870/1196/805
f 870/1196/805 869/1194/804 871/1197/806
f 869/1195/804 746/1023/681 871/1198/806
f 871/1198/806 746/1023/681 748/1025/683
f 783/1060/718 870/1196/805 784/1061/719
f 784/1061/719 870/1196/805 872/1199/807
f 870/1196/805 871/1197/806 872/1199/807
f 872/1199/807 871/1197/806 873/1200/808
f 871/1198/806 748/1025/683 873/1201/808
f 873/1201/808 748/1025/683 750/1027/685
f 784/1061/719 872/1199/807 785/1062/720
f 785/1062/720 872/1199/807 874/1202/809
f 872/1199/807 873/1200/808 874/1202/809
f 874/1202/809 873/1200/808 875/1203/810
f 873/1201/808 750/1027/685 875/1204/810
f 875/1204/810 750/1027/685 752/1029/687
f 785/1062/720 874/1202/809 786/1063/721
f 786/1063/721 874/1202/809 876/1205/811
f 874/1202/809 875/1203/810 876/1205/811
f 876/1205/811 875/1203/810 877/1206/812
f 875/1204/810 752/1029/687 877/1207/812
f 877/1207/812 752/1029/687 754/1031/689
f 786/1063/721 876/1205/811 787/1064/722
f 787/1064/722 876/1205/811 878/1208/813
f 876/1205/811 877/1206/812 878/1208/813
f 878/1208/813 877/1206/812 879/1209/814
f 877/1207/812 754/1031/689 879/1210/814
f 879/1210/814 754/1031/689 756/1033/691
f 787/1064/722 878/1208/813 788/1065/723
f 788/1065/723 878/1208/813 880/1211/815
f 878/1208/813 879/1209/814 880/1211/815
f 880/1211/815 879/1209/814 881/1212/816
f 879/1210/814 756/1033/691 881/1213/816
f 881/1213/816 756/1033/691 758/1035/693
f 788/1065/723 880/1211/815 789/1066/724
f 789/1066/724 880/1211/815 882/1214/817
f 880/1211/815 881/1212/816 882/1214/817
f 882/1214/817 881/1212/816 883/1215/818
f 881/1213/816 758/1035/693 883/1216/818
f 883/1216/818 758/1035/693 760/1037/695
f 789/1066/724 882/1214/817 790/1067/725
f 790/1067/725 882/1214/817 884/1217/819
f 882/1214/817 883/1215/818 884/1217/819
f 884/1217/819 883/1215/818 885/1218/820
f 883/1216/818 760/1037/695 885/1219/820
f 885/1219/820 760/1037/695 762/1039/697
f 790/1067/725 884/1217/819 791/1068/726
f 791/1068/726 884/1217/819 886/1220/821
f 884/1217/819 885/1218/820 886/1220/821
f 886/1220/821 885/1218/820 887/1221/822
f 885/1219/820 762/1039/697 887/1222/822
f 887/1222/822 762/1039/697 764/1041/699
f 791/1068/726 886/1220/821 792/1069/727
f 792/1069/727 886/1220/821 888/1223/823
f 886/1220/821 887/1221/822 888/1223/823
f 888/1223/823 887/1221/822 889/1224/824
f 887/1222/822 764/1041/699 889/1225/824
f 889/1225/824 764/1041/699 766/1043/701
f 792/1069/727 888/1223/823 793/1070/728
f 793/1070/728 888/1223/823 890/1226/825
f 888/1223/823 889/1224/824 890/1226/825
f 890/1226/825 889/1224/824 891/1227/826
f 889/1225/824 766/1043/701 891/1228/826
f 891/1228/826 766/1043/701 768/1045/703
f 793/1070/728 890/1226/825 794/1071/729
f 794/1071/729 890/1226/825 892/1229/827
f 890/1226/825 891/1227/826 892/1229/827
f 892/1229/827 891/1227/826 893/1230/828
f 891/1228/826 768/1045/703 893/1231/828
f 893/1231/828 768/1045/703 770/1047/705
f 794/1071/729 892/1229/827 795/1072/730
f 795/1072/730 892/1229/827 894/1232/829
f 892/1229/827 893/1230/828 894/1232/829
f 894/1232/829 893/1230/828 895/1233/830
f 893/1231/828 770/1047/705 895/1234/830
f 895/1234/830 770/1047/705 772/1049/707
f 795/1072/730 894/1232/829 796/1073/731
f 796/1073/731 894/1232/829 896/1235/831
f 894/1232/829 895/1233/830 896/1235/831
f 896/1235/831 895/1233/830 897/1236/832
f 895/1234/830 772/1049/707 897/1237/832
f 897/1237/832 772/1049/707 774/1051/709
f 796/1073/731 896/1235/831 797/1074/732
f 797/1074/732 896/1235/831 859/1178/794
f 896/1235/831 897/1236/832 859/1178/794
f 859/1178/794 897/1236/832 861/1182/796
f 897/1237/832 774/1051/709 861/1180/796
f 861/1180/796 774/1051/709 776/1053/711
s off
g IchigoAme_Stove_StoveSG
v -1.52944 -0.290047 1.19047
v -1.56342 -0.273875 1.19038
v -1.52944 -0.290047 -1.26458
v -1.56342 -0.273877 -1.26447
v -1.57282 -0.237294 1.18735
v -1.57282 -0.237294 -1.26146
v -1.52096 -0.239255 1.23603
v -1.52688 -0.274684 1.22527
v 1.52139 -0.239608 1.23608
v 1.52712 -0.274773 1.22528
v 1.52944 -0.290047 1.19047
v -1.55764 -0.23826 1.22178
v -1.49921 0.085813 1.1735
v -1.51276 0.085714 1.14069
v -1.46649 0.085913 1.1871
v 1.57283 -0.237294 1.18735
v 1.56342 -0.273877 1.19036
v 1.57283 -0.237294 -1.26146
v 1.56342 -0.273875 -1.26449
v 1.52944 -0.290047 -1.26458
v 1.55777 -0.238439 1.22182
v 1.46587 0.085177 1.18721
v 1.49894 0.085788 1.17376
v 1.51264 0.086394 1.14128
v -1.43797 0.130876 1.12266
v -1.34069 0.130876 1.05132
v -1.45801 0.130876 1.09696
v -1.35374 0.130876 1.01291
v -1.3896 0.130876 1.1333
v -1.3092 0.130876 1.06723
v -1.49372 0.118232 1.12559
v -1.51263 0.086394 -1.2154
v -1.49374 0.118422 -1.20014
v -1.45801 0.130876 -1.17107
v -1.44096 0.118401 1.17005
v 1.3896 0.130876 1.1333
v 1.44039 0.118196 1.17006
v 1.43797 0.130876 1.12266
v 1.3409 0.130876 1.05089
v 1.30913 0.130876 1.06664
v 1.45801 0.130876 1.09696
v 1.35405 0.130876 1.01288
v 1.49375 0.118422 1.12603
v 1.45801 0.130876 -1.17107
v 1.49372 0.118232 -1.19971
v 1.51276 0.085714 -1.2148
v -1.43797 0.130876 -1.19677
v -1.3409 0.130876 -1.125
v -1.3896 0.130876 -1.20742
v -1.30913 0.130876 -1.14075
v -1.35405 0.130876 -1.087
v -1.46587 0.085177 -1.26132
v -1.44039 0.118196 -1.24417
v 1.46649 0.085913 -1.26121
v 1.44096 0.118401 -1.24416
v 1.3896 0.130876 -1.20742
v -1.49894 0.085788 -1.24787
v -1.55777 -0.238439 -1.29593
v -1.52139 -0.239608 -1.31019
v 1.43797 0.130876 -1.19677
v 1.34069 0.130876 -1.12543
v 1.35375 0.130876 -1.08703
v 1.3092 0.130876 -1.14134
v 1.49921 0.085813 -1.24761
v 1.52096 -0.239255 -1.31014
v 1.55764 -0.238261 -1.29589
v -1.52711 -0.274773 -1.29939
v 1.52688 -0.274684 -1.29938
v -1.30369 0.083172 0.970233
v -1.28955 0.08289 1.00397
v -1.30369 -0.182246 0.969015
v -1.28936 -0.182246 1.00361
v -1.25542 0.082607 1.01794
v -1.25477 -0.182246 1.01794
v -1.31816 0.11692 0.983037
v -1.31829 0.116917 -1.0571
v -1.30369 0.083172 -1.04435
v -1.27078 0.116773 1.03287
v 1.25542 0.082607 1.01794
v 1.27084 0.116764 1.03261
v 1.28956 0.08289 1.00397
v 1.28936 -0.182246 1.00361
v 1.25477 -0.182246 1.01794
v 1.30369 0.083172 0.970233
v 1.30369 -0.182246 0.969015
v 1.31829 0.116917 0.982986
v 1.30369 0.083172 -1.04435
v 1.31816 0.11692 -1.05715
v 1.28956 0.08289 -1.07808
v 1.30369 -0.182246 -1.04313
v 1.28936 -0.182246 -1.07772
v 1.25542 0.082607 -1.09205
v 1.25477 -0.182246 -1.09205
v 1.27078 0.116773 -1.10698
v -1.25542 0.082607 -1.09205
v -1.27084 0.116764 -1.10672
v -1.28955 0.08289 -1.07808
v -1.28936 -0.182246 -1.07772
v -1.25477 -0.182246 -1.09205
v -1.30369 -0.182246 -1.04313
v -1.28936 -0.216841 0.968969
v -1.28936 -0.216841 -1.04308
v -1.25477 -0.231171 0.969015
v -1.25477 -0.231171 -1.04313
v -1.25474 -0.216841 1.00361
v 1.25477 -0.231171 0.969015
v 1.25475 -0.216841 1.00361
v 1.28936 -0.216841 0.968969
v 1.25477 -0.231171 -1.04313
v 1.28936 -0.216841 -1.04308
v 1.25475 -0.216841 -1.07772
v -1.25474 -0.216841 -1.07772
v -1.55562 -0.267381 1.21848
v 1.55572 -0.267451 1.21848
v -1.47861 0.118317 1.15638
v 1.47844 0.118313 1.15654
v -1.47843 0.118313 -1.23065
v 1.47861 0.118317 -1.23049
v -1.55572 -0.267451 -1.2926
v 1.55562 -0.267381 -1.29259
v -1.30398 0.116894 1.01859
v 1.30411 0.116881 1.01838
v 1.30399 0.116894 -1.0927
v -1.30411 0.116881 -1.09249
v -1.28299 -0.210484 0.997232
v 1.283 -0.210484 0.997232
v 1.283 -0.210484 -1.07134
v -1.28299 -0.210484 -1.07134
vn -0.005184 -0.999969 0.005935
vn -0.768292 -0.640084 0.004441
vn -0.005183 -0.999969 -0.00595
vn -0.768286 -0.640092 -0.004386
vn -0.990456 0.13769 0.006146
vn -0.99045 0.137731 -0.006221
vn -0.004484 0.102185 0.994755
vn -0.003509 -0.681537 0.731775
vn 0.004413 0.102145 0.99476
vn 0.003463 -0.68102 0.732256
vn 0.005183 -0.999969 0.00595
vn -0.670477 0.192441 0.716538
vn -0.664341 0.269796 0.697037
vn -0.976974 0.213282 0.005668
vn -0.004362 0.175798 0.984417
vn 0.990451 0.137726 0.006221
vn 0.768283 -0.640095 0.004386
vn 0.990457 0.137685 -0.006146
vn 0.76829 -0.640087 -0.004441
vn 0.005184 -0.999969 -0.005935
vn 0.665308 0.192444 0.72134
vn 0.004437 0.175806 0.984415
vn 0.66753 0.270264 0.693802
vn 0.976974 0.213288 0.005556
vn -0.050772 0.995159 0.084151
vn 0.044367 0.998246 -0.039198
vn -0.156355 0.987701 0.000901
vn 0.052484 0.998622 -0.000592
vn -0.00035 0.976045 0.217567
vn 0.000742 0.997837 -0.065733
vn -0.698665 0.715433 0.004721
vn -0.976972 0.213294 -0.005556
vn -0.699841 0.714284 -0.004673
vn -0.156862 0.98762 -0.000872
vn -0.003375 0.654291 0.756235
vn 0.000391 0.976194 0.216899
vn 0.003421 0.655863 0.754872
vn 0.049782 0.995066 0.08582
vn -0.04419 0.99825 -0.0393
vn -0.000762 0.99783 -0.065845
vn 0.156859 0.987621 0.000872
vn -0.052455 0.998623 -0.000581
vn 0.699841 0.714283 0.004673
vn 0.156353 0.987701 -0.000901
vn 0.698667 0.715431 -0.004721
vn 0.976976 0.213275 -0.005668
vn -0.049782 0.995066 -0.085818
vn 0.04419 0.99825 0.0393
vn -0.000391 0.976194 -0.216899
vn 0.000762 0.99783 0.065845
vn 0.052455 0.998623 0.000581
vn -0.004436 0.175804 -0.984415
vn -0.003421 0.65585 -0.754883
vn 0.004362 0.175796 -0.984417
vn 0.003375 0.65428 -0.756245
vn 0.00035 0.976045 -0.217567
vn -0.667542 0.270265 -0.69379
vn -0.665319 0.192446 -0.721328
vn -0.004412 0.102145 -0.99476
vn 0.050772 0.995159 -0.084151
vn -0.044368 0.998246 0.039198
vn -0.052484 0.998622 0.000592
vn -0.000742 0.997837 0.065733
vn 0.664335 0.26979 -0.697046
vn 0.004485 0.102185 -0.994755
vn 0.670472 0.192434 -0.716545
vn -0.003463 -0.681028 -0.732249
vn 0.003509 -0.681545 -0.731768
vn 0.998584 0.05277 -0.006775
vn 0.707584 0.072701 -0.702879
vn 0.998852 0.047437 -0.006692
vn 0.704944 0.036144 -0.708341
vn 0.005511 0.054273 -0.998511
vn 0.005365 0.047597 -0.998852
vn 0.627691 0.778452 -0.004062
vn 0.627772 0.778387 0.003989
vn 0.998584 0.052758 0.006768
vn 0.003242 0.774558 -0.632495
vn -0.005522 0.054282 -0.99851
vn -0.003351 0.774581 -0.632466
vn -0.707434 0.072432 -0.703059
vn -0.704944 0.036144 -0.708341
vn -0.005365 0.047597 -0.998852
vn -0.998584 0.052759 -0.006768
vn -0.998852 0.047438 -0.006692
vn -0.62777 0.778389 -0.003989
vn -0.998584 0.05277 0.006775
vn -0.627688 0.778454 0.004062
vn -0.707583 0.072701 0.70288
vn -0.998852 0.047438 0.006692
vn -0.704944 0.036144 0.708342
vn -0.005511 0.054273 0.998511
vn -0.005365 0.047597 0.998852
vn -0.003242 0.774558 0.632495
vn 0.005522 0.054282 0.99851
vn 0.003351 0.774581 0.632466
vn 0.707433 0.072431 0.703059
vn 0.704944 0.036144 0.708342
vn 0.005365 0.047597 0.998852
vn 0.998852 0.047437 0.006692
vn 0.705975 0.708222 -0.004695
vn 0.705975 0.708222 0.004695
vn 0.005577 0.99996 -0.006947
vn 0.005577 0.99996 0.006947
vn 0.003777 0.707995 -0.706208
vn -0.005577 0.99996 -0.006947
vn -0.003777 0.707995 -0.706208
vn -0.705975 0.708222 -0.004695
vn -0.005577 0.99996 0.006947
vn -0.705975 0.708222 0.004695
vn -0.003777 0.707995 0.706208
vn 0.003777 0.707995 0.706208
vn -0.631042 -0.413112 0.656601
vn 0.633663 -0.415798 0.652367
vn -0.348351 0.845162 0.405404
vn 0.340579 0.844224 0.413875
vn -0.340592 0.844222 -0.413867
vn 0.348347 0.845162 -0.405408
vn -0.633677 -0.415794 -0.652357
vn 0.631039 -0.413119 -0.656599
vn 0.383058 0.849627 -0.362493
vn -0.382862 0.84891 -0.364375
vn -0.383058 0.849626 0.362493
vn 0.382863 0.848909 0.364375
vn 0.596582 0.53702 -0.596406
vn -0.596581 0.537021 -0.596405
vn -0.596581 0.537021 0.596405
vn 0.596582 0.53702 0.596406
vt 0.058717 0.550286
vt 0.058683 0.544867
vt 0.411974 0.547911
vt 0.411934 0.542498
vt 0.059099 0.539428
vt 0.41145 0.537069
vt 0.008806 0.489273
vt 0.003533 0.490068
vt 0.01328 0.05656
vt 0.008058 0.055682
vt 0.053065 0.550654
vt 0.056243 0.990333
vt 0.061717 0.990616
vt 0.053681 0.539235
vt 0.060358 0.491584
vt 0.065539 0.492088
vt 0.009152 0.494862
vt 0.05602 0.487127
vt 0.055663 0.482015
vt 0.063209 0.009301
vt 0.062777 0.003985
vt 0.407939 0.009506
vt 0.408381 0.004191
vt 0.061757 0.996032
vt 0.415093 0.993531
vt 0.415053 0.988116
vt 0.013774 0.051019
vt 0.059916 0.064944
vt 0.060491 0.059829
vt 0.057912 0.00949
vt 0.064653 0.056086
vt 0.069665 0.055662
vt 0.068035 0.478226
vt 0.078323 0.464273
vt 0.07179 0.481197
vt 0.083841 0.466192
vt 0.066502 0.471164
vt 0.075993 0.459784
vt 0.067687 0.486659
vt 0.404479 0.489747
vt 0.402241 0.484425
vt 0.398011 0.479026
vt 0.060915 0.478429
vt 0.07061 0.075913
vt 0.065163 0.068627
vt 0.072187 0.069026
vt 0.08232 0.082859
vt 0.079955 0.087468
vt 0.075909 0.066219
vt 0.087779 0.080848
vt 0.071811 0.060892
vt 0.395169 0.066386
vt 0.399212 0.061061
vt 0.401343 0.055763
vt 0.401696 0.476069
vt 0.3913 0.462244
vt 0.403157 0.469048
vt 0.39366 0.457697
vt 0.38579 0.464218
vt 0.413987 0.479779
vt 0.408703 0.476206
vt 0.410999 0.065139
vt 0.405843 0.06879
vt 0.400414 0.076096
vt 0.40961 0.489257
vt 0.416864 0.536833
vt 0.413528 0.484877
vt 0.460094 0.492823
vt 0.460489 0.487307
vt 0.398866 0.06921
vt 0.38879 0.083009
vt 0.383292 0.081034
vt 0.391166 0.087547
vt 0.41054 0.060081
vt 0.457449 0.057118
vt 0.457007 0.051566
vt 0.406387 0.056283
vt 0.413236 0.009731
vt 0.417447 0.548195
vt 0.420525 0.987722
vt 0.465695 0.488089
vt 0.462676 0.056236
vt 0.580107 0.29806
vt 0.580026 0.303319
vt 0.542092 0.297866
vt 0.54196 0.303252
vt 0.579937 0.308612
vt 0.542065 0.308601
vt 0.08812 0.460702
vt 0.381439 0.458756
vt 0.089937 0.455459
vt 0.379559 0.453526
vt 0.086592 0.452215
vt 0.081307 0.454354
vt 0.090348 0.095238
vt 0.085118 0.092981
vt 0.578837 0.672664
vt 0.540896 0.672514
vt 0.578827 0.667388
vt 0.540992 0.667172
vt 0.523116 0.010412
vt 0.485185 0.010604
vt 0.523083 0.005166
vt 0.485012 0.00522
vt 0.093817 0.091364
vt 0.092007 0.086233
vt 0.377244 0.091512
vt 0.379065 0.086389
vt 0.523106 0.298233
vt 0.523065 0.30348
vt 0.485182 0.298038
vt 0.485018 0.303421
vt 0.523017 0.308771
vt 0.485093 0.308776
vt 0.380751 0.095249
vt 0.385972 0.09303
vt 0.383201 0.450141
vt 0.388433 0.452297
vt 0.522129 0.673618
vt 0.484078 0.673481
vt 0.522107 0.668324
vt 0.484181 0.668126
vt 0.580085 0.009584
vt 0.542078 0.009782
vt 0.580042 0.004325
vt 0.541915 0.004389
vt 0.536744 0.297865
vt 0.536728 0.009784
vt 0.53138 0.297889
vt 0.531365 0.009761
vt 0.593594 0.364665
vt 0.588236 0.364661
vt 0.593594 0.005507
vt 0.588236 0.005511
vt 0.536716 0.30858
vt 0.535642 0.667162
vt 0.474497 0.010582
vt 0.479848 0.010606
vt 0.474494 0.298059
vt 0.479846 0.298036
vt 0.881455 0.005578
vt 0.886811 0.005582
vt 0.881455 0.364594
vt 0.886811 0.36459
vt 0.479731 0.308757
vt 0.47882 0.668117
vt 0.054082 0.543856
vt 0.054027 0.545897
vt 0.004623 0.494638
vt 0.057171 0.995014
vt 0.058289 0.004985
vt 0.009244 0.051153
vt 0.062499 0.484676
vt 0.066839 0.06264
vt 0.407246 0.482399
vt 0.404207 0.062837
vt 0.416519 0.543517
vt 0.416518 0.541435
vt 0.464593 0.492617
vt 0.412868 0.005208
vt 0.419667 0.992427
vt 0.461521 0.051714
vt 0.086523 0.455507
vt 0.083298 0.45878
vt 0.090519 0.091676
vt 0.087211 0.088372
vt 0.380583 0.091769
vt 0.383881 0.088483
vt 0.383103 0.453412
vt 0.386344 0.456751
vt 0.532636 0.303697
vt 0.537057 0.302269
vt 0.537494 0.304101
vt 0.480149 0.006222
vt 0.475754 0.004801
vt 0.536411 0.671661
vt 0.480531 0.304253
vt 0.475742 0.303852
vt 0.480148 0.302425
vt 0.537027 0.005388
vt 0.532611 0.003968
vt 0.47959 0.67262
usemtl StoveSG
f 898/1238/833 899/1239/834 900/1240/835
f 900/1240/835 899/1239/834 901/1241/836
f 899/1239/834 902/1242/837 901/1241/836
f 901/1241/836 902/1242/837 903/1243/838
f 904/1244/839 905/1245/840 906/1246/841
f 906/1246/841 905/1245/840 907/1247/842
f 905/1248/840 898/1238/833 907/1249/842
f 907/1249/842 898/1238/833 908/1250/843
f 909/1251/844 910/1252/845 902/1242/837
f 902/1242/837 910/1252/845 911/1253/846
f 909/1254/844 904/1244/839 910/1255/845
f 910/1255/845 904/1244/839 912/1256/847
f 913/1257/848 914/1258/849 915/1259/850
f 915/1259/850 914/1258/849 916/1260/851
f 914/1261/849 908/1250/843 916/1262/851
f 916/1262/851 908/1250/843 917/1263/852
f 906/1246/841 918/1264/853 919/1265/854
f 919/1265/854 918/1264/853 920/1266/855
f 918/1267/853 913/1257/848 920/1268/855
f 920/1268/855 913/1257/848 921/1269/856
f 922/1270/857 923/1271/858 924/1272/859
f 924/1272/859 923/1271/858 925/1273/860
f 922/1270/857 926/1274/861 923/1271/858
f 923/1271/858 926/1274/861 927/1275/862
f 911/1253/846 928/1276/863 929/1277/864
f 929/1277/864 928/1276/863 930/1278/865
f 928/1276/863 924/1272/859 930/1278/865
f 930/1278/865 924/1272/859 931/1279/866
f 926/1274/861 932/1280/867 933/1281/868
f 933/1281/868 932/1280/867 934/1282/869
f 932/1280/867 912/1256/847 934/1282/869
f 934/1282/869 912/1256/847 919/1265/854
f 935/1283/870 936/1284/871 933/1281/868
f 933/1281/868 936/1284/871 937/1285/872
f 935/1283/870 938/1286/873 936/1284/871
f 936/1284/871 938/1286/873 939/1287/874
f 938/1286/873 940/1288/875 941/1289/876
f 941/1289/876 940/1288/875 942/1290/877
f 940/1288/875 921/1269/856 942/1290/877
f 942/1290/877 921/1269/856 943/1291/878
f 944/1292/879 945/1293/880 946/1294/881
f 946/1294/881 945/1293/880 947/1295/882
f 944/1292/879 931/1279/866 945/1293/880
f 945/1293/880 931/1279/866 948/1296/883
f 949/1297/884 950/1298/885 951/1299/886
f 951/1299/886 950/1298/885 952/1300/887
f 950/1298/885 946/1294/881 952/1300/887
f 952/1300/887 946/1294/881 953/1301/888
f 929/1277/864 954/1302/889 903/1243/838
f 903/1243/838 954/1302/889 955/1303/890
f 954/1304/889 949/1297/884 955/1305/890
f 955/1305/890 949/1297/884 956/1306/891
f 957/1307/892 958/1308/893 941/1289/876
f 941/1289/876 958/1308/893 959/1309/894
f 957/1307/892 953/1301/888 958/1308/893
f 958/1308/893 953/1301/888 960/1310/895
f 951/1299/886 961/1311/896 962/1312/897
f 962/1312/897 961/1311/896 963/1313/898
f 943/1291/878 915/1259/850 961/1314/896
f 961/1314/896 915/1259/850 963/1315/898
f 900/1240/835 964/1316/899 917/1263/852
f 917/1263/852 964/1316/899 965/1317/900
f 964/1318/899 956/1306/891 965/1319/900
f 965/1319/900 956/1306/891 962/1312/897
f 966/1320/901 967/1321/902 968/1322/903
f 968/1322/903 967/1321/902 969/1323/904
f 967/1321/902 970/1324/905 969/1323/904
f 969/1323/904 970/1324/905 971/1325/906
f 925/1273/860 972/1326/907 948/1296/883
f 948/1296/883 972/1326/907 973/1327/908
f 972/1326/907 966/1328/901 973/1327/908
f 973/1327/908 966/1328/901 974/1329/909
f 970/1330/905 975/1331/910 976/1332/911
f 976/1332/911 975/1331/910 977/1333/912
f 975/1331/910 927/1275/862 977/1333/912
f 977/1333/912 927/1275/862 937/1285/872
f 978/1334/913 979/1335/914 976/1336/911
f 976/1336/911 979/1335/914 980/1337/915
f 981/1338/916 982/1339/917 978/1340/913
f 978/1340/913 982/1339/917 979/1341/914
f 981/1342/916 983/1343/918 984/1344/919
f 984/1344/919 983/1343/918 985/1345/920
f 983/1343/918 939/1287/874 985/1345/920
f 985/1345/920 939/1287/874 959/1309/894
f 984/1346/919 986/1347/921 987/1348/922
f 987/1348/922 986/1347/921 988/1349/923
f 986/1347/921 989/1350/924 988/1349/923
f 988/1349/923 989/1350/924 990/1351/925
f 989/1352/924 991/1353/926 992/1354/927
f 992/1354/927 991/1353/926 993/1355/928
f 991/1353/926 960/1310/895 993/1355/928
f 993/1355/928 960/1310/895 947/1295/882
f 994/1356/929 995/1357/930 992/1358/927
f 992/1358/927 995/1357/930 996/1359/931
f 974/1360/909 997/1361/932 994/1362/929
f 994/1362/929 997/1361/932 995/1363/930
f 968/1322/903 998/1364/933 997/1361/932
f 997/1361/932 998/1364/933 999/1365/934
f 998/1364/933 1000/1366/935 999/1365/934
f 999/1365/934 1000/1366/935 1001/1367/936
f 1000/1368/935 1002/1369/937 1003/1370/938
f 1003/1370/938 1002/1369/937 1004/1371/939
f 1002/1372/937 971/1325/906 1004/1373/939
f 1004/1373/939 971/1325/906 980/1337/915
f 1003/1374/938 1005/1375/940 1006/1376/941
f 1006/1376/941 1005/1375/940 1007/1377/942
f 1005/1375/940 982/1339/917 1007/1377/942
f 1007/1377/942 982/1339/917 987/1348/922
f 1006/1378/941 1008/1379/943 1001/1380/936
f 1001/1380/936 1008/1379/943 1009/1381/944
f 1008/1382/943 990/1351/925 1009/1383/944
f 1009/1383/944 990/1351/925 996/1359/931
f 906/1246/841 919/1265/854 904/1244/839
f 904/1244/839 919/1265/854 912/1256/847
f 1000/1368/935 1003/1370/938 1001/1380/936
f 1001/1380/936 1003/1370/938 1006/1378/941
f 951/1299/886 962/1312/897 949/1297/884
f 949/1297/884 962/1312/897 956/1306/891
f 900/1240/835 917/1263/852 898/1238/833
f 898/1238/833 917/1263/852 908/1250/843
f 913/1257/848 915/1259/850 921/1269/856
f 921/1269/856 915/1259/850 943/1291/878
f 903/1243/838 902/1242/837 929/1277/864
f 929/1277/864 902/1242/837 911/1253/846
f 926/1274/861 933/1281/868 927/1275/862
f 927/1275/862 933/1281/868 937/1285/872
f 938/1286/873 941/1289/876 939/1287/874
f 939/1287/874 941/1289/876 959/1309/894
f 953/1301/888 946/1294/881 960/1310/895
f 960/1310/895 946/1294/881 947/1295/882
f 931/1279/866 924/1272/859 948/1296/883
f 948/1296/883 924/1272/859 925/1273/860
f 970/1324/905 976/1336/911 971/1325/906
f 971/1325/906 976/1336/911 980/1337/915
f 981/1338/916 984/1346/919 982/1339/917
f 982/1339/917 984/1346/919 987/1348/922
f 989/1350/924 992/1358/927 990/1351/925
f 990/1351/925 992/1358/927 996/1359/931
f 974/1360/909 966/1320/901 997/1361/932
f 997/1361/932 966/1320/901 968/1322/903
f 909/1251/844 902/1242/837 1010/1384/945
f 1010/1384/945 902/1242/837 899/1239/834
f 898/1238/833 905/1248/840 899/1239/834
f 899/1239/834 905/1248/840 1010/1385/945
f 905/1245/840 904/1244/839 1010/1386/945
f 1010/1386/945 904/1244/839 909/1254/844
f 908/1250/843 914/1261/849 907/1249/842
f 907/1249/842 914/1261/849 1011/1387/946
f 914/1258/849 913/1257/848 1011/1388/946
f 1011/1388/946 913/1257/848 918/1267/853
f 918/1264/853 906/1246/841 1011/1389/946
f 1011/1389/946 906/1246/841 907/1247/842
f 926/1274/861 922/1270/857 932/1280/867
f 932/1280/867 922/1270/857 1012/1390/947
f 924/1272/859 928/1276/863 922/1270/857
f 922/1270/857 928/1276/863 1012/1390/947
f 928/1276/863 911/1253/846 1012/1390/947
f 1012/1390/947 911/1253/846 910/1252/845
f 910/1255/845 912/1256/847 1012/1390/947
f 1012/1390/947 912/1256/847 932/1280/867
f 938/1286/873 935/1283/870 940/1288/875
f 940/1288/875 935/1283/870 1013/1391/948
f 933/1281/868 934/1282/869 935/1283/870
f 935/1283/870 934/1282/869 1013/1391/948
f 934/1282/869 919/1265/854 1013/1391/948
f 1013/1391/948 919/1265/854 920/1266/855
f 920/1268/855 921/1269/856 1013/1391/948
f 1013/1391/948 921/1269/856 940/1288/875
f 931/1279/866 944/1292/879 930/1278/865
f 930/1278/865 944/1292/879 1014/1392/949
f 946/1294/881 950/1298/885 944/1292/879
f 944/1292/879 950/1298/885 1014/1392/949
f 950/1298/885 949/1297/884 1014/1392/949
f 1014/1392/949 949/1297/884 954/1304/889
f 954/1302/889 929/1277/864 1014/1392/949
f 1014/1392/949 929/1277/864 930/1278/865
f 953/1301/888 957/1307/892 952/1300/887
f 952/1300/887 957/1307/892 1015/1393/950
f 941/1289/876 942/1290/877 957/1307/892
f 957/1307/892 942/1290/877 1015/1393/950
f 942/1290/877 943/1291/878 1015/1393/950
f 1015/1393/950 943/1291/878 961/1314/896
f 961/1311/896 951/1299/886 1015/1393/950
f 1015/1393/950 951/1299/886 952/1300/887
f 900/1240/835 901/1241/836 964/1316/899
f 964/1316/899 901/1241/836 1016/1394/951
f 901/1241/836 903/1243/838 1016/1395/951
f 1016/1395/951 903/1243/838 955/1303/890
f 955/1305/890 956/1306/891 1016/1396/951
f 1016/1396/951 956/1306/891 964/1318/899
f 963/1315/898 915/1259/850 1017/1397/952
f 1017/1397/952 915/1259/850 916/1260/851
f 917/1263/852 965/1317/900 916/1262/851
f 916/1262/851 965/1317/900 1017/1398/952
f 965/1319/900 962/1312/897 1017/1399/952
f 1017/1399/952 962/1312/897 963/1313/898
f 970/1330/905 967/1400/902 975/1331/910
f 975/1331/910 967/1400/902 1018/1401/953
f 966/1328/901 972/1326/907 967/1400/902
f 967/1400/902 972/1326/907 1018/1401/953
f 972/1326/907 925/1273/860 1018/1401/953
f 1018/1401/953 925/1273/860 923/1271/858
f 923/1271/858 927/1275/862 1018/1401/953
f 1018/1401/953 927/1275/862 975/1331/910
f 981/1342/916 978/1402/913 983/1343/918
f 983/1343/918 978/1402/913 1019/1403/954
f 976/1332/911 977/1333/912 978/1402/913
f 978/1402/913 977/1333/912 1019/1403/954
f 977/1333/912 937/1285/872 1019/1403/954
f 1019/1403/954 937/1285/872 936/1284/871
f 936/1284/871 939/1287/874 1019/1403/954
f 1019/1403/954 939/1287/874 983/1343/918
f 989/1352/924 986/1404/921 991/1353/926
f 991/1353/926 986/1404/921 1020/1405/955
f 984/1344/919 985/1345/920 986/1404/921
f 986/1404/921 985/1345/920 1020/1405/955
f 985/1345/920 959/1309/894 1020/1405/955
f 1020/1405/955 959/1309/894 958/1308/893
f 958/1308/893 960/1310/895 1020/1405/955
f 1020/1405/955 960/1310/895 991/1353/926
f 974/1329/909 994/1406/929 973/1327/908
f 973/1327/908 994/1406/929 1021/1407/956
f 992/1354/927 993/1355/928 994/1406/929
f 994/1406/929 993/1355/928 1021/1407/956
f 993/1355/928 947/1295/882 1021/1407/956
f 1021/1407/956 947/1295/882 945/1293/880
f 945/1293/880 948/1296/883 1021/1407/956
f 1021/1407/956 948/1296/883 973/1327/908
f 1000/1366/935 998/1364/933 1002/1408/937
f 1002/1408/937 998/1364/933 1022/1409/957
f 998/1364/933 968/1322/903 1022/1409/957
f 1022/1409/957 968/1322/903 969/1323/904
f 969/1323/904 971/1325/906 1022/1410/957
f 1022/1410/957 971/1325/906 1002/1372/937
f 979/1341/914 982/1339/917 1023/1411/958
f 1023/1411/958 982/1339/917 1005/1375/940
f 1003/1374/938 1004/1412/939 1005/1375/940
f 1005/1375/940 1004/1412/939 1023/1411/958
f 1004/1373/939 980/1337/915 1023/1413/958
f 1023/1413/958 980/1337/915 979/1335/914
f 988/1349/923 990/1351/925 1024/1414/959
f 1024/1414/959 990/1351/925 1008/1382/943
f 1006/1376/941 1007/1377/942 1008/1415/943
f 1008/1415/943 1007/1377/942 1024/1416/959
f 1007/1377/942 987/1348/922 1024/1416/959
f 1024/1416/959 987/1348/922 988/1349/923
f 995/1363/930 997/1361/932 1025/1417/960
f 1025/1417/960 997/1361/932 999/1365/934
f 1001/1367/936 1009/1418/944 999/1365/934
f 999/1365/934 1009/1418/944 1025/1417/960
f 1009/1383/944 996/1359/931 1025/1419/960
f 1025/1419/960 996/1359/931 995/1357/930
s off
g IchigoAme_Stove_TopSG
v -1.20094 0.266655 -0.037068
v -1.14821 0.249556 -0.037068
v -1.13342 0.266655 -0.376501
v -1.08471 0.249556 -0.356327
v -1.08472 0.249556 0.282214
v -1.13342 0.266655 0.302382
v -0.941131 0.266655 -0.664273
v -0.903852 0.249556 -0.626992
v 0.573084 0.266655 -0.037043
v 0.520363 0.249556 -0.037043
v 0.505568 0.266655 0.302401
v 0.456858 0.249556 0.282214
v 0.456858 0.249556 -0.356324
v 0.505568 0.266655 -0.376497
v 0.313277 0.266655 0.590166
v 0.275999 0.249556 0.552886
v 0.025523 0.266655 0.782448
v 0.005331 0.249556 0.73374
v -0.313928 0.266655 0.849966
v -0.313928 0.249556 0.797244
v -0.653377 0.266655 0.782446
v -0.633207 0.249556 0.733738
v -0.941155 0.266655 0.59016
v -0.903876 0.249556 0.552883
v -0.653368 0.266655 -0.856561
v -0.633194 0.249556 -0.807855
v -0.313928 0.266655 -0.924077
v -0.313928 0.249556 -0.871356
v 0.025523 0.266655 -0.856561
v 0.005354 0.249556 -0.807855
v 0.313313 0.266655 -0.664273
v 0.276034 0.249556 -0.626992
v -0.049366 0.145422 0.601642
v -0.069536 0.128323 0.552932
v -0.313928 0.145422 0.654274
v -0.313928 0.128323 0.601553
v 0.137623 0.128323 0.41451
v 0.1749 0.145422 0.451789
v 0.276072 0.128323 0.207324
v 0.324782 0.145422 0.227511
v 0.324671 0.128323 -0.037045
v 0.377398 0.145422 -0.037045
v -0.136098 0.128321 0.392286
v -0.142761 0.148012 0.376199
v -0.313928 0.128321 0.427651
v -0.313928 0.148012 0.410235
v 0.002367 0.148012 0.279227
v 0.014688 0.128321 0.291548
v -0.491777 0.128321 0.392286
v -0.485092 0.148012 0.376197
v -0.642543 0.128321 0.291546
v -0.63022 0.148012 0.279227
v -0.952636 0.145422 0.227494
v -0.903927 0.128323 0.207324
v -1.00525 0.145422 -0.037068
v -0.952526 0.128323 -0.037068
v -0.765496 0.128323 0.414506
v -0.802775 0.145422 0.451784
v -0.558319 0.128323 0.552932
v -0.578489 0.145422 0.601642
v -0.903919 0.128323 -0.281441
v -0.952626 0.145422 -0.301629
v -0.802749 0.145422 -0.525895
v -0.76547 0.128323 -0.488617
v -0.578482 0.145422 -0.675755
v -0.558308 0.128323 -0.627047
v -0.313928 0.145422 -0.728394
v -0.313928 0.128323 -0.675664
v -0.49177 0.128321 -0.466404
v -0.48509 0.148013 -0.450312
v -0.313928 0.128321 -0.501784
v -0.313928 0.148013 -0.484368
v -0.63022 0.148013 -0.35336
v -0.64254 0.128321 -0.365666
v -0.136074 0.128321 -0.466402
v -0.142754 0.148013 -0.450312
v 0.014688 0.128321 -0.365663
v 0.002367 0.148013 -0.35336
v -0.069536 0.128323 -0.627047
v -0.049366 0.145422 -0.675753
v 0.174929 0.145422 -0.525893
v 0.137652 0.128323 -0.488616
v 0.324782 0.145422 -0.301613
v 0.276072 0.128323 -0.281439
v 0.099319 0.148012 0.134122
v 0.115426 0.128321 0.140786
v 0.133376 0.148013 -0.037068
v 0.150791 0.128321 -0.037068
v -0.743281 0.128321 0.140776
v -0.727192 0.148012 0.134113
v -0.778646 0.128321 -0.037068
v -0.76123 0.148012 -0.037068
v -0.72719 0.148013 -0.208237
v -0.743281 0.128321 -0.214902
v 0.115426 0.128321 -0.214897
v 0.099341 0.148013 -0.208232
v -0.313928 0.253889 0.307803
v -0.181959 0.253889 0.28155
v -0.445894 0.253889 0.28155
v -0.313928 0.253889 -0.381936
v -0.445894 0.253889 -0.355683
v -0.181957 0.253889 -0.355683
v -0.632543 0.253889 -0.169036
v -0.658796 0.253888 -0.037068
v 0.030943 0.253889 -0.037068
v 0.00469 0.253889 -0.169034
v -0.070055 0.253888 -0.280917
v -0.557769 0.253888 -0.280918
v -0.632543 0.253889 0.094901
v -0.557769 0.253889 0.206791
v -0.070056 0.253889 0.206791
v 0.00469 0.253889 0.094919
v -0.189371 0.257069 0.263629
v -0.313928 0.257069 0.288407
v -0.199582 0.230594 0.238963
v -0.313929 0.230594 0.261708
v -0.438482 0.257069 0.263629
v -0.42827 0.230594 0.238963
v -0.544077 0.257069 0.193082
v -0.525198 0.230595 0.174194
v -0.438478 0.257069 -0.337766
v -0.313928 0.25707 -0.362542
v -0.428259 0.230594 -0.313091
v -0.313929 0.230595 -0.335836
v -0.189371 0.25707 -0.337766
v -0.199581 0.230595 -0.31309
v -0.083768 0.257069 -0.267208
v -0.102658 0.230594 -0.248332
v -0.614624 0.257069 -0.161622
v -0.544077 0.257069 -0.26721
v -0.589952 0.230594 -0.151404
v -0.525199 0.230596 -0.248328
v -0.612703 0.230594 -0.037068
v -0.639402 0.257069 -0.037068
v -0.013227 0.257069 -0.161622
v 0.011549 0.25707 -0.037068
v -0.037897 0.230594 -0.151403
v -0.015147 0.230596 -0.037068
v -0.013231 0.257069 0.087489
v -0.037899 0.230595 0.077273
v -0.589953 0.230594 0.077271
v -0.614624 0.257069 0.087485
v -0.102658 0.230594 0.174198
v -0.083768 0.257069 0.193082
v -1.46634 0.130877 1.14223
v -1.49088 0.142564 1.14199
v -1.46762 0.130877 0.464433
v -1.4912 0.143146 0.45227
v -1.49765 0.169075 1.14015
v -1.49724 0.171254 0.446992
v -1.46435 0.141962 1.16745
v -0.782211 0.142739 1.16813
v -1.46018 0.167621 1.17536
v -0.774623 0.170584 1.17493
v -0.795473 0.130877 1.14441
v -1.48669 0.168301 1.16506
v -1.47516 0.233367 1.15632
v -1.48541 0.234658 1.13279
v -1.45034 0.232059 1.16604
v -1.47191 0.257631 1.12984
v -1.48551 0.234115 0.447034
v -1.4721 0.257451 0.449468
v -1.44688 0.266657 1.12848
v -1.44743 0.266657 0.455576
v -1.45186 0.233874 -1.2399
v -1.44845 0.257342 -1.22724
v -0.769333 0.233203 -1.24
v -0.770153 0.257075 -1.22726
v -1.44688 0.266657 -1.20261
v -0.776422 0.266657 -1.20273
v -1.48541 0.234658 -1.20691
v -1.47559 0.23428 -1.23024
v -1.49765 0.169075 -1.21426
v -1.48677 0.16817 -1.23921
v -1.46048 0.167364 -1.24952
v 0.844168 0.141239 1.14359
v 0.844759 0.141808 0.451845
v 0.854532 0.166291 1.13976
v 0.854532 0.168197 0.446989
v 0.81913 0.130877 1.14525
v 0.821133 0.130877 0.463608
v 0.844168 0.166034 1.16513
v 0.844861 0.232591 1.15542
v 0.81913 0.165926 1.1756
v 0.821421 0.233875 1.16578
v 0.854532 0.231243 1.13038
v 0.818877 0.141473 1.16845
v 0.146906 0.130877 1.14491
v 0.133998 0.143007 1.16812
v 0.129248 0.171012 1.17487
v 0.821677 0.257318 1.15296
v 0.135405 0.257114 1.15322
v 0.131604 0.233114 1.16589
v 0.821421 0.266657 1.12791
v 0.143078 0.266657 1.1287
v 0.854532 0.231243 -1.2045
v 0.844168 0.256277 -1.20103
v 0.854532 0.23065 -0.521171
v 0.84435 0.256111 -0.523896
v 0.81913 0.266657 -1.19975
v 0.819723 0.266657 -0.530407
v 0.81913 0.231607 -1.24023
v 0.844168 0.231415 -1.22977
v 0.816287 0.168741 -1.24933
v 0.843352 0.16745 -1.23897
v 0.854532 0.166291 -1.21389
v 0.81589 0.142327 -1.24159
v 0.133998 0.143006 -1.24223
v 0.129248 0.17101 -1.249
v 0.816287 0.130877 -1.21653
v 0.146906 0.130877 -1.21903
v -0.322813 0.168747 1.1752
v -0.323687 0.14233 1.16745
v -0.089117 0.171241 1.17483
v -0.084394 0.14309 1.16818
v -0.32266 0.130877 1.14242
v -0.0709 0.130877 1.14518
v 0.844168 0.14125 -0.037068
v 0.844942 0.141974 0.21547
v 0.81913 0.130877 -0.037068
v 0.821785 0.130877 0.228921
v 0.854532 0.166291 -0.037068
v 0.854532 0.168761 0.209907
v -1.4976 0.169405 -0.037068
v -1.49064 0.142631 -0.037068
v -1.49718 0.171607 0.209907
v -1.49132 0.143243 0.215694
v -1.4656 0.130877 -0.037068
v -1.46804 0.130877 0.229027
v 0.131604 0.233111 -1.24001
v 0.821133 0.130877 -0.537725
v 0.399454 0.130876 -0.747919
v 0.854532 0.168197 -0.521107
v -1.49724 0.171254 -0.521109
v -1.48551 0.234115 -0.521174
v -0.769333 0.233205 1.16587
v -0.795473 0.130877 -1.21853
v -1.02225 0.130876 -0.747914
v -1.46634 0.130877 -1.21634
v -1.46762 0.130877 -0.538544
v -0.774623 0.170582 -1.24905
v -0.551645 0.233322 -1.23998
v -0.55625 0.170543 -1.24907
v -0.696111 0.130876 -0.965852
v -0.576356 0.130877 -1.21848
v -0.55625 0.170545 1.17494
v -0.551645 0.233324 1.16586
v -0.086092 0.233236 1.16587
v 0.073309 0.130876 -0.965852
v -0.0709 0.130877 -1.21932
v -0.089117 0.171239 -1.24896
v -0.086092 0.233233 -1.24
v -0.31883 0.233903 -1.2399
v -0.322813 0.168745 -1.24933
v -0.311406 0.130876 -1.04236
v -0.322664 0.130877 -1.21655
v -0.31883 0.233905 1.16577
v 0.854532 0.23065 0.447034
v 0.39946 0.130876 0.673799
v 0.07332 0.130876 0.891719
v -0.311384 0.130876 0.96825
v -0.696111 0.130876 0.891735
v -0.576358 0.130877 1.14437
v -1.02225 0.130876 0.6738
v -1.48551 0.23411 0.209932
v -1.24017 0.130876 0.347663
v 0.617403 0.130876 0.347648
v 0.854532 0.230647 0.20993
v 0.854532 0.230648 -0.284058
v 0.854532 0.168763 -0.284038
v 0.821787 0.130877 -0.303036
v 0.617376 0.130876 -0.421796
v -1.24017 0.130876 -0.421761
v -1.46804 0.130877 -0.30314
v -1.49718 0.171607 -0.284038
v -1.48551 0.23411 -0.28406
v -1.48541 0.234658 -0.037068
v -1.31671 0.130876 -0.037045
v 0.693915 0.130876 -0.037068
v 0.854532 0.231243 -0.037068
v 0.14308 0.266657 -1.20283
v -1.44743 0.266657 -0.529721
v -0.558163 0.266657 -1.20261
v -0.075025 0.266657 -1.20269
v -0.316509 0.266657 -1.20202
v -0.776422 0.266657 1.12859
v -0.558163 0.266657 1.12848
v -0.316509 0.266657 1.12788
v -0.075027 0.266657 1.12857
v 0.819723 0.266657 0.456274
v 0.819723 0.266657 0.219161
v -1.44744 0.266657 0.218488
v 0.819723 0.266657 -0.293296
v -1.44744 0.266657 -0.292632
v 0.81913 0.266657 -0.037068
v -1.44688 0.266657 -0.037068
v -0.563437 0.142743 1.1681
v -1.4475 0.256755 1.15322
v -0.770153 0.257075 1.15313
v -0.552457 0.25712 -1.22723
v -1.46433 0.14187 -1.24159
v -0.782211 0.142739 -1.24225
v -1.4721 0.257449 0.212358
v 0.844861 0.256226 1.1281
v 0.84435 0.256111 0.449756
v -1.49089 0.142564 -1.21611
v -1.4912 0.143146 -0.526403
v 0.843354 0.141312 -1.21626
v 0.844759 0.141808 -0.525964
v -0.317312 0.257331 -1.22707
v -0.082229 0.257154 -1.22732
v 0.135407 0.257113 -1.22735
v -0.317312 0.257332 1.15295
v -0.552457 0.257121 1.1531
v -0.082229 0.257154 1.15318
v -0.323689 0.142329 -1.24157
v -0.563437 0.142742 -1.24222
v -0.084394 0.143089 -1.24229
v 0.819464 0.256667 -1.22654
v -1.47191 0.257613 -0.037068
v -1.4721 0.257449 -0.28649
v -1.4721 0.257451 -0.523603
v 0.844168 0.256284 -0.037068
v 0.84435 0.25611 0.212634
v 0.84435 0.25611 -0.286773
v 0.844942 0.141975 -0.289585
v -1.49132 0.143243 -0.28983
v -1.47191 0.257631 -1.20398
v -1.48519 0.147227 1.16247
v -1.46786 0.252937 1.14951
v -1.46826 0.253351 -1.22352
v -1.48519 0.147161 -1.23662
v 0.839455 0.145952 1.16325
v 0.840661 0.252382 1.14867
v 0.839683 0.251923 -1.22241
v 0.838232 0.146603 -1.23661
v -0.10799 0.209132 0.168866
v -0.202468 0.209133 0.23201
v -0.313928 0.209132 0.254177
v -0.425381 0.209133 0.23201
v -0.519861 0.209132 0.168866
v -0.519861 0.209133 -0.243006
v -0.425368 0.209133 -0.306128
v -0.313928 0.209133 -0.328297
v -0.202465 0.209133 -0.306127
v -0.10799 0.209132 -0.243006
v -0.582994 0.209132 -0.148512
v -0.60517 0.209132 -0.037068
v -0.582996 0.209133 0.074384
v -0.044854 0.209132 -0.14851
v -0.022678 0.209135 -0.037068
v -0.044859 0.209135 0.074397
v -0.205192 0.231521 0.225432
v -0.215142 0.237301 0.201415
v -0.313926 0.231521 0.247059
v -0.313926 0.237301 0.221061
v -0.131403 0.237301 0.145452
v -0.113021 0.231521 0.163834
v -0.07545 0.237301 0.061723
v -0.051431 0.231522 0.071671
v -0.422657 0.231521 0.225432
v -0.412707 0.237301 0.201415
v -0.055793 0.237301 -0.037068
v -0.029796 0.231522 -0.037068
v -0.514825 0.231521 0.163834
v -0.496446 0.237301 0.145452
v -0.576423 0.231521 0.071661
v -0.552404 0.237301 0.061711
v -0.598048 0.231521 -0.037068
v -0.57205 0.237301 -0.037068
v -0.422644 0.231521 -0.299556
v -0.412696 0.237301 -0.275533
v -0.313926 0.231521 -0.321181
v -0.313926 0.237301 -0.295183
v -0.496446 0.237301 -0.219591
v -0.514827 0.231521 -0.237978
v -0.552402 0.237301 -0.13584
v -0.576421 0.231521 -0.145788
v -0.20519 0.231521 -0.299554
v -0.215139 0.237301 -0.275532
v -0.113021 0.231521 -0.237976
v -0.131403 0.237301 -0.219591
v -0.051428 0.231521 -0.145786
v -0.075445 0.237301 -0.135838
v -0.313928 0.237302 -0.037068
vn 0.047321 0.99888 0
vn 0.512691 0.858573 5e-06
vn 0.039433 0.999089 0.016333
vn 0.473651 0.85858 0.1962
vn 0.473666 0.858576 -0.196182
vn 0.039437 0.999089 -0.016332
vn 0.012155 0.999852 0.012155
vn 0.362515 0.858583 0.362517
vn -0.047252 0.998883 0
vn -0.512692 0.858572 -0
vn -0.039393 0.999091 -0.016318
vn -0.473655 0.858578 -0.196202
vn -0.47367 0.858575 0.196177
vn -0.039396 0.999091 0.016315
vn -0.012078 0.999854 -0.012078
vn -0.362513 0.858583 -0.362518
vn -0.01582 0.999145 -0.038191
vn -0.196187 0.858588 -0.473643
vn 0 0.999029 -0.044061
vn 1e-06 0.858587 -0.512669
vn 0.015764 0.999151 -0.038061
vn 0.196191 0.858586 -0.473645
vn 0.012155 0.999852 -0.012154
vn 0.362518 0.858584 -0.362511
vn 0.015764 0.999151 0.038058
vn 0.1962 0.858586 0.47364
vn -0 0.999029 0.04406
vn -1e-06 0.858581 0.512677
vn -0.015818 0.999145 0.038192
vn -0.196191 0.858587 0.473644
vn -0.01212 0.999853 0.01212
vn -0.362514 0.858589 0.362503
vn -0.206486 0.841948 -0.498485
vn -0.038698 0.994875 -0.093419
vn 1e-06 0.841952 -0.539553
vn 0 0.994874 -0.101119
vn -0.071501 0.994874 -0.071502
vn -0.381526 0.841943 -0.381536
vn -0.093424 0.994874 -0.038698
vn -0.498494 0.84194 -0.206496
vn -0.101117 0.994875 -0
vn -0.539576 0.841937 0
vn 0.028531 0.997217 0.068884
vn 0.277171 0.689472 0.669182
vn -0 0.997217 0.074555
vn -2e-06 0.689467 0.724317
vn 0.512144 0.689483 0.512174
vn 0.052718 0.997217 0.05272
vn -0.028532 0.997217 0.068877
vn -0.277168 0.6895 0.669155
vn -0.05272 0.997217 0.05272
vn -0.512126 0.689521 0.51214
vn 0.498507 0.84194 -0.206464
vn 0.093425 0.994874 -0.038696
vn 0.53958 0.841934 7e-06
vn 0.10112 0.994874 2e-06
vn 0.071504 0.994874 -0.071504
vn 0.381526 0.841951 -0.381519
vn 0.038697 0.994874 -0.09342
vn 0.206477 0.841953 -0.49848
vn 0.093428 0.994874 0.038701
vn 0.498489 0.841942 0.206498
vn 0.381521 0.84195 0.381527
vn 0.071503 0.994874 0.071506
vn 0.206491 0.841953 0.498473
vn 0.038701 0.994874 0.093423
vn -1e-06 0.841952 0.539553
vn -0 0.994874 0.10112
vn -0.028537 0.997216 -0.06889
vn -0.277192 0.689463 -0.669182
vn 0 0.997217 -0.074561
vn 0 0.689451 -0.724332
vn -0.512137 0.689491 -0.51217
vn -0.052729 0.997216 -0.05273
vn 0.028535 0.997216 -0.068885
vn 0.277186 0.689452 -0.669197
vn 0.052726 0.997216 -0.052724
vn 0.512161 0.689463 -0.512184
vn -0.038698 0.994874 0.093422
vn -0.206477 0.841955 0.498476
vn -0.381525 0.841952 0.381518
vn -0.071505 0.994874 0.071506
vn -0.498509 0.84194 0.206462
vn -0.093426 0.994874 0.038694
vn 0.669177 0.689478 0.277168
vn 0.068881 0.997217 0.028528
vn 0.724317 0.689467 2.6e-05
vn 0.074567 0.997216 2e-06
vn -0.068883 0.997217 0.02853
vn -0.669147 0.689502 0.277181
vn -0.074565 0.997216 -0
vn -0.724312 0.689472 -0
vn -0.669156 0.68949 -0.277188
vn -0.068889 0.997216 -0.028534
vn 0.068888 0.997216 -0.028534
vn 0.669191 0.689462 -0.277173
vn -2e-06 0.732577 0.680684
vn 0.26048 0.732574 0.628877
vn -0.260494 0.732575 0.628869
vn -0 0.73255 -0.680714
vn -0.260509 0.732551 -0.628891
vn 0.260494 0.73255 -0.628898
vn -0.628857 0.732583 -0.260502
vn -0.680683 0.732579 -1e-06
vn 0.680696 0.732566 2.5e-05
vn 0.628878 0.732574 -0.260477
vn 0.481325 0.732561 -0.481332
vn -0.481303 0.732573 -0.481337
vn -0.628854 0.732588 0.260493
vn -0.481302 0.73258 0.481326
vn 0.481319 0.732559 0.481341
vn 0.628902 0.732551 0.260481
vn -0.154687 0.914645 -0.373491
vn -0 0.91465 -0.404246
vn -0.308729 0.590904 -0.745332
vn 1e-06 0.59085 -0.806781
vn 0.154705 0.914632 -0.373516
vn 0.308744 0.590902 -0.745327
vn 0.285869 0.914635 -0.285872
vn 0.570435 0.590976 -0.570395
vn 0.154684 0.914656 0.373467
vn -3e-06 0.914677 0.404186
vn 0.308688 0.591023 0.745254
vn -4e-06 0.591041 0.806642
vn -0.154661 0.914669 0.373445
vn -0.308684 0.591003 0.745272
vn -0.285828 0.914665 0.285816
vn -0.570411 0.590985 0.57041
vn 0.373492 0.914644 0.154694
vn 0.285856 0.914638 0.285873
vn 0.745299 0.590949 0.30872
vn 0.570396 0.591008 0.570401
vn 0.806724 0.590929 4e-06
vn 0.40422 0.914662 1e-06
vn -0.373479 0.91465 0.154688
vn -0.404215 0.914664 -5e-06
vn -0.74531 0.590933 0.308726
vn -0.806746 0.590898 -1e-05
vn -0.373445 0.914666 -0.154677
vn -0.745313 0.590938 -0.308709
vn 0.745302 0.590948 -0.308716
vn 0.373499 0.914641 -0.154695
vn -0.570419 0.590982 -0.570406
vn -0.285814 0.914675 -0.285798
vn -0.024216 -0.999458 0.0223
vn -0.786019 -0.618105 0.010957
vn -0.035047 -0.999386 1.6e-05
vn -0.813077 -0.582156 -0.000141
vn -0.998173 0.058705 0.014316
vn -0.997968 0.063712 -0.000119
vn -0.010972 -0.653204 0.757103
vn 0.000148 -0.604938 0.796273
vn -0.012815 0.015566 0.999797
vn 0.000125 0.026117 0.999659
vn -2.4e-05 -0.999458 0.032927
vn -0.674179 0.1142 0.729686
vn -0.66349 0.280466 0.693628
vn -0.960942 0.276455 0.012756
vn -0.012763 0.238462 0.971068
vn -0.649538 0.760271 0.009356
vn -0.960477 0.278359 -1.7e-05
vn -0.655712 0.755011 -1.3e-05
vn -0.016641 0.999708 0.017499
vn -0.020441 0.999791 1e-06
vn -0.012514 0.238584 -0.971041
vn -0.00804 0.741821 -0.67055
vn 4.7e-05 0.242727 -0.970095
vn 0.000155 0.738448 -0.67431
vn -0.016611 0.999714 -0.017236
vn 9e-06 0.999781 -0.020952
vn -0.961036 0.276129 -0.012729
vn -0.66713 0.277275 -0.691416
vn -0.998175 0.058716 -0.01409
vn -0.679769 0.110637 -0.725034
vn -0.01277 0.017228 -0.99977
vn 0.716562 -0.69745 0.010088
vn 0.751025 -0.660274 5.9e-05
vn 0.993235 -0.115334 0.013525
vn 0.994015 -0.109241 -7e-05
vn 0.021482 -0.999498 0.023304
vn 0.032979 -0.999456 3.3e-05
vn 0.711415 0.006378 0.702743
vn 0.705332 0.167037 0.688916
vn 0.012803 0.026393 0.99957
vn 0.013157 0.241982 0.970191
vn 0.994216 0.106623 0.012911
vn 0.008364 -0.628548 0.777726
vn -7.4e-05 -0.999415 0.034208
vn -0.00131 -0.592607 0.805491
vn -0.00044 0.029515 0.999564
vn 0.009909 0.750373 0.660941
vn 5e-06 0.735815 0.677183
vn -2.1e-05 0.240509 0.970647
vn 0.018716 0.999681 0.016959
vn 4e-06 0.999772 0.021374
vn 0.993848 0.109942 -0.013373
vn 0.718733 0.695221 -0.009531
vn 0.993587 0.113074 1.9e-05
vn 0.725192 0.688546 -2e-06
vn 0.018927 0.999668 -0.017488
vn 0.023315 0.999728 -3e-06
vn 0.01381 0.246283 -0.9691
vn 0.693832 0.175284 -0.698479
vn 0.013549 0.021306 -0.999681
vn 0.698968 -0.005427 -0.715132
vn 0.992709 -0.119708 -0.01407
vn 0.010089 -0.62909 -0.777267
vn 5.4e-05 -0.593451 -0.80487
vn -8.4e-05 0.023504 -0.999724
vn 0.02198 -0.99947 -0.024021
vn 4.2e-05 -0.999376 -0.035326
vn 0.00011 0.017649 0.999844
vn 0.000121 -0.637232 0.770672
vn 0.000158 0.02441 0.999702
vn -0.000303 -0.616318 0.787498
vn -1.2e-05 -0.999199 0.040014
vn -5.2e-05 -0.999309 0.037176
vn 0.72537 -0.688359 -0
vn 0.737387 -0.675471 -0.000207
vn 0.047789 -0.998858 0
vn 0.04235 -0.999103 -3.3e-05
vn 0.993405 -0.114662 -0
vn 0.994082 -0.108633 0.000115
vn -0.998409 0.056388 -1e-06
vn -0.784889 -0.619636 -1e-06
vn -0.998043 0.062524 0.000118
vn -0.796535 -0.604592 -0.000291
vn -0.047432 -0.998874 -0
vn -0.042369 -0.999102 -4.5e-05
vn 0.000248 0.245098 -0.969498
vn 0.033164 -0.99945 -0.000107
vn 2e-06 -1 -2e-06
vn 0.993662 -0.112407 -4.9e-05
vn -0.997965 0.063768 0.000122
vn -0.960477 0.278358 1.7e-05
vn -8.3e-05 0.243576 0.969882
vn -2e-05 -0.999461 -0.032816
vn -2e-06 -1 -2e-06
vn -0.024214 -0.99946 -0.022195
vn -0.035041 -0.999386 -1.5e-05
vn 0.000139 0.027153 -0.999631
vn -7.1e-05 0.244107 -0.969748
vn -7.5e-05 0.023025 -0.999735
vn -2e-06 -1 -5e-06
vn 5.5e-05 -0.999369 -0.03552
vn -6.9e-05 0.023147 0.999732
vn -7.5e-05 0.244055 0.969762
vn 5.1e-05 0.243933 0.969792
vn 2e-06 -1 -5e-06
vn -5.1e-05 -0.999309 -0.037174
vn 0.000158 0.024253 -0.999706
vn 4.8e-05 0.243937 -0.969791
vn -2.7e-05 0.244999 -0.969523
vn 9.8e-05 0.017518 -0.999847
vn 0 -1 -6e-06
vn -1.3e-05 -0.999199 -0.040013
vn -7e-06 0.244934 0.96954
vn 0.993888 0.11039 -0.000119
vn 2e-06 -1 2e-06
vn 2e-06 -1 5e-06
vn 0 -1 6e-06
vn -2e-06 -1 5e-06
vn 5.6e-05 -0.999369 0.035524
vn -2e-06 -1 2e-06
vn -0.959979 0.280072 3.6e-05
vn -5e-06 -1 2e-06
vn 6e-06 -1 2e-06
vn 0.993343 0.115195 3.9e-05
vn 0.993343 0.115197 -3.9e-05
vn 0.994082 -0.10863 -0.000115
vn 0.042349 -0.999103 3.3e-05
vn 6e-06 -1 -2e-06
vn -5e-06 -1 -2e-06
vn -0.042368 -0.999102 4.5e-05
vn -0.998044 0.062515 -0.000119
vn -0.959979 0.280073 -3.6e-05
vn -0.959744 0.280876 -0
vn -6e-06 -1 0
vn 7e-06 -1 -0
vn 0.993221 0.116237 0
vn 6.4e-05 0.999758 -0.022005
vn -0.020441 0.999791 -1e-06
vn 6e-06 0.999762 -0.021812
vn -1.2e-05 0.999762 -0.021805
vn -7e-06 0.999722 -0.023587
vn -9e-06 0.99977 0.021456
vn 6e-06 0.999762 0.021811
vn -7e-06 0.999722 0.023585
vn -1.2e-05 0.999762 0.021806
vn 0.023304 0.999729 -3.5e-05
vn 0.027187 0.99963 -1e-05
vn -0.023741 0.999718 -8e-06
vn 0.027186 0.99963 1e-05
vn -0.023741 0.999718 8e-06
vn 0.029876 0.999554 0
vn -0.026065 0.99966 -0
vn 0.000435 -0.628711 0.777639
vn -0.008416 0.736301 0.676602
vn -0.000236 0.732989 0.68024
vn -6.8e-05 0.750308 -0.661088
vn -0.010851 -0.654453 -0.756025
vn 0.000221 -0.606009 -0.795458
vn -0.645228 0.76399 -4e-06
vn 0.72695 0.686646 0.007838
vn 0.73296 0.680272 -0.000491
vn -0.78605 -0.618067 -0.010878
vn -0.813076 -0.582157 0.000149
vn 0.706816 -0.70729 -0.012337
vn 0.741838 -0.670579 -0.000658
vn -9.1e-05 0.753653 -0.657272
vn -4.2e-05 0.749416 -0.6621
vn 0.000938 0.735821 -0.677175
vn -7.6e-05 0.753733 0.65718
vn -7.6e-05 0.75041 0.660972
vn -3.4e-05 0.749451 0.66206
vn 0.000113 -0.637298 -0.770617
vn 0.000422 -0.628823 -0.777548
vn -0.000299 -0.616369 -0.787457
vn 0.011063 0.750068 -0.661269
vn -0.641617 0.767026 0
vn -0.645226 0.763992 5e-06
vn -0.655723 0.755001 1.3e-05
vn 0.710063 0.704138 0
vn 0.714083 0.700061 -2e-05
vn 0.714078 0.700066 2e-05
vn 0.737404 -0.675452 0.000207
vn -0.79654 -0.604586 0.000291
vn -0.649767 0.760086 -0.008499
vn -0.63078 -0.418146 0.653659
vn -0.518309 0.633571 0.574408
vn -0.531766 0.645083 -0.54872
vn -0.631677 -0.422072 -0.650261
vn 0.619217 -0.480479 0.621056
vn 0.614317 0.568864 0.546817
vn 0.580878 0.588628 -0.562225
vn 0.575989 -0.503829 -0.643734
vn -0.667186 0.331287 -0.667167
vn -0.361091 0.331172 -0.871745
vn -1e-06 0.331054 -0.943612
vn 0.361105 0.331173 -0.871738
vn 0.667177 0.331329 -0.667155
vn 0.667125 0.331367 0.667188
vn 0.361032 0.331362 0.871697
vn -8e-06 0.331377 0.943498
vn -0.361034 0.331335 0.871706
vn -0.66717 0.331319 0.667167
vn 0.871711 0.331284 0.361068
vn 0.943564 0.33119 8e-06
vn 0.87171 0.331276 -0.36108
vn -0.871725 0.331226 0.361088
vn -0.943582 0.331139 -9e-06
vn -0.871716 0.331215 -0.361121
vn 0.263148 0.726106 0.635234
vn 0.017937 0.998901 0.0433
vn 1e-06 0.726119 0.687569
vn -1e-06 0.998901 0.046866
vn 0.033138 0.998901 0.033139
vn 0.4862 0.7261 0.486198
vn 0.043296 0.998901 0.017937
vn 0.635229 0.72611 0.263153
vn -0.263153 0.726112 0.635226
vn -0.017939 0.998901 0.043302
vn 0.046866 0.998901 0
vn 0.687574 0.726114 9e-06
vn -0.4862 0.726111 0.486182
vn -0.033141 0.998901 0.03314
vn -0.635239 0.726103 0.263145
vn -0.0433 0.998901 0.017937
vn -0.687573 0.726115 -8e-06
vn -0.046867 0.998901 -1e-06
vn -0.263092 0.726113 -0.63525
vn -0.017933 0.998901 -0.043299
vn 8e-06 0.726105 -0.687584
vn 0 0.998901 -0.04687
vn -0.033144 0.998901 -0.033145
vn -0.486187 0.726092 -0.486222
vn -0.043302 0.998901 -0.017937
vn -0.635247 0.7261 -0.263136
vn 0.263091 0.726106 -0.635258
vn 0.017933 0.998901 -0.0433
vn 0.48622 0.726083 -0.486203
vn 0.033144 0.998901 -0.033143
vn 0.635246 0.726093 -0.263157
vn 0.043299 0.998901 -0.017937
vn -0 1 -0
vn 0.36472 0.302997 0.880439
vn 0.673876 0.302938 0.673884
vn -2e-06 0.303017 0.952985
vn 0.880449 0.302925 0.364755
vn -0.364725 0.303037 0.880423
vn -0.673888 0.302999 0.673845
vn -0.880443 0.302976 0.364725
vn -0.364671 0.302881 -0.880499
vn -0.673879 0.302892 -0.673902
vn 5e-06 0.30289 -0.953026
vn -0.880461 0.302938 -0.364715
vn 0.364673 0.302881 -0.880498
vn 0.673907 0.302883 -0.673878
vn 0.880454 0.30292 -0.364746
vn -0.952996 0.302983 -1.1e-05
vn 0.953004 0.302957 8e-06
vt 0.082941 0.263971
vt 0.093936 0.264101
vt 0.095598 0.331701
vt 0.105779 0.327492
vt 0.107519 0.201293
vt 0.097471 0.196934
vt 0.133882 0.389681
vt 0.141751 0.382005
vt 0.432553 0.266838
vt 0.421732 0.266823
vt 0.419578 0.200519
vt 0.409572 0.204609
vt 0.409334 0.329129
vt 0.419365 0.333269
vt 0.382441 0.144096
vt 0.374734 0.151682
vt 0.326635 0.106042
vt 0.32238 0.115985
vt 0.260488 0.091968
vt 0.260328 0.1028
vt 0.193758 0.10409
vt 0.197745 0.114202
vt 0.136449 0.140877
vt 0.144035 0.148721
vt 0.191006 0.428071
vt 0.195233 0.417944
vt 0.258221 0.441379
vt 0.258213 0.430427
vt 0.325202 0.427883
vt 0.321005 0.417801
vt 0.381738 0.389876
vt 0.374028 0.382187
vt 0.309142 0.146991
vt 0.305089 0.156494
vt 0.259864 0.136564
vt 0.259731 0.14691
vt 0.343352 0.182573
vt 0.350712 0.175327
vt 0.368815 0.221249
vt 0.378377 0.217345
vt 0.377662 0.266722
vt 0.388 0.266751
vt 0.292391 0.1863
vt 0.290495 0.190759
vt 0.259347 0.179351
vt 0.259293 0.184202
vt 0.31683 0.208695
vt 0.320282 0.205295
vt 0.226098 0.185521
vt 0.227908 0.190034
vt 0.197678 0.20394
vt 0.201082 0.207429
vt 0.138811 0.214808
vt 0.148397 0.218937
vt 0.128098 0.264445
vt 0.138555 0.264556
vt 0.174936 0.180581
vt 0.167686 0.173118
vt 0.21405 0.155327
vt 0.210219 0.145687
vt 0.146798 0.309978
vt 0.137288 0.314225
vt 0.166359 0.358334
vt 0.174009 0.351283
vt 0.208427 0.38648
vt 0.212463 0.376845
vt 0.258225 0.39635
vt 0.258235 0.385914
vt 0.225008 0.346546
vt 0.226886 0.342019
vt 0.25828 0.353223
vt 0.258288 0.348336
vt 0.200271 0.324048
vt 0.196835 0.32755
vt 0.29155 0.346633
vt 0.289691 0.342126
vt 0.319731 0.327835
vt 0.316299 0.324389
vt 0.30399 0.376776
vt 0.307971 0.386395
vt 0.350041 0.358219
vt 0.342702 0.350874
vt 0.378099 0.316188
vt 0.368534 0.312215
vt 0.334344 0.235302
vt 0.338831 0.233475
vt 0.340409 0.266592
vt 0.345256 0.266612
vt 0.178439 0.231859
vt 0.182931 0.233787
vt 0.171377 0.265043
vt 0.176279 0.265116
vt 0.182243 0.296659
vt 0.177661 0.298424
vt 0.33857 0.29973
vt 0.334092 0.297859
vt 0.259036 0.209639
vt 0.280562 0.214149
vt 0.237401 0.213685
vt 0.258345 0.322734
vt 0.236713 0.31833
vt 0.279983 0.318499
vt 0.206097 0.287238
vt 0.201943 0.265484
vt 0.314996 0.266472
vt 0.310619 0.288032
vt 0.298336 0.306303
vt 0.218376 0.305896
vt 0.206472 0.243883
vt 0.218939 0.2257
vt 0.29874 0.226521
vt 0.310822 0.244881
vt 0.279308 0.217109
vt 0.259005 0.212857
vt 0.276954 0.222663
vt 0.258948 0.218897
vt 0.238603 0.216677
vt 0.240861 0.222289
vt 0.221195 0.228009
vt 0.225436 0.232342
vt 0.237956 0.315338
vt 0.258354 0.319498
vt 0.240292 0.309725
vt 0.258371 0.313425
vt 0.278758 0.31551
vt 0.27646 0.3099
vt 0.296065 0.304016
vt 0.291804 0.29972
vt 0.209107 0.286042
vt 0.220666 0.303611
vt 0.214747 0.283788
vt 0.224971 0.299329
vt 0.211266 0.265608
vt 0.205185 0.265528
vt 0.307651 0.286789
vt 0.311781 0.266456
vt 0.302081 0.284452
vt 0.305748 0.266424
vt 0.307846 0.246094
vt 0.30226 0.248366
vt 0.215035 0.247546
vt 0.209449 0.245157
vt 0.292154 0.233008
vt 0.296451 0.228775
vt 0.353718 0.990709
vt 0.34852 0.990711
vt 0.353211 0.861001
vt 0.348117 0.858683
vt 0.010009 0.029456
vt 0.015391 0.029964
vt 0.00715 0.165434
vt 0.012801 0.166606
vt 0.036123 0.003968
vt 0.170382 0.007031
vt 0.036856 0.009269
vt 0.171749 0.0127
vt 0.482109 0.990955
vt 0.354068 0.995981
vt 0.484654 0.996032
vt 0.015563 0.024574
vt 0.028914 0.026592
vt 0.028503 0.031698
vt 0.038528 0.022127
vt 0.031175 0.009392
vt 0.033116 0.02285
vt 0.033745 0.032378
vt 0.025429 0.166885
vt 0.030756 0.166523
vt 0.038995 0.032814
vt 0.035983 0.165433
vt 0.031663 0.507344
vt 0.032349 0.502037
vt 0.167893 0.507515
vt 0.167726 0.502123
vt 0.032666 0.496799
vt 0.166473 0.496878
vt 0.021992 0.49767
vt 0.022441 0.502761
vt 0.008648 0.499105
vt 0.008676 0.504569
vt 0.026389 0.506697
vt 0.024226 0.520507
vt 0.029942 0.520773
vt 0.510456 0.037263
vt 0.509174 0.171934
vt 0.505176 0.037985
vt 0.503692 0.172837
vt 0.791447 0.99026
vt 0.791493 0.859835
vt 0.79663 0.989957
vt 0.796468 0.857575
vt 0.487486 0.016597
vt 0.487588 0.03022
vt 0.482103 0.016424
vt 0.482403 0.029794
vt 0.492524 0.0397
vt 0.505411 0.032635
vt 0.492144 0.034439
vt 0.791444 0.995136
vt 0.662798 0.990625
vt 0.660344 0.995647
vt 0.482119 0.011463
vt 0.348819 0.010551
vt 0.347841 0.016145
vt 0.482394 0.034967
vt 0.348855 0.033646
vt 0.348172 0.028357
vt 0.482294 0.040135
vt 0.350294 0.038783
vt 0.492362 0.495689
vt 0.487031 0.495064
vt 0.491719 0.36138
vt 0.48634 0.361941
vt 0.481684 0.494792
vt 0.48109 0.363248
vt 0.481775 0.505995
vt 0.487312 0.50535
vt 0.481322 0.518514
vt 0.487168 0.518641
vt 0.492178 0.501094
vt 0.50509 0.502859
vt 0.505125 0.497441
vt 0.481302 0.523938
vt 0.347032 0.524659
vt 0.346058 0.51899
vt 0.790713 0.540081
vt 0.663856 0.5396
vt 0.790669 0.534858
vt 0.661415 0.534633
vt 0.26007 0.014385
vt 0.260007 0.009026
vt 0.305457 0.015661
vt 0.30646 0.01006
vt 0.572576 0.995748
vt 0.572762 0.990465
vt 0.618488 0.995841
vt 0.62106 0.99084
vt 0.79625 0.764211
vt 0.79646 0.812423
vt 0.791083 0.764205
vt 0.791559 0.814996
vt 0.503791 0.26684
vt 0.503345 0.21887
vt 0.50906 0.26683
vt 0.508872 0.217804
vt 0.010049 0.262832
vt 0.004507 0.262718
vt 0.01166 0.213562
vt 0.005931 0.212265
vt 0.348172 0.764821
vt 0.353486 0.764829
vt 0.347991 0.813336
vt 0.353048 0.815889
vt 0.34644 0.506622
vt 0.791607 0.668953
vt 0.711643 0.629001
vt 0.503975 0.361296
vt 0.009256 0.360294
vt 0.022081 0.36035
vt 0.172521 0.025159
vt 0.48394 0.538912
vt 0.43956 0.628888
vt 0.355128 0.537902
vt 0.353578 0.668349
vt 0.166853 0.520131
vt 0.211212 0.507331
vt 0.210343 0.519944
vt 0.502636 0.587578
vt 0.525905 0.539229
vt 0.214553 0.013731
vt 0.215175 0.026157
vt 0.305867 0.027842
vt 0.649848 0.587653
vt 0.622462 0.539435
vt 0.30296 0.519272
vt 0.303476 0.506884
vt 0.257413 0.507012
vt 0.256689 0.520066
vt 0.576559 0.573136
vt 0.574479 0.539825
vt 0.2606 0.027217
vt 0.491538 0.172741
vt 0.710874 0.900259
vt 0.648548 0.942176
vt 0.574847 0.95706
vt 0.501066 0.942533
vt 0.524098 0.990911
vt 0.43855 0.900921
vt 0.024297 0.213855
vt 0.396726 0.838576
vt 0.752477 0.837703
vt 0.491318 0.218828
vt 0.491431 0.314993
vt 0.503514 0.314925
vt 0.791687 0.713579
vt 0.752886 0.690911
vt 0.397112 0.691152
vt 0.353205 0.713672
vt 0.009655 0.312486
vt 0.022437 0.312635
vt 0.02333 0.263087
vt 0.382049 0.764893
vt 0.767201 0.764155
vt 0.491153 0.266858
vt 0.34864 0.496076
vt 0.032746 0.362104
vt 0.209886 0.496728
vt 0.305603 0.496302
vt 0.257829 0.496419
vt 0.170905 0.035623
vt 0.213676 0.036579
vt 0.260862 0.037643
vt 0.307873 0.038271
vt 0.480996 0.170872
vt 0.480778 0.216998
vt 0.034911 0.212389
vt 0.480847 0.316845
vt 0.0331 0.31447
vt 0.480596 0.266866
vt 0.033969 0.263276
vt 0.213278 0.008102
vt 0.526583 0.995995
vt 0.038981 0.027595
vt 0.172246 0.030473
vt 0.211034 0.501967
vt 0.355538 0.532616
vt 0.486534 0.533848
vt 0.029154 0.526102
vt 0.165347 0.525852
vt 0.029656 0.213493
vt 0.487304 0.040083
vt 0.486204 0.172175
vt 0.003174 0.499493
vt 0.003484 0.361341
vt 0.349898 0.537853
vt 0.34844 0.670641
vt 0.796217 0.540095
vt 0.796551 0.671188
vt 0.510501 0.497899
vt 0.509506 0.362215
vt 0.257691 0.501717
vt 0.304208 0.501526
vt 0.347156 0.501269
vt 0.2608 0.032427
vt 0.214902 0.031436
vt 0.306544 0.033118
vt 0.256547 0.525527
vt 0.208938 0.525644
vt 0.574302 0.534567
vt 0.528413 0.534166
vt 0.619907 0.534477
vt 0.303937 0.524985
vt 0.48179 0.500394
vt 0.028652 0.263183
vt 0.027835 0.313182
vt 0.027475 0.360857
vt 0.485876 0.266863
vt 0.485986 0.218285
vt 0.486076 0.315548
vt 0.509072 0.315975
vt 0.796567 0.716147
vt 0.348123 0.716211
vt 0.003807 0.313585
vt 0.027326 0.497108
vt 0.01105 0.024947
vt 0.34956 0.995118
vt 0.031541 0.004894
vt 0.034619 0.027677
vt 0.033295 0.02807
vt 0.026812 0.50138
vt 0.028001 0.501878
vt 0.350997 0.533413
vt 0.004145 0.504077
vt 0.024532 0.525076
vt 0.795821 0.994168
vt 0.509703 0.03301
vt 0.486607 0.012312
vt 0.486518 0.03515
vt 0.487916 0.035715
vt 0.48621 0.500223
vt 0.487716 0.499678
vt 0.79532 0.535747
vt 0.486181 0.523142
vt 0.509629 0.502387
vt 0.289683 0.235443
vt 0.275599 0.225858
vt 0.258917 0.22237
vt 0.242162 0.225515
vt 0.227876 0.234833
vt 0.227448 0.29687
vt 0.241637 0.306501
vt 0.258382 0.309933
vt 0.275139 0.306674
vt 0.289353 0.297249
vt 0.217987 0.282488
vt 0.214761 0.265652
vt 0.218246 0.248921
vt 0.298878 0.283105
vt 0.302278 0.266404
vt 0.299047 0.249672
vt 0.952733 0.366638
vt 0.951263 0.370106
vt 0.937345 0.363422
vt 0.937312 0.367193
vt 0.963045 0.378123
vt 0.965727 0.37548
vt 0.970877 0.390026
vt 0.974366 0.388607
vt 0.921891 0.366326
vt 0.923303 0.369829
vt 0.973577 0.40402
vt 0.977345 0.404043
vt 0.908719 0.374923
vt 0.911367 0.377626
vt 0.899841 0.387921
vt 0.903326 0.38941
vt 0.896633 0.403352
vt 0.900425 0.403398
vt 0.921409 0.44101
vt 0.922868 0.437511
vt 0.936851 0.44418
vt 0.936864 0.44039
vt 0.911014 0.429462
vt 0.908326 0.432128
vt 0.903124 0.417466
vt 0.899609 0.418877
vt 0.952306 0.441181
vt 0.950873 0.437678
vt 0.965419 0.432492
vt 0.962761 0.429807
vt 0.974207 0.419447
vt 0.97073 0.417985
vt 0.937045 0.403753
vt 0.954057 0.363516
vt 0.968141 0.373101
vt 0.937375 0.360028
vt 0.977505 0.38733
vt 0.92062 0.363173
vt 0.906334 0.372491
vt 0.896704 0.386579
vt 0.920095 0.444159
vt 0.905907 0.434528
vt 0.93684 0.447591
vt 0.896445 0.420146
vt 0.953597 0.444332
vt 0.967812 0.434907
vt 0.977336 0.420763
vt 0.893219 0.40331
vt 0.980736 0.404062
usemtl TopSG
f 1026/1420/961 1027/1421/962 1028/1422/963
f 1028/1422/963 1027/1421/962 1029/1423/964
f 1027/1421/962 1026/1420/961 1030/1424/965
f 1030/1424/965 1026/1420/961 1031/1425/966
f 1028/1422/963 1029/1423/964 1032/1426/967
f 1032/1426/967 1029/1423/964 1033/1427/968
f 1034/1428/969 1035/1429/970 1036/1430/971
f 1036/1430/971 1035/1429/970 1037/1431/972
f 1035/1429/970 1034/1428/969 1038/1432/973
f 1038/1432/973 1034/1428/969 1039/1433/974
f 1036/1430/971 1037/1431/972 1040/1434/975
f 1040/1434/975 1037/1431/972 1041/1435/976
f 1040/1434/975 1041/1435/976 1042/1436/977
f 1042/1436/977 1041/1435/976 1043/1437/978
f 1042/1436/977 1043/1437/978 1044/1438/979
f 1044/1438/979 1043/1437/978 1045/1439/980
f 1044/1438/979 1045/1439/980 1046/1440/981
f 1046/1440/981 1045/1439/980 1047/1441/982
f 1046/1440/981 1047/1441/982 1048/1442/983
f 1048/1442/983 1047/1441/982 1049/1443/984
f 1048/1442/983 1049/1443/984 1031/1425/966
f 1031/1425/966 1049/1443/984 1030/1424/965
f 1032/1426/967 1033/1427/968 1050/1444/985
f 1050/1444/985 1033/1427/968 1051/1445/986
f 1050/1444/985 1051/1445/986 1052/1446/987
f 1052/1446/987 1051/1445/986 1053/1447/988
f 1052/1446/987 1053/1447/988 1054/1448/989
f 1054/1448/989 1053/1447/988 1055/1449/990
f 1054/1448/989 1055/1449/990 1056/1450/991
f 1056/1450/991 1055/1449/990 1057/1451/992
f 1056/1450/991 1057/1451/992 1039/1433/974
f 1039/1433/974 1057/1451/992 1038/1432/973
f 1058/1452/993 1059/1453/994 1060/1454/995
f 1060/1454/995 1059/1453/994 1061/1455/996
f 1059/1453/994 1058/1452/993 1062/1456/997
f 1062/1456/997 1058/1452/993 1063/1457/998
f 1062/1456/997 1063/1457/998 1064/1458/999
f 1064/1458/999 1063/1457/998 1065/1459/1000
f 1064/1458/999 1065/1459/1000 1066/1460/1001
f 1066/1460/1001 1065/1459/1000 1067/1461/1002
f 1068/1462/1003 1069/1463/1004 1070/1464/1005
f 1070/1464/1005 1069/1463/1004 1071/1465/1006
f 1069/1463/1004 1068/1462/1003 1072/1466/1007
f 1072/1466/1007 1068/1462/1003 1073/1467/1008
f 1070/1464/1005 1071/1465/1006 1074/1468/1009
f 1074/1468/1009 1071/1465/1006 1075/1469/1010
f 1074/1468/1009 1075/1469/1010 1076/1470/1011
f 1076/1470/1011 1075/1469/1010 1077/1471/1012
f 1078/1472/1013 1079/1473/1014 1080/1474/1015
f 1080/1474/1015 1079/1473/1014 1081/1475/1016
f 1079/1473/1014 1078/1472/1013 1082/1476/1017
f 1082/1476/1017 1078/1472/1013 1083/1477/1018
f 1082/1476/1017 1083/1477/1018 1084/1478/1019
f 1084/1478/1019 1083/1477/1018 1085/1479/1020
f 1084/1478/1019 1085/1479/1020 1061/1455/996
f 1061/1455/996 1085/1479/1020 1060/1454/995
f 1086/1480/1021 1087/1481/1022 1081/1475/1016
f 1081/1475/1016 1087/1481/1022 1080/1474/1015
f 1087/1481/1022 1086/1480/1021 1088/1482/1023
f 1088/1482/1023 1086/1480/1021 1089/1483/1024
f 1088/1482/1023 1089/1483/1024 1090/1484/1025
f 1090/1484/1025 1089/1483/1024 1091/1485/1026
f 1090/1484/1025 1091/1485/1026 1092/1486/1027
f 1092/1486/1027 1091/1485/1026 1093/1487/1028
f 1094/1488/1029 1095/1489/1030 1096/1490/1031
f 1096/1490/1031 1095/1489/1030 1097/1491/1032
f 1095/1489/1030 1094/1488/1029 1098/1492/1033
f 1098/1492/1033 1094/1488/1029 1099/1493/1034
f 1096/1490/1031 1097/1491/1032 1100/1494/1035
f 1100/1494/1035 1097/1491/1032 1101/1495/1036
f 1100/1494/1035 1101/1495/1036 1102/1496/1037
f 1102/1496/1037 1101/1495/1036 1103/1497/1038
f 1104/1498/1039 1105/1499/1040 1093/1487/1028
f 1093/1487/1028 1105/1499/1040 1092/1486/1027
f 1105/1499/1040 1104/1498/1039 1106/1500/1041
f 1106/1500/1041 1104/1498/1039 1107/1501/1042
f 1106/1500/1041 1107/1501/1042 1108/1502/1043
f 1108/1502/1043 1107/1501/1042 1109/1503/1044
f 1108/1502/1043 1109/1503/1044 1067/1461/1002
f 1067/1461/1002 1109/1503/1044 1066/1460/1001
f 1072/1466/1007 1073/1467/1008 1110/1504/1045
f 1110/1504/1045 1073/1467/1008 1111/1505/1046
f 1110/1504/1045 1111/1505/1046 1112/1506/1047
f 1112/1506/1047 1111/1505/1046 1113/1507/1048
f 1076/1470/1011 1077/1471/1012 1114/1508/1049
f 1114/1508/1049 1077/1471/1012 1115/1509/1050
f 1114/1508/1049 1115/1509/1050 1116/1510/1051
f 1116/1510/1051 1115/1509/1050 1117/1511/1052
f 1098/1492/1033 1099/1493/1034 1118/1512/1053
f 1118/1512/1053 1099/1493/1034 1119/1513/1054
f 1118/1512/1053 1119/1513/1054 1117/1511/1052
f 1117/1511/1052 1119/1513/1054 1116/1510/1051
f 1102/1496/1037 1103/1497/1038 1120/1514/1055
f 1120/1514/1055 1103/1497/1038 1121/1515/1056
f 1120/1514/1055 1121/1515/1056 1113/1507/1048
f 1113/1507/1048 1121/1515/1056 1112/1506/1047
f 1111/1505/1046 1064/1458/999 1113/1507/1048
f 1113/1507/1048 1064/1458/999 1066/1460/1001
f 1061/1455/996 1070/1464/1005 1084/1478/1019
f 1084/1478/1019 1070/1464/1005 1074/1468/1009
f 1119/1513/1054 1086/1480/1021 1116/1510/1051
f 1116/1510/1051 1086/1480/1021 1081/1475/1016
f 1093/1487/1028 1096/1490/1031 1104/1498/1039
f 1104/1498/1039 1096/1490/1031 1100/1494/1035
f 1043/1437/978 1041/1435/976 1058/1452/993
f 1058/1452/993 1041/1435/976 1063/1457/998
f 1041/1435/976 1037/1431/972 1063/1457/998
f 1063/1457/998 1037/1431/972 1065/1459/1000
f 1030/1424/965 1049/1443/984 1078/1472/1013
f 1078/1472/1013 1049/1443/984 1083/1477/1018
f 1049/1443/984 1047/1441/982 1083/1477/1018
f 1083/1477/1018 1047/1441/982 1085/1479/1020
f 1033/1427/968 1029/1423/964 1088/1482/1023
f 1088/1482/1023 1029/1423/964 1087/1481/1022
f 1051/1445/986 1033/1427/968 1090/1484/1025
f 1090/1484/1025 1033/1427/968 1088/1482/1023
f 1057/1451/992 1055/1449/990 1106/1500/1041
f 1106/1500/1041 1055/1449/990 1105/1499/1040
f 1038/1432/973 1057/1451/992 1108/1502/1043
f 1108/1502/1043 1057/1451/992 1106/1500/1041
f 1037/1431/972 1035/1429/970 1065/1459/1000
f 1065/1459/1000 1035/1429/970 1067/1461/1002
f 1027/1421/962 1030/1424/965 1080/1474/1015
f 1080/1474/1015 1030/1424/965 1078/1472/1013
f 1029/1423/964 1027/1421/962 1087/1481/1022
f 1087/1481/1022 1027/1421/962 1080/1474/1015
f 1035/1429/970 1038/1432/973 1067/1461/1002
f 1067/1461/1002 1038/1432/973 1108/1502/1043
f 1055/1449/990 1053/1447/988 1105/1499/1040
f 1105/1499/1040 1053/1447/988 1092/1486/1027
f 1053/1447/988 1051/1445/986 1092/1486/1027
f 1092/1486/1027 1051/1445/986 1090/1484/1025
f 1047/1441/982 1045/1439/980 1085/1479/1020
f 1085/1479/1020 1045/1439/980 1060/1454/995
f 1045/1439/980 1043/1437/978 1060/1454/995
f 1060/1454/995 1043/1437/978 1058/1452/993
f 1071/1465/1006 1069/1463/1004 1122/1516/1057
f 1122/1516/1057 1069/1463/1004 1123/1517/1058
f 1075/1469/1010 1071/1465/1006 1124/1518/1059
f 1124/1518/1059 1071/1465/1006 1122/1516/1057
f 1097/1491/1032 1095/1489/1030 1125/1519/1060
f 1125/1519/1060 1095/1489/1030 1126/1520/1061
f 1101/1495/1036 1097/1491/1032 1127/1521/1062
f 1127/1521/1062 1097/1491/1032 1125/1519/1060
f 1118/1512/1053 1117/1511/1052 1128/1522/1063
f 1128/1522/1063 1117/1511/1052 1129/1523/1064
f 1112/1506/1047 1121/1515/1056 1130/1524/1065
f 1130/1524/1065 1121/1515/1056 1131/1525/1066
f 1103/1497/1038 1101/1495/1036 1132/1526/1067
f 1132/1526/1067 1101/1495/1036 1127/1521/1062
f 1121/1515/1056 1103/1497/1038 1131/1525/1066
f 1131/1525/1066 1103/1497/1038 1132/1526/1067
f 1095/1489/1030 1098/1492/1033 1126/1520/1061
f 1126/1520/1061 1098/1492/1033 1133/1527/1068
f 1098/1492/1033 1118/1512/1053 1133/1527/1068
f 1133/1527/1068 1118/1512/1053 1128/1522/1063
f 1115/1509/1050 1077/1471/1012 1134/1528/1069
f 1134/1528/1069 1077/1471/1012 1135/1529/1070
f 1077/1471/1012 1075/1469/1010 1135/1529/1070
f 1135/1529/1070 1075/1469/1010 1124/1518/1059
f 1069/1463/1004 1072/1466/1007 1123/1517/1058
f 1123/1517/1058 1072/1466/1007 1136/1530/1071
f 1072/1466/1007 1110/1504/1045 1136/1530/1071
f 1136/1530/1071 1110/1504/1045 1137/1531/1072
f 1117/1511/1052 1115/1509/1050 1129/1523/1064
f 1129/1523/1064 1115/1509/1050 1134/1528/1069
f 1110/1504/1045 1112/1506/1047 1137/1531/1072
f 1137/1531/1072 1112/1506/1047 1130/1524/1065
f 1123/1517/1058 1138/1532/1073 1122/1516/1057
f 1122/1516/1057 1138/1532/1073 1139/1533/1074
f 1138/1532/1073 1140/1534/1075 1139/1533/1074
f 1139/1533/1074 1140/1534/1075 1141/1535/1076
f 1122/1516/1057 1139/1533/1074 1124/1518/1059
f 1124/1518/1059 1139/1533/1074 1142/1536/1077
f 1139/1533/1074 1141/1535/1076 1142/1536/1077
f 1142/1536/1077 1141/1535/1076 1143/1537/1078
f 1124/1518/1059 1142/1536/1077 1135/1529/1070
f 1135/1529/1070 1142/1536/1077 1144/1538/1079
f 1142/1536/1077 1143/1537/1078 1144/1538/1079
f 1144/1538/1079 1143/1537/1078 1145/1539/1080
f 1126/1520/1061 1146/1540/1081 1125/1519/1060
f 1125/1519/1060 1146/1540/1081 1147/1541/1082
f 1146/1540/1081 1148/1542/1083 1147/1541/1082
f 1147/1541/1082 1148/1542/1083 1149/1543/1084
f 1125/1519/1060 1147/1541/1082 1127/1521/1062
f 1127/1521/1062 1147/1541/1082 1150/1544/1085
f 1147/1541/1082 1149/1543/1084 1150/1544/1085
f 1150/1544/1085 1149/1543/1084 1151/1545/1086
f 1127/1521/1062 1150/1544/1085 1132/1526/1067
f 1132/1526/1067 1150/1544/1085 1152/1546/1087
f 1150/1544/1085 1151/1545/1086 1152/1546/1087
f 1152/1546/1087 1151/1545/1086 1153/1547/1088
f 1128/1522/1063 1154/1548/1089 1133/1527/1068
f 1133/1527/1068 1154/1548/1089 1155/1549/1090
f 1154/1548/1089 1156/1550/1091 1155/1549/1090
f 1155/1549/1090 1156/1550/1091 1157/1551/1092
f 1156/1550/1091 1154/1548/1089 1158/1552/1093
f 1158/1552/1093 1154/1548/1089 1159/1553/1094
f 1154/1548/1089 1128/1522/1063 1159/1553/1094
f 1159/1553/1094 1128/1522/1063 1129/1523/1064
f 1131/1525/1066 1160/1554/1095 1130/1524/1065
f 1130/1524/1065 1160/1554/1095 1161/1555/1096
f 1160/1554/1095 1162/1556/1097 1161/1555/1096
f 1161/1555/1096 1162/1556/1097 1163/1557/1098
f 1130/1524/1065 1161/1555/1096 1137/1531/1072
f 1137/1531/1072 1161/1555/1096 1164/1558/1099
f 1161/1555/1096 1163/1557/1098 1164/1558/1099
f 1164/1558/1099 1163/1557/1098 1165/1559/1100
f 1162/1556/1097 1160/1554/1095 1153/1547/1088
f 1153/1547/1088 1160/1554/1095 1152/1546/1087
f 1160/1554/1095 1131/1525/1066 1152/1546/1087
f 1152/1546/1087 1131/1525/1066 1132/1526/1067
f 1148/1542/1083 1146/1540/1081 1157/1551/1092
f 1157/1551/1092 1146/1540/1081 1155/1549/1090
f 1146/1540/1081 1126/1520/1061 1155/1549/1090
f 1155/1549/1090 1126/1520/1061 1133/1527/1068
f 1158/1552/1093 1159/1553/1094 1166/1560/1101
f 1166/1560/1101 1159/1553/1094 1167/1561/1102
f 1159/1553/1094 1129/1523/1064 1167/1561/1102
f 1167/1561/1102 1129/1523/1064 1134/1528/1069
f 1166/1560/1101 1167/1561/1102 1145/1539/1080
f 1145/1539/1080 1167/1561/1102 1144/1538/1079
f 1167/1561/1102 1134/1528/1069 1144/1538/1079
f 1144/1538/1079 1134/1528/1069 1135/1529/1070
f 1140/1534/1075 1138/1532/1073 1168/1562/1103
f 1168/1562/1103 1138/1532/1073 1169/1563/1104
f 1138/1532/1073 1123/1517/1058 1169/1563/1104
f 1169/1563/1104 1123/1517/1058 1136/1530/1071
f 1168/1562/1103 1169/1563/1104 1165/1559/1100
f 1165/1559/1100 1169/1563/1104 1164/1558/1099
f 1169/1563/1104 1136/1530/1071 1164/1558/1099
f 1164/1558/1099 1136/1530/1071 1137/1531/1072
f 1059/1453/994 1068/1462/1003 1061/1455/996
f 1061/1455/996 1068/1462/1003 1070/1464/1005
f 1073/1467/1008 1068/1462/1003 1062/1456/997
f 1062/1456/997 1068/1462/1003 1059/1453/994
f 1073/1467/1008 1062/1456/997 1111/1505/1046
f 1111/1505/1046 1062/1456/997 1064/1458/999
f 1109/1503/1044 1120/1514/1055 1066/1460/1001
f 1066/1460/1001 1120/1514/1055 1113/1507/1048
f 1102/1496/1037 1120/1514/1055 1107/1501/1042
f 1107/1501/1042 1120/1514/1055 1109/1503/1044
f 1102/1496/1037 1107/1501/1042 1100/1494/1035
f 1100/1494/1035 1107/1501/1042 1104/1498/1039
f 1091/1485/1026 1094/1488/1029 1093/1487/1028
f 1093/1487/1028 1094/1488/1029 1096/1490/1031
f 1099/1493/1034 1094/1488/1029 1089/1483/1024
f 1089/1483/1024 1094/1488/1029 1091/1485/1026
f 1099/1493/1034 1089/1483/1024 1119/1513/1054
f 1119/1513/1054 1089/1483/1024 1086/1480/1021
f 1084/1478/1019 1074/1468/1009 1082/1476/1017
f 1082/1476/1017 1074/1468/1009 1076/1470/1011
f 1082/1476/1017 1076/1470/1011 1079/1473/1014
f 1079/1473/1014 1076/1470/1011 1114/1508/1049
f 1079/1473/1014 1114/1508/1049 1081/1475/1016
f 1081/1475/1016 1114/1508/1049 1116/1510/1051
f 1170/1564/1105 1171/1565/1106 1172/1566/1107
f 1172/1566/1107 1171/1565/1106 1173/1567/1108
f 1171/1568/1106 1174/1569/1109 1173/1570/1108
f 1173/1570/1108 1174/1569/1109 1175/1571/1110
f 1176/1572/1111 1177/1573/1112 1178/1574/1113
f 1178/1574/1113 1177/1573/1112 1179/1575/1114
f 1170/1564/1105 1180/1576/1115 1176/1577/1111
f 1176/1577/1111 1180/1576/1115 1177/1578/1112
f 1181/1579/1116 1182/1580/1117 1174/1569/1109
f 1174/1569/1109 1182/1580/1117 1183/1581/1118
f 1178/1574/1113 1184/1582/1119 1181/1583/1116
f 1181/1583/1116 1184/1582/1119 1182/1584/1117
f 1183/1581/1118 1185/1585/1120 1186/1586/1121
f 1186/1586/1121 1185/1585/1120 1187/1587/1122
f 1188/1588/1123 1189/1589/1124 1185/1585/1120
f 1185/1585/1120 1189/1589/1124 1187/1587/1122
f 1190/1590/1125 1191/1591/1126 1192/1592/1127
f 1192/1592/1127 1191/1591/1126 1193/1593/1128
f 1194/1594/1129 1195/1595/1130 1191/1591/1126
f 1191/1591/1126 1195/1595/1130 1193/1593/1128
f 1196/1596/1131 1197/1597/1132 1198/1598/1133
f 1198/1598/1133 1197/1597/1132 1199/1599/1134
f 1197/1600/1132 1190/1590/1125 1199/1601/1134
f 1199/1601/1134 1190/1590/1125 1200/1602/1135
f 1201/1603/1136 1202/1604/1137 1203/1605/1138
f 1203/1605/1138 1202/1604/1137 1204/1606/1139
f 1205/1607/1140 1206/1608/1141 1201/1609/1136
f 1201/1609/1136 1206/1608/1141 1202/1610/1137
f 1207/1611/1142 1208/1612/1143 1209/1613/1144
f 1209/1613/1144 1208/1612/1143 1210/1614/1145
f 1203/1605/1138 1211/1615/1146 1207/1616/1142
f 1207/1616/1142 1211/1615/1146 1208/1617/1143
f 1205/1607/1140 1212/1618/1147 1213/1619/1148
f 1213/1619/1148 1212/1618/1147 1214/1620/1149
f 1212/1621/1147 1209/1613/1144 1214/1622/1149
f 1214/1622/1149 1209/1613/1144 1215/1623/1150
f 1216/1624/1151 1217/1625/1152 1210/1614/1145
f 1210/1614/1145 1217/1625/1152 1218/1626/1153
f 1219/1627/1154 1220/1628/1155 1216/1624/1151
f 1216/1624/1151 1220/1628/1155 1217/1625/1152
f 1221/1629/1156 1222/1630/1157 1223/1631/1158
f 1223/1631/1158 1222/1630/1157 1224/1632/1159
f 1225/1633/1160 1226/1634/1161 1222/1630/1157
f 1222/1630/1157 1226/1634/1161 1224/1632/1159
f 1227/1635/1162 1228/1636/1163 1229/1637/1164
f 1229/1637/1164 1228/1636/1163 1230/1638/1165
f 1228/1639/1163 1221/1629/1156 1230/1640/1165
f 1230/1640/1165 1221/1629/1156 1231/1641/1166
f 1232/1642/1167 1233/1643/1168 1229/1637/1164
f 1229/1637/1164 1233/1643/1168 1234/1644/1169
f 1235/1645/1170 1236/1646/1171 1232/1647/1167
f 1232/1647/1167 1236/1646/1171 1233/1648/1168
f 1237/1649/1172 1238/1650/1173 1239/1651/1174
f 1239/1651/1174 1238/1650/1173 1240/1652/1175
f 1238/1653/1173 1241/1654/1176 1240/1655/1175
f 1240/1655/1175 1241/1654/1176 1242/1656/1177
f 1243/1657/1178 1244/1658/1179 1245/1659/1180
f 1245/1659/1180 1244/1658/1179 1246/1660/1181
f 1247/1661/1182 1248/1662/1183 1243/1663/1178
f 1243/1663/1178 1248/1662/1183 1244/1664/1179
f 1249/1665/1184 1250/1666/1185 1251/1667/1186
f 1251/1667/1186 1250/1666/1185 1252/1668/1187
f 1250/1669/1185 1253/1670/1188 1252/1671/1187
f 1252/1671/1187 1253/1670/1188 1254/1672/1189
f 1215/1623/1150 1209/1613/1144 1218/1626/1153
f 1218/1626/1153 1209/1613/1144 1210/1614/1145
f 1234/1644/1169 1255/1673/1190 1229/1637/1164
f 1229/1637/1164 1255/1673/1190 1227/1635/1162
f 1256/1674/1191 1257/1675/1192 1235/1645/1170
f 1235/1645/1170 1257/1675/1192 1236/1646/1171
f 1223/1631/1158 1258/1676/1193 1221/1629/1156
f 1221/1629/1156 1258/1676/1193 1231/1641/1166
f 1198/1598/1133 1259/1677/1194 1196/1596/1131
f 1196/1596/1131 1259/1677/1194 1260/1678/1195
f 1178/1574/1113 1179/1575/1114 1184/1582/1119
f 1184/1582/1119 1179/1575/1114 1261/1679/1196
f 1262/1680/1197 1263/1681/1198 1264/1682/1199
f 1264/1682/1199 1263/1681/1198 1265/1683/1200
f 1192/1592/1127 1266/1684/1201 1190/1590/1125
f 1190/1590/1125 1266/1684/1201 1200/1602/1135
f 1267/1685/1202 1268/1686/1203 1192/1592/1127
f 1192/1592/1127 1268/1686/1203 1266/1684/1201
f 1263/1681/1198 1262/1680/1197 1269/1687/1204
f 1269/1687/1204 1262/1680/1197 1270/1688/1205
f 1179/1575/1114 1271/1689/1206 1261/1679/1196
f 1261/1679/1196 1271/1689/1206 1272/1690/1207
f 1239/1651/1174 1215/1623/1150 1273/1691/1208
f 1273/1691/1208 1215/1623/1150 1218/1626/1153
f 1257/1675/1192 1274/1692/1209 1236/1646/1171
f 1236/1646/1171 1274/1692/1209 1275/1693/1210
f 1276/1694/1211 1277/1695/1212 1234/1644/1169
f 1234/1644/1169 1277/1695/1212 1255/1673/1190
f 1278/1696/1213 1279/1697/1214 1267/1685/1202
f 1267/1685/1202 1279/1697/1214 1268/1686/1203
f 1269/1687/1204 1270/1688/1205 1280/1698/1215
f 1280/1698/1215 1270/1688/1205 1281/1699/1216
f 1271/1689/1206 1237/1649/1172 1272/1690/1207
f 1272/1690/1207 1237/1649/1172 1282/1700/1217
f 1237/1649/1172 1239/1651/1174 1282/1700/1217
f 1282/1700/1217 1239/1651/1174 1273/1691/1208
f 1274/1692/1209 1280/1698/1215 1275/1693/1210
f 1275/1693/1210 1280/1698/1215 1281/1699/1216
f 1279/1697/1214 1278/1696/1213 1276/1694/1211
f 1276/1694/1211 1278/1696/1213 1277/1695/1212
f 1203/1605/1138 1204/1606/1139 1211/1615/1146
f 1211/1615/1146 1204/1606/1139 1283/1701/1218
f 1213/1619/1148 1284/1702/1219 1205/1607/1140
f 1205/1607/1140 1284/1702/1219 1206/1608/1141
f 1242/1656/1177 1285/1703/1220 1213/1619/1148
f 1213/1619/1148 1285/1703/1220 1284/1702/1219
f 1241/1654/1176 1286/1704/1221 1242/1656/1177
f 1242/1656/1177 1286/1704/1221 1285/1703/1220
f 1287/1705/1222 1286/1704/1221 1288/1706/1223
f 1288/1706/1223 1286/1704/1221 1241/1654/1176
f 1289/1707/1224 1287/1705/1222 1180/1576/1115
f 1180/1576/1115 1287/1705/1222 1288/1706/1223
f 1172/1566/1107 1289/1707/1224 1170/1564/1105
f 1170/1564/1105 1289/1707/1224 1180/1576/1115
f 1186/1586/1121 1175/1571/1110 1183/1581/1118
f 1183/1581/1118 1175/1571/1110 1174/1569/1109
f 1290/1708/1225 1251/1667/1186 1186/1586/1121
f 1186/1586/1121 1251/1667/1186 1175/1571/1110
f 1254/1672/1189 1291/1709/1226 1172/1566/1107
f 1172/1566/1107 1291/1709/1226 1289/1707/1224
f 1284/1702/1219 1292/1710/1227 1206/1608/1141
f 1206/1608/1141 1292/1710/1227 1246/1660/1181
f 1204/1606/1139 1248/1662/1183 1283/1701/1218
f 1283/1701/1218 1248/1662/1183 1293/1711/1228
f 1294/1712/1229 1295/1713/1230 1223/1631/1158
f 1223/1631/1158 1295/1713/1230 1258/1676/1193
f 1296/1714/1231 1297/1715/1232 1256/1674/1191
f 1256/1674/1191 1297/1715/1232 1257/1675/1192
f 1263/1681/1198 1298/1716/1233 1265/1683/1200
f 1265/1683/1200 1298/1716/1233 1299/1717/1234
f 1259/1677/1194 1300/1718/1235 1260/1678/1195
f 1260/1678/1195 1300/1718/1235 1301/1719/1236
f 1249/1665/1184 1251/1667/1186 1302/1720/1237
f 1302/1720/1237 1251/1667/1186 1290/1708/1225
f 1253/1670/1188 1303/1721/1238 1254/1672/1189
f 1254/1672/1189 1303/1721/1238 1291/1709/1226
f 1292/1710/1227 1304/1722/1239 1246/1660/1181
f 1246/1660/1181 1304/1722/1239 1245/1659/1180
f 1293/1711/1228 1248/1662/1183 1305/1723/1240
f 1305/1723/1240 1248/1662/1183 1247/1661/1182
f 1247/1661/1182 1295/1713/1230 1305/1723/1240
f 1305/1723/1240 1295/1713/1230 1294/1712/1229
f 1245/1659/1180 1304/1722/1239 1296/1714/1231
f 1296/1714/1231 1304/1722/1239 1297/1715/1232
f 1298/1716/1233 1303/1721/1238 1299/1717/1234
f 1299/1717/1234 1303/1721/1238 1253/1670/1188
f 1301/1719/1236 1300/1718/1235 1302/1720/1237
f 1302/1720/1237 1300/1718/1235 1249/1665/1184
f 1306/1724/1241 1056/1450/991 1225/1633/1160
f 1225/1633/1160 1056/1450/991 1226/1634/1161
f 1307/1725/1242 1032/1426/967 1194/1594/1129
f 1194/1594/1129 1032/1426/967 1195/1595/1130
f 1032/1426/967 1050/1444/985 1195/1595/1130
f 1195/1595/1130 1050/1444/985 1308/1726/1243
f 1309/1727/1244 1054/1448/989 1306/1724/1241
f 1306/1724/1241 1054/1448/989 1056/1450/991
f 1050/1444/985 1052/1446/987 1308/1726/1243
f 1308/1726/1243 1052/1446/987 1310/1728/1245
f 1310/1728/1245 1052/1446/987 1309/1727/1244
f 1309/1727/1244 1052/1446/987 1054/1448/989
f 1311/1729/1246 1048/1442/983 1188/1588/1123
f 1188/1588/1123 1048/1442/983 1189/1589/1124
f 1048/1442/983 1311/1729/1246 1046/1440/981
f 1046/1440/981 1311/1729/1246 1312/1730/1247
f 1046/1440/981 1312/1730/1247 1044/1438/979
f 1044/1438/979 1312/1730/1247 1313/1731/1248
f 1042/1436/977 1044/1438/979 1314/1732/1249
f 1314/1732/1249 1044/1438/979 1313/1731/1248
f 1040/1434/975 1042/1436/977 1220/1628/1155
f 1220/1628/1155 1042/1436/977 1314/1732/1249
f 1315/1733/1250 1040/1434/975 1219/1627/1154
f 1219/1627/1154 1040/1434/975 1220/1628/1155
f 1316/1734/1251 1036/1430/971 1315/1733/1250
f 1315/1733/1250 1036/1430/971 1040/1434/975
f 1048/1442/983 1031/1425/966 1189/1589/1124
f 1189/1589/1124 1031/1425/966 1317/1735/1252
f 1056/1450/991 1039/1433/974 1226/1634/1161
f 1226/1634/1161 1039/1433/974 1318/1736/1253
f 1319/1737/1254 1028/1422/963 1307/1725/1242
f 1307/1725/1242 1028/1422/963 1032/1426/967
f 1320/1738/1255 1034/1428/969 1316/1734/1251
f 1316/1734/1251 1034/1428/969 1036/1430/971
f 1031/1425/966 1026/1420/961 1317/1735/1252
f 1317/1735/1252 1026/1420/961 1321/1739/1256
f 1039/1433/974 1034/1428/969 1318/1736/1253
f 1318/1736/1253 1034/1428/969 1320/1738/1255
f 1321/1739/1256 1026/1420/961 1319/1737/1254
f 1319/1737/1254 1026/1420/961 1028/1422/963
f 1177/1573/1112 1322/1740/1257 1179/1575/1114
f 1179/1575/1114 1322/1740/1257 1271/1689/1206
f 1180/1576/1115 1288/1706/1223 1177/1578/1112
f 1177/1578/1112 1288/1706/1223 1322/1741/1257
f 1188/1588/1123 1323/1742/1258 1311/1729/1246
f 1311/1729/1246 1323/1742/1258 1324/1743/1259
f 1184/1582/1119 1261/1679/1196 1323/1742/1258
f 1323/1742/1258 1261/1679/1196 1324/1743/1259
f 1193/1593/1128 1325/1744/1260 1192/1592/1127
f 1192/1592/1127 1325/1744/1260 1267/1685/1202
f 1195/1595/1130 1308/1726/1243 1193/1593/1128
f 1193/1593/1128 1308/1726/1243 1325/1744/1260
f 1264/1682/1199 1326/1745/1261 1262/1680/1197
f 1262/1680/1197 1326/1745/1261 1327/1746/1262
f 1326/1747/1261 1200/1602/1135 1327/1748/1262
f 1327/1748/1262 1200/1602/1135 1266/1684/1201
f 1187/1587/1122 1328/1749/1263 1186/1586/1121
f 1186/1586/1121 1328/1749/1263 1290/1708/1225
f 1189/1589/1124 1317/1735/1252 1187/1587/1122
f 1187/1587/1122 1317/1735/1252 1328/1749/1263
f 1219/1627/1154 1329/1750/1264 1315/1733/1250
f 1315/1733/1250 1329/1750/1264 1330/1751/1265
f 1329/1750/1264 1211/1615/1146 1330/1751/1265
f 1330/1751/1265 1211/1615/1146 1283/1701/1218
f 1331/1752/1266 1332/1753/1267 1198/1598/1133
f 1198/1598/1133 1332/1753/1267 1259/1677/1194
f 1264/1682/1199 1265/1683/1200 1331/1754/1266
f 1331/1754/1266 1265/1683/1200 1332/1755/1267
f 1235/1645/1170 1333/1756/1268 1256/1674/1191
f 1256/1674/1191 1333/1756/1268 1334/1757/1269
f 1333/1758/1268 1231/1641/1166 1334/1759/1269
f 1334/1759/1269 1231/1641/1166 1258/1676/1193
f 1278/1696/1213 1335/1760/1270 1277/1695/1212
f 1277/1695/1212 1335/1760/1270 1336/1761/1271
f 1335/1760/1270 1310/1728/1245 1336/1761/1271
f 1336/1761/1271 1310/1728/1245 1309/1727/1244
f 1277/1695/1212 1336/1761/1271 1255/1673/1190
f 1255/1673/1190 1336/1761/1271 1337/1762/1272
f 1336/1761/1271 1309/1727/1244 1337/1762/1272
f 1337/1762/1272 1309/1727/1244 1306/1724/1241
f 1338/1763/1273 1339/1764/1274 1282/1700/1217
f 1282/1700/1217 1339/1764/1274 1272/1690/1207
f 1338/1763/1273 1313/1731/1248 1339/1764/1274
f 1339/1764/1274 1313/1731/1248 1312/1730/1247
f 1338/1763/1273 1340/1765/1275 1313/1731/1248
f 1313/1731/1248 1340/1765/1275 1314/1732/1249
f 1282/1700/1217 1273/1691/1208 1338/1763/1273
f 1338/1763/1273 1273/1691/1208 1340/1765/1275
f 1279/1697/1214 1341/1766/1276 1268/1686/1203
f 1268/1686/1203 1341/1766/1276 1342/1767/1277
f 1341/1768/1276 1281/1699/1216 1342/1769/1277
f 1342/1769/1277 1281/1699/1216 1270/1688/1205
f 1341/1768/1276 1343/1770/1278 1281/1699/1216
f 1281/1699/1216 1343/1770/1278 1275/1693/1210
f 1279/1697/1214 1276/1694/1211 1341/1766/1276
f 1341/1766/1276 1276/1694/1211 1343/1771/1278
f 1335/1760/1270 1325/1744/1260 1310/1728/1245
f 1310/1728/1245 1325/1744/1260 1308/1726/1243
f 1335/1760/1270 1278/1696/1213 1325/1744/1260
f 1325/1744/1260 1278/1696/1213 1267/1685/1202
f 1262/1680/1197 1327/1746/1262 1270/1688/1205
f 1270/1688/1205 1327/1746/1262 1342/1769/1277
f 1327/1748/1262 1266/1684/1201 1342/1767/1277
f 1342/1767/1277 1266/1684/1201 1268/1686/1203
f 1238/1653/1173 1322/1741/1257 1241/1654/1176
f 1241/1654/1176 1322/1741/1257 1288/1706/1223
f 1237/1649/1172 1271/1689/1206 1238/1650/1173
f 1238/1650/1173 1271/1689/1206 1322/1740/1257
f 1311/1729/1246 1324/1743/1259 1312/1730/1247
f 1312/1730/1247 1324/1743/1259 1339/1764/1274
f 1324/1743/1259 1261/1679/1196 1339/1764/1274
f 1339/1764/1274 1261/1679/1196 1272/1690/1207
f 1340/1765/1275 1217/1625/1152 1314/1732/1249
f 1314/1732/1249 1217/1625/1152 1220/1628/1155
f 1273/1691/1208 1218/1626/1153 1340/1765/1275
f 1340/1765/1275 1218/1626/1153 1217/1625/1152
f 1239/1651/1174 1240/1652/1175 1215/1623/1150
f 1215/1623/1150 1240/1652/1175 1214/1622/1149
f 1240/1655/1175 1242/1656/1177 1214/1620/1149
f 1214/1620/1149 1242/1656/1177 1213/1619/1148
f 1343/1770/1278 1233/1648/1168 1275/1693/1210
f 1275/1693/1210 1233/1648/1168 1236/1646/1171
f 1276/1694/1211 1234/1644/1169 1343/1771/1278
f 1343/1771/1278 1234/1644/1169 1233/1643/1168
f 1225/1633/1160 1344/1772/1279 1306/1724/1241
f 1306/1724/1241 1344/1772/1279 1337/1762/1272
f 1344/1772/1279 1227/1635/1162 1337/1762/1272
f 1337/1762/1272 1227/1635/1162 1255/1673/1190
f 1302/1720/1237 1345/1773/1280 1301/1719/1236
f 1301/1719/1236 1345/1773/1280 1346/1774/1281
f 1345/1773/1280 1321/1739/1256 1346/1774/1281
f 1346/1774/1281 1321/1739/1256 1319/1737/1254
f 1301/1719/1236 1346/1774/1281 1260/1678/1195
f 1260/1678/1195 1346/1774/1281 1347/1775/1282
f 1346/1774/1281 1319/1737/1254 1347/1775/1282
f 1347/1775/1282 1319/1737/1254 1307/1725/1242
f 1305/1723/1240 1348/1776/1283 1293/1711/1228
f 1293/1711/1228 1348/1776/1283 1349/1777/1284
f 1348/1776/1283 1320/1738/1255 1349/1777/1284
f 1349/1777/1284 1320/1738/1255 1316/1734/1251
f 1348/1776/1283 1350/1778/1285 1320/1738/1255
f 1320/1738/1255 1350/1778/1285 1318/1736/1253
f 1305/1723/1240 1294/1712/1229 1348/1776/1283
f 1348/1776/1283 1294/1712/1229 1350/1778/1285
f 1247/1661/1182 1243/1663/1178 1295/1713/1230
f 1295/1713/1230 1243/1663/1178 1351/1779/1286
f 1243/1657/1178 1245/1659/1180 1351/1780/1286
f 1351/1780/1286 1245/1659/1180 1296/1714/1231
f 1250/1669/1185 1352/1781/1287 1253/1670/1188
f 1253/1670/1188 1352/1781/1287 1299/1717/1234
f 1249/1665/1184 1300/1718/1235 1250/1666/1185
f 1250/1666/1185 1300/1718/1235 1352/1782/1287
f 1345/1773/1280 1328/1749/1263 1321/1739/1256
f 1321/1739/1256 1328/1749/1263 1317/1735/1252
f 1302/1720/1237 1290/1708/1225 1345/1773/1280
f 1345/1773/1280 1290/1708/1225 1328/1749/1263
f 1251/1667/1186 1252/1668/1187 1175/1571/1110
f 1175/1571/1110 1252/1668/1187 1173/1570/1108
f 1252/1671/1187 1254/1672/1189 1173/1567/1108
f 1173/1567/1108 1254/1672/1189 1172/1566/1107
f 1244/1658/1179 1202/1610/1137 1246/1660/1181
f 1246/1660/1181 1202/1610/1137 1206/1608/1141
f 1248/1662/1183 1204/1606/1139 1244/1664/1179
f 1244/1664/1179 1204/1606/1139 1202/1604/1137
f 1315/1733/1250 1330/1751/1265 1316/1734/1251
f 1316/1734/1251 1330/1751/1265 1349/1777/1284
f 1330/1751/1265 1283/1701/1218 1349/1777/1284
f 1349/1777/1284 1283/1701/1218 1293/1711/1228
f 1350/1778/1285 1224/1632/1159 1318/1736/1253
f 1318/1736/1253 1224/1632/1159 1226/1634/1161
f 1294/1712/1229 1223/1631/1158 1350/1778/1285
f 1350/1778/1285 1223/1631/1158 1224/1632/1159
f 1256/1674/1191 1334/1757/1269 1296/1714/1231
f 1296/1714/1231 1334/1757/1269 1351/1780/1286
f 1334/1759/1269 1258/1676/1193 1351/1779/1286
f 1351/1779/1286 1258/1676/1193 1295/1713/1230
f 1332/1753/1267 1352/1782/1287 1259/1677/1194
f 1259/1677/1194 1352/1782/1287 1300/1718/1235
f 1265/1683/1200 1299/1717/1234 1332/1755/1267
f 1332/1755/1267 1299/1717/1234 1352/1781/1287
f 1194/1594/1129 1353/1783/1288 1307/1725/1242
f 1307/1725/1242 1353/1783/1288 1347/1775/1282
f 1353/1783/1288 1196/1596/1131 1347/1775/1282
f 1347/1775/1282 1196/1596/1131 1260/1678/1195
f 1181/1579/1116 1174/1569/1109 1354/1784/1289
f 1354/1784/1289 1174/1569/1109 1171/1568/1106
f 1170/1564/1105 1176/1577/1111 1171/1565/1106
f 1171/1565/1106 1176/1577/1111 1354/1785/1289
f 1176/1572/1111 1178/1574/1113 1354/1786/1289
f 1354/1786/1289 1178/1574/1113 1181/1583/1116
f 1188/1588/1123 1185/1585/1120 1323/1742/1258
f 1323/1742/1258 1185/1585/1120 1355/1787/1290
f 1185/1585/1120 1183/1581/1118 1355/1788/1290
f 1355/1788/1290 1183/1581/1118 1182/1580/1117
f 1182/1584/1117 1184/1582/1119 1355/1787/1290
f 1355/1787/1290 1184/1582/1119 1323/1742/1258
f 1197/1597/1132 1196/1596/1131 1356/1789/1291
f 1356/1789/1291 1196/1596/1131 1353/1783/1288
f 1194/1594/1129 1191/1591/1126 1353/1783/1288
f 1353/1783/1288 1191/1591/1126 1356/1790/1291
f 1191/1591/1126 1190/1590/1125 1356/1790/1291
f 1356/1790/1291 1190/1590/1125 1197/1600/1132
f 1264/1682/1199 1331/1754/1266 1326/1745/1261
f 1326/1745/1261 1331/1754/1266 1357/1791/1292
f 1331/1752/1266 1198/1598/1133 1357/1792/1292
f 1357/1792/1292 1198/1598/1133 1199/1599/1134
f 1199/1601/1134 1200/1602/1135 1357/1793/1292
f 1357/1793/1292 1200/1602/1135 1326/1747/1261
f 1205/1607/1140 1201/1609/1136 1212/1618/1147
f 1212/1618/1147 1201/1609/1136 1358/1794/1293
f 1201/1603/1136 1203/1605/1138 1358/1795/1293
f 1358/1795/1293 1203/1605/1138 1207/1616/1142
f 1207/1611/1142 1209/1613/1144 1358/1796/1293
f 1358/1796/1293 1209/1613/1144 1212/1621/1147
f 1219/1627/1154 1216/1624/1151 1329/1750/1264
f 1329/1750/1264 1216/1624/1151 1359/1797/1294
f 1216/1624/1151 1210/1614/1145 1359/1797/1294
f 1359/1797/1294 1210/1614/1145 1208/1612/1143
f 1208/1617/1143 1211/1615/1146 1359/1798/1294
f 1359/1798/1294 1211/1615/1146 1329/1750/1264
f 1225/1633/1160 1222/1630/1157 1344/1772/1279
f 1344/1772/1279 1222/1630/1157 1360/1799/1295
f 1222/1630/1157 1221/1629/1156 1360/1800/1295
f 1360/1800/1295 1221/1629/1156 1228/1639/1163
f 1228/1636/1163 1227/1635/1162 1360/1799/1295
f 1360/1799/1295 1227/1635/1162 1344/1772/1279
f 1235/1645/1170 1232/1647/1167 1333/1756/1268
f 1333/1756/1268 1232/1647/1167 1361/1801/1296
f 1232/1642/1167 1229/1637/1164 1361/1802/1296
f 1361/1802/1296 1229/1637/1164 1230/1638/1165
f 1230/1640/1165 1231/1641/1166 1361/1803/1296
f 1361/1803/1296 1231/1641/1166 1333/1758/1268
f 1362/1804/1297 1363/1805/1298 1168/1562/1103
f 1168/1562/1103 1363/1805/1298 1140/1534/1075
f 1363/1805/1298 1364/1806/1299 1140/1534/1075
f 1140/1534/1075 1364/1806/1299 1141/1535/1076
f 1364/1806/1299 1365/1807/1300 1141/1535/1076
f 1141/1535/1076 1365/1807/1300 1143/1537/1078
f 1365/1807/1300 1366/1808/1301 1143/1537/1078
f 1143/1537/1078 1366/1808/1301 1145/1539/1080
f 1367/1809/1302 1368/1810/1303 1157/1551/1092
f 1157/1551/1092 1368/1810/1303 1148/1542/1083
f 1368/1810/1303 1369/1811/1304 1148/1542/1083
f 1148/1542/1083 1369/1811/1304 1149/1543/1084
f 1369/1811/1304 1370/1812/1305 1149/1543/1084
f 1149/1543/1084 1370/1812/1305 1151/1545/1086
f 1370/1812/1305 1371/1813/1306 1151/1545/1086
f 1151/1545/1086 1371/1813/1306 1153/1547/1088
f 1372/1814/1307 1367/1809/1302 1156/1550/1091
f 1156/1550/1091 1367/1809/1302 1157/1551/1092
f 1373/1815/1308 1372/1814/1307 1158/1552/1093
f 1158/1552/1093 1372/1814/1307 1156/1550/1091
f 1374/1816/1309 1373/1815/1308 1166/1560/1101
f 1166/1560/1101 1373/1815/1308 1158/1552/1093
f 1371/1813/1306 1375/1817/1310 1153/1547/1088
f 1153/1547/1088 1375/1817/1310 1162/1556/1097
f 1375/1817/1310 1376/1818/1311 1162/1556/1097
f 1162/1556/1097 1376/1818/1311 1163/1557/1098
f 1376/1818/1311 1377/1819/1312 1163/1557/1098
f 1163/1557/1098 1377/1819/1312 1165/1559/1100
f 1366/1808/1301 1374/1816/1309 1145/1539/1080
f 1145/1539/1080 1374/1816/1309 1166/1560/1101
f 1377/1819/1312 1362/1804/1297 1165/1559/1100
f 1165/1559/1100 1362/1804/1297 1168/1562/1103
f 1378/1820/1313 1379/1821/1314 1380/1822/1315
f 1380/1822/1315 1379/1821/1314 1381/1823/1316
f 1379/1821/1314 1378/1820/1313 1382/1824/1317
f 1382/1824/1317 1378/1820/1313 1383/1825/1318
f 1382/1824/1317 1383/1825/1318 1384/1826/1319
f 1384/1826/1319 1383/1825/1318 1385/1827/1320
f 1380/1822/1315 1381/1823/1316 1386/1828/1321
f 1386/1828/1321 1381/1823/1316 1387/1829/1322
f 1384/1826/1319 1385/1827/1320 1388/1830/1323
f 1388/1830/1323 1385/1827/1320 1389/1831/1324
f 1386/1828/1321 1387/1829/1322 1390/1832/1325
f 1390/1832/1325 1387/1829/1322 1391/1833/1326
f 1390/1832/1325 1391/1833/1326 1392/1834/1327
f 1392/1834/1327 1391/1833/1326 1393/1835/1328
f 1392/1834/1327 1393/1835/1328 1394/1836/1329
f 1394/1836/1329 1393/1835/1328 1395/1837/1330
f 1396/1838/1331 1397/1839/1332 1398/1840/1333
f 1398/1840/1333 1397/1839/1332 1399/1841/1334
f 1397/1839/1332 1396/1838/1331 1400/1842/1335
f 1400/1842/1335 1396/1838/1331 1401/1843/1336
f 1400/1842/1335 1401/1843/1336 1402/1844/1337
f 1402/1844/1337 1401/1843/1336 1403/1845/1338
f 1398/1840/1333 1399/1841/1334 1404/1846/1339
f 1404/1846/1339 1399/1841/1334 1405/1847/1340
f 1402/1844/1337 1403/1845/1338 1395/1837/1330
f 1395/1837/1330 1403/1845/1338 1394/1836/1329
f 1404/1846/1339 1405/1847/1340 1406/1848/1341
f 1406/1848/1341 1405/1847/1340 1407/1849/1342
f 1406/1848/1341 1407/1849/1342 1408/1850/1343
f 1408/1850/1343 1407/1849/1342 1409/1851/1344
f 1408/1850/1343 1409/1851/1344 1389/1831/1324
f 1389/1831/1324 1409/1851/1344 1388/1830/1323
f 1410/1852/1345 1379/1821/1314 1382/1824/1317
f 1410/1852/1345 1381/1823/1316 1379/1821/1314
f 1410/1852/1345 1382/1824/1317 1384/1826/1319
f 1410/1852/1345 1387/1829/1322 1381/1823/1316
f 1410/1852/1345 1391/1833/1326 1387/1829/1322
f 1410/1852/1345 1393/1835/1328 1391/1833/1326
f 1410/1852/1345 1397/1839/1332 1400/1842/1335
f 1410/1852/1345 1399/1841/1334 1397/1839/1332
f 1410/1852/1345 1400/1842/1335 1402/1844/1337
f 1410/1852/1345 1405/1847/1340 1399/1841/1334
f 1410/1852/1345 1407/1849/1342 1405/1847/1340
f 1410/1852/1345 1409/1851/1344 1407/1849/1342
f 1410/1852/1345 1402/1844/1337 1395/1837/1330
f 1410/1852/1345 1395/1837/1330 1393/1835/1328
f 1410/1852/1345 1388/1830/1323 1409/1851/1344
f 1410/1852/1345 1384/1826/1319 1388/1830/1323
f 1363/1853/1346 1362/1854/1347 1378/1820/1313
f 1378/1820/1313 1362/1854/1347 1383/1825/1318
f 1364/1855/1348 1363/1853/1346 1380/1822/1315
f 1380/1822/1315 1363/1853/1346 1378/1820/1313
f 1362/1854/1347 1377/1856/1349 1383/1825/1318
f 1383/1825/1318 1377/1856/1349 1385/1827/1320
f 1365/1857/1350 1364/1855/1348 1386/1828/1321
f 1386/1828/1321 1364/1855/1348 1380/1822/1315
f 1366/1858/1351 1365/1857/1350 1390/1832/1325
f 1390/1832/1325 1365/1857/1350 1386/1828/1321
f 1374/1859/1352 1366/1858/1351 1392/1834/1327
f 1392/1834/1327 1366/1858/1351 1390/1832/1325
f 1368/1860/1353 1367/1861/1354 1396/1838/1331
f 1396/1838/1331 1367/1861/1354 1401/1843/1336
f 1369/1862/1355 1368/1860/1353 1398/1840/1333
f 1398/1840/1333 1368/1860/1353 1396/1838/1331
f 1367/1861/1354 1372/1863/1356 1401/1843/1336
f 1401/1843/1336 1372/1863/1356 1403/1845/1338
f 1370/1864/1357 1369/1862/1355 1404/1846/1339
f 1404/1846/1339 1369/1862/1355 1398/1840/1333
f 1371/1865/1358 1370/1864/1357 1406/1848/1341
f 1406/1848/1341 1370/1864/1357 1404/1846/1339
f 1375/1866/1359 1371/1865/1358 1408/1850/1343
f 1408/1850/1343 1371/1865/1358 1406/1848/1341
f 1372/1863/1356 1373/1867/1360 1403/1845/1338
f 1403/1845/1338 1373/1867/1360 1394/1836/1329
f 1373/1867/1360 1374/1859/1352 1394/1836/1329
f 1394/1836/1329 1374/1859/1352 1392/1834/1327
f 1376/1868/1361 1375/1866/1359 1389/1831/1324
f 1389/1831/1324 1375/1866/1359 1408/1850/1343
f 1377/1856/1349 1376/1868/1361 1385/1827/1320
f 1385/1827/1320 1376/1868/1361 1389/1831/1324
s off
g IchigoAme_Stove_SideSG
v 1.48486 0.171473 -1.23797
v 1.47486 0.231776 -1.2299
v 1.49656 0.172649 -1.21065
v 1.48545 0.232162 -1.20473
v 1.45656 0.17023 -1.24927
v 1.44932 0.231369 -1.24031
v 1.46288 0.130877 -1.21358
v 1.48933 0.143638 -1.21292
v 1.4632 0.130877 1.13943
v 1.48947 0.143508 1.13938
v 1.49667 0.172058 1.13693
v 1.46064 0.142727 -1.24078
v 0.894339 0.142271 -1.24048
v 0.892593 0.168654 -1.24916
v 0.895554 0.130877 -1.21334
v 1.46063 0.142777 1.16645
v 0.8955 0.130877 1.13893
v 0.895944 0.143185 1.16594
v 1.45626 0.170492 1.17487
v 0.895596 0.17161 1.17437
v 1.48484 0.171266 1.16378
v 1.4752 0.230495 1.15505
v 1.44929 0.231314 1.16613
v 1.48593 0.229613 1.12831
v 0.865616 0.16882 -1.23784
v 0.864998 0.229904 -1.22908
v 0.890297 0.231262 -1.24023
v 0.854441 0.169032 -1.21053
v 0.854548 0.228512 -1.2021
v 0.866443 0.142119 -1.21306
v 0.854461 0.169031 1.13617
v 0.866438 0.142118 1.13865
v 0.866496 0.170316 1.16318
v 0.854599 0.228484 1.12784
v 0.865781 0.228633 1.15506
v 0.892774 0.228852 1.16633
v 1.44542 0.256663 -1.22645
v 0.891227 0.256578 -1.2258
v 1.44334 0.266657 -1.19945
v 0.892756 0.266657 -1.19706
v 1.47074 0.25695 -1.20138
v 1.47091 0.256118 1.12563
v 1.4433 0.266657 1.12531
v 1.44541 0.256645 1.15231
v 0.891212 0.25589 1.15235
v 0.890473 0.266657 1.12527
v 0.865765 0.255482 -1.19843
v 0.865117 0.255423 1.12548
v 1.48316 0.148581 -1.23526
v 1.48318 0.148507 1.1612
v 0.871278 0.147172 -1.23513
v 0.871945 0.147825 1.16058
v 1.46689 0.252351 -1.22254
v 1.46708 0.251768 1.14772
v 0.870076 0.251291 -1.22133
v 0.870114 0.250738 1.14774
vn 0.683612 0.096027 -0.723501
vn 0.66667 0.285392 -0.688551
vn 0.999224 0.039127 -0.004611
vn 0.957257 0.289211 -0.003983
vn 0.01618 0.001687 -0.999868
vn 0.015324 0.251435 -0.967753
vn 0.021066 -0.999767 -0.00462
vn 0.772411 -0.635113 -0.003673
vn 0.021241 -0.999763 0.004773
vn 0.773323 -0.634002 0.003558
vn 0.999278 0.037725 0.004482
vn 0.014971 -0.692707 -0.721064
vn -0.012969 -0.679588 -0.733479
vn -0.017323 0.005203 -0.999836
vn -0.018635 -0.999815 -0.004824
vn 0.013011 -0.677387 0.735512
vn -0.018649 -0.999814 0.004908
vn -0.013976 -0.665935 0.745879
vn 0.016383 -0.003717 0.999859
vn -0.017922 0.002095 0.999837
vn 0.685874 0.102832 0.720419
vn 0.668397 0.290832 0.684589
vn 0.015742 0.250687 0.96794
vn 0.957498 0.288411 0.004153
vn -0.711124 -0.018932 -0.702812
vn -0.704957 0.184829 -0.684744
vn -0.017353 0.254315 -0.966966
vn -0.990055 -0.140613 -0.004317
vn -0.992683 0.120679 -0.004159
vn -0.675895 -0.736991 -0.00316
vn -0.990039 -0.140726 0.004449
vn -0.675882 -0.737001 0.003587
vn -0.69736 -0.019627 0.716452
vn -0.992566 0.121633 0.004191
vn -0.694451 0.173547 0.698298
vn -0.017697 0.251185 0.967777
vn 0.009723 0.759026 -0.650987
vn -0.013926 0.763865 -0.645226
vn 0.017917 0.99983 -0.004295
vn -0.01958 0.999799 -0.004246
vn 0.652717 0.757598 -0.002448
vn 0.648606 0.761119 0.002854
vn 0.017454 0.999838 0.00446
vn 0.011184 0.741303 0.671077
vn -0.013892 0.74961 0.661735
vn -0.01935 0.999804 0.004267
vn -0.724116 0.689672 -0.002941
vn -0.720371 0.693583 0.002862
vn 0.639909 -0.415324 -0.646547
vn 0.628879 -0.411801 0.659493
vn -0.597765 -0.531875 -0.599822
vn -0.577407 -0.502994 0.643116
vn 0.528019 0.651863 -0.544308
vn 0.562131 0.638777 0.525331
vn -0.596693 0.603051 -0.529421
vn -0.597825 0.552443 0.580872
vt 0.302562 0.049017
vt 0.327478 0.052262
vt 0.303478 0.060927
vt 0.326147 0.063126
vt 0.279023 0.038008
vt 0.276335 0.014868
vt 0.290495 0.037315
vt 0.286736 0.013813
vt 0.28124 0.059972
vt 0.292196 0.060216
vt 0.281302 0.940241
vt 0.292177 0.940226
vt 0.303172 0.939325
vt 0.280615 0.048787
vt 0.068361 0.048962
vt 0.067768 0.038555
vt 0.068983 0.060036
vt 0.280553 0.951367
vt 0.068879 0.940026
vt 0.068859 0.951206
vt 0.27884 0.962209
vt 0.068775 0.962316
vt 0.290391 0.962701
vt 0.286872 0.985892
vt 0.27621 0.985211
vt 0.302457 0.951091
vt 0.326925 0.94753
vt 0.325095 0.936118
vt 0.056731 0.038315
vt 0.056454 0.014478
vt 0.066903 0.014888
vt 0.046325 0.061078
vt 0.024063 0.064218
vt 0.047336 0.049473
vt 0.022891 0.052955
vt 0.057331 0.060139
vt 0.046245 0.938999
vt 0.057246 0.939923
vt 0.046763 0.950735
vt 0.023993 0.935896
vt 0.023249 0.947435
vt 0.057 0.961964
vt 0.056646 0.984744
vt 0.067677 0.983954
vt 0.346894 0.0543
vt 0.55441 0.054644
vt 0.347786 0.065113
vt 0.553829 0.066046
vt 0.274915 0.00405
vt 0.067193 0.003968
vt 0.336924 0.064388
vt 0.336487 0.935111
vt 0.347532 0.934993
vt 0.274783 0.996032
vt 0.067016 0.995359
vt 0.346612 0.945799
vt 0.55413 0.945991
vt 0.55441 0.935077
vt 0.002209 0.066079
vt 0.013143 0.065586
vt 0.002802 0.934952
vt 0.013182 0.935014
vt 0.289969 0.046583
vt 0.291587 0.050762
vt 0.289851 0.953533
vt 0.291565 0.949462
vt 0.057645 0.050956
vt 0.058738 0.047221
vt 0.057631 0.949177
vt 0.058981 0.952846
vt 0.283703 0.005036
vt 0.337262 0.055669
vt 0.336872 0.944161
vt 0.283777 0.994945
vt 0.013452 0.056372
vt 0.004803 0.054008
vt 0.058356 0.005306
vt 0.013526 0.944078
vt 0.058297 0.994018
vt 0.004933 0.946695
usemtl SideSG
f 1411/1869/1362 1412/1870/1363 1413/1871/1364
f 1413/1871/1364 1412/1870/1363 1414/1872/1365
f 1415/1873/1366 1416/1874/1367 1411/1875/1362
f 1411/1875/1362 1416/1874/1367 1412/1876/1363
f 1417/1877/1368 1418/1878/1369 1419/1879/1370
f 1419/1879/1370 1418/1878/1369 1420/1880/1371
f 1418/1878/1369 1413/1871/1364 1420/1880/1371
f 1420/1880/1371 1413/1871/1364 1421/1881/1372
f 1422/1882/1373 1423/1883/1374 1415/1873/1366
f 1415/1873/1366 1423/1883/1374 1424/1884/1375
f 1417/1877/1368 1425/1885/1376 1422/1882/1373
f 1422/1882/1373 1425/1885/1376 1423/1883/1374
f 1419/1879/1370 1426/1886/1377 1427/1887/1378
f 1427/1887/1378 1426/1886/1377 1428/1888/1379
f 1426/1886/1377 1429/1889/1380 1428/1888/1379
f 1428/1888/1379 1429/1889/1380 1430/1890/1381
f 1431/1891/1382 1432/1892/1383 1429/1889/1380
f 1429/1889/1380 1432/1892/1383 1433/1893/1384
f 1431/1894/1382 1421/1881/1372 1432/1895/1383
f 1432/1895/1383 1421/1881/1372 1434/1896/1385
f 1435/1897/1386 1436/1898/1387 1424/1884/1375
f 1424/1884/1375 1436/1898/1387 1437/1899/1388
f 1438/1900/1389 1439/1901/1390 1435/1902/1386
f 1435/1902/1386 1439/1901/1390 1436/1903/1387
f 1438/1900/1389 1440/1904/1391 1441/1905/1392
f 1441/1905/1392 1440/1904/1391 1442/1906/1393
f 1440/1904/1391 1425/1885/1376 1442/1906/1393
f 1442/1906/1393 1425/1885/1376 1427/1887/1378
f 1441/1905/1392 1443/1907/1394 1444/1908/1395
f 1444/1908/1395 1443/1907/1394 1445/1909/1396
f 1443/1910/1394 1430/1890/1381 1445/1911/1396
f 1445/1911/1396 1430/1890/1381 1446/1912/1397
f 1447/1913/1398 1448/1914/1399 1449/1915/1400
f 1449/1915/1400 1448/1914/1399 1450/1916/1401
f 1416/1874/1367 1437/1899/1388 1447/1917/1398
f 1447/1917/1398 1437/1899/1388 1448/1918/1399
f 1414/1872/1365 1451/1919/1402 1434/1896/1385
f 1434/1896/1385 1451/1919/1402 1452/1920/1403
f 1451/1919/1402 1449/1915/1400 1452/1920/1403
f 1452/1920/1403 1449/1915/1400 1453/1921/1404
f 1433/1893/1384 1454/1922/1405 1446/1912/1397
f 1446/1912/1397 1454/1922/1405 1455/1923/1406
f 1454/1924/1405 1453/1921/1404 1455/1925/1406
f 1455/1925/1406 1453/1921/1404 1456/1926/1407
f 1450/1927/1401 1457/1928/1408 1456/1929/1407
f 1456/1929/1407 1457/1928/1408 1458/1930/1409
f 1439/1901/1390 1444/1908/1395 1457/1928/1408
f 1457/1928/1408 1444/1908/1395 1458/1930/1409
f 1421/1881/1372 1413/1871/1364 1434/1896/1385
f 1434/1896/1385 1413/1871/1364 1414/1872/1365
f 1415/1873/1366 1424/1884/1375 1416/1874/1367
f 1416/1874/1367 1424/1884/1375 1437/1899/1388
f 1439/1901/1390 1438/1900/1389 1444/1908/1395
f 1444/1908/1395 1438/1900/1389 1441/1905/1392
f 1446/1912/1397 1430/1890/1381 1433/1893/1384
f 1433/1893/1384 1430/1890/1381 1429/1889/1380
f 1449/1915/1400 1450/1916/1401 1453/1921/1404
f 1453/1921/1404 1450/1916/1401 1456/1926/1407
f 1419/1879/1370 1427/1887/1378 1417/1877/1368
f 1417/1877/1368 1427/1887/1378 1425/1885/1376
f 1422/1882/1373 1415/1873/1366 1459/1931/1410
f 1459/1931/1410 1415/1873/1366 1411/1875/1362
f 1411/1869/1362 1413/1871/1364 1459/1932/1410
f 1459/1932/1410 1413/1871/1364 1418/1878/1369
f 1417/1877/1368 1422/1882/1373 1418/1878/1369
f 1418/1878/1369 1422/1882/1373 1459/1932/1410
f 1431/1891/1382 1429/1889/1380 1460/1933/1411
f 1460/1933/1411 1429/1889/1380 1426/1886/1377
f 1419/1879/1370 1420/1880/1371 1426/1886/1377
f 1426/1886/1377 1420/1880/1371 1460/1934/1411
f 1420/1880/1371 1421/1881/1372 1460/1934/1411
f 1460/1934/1411 1421/1881/1372 1431/1894/1382
f 1440/1904/1391 1438/1900/1389 1461/1935/1412
f 1461/1935/1412 1438/1900/1389 1435/1902/1386
f 1435/1897/1386 1424/1884/1375 1461/1936/1412
f 1461/1936/1412 1424/1884/1375 1423/1883/1374
f 1425/1885/1376 1440/1904/1391 1423/1883/1374
f 1423/1883/1374 1440/1904/1391 1461/1935/1412
f 1427/1887/1378 1428/1888/1379 1442/1906/1393
f 1442/1906/1393 1428/1888/1379 1462/1937/1413
f 1428/1888/1379 1430/1890/1381 1462/1938/1413
f 1462/1938/1413 1430/1890/1381 1443/1910/1394
f 1443/1907/1394 1441/1905/1392 1462/1937/1413
f 1462/1937/1413 1441/1905/1392 1442/1906/1393
f 1412/1876/1363 1416/1874/1367 1463/1939/1414
f 1463/1939/1414 1416/1874/1367 1447/1917/1398
f 1449/1915/1400 1451/1919/1402 1447/1913/1398
f 1447/1913/1398 1451/1919/1402 1463/1940/1414
f 1451/1919/1402 1414/1872/1365 1463/1940/1414
f 1463/1940/1414 1414/1872/1365 1412/1870/1363
f 1453/1921/1404 1454/1924/1405 1452/1920/1403
f 1452/1920/1403 1454/1924/1405 1464/1941/1415
f 1454/1922/1405 1433/1893/1384 1464/1942/1415
f 1464/1942/1415 1433/1893/1384 1432/1892/1383
f 1432/1895/1383 1434/1896/1385 1464/1941/1415
f 1464/1941/1415 1434/1896/1385 1452/1920/1403
f 1436/1903/1387 1439/1901/1390 1465/1943/1416
f 1465/1943/1416 1439/1901/1390 1457/1928/1408
f 1450/1927/1401 1448/1944/1399 1457/1928/1408
f 1457/1928/1408 1448/1944/1399 1465/1943/1416
f 1448/1918/1399 1437/1899/1388 1465/1945/1416
f 1465/1945/1416 1437/1899/1388 1436/1898/1387
f 1458/1930/1409 1444/1908/1395 1466/1946/1417
f 1466/1946/1417 1444/1908/1395 1445/1909/1396
f 1445/1911/1396 1446/1912/1397 1466/1947/1417
f 1466/1947/1417 1446/1912/1397 1455/1923/1406
f 1456/1929/1407 1458/1930/1409 1455/1948/1406
f 1455/1948/1406 1458/1930/1409 1466/1946/1417
s off
