# Apple ModelIO OBJ File: Tray
mtllib Tray.mtl
g Tray_TraySG1
v 9.01056 4.54035 -11.9637
v 9.01074 4.54972 -11.7865
v 8.78724 4.55138 -11.9639
v 8.78749 4.55964 -11.7867
v 9.01043 4.53332 -12.1791
v 8.78705 4.54519 -12.1792
v 8.5528 4.57183 -11.9641
v 8.5532 4.57818 -11.7871
v 8.5525 4.56706 -12.1793
v 8.78693 4.54106 -12.4218
v 8.5523 4.56388 -12.4218
v 9.01034 4.52863 -12.4217
v 8.41568 4.59596 -11.9642
v 8.41628 4.60046 -11.7872
v 8.41523 4.59258 -12.1794
v 8.41493 4.59032 -12.4219
v 8.41478 4.58919 -12.6807
v 8.5522 4.56229 -12.6807
v 8.5522 4.56229 -12.945
v 8.41478 4.58919 -12.945
v 9.0103 4.52629 -12.6807
v 8.78686 4.53899 -12.6807
v 8.78686 4.53899 -12.9451
v 9.0103 4.52629 -12.9451
v 8.36613 4.61698 -11.7871
v 8.36537 4.61351 -11.9642
v 8.36479 4.6109 -12.1794
v 8.32741 4.6482 -12.1792
v 8.32823 4.64963 -11.9639
v 8.36441 4.60917 -12.4219
v 8.32685 4.64725 -12.4218
v 8.32934 4.65153 -11.7867
v 8.32545 4.76191 -12.1793
v 8.32639 4.76181 -11.9641
v 8.32482 4.76196 -12.4218
v 8.32658 4.64677 -12.6807
v 8.32451 4.76198 -12.6806
v 8.32658 4.64677 -12.945
v 8.3245 4.76196 -12.9449
v 8.36422 4.6083 -12.6807
v 8.36422 4.6083 -12.945
v 8.41493 4.59032 -13.2039
v 8.36441 4.60917 -13.2039
v 8.32685 4.64724 -13.2039
v 8.36479 4.6109 -13.4464
v 8.3274 4.64819 -13.4465
v 8.41523 4.59257 -13.4463
v 8.32481 4.7619 -13.2037
v 8.32543 4.76181 -13.4462
v 8.32823 4.64961 -13.6618
v 8.32636 4.7617 -13.6614
v 8.36536 4.6135 -13.6616
v 8.36613 4.61697 -13.8386
v 8.32933 4.65151 -13.839
v 8.41568 4.59595 -13.6615
v 8.41628 4.60046 -13.8385
v 9.01034 4.52863 -13.204
v 8.78693 4.54106 -13.204
v 8.5523 4.56388 -13.2039
v 8.78705 4.54519 -13.4465
v 8.5525 4.56706 -13.4464
v 9.01043 4.53332 -13.4466
v 8.5528 4.57182 -13.6616
v 8.5532 4.57818 -13.8387
v 9.01056 4.54035 -13.662
v 8.78724 4.55138 -13.6619
v 8.78749 4.55964 -13.839
v 9.01074 4.54972 -13.8392
v 9.29388 4.64884 -11.3895
v 9.29425 4.76176 -11.3879
v 9.01089 4.6505 -11.3905
v 9.01128 4.76163 -11.389
v 9.62391 4.64766 -11.3889
v 9.62421 4.76186 -11.3871
v 9.0112 4.61513 -11.4173
v 9.29408 4.61209 -11.4167
v 9.01125 4.59806 -11.4529
v 9.29411 4.59412 -11.4524
v 9.62404 4.5913 -11.452
v 9.62402 4.60992 -11.4162
v 9.98534 4.60862 -11.4159
v 9.9853 4.64695 -11.3884
v 9.98535 4.58962 -11.4518
v 10.3623 4.58905 -11.4517
v 10.3624 4.60819 -11.4158
v 10.3624 4.64671 -11.3883
v 9.98551 4.76193 -11.3867
v 10.3625 4.76197 -11.3865
v 9.01123 4.58996 -11.4787
v 9.2941 4.5855 -11.4782
v 9.01112 4.5748 -11.5494
v 9.29402 4.56924 -11.549
v 9.01094 4.5613 -11.6502
v 9.2939 4.55461 -11.6499
v 9.62403 4.58231 -11.4779
v 9.62398 4.56527 -11.5488
v 9.62391 4.54984 -11.6497
v 9.29377 4.54198 -11.7863
v 9.29365 4.53173 -11.9636
v 9.62383 4.53646 -11.7862
v 9.62376 4.52558 -11.9635
v 9.98532 4.56288 -11.5486
v 9.98529 4.54697 -11.6496
v 9.98525 4.53314 -11.7861
v 9.98521 4.52189 -11.9634
v 10.3623 4.54601 -11.6496
v 10.3623 4.53204 -11.7861
v 10.3623 4.52066 -11.9634
v 10.3623 4.56209 -11.5486
v 9.98534 4.58041 -11.4777
v 10.3623 4.57977 -11.4776
v 10.7394 4.58041 -11.4777
v 10.7393 4.58962 -11.4518
v 10.7394 4.56289 -11.5486
v 10.7394 4.54697 -11.6496
v 11.1007 4.56527 -11.5488
v 11.1007 4.58232 -11.4779
v 11.1008 4.54984 -11.6497
v 11.1007 4.59131 -11.452
v 10.7394 4.53314 -11.7861
v 10.7395 4.52189 -11.9634
v 11.1009 4.53646 -11.7862
v 11.1009 4.52558 -11.9635
v 11.4308 4.55461 -11.6499
v 11.4307 4.56924 -11.549
v 11.4309 4.54198 -11.7863
v 11.431 4.53173 -11.9636
v 11.7139 4.54972 -11.7865
v 11.7137 4.5613 -11.6502
v 11.7141 4.54035 -11.9637
v 11.7136 4.5748 -11.5494
v 11.4306 4.5855 -11.4782
v 11.4306 4.59412 -11.4524
v 11.7135 4.58996 -11.4787
v 11.7134 4.59807 -11.4529
v 10.7394 4.64695 -11.3884
v 10.7394 4.76197 -11.3867
v 11.1008 4.64767 -11.3889
v 11.1007 4.76194 -11.3872
v 10.7394 4.60862 -11.4159
v 11.1007 4.60993 -11.4162
v 11.4306 4.6121 -11.4167
v 11.4308 4.64886 -11.3895
v 11.7135 4.61513 -11.4173
v 11.7138 4.65052 -11.3905
v 11.4307 4.76186 -11.3879
v 11.7136 4.76174 -11.389
v 8.32765 4.76166 -11.787
v 8.41663 4.76121 -11.4535
v 8.41735 4.65697 -11.4541
v 8.55369 4.76128 -11.4066
v 8.55372 4.65557 -11.4077
v 8.78804 4.76148 -11.3911
v 8.7877 4.65258 -11.3924
v 12.3973 4.64819 -12.1792
v 12.3993 4.76181 -12.1796
v 12.3965 4.64961 -11.9639
v 12.3983 4.7617 -11.9643
v 12.3954 4.65151 -11.7868
v 12.3586 4.61697 -11.7872
v 12.3593 4.6135 -11.9642
v 12.3599 4.6109 -12.1794
v 12.3978 4.64724 -12.4218
v 12.3603 4.60917 -12.4219
v 12.3999 4.7619 -12.4221
v 12.3084 4.60046 -11.7872
v 12.309 4.59595 -11.9642
v 12.3095 4.59257 -12.1794
v 12.3098 4.59032 -12.4219
v 12.3605 4.6083 -12.6807
v 12.3099 4.58919 -12.6807
v 12.3605 4.6083 -12.945
v 12.3099 4.58919 -12.945
v 12.3981 4.64677 -12.6807
v 12.4002 4.76196 -12.6809
v 12.3981 4.64677 -12.9451
v 12.4002 4.76198 -12.9451
v 12.1719 4.57182 -11.9641
v 12.1722 4.56706 -12.1793
v 12.1715 4.57818 -11.7871
v 11.9374 4.55138 -11.9639
v 11.9376 4.54519 -12.1792
v 12.1724 4.56388 -12.4218
v 11.9372 4.55964 -11.7867
v 11.7143 4.53332 -12.1791
v 11.9378 4.54106 -12.4218
v 11.7143 4.52863 -12.4217
v 11.9378 4.53899 -12.6807
v 12.1725 4.56229 -12.6807
v 11.7144 4.52629 -12.6807
v 11.9378 4.53899 -12.9451
v 11.7144 4.52629 -12.9451
v 12.1725 4.56229 -12.945
v 12.3098 4.59032 -13.2039
v 12.1724 4.56388 -13.2039
v 11.9378 4.54106 -13.204
v 12.3095 4.59258 -13.4463
v 12.1722 4.56706 -13.4464
v 11.7143 4.52863 -13.204
v 11.9376 4.54519 -13.4465
v 11.7143 4.53332 -13.4466
v 11.9374 4.55138 -13.6619
v 12.1719 4.57183 -13.6616
v 11.7141 4.54035 -13.662
v 11.7139 4.54972 -13.8392
v 11.9372 4.55964 -13.839
v 12.1715 4.57818 -13.8387
v 12.309 4.59596 -13.6615
v 12.3084 4.60046 -13.8385
v 12.3978 4.64725 -13.204
v 12.3999 4.76196 -13.2039
v 12.3603 4.60917 -13.2039
v 12.3973 4.6482 -13.4465
v 12.3599 4.6109 -13.4464
v 12.3992 4.76191 -13.4464
v 12.3593 4.61351 -13.6616
v 12.3586 4.61698 -13.8386
v 12.3965 4.64963 -13.6618
v 12.3983 4.76181 -13.6616
v 12.3954 4.65153 -13.839
v 11.9368 4.76158 -11.3911
v 11.937 4.6526 -11.3924
v 12.1712 4.76134 -11.4067
v 12.171 4.65558 -11.4077
v 12.3082 4.76121 -11.4536
v 12.3074 4.65697 -11.4541
v 12.3368 4.76121 -11.4794
v 12.3358 4.65679 -11.4797
v 12.3741 4.76128 -11.5501
v 12.3728 4.65557 -11.55
v 12.3916 4.7614 -11.6509
v 12.3901 4.65365 -11.6506
v 12.3971 4.76156 -11.7872
v 8.3561 4.77743 -11.7829
v 8.35121 4.77773 -11.9597
v 8.34631 4.77793 -12.1756
v 8.34221 4.77804 -12.4193
v 8.38005 4.78083 -11.9526
v 8.39058 4.78052 -11.7758
v 8.36918 4.78101 -12.1696
v 8.35995 4.7811 -12.4154
v 8.33975 4.77809 -12.6798
v 8.35435 4.78112 -12.6784
v 8.33975 4.77807 -12.9458
v 8.35434 4.78111 -12.9472
v 8.42852 4.78351 -12.1537
v 8.45834 4.78346 -11.9324
v 8.48623 4.78326 -11.7551
v 8.52009 4.78324 -12.133
v 8.59797 4.7836 -11.8977
v 8.40376 4.78347 -12.4056
v 8.66704 4.78389 -11.7162
v 8.87533 4.78329 -11.6693
v 8.83359 4.78234 -11.7505
v 8.72354 4.78184 -11.8778
v 8.58603 4.7812 -12.1284
v 8.46292 4.78295 -12.3959
v 8.50462 4.7808 -12.3947
v 8.43442 4.78279 -12.6724
v 8.38945 4.78342 -12.6751
v 8.46605 4.78059 -12.6722
v 8.43442 4.78278 -12.9533
v 8.46605 4.78059 -12.9535
v 8.38944 4.78341 -12.9505
v 8.35994 4.78106 -13.2102
v 8.40375 4.78345 -13.2201
v 8.46291 4.78294 -13.2297
v 8.36915 4.78095 -13.4559
v 8.4285 4.78347 -13.4719
v 8.50461 4.78079 -13.231
v 8.52007 4.78322 -13.4926
v 8.58602 4.7812 -13.4973
v 8.59794 4.78358 -13.728
v 8.4583 4.78342 -13.6933
v 8.72351 4.78184 -13.7479
v 8.87527 4.7833 -13.9564
v 8.66699 4.78388 -13.9094
v 8.83355 4.78234 -13.8752
v 8.48618 4.78323 -13.8705
v 8.38001 4.78075 -13.673
v 8.39053 4.78045 -13.8498
v 8.3422 4.77799 -13.2062
v 8.34628 4.77785 -13.4499
v 8.35118 4.77764 -13.6658
v 8.35605 4.77735 -13.8427
v 8.32759 4.76156 -13.8386
v 9.19344 4.78148 -11.6212
v 9.19743 4.78267 -11.5898
v 8.9277 4.78389 -11.5645
v 9.22341 4.78375 -11.5262
v 8.96238 4.78335 -11.4953
v 9.25054 4.78346 -11.4748
v 9.56633 4.78222 -11.5286
v 9.57722 4.78354 -11.4899
v 9.59254 4.78346 -11.4554
v 9.56563 4.78097 -11.5476
v 8.98545 4.78178 -11.4491
v 9.27046 4.78201 -11.4384
v 8.99352 4.78061 -11.4326
v 9.27783 4.78086 -11.4249
v 9.60624 4.78212 -11.4283
v 9.61178 4.78101 -11.4178
v 9.96239 4.78338 -11.4663
v 9.96895 4.78343 -11.4416
v 9.97587 4.78217 -11.4208
v 9.97883 4.78109 -11.4124
v 10.3624 4.78341 -11.4363
v 10.3624 4.78219 -11.4178
v 10.3624 4.78112 -11.4103
v 10.3624 4.78332 -11.4581
v 9.95855 4.78066 -11.5067
v 9.95856 4.78194 -11.4931
v 10.3624 4.78185 -11.4817
v 10.3624 4.78056 -11.4938
v 9.00436 4.7775 -11.4095
v 9.28775 4.77776 -11.4059
v 9.61926 4.77793 -11.4026
v 9.98283 4.77804 -11.4002
v 10.3624 4.77808 -11.3993
v 10.7421 4.77807 -11.4002
v 10.746 4.78112 -11.4124
v 11.1056 4.778 -11.4026
v 11.1131 4.78106 -11.4178
v 11.4371 4.77784 -11.4059
v 11.447 4.78093 -11.425
v 11.7205 4.77759 -11.4096
v 11.7313 4.78069 -11.4326
v 10.7662 4.78067 -11.5067
v 10.7662 4.78195 -11.4931
v 10.7624 4.78339 -11.4663
v 10.7559 4.78345 -11.4416
v 11.1476 4.78356 -11.4899
v 11.1584 4.78223 -11.5286
v 11.1323 4.7835 -11.4554
v 11.1591 4.78097 -11.5476
v 10.749 4.7822 -11.4208
v 11.1186 4.78217 -11.4283
v 11.4743 4.7835 -11.4748
v 11.5014 4.78377 -11.5262
v 11.4544 4.78207 -11.4384
v 11.7394 4.78185 -11.4491
v 11.7624 4.78339 -11.4953
v 11.7971 4.78391 -11.5646
v 11.5313 4.78149 -11.6212
v 11.5273 4.78268 -11.5898
v 11.8494 4.7833 -11.6693
v 11.8911 4.78234 -11.7505
v 12.0577 4.78388 -11.7163
v 12.1267 4.78358 -11.8977
v 12.0012 4.78184 -11.8778
v 12.1387 4.7812 -12.1284
v 12.2046 4.78322 -12.1331
v 12.2385 4.78323 -11.7552
v 12.2664 4.78342 -11.9325
v 12.2962 4.78347 -12.1538
v 12.2618 4.78294 -12.396
v 12.3209 4.78345 -12.4057
v 12.2201 4.78079 -12.3947
v 12.3342 4.78045 -11.7759
v 12.3447 4.78075 -11.9528
v 12.3555 4.78095 -12.1698
v 12.3648 4.78106 -12.4156
v 12.3352 4.78341 -12.6752
v 12.3703 4.78111 -12.6786
v 12.3352 4.78342 -12.9506
v 12.3703 4.78112 -12.9473
v 12.2586 4.78059 -12.6723
v 12.2903 4.78278 -12.6724
v 12.2903 4.78279 -12.9534
v 12.2586 4.78059 -12.9535
v 12.3735 4.77764 -11.9599
v 12.3686 4.77735 -11.783
v 12.3784 4.77785 -12.1758
v 12.3825 4.77799 -12.4195
v 12.3849 4.77807 -12.68
v 12.3849 4.77809 -12.946
v 12.3647 4.7811 -13.2103
v 12.3825 4.77804 -13.2064
v 12.3784 4.77793 -13.4501
v 12.3555 4.78101 -13.4561
v 12.3735 4.77773 -13.666
v 12.3686 4.77743 -13.8429
v 12.397 4.76166 -13.8388
v 12.3446 4.78083 -13.6731
v 12.3341 4.78052 -13.85
v 12.2201 4.7808 -13.2311
v 12.2618 4.78295 -13.2298
v 12.3209 4.78347 -13.2202
v 12.2046 4.78324 -13.4927
v 12.2962 4.78351 -13.472
v 12.1387 4.7812 -13.4974
v 12.2664 4.78346 -13.6934
v 12.2385 4.78326 -13.8706
v 12.0011 4.78184 -13.748
v 12.1267 4.7836 -13.7281
v 12.0576 4.78389 -13.9095
v 11.8494 4.78329 -13.9565
v 11.8911 4.78234 -13.8752
v 9.29403 4.76186 -14.2378
v 9.01107 4.76174 -14.2367
v 9.28757 4.77784 -14.2198
v 9.00418 4.77759 -14.2162
v 9.62398 4.76194 -14.2386
v 9.61907 4.778 -14.2231
v 8.99336 4.78069 -14.1931
v 9.27767 4.78093 -14.2008
v 9.61162 4.78106 -14.208
v 9.97866 4.78112 -14.2133
v 9.98264 4.77807 -14.2255
v 10.3623 4.78112 -14.2154
v 10.3622 4.77808 -14.2265
v 9.98527 4.76197 -14.239
v 10.3622 4.76197 -14.2392
v 8.98531 4.78185 -14.1766
v 9.27031 4.78207 -14.1873
v 8.96227 4.78339 -14.1304
v 9.25042 4.7835 -14.1509
v 8.92762 4.78391 -14.0612
v 9.22332 4.78377 -14.0995
v 9.59242 4.7835 -14.1703
v 9.60609 4.78217 -14.1974
v 9.57712 4.78356 -14.1358
v 9.19737 4.78268 -14.0359
v 9.19339 4.78149 -14.0045
v 9.56626 4.78223 -14.0972
v 9.56557 4.78097 -14.0781
v 9.96229 4.78339 -14.1595
v 9.96883 4.78345 -14.1842
v 9.9585 4.78195 -14.1326
v 9.9585 4.78067 -14.1191
v 10.3623 4.78185 -14.144
v 10.3623 4.78332 -14.1677
v 10.3623 4.78056 -14.132
v 10.3623 4.78341 -14.1894
v 9.97572 4.7822 -14.2049
v 10.3623 4.78219 -14.2079
v 10.7459 4.78109 -14.2133
v 10.7488 4.78217 -14.2049
v 10.7557 4.78343 -14.1842
v 10.7623 4.78338 -14.1595
v 11.1184 4.78212 -14.1974
v 11.1322 4.78346 -14.1704
v 11.1475 4.78354 -14.1359
v 11.1129 4.78101 -14.208
v 10.7661 4.78194 -14.1326
v 10.7661 4.78066 -14.1191
v 11.1584 4.78222 -14.0972
v 11.1591 4.78097 -14.0781
v 11.4741 4.78346 -14.1509
v 11.5013 4.78375 -14.0995
v 11.5273 4.78267 -14.036
v 11.5313 4.78148 -14.0045
v 11.797 4.78389 -14.0612
v 11.7623 4.78335 -14.1304
v 11.4469 4.78086 -14.2008
v 11.4542 4.78201 -14.1874
v 11.7392 4.78178 -14.1767
v 11.7312 4.78061 -14.1931
v 10.7392 4.76193 -14.2391
v 10.7419 4.77804 -14.2255
v 11.1005 4.76186 -14.2386
v 11.1054 4.77793 -14.2231
v 11.4369 4.77776 -14.2198
v 11.7203 4.7775 -14.2162
v 11.4304 4.76176 -14.2378
v 11.7134 4.76163 -14.2367
v 8.33305 4.7614 -13.9749
v 8.33461 4.65365 -13.9752
v 8.35056 4.76128 -14.0757
v 8.35188 4.65557 -14.0757
v 8.38793 4.76121 -14.1464
v 8.38894 4.65679 -14.1461
v 8.4165 4.76121 -14.1721
v 8.41732 4.65697 -14.1716
v 8.55352 4.76134 -14.219
v 8.55369 4.65558 -14.218
v 8.78785 4.76158 -14.2346
v 8.78767 4.6526 -14.2333
v 9.01085 4.65052 -14.2352
v 11.9367 4.76148 -14.2347
v 11.937 4.65258 -14.2333
v 11.7138 4.6505 -14.2352
v 12.171 4.76128 -14.2191
v 12.171 4.65557 -14.218
v 12.3081 4.76121 -14.1723
v 12.3073 4.65697 -14.1716
v 12.3366 4.76123 -14.1465
v 12.3357 4.65679 -14.1461
v 12.374 4.76134 -14.0758
v 12.3728 4.65558 -14.0757
v 12.3916 4.7615 -13.9751
v 12.3901 4.65367 -13.9752
v 9.29377 4.54198 -13.8394
v 9.29365 4.53173 -13.6621
v 9.01094 4.5613 -13.9756
v 9.2939 4.55461 -13.9758
v 9.01112 4.5748 -14.0764
v 9.29402 4.56924 -14.0767
v 9.62391 4.54984 -13.976
v 9.62383 4.53646 -13.8396
v 9.62398 4.56527 -14.077
v 9.62376 4.52558 -13.6622
v 9.01123 4.58996 -14.1471
v 9.29409 4.5855 -14.1475
v 9.01125 4.59807 -14.1728
v 9.2941 4.59412 -14.1733
v 9.62403 4.58232 -14.1479
v 9.62403 4.59131 -14.1737
v 9.98532 4.56289 -14.0771
v 9.98529 4.54697 -13.9761
v 9.98534 4.58041 -14.1481
v 9.98534 4.58962 -14.1739
v 10.3623 4.57977 -14.1481
v 10.3623 4.56209 -14.0772
v 10.3623 4.58905 -14.174
v 10.3623 4.54601 -13.9762
v 9.98525 4.53314 -13.8396
v 9.98521 4.52189 -13.6623
v 10.3623 4.53204 -13.8397
v 10.3623 4.52066 -13.6623
v 9.01119 4.61513 -14.2084
v 9.29407 4.6121 -14.2091
v 9.62401 4.60993 -14.2095
v 9.29384 4.64886 -14.2362
v 9.62387 4.64767 -14.2369
v 9.98526 4.64695 -14.2373
v 9.98533 4.60862 -14.2098
v 10.3623 4.64671 -14.2374
v 10.3623 4.60819 -14.2099
v 10.7393 4.60862 -14.2098
v 10.7393 4.58962 -14.1739
v 11.1007 4.60992 -14.2095
v 11.1006 4.5913 -14.1737
v 10.7394 4.64695 -14.2373
v 11.1008 4.64766 -14.2369
v 11.4308 4.64884 -14.2362
v 11.4306 4.61209 -14.2091
v 11.7135 4.61513 -14.2084
v 11.4306 4.59412 -14.1733
v 11.7134 4.59806 -14.1728
v 10.7395 4.52189 -13.6623
v 10.7394 4.53314 -13.8396
v 10.7394 4.54697 -13.9761
v 10.7394 4.56288 -14.0771
v 11.1009 4.53646 -13.8396
v 11.1008 4.54984 -13.976
v 11.1007 4.56527 -14.077
v 11.1009 4.52558 -13.6622
v 10.7393 4.58041 -14.1481
v 11.1007 4.58231 -14.1479
v 11.4308 4.55461 -13.9758
v 11.4307 4.56924 -14.0767
v 11.4306 4.5855 -14.1475
v 11.7136 4.5748 -14.0764
v 11.7135 4.58996 -14.1471
v 11.7137 4.5613 -13.9756
v 11.431 4.53173 -13.6621
v 11.4309 4.54198 -13.8394
v 9.29356 4.52404 -13.4467
v 9.6237 4.51742 -13.4468
v 9.2935 4.51892 -13.2041
v 9.62367 4.51198 -13.2041
v 9.98519 4.51345 -13.4468
v 10.3623 4.51212 -13.4468
v 9.98517 4.50782 -13.2041
v 10.3623 4.50643 -13.2041
v 9.62365 4.50926 -12.9451
v 9.98516 4.505 -12.9451
v 10.3623 4.50359 -12.9451
v 9.98516 4.505 -12.6806
v 10.3623 4.50359 -12.6806
v 9.62365 4.50926 -12.6806
v 9.29347 4.51635 -12.9451
v 9.29347 4.51635 -12.6806
v 10.7395 4.51345 -13.4468
v 11.101 4.51742 -13.4468
v 10.7395 4.50782 -13.2041
v 11.101 4.51198 -13.2041
v 11.4311 4.52404 -13.4467
v 11.4312 4.51892 -13.2041
v 11.101 4.50926 -12.9451
v 11.4312 4.51635 -12.9451
v 11.4312 4.51635 -12.6806
v 11.101 4.50926 -12.6806
v 10.7395 4.505 -12.9451
v 10.7395 4.505 -12.6806
v 10.3623 4.50643 -12.4216
v 10.7395 4.50782 -12.4216
v 11.101 4.51198 -12.4216
v 10.7395 4.51345 -12.1789
v 11.101 4.51742 -12.1789
v 10.3623 4.51212 -12.1789
v 11.4312 4.51892 -12.4217
v 11.4311 4.52404 -12.179
v 9.2935 4.51892 -12.4217
v 9.62367 4.51198 -12.4216
v 9.29356 4.52404 -12.179
v 9.6237 4.51742 -12.1789
v 9.98517 4.50782 -12.4216
v 9.98519 4.51345 -12.1789
v 8.78783 4.56988 -11.6505
v 8.78827 4.58193 -11.55
v 8.55462 4.58603 -11.6516
v 8.5589 4.59519 -11.5538
v 8.78868 4.59564 -11.4796
v 8.78875 4.60308 -11.4541
v 8.56399 4.60577 -11.4877
v 8.56499 4.61173 -11.4642
v 8.43136 4.61173 -11.5582
v 8.45167 4.61724 -11.5004
v 8.41972 4.60587 -11.6527
v 8.46161 4.6192 -11.4856
v 8.56172 4.62513 -11.4317
v 8.78852 4.61896 -11.4188
v 8.44072 4.62872 -11.4708
v 8.33462 4.65367 -11.6505
v 8.33313 4.7615 -11.6507
v 8.37051 4.62104 -11.6521
v 8.35189 4.65558 -11.55
v 8.38536 4.62513 -11.5558
v 8.35065 4.76134 -11.5499
v 8.41673 4.62819 -11.4927
v 8.38896 4.65679 -11.4796
v 8.38805 4.76123 -11.4792
v 12.3542 4.62103 -11.6521
v 12.3393 4.62513 -11.5558
v 12.308 4.62819 -11.4927
v 12.284 4.62872 -11.4708
v 12.273 4.61724 -11.5004
v 12.2933 4.61173 -11.5582
v 12.2631 4.6192 -11.4856
v 12.305 4.60587 -11.6527
v 12.163 4.62513 -11.4317
v 11.9362 4.61897 -11.4188
v 11.9359 4.60308 -11.4541
v 12.1597 4.61173 -11.4642
v 11.9369 4.56988 -11.6505
v 12.1701 4.58603 -11.6516
v 11.9364 4.58193 -11.55
v 12.1658 4.59519 -11.5538
v 12.1607 4.60577 -11.4877
v 11.936 4.59564 -11.4796
v 8.36391 4.77702 -11.6487
v 8.38134 4.7765 -11.5535
v 8.41419 4.77601 -11.4912
v 8.43839 4.77591 -11.4695
v 8.42046 4.7793 -11.5515
v 8.44494 4.77839 -11.4961
v 8.45583 4.77799 -11.4819
v 8.40234 4.78003 -11.6432
v 8.78243 4.77716 -11.4135
v 8.55792 4.77645 -11.4293
v 8.77271 4.78024 -11.44
v 8.55467 4.77927 -11.4572
v 8.71254 4.78382 -11.5945
v 8.50982 4.78279 -11.6252
v 8.74402 4.78304 -11.5128
v 8.53128 4.78187 -11.5354
v 8.54896 4.78033 -11.4773
v 8.76528 4.7814 -11.459
v 11.9424 4.77724 -11.4136
v 12.1669 4.7765 -11.4294
v 12.2864 4.77591 -11.4696
v 12.269 4.77799 -11.4821
v 12.1701 4.7793 -11.4572
v 11.9521 4.7803 -11.44
v 12.3609 4.77695 -11.6488
v 12.3434 4.77645 -11.5536
v 12.3224 4.77998 -11.6433
v 12.3043 4.77927 -11.5516
v 12.3106 4.776 -11.4913
v 12.2799 4.77838 -11.4962
v 12.0122 4.78383 -11.5945
v 11.9808 4.78307 -11.5129
v 12.2149 4.78276 -11.6253
v 12.1935 4.78187 -11.5355
v 11.9595 4.78146 -11.459
v 12.1758 4.78035 -11.4774
v 8.78226 4.77724 -14.2121
v 8.55777 4.7765 -14.1963
v 8.43827 4.77591 -14.1561
v 8.45571 4.77799 -14.1437
v 8.55454 4.7793 -14.1685
v 8.77256 4.7803 -14.1857
v 8.36384 4.77695 -13.9769
v 8.38125 4.77645 -14.0721
v 8.40227 4.77998 -13.9824
v 8.42037 4.77927 -14.0741
v 8.41408 4.776 -14.1344
v 8.44483 4.77838 -14.1295
v 8.71247 4.78383 -14.0312
v 8.74391 4.78307 -14.1128
v 8.50974 4.78276 -14.0004
v 8.53118 4.78187 -14.0902
v 8.76515 4.78146 -14.1667
v 8.54884 4.78035 -14.1483
v 12.3608 4.77702 -13.977
v 12.3434 4.7765 -14.0722
v 12.3105 4.77601 -14.1345
v 12.2863 4.77591 -14.1562
v 12.3042 4.7793 -14.0743
v 12.2798 4.77839 -14.1296
v 12.2689 4.77799 -14.1438
v 12.3223 4.78003 -13.9825
v 11.9423 4.77716 -14.2122
v 12.1668 4.77645 -14.1964
v 11.952 4.78024 -14.1858
v 12.17 4.77927 -14.1686
v 12.0121 4.78382 -14.0313
v 12.2149 4.78279 -14.0005
v 11.9807 4.78304 -14.1129
v 12.1934 4.78187 -14.0903
v 12.1757 4.78033 -14.1484
v 11.9594 4.7814 -14.1668
v 8.3705 4.62103 -13.9736
v 8.38535 4.62513 -14.0699
v 8.41672 4.62819 -14.1331
v 8.44071 4.62872 -14.1549
v 8.45167 4.61724 -14.1254
v 8.43136 4.61173 -14.0676
v 8.46161 4.6192 -14.1402
v 8.41971 4.60587 -13.9731
v 8.56171 4.62513 -14.194
v 8.78851 4.61897 -14.207
v 8.78875 4.60308 -14.1717
v 8.56499 4.61173 -14.1615
v 8.78783 4.56988 -13.9752
v 8.55462 4.58603 -13.9741
v 8.78827 4.58193 -14.0758
v 8.55889 4.59519 -14.0719
v 8.56398 4.60577 -14.138
v 8.78868 4.59564 -14.1461
v 11.9369 4.56988 -13.9752
v 11.9364 4.58193 -14.0758
v 12.1701 4.58603 -13.9741
v 12.1658 4.59519 -14.0719
v 11.936 4.59564 -14.1461
v 11.9359 4.60308 -14.1717
v 12.1607 4.60577 -14.138
v 12.1597 4.61173 -14.1615
v 12.2933 4.61173 -14.0676
v 12.273 4.61724 -14.1254
v 12.305 4.60587 -13.9731
v 12.2631 4.6192 -14.1402
v 12.163 4.62513 -14.194
v 11.9362 4.61896 -14.207
v 12.284 4.62872 -14.1549
v 12.3542 4.62104 -13.9736
v 12.3393 4.62513 -14.0699
v 12.308 4.62819 -14.1331
v 9.81782 4.63485 -12.2382
v 9.70881 4.63701 -12.2742
v 9.80503 4.63775 -12.1914
v 9.68224 4.63898 -12.2551
v 9.60835 4.64542 -12.2039
v 9.75837 4.64486 -12.1124
v 9.5286 4.65394 -12.1522
v 9.70008 4.65365 -12.0463
v 9.94084 4.64376 -12.0489
v 9.96973 4.63592 -12.1446
v 9.90313 4.65303 -11.9714
v 9.97829 4.63258 -12.2005
v 9.41423 4.66953 -12.0855
v 9.6117 4.66942 -11.9667
v 9.84308 4.6692 -11.8821
v 10.1274 4.65245 -11.9265
v 10.1459 4.64282 -12.0103
v 10.0971 4.66897 -11.8314
v 10.3623 4.66887 -11.8146
v 10.3623 4.65219 -11.9115
v 10.3623 4.64242 -11.9971
v 10.1642 4.63097 -12.1742
v 10.1599 4.63454 -12.1139
v 10.3623 4.634 -12.1029
v 10.3623 4.63037 -12.1643
v 9.28596 4.69355 -12.024
v 9.5109 4.69354 -11.8948
v 9.77369 4.69351 -11.8026
v 10.0617 4.69348 -11.7473
v 10.3623 4.69347 -11.7289
v 10.6276 4.66897 -11.8314
v 10.663 4.69348 -11.7473
v 10.8816 4.6692 -11.8821
v 10.951 4.69351 -11.8026
v 11.113 4.66942 -11.9667
v 11.2138 4.69354 -11.8948
v 11.3105 4.66953 -12.0855
v 11.4387 4.69355 -12.024
v 10.5605 4.63097 -12.1742
v 10.5648 4.63454 -12.1139
v 10.5788 4.64282 -12.0103
v 10.5973 4.65245 -11.9265
v 10.755 4.63592 -12.1446
v 10.7838 4.64376 -12.0489
v 10.8216 4.65303 -11.9714
v 10.7464 4.63258 -12.2005
v 10.9663 4.64486 -12.1124
v 11.0246 4.65365 -12.0463
v 11.1961 4.65394 -12.1522
v 11.1163 4.64542 -12.2039
v 10.9069 4.63485 -12.2382
v 10.9197 4.63775 -12.1914
v 11.0425 4.63898 -12.2551
v 11.0159 4.63701 -12.2742
v 9.19162 4.69355 -12.1024
v 9.33174 4.6695 -12.1577
v 9.04075 4.69352 -12.2823
v 9.20038 4.66932 -12.3235
v 8.94024 4.6935 -12.4853
v 9.11337 4.66908 -12.5107
v 8.89002 4.69347 -12.7021
v 9.07015 4.6689 -12.7107
v 8.89002 4.69347 -12.9236
v 9.07015 4.6689 -12.915
v 9.45791 4.65385 -12.217
v 9.34679 4.65336 -12.3669
v 9.54852 4.64525 -12.2614
v 9.45719 4.64433 -12.3969
v 9.27409 4.65272 -12.537
v 9.64102 4.63858 -12.3007
v 9.6917 4.63605 -12.3101
v 9.58093 4.63682 -12.4196
v 9.64975 4.63367 -12.4248
v 9.53841 4.63514 -12.5664
v 9.61533 4.63167 -12.5694
v 9.39826 4.64324 -12.5541
v 9.36864 4.64253 -12.7251
v 9.23821 4.65227 -12.7196
v 9.51579 4.63415 -12.729
v 9.59618 4.63053 -12.7299
v 9.51579 4.63415 -12.8968
v 9.59618 4.63053 -12.8958
v 9.36864 4.64253 -12.9007
v 9.23821 4.65227 -12.9062
v 9.11337 4.66908 -13.1151
v 9.27409 4.65272 -13.0887
v 9.39826 4.64324 -13.0716
v 9.20038 4.66932 -13.3023
v 9.34679 4.65336 -13.2589
v 9.61533 4.63167 -13.0563
v 9.53841 4.63514 -13.0593
v 9.64975 4.63367 -13.2009
v 9.58093 4.63682 -13.2061
v 9.45719 4.64433 -13.2289
v 9.54852 4.64525 -13.3644
v 9.45791 4.65385 -13.4087
v 9.6917 4.63605 -13.3156
v 9.64102 4.63858 -13.3251
v 9.70881 4.63701 -13.3515
v 9.68224 4.63898 -13.3707
v 9.60835 4.64542 -13.4218
v 9.5286 4.65394 -13.4735
v 9.33174 4.6695 -13.4681
v 9.41423 4.66953 -13.5403
v 8.94024 4.6935 -13.1404
v 9.04075 4.69352 -13.3434
v 9.19162 4.69355 -13.5233
v 9.28596 4.69355 -13.6018
v 11.0837 4.63858 -12.3007
v 11.033 4.63605 -12.3101
v 11.1762 4.64525 -12.2614
v 11.0749 4.63367 -12.4248
v 11.1438 4.63682 -12.4196
v 11.2668 4.65385 -12.217
v 11.2675 4.64433 -12.3969
v 11.3779 4.65336 -12.3669
v 11.1863 4.63514 -12.5664
v 11.3264 4.64324 -12.5541
v 11.1094 4.63167 -12.5694
v 11.393 4.6695 -12.1577
v 11.5243 4.66932 -12.3235
v 11.4506 4.65272 -12.537
v 11.6113 4.66908 -12.5107
v 11.4865 4.65227 -12.7196
v 11.3561 4.64253 -12.7251
v 11.6545 4.6689 -12.7107
v 11.4865 4.65227 -12.9062
v 11.6545 4.6689 -12.915
v 11.1285 4.63053 -12.7299
v 11.2089 4.63415 -12.729
v 11.3561 4.64253 -12.9007
v 11.2089 4.63415 -12.8968
v 11.1285 4.63053 -12.8958
v 11.5331 4.69355 -12.1024
v 11.6839 4.69352 -12.2823
v 11.7844 4.6935 -12.4853
v 11.8347 4.69347 -12.7021
v 11.8347 4.69347 -12.9236
v 11.6113 4.66908 -13.1151
v 11.7844 4.6935 -13.1404
v 11.5243 4.66932 -13.3023
v 11.6839 4.69352 -13.3434
v 11.393 4.6695 -13.4681
v 11.5331 4.69355 -13.5233
v 11.4387 4.69355 -13.6018
v 11.3105 4.66953 -13.5403
v 11.1094 4.63167 -13.0563
v 11.1863 4.63514 -13.0593
v 11.3264 4.64324 -13.0716
v 11.4506 4.65272 -13.0887
v 11.1438 4.63682 -13.2061
v 11.2675 4.64433 -13.2289
v 11.0749 4.63367 -13.2009
v 11.3779 4.65336 -13.2589
v 11.2668 4.65385 -13.4087
v 11.1762 4.64525 -13.3644
v 11.1961 4.65394 -13.4735
v 11.1163 4.64542 -13.4218
v 11.033 4.63605 -13.3156
v 11.0837 4.63858 -13.3251
v 11.0425 4.63898 -13.3707
v 11.0159 4.63701 -13.3515
v 10.9069 4.63485 -13.3875
v 10.9197 4.63775 -13.4344
v 10.9663 4.64486 -13.5133
v 11.0246 4.65365 -13.5794
v 10.7838 4.64376 -13.5768
v 10.755 4.63592 -13.4812
v 10.8216 4.65303 -13.6544
v 10.7464 4.63258 -13.4252
v 11.113 4.66942 -13.659
v 10.8816 4.6692 -13.7436
v 10.5973 4.65245 -13.6993
v 10.5788 4.64282 -13.6154
v 10.6276 4.66897 -13.7943
v 10.3623 4.66887 -13.8111
v 10.3623 4.65219 -13.7142
v 10.3623 4.64242 -13.6286
v 10.5605 4.63097 -13.4516
v 10.5648 4.63454 -13.5118
v 10.3623 4.634 -13.5228
v 10.3623 4.63037 -13.4614
v 11.2138 4.69354 -13.7309
v 10.951 4.69351 -13.8231
v 10.663 4.69348 -13.8784
v 10.3623 4.69347 -13.8969
v 10.0971 4.66897 -13.7943
v 10.0617 4.69348 -13.8784
v 9.84308 4.6692 -13.7436
v 9.77369 4.69351 -13.8231
v 9.6117 4.66942 -13.659
v 9.5109 4.69354 -13.7309
v 10.1642 4.63097 -13.4516
v 10.1599 4.63454 -13.5118
v 10.1459 4.64282 -13.6154
v 10.1274 4.65245 -13.6993
v 9.96973 4.63592 -13.4812
v 9.94084 4.64376 -13.5768
v 9.90313 4.65303 -13.6544
v 9.97829 4.63258 -13.4252
v 9.75837 4.64486 -13.5133
v 9.70008 4.65365 -13.5794
v 9.81782 4.63485 -13.3875
v 9.80503 4.63775 -13.4344
v 9.81936 4.63241 -12.2921
v 9.80396 4.62858 -12.4191
v 9.98155 4.62965 -12.2627
v 9.97736 4.62499 -12.4029
v 9.78368 4.62596 -12.5675
v 9.96754 4.62187 -12.5599
v 10.1664 4.62782 -12.2405
v 10.1659 4.62278 -12.3886
v 10.3623 4.62716 -12.2319
v 10.3623 4.62201 -12.3825
v 10.1622 4.6194 -12.5521
v 10.3623 4.61857 -12.5485
v 9.95995 4.62028 -12.7274
v 10.1587 4.61771 -12.7249
v 10.3623 4.61685 -12.7237
v 10.1587 4.61771 -12.9008
v 10.3623 4.61685 -12.902
v 9.95995 4.62028 -12.8984
v 9.77082 4.62456 -12.7296
v 9.77082 4.62456 -12.8962
v 10.5583 4.62782 -12.2405
v 10.5588 4.62278 -12.3886
v 10.7431 4.62965 -12.2627
v 10.7473 4.62499 -12.4029
v 10.5625 4.6194 -12.5521
v 10.7571 4.62187 -12.5599
v 10.9053 4.63241 -12.2921
v 10.9207 4.62858 -12.4191
v 10.941 4.62596 -12.5675
v 10.7647 4.62028 -12.7274
v 10.9539 4.62456 -12.7296
v 10.9539 4.62456 -12.8962
v 10.7647 4.62028 -12.8984
v 10.566 4.61771 -12.7249
v 10.566 4.61771 -12.9008
v 10.3623 4.61857 -13.0773
v 10.5625 4.6194 -13.0736
v 10.7571 4.62187 -13.0658
v 10.5588 4.62278 -13.2371
v 10.7473 4.62499 -13.2228
v 10.3623 4.62201 -13.2433
v 10.941 4.62596 -13.0582
v 10.9207 4.62858 -13.2066
v 10.7431 4.62965 -13.363
v 10.9053 4.63241 -13.3336
v 10.3623 4.62716 -13.3939
v 10.5583 4.62782 -13.3852
v 9.78368 4.62596 -13.0582
v 9.96754 4.62187 -13.0658
v 9.80396 4.62858 -13.2066
v 9.97736 4.62499 -13.2228
v 10.1622 4.6194 -13.0736
v 10.1659 4.62278 -13.2371
v 9.98155 4.62965 -13.363
v 10.1664 4.62782 -13.3852
v 9.81936 4.63241 -13.3336
v 8.94901 4.77525 -11.8349
v 9.23902 4.7751 -11.6913
v 9.58763 4.7748 -11.5982
v 9.32454 4.75803 -11.7664
v 9.64377 4.75798 -11.665
v 9.05337 4.75806 -11.9106
v 9.9676 4.77458 -11.5458
v 10.3624 4.7745 -11.5293
v 9.99505 4.75793 -11.6052
v 10.3623 4.75791 -11.5856
v 10.7571 4.77458 -11.5458
v 11.1371 4.77481 -11.5982
v 11.0809 4.75798 -11.665
v 10.7296 4.75793 -11.6052
v 11.4857 4.7751 -11.6914
v 11.7757 4.77525 -11.8349
v 11.6713 4.75806 -11.9106
v 11.4002 4.75803 -11.7664
v 10.7009 4.72934 -11.6696
v 10.3623 4.72934 -11.6499
v 11.0253 4.72934 -11.729
v 11.3213 4.72934 -11.8279
v 11.5748 4.72934 -11.9665
v 9.40335 4.72934 -11.8279
v 9.1499 4.72934 -11.9665
v 9.69937 4.72934 -11.729
v 10.0238 4.72934 -11.6696
v 11.8897 4.77521 -11.9289
v 12.0593 4.77495 -12.1524
v 12.1636 4.77468 -12.4064
v 11.9619 4.75801 -12.204
v 12.0786 4.75796 -12.4365
v 11.7839 4.75805 -11.9992
v 12.2129 4.77452 -12.6757
v 12.2129 4.77452 -12.9501
v 12.1361 4.75792 -12.6856
v 12.1361 4.75792 -12.9402
v 12.1636 4.77468 -13.2194
v 12.0593 4.77495 -13.4734
v 11.9619 4.75801 -13.4217
v 12.0786 4.75796 -13.1892
v 11.8896 4.77521 -13.6969
v 11.7757 4.77525 -13.7908
v 11.7839 4.75805 -13.6265
v 11.6713 4.75806 -13.7151
v 12.0213 4.72934 -12.6941
v 12.0213 4.72934 -12.9317
v 11.9646 4.72934 -13.1643
v 11.8512 4.72934 -13.3821
v 11.6811 4.72934 -13.5751
v 11.5748 4.72934 -13.6592
v 11.6811 4.72934 -12.0506
v 11.8512 4.72934 -12.2436
v 11.9646 4.72934 -12.4614
v 11.4857 4.7751 -13.9344
v 11.1371 4.7748 -14.0275
v 11.4002 4.75803 -13.8594
v 11.0809 4.75798 -13.9607
v 10.7571 4.77458 -14.08
v 10.3623 4.7745 -14.0964
v 10.7296 4.75793 -14.0205
v 10.3623 4.75791 -14.0401
v 9.96757 4.77458 -14.0799
v 9.58761 4.77481 -14.0275
v 9.64377 4.75798 -13.9607
v 9.99504 4.75793 -14.0205
v 9.23899 4.7751 -13.9344
v 8.94899 4.77525 -13.7908
v 9.05336 4.75806 -13.7151
v 9.32453 4.75803 -13.8593
v 10.0238 4.72934 -13.9561
v 10.3623 4.72934 -13.9759
v 9.69937 4.72934 -13.8967
v 9.40335 4.72934 -13.7978
v 9.1499 4.72934 -13.6592
v 11.3213 4.72934 -13.7978
v 11.0253 4.72934 -13.8967
v 10.7009 4.72934 -13.9561
v 8.83504 4.77521 -13.6969
v 8.66542 4.77495 -13.4734
v 8.56109 4.77468 -13.2194
v 8.76282 4.75801 -13.4217
v 8.64606 4.75796 -13.1892
v 8.94081 4.75805 -13.6265
v 8.51176 4.77452 -12.9501
v 8.51176 4.77452 -12.6756
v 8.58863 4.75792 -12.9402
v 8.58863 4.75792 -12.6856
v 8.56109 4.77468 -12.4063
v 8.66543 4.77495 -12.1523
v 8.76282 4.75801 -12.204
v 8.64606 4.75796 -12.4365
v 8.83505 4.77521 -11.9289
v 8.94081 4.75805 -11.9992
v 8.70342 4.72934 -12.9317
v 8.70342 4.72934 -12.6941
v 8.7601 4.72934 -12.4614
v 8.87347 4.72934 -12.2436
v 9.04357 4.72934 -12.0506
v 9.04357 4.72934 -13.5751
v 8.87347 4.72934 -13.3821
v 8.7601 4.72934 -13.1643
vn -0.038655 -0.998378 0.041806
vn -0.035166 -0.99716 0.066603
vn -0.068336 -0.99702 0.035807
vn -0.06276 -0.996398 0.05703
vn -0.041308 -0.998818 0.025639
vn -0.072666 -0.997114 0.021985
vn -0.117781 -0.992578 0.030275
vn -0.109209 -0.992811 0.048983
vn -0.124625 -0.992033 0.018429
vn -0.075649 -0.997062 0.012056
vn -0.129311 -0.991553 0.010063
vn -0.043116 -0.998971 0.014054
vn -0.214713 -0.976401 0.023237
vn -0.201986 -0.97862 0.038785
vn -0.224988 -0.97426 0.014083
vn -0.231857 -0.972719 0.007676
vn -0.235283 -0.971924 0.002448
vn -0.131674 -0.991288 0.00321
vn -0.131673 -0.991288 -0.003209
vn -0.235278 -0.971925 -0.002444
vn -0.04403 -0.99902 0.00449
vn -0.077162 -0.997011 0.003853
vn -0.077162 -0.997011 -0.003852
vn -0.04403 -0.99902 -0.004491
vn -0.505623 -0.862274 0.028777
vn -0.518634 -0.85486 0.015247
vn -0.530487 -0.847642 0.009261
vn -0.966605 -0.256226 0.004763
vn -0.965916 -0.258737 0.007805
vn -0.53828 -0.842751 0.005051
vn -0.967032 -0.254643 0.002606
vn -0.965828 -0.258171 0.022907
vn -0.989469 0.144682 0.004318
vn -0.984589 0.174761 0.006626
vn -0.992855 0.119296 0.002502
vn -0.96723 -0.253902 0.000838
vn -0.994532 0.104424 0.000832
vn -0.967215 -0.253956 -0.000818
vn -0.994535 0.104401 -0.000826
vn -0.542116 -0.840302 0.001614
vn -0.542097 -0.840315 -0.001603
vn -0.231842 -0.972723 -0.007672
vn -0.538222 -0.842788 -0.005041
vn -0.966989 -0.254805 -0.002585
vn -0.530394 -0.847701 -0.009252
vn -0.966533 -0.256498 -0.004737
vn -0.224964 -0.974265 -0.01408
vn -0.992865 0.11922 -0.002494
vn -0.989492 0.144523 -0.0043
vn -0.965814 -0.259121 -0.007772
vn -0.984643 0.174458 -0.006587
vn -0.518513 -0.854934 -0.015242
vn -0.50549 -0.862352 -0.028775
vn -0.965701 -0.258647 -0.022861
vn -0.214685 -0.976407 -0.023236
vn -0.201957 -0.978626 -0.038786
vn -0.043115 -0.998971 -0.014054
vn -0.075648 -0.997062 -0.012056
vn -0.129306 -0.991554 -0.010062
vn -0.072665 -0.997114 -0.021985
vn -0.124618 -0.992034 -0.018428
vn -0.041308 -0.998817 -0.025639
vn -0.117772 -0.992579 -0.030274
vn -0.1092 -0.992812 -0.048984
vn -0.038655 -0.998378 -0.041806
vn -0.068335 -0.99702 -0.035807
vn -0.062758 -0.996398 -0.05703
vn -0.035166 -0.99716 -0.066603
vn -0.003861 -0.191105 0.981562
vn -0.003461 0.125275 0.992116
vn -0.007423 -0.192146 0.981338
vn -0.006619 0.145565 0.989326
vn -0.002277 -0.190014 0.981779
vn -0.00214 0.105993 0.994365
vn -0.013247 -0.767977 0.64034
vn -0.007749 -0.757322 0.652996
vn -0.016956 -0.925273 0.378924
vn -0.010332 -0.918684 0.394859
vn -0.00609 -0.913703 0.406336
vn -0.004542 -0.74937 0.662136
vn -0.002114 -0.74463 0.667475
vn -0.001062 -0.189373 0.981905
vn -0.002845 -0.910652 0.413164
vn 2e-06 -0.909623 0.415434
vn 4e-06 -0.743046 0.66924
vn 7e-06 -0.189133 0.981951
vn -0.001041 0.091857 0.995772
vn 3e-06 0.086584 0.996244
vn -0.022256 -0.972218 0.233017
vn -0.013563 -0.968759 0.247632
vn -0.025977 -0.98613 0.163931
vn -0.015983 -0.984348 0.175509
vn -0.030828 -0.994016 0.104792
vn -0.019048 -0.993401 0.113098
vn -0.00796 -0.966083 0.258111
vn -0.00941 -0.982894 0.183932
vn -0.011231 -0.992808 0.119186
vn -0.021811 -0.997156 0.072139
vn -0.024037 -0.998683 0.045328
vn -0.012882 -0.997008 0.076219
vn -0.014218 -0.99875 0.047915
vn -0.004396 -0.981966 0.189005
vn -0.005251 -0.992408 0.122874
vn -0.006028 -0.99688 0.078702
vn -0.006658 -0.998752 0.04949
vn 0 -0.992269 0.124108
vn 0 -0.996832 0.079534
vn -0 -0.998748 0.050018
vn 0 -0.981649 0.190699
vn -0.003713 -0.964416 0.264362
vn 1e-06 -0.963851 0.266442
vn 0.003715 -0.964414 0.264371
vn 0.002849 -0.910643 0.413185
vn 0.004397 -0.981965 0.189009
vn 0.005251 -0.992408 0.122875
vn 0.009411 -0.982893 0.18394
vn 0.007962 -0.966078 0.258127
vn 0.011231 -0.992808 0.119188
vn 0.006094 -0.913685 0.406377
vn 0.006028 -0.99688 0.078702
vn 0.006658 -0.998752 0.04949
vn 0.012882 -0.997008 0.07622
vn 0.014218 -0.99875 0.047915
vn 0.019048 -0.993401 0.113101
vn 0.015983 -0.984346 0.175519
vn 0.021811 -0.997156 0.072139
vn 0.024037 -0.998683 0.045328
vn 0.035166 -0.99716 0.066603
vn 0.030828 -0.994016 0.104795
vn 0.038655 -0.998378 0.041806
vn 0.025977 -0.986128 0.163943
vn 0.013564 -0.968754 0.247654
vn 0.010335 -0.91866 0.394913
vn 0.022257 -0.972212 0.233042
vn 0.016956 -0.925247 0.378985
vn 0.001076 -0.189281 0.981922
vn 0.001047 0.091898 0.995768
vn 0.002292 -0.189828 0.981815
vn 0.00215 0.106091 0.994354
vn 0.002122 -0.744593 0.667515
vn 0.004548 -0.749299 0.662216
vn 0.007754 -0.757224 0.653109
vn 0.003881 -0.190819 0.981618
vn 0.01325 -0.767861 0.640479
vn 0.00745 -0.191755 0.981414
vn 0.003481 0.125458 0.992093
vn 0.006659 0.145878 0.98928
vn -0.978966 0.20285 0.021864
vn -0.394856 0.170031 0.902872
vn -0.393996 -0.155078 0.905935
vn -0.160663 0.166516 0.972862
vn -0.152591 -0.168774 0.973772
vn -0.037675 0.162337 0.986016
vn -0.037105 -0.193601 0.980378
vn 0.966533 -0.256498 0.004737
vn 0.989491 0.144528 0.0043
vn 0.965814 -0.25912 0.007772
vn 0.984642 0.174461 0.006587
vn 0.965701 -0.258649 0.02286
vn 0.505491 -0.862352 0.028775
vn 0.518515 -0.854933 0.015241
vn 0.530395 -0.8477 0.009252
vn 0.966989 -0.254804 0.002584
vn 0.538223 -0.842787 0.005041
vn 0.992864 0.119226 0.002493
vn 0.201957 -0.978626 0.038786
vn 0.214685 -0.976407 0.023236
vn 0.224965 -0.974265 0.01408
vn 0.231842 -0.972723 0.007672
vn 0.542098 -0.840314 0.001602
vn 0.235278 -0.971925 0.002444
vn 0.542117 -0.840301 -0.001614
vn 0.235283 -0.971924 -0.002448
vn 0.967216 -0.253955 0.000818
vn 0.994535 0.104405 0.000826
vn 0.967229 -0.253904 -0.000838
vn 0.994532 0.104425 -0.000832
vn 0.117772 -0.992579 0.030274
vn 0.124618 -0.992034 0.018428
vn 0.1092 -0.992812 0.048984
vn 0.068335 -0.99702 0.035807
vn 0.072665 -0.997114 0.021985
vn 0.129306 -0.991554 0.010061
vn 0.062758 -0.996398 0.05703
vn 0.041308 -0.998817 0.025639
vn 0.075648 -0.997062 0.012056
vn 0.043115 -0.998971 0.014054
vn 0.077162 -0.997011 0.003852
vn 0.131673 -0.991288 0.003209
vn 0.04403 -0.99902 0.00449
vn 0.077162 -0.997011 -0.003853
vn 0.04403 -0.99902 -0.004491
vn 0.131675 -0.991288 -0.00321
vn 0.231857 -0.972719 -0.007676
vn 0.129311 -0.991553 -0.010063
vn 0.075649 -0.997062 -0.012056
vn 0.224988 -0.97426 -0.014083
vn 0.124625 -0.992033 -0.018429
vn 0.043116 -0.998971 -0.014054
vn 0.072666 -0.997114 -0.021985
vn 0.041308 -0.998817 -0.025639
vn 0.068336 -0.997019 -0.035807
vn 0.11778 -0.992578 -0.030275
vn 0.038655 -0.998378 -0.041806
vn 0.035166 -0.99716 -0.066603
vn 0.06276 -0.996398 -0.05703
vn 0.109209 -0.992811 -0.048983
vn 0.214714 -0.9764 -0.023237
vn 0.201987 -0.97862 -0.038785
vn 0.967032 -0.254643 -0.002606
vn 0.992855 0.1193 -0.002502
vn 0.538282 -0.84275 -0.005051
vn 0.966605 -0.256226 -0.004762
vn 0.530488 -0.847642 -0.009261
vn 0.989468 0.144686 -0.004317
vn 0.518634 -0.854861 -0.015247
vn 0.505622 -0.862275 -0.028777
vn 0.965916 -0.258738 -0.007804
vn 0.984588 0.174763 -0.006625
vn 0.965827 -0.258173 -0.022907
vn 0.037728 0.162896 0.985922
vn 0.037152 -0.193101 0.980475
vn 0.160458 0.16703 0.972807
vn 0.152703 -0.168267 0.973842
vn 0.394589 0.169557 0.903078
vn 0.394201 -0.154812 0.905891
vn 0.808434 0.206623 0.551128
vn 0.815966 -0.188157 0.546622
vn 0.930005 0.220008 0.294427
vn 0.93283 -0.22444 0.281879
vn 0.971025 0.219962 0.093421
vn 0.964423 -0.248615 0.089887
vn 0.979061 0.202396 0.021791
vn -0.294309 0.955632 0.012235
vn -0.338856 0.940808 0.007582
vn -0.401131 0.915998 0.006454
vn -0.471324 0.881948 0.004764
vn -0.055562 0.998444 0.004772
vn -0.047016 0.998873 0.006418
vn -0.068971 0.99761 0.004056
vn -0.086552 0.996243 0.003083
vn -0.522751 0.852483 0.001821
vn -0.101407 0.994844 0.00121
vn -0.52289 0.852398 -0.001913
vn -0.101547 0.99483 -0.001304
vn -0.014778 0.999891 0.0008
vn -0.01307 0.999914 0.001467
vn -0.012749 0.999914 0.003205
vn 0.013804 0.99989 -0.005456
vn 0.00708 0.999961 -0.005271
vn -0.017568 0.999846 0.000445
vn 0.002278 0.999991 -0.003451
vn 0.005726 0.999919 -0.01133
vn 0.01853 0.999428 -0.028306
vn 0.027417 0.999371 -0.022502
vn 0.047389 0.998596 -0.023687
vn 0.024017 0.9997 -0.004854
vn 0.075119 0.99699 -0.01919
vn 0.033445 0.999438 -0.002104
vn -0.020114 0.999798 0.000144
vn 0.098288 0.995128 -0.007751
vn 0.033359 0.999441 0.002055
vn 0.098242 0.995133 0.007726
vn -0.020225 0.999795 -0.000215
vn -0.086897 0.996212 -0.003178
vn -0.017829 0.999841 -0.000522
vn 0.023827 0.999705 0.004792
vn -0.069393 0.997581 -0.004138
vn -0.015071 0.999886 -0.000872
vn 0.075018 0.996998 0.019152
vn 0.013612 0.999893 0.005396
vn 0.047295 0.998601 0.023649
vn 0.006933 0.999962 0.00525
vn -0.013335 0.99991 -0.001504
vn 0.027356 0.999373 0.022497
vn 0.005704 0.999918 0.01144
vn 0.002173 0.999991 0.003503
vn 0.018495 0.999427 0.028334
vn -0.012973 0.999911 -0.00317
vn -0.055979 0.99842 -0.004813
vn -0.047392 0.998856 -0.006386
vn -0.471715 0.881738 -0.004851
vn -0.401698 0.915749 -0.006522
vn -0.339505 0.940574 -0.007601
vn -0.294943 0.955437 -0.012171
vn -0.979062 0.202395 -0.021791
vn 0.020005 0.998141 -0.057562
vn 0.005765 0.999744 -0.021883
vn 0.001128 0.999998 -0.001735
vn 0.001931 0.999968 -0.007742
vn -0.001963 0.999819 0.018932
vn -0.001218 0.999794 0.02024
vn 0.005839 0.99915 -0.040799
vn 0.00212 0.999866 -0.016237
vn -0.000814 0.999738 0.022868
vn 0.017079 0.995471 -0.093517
vn -0.003248 0.998946 0.04578
vn -0.002564 0.998534 0.054061
vn -0.004108 0.993862 0.11055
vn -0.003376 0.991282 0.131715
vn -0.002044 0.997834 0.065751
vn -0.00279 0.987046 0.160415
vn 0.001513 0.999652 -0.026322
vn -0.000459 0.999664 0.025904
vn -0.001259 0.996945 0.07809
vn -0.001768 0.981588 0.191004
vn -2.4e-05 0.999628 0.027287
vn -3e-05 0.996485 0.083766
vn -3.5e-05 0.978637 0.205596
vn -1.7e-05 0.999505 -0.031461
vn 0.010359 0.991672 -0.128369
vn 0.003931 0.998081 -0.061793
vn -1.2e-05 0.997415 -0.071855
vn -7e-06 0.98952 -0.144393
vn -0.006068 0.913803 0.406114
vn -0.004631 0.886757 0.462213
vn -0.003618 0.849134 0.528164
vn -0.00213 0.810014 0.586406
vn -2.9e-05 0.791992 0.610532
vn 0.002074 0.810208 0.586138
vn 0.001698 0.981661 0.190625
vn 0.003569 0.84945 0.527657
vn 0.002726 0.987143 0.159816
vn 0.004603 0.887108 0.461539
vn 0.003333 0.991371 0.131046
vn 0.006088 0.914133 0.405369
vn 0.00411 0.993933 0.109907
vn -0.010378 0.99166 -0.128461
vn -0.003962 0.99807 -0.061968
vn -0.001554 0.999647 -0.026538
vn 0.000408 0.999671 0.025634
vn -0.002165 0.999861 -0.016532
vn -0.005877 0.999141 -0.04103
vn 0.000762 0.999747 0.022469
vn -0.017103 0.99546 -0.093636
vn 0.001199 0.99697 0.077782
vn 0.001985 0.997866 0.065273
vn 0.001179 0.999803 0.019836
vn -0.001963 0.999966 -0.008014
vn 0.002521 0.998562 0.053543
vn 0.003242 0.998969 0.045292
vn 0.001962 0.999826 0.018573
vn -0.001124 0.999997 -0.001953
vn -0.020018 0.998137 -0.057642
vn -0.00579 0.99974 -0.022067
vn -0.005704 0.999918 -0.01144
vn -0.018495 0.999427 -0.028334
vn -0.002173 0.999991 -0.003503
vn -0.006933 0.999962 -0.00525
vn -0.027356 0.999373 -0.022497
vn -0.047295 0.998601 -0.023649
vn -0.013612 0.999893 -0.005396
vn 0.012973 0.999911 0.00317
vn 0.013335 0.99991 0.001504
vn 0.015071 0.999886 0.000872
vn -0.023827 0.999705 -0.004792
vn 0.017829 0.999841 0.000522
vn -0.075017 0.996998 -0.019152
vn 0.047392 0.998856 0.006386
vn 0.055979 0.99842 0.004813
vn 0.069393 0.997581 0.004138
vn 0.086898 0.996212 0.003178
vn 0.020225 0.999795 0.000215
vn 0.101548 0.99483 0.001304
vn 0.020114 0.999798 -0.000144
vn 0.101407 0.994844 -0.00121
vn -0.098241 0.995133 -0.007725
vn -0.033359 0.999441 -0.002055
vn -0.033445 0.999438 0.002104
vn -0.098286 0.995128 0.007751
vn 0.339504 0.940574 0.007601
vn 0.294943 0.955437 0.012171
vn 0.401697 0.915749 0.006522
vn 0.471717 0.881737 0.004851
vn 0.522893 0.852396 0.001913
vn 0.52275 0.852484 -0.001821
vn 0.086552 0.996243 -0.003083
vn 0.471323 0.881948 -0.004764
vn 0.401131 0.915998 -0.006454
vn 0.068971 0.99761 -0.004056
vn 0.338855 0.940808 -0.007582
vn 0.294308 0.955632 -0.012234
vn 0.978966 0.202849 -0.021863
vn 0.055562 0.998444 -0.004772
vn 0.047016 0.998874 -0.006418
vn -0.075119 0.99699 0.01919
vn -0.024017 0.9997 0.004854
vn 0.017568 0.999846 -0.000445
vn -0.013804 0.99989 0.005456
vn 0.014778 0.999891 -0.0008
vn -0.047389 0.998596 0.023687
vn 0.01307 0.999914 -0.001467
vn 0.012749 0.999914 -0.003205
vn -0.027417 0.999371 0.022502
vn -0.00708 0.999961 0.005271
vn -0.002278 0.999991 0.003451
vn -0.005726 0.999919 0.01133
vn -0.01853 0.999428 0.028306
vn -0.003481 0.125466 -0.992092
vn -0.006658 0.145889 -0.989278
vn -0.004604 0.887108 -0.461539
vn -0.006088 0.914133 -0.405369
vn -0.00215 0.106096 -0.994354
vn -0.003569 0.849451 -0.527656
vn -0.00411 0.993933 -0.109907
vn -0.003333 0.991371 -0.131045
vn -0.002726 0.987143 -0.159814
vn -0.001698 0.981662 -0.190625
vn -0.002074 0.810209 -0.586137
vn 3.5e-05 0.978637 -0.205597
vn 2.9e-05 0.791994 -0.610529
vn -0.001047 0.091903 -0.995767
vn -3e-06 0.086587 -0.996244
vn -0.003242 0.998969 -0.045292
vn -0.002521 0.998562 -0.053543
vn -0.001962 0.999826 -0.018573
vn -0.001179 0.999803 -0.019837
vn 0.001125 0.999997 0.001953
vn 0.001963 0.999966 0.008014
vn -0.000762 0.999747 -0.02247
vn -0.001985 0.997866 -0.065273
vn 0.002165 0.999861 0.016532
vn 0.00579 0.99974 0.022067
vn 0.020018 0.998137 0.057642
vn 0.005877 0.999141 0.04103
vn 0.017103 0.99546 0.093636
vn 0.001554 0.999647 0.026538
vn -0.000408 0.999671 -0.025634
vn 0.003962 0.99807 0.061968
vn 0.010378 0.99166 0.128462
vn 1.2e-05 0.997415 0.071856
vn 1.7e-05 0.999505 0.031461
vn 7e-06 0.98952 0.144393
vn 2.4e-05 0.999628 -0.027287
vn -0.001199 0.99697 -0.077783
vn 3e-05 0.996485 -0.083766
vn 0.001768 0.981588 -0.191004
vn 0.001259 0.996945 -0.078091
vn 0.000459 0.999664 -0.025904
vn -0.001513 0.999652 0.026322
vn 0.002044 0.997834 -0.065751
vn 0.000814 0.999738 -0.022868
vn -0.00212 0.999866 0.016237
vn 0.002789 0.987046 -0.160416
vn -0.003931 0.998081 0.061794
vn -0.010359 0.991672 0.12837
vn -0.005839 0.99915 0.040799
vn -0.017079 0.995471 0.093517
vn 0.001218 0.999794 -0.02024
vn -0.001931 0.999968 0.007742
vn -0.005765 0.999744 0.021883
vn -0.020005 0.998141 0.057562
vn -0.001128 0.999998 0.001735
vn 0.001963 0.999819 -0.018932
vn 0.003376 0.991282 -0.131715
vn 0.002564 0.998534 -0.054061
vn 0.003248 0.998946 -0.04578
vn 0.004108 0.993862 -0.11055
vn 0.001041 0.091858 -0.995772
vn 0.00213 0.810016 -0.586403
vn 0.00214 0.105991 -0.994365
vn 0.003618 0.849136 -0.528162
vn 0.004631 0.886758 -0.462212
vn 0.006067 0.913803 -0.406112
vn 0.003461 0.125272 -0.992116
vn 0.006619 0.145561 -0.989327
vn -0.971024 0.219964 -0.093422
vn -0.964423 -0.248611 -0.089888
vn -0.930003 0.220014 -0.294428
vn -0.932831 -0.224433 -0.28188
vn -0.808431 0.206634 -0.551127
vn -0.815968 -0.188145 -0.546624
vn -0.394586 0.169574 -0.903076
vn -0.3942 -0.154797 -0.905894
vn -0.160457 0.167046 -0.972805
vn -0.152703 -0.168254 -0.973844
vn -0.037727 0.162909 -0.985919
vn -0.037151 -0.19309 -0.980477
vn -0.00745 -0.191745 -0.981417
vn 0.037674 0.162332 -0.986017
vn 0.037104 -0.193605 -0.980378
vn 0.007423 -0.192148 -0.981338
vn 0.160662 0.16651 -0.972863
vn 0.152589 -0.16878 -0.973771
vn 0.394855 0.170024 -0.902874
vn 0.393995 -0.155086 -0.905934
vn 0.808765 0.205944 -0.550896
vn 0.815835 -0.188109 -0.546835
vn 0.930012 0.220369 -0.294134
vn 0.932868 -0.224052 -0.282062
vn 0.970909 0.220461 -0.093445
vn 0.964543 -0.248116 -0.089974
vn -0.021811 -0.997156 -0.072139
vn -0.024037 -0.998683 -0.045328
vn -0.030828 -0.994016 -0.104795
vn -0.019048 -0.993401 -0.113101
vn -0.025977 -0.986128 -0.163943
vn -0.015983 -0.984346 -0.17552
vn -0.011231 -0.992808 -0.119188
vn -0.012882 -0.997008 -0.07622
vn -0.009411 -0.982893 -0.18394
vn -0.014218 -0.99875 -0.047915
vn -0.022257 -0.972212 -0.233043
vn -0.013564 -0.968753 -0.247655
vn -0.016956 -0.925247 -0.378986
vn -0.010335 -0.91866 -0.394913
vn -0.007962 -0.966078 -0.258128
vn -0.006093 -0.913685 -0.406378
vn -0.004397 -0.981965 -0.18901
vn -0.005251 -0.992408 -0.122875
vn -0.003715 -0.964414 -0.264372
vn -0.002849 -0.910642 -0.413186
vn -1e-06 -0.963851 -0.266442
vn -0 -0.981649 -0.190699
vn -2e-06 -0.909623 -0.415436
vn -0 -0.992269 -0.124108
vn -0.006028 -0.99688 -0.078702
vn -0.006658 -0.998752 -0.04949
vn -0 -0.996832 -0.079534
vn 0 -0.998748 -0.050018
vn -0.013249 -0.76786 -0.640481
vn -0.007754 -0.757222 -0.653111
vn -0.004548 -0.749297 -0.662219
vn -0.003881 -0.19081 -0.981619
vn -0.002292 -0.18982 -0.981816
vn -0.001075 -0.189275 -0.981924
vn -0.002121 -0.74459 -0.667518
vn -7e-06 -0.189129 -0.981952
vn -4e-06 -0.743043 -0.669243
vn 0.002114 -0.744627 -0.667477
vn 0.002845 -0.910651 -0.413166
vn 0.004542 -0.749367 -0.662139
vn 0.00609 -0.913702 -0.406338
vn 0.001062 -0.189371 -0.981905
vn 0.002277 -0.190014 -0.981779
vn 0.003861 -0.191106 -0.981562
vn 0.007749 -0.75732 -0.652998
vn 0.013247 -0.767975 -0.640342
vn 0.010333 -0.918683 -0.39486
vn 0.016956 -0.925272 -0.378924
vn 0.006658 -0.998752 -0.04949
vn 0.006028 -0.99688 -0.078702
vn 0.005251 -0.992408 -0.122874
vn 0.004396 -0.981966 -0.189006
vn 0.012882 -0.997008 -0.076219
vn 0.011231 -0.992808 -0.119186
vn 0.00941 -0.982894 -0.183932
vn 0.014218 -0.99875 -0.047915
vn 0.003713 -0.964416 -0.264363
vn 0.00796 -0.966082 -0.258112
vn 0.019048 -0.993401 -0.113098
vn 0.015983 -0.984348 -0.175509
vn 0.013563 -0.968759 -0.247633
vn 0.025977 -0.98613 -0.163932
vn 0.022256 -0.972218 -0.233017
vn 0.030828 -0.994016 -0.104792
vn 0.024037 -0.998683 -0.045328
vn 0.021811 -0.997156 -0.072139
vn -0.02571 -0.999283 -0.027813
vn -0.015217 -0.999452 -0.0294
vn -0.02684 -0.999523 -0.015254
vn -0.015889 -0.999744 -0.016125
vn -0.007129 -0.999513 -0.030364
vn -0 -0.999529 -0.030687
vn -0.007444 -0.999834 -0.016653
vn -0 -0.999858 -0.016829
vn -0.016226 -0.999855 -0.005153
vn -0.007602 -0.999957 -0.005322
vn -0 -0.999986 -0.005379
vn -0.007602 -0.999957 0.005322
vn -0 -0.999986 0.005379
vn -0.016226 -0.999855 0.005154
vn -0.02741 -0.999612 -0.004875
vn -0.02741 -0.999612 0.004875
vn 0.007129 -0.999513 -0.030364
vn 0.015217 -0.999452 -0.0294
vn 0.007444 -0.999834 -0.016653
vn 0.015889 -0.999744 -0.016125
vn 0.02571 -0.999283 -0.027813
vn 0.02684 -0.999523 -0.015254
vn 0.016226 -0.999855 -0.005154
vn 0.02741 -0.999612 -0.004875
vn 0.02741 -0.999612 0.004875
vn 0.016226 -0.999855 0.005154
vn 0.007602 -0.999957 -0.005322
vn 0.007602 -0.999957 0.005322
vn 0 -0.999858 0.016829
vn 0.007444 -0.999834 0.016653
vn 0.015889 -0.999744 0.016125
vn 0.007129 -0.999513 0.030364
vn 0.015217 -0.999452 0.0294
vn 0 -0.999529 0.030687
vn 0.02684 -0.999523 0.015254
vn 0.02571 -0.999282 0.027813
vn -0.02684 -0.999523 0.015254
vn -0.015889 -0.999744 0.016125
vn -0.02571 -0.999283 0.027813
vn -0.015217 -0.999452 0.0294
vn -0.007444 -0.999834 0.016653
vn -0.007129 -0.999513 0.030364
vn -0.055853 -0.994353 0.090237
vn -0.048064 -0.988478 0.143529
vn -0.099382 -0.991876 0.079403
vn -0.088751 -0.987434 0.130755
vn -0.042987 -0.977013 0.208801
vn -0.034999 -0.935065 0.352744
vn -0.083758 -0.97764 0.192885
vn -0.068605 -0.936058 0.345093
vn -0.178115 -0.976625 0.120327
vn -0.179557 -0.965742 0.187354
vn -0.18887 -0.979653 0.067885
vn -0.155547 -0.929326 0.334899
vn -0.10109 -0.761606 0.640107
vn -0.035635 -0.786149 0.617008
vn -0.271697 -0.733917 0.622532
vn -0.964544 -0.248113 0.089975
vn -0.970909 0.220465 0.093446
vn -0.496027 -0.865687 0.067409
vn -0.932868 -0.224049 0.282062
vn -0.495787 -0.852864 0.163762
vn -0.930011 0.220374 0.294133
vn -0.489579 -0.80652 0.331419
vn -0.815835 -0.188104 0.546837
vn -0.808763 0.20595 0.550897
vn 0.4959 -0.86576 0.067406
vn 0.49569 -0.852923 0.163748
vn 0.489545 -0.806547 0.331404
vn 0.271721 -0.733861 0.622588
vn 0.179543 -0.965742 0.18737
vn 0.178095 -0.976628 0.120336
vn 0.155543 -0.929314 0.334934
vn 0.188844 -0.979657 0.067889
vn 0.101102 -0.761492 0.640241
vn 0.035637 -0.786033 0.617157
vn 0.034997 -0.935042 0.352805
vn 0.068603 -0.936038 0.345147
vn 0.055851 -0.994353 0.090241
vn 0.099374 -0.991877 0.079407
vn 0.048062 -0.988477 0.14354
vn 0.088744 -0.987433 0.130765
vn 0.083753 -0.977637 0.192905
vn 0.042985 -0.977008 0.208825
vn -0.269357 0.962528 0.031421
vn -0.262842 0.960997 0.086014
vn -0.258203 0.9497 0.177205
vn -0.160259 0.915648 0.368654
vn -0.039468 0.998964 0.022649
vn -0.037451 0.998536 0.039037
vn -0.038543 0.995633 0.085029
vn -0.042174 0.999046 0.011372
vn -0.017337 0.930079 0.366951
vn -0.059182 0.93036 0.361838
vn -0.007954 0.995394 0.095544
vn -0.017425 0.995936 0.088364
vn -0.002557 0.999987 0.004335
vn -0.01324 0.99988 0.008025
vn -0.004937 0.999801 0.01935
vn -0.013491 0.999721 0.019376
vn -0.013387 0.999215 0.037291
vn -0.006045 0.999154 0.040671
vn 0.017433 0.930371 0.366206
vn 0.059291 0.930551 0.36133
vn 0.160643 0.915528 0.368786
vn 0.03879 0.995657 0.084628
vn 0.017568 0.995976 0.087884
vn 0.008031 0.995447 0.094983
vn 0.269902 0.96238 0.031277
vn 0.263248 0.960902 0.08584
vn 0.042502 0.999033 0.011244
vn 0.039755 0.998958 0.022415
vn 0.258214 0.949777 0.176773
vn 0.037699 0.99854 0.038694
vn 0.002642 0.999988 0.004167
vn 0.005011 0.999806 0.019047
vn 0.013431 0.999879 0.007888
vn 0.013658 0.999724 0.019117
vn 0.006112 0.999171 0.040244
vn 0.013537 0.999227 0.036915
vn -0.017433 0.930371 -0.366206
vn -0.059291 0.930551 -0.36133
vn -0.160642 0.915527 -0.368787
vn -0.03879 0.995657 -0.084629
vn -0.017568 0.995976 -0.087884
vn -0.008031 0.995446 -0.094983
vn -0.269902 0.96238 -0.031277
vn -0.263249 0.960901 -0.085841
vn -0.042501 0.999033 -0.011244
vn -0.039755 0.998958 -0.022415
vn -0.258214 0.949777 -0.176774
vn -0.037699 0.99854 -0.038694
vn -0.002642 0.999988 -0.004167
vn -0.005011 0.999806 -0.019047
vn -0.013431 0.999879 -0.007888
vn -0.013658 0.999724 -0.019117
vn -0.006112 0.999171 -0.040244
vn -0.013537 0.999227 -0.036915
vn 0.269356 0.962528 -0.031421
vn 0.262841 0.960998 -0.086013
vn 0.258202 0.949701 -0.177203
vn 0.160257 0.91565 -0.36865
vn 0.039468 0.998964 -0.022648
vn 0.037451 0.998536 -0.039037
vn 0.038543 0.995633 -0.085029
vn 0.042174 0.999046 -0.011372
vn 0.017337 0.930079 -0.36695
vn 0.059182 0.930361 -0.361836
vn 0.007954 0.995393 -0.095544
vn 0.017424 0.995936 -0.088364
vn 0.002557 0.999987 -0.004335
vn 0.01324 0.99988 -0.008025
vn 0.004937 0.999801 -0.01935
vn 0.013491 0.999721 -0.019376
vn 0.013387 0.999215 -0.037291
vn 0.006045 0.999154 -0.040671
vn -0.4959 -0.865759 -0.067406
vn -0.495689 -0.852923 -0.163748
vn -0.489546 -0.806546 -0.331403
vn -0.27172 -0.733861 -0.622588
vn -0.179544 -0.965742 -0.18737
vn -0.178095 -0.976628 -0.120336
vn -0.155543 -0.929313 -0.334937
vn -0.188844 -0.979658 -0.067889
vn -0.101102 -0.761491 -0.640242
vn -0.035637 -0.786032 -0.617158
vn -0.034997 -0.935042 -0.352806
vn -0.068603 -0.936037 -0.345148
vn -0.055851 -0.994353 -0.09024
vn -0.099374 -0.991877 -0.079407
vn -0.048062 -0.988477 -0.14354
vn -0.088744 -0.987433 -0.130765
vn -0.083753 -0.977636 -0.192906
vn -0.042985 -0.977008 -0.208825
vn 0.055853 -0.994353 -0.090237
vn 0.048064 -0.988478 -0.14353
vn 0.099382 -0.991876 -0.079403
vn 0.088751 -0.987434 -0.130755
vn 0.042987 -0.977013 -0.208801
vn 0.034998 -0.935065 -0.352746
vn 0.083758 -0.97764 -0.192885
vn 0.068605 -0.936057 -0.345094
vn 0.178115 -0.976625 -0.120327
vn 0.179557 -0.965742 -0.187354
vn 0.188871 -0.979653 -0.067885
vn 0.155547 -0.929326 -0.3349
vn 0.101089 -0.761605 -0.640109
vn 0.035635 -0.786148 -0.61701
vn 0.271697 -0.733916 -0.622534
vn 0.496025 -0.865688 -0.067409
vn 0.495786 -0.852865 -0.163761
vn 0.489579 -0.806519 -0.33142
vn 0.029064 0.998362 -0.049285
vn 0.036508 0.998206 -0.047456
vn 0.034212 0.997321 -0.064655
vn 0.043563 0.997311 -0.058926
vn 0.051801 0.996115 -0.071215
vn 0.041716 0.995826 -0.081179
vn 0.067734 0.993023 -0.096528
vn 0.05586 0.991945 -0.113688
vn 0.028081 0.995635 -0.089005
vn 0.0232 0.997387 -0.068424
vn 0.038336 0.990672 -0.130763
vn 0.020216 0.998491 -0.051051
vn 0.093185 0.986016 -0.138165
vn 0.078149 0.983053 -0.165831
vn 0.054831 0.978963 -0.196533
vn 0.019602 0.989836 -0.140855
vn 0.014377 0.995525 -0.093394
vn 0.028316 0.975942 -0.216182
vn 0 0.974832 -0.222939
vn -0 0.989544 -0.14423
vn -0 0.995489 -0.094881
vn 0.010506 0.998572 -0.052385
vn 0.012 0.997409 -0.070937
vn -0 0.997417 -0.071829
vn -0 0.998602 -0.052866
vn 0.132821 0.969449 -0.206221
vn 0.112733 0.961505 -0.250598
vn 0.080187 0.949993 -0.301798
vn 0.04174 0.941063 -0.335646
vn 0 0.937687 -0.347481
vn -0.028316 0.975942 -0.216182
vn -0.04174 0.941063 -0.335646
vn -0.054831 0.978963 -0.196533
vn -0.080187 0.949994 -0.301798
vn -0.078149 0.983053 -0.165831
vn -0.112733 0.961505 -0.250598
vn -0.093185 0.986016 -0.138165
vn -0.132821 0.969449 -0.206221
vn -0.010506 0.998572 -0.052385
vn -0.012 0.997409 -0.070937
vn -0.014377 0.995525 -0.093394
vn -0.019602 0.989836 -0.140855
vn -0.0232 0.997387 -0.068424
vn -0.028081 0.995635 -0.089005
vn -0.038336 0.990672 -0.130763
vn -0.020216 0.998491 -0.051051
vn -0.041716 0.995826 -0.081179
vn -0.05586 0.991945 -0.113688
vn -0.067734 0.993023 -0.096528
vn -0.051801 0.996115 -0.071215
vn -0.029064 0.998362 -0.049285
vn -0.034212 0.997321 -0.064655
vn -0.043563 0.997311 -0.058926
vn -0.036508 0.998206 -0.047456
vn 0.149544 0.978325 -0.143236
vn 0.106102 0.989581 -0.097327
vn 0.157237 0.982038 -0.104301
vn 0.112385 0.991092 -0.07146
vn 0.162041 0.98503 -0.058815
vn 0.116588 0.992348 -0.040664
vn 0.163799 0.986311 -0.018983
vn 0.118278 0.992893 -0.013202
vn 0.163799 0.986311 0.018983
vn 0.118278 0.992893 0.013202
vn 0.078409 0.994479 -0.069738
vn 0.083375 0.995184 -0.051546
vn 0.059833 0.996837 -0.052314
vn 0.062732 0.997286 -0.038544
vn 0.086806 0.995782 -0.029719
vn 0.049681 0.997817 -0.0435
vn 0.036524 0.998671 -0.036366
vn 0.051084 0.998176 -0.032178
vn 0.036954 0.998942 -0.027358
vn 0.052086 0.998456 -0.019292
vn 0.03734 0.999164 -0.016615
vn 0.064458 0.997665 -0.022585
vn 0.065245 0.997841 -0.007524
vn 0.088249 0.996051 -0.009753
vn 0.052626 0.998593 -0.006501
vn 0.037533 0.99928 -0.00562
vn 0.052626 0.998593 0.006501
vn 0.037533 0.99928 0.00562
vn 0.065245 0.997841 0.007524
vn 0.088249 0.996051 0.009753
vn 0.116588 0.992348 0.040664
vn 0.086806 0.995782 0.029719
vn 0.064458 0.997665 0.022585
vn 0.112385 0.991092 0.07146
vn 0.083375 0.995184 0.051546
vn 0.03734 0.999164 0.016615
vn 0.052086 0.998456 0.019292
vn 0.036954 0.998942 0.027358
vn 0.051084 0.998176 0.032178
vn 0.062732 0.997286 0.038544
vn 0.059833 0.996837 0.052314
vn 0.078409 0.994479 0.069738
vn 0.036524 0.998671 0.036366
vn 0.049681 0.997817 0.0435
vn 0.036508 0.998206 0.047456
vn 0.043563 0.997311 0.058925
vn 0.051801 0.996115 0.071215
vn 0.067734 0.993023 0.096528
vn 0.106102 0.989581 0.097327
vn 0.093185 0.986016 0.138165
vn 0.162041 0.98503 0.058815
vn 0.157237 0.982038 0.104301
vn 0.149544 0.978325 0.143236
vn 0.132821 0.969449 0.206221
vn -0.049681 0.997817 -0.0435
vn -0.036524 0.998671 -0.036366
vn -0.059833 0.996837 -0.052315
vn -0.036954 0.998942 -0.027358
vn -0.051084 0.998176 -0.032178
vn -0.078409 0.994479 -0.069738
vn -0.062732 0.997286 -0.038544
vn -0.083375 0.995184 -0.051546
vn -0.052086 0.998456 -0.019292
vn -0.064459 0.997665 -0.022585
vn -0.03734 0.999164 -0.016615
vn -0.106102 0.989581 -0.097327
vn -0.112385 0.991092 -0.07146
vn -0.086806 0.995782 -0.029719
vn -0.116588 0.992348 -0.040664
vn -0.088249 0.996051 -0.009753
vn -0.065246 0.997841 -0.007524
vn -0.118278 0.992893 -0.013202
vn -0.088249 0.996051 0.009753
vn -0.118278 0.992893 0.013202
vn -0.037533 0.99928 -0.00562
vn -0.052626 0.998593 -0.006501
vn -0.065246 0.997841 0.007524
vn -0.052626 0.998593 0.006501
vn -0.037533 0.99928 0.00562
vn -0.149544 0.978325 -0.143236
vn -0.157237 0.982038 -0.104301
vn -0.162041 0.98503 -0.058815
vn -0.163799 0.986311 -0.018983
vn -0.163799 0.986311 0.018983
vn -0.116588 0.992348 0.040664
vn -0.162041 0.98503 0.058815
vn -0.112385 0.991092 0.07146
vn -0.157237 0.982038 0.104301
vn -0.106102 0.989581 0.097327
vn -0.149544 0.978325 0.143236
vn -0.132821 0.969449 0.206222
vn -0.093186 0.986016 0.138165
vn -0.03734 0.999164 0.016615
vn -0.052086 0.998456 0.019292
vn -0.064459 0.997665 0.022585
vn -0.086806 0.995782 0.029719
vn -0.051084 0.998176 0.032178
vn -0.062732 0.997286 0.038544
vn -0.036954 0.998942 0.027358
vn -0.083375 0.995184 0.051546
vn -0.078409 0.994479 0.069738
vn -0.059833 0.996837 0.052314
vn -0.067734 0.993023 0.096528
vn -0.051801 0.996115 0.071215
vn -0.036524 0.998671 0.036366
vn -0.049681 0.997817 0.0435
vn -0.043563 0.997311 0.058926
vn -0.036508 0.998206 0.047456
vn -0.029064 0.998362 0.049285
vn -0.034212 0.997321 0.064655
vn -0.041716 0.995826 0.081179
vn -0.05586 0.991945 0.113688
vn -0.028081 0.995635 0.089005
vn -0.0232 0.997387 0.068424
vn -0.038336 0.990672 0.130763
vn -0.020216 0.998491 0.051051
vn -0.078149 0.983053 0.165831
vn -0.054831 0.978963 0.196534
vn -0.019602 0.989836 0.140855
vn -0.014377 0.995525 0.093395
vn -0.028316 0.975942 0.216182
vn -0 0.974832 0.222939
vn -0 0.989544 0.14423
vn -0 0.995489 0.094881
vn -0.010506 0.998572 0.052385
vn -0.012 0.997409 0.070937
vn 0 0.997417 0.071829
vn 0 0.998602 0.052865
vn -0.112733 0.961505 0.250599
vn -0.080187 0.949993 0.301798
vn -0.04174 0.941063 0.335646
vn -0 0.937687 0.347481
vn 0.028316 0.975942 0.216182
vn 0.04174 0.941063 0.335646
vn 0.054831 0.978963 0.196533
vn 0.080187 0.949994 0.301798
vn 0.078149 0.983053 0.165831
vn 0.112733 0.961505 0.250598
vn 0.010506 0.998572 0.052385
vn 0.012 0.997409 0.070937
vn 0.014377 0.995525 0.093395
vn 0.019602 0.989836 0.140855
vn 0.0232 0.997387 0.068424
vn 0.028081 0.995635 0.089005
vn 0.038336 0.990672 0.130763
vn 0.020216 0.998491 0.051051
vn 0.041716 0.995826 0.081179
vn 0.05586 0.991945 0.113688
vn 0.029064 0.998362 0.049285
vn 0.034212 0.997321 0.064655
vn 0.027811 0.998948 -0.036466
vn 0.027806 0.999261 -0.026531
vn 0.018593 0.999128 -0.037391
vn 0.01794 0.999483 -0.026684
vn 0.02801 0.999485 -0.015688
vn 0.017684 0.999727 -0.015243
vn 0.009529 0.999232 -0.038
vn 0.008996 0.999597 -0.026937
vn 0 0.99927 -0.038214
vn -0 0.999635 -0.027034
vn 0.008659 0.999848 -0.015113
vn 0 0.999886 -0.015083
vn 0.017596 0.999833 -0.005014
vn 0.008513 0.999952 -0.004899
vn 0 0.999988 -0.004863
vn 0.008513 0.999952 0.004899
vn 0 0.999988 0.004863
vn 0.017596 0.999833 0.005014
vn 0.02808 0.999592 -0.005256
vn 0.02808 0.999592 0.005256
vn -0.009529 0.999232 -0.038
vn -0.008996 0.999597 -0.026937
vn -0.018593 0.999128 -0.037391
vn -0.01794 0.999483 -0.026684
vn -0.008659 0.999848 -0.015113
vn -0.017684 0.999727 -0.015243
vn -0.027811 0.998948 -0.036466
vn -0.027806 0.999261 -0.026531
vn -0.02801 0.999485 -0.015688
vn -0.017596 0.999833 -0.005014
vn -0.02808 0.999592 -0.005256
vn -0.02808 0.999592 0.005256
vn -0.017596 0.999833 0.005014
vn -0.008513 0.999952 -0.004899
vn -0.008513 0.999952 0.004899
vn 0 0.999886 0.015083
vn -0.008659 0.999848 0.015113
vn -0.017684 0.999727 0.015243
vn -0.008996 0.999597 0.026937
vn -0.01794 0.999483 0.026684
vn 0 0.999634 0.027034
vn -0.02801 0.999485 0.015688
vn -0.027806 0.999261 0.026531
vn -0.018593 0.999128 0.037391
vn -0.027811 0.998948 0.036466
vn 0 0.99927 0.038214
vn -0.009529 0.999232 0.038
vn 0.02801 0.999485 0.015688
vn 0.017684 0.999728 0.015243
vn 0.027806 0.999261 0.026531
vn 0.01794 0.999483 0.026684
vn 0.008659 0.999848 0.015113
vn 0.008996 0.999597 0.026937
vn 0.018593 0.999128 0.037391
vn 0.009529 0.999232 0.038
vn 0.027811 0.998948 0.036466
vn 0.050666 0.995001 -0.086058
vn 0.044308 0.992349 -0.115238
vn 0.034768 0.98608 -0.162593
vn 0.089858 0.971838 -0.217845
vn 0.064896 0.95977 -0.273187
vn 0.107648 0.978242 -0.177355
vn 0.020083 0.977913 -0.208046
vn -3e-06 0.973562 -0.228422
vn 0.035101 0.946459 -0.320909
vn -1e-06 0.940237 -0.340522
vn -0.020092 0.977904 -0.208085
vn -0.03478 0.986072 -0.162645
vn -0.064899 0.959766 -0.273199
vn -0.035103 0.946456 -0.320918
vn -0.044316 0.992345 -0.115275
vn -0.050666 0.994999 -0.086076
vn -0.107651 0.978241 -0.177359
vn -0.089862 0.971835 -0.217854
vn -0.046602 0.918898 -0.391732
vn -0 0.913496 -0.406847
vn -0.089472 0.9323 -0.350444
vn -0.126777 0.948097 -0.291615
vn -0.150816 0.958641 -0.241374
vn 0.126776 0.948098 -0.291614
vn 0.150815 0.958642 -0.241373
vn 0.089471 0.932301 -0.350442
vn 0.046602 0.918899 -0.391732
vn -0.073991 0.994989 -0.067245
vn -0.09908 0.993296 -0.059544
vn -0.139142 0.989305 -0.043753
vn -0.165571 0.980149 -0.109063
vn -0.199621 0.977337 -0.07045
vn -0.139689 0.9808 -0.136084
vn -0.170723 0.985177 -0.016738
vn -0.170737 0.985174 0.016748
vn -0.222258 0.974674 -0.024754
vn -0.22226 0.974673 0.024756
vn -0.139174 0.9893 0.043768
vn -0.09911 0.993293 0.059558
vn -0.165574 0.980148 0.109065
vn -0.199624 0.977336 0.070452
vn -0.074009 0.994987 0.067251
vn -0.050666 0.995001 0.086058
vn -0.139689 0.9808 0.136084
vn -0.107648 0.978242 0.177355
vn -0.208888 0.977633 -0.024469
vn -0.208888 0.977633 0.024469
vn -0.202811 0.976369 0.074636
vn -0.190619 0.973178 0.1288
vn -0.17689 0.9688 0.1736
vn -0.150815 0.958642 0.241373
vn -0.176891 0.9688 -0.1736
vn -0.190619 0.973178 -0.1288
vn -0.202811 0.976369 -0.074636
vn -0.044308 0.992349 0.115238
vn -0.034768 0.986081 0.162593
vn -0.089859 0.971838 0.217845
vn -0.064896 0.959769 0.273187
vn -0.020083 0.977913 0.208046
vn 3e-06 0.973562 0.228422
vn -0.035101 0.946459 0.32091
vn 1e-06 0.940236 0.340522
vn 0.020092 0.977904 0.208086
vn 0.03478 0.986071 0.162645
vn 0.0649 0.959766 0.2732
vn 0.035103 0.946456 0.320919
vn 0.044316 0.992344 0.115275
vn 0.050667 0.994999 0.086076
vn 0.107651 0.978241 0.17736
vn 0.089863 0.971835 0.217855
vn 0.046603 0.918898 0.391733
vn 0 0.913496 0.406848
vn 0.089472 0.9323 0.350444
vn 0.126777 0.948097 0.291615
vn 0.150816 0.958641 0.241374
vn -0.126776 0.948098 0.291614
vn -0.089471 0.932301 0.350442
vn -0.046602 0.918898 0.391732
vn 0.073991 0.994989 0.067245
vn 0.09908 0.993296 0.059544
vn 0.139143 0.989305 0.043753
vn 0.165572 0.980149 0.109063
vn 0.199621 0.977337 0.07045
vn 0.13969 0.9808 0.136084
vn 0.170723 0.985177 0.016738
vn 0.170738 0.985174 -0.016748
vn 0.222258 0.974674 0.024754
vn 0.22226 0.974673 -0.024756
vn 0.139175 0.9893 -0.043768
vn 0.09911 0.993293 -0.059558
vn 0.165574 0.980148 -0.109065
vn 0.199624 0.977336 -0.070452
vn 0.074009 0.994987 -0.067251
vn 0.13969 0.9808 -0.136084
vn 0.208888 0.977633 0.024469
vn 0.208888 0.977633 -0.024469
vn 0.202811 0.97637 -0.074636
vn 0.190619 0.973178 -0.1288
vn 0.17689 0.9688 -0.1736
vn 0.176891 0.9688 0.173601
vn 0.19062 0.973178 0.1288
vn 0.202811 0.976369 0.074636
vt 0.800407 0.498919
vt 0.826604 0.498986
vt 0.800361 0.531959
vt 0.826576 0.531945
vt 0.768558 0.498815
vt 0.768455 0.531912
vt 0.800435 0.566839
vt 0.826715 0.566675
vt 0.768403 0.56689
vt 0.732489 0.531749
vt 0.732292 0.566756
vt 0.732676 0.498642
vt 0.800588 0.587573
vt 0.826978 0.587241
vt 0.768418 0.587713
vt 0.732183 0.587612
vt 0.693537 0.587268
vt 0.693771 0.56642
vt 0.654524 0.56588
vt 0.654166 0.586664
vt 0.694407 0.498374
vt 0.694122 0.531445
vt 0.655019 0.531001
vt 0.655395 0.498006
vt 0.827163 0.595101
vt 0.800696 0.59554
vt 0.768447 0.595741
vt 0.500676 0.732884
vt 0.500676 0.696396
vt 0.507937 0.732884
vt 0.507937 0.696396
vt 0.500676 0.769232
vt 0.507937 0.769232
vt 0.73215 0.595672
vt 0.507937 0.662804
vt 0.500676 0.662804
vt 0.525026 0.732884
vt 0.525026 0.696396
vt 0.525026 0.769232
vt 0.507937 0.806038
vt 0.525026 0.806038
vt 0.507937 0.841619
vt 0.525026 0.841619
vt 0.693444 0.595336
vt 0.500676 0.806038
vt 0.500676 0.841619
vt 0.654012 0.594704
vt 0.615776 0.585854
vt 0.615573 0.593832
vt 0.500676 0.874672
vt 0.507937 0.874672
vt 0.500676 0.904113
vt 0.507937 0.904113
vt 0.580004 0.584962
vt 0.57977 0.592866
vt 0.525026 0.874672
vt 0.525026 0.904113
vt 0.507937 0.929306
vt 0.525026 0.929306
vt 0.500676 0.929306
vt 0.500676 0.950007
vt 0.507937 0.950007
vt 0.548372 0.584093
vt 0.548105 0.591918
vt 0.522422 0.583285
vt 0.522111 0.591017
vt 0.6173 0.497564
vt 0.616845 0.530449
vt 0.616229 0.565187
vt 0.581208 0.529855
vt 0.580516 0.564428
vt 0.581717 0.497091
vt 0.548939 0.563687
vt 0.523045 0.563027
vt 0.550223 0.496643
vt 0.549684 0.52928
vt 0.523819 0.528786
vt 0.524361 0.496267
vt 0.898785 0.487938
vt 0.915447 0.487938
vt 0.898785 0.521488
vt 0.915447 0.521488
vt 0.898785 0.446872
vt 0.915447 0.446872
vt 0.892779 0.521488
vt 0.892779 0.487938
vt 0.882188 0.49929
vt 0.876376 0.499208
vt 0.882578 0.457654
vt 0.876686 0.457575
vt 0.877174 0.408954
vt 0.883142 0.40904
vt 0.892779 0.446872
vt 0.892779 0.398771
vt 0.898785 0.398771
vt 0.877819 0.35545
vt 0.883872 0.355533
vt 0.878461 0.299057
vt 0.884605 0.299018
vt 0.892779 0.344679
vt 0.898785 0.344679
vt 0.915447 0.398771
vt 0.915447 0.344679
vt 0.872403 0.499173
vt 0.872681 0.457535
vt 0.86176 0.499102
vt 0.861977 0.457447
vt 0.846776 0.499042
vt 0.846948 0.45735
vt 0.873131 0.408908
vt 0.862358 0.408798
vt 0.84726 0.408673
vt 0.826744 0.457245
vt 0.800539 0.45713
vt 0.82699 0.408541
vt 0.800734 0.408411
vt 0.86285 0.355293
vt 0.847634 0.355178
vt 0.82725 0.35507
vt 0.800897 0.354984
vt 0.84782 0.298989
vt 0.82729 0.299016
vt 0.80084 0.299091
vt 0.863216 0.299
vt 0.873728 0.355404
vt 0.874282 0.299035
vt 0.873097 0.241806
vt 0.87719 0.241681
vt 0.862214 0.242096
vt 0.847001 0.242425
vt 0.861011 0.188575
vt 0.871771 0.188306
vt 0.845939 0.188915
vt 0.875809 0.188197
vt 0.826633 0.242774
vt 0.800313 0.243128
vt 0.82572 0.189316
vt 0.799549 0.189761
vt 0.844912 0.140353
vt 0.85989 0.140013
vt 0.8248 0.140765
vt 0.798747 0.14124
vt 0.823982 0.099268
vt 0.844 0.09884
vt 0.798028 0.099754
vt 0.858894 0.098481
vt 0.870569 0.139746
vt 0.874567 0.139637
vt 0.869493 0.098188
vt 0.87345 0.098065
vt 0.898785 0.286925
vt 0.915447 0.286925
vt 0.898785 0.228261
vt 0.915447 0.228261
vt 0.892779 0.286925
vt 0.883297 0.24153
vt 0.881773 0.188021
vt 0.892779 0.228261
vt 0.892779 0.172113
vt 0.898785 0.172113
vt 0.880452 0.139456
vt 0.879247 0.097856
vt 0.892779 0.121893
vt 0.898785 0.121893
vt 0.915447 0.172113
vt 0.915447 0.121893
vt 0.525026 0.662804
vt 0.915447 0.591255
vt 0.898785 0.591255
vt 0.915447 0.574936
vt 0.898785 0.574936
vt 0.915447 0.547505
vt 0.898785 0.547505
vt 0.476666 0.889673
vt 0.492958 0.889673
vt 0.476666 0.921802
vt 0.492958 0.921802
vt 0.476666 0.948106
vt 0.469381 0.948106
vt 0.469381 0.921802
vt 0.469381 0.889673
vt 0.476666 0.852835
vt 0.469381 0.852835
vt 0.492958 0.852835
vt 0.822433 0.004553
vt 0.822468 0.012224
vt 0.796692 0.004745
vt 0.79673 0.012502
vt 0.765321 0.004968
vt 0.765369 0.0128
vt 0.729884 0.005252
vt 0.729949 0.013139
vt 0.691982 0.005632
vt 0.69207 0.013548
vt 0.653248 0.006109
vt 0.653362 0.014031
vt 0.476666 0.813599
vt 0.492958 0.813599
vt 0.469381 0.813599
vt 0.476666 0.773869
vt 0.469381 0.773869
vt 0.492958 0.773869
vt 0.79695 0.032771
vt 0.765574 0.033173
vt 0.822725 0.032385
vt 0.797467 0.067083
vt 0.766029 0.067566
vt 0.730163 0.033592
vt 0.823333 0.066621
vt 0.766517 0.100265
vt 0.730591 0.06805
vt 0.731032 0.100767
vt 0.69275 0.068536
vt 0.692314 0.034045
vt 0.693169 0.101256
vt 0.654112 0.06903
vt 0.65453 0.101733
vt 0.653647 0.034539
vt 0.615433 0.014604
vt 0.615779 0.035082
vt 0.616296 0.069536
vt 0.579945 0.015262
vt 0.580345 0.035667
vt 0.616731 0.102199
vt 0.580911 0.07004
vt 0.581364 0.102643
vt 0.549549 0.070511
vt 0.548949 0.036241
vt 0.550011 0.103039
vt 0.524227 0.103361
vt 0.523773 0.070907
vt 0.523162 0.036749
vt 0.548503 0.015933
vt 0.522677 0.016554
vt 0.476666 0.735227
vt 0.492958 0.735227
vt 0.469381 0.735227
vt 0.476666 0.69924
vt 0.469381 0.69924
vt 0.492958 0.69924
vt 0.615284 0.006702
vt 0.579762 0.00741
vt 0.548288 0.008149
vt 0.522426 0.008852
vt 0.476666 0.667549
vt 0.492958 0.667549
vt 0.469381 0.667549
vt 0.476666 0.641679
vt 0.469381 0.641679
vt 0.915447 0.080887
vt 0.898785 0.080887
vt 0.915447 0.037443
vt 0.898785 0.037443
vt 0.915447 0.011533
vt 0.898785 0.011533
vt 0.915447 0.004685
vt 0.898785 0.004685
vt 0.492958 0.996032
vt 0.476666 0.996032
vt 0.492958 0.984063
vt 0.476666 0.984063
vt 0.492958 0.968723
vt 0.476666 0.968723
vt 0.492958 0.948106
vt 0.065533 0.606095
vt 0.064945 0.601291
vt 0.091679 0.606277
vt 0.091041 0.601925
vt 0.123437 0.60643
vt 0.12289 0.602549
vt 0.159213 0.606571
vt 0.158852 0.603075
vt 0.089976 0.597649
vt 0.063887 0.596187
vt 0.122004 0.599146
vt 0.15827 0.60042
vt 0.197282 0.603391
vt 0.19708 0.601191
vt 0.236544 0.603359
vt 0.236746 0.601159
vt 0.197408 0.606664
vt 0.236418 0.606635
vt 0.11963 0.590387
vt 0.08695 0.586101
vt 0.060795 0.582087
vt 0.116533 0.57688
vt 0.08175 0.565514
vt 0.156804 0.593948
vt 0.054932 0.555456
vt 0.047815 0.524758
vt 0.05985 0.530842
vt 0.078726 0.546989
vt 0.115815 0.56714
vt 0.155367 0.585218
vt 0.155168 0.579054
vt 0.196174 0.589362
vt 0.196584 0.596
vt 0.196145 0.584682
vt 0.237643 0.589323
vt 0.237666 0.584642
vt 0.237239 0.595964
vt 0.275585 0.600315
vt 0.277046 0.593833
vt 0.27847 0.585091
vt 0.3119 0.598955
vt 0.314259 0.590175
vt 0.278657 0.578921
vt 0.317328 0.57664
vt 0.31802 0.566886
vt 0.35212 0.565138
vt 0.346983 0.585777
vt 0.355077 0.546581
vt 0.385912 0.524204
vt 0.378931 0.554952
vt 0.373902 0.53034
vt 0.373174 0.581653
vt 0.343984 0.597358
vt 0.370128 0.595797
vt 0.274644 0.606476
vt 0.275004 0.602975
vt 0.310474 0.606257
vt 0.311017 0.602366
vt 0.342929 0.601647
vt 0.369084 0.600918
vt 0.342299 0.606012
vt 0.36851 0.605738
vt 0.040394 0.477805
vt 0.035746 0.477247
vt 0.032295 0.517131
vt 0.026333 0.47347
vt 0.022035 0.512083
vt 0.018715 0.469509
vt 0.026345 0.422875
vt 0.020628 0.421305
vt 0.015529 0.419077
vt 0.029164 0.42296
vt 0.015174 0.508723
vt 0.013313 0.466598
vt 0.012729 0.507548
vt 0.011313 0.465521
vt 0.011524 0.41708
vt 0.009953 0.416273
vt 0.016816 0.364577
vt 0.013172 0.363626
vt 0.010107 0.362621
vt 0.008858 0.36219
vt 0.012209 0.305677
vt 0.009484 0.305677
vt 0.008364 0.305678
vt 0.015418 0.305675
vt 0.022782 0.365114
vt 0.020776 0.365122
vt 0.018905 0.305674
vt 0.02069 0.305672
vt 0.009276 0.505971
vt 0.008455 0.464071
vt 0.005316 0.504956
vt 0.004893 0.463142
vt 0.007666 0.415185
vt 0.004372 0.414483
vt 0.006998 0.36161
vt 0.003896 0.361235
vt 0.006674 0.305678
vt 0.003647 0.305678
vt 0.006862 0.249706
vt 0.008723 0.249125
vt 0.003758 0.250083
vt 0.004143 0.196729
vt 0.007442 0.196027
vt 0.009733 0.194939
vt 0.008219 0.147015
vt 0.011082 0.145569
vt 0.004651 0.147937
vt 0.005187 0.106052
vt 0.009038 0.105076
vt 0.012497 0.103501
vt 0.022658 0.246189
vt 0.02065 0.246183
vt 0.016685 0.246731
vt 0.01304 0.247685
vt 0.020424 0.189899
vt 0.026151 0.188326
vt 0.015318 0.192131
vt 0.028974 0.188241
vt 0.009972 0.248694
vt 0.011306 0.19413
vt 0.018496 0.141587
vt 0.026126 0.137628
vt 0.013085 0.144494
vt 0.014947 0.102326
vt 0.021822 0.098966
vt 0.032103 0.093913
vt 0.040211 0.133299
vt 0.035555 0.133855
vt 0.047657 0.086278
vt 0.059719 0.080189
vt 0.054812 0.055511
vt 0.081718 0.045457
vt 0.078658 0.064023
vt 0.115861 0.043897
vt 0.116608 0.034142
vt 0.060729 0.028799
vt 0.08698 0.024825
vt 0.119757 0.020617
vt 0.155523 0.025912
vt 0.156999 0.01718
vt 0.1553 0.03208
vt 0.063865 0.014652
vt 0.090052 0.013249
vt 0.122171 0.011848
vt 0.158498 0.010709
vt 0.196793 0.015286
vt 0.197316 0.010101
vt 0.23739 0.015487
vt 0.236925 0.010303
vt 0.196301 0.026595
vt 0.19635 0.021919
vt 0.237761 0.022116
vt 0.237764 0.026787
vt 0.091135 0.008963
vt 0.064942 0.009531
vt 0.123075 0.008441
vt 0.091793 0.004597
vt 0.123642 0.004552
vt 0.159095 0.008054
vt 0.159476 0.004556
vt 0.065547 0.004708
vt 0.197531 0.007904
vt 0.197677 0.004633
vt 0.236736 0.008106
vt 0.236631 0.004838
vt 0.275645 0.011298
vt 0.27508 0.008646
vt 0.27474 0.005158
vt 0.310935 0.009381
vt 0.310413 0.005509
vt 0.311799 0.012778
vt 0.342668 0.010193
vt 0.342059 0.005854
vt 0.368651 0.010986
vt 0.368096 0.006199
vt 0.343702 0.014459
vt 0.369673 0.016074
vt 0.27862 0.032626
vt 0.278455 0.026477
vt 0.277071 0.017762
vt 0.317127 0.035002
vt 0.314114 0.021523
vt 0.317791 0.044712
vt 0.34665 0.025979
vt 0.372666 0.030127
vt 0.354637 0.064964
vt 0.351716 0.046508
vt 0.378356 0.056658
vt 0.385296 0.087218
vt 0.373346 0.081122
vt 0.428536 0.462499
vt 0.428188 0.504272
vt 0.424982 0.463432
vt 0.424352 0.505264
vt 0.428858 0.413849
vt 0.425571 0.41456
vt 0.420909 0.506851
vt 0.422132 0.464886
vt 0.423291 0.415653
vt 0.424138 0.361639
vt 0.425991 0.361056
vt 0.424384 0.305294
vt 0.426067 0.305292
vt 0.429083 0.360673
vt 0.429082 0.305286
vt 0.418471 0.508034
vt 0.420139 0.465967
vt 0.411629 0.511418
vt 0.414754 0.468888
vt 0.401397 0.51651
vt 0.40716 0.472868
vt 0.417733 0.418471
vt 0.421726 0.416464
vt 0.412649 0.420714
vt 0.397769 0.476672
vt 0.393127 0.477246
vt 0.406943 0.422301
vt 0.404128 0.422395
vt 0.416208 0.364045
vt 0.419839 0.363085
vt 0.412258 0.364601
vt 0.410256 0.3646
vt 0.413883 0.305314
vt 0.417357 0.305307
vt 0.412105 0.305317
vt 0.420553 0.305301
vt 0.422893 0.362072
vt 0.423269 0.305296
vt 0.423841 0.249013
vt 0.422597 0.248585
vt 0.419544 0.247585
vt 0.415915 0.246639
vt 0.421189 0.194363
vt 0.417203 0.192375
vt 0.412129 0.190155
vt 0.422752 0.195167
vt 0.411971 0.246098
vt 0.409974 0.246107
vt 0.406438 0.18859
vt 0.403632 0.188504
vt 0.414075 0.142193
vt 0.406508 0.138249
vt 0.397153 0.134481
vt 0.392531 0.133918
vt 0.4007 0.094856
vt 0.410879 0.099906
vt 0.421428 0.14616
vt 0.419442 0.145089
vt 0.417686 0.103262
vt 0.420112 0.104434
vt 0.428781 0.249962
vt 0.425694 0.24959
vt 0.428307 0.19695
vt 0.425028 0.19625
vt 0.424268 0.147601
vt 0.423537 0.106008
vt 0.427809 0.148524
vt 0.427353 0.10699
vt 0.525026 0.966015
vt 0.507937 0.966015
vt 0.525026 0.950007
vt 0.525026 0.977924
vt 0.507937 0.977924
vt 0.525026 0.987143
vt 0.507937 0.987143
vt 0.460601 0.0095
vt 0.444442 0.0095
vt 0.460601 0.003968
vt 0.444442 0.003968
vt 0.460601 0.030431
vt 0.444442 0.030431
vt 0.460601 0.065451
vt 0.444442 0.065451
vt 0.460601 0.09866
vt 0.444442 0.09866
vt 0.460601 0.539663
vt 0.444442 0.539663
vt 0.460601 0.506874
vt 0.444442 0.506874
vt 0.460601 0.573597
vt 0.444442 0.573597
vt 0.460601 0.593594
vt 0.444442 0.593594
vt 0.460601 0.598868
vt 0.444442 0.598868
vt 0.492958 0.595235
vt 0.492958 0.606903
vt 0.476666 0.595235
vt 0.476666 0.606903
vt 0.492958 0.621765
vt 0.476666 0.621765
vt 0.492958 0.641679
vt 0.524881 0.455076
vt 0.550744 0.455346
vt 0.504468 0.495983
vt 0.504963 0.454872
vt 0.4897 0.495792
vt 0.490155 0.454733
vt 0.505364 0.40693
vt 0.525294 0.40706
vt 0.490532 0.40684
vt 0.551159 0.407232
vt 0.479213 0.495682
vt 0.479612 0.454649
vt 0.475302 0.495652
vt 0.475666 0.454624
vt 0.479954 0.406786
vt 0.475986 0.406767
vt 0.490772 0.354414
vt 0.505611 0.354454
vt 0.480179 0.354389
vt 0.476198 0.354382
vt 0.480224 0.299737
vt 0.490823 0.299731
vt 0.47624 0.299738
vt 0.505661 0.299723
vt 0.52554 0.354512
vt 0.551394 0.354585
vt 0.525584 0.29971
vt 0.551428 0.299691
vt 0.469575 0.495637
vt 0.469862 0.454607
vt 0.470128 0.406754
vt 0.444442 0.141022
vt 0.438087 0.09866
vt 0.438087 0.141022
vt 0.444442 0.19149
vt 0.438087 0.19149
vt 0.444442 0.246955
vt 0.438087 0.246955
vt 0.444442 0.304472
vt 0.438087 0.304472
vt 0.470309 0.354376
vt 0.47034 0.299742
vt 0.470249 0.24512
vt 0.476136 0.245107
vt 0.470025 0.192769
vt 0.475881 0.19275
vt 0.444442 0.361491
vt 0.438087 0.361491
vt 0.444442 0.41574
vt 0.438087 0.41574
vt 0.444442 0.464981
vt 0.438087 0.464981
vt 0.438087 0.506874
vt 0.469752 0.144924
vt 0.475555 0.144908
vt 0.469494 0.103878
vt 0.475223 0.10387
vt 0.551271 0.244823
vt 0.525442 0.244931
vt 0.50553 0.245009
vt 0.490703 0.245063
vt 0.525132 0.192435
vt 0.505231 0.192574
vt 0.490416 0.19267
vt 0.550947 0.192246
vt 0.480114 0.245097
vt 0.479847 0.192731
vt 0.504823 0.144674
vt 0.490033 0.144805
vt 0.479499 0.144884
vt 0.48962 0.103758
vt 0.479135 0.103847
vt 0.504372 0.103598
vt 0.550501 0.144228
vt 0.524704 0.144485
vt 0.460601 0.141022
vt 0.460601 0.19149
vt 0.460601 0.246955
vt 0.460601 0.304472
vt 0.460601 0.361491
vt 0.460601 0.41574
vt 0.460601 0.464981
vt 0.582214 0.455665
vt 0.58261 0.407432
vt 0.617746 0.456007
vt 0.618104 0.407645
vt 0.582828 0.35467
vt 0.582846 0.299661
vt 0.618296 0.354752
vt 0.618288 0.29961
vt 0.656078 0.407844
vt 0.656232 0.35482
vt 0.656191 0.299538
vt 0.695058 0.354868
vt 0.694983 0.299442
vt 0.694941 0.408018
vt 0.655772 0.456333
vt 0.694699 0.456611
vt 0.582667 0.244681
vt 0.582322 0.192008
vt 0.618079 0.244506
vt 0.617706 0.191724
vt 0.581859 0.143909
vt 0.617224 0.143537
vt 0.655533 0.191404
vt 0.655027 0.143131
vt 0.693682 0.142696
vt 0.694223 0.191046
vt 0.655944 0.244298
vt 0.694687 0.244057
vt 0.73308 0.299326
vt 0.732726 0.243778
vt 0.732189 0.19065
vt 0.76847 0.243467
vt 0.767834 0.190218
vt 0.768898 0.299201
vt 0.731588 0.142234
vt 0.767143 0.141745
vt 0.73289 0.456829
vt 0.733085 0.408161
vt 0.768715 0.456993
vt 0.768892 0.408286
vt 0.733182 0.354901
vt 0.769 0.354933
vt 0.846724 0.531927
vt 0.861643 0.531917
vt 0.846749 0.566376
vt 0.86121 0.56573
vt 0.872194 0.531935
vt 0.876112 0.531967
vt 0.871049 0.565035
vt 0.874619 0.564932
vt 0.860865 0.584646
vt 0.869396 0.581645
vt 0.846922 0.586494
vt 0.871601 0.5802
vt 0.892779 0.574936
vt 0.892779 0.547505
vt 0.892779 0.591255
vt 0.874017 0.583415
vt 0.879783 0.565537
vt 0.881813 0.532095
vt 0.507937 0.635505
vt 0.525026 0.635505
vt 0.500676 0.635505
vt 0.507937 0.615064
vt 0.500676 0.615064
vt 0.525026 0.615064
vt 0.847228 0.594111
vt 0.861463 0.591693
vt 0.870771 0.58698
vt 0.892779 0.595562
vt 0.898785 0.595562
vt 0.507937 0.599071
vt 0.525026 0.599071
vt 0.500676 0.599071
vt 0.915447 0.595562
vt 0.469381 0.968723
vt 0.469381 0.984063
vt 0.469381 0.996032
vt 0.892779 0.011533
vt 0.892779 0.004685
vt 0.865552 0.011047
vt 0.864366 0.016385
vt 0.85617 0.006719
vt 0.855826 0.0137
vt 0.868898 0.014482
vt 0.866597 0.01775
vt 0.84207 0.004862
vt 0.842026 0.012349
vt 0.892779 0.037443
vt 0.892779 0.080887
vt 0.872386 0.065458
vt 0.878049 0.065185
vt 0.875147 0.032062
vt 0.870041 0.032804
vt 0.843254 0.066207
vt 0.842445 0.032161
vt 0.858032 0.065867
vt 0.856741 0.032393
vt 0.8665 0.032802
vt 0.868498 0.065588
vt 0.045389 0.605282
vt 0.045159 0.600187
vt 0.030437 0.602673
vt 0.031145 0.597637
vt 0.019871 0.597128
vt 0.021979 0.592827
vt 0.015928 0.592807
vt 0.018819 0.589305
vt 0.030845 0.591876
vt 0.022713 0.588314
vt 0.020631 0.58673
vt 0.044343 0.594508
vt 0.010132 0.538795
vt 0.006065 0.538047
vt 0.012783 0.571822
vt 0.008794 0.5726
vt 0.014073 0.540187
vt 0.016899 0.572257
vt 0.036937 0.548862
vt 0.041651 0.578693
vt 0.024866 0.544316
vt 0.02843 0.575608
vt 0.019872 0.573071
vt 0.016889 0.541255
vt 0.005826 0.072987
vt 0.009894 0.072233
vt 0.008507 0.038307
vt 0.012513 0.039084
vt 0.015638 0.017982
vt 0.018565 0.021496
vt 0.020387 0.024088
vt 0.016645 0.038643
vt 0.013843 0.070833
vt 0.045312 0.005478
vt 0.045067 0.010598
vt 0.030281 0.008067
vt 0.030977 0.013134
vt 0.044234 0.016301
vt 0.030663 0.018926
vt 0.021736 0.017959
vt 0.022479 0.022497
vt 0.019643 0.013606
vt 0.036762 0.062119
vt 0.024659 0.066682
vt 0.041504 0.032182
vt 0.028225 0.035273
vt 0.016664 0.06976
vt 0.01963 0.037824
vt 0.427717 0.537252
vt 0.423663 0.538026
vt 0.425234 0.571862
vt 0.421234 0.571109
vt 0.41824 0.592179
vt 0.415299 0.588691
vt 0.413466 0.586115
vt 0.417113 0.571573
vt 0.419731 0.539443
vt 0.388707 0.604841
vt 0.38892 0.599729
vt 0.403691 0.602163
vt 0.402966 0.59711
vt 0.389716 0.594031
vt 0.403244 0.591328
vt 0.412157 0.592238
vt 0.411387 0.587715
vt 0.414272 0.596569
vt 0.39691 0.54826
vt 0.408963 0.543642
vt 0.392345 0.578163
vt 0.40558 0.575001
vt 0.416923 0.540529
vt 0.41414 0.572407
vt 0.388142 0.007138
vt 0.388338 0.01221
vt 0.403002 0.009832
vt 0.402265 0.014839
vt 0.413475 0.015419
vt 0.411351 0.019682
vt 0.417367 0.019742
vt 0.414469 0.023206
vt 0.402526 0.020571
vt 0.410592 0.024166
vt 0.412652 0.025754
vt 0.389114 0.017866
vt 0.422796 0.073464
vt 0.426825 0.074231
vt 0.42036 0.040627
vt 0.42433 0.039879
vt 0.418891 0.072059
vt 0.416272 0.040169
vt 0.396218 0.063311
vt 0.391696 0.033618
vt 0.408192 0.067895
vt 0.404828 0.036767
vt 0.413321 0.039342
vt 0.4161 0.070982
vt 0.500676 0.966015
vt 0.500676 0.977924
vt 0.500676 0.987143
vt 0.438087 0.0095
vt 0.438087 0.003968
vt 0.479161 0.582279
vt 0.480634 0.577023
vt 0.488301 0.587124
vt 0.489018 0.580157
vt 0.476024 0.578671
vt 0.478485 0.575547
vt 0.502348 0.589738
vt 0.502769 0.582222
vt 0.438087 0.030431
vt 0.438087 0.065451
vt 0.475006 0.52791
vt 0.469393 0.527932
vt 0.47073 0.560893
vt 0.475832 0.560405
vt 0.503954 0.528404
vt 0.503297 0.562371
vt 0.489254 0.528126
vt 0.489041 0.56146
vt 0.479349 0.560579
vt 0.478864 0.52795
vt 0.503946 0.071207
vt 0.489254 0.071428
vt 0.503454 0.037279
vt 0.4892 0.038097
vt 0.478862 0.071563
vt 0.475 0.071589
vt 0.479496 0.03892
vt 0.475974 0.039074
vt 0.489313 0.019398
vt 0.480898 0.022466
vt 0.503071 0.017452
vt 0.478735 0.023928
vt 0.438087 0.573597
vt 0.438087 0.539663
vt 0.438087 0.593594
vt 0.476292 0.020779
vt 0.470868 0.038558
vt 0.469381 0.071549
vt 0.469381 0.621765
vt 0.469381 0.606903
vt 0.502716 0.009945
vt 0.488658 0.012425
vt 0.479467 0.01719
vt 0.438087 0.598868
vt 0.469381 0.595235
vt 0.13284 0.384997
vt 0.138084 0.400903
vt 0.125997 0.38687
vt 0.135284 0.404785
vt 0.127796 0.415592
vt 0.114443 0.393699
vt 0.120204 0.427274
vt 0.104742 0.402238
vt 0.105185 0.36708
vt 0.119168 0.362848
vt 0.093802 0.372607
vt 0.127343 0.361593
vt 0.110349 0.444078
vt 0.092982 0.41522
vt 0.080604 0.381429
vt 0.087245 0.33989
vt 0.099543 0.337178
vt 0.073183 0.344355
vt 0.070694 0.305633
vt 0.085044 0.305624
vt 0.097604 0.305617
vt 0.123495 0.334484
vt 0.1147 0.335129
vt 0.113078 0.305609
vt 0.122045 0.305604
vt 0.101099 0.463064
vt 0.082126 0.43014
vt 0.068564 0.3917
vt 0.060412 0.349593
vt 0.057667 0.305643
vt 0.073129 0.266898
vt 0.060343 0.261674
vt 0.080513 0.229793
vt 0.068454 0.219523
vt 0.092879 0.195968
vt 0.082006 0.181038
vt 0.110254 0.167087
vt 0.100998 0.148085
vt 0.123466 0.27672
vt 0.114669 0.276083
vt 0.099507 0.274049
vt 0.087202 0.271348
vt 0.119113 0.248353
vt 0.105121 0.244131
vt 0.093729 0.23861
vt 0.127291 0.249604
vt 0.114365 0.217495
vt 0.104654 0.208955
vt 0.120116 0.183902
vt 0.127715 0.195588
vt 0.132774 0.226191
vt 0.125927 0.22432
vt 0.135209 0.206396
vt 0.138011 0.210279
vt 0.112602 0.476873
vt 0.120905 0.456136
vt 0.139014 0.498957
vt 0.145167 0.47534
vt 0.168799 0.51365
vt 0.172568 0.488048
vt 0.200599 0.520967
vt 0.201846 0.494339
vt 0.233065 0.520924
vt 0.231745 0.494298
vt 0.129676 0.437595
vt 0.151571 0.453822
vt 0.136187 0.424323
vt 0.155973 0.437647
vt 0.176445 0.464427
vt 0.141941 0.410795
vt 0.14333 0.403393
vt 0.159307 0.419553
vt 0.160072 0.409501
vt 0.180736 0.42574
vt 0.181169 0.414503
vt 0.178939 0.446234
vt 0.203914 0.450533
vt 0.203123 0.469642
vt 0.204462 0.429015
vt 0.204593 0.417274
vt 0.228949 0.428984
vt 0.228788 0.417244
vt 0.229555 0.4505
vt 0.230399 0.469605
vt 0.261006 0.487926
vt 0.257062 0.464317
vt 0.254517 0.446134
vt 0.28837 0.475139
vt 0.281902 0.453643
vt 0.2522 0.414415
vt 0.252663 0.425648
vt 0.273278 0.409361
vt 0.274069 0.419407
vt 0.277453 0.437486
vt 0.297194 0.424111
vt 0.303741 0.437358
vt 0.289994 0.403212
vt 0.291403 0.410606
vt 0.29523 0.40071
vt 0.298039 0.404582
vt 0.305553 0.415361
vt 0.313177 0.427014
vt 0.312568 0.455864
vt 0.32308 0.443779
vt 0.26485 0.51352
vt 0.294597 0.498737
vt 0.320938 0.476569
vt 0.332391 0.462726
vt 0.141865 0.200383
vt 0.143257 0.207786
vt 0.136106 0.186853
vt 0.159999 0.201674
vt 0.159231 0.191622
vt 0.129592 0.173575
vt 0.155897 0.173527
vt 0.151496 0.15735
vt 0.180658 0.185435
vt 0.178861 0.164945
vt 0.181093 0.196668
vt 0.120818 0.155024
vt 0.145101 0.135825
vt 0.176374 0.146758
vt 0.172515 0.123139
vt 0.203043 0.141561
vt 0.203827 0.160656
vt 0.201787 0.116882
vt 0.230292 0.141614
vt 0.231653 0.116955
vt 0.204506 0.193895
vt 0.204373 0.18216
vt 0.229444 0.160696
vt 0.228841 0.182188
vt 0.228684 0.193918
vt 0.112516 0.134269
vt 0.138965 0.112193
vt 0.168777 0.097535
vt 0.200577 0.090275
vt 0.233005 0.090372
vt 0.260859 0.12334
vt 0.264716 0.097806
vt 0.288157 0.136106
vt 0.294371 0.112574
vt 0.3123 0.155322
vt 0.320632 0.134674
vt 0.332059 0.148464
vt 0.322797 0.167365
vt 0.252074 0.196732
vt 0.25253 0.185513
vt 0.254374 0.165055
vt 0.256914 0.146902
vt 0.273911 0.191733
vt 0.277276 0.173681
vt 0.273129 0.201764
vt 0.281708 0.157554
vt 0.303511 0.17379
vt 0.296991 0.187015
vt 0.312939 0.1841
vt 0.305346 0.195738
vt 0.289828 0.207886
vt 0.291226 0.200503
vt 0.297859 0.206508
vt 0.29506 0.210378
vt 0.300273 0.226255
vt 0.307103 0.224391
vt 0.318635 0.217592
vt 0.328319 0.209087
vt 0.327849 0.244147
vt 0.313898 0.248363
vt 0.339202 0.23864
vt 0.305741 0.249612
vt 0.340059 0.196158
vt 0.352366 0.22985
vt 0.345738 0.271265
vt 0.333472 0.273973
vt 0.359757 0.266809
vt 0.362263 0.305416
vt 0.347952 0.30544
vt 0.335422 0.305458
vt 0.309575 0.276665
vt 0.318351 0.276021
vt 0.319981 0.305478
vt 0.311031 0.305489
vt 0.350899 0.181304
vt 0.36437 0.219619
vt 0.372487 0.261584
vt 0.375253 0.305393
vt 0.359888 0.344053
vt 0.37265 0.349241
vt 0.352596 0.38109
vt 0.364654 0.391308
vt 0.340342 0.414885
vt 0.351241 0.429757
vt 0.30964 0.334325
vt 0.318423 0.33495
vt 0.333558 0.33696
vt 0.345841 0.339636
vt 0.314028 0.362642
vt 0.328004 0.366832
vt 0.339388 0.372319
vt 0.305859 0.361407
vt 0.318832 0.393447
vt 0.32855 0.40195
vt 0.300427 0.384802
vt 0.307269 0.386656
vt 0.140704 0.384765
vt 0.159237 0.386995
vt 0.136416 0.36111
vt 0.156872 0.361705
vt 0.180882 0.389933
vt 0.179757 0.36312
vt 0.133177 0.334163
vt 0.154771 0.334217
vt 0.131906 0.3056
vt 0.153865 0.30559
vt 0.178604 0.334744
vt 0.178059 0.30558
vt 0.204169 0.364206
vt 0.203787 0.335234
vt 0.203593 0.305568
vt 0.229416 0.335214
vt 0.229569 0.305555
vt 0.229087 0.364181
vt 0.204514 0.391785
vt 0.228804 0.391758
vt 0.13315 0.277033
vt 0.154745 0.276961
vt 0.136366 0.25008
vt 0.156824 0.249471
vt 0.178577 0.276415
vt 0.179707 0.248041
vt 0.14064 0.226419
vt 0.159173 0.22418
vt 0.180814 0.221233
vt 0.204113 0.246939
vt 0.204438 0.21937
vt 0.228715 0.219384
vt 0.229022 0.246943
vt 0.203757 0.275904
vt 0.229381 0.275899
vt 0.25509 0.305539
vt 0.254547 0.276399
vt 0.253412 0.248052
vt 0.278352 0.27693
vt 0.276265 0.249482
vt 0.279261 0.30552
vt 0.25232 0.22127
vt 0.273929 0.224233
vt 0.296686 0.250089
vt 0.292425 0.226479
vt 0.301188 0.3055
vt 0.299911 0.276986
vt 0.252426 0.389852
vt 0.25349 0.363047
vt 0.274054 0.386863
vt 0.276358 0.361586
vt 0.254588 0.334685
vt 0.278401 0.334118
vt 0.296795 0.360946
vt 0.29997 0.334024
vt 0.292569 0.38459
vt 0.072226 0.513694
vt 0.050737 0.470994
vt 0.036648 0.41966
vt 0.061924 0.458226
vt 0.046705 0.411275
vt 0.083454 0.498107
vt 0.028603 0.36375
vt 0.025999 0.305669
vt 0.037656 0.359644
vt 0.034638 0.305662
vt 0.028487 0.247549
vt 0.036472 0.191546
vt 0.046551 0.19994
vt 0.037556 0.251647
vt 0.05057 0.140127
vt 0.072108 0.097374
vt 0.083344 0.112993
vt 0.061774 0.152919
vt 0.047867 0.255979
vt 0.044959 0.305653
vt 0.056689 0.208346
vt 0.071416 0.164854
vt 0.092007 0.127623
vt 0.071552 0.446307
vt 0.092112 0.483501
vt 0.056822 0.402874
vt 0.047952 0.355302
vt 0.086137 0.080593
vt 0.119352 0.055694
vt 0.156988 0.040479
vt 0.127011 0.070303
vt 0.161444 0.053265
vt 0.096572 0.096425
vt 0.196777 0.033398
vt 0.237223 0.033578
vt 0.198209 0.044994
vt 0.235691 0.045148
vt 0.276864 0.040983
vt 0.31423 0.056423
vt 0.306507 0.070911
vt 0.272319 0.053694
vt 0.347109 0.081387
vt 0.360968 0.098132
vt 0.336651 0.097075
vt 0.349736 0.113609
vt 0.199439 0.062398
vt 0.234327 0.062526
vt 0.26845 0.070925
vt 0.300388 0.087598
vt 0.32871 0.112552
vt 0.341068 0.128128
vt 0.104484 0.112018
vt 0.133055 0.087097
vt 0.165199 0.07057
vt 0.382227 0.140675
vt 0.39618 0.191786
vt 0.371067 0.153364
vt 0.386159 0.200129
vt 0.404176 0.247468
vt 0.406815 0.305328
vt 0.395159 0.251561
vt 0.398206 0.305346
vt 0.404442 0.363258
vt 0.396639 0.419124
vt 0.386559 0.410783
vt 0.395393 0.359193
vt 0.382763 0.470475
vt 0.361452 0.513243
vt 0.350162 0.497699
vt 0.371533 0.457752
vt 0.385103 0.354896
vt 0.38792 0.305368
vt 0.376422 0.402427
vt 0.361865 0.445875
vt 0.34145 0.483125
vt 0.361458 0.165216
vt 0.376076 0.208492
vt 0.384902 0.25589
vt 0.347524 0.530069
vt 0.314467 0.555115
vt 0.276923 0.57053
vt 0.306738 0.540554
vt 0.272398 0.557766
vt 0.337025 0.514305
vt 0.237151 0.577835
vt 0.19665 0.577876
vt 0.235655 0.566235
vt 0.198123 0.566277
vt 0.156884 0.570666
vt 0.119331 0.55537
vt 0.12701 0.540797
vt 0.161376 0.5579
vt 0.086213 0.53046
vt 0.09665 0.514664
vt 0.234335 0.548821
vt 0.199402 0.548863
vt 0.165172 0.540608
vt 0.133077 0.52403
vt 0.104565 0.499098
vt 0.329052 0.498765
vt 0.300616 0.523797
vt 0.268554 0.540476
usemtl TraySG1
f 1/1/1 2/2/2 3/3/3
f 3/3/3 2/2/2 4/4/4
f 5/5/5 1/1/1 6/6/6
f 6/6/6 1/1/1 3/3/3
f 3/3/3 4/4/4 7/7/7
f 7/7/7 4/4/4 8/8/8
f 6/6/6 3/3/3 9/9/9
f 9/9/9 3/3/3 7/7/7
f 10/10/10 6/6/6 11/11/11
f 11/11/11 6/6/6 9/9/9
f 12/12/12 5/5/5 10/10/10
f 10/10/10 5/5/5 6/6/6
f 7/7/7 8/8/8 13/13/13
f 13/13/13 8/8/8 14/14/14
f 13/13/13 15/15/15 7/7/7
f 7/7/7 15/15/15 9/9/9
f 11/11/11 9/9/9 16/16/16
f 16/16/16 9/9/9 15/15/15
f 16/16/16 17/17/17 11/11/11
f 11/11/11 17/17/17 18/18/18
f 19/19/19 18/18/18 20/20/20
f 20/20/20 18/18/18 17/17/17
f 21/21/21 12/12/12 22/22/22
f 22/22/22 12/12/12 10/10/10
f 22/22/22 10/10/10 18/18/18
f 18/18/18 10/10/10 11/11/11
f 23/23/23 22/22/22 19/19/19
f 19/19/19 22/22/22 18/18/18
f 24/24/24 21/21/21 23/23/23
f 23/23/23 21/21/21 22/22/22
f 25/25/25 26/26/26 14/14/14
f 14/14/14 26/26/26 13/13/13
f 15/15/15 13/13/13 27/27/27
f 27/27/27 13/13/13 26/26/26
f 27/28/27 26/29/26 28/30/28
f 28/30/28 26/29/26 29/31/29
f 30/32/30 27/28/27 31/33/31
f 31/33/31 27/28/27 28/30/28
f 16/16/16 15/15/15 30/34/30
f 30/34/30 15/15/15 27/27/27
f 32/35/32 29/31/29 25/36/25
f 25/36/25 29/31/29 26/29/26
f 28/30/28 29/31/29 33/37/33
f 33/37/33 29/31/29 34/38/34
f 31/33/31 28/30/28 35/39/35
f 35/39/35 28/30/28 33/37/33
f 36/40/36 31/33/31 37/41/37
f 37/41/37 31/33/31 35/39/35
f 38/42/38 36/40/36 39/43/39
f 39/43/39 36/40/36 37/41/37
f 17/17/17 16/16/16 40/44/40
f 40/44/40 16/16/16 30/34/30
f 40/45/40 30/32/30 36/40/36
f 36/40/36 30/32/30 31/33/31
f 41/46/41 40/45/40 38/42/38
f 38/42/38 40/45/40 36/40/36
f 20/20/20 17/17/17 41/47/41
f 41/47/41 17/17/17 40/44/40
f 20/20/20 41/47/41 42/48/42
f 42/48/42 41/47/41 43/49/43
f 41/46/41 38/42/38 43/50/43
f 43/50/43 38/42/38 44/51/44
f 43/50/43 44/51/44 45/52/45
f 45/52/45 44/51/44 46/53/46
f 42/48/42 43/49/43 47/54/47
f 47/54/47 43/49/43 45/55/45
f 38/42/38 39/43/39 44/51/44
f 44/51/44 39/43/39 48/56/48
f 44/51/44 48/56/48 46/53/46
f 46/53/46 48/56/48 49/57/49
f 46/53/46 49/57/49 50/58/50
f 50/58/50 49/57/49 51/59/51
f 52/60/52 50/58/50 53/61/53
f 53/61/53 50/58/50 54/62/54
f 47/54/47 45/55/45 55/63/55
f 55/63/55 45/55/45 52/64/52
f 45/52/45 46/53/46 52/60/52
f 52/60/52 46/53/46 50/58/50
f 55/63/55 52/64/52 56/65/56
f 56/65/56 52/64/52 53/66/53
f 24/24/24 23/23/23 57/67/57
f 57/67/57 23/23/23 58/68/58
f 23/23/23 19/19/19 58/68/58
f 58/68/58 19/19/19 59/69/59
f 58/68/58 59/69/59 60/70/60
f 60/70/60 59/69/59 61/71/61
f 57/67/57 58/68/58 62/72/62
f 62/72/62 58/68/58 60/70/60
f 19/19/19 20/20/20 59/69/59
f 59/69/59 20/20/20 42/48/42
f 59/69/59 42/48/42 61/71/61
f 61/71/61 42/48/42 47/54/47
f 61/71/61 47/54/47 63/73/63
f 63/73/63 47/54/47 55/63/55
f 63/73/63 55/63/55 64/74/64
f 64/74/64 55/63/55 56/65/56
f 62/72/62 60/70/60 65/75/65
f 65/75/65 60/70/60 66/76/66
f 60/70/60 61/71/61 66/76/66
f 66/76/66 61/71/61 63/73/63
f 66/76/66 63/73/63 67/77/67
f 67/77/67 63/73/63 64/74/64
f 65/75/65 66/76/66 68/78/68
f 68/78/68 66/76/66 67/77/67
f 69/79/69 70/80/70 71/81/71
f 71/81/71 70/80/70 72/82/72
f 73/83/73 74/84/74 69/79/69
f 69/79/69 74/84/74 70/80/70
f 71/81/71 75/85/75 69/79/69
f 69/79/69 75/85/75 76/86/76
f 75/87/75 77/88/77 76/89/76
f 76/89/76 77/88/77 78/90/78
f 79/91/79 80/92/80 78/90/78
f 78/90/78 80/92/80 76/89/76
f 80/93/80 73/83/73 76/86/76
f 76/86/76 73/83/73 69/79/69
f 81/94/81 82/95/82 80/93/80
f 80/93/80 82/95/82 73/83/73
f 83/96/83 81/97/81 79/91/79
f 79/91/79 81/97/81 80/92/80
f 84/98/84 85/99/85 83/96/83
f 83/96/83 85/99/85 81/97/81
f 85/100/85 86/101/86 81/94/81
f 81/94/81 86/101/86 82/95/82
f 82/95/82 87/102/87 73/83/73
f 73/83/73 87/102/87 74/84/74
f 86/101/86 88/103/88 82/95/82
f 82/95/82 88/103/88 87/102/87
f 77/88/77 89/104/89 78/90/78
f 78/90/78 89/104/89 90/105/90
f 89/104/89 91/106/91 90/105/90
f 90/105/90 91/106/91 92/107/92
f 91/106/91 93/108/93 92/107/92
f 92/107/92 93/108/93 94/109/94
f 90/105/90 92/107/92 95/110/95
f 95/110/95 92/107/92 96/111/96
f 92/107/92 94/109/94 96/111/96
f 96/111/96 94/109/94 97/112/97
f 78/90/78 90/105/90 79/91/79
f 79/91/79 90/105/90 95/110/95
f 93/108/93 2/2/2 94/109/94
f 94/109/94 2/2/2 98/113/98
f 99/114/99 98/113/98 1/1/1
f 1/1/1 98/113/98 2/2/2
f 94/109/94 98/113/98 97/112/97
f 97/112/97 98/113/98 100/115/100
f 101/116/101 100/115/100 99/114/99
f 99/114/99 100/115/100 98/113/98
f 96/111/96 97/112/97 102/117/102
f 102/117/102 97/112/97 103/118/103
f 97/112/97 100/115/100 103/118/103
f 103/118/103 100/115/100 104/119/104
f 105/120/105 104/119/104 101/116/101
f 101/116/101 104/119/104 100/115/100
f 103/118/103 104/119/104 106/121/106
f 106/121/106 104/119/104 107/122/107
f 108/123/108 107/122/107 105/120/105
f 105/120/105 107/122/107 104/119/104
f 102/117/102 103/118/103 109/124/109
f 109/124/109 103/118/103 106/121/106
f 79/91/79 95/110/95 83/96/83
f 83/96/83 95/110/95 110/125/110
f 95/110/95 96/111/96 110/125/110
f 110/125/110 96/111/96 102/117/102
f 110/125/110 102/117/102 111/126/111
f 111/126/111 102/117/102 109/124/109
f 83/96/83 110/125/110 84/98/84
f 84/98/84 110/125/110 111/126/111
f 111/126/111 112/127/112 84/98/84
f 84/98/84 112/127/112 113/128/113
f 109/124/109 114/129/114 111/126/111
f 111/126/111 114/129/114 112/127/112
f 106/121/106 115/130/115 109/124/109
f 109/124/109 115/130/115 114/129/114
f 114/129/114 116/131/116 112/127/112
f 112/127/112 116/131/116 117/132/117
f 115/130/115 118/133/118 114/129/114
f 114/129/114 118/133/118 116/131/116
f 112/127/112 117/132/117 113/128/113
f 113/128/113 117/132/117 119/134/119
f 107/122/107 120/135/120 106/121/106
f 106/121/106 120/135/120 115/130/115
f 108/123/108 121/136/121 107/122/107
f 107/122/107 121/136/121 120/135/120
f 120/135/120 122/137/122 115/130/115
f 115/130/115 122/137/122 118/133/118
f 121/136/121 123/138/123 120/135/120
f 120/135/120 123/138/123 122/137/122
f 118/133/118 124/139/124 116/131/116
f 116/131/116 124/139/124 125/140/125
f 122/137/122 126/141/126 118/133/118
f 118/133/118 126/141/126 124/139/124
f 123/138/123 127/142/127 122/137/122
f 122/137/122 127/142/127 126/141/126
f 126/141/126 128/143/128 124/139/124
f 124/139/124 128/143/128 129/144/129
f 127/142/127 130/145/130 126/141/126
f 126/141/126 130/145/130 128/143/128
f 124/139/124 129/144/129 125/140/125
f 125/140/125 129/144/129 131/146/131
f 117/132/117 132/147/132 119/134/119
f 119/134/119 132/147/132 133/148/133
f 116/131/116 125/140/125 117/132/117
f 117/132/117 125/140/125 132/147/132
f 125/140/125 131/146/131 132/147/132
f 132/147/132 131/146/131 134/149/134
f 132/147/132 134/149/134 133/148/133
f 133/148/133 134/149/134 135/150/135
f 86/101/86 136/151/136 88/103/88
f 88/103/88 136/151/136 137/152/137
f 136/151/136 138/153/138 137/152/137
f 137/152/137 138/153/138 139/154/139
f 85/100/85 140/155/140 86/101/86
f 86/101/86 140/155/140 136/151/136
f 84/98/84 113/128/113 85/99/85
f 85/99/85 113/128/113 140/156/140
f 113/128/113 119/134/119 140/156/140
f 140/156/140 119/134/119 141/157/141
f 140/155/140 141/158/141 136/151/136
f 136/151/136 141/158/141 138/153/138
f 141/158/141 142/159/142 138/153/138
f 138/153/138 142/159/142 143/160/143
f 119/134/119 133/148/133 141/157/141
f 141/157/141 133/148/133 142/161/142
f 133/148/133 135/150/135 142/161/142
f 142/161/142 135/150/135 144/162/144
f 142/159/142 144/163/144 143/160/143
f 143/160/143 144/163/144 145/164/145
f 138/153/138 143/160/143 139/154/139
f 139/154/139 143/160/143 146/165/146
f 143/160/143 145/164/145 146/165/146
f 146/165/146 145/164/145 147/166/147
f 29/31/29 32/35/32 34/38/34
f 34/38/34 32/35/32 148/167/148
f 149/168/149 150/169/150 151/170/151
f 151/170/151 150/169/150 152/171/152
f 151/170/151 152/171/152 153/172/153
f 153/172/153 152/171/152 154/173/154
f 153/172/153 154/173/154 72/82/72
f 72/82/72 154/173/154 71/81/71
f 155/174/155 156/175/156 157/176/157
f 157/176/157 156/175/156 158/177/158
f 159/178/159 160/179/160 157/176/157
f 157/176/157 160/179/160 161/180/161
f 157/176/157 161/180/161 155/174/155
f 155/174/155 161/180/161 162/181/162
f 155/174/155 162/181/162 163/182/163
f 163/182/163 162/181/162 164/183/164
f 163/182/163 165/184/165 155/174/155
f 155/174/155 165/184/165 156/175/156
f 160/185/160 166/186/166 161/187/161
f 161/187/161 166/186/166 167/188/167
f 161/187/161 167/188/167 162/189/162
f 162/189/162 167/188/167 168/190/168
f 162/189/162 168/190/168 164/191/164
f 164/191/164 168/190/168 169/192/169
f 164/191/164 169/192/169 170/193/170
f 170/193/170 169/192/169 171/194/171
f 172/195/172 170/193/170 173/196/173
f 173/196/173 170/193/170 171/194/171
f 174/197/174 175/198/175 163/182/163
f 163/182/163 175/198/175 165/184/165
f 163/182/163 164/183/164 174/197/174
f 174/197/174 164/183/164 170/199/170
f 176/200/176 174/197/174 172/201/172
f 172/201/172 174/197/174 170/199/170
f 174/197/174 176/200/176 175/198/175
f 175/198/175 176/200/176 177/202/177
f 167/188/167 178/203/178 168/190/168
f 168/190/168 178/203/178 179/204/179
f 178/203/178 167/188/167 180/205/180
f 180/205/180 167/188/167 166/186/166
f 178/203/178 181/206/181 179/204/179
f 179/204/179 181/206/181 182/207/182
f 168/190/168 179/204/179 169/192/169
f 169/192/169 179/204/179 183/208/183
f 181/206/181 178/203/178 184/209/184
f 184/209/184 178/203/178 180/205/180
f 130/145/130 181/206/181 128/143/128
f 128/143/128 181/206/181 184/209/184
f 181/206/181 130/145/130 182/207/182
f 182/207/182 130/145/130 185/210/185
f 182/207/182 185/210/185 186/211/186
f 186/211/186 185/210/185 187/212/187
f 179/204/179 182/207/182 183/208/183
f 183/208/183 182/207/182 186/211/186
f 188/213/188 189/214/189 186/211/186
f 186/211/186 189/214/189 183/208/183
f 186/211/186 187/212/187 188/213/188
f 188/213/188 187/212/187 190/215/190
f 191/216/191 188/213/188 192/217/192
f 192/217/192 188/213/188 190/215/190
f 169/192/169 183/208/183 171/194/171
f 171/194/171 183/208/183 189/214/189
f 193/218/193 189/214/189 191/216/191
f 191/216/191 189/214/189 188/213/188
f 173/196/173 171/194/171 193/218/193
f 193/218/193 171/194/171 189/214/189
f 194/219/194 173/196/173 195/220/195
f 195/220/195 173/196/173 193/218/193
f 195/220/195 193/218/193 196/221/196
f 196/221/196 193/218/193 191/216/191
f 197/222/197 194/219/194 198/223/198
f 198/223/198 194/219/194 195/220/195
f 196/221/196 191/216/191 199/224/199
f 199/224/199 191/216/191 192/217/192
f 200/225/200 196/221/196 201/226/201
f 201/226/201 196/221/196 199/224/199
f 196/221/196 200/225/200 195/220/195
f 195/220/195 200/225/200 198/223/198
f 200/225/200 202/227/202 198/223/198
f 198/223/198 202/227/202 203/228/203
f 202/227/202 200/225/200 204/229/204
f 204/229/204 200/225/200 201/226/201
f 204/229/204 205/230/205 202/227/202
f 202/227/202 205/230/205 206/231/206
f 202/227/202 206/231/206 203/228/203
f 203/228/203 206/231/206 207/232/207
f 208/233/208 197/222/197 203/228/203
f 203/228/203 197/222/197 198/223/198
f 203/228/203 207/232/207 208/233/208
f 208/233/208 207/232/207 209/234/209
f 176/200/176 210/235/210 177/202/177
f 177/202/177 210/235/210 211/236/211
f 210/235/210 176/200/176 212/237/212
f 212/237/212 176/200/176 172/201/172
f 213/238/213 210/235/210 214/239/214
f 214/239/214 210/235/210 212/237/212
f 210/235/210 213/238/213 211/236/211
f 211/236/211 213/238/213 215/240/215
f 212/241/212 172/195/172 194/219/194
f 194/219/194 172/195/172 173/196/173
f 214/242/214 212/241/212 197/222/197
f 197/222/197 212/241/212 194/219/194
f 216/243/216 214/242/214 208/233/208
f 208/233/208 214/242/214 197/222/197
f 217/244/217 216/243/216 209/234/209
f 209/234/209 216/243/216 208/233/208
f 213/238/213 218/245/218 215/240/215
f 215/240/215 218/245/218 219/246/219
f 218/245/218 213/238/213 216/247/216
f 216/247/216 213/238/213 214/239/214
f 220/248/220 218/245/218 217/249/217
f 217/249/217 218/245/218 216/247/216
f 221/250/221 147/166/147 222/251/222
f 222/251/222 147/166/147 145/164/145
f 223/252/223 221/250/221 224/253/224
f 224/253/224 221/250/221 222/251/222
f 225/254/225 223/252/223 226/255/226
f 226/255/226 223/252/223 224/253/224
f 225/254/225 226/255/226 227/256/227
f 227/256/227 226/255/226 228/257/228
f 227/258/227 228/259/228 229/260/229
f 229/260/229 228/259/228 230/261/230
f 229/260/229 230/261/230 231/262/231
f 231/262/231 230/261/230 232/263/232
f 231/262/231 232/263/232 233/264/233
f 233/264/233 232/263/232 159/178/159
f 233/264/233 159/178/159 158/177/158
f 158/177/158 159/178/159 157/176/157
f 148/265/148 234/266/234 34/267/34
f 34/267/34 234/266/234 235/268/235
f 33/269/33 34/267/34 236/270/236
f 236/270/236 34/267/34 235/268/235
f 35/271/35 33/269/33 237/272/237
f 237/272/237 33/269/33 236/270/236
f 235/268/235 234/266/234 238/273/238
f 238/273/238 234/266/234 239/274/239
f 236/270/236 235/268/235 240/275/240
f 240/275/240 235/268/235 238/273/238
f 237/272/237 236/270/236 241/276/241
f 241/276/241 236/270/236 240/275/240
f 242/277/242 237/272/237 243/278/243
f 243/278/243 237/272/237 241/276/241
f 244/279/244 242/277/242 245/280/245
f 245/280/245 242/277/242 243/278/243
f 37/281/37 35/271/35 242/277/242
f 242/277/242 35/271/35 237/272/237
f 39/282/39 37/281/37 244/279/244
f 244/279/244 37/281/37 242/277/242
f 240/275/240 238/273/238 246/283/246
f 246/283/246 238/273/238 247/284/247
f 248/285/248 247/284/247 239/274/239
f 239/274/239 247/284/247 238/273/238
f 246/283/246 247/284/247 249/286/249
f 249/286/249 247/284/247 250/287/250
f 241/276/241 240/275/240 251/288/251
f 251/288/251 240/275/240 246/283/246
f 252/289/252 250/287/250 248/285/248
f 248/285/248 250/287/250 247/284/247
f 253/290/253 254/291/254 252/289/252
f 252/289/252 254/291/254 250/287/250
f 254/291/254 255/292/255 250/287/250
f 249/286/249 250/287/250 256/293/256
f 256/293/256 250/287/250 255/292/255
f 257/294/257 249/286/249 258/295/258
f 258/295/258 249/286/249 256/293/256
f 249/286/249 257/294/257 246/283/246
f 246/283/246 257/294/257 251/288/251
f 257/294/257 259/296/259 251/288/251
f 251/288/251 259/296/259 260/297/260
f 259/296/259 257/294/257 261/298/261
f 261/298/261 257/294/257 258/295/258
f 262/299/262 259/296/259 263/300/263
f 263/300/263 259/296/259 261/298/261
f 243/278/243 241/276/241 260/297/260
f 260/297/260 241/276/241 251/288/251
f 264/301/264 260/297/260 262/299/262
f 262/299/262 260/297/260 259/296/259
f 245/280/245 243/278/243 264/301/264
f 264/301/264 243/278/243 260/297/260
f 245/280/245 264/301/264 265/302/265
f 265/302/265 264/301/264 266/303/266
f 264/301/264 262/299/262 266/303/266
f 266/303/266 262/299/262 267/304/267
f 265/302/265 266/303/266 268/305/268
f 268/305/268 266/303/266 269/306/269
f 262/299/262 263/300/263 267/304/267
f 267/304/267 263/300/263 270/307/270
f 267/304/267 270/307/270 271/308/271
f 271/308/271 270/307/270 272/309/272
f 266/303/266 267/304/267 269/306/269
f 269/306/269 267/304/267 271/308/271
f 273/310/273 274/311/274 271/308/271
f 271/308/271 274/311/274 269/306/269
f 271/308/271 272/309/272 273/310/273
f 273/310/273 272/309/272 275/312/275
f 276/313/276 277/314/277 278/315/278
f 277/314/277 273/310/273 278/315/278
f 273/310/273 275/312/275 278/315/278
f 277/314/277 279/316/279 273/310/273
f 273/310/273 279/316/279 274/311/274
f 268/305/268 269/306/269 280/317/280
f 280/317/280 269/306/269 274/311/274
f 280/317/280 274/311/274 281/318/281
f 281/318/281 274/311/274 279/316/279
f 39/282/39 244/279/244 48/319/48
f 48/319/48 244/279/244 282/320/282
f 48/319/48 282/320/282 49/321/49
f 49/321/49 282/320/282 283/322/283
f 244/279/244 245/280/245 282/320/282
f 282/320/282 245/280/245 265/302/265
f 282/320/282 265/302/265 283/322/283
f 283/322/283 265/302/265 268/305/268
f 283/322/283 268/305/268 284/323/284
f 284/323/284 268/305/268 280/317/280
f 284/323/284 280/317/280 285/324/285
f 285/324/285 280/317/280 281/318/281
f 49/321/49 283/322/283 51/325/51
f 51/325/51 283/322/283 284/323/284
f 286/326/286 51/325/51 285/324/285
f 285/324/285 51/325/51 284/323/284
f 254/291/254 253/290/253 287/327/287
f 287/327/287 253/290/253 288/328/288
f 253/290/253 289/329/289 288/328/288
f 288/328/288 289/329/289 290/330/290
f 289/329/289 291/331/291 290/330/290
f 290/330/290 291/331/291 292/332/292
f 288/328/288 290/330/290 293/333/293
f 293/333/293 290/330/290 294/334/294
f 290/330/290 292/332/292 294/334/294
f 294/334/294 292/332/292 295/335/295
f 287/327/287 288/328/288 296/336/296
f 296/336/296 288/328/288 293/333/293
f 291/331/291 297/337/297 292/332/292
f 292/332/292 297/337/297 298/338/298
f 297/337/297 299/339/299 298/338/298
f 298/338/298 299/339/299 300/340/300
f 292/332/292 298/338/298 295/335/295
f 295/335/295 298/338/298 301/341/301
f 298/338/298 300/340/300 301/341/301
f 301/341/301 300/340/300 302/342/302
f 294/334/294 295/335/295 303/343/303
f 303/343/303 295/335/295 304/344/304
f 295/335/295 301/341/301 304/344/304
f 304/344/304 301/341/301 305/345/305
f 301/341/301 302/342/302 305/345/305
f 305/345/305 302/342/302 306/346/306
f 304/344/304 305/345/305 307/347/307
f 307/347/307 305/345/305 308/348/308
f 305/345/305 306/346/306 308/348/308
f 308/348/308 306/346/306 309/349/309
f 303/343/303 304/344/304 310/350/310
f 310/350/310 304/344/304 307/347/307
f 296/336/296 293/333/293 311/351/311
f 311/351/311 293/333/293 312/352/312
f 293/333/293 294/334/294 312/352/312
f 312/352/312 294/334/294 303/343/303
f 312/352/312 303/343/303 313/353/313
f 313/353/313 303/343/303 310/350/310
f 311/351/311 312/352/312 314/354/314
f 314/354/314 312/352/312 313/353/313
f 299/339/299 315/355/315 300/340/300
f 300/340/300 315/355/315 316/356/316
f 315/355/315 72/357/72 316/356/316
f 316/356/316 72/357/72 70/358/70
f 316/356/316 70/358/70 317/359/317
f 317/359/317 70/358/70 74/360/74
f 300/340/300 316/356/316 302/342/302
f 302/342/302 316/356/316 317/359/317
f 302/342/302 317/359/317 306/346/306
f 306/346/306 317/359/317 318/361/318
f 317/359/317 74/360/74 318/361/318
f 318/361/318 74/360/74 87/362/87
f 318/361/318 87/362/87 319/363/319
f 319/363/319 87/362/87 88/364/88
f 306/346/306 318/361/318 309/349/309
f 309/349/309 318/361/318 319/363/319
f 319/363/319 320/365/320 309/349/309
f 309/349/309 320/365/320 321/366/321
f 88/364/88 137/367/137 319/363/319
f 319/363/319 137/367/137 320/365/320
f 137/367/137 139/368/139 320/365/320
f 320/365/320 139/368/139 322/369/322
f 320/365/320 322/369/322 321/366/321
f 321/366/321 322/369/322 323/370/323
f 322/369/322 324/371/324 323/370/323
f 323/370/323 324/371/324 325/372/325
f 139/368/139 146/373/146 322/369/322
f 322/369/322 146/373/146 324/371/324
f 146/373/146 147/374/147 324/371/324
f 324/371/324 147/374/147 326/375/326
f 324/371/324 326/375/326 325/372/325
f 325/372/325 326/375/326 327/376/327
f 328/377/328 314/354/314 329/378/329
f 329/378/329 314/354/314 313/353/313
f 310/350/310 330/379/330 313/353/313
f 313/353/313 330/379/330 329/378/329
f 307/347/307 331/380/331 310/350/310
f 310/350/310 331/380/331 330/379/330
f 330/379/330 332/381/332 329/378/329
f 329/378/329 332/381/332 333/382/333
f 331/380/331 334/383/334 330/379/330
f 330/379/330 334/383/334 332/381/332
f 335/384/335 328/377/328 333/382/333
f 333/382/333 328/377/328 329/378/329
f 308/348/308 336/385/336 307/347/307
f 307/347/307 336/385/336 331/380/331
f 309/349/309 321/366/321 308/348/308
f 308/348/308 321/366/321 336/385/336
f 336/385/336 337/386/337 331/380/331
f 331/380/331 337/386/337 334/383/334
f 321/366/321 323/370/323 336/385/336
f 336/385/336 323/370/323 337/386/337
f 334/383/334 338/387/338 332/381/332
f 332/381/332 338/387/338 339/388/339
f 337/386/337 340/389/340 334/383/334
f 334/383/334 340/389/340 338/387/338
f 323/370/323 325/372/325 337/386/337
f 337/386/337 325/372/325 340/389/340
f 340/389/340 341/390/341 338/387/338
f 338/387/338 341/390/341 342/391/342
f 325/372/325 327/376/327 340/389/340
f 340/389/340 327/376/327 341/390/341
f 338/387/338 342/391/342 339/388/339
f 339/388/339 342/391/342 343/392/343
f 344/393/344 335/384/335 345/394/345
f 345/394/345 335/384/335 333/382/333
f 332/381/332 339/388/339 333/382/333
f 333/382/333 339/388/339 345/394/345
f 339/388/339 343/392/343 345/394/345
f 345/394/345 343/392/343 346/395/346
f 347/396/347 344/393/344 346/395/346
f 346/395/346 344/393/344 345/394/345
f 346/395/346 348/397/348 347/396/347
f 348/397/348 349/398/349 347/396/347
f 350/399/350 347/396/347 349/398/349
f 350/399/350 349/398/349 351/400/351
f 351/400/351 349/398/349 352/401/352
f 348/397/348 353/402/353 349/398/349
f 349/398/349 353/402/353 354/403/354
f 349/398/349 354/403/354 352/401/352
f 352/401/352 354/403/354 355/404/355
f 352/401/352 355/404/355 356/405/356
f 356/405/356 355/404/355 357/406/357
f 351/400/351 352/401/352 358/407/358
f 358/407/358 352/401/352 356/405/356
f 353/402/353 359/408/359 354/403/354
f 354/403/354 359/408/359 360/409/360
f 354/403/354 360/409/360 355/404/355
f 355/404/355 360/409/360 361/410/361
f 355/404/355 361/410/361 357/406/357
f 357/406/357 361/410/361 362/411/362
f 357/406/357 362/411/362 363/412/363
f 363/412/363 362/411/362 364/413/364
f 365/414/365 363/412/363 366/415/366
f 366/415/366 363/412/363 364/413/364
f 358/407/358 356/405/356 367/416/367
f 367/416/367 356/405/356 368/417/368
f 356/405/356 357/406/357 368/417/368
f 368/417/368 357/406/357 363/412/363
f 369/418/369 368/417/368 365/414/365
f 365/414/365 368/417/368 363/412/363
f 370/419/370 367/416/367 369/418/369
f 369/418/369 367/416/367 368/417/368
f 371/420/371 360/409/360 372/421/372
f 372/421/372 360/409/360 359/408/359
f 360/409/360 371/420/371 361/410/361
f 361/410/361 371/420/371 373/422/373
f 371/420/371 158/423/158 373/422/373
f 373/422/373 158/423/158 156/424/156
f 373/422/373 156/424/156 374/425/374
f 374/425/374 156/424/156 165/426/165
f 361/410/361 373/422/373 362/411/362
f 362/411/362 373/422/373 374/425/374
f 233/427/233 158/423/158 372/421/372
f 372/421/372 158/423/158 371/420/371
f 362/411/362 374/425/374 364/413/364
f 364/413/364 374/425/374 375/428/375
f 374/425/374 165/426/165 375/428/375
f 375/428/375 165/426/165 175/429/175
f 376/430/376 375/428/375 177/431/177
f 177/431/177 375/428/375 175/429/175
f 366/415/366 364/413/364 376/430/376
f 376/430/376 364/413/364 375/428/375
f 377/432/377 366/415/366 378/433/378
f 378/433/378 366/415/366 376/430/376
f 378/433/378 376/430/376 211/434/211
f 211/434/211 376/430/376 177/431/177
f 379/435/379 378/433/378 215/436/215
f 215/436/215 378/433/378 211/434/211
f 380/437/380 377/432/377 379/435/379
f 379/435/379 377/432/377 378/433/378
f 381/438/381 219/439/219 382/440/382
f 382/440/382 219/439/219 383/441/383
f 384/442/384 380/437/380 381/438/381
f 381/438/381 380/437/380 379/435/379
f 381/438/381 379/435/379 219/439/219
f 219/439/219 379/435/379 215/436/215
f 381/438/381 382/440/382 384/442/384
f 384/442/384 382/440/382 385/443/385
f 386/444/386 370/419/370 387/445/387
f 387/445/387 370/419/370 369/418/369
f 387/445/387 369/418/369 388/446/388
f 388/446/388 369/418/369 365/414/365
f 389/447/389 387/445/387 390/448/390
f 390/448/390 387/445/387 388/446/388
f 391/449/391 386/444/386 389/447/389
f 389/447/389 386/444/386 387/445/387
f 366/415/366 377/432/377 365/414/365
f 365/414/365 377/432/377 388/446/388
f 390/448/390 388/446/388 380/437/380
f 380/437/380 388/446/388 377/432/377
f 380/437/380 384/442/384 390/448/390
f 390/448/390 384/442/384 392/450/392
f 393/451/393 392/450/392 385/443/385
f 385/443/385 392/450/392 384/442/384
f 394/452/394 391/449/391 395/453/395
f 395/453/395 391/449/391 389/447/389
f 395/453/395 389/447/389 392/450/392
f 392/450/392 389/447/389 390/448/390
f 396/454/396 395/453/395 393/451/393
f 393/451/393 395/453/395 392/450/392
f 397/455/397 398/456/398 396/454/396
f 396/454/396 398/456/398 395/453/395
f 398/456/398 394/452/394 395/453/395
f 399/457/399 400/458/400 401/459/401
f 401/459/401 400/458/400 402/460/402
f 403/461/403 399/457/399 404/462/404
f 404/462/404 399/457/399 401/459/401
f 405/463/405 406/464/406 402/460/402
f 402/460/402 406/464/406 401/459/401
f 406/464/406 407/465/407 401/459/401
f 401/459/401 407/465/407 404/462/404
f 407/465/407 408/466/408 404/462/404
f 404/462/404 408/466/408 409/467/409
f 408/466/408 410/468/410 409/467/409
f 409/467/409 410/468/410 411/469/411
f 412/470/412 403/461/403 409/467/409
f 409/467/409 403/461/403 404/462/404
f 413/471/413 412/470/412 411/469/411
f 411/469/411 412/470/412 409/467/409
f 414/472/414 415/473/415 405/463/405
f 405/463/405 415/473/415 406/464/406
f 416/474/416 417/475/417 414/472/414
f 414/472/414 417/475/417 415/473/415
f 418/476/418 419/477/419 416/474/416
f 416/474/416 419/477/419 417/475/417
f 417/475/417 420/478/420 415/473/415
f 415/473/415 420/478/420 421/479/421
f 419/477/419 422/480/422 417/475/417
f 417/475/417 422/480/422 420/478/420
f 415/473/415 421/479/421 406/464/406
f 406/464/406 421/479/421 407/465/407
f 276/313/276 423/481/423 418/476/418
f 418/476/418 423/481/423 419/477/419
f 278/315/278 424/482/424 276/313/276
f 276/313/276 424/482/424 423/481/423
f 423/481/423 425/483/425 419/477/419
f 419/477/419 425/483/425 422/480/422
f 424/482/424 426/484/426 423/481/423
f 423/481/423 426/484/426 425/483/425
f 422/480/422 427/485/427 420/478/420
f 420/478/420 427/485/427 428/486/428
f 425/483/425 429/487/429 422/480/422
f 422/480/422 429/487/429 427/485/427
f 426/484/426 430/488/430 425/483/425
f 425/483/425 430/488/430 429/487/429
f 429/487/429 431/489/431 427/485/427
f 427/485/427 431/489/431 432/490/432
f 430/488/430 433/491/433 429/487/429
f 429/487/429 433/491/433 431/489/431
f 427/485/427 432/490/432 428/486/428
f 428/486/428 432/490/432 434/492/434
f 421/479/421 435/493/435 407/465/407
f 407/465/407 435/493/435 408/466/408
f 420/478/420 428/486/428 421/479/421
f 421/479/421 428/486/428 435/493/435
f 428/486/428 434/492/434 435/493/435
f 435/493/435 434/492/434 436/494/436
f 435/493/435 436/494/436 408/466/408
f 408/466/408 436/494/436 410/468/410
f 410/468/410 436/494/436 437/495/437
f 437/495/437 436/494/436 438/496/438
f 436/494/436 434/492/434 438/496/438
f 438/496/438 434/492/434 439/497/439
f 434/492/434 432/490/432 439/497/439
f 439/497/439 432/490/432 440/498/440
f 438/496/438 439/497/439 441/499/441
f 441/499/441 439/497/439 442/500/442
f 439/497/439 440/498/440 442/500/442
f 442/500/442 440/498/440 443/501/443
f 437/495/437 438/496/438 444/502/444
f 444/502/444 438/496/438 441/499/441
f 432/490/432 431/489/431 440/498/440
f 440/498/440 431/489/431 445/503/445
f 431/489/431 433/491/433 445/503/445
f 445/503/445 433/491/433 446/504/446
f 440/498/440 445/503/445 443/501/443
f 443/501/443 445/503/445 447/505/447
f 445/503/445 446/504/446 447/505/447
f 447/505/447 446/504/446 448/506/448
f 442/500/442 443/501/443 449/507/449
f 449/507/449 443/501/443 450/508/450
f 443/501/443 447/505/447 450/508/450
f 450/508/450 447/505/447 451/509/451
f 447/505/447 448/506/448 451/509/451
f 451/509/451 448/506/448 452/510/452
f 450/508/450 451/509/451 453/511/453
f 453/511/453 451/509/451 397/455/397
f 451/509/451 452/510/452 397/455/397
f 397/455/397 452/510/452 398/456/398
f 449/507/449 450/508/450 454/512/454
f 454/512/454 450/508/450 453/511/453
f 444/502/444 441/499/441 455/513/455
f 455/513/455 441/499/441 456/514/456
f 441/499/441 442/500/442 456/514/456
f 456/514/456 442/500/442 449/507/449
f 456/514/456 449/507/449 457/515/457
f 457/515/457 449/507/449 454/512/454
f 455/513/455 456/514/456 458/516/458
f 458/516/458 456/514/456 457/515/457
f 413/471/413 411/469/411 459/517/459
f 459/517/459 411/469/411 460/518/460
f 459/517/459 460/518/460 461/519/461
f 461/519/461 460/518/460 462/520/462
f 411/469/411 410/468/410 460/518/460
f 460/518/460 410/468/410 437/495/437
f 460/518/460 437/495/437 462/520/462
f 462/520/462 437/495/437 444/502/444
f 462/520/462 444/502/444 463/521/463
f 463/521/463 444/502/444 455/513/455
f 463/521/463 455/513/455 464/522/464
f 464/522/464 455/513/455 458/516/458
f 461/519/461 462/520/462 465/523/465
f 465/523/465 462/520/462 463/521/463
f 465/523/465 463/521/463 466/524/466
f 466/524/466 463/521/463 464/522/464
f 467/525/467 468/526/468 286/527/286
f 286/527/286 468/526/468 54/62/54
f 469/528/469 470/529/470 467/525/467
f 467/525/467 470/529/470 468/526/468
f 471/530/471 472/531/472 469/528/469
f 469/528/469 472/531/472 470/529/470
f 473/532/473 474/533/474 471/534/471
f 471/534/471 474/533/474 472/535/472
f 473/532/473 475/536/475 474/533/474
f 474/533/474 475/536/475 476/537/476
f 475/536/475 477/538/477 476/537/476
f 476/537/476 477/538/477 478/539/478
f 477/538/477 400/540/400 478/539/478
f 478/539/478 400/540/400 479/541/479
f 286/527/286 54/62/54 51/59/51
f 51/59/51 54/62/54 50/58/50
f 480/542/480 481/543/481 466/544/466
f 466/544/466 481/543/481 482/545/482
f 483/546/483 484/547/484 480/542/480
f 480/542/480 484/547/484 481/543/481
f 485/548/485 486/549/486 483/546/483
f 483/546/483 486/549/486 484/547/484
f 485/548/485 487/550/487 486/549/486
f 486/549/486 487/550/487 488/551/488
f 487/552/487 489/553/489 488/554/488
f 488/554/488 489/553/489 490/555/490
f 489/553/489 491/556/491 490/555/490
f 490/555/490 491/556/491 492/557/492
f 491/556/491 383/558/383 492/557/492
f 492/557/492 383/558/383 220/248/220
f 218/245/218 220/248/220 219/246/219
f 219/246/219 220/248/220 383/558/383
f 68/78/68 493/559/493 65/75/65
f 65/75/65 493/559/493 494/560/494
f 495/561/495 496/562/496 68/78/68
f 68/78/68 496/562/496 493/559/493
f 497/563/497 498/564/498 495/561/495
f 495/561/495 498/564/498 496/562/496
f 496/562/496 499/565/499 493/559/493
f 493/559/493 499/565/499 500/566/500
f 498/564/498 501/567/501 496/562/496
f 496/562/496 501/567/501 499/565/499
f 493/559/493 500/566/500 494/560/494
f 494/560/494 500/566/500 502/568/502
f 503/569/503 504/570/504 497/563/497
f 497/563/497 504/570/504 498/564/498
f 505/571/505 506/572/506 503/569/503
f 503/569/503 506/572/506 504/570/504
f 504/570/504 507/573/507 498/564/498
f 498/564/498 507/573/507 501/567/501
f 506/572/506 508/574/508 504/570/504
f 504/570/504 508/574/508 507/573/507
f 501/567/501 509/575/509 499/565/499
f 499/565/499 509/575/509 510/576/510
f 507/573/507 511/577/511 501/567/501
f 501/567/501 511/577/511 509/575/509
f 508/574/508 512/578/512 507/573/507
f 507/573/507 512/578/512 511/577/511
f 511/577/511 513/579/513 509/575/509
f 509/575/509 513/579/513 514/580/514
f 512/578/512 515/581/515 511/577/511
f 511/577/511 515/581/515 513/579/513
f 509/575/509 514/580/514 510/576/510
f 510/576/510 514/580/514 516/582/516
f 500/566/500 517/583/517 502/568/502
f 502/568/502 517/583/517 518/584/518
f 499/565/499 510/576/510 500/566/500
f 500/566/500 510/576/510 517/583/517
f 510/576/510 516/582/516 517/583/517
f 517/583/517 516/582/516 519/585/519
f 517/583/517 519/585/519 518/584/518
f 518/584/518 519/585/519 520/586/520
f 521/587/521 522/588/522 505/571/505
f 505/571/505 522/588/522 506/572/506
f 522/588/522 523/589/523 506/572/506
f 506/572/506 523/589/523 508/574/508
f 479/541/479 524/590/524 521/591/521
f 521/591/521 524/590/524 522/592/522
f 524/590/524 525/593/525 522/592/522
f 522/592/522 525/593/525 523/594/523
f 525/593/525 526/595/526 523/594/523
f 523/594/523 526/595/526 527/596/527
f 526/595/526 528/597/528 527/596/527
f 527/596/527 528/597/528 529/598/529
f 523/589/523 527/599/527 508/574/508
f 508/574/508 527/599/527 512/578/512
f 527/599/527 529/600/529 512/578/512
f 512/578/512 529/600/529 515/581/515
f 530/601/530 531/602/531 529/600/529
f 529/600/529 531/602/531 515/581/515
f 532/603/532 533/604/533 530/601/530
f 530/601/530 533/604/533 531/602/531
f 534/605/534 530/606/530 528/597/528
f 528/597/528 530/606/530 529/598/529
f 535/607/535 532/608/532 534/605/534
f 534/605/534 532/608/532 530/606/530
f 536/609/536 537/610/537 535/607/535
f 535/607/535 537/610/537 532/608/532
f 482/545/482 538/611/538 536/609/536
f 536/609/536 538/611/538 537/610/537
f 537/612/537 539/613/539 532/603/532
f 532/603/532 539/613/539 533/604/533
f 538/614/538 540/615/540 537/612/537
f 537/612/537 540/615/540 539/613/539
f 520/586/520 519/585/519 541/616/541
f 541/616/541 519/585/519 542/617/542
f 519/585/519 516/582/516 542/617/542
f 542/617/542 516/582/516 543/618/543
f 516/582/516 514/580/514 543/618/543
f 543/618/543 514/580/514 544/619/544
f 542/617/542 543/618/543 545/620/545
f 545/620/545 543/618/543 546/621/546
f 543/618/543 544/619/544 546/621/546
f 546/621/546 544/619/544 547/622/547
f 541/616/541 542/617/542 548/623/548
f 548/623/548 542/617/542 545/620/545
f 514/580/514 513/579/513 544/619/544
f 544/619/544 513/579/513 549/624/549
f 513/579/513 515/581/515 549/624/549
f 549/624/549 515/581/515 531/602/531
f 544/619/544 549/624/549 547/622/547
f 547/622/547 549/624/549 550/625/550
f 549/624/549 531/602/531 550/625/550
f 550/625/550 531/602/531 533/604/533
f 546/621/546 547/622/547 551/626/551
f 551/626/551 547/622/547 552/627/552
f 547/622/547 550/625/550 552/627/552
f 552/627/552 550/625/550 553/628/553
f 550/625/550 533/604/533 553/628/553
f 553/628/553 533/604/533 539/613/539
f 552/627/552 553/628/553 554/629/554
f 554/629/554 553/628/553 555/630/555
f 553/628/553 539/613/539 555/630/555
f 555/630/555 539/613/539 540/615/540
f 551/626/551 552/627/552 556/631/556
f 556/631/556 552/627/552 554/629/554
f 548/623/548 545/620/545 557/632/557
f 557/632/557 545/620/545 558/633/558
f 545/620/545 546/621/546 558/633/558
f 558/633/558 546/621/546 551/626/551
f 558/633/558 551/626/551 205/230/205
f 205/230/205 551/626/551 556/631/556
f 557/632/557 558/633/558 204/229/204
f 204/229/204 558/633/558 205/230/205
f 524/590/524 479/541/479 399/634/399
f 399/634/399 479/541/479 400/540/400
f 525/593/525 524/590/524 403/635/403
f 403/635/403 524/590/524 399/634/399
f 526/595/526 525/593/525 412/636/412
f 412/636/412 525/593/525 403/635/403
f 528/597/528 526/595/526 413/637/413
f 413/637/413 526/595/526 412/636/412
f 459/638/459 534/605/534 413/637/413
f 413/637/413 534/605/534 528/597/528
f 461/639/461 535/607/535 459/638/459
f 459/638/459 535/607/535 534/605/534
f 465/640/465 536/609/536 461/639/461
f 461/639/461 536/609/536 535/607/535
f 466/544/466 482/545/482 465/640/465
f 465/640/465 482/545/482 536/609/536
f 65/75/65 494/560/494 62/72/62
f 62/72/62 494/560/494 559/641/559
f 494/560/494 502/568/502 559/641/559
f 559/641/559 502/568/502 560/642/560
f 559/641/559 560/642/560 561/643/561
f 561/643/561 560/642/560 562/644/562
f 62/72/62 559/641/559 57/67/57
f 57/67/57 559/641/559 561/643/561
f 502/568/502 518/584/518 560/642/560
f 560/642/560 518/584/518 563/645/563
f 518/584/518 520/586/520 563/645/563
f 563/645/563 520/586/520 564/646/564
f 563/645/563 564/646/564 565/647/565
f 565/647/565 564/646/564 566/648/566
f 560/642/560 563/645/563 562/644/562
f 562/644/562 563/645/563 565/647/565
f 562/644/562 565/647/565 567/649/567
f 567/649/567 565/647/565 568/650/568
f 565/647/565 566/648/566 568/650/568
f 568/650/568 566/648/566 569/651/569
f 570/652/570 568/650/568 571/653/571
f 571/653/571 568/650/568 569/651/569
f 572/654/572 567/649/567 570/652/570
f 570/652/570 567/649/567 568/650/568
f 57/67/57 561/643/561 24/24/24
f 24/24/24 561/643/561 573/655/573
f 561/643/561 562/644/562 573/655/573
f 573/655/573 562/644/562 567/649/567
f 574/656/574 573/655/573 572/654/572
f 572/654/572 573/655/573 567/649/567
f 21/21/21 24/24/24 574/656/574
f 574/656/574 24/24/24 573/655/573
f 564/646/564 520/586/520 575/657/575
f 575/657/575 520/586/520 541/616/541
f 575/657/575 541/616/541 576/658/576
f 576/658/576 541/616/541 548/623/548
f 577/659/577 575/657/575 578/660/578
f 578/660/578 575/657/575 576/658/576
f 566/648/566 564/646/564 577/659/577
f 577/659/577 564/646/564 575/657/575
f 576/658/576 548/623/548 579/661/579
f 579/661/579 548/623/548 557/632/557
f 579/661/579 557/632/557 201/226/201
f 201/226/201 557/632/557 204/229/204
f 580/662/580 579/661/579 199/224/199
f 199/224/199 579/661/579 201/226/201
f 578/660/578 576/658/576 580/662/580
f 580/662/580 576/658/576 579/661/579
f 581/663/581 578/660/578 582/664/582
f 582/664/582 578/660/578 580/662/580
f 582/664/582 580/662/580 192/217/192
f 192/217/192 580/662/580 199/224/199
f 583/665/583 582/664/582 190/215/190
f 190/215/190 582/664/582 192/217/192
f 584/666/584 581/663/581 583/665/583
f 583/665/583 581/663/581 582/664/582
f 569/651/569 566/648/566 585/667/585
f 585/667/585 566/648/566 577/659/577
f 585/667/585 577/659/577 581/663/581
f 581/663/581 577/659/577 578/660/578
f 586/668/586 585/667/585 584/666/584
f 584/666/584 585/667/585 581/663/581
f 571/653/571 569/651/569 586/668/586
f 586/668/586 569/651/569 585/667/585
f 571/653/571 586/668/586 587/669/587
f 587/669/587 586/668/586 588/670/588
f 586/668/586 584/666/584 588/670/588
f 588/670/588 584/666/584 589/671/589
f 588/670/588 589/671/589 590/672/590
f 590/672/590 589/671/589 591/673/591
f 587/669/587 588/670/588 592/674/592
f 592/674/592 588/670/588 590/672/590
f 584/666/584 583/665/583 589/671/589
f 589/671/589 583/665/583 593/675/593
f 583/665/583 190/215/190 593/675/593
f 593/675/593 190/215/190 187/212/187
f 593/675/593 187/212/187 594/676/594
f 594/676/594 187/212/187 185/210/185
f 589/671/589 593/675/593 591/673/591
f 591/673/591 593/675/593 594/676/594
f 591/673/591 594/676/594 123/138/123
f 123/138/123 594/676/594 127/142/127
f 594/676/594 185/210/185 127/142/127
f 127/142/127 185/210/185 130/145/130
f 592/674/592 590/672/590 108/123/108
f 108/123/108 590/672/590 121/136/121
f 590/672/590 591/673/591 121/136/121
f 121/136/121 591/673/591 123/138/123
f 12/12/12 21/21/21 595/677/595
f 595/677/595 21/21/21 574/656/574
f 595/677/595 574/656/574 596/678/596
f 596/678/596 574/656/574 572/654/572
f 597/679/597 595/677/595 598/680/598
f 598/680/598 595/677/595 596/678/596
f 5/5/5 12/12/12 597/679/597
f 597/679/597 12/12/12 595/677/595
f 596/678/596 572/654/572 599/681/599
f 599/681/599 572/654/572 570/652/570
f 599/681/599 570/652/570 587/669/587
f 587/669/587 570/652/570 571/653/571
f 600/682/600 599/681/599 592/674/592
f 592/674/592 599/681/599 587/669/587
f 598/680/598 596/678/596 600/682/600
f 600/682/600 596/678/596 599/681/599
f 101/116/101 598/680/598 105/120/105
f 105/120/105 598/680/598 600/682/600
f 105/120/105 600/682/600 108/123/108
f 108/123/108 600/682/600 592/674/592
f 1/1/1 5/5/5 99/114/99
f 99/114/99 5/5/5 597/679/597
f 99/114/99 597/679/597 101/116/101
f 101/116/101 597/679/597 598/680/598
f 2/2/2 93/108/93 4/4/4
f 4/4/4 93/108/93 601/683/601
f 93/108/93 91/106/91 601/683/601
f 601/683/601 91/106/91 602/684/602
f 4/4/4 601/683/601 8/8/8
f 8/8/8 601/683/601 603/685/603
f 601/683/601 602/684/602 603/685/603
f 603/685/603 602/684/602 604/686/604
f 91/106/91 89/104/89 602/684/602
f 602/684/602 89/104/89 605/687/605
f 89/104/89 77/88/77 605/687/605
f 605/687/605 77/88/77 606/688/606
f 602/684/602 605/687/605 604/686/604
f 604/686/604 605/687/605 607/689/607
f 605/687/605 606/688/606 607/689/607
f 607/689/607 606/688/606 608/690/608
f 604/686/604 607/689/607 609/691/609
f 609/691/609 607/689/607 610/692/610
f 603/685/603 604/686/604 611/693/611
f 611/693/611 604/686/604 609/691/609
f 607/689/607 608/690/608 610/692/610
f 610/692/610 608/690/608 612/694/612
f 8/8/8 603/685/603 14/14/14
f 14/14/14 603/685/603 611/693/611
f 152/171/152 613/695/613 154/173/154
f 154/173/154 613/695/613 614/696/614
f 154/173/154 614/696/614 71/81/71
f 71/81/71 614/696/614 75/85/75
f 150/169/150 615/697/615 152/171/152
f 152/171/152 615/697/615 613/695/613
f 615/698/615 612/694/612 613/699/613
f 613/699/613 612/694/612 608/690/608
f 613/699/613 608/690/608 614/700/614
f 614/700/614 608/690/608 606/688/606
f 614/700/614 606/688/606 75/87/75
f 75/87/75 606/688/606 77/88/77
f 32/35/32 616/701/616 148/167/148
f 148/167/148 616/701/616 617/702/617
f 616/701/616 32/35/32 618/703/618
f 618/703/618 32/35/32 25/36/25
f 619/704/619 616/701/616 620/705/620
f 620/705/620 616/701/616 618/703/618
f 616/701/616 619/704/619 617/702/617
f 617/702/617 619/704/619 621/706/621
f 618/707/618 25/25/25 611/693/611
f 611/693/611 25/25/25 14/14/14
f 620/708/620 618/707/618 609/691/609
f 609/691/609 618/707/618 611/693/611
f 622/709/622 620/708/620 610/692/610
f 610/692/610 620/708/620 609/691/609
f 610/692/610 612/694/612 622/709/622
f 622/709/622 612/694/612 615/698/615
f 622/710/622 615/697/615 623/711/623
f 623/711/623 615/697/615 150/169/150
f 619/704/619 623/712/623 621/706/621
f 621/706/621 623/712/623 624/713/624
f 623/712/623 619/704/619 622/714/622
f 622/714/622 619/704/619 620/705/620
f 623/711/623 150/169/150 624/715/624
f 624/715/624 150/169/150 149/168/149
f 232/263/232 625/716/625 159/178/159
f 159/178/159 625/716/625 160/179/160
f 230/261/230 626/717/626 232/263/232
f 232/263/232 626/717/626 625/716/625
f 228/259/228 627/718/627 230/261/230
f 230/261/230 627/718/627 626/717/626
f 226/255/226 628/719/628 228/257/228
f 228/257/228 628/719/628 627/720/627
f 627/721/627 629/722/629 626/723/626
f 626/723/626 629/722/629 630/724/630
f 628/725/628 631/726/631 627/721/627
f 627/721/627 631/726/631 629/722/629
f 626/723/626 630/724/630 625/727/625
f 625/727/625 630/724/630 632/728/632
f 625/727/625 632/728/632 160/185/160
f 160/185/160 632/728/632 166/186/166
f 224/253/224 222/251/222 633/729/633
f 633/729/633 222/251/222 634/730/634
f 144/163/144 634/730/634 145/164/145
f 145/164/145 634/730/634 222/251/222
f 135/150/135 635/731/635 144/162/144
f 144/162/144 635/731/635 634/732/634
f 633/733/633 634/732/634 636/734/636
f 636/734/636 634/732/634 635/731/635
f 633/729/633 628/719/628 224/253/224
f 224/253/224 628/719/628 226/255/226
f 636/734/636 631/726/631 633/733/633
f 633/733/633 631/726/631 628/725/628
f 128/143/128 184/209/184 129/144/129
f 129/144/129 184/209/184 637/735/637
f 184/209/184 180/205/180 637/735/637
f 637/735/637 180/205/180 638/736/638
f 637/735/637 638/736/638 639/737/639
f 639/737/639 638/736/638 640/738/640
f 129/144/129 637/735/637 131/146/131
f 131/146/131 637/735/637 639/737/639
f 180/205/180 166/186/166 638/736/638
f 638/736/638 166/186/166 632/728/632
f 638/736/638 632/728/632 640/738/640
f 640/738/640 632/728/632 630/724/630
f 640/738/640 630/724/630 641/739/641
f 641/739/641 630/724/630 629/722/629
f 631/726/631 636/734/636 629/722/629
f 629/722/629 636/734/636 641/739/641
f 642/740/642 641/739/641 635/731/635
f 635/731/635 641/739/641 636/734/636
f 131/146/131 639/737/639 134/149/134
f 134/149/134 639/737/639 642/740/642
f 639/737/639 640/738/640 642/740/642
f 642/740/642 640/738/640 641/739/641
f 134/149/134 642/740/642 135/150/135
f 135/150/135 642/740/642 635/731/635
f 617/741/617 643/742/643 148/265/148
f 148/265/148 643/742/643 234/266/234
f 621/743/621 644/744/644 617/741/617
f 617/741/617 644/744/644 643/742/643
f 624/745/624 645/746/645 621/743/621
f 621/743/621 645/746/645 644/744/644
f 149/747/149 646/748/646 624/745/624
f 624/745/624 646/748/646 645/746/645
f 644/744/644 645/746/645 647/749/647
f 647/749/647 645/746/645 648/750/648
f 645/746/645 646/748/646 648/750/648
f 648/750/648 646/748/646 649/751/649
f 643/742/643 644/744/644 650/752/650
f 650/752/650 644/744/644 647/749/647
f 234/266/234 643/742/643 239/274/239
f 239/274/239 643/742/643 650/752/650
f 315/355/315 651/753/651 72/357/72
f 72/357/72 651/753/651 153/754/153
f 651/753/651 652/755/652 153/754/153
f 153/754/153 652/755/652 151/756/151
f 315/355/315 299/339/299 651/753/651
f 651/753/651 299/339/299 653/757/653
f 651/753/651 653/757/653 652/755/652
f 652/755/652 653/757/653 654/758/654
f 652/755/652 646/748/646 151/756/151
f 151/756/151 646/748/646 149/747/149
f 654/758/654 649/751/649 652/755/652
f 652/755/652 649/751/649 646/748/646
f 289/329/289 253/290/253 655/759/655
f 655/759/655 253/290/253 252/289/252
f 655/759/655 252/289/252 656/760/656
f 656/760/656 252/289/252 248/285/248
f 657/761/657 655/759/655 658/762/658
f 658/762/658 655/759/655 656/760/656
f 291/331/291 289/329/289 657/761/657
f 657/761/657 289/329/289 655/759/655
f 239/274/239 650/752/650 248/285/248
f 248/285/248 650/752/650 656/760/656
f 658/762/658 656/760/656 647/749/647
f 647/749/647 656/760/656 650/752/650
f 647/749/647 648/750/648 658/762/658
f 658/762/658 648/750/648 659/763/659
f 648/750/648 649/751/649 659/763/659
f 659/763/659 649/751/649 654/758/654
f 659/763/659 654/758/654 660/764/660
f 660/764/660 654/758/654 653/757/653
f 297/337/297 291/331/291 660/764/660
f 660/764/660 291/331/291 657/761/657
f 660/764/660 657/761/657 659/763/659
f 659/763/659 657/761/657 658/762/658
f 660/764/660 653/757/653 297/337/297
f 297/337/297 653/757/653 299/339/299
f 221/765/221 661/766/661 147/374/147
f 147/374/147 661/766/661 326/375/326
f 223/767/223 662/768/662 221/765/221
f 221/765/221 662/768/662 661/766/661
f 225/769/225 663/770/663 223/767/223
f 223/767/223 663/770/663 662/768/662
f 663/770/663 664/771/664 662/768/662
f 662/768/662 664/771/664 665/772/665
f 665/772/665 666/773/666 662/768/662
f 662/768/662 666/773/666 661/766/661
f 666/773/666 327/376/327 661/766/661
f 661/766/661 327/376/327 326/375/326
f 231/774/231 233/427/233 667/775/667
f 667/775/667 233/427/233 372/421/372
f 229/776/229 231/774/231 668/777/668
f 668/777/668 231/774/231 667/775/667
f 372/421/372 359/408/359 667/775/667
f 667/775/667 359/408/359 669/778/669
f 667/775/667 669/778/669 668/777/668
f 668/777/668 669/778/669 670/779/670
f 668/777/668 670/779/670 671/780/671
f 671/780/671 670/779/670 672/781/672
f 671/780/671 672/781/672 663/770/663
f 663/770/663 672/781/672 664/771/664
f 227/782/227 671/780/671 225/769/225
f 225/769/225 671/780/671 663/770/663
f 227/782/227 229/776/229 671/780/671
f 671/780/671 229/776/229 668/777/668
f 343/392/343 673/783/673 346/395/346
f 346/395/346 673/783/673 348/397/348
f 342/391/342 674/784/674 343/392/343
f 343/392/343 674/784/674 673/783/673
f 673/783/673 675/785/675 348/397/348
f 348/397/348 675/785/675 353/402/353
f 674/784/674 676/786/676 673/783/673
f 673/783/673 676/786/676 675/785/675
f 341/390/341 677/787/677 342/391/342
f 342/391/342 677/787/677 674/784/674
f 327/376/327 666/773/666 341/390/341
f 341/390/341 666/773/666 677/787/677
f 677/787/677 678/788/678 674/784/674
f 674/784/674 678/788/678 676/786/676
f 666/773/666 665/772/665 677/787/677
f 677/787/677 665/772/665 678/788/678
f 678/788/678 672/781/672 676/786/676
f 676/786/676 672/781/672 670/779/670
f 676/786/676 670/779/670 675/785/675
f 675/785/675 670/779/670 669/778/669
f 665/772/665 664/771/664 678/788/678
f 678/788/678 664/771/664 672/781/672
f 675/785/675 669/778/669 353/402/353
f 353/402/353 669/778/669 359/408/359
f 477/789/477 679/790/679 400/458/400
f 400/458/400 679/790/679 402/460/402
f 475/791/475 680/792/680 477/789/477
f 477/789/477 680/792/680 679/790/679
f 473/793/473 681/794/681 475/791/475
f 475/791/475 681/794/681 680/792/680
f 681/794/681 682/795/682 680/792/680
f 680/792/680 682/795/682 683/796/683
f 683/796/683 684/797/684 680/792/680
f 680/792/680 684/797/684 679/790/679
f 684/797/684 405/463/405 679/790/679
f 679/790/679 405/463/405 402/460/402
f 467/798/467 286/326/286 685/799/685
f 685/799/685 286/326/286 285/324/285
f 469/800/469 467/798/467 686/801/686
f 686/801/686 467/798/467 685/799/685
f 285/324/285 281/318/281 685/799/685
f 685/799/685 281/318/281 687/802/687
f 685/799/685 687/802/687 686/801/686
f 686/801/686 687/802/687 688/803/688
f 686/801/686 688/803/688 689/804/689
f 689/804/689 688/803/688 690/805/690
f 689/804/689 690/805/690 681/794/681
f 681/794/681 690/805/690 682/795/682
f 471/806/471 689/804/689 473/793/473
f 473/793/473 689/804/689 681/794/681
f 471/806/471 469/800/469 689/804/689
f 689/804/689 469/800/469 686/801/686
f 418/476/418 691/807/691 276/313/276
f 276/313/276 691/807/691 277/314/277
f 416/474/416 692/808/692 418/476/418
f 418/476/418 692/808/692 691/807/691
f 691/807/691 693/809/693 277/314/277
f 277/314/277 693/809/693 279/316/279
f 692/808/692 694/810/694 691/807/691
f 691/807/691 694/810/694 693/809/693
f 414/472/414 695/811/695 416/474/416
f 416/474/416 695/811/695 692/808/692
f 405/463/405 684/797/684 414/472/414
f 414/472/414 684/797/684 695/811/695
f 695/811/695 696/812/696 692/808/692
f 692/808/692 696/812/696 694/810/694
f 684/797/684 683/796/683 695/811/695
f 695/811/695 683/796/683 696/812/696
f 696/812/696 690/805/690 694/810/694
f 694/810/694 690/805/690 688/803/688
f 694/810/694 688/803/688 693/809/693
f 693/809/693 688/803/688 687/802/687
f 683/796/683 682/795/682 696/812/696
f 696/812/696 682/795/682 690/805/690
f 693/809/693 687/802/687 279/316/279
f 279/316/279 687/802/687 281/318/281
f 491/813/491 697/814/697 383/441/383
f 383/441/383 697/814/697 382/440/382
f 489/815/489 698/816/698 491/813/491
f 491/813/491 698/816/698 697/814/697
f 487/817/487 699/818/699 489/815/489
f 489/815/489 699/818/699 698/816/698
f 485/819/485 700/820/700 487/817/487
f 487/817/487 700/820/700 699/818/699
f 698/816/698 699/818/699 701/821/701
f 701/821/701 699/818/699 702/822/702
f 699/818/699 700/820/700 702/822/702
f 702/822/702 700/820/700 703/823/703
f 697/814/697 698/816/698 704/824/704
f 704/824/704 698/816/698 701/821/701
f 382/440/382 697/814/697 385/443/385
f 385/443/385 697/814/697 704/824/704
f 464/522/464 705/825/705 466/524/466
f 466/524/466 705/825/705 480/826/480
f 705/825/705 706/827/706 480/826/480
f 480/826/480 706/827/706 483/828/483
f 464/522/464 458/516/458 705/825/705
f 705/825/705 458/516/458 707/829/707
f 705/825/705 707/829/707 706/827/706
f 706/827/706 707/829/707 708/830/708
f 706/827/706 700/820/700 483/828/483
f 483/828/483 700/820/700 485/819/485
f 708/830/708 703/823/703 706/827/706
f 706/827/706 703/823/703 700/820/700
f 453/511/453 397/455/397 709/831/709
f 709/831/709 397/455/397 396/454/396
f 709/831/709 396/454/396 710/832/710
f 710/832/710 396/454/396 393/451/393
f 711/833/711 709/831/709 712/834/712
f 712/834/712 709/831/709 710/832/710
f 454/512/454 453/511/453 711/833/711
f 711/833/711 453/511/453 709/831/709
f 385/443/385 704/824/704 393/451/393
f 393/451/393 704/824/704 710/832/710
f 712/834/712 710/832/710 701/821/701
f 701/821/701 710/832/710 704/824/704
f 701/821/701 702/822/702 712/834/712
f 712/834/712 702/822/702 713/835/713
f 702/822/702 703/823/703 713/835/713
f 713/835/713 703/823/703 708/830/708
f 713/835/713 708/830/708 714/836/714
f 714/836/714 708/830/708 707/829/707
f 457/515/457 454/512/454 714/836/714
f 714/836/714 454/512/454 711/833/711
f 714/836/714 711/833/711 713/835/713
f 713/835/713 711/833/711 712/834/712
f 714/836/714 707/829/707 457/515/457
f 457/515/457 707/829/707 458/516/458
f 468/526/468 715/837/715 54/62/54
f 54/62/54 715/837/715 53/61/53
f 470/529/470 716/838/716 468/526/468
f 468/526/468 716/838/716 715/837/715
f 472/531/472 717/839/717 470/529/470
f 470/529/470 717/839/717 716/838/716
f 474/533/474 718/840/718 472/535/472
f 472/535/472 718/840/718 717/841/717
f 717/842/717 719/843/719 716/844/716
f 716/844/716 719/843/719 720/845/720
f 718/846/718 721/847/721 717/842/717
f 717/842/717 721/847/721 719/843/719
f 716/844/716 720/845/720 715/848/715
f 715/848/715 720/845/720 722/849/722
f 715/848/715 722/849/722 53/66/53
f 53/66/53 722/849/722 56/65/56
f 476/537/476 478/539/478 723/850/723
f 723/850/723 478/539/478 724/851/724
f 521/591/521 724/851/724 479/541/479
f 479/541/479 724/851/724 478/539/478
f 505/571/505 725/852/725 521/587/521
f 521/587/521 725/852/725 724/853/724
f 723/854/723 724/853/724 726/855/726
f 726/855/726 724/853/724 725/852/725
f 723/850/723 718/840/718 476/537/476
f 476/537/476 718/840/718 474/533/474
f 726/855/726 721/847/721 723/854/723
f 723/854/723 721/847/721 718/846/718
f 68/78/68 67/77/67 495/561/495
f 495/561/495 67/77/67 727/856/727
f 67/77/67 64/74/64 727/856/727
f 727/856/727 64/74/64 728/857/728
f 727/856/727 728/857/728 729/858/729
f 729/858/729 728/857/728 730/859/730
f 495/561/495 727/856/727 497/563/497
f 497/563/497 727/856/727 729/858/729
f 64/74/64 56/65/56 728/857/728
f 728/857/728 56/65/56 722/849/722
f 728/857/728 722/849/722 730/859/730
f 730/859/730 722/849/722 720/845/720
f 730/859/730 720/845/720 731/860/731
f 731/860/731 720/845/720 719/843/719
f 721/847/721 726/855/726 719/843/719
f 719/843/719 726/855/726 731/860/731
f 732/861/732 731/860/731 725/852/725
f 725/852/725 731/860/731 726/855/726
f 497/563/497 729/858/729 503/569/503
f 503/569/503 729/858/729 732/861/732
f 729/858/729 730/859/730 732/861/732
f 732/861/732 730/859/730 731/860/731
f 503/569/503 732/861/732 505/571/505
f 505/571/505 732/861/732 725/852/725
f 205/230/205 556/631/556 206/231/206
f 206/231/206 556/631/556 733/862/733
f 556/631/556 554/629/554 733/862/733
f 733/862/733 554/629/554 734/863/734
f 206/231/206 733/862/733 207/232/207
f 207/232/207 733/862/733 735/864/735
f 733/862/733 734/863/734 735/864/735
f 735/864/735 734/863/734 736/865/736
f 554/629/554 555/630/555 734/863/734
f 734/863/734 555/630/555 737/866/737
f 555/630/555 540/615/540 737/866/737
f 737/866/737 540/615/540 738/867/738
f 734/863/734 737/866/737 736/865/736
f 736/865/736 737/866/737 739/868/739
f 737/866/737 738/867/738 739/868/739
f 739/868/739 738/867/738 740/869/740
f 736/865/736 739/868/739 741/870/741
f 741/870/741 739/868/739 742/871/742
f 735/864/735 736/865/736 743/872/743
f 743/872/743 736/865/736 741/870/741
f 739/868/739 740/869/740 742/871/742
f 742/871/742 740/869/740 744/873/744
f 207/232/207 735/864/735 209/234/209
f 209/234/209 735/864/735 743/872/743
f 484/547/484 745/874/745 481/543/481
f 481/543/481 745/874/745 746/875/746
f 481/543/481 746/875/746 482/545/482
f 482/545/482 746/875/746 538/611/538
f 486/549/486 747/876/747 484/547/484
f 484/547/484 747/876/747 745/874/745
f 747/877/747 744/873/744 745/878/745
f 745/878/745 744/873/744 740/869/740
f 745/878/745 740/869/740 746/879/746
f 746/879/746 740/869/740 738/867/738
f 746/879/746 738/867/738 538/614/538
f 538/614/538 738/867/738 540/615/540
f 492/557/492 220/248/220 748/880/748
f 748/880/748 220/248/220 217/249/217
f 490/555/490 492/557/492 749/881/749
f 749/881/749 492/557/492 748/880/748
f 748/882/748 217/244/217 743/872/743
f 743/872/743 217/244/217 209/234/209
f 749/883/749 748/882/748 741/870/741
f 741/870/741 748/882/748 743/872/743
f 750/884/750 749/883/749 742/871/742
f 742/871/742 749/883/749 741/870/741
f 742/871/742 744/873/744 750/884/750
f 750/884/750 744/873/744 747/877/747
f 750/885/750 747/876/747 488/551/488
f 488/551/488 747/876/747 486/549/486
f 488/554/488 490/555/490 750/886/750
f 750/886/750 490/555/490 749/881/749
f 751/887/751 752/888/752 753/889/753
f 753/889/753 752/888/752 754/890/754
f 755/891/755 756/892/756 754/890/754
f 754/890/754 756/892/756 753/889/753
f 757/893/757 758/894/758 755/891/755
f 755/891/755 758/894/758 756/892/756
f 756/892/756 759/895/759 753/889/753
f 753/889/753 759/895/759 760/896/760
f 758/894/758 761/897/761 756/892/756
f 756/892/756 761/897/761 759/895/759
f 762/898/762 751/887/751 760/896/760
f 760/896/760 751/887/751 753/889/753
f 763/899/763 764/900/764 757/893/757
f 757/893/757 764/900/764 758/894/758
f 764/900/764 765/901/765 758/894/758
f 758/894/758 765/901/765 761/897/761
f 761/897/761 766/902/766 759/895/759
f 759/895/759 766/902/766 767/903/767
f 765/901/765 768/904/768 761/897/761
f 761/897/761 768/904/768 766/902/766
f 768/904/768 769/905/769 766/902/766
f 766/902/766 769/905/769 770/906/770
f 766/902/766 770/906/770 767/903/767
f 767/903/767 770/906/770 771/907/771
f 772/908/772 762/898/762 773/909/773
f 773/909/773 762/898/762 760/896/760
f 759/895/759 767/903/767 760/896/760
f 760/896/760 767/903/767 773/909/773
f 767/903/767 771/907/771 773/909/773
f 773/909/773 771/907/771 774/910/774
f 775/911/775 772/908/772 774/910/774
f 774/910/774 772/908/772 773/909/773
f 776/912/776 777/913/777 763/899/763
f 763/899/763 777/913/777 764/900/764
f 777/913/777 778/914/778 764/900/764
f 764/900/764 778/914/778 765/901/765
f 778/914/778 779/915/779 765/901/765
f 765/901/765 779/915/779 768/904/768
f 779/915/779 780/916/780 768/904/768
f 768/904/768 780/916/780 769/905/769
f 769/905/769 780/916/780 781/917/781
f 781/917/781 780/916/780 782/918/782
f 781/917/781 782/918/782 783/919/783
f 783/919/783 782/918/782 784/920/784
f 783/919/783 784/920/784 785/921/785
f 785/921/785 784/920/784 786/922/786
f 785/921/785 786/922/786 787/923/787
f 787/923/787 786/922/786 788/924/788
f 775/911/775 774/910/774 789/925/789
f 789/925/789 774/910/774 790/926/790
f 774/910/774 771/907/771 790/926/790
f 790/926/790 771/907/771 791/927/791
f 771/907/771 770/906/770 791/927/791
f 791/927/791 770/906/770 792/928/792
f 790/926/790 791/927/791 793/929/793
f 793/929/793 791/927/791 794/930/794
f 791/927/791 792/928/792 794/930/794
f 794/930/794 792/928/792 795/931/795
f 789/925/789 790/926/790 796/932/796
f 796/932/796 790/926/790 793/929/793
f 770/906/770 769/905/769 792/928/792
f 792/928/792 769/905/769 781/917/781
f 792/928/792 781/917/781 795/931/795
f 795/931/795 781/917/781 783/919/783
f 794/930/794 795/931/795 797/933/797
f 797/933/797 795/931/795 798/934/798
f 795/931/795 783/919/783 798/934/798
f 798/934/798 783/919/783 785/921/785
f 798/934/798 785/921/785 799/935/799
f 799/935/799 785/921/785 787/923/787
f 797/933/797 798/934/798 800/936/800
f 800/936/800 798/934/798 799/935/799
f 796/932/796 793/929/793 801/937/801
f 801/937/801 793/929/793 802/938/802
f 793/929/793 794/930/794 802/938/802
f 802/938/802 794/930/794 797/933/797
f 802/938/802 797/933/797 803/939/803
f 803/939/803 797/933/797 800/936/800
f 801/937/801 802/938/802 804/940/804
f 804/940/804 802/938/802 803/939/803
f 805/941/805 776/912/776 806/942/806
f 806/942/806 776/912/776 763/899/763
f 807/943/807 805/941/805 808/944/808
f 808/944/808 805/941/805 806/942/806
f 809/945/809 807/943/807 810/946/810
f 810/946/810 807/943/807 808/944/808
f 811/947/811 809/945/809 812/948/812
f 812/948/812 809/945/809 810/946/810
f 813/949/813 811/947/811 814/950/814
f 814/950/814 811/947/811 812/948/812
f 806/942/806 763/899/763 815/951/815
f 815/951/815 763/899/763 757/893/757
f 808/944/808 806/942/806 816/952/816
f 816/952/816 806/942/806 815/951/815
f 815/951/815 757/893/757 817/953/817
f 817/953/817 757/893/757 755/891/755
f 816/952/816 815/951/815 818/954/818
f 818/954/818 815/951/815 817/953/817
f 810/946/810 808/944/808 819/955/819
f 819/955/819 808/944/808 816/952/816
f 817/953/817 755/891/755 820/956/820
f 820/956/820 755/891/755 754/890/754
f 754/890/754 752/888/752 820/956/820
f 820/956/820 752/888/752 821/957/821
f 820/956/820 821/957/821 822/958/822
f 822/958/822 821/957/821 823/959/823
f 817/953/817 820/956/820 818/954/818
f 818/954/818 820/956/820 822/958/822
f 822/958/822 823/959/823 824/960/824
f 824/960/824 823/959/823 825/961/825
f 818/954/818 822/958/822 826/962/826
f 826/962/826 822/958/822 824/960/824
f 818/954/818 826/962/826 816/952/816
f 816/952/816 826/962/826 819/955/819
f 827/963/827 828/964/828 826/962/826
f 826/962/826 828/964/828 819/955/819
f 824/960/824 825/961/825 829/965/829
f 829/965/829 825/961/825 830/966/830
f 826/962/826 824/960/824 827/963/827
f 827/963/827 824/960/824 829/965/829
f 829/965/829 830/966/830 831/967/831
f 831/967/831 830/966/830 832/968/832
f 833/969/833 827/963/827 831/967/831
f 831/967/831 827/963/827 829/965/829
f 812/948/812 810/946/810 828/964/828
f 828/964/828 810/946/810 819/955/819
f 834/970/834 828/964/828 833/969/833
f 833/969/833 828/964/828 827/963/827
f 814/950/814 812/948/812 834/970/834
f 834/970/834 812/948/812 828/964/828
f 814/950/814 834/970/834 835/971/835
f 835/971/835 834/970/834 836/972/836
f 836/972/836 834/970/834 837/973/837
f 837/973/837 834/970/834 833/969/833
f 835/971/835 836/972/836 838/974/838
f 838/974/838 836/972/836 839/975/839
f 832/968/832 840/976/840 831/967/831
f 831/967/831 840/976/840 841/977/841
f 831/967/831 841/977/841 833/969/833
f 833/969/833 841/977/841 837/973/837
f 840/976/840 842/978/842 841/977/841
f 841/977/841 842/978/842 843/979/843
f 844/980/844 837/973/837 843/979/843
f 843/979/843 837/973/837 841/977/841
f 836/972/836 837/973/837 839/975/839
f 839/975/839 837/973/837 844/980/844
f 845/981/845 846/982/846 844/980/844
f 844/980/844 846/982/846 839/975/839
f 842/978/842 847/983/847 843/979/843
f 843/979/843 847/983/847 848/984/848
f 843/979/843 848/984/848 844/980/844
f 844/980/844 848/984/848 845/981/845
f 847/983/847 849/985/849 848/984/848
f 848/984/848 849/985/849 850/986/850
f 850/986/850 851/987/851 848/984/848
f 848/984/848 851/987/851 845/981/845
f 851/987/851 852/988/852 845/981/845
f 845/981/845 852/988/852 846/982/846
f 838/974/838 839/975/839 853/989/853
f 853/989/853 839/975/839 846/982/846
f 853/989/853 846/982/846 854/990/854
f 854/990/854 846/982/846 852/988/852
f 813/949/813 814/950/814 855/991/855
f 855/991/855 814/950/814 835/971/835
f 855/991/855 835/971/835 856/992/856
f 856/992/856 835/971/835 838/974/838
f 856/992/856 838/974/838 857/993/857
f 857/993/857 838/974/838 853/989/853
f 857/993/857 853/989/853 858/994/858
f 858/994/858 853/989/853 854/990/854
f 803/939/803 859/995/859 804/940/804
f 804/940/804 859/995/859 860/996/860
f 803/939/803 800/936/800 859/995/859
f 859/995/859 800/936/800 861/997/861
f 862/998/862 860/996/860 863/999/863
f 863/999/863 860/996/860 859/995/859
f 800/936/800 799/935/799 861/997/861
f 861/997/861 799/935/799 864/1000/864
f 861/997/861 864/1000/864 865/1001/865
f 865/1001/865 864/1000/864 866/1002/866
f 861/997/861 865/1001/865 859/995/859
f 859/995/859 865/1001/865 863/999/863
f 867/1003/867 863/999/863 868/1004/868
f 868/1004/868 863/999/863 865/1001/865
f 869/1005/869 862/998/862 867/1003/867
f 867/1003/867 862/998/862 863/999/863
f 799/935/799 787/923/787 864/1000/864
f 864/1000/864 787/923/787 870/1006/870
f 864/1000/864 870/1006/870 866/1002/866
f 866/1002/866 870/1006/870 871/1007/871
f 866/1002/866 871/1007/871 872/1008/872
f 872/1008/872 871/1007/871 873/1009/873
f 865/1001/865 866/1002/866 868/1004/868
f 868/1004/868 866/1002/866 872/1008/872
f 872/1008/872 874/1010/874 868/1004/868
f 868/1004/868 874/1010/874 875/1011/875
f 872/1008/872 873/1009/873 874/1010/874
f 874/1010/874 873/1009/873 876/1012/876
f 877/1013/877 874/1010/874 878/1014/878
f 878/1014/878 874/1010/874 876/1012/876
f 879/1015/879 869/1005/869 880/1016/880
f 880/1016/880 869/1005/869 867/1003/867
f 868/1004/868 875/1011/875 867/1003/867
f 867/1003/867 875/1011/875 880/1016/880
f 881/1017/881 875/1011/875 877/1013/877
f 877/1013/877 875/1011/875 874/1010/874
f 882/1018/882 880/1016/880 881/1017/881
f 881/1017/881 880/1016/880 875/1011/875
f 883/1019/883 879/1015/879 882/1018/882
f 882/1018/882 879/1015/879 880/1016/880
f 787/923/787 788/924/788 870/1006/870
f 870/1006/870 788/924/788 884/1020/884
f 870/1006/870 884/1020/884 871/1007/871
f 871/1007/871 884/1020/884 885/1021/885
f 871/1007/871 885/1021/885 873/1009/873
f 873/1009/873 885/1021/885 886/1022/886
f 873/1009/873 886/1022/886 876/1012/876
f 876/1012/876 886/1022/886 887/1023/887
f 878/1014/878 876/1012/876 888/1024/888
f 888/1024/888 876/1012/876 887/1023/887
f 889/1025/889 878/1014/878 890/1026/890
f 890/1026/890 878/1014/878 888/1024/888
f 891/1027/891 889/1025/889 892/1028/892
f 892/1028/892 889/1025/889 890/1026/890
f 893/1029/893 891/1027/891 894/1030/894
f 894/1030/894 891/1027/891 892/1028/892
f 894/1030/894 895/1031/895 893/1029/893
f 893/1029/893 895/1031/895 896/1032/896
f 883/1019/883 882/1018/882 897/1033/897
f 897/1033/897 882/1018/882 898/1034/898
f 881/1017/881 877/1013/877 899/1035/899
f 899/1035/899 877/1013/877 900/1036/900
f 882/1018/882 881/1017/881 898/1034/898
f 898/1034/898 881/1017/881 899/1035/899
f 898/1034/898 899/1035/899 901/1037/901
f 901/1037/901 899/1035/899 902/1038/902
f 897/1033/897 898/1034/898 903/1039/903
f 903/1039/903 898/1034/898 901/1037/901
f 878/1014/878 889/1025/889 877/1013/877
f 877/1013/877 889/1025/889 900/1036/900
f 904/1040/904 900/1036/900 891/1027/891
f 891/1027/891 900/1036/900 889/1025/889
f 900/1036/900 904/1040/904 899/1035/899
f 899/1035/899 904/1040/904 902/1038/902
f 904/1040/904 905/1041/905 902/1038/902
f 902/1038/902 905/1041/905 906/1042/906
f 891/1027/891 893/1029/893 904/1040/904
f 904/1040/904 893/1029/893 905/1041/905
f 893/1029/893 896/1032/896 905/1041/905
f 905/1041/905 896/1032/896 907/1043/907
f 905/1041/905 907/1043/907 906/1042/906
f 906/1042/906 907/1043/907 908/1044/908
f 903/1039/903 901/1037/901 909/1045/909
f 909/1045/909 901/1037/901 910/1046/910
f 901/1037/901 902/1038/902 910/1046/910
f 910/1046/910 902/1038/902 906/1042/906
f 906/1042/906 908/1044/908 910/1046/910
f 910/1046/910 908/1044/908 911/1047/911
f 909/1045/909 910/1046/910 912/1048/912
f 912/1048/912 910/1046/910 911/1047/911
f 913/1049/913 912/1048/912 914/1050/914
f 914/1050/914 912/1048/912 911/1047/911
f 908/1044/908 915/1051/915 911/1047/911
f 911/1047/911 915/1051/915 914/1050/914
f 907/1043/907 916/1052/916 908/1044/908
f 908/1044/908 916/1052/916 915/1051/915
f 915/1051/915 917/1053/917 914/1050/914
f 914/1050/914 917/1053/917 918/1054/918
f 916/1052/916 919/1055/919 915/1051/915
f 915/1051/915 919/1055/919 917/1053/917
f 920/1056/920 913/1049/913 918/1054/918
f 918/1054/918 913/1049/913 914/1050/914
f 896/1032/896 921/1057/921 907/1043/907
f 907/1043/907 921/1057/921 916/1052/916
f 921/1057/921 922/1058/922 916/1052/916
f 916/1052/916 922/1058/922 919/1055/919
f 919/1055/919 923/1059/923 917/1053/917
f 917/1053/917 923/1059/923 924/1060/924
f 922/1058/922 925/1061/925 919/1055/919
f 919/1055/919 925/1061/925 923/1059/923
f 925/1061/925 926/1062/926 923/1059/923
f 923/1059/923 926/1062/926 927/1063/927
f 923/1059/923 927/1063/927 924/1060/924
f 924/1060/924 927/1063/927 928/1064/928
f 929/1065/929 920/1056/920 930/1066/930
f 930/1066/930 920/1056/920 918/1054/918
f 917/1053/917 924/1060/924 918/1054/918
f 918/1054/918 924/1060/924 930/1066/930
f 924/1060/924 928/1064/928 930/1066/930
f 930/1066/930 928/1064/928 931/1067/931
f 932/1068/932 929/1065/929 931/1067/931
f 931/1067/931 929/1065/929 930/1066/930
f 895/1031/895 933/1069/933 896/1032/896
f 896/1032/896 933/1069/933 921/1057/921
f 933/1069/933 934/1070/934 921/1057/921
f 921/1057/921 934/1070/934 922/1058/922
f 934/1070/934 935/1071/935 922/1058/922
f 922/1058/922 935/1071/935 925/1061/925
f 935/1071/935 936/1072/936 925/1061/925
f 925/1061/925 936/1072/936 926/1062/926
f 926/1062/926 936/1072/936 937/1073/937
f 937/1073/937 936/1072/936 938/1074/938
f 937/1073/937 938/1074/938 939/1075/939
f 939/1075/939 938/1074/938 940/1076/940
f 939/1075/939 940/1076/940 941/1077/941
f 941/1077/941 940/1076/940 942/1078/942
f 941/1077/941 942/1078/942 854/990/854
f 854/990/854 942/1078/942 858/994/858
f 932/1068/932 931/1067/931 943/1079/943
f 943/1079/943 931/1067/931 944/1080/944
f 931/1067/931 928/1064/928 944/1080/944
f 944/1080/944 928/1064/928 945/1081/945
f 928/1064/928 927/1063/927 945/1081/945
f 945/1081/945 927/1063/927 946/1082/946
f 944/1080/944 945/1081/945 947/1083/947
f 947/1083/947 945/1081/945 948/1084/948
f 945/1081/945 946/1082/946 948/1084/948
f 948/1084/948 946/1082/946 949/1085/949
f 943/1079/943 944/1080/944 950/1086/950
f 950/1086/950 944/1080/944 947/1083/947
f 927/1063/927 926/1062/926 946/1082/946
f 946/1082/946 926/1062/926 937/1073/937
f 946/1082/946 937/1073/937 949/1085/949
f 949/1085/949 937/1073/937 939/1075/939
f 948/1084/948 949/1085/949 951/1087/951
f 951/1087/951 949/1085/949 952/1088/952
f 949/1085/949 939/1075/939 952/1088/952
f 952/1088/952 939/1075/939 941/1077/941
f 952/1088/952 941/1077/941 852/988/852
f 852/988/852 941/1077/941 854/990/854
f 951/1087/951 952/1088/952 851/987/851
f 851/987/851 952/1088/952 852/988/852
f 950/1086/950 947/1083/947 953/1089/953
f 953/1089/953 947/1083/947 954/1090/954
f 947/1083/947 948/1084/948 954/1090/954
f 954/1090/954 948/1084/948 951/1087/951
f 954/1090/954 951/1087/951 850/986/850
f 850/986/850 951/1087/951 851/987/851
f 953/1089/953 954/1090/954 849/985/849
f 849/985/849 954/1090/954 850/986/850
f 821/957/821 752/888/752 955/1091/955
f 955/1091/955 752/888/752 751/887/751
f 823/959/823 821/957/821 956/1092/956
f 956/1092/956 821/957/821 955/1091/955
f 751/887/751 762/898/762 955/1091/955
f 955/1091/955 762/898/762 957/1093/957
f 955/1091/955 957/1093/957 956/1092/956
f 956/1092/956 957/1093/957 958/1094/958
f 959/1095/959 956/1092/956 960/1096/960
f 960/1096/960 956/1092/956 958/1094/958
f 825/961/825 823/959/823 959/1095/959
f 959/1095/959 823/959/823 956/1092/956
f 762/898/762 772/908/772 957/1093/957
f 957/1093/957 772/908/772 961/1097/961
f 957/1093/957 961/1097/961 958/1094/958
f 958/1094/958 961/1097/961 962/1098/962
f 772/908/772 775/911/775 961/1097/961
f 961/1097/961 775/911/775 963/1099/963
f 961/1097/961 963/1099/963 962/1098/962
f 962/1098/962 963/1099/963 964/1100/964
f 965/1101/965 962/1098/962 966/1102/966
f 966/1102/966 962/1098/962 964/1100/964
f 960/1096/960 958/1094/958 965/1101/965
f 965/1101/965 958/1094/958 962/1098/962
f 967/1103/967 960/1096/960 968/1104/968
f 968/1104/968 960/1096/960 965/1101/965
f 968/1104/968 965/1101/965 969/1105/969
f 969/1105/969 965/1101/965 966/1102/966
f 970/1106/970 968/1104/968 971/1107/971
f 971/1107/971 968/1104/968 969/1105/969
f 972/1108/972 967/1103/967 970/1106/970
f 970/1106/970 967/1103/967 968/1104/968
f 830/966/830 825/961/825 973/1109/973
f 973/1109/973 825/961/825 959/1095/959
f 973/1109/973 959/1095/959 967/1103/967
f 967/1103/967 959/1095/959 960/1096/960
f 974/1110/974 973/1109/973 972/1108/972
f 972/1108/972 973/1109/973 967/1103/967
f 832/968/832 830/966/830 974/1110/974
f 974/1110/974 830/966/830 973/1109/973
f 963/1099/963 775/911/775 975/1111/975
f 975/1111/975 775/911/775 789/925/789
f 964/1100/964 963/1099/963 976/1112/976
f 976/1112/976 963/1099/963 975/1111/975
f 975/1111/975 789/925/789 977/1113/977
f 977/1113/977 789/925/789 796/932/796
f 976/1112/976 975/1111/975 978/1114/978
f 978/1114/978 975/1111/975 977/1113/977
f 976/1112/976 978/1114/978 979/1115/979
f 979/1115/979 978/1114/978 980/1116/980
f 964/1100/964 976/1112/976 966/1102/966
f 966/1102/966 976/1112/976 979/1115/979
f 977/1113/977 796/932/796 981/1117/981
f 981/1117/981 796/932/796 801/937/801
f 978/1114/978 977/1113/977 982/1118/982
f 982/1118/982 977/1113/977 981/1117/981
f 801/937/801 804/940/804 981/1117/981
f 981/1117/981 804/940/804 860/996/860
f 981/1117/981 860/996/860 982/1118/982
f 982/1118/982 860/996/860 862/998/862
f 982/1118/982 862/998/862 983/1119/983
f 983/1119/983 862/998/862 869/1005/869
f 978/1114/978 982/1118/982 980/1116/980
f 980/1116/980 982/1118/982 983/1119/983
f 980/1116/980 983/1119/983 984/1120/984
f 984/1120/984 983/1119/983 985/1121/985
f 985/1121/985 983/1119/983 879/1015/879
f 879/1015/879 983/1119/983 869/1005/869
f 986/1122/986 985/1121/985 883/1019/883
f 883/1019/883 985/1121/985 879/1015/879
f 987/1123/987 984/1120/984 986/1122/986
f 986/1122/986 984/1120/984 985/1121/985
f 966/1102/966 979/1115/979 969/1105/969
f 969/1105/969 979/1115/979 988/1124/988
f 979/1115/979 980/1116/980 988/1124/988
f 988/1124/988 980/1116/980 984/1120/984
f 989/1125/989 988/1124/988 987/1123/987
f 987/1123/987 988/1124/988 984/1120/984
f 971/1107/971 969/1105/969 989/1125/989
f 989/1125/989 969/1105/969 988/1124/988
f 990/1126/990 971/1107/971 991/1127/991
f 991/1127/991 971/1107/971 989/1125/989
f 991/1127/991 989/1125/989 992/1128/992
f 992/1128/992 989/1125/989 987/1123/987
f 993/1129/993 991/1127/991 994/1130/994
f 994/1130/994 991/1127/991 992/1128/992
f 995/1131/995 990/1126/990 993/1129/993
f 993/1129/993 990/1126/990 991/1127/991
f 992/1128/992 987/1123/987 996/1132/996
f 996/1132/996 987/1123/987 986/1122/986
f 996/1132/996 986/1122/986 897/1033/897
f 897/1033/897 986/1122/986 883/1019/883
f 997/1133/997 996/1132/996 903/1039/903
f 903/1039/903 996/1132/996 897/1033/897
f 994/1130/994 992/1128/992 997/1133/997
f 997/1133/997 992/1128/992 996/1132/996
f 994/1130/994 997/1133/997 998/1134/998
f 998/1134/998 997/1133/997 999/1135/999
f 999/1135/999 997/1133/997 909/1045/909
f 909/1045/909 997/1133/997 903/1039/903
f 909/1045/909 912/1048/912 999/1135/999
f 999/1135/999 912/1048/912 913/1049/913
f 998/1134/998 999/1135/999 920/1056/920
f 920/1056/920 999/1135/999 913/1049/913
f 995/1131/995 993/1129/993 1000/1136/1000
f 1000/1136/1000 993/1129/993 1001/1137/1001
f 993/1129/993 994/1130/994 1001/1137/1001
f 1001/1137/1001 994/1130/994 998/1134/998
f 1001/1137/1001 998/1134/998 929/1065/929
f 929/1065/929 998/1134/998 920/1056/920
f 1000/1136/1000 1001/1137/1001 932/1068/932
f 932/1068/932 1001/1137/1001 929/1065/929
f 840/976/840 832/968/832 1002/1138/1002
f 1002/1138/1002 832/968/832 974/1110/974
f 974/1110/974 972/1108/972 1002/1138/1002
f 1002/1138/1002 972/1108/972 1003/1139/1003
f 1002/1138/1002 1003/1139/1003 1004/1140/1004
f 1004/1140/1004 1003/1139/1003 1005/1141/1005
f 840/976/840 1002/1138/1002 842/978/842
f 842/978/842 1002/1138/1002 1004/1140/1004
f 972/1108/972 970/1106/970 1003/1139/1003
f 1003/1139/1003 970/1106/970 1006/1142/1006
f 970/1106/970 971/1107/971 1006/1142/1006
f 1006/1142/1006 971/1107/971 990/1126/990
f 1006/1142/1006 990/1126/990 1007/1143/1007
f 1007/1143/1007 990/1126/990 995/1131/995
f 1003/1139/1003 1006/1142/1006 1005/1141/1005
f 1005/1141/1005 1006/1142/1006 1007/1143/1007
f 1008/1144/1008 1005/1141/1005 1009/1145/1009
f 1009/1145/1009 1005/1141/1005 1007/1143/1007
f 1009/1145/1009 1007/1143/1007 1000/1136/1000
f 1000/1136/1000 1007/1143/1007 995/1131/995
f 1000/1136/1000 932/1068/932 1009/1145/1009
f 1009/1145/1009 932/1068/932 943/1079/943
f 1009/1145/1009 943/1079/943 1008/1144/1008
f 1008/1144/1008 943/1079/943 950/1086/950
f 842/978/842 1004/1140/1004 847/983/847
f 847/983/847 1004/1140/1004 1010/1146/1010
f 1010/1146/1010 1004/1140/1004 1008/1144/1008
f 1008/1144/1008 1004/1140/1004 1005/1141/1005
f 1008/1144/1008 950/1086/950 1010/1146/1010
f 1010/1146/1010 950/1086/950 953/1089/953
f 847/983/847 1010/1146/1010 849/985/849
f 849/985/849 1010/1146/1010 953/1089/953
f 254/291/254 287/327/287 1011/1147/1011
f 1011/1147/1011 287/327/287 1012/1148/1012
f 287/327/287 296/336/296 1012/1148/1012
f 1012/1148/1012 296/336/296 1013/1149/1013
f 1012/1148/1012 1013/1149/1013 1014/1150/1014
f 1014/1150/1014 1013/1149/1013 1015/1151/1015
f 1011/1147/1011 1012/1148/1012 1016/1152/1016
f 1016/1152/1016 1012/1148/1012 1014/1150/1014
f 296/336/296 311/351/311 1013/1149/1013
f 1013/1149/1013 311/351/311 1017/1153/1017
f 311/351/311 314/354/314 1017/1153/1017
f 1017/1153/1017 314/354/314 1018/1154/1018
f 1017/1153/1017 1018/1154/1018 1019/1155/1019
f 1019/1155/1019 1018/1154/1018 1020/1156/1020
f 1013/1149/1013 1017/1153/1017 1015/1151/1015
f 1015/1151/1015 1017/1153/1017 1019/1155/1019
f 1018/1154/1018 314/354/314 1021/1157/1021
f 1021/1157/1021 314/354/314 328/377/328
f 1021/1157/1021 328/377/328 1022/1158/1022
f 1022/1158/1022 328/377/328 335/384/335
f 1022/1158/1022 1023/1159/1023 1021/1157/1021
f 1021/1157/1021 1023/1159/1023 1024/1160/1024
f 1021/1157/1021 1024/1160/1024 1018/1154/1018
f 1018/1154/1018 1024/1160/1024 1020/1156/1020
f 1022/1158/1022 335/384/335 1025/1161/1025
f 1025/1161/1025 335/384/335 344/393/344
f 1025/1161/1025 344/393/344 1026/1162/1026
f 1026/1162/1026 344/393/344 347/396/347
f 1026/1162/1026 1027/1163/1027 1025/1161/1025
f 1025/1161/1025 1027/1163/1027 1028/1164/1028
f 1025/1161/1025 1028/1164/1028 1022/1158/1022
f 1022/1158/1022 1028/1164/1028 1023/1159/1023
f 1024/1160/1024 1029/1165/1029 1020/1156/1020
f 1020/1156/1020 1029/1165/1029 1030/1166/1030
f 1023/1159/1023 1031/1167/1031 1024/1160/1024
f 1024/1160/1024 1031/1167/1031 1029/1165/1029
f 1028/1164/1028 1032/1168/1032 1023/1159/1023
f 1023/1159/1023 1032/1168/1032 1031/1167/1031
f 1027/1163/1027 1033/1169/1033 1028/1164/1028
f 1028/1164/1028 1033/1169/1033 1032/1168/1032
f 1033/1169/1033 788/924/788 1032/1168/1032
f 1032/1168/1032 788/924/788 786/922/786
f 1032/1168/1032 786/922/786 1031/1167/1031
f 1031/1167/1031 786/922/786 784/920/784
f 1031/1167/1031 784/920/784 1029/1165/1029
f 1029/1165/1029 784/920/784 782/918/782
f 1029/1165/1029 782/918/782 1030/1166/1030
f 1030/1166/1030 782/918/782 780/916/780
f 1034/1170/1034 1035/1171/1035 1014/1150/1014
f 1014/1150/1014 1035/1171/1035 1016/1152/1016
f 1036/1172/1036 1034/1170/1034 1015/1151/1015
f 1015/1151/1015 1034/1170/1034 1014/1150/1014
f 1037/1173/1037 1036/1172/1036 1019/1155/1019
f 1019/1155/1019 1036/1172/1036 1015/1151/1015
f 1030/1166/1030 1037/1173/1037 1020/1156/1020
f 1020/1156/1020 1037/1173/1037 1019/1155/1019
f 780/916/780 779/915/779 1030/1166/1030
f 1030/1166/1030 779/915/779 1037/1173/1037
f 779/915/779 778/914/778 1037/1173/1037
f 1037/1173/1037 778/914/778 1036/1172/1036
f 778/914/778 777/913/777 1036/1172/1036
f 1036/1172/1036 777/913/777 1034/1170/1034
f 777/913/777 776/912/776 1034/1170/1034
f 1034/1170/1034 776/912/776 1035/1171/1035
f 350/399/350 1038/1174/1038 347/396/347
f 347/396/347 1038/1174/1038 1026/1162/1026
f 351/400/351 1039/1175/1039 350/399/350
f 350/399/350 1039/1175/1039 1038/1174/1038
f 358/407/358 1040/1176/1040 351/400/351
f 351/400/351 1040/1176/1040 1039/1175/1039
f 1039/1175/1039 1040/1176/1040 1041/1177/1041
f 1041/1177/1041 1040/1176/1040 1042/1178/1042
f 1039/1175/1039 1041/1177/1041 1038/1174/1038
f 1038/1174/1038 1041/1177/1041 1043/1179/1043
f 1038/1174/1038 1043/1179/1043 1026/1162/1026
f 1026/1162/1026 1043/1179/1043 1027/1163/1027
f 358/407/358 367/416/367 1040/1176/1040
f 1040/1176/1040 367/416/367 1044/1180/1044
f 367/416/367 370/419/370 1044/1180/1044
f 1044/1180/1044 370/419/370 1045/1181/1045
f 1044/1180/1044 1045/1181/1045 1046/1182/1046
f 1046/1182/1046 1045/1181/1045 1047/1183/1047
f 1040/1176/1040 1044/1180/1044 1042/1178/1042
f 1042/1178/1042 1044/1180/1044 1046/1182/1046
f 386/444/386 1048/1184/1048 370/419/370
f 370/419/370 1048/1184/1048 1045/1181/1045
f 386/444/386 391/449/391 1048/1184/1048
f 1048/1184/1048 391/449/391 1049/1185/1049
f 1049/1185/1049 1050/1186/1050 1048/1184/1048
f 1048/1184/1048 1050/1186/1050 1051/1187/1051
f 1048/1184/1048 1051/1187/1051 1045/1181/1045
f 1045/1181/1045 1051/1187/1051 1047/1183/1047
f 391/449/391 394/452/394 1049/1185/1049
f 1049/1185/1049 394/452/394 1052/1188/1052
f 394/452/394 398/456/398 1052/1188/1052
f 1052/1188/1052 398/456/398 1053/1189/1053
f 1052/1188/1052 1053/1189/1053 1054/1190/1054
f 1054/1190/1054 1053/1189/1053 1055/1191/1055
f 1049/1185/1049 1052/1188/1052 1050/1186/1050
f 1050/1186/1050 1052/1188/1052 1054/1190/1054
f 1046/1182/1046 1047/1183/1047 1056/1192/1056
f 1056/1192/1056 1047/1183/1047 1057/1193/1057
f 1047/1183/1047 1051/1187/1051 1057/1193/1057
f 1057/1193/1057 1051/1187/1051 1058/1194/1058
f 1051/1187/1051 1050/1186/1050 1058/1194/1058
f 1058/1194/1058 1050/1186/1050 1059/1195/1059
f 1050/1186/1050 1054/1190/1054 1059/1195/1059
f 1059/1195/1059 1054/1190/1054 1060/1196/1060
f 1054/1190/1054 1055/1191/1055 1060/1196/1060
f 1060/1196/1060 1055/1191/1055 1061/1197/1061
f 1059/1195/1059 1060/1196/1060 892/1028/892
f 892/1028/892 1060/1196/1060 894/1030/894
f 1060/1196/1060 1061/1197/1061 894/1030/894
f 894/1030/894 1061/1197/1061 895/1031/895
f 1058/1194/1058 1059/1195/1059 890/1026/890
f 890/1026/890 1059/1195/1059 892/1028/892
f 1057/1193/1057 1058/1194/1058 888/1024/888
f 888/1024/888 1058/1194/1058 890/1026/890
f 1056/1192/1056 1057/1193/1057 887/1023/887
f 887/1023/887 1057/1193/1057 888/1024/888
f 1043/1179/1043 1062/1198/1062 1027/1163/1027
f 1027/1163/1027 1062/1198/1062 1033/1169/1033
f 1041/1177/1041 1063/1199/1063 1043/1179/1043
f 1043/1179/1043 1063/1199/1063 1062/1198/1062
f 1042/1178/1042 1064/1200/1064 1041/1177/1041
f 1041/1177/1041 1064/1200/1064 1063/1199/1063
f 1046/1182/1046 1056/1192/1056 1042/1178/1042
f 1042/1178/1042 1056/1192/1056 1064/1200/1064
f 1056/1192/1056 887/1023/887 1064/1200/1064
f 1064/1200/1064 887/1023/887 886/1022/886
f 1064/1200/1064 886/1022/886 1063/1199/1063
f 1063/1199/1063 886/1022/886 885/1021/885
f 1063/1199/1063 885/1021/885 1062/1198/1062
f 1062/1198/1062 885/1021/885 884/1020/884
f 1062/1198/1062 884/1020/884 1033/1169/1033
f 1033/1169/1033 884/1020/884 788/924/788
f 398/456/398 452/510/452 1053/1189/1053
f 1053/1189/1053 452/510/452 1065/1201/1065
f 452/510/452 448/506/448 1065/1201/1065
f 1065/1201/1065 448/506/448 1066/1202/1066
f 1065/1201/1065 1066/1202/1066 1067/1203/1067
f 1067/1203/1067 1066/1202/1066 1068/1204/1068
f 1053/1189/1053 1065/1201/1065 1055/1191/1055
f 1055/1191/1055 1065/1201/1065 1067/1203/1067
f 448/506/448 446/504/446 1066/1202/1066
f 1066/1202/1066 446/504/446 1069/1205/1069
f 446/504/446 433/491/433 1069/1205/1069
f 1069/1205/1069 433/491/433 1070/1206/1070
f 1069/1205/1069 1070/1206/1070 1071/1207/1071
f 1071/1207/1071 1070/1206/1070 1072/1208/1072
f 1066/1202/1066 1069/1205/1069 1068/1204/1068
f 1068/1204/1068 1069/1205/1069 1071/1207/1071
f 1070/1206/1070 433/491/433 1073/1209/1073
f 1073/1209/1073 433/491/433 430/488/430
f 1073/1209/1073 430/488/430 1074/1210/1074
f 1074/1210/1074 430/488/430 426/484/426
f 1074/1210/1074 1075/1211/1075 1073/1209/1073
f 1073/1209/1073 1075/1211/1075 1076/1212/1076
f 1073/1209/1073 1076/1212/1076 1070/1206/1070
f 1070/1206/1070 1076/1212/1076 1072/1208/1072
f 1074/1210/1074 426/484/426 1077/1213/1077
f 1077/1213/1077 426/484/426 424/482/424
f 1077/1213/1077 424/482/424 1078/1214/1078
f 1078/1214/1078 424/482/424 278/315/278
f 1078/1214/1078 1079/1215/1079 1077/1213/1077
f 1077/1213/1077 1079/1215/1079 1080/1216/1080
f 1077/1213/1077 1080/1216/1080 1074/1210/1074
f 1074/1210/1074 1080/1216/1080 1075/1211/1075
f 1076/1212/1076 1081/1217/1081 1072/1208/1072
f 1072/1208/1072 1081/1217/1081 1082/1218/1082
f 1075/1211/1075 1083/1219/1083 1076/1212/1076
f 1076/1212/1076 1083/1219/1083 1081/1217/1081
f 1080/1216/1080 1084/1220/1084 1075/1211/1075
f 1075/1211/1075 1084/1220/1084 1083/1219/1083
f 1079/1215/1079 1085/1221/1085 1080/1216/1080
f 1080/1216/1080 1085/1221/1085 1084/1220/1084
f 1085/1221/1085 858/994/858 1084/1220/1084
f 1084/1220/1084 858/994/858 942/1078/942
f 1084/1220/1084 942/1078/942 1083/1219/1083
f 1083/1219/1083 942/1078/942 940/1076/940
f 1083/1219/1083 940/1076/940 1081/1217/1081
f 1081/1217/1081 940/1076/940 938/1074/938
f 1081/1217/1081 938/1074/938 1082/1218/1082
f 1082/1218/1082 938/1074/938 936/1072/936
f 1086/1222/1086 1061/1197/1061 1067/1203/1067
f 1067/1203/1067 1061/1197/1061 1055/1191/1055
f 1087/1223/1087 1086/1222/1086 1068/1204/1068
f 1068/1204/1068 1086/1222/1086 1067/1203/1067
f 1088/1224/1088 1087/1223/1087 1071/1207/1071
f 1071/1207/1071 1087/1223/1087 1068/1204/1068
f 1082/1218/1082 1088/1224/1088 1072/1208/1072
f 1072/1208/1072 1088/1224/1088 1071/1207/1071
f 936/1072/936 935/1071/935 1082/1218/1082
f 1082/1218/1082 935/1071/935 1088/1224/1088
f 935/1071/935 934/1070/934 1088/1224/1088
f 1088/1224/1088 934/1070/934 1087/1223/1087
f 934/1070/934 933/1069/933 1087/1223/1087
f 1087/1223/1087 933/1069/933 1086/1222/1086
f 933/1069/933 895/1031/895 1086/1222/1086
f 1086/1222/1086 895/1031/895 1061/1197/1061
f 275/312/275 1089/1225/1089 278/315/278
f 278/315/278 1089/1225/1089 1078/1214/1078
f 272/309/272 1090/1226/1090 275/312/275
f 275/312/275 1090/1226/1090 1089/1225/1089
f 270/307/270 1091/1227/1091 272/309/272
f 272/309/272 1091/1227/1091 1090/1226/1090
f 1090/1226/1090 1091/1227/1091 1092/1228/1092
f 1092/1228/1092 1091/1227/1091 1093/1229/1093
f 1090/1226/1090 1092/1228/1092 1089/1225/1089
f 1089/1225/1089 1092/1228/1092 1094/1230/1094
f 1089/1225/1089 1094/1230/1094 1078/1214/1078
f 1078/1214/1078 1094/1230/1094 1079/1215/1079
f 270/307/270 263/300/263 1091/1227/1091
f 1091/1227/1091 263/300/263 1095/1231/1095
f 263/300/263 261/298/261 1095/1231/1095
f 1095/1231/1095 261/298/261 1096/1232/1096
f 1095/1231/1095 1096/1232/1096 1097/1233/1097
f 1097/1233/1097 1096/1232/1096 1098/1234/1098
f 1091/1227/1091 1095/1231/1095 1093/1229/1093
f 1093/1229/1093 1095/1231/1095 1097/1233/1097
f 258/295/258 1099/1235/1099 261/298/261
f 261/298/261 1099/1235/1099 1096/1232/1096
f 258/295/258 256/293/256 1099/1235/1099
f 1099/1235/1099 256/293/256 1100/1236/1100
f 1100/1236/1100 1101/1237/1101 1099/1235/1099
f 1099/1235/1099 1101/1237/1101 1102/1238/1102
f 1099/1235/1099 1102/1238/1102 1096/1232/1096
f 1096/1232/1096 1102/1238/1102 1098/1234/1098
f 256/293/256 255/292/255 1100/1236/1100
f 1100/1236/1100 255/292/255 1103/1239/1103
f 255/292/255 254/291/254 1103/1239/1103
f 1103/1239/1103 254/291/254 1011/1147/1011
f 1103/1239/1103 1011/1147/1011 1104/1240/1104
f 1104/1240/1104 1011/1147/1011 1016/1152/1016
f 1100/1236/1100 1103/1239/1103 1101/1237/1101
f 1101/1237/1101 1103/1239/1103 1104/1240/1104
f 1097/1233/1097 1098/1234/1098 1105/1241/1105
f 1105/1241/1105 1098/1234/1098 1106/1242/1106
f 1098/1234/1098 1102/1238/1102 1106/1242/1106
f 1106/1242/1106 1102/1238/1102 1107/1243/1107
f 1102/1238/1102 1101/1237/1101 1107/1243/1107
f 1107/1243/1107 1101/1237/1101 1108/1244/1108
f 1101/1237/1101 1104/1240/1104 1108/1244/1108
f 1108/1244/1108 1104/1240/1104 1109/1245/1109
f 1104/1240/1104 1016/1152/1016 1109/1245/1109
f 1109/1245/1109 1016/1152/1016 1035/1171/1035
f 1108/1244/1108 1109/1245/1109 807/943/807
f 807/943/807 1109/1245/1109 805/941/805
f 1109/1245/1109 1035/1171/1035 805/941/805
f 805/941/805 1035/1171/1035 776/912/776
f 1107/1243/1107 1108/1244/1108 809/945/809
f 809/945/809 1108/1244/1108 807/943/807
f 1106/1242/1106 1107/1243/1107 811/947/811
f 811/947/811 1107/1243/1107 809/945/809
f 1105/1241/1105 1106/1242/1106 813/949/813
f 813/949/813 1106/1242/1106 811/947/811
f 1094/1230/1094 1110/1246/1110 1079/1215/1079
f 1079/1215/1079 1110/1246/1110 1085/1221/1085
f 1092/1228/1092 1111/1247/1111 1094/1230/1094
f 1094/1230/1094 1111/1247/1111 1110/1246/1110
f 1093/1229/1093 1112/1248/1112 1092/1228/1092
f 1092/1228/1092 1112/1248/1112 1111/1247/1111
f 1097/1233/1097 1105/1241/1105 1093/1229/1093
f 1093/1229/1093 1105/1241/1105 1112/1248/1112
f 1105/1241/1105 813/949/813 1112/1248/1112
f 1112/1248/1112 813/949/813 855/991/855
f 1112/1248/1112 855/991/855 1111/1247/1111
f 1111/1247/1111 855/991/855 856/992/856
f 1111/1247/1111 856/992/856 1110/1246/1110
f 1110/1246/1110 856/992/856 857/993/857
f 1110/1246/1110 857/993/857 1085/1221/1085
f 1085/1221/1085 857/993/857 858/994/858
s off
