# Apple ModelIO OBJ File: Taiyaki_Kettle
mtllib Taiyaki_Kettle.mtl
g Taiyaki_Kettle_Handle_ASG
v 0.667557 2.47442 -0.047827
v 0.667557 2.4394 -0.082844
v 0.523565 2.46711 -0.043604
v 0.523565 2.43518 -0.075529
v 0.667557 2.39158 -0.095659
v 0.523565 2.39158 -0.087214
v 0.667557 2.34375 -0.082844
v 0.523565 2.34797 -0.075529
v 0.667557 2.30873 -0.047827
v 0.523565 2.31605 -0.043604
v 0.667557 2.29592 2e-06
v 0.523565 2.30436 2e-06
v 0.667557 2.30873 0.047829
v 0.523565 2.31605 0.043608
v 0.667557 2.34375 0.082846
v 0.523565 2.34797 0.075533
v 0.667557 2.39158 0.095659
v 0.523565 2.39158 0.087217
v 0.667557 2.4394 0.082846
v 0.523565 2.43518 0.075533
v 0.667557 2.47442 0.047829
v 0.523565 2.46711 0.043608
v 0.667557 2.48723 2e-06
v 0.523565 2.47879 2e-06
v 0.704512 2.44128 -0.0287
v 0.704512 2.44898 2e-06
v 0.704512 2.42027 -0.049713
v 0.704512 2.44128 0.0287
v 0.704512 2.42027 0.049711
v 0.704512 2.39158 0.057402
v 0.704512 2.36288 0.049711
v 0.704512 2.34187 0.0287
v 0.704512 2.33418 2e-06
v 0.704512 2.34187 -0.0287
v 0.704512 2.36288 -0.049713
v 0.704512 2.39158 -0.057402
v -0.146202 2.44128 -0.0287
v -0.146202 2.42027 -0.049713
v -0.146202 2.44898 2e-06
v -0.146202 2.39158 -0.057402
v -0.146202 2.44128 0.0287
v -0.146202 2.36288 -0.049713
v -0.146202 2.34187 -0.0287
v -0.146202 2.33418 2e-06
v -0.146202 2.34187 0.0287
v -0.146202 2.36288 0.049711
v -0.146202 2.39158 0.057402
v -0.146202 2.42027 0.049711
v 0.686033 2.46998 -0.045263
v 0.686033 2.48211 2e-06
v 0.69956 2.45785 -0.038261
v 0.69956 2.4681 2e-06
v 0.686033 2.43684 -0.078402
v 0.69956 2.42984 -0.066277
v 0.686033 2.39158 -0.09053
v 0.69956 2.39158 -0.076527
v 0.686033 2.34631 -0.078402
v 0.69956 2.35331 -0.066277
v 0.686033 2.31317 -0.045263
v 0.69956 2.3253 -0.038261
v 0.686033 2.30104 2e-06
v 0.69956 2.31505 2e-06
v 0.686033 2.31317 0.045267
v 0.69956 2.3253 0.038265
v 0.686033 2.34631 0.078403
v 0.69956 2.35331 0.066277
v 0.686033 2.39158 0.090536
v 0.69956 2.39158 0.07653
v 0.686033 2.43684 0.078403
v 0.69956 2.42984 0.066277
v 0.686033 2.46998 0.045267
v 0.69956 2.45785 0.038265
v -0.127726 2.46998 -0.045263
v -0.109248 2.47442 -0.047827
v -0.127726 2.43684 -0.078402
v -0.109248 2.4394 -0.082844
v -0.141252 2.45785 -0.038261
v -0.141252 2.42984 -0.066277
v -0.127726 2.39158 -0.09053
v -0.109248 2.39158 -0.095659
v -0.141252 2.39158 -0.076527
v -0.127726 2.34631 -0.078402
v -0.109248 2.34375 -0.082844
v -0.141252 2.35331 -0.066277
v -0.127726 2.31317 -0.045263
v -0.109248 2.30873 -0.047827
v -0.141252 2.3253 -0.038261
v -0.127726 2.30104 2e-06
v -0.109248 2.29592 2e-06
v -0.141252 2.31505 2e-06
v -0.127726 2.31317 0.045267
v -0.109248 2.30873 0.047829
v -0.141252 2.3253 0.038265
v -0.127726 2.34631 0.078403
v -0.109248 2.34375 0.082846
v -0.141252 2.35331 0.066277
v -0.127726 2.39158 0.090536
v -0.109248 2.39158 0.095659
v -0.141252 2.39158 0.07653
v -0.127726 2.43684 0.078403
v -0.109248 2.4394 0.082846
v -0.141252 2.42984 0.066277
v -0.127726 2.46998 0.045267
v -0.109248 2.47442 0.047829
v -0.141252 2.45785 0.038265
v -0.127726 2.48211 2e-06
v -0.109248 2.48723 2e-06
v -0.141252 2.4681 2e-06
v 0.034741 2.39158 0.087217
v 0.034741 2.43518 0.075533
v 0.034741 2.34797 0.075533
v 0.034741 2.31605 0.043608
v 0.034741 2.30436 2e-06
v 0.034741 2.31605 -0.043604
v 0.034741 2.34797 -0.075529
v 0.034741 2.39158 -0.087214
v 0.034741 2.43518 -0.075529
v 0.034741 2.46711 -0.043604
v 0.034741 2.47879 2e-06
v 0.034741 2.46711 0.043608
v 0.279154 2.43087 0.068054
v 0.279154 2.45963 0.039289
v 0.279154 2.47016 2e-06
v 0.279154 2.45963 -0.039288
v 0.279154 2.43087 -0.068052
v 0.279154 2.39158 -0.078581
v 0.279154 2.35228 -0.068052
v 0.279154 2.32352 -0.039288
v 0.279154 2.313 2e-06
v 0.279154 2.32352 0.039289
v 0.279154 2.35228 0.068054
v 0.279154 2.39158 0.078581
vn -0.020995 0.865842 -0.499878
vn -0.020988 0.499912 -0.865822
vn -0.044552 0.865172 -0.499492
vn -0.044552 0.499533 -0.865149
vn -0.020999 -0 -0.99978
vn -0.044555 0 -0.999007
vn -0.020997 -0.499917 -0.865819
vn -0.044555 -0.499534 -0.865148
vn -0.020994 -0.86584 -0.499879
vn -0.044552 -0.865172 -0.499492
vn -0.021002 -0.999779 -1e-06
vn -0.04455 -0.999007 -0
vn -0.021009 -0.865834 0.49989
vn -0.044549 -0.865165 0.499504
vn -0.02102 -0.499905 0.865825
vn -0.044553 -0.499525 0.865153
vn -0.021017 -2e-06 0.999779
vn -0.044556 -0 0.999007
vn -0.021022 0.499899 0.865828
vn -0.044556 0.499522 0.865155
vn -0.021013 0.865836 0.499887
vn -0.04455 0.865165 0.499504
vn -0.021004 0.999779 0
vn -0.044552 0.999007 0
vn 0.99977 0.018564 -0.010718
vn 0.99977 0.021436 0
vn 0.99977 0.010719 -0.018567
vn 0.99977 0.018563 0.010719
vn 0.99977 0.010717 0.018566
vn 0.99977 0 0.021437
vn 0.99977 -0.01072 0.018565
vn 0.99977 -0.018566 0.010718
vn 0.99977 -0.021438 -0
vn 0.99977 -0.018565 -0.010718
vn 0.99977 -0.01072 -0.018567
vn 0.99977 -1e-06 -0.021435
vn -0.99977 0.018557 -0.010714
vn -0.99977 0.010712 -0.018558
vn -0.999771 0.021423 -0
vn -0.999771 -2e-06 -0.021424
vn -0.999771 0.018552 0.010713
vn -0.99977 -0.010715 -0.018557
vn -0.99977 -0.018557 -0.010713
vn -0.999771 -0.021422 0
vn -0.999771 -0.018552 0.010713
vn -0.99977 -0.010714 0.018556
vn -0.999771 -1e-06 0.021426
vn -0.999771 0.010712 0.018556
vn 0.480328 0.759586 -0.438537
vn 0.48031 0.877099 2e-06
vn 0.839518 0.470541 -0.271664
vn 0.839522 0.543326 1e-06
vn 0.480361 0.438565 -0.759549
vn 0.839493 0.271681 -0.470576
vn 0.48037 -3e-06 -0.877066
vn 0.839483 -6e-06 -0.543386
vn 0.480346 -0.438573 -0.759554
vn 0.839475 -0.271714 -0.470588
vn 0.480318 -0.759596 -0.438531
vn 0.839499 -0.470568 -0.271675
vn 0.480305 -0.877102 -2e-06
vn 0.839524 -0.543322 -1e-06
vn 0.480335 -0.75957 0.438556
vn 0.839528 -0.470522 0.271666
vn 0.480339 -0.438552 0.75957
vn 0.839526 -0.271682 0.470516
vn 0.480299 -2e-06 0.877105
vn 0.839509 8e-06 0.543347
vn 0.4803 0.438571 0.759583
vn 0.839514 0.271681 0.470537
vn 0.480292 0.759595 0.43856
vn 0.83951 0.470543 0.271684
vn -0.480325 0.759586 -0.438539
vn 0.020993 0.865841 -0.499878
vn -0.480365 0.438552 -0.759553
vn 0.020988 0.499911 -0.865822
vn -0.839527 0.470534 -0.271649
vn -0.839513 0.271664 -0.47055
vn -0.480386 1e-06 -0.877057
vn 0.020999 -1e-06 -0.999779
vn -0.839519 -5e-06 -0.543331
vn -0.480367 -0.438548 -0.759555
vn 0.020997 -0.499917 -0.865819
vn -0.839513 -0.271679 -0.47054
vn -0.480323 -0.759589 -0.438536
vn 0.020994 -0.86584 -0.49988
vn -0.839517 -0.470545 -0.27166
vn -0.480291 -0.877109 -2e-06
vn 0.021001 -0.999779 -0
vn -0.839538 -0.543302 0
vn -0.480333 -0.759571 0.438557
vn 0.021009 -0.865835 0.499889
vn -0.839557 -0.470476 0.271655
vn -0.480342 -0.438541 0.759574
vn 0.02102 -0.499907 0.865824
vn -0.839552 -0.271645 0.470491
vn -0.480299 5e-06 0.877105
vn 0.021017 -0 0.999779
vn -0.83953 4e-06 0.543313
vn -0.480315 0.438552 0.759585
vn 0.021021 0.4999 0.865828
vn -0.839552 0.271635 0.470496
vn -0.480315 0.75958 0.438562
vn 0.02101 0.865835 0.499889
vn -0.839549 0.470493 0.271649
vn -0.480302 0.877103 -0
vn 0.021001 0.999779 0
vn -0.839535 0.543306 -0
vn 0.044556 -0 0.999007
vn 0.044556 0.499521 0.865156
vn 0.044555 -0.499526 0.865152
vn 0.04455 -0.865164 0.499506
vn 0.04455 -0.999007 0
vn 0.044553 -0.86517 -0.499496
vn 0.044556 -0.499536 -0.865146
vn 0.044555 -0 -0.999007
vn 0.044553 0.499532 -0.865149
vn 0.044552 0.86517 -0.499495
vn 0.044552 0.999007 0
vn 0.044551 0.865163 0.499507
vn -0 0.50002 0.866014
vn 1e-06 0.866024 0.500003
vn 1e-06 1 0
vn 1e-06 0.866031 -0.49999
vn 1e-06 0.500032 -0.866007
vn -0 0 -1
vn 1e-06 -0.500034 -0.866006
vn 1e-06 -0.866031 -0.49999
vn -0 -1 0
vn 1e-06 -0.866024 0.500003
vn 1e-06 -0.500023 0.866012
vn 0 -0 1
vt 0.003587 0.05734
vt 0.059422 0.05734
vt 0.003587 0.222898
vt 0.059422 0.222898
vt 0.113404 0.05734
vt 0.113404 0.222898
vt 0.166332 0.05734
vt 0.166332 0.222898
vt 0.218586 0.05734
vt 0.218586 0.222898
vt 0.271494 0.05734
vt 0.271494 0.222898
vt 0.32431 0.05734
vt 0.32431 0.222898
vt 0.375922 0.05734
vt 0.375922 0.222898
vt 0.427048 0.05734
vt 0.427048 0.222898
vt 0.477946 0.05734
vt 0.477946 0.222898
vt 0.528394 0.05734
vt 0.528394 0.222898
vt 0.577802 0.05734
vt 0.577802 0.222898
vt 0.628774 0.05734
vt 0.628774 0.222898
vt 0.6956 0.035982
vt 0.728931 0.027048
vt 0.6712 0.060376
vt 0.762256 0.035977
vt 0.786654 0.060379
vt 0.795579 0.093699
vt 0.786649 0.127018
vt 0.762249 0.151413
vt 0.728931 0.160348
vt 0.695608 0.15141
vt 0.671205 0.127021
vt 0.662278 0.093699
vt 0.843919 0.202916
vt 0.86832 0.227313
vt 0.810587 0.193985
vt 0.877245 0.260638
vt 0.777271 0.202911
vt 0.868315 0.293966
vt 0.843916 0.318357
vt 0.810588 0.327284
vt 0.777267 0.318344
vt 0.752869 0.293956
vt 0.743948 0.260636
vt 0.752876 0.227306
vt 0.628774 0.029921
vt 0.577802 0.029921
vt 0.68408 0.016012
vt 0.728931 0.003968
vt 0.628774 0.005603
vt 0.577802 0.005603
vt 0.003587 0.029921
vt 0.059422 0.029921
vt 0.003587 0.005603
vt 0.059422 0.005603
vt 0.651235 0.048863
vt 0.113404 0.029921
vt 0.113404 0.005603
vt 0.639233 0.093697
vt 0.166332 0.029921
vt 0.166332 0.005603
vt 0.651247 0.138547
vt 0.218586 0.029921
vt 0.218586 0.005603
vt 0.684094 0.171367
vt 0.271494 0.029921
vt 0.271494 0.005603
vt 0.728931 0.183407
vt 0.32431 0.029921
vt 0.32431 0.005603
vt 0.773768 0.171366
vt 0.375922 0.029921
vt 0.375922 0.005603
vt 0.806609 0.138547
vt 0.427048 0.029921
vt 0.427048 0.005603
vt 0.818628 0.093696
vt 0.477946 0.029921
vt 0.477946 0.005603
vt 0.806621 0.048861
vt 0.528394 0.029921
vt 0.528394 0.005603
vt 0.773782 0.016013
vt 0.003587 0.973069
vt 0.003587 0.950634
vt 0.059422 0.973069
vt 0.059422 0.950634
vt 0.855444 0.182952
vt 0.888303 0.215775
vt 0.003587 0.996032
vt 0.059422 0.996032
vt 0.113404 0.97307
vt 0.113404 0.950634
vt 0.900293 0.260641
vt 0.113404 0.996032
vt 0.166332 0.97307
vt 0.166332 0.950634
vt 0.888267 0.305505
vt 0.166332 0.996032
vt 0.218586 0.973069
vt 0.218586 0.950634
vt 0.855437 0.338315
vt 0.218586 0.996032
vt 0.271494 0.973069
vt 0.271494 0.950634
vt 0.810587 0.350333
vt 0.271494 0.996032
vt 0.32431 0.97307
vt 0.32431 0.950634
vt 0.765744 0.338297
vt 0.32431 0.996032
vt 0.375922 0.973069
vt 0.375922 0.950634
vt 0.732901 0.305486
vt 0.375922 0.996032
vt 0.427048 0.973069
vt 0.427048 0.950634
vt 0.720909 0.260634
vt 0.427048 0.996032
vt 0.477946 0.973069
vt 0.477946 0.950634
vt 0.732914 0.215782
vt 0.477946 0.996032
vt 0.528394 0.973069
vt 0.528394 0.950634
vt 0.765749 0.182952
vt 0.528394 0.996032
vt 0.577802 0.973069
vt 0.577802 0.950634
vt 0.810578 0.170933
vt 0.577802 0.996032
vt 0.628774 0.950634
vt 0.628774 0.97307
vt 0.628774 0.996032
vt 0.427048 0.791169
vt 0.477946 0.791169
vt 0.375922 0.791169
vt 0.32431 0.791169
vt 0.271494 0.791169
vt 0.218586 0.791169
vt 0.166332 0.791169
vt 0.113404 0.791169
vt 0.059422 0.791169
vt 0.003587 0.791169
vt 0.577802 0.791169
vt 0.628774 0.791169
vt 0.528394 0.791169
vt 0.477946 0.51087
vt 0.528394 0.51087
vt 0.577802 0.510869
vt 0.628774 0.510869
vt 0.003587 0.510869
vt 0.059422 0.510869
vt 0.113404 0.51087
vt 0.166332 0.51087
vt 0.218586 0.51087
vt 0.271494 0.51087
vt 0.32431 0.51087
vt 0.375922 0.510869
vt 0.427048 0.51087
usemtl Handle_ASG
f 1/1/1 2/2/2 3/3/3
f 3/3/3 2/2/2 4/4/4
f 2/2/2 5/5/5 4/4/4
f 4/4/4 5/5/5 6/6/6
f 5/5/5 7/7/7 6/6/6
f 6/6/6 7/7/7 8/8/8
f 7/7/7 9/9/9 8/8/8
f 8/8/8 9/9/9 10/10/10
f 9/9/9 11/11/11 10/10/10
f 10/10/10 11/11/11 12/12/12
f 11/11/11 13/13/13 12/12/12
f 12/12/12 13/13/13 14/14/14
f 13/13/13 15/15/15 14/14/14
f 14/14/14 15/15/15 16/16/16
f 15/15/15 17/17/17 16/16/16
f 16/16/16 17/17/17 18/18/18
f 17/17/17 19/19/19 18/18/18
f 18/18/18 19/19/19 20/20/20
f 19/19/19 21/21/21 20/20/20
f 20/20/20 21/21/21 22/22/22
f 21/21/21 23/23/23 22/22/22
f 22/22/22 23/23/23 24/24/24
f 23/23/23 1/25/1 24/24/24
f 24/24/24 1/25/1 3/26/3
f 25/27/25 26/28/26 27/29/27
f 26/28/26 28/30/28 27/29/27
f 28/30/28 29/31/29 27/29/27
f 29/31/29 30/32/30 27/29/27
f 30/32/30 31/33/31 27/29/27
f 31/33/31 32/34/32 27/29/27
f 32/34/32 33/35/33 27/29/27
f 33/35/33 34/36/34 27/29/27
f 34/36/34 35/37/35 27/29/27
f 35/37/35 36/38/36 27/29/27
f 37/39/37 38/40/38 39/41/39
f 38/40/38 40/42/40 39/41/39
f 39/41/39 40/42/40 41/43/41
f 40/42/40 42/44/42 41/43/41
f 42/44/42 43/45/43 41/43/41
f 43/45/43 44/46/44 41/43/41
f 44/46/44 45/47/45 41/43/41
f 45/47/45 46/48/46 41/43/41
f 46/48/46 47/49/47 41/43/41
f 47/49/47 48/50/48 41/43/41
f 49/51/49 1/25/1 50/52/50
f 50/52/50 1/25/1 23/23/23
f 25/27/25 51/53/51 26/28/26
f 26/28/26 51/53/51 52/54/52
f 51/55/51 49/51/49 52/56/52
f 52/56/52 49/51/49 50/52/50
f 1/1/1 49/57/49 2/2/2
f 2/2/2 49/57/49 53/58/53
f 49/57/49 51/59/51 53/58/53
f 53/58/53 51/59/51 54/60/54
f 51/53/51 25/27/25 54/61/54
f 54/61/54 25/27/25 27/29/27
f 2/2/2 53/58/53 5/5/5
f 5/5/5 53/58/53 55/62/55
f 53/58/53 54/60/54 55/62/55
f 55/62/55 54/60/54 56/63/56
f 54/61/54 27/29/27 56/64/56
f 56/64/56 27/29/27 36/38/36
f 5/5/5 55/62/55 7/7/7
f 7/7/7 55/62/55 57/65/57
f 55/62/55 56/63/56 57/65/57
f 57/65/57 56/63/56 58/66/58
f 56/64/56 36/38/36 58/67/58
f 58/67/58 36/38/36 35/37/35
f 7/7/7 57/65/57 9/9/9
f 9/9/9 57/65/57 59/68/59
f 57/65/57 58/66/58 59/68/59
f 59/68/59 58/66/58 60/69/60
f 58/67/58 35/37/35 60/70/60
f 60/70/60 35/37/35 34/36/34
f 9/9/9 59/68/59 11/11/11
f 11/11/11 59/68/59 61/71/61
f 59/68/59 60/69/60 61/71/61
f 61/71/61 60/69/60 62/72/62
f 60/70/60 34/36/34 62/73/62
f 62/73/62 34/36/34 33/35/33
f 11/11/11 61/71/61 13/13/13
f 13/13/13 61/71/61 63/74/63
f 61/71/61 62/72/62 63/74/63
f 63/74/63 62/72/62 64/75/64
f 62/73/62 33/35/33 64/76/64
f 64/76/64 33/35/33 32/34/32
f 13/13/13 63/74/63 15/15/15
f 15/15/15 63/74/63 65/77/65
f 63/74/63 64/75/64 65/77/65
f 65/77/65 64/75/64 66/78/66
f 64/76/64 32/34/32 66/79/66
f 66/79/66 32/34/32 31/33/31
f 15/15/15 65/77/65 17/17/17
f 17/17/17 65/77/65 67/80/67
f 65/77/65 66/78/66 67/80/67
f 67/80/67 66/78/66 68/81/68
f 66/79/66 31/33/31 68/82/68
f 68/82/68 31/33/31 30/32/30
f 17/17/17 67/80/67 19/19/19
f 19/19/19 67/80/67 69/83/69
f 67/80/67 68/81/68 69/83/69
f 69/83/69 68/81/68 70/84/70
f 68/82/68 30/32/30 70/85/70
f 70/85/70 30/32/30 29/31/29
f 19/19/19 69/83/69 21/21/21
f 21/21/21 69/83/69 71/86/71
f 69/83/69 70/84/70 71/86/71
f 71/86/71 70/84/70 72/87/72
f 70/85/70 29/31/29 72/88/72
f 72/88/72 29/31/29 28/30/28
f 21/21/21 71/86/71 23/23/23
f 23/23/23 71/86/71 50/52/50
f 71/86/71 72/87/72 50/52/50
f 50/52/50 72/87/72 52/56/52
f 72/88/72 28/30/28 52/54/52
f 52/54/52 28/30/28 26/28/26
f 73/89/73 74/90/74 75/91/75
f 75/91/75 74/90/74 76/92/76
f 37/39/37 77/93/77 38/40/38
f 38/40/38 77/93/77 78/94/78
f 77/95/77 73/89/73 78/96/78
f 78/96/78 73/89/73 75/91/75
f 75/91/75 76/92/76 79/97/79
f 79/97/79 76/92/76 80/98/80
f 38/40/38 78/94/78 40/42/40
f 40/42/40 78/94/78 81/99/81
f 78/96/78 75/91/75 81/100/81
f 81/100/81 75/91/75 79/97/79
f 79/97/79 80/98/80 82/101/82
f 82/101/82 80/98/80 83/102/83
f 40/42/40 81/99/81 42/44/42
f 42/44/42 81/99/81 84/103/84
f 81/100/81 79/97/79 84/104/84
f 84/104/84 79/97/79 82/101/82
f 82/101/82 83/102/83 85/105/85
f 85/105/85 83/102/83 86/106/86
f 42/44/42 84/103/84 43/45/43
f 43/45/43 84/103/84 87/107/87
f 84/104/84 82/101/82 87/108/87
f 87/108/87 82/101/82 85/105/85
f 85/105/85 86/106/86 88/109/88
f 88/109/88 86/106/86 89/110/89
f 43/45/43 87/107/87 44/46/44
f 44/46/44 87/107/87 90/111/90
f 87/108/87 85/105/85 90/112/90
f 90/112/90 85/105/85 88/109/88
f 88/109/88 89/110/89 91/113/91
f 91/113/91 89/110/89 92/114/92
f 44/46/44 90/111/90 45/47/45
f 45/47/45 90/111/90 93/115/93
f 90/112/90 88/109/88 93/116/93
f 93/116/93 88/109/88 91/113/91
f 91/113/91 92/114/92 94/117/94
f 94/117/94 92/114/92 95/118/95
f 45/47/45 93/115/93 46/48/46
f 46/48/46 93/115/93 96/119/96
f 93/116/93 91/113/91 96/120/96
f 96/120/96 91/113/91 94/117/94
f 94/117/94 95/118/95 97/121/97
f 97/121/97 95/118/95 98/122/98
f 46/48/46 96/119/96 47/49/47
f 47/49/47 96/119/96 99/123/99
f 96/120/96 94/117/94 99/124/99
f 99/124/99 94/117/94 97/121/97
f 97/121/97 98/122/98 100/125/100
f 100/125/100 98/122/98 101/126/101
f 47/49/47 99/123/99 48/50/48
f 48/50/48 99/123/99 102/127/102
f 99/124/99 97/121/97 102/128/102
f 102/128/102 97/121/97 100/125/100
f 100/125/100 101/126/101 103/129/103
f 103/129/103 101/126/101 104/130/104
f 48/50/48 102/127/102 41/43/41
f 41/43/41 102/127/102 105/131/105
f 102/128/102 100/125/100 105/132/105
f 105/132/105 100/125/100 103/129/103
f 103/129/103 104/130/104 106/133/106
f 106/133/106 104/130/104 107/134/107
f 41/43/41 105/131/105 39/41/39
f 39/41/39 105/131/105 108/135/108
f 105/132/105 103/129/103 108/136/108
f 108/136/108 103/129/103 106/133/106
f 74/137/74 73/138/73 107/134/107
f 107/134/107 73/138/73 106/133/106
f 73/138/73 77/139/77 106/133/106
f 106/133/106 77/139/77 108/136/108
f 77/93/77 37/39/37 108/135/108
f 108/135/108 37/39/37 39/41/39
f 109/140/109 110/141/110 98/122/98
f 98/122/98 110/141/110 101/126/101
f 111/142/111 109/140/109 95/118/95
f 95/118/95 109/140/109 98/122/98
f 112/143/112 111/142/111 92/114/92
f 92/114/92 111/142/111 95/118/95
f 113/144/113 112/143/112 89/110/89
f 89/110/89 112/143/112 92/114/92
f 114/145/114 113/144/113 86/106/86
f 86/106/86 113/144/113 89/110/89
f 115/146/115 114/145/114 83/102/83
f 83/102/83 114/145/114 86/106/86
f 116/147/116 115/146/115 80/98/80
f 80/98/80 115/146/115 83/102/83
f 117/148/117 116/147/116 76/92/76
f 76/92/76 116/147/116 80/98/80
f 118/149/118 117/148/117 74/90/74
f 74/90/74 117/148/117 76/92/76
f 119/150/119 118/151/118 107/134/107
f 107/134/107 118/151/118 74/137/74
f 120/152/120 119/150/119 104/130/104
f 104/130/104 119/150/119 107/134/107
f 110/141/110 120/152/120 101/126/101
f 101/126/101 120/152/120 104/130/104
f 121/153/121 122/154/122 110/141/110
f 110/141/110 122/154/122 120/152/120
f 122/154/122 123/155/123 120/152/120
f 120/152/120 123/155/123 119/150/119
f 123/155/123 124/156/124 119/150/119
f 119/150/119 124/156/124 118/151/118
f 124/157/124 125/158/125 118/149/118
f 118/149/118 125/158/125 117/148/117
f 125/158/125 126/159/126 117/148/117
f 117/148/117 126/159/126 116/147/116
f 126/159/126 127/160/127 116/147/116
f 116/147/116 127/160/127 115/146/115
f 127/160/127 128/161/128 115/146/115
f 115/146/115 128/161/128 114/145/114
f 128/161/128 129/162/129 114/145/114
f 114/145/114 129/162/129 113/144/113
f 129/162/129 130/163/130 113/144/113
f 113/144/113 130/163/130 112/143/112
f 130/163/130 131/164/131 112/143/112
f 112/143/112 131/164/131 111/142/111
f 131/164/131 132/165/132 111/142/111
f 111/142/111 132/165/132 109/140/109
f 132/165/132 121/153/121 109/140/109
f 109/140/109 121/153/121 110/141/110
f 16/16/16 18/18/18 131/164/131
f 131/164/131 18/18/18 132/165/132
f 14/14/14 16/16/16 130/163/130
f 130/163/130 16/16/16 131/164/131
f 12/12/12 14/14/14 129/162/129
f 129/162/129 14/14/14 130/163/130
f 10/10/10 12/12/12 128/161/128
f 128/161/128 12/12/12 129/162/129
f 8/8/8 10/10/10 127/160/127
f 127/160/127 10/10/10 128/161/128
f 6/6/6 8/8/8 126/159/126
f 126/159/126 8/8/8 127/160/127
f 4/4/4 6/6/6 125/158/125
f 125/158/125 6/6/6 126/159/126
f 3/3/3 4/4/4 124/157/124
f 124/157/124 4/4/4 125/158/125
f 24/24/24 3/26/3 123/155/123
f 123/155/123 3/26/3 124/156/124
f 22/22/22 24/24/24 122/154/122
f 122/154/122 24/24/24 123/155/123
f 20/20/20 22/22/22 121/153/121
f 121/153/121 22/22/22 122/154/122
f 18/18/18 20/20/20 132/165/132
f 132/165/132 20/20/20 121/153/121
s off
g Taiyaki_Kettle_Handle_BSG
v -0.262283 1.73949 0
v -0.273044 1.73943 0.032469
v -0.295274 1.64121 0
v -0.306313 1.63994 0.032469
v -0.431677 1.33222 0
v -0.441694 1.32692 0.032469
v -0.419643 1.25947 0
v -0.428758 1.25354 0.032469
v 0.98859 1.33302 0
v 0.97757 1.25994 0
v 0.998629 1.32768 0.032469
v 0.986691 1.25399 0.032469
v 0.814981 1.73952 0
v 0.848257 1.64143 0
v 0.825747 1.73944 0.032469
v 0.859303 1.64013 0.032469
v -0.301025 1.73951 0.05253
v -0.335041 1.63696 0.05253
v -0.467831 1.31381 0.05253
v -0.452628 1.23826 0.05253
v 1.0248 1.3145 0.05253
v 1.01057 1.23869 0.05253
v 0.853741 1.73948 0.05253
v 0.888046 1.63711 0.05253
v -0.335256 1.74018 0.05253
v -0.370209 1.63411 0.05253
v -0.499992 1.29945 0.05253
v -0.48218 1.21998 0.05253
v 1.05697 1.30012 0.05253
v 1.04013 1.22038 0.05253
v 0.88797 1.74012 0.05253
v 0.92322 1.63424 0.05253
v -0.362721 1.74105 0.032469
v -0.398448 1.63234 0.032469
v -0.525986 1.28905 0.032469
v -0.506138 1.20558 0.032469
v 1.08296 1.28975 0.032469
v 1.0641 1.20599 0.032469
v 0.915432 1.74099 0.032469
v 0.951458 1.63248 0.032469
v -0.37318 1.74142 0
v -0.409204 1.63175 0
v -0.535923 1.28525 0
v -0.5153 1.20014 0
v 1.0929 1.28597 0
v 1.07326 1.20056 0
v 0.925882 1.74136 0
v 0.962208 1.63189 0
v -0.398448 1.63234 -0.032463
v -0.362721 1.74105 -0.032463
v -0.506138 1.20558 -0.032463
v -0.525986 1.28905 -0.032463
v 1.0641 1.20599 -0.032463
v 1.08296 1.28975 -0.032463
v 0.951458 1.63248 -0.032463
v 0.915432 1.74099 -0.032463
v -0.370209 1.63411 -0.05253
v -0.335256 1.74018 -0.05253
v -0.48218 1.21998 -0.05253
v -0.499992 1.29945 -0.05253
v 1.04013 1.22038 -0.05253
v 1.05697 1.30012 -0.05253
v 0.92322 1.63424 -0.05253
v 0.88797 1.74012 -0.05253
v -0.335041 1.63696 -0.05253
v -0.301025 1.73951 -0.05253
v -0.452628 1.23826 -0.05253
v -0.467831 1.31381 -0.05253
v 1.01057 1.23869 -0.05253
v 1.0248 1.3145 -0.05253
v 0.888046 1.63711 -0.05253
v 0.853741 1.73948 -0.05253
v -0.306313 1.63994 -0.032463
v -0.273044 1.73943 -0.032463
v -0.428758 1.25354 -0.032463
v -0.441694 1.32692 -0.032463
v 0.986691 1.25399 -0.032463
v 0.998629 1.32768 -0.032463
v 0.859303 1.64013 -0.032463
v 0.825747 1.73944 -0.032463
v 0.807943 1.83968 0
v 0.826031 1.93615 0
v 0.818289 1.84074 -0.032463
v 0.835884 1.9387 -0.032463
v 0.818289 1.84074 0.032469
v 0.835884 1.9387 0.032469
v 0.84514 1.84376 0.05253
v 0.861393 1.94511 0.05253
v -0.254854 1.83978 0
v -0.265192 1.84087 -0.032463
v -0.271935 1.93642 0
v -0.281774 1.93896 -0.032463
v -0.265192 1.84087 0.032469
v -0.281774 1.93896 0.032469
v -0.292019 1.84393 0.05253
v -0.307252 1.94537 0.05253
v 0.877895 1.848 0.05253
v 0.892458 1.95261 0.05253
v -0.32477 1.84819 0.05253
v -0.338311 1.95288 0.05253
v 0.904129 1.8517 0.032469
v 0.917341 1.95839 0.032469
v -0.351007 1.85188 0.032469
v -0.363203 1.95868 0.032469
v 0.914106 1.85314 0
v 0.926807 1.96055 0
v -0.360989 1.85332 0
v -0.372681 1.96084 0
v 0.917341 1.95839 -0.032463
v 0.904129 1.8517 -0.032463
v -0.363203 1.95868 -0.032463
v -0.351007 1.85188 -0.032463
v 0.892458 1.95261 -0.05253
v 0.877895 1.848 -0.05253
v -0.338311 1.95288 -0.05253
v -0.32477 1.84819 -0.05253
v 0.861393 1.94511 -0.05253
v 0.84514 1.84376 -0.05253
v -0.307252 1.94537 -0.05253
v -0.292022 1.84393 -0.05253
v 0.851151 2.03241 0
v 0.860346 2.03648 0.032469
v -0.29567 2.03291 0
v -0.304852 2.03695 0.032469
v 0.884249 2.04641 0.05253
v -0.328736 2.04681 0.05253
v 0.913622 2.05725 0.05253
v -0.358111 2.05765 0.05253
v 0.93734 2.06516 0.032469
v -0.381843 2.0656 0.032469
v 0.946394 2.06806 0
v -0.390908 2.06852 0
v 0.93734 2.06516 -0.032463
v -0.381843 2.0656 -0.032463
v 0.913622 2.05725 -0.05253
v -0.358111 2.05765 -0.05253
v 0.884249 2.04641 -0.05253
v -0.328736 2.04681 -0.05253
v 0.860346 2.03648 -0.032463
v -0.304852 2.03695 -0.032463
v 0.862604 2.11753 0
v 0.844376 2.19673 0
v 0.871059 2.12321 -0.032463
v 0.852106 2.20368 -0.032463
v 0.871059 2.12321 0.032469
v 0.852104 2.20369 0.032469
v 0.893433 2.13718 0.05253
v 0.872723 2.22119 0.05253
v -0.305831 2.11791 0
v -0.3143 2.12354 -0.032463
v -0.287339 2.19673 0
v -0.294937 2.2038 -0.032463
v -0.3143 2.12354 0.032469
v -0.294936 2.2038 0.032469
v -0.336688 2.13742 0.05253
v -0.315259 2.22158 0.05253
v 0.921713 2.15245 0.05253
v 0.899189 2.24126 0.05253
v -0.364969 2.1527 0.05253
v -0.341434 2.24196 0.05253
v 0.945034 2.16355 0.032469
v 0.921246 2.25652 0.032469
v -0.388276 2.16387 0.032469
v -0.363306 2.25742 0.032469
v 0.954004 2.16763 0
v 0.92975 2.26222 0
v -0.397242 2.16799 0
v -0.371749 2.2632 0
v 0.921244 2.25652 -0.032463
v 0.945034 2.16355 -0.032463
v -0.363303 2.25743 -0.032463
v -0.388276 2.16387 -0.032463
v 0.899187 2.24127 -0.05253
v 0.921713 2.15245 -0.05253
v -0.341434 2.24196 -0.05253
v -0.36497 2.1527 -0.05253
v 0.872723 2.22119 -0.05253
v 0.893433 2.13718 -0.05253
v -0.315259 2.22158 -0.05253
v -0.336687 2.13742 -0.05253
v 0.800083 2.26511 0
v 0.806908 2.27307 0.032469
v -0.243218 2.2646 0
v -0.249699 2.27281 0.032469
v 0.825144 2.29344 0.05253
v -0.267172 2.29377 0.05253
v 0.848703 2.31754 0.05253
v -0.290031 2.31842 0.05253
v 0.868416 2.33635 0.032469
v -0.30934 2.33755 0.032469
v 0.876015 2.34345 0
v -0.31681 2.34476 0
v 0.868412 2.33635 -0.032463
v -0.30934 2.33755 -0.032463
v 0.8487 2.31755 -0.05253
v -0.29003 2.31842 -0.05253
v 0.825148 2.29344 -0.05253
v -0.267175 2.29377 -0.05253
v 0.806911 2.27306 -0.032463
v -0.2497 2.27281 -0.032463
v 0.73374 2.31556 0
v 0.657854 2.3543 0
v 0.738892 2.32456 -0.032463
v 0.661001 2.3638 -0.032463
v 0.738886 2.32457 0.032469
v 0.660994 2.36381 0.032469
v 0.752571 2.34795 0.05253
v 0.669216 2.38871 0.05253
v -0.175426 2.31553 0
v -0.180593 2.32452 -0.032463
v -0.099496 2.35429 0
v -0.102643 2.36379 -0.032463
v -0.180584 2.32452 0.032469
v -0.102638 2.36379 0.032469
v -0.194294 2.34789 0.05253
v -0.110862 2.3887 0.05253
v 0.770103 2.37641 0.05253
v 0.679438 2.41953 0.05253
v -0.211822 2.37635 0.05253
v -0.121083 2.41951 0.05253
v 0.68775 2.44447 0.032469
v 0.784687 2.39915 0.032469
v -0.129394 2.44445 0.032469
v -0.226383 2.3991 0.032469
v 0.690918 2.45401 0
v 0.790291 2.40781 0
v -0.132558 2.45399 0
v -0.231976 2.40776 0
v 0.784683 2.39916 -0.032463
v 0.687744 2.44447 -0.032463
v -0.226378 2.3991 -0.032463
v -0.129389 2.44445 -0.032463
v 0.770102 2.37641 -0.05253
v 0.679436 2.41953 -0.05253
v -0.211822 2.37635 -0.05253
v -0.121078 2.41951 -0.05253
v 0.669216 2.38871 -0.05253
v 0.752573 2.34795 -0.05253
v -0.110862 2.3887 -0.05253
v -0.194296 2.34788 -0.05253
v 0.581415 2.36003 0
v 0.581415 2.36994 0.032469
v -0.023109 2.36003 0
v -0.023109 2.36994 0.032469
v 0.581415 2.3959 0.05253
v -0.023109 2.3959 0.05253
v 0.581415 2.42797 0.05253
v -0.023109 2.42797 0.05253
v 0.581415 2.45392 0.032469
v -0.023109 2.45392 0.032469
v 0.581415 2.46384 0
v -0.023109 2.46384 0
v 0.581415 2.45392 -0.032463
v -0.023109 2.45392 -0.032463
v 0.581415 2.42797 -0.05253
v -0.023109 2.42797 -0.05253
v 0.581415 2.3959 -0.05253
v -0.023109 2.3959 -0.05253
v 0.581415 2.36994 -0.032463
v -0.023109 2.36994 -0.032463
v -0.349812 1.54357 0
v -0.403652 1.44015 0
v -0.360907 1.54085 -0.032463
v -0.414432 1.43607 -0.032463
v -0.360907 1.54085 0.032469
v -0.414432 1.43607 0.032469
v -0.389718 1.53438 0.05253
v -0.442444 1.4261 0.05253
v 0.903816 1.54413 0
v 0.914928 1.54139 -0.032463
v 0.959042 1.44097 0
v 0.969847 1.43686 -0.032463
v 0.914928 1.54139 0.032469
v 0.969847 1.43686 0.032469
v 0.943775 1.53485 0.05253
v 0.997902 1.42683 0.05253
v -0.424845 1.5279 0.05253
v -0.476647 1.41549 0.05253
v 0.978916 1.52835 0.05253
v 1.03213 1.41621 0.05253
v -0.452991 1.52367 0.032469
v -0.504107 1.40806 0.032469
v 1.00706 1.52415 0.032469
v 1.05959 1.4088 0.032469
v -0.463711 1.5222 0
v -0.514578 1.40538 0
v 1.01777 1.52269 0
v 1.07006 1.40614 0
v -0.504107 1.40806 -0.032463
v -0.452991 1.52367 -0.032463
v 1.05959 1.4088 -0.032463
v 1.00706 1.52415 -0.032463
v -0.476647 1.41549 -0.05253
v -0.424845 1.5279 -0.05253
v 1.03213 1.41621 -0.05253
v 0.978916 1.52835 -0.05253
v -0.442444 1.4261 -0.05253
v -0.389718 1.53438 -0.05253
v 0.997902 1.42683 -0.05253
v 0.943775 1.53485 -0.05253
v -0.403069 1.26866 0
v -0.386262 1.2643 0
v -0.415374 1.261 -0.043556
v -0.400674 1.2555 -0.051048
v -0.415313 1.26104 0.04361
v -0.400674 1.2555 0.051052
v -0.44749 1.24116 0.070608
v -0.438247 1.23261 0.082531
v -0.487272 1.21701 0.070574
v -0.484609 1.2047 0.082531
v -0.519394 1.19783 0.043562
v -0.52212 1.18235 0.050991
v -0.531623 1.19057 0
v -0.536427 1.17385 0
v -0.52212 1.18235 -0.050991
v -0.519383 1.19784 -0.043552
v -0.484612 1.2047 -0.082527
v -0.487261 1.21702 -0.070517
v -0.438245 1.23261 -0.082527
v -0.447515 1.24114 -0.070507
v 0.960951 1.26906 0
v 0.973276 1.2614 -0.043552
v 0.944166 1.26463 0
v 0.958597 1.25584 -0.051044
v 0.973209 1.26144 0.043613
v 0.958597 1.25584 0.051052
v 1.00542 1.24156 0.070614
v 0.996206 1.23298 0.082531
v 1.04524 1.21744 0.07058
v 1.04262 1.20511 0.082531
v 1.07738 1.19829 0.043562
v 1.08016 1.18281 0.050991
v 1.08961 1.19104 0
v 1.09447 1.17434 0
v 1.08016 1.18281 -0.050985
v 1.07736 1.1983 -0.043543
v 1.04262 1.20511 -0.082531
v 1.04522 1.21745 -0.070517
v 0.996204 1.23298 -0.082531
v 1.00544 1.24154 -0.070507
v -0.32793 1.15861 0
v -0.341347 1.14894 0.051052
v 0.886171 1.1585 0
v 0.899603 1.14885 0.051052
v -0.376301 1.12354 0.082531
v 0.934586 1.12351 0.082531
v -0.419352 1.09193 0.082531
v 0.977678 1.09196 0.082531
v -0.454114 1.06619 0.050991
v 1.01247 1.06627 0.050991
v -0.467359 1.05635 0
v 1.02572 1.05644 0
v -0.454114 1.06619 -0.050991
v 1.01247 1.06627 -0.050985
v -0.419353 1.09193 -0.082527
v 0.977678 1.09196 -0.082531
v -0.376299 1.12354 -0.082527
v 0.934584 1.12351 -0.082531
v -0.341347 1.14894 -0.051048
v 0.899603 1.14885 -0.051044
vn 0.98082 -0.194916 2e-06
vn 0.803308 -0.163232 0.572758
vn 0.917693 -0.39729 -3e-06
vn 0.769297 -0.337052 0.542751
vn 0.994665 -0.103158 -5e-06
vn 0.809466 -0.067334 0.583293
vn 0.985715 0.168422 -6e-06
vn 0.773019 0.138398 0.619102
vn -0.993107 -0.117216 3e-06
vn -0.987985 0.154547 8e-06
vn -0.810423 -0.078578 0.580552
vn -0.775124 0.127782 0.618753
vn -0.980894 -0.194542 0
vn -0.915266 -0.40285 2e-06
vn -0.803552 -0.163067 0.572463
vn -0.768147 -0.34238 0.541041
vn 0.324078 -0.070799 0.943378
vn 0.320578 -0.148585 0.935496
vn 0.268274 -0.001832 0.963341
vn 0.237817 0.04493 0.97027
vn -0.269345 -0.004937 0.963031
vn -0.236894 0.041454 0.970651
vn -0.32466 -0.071001 0.943162
vn -0.321145 -0.151819 0.934782
vn -0.29515 0.060017 0.953564
vn -0.302762 0.120102 0.945469
vn -0.38222 0.020186 0.923851
vn -0.371428 -0.085867 0.924483
vn 0.384086 0.025417 0.922947
vn 0.375619 -0.082048 0.923135
vn 0.294657 0.059754 0.953733
vn 0.30246 0.121816 0.945346
vn -0.793933 0.172607 0.582989
vn -0.767744 0.321748 0.554119
vn -0.841024 0.004222 0.540981
vn -0.815347 -0.193414 0.545711
vn 0.842167 0.014346 0.539026
vn 0.819106 -0.184034 0.543321
vn 0.793838 0.172466 0.583161
vn 0.766335 0.326932 0.553034
vn -0.976526 0.215398 9e-06
vn -0.921522 0.388327 5e-06
vn -0.999976 -0.00697 8e-06
vn -0.972369 -0.233448 1e-06
vn 0.999989 0.004735 5e-06
vn 0.97506 -0.221942 3e-06
vn 0.976547 0.215304 -5e-06
vn 0.918965 0.394339 -4e-06
vn -0.767734 0.321755 -0.554129
vn -0.793922 0.172609 -0.583004
vn -0.815353 -0.193395 -0.545709
vn -0.841026 0.004217 -0.540979
vn 0.819096 -0.184031 -0.543336
vn 0.842158 0.014341 -0.53904
vn 0.766339 0.326927 -0.553032
vn 0.793834 0.172467 -0.583166
vn -0.302832 0.12013 -0.945443
vn -0.295228 0.060032 -0.953539
vn -0.371556 -0.085878 -0.92443
vn -0.38234 0.020191 -0.923801
vn 0.375727 -0.082059 -0.92309
vn 0.384174 0.025419 -0.922911
vn 0.302506 0.121846 -0.945327
vn 0.294696 0.059768 -0.95372
vn 0.320631 -0.148612 -0.935473
vn 0.324122 -0.070815 -0.943361
vn 0.237849 0.044941 -0.970262
vn 0.268354 -0.001833 -0.963319
vn -0.236917 0.041466 -0.970645
vn -0.269403 -0.004939 -0.963015
vn -0.321213 -0.151848 -0.934754
vn -0.324778 -0.071015 -0.94312
vn 0.769309 -0.337043 -0.54274
vn 0.803302 -0.163228 -0.572767
vn 0.773045 0.1384 -0.619069
vn 0.809483 -0.067335 -0.58327
vn -0.775132 0.127785 -0.618742
vn -0.810435 -0.078577 -0.580535
vn -0.768156 -0.342373 -0.541033
vn -0.803557 -0.163065 -0.572456
vn -0.998777 0.049441 -0
vn -0.977389 0.211449 1e-06
vn -0.824701 0.039834 -0.564165
vn -0.829316 0.176089 -0.53031
vn -0.824692 0.039836 0.564177
vn -0.829313 0.176093 0.530313
vn -0.338714 0.017918 0.940719
vn -0.348648 0.073579 0.934361
vn 0.999095 0.04254 5e-06
vn 0.824658 0.034046 -0.564606
vn 0.979844 0.199765 -1e-06
vn 0.83027 0.165937 -0.532087
vn 0.824669 0.034047 0.56459
vn 0.830267 0.165943 0.53209
vn 0.338091 0.015319 0.940989
vn 0.347752 0.068909 0.935051
vn 0.308773 -0.00151 0.951134
vn 0.349529 -0.054794 0.935322
vn -0.308987 0.000338 0.951066
vn -0.348903 -0.050883 0.935777
vn 0.82045 -0.009109 0.571646
vn 0.839189 -0.132377 0.527483
vn -0.820288 -0.003633 0.571939
vn -0.839496 -0.12286 0.529295
vn 0.999954 -0.009563 -9e-06
vn 0.988199 -0.153174 -2e-06
vn -0.999996 -0.002817 1.4e-05
vn -0.989846 -0.142142 5e-06
vn 0.839206 -0.13237 -0.527457
vn 0.820457 -0.009112 -0.571636
vn -0.839493 -0.122862 -0.529299
vn -0.820266 -0.003633 -0.571971
vn 0.349598 -0.054804 -0.935296
vn 0.308833 -0.001509 -0.951115
vn -0.348948 -0.050894 -0.935759
vn -0.309055 0.000337 -0.951044
vn -0.348722 0.073597 -0.934332
vn -0.338836 0.017922 -0.940675
vn 0.347819 0.068922 -0.935025
vn 0.338136 0.015321 -0.940972
vn -0.980043 0.198785 -0
vn -0.844035 0.161851 0.511282
vn 0.982785 0.184752 -4e-06
vn 0.844326 0.149699 0.514494
vn -0.345463 0.055486 0.93679
vn 0.343843 0.050603 0.937663
vn 0.388423 -0.059415 0.919564
vn -0.386893 -0.054073 0.920538
vn 0.856202 -0.114473 0.5038
vn -0.8562 -0.103551 0.50616
vn 0.991778 -0.127974 5e-06
vn -0.993299 -0.115571 -5e-06
vn 0.856216 -0.114458 -0.503779
vn -0.856218 -0.103549 -0.506131
vn 0.388492 -0.059426 -0.919534
vn -0.386963 -0.054083 -0.920508
vn -0.34555 0.055499 -0.936758
vn 0.343941 0.050611 -0.937626
vn -0.844027 0.161855 -0.511295
vn 0.844341 0.149699 -0.514469
vn -0.999603 -0.028162 -4e-06
vn -0.924155 -0.382018 -9e-06
vn -0.841046 -0.037156 -0.539686
vn -0.748695 -0.317797 -0.581774
vn -0.841042 -0.037162 0.539692
vn -0.748671 -0.31782 0.581793
vn -0.309608 -0.032419 0.950312
vn -0.258975 -0.120758 0.958306
vn 0.999243 -0.038895 -4e-06
vn 0.839751 -0.045823 -0.541035
vn 0.922992 -0.38482 -3e-06
vn 0.748424 -0.321238 -0.580231
vn 0.839721 -0.045834 0.54108
vn 0.748406 -0.32125 0.580247
vn 0.308886 -0.03495 0.950457
vn 0.258597 -0.122399 0.958199
vn 0.388356 0.020792 0.921275
vn 0.332389 0.141327 0.932494
vn -0.386703 0.025759 0.921844
vn -0.332 0.144573 0.932135
vn 0.849448 0.075254 0.522279
vn 0.761783 0.340058 0.551404
vn -0.847706 0.085543 0.523524
vn -0.758941 0.347172 0.55089
vn 0.995482 0.094949 -8e-06
vn 0.911822 0.410585 -1.9e-05
vn -0.99425 0.107086 -1.1e-05
vn -0.907957 0.419064 -2e-06
vn 0.76177 0.340061 -0.55142
vn 0.849439 0.075262 -0.522293
vn -0.75894 0.347167 -0.550895
vn -0.847705 0.085549 -0.523524
vn 0.332492 0.141356 -0.932452
vn 0.388453 0.020799 -0.921234
vn -0.332048 0.144606 -0.932112
vn -0.386771 0.025767 -0.921816
vn -0.25903 -0.120788 -0.958287
vn -0.30969 -0.032427 -0.950285
vn 0.258666 -0.122426 -0.958177
vn 0.308978 -0.034954 -0.950427
vn -0.733404 -0.679793 0
vn -0.58251 -0.545116 0.602935
vn 0.730314 -0.683112 -1.9e-05
vn 0.580513 -0.549035 0.601303
vn -0.196952 -0.18874 0.962074
vn 0.196178 -0.191162 0.961754
vn 0.254932 0.243583 0.935776
vn -0.254055 0.244552 0.935762
vn 0.5977 0.57243 0.561318
vn -0.59497 0.575468 0.561112
vn 0.722344 0.691534 -1e-05
vn -0.718862 0.695153 8e-06
vn 0.597702 0.572424 -0.561323
vn -0.594969 0.575473 -0.561108
vn 0.255017 0.243633 -0.93574
vn -0.254107 0.244603 -0.935735
vn -0.197004 -0.188784 -0.962055
vn 0.196222 -0.191204 -0.961737
vn -0.582544 -0.545093 -0.602923
vn 0.580504 -0.549044 -0.601303
vn -0.530277 -0.847824 6e-06
vn -0.276965 -0.96088 6e-06
vn -0.425468 -0.684782 -0.59165
vn -0.220992 -0.770906 -0.597382
vn -0.42545 -0.684792 0.591652
vn -0.220966 -0.770902 0.597397
vn -0.151147 -0.24582 0.957459
vn -0.075919 -0.261957 0.962089
vn 0.528275 -0.849073 -4.2e-05
vn 0.424152 -0.68634 -0.59079
vn 0.277217 -0.960807 -1.6e-05
vn 0.221202 -0.770873 -0.597348
vn 0.424159 -0.686335 0.59079
vn 0.22118 -0.770862 0.59737
vn 0.151284 -0.247297 0.957057
vn 0.075988 -0.261948 0.962086
vn 0.177782 0.297002 0.938181
vn 0.094153 0.353612 0.930642
vn -0.176376 0.296785 0.938515
vn -0.094254 0.353565 0.930649
vn 0.218268 0.80688 0.548911
vn 0.425413 0.71022 0.560902
vn -0.218458 0.806835 0.548902
vn -0.422999 0.711414 0.561215
vn 0.26152 0.965198 1.6e-05
vn 0.513772 0.857927 8e-06
vn -0.26172 0.965144 1e-05
vn -0.510941 0.859616 5e-06
vn 0.425395 0.710231 -0.560902
vn 0.218234 0.806886 -0.548916
vn -0.422993 0.711422 -0.561209
vn -0.21846 0.806836 -0.5489
vn 0.177822 0.297068 -0.938152
vn 0.094179 0.353673 -0.930616
vn -0.176412 0.296849 -0.938488
vn -0.094272 0.353629 -0.930623
vn -0.075931 -0.26202 -0.962071
vn -0.151203 -0.245868 -0.957438
vn 0.076021 -0.262013 -0.962066
vn 0.151316 -0.247359 -0.957035
vn -0.075823 -0.997121 9e-06
vn -0.063176 -0.8152 0.575724
vn 0.076068 -0.997103 1.4e-05
vn 0.063356 -0.815179 0.575733
vn -0.023604 -0.296581 0.954716
vn 0.023637 -0.296532 0.95473
vn 0.03147 0.359325 0.932682
vn -0.031581 0.35938 0.932657
vn 0.074092 0.835167 0.544983
vn -0.074298 0.835177 0.54494
vn 0.08898 0.996033 1.4e-05
vn -0.089215 0.996012 1.8e-05
vn 0.074095 0.83516 -0.544994
vn -0.074291 0.835181 -0.544935
vn 0.031501 0.359383 -0.932658
vn -0.031573 0.359433 -0.932637
vn -0.023601 -0.296651 -0.954694
vn 0.023671 -0.296591 -0.954711
vn -0.063192 -0.815212 -0.575706
vn 0.063374 -0.815191 -0.575714
vn 0.880845 -0.473405 2e-06
vn 0.928245 -0.37197 1e-06
vn 0.759544 -0.402695 -0.510813
vn 0.796247 -0.304539 -0.52273
vn 0.759524 -0.402705 0.510835
vn 0.796238 -0.304539 0.522743
vn 0.322051 -0.164898 0.932251
vn 0.316646 -0.100703 0.943183
vn -0.875887 -0.482516 -2e-06
vn -0.7571 -0.411566 -0.507359
vn -0.923544 -0.383492 -2e-06
vn -0.794703 -0.31518 -0.518756
vn -0.757095 -0.411567 0.507365
vn -0.794691 -0.315186 0.518772
vn -0.322868 -0.169714 0.931103
vn -0.318138 -0.105233 0.942186
vn -0.331401 0.161579 0.929551
vn -0.360843 0.128516 0.92373
vn 0.331585 0.165747 0.928751
vn 0.361517 0.133678 0.922733
vn -0.772458 0.363934 0.520442
vn -0.81528 0.249971 0.522334
vn 0.770105 0.372381 0.517948
vn 0.813854 0.25978 0.519766
vn -0.906776 0.421613 1e-06
vn -0.959323 0.282312 7e-06
vn 0.902472 0.430748 2e-06
vn 0.956057 0.293182 4e-06
vn -0.815275 0.249967 -0.522343
vn -0.772444 0.36395 -0.520452
vn 0.813841 0.259785 -0.519784
vn 0.770103 0.372383 -0.517951
vn -0.36089 0.128539 -0.923708
vn -0.33143 0.161614 -0.929535
vn 0.361569 0.133702 -0.922709
vn 0.331657 0.165786 -0.928719
vn 0.31676 -0.100723 -0.943143
vn 0.322117 -0.164929 -0.932223
vn -0.31821 -0.105259 -0.942159
vn -0.322962 -0.169747 -0.931065
vn -0.036159 0.999346 -0.000223
vn 0.834578 0.550891 -3.4e-05
vn -0.125121 0.949776 -0.286829
vn 0.666067 0.45918 -0.5878
vn -0.124541 0.949845 0.286851
vn 0.666297 0.458889 0.587766
vn -0.336166 0.830029 0.445023
vn 0.229327 0.214304 0.949465
vn -0.577646 0.691101 0.434403
vn -0.305707 -0.094992 0.947375
vn -0.770432 0.578615 0.267655
vn -0.733575 -0.348499 0.583453
vn -0.845081 0.534638 -4.2e-05
vn -0.895273 -0.445518 -5e-06
vn -0.733603 -0.348405 -0.583473
vn -0.770294 0.578766 -0.267725
vn -0.305773 -0.094718 -0.947381
vn -0.577408 0.691428 -0.434197
vn 0.229089 0.21467 -0.949439
vn -0.33639 0.830211 -0.444514
vn 0.032417 0.999474 -0.000248
vn 0.122443 0.949756 -0.288047
vn -0.836883 0.547382 -3.7e-05
vn -0.668094 0.456504 -0.587584
vn 0.121793 0.949823 0.288103
vn -0.668304 0.456187 0.587591
vn 0.334914 0.83012 0.445796
vn -0.23047 0.213455 0.949379
vn 0.576716 0.692133 0.433994
vn 0.305812 -0.093921 0.947448
vn 0.769054 0.58081 0.266861
vn 0.734738 -0.346057 0.583442
vn 0.843345 0.537373 -5.6e-05
vn 0.896757 -0.442523 -1e-05
vn 0.734778 -0.345943 -0.583459
vn 0.768903 0.580997 -0.266889
vn 0.305966 -0.093645 -0.947426
vn 0.576552 0.692469 -0.433676
vn -0.230286 0.213896 -0.949325
vn 0.335149 0.830348 -0.445194
vn 0.874607 0.484832 -7e-06
vn 0.697446 0.388889 0.601942
vn -0.87661 0.481202 -7e-06
vn -0.698897 0.385992 0.602125
vn 0.246872 0.138843 0.95905
vn -0.247101 0.137689 0.959157
vn -0.289166 -0.168313 0.942366
vn 0.290133 -0.167515 0.942211
vn -0.706934 -0.413553 0.573776
vn 0.708577 -0.41121 0.573433
vn -0.862537 -0.505994 -0
vn 0.864283 -0.503007 -5e-06
vn -0.706922 -0.413562 -0.573784
vn 0.708562 -0.411221 -0.573443
vn -0.289107 -0.168293 -0.942388
vn 0.290146 -0.167533 -0.942204
vn 0.246855 0.138841 -0.959055
vn -0.247154 0.137726 -0.959139
vn 0.697419 0.3889 -0.601967
vn -0.698915 0.386007 -0.602093
vn -0.503849 0.863539 0.02088
vn -0.490749 0.871301 1.6e-05
vn -0.519304 0.854487 0.013242
vn -0.516303 0.856405 -0.001391
vn -0.508248 0.861204 -0.003521
vn -0.505941 0.862568 0
vn -0.508229 0.861215 0.003528
vn -0.516264 0.856429 0.001414
vn -0.51934 0.854465 -0.01324
vn -0.503861 0.863532 -0.020896
vn 0.501651 0.864777 0.022514
vn 0.487462 0.873145 2e-05
vn 0.518588 0.854905 0.014279
vn 0.515423 0.856934 -0.001978
vn 0.50618 0.862416 -0.004555
vn 0.503236 0.864149 -4e-06
vn 0.50613 0.862445 0.004571
vn 0.515413 0.856939 0.002027
vn 0.518625 0.854883 -0.014241
vn 0.501641 0.864783 -0.022507
vt 0.231749 0.509701
vt 0.207508 0.509701
vt 0.231749 0.392051
vt 0.207508 0.392051
vt 0.231749 0.074126
vt 0.207508 0.074126
vt 0.231749 0.005814
vt 0.207508 0.005814
vt 0.241066 0.05895
vt 0.241066 0.003968
vt 0.264989 0.05895
vt 0.264989 0.003968
vt 0.241066 0.423618
vt 0.241066 0.325453
vt 0.264989 0.423618
vt 0.264989 0.325453
vt 0.183258 0.509701
vt 0.183258 0.392051
vt 0.183258 0.074126
vt 0.183258 0.005814
vt 0.288368 0.05895
vt 0.288368 0.003968
vt 0.288368 0.423618
vt 0.288368 0.325453
vt 0.159631 0.509701
vt 0.159631 0.392051
vt 0.159631 0.074126
vt 0.159631 0.005814
vt 0.311296 0.05895
vt 0.311296 0.003968
vt 0.311296 0.423618
vt 0.311296 0.325453
vt 0.135347 0.509701
vt 0.135347 0.392051
vt 0.135347 0.074126
vt 0.135347 0.005814
vt 0.334719 0.05895
vt 0.334719 0.003968
vt 0.334719 0.423618
vt 0.334719 0.325453
vt 0.110327 0.509701
vt 0.110327 0.392051
vt 0.110327 0.074126
vt 0.110327 0.005814
vt 0.35931 0.05895
vt 0.35931 0.003968
vt 0.35931 0.423618
vt 0.35931 0.325453
vt 0.08656 0.392051
vt 0.08656 0.509701
vt 0.08656 0.005814
vt 0.08656 0.074126
vt 0.382004 0.003968
vt 0.382004 0.05895
vt 0.382004 0.325453
vt 0.382004 0.423618
vt 0.065846 0.392051
vt 0.065846 0.509701
vt 0.065846 0.005814
vt 0.065846 0.074126
vt 0.40216 0.003968
vt 0.40216 0.05895
vt 0.40216 0.325453
vt 0.40216 0.423618
vt 0.046659 0.392051
vt 0.046659 0.509701
vt 0.046659 0.005814
vt 0.046659 0.074126
vt 0.425376 0.003968
vt 0.425376 0.05895
vt 0.425376 0.325453
vt 0.425376 0.423618
vt 0.027082 0.392051
vt 0.027082 0.509701
vt 0.027082 0.005814
vt 0.027082 0.074126
vt 0.448982 0.003968
vt 0.448982 0.05895
vt 0.448982 0.325453
vt 0.448982 0.423618
vt 0.00286 0.392051
vt 0.00286 0.509701
vt 0.00286 0.005814
vt 0.00286 0.074126
vt 0.473134 0.003968
vt 0.473134 0.05895
vt 0.473134 0.325453
vt 0.473134 0.423618
vt 0.473134 0.514314
vt 0.473134 0.600567
vt 0.448982 0.514314
vt 0.448982 0.600567
vt 0.241066 0.514314
vt 0.264989 0.514314
vt 0.241066 0.600567
vt 0.264989 0.600567
vt 0.288368 0.514314
vt 0.288368 0.600567
vt 0.00286 0.602764
vt 0.027082 0.602764
vt 0.00286 0.677345
vt 0.027082 0.677345
vt 0.231749 0.602764
vt 0.231749 0.677345
vt 0.207508 0.602764
vt 0.207508 0.677345
vt 0.183258 0.602764
vt 0.183258 0.677345
vt 0.311296 0.514314
vt 0.311296 0.600567
vt 0.159631 0.602764
vt 0.159631 0.677345
vt 0.334719 0.514314
vt 0.334719 0.600567
vt 0.135347 0.602764
vt 0.135347 0.677345
vt 0.35931 0.514314
vt 0.35931 0.600567
vt 0.110327 0.602764
vt 0.110327 0.677345
vt 0.382004 0.600567
vt 0.382004 0.514314
vt 0.08656 0.677345
vt 0.08656 0.602764
vt 0.40216 0.600567
vt 0.40216 0.514314
vt 0.065846 0.677345
vt 0.065846 0.602764
vt 0.425376 0.600567
vt 0.425376 0.514314
vt 0.046659 0.677345
vt 0.046659 0.602764
vt 0.241066 0.679002
vt 0.264989 0.679002
vt 0.231749 0.744853
vt 0.207508 0.744853
vt 0.288368 0.679002
vt 0.183258 0.744852
vt 0.311296 0.679002
vt 0.159631 0.744853
vt 0.334719 0.679002
vt 0.135347 0.744853
vt 0.35931 0.679002
vt 0.110327 0.744853
vt 0.382004 0.679002
vt 0.08656 0.744853
vt 0.40216 0.679002
vt 0.065846 0.744853
vt 0.425376 0.679002
vt 0.046659 0.744853
vt 0.448982 0.679002
vt 0.027082 0.744852
vt 0.473134 0.679002
vt 0.00286 0.744853
vt 0.473134 0.739605
vt 0.473134 0.790968
vt 0.448982 0.739605
vt 0.448982 0.790968
vt 0.241066 0.739605
vt 0.264989 0.739605
vt 0.241066 0.790968
vt 0.264989 0.790968
vt 0.288368 0.739605
vt 0.288368 0.790968
vt 0.00286 0.797144
vt 0.027082 0.797144
vt 0.00286 0.842563
vt 0.027082 0.842563
vt 0.231749 0.797144
vt 0.231749 0.842563
vt 0.207508 0.797144
vt 0.207508 0.842563
vt 0.183258 0.797144
vt 0.183258 0.842563
vt 0.311296 0.739605
vt 0.311296 0.790968
vt 0.159631 0.797144
vt 0.159631 0.842563
vt 0.334719 0.739605
vt 0.334719 0.790968
vt 0.135347 0.797144
vt 0.135347 0.842563
vt 0.35931 0.739605
vt 0.35931 0.790968
vt 0.110327 0.797144
vt 0.110327 0.842563
vt 0.382004 0.790968
vt 0.382004 0.739605
vt 0.08656 0.842563
vt 0.08656 0.797144
vt 0.40216 0.790968
vt 0.40216 0.739605
vt 0.065846 0.842563
vt 0.065846 0.797144
vt 0.425376 0.790968
vt 0.425376 0.739605
vt 0.046659 0.842563
vt 0.046659 0.797144
vt 0.241066 0.839371
vt 0.264989 0.839371
vt 0.231749 0.883944
vt 0.207508 0.883944
vt 0.288368 0.839371
vt 0.183258 0.883944
vt 0.311296 0.839371
vt 0.159631 0.883944
vt 0.334719 0.839371
vt 0.135347 0.883944
vt 0.35931 0.839371
vt 0.110327 0.883944
vt 0.382004 0.839371
vt 0.08656 0.883944
vt 0.40216 0.839371
vt 0.065846 0.883944
vt 0.425376 0.839371
vt 0.046659 0.883944
vt 0.448982 0.839371
vt 0.027082 0.883944
vt 0.473134 0.839371
vt 0.00286 0.883944
vt 0.473134 0.887941
vt 0.473134 0.93523
vt 0.448982 0.887941
vt 0.448982 0.93523
vt 0.241066 0.887941
vt 0.264989 0.887941
vt 0.241066 0.93523
vt 0.264989 0.93523
vt 0.288368 0.887941
vt 0.288368 0.93523
vt 0.00286 0.923943
vt 0.027082 0.923943
vt 0.00286 0.962264
vt 0.027082 0.962264
vt 0.231749 0.923943
vt 0.231749 0.962264
vt 0.207508 0.923943
vt 0.207508 0.962264
vt 0.183258 0.923944
vt 0.183258 0.962264
vt 0.311296 0.887941
vt 0.311296 0.93523
vt 0.159631 0.923943
vt 0.159631 0.962264
vt 0.334719 0.93523
vt 0.334719 0.887941
vt 0.135347 0.962264
vt 0.135347 0.923943
vt 0.35931 0.93523
vt 0.35931 0.887941
vt 0.110327 0.962264
vt 0.110327 0.923943
vt 0.382004 0.887941
vt 0.382004 0.93523
vt 0.08656 0.923943
vt 0.08656 0.962264
vt 0.40216 0.887941
vt 0.40216 0.93523
vt 0.065846 0.923943
vt 0.065846 0.962264
vt 0.425376 0.93523
vt 0.425376 0.887941
vt 0.046659 0.962264
vt 0.046659 0.923944
vt 0.241066 0.979766
vt 0.264989 0.979766
vt 0.231749 0.996032
vt 0.207508 0.996032
vt 0.288368 0.979766
vt 0.183258 0.996032
vt 0.311296 0.979766
vt 0.159631 0.996032
vt 0.334719 0.979766
vt 0.135347 0.996032
vt 0.35931 0.979766
vt 0.110327 0.996032
vt 0.382004 0.979766
vt 0.08656 0.996032
vt 0.40216 0.979766
vt 0.065846 0.996032
vt 0.425376 0.979766
vt 0.046659 0.996032
vt 0.448982 0.979766
vt 0.027082 0.996032
vt 0.473134 0.979766
vt 0.00286 0.996032
vt 0.00286 0.274098
vt 0.00286 0.168425
vt 0.027082 0.274098
vt 0.027082 0.168425
vt 0.231749 0.274098
vt 0.207508 0.274098
vt 0.231749 0.168425
vt 0.207508 0.168425
vt 0.183258 0.274098
vt 0.183258 0.168425
vt 0.473134 0.228208
vt 0.448982 0.228208
vt 0.473134 0.138432
vt 0.448982 0.138432
vt 0.241066 0.228208
vt 0.241066 0.138432
vt 0.264989 0.228208
vt 0.264989 0.138432
vt 0.288368 0.228208
vt 0.288368 0.138432
vt 0.159631 0.274098
vt 0.159631 0.168425
vt 0.311296 0.228208
vt 0.311296 0.138432
vt 0.135347 0.274097
vt 0.135347 0.168425
vt 0.334719 0.228208
vt 0.334719 0.138432
vt 0.110327 0.274098
vt 0.110327 0.168425
vt 0.35931 0.228208
vt 0.35931 0.138432
vt 0.08656 0.168425
vt 0.08656 0.274098
vt 0.382004 0.138432
vt 0.382004 0.228208
vt 0.065846 0.168425
vt 0.065846 0.274098
vt 0.40216 0.138432
vt 0.40216 0.228208
vt 0.046659 0.168425
vt 0.046659 0.274098
vt 0.425376 0.138432
vt 0.425376 0.228208
vt 0.619646 0.005512
vt 0.631316 0.005512
vt 0.619646 0.043057
vt 0.631316 0.043057
vt 0.619646 0.375402
vt 0.619646 0.329506
vt 0.631316 0.375402
vt 0.631316 0.329506
vt 0.619646 0.287819
vt 0.631316 0.287819
vt 0.619646 0.248205
vt 0.631316 0.248206
vt 0.619646 0.210449
vt 0.631316 0.210449
vt 0.619646 0.174494
vt 0.631316 0.174494
vt 0.631316 0.139825
vt 0.619646 0.139825
vt 0.631316 0.106354
vt 0.619646 0.106354
vt 0.631316 0.07411
vt 0.619646 0.07411
vt 0.581355 0.004599
vt 0.581355 0.050516
vt 0.569636 0.004599
vt 0.569636 0.050516
vt 0.581355 0.375564
vt 0.569636 0.375564
vt 0.581355 0.337885
vt 0.569636 0.337885
vt 0.581355 0.306731
vt 0.569636 0.306731
vt 0.581355 0.274384
vt 0.569636 0.274384
vt 0.581355 0.24081
vt 0.569636 0.24081
vt 0.581355 0.206022
vt 0.569636 0.206022
vt 0.569636 0.16995
vt 0.581355 0.16995
vt 0.569636 0.132069
vt 0.581355 0.132069
vt 0.569636 0.092344
vt 0.581355 0.092344
vt 0.717786 0.375402
vt 0.717786 0.329506
vt 0.482882 0.375564
vt 0.482882 0.337885
vt 0.717786 0.287819
vt 0.482882 0.306731
vt 0.717786 0.248206
vt 0.482882 0.274384
vt 0.717786 0.210449
vt 0.482882 0.24081
vt 0.717786 0.174494
vt 0.482882 0.206022
vt 0.717786 0.139825
vt 0.482882 0.16995
vt 0.717786 0.106354
vt 0.482882 0.132069
vt 0.717786 0.07411
vt 0.482882 0.092344
vt 0.717786 0.043057
vt 0.482882 0.050516
vt 0.717786 0.005512
vt 0.482882 0.004599
vt 0.605594 0.329506
vt 0.605594 0.375402
vt 0.605594 0.287819
vt 0.605594 0.248205
vt 0.605594 0.210449
vt 0.605594 0.174494
vt 0.605594 0.139825
vt 0.605594 0.106354
vt 0.605594 0.07411
vt 0.605594 0.043057
vt 0.605594 0.005512
vt 0.594882 0.337885
vt 0.594882 0.375564
vt 0.594882 0.306731
vt 0.594882 0.274384
vt 0.594882 0.24081
vt 0.594882 0.206022
vt 0.594882 0.16995
vt 0.594882 0.132069
vt 0.594882 0.092344
vt 0.594882 0.050516
vt 0.594882 0.004599
usemtl Handle_BSG
f 133/166/133 134/167/134 135/168/135
f 135/168/135 134/167/134 136/169/136
f 137/170/137 138/171/138 139/172/139
f 139/172/139 138/171/138 140/173/140
f 141/174/141 142/175/142 143/176/143
f 143/176/143 142/175/142 144/177/144
f 145/178/145 146/179/146 147/180/147
f 147/180/147 146/179/146 148/181/148
f 134/167/134 149/182/149 136/169/136
f 136/169/136 149/182/149 150/183/150
f 138/171/138 151/184/151 140/173/140
f 140/173/140 151/184/151 152/185/152
f 143/176/143 144/177/144 153/186/153
f 153/186/153 144/177/144 154/187/154
f 147/180/147 148/181/148 155/188/155
f 155/188/155 148/181/148 156/189/156
f 149/182/149 157/190/157 150/183/150
f 150/183/150 157/190/157 158/191/158
f 151/184/151 159/192/159 152/185/152
f 152/185/152 159/192/159 160/193/160
f 153/186/153 154/187/154 161/194/161
f 161/194/161 154/187/154 162/195/162
f 155/188/155 156/189/156 163/196/163
f 163/196/163 156/189/156 164/197/164
f 157/190/157 165/198/165 158/191/158
f 158/191/158 165/198/165 166/199/166
f 159/192/159 167/200/167 160/193/160
f 160/193/160 167/200/167 168/201/168
f 161/194/161 162/195/162 169/202/169
f 169/202/169 162/195/162 170/203/170
f 163/196/163 164/197/164 171/204/171
f 171/204/171 164/197/164 172/205/172
f 165/198/165 173/206/173 166/199/166
f 166/199/166 173/206/173 174/207/174
f 167/200/167 175/208/175 168/201/168
f 168/201/168 175/208/175 176/209/176
f 169/202/169 170/203/170 177/210/177
f 177/210/177 170/203/170 178/211/178
f 171/204/171 172/205/172 179/212/179
f 179/212/179 172/205/172 180/213/180
f 174/207/174 173/206/173 181/214/181
f 181/214/181 173/206/173 182/215/182
f 176/209/176 175/208/175 183/216/183
f 183/216/183 175/208/175 184/217/184
f 178/211/178 185/218/185 177/210/177
f 177/210/177 185/218/185 186/219/186
f 180/213/180 187/220/187 179/212/179
f 179/212/179 187/220/187 188/221/188
f 181/214/181 182/215/182 189/222/189
f 189/222/189 182/215/182 190/223/190
f 183/216/183 184/217/184 191/224/191
f 191/224/191 184/217/184 192/225/192
f 185/218/185 193/226/193 186/219/186
f 186/219/186 193/226/193 194/227/194
f 187/220/187 195/228/195 188/221/188
f 188/221/188 195/228/195 196/229/196
f 189/222/189 190/223/190 197/230/197
f 197/230/197 190/223/190 198/231/198
f 191/224/191 192/225/192 199/232/199
f 199/232/199 192/225/192 200/233/200
f 193/226/193 201/234/201 194/227/194
f 194/227/194 201/234/201 202/235/202
f 195/228/195 203/236/203 196/229/196
f 196/229/196 203/236/203 204/237/204
f 197/230/197 198/231/198 205/238/205
f 205/238/205 198/231/198 206/239/206
f 199/232/199 200/233/200 207/240/207
f 207/240/207 200/233/200 208/241/208
f 201/234/201 209/242/209 202/235/202
f 202/235/202 209/242/209 210/243/210
f 203/236/203 211/244/211 204/237/204
f 204/237/204 211/244/211 212/245/212
f 205/238/205 206/239/206 135/246/135
f 135/246/135 206/239/206 133/247/133
f 207/240/207 208/241/208 139/248/139
f 139/248/139 208/241/208 137/249/137
f 209/242/209 142/250/142 210/243/210
f 210/243/210 142/250/142 141/251/141
f 211/244/211 146/252/146 212/245/212
f 212/245/212 146/252/146 145/253/145
f 213/254/213 214/255/214 215/256/215
f 215/256/215 214/255/214 216/257/216
f 213/258/213 217/259/217 214/260/214
f 214/260/214 217/259/217 218/261/218
f 217/259/217 219/262/219 218/261/218
f 218/261/218 219/262/219 220/263/220
f 221/264/221 222/265/222 223/266/223
f 223/266/223 222/265/222 224/267/224
f 221/268/221 223/269/223 225/270/225
f 225/270/225 223/269/223 226/271/226
f 225/270/225 226/271/226 227/272/227
f 227/272/227 226/271/226 228/273/228
f 219/262/219 229/274/229 220/263/220
f 220/263/220 229/274/229 230/275/230
f 227/272/227 228/273/228 231/276/231
f 231/276/231 228/273/228 232/277/232
f 229/274/229 233/278/233 230/275/230
f 230/275/230 233/278/233 234/279/234
f 231/276/231 232/277/232 235/280/235
f 235/280/235 232/277/232 236/281/236
f 233/278/233 237/282/237 234/279/234
f 234/279/234 237/282/237 238/283/238
f 235/280/235 236/281/236 239/284/239
f 239/284/239 236/281/236 240/285/240
f 238/283/238 237/282/237 241/286/241
f 241/286/241 237/282/237 242/287/242
f 240/285/240 243/288/243 239/284/239
f 239/284/239 243/288/243 244/289/244
f 241/286/241 242/287/242 245/290/245
f 245/290/245 242/287/242 246/291/246
f 243/288/243 247/292/247 244/289/244
f 244/289/244 247/292/247 248/293/248
f 245/290/245 246/291/246 249/294/249
f 249/294/249 246/291/246 250/295/250
f 247/292/247 251/296/251 248/293/248
f 248/293/248 251/296/251 252/297/252
f 249/294/249 250/295/250 216/257/216
f 216/257/216 250/295/250 215/256/215
f 251/296/251 224/267/224 252/297/252
f 252/297/252 224/267/224 222/265/222
f 213/258/213 145/178/145 217/259/217
f 217/259/217 145/178/145 147/180/147
f 214/260/214 218/261/218 253/298/253
f 253/298/253 218/261/218 254/299/254
f 223/269/223 255/300/255 226/271/226
f 226/271/226 255/300/255 256/301/256
f 221/268/221 225/270/225 133/166/133
f 133/166/133 225/270/225 134/167/134
f 217/259/217 147/180/147 219/262/219
f 219/262/219 147/180/147 155/188/155
f 218/261/218 220/263/220 254/299/254
f 254/299/254 220/263/220 257/302/257
f 226/271/226 256/301/256 228/273/228
f 228/273/228 256/301/256 258/303/258
f 225/270/225 227/272/227 134/167/134
f 134/167/134 227/272/227 149/182/149
f 219/262/219 155/188/155 229/274/229
f 229/274/229 155/188/155 163/196/163
f 220/263/220 230/275/230 257/302/257
f 257/302/257 230/275/230 259/304/259
f 228/273/228 258/303/258 232/277/232
f 232/277/232 258/303/258 260/305/260
f 227/272/227 231/276/231 149/182/149
f 149/182/149 231/276/231 157/190/157
f 229/274/229 163/196/163 233/278/233
f 233/278/233 163/196/163 171/204/171
f 230/275/230 234/279/234 259/304/259
f 259/304/259 234/279/234 261/306/261
f 232/277/232 260/305/260 236/281/236
f 236/281/236 260/305/260 262/307/262
f 231/276/231 235/280/235 157/190/157
f 157/190/157 235/280/235 165/198/165
f 233/278/233 171/204/171 237/282/237
f 237/282/237 171/204/171 179/212/179
f 234/279/234 238/283/238 261/306/261
f 261/306/261 238/283/238 263/308/263
f 236/281/236 262/307/262 240/285/240
f 240/285/240 262/307/262 264/309/264
f 235/280/235 239/284/239 165/198/165
f 165/198/165 239/284/239 173/206/173
f 179/212/179 188/221/188 237/282/237
f 237/282/237 188/221/188 242/287/242
f 263/308/263 238/283/238 265/310/265
f 265/310/265 238/283/238 241/286/241
f 264/309/264 266/311/266 240/285/240
f 240/285/240 266/311/266 243/288/243
f 173/206/173 239/284/239 182/215/182
f 182/215/182 239/284/239 244/289/244
f 188/221/188 196/229/196 242/287/242
f 242/287/242 196/229/196 246/291/246
f 265/310/265 241/286/241 267/312/267
f 267/312/267 241/286/241 245/290/245
f 266/311/266 268/313/268 243/288/243
f 243/288/243 268/313/268 247/292/247
f 182/215/182 244/289/244 190/223/190
f 190/223/190 244/289/244 248/293/248
f 196/229/196 204/237/204 246/291/246
f 246/291/246 204/237/204 250/295/250
f 267/312/267 245/290/245 269/314/269
f 269/314/269 245/290/245 249/294/249
f 268/313/268 270/315/270 247/292/247
f 247/292/247 270/315/270 251/296/251
f 190/223/190 248/293/248 198/231/198
f 198/231/198 248/293/248 252/297/252
f 204/237/204 212/245/212 250/295/250
f 250/295/250 212/245/212 215/256/215
f 269/314/269 249/294/249 271/316/271
f 271/316/271 249/294/249 216/257/216
f 270/315/270 272/317/272 251/296/251
f 251/296/251 272/317/272 224/267/224
f 198/231/198 252/297/252 206/239/206
f 206/239/206 252/297/252 222/265/222
f 212/245/212 145/253/145 215/256/215
f 215/256/215 145/253/145 213/254/213
f 271/316/271 216/257/216 253/318/253
f 253/318/253 216/257/216 214/255/214
f 272/317/272 255/319/255 224/267/224
f 224/267/224 255/319/255 223/266/223
f 206/239/206 222/265/222 133/247/133
f 133/247/133 222/265/222 221/264/221
f 273/320/273 274/321/274 275/322/275
f 275/322/275 274/321/274 276/323/276
f 273/324/273 277/325/277 274/326/274
f 274/326/274 277/325/277 278/327/278
f 277/325/277 279/328/279 278/327/278
f 278/327/278 279/328/279 280/329/280
f 281/330/281 282/331/282 283/332/283
f 283/332/283 282/331/282 284/333/284
f 281/334/281 283/335/283 285/336/285
f 285/336/285 283/335/283 286/337/286
f 285/336/285 286/337/286 287/338/287
f 287/338/287 286/337/286 288/339/288
f 279/328/279 289/340/289 280/329/280
f 280/329/280 289/340/289 290/341/290
f 287/338/287 288/339/288 291/342/291
f 291/342/291 288/339/288 292/343/292
f 289/340/289 293/344/293 290/341/290
f 290/341/290 293/344/293 294/345/294
f 291/342/291 292/343/292 295/346/295
f 295/346/295 292/343/292 296/347/296
f 293/344/293 297/348/297 294/345/294
f 294/345/294 297/348/297 298/349/298
f 295/346/295 296/347/296 299/350/299
f 299/350/299 296/347/296 300/351/300
f 298/349/298 297/348/297 301/352/301
f 301/352/301 297/348/297 302/353/302
f 300/351/300 303/354/303 299/350/299
f 299/350/299 303/354/303 304/355/304
f 301/352/301 302/353/302 305/356/305
f 305/356/305 302/353/302 306/357/306
f 303/354/303 307/358/307 304/355/304
f 304/355/304 307/358/307 308/359/308
f 305/356/305 306/357/306 309/360/309
f 309/360/309 306/357/306 310/361/310
f 307/358/307 311/362/311 308/359/308
f 308/359/308 311/362/311 312/363/312
f 309/360/309 310/361/310 276/323/276
f 276/323/276 310/361/310 275/322/275
f 311/362/311 284/333/284 312/363/312
f 312/363/312 284/333/284 282/331/282
f 253/298/253 254/299/254 273/324/273
f 273/324/273 254/299/254 277/325/277
f 274/326/274 278/327/278 313/364/313
f 313/364/313 278/327/278 314/365/314
f 283/335/283 315/366/315 286/337/286
f 286/337/286 315/366/315 316/367/316
f 255/300/255 281/334/281 256/301/256
f 256/301/256 281/334/281 285/336/285
f 254/299/254 257/302/257 277/325/277
f 277/325/277 257/302/257 279/328/279
f 278/327/278 280/329/280 314/365/314
f 314/365/314 280/329/280 317/368/317
f 286/337/286 316/367/316 288/339/288
f 288/339/288 316/367/316 318/369/318
f 256/301/256 285/336/285 258/303/258
f 258/303/258 285/336/285 287/338/287
f 257/302/257 259/304/259 279/328/279
f 279/328/279 259/304/259 289/340/289
f 280/329/280 290/341/290 317/368/317
f 317/368/317 290/341/290 319/370/319
f 288/339/288 318/369/318 292/343/292
f 292/343/292 318/369/318 320/371/320
f 258/303/258 287/338/287 260/305/260
f 260/305/260 287/338/287 291/342/291
f 259/304/259 261/306/261 289/340/289
f 289/340/289 261/306/261 293/344/293
f 290/341/290 294/345/294 319/370/319
f 319/370/319 294/345/294 321/372/321
f 292/343/292 320/371/320 296/347/296
f 296/347/296 320/371/320 322/373/322
f 260/305/260 291/342/291 262/307/262
f 262/307/262 291/342/291 295/346/295
f 261/306/261 263/308/263 293/344/293
f 293/344/293 263/308/263 297/348/297
f 294/345/294 298/349/298 321/372/321
f 321/372/321 298/349/298 323/374/323
f 296/347/296 322/373/322 300/351/300
f 300/351/300 322/373/322 324/375/324
f 262/307/262 295/346/295 264/309/264
f 264/309/264 295/346/295 299/350/299
f 297/348/297 263/308/263 302/353/302
f 302/353/302 263/308/263 265/310/265
f 323/374/323 298/349/298 325/376/325
f 325/376/325 298/349/298 301/352/301
f 324/375/324 326/377/326 300/351/300
f 300/351/300 326/377/326 303/354/303
f 299/350/299 304/355/304 264/309/264
f 264/309/264 304/355/304 266/311/266
f 302/353/302 265/310/265 306/357/306
f 306/357/306 265/310/265 267/312/267
f 325/376/325 301/352/301 327/378/327
f 327/378/327 301/352/301 305/356/305
f 326/377/326 328/379/328 303/354/303
f 303/354/303 328/379/328 307/358/307
f 304/355/304 308/359/308 266/311/266
f 266/311/266 308/359/308 268/313/268
f 306/357/306 267/312/267 310/361/310
f 310/361/310 267/312/267 269/314/269
f 327/378/327 305/356/305 329/380/329
f 329/380/329 305/356/305 309/360/309
f 328/379/328 330/381/330 307/358/307
f 307/358/307 330/381/330 311/362/311
f 308/359/308 312/363/312 268/313/268
f 268/313/268 312/363/312 270/315/270
f 310/361/310 269/314/269 275/322/275
f 275/322/275 269/314/269 271/316/271
f 329/380/329 309/360/309 331/382/331
f 331/382/331 309/360/309 276/323/276
f 330/381/330 332/383/332 311/362/311
f 311/362/311 332/383/332 284/333/284
f 312/363/312 282/331/282 270/315/270
f 270/315/270 282/331/282 272/317/272
f 275/322/275 271/316/271 273/320/273
f 273/320/273 271/316/271 253/318/253
f 331/382/331 276/323/276 313/384/313
f 313/384/313 276/323/276 274/321/274
f 332/383/332 315/385/315 284/333/284
f 284/333/284 315/385/315 283/332/283
f 282/331/282 281/330/281 272/317/272
f 272/317/272 281/330/281 255/319/255
f 333/386/333 334/387/334 335/388/335
f 335/388/335 334/387/334 336/389/336
f 333/390/333 337/391/337 334/392/334
f 334/392/334 337/391/337 338/393/338
f 337/391/337 339/394/339 338/393/338
f 338/393/338 339/394/339 340/395/340
f 341/396/341 342/397/342 343/398/343
f 343/398/343 342/397/342 344/399/344
f 341/400/341 343/401/343 345/402/345
f 345/402/345 343/401/343 346/403/346
f 345/402/345 346/403/346 347/404/347
f 347/404/347 346/403/346 348/405/348
f 339/394/339 349/406/349 340/395/340
f 340/395/340 349/406/349 350/407/350
f 347/404/347 348/405/348 351/408/351
f 351/408/351 348/405/348 352/409/352
f 350/407/350 349/406/349 353/410/353
f 353/410/353 349/406/349 354/411/354
f 352/409/352 355/412/355 351/408/351
f 351/408/351 355/412/355 356/413/356
f 353/410/353 354/411/354 357/414/357
f 357/414/357 354/411/354 358/415/358
f 355/412/355 359/416/359 356/413/356
f 356/413/356 359/416/359 360/417/360
f 358/415/358 361/418/361 357/414/357
f 357/414/357 361/418/361 362/419/362
f 360/417/360 359/416/359 363/420/363
f 363/420/363 359/416/359 364/421/364
f 361/418/361 365/422/365 362/419/362
f 362/419/362 365/422/365 366/423/366
f 363/420/363 364/421/364 367/424/367
f 367/424/367 364/421/364 368/425/368
f 366/423/366 365/422/365 369/426/369
f 369/426/369 365/422/365 370/427/370
f 368/425/368 371/428/371 367/424/367
f 367/424/367 371/428/371 372/429/372
f 369/426/369 370/427/370 336/389/336
f 336/389/336 370/427/370 335/388/335
f 371/428/371 344/399/344 372/429/372
f 372/429/372 344/399/344 342/397/342
f 313/364/313 314/365/314 333/390/333
f 333/390/333 314/365/314 337/391/337
f 373/430/373 334/392/334 374/431/374
f 374/431/374 334/392/334 338/393/338
f 375/432/375 376/433/376 343/401/343
f 343/401/343 376/433/376 346/403/346
f 315/366/315 341/400/341 316/367/316
f 316/367/316 341/400/341 345/402/345
f 314/365/314 317/368/317 337/391/337
f 337/391/337 317/368/317 339/394/339
f 374/431/374 338/393/338 377/434/377
f 377/434/377 338/393/338 340/395/340
f 376/433/376 378/435/378 346/403/346
f 346/403/346 378/435/378 348/405/348
f 316/367/316 345/402/345 318/369/318
f 318/369/318 345/402/345 347/404/347
f 339/394/339 317/368/317 349/406/349
f 349/406/349 317/368/317 319/370/319
f 377/434/377 340/395/340 379/436/379
f 379/436/379 340/395/340 350/407/350
f 378/435/378 380/437/380 348/405/348
f 348/405/348 380/437/380 352/409/352
f 347/404/347 351/408/351 318/369/318
f 318/369/318 351/408/351 320/371/320
f 349/406/349 319/370/319 354/411/354
f 354/411/354 319/370/319 321/372/321
f 379/436/379 350/407/350 381/438/381
f 381/438/381 350/407/350 353/410/353
f 380/437/380 382/439/382 352/409/352
f 352/409/352 382/439/382 355/412/355
f 351/408/351 356/413/356 320/371/320
f 320/371/320 356/413/356 322/373/322
f 354/411/354 321/372/321 358/415/358
f 358/415/358 321/372/321 323/374/323
f 381/438/381 353/410/353 383/440/383
f 383/440/383 353/410/353 357/414/357
f 382/439/382 384/441/384 355/412/355
f 355/412/355 384/441/384 359/416/359
f 356/413/356 360/417/360 322/373/322
f 322/373/322 360/417/360 324/375/324
f 323/374/323 325/376/325 358/415/358
f 358/415/358 325/376/325 361/418/361
f 357/414/357 362/419/362 383/440/383
f 383/440/383 362/419/362 385/442/385
f 359/416/359 384/441/384 364/421/364
f 364/421/364 384/441/384 386/443/386
f 324/375/324 360/417/360 326/377/326
f 326/377/326 360/417/360 363/420/363
f 325/376/325 327/378/327 361/418/361
f 361/418/361 327/378/327 365/422/365
f 362/419/362 366/423/366 385/442/385
f 385/442/385 366/423/366 387/444/387
f 364/421/364 386/443/386 368/425/368
f 368/425/368 386/443/386 388/445/388
f 326/377/326 363/420/363 328/379/328
f 328/379/328 363/420/363 367/424/367
f 327/378/327 329/380/329 365/422/365
f 365/422/365 329/380/329 370/427/370
f 366/423/366 369/426/369 387/444/387
f 387/444/387 369/426/369 389/446/389
f 368/425/368 388/445/388 371/428/371
f 371/428/371 388/445/388 390/447/390
f 328/379/328 367/424/367 330/381/330
f 330/381/330 367/424/367 372/429/372
f 370/427/370 329/380/329 335/388/335
f 335/388/335 329/380/329 331/382/331
f 369/426/369 336/389/336 389/446/389
f 389/446/389 336/389/336 391/448/391
f 371/428/371 390/447/390 344/399/344
f 344/399/344 390/447/390 392/449/392
f 372/429/372 342/397/342 330/381/330
f 330/381/330 342/397/342 332/383/332
f 335/388/335 331/382/331 333/386/333
f 333/386/333 331/382/331 313/384/313
f 336/389/336 334/387/334 391/448/391
f 391/448/391 334/387/334 373/450/373
f 344/399/344 392/449/392 343/398/343
f 343/398/343 392/449/392 375/451/375
f 342/397/342 341/396/341 332/383/332
f 332/383/332 341/396/341 315/385/315
f 393/452/393 394/453/394 395/454/395
f 395/454/395 394/453/394 396/455/396
f 393/456/393 397/457/397 394/458/394
f 394/458/394 397/457/397 398/459/398
f 397/457/397 399/460/399 398/459/398
f 398/459/398 399/460/399 400/461/400
f 401/462/401 402/463/402 403/464/403
f 403/464/403 402/463/402 404/465/404
f 401/466/401 403/467/403 405/468/405
f 405/468/405 403/467/403 406/469/406
f 405/468/405 406/469/406 407/470/407
f 407/470/407 406/469/406 408/471/408
f 399/460/399 409/472/409 400/461/400
f 400/461/400 409/472/409 410/473/410
f 407/470/407 408/471/408 411/474/411
f 411/474/411 408/471/408 412/475/412
f 409/472/409 413/476/413 410/473/410
f 410/473/410 413/476/413 414/477/414
f 411/474/411 412/475/412 415/478/415
f 415/478/415 412/475/412 416/479/416
f 413/476/413 417/480/417 414/477/414
f 414/477/414 417/480/417 418/481/418
f 415/478/415 416/479/416 419/482/419
f 419/482/419 416/479/416 420/483/420
f 418/481/418 417/480/417 421/484/421
f 421/484/421 417/480/417 422/485/422
f 420/483/420 423/486/423 419/482/419
f 419/482/419 423/486/423 424/487/424
f 421/484/421 422/485/422 425/488/425
f 425/488/425 422/485/422 426/489/426
f 423/486/423 427/490/427 424/487/424
f 424/487/424 427/490/427 428/491/428
f 425/488/425 426/489/426 429/492/429
f 429/492/429 426/489/426 430/493/430
f 427/490/427 431/494/431 428/491/428
f 428/491/428 431/494/431 432/495/432
f 429/492/429 430/493/430 396/455/396
f 396/455/396 430/493/430 395/454/395
f 431/494/431 404/465/404 432/495/432
f 432/495/432 404/465/404 402/463/402
f 135/168/135 136/169/136 393/456/393
f 393/456/393 136/169/136 397/457/397
f 394/458/394 398/459/398 137/170/137
f 137/170/137 398/459/398 138/171/138
f 403/467/403 141/174/141 406/469/406
f 406/469/406 141/174/141 143/176/143
f 146/179/146 401/466/401 148/181/148
f 148/181/148 401/466/401 405/468/405
f 136/169/136 150/183/150 397/457/397
f 397/457/397 150/183/150 399/460/399
f 398/459/398 400/461/400 138/171/138
f 138/171/138 400/461/400 151/184/151
f 406/469/406 143/176/143 408/471/408
f 408/471/408 143/176/143 153/186/153
f 148/181/148 405/468/405 156/189/156
f 156/189/156 405/468/405 407/470/407
f 150/183/150 158/191/158 399/460/399
f 399/460/399 158/191/158 409/472/409
f 400/461/400 410/473/410 151/184/151
f 151/184/151 410/473/410 159/192/159
f 408/471/408 153/186/153 412/475/412
f 412/475/412 153/186/153 161/194/161
f 156/189/156 407/470/407 164/197/164
f 164/197/164 407/470/407 411/474/411
f 158/191/158 166/199/166 409/472/409
f 409/472/409 166/199/166 413/476/413
f 410/473/410 414/477/414 159/192/159
f 159/192/159 414/477/414 167/200/167
f 412/475/412 161/194/161 416/479/416
f 416/479/416 161/194/161 169/202/169
f 164/197/164 411/474/411 172/205/172
f 172/205/172 411/474/411 415/478/415
f 166/199/166 174/207/174 413/476/413
f 413/476/413 174/207/174 417/480/417
f 414/477/414 418/481/418 167/200/167
f 167/200/167 418/481/418 175/208/175
f 416/479/416 169/202/169 420/483/420
f 420/483/420 169/202/169 177/210/177
f 172/205/172 415/478/415 180/213/180
f 180/213/180 415/478/415 419/482/419
f 417/480/417 174/207/174 422/485/422
f 422/485/422 174/207/174 181/214/181
f 175/208/175 418/481/418 184/217/184
f 184/217/184 418/481/418 421/484/421
f 177/210/177 186/219/186 420/483/420
f 420/483/420 186/219/186 423/486/423
f 419/482/419 424/487/424 180/213/180
f 180/213/180 424/487/424 187/220/187
f 422/485/422 181/214/181 426/489/426
f 426/489/426 181/214/181 189/222/189
f 184/217/184 421/484/421 192/225/192
f 192/225/192 421/484/421 425/488/425
f 186/219/186 194/227/194 423/486/423
f 423/486/423 194/227/194 427/490/427
f 424/487/424 428/491/428 187/220/187
f 187/220/187 428/491/428 195/228/195
f 426/489/426 189/222/189 430/493/430
f 430/493/430 189/222/189 197/230/197
f 192/225/192 425/488/425 200/233/200
f 200/233/200 425/488/425 429/492/429
f 194/227/194 202/235/202 427/490/427
f 427/490/427 202/235/202 431/494/431
f 428/491/428 432/495/432 195/228/195
f 195/228/195 432/495/432 203/236/203
f 430/493/430 197/230/197 395/454/395
f 395/454/395 197/230/197 205/238/205
f 200/233/200 429/492/429 208/241/208
f 208/241/208 429/492/429 396/455/396
f 202/235/202 210/243/210 431/494/431
f 431/494/431 210/243/210 404/465/404
f 432/495/432 402/463/402 203/236/203
f 203/236/203 402/463/402 211/244/211
f 395/454/395 205/238/205 393/452/393
f 393/452/393 205/238/205 135/246/135
f 208/241/208 396/455/396 137/249/137
f 137/249/137 396/455/396 394/453/394
f 210/243/210 141/251/141 404/465/404
f 404/465/404 141/251/141 403/464/403
f 402/463/402 401/462/401 211/244/211
f 211/244/211 401/462/401 146/252/146
f 433/496/433 434/497/434 435/498/435
f 435/498/435 434/497/434 436/499/436
f 433/500/433 437/501/437 434/502/434
f 434/502/434 437/501/437 438/503/438
f 437/501/437 439/504/439 438/503/438
f 438/503/438 439/504/439 440/505/440
f 439/504/439 441/506/441 440/505/440
f 440/505/440 441/506/441 442/507/442
f 441/506/441 443/508/443 442/507/442
f 442/507/442 443/508/443 444/509/444
f 443/508/443 445/510/445 444/509/444
f 444/509/444 445/510/445 446/511/446
f 446/511/446 445/510/445 447/512/447
f 447/512/447 445/510/445 448/513/448
f 447/512/447 448/513/448 449/514/449
f 449/514/449 448/513/448 450/515/450
f 449/514/449 450/515/450 451/516/451
f 451/516/451 450/515/450 452/517/452
f 451/516/451 452/517/452 436/499/436
f 436/499/436 452/517/452 435/498/435
f 453/518/453 454/519/454 455/520/455
f 455/520/455 454/519/454 456/521/456
f 453/522/453 455/523/455 457/524/457
f 457/524/457 455/523/455 458/525/458
f 457/524/457 458/525/458 459/526/459
f 459/526/459 458/525/458 460/527/460
f 459/526/459 460/527/460 461/528/461
f 461/528/461 460/527/460 462/529/462
f 461/528/461 462/529/462 463/530/463
f 463/530/463 462/529/462 464/531/464
f 463/530/463 464/531/464 465/532/465
f 465/532/465 464/531/464 466/533/466
f 466/533/466 467/534/467 465/532/465
f 465/532/465 467/534/467 468/535/468
f 467/534/467 469/536/469 468/535/468
f 468/535/468 469/536/469 470/537/470
f 469/536/469 471/538/471 470/537/470
f 470/537/470 471/538/471 472/539/472
f 471/538/471 456/521/456 472/539/472
f 472/539/472 456/521/456 454/519/454
f 434/502/434 438/503/438 473/540/473
f 473/540/473 438/503/438 474/541/474
f 455/523/455 475/542/475 458/525/458
f 458/525/458 475/542/475 476/543/476
f 438/503/438 440/505/440 474/541/474
f 474/541/474 440/505/440 477/544/477
f 458/525/458 476/543/476 460/527/460
f 460/527/460 476/543/476 478/545/478
f 440/505/440 442/507/442 477/544/477
f 477/544/477 442/507/442 479/546/479
f 460/527/460 478/545/478 462/529/462
f 462/529/462 478/545/478 480/547/480
f 442/507/442 444/509/444 479/546/479
f 479/546/479 444/509/444 481/548/481
f 462/529/462 480/547/480 464/531/464
f 464/531/464 480/547/480 482/549/482
f 444/509/444 446/511/446 481/548/481
f 481/548/481 446/511/446 483/550/483
f 464/531/464 482/549/482 466/533/466
f 466/533/466 482/549/482 484/551/484
f 483/550/483 446/511/446 485/552/485
f 485/552/485 446/511/446 447/512/447
f 484/551/484 486/553/486 466/533/466
f 466/533/466 486/553/486 467/534/467
f 485/552/485 447/512/447 487/554/487
f 487/554/487 447/512/447 449/514/449
f 486/553/486 488/555/488 467/534/467
f 467/534/467 488/555/488 469/536/469
f 487/554/487 449/514/449 489/556/489
f 489/556/489 449/514/449 451/516/451
f 488/555/488 490/557/490 469/536/469
f 469/536/469 490/557/490 471/538/471
f 489/556/489 451/516/451 491/558/491
f 491/558/491 451/516/451 436/499/436
f 490/557/490 492/559/492 471/538/471
f 471/538/471 492/559/492 456/521/456
f 491/558/491 436/499/436 473/560/473
f 473/560/473 436/499/436 434/497/434
f 492/559/492 475/561/475 456/521/456
f 456/521/456 475/561/475 455/520/455
f 140/562/493 437/501/437 139/563/494
f 139/563/494 437/501/437 433/500/433
f 152/564/495 439/504/439 140/562/493
f 140/562/493 439/504/439 437/501/437
f 152/564/495 160/565/496 439/504/439
f 439/504/439 160/565/496 441/506/441
f 160/565/496 168/566/497 441/506/441
f 441/506/441 168/566/497 443/508/443
f 168/566/497 176/567/498 443/508/443
f 443/508/443 176/567/498 445/510/445
f 183/568/499 448/513/448 176/567/498
f 176/567/498 448/513/448 445/510/445
f 191/569/500 450/515/450 183/568/499
f 183/568/499 450/515/450 448/513/448
f 191/569/500 199/570/501 450/515/450
f 450/515/450 199/570/501 452/517/452
f 199/570/501 207/571/502 452/517/452
f 452/517/452 207/571/502 435/498/435
f 207/571/502 139/572/494 435/498/435
f 435/498/435 139/572/494 433/496/433
f 144/573/503 142/574/504 457/524/457
f 457/524/457 142/574/504 453/522/453
f 154/575/505 144/573/503 459/526/459
f 459/526/459 144/573/503 457/524/457
f 162/576/506 154/575/505 461/528/461
f 461/528/461 154/575/505 459/526/459
f 162/576/506 461/528/461 170/577/507
f 170/577/507 461/528/461 463/530/463
f 170/577/507 463/530/463 178/578/508
f 178/578/508 463/530/463 465/532/465
f 185/579/509 178/578/508 468/535/468
f 468/535/468 178/578/508 465/532/465
f 193/580/510 185/579/509 470/537/470
f 470/537/470 185/579/509 468/535/468
f 201/581/511 193/580/510 472/539/472
f 472/539/472 193/580/510 470/537/470
f 201/581/511 472/539/472 209/582/512
f 209/582/512 472/539/472 454/519/454
f 209/582/512 454/519/454 142/583/504
f 142/583/504 454/519/454 453/518/453
s off
g Taiyaki_Kettle_Handle_CSG
v 0.348728 1.67814 -0.05055
v 0.305727 1.67814 -0.081791
v 0.365156 1.67814 -2e-06
v 0.252581 1.67814 -0.081791
v 0.209578 1.67814 -0.05055
v 0.193158 1.67814 -2e-06
v 0.209578 1.67814 0.050547
v 0.252581 1.67814 0.081785
v 0.305727 1.67814 0.081785
v 0.348728 1.67814 0.050547
v 0.373503 1.65629 -0.068558
v 0.374302 1.64345 -0.069132
v 0.315195 1.65629 -0.110918
v 0.315495 1.64345 -0.111855
v 0.368235 1.66764 -0.064722
v 0.313179 1.66764 -0.104725
v 0.359449 1.67539 -0.058342
v 0.309822 1.67539 -0.094397
v 0.243118 1.65629 -0.110918
v 0.242811 1.64345 -0.111855
v 0.245131 1.66764 -0.104725
v 0.248484 1.67539 -0.094397
v 0.184803 1.65629 -0.068558
v 0.184006 1.64345 -0.069132
v 0.190072 1.66764 -0.064722
v 0.198856 1.67539 -0.058342
v 0.162529 1.65629 -2e-06
v 0.161546 1.64345 -2e-06
v 0.169044 1.66764 -2e-06
v 0.179901 1.67539 -2e-06
v 0.184803 1.65629 0.068542
v 0.184006 1.64345 0.069126
v 0.190072 1.66764 0.064716
v 0.198856 1.67539 0.058338
v 0.243118 1.65629 0.110914
v 0.242811 1.64345 0.111851
v 0.245131 1.66764 0.104721
v 0.248484 1.67539 0.094393
v 0.315195 1.65629 0.110914
v 0.315495 1.64345 0.111851
v 0.313179 1.66764 0.104721
v 0.309822 1.67539 0.094393
v 0.373503 1.65629 0.068542
v 0.374302 1.64345 0.069126
v 0.368235 1.66764 0.064716
v 0.359449 1.67539 0.058338
v 0.395777 1.65629 -2e-06
v 0.396761 1.64345 -2e-06
v 0.389265 1.66764 -2e-06
v 0.378405 1.67539 -2e-06
v 0.322109 1.52829 -0.031214
v 0.332245 1.52829 -2e-06
v 0.295567 1.52829 -0.050501
v 0.322109 1.52829 0.031199
v 0.295567 1.52829 0.050486
v 0.262749 1.52829 0.050486
v 0.236202 1.52829 0.031199
v 0.226062 1.52829 -2e-06
v 0.236202 1.52829 -0.031214
v 0.262749 1.52829 -0.050501
v 0.34313 1.54971 -0.046482
v 0.303595 1.54971 -0.075207
v 0.254721 1.54971 -0.075207
v 0.21518 1.54971 -0.046482
v 0.200078 1.54971 -2e-06
v 0.21518 1.54971 0.046476
v 0.254721 1.54971 0.075201
v 0.303595 1.54971 0.075201
v 0.34313 1.54971 0.046476
v 0.358231 1.54971 -2e-06
v 0.339413 1.53876 -0.043781
v 0.353634 1.53876 -2e-06
v 0.331848 1.53106 -0.038284
v 0.344282 1.53106 -2e-06
v 0.302174 1.53876 -0.070837
v 0.299282 1.53106 -0.061943
v 0.25614 1.53876 -0.070837
v 0.259029 1.53106 -0.061943
v 0.218897 1.53876 -0.043781
v 0.226462 1.53106 -0.038284
v 0.204675 1.53876 -2e-06
v 0.214024 1.53106 -2e-06
v 0.218897 1.53876 0.043776
v 0.226462 1.53106 0.03828
v 0.25614 1.53876 0.070833
v 0.259029 1.53106 0.061939
v 0.302174 1.53876 0.070833
v 0.299282 1.53106 0.061939
v 0.339413 1.53876 0.043776
v 0.331848 1.53106 0.03828
vn 0.007925 0.999952 -0.005758
vn 0.003027 0.999952 -0.009316
vn 0.009798 0.999952 0
vn -0.003027 0.999952 -0.009316
vn -0.007926 0.999952 -0.005759
vn -0.009795 0.999952 -0
vn -0.007926 0.999952 0.005759
vn -0.003027 0.999952 0.009317
vn 0.003027 0.999952 0.009316
vn 0.007925 0.999952 0.005759
vn 0.776673 0.279725 -0.564388
vn 0.766229 -0.320928 -0.556685
vn 0.296711 0.279717 -0.913083
vn 0.292645 -0.320946 -0.900751
vn 0.618659 0.644428 -0.449415
vn 0.236277 0.644417 -0.727255
vn 0.360172 0.895428 -0.261696
vn 0.137558 0.895443 -0.42339
vn -0.296636 0.279731 -0.913103
vn -0.292654 -0.32095 -0.900747
vn -0.236306 0.644385 -0.727274
vn -0.137575 0.895441 -0.423389
vn -0.776658 0.279767 -0.564388
vn -0.766211 -0.320943 -0.556701
vn -0.618678 0.644401 -0.449427
vn -0.360161 0.895436 -0.261684
vn -0.960063 0.279785 4e-06
vn -0.947106 -0.320922 -1e-06
vn -0.7647 0.644387 4e-06
vn -0.445221 0.895421 4e-06
vn -0.776714 0.279809 0.564289
vn -0.766217 -0.320918 0.556708
vn -0.618675 0.644352 0.449502
vn -0.36019 0.895417 0.261709
vn -0.296659 0.279745 0.913092
vn -0.292673 -0.320929 0.900748
vn -0.23632 0.644333 0.727316
vn -0.137579 0.89543 0.423411
vn 0.29674 0.279727 0.913071
vn 0.292664 -0.32092 0.900754
vn 0.236312 0.644349 0.727304
vn 0.137554 0.89544 0.423399
vn 0.776752 0.27972 0.564281
vn 0.766235 -0.320895 0.556695
vn 0.618696 0.64433 0.449504
vn 0.360162 0.895431 0.2617
vn 0.960091 0.27969 -4e-06
vn 0.947113 -0.320901 1e-06
vn 0.764743 0.644335 -5e-06
vn 0.445231 0.895416 -6e-06
vn 0.013064 -0.99987 -0.009489
vn 0.016145 -0.99987 1e-06
vn 0.00499 -0.99987 -0.015357
vn 0.013063 -0.99987 0.00949
vn 0.004991 -0.99987 0.015359
vn -0.00499 -0.99987 0.015359
vn -0.013063 -0.99987 0.00949
vn -0.016147 -0.99987 1e-06
vn -0.013063 -0.99987 -0.00949
vn -0.004989 -0.99987 -0.015357
vn 0.748113 -0.380679 -0.543517
vn 0.285759 -0.380691 -0.879441
vn -0.285726 -0.380698 -0.879449
vn -0.748085 -0.380697 -0.543542
vn -0.924703 -0.380689 -1e-06
vn -0.748094 -0.3807 0.543528
vn -0.285736 -0.380703 0.879443
vn 0.28577 -0.380682 0.879441
vn 0.748126 -0.38066 0.543513
vn 0.924713 -0.380665 1e-06
vn 0.667181 -0.565639 -0.484688
vn 0.824662 -0.565626 3e-06
vn 0.399053 -0.869895 -0.289897
vn 0.493208 -0.869912 -4e-06
vn 0.254845 -0.565607 -0.78431
vn 0.152416 -0.869872 -0.469141
vn -0.25483 -0.565578 -0.784336
vn -0.152429 -0.869868 -0.469144
vn -0.667174 -0.565601 -0.484741
vn -0.39904 -0.869892 -0.289923
vn -0.824655 -0.565636 0
vn -0.493211 -0.86991 0
vn -0.667162 -0.565626 0.484728
vn -0.39899 -0.869921 0.289905
vn -0.25481 -0.565602 0.784325
vn -0.152392 -0.869934 0.469033
vn 0.254838 -0.565588 0.784326
vn 0.152371 -0.869943 0.469023
vn 0.667208 -0.565598 0.484698
vn 0.398998 -0.869929 0.28987
vt 0.453282 0.069725
vt 0.501562 0.135238
vt 0.375814 0.045302
vt 0.502196 0.216604
vt 0.454836 0.282598
vt 0.37779 0.308148
vt 0.300438 0.283581
vt 0.25227 0.218255
vt 0.251654 0.137101
vt 0.29883 0.071051
vt 0.023552 0.004363
vt 0.043632 0.004363
vt 0.023552 0.083869
vt 0.043632 0.083869
vt 0.003097 0.004363
vt 0.003097 0.083869
vt 0.465327 0.052768
vt 0.522063 0.12841
vt 0.477302 0.03586
vt 0.541736 0.121858
vt 0.023552 0.209281
vt 0.043632 0.209281
vt 0.003097 0.209281
vt 0.522005 0.222958
vt 0.541732 0.229308
vt 0.023552 0.277929
vt 0.043632 0.277929
vt 0.003097 0.277929
vt 0.46709 0.299285
vt 0.4793 0.315924
vt 0.023552 0.374124
vt 0.043632 0.374124
vt 0.003097 0.374124
vt 0.377918 0.328837
vt 0.378044 0.349464
vt 0.023551 0.438961
vt 0.043632 0.438961
vt 0.003097 0.438961
vt 0.288391 0.300397
vt 0.276384 0.317166
vt 0.023552 0.529334
vt 0.043632 0.529334
vt 0.003097 0.529334
vt 0.232642 0.22479
vt 0.213067 0.231304
vt 0.023551 0.62754
vt 0.043632 0.62754
vt 0.003097 0.62754
vt 0.23193 0.130861
vt 0.212262 0.124637
vt 0.023551 0.729903
vt 0.043632 0.729903
vt 0.003097 0.729903
vt 0.286526 0.05442
vt 0.274267 0.037836
vt 0.023551 0.833458
vt 0.043632 0.833458
vt 0.003097 0.833458
vt 0.375615 0.024609
vt 0.375414 0.003968
vt 0.043632 0.996032
vt 0.023552 0.996032
vt 0.003097 0.996032
vt 0.616898 0.058178
vt 0.664491 0.042665
vt 0.587613 0.098715
vt 0.712117 0.058029
vt 0.741528 0.098476
vt 0.741542 0.148469
vt 0.712205 0.188936
vt 0.664743 0.204439
vt 0.617217 0.189084
vt 0.587755 0.148709
vt 0.186853 0.004363
vt 0.186853 0.08387
vt 0.186853 0.209281
vt 0.186853 0.277929
vt 0.186853 0.374124
vt 0.186853 0.438961
vt 0.186853 0.529334
vt 0.186853 0.62754
vt 0.186853 0.729903
vt 0.186853 0.833458
vt 0.186853 0.996032
vt 0.204349 0.996032
vt 0.204349 0.833458
vt 0.605719 0.042896
vt 0.66446 0.023201
vt 0.594522 0.027649
vt 0.664431 0.004294
vt 0.204349 0.004363
vt 0.204349 0.08387
vt 0.551695 0.087195
vt 0.569659 0.092957
vt 0.204349 0.209281
vt 0.551945 0.160453
vt 0.569852 0.154577
vt 0.204349 0.277929
vt 0.595162 0.219619
vt 0.606197 0.204351
vt 0.204349 0.374124
vt 0.664801 0.242113
vt 0.664772 0.22329
vt 0.204349 0.438961
vt 0.734371 0.219402
vt 0.723288 0.204169
vt 0.204349 0.529334
vt 0.777402 0.160101
vt 0.759478 0.154282
vt 0.204349 0.62754
vt 0.777425 0.086843
vt 0.759478 0.092661
vt 0.204349 0.729903
vt 0.734413 0.027432
vt 0.723263 0.042713
usemtl Handle_CSG
f 493/584/513 494/585/514 495/586/515
f 494/585/514 496/587/516 495/586/515
f 496/587/516 497/588/517 495/586/515
f 497/588/517 498/589/518 495/586/515
f 498/589/518 499/590/519 495/586/515
f 499/590/519 500/591/520 495/586/515
f 500/591/520 501/592/521 495/586/515
f 501/592/521 502/593/522 495/586/515
f 503/594/523 504/595/524 505/596/525
f 505/596/525 504/595/524 506/597/526
f 507/598/527 503/594/523 508/599/528
f 508/599/528 503/594/523 505/596/525
f 493/584/513 509/600/529 494/585/514
f 494/585/514 509/600/529 510/601/530
f 509/600/529 507/602/527 510/601/530
f 510/601/530 507/602/527 508/603/528
f 505/596/525 506/597/526 511/604/531
f 511/604/531 506/597/526 512/605/532
f 508/599/528 505/596/525 513/606/533
f 513/606/533 505/596/525 511/604/531
f 494/585/514 510/601/530 496/587/516
f 496/587/516 510/601/530 514/607/534
f 510/601/530 508/603/528 514/607/534
f 514/607/534 508/603/528 513/608/533
f 511/604/531 512/605/532 515/609/535
f 515/609/535 512/605/532 516/610/536
f 513/606/533 511/604/531 517/611/537
f 517/611/537 511/604/531 515/609/535
f 496/587/516 514/607/534 497/588/517
f 497/588/517 514/607/534 518/612/538
f 514/607/534 513/608/533 518/612/538
f 518/612/538 513/608/533 517/613/537
f 515/609/535 516/610/536 519/614/539
f 519/614/539 516/610/536 520/615/540
f 517/611/537 515/609/535 521/616/541
f 521/616/541 515/609/535 519/614/539
f 497/588/517 518/612/538 498/589/518
f 498/589/518 518/612/538 522/617/542
f 518/612/538 517/613/537 522/617/542
f 522/617/542 517/613/537 521/618/541
f 519/614/539 520/615/540 523/619/543
f 523/619/543 520/615/540 524/620/544
f 521/616/541 519/614/539 525/621/545
f 525/621/545 519/614/539 523/619/543
f 498/589/518 522/617/542 499/590/519
f 499/590/519 522/617/542 526/622/546
f 522/617/542 521/618/541 526/622/546
f 526/622/546 521/618/541 525/623/545
f 523/619/543 524/620/544 527/624/547
f 527/624/547 524/620/544 528/625/548
f 525/621/545 523/619/543 529/626/549
f 529/626/549 523/619/543 527/624/547
f 499/590/519 526/622/546 500/591/520
f 500/591/520 526/622/546 530/627/550
f 526/622/546 525/623/545 530/627/550
f 530/627/550 525/623/545 529/628/549
f 527/624/547 528/625/548 531/629/551
f 531/629/551 528/625/548 532/630/552
f 529/626/549 527/624/547 533/631/553
f 533/631/553 527/624/547 531/629/551
f 500/591/520 530/627/550 501/592/521
f 501/592/521 530/627/550 534/632/554
f 530/627/550 529/628/549 534/632/554
f 534/632/554 529/628/549 533/633/553
f 531/629/551 532/630/552 535/634/555
f 535/634/555 532/630/552 536/635/556
f 533/631/553 531/629/551 537/636/557
f 537/636/557 531/629/551 535/634/555
f 501/592/521 534/632/554 502/593/522
f 502/593/522 534/632/554 538/637/558
f 534/632/554 533/633/553 538/637/558
f 538/637/558 533/633/553 537/638/557
f 535/634/555 536/635/556 539/639/559
f 539/639/559 536/635/556 540/640/560
f 537/636/557 535/634/555 541/641/561
f 541/641/561 535/634/555 539/639/559
f 502/593/522 538/637/558 495/586/515
f 495/586/515 538/637/558 542/642/562
f 538/637/558 537/638/557 542/642/562
f 542/642/562 537/638/557 541/643/561
f 504/644/524 503/645/523 540/640/560
f 540/640/560 503/645/523 539/639/559
f 503/645/523 507/646/527 539/639/559
f 539/639/559 507/646/527 541/641/561
f 507/602/527 509/600/529 541/643/561
f 541/643/561 509/600/529 542/642/562
f 509/600/529 493/584/513 542/642/562
f 542/642/562 493/584/513 495/586/515
f 543/647/563 544/648/564 545/649/565
f 544/648/564 546/650/566 545/649/565
f 546/650/566 547/651/567 545/649/565
f 547/651/567 548/652/568 545/649/565
f 548/652/568 549/653/569 545/649/565
f 549/653/569 550/654/570 545/649/565
f 550/654/570 551/655/571 545/649/565
f 551/655/571 552/656/572 545/649/565
f 553/657/573 554/658/574 504/595/524
f 504/595/524 554/658/574 506/597/526
f 554/658/574 555/659/575 506/597/526
f 506/597/526 555/659/575 512/605/532
f 555/659/575 556/660/576 512/605/532
f 512/605/532 556/660/576 516/610/536
f 556/660/576 557/661/577 516/610/536
f 516/610/536 557/661/577 520/615/540
f 557/661/577 558/662/578 520/615/540
f 520/615/540 558/662/578 524/620/544
f 558/662/578 559/663/579 524/620/544
f 524/620/544 559/663/579 528/625/548
f 559/663/579 560/664/580 528/625/548
f 528/625/548 560/664/580 532/630/552
f 560/664/580 561/665/581 532/630/552
f 532/630/552 561/665/581 536/635/556
f 561/665/581 562/666/582 536/635/556
f 536/635/556 562/666/582 540/640/560
f 562/666/582 553/667/573 540/640/560
f 540/640/560 553/667/573 504/644/524
f 563/668/583 553/667/573 564/669/584
f 564/669/584 553/667/573 562/666/582
f 543/647/563 565/670/585 544/648/564
f 544/648/564 565/670/585 566/671/586
f 565/670/585 563/672/583 566/671/586
f 566/671/586 563/672/583 564/673/584
f 553/657/573 563/674/583 554/658/574
f 554/658/574 563/674/583 567/675/587
f 563/672/583 565/670/585 567/676/587
f 567/676/587 565/670/585 568/677/588
f 565/670/585 543/647/563 568/677/588
f 568/677/588 543/647/563 545/649/565
f 554/658/574 567/675/587 555/659/575
f 555/659/575 567/675/587 569/678/589
f 567/676/587 568/677/588 569/679/589
f 569/679/589 568/677/588 570/680/590
f 568/677/588 545/649/565 570/680/590
f 570/680/590 545/649/565 552/656/572
f 555/659/575 569/678/589 556/660/576
f 556/660/576 569/678/589 571/681/591
f 569/679/589 570/680/590 571/682/591
f 571/682/591 570/680/590 572/683/592
f 570/680/590 552/656/572 572/683/592
f 572/683/592 552/656/572 551/655/571
f 556/660/576 571/681/591 557/661/577
f 557/661/577 571/681/591 573/684/593
f 571/682/591 572/683/592 573/685/593
f 573/685/593 572/683/592 574/686/594
f 572/683/592 551/655/571 574/686/594
f 574/686/594 551/655/571 550/654/570
f 557/661/577 573/684/593 558/662/578
f 558/662/578 573/684/593 575/687/595
f 573/685/593 574/686/594 575/688/595
f 575/688/595 574/686/594 576/689/596
f 574/686/594 550/654/570 576/689/596
f 576/689/596 550/654/570 549/653/569
f 558/662/578 575/687/595 559/663/579
f 559/663/579 575/687/595 577/690/597
f 575/688/595 576/689/596 577/691/597
f 577/691/597 576/689/596 578/692/598
f 576/689/596 549/653/569 578/692/598
f 578/692/598 549/653/569 548/652/568
f 559/663/579 577/690/597 560/664/580
f 560/664/580 577/690/597 579/693/599
f 577/691/597 578/692/598 579/694/599
f 579/694/599 578/692/598 580/695/600
f 578/692/598 548/652/568 580/695/600
f 580/695/600 548/652/568 547/651/567
f 560/664/580 579/693/599 561/665/581
f 561/665/581 579/693/599 581/696/601
f 579/694/599 580/695/600 581/697/601
f 581/697/601 580/695/600 582/698/602
f 580/695/600 547/651/567 582/698/602
f 582/698/602 547/651/567 546/650/566
f 561/665/581 581/696/601 562/666/582
f 562/666/582 581/696/601 564/669/584
f 581/697/601 582/698/602 564/673/584
f 564/673/584 582/698/602 566/671/586
f 582/698/602 546/650/566 566/671/586
f 566/671/586 546/650/566 544/648/564
s off
g Taiyaki_Kettle_TopSG
v 0.778145 1.26674 -0.162128
v 0.819548 1.2918 -0.175583
v 0.80382 1.26674 0
v 0.847357 1.2918 0
v 0.73884 1.2918 -0.333984
v 0.703621 1.26674 -0.308395
v 0.613134 1.2918 -0.45969
v 0.587542 1.26674 -0.424471
v 0.454739 1.2918 -0.540398
v 0.441286 1.26674 -0.498989
v 0.279152 1.2918 -0.568213
v 0.279154 1.26674 -0.524675
v 0.103569 1.2918 -0.540398
v 0.117023 1.26674 -0.498989
v -0.05483 1.2918 -0.45969
v -0.029238 1.26674 -0.424471
v -0.180533 1.2918 -0.333984
v -0.145312 1.26674 -0.308395
v -0.261238 1.2918 -0.175583
v -0.219835 1.26674 -0.162128
v -0.289048 1.2918 0
v -0.245517 1.26674 0
v -0.261238 1.2918 0.175583
v -0.219833 1.26674 0.162128
v -0.180532 1.2918 0.333979
v -0.145312 1.26674 0.30839
v -0.054831 1.2918 0.459681
v -0.02924 1.26674 0.424461
v 0.103568 1.2918 0.54039
v 0.117023 1.26674 0.498989
v 0.279154 1.2918 0.568203
v 0.279154 1.26674 0.52467
v 0.454739 1.2918 0.540388
v 0.441284 1.26674 0.498989
v 0.613134 1.2918 0.459681
v 0.587543 1.26674 0.424461
v 0.73884 1.2918 0.333979
v 0.703619 1.26674 0.30839
v 0.819548 1.2918 0.175583
v 0.778141 1.26674 0.162128
v 0.407135 1.53708 -0.041582
v 0.38802 1.53708 -0.0791
v 0.413725 1.53708 0
v 0.35825 1.53708 -0.10887
v 0.320736 1.53708 -0.127985
v 0.279152 1.53708 -0.134565
v 0.237566 1.53708 -0.127985
v 0.200056 1.53708 -0.10887
v 0.170288 1.53708 -0.0791
v 0.151169 1.53708 -0.041582
v 0.144585 1.53708 0
v 0.151169 1.53708 0.041586
v 0.170288 1.53708 0.079094
v 0.200056 1.53708 0.108864
v 0.237566 1.53708 0.127975
v 0.279152 1.53708 0.134565
v 0.320736 1.53708 0.127975
v 0.35825 1.53708 0.108864
v 0.38802 1.53708 0.079094
v 0.407135 1.53708 0.041586
v 0.624964 1.43602 -0.112364
v 0.714602 1.3682 -0.141487
v 0.573317 1.43602 -0.213722
v 0.649567 1.3682 -0.269125
v 0.529299 1.49778 -0.081276
v 0.49194 1.49778 -0.154598
v 0.49288 1.43602 -0.294159
v 0.548277 1.3682 -0.370415
v 0.433752 1.49778 -0.212786
v 0.391514 1.43602 -0.345816
v 0.420639 1.3682 -0.435453
v 0.360432 1.49778 -0.250149
v 0.279152 1.43602 -0.363609
v 0.279152 1.3682 -0.457861
v 0.279152 1.49778 -0.263023
v 0.166795 1.43602 -0.345816
v 0.13767 1.3682 -0.435453
v 0.197873 1.49778 -0.250149
v 0.065429 1.43602 -0.294165
v 0.01003 1.3682 -0.370415
v 0.124552 1.49778 -0.212786
v -0.015009 1.43602 -0.213722
v -0.091262 1.3682 -0.269125
v 0.066366 1.49778 -0.154602
v -0.066656 1.43602 -0.112364
v -0.156294 1.3682 -0.141487
v 0.029007 1.49778 -0.081276
v -0.08445 1.43602 0
v -0.178701 1.3682 0
v 0.016134 1.49778 0
v -0.066656 1.43602 0.11236
v -0.156295 1.3682 0.141481
v 0.029006 1.49778 0.081276
v -0.015009 1.43602 0.213722
v -0.091261 1.3682 0.269125
v 0.066366 1.49778 0.154598
v 0.06543 1.43602 0.294168
v 0.01003 1.3682 0.370415
v 0.124556 1.49778 0.212788
v 0.166795 1.43602 0.345806
v 0.137669 1.3682 0.435444
v 0.197878 1.49778 0.250139
v 0.279154 1.43602 0.363604
v 0.279154 1.3682 0.457857
v 0.279154 1.49778 0.263018
v 0.391514 1.43602 0.345806
v 0.420641 1.3682 0.435444
v 0.360432 1.49778 0.250139
v 0.492876 1.43602 0.294159
v 0.548275 1.3682 0.370411
v 0.433752 1.49778 0.212788
v 0.573317 1.43602 0.213722
v 0.649567 1.3682 0.269125
v 0.49194 1.49778 0.154598
v 0.624966 1.43602 0.11236
v 0.714603 1.3682 0.141481
v 0.529303 1.49778 0.081276
v 0.642761 1.43602 0
v 0.737013 1.3682 0
v 0.542173 1.49778 0
v 0.802282 1.34661 0
v 0.776682 1.34661 -0.161661
v 0.822159 1.3099 -0.176432
v 0.850103 1.3099 0
v 0.702375 1.34661 -0.307491
v 0.74106 1.3099 -0.335596
v 0.586643 1.34661 -0.423225
v 0.614748 1.3099 -0.461906
v 0.440809 1.34661 -0.497526
v 0.455587 1.3099 -0.543009
v 0.279152 1.34661 -0.52313
v 0.279152 1.3099 -0.570955
v 0.117498 1.34661 -0.497526
v 0.10272 1.3099 -0.543009
v -0.028337 1.34661 -0.423225
v -0.056444 1.3099 -0.461906
v -0.144069 1.34661 -0.307491
v -0.182753 1.3099 -0.335596
v -0.218372 1.34661 -0.161655
v -0.26385 1.3099 -0.176432
v -0.243974 1.34661 0
v -0.291795 1.3099 0
v -0.218374 1.34661 0.161655
v -0.26385 1.3099 0.176432
v -0.144069 1.34661 0.307491
v -0.182753 1.3099 0.335596
v -0.028337 1.34661 0.42322
v -0.056444 1.3099 0.461906
v 0.117498 1.34661 0.497526
v 0.10272 1.3099 0.543005
v 0.279154 1.34661 0.52313
v 0.279154 1.3099 0.57095
v 0.440813 1.34661 0.497526
v 0.455589 1.3099 0.543005
v 0.586643 1.34661 0.42322
v 0.614748 1.3099 0.461906
v 0.702375 1.34661 0.307491
v 0.74106 1.3099 0.335596
v 0.776682 1.34661 0.161655
v 0.822161 1.3099 0.176432
v 0.809277 1.32789 -0.172255
v 0.836555 1.32789 0
v 0.809277 1.32789 0.172241
v 0.730101 1.32789 -0.327637
v 0.606785 1.32789 -0.450949
v 0.451401 1.32789 -0.530128
v 0.279152 1.32789 -0.557409
v 0.106907 1.32789 -0.530128
v -0.048479 1.32789 -0.450949
v -0.171794 1.32789 -0.327637
v -0.250966 1.32789 -0.172251
v -0.27825 1.32789 0
v -0.250968 1.32789 0.172241
v -0.171794 1.32789 0.327631
v -0.04848 1.32789 0.450951
v 0.106908 1.32789 0.530121
v 0.279154 1.32789 0.557404
v 0.451401 1.32789 0.530121
v 0.606783 1.32789 0.450949
v 0.730103 1.32789 0.327631
vn 0.474445 -0.866683 -0.154152
vn 0.667495 -0.71233 -0.216878
vn 0.498836 -0.866696 1e-06
vn 0.701823 -0.712352 -0
vn 0.567816 -0.71232 -0.412535
vn 0.403593 -0.86668 -0.293221
vn 0.412531 -0.71233 -0.567806
vn 0.29321 -0.866692 -0.403576
vn 0.216884 -0.712333 -0.66749
vn 0.154152 -0.866696 -0.474421
vn -1e-06 -0.712342 -0.701833
vn 1e-06 -0.8667 -0.49883
vn -0.216885 -0.712335 -0.667488
vn -0.154153 -0.8667 -0.474414
vn -0.412536 -0.712328 -0.567805
vn -0.293211 -0.866694 -0.403569
vn -0.567818 -0.712326 -0.412522
vn -0.403589 -0.866687 -0.293208
vn -0.667502 -0.712323 -0.216879
vn -0.474456 -0.866676 -0.154156
vn -0.70186 -0.712315 0
vn -0.498883 -0.866669 0
vn -0.667497 -0.712326 0.216884
vn -0.474458 -0.866673 0.154165
vn -0.567797 -0.712347 0.412515
vn -0.403592 -0.866681 0.293221
vn -0.412527 -0.712353 0.567781
vn -0.293225 -0.866681 0.403588
vn -0.216893 -0.712337 0.667483
vn -0.154165 -0.866673 0.474459
vn -1e-06 -0.712324 0.70185
vn 1e-06 -0.866666 0.498889
vn 0.216889 -0.71234 0.667481
vn 0.154167 -0.866668 0.474468
vn 0.412522 -0.712355 0.567782
vn 0.293222 -0.86668 0.403593
vn 0.567796 -0.712342 0.412524
vn 0.403576 -0.866687 0.293224
vn 0.667475 -0.712349 0.216878
vn 0.474423 -0.866695 0.154152
vn 0.042589 0.998997 -0.01384
vn 0.03623 0.998997 -0.026323
vn 0.044785 0.998997 -2e-06
vn 0.026322 0.998997 -0.036228
vn 0.013839 0.998997 -0.042595
vn -0 0.998997 -0.044775
vn -0.01384 0.998997 -0.042596
vn -0.026321 0.998997 -0.036226
vn -0.036228 0.998997 -0.026322
vn -0.042594 0.998997 -0.013841
vn -0.04478 0.998997 -1e-06
vn -0.042594 0.998997 0.013841
vn -0.036225 0.998997 0.026319
vn -0.02632 0.998997 0.036228
vn -0.013837 0.998997 0.042587
vn -0 0.998997 0.044784
vn 0.013836 0.998997 0.042586
vn 0.02632 0.998997 0.036227
vn 0.036226 0.998997 0.026319
vn 0.04259 0.998997 0.01384
vn 0.532909 0.828266 -0.17316
vn 0.443127 0.884821 -0.143982
vn 0.453318 0.828267 -0.329357
vn 0.376941 0.884824 -0.273864
vn 0.418362 0.89805 -0.13594
vn 0.355879 0.898051 -0.258562
vn 0.329363 0.828269 -0.453311
vn 0.273869 0.884821 -0.376944
vn 0.258571 0.898049 -0.355877
vn 0.173166 0.828267 -0.532905
vn 0.143989 0.884817 -0.443133
vn 0.135945 0.898051 -0.418359
vn -0 0.828267 -0.560334
vn 0 0.884814 -0.465945
vn -0 0.898052 -0.43989
vn -0.17316 0.828269 -0.532904
vn -0.143987 0.884817 -0.443133
vn -0.135942 0.898052 -0.418356
vn -0.329361 0.828265 -0.453319
vn -0.273868 0.884821 -0.376947
vn -0.258572 0.898049 -0.355877
vn -0.453324 0.828265 -0.329355
vn -0.376946 0.884822 -0.273864
vn -0.355885 0.898048 -0.258564
vn -0.532912 0.828266 -0.173148
vn -0.443135 0.884818 -0.143978
vn -0.418364 0.89805 -0.135935
vn -0.56034 0.828263 -0
vn -0.465937 0.884818 -3e-06
vn -0.439901 0.898046 -0
vn -0.532915 0.828263 0.173152
vn -0.443127 0.884822 0.143975
vn -0.418369 0.898047 0.135938
vn -0.45333 0.828264 0.329349
vn -0.376949 0.884821 0.273863
vn -0.35589 0.898048 0.258559
vn -0.329348 0.828265 0.453328
vn -0.273861 0.884819 0.376955
vn -0.258555 0.898051 0.355884
vn -0.173137 0.828264 0.532919
vn -0.143975 0.884818 0.443134
vn -0.135917 0.898052 0.418366
vn -0 0.828269 0.560331
vn -0 0.884827 0.46592
vn 0 0.898048 0.439898
vn 0.173152 0.828264 0.532913
vn 0.143981 0.884825 0.443119
vn 0.135927 0.898051 0.418365
vn 0.329357 0.828262 0.453328
vn 0.273859 0.884824 0.376945
vn 0.25856 0.89805 0.355884
vn 0.453327 0.82826 0.329363
vn 0.376941 0.884823 0.273868
vn 0.355885 0.898048 0.258563
vn 0.532911 0.828264 0.173161
vn 0.44313 0.884818 0.143986
vn 0.418362 0.89805 0.135941
vn 0.560334 0.828267 -7e-06
vn 0.465935 0.884819 -3e-06
vn 0.439892 0.898051 -8e-06
vn 0.386509 0.922286 -0
vn 0.367587 0.922288 -0.119434
vn 0.914286 0.275391 -0.297053
vn 0.961327 0.275411 1e-06
vn 0.31269 0.922287 -0.227183
vn 0.777727 0.275428 -0.565049
vn 0.227186 0.922284 -0.312697
vn 0.56506 0.275462 -0.777707
vn 0.119437 0.922289 -0.367584
vn 0.297079 0.27545 -0.91426
vn -0 0.922292 -0.386494
vn -0 0.275441 -0.961318
vn -0.119438 0.922289 -0.367583
vn -0.297076 0.275456 -0.914259
vn -0.227185 0.922284 -0.312696
vn -0.565059 0.275492 -0.777697
vn -0.312694 0.922286 -0.22718
vn -0.777729 0.275455 -0.565033
vn -0.36759 0.922287 -0.119431
vn -0.914285 0.275393 -0.297055
vn -0.386503 0.922288 -6e-06
vn -0.961331 0.275394 -1e-06
vn -0.367591 0.922286 0.119437
vn -0.914276 0.275404 0.297073
vn -0.312697 0.922284 0.227185
vn -0.777729 0.2754 0.565059
vn -0.22718 0.922287 0.312692
vn -0.565065 0.275348 0.777743
vn -0.119434 0.922289 0.367586
vn -0.297078 0.275347 0.914292
vn 0 0.922289 0.3865
vn -0 0.275362 0.961341
vn 0.119438 0.922289 0.367584
vn 0.297084 0.275341 0.914291
vn 0.227182 0.922287 0.312691
vn 0.565068 0.275366 0.777735
vn 0.312692 0.922285 0.227187
vn 0.777718 0.275427 0.565061
vn 0.367592 0.922285 0.119441
vn 0.914266 0.275437 0.297073
vn 0.593926 0.781029 -0.192989
vn 0.624483 0.781038 1e-06
vn 0.593923 0.781038 0.192965
vn 0.505223 0.781023 -0.367087
vn 0.367067 0.781028 -0.50523
vn 0.192977 0.781053 -0.593899
vn -0 0.781076 -0.624436
vn -0.192977 0.781057 -0.593894
vn -0.367061 0.781036 -0.505222
vn -0.505223 0.781033 -0.367066
vn -0.593913 0.781041 -0.192982
vn -0.624475 0.781045 -4e-06
vn -0.593922 0.781039 0.192963
vn -0.505223 0.781039 0.367052
vn -0.367055 0.78104 0.50522
vn -0.192975 0.781042 0.593914
vn -1e-06 0.78104 0.624481
vn 0.192979 0.781036 0.59392
vn 0.367065 0.781027 0.505233
vn 0.505231 0.781029 0.367063
vt 0.589779 0.960783
vt 0.585362 0.986001
vt 0.515127 0.933003
vt 0.502507 0.95375
vt 0.681187 0.986543
vt 0.67759 0.960783
vt 0.766738 0.959182
vt 0.755716 0.937136
vt 0.836148 0.908373
vt 0.819291 0.891545
vt 0.884987 0.840286
vt 0.864147 0.829691
vt 0.91046 0.761643
vt 0.887609 0.757866
vt 0.911346 0.679636
vt 0.888594 0.682781
vt 0.888303 0.601743
vt 0.867721 0.611308
vt 0.843939 0.53495
vt 0.827361 0.549955
vt 0.782594 0.48535
vt 0.77159 0.504421
vt 0.70979 0.457577
vt 0.70538 0.478965
vt 0.63202 0.454189
vt 0.634553 0.476084
vt 0.555735 0.475353
vt 0.564985 0.495919
vt 0.48749 0.518981
vt 0.50259 0.536397
vt 0.433177 0.581197
vt 0.452806 0.593926
vt 0.398011 0.656842
vt 0.42057 0.663555
vt 0.386022 0.73964
vt 0.409528 0.739403
vt 0.399593 0.822171
vt 0.421832 0.81463
vt 0.439065 0.89636
vt 0.457697 0.881756
vt 0.296626 0.233453
vt 0.313601 0.238094
vt 0.276007 0.234538
vt 0.328361 0.247842
vt 0.339419 0.261739
vt 0.34566 0.278424
vt 0.34646 0.296258
vt 0.341719 0.313496
vt 0.331894 0.328456
vt 0.317935 0.339684
vt 0.301198 0.346079
vt 0.2833 0.347023
vt 0.265983 0.34242
vt 0.250923 0.332725
vt 0.239584 0.318881
vt 0.233057 0.302234
vt 0.231975 0.284415
vt 0.236428 0.267168
vt 0.245964 0.252186
vt 0.259617 0.240939
vt 0.306965 0.123055
vt 0.312737 0.068073
vt 0.357985 0.13675
vt 0.380499 0.086327
vt 0.301521 0.175911
vt 0.336476 0.185248
vt 0.402145 0.165538
vt 0.439141 0.124652
vt 0.366684 0.204903
vt 0.435141 0.206533
vt 0.482915 0.179174
vt 0.389257 0.232916
vt 0.453781 0.255665
vt 0.507602 0.244455
vt 0.40202 0.266519
vt 0.456309 0.308095
vt 0.510894 0.314062
vt 0.403758 0.302407
vt 0.442531 0.358702
vt 0.492569 0.381202
vt 0.394326 0.337068
vt 0.413841 0.40256
vt 0.454481 0.439362
vt 0.374673 0.367125
vt 0.373053 0.435436
vt 0.400371 0.482944
vt 0.346714 0.389665
vt 0.324137 0.454156
vt 0.335507 0.507753
vt 0.313176 0.402502
vt 0.271846 0.456912
vt 0.266173 0.511407
vt 0.277318 0.404392
vt 0.221238 0.443436
vt 0.199062 0.493552
vt 0.242618 0.395151
vt 0.177217 0.415031
vt 0.140674 0.4559
vt 0.212446 0.375675
vt 0.144077 0.374427
vt 0.096682 0.402062
vt 0.189743 0.347847
vt 0.125059 0.325551
vt 0.071403 0.337222
vt 0.176721 0.31437
vt 0.122064 0.273146
vt 0.067365 0.267655
vt 0.17468 0.2785
vt 0.135437 0.222328
vt 0.085053 0.200144
vt 0.183836 0.243744
vt 0.163935 0.178095
vt 0.122847 0.141327
vt 0.203339 0.213513
vt 0.204825 0.144823
vt 0.177138 0.097048
vt 0.231313 0.190789
vt 0.254122 0.125841
vt 0.2426 0.071771
vt 0.265091 0.177831
vt 0.235533 0.038714
vt 0.316289 0.034454
vt 0.583627 0.995352
vt 0.49778 0.961427
vt 0.394302 0.055508
vt 0.682594 0.996032
vt 0.461791 0.099689
vt 0.770854 0.967293
vt 0.512128 0.162495
vt 0.842384 0.914556
vt 0.540484 0.237646
vt 0.892671 0.844172
vt 0.54422 0.317735
vt 0.918872 0.763026
vt 0.523102 0.394957
vt 0.919711 0.678468
vt 0.479269 0.461835
vt 0.895866 0.598214
vt 0.41703 0.511936
vt 0.850029 0.529412
vt 0.342442 0.540451
vt 0.78664 0.478316
vt 0.262713 0.544654
vt 0.711418 0.449688
vt 0.185539 0.524134
vt 0.631101 0.446119
vt 0.118385 0.480854
vt 0.552354 0.467782
vt 0.067764 0.418951
vt 0.481962 0.51257
vt 0.038646 0.344378
vt 0.425979 0.576518
vt 0.033945 0.264339
vt 0.389724 0.654372
vt 0.054246 0.186627
vt 0.377365 0.739731
vt 0.097702 0.118883
vt 0.39138 0.824948
vt 0.16017 0.067855
vt 0.432155 0.901752
vt 0.319516 0.003968
vt 0.31833 0.015195
vt 0.229114 0.008736
vt 0.231479 0.019777
vt 0.144766 0.041392
vt 0.150442 0.051136
vt 0.402219 0.037859
vt 0.406837 0.027571
vt 0.474771 0.085402
vt 0.482341 0.077075
vt 0.528866 0.152957
vt 0.538621 0.147401
vt 0.559314 0.233758
vt 0.570286 0.231497
vt 0.563298 0.319846
vt 0.574413 0.321079
vt 0.540571 0.402834
vt 0.55075 0.407428
vt 0.493451 0.474699
vt 0.501712 0.482195
vt 0.426562 0.528527
vt 0.432112 0.538195
vt 0.346408 0.559162
vt 0.348718 0.570062
vt 0.260737 0.563675
vt 0.259583 0.574757
vt 0.177807 0.541635
vt 0.173301 0.551831
vt 0.105633 0.495137
vt 0.098206 0.503461
vt 0.051219 0.428623
vt 0.041579 0.434261
vt 0.019896 0.348482
vt 0.008973 0.350877
vt 0.014814 0.262453
vt 0.003664 0.261356
vt 0.036602 0.178902
vt 0.026316 0.174401
vt 0.083295 0.106039
vt 0.074891 0.098557
usemtl TopSG
f 583/699/603 584/700/604 585/701/605
f 585/701/605 584/700/604 586/702/606
f 584/700/604 583/699/603 587/703/607
f 587/703/607 583/699/603 588/704/608
f 587/703/607 588/704/608 589/705/609
f 589/705/609 588/704/608 590/706/610
f 589/705/609 590/706/610 591/707/611
f 591/707/611 590/706/610 592/708/612
f 591/707/611 592/708/612 593/709/613
f 593/709/613 592/708/612 594/710/614
f 593/709/613 594/710/614 595/711/615
f 595/711/615 594/710/614 596/712/616
f 595/711/615 596/712/616 597/713/617
f 597/713/617 596/712/616 598/714/618
f 597/713/617 598/714/618 599/715/619
f 599/715/619 598/714/618 600/716/620
f 599/715/619 600/716/620 601/717/621
f 601/717/621 600/716/620 602/718/622
f 601/717/621 602/718/622 603/719/623
f 603/719/623 602/718/622 604/720/624
f 603/719/623 604/720/624 605/721/625
f 605/721/625 604/720/624 606/722/626
f 605/721/625 606/722/626 607/723/627
f 607/723/627 606/722/626 608/724/628
f 607/723/627 608/724/628 609/725/629
f 609/725/629 608/724/628 610/726/630
f 609/725/629 610/726/630 611/727/631
f 611/727/631 610/726/630 612/728/632
f 611/727/631 612/728/632 613/729/633
f 613/729/633 612/728/632 614/730/634
f 613/729/633 614/730/634 615/731/635
f 615/731/635 614/730/634 616/732/636
f 615/731/635 616/732/636 617/733/637
f 617/733/637 616/732/636 618/734/638
f 617/733/637 618/734/638 619/735/639
f 619/735/639 618/734/638 620/736/640
f 619/735/639 620/736/640 621/737/641
f 621/737/641 620/736/640 622/738/642
f 621/737/641 622/738/642 586/702/606
f 586/702/606 622/738/642 585/701/605
f 623/739/643 624/740/644 625/741/645
f 624/740/644 626/742/646 625/741/645
f 626/742/646 627/743/647 625/741/645
f 627/743/647 628/744/648 625/741/645
f 628/744/648 629/745/649 625/741/645
f 629/745/649 630/746/650 625/741/645
f 630/746/650 631/747/651 625/741/645
f 631/747/651 632/748/652 625/741/645
f 632/748/652 633/749/653 625/741/645
f 633/749/653 634/750/654 625/741/645
f 634/750/654 635/751/655 625/741/645
f 635/751/655 636/752/656 625/741/645
f 636/752/656 637/753/657 625/741/645
f 637/753/657 638/754/658 625/741/645
f 638/754/658 639/755/659 625/741/645
f 639/755/659 640/756/660 625/741/645
f 640/756/660 641/757/661 625/741/645
f 641/757/661 642/758/662 625/741/645
f 643/759/663 644/760/664 645/761/665
f 645/761/665 644/760/664 646/762/666
f 623/739/643 647/763/667 624/740/644
f 624/740/644 647/763/667 648/764/668
f 647/763/667 643/759/663 648/764/668
f 648/764/668 643/759/663 645/761/665
f 645/761/665 646/762/666 649/765/669
f 649/765/669 646/762/666 650/766/670
f 624/740/644 648/764/668 626/742/646
f 626/742/646 648/764/668 651/767/671
f 648/764/668 645/761/665 651/767/671
f 651/767/671 645/761/665 649/765/669
f 649/765/669 650/766/670 652/768/672
f 652/768/672 650/766/670 653/769/673
f 626/742/646 651/767/671 627/743/647
f 627/743/647 651/767/671 654/770/674
f 651/767/671 649/765/669 654/770/674
f 654/770/674 649/765/669 652/768/672
f 652/768/672 653/769/673 655/771/675
f 655/771/675 653/769/673 656/772/676
f 627/743/647 654/770/674 628/744/648
f 628/744/648 654/770/674 657/773/677
f 654/770/674 652/768/672 657/773/677
f 657/773/677 652/768/672 655/771/675
f 655/771/675 656/772/676 658/774/678
f 658/774/678 656/772/676 659/775/679
f 628/744/648 657/773/677 629/745/649
f 629/745/649 657/773/677 660/776/680
f 657/773/677 655/771/675 660/776/680
f 660/776/680 655/771/675 658/774/678
f 658/774/678 659/775/679 661/777/681
f 661/777/681 659/775/679 662/778/682
f 629/745/649 660/776/680 630/746/650
f 630/746/650 660/776/680 663/779/683
f 660/776/680 658/774/678 663/779/683
f 663/779/683 658/774/678 661/777/681
f 661/777/681 662/778/682 664/780/684
f 664/780/684 662/778/682 665/781/685
f 630/746/650 663/779/683 631/747/651
f 631/747/651 663/779/683 666/782/686
f 663/779/683 661/777/681 666/782/686
f 666/782/686 661/777/681 664/780/684
f 664/780/684 665/781/685 667/783/687
f 667/783/687 665/781/685 668/784/688
f 631/747/651 666/782/686 632/748/652
f 632/748/652 666/782/686 669/785/689
f 666/782/686 664/780/684 669/785/689
f 669/785/689 664/780/684 667/783/687
f 667/783/687 668/784/688 670/786/690
f 670/786/690 668/784/688 671/787/691
f 632/748/652 669/785/689 633/749/653
f 633/749/653 669/785/689 672/788/692
f 669/785/689 667/783/687 672/788/692
f 672/788/692 667/783/687 670/786/690
f 670/786/690 671/787/691 673/789/693
f 673/789/693 671/787/691 674/790/694
f 633/749/653 672/788/692 634/750/654
f 634/750/654 672/788/692 675/791/695
f 672/788/692 670/786/690 675/791/695
f 675/791/695 670/786/690 673/789/693
f 673/789/693 674/790/694 676/792/696
f 676/792/696 674/790/694 677/793/697
f 634/750/654 675/791/695 635/751/655
f 635/751/655 675/791/695 678/794/698
f 675/791/695 673/789/693 678/794/698
f 678/794/698 673/789/693 676/792/696
f 676/792/696 677/793/697 679/795/699
f 679/795/699 677/793/697 680/796/700
f 635/751/655 678/794/698 636/752/656
f 636/752/656 678/794/698 681/797/701
f 678/794/698 676/792/696 681/797/701
f 681/797/701 676/792/696 679/795/699
f 679/795/699 680/796/700 682/798/702
f 682/798/702 680/796/700 683/799/703
f 636/752/656 681/797/701 637/753/657
f 637/753/657 681/797/701 684/800/704
f 681/797/701 679/795/699 684/800/704
f 684/800/704 679/795/699 682/798/702
f 682/798/702 683/799/703 685/801/705
f 685/801/705 683/799/703 686/802/706
f 637/753/657 684/800/704 638/754/658
f 638/754/658 684/800/704 687/803/707
f 684/800/704 682/798/702 687/803/707
f 687/803/707 682/798/702 685/801/705
f 685/801/705 686/802/706 688/804/708
f 688/804/708 686/802/706 689/805/709
f 638/754/658 687/803/707 639/755/659
f 639/755/659 687/803/707 690/806/710
f 687/803/707 685/801/705 690/806/710
f 690/806/710 685/801/705 688/804/708
f 688/804/708 689/805/709 691/807/711
f 691/807/711 689/805/709 692/808/712
f 639/755/659 690/806/710 640/756/660
f 640/756/660 690/806/710 693/809/713
f 690/806/710 688/804/708 693/809/713
f 693/809/713 688/804/708 691/807/711
f 691/807/711 692/808/712 694/810/714
f 694/810/714 692/808/712 695/811/715
f 640/756/660 693/809/713 641/757/661
f 641/757/661 693/809/713 696/812/716
f 693/809/713 691/807/711 696/812/716
f 696/812/716 691/807/711 694/810/714
f 694/810/714 695/811/715 697/813/717
f 697/813/717 695/811/715 698/814/718
f 641/757/661 696/812/716 642/758/662
f 642/758/662 696/812/716 699/815/719
f 696/812/716 694/810/714 699/815/719
f 699/815/719 694/810/714 697/813/717
f 697/813/717 698/814/718 700/816/720
f 700/816/720 698/814/718 701/817/721
f 642/758/662 699/815/719 625/741/645
f 625/741/645 699/815/719 702/818/722
f 699/815/719 697/813/717 702/818/722
f 702/818/722 697/813/717 700/816/720
f 644/760/664 643/759/663 701/817/721
f 701/817/721 643/759/663 700/816/720
f 643/759/663 647/763/667 700/816/720
f 700/816/720 647/763/667 702/818/722
f 647/763/667 623/739/643 702/818/722
f 702/818/722 623/739/643 625/741/645
f 703/819/723 704/820/724 701/817/721
f 701/817/721 704/820/724 644/760/664
f 584/700/604 705/821/725 586/702/606
f 586/702/606 705/821/725 706/822/726
f 704/820/724 707/823/727 644/760/664
f 644/760/664 707/823/727 646/762/666
f 705/821/725 584/700/604 708/824/728
f 708/824/728 584/700/604 587/703/607
f 707/823/727 709/825/729 646/762/666
f 646/762/666 709/825/729 650/766/670
f 708/824/728 587/703/607 710/826/730
f 710/826/730 587/703/607 589/705/609
f 709/825/729 711/827/731 650/766/670
f 650/766/670 711/827/731 653/769/673
f 710/826/730 589/705/609 712/828/732
f 712/828/732 589/705/609 591/707/611
f 711/827/731 713/829/733 653/769/673
f 653/769/673 713/829/733 656/772/676
f 712/828/732 591/707/611 714/830/734
f 714/830/734 591/707/611 593/709/613
f 713/829/733 715/831/735 656/772/676
f 656/772/676 715/831/735 659/775/679
f 714/830/734 593/709/613 716/832/736
f 716/832/736 593/709/613 595/711/615
f 715/831/735 717/833/737 659/775/679
f 659/775/679 717/833/737 662/778/682
f 716/832/736 595/711/615 718/834/738
f 718/834/738 595/711/615 597/713/617
f 717/833/737 719/835/739 662/778/682
f 662/778/682 719/835/739 665/781/685
f 718/834/738 597/713/617 720/836/740
f 720/836/740 597/713/617 599/715/619
f 719/835/739 721/837/741 665/781/685
f 665/781/685 721/837/741 668/784/688
f 720/836/740 599/715/619 722/838/742
f 722/838/742 599/715/619 601/717/621
f 721/837/741 723/839/743 668/784/688
f 668/784/688 723/839/743 671/787/691
f 722/838/742 601/717/621 724/840/744
f 724/840/744 601/717/621 603/719/623
f 723/839/743 725/841/745 671/787/691
f 671/787/691 725/841/745 674/790/694
f 724/840/744 603/719/623 726/842/746
f 726/842/746 603/719/623 605/721/625
f 725/841/745 727/843/747 674/790/694
f 674/790/694 727/843/747 677/793/697
f 726/842/746 605/721/625 728/844/748
f 728/844/748 605/721/625 607/723/627
f 727/843/747 729/845/749 677/793/697
f 677/793/697 729/845/749 680/796/700
f 728/844/748 607/723/627 730/846/750
f 730/846/750 607/723/627 609/725/629
f 729/845/749 731/847/751 680/796/700
f 680/796/700 731/847/751 683/799/703
f 730/846/750 609/725/629 732/848/752
f 732/848/752 609/725/629 611/727/631
f 731/847/751 733/849/753 683/799/703
f 683/799/703 733/849/753 686/802/706
f 732/848/752 611/727/631 734/850/754
f 734/850/754 611/727/631 613/729/633
f 733/849/753 735/851/755 686/802/706
f 686/802/706 735/851/755 689/805/709
f 734/850/754 613/729/633 736/852/756
f 736/852/756 613/729/633 615/731/635
f 735/851/755 737/853/757 689/805/709
f 689/805/709 737/853/757 692/808/712
f 736/852/756 615/731/635 738/854/758
f 738/854/758 615/731/635 617/733/637
f 737/853/757 739/855/759 692/808/712
f 692/808/712 739/855/759 695/811/715
f 738/854/758 617/733/637 740/856/760
f 740/856/760 617/733/637 619/735/639
f 739/855/759 741/857/761 695/811/715
f 695/811/715 741/857/761 698/814/718
f 740/856/760 619/735/639 742/858/762
f 742/858/762 619/735/639 621/737/641
f 741/857/761 703/819/723 698/814/718
f 698/814/718 703/819/723 701/817/721
f 742/858/762 621/737/641 706/822/726
f 706/822/726 621/737/641 586/702/606
f 705/859/725 743/860/763 706/861/726
f 706/861/726 743/860/763 744/862/764
f 743/860/763 704/820/724 744/862/764
f 744/862/764 704/820/724 703/819/723
f 706/861/726 744/862/764 742/863/762
f 742/863/762 744/862/764 745/864/765
f 744/862/764 703/819/723 745/864/765
f 745/864/765 703/819/723 741/857/761
f 704/820/724 743/860/763 707/823/727
f 707/823/727 743/860/763 746/865/766
f 743/860/763 705/859/725 746/865/766
f 746/865/766 705/859/725 708/866/728
f 707/823/727 746/865/766 709/825/729
f 709/825/729 746/865/766 747/867/767
f 746/865/766 708/866/728 747/867/767
f 747/867/767 708/866/728 710/868/730
f 709/825/729 747/867/767 711/827/731
f 711/827/731 747/867/767 748/869/768
f 747/867/767 710/868/730 748/869/768
f 748/869/768 710/868/730 712/870/732
f 711/827/731 748/869/768 713/829/733
f 713/829/733 748/869/768 749/871/769
f 748/869/768 712/870/732 749/871/769
f 749/871/769 712/870/732 714/872/734
f 713/829/733 749/871/769 715/831/735
f 715/831/735 749/871/769 750/873/770
f 749/871/769 714/872/734 750/873/770
f 750/873/770 714/872/734 716/874/736
f 715/831/735 750/873/770 717/833/737
f 717/833/737 750/873/770 751/875/771
f 750/873/770 716/874/736 751/875/771
f 751/875/771 716/874/736 718/876/738
f 717/833/737 751/875/771 719/835/739
f 719/835/739 751/875/771 752/877/772
f 751/875/771 718/876/738 752/877/772
f 752/877/772 718/876/738 720/878/740
f 719/835/739 752/877/772 721/837/741
f 721/837/741 752/877/772 753/879/773
f 752/877/772 720/878/740 753/879/773
f 753/879/773 720/878/740 722/880/742
f 721/837/741 753/879/773 723/839/743
f 723/839/743 753/879/773 754/881/774
f 753/879/773 722/880/742 754/881/774
f 754/881/774 722/880/742 724/882/744
f 723/839/743 754/881/774 725/841/745
f 725/841/745 754/881/774 755/883/775
f 754/881/774 724/882/744 755/883/775
f 755/883/775 724/882/744 726/884/746
f 725/841/745 755/883/775 727/843/747
f 727/843/747 755/883/775 756/885/776
f 755/883/775 726/884/746 756/885/776
f 756/885/776 726/884/746 728/886/748
f 727/843/747 756/885/776 729/845/749
f 729/845/749 756/885/776 757/887/777
f 756/885/776 728/886/748 757/887/777
f 757/887/777 728/886/748 730/888/750
f 729/845/749 757/887/777 731/847/751
f 731/847/751 757/887/777 758/889/778
f 757/887/777 730/888/750 758/889/778
f 758/889/778 730/888/750 732/890/752
f 731/847/751 758/889/778 733/849/753
f 733/849/753 758/889/778 759/891/779
f 758/889/778 732/890/752 759/891/779
f 759/891/779 732/890/752 734/892/754
f 733/849/753 759/891/779 735/851/755
f 735/851/755 759/891/779 760/893/780
f 759/891/779 734/892/754 760/893/780
f 760/893/780 734/892/754 736/894/756
f 735/851/755 760/893/780 737/853/757
f 737/853/757 760/893/780 761/895/781
f 760/893/780 736/894/756 761/895/781
f 761/895/781 736/894/756 738/896/758
f 737/853/757 761/895/781 739/855/759
f 739/855/759 761/895/781 762/897/782
f 761/895/781 738/896/758 762/897/782
f 762/897/782 738/896/758 740/898/760
f 739/855/759 762/897/782 741/857/761
f 741/857/761 762/897/782 745/864/765
f 762/897/782 740/898/760 745/864/765
f 745/864/765 740/898/760 742/863/762
s off
g Taiyaki_Kettle_PotSG
v 0.903921 -1e-06 -0.203001
v 0.936073 -1e-06 0
v 0.810617 -1e-06 -0.386127
v 0.903921 -1e-06 0.203001
v 0.810617 -1e-06 0.386127
v 0.665283 -1e-06 0.531458
v 0.482153 -1e-06 0.624763
v 0.279152 -1e-06 0.656923
v 0.076155 -1e-06 0.624769
v -0.106975 -1e-06 0.531458
v 0.665283 -1e-06 -0.531458
v -0.252308 -1e-06 0.386127
v -0.345613 -1e-06 0.203001
v -0.377766 -1e-06 0
v -0.345613 -1e-06 -0.203001
v -0.252308 -1e-06 -0.386127
v -0.106975 -1e-06 -0.531458
v 0.076155 -1e-06 -0.624763
v 0.279154 -1e-06 -0.656918
v 0.482153 -1e-06 -0.624763
v 1.13667 0.172889 -0.27862
v 1.14901 0.277032 -0.282631
v 1.1808 0.172889 0
v 1.19377 0.277032 0
v 1.08503 0.082638 -0.261845
v 1.1265 0.082638 0
v 1.00283 0.021567 -0.235136
v 1.04007 0.021567 0
v 1.0191 0.277032 -0.537598
v 1.0086 0.172889 -0.52997
v 0.964672 0.082638 -0.498062
v 0.894745 0.021567 -0.447256
v 0.816751 0.277032 -0.739943
v 0.809126 0.172889 -0.729443
v 0.777212 0.082635 -0.68552
v 0.726406 0.021567 -0.615587
v 0.56179 0.277033 -0.869854
v 0.557777 0.172889 -0.857515
v 0.540998 0.082638 -0.805874
v 0.51429 0.021567 -0.723669
v 0.279154 0.277032 -0.914621
v 0.279154 0.172889 -0.901636
v 0.279154 0.082638 -0.847349
v 0.279154 0.021567 -0.760912
v -0.003482 0.277033 -0.869854
v 0.000529 0.172889 -0.857515
v 0.017309 0.082638 -0.805874
v 0.04402 0.021567 -0.723669
v -0.258446 0.277032 -0.739943
v -0.250821 0.172889 -0.729443
v -0.218904 0.082635 -0.68552
v -0.168097 0.021567 -0.615587
v -0.460789 0.277032 -0.537598
v -0.450291 0.172889 -0.52997
v -0.406365 0.082638 -0.498062
v -0.336437 0.021567 -0.447256
v -0.590701 0.277032 -0.282631
v -0.578358 0.172889 -0.27862
v -0.526721 0.082638 -0.261845
v -0.444516 0.021567 -0.235136
v -0.635468 0.277032 0
v -0.622486 0.172889 0
v -0.56819 0.082638 0
v -0.481758 0.021567 0
v -0.590701 0.277032 0.282637
v -0.578358 0.172889 0.278625
v -0.526721 0.082638 0.261841
v -0.444516 0.021567 0.23513
v -0.460789 0.277032 0.537603
v -0.450291 0.172889 0.529976
v -0.406365 0.082638 0.498058
v -0.336437 0.021567 0.44725
v -0.258446 0.277032 0.739946
v -0.250818 0.172889 0.729448
v -0.218904 0.082635 0.68552
v -0.168097 0.021567 0.615597
v -0.003482 0.277033 0.869858
v 0.000529 0.172889 0.857515
v 0.017309 0.082638 0.805878
v 0.04402 0.021567 0.723665
v 0.279154 0.277032 0.914621
v 0.279154 0.172889 0.901636
v 0.279154 0.082638 0.847349
v 0.279152 0.021567 0.760912
v 0.561787 0.277032 0.869848
v 0.557774 0.172889 0.857515
v 0.540998 0.082635 0.805878
v 0.514288 0.021567 0.723665
v 0.816751 0.277032 0.739946
v 0.809126 0.172889 0.729448
v 0.777212 0.082635 0.68552
v 0.726406 0.021567 0.615597
v 1.0191 0.277032 0.537603
v 1.0086 0.172889 0.529976
v 0.964672 0.082638 0.498058
v 0.894745 0.021567 0.44725
v 1.14901 0.277032 0.282637
v 1.13667 0.172889 0.278625
v 1.08503 0.082638 0.261841
v 1.00283 0.021567 0.23513
v 1.02935 1.117 -0.243753
v 0.917311 1.117 -0.463644
v 0.742804 1.117 -0.638165
v 0.522909 1.117 -0.750195
v 0.279154 1.117 -0.788803
v 0.035399 1.117 -0.750195
v -0.184494 1.117 -0.638165
v -0.359002 1.117 -0.463644
v -0.471044 1.117 -0.243753
v -0.509652 1.117 0
v -0.471044 1.117 0.243753
v -0.359002 1.117 0.463644
v -0.184494 1.117 0.638159
v 0.035399 1.117 0.7502
v 0.279154 1.117 0.788803
v 0.522909 1.117 0.7502
v 0.742804 1.117 0.638159
v 0.917311 1.117 0.463644
v 1.02935 1.117 0.243753
v 1.06796 1.117 0
v 0.999592 1.19349 -0.234083
v 0.891994 1.19349 -0.445257
v 0.856396 1.26479 -0.187553
v 0.903862 1.24945 -0.202986
v 0.770184 1.26479 -0.356754
v 0.810564 1.24945 -0.386089
v 0.724411 1.19349 -0.612841
v 0.63591 1.26479 -0.491039
v 0.665247 1.24945 -0.53141
v 0.513241 1.19349 -0.720436
v 0.466713 1.26479 -0.57724
v 0.482138 1.24945 -0.624716
v 0.279154 1.19349 -0.757513
v 0.279154 1.26479 -0.606941
v 0.279154 1.24945 -0.65686
v 0.045071 1.19349 -0.720436
v 0.091598 1.26479 -0.57724
v 0.076173 1.24945 -0.624716
v -0.166101 1.19349 -0.612841
v -0.0776 1.26479 -0.491039
v -0.106937 1.24945 -0.53141
v -0.333686 1.19349 -0.445257
v -0.211875 1.26479 -0.356754
v -0.252254 1.24945 -0.386089
v -0.441283 1.19349 -0.234083
v -0.298087 1.26479 -0.187553
v -0.345553 1.24945 -0.202986
v -0.478359 1.19349 0
v -0.327792 1.26479 0
v -0.377704 1.24945 0
v -0.441283 1.19349 0.234089
v -0.298087 1.26479 0.187553
v -0.345553 1.24945 0.202982
v -0.333686 1.19349 0.445257
v -0.211875 1.26479 0.356754
v -0.252254 1.24945 0.386089
v -0.166101 1.19349 0.612841
v -0.0776 1.26479 0.491034
v -0.106937 1.24945 0.531414
v 0.045071 1.19349 0.72043
v 0.091598 1.26479 0.577234
v 0.076173 1.24945 0.62471
v 0.279154 1.19349 0.757513
v 0.279154 1.26479 0.606947
v 0.279154 1.24945 0.65686
v 0.513241 1.19349 0.72043
v 0.466713 1.26479 0.577234
v 0.482138 1.24945 0.62471
v 0.724411 1.19349 0.612841
v 0.63591 1.26479 0.491034
v 0.665247 1.24945 0.531414
v 0.891994 1.19349 0.445257
v 0.770184 1.26479 0.356754
v 0.810564 1.24945 0.386089
v 0.999592 1.19349 0.234089
v 0.856396 1.26479 0.187553
v 0.903862 1.24945 0.202982
v 1.03667 1.19349 0
v 0.886101 1.26479 0
v 0.936012 1.24945 0
v 0.770184 1.27747 -0.356754
v 0.765831 1.2903 -0.353592
v 0.856396 1.27747 -0.187553
v 0.851276 1.2903 -0.185894
v 0.755316 1.29562 -0.345951
v 0.838917 1.29562 -0.181881
v 0.742561 1.29562 -0.336687
v 0.73205 1.2903 -0.32905
v 0.823925 1.29562 -0.177006
v 0.811565 1.2903 -0.172995
v 0.727695 1.27747 -0.325884
v 0.806446 1.27747 -0.171329
v 0.625107 1.29562 -0.476166
v 0.615843 1.29562 -0.463408
v 0.461033 1.29562 -0.559755
v 0.456163 1.29562 -0.544771
v 0.279154 1.29562 -0.58857
v 0.279154 1.29562 -0.572807
v 0.097278 1.29562 -0.559755
v 0.102148 1.29562 -0.544771
v -0.066797 1.29562 -0.476166
v -0.057532 1.29562 -0.463408
v -0.197005 1.29562 -0.345951
v -0.184253 1.29562 -0.336687
v -0.280609 1.29562 -0.181881
v -0.265615 1.29562 -0.177006
v -0.309413 1.29562 0
v -0.293651 1.29562 0
v -0.280609 1.29562 0.181877
v -0.265615 1.29562 0.177006
v -0.197005 1.29562 0.345951
v -0.184253 1.29562 0.336687
v -0.066797 1.29562 0.476162
v -0.057532 1.29562 0.463408
v 0.097278 1.29562 0.559755
v 0.102148 1.29562 0.544771
v 0.279154 1.29562 0.58857
v 0.279154 1.29562 0.572803
v 0.461033 1.29562 0.559755
v 0.456163 1.29562 0.544771
v 0.625109 1.29562 0.476162
v 0.615843 1.29562 0.463408
v 0.755316 1.29562 0.345951
v 0.742565 1.29562 0.336687
v 0.838917 1.29562 0.181877
v 0.823925 1.29562 0.177006
v 0.867722 1.29562 0
v 0.851959 1.29562 0
v 0.727695 1.26479 -0.325884
v 0.806446 1.26479 -0.171329
v 0.63591 1.27747 -0.491039
v 0.60504 1.26479 -0.44854
v 0.60504 1.27747 -0.44854
v 0.466713 1.27747 -0.57724
v 0.450485 1.26479 -0.527287
v 0.450485 1.27747 -0.527287
v 0.279154 1.27747 -0.606941
v 0.279154 1.26479 -0.554426
v 0.279154 1.27747 -0.554426
v 0.091598 1.27747 -0.57724
v 0.107828 1.26479 -0.527287
v 0.107828 1.27747 -0.527287
v -0.0776 1.27747 -0.491039
v -0.04673 1.26479 -0.44854
v -0.04673 1.27747 -0.44854
v -0.211875 1.27747 -0.356754
v -0.169385 1.26479 -0.325884
v -0.169385 1.27747 -0.325884
v -0.298087 1.27747 -0.187553
v -0.248137 1.26479 -0.171329
v -0.248137 1.27747 -0.171329
v -0.327792 1.27747 0
v -0.275271 1.26479 0
v -0.275271 1.27747 0
v -0.298087 1.27747 0.187553
v -0.248137 1.26479 0.171329
v -0.248137 1.27747 0.171329
v -0.211875 1.27747 0.356754
v -0.169385 1.26479 0.325884
v -0.169385 1.27747 0.325884
v -0.0776 1.27747 0.491034
v -0.04673 1.26479 0.448544
v -0.04673 1.27747 0.448544
v 0.091598 1.27747 0.577234
v 0.107828 1.26479 0.527292
v 0.107828 1.27747 0.527292
v 0.279154 1.27747 0.606947
v 0.279154 1.26479 0.55442
v 0.279154 1.27747 0.55442
v 0.466713 1.27747 0.577234
v 0.450485 1.26479 0.527292
v 0.450485 1.27747 0.527292
v 0.63591 1.27747 0.491034
v 0.60504 1.26479 0.448544
v 0.60504 1.27747 0.448544
v 0.770184 1.27747 0.356754
v 0.727695 1.26479 0.325884
v 0.727695 1.27747 0.325884
v 0.856396 1.27747 0.187553
v 0.806446 1.26479 0.171329
v 0.806446 1.27747 0.171329
v 0.886101 1.27747 0
v 0.833582 1.26479 0
v 0.833582 1.27747 0
v 0.632746 1.2903 -0.486679
v 0.608204 1.2903 -0.452898
v 0.46505 1.2903 -0.572123
v 0.452148 1.2903 -0.532408
v 0.279154 1.2903 -0.601564
v 0.279154 1.2903 -0.559813
v 0.093262 1.2903 -0.572123
v 0.106164 1.2903 -0.532408
v -0.074435 1.2903 -0.486679
v -0.049894 1.2903 -0.452898
v -0.20752 1.2903 -0.353592
v -0.173739 1.2903 -0.32905
v -0.292968 1.2903 -0.185894
v -0.253257 1.2903 -0.172995
v -0.32241 1.2903 0
v -0.280656 1.2903 0
v -0.292968 1.2903 0.185888
v -0.253257 1.2903 0.172989
v -0.20752 1.2903 0.353592
v -0.17374 1.2903 0.32905
v -0.074436 1.2903 0.486675
v -0.049894 1.2903 0.452898
v 0.093262 1.2903 0.572117
v 0.106164 1.2903 0.532413
v 0.279154 1.2903 0.601559
v 0.279154 1.2903 0.559809
v 0.46505 1.2903 0.572117
v 0.452148 1.2903 0.532413
v 0.632748 1.2903 0.486675
v 0.608204 1.2903 0.452898
v 0.765831 1.2903 0.353592
v 0.73205 1.2903 0.32905
v 0.851276 1.2903 0.185888
v 0.811565 1.2903 0.172989
v 0.880718 1.2903 0
v 0.838964 1.2903 0
vn 0.004027 -0.999991 -0.001309
vn 0.004234 -0.999991 -1e-06
vn 0.003425 -0.999991 -0.002489
vn 0.004027 -0.999991 0.001308
vn 0.003425 -0.999991 0.002488
vn 0.002489 -0.999991 0.003425
vn 0.001308 -0.999991 0.004026
vn 0 -0.999991 0.004234
vn -0.001308 -0.999991 0.004026
vn -0.002489 -0.999991 0.003425
vn 0.002489 -0.999991 -0.003426
vn -0.003425 -0.999991 0.002488
vn -0.004027 -0.999991 0.001308
vn -0.004234 -0.999991 -0
vn -0.004027 -0.999991 -0.001309
vn -0.003425 -0.999991 -0.002489
vn -0.002489 -0.999991 -0.003426
vn -0.001308 -0.999991 -0.004027
vn -0 -0.999991 -0.004234
vn 0.001308 -0.999991 -0.004027
vn 0.902092 -0.316733 -0.293105
vn 0.944538 0.11687 -0.306903
vn 0.948512 -0.316742 0
vn 0.993147 0.116869 0
vn 0.711093 -0.664052 -0.231046
vn 0.747683 -0.664056 0
vn 0.406127 -0.904239 -0.131957
vn 0.427024 -0.90424 -1e-06
vn 0.803475 0.116868 -0.583755
vn 0.767367 -0.316725 -0.557524
vn 0.604891 -0.66405 -0.439482
vn 0.345469 -0.904241 -0.250998
vn 0.58376 0.116868 -0.803471
vn 0.557527 -0.316727 -0.767364
vn 0.439475 -0.664055 -0.604891
vn 0.25099 -0.904245 -0.345465
vn 0.306895 0.116869 -0.944541
vn 0.293103 -0.316735 -0.902092
vn 0.231044 -0.664056 -0.711089
vn 0.131954 -0.904243 -0.40612
vn 0 0.11687 -0.993147
vn 0 -0.316739 -0.948513
vn 0 -0.66405 -0.747688
vn 0 -0.904242 -0.427021
vn -0.306895 0.11687 -0.944541
vn -0.293104 -0.316735 -0.902092
vn -0.231043 -0.664059 -0.711087
vn -0.131954 -0.904242 -0.40612
vn -0.58376 0.11687 -0.803471
vn -0.557528 -0.316729 -0.767363
vn -0.43947 -0.664062 -0.604887
vn -0.250989 -0.904245 -0.345465
vn -0.803476 0.116869 -0.583753
vn -0.767368 -0.316732 -0.557519
vn -0.60489 -0.664053 -0.439478
vn -0.345467 -0.904242 -0.250996
vn -0.944538 0.116869 -0.306904
vn -0.902088 -0.316746 -0.293102
vn -0.711094 -0.664052 -0.231044
vn -0.406126 -0.90424 -0.131956
vn -0.993147 0.11687 -0
vn -0.948508 -0.316754 -0
vn -0.747683 -0.664055 -0
vn -0.427026 -0.904239 0
vn -0.944538 0.116871 0.306902
vn -0.902085 -0.316753 0.293104
vn -0.71109 -0.664057 0.23104
vn -0.406127 -0.904239 0.131957
vn -0.803475 0.116872 0.583755
vn -0.767362 -0.316747 0.557519
vn -0.604889 -0.664059 0.43947
vn -0.345474 -0.90424 0.250994
vn -0.583763 0.116873 0.803468
vn -0.557523 -0.316744 0.76736
vn -0.439473 -0.664065 0.604882
vn -0.250993 -0.904242 0.34547
vn -0.306895 0.11687 0.944541
vn -0.293099 -0.31674 0.902091
vn -0.23104 -0.664058 0.711089
vn -0.131954 -0.904243 0.406119
vn 1e-05 0.116868 0.993147
vn 4e-06 -0.316728 0.948516
vn -1e-06 -0.664055 0.747684
vn -2e-06 -0.904242 0.42702
vn 0.306894 0.116868 0.944541
vn 0.293099 -0.316717 0.902099
vn 0.23104 -0.664058 0.711089
vn 0.131949 -0.904249 0.406108
vn 0.583755 0.116871 0.803475
vn 0.55752 -0.316729 0.767368
vn 0.439476 -0.664062 0.604882
vn 0.250991 -0.904246 0.345461
vn 0.803474 0.116872 0.583756
vn 0.767361 -0.316742 0.557522
vn 0.604888 -0.66406 0.439471
vn 0.345473 -0.90424 0.250994
vn 0.944539 0.116871 0.306901
vn 0.902087 -0.316746 0.293106
vn 0.711088 -0.664058 0.231041
vn 0.406128 -0.904238 0.131958
vn 0.937814 0.166287 -0.304718
vn 0.797757 0.166285 -0.579598
vn 0.579603 0.166286 -0.797753
vn 0.304708 0.166288 -0.937817
vn 0 0.166289 -0.986077
vn -0.304709 0.166289 -0.937817
vn -0.579603 0.166287 -0.797753
vn -0.797757 0.166288 -0.579596
vn -0.937813 0.16629 -0.304719
vn -0.986077 0.16629 -0
vn -0.937814 0.16629 0.304717
vn -0.797756 0.166289 0.579598
vn -0.579607 0.166292 0.797748
vn -0.304709 0.166294 0.937816
vn 1e-05 0.166291 0.986077
vn 0.304708 0.166288 0.937817
vn 0.5796 0.166288 0.797755
vn 0.797755 0.166288 0.579599
vn 0.937815 0.166288 0.304715
vn 0.986077 0.166287 0
vn 0.698554 0.678606 -0.226974
vn 0.594227 0.678604 -0.43173
vn 0.445397 0.883561 -0.14471
vn 0.4178 0.898339 -0.135757
vn 0.378896 0.883551 -0.275272
vn 0.355408 0.898337 -0.258215
vn 0.431731 0.678607 -0.594223
vn 0.275274 0.883559 -0.378876
vn 0.258223 0.898336 -0.355406
vn 0.226973 0.678598 -0.698561
vn 0.144695 0.883578 -0.445368
vn 0.135752 0.898336 -0.41781
vn -0 0.678589 -0.734518
vn -0 0.883588 -0.468266
vn -0 0.898338 -0.439305
vn -0.226971 0.678601 -0.698559
vn -0.144697 0.883575 -0.445374
vn -0.135754 0.898336 -0.417809
vn -0.431728 0.678611 -0.59422
vn -0.275277 0.883555 -0.378884
vn -0.258222 0.898337 -0.355405
vn -0.594225 0.678607 -0.431727
vn -0.378902 0.883547 -0.27528
vn -0.355408 0.898337 -0.258215
vn -0.698553 0.678607 -0.226972
vn -0.445399 0.883559 -0.144716
vn -0.417801 0.898339 -0.135757
vn -0.734499 0.67861 -0
vn -0.468312 0.883563 -1e-06
vn -0.439299 0.898341 -1e-06
vn -0.698551 0.678607 0.226977
vn -0.445396 0.88356 0.144718
vn -0.417797 0.898341 0.135752
vn -0.594225 0.678604 0.431733
vn -0.378883 0.883557 0.275272
vn -0.355402 0.898341 0.258213
vn -0.43173 0.678603 0.594228
vn -0.275257 0.883573 0.378856
vn -0.258217 0.898337 0.355408
vn -0.226973 0.678607 0.698552
vn -0.144707 0.883579 0.445364
vn -0.135755 0.898335 0.417809
vn 0 0.678605 0.734504
vn -0 0.883582 0.468277
vn 0 0.898337 0.439308
vn 0.226974 0.678606 0.698553
vn 0.144706 0.883577 0.445368
vn 0.135754 0.898334 0.417812
vn 0.431731 0.678602 0.594229
vn 0.275257 0.883573 0.378857
vn 0.258218 0.898336 0.355409
vn 0.594223 0.678605 0.431733
vn 0.378888 0.883555 0.27527
vn 0.355404 0.89834 0.258213
vn 0.69855 0.678608 0.226979
vn 0.445406 0.883555 0.14472
vn 0.4178 0.89834 0.135755
vn 0.7345 0.678609 1e-06
vn 0.468315 0.883561 -0
vn 0.439301 0.89834 1e-06
vn 0.792336 0.202096 -0.57564
vn 0.586103 0.689308 -0.425838
vn 0.931435 0.202096 -0.302633
vn 0.68901 0.689305 -0.223883
vn 0.164098 0.979212 -0.119229
vn 0.192914 0.979211 -0.062687
vn -0.130293 0.986946 0.094664
vn -0.55114 0.732053 0.400428
vn -0.153166 0.986947 0.049761
vn -0.647906 0.732049 0.210527
vn -0.790862 0.210694 0.574583
vn -0.929715 0.210671 0.302073
vn 0.119225 0.979211 -0.164107
vn -0.094665 0.986946 0.130294
vn 0.062683 0.97921 -0.192922
vn -0.049768 0.986944 0.153184
vn 0 0.979206 -0.202867
vn -0 0.986943 0.161067
vn -0.062681 0.979213 -0.192905
vn 0.049768 0.986944 0.153181
vn -0.119224 0.979214 -0.164092
vn 0.094665 0.986946 0.130296
vn -0.1641 0.979213 -0.119218
vn 0.130286 0.986947 0.094662
vn -0.192916 0.979211 -0.062685
vn 0.153157 0.986948 0.049761
vn -0.202837 0.979212 -0
vn 0.161036 0.986949 -1e-06
vn -0.192917 0.979211 0.062688
vn 0.153156 0.986948 -0.049765
vn -0.164103 0.979211 0.119227
vn 0.130295 0.986946 -0.094659
vn -0.119227 0.97921 0.164111
vn 0.094676 0.986944 -0.130299
vn -0.062689 0.979207 0.192936
vn 0.04977 0.986944 -0.153179
vn 0 0.979202 0.202886
vn 0 0.986945 -0.161058
vn 0.062689 0.979205 0.192946
vn -0.04977 0.986944 -0.153181
vn 0.119239 0.979207 0.164124
vn -0.094674 0.986945 -0.130294
vn 0.16411 0.97921 0.119234
vn -0.130289 0.986948 -0.094651
vn 0.192914 0.979211 0.062688
vn -0.153163 0.986947 -0.049765
vn 0.202838 0.979212 0
vn -0.161044 0.986947 0
vn -0.809013 0 0.587791
vn -0.951057 0 0.309016
vn 0.57565 0.202134 -0.792319
vn -0.587772 0 0.809026
vn -0.574587 0.210716 0.790853
vn 0.302614 0.202073 -0.931446
vn -0.309014 0 0.951058
vn -0.302081 0.210722 0.929701
vn 1e-06 0.201993 -0.979387
vn 0 0 1
vn 0 0.210735 0.977543
vn -0.302617 0.202085 -0.931442
vn 0.30902 0 0.951056
vn 0.302081 0.210726 0.9297
vn -0.575645 0.202158 -0.792316
vn 0.587783 0 0.809019
vn 0.574589 0.21074 0.790845
vn -0.792335 0.202113 -0.575635
vn 0.809023 0 0.587776
vn 0.790864 0.210693 0.574581
vn -0.931439 0.202079 -0.302633
vn 0.951058 0 0.309013
vn 0.929723 0.210629 0.302077
vn -0.979369 0.202082 0
vn 1 0 0
vn 0.977566 0.210628 -3e-06
vn -0.931426 0.202115 0.302646
vn 0.951058 0 -0.309013
vn 0.929717 0.210628 -0.302095
vn -0.792328 0.202133 0.575637
vn 0.809027 0 -0.587771
vn 0.790869 0.21065 -0.57459
vn -0.575638 0.202133 0.792328
vn 0.587793 0 -0.809011
vn 0.574597 0.210652 -0.790863
vn -0.30263 0.202158 0.931422
vn 0.308995 0 -0.951064
vn 0.302062 0.210691 -0.929714
vn -0 0.202156 0.979353
vn -0 0 -1
vn -1e-06 0.21074 -0.977542
vn 0.302627 0.20215 0.931425
vn -0.308989 0 -0.951066
vn -0.302061 0.210695 -0.929713
vn 0.575637 0.202106 0.792335
vn -0.587783 0 -0.809019
vn -0.574596 0.210661 -0.790861
vn 0.792325 0.202113 0.575648
vn -0.809017 0 -0.587786
vn -0.790873 0.21065 -0.574583
vn 0.931427 0.202113 0.302647
vn -0.951057 0 -0.309016
vn -0.929719 0.210629 -0.302091
vn 0.979365 0.2021 0
vn -1 0 -0
vn -0.977562 0.210648 1e-06
vn 0.425813 0.689355 -0.586066
vn -0.400385 0.732103 0.551105
vn 0.223844 0.689342 -0.688985
vn -0.210488 0.732129 0.647829
vn 1e-06 0.689299 -0.724477
vn 0 0.732149 0.681144
vn -0.223835 0.689357 -0.688974
vn 0.210499 0.732119 0.647836
vn -0.425793 0.689383 -0.586047
vn 0.400393 0.732093 0.551113
vn -0.586091 0.689327 -0.425823
vn 0.551121 0.732071 0.400423
vn -0.68902 0.689296 -0.223882
vn 0.647895 0.73206 0.210524
vn -0.724479 0.689297 -0
vn 0.68124 0.73206 -3e-06
vn -0.689018 0.689303 0.223864
vn 0.647903 0.732057 -0.210509
vn -0.586089 0.689328 0.425824
vn 0.551149 0.732038 -0.400444
vn -0.425805 0.689361 0.586065
vn 0.400443 0.732028 -0.551163
vn -0.22385 0.689342 0.688984
vn 0.210501 0.73207 -0.647891
vn -0 0.68931 0.724467
vn -1e-06 0.732097 -0.6812
vn 0.223861 0.689338 0.688984
vn -0.210493 0.732071 -0.647892
vn 0.425827 0.689322 0.586094
vn -0.400429 0.732055 -0.551137
vn 0.586098 0.689313 0.425837
vn -0.551136 0.73206 -0.400423
vn 0.688994 0.689329 0.22386
vn -0.647913 0.732049 -0.210505
vn 0.724458 0.68932 0
vn -0.681241 0.732059 1e-06
vt 0.717539 0.930122
vt 0.677733 0.901156
vt 0.764513 0.945404
vt 0.64883 0.861308
vt 0.633656 0.814477
vt 0.633693 0.765256
vt 0.648938 0.718447
vt 0.677893 0.678645
vt 0.717734 0.649731
vt 0.764557 0.634543
vt 0.813742 0.945403
vt 0.813777 0.634564
vt 0.860591 0.649793
vt 0.900403 0.678738
vt 0.929328 0.718565
vt 0.944531 0.765387
vt 0.944526 0.814607
vt 0.929313 0.861422
vt 0.900381 0.901248
vt 0.860559 0.930184
vt 0.030683 0.435215
vt 0.056363 0.435215
vt 0.030683 0.500171
vt 0.056363 0.500171
vt 0.003964 0.435215
vt 0.003964 0.500171
vt 0.705968 0.952852
vt 0.659695 0.919163
vt 0.694262 0.975798
vt 0.641478 0.937339
vt 0.056363 0.374098
vt 0.030683 0.374098
vt 0.003964 0.374098
vt 0.756465 0.996032
vt 0.760499 0.97059
vt 0.056363 0.312147
vt 0.030683 0.312147
vt 0.003964 0.312147
vt 0.821769 0.995989
vt 0.817733 0.970574
vt 0.056363 0.249704
vt 0.030683 0.249704
vt 0.003964 0.249704
vt 0.883813 0.975796
vt 0.872129 0.952881
vt 0.056363 0.186367
vt 0.030683 0.186367
vt 0.003964 0.186367
vt 0.936586 0.937439
vt 0.918396 0.919256
vt 0.056363 0.123283
vt 0.030683 0.123283
vt 0.003964 0.123283
vt 0.974921 0.884663
vt 0.952007 0.872987
vt 0.056363 0.0622
vt 0.030683 0.0622
vt 0.003964 0.0622
vt 0.995084 0.822609
vt 0.969684 0.818589
vt 0.056363 0.003968
vt 0.030683 0.003968
vt 0.003964 0.003968
vt 0.995085 0.757402
vt 0.969685 0.761414
vt 0.383608 0.620574
vt 0.357696 0.620574
vt 0.383608 0.559885
vt 0.357696 0.559885
vt 0.330701 0.620574
vt 0.330701 0.559885
vt 0.974949 0.695326
vt 0.952028 0.707002
vt 0.383608 0.49783
vt 0.357696 0.49783
vt 0.330701 0.49783
vt 0.936595 0.642547
vt 0.918413 0.660727
vt 0.383608 0.435612
vt 0.357696 0.435612
vt 0.330701 0.435612
vt 0.883863 0.604205
vt 0.872171 0.627111
vt 0.383608 0.373834
vt 0.357696 0.373834
vt 0.330701 0.373834
vt 0.821788 0.584
vt 0.817763 0.609404
vt 0.383608 0.311716
vt 0.357696 0.311716
vt 0.330701 0.311716
vt 0.756579 0.583988
vt 0.760586 0.609385
vt 0.383608 0.25005
vt 0.357696 0.25005
vt 0.330701 0.25005
vt 0.694522 0.6041
vt 0.706186 0.627028
vt 0.383608 0.187856
vt 0.357696 0.187856
vt 0.330701 0.187856
vt 0.641711 0.642442
vt 0.65989 0.660631
vt 0.383608 0.125049
vt 0.357696 0.125049
vt 0.330701 0.125049
vt 0.603351 0.69517
vt 0.626254 0.706866
vt 0.383608 0.063297
vt 0.357696 0.063297
vt 0.330701 0.063297
vt 0.583138 0.757211
vt 0.608538 0.761251
vt 0.383608 0.004403
vt 0.357696 0.004403
vt 0.330701 0.004403
vt 0.583091 0.822443
vt 0.608495 0.818442
vt 0.056363 0.623465
vt 0.030683 0.623465
vt 0.056363 0.563406
vt 0.030683 0.563406
vt 0.003964 0.623465
vt 0.003964 0.563406
vt 0.603193 0.884505
vt 0.626122 0.872851
vt 0.258237 0.435215
vt 0.258237 0.374098
vt 0.258237 0.312147
vt 0.258237 0.249704
vt 0.258237 0.186367
vt 0.258237 0.123283
vt 0.258237 0.0622
vt 0.258237 0.003968
vt 0.586414 0.620574
vt 0.586414 0.559885
vt 0.586414 0.49783
vt 0.586414 0.435612
vt 0.586414 0.373834
vt 0.586414 0.311716
vt 0.586414 0.25005
vt 0.586414 0.187856
vt 0.586414 0.125049
vt 0.586414 0.063297
vt 0.586414 0.004403
vt 0.258237 0.623465
vt 0.258237 0.563405
vt 0.258237 0.500171
vt 0.278575 0.435215
vt 0.278575 0.374098
vt 0.32115 0.435215
vt 0.307406 0.435215
vt 0.32115 0.374098
vt 0.307406 0.374098
vt 0.278575 0.312147
vt 0.32115 0.312147
vt 0.307406 0.312147
vt 0.278575 0.249704
vt 0.32115 0.249704
vt 0.307406 0.249704
vt 0.278575 0.186367
vt 0.32115 0.186367
vt 0.307406 0.186367
vt 0.278575 0.123283
vt 0.32115 0.123283
vt 0.307406 0.123283
vt 0.278575 0.0622
vt 0.32115 0.0622
vt 0.307406 0.0622
vt 0.278575 0.003968
vt 0.32115 0.003968
vt 0.307406 0.003968
vt 0.607026 0.620574
vt 0.607026 0.559885
vt 0.649598 0.620574
vt 0.635921 0.620574
vt 0.649598 0.559885
vt 0.635921 0.559885
vt 0.607026 0.49783
vt 0.649598 0.49783
vt 0.635921 0.49783
vt 0.607026 0.435612
vt 0.649598 0.435612
vt 0.635921 0.435612
vt 0.607026 0.373834
vt 0.649598 0.373834
vt 0.635921 0.373834
vt 0.607026 0.311716
vt 0.649598 0.311716
vt 0.635921 0.311716
vt 0.607026 0.25005
vt 0.649598 0.25005
vt 0.635921 0.25005
vt 0.607026 0.187856
vt 0.649598 0.187856
vt 0.635921 0.187856
vt 0.607026 0.125049
vt 0.649598 0.125049
vt 0.635921 0.125049
vt 0.607026 0.063297
vt 0.649598 0.063297
vt 0.635921 0.063297
vt 0.607026 0.004403
vt 0.649598 0.004403
vt 0.635921 0.004403
vt 0.278575 0.623465
vt 0.278575 0.563406
vt 0.32115 0.623465
vt 0.307406 0.623465
vt 0.32115 0.563406
vt 0.307406 0.563405
vt 0.278575 0.500171
vt 0.32115 0.500171
vt 0.307406 0.500171
vt 0.67351 0.489521
vt 0.677231 0.487919
vt 0.706499 0.534365
vt 0.709157 0.531533
vt 0.680962 0.486322
vt 0.711833 0.5287
vt 0.6851 0.484537
vt 0.688742 0.482965
vt 0.714841 0.525548
vt 0.717522 0.52277
vt 0.69225 0.481439
vt 0.720148 0.520079
vt 0.670888 0.43543
vt 0.675299 0.435333
vt 0.678725 0.384594
vt 0.682852 0.385911
vt 0.701191 0.340104
vt 0.704615 0.342532
vt 0.734691 0.305411
vt 0.737138 0.308639
vt 0.775658 0.283525
vt 0.77691 0.287215
vt 0.819717 0.276449
vt 0.819673 0.280202
vt 0.862145 0.284405
vt 0.860869 0.28783
vt 0.898693 0.305808
vt 0.896379 0.308577
vt 0.926008 0.337749
vt 0.922945 0.339634
vt 0.942219 0.376473
vt 0.938743 0.377373
vt 0.946823 0.418045
vt 0.943251 0.417966
vt 0.940418 0.459052
vt 0.937024 0.458076
vt 0.924283 0.496616
vt 0.921285 0.494858
vt 0.89979 0.528415
vt 0.897391 0.525994
vt 0.868308 0.552144
vt 0.866705 0.549203
vt 0.831913 0.565461
vt 0.831268 0.562218
vt 0.793475 0.567095
vt 0.793889 0.563683
vt 0.753341 0.555661
vt 0.754912 0.552119
vt 0.705146 0.537143
vt 0.670069 0.490999
vt 0.695319 0.480099
vt 0.722482 0.517714
vt 0.659394 0.435666
vt 0.663016 0.435595
vt 0.686383 0.435081
vt 0.683018 0.435156
vt 0.66802 0.38115
vt 0.671385 0.382235
vt 0.693319 0.389209
vt 0.690125 0.388211
vt 0.692334 0.333785
vt 0.695117 0.335775
vt 0.713349 0.348638
vt 0.710676 0.346784
vt 0.728379 0.297011
vt 0.730359 0.299655
vt 0.743403 0.316778
vt 0.741481 0.314306
vt 0.772449 0.273931
vt 0.773454 0.276951
vt 0.780144 0.296504
vt 0.779145 0.293683
vt 0.819862 0.266693
vt 0.819813 0.269763
vt 0.819629 0.289653
vt 0.819631 0.286783
vt 0.865482 0.275503
vt 0.864431 0.278305
vt 0.857689 0.296467
vt 0.858649 0.293842
vt 0.904712 0.298619
vt 0.902818 0.300881
vt 0.890548 0.315571
vt 0.892321 0.313443
vt 0.933945 0.332861
vt 0.931449 0.334397
vt 0.915184 0.344412
vt 0.917552 0.342957
vt 0.951209 0.374145
vt 0.948385 0.374876
vt 0.929892 0.379664
vt 0.932599 0.378964
vt 0.95604 0.418255
vt 0.953147 0.418188
vt 0.934118 0.417772
vt 0.936918 0.417831
vt 0.949167 0.46158
vt 0.946422 0.460786
vt 0.928311 0.455594
vt 0.930988 0.456352
vt 0.931998 0.501162
vt 0.929578 0.499733
vt 0.913584 0.490378
vt 0.915953 0.491748
vt 0.905975 0.534683
vt 0.904035 0.532713
vt 0.891231 0.519828
vt 0.893124 0.521713
vt 0.872441 0.55976
vt 0.871144 0.557367
vt 0.8626 0.54174
vt 0.863861 0.544016
vt 0.833598 0.573866
vt 0.833067 0.571224
vt 0.829642 0.554011
vt 0.830137 0.55651
vt 0.792479 0.575948
vt 0.792784 0.573166
vt 0.79508 0.555089
vt 0.794691 0.557697
vt 0.749449 0.564895
vt 0.750652 0.561982
vt 0.759202 0.543243
vt 0.757839 0.545932
vt 0.666945 0.435515
vt 0.679209 0.435242
vt 0.675045 0.383412
vt 0.686526 0.387078
vt 0.698144 0.337935
vt 0.707672 0.344685
vt 0.732518 0.302525
vt 0.739326 0.311508
vt 0.774552 0.28023
vt 0.778032 0.29049
vt 0.819762 0.273098
vt 0.819645 0.283534
vt 0.863289 0.281346
vt 0.859741 0.290874
vt 0.900761 0.303337
vt 0.894325 0.311039
vt 0.928735 0.336067
vt 0.92022 0.341314
vt 0.945311 0.375671
vt 0.935644 0.378177
vt 0.949996 0.418117
vt 0.94006 0.417897
vt 0.943432 0.459921
vt 0.933985 0.457206
vt 0.926938 0.49818
vt 0.918602 0.493288
vt 0.90192 0.530572
vt 0.895243 0.523832
vt 0.86973 0.554764
vt 0.865273 0.546582
vt 0.83249 0.568351
vt 0.830697 0.559332
vt 0.793125 0.570139
vt 0.794278 0.560652
vt 0.751981 0.558826
vt 0.756359 0.548983
usemtl PotSG
f 763/899/783 764/900/784 765/901/785
f 764/900/784 766/902/786 765/901/785
f 766/902/786 767/903/787 765/901/785
f 767/903/787 768/904/788 765/901/785
f 768/904/788 769/905/789 765/901/785
f 769/905/789 770/906/790 765/901/785
f 770/906/790 771/907/791 765/901/785
f 771/907/791 772/908/792 765/901/785
f 765/901/785 772/908/792 773/909/793
f 772/908/792 774/910/794 773/909/793
f 774/910/794 775/911/795 773/909/793
f 775/911/795 776/912/796 773/909/793
f 776/912/796 777/913/797 773/909/793
f 777/913/797 778/914/798 773/909/793
f 778/914/798 779/915/799 773/909/793
f 779/915/799 780/916/800 773/909/793
f 780/916/800 781/917/801 773/909/793
f 781/917/801 782/918/802 773/909/793
f 783/919/803 784/920/804 785/921/805
f 785/921/805 784/920/804 786/922/806
f 787/923/807 783/919/803 788/924/808
f 788/924/808 783/919/803 785/921/805
f 763/899/783 789/925/809 764/900/784
f 764/900/784 789/925/809 790/926/810
f 789/925/809 787/927/807 790/926/810
f 790/926/810 787/927/807 788/928/808
f 784/920/804 783/919/803 791/929/811
f 791/929/811 783/919/803 792/930/812
f 783/919/803 787/923/807 792/930/812
f 792/930/812 787/923/807 793/931/813
f 787/927/807 789/925/809 793/932/813
f 793/932/813 789/925/809 794/933/814
f 789/925/809 763/899/783 794/933/814
f 794/933/814 763/899/783 765/901/785
f 791/929/811 792/930/812 795/934/815
f 795/934/815 792/930/812 796/935/816
f 792/930/812 793/931/813 796/935/816
f 796/935/816 793/931/813 797/936/817
f 793/932/813 794/933/814 797/937/817
f 797/937/817 794/933/814 798/938/818
f 794/933/814 765/901/785 798/938/818
f 798/938/818 765/901/785 773/909/793
f 795/934/815 796/935/816 799/939/819
f 799/939/819 796/935/816 800/940/820
f 796/935/816 797/936/817 800/940/820
f 800/940/820 797/936/817 801/941/821
f 797/937/817 798/938/818 801/942/821
f 801/942/821 798/938/818 802/943/822
f 798/938/818 773/909/793 802/943/822
f 802/943/822 773/909/793 782/918/802
f 799/939/819 800/940/820 803/944/823
f 803/944/823 800/940/820 804/945/824
f 800/940/820 801/941/821 804/945/824
f 804/945/824 801/941/821 805/946/825
f 801/942/821 802/943/822 805/947/825
f 805/947/825 802/943/822 806/948/826
f 802/943/822 782/918/802 806/948/826
f 806/948/826 782/918/802 781/917/801
f 803/944/823 804/945/824 807/949/827
f 807/949/827 804/945/824 808/950/828
f 804/945/824 805/946/825 808/950/828
f 808/950/828 805/946/825 809/951/829
f 805/947/825 806/948/826 809/952/829
f 809/952/829 806/948/826 810/953/830
f 806/948/826 781/917/801 810/953/830
f 810/953/830 781/917/801 780/916/800
f 807/949/827 808/950/828 811/954/831
f 811/954/831 808/950/828 812/955/832
f 808/950/828 809/951/829 812/955/832
f 812/955/832 809/951/829 813/956/833
f 809/952/829 810/953/830 813/957/833
f 813/957/833 810/953/830 814/958/834
f 810/953/830 780/916/800 814/958/834
f 814/958/834 780/916/800 779/915/799
f 811/954/831 812/955/832 815/959/835
f 815/959/835 812/955/832 816/960/836
f 812/955/832 813/956/833 816/960/836
f 816/960/836 813/956/833 817/961/837
f 813/957/833 814/958/834 817/962/837
f 817/962/837 814/958/834 818/963/838
f 814/958/834 779/915/799 818/963/838
f 818/963/838 779/915/799 778/914/798
f 815/964/835 816/965/836 819/966/839
f 819/966/839 816/965/836 820/967/840
f 816/965/836 817/968/837 820/967/840
f 820/967/840 817/968/837 821/969/841
f 817/962/837 818/963/838 821/970/841
f 821/970/841 818/963/838 822/971/842
f 818/963/838 778/914/798 822/971/842
f 822/971/842 778/914/798 777/913/797
f 819/966/839 820/967/840 823/972/843
f 823/972/843 820/967/840 824/973/844
f 820/967/840 821/969/841 824/973/844
f 824/973/844 821/969/841 825/974/845
f 821/970/841 822/971/842 825/975/845
f 825/975/845 822/971/842 826/976/846
f 822/971/842 777/913/797 826/976/846
f 826/976/846 777/913/797 776/912/796
f 823/972/843 824/973/844 827/977/847
f 827/977/847 824/973/844 828/978/848
f 824/973/844 825/974/845 828/978/848
f 828/978/848 825/974/845 829/979/849
f 825/975/845 826/976/846 829/980/849
f 829/980/849 826/976/846 830/981/850
f 826/976/846 776/912/796 830/981/850
f 830/981/850 776/912/796 775/911/795
f 827/977/847 828/978/848 831/982/851
f 831/982/851 828/978/848 832/983/852
f 828/978/848 829/979/849 832/983/852
f 832/983/852 829/979/849 833/984/853
f 829/980/849 830/981/850 833/985/853
f 833/985/853 830/981/850 834/986/854
f 830/981/850 775/911/795 834/986/854
f 834/986/854 775/911/795 774/910/794
f 831/982/851 832/983/852 835/987/855
f 835/987/855 832/983/852 836/988/856
f 832/983/852 833/984/853 836/988/856
f 836/988/856 833/984/853 837/989/857
f 833/985/853 834/986/854 837/990/857
f 837/990/857 834/986/854 838/991/858
f 834/986/854 774/910/794 838/991/858
f 838/991/858 774/910/794 772/908/792
f 835/987/855 836/988/856 839/992/859
f 839/992/859 836/988/856 840/993/860
f 836/988/856 837/989/857 840/993/860
f 840/993/860 837/989/857 841/994/861
f 837/990/857 838/991/858 841/995/861
f 841/995/861 838/991/858 842/996/862
f 838/991/858 772/908/792 842/996/862
f 842/996/862 772/908/792 771/907/791
f 839/992/859 840/993/860 843/997/863
f 843/997/863 840/993/860 844/998/864
f 840/993/860 841/994/861 844/998/864
f 844/998/864 841/994/861 845/999/865
f 841/995/861 842/996/862 845/1000/865
f 845/1000/865 842/996/862 846/1001/866
f 842/996/862 771/907/791 846/1001/866
f 846/1001/866 771/907/791 770/906/790
f 843/997/863 844/998/864 847/1002/867
f 847/1002/867 844/998/864 848/1003/868
f 844/998/864 845/999/865 848/1003/868
f 848/1003/868 845/999/865 849/1004/869
f 845/1000/865 846/1001/866 849/1005/869
f 849/1005/869 846/1001/866 850/1006/870
f 846/1001/866 770/906/790 850/1006/870
f 850/1006/870 770/906/790 769/905/789
f 847/1002/867 848/1003/868 851/1007/871
f 851/1007/871 848/1003/868 852/1008/872
f 848/1003/868 849/1004/869 852/1008/872
f 852/1008/872 849/1004/869 853/1009/873
f 849/1005/869 850/1006/870 853/1010/873
f 853/1010/873 850/1006/870 854/1011/874
f 850/1006/870 769/905/789 854/1011/874
f 854/1011/874 769/905/789 768/904/788
f 851/1007/871 852/1008/872 855/1012/875
f 855/1012/875 852/1008/872 856/1013/876
f 852/1008/872 853/1009/873 856/1013/876
f 856/1013/876 853/1009/873 857/1014/877
f 853/1010/873 854/1011/874 857/1015/877
f 857/1015/877 854/1011/874 858/1016/878
f 854/1011/874 768/904/788 858/1016/878
f 858/1016/878 768/904/788 767/903/787
f 855/1017/875 856/1018/876 859/1019/879
f 859/1019/879 856/1018/876 860/1020/880
f 856/1018/876 857/1021/877 860/1020/880
f 860/1020/880 857/1021/877 861/1022/881
f 857/1015/877 858/1016/878 861/1023/881
f 861/1023/881 858/1016/878 862/1024/882
f 858/1016/878 767/903/787 862/1024/882
f 862/1024/882 767/903/787 766/902/786
f 859/1019/879 860/1020/880 786/922/806
f 786/922/806 860/1020/880 785/921/805
f 860/1020/880 861/1022/881 785/921/805
f 785/921/805 861/1022/881 788/924/808
f 861/1023/881 862/1024/882 788/928/808
f 788/928/808 862/1024/882 790/926/810
f 862/1024/882 766/902/786 790/926/810
f 790/926/810 766/902/786 764/900/784
f 784/920/804 791/929/811 863/1025/883
f 863/1025/883 791/929/811 864/1026/884
f 791/929/811 795/934/815 864/1026/884
f 864/1026/884 795/934/815 865/1027/885
f 795/934/815 799/939/819 865/1027/885
f 865/1027/885 799/939/819 866/1028/886
f 799/939/819 803/944/823 866/1028/886
f 866/1028/886 803/944/823 867/1029/887
f 803/944/823 807/949/827 867/1029/887
f 867/1029/887 807/949/827 868/1030/888
f 807/949/827 811/954/831 868/1030/888
f 868/1030/888 811/954/831 869/1031/889
f 811/954/831 815/959/835 869/1031/889
f 869/1031/889 815/959/835 870/1032/890
f 815/964/835 819/966/839 870/1033/890
f 870/1033/890 819/966/839 871/1034/891
f 819/966/839 823/972/843 871/1034/891
f 871/1034/891 823/972/843 872/1035/892
f 823/972/843 827/977/847 872/1035/892
f 872/1035/892 827/977/847 873/1036/893
f 827/977/847 831/982/851 873/1036/893
f 873/1036/893 831/982/851 874/1037/894
f 831/982/851 835/987/855 874/1037/894
f 874/1037/894 835/987/855 875/1038/895
f 835/987/855 839/992/859 875/1038/895
f 875/1038/895 839/992/859 876/1039/896
f 839/992/859 843/997/863 876/1039/896
f 876/1039/896 843/997/863 877/1040/897
f 843/997/863 847/1002/867 877/1040/897
f 877/1040/897 847/1002/867 878/1041/898
f 847/1002/867 851/1007/871 878/1041/898
f 878/1041/898 851/1007/871 879/1042/899
f 851/1007/871 855/1012/875 879/1042/899
f 879/1042/899 855/1012/875 880/1043/900
f 855/1017/875 859/1019/879 880/1044/900
f 880/1044/900 859/1019/879 881/1045/901
f 859/1019/879 786/922/806 881/1045/901
f 881/1045/901 786/922/806 882/1046/902
f 786/922/806 784/920/804 882/1046/902
f 882/1046/902 784/920/804 863/1025/883
f 883/1047/903 863/1025/883 884/1048/904
f 884/1048/904 863/1025/883 864/1026/884
f 885/1049/905 886/1050/906 887/1051/907
f 887/1051/907 886/1050/906 888/1052/908
f 886/1050/906 883/1047/903 888/1052/908
f 888/1052/908 883/1047/903 884/1048/904
f 884/1048/904 864/1026/884 889/1053/909
f 889/1053/909 864/1026/884 865/1027/885
f 887/1051/907 888/1052/908 890/1054/910
f 890/1054/910 888/1052/908 891/1055/911
f 888/1052/908 884/1048/904 891/1055/911
f 891/1055/911 884/1048/904 889/1053/909
f 889/1053/909 865/1027/885 892/1056/912
f 892/1056/912 865/1027/885 866/1028/886
f 890/1054/910 891/1055/911 893/1057/913
f 893/1057/913 891/1055/911 894/1058/914
f 891/1055/911 889/1053/909 894/1058/914
f 894/1058/914 889/1053/909 892/1056/912
f 892/1056/912 866/1028/886 895/1059/915
f 895/1059/915 866/1028/886 867/1029/887
f 893/1057/913 894/1058/914 896/1060/916
f 896/1060/916 894/1058/914 897/1061/917
f 894/1058/914 892/1056/912 897/1061/917
f 897/1061/917 892/1056/912 895/1059/915
f 895/1059/915 867/1029/887 898/1062/918
f 898/1062/918 867/1029/887 868/1030/888
f 896/1060/916 897/1061/917 899/1063/919
f 899/1063/919 897/1061/917 900/1064/920
f 897/1061/917 895/1059/915 900/1064/920
f 900/1064/920 895/1059/915 898/1062/918
f 898/1062/918 868/1030/888 901/1065/921
f 901/1065/921 868/1030/888 869/1031/889
f 899/1063/919 900/1064/920 902/1066/922
f 902/1066/922 900/1064/920 903/1067/923
f 900/1064/920 898/1062/918 903/1067/923
f 903/1067/923 898/1062/918 901/1065/921
f 901/1065/921 869/1031/889 904/1068/924
f 904/1068/924 869/1031/889 870/1032/890
f 902/1066/922 903/1067/923 905/1069/925
f 905/1069/925 903/1067/923 906/1070/926
f 903/1067/923 901/1065/921 906/1070/926
f 906/1070/926 901/1065/921 904/1068/924
f 904/1071/924 870/1033/890 907/1072/927
f 907/1072/927 870/1033/890 871/1034/891
f 905/1073/925 906/1074/926 908/1075/928
f 908/1075/928 906/1074/926 909/1076/929
f 906/1074/926 904/1071/924 909/1076/929
f 909/1076/929 904/1071/924 907/1072/927
f 907/1072/927 871/1034/891 910/1077/930
f 910/1077/930 871/1034/891 872/1035/892
f 908/1075/928 909/1076/929 911/1078/931
f 911/1078/931 909/1076/929 912/1079/932
f 909/1076/929 907/1072/927 912/1079/932
f 912/1079/932 907/1072/927 910/1077/930
f 910/1077/930 872/1035/892 913/1080/933
f 913/1080/933 872/1035/892 873/1036/893
f 911/1078/931 912/1079/932 914/1081/934
f 914/1081/934 912/1079/932 915/1082/935
f 912/1079/932 910/1077/930 915/1082/935
f 915/1082/935 910/1077/930 913/1080/933
f 913/1080/933 873/1036/893 916/1083/936
f 916/1083/936 873/1036/893 874/1037/894
f 914/1081/934 915/1082/935 917/1084/937
f 917/1084/937 915/1082/935 918/1085/938
f 915/1082/935 913/1080/933 918/1085/938
f 918/1085/938 913/1080/933 916/1083/936
f 916/1083/936 874/1037/894 919/1086/939
f 919/1086/939 874/1037/894 875/1038/895
f 917/1084/937 918/1085/938 920/1087/940
f 920/1087/940 918/1085/938 921/1088/941
f 918/1085/938 916/1083/936 921/1088/941
f 921/1088/941 916/1083/936 919/1086/939
f 919/1086/939 875/1038/895 922/1089/942
f 922/1089/942 875/1038/895 876/1039/896
f 920/1087/940 921/1088/941 923/1090/943
f 923/1090/943 921/1088/941 924/1091/944
f 921/1088/941 919/1086/939 924/1091/944
f 924/1091/944 919/1086/939 922/1089/942
f 922/1089/942 876/1039/896 925/1092/945
f 925/1092/945 876/1039/896 877/1040/897
f 923/1090/943 924/1091/944 926/1093/946
f 926/1093/946 924/1091/944 927/1094/947
f 924/1091/944 922/1089/942 927/1094/947
f 927/1094/947 922/1089/942 925/1092/945
f 925/1092/945 877/1040/897 928/1095/948
f 928/1095/948 877/1040/897 878/1041/898
f 926/1093/946 927/1094/947 929/1096/949
f 929/1096/949 927/1094/947 930/1097/950
f 927/1094/947 925/1092/945 930/1097/950
f 930/1097/950 925/1092/945 928/1095/948
f 928/1095/948 878/1041/898 931/1098/951
f 931/1098/951 878/1041/898 879/1042/899
f 929/1096/949 930/1097/950 932/1099/952
f 932/1099/952 930/1097/950 933/1100/953
f 930/1097/950 928/1095/948 933/1100/953
f 933/1100/953 928/1095/948 931/1098/951
f 931/1098/951 879/1042/899 934/1101/954
f 934/1101/954 879/1042/899 880/1043/900
f 932/1099/952 933/1100/953 935/1102/955
f 935/1102/955 933/1100/953 936/1103/956
f 933/1100/953 931/1098/951 936/1103/956
f 936/1103/956 931/1098/951 934/1101/954
f 934/1104/954 880/1044/900 937/1105/957
f 937/1105/957 880/1044/900 881/1045/901
f 935/1106/955 936/1107/956 938/1108/958
f 938/1108/958 936/1107/956 939/1109/959
f 936/1107/956 934/1104/954 939/1109/959
f 939/1109/959 934/1104/954 937/1105/957
f 937/1105/957 881/1045/901 940/1110/960
f 940/1110/960 881/1045/901 882/1046/902
f 938/1108/958 939/1109/959 941/1111/961
f 941/1111/961 939/1109/959 942/1112/962
f 939/1109/959 937/1105/957 942/1112/962
f 942/1112/962 937/1105/957 940/1110/960
f 863/1025/883 883/1047/903 882/1046/902
f 882/1046/902 883/1047/903 940/1110/960
f 883/1047/903 886/1050/906 940/1110/960
f 940/1110/960 886/1050/906 942/1112/962
f 886/1050/906 885/1049/905 942/1112/962
f 942/1112/962 885/1049/905 941/1111/961
f 943/1113/963 944/1114/964 945/1115/965
f 945/1115/965 944/1114/964 946/1116/966
f 944/1114/964 947/1117/967 946/1116/966
f 946/1116/966 947/1117/967 948/1118/968
f 949/1119/969 950/1120/970 951/1121/971
f 951/1121/971 950/1120/970 952/1122/972
f 950/1120/970 953/1123/973 952/1122/972
f 952/1122/972 953/1123/973 954/1124/974
f 948/1118/968 947/1117/967 951/1121/971
f 951/1121/971 947/1117/967 949/1119/969
f 947/1117/967 955/1125/975 949/1119/969
f 949/1119/969 955/1125/975 956/1126/976
f 955/1125/975 957/1127/977 956/1126/976
f 956/1126/976 957/1127/977 958/1128/978
f 957/1127/977 959/1129/979 958/1128/978
f 958/1128/978 959/1129/979 960/1130/980
f 959/1129/979 961/1131/981 960/1130/980
f 960/1130/980 961/1131/981 962/1132/982
f 961/1131/981 963/1133/983 962/1132/982
f 962/1132/982 963/1133/983 964/1134/984
f 963/1133/983 965/1135/985 964/1134/984
f 964/1134/984 965/1135/985 966/1136/986
f 965/1135/985 967/1137/987 966/1136/986
f 966/1136/986 967/1137/987 968/1138/988
f 967/1137/987 969/1139/989 968/1138/988
f 968/1138/988 969/1139/989 970/1140/990
f 969/1139/989 971/1141/991 970/1140/990
f 970/1140/990 971/1141/991 972/1142/992
f 971/1141/991 973/1143/993 972/1142/992
f 972/1142/992 973/1143/993 974/1144/994
f 973/1143/993 975/1145/995 974/1144/994
f 974/1144/994 975/1145/995 976/1146/996
f 975/1145/995 977/1147/997 976/1146/996
f 976/1146/996 977/1147/997 978/1148/998
f 977/1147/997 979/1149/999 978/1148/998
f 978/1148/998 979/1149/999 980/1150/1000
f 979/1149/999 981/1151/1001 980/1150/1000
f 980/1150/1000 981/1151/1001 982/1152/1002
f 981/1151/1001 983/1153/1003 982/1152/1002
f 982/1152/1002 983/1153/1003 984/1154/1004
f 983/1153/1003 985/1155/1005 984/1154/1004
f 984/1154/1004 985/1155/1005 986/1156/1006
f 985/1155/1005 987/1157/1007 986/1156/1006
f 986/1156/1006 987/1157/1007 988/1158/1008
f 987/1157/1007 989/1159/1009 988/1158/1008
f 988/1158/1008 989/1159/1009 990/1160/1010
f 989/1159/1009 948/1118/968 990/1160/1010
f 990/1160/1010 948/1118/968 951/1121/971
f 885/1161/905 887/1162/907 945/1115/965
f 945/1115/965 887/1162/907 943/1113/963
f 991/1163/1011 992/1164/1012 953/1123/973
f 953/1123/973 992/1164/1012 954/1124/974
f 887/1162/907 890/1165/910 943/1113/963
f 943/1113/963 890/1165/910 993/1166/1013
f 994/1167/1014 991/1163/1011 995/1168/1015
f 995/1168/1015 991/1163/1011 953/1123/973
f 890/1165/910 893/1169/913 993/1166/1013
f 993/1166/1013 893/1169/913 996/1170/1016
f 997/1171/1017 994/1167/1014 998/1172/1018
f 998/1172/1018 994/1167/1014 995/1168/1015
f 893/1169/913 896/1173/916 996/1170/1016
f 996/1170/1016 896/1173/916 999/1174/1019
f 1000/1175/1020 997/1171/1017 1001/1176/1021
f 1001/1176/1021 997/1171/1017 998/1172/1018
f 896/1173/916 899/1177/919 999/1174/1019
f 999/1174/1019 899/1177/919 1002/1178/1022
f 1003/1179/1023 1000/1175/1020 1004/1180/1024
f 1004/1180/1024 1000/1175/1020 1001/1176/1021
f 899/1177/919 902/1181/922 1002/1178/1022
f 1002/1178/1022 902/1181/922 1005/1182/1025
f 1006/1183/1026 1003/1179/1023 1007/1184/1027
f 1007/1184/1027 1003/1179/1023 1004/1180/1024
f 902/1181/922 905/1185/925 1005/1182/1025
f 1005/1182/1025 905/1185/925 1008/1186/1028
f 1009/1187/1029 1006/1183/1026 1010/1188/1030
f 1010/1188/1030 1006/1183/1026 1007/1184/1027
f 905/1185/925 908/1189/928 1008/1186/1028
f 1008/1186/1028 908/1189/928 1011/1190/1031
f 1012/1191/1032 1009/1187/1029 1013/1192/1033
f 1013/1192/1033 1009/1187/1029 1010/1188/1030
f 908/1189/928 911/1193/931 1011/1190/1031
f 1011/1190/1031 911/1193/931 1014/1194/1034
f 1015/1195/1035 1012/1191/1032 1016/1196/1036
f 1016/1196/1036 1012/1191/1032 1013/1192/1033
f 911/1193/931 914/1197/934 1014/1194/1034
f 1014/1194/1034 914/1197/934 1017/1198/1037
f 1018/1199/1038 1015/1195/1035 1019/1200/1039
f 1019/1200/1039 1015/1195/1035 1016/1196/1036
f 914/1197/934 917/1201/937 1017/1198/1037
f 1017/1198/1037 917/1201/937 1020/1202/1040
f 1021/1203/1041 1018/1199/1038 1022/1204/1042
f 1022/1204/1042 1018/1199/1038 1019/1200/1039
f 917/1201/937 920/1205/940 1020/1202/1040
f 1020/1202/1040 920/1205/940 1023/1206/1043
f 1024/1207/1044 1021/1203/1041 1025/1208/1045
f 1025/1208/1045 1021/1203/1041 1022/1204/1042
f 920/1205/940 923/1209/943 1023/1206/1043
f 1023/1206/1043 923/1209/943 1026/1210/1046
f 1027/1211/1047 1024/1207/1044 1028/1212/1048
f 1028/1212/1048 1024/1207/1044 1025/1208/1045
f 923/1209/943 926/1213/946 1026/1210/1046
f 1026/1210/1046 926/1213/946 1029/1214/1049
f 1030/1215/1050 1027/1211/1047 1031/1216/1051
f 1031/1216/1051 1027/1211/1047 1028/1212/1048
f 926/1213/946 929/1217/949 1029/1214/1049
f 1029/1214/1049 929/1217/949 1032/1218/1052
f 1033/1219/1053 1030/1215/1050 1034/1220/1054
f 1034/1220/1054 1030/1215/1050 1031/1216/1051
f 929/1217/949 932/1221/952 1032/1218/1052
f 1032/1218/1052 932/1221/952 1035/1222/1055
f 1036/1223/1056 1033/1219/1053 1037/1224/1057
f 1037/1224/1057 1033/1219/1053 1034/1220/1054
f 932/1221/952 935/1225/955 1035/1222/1055
f 1035/1222/1055 935/1225/955 1038/1226/1058
f 1039/1227/1059 1036/1223/1056 1040/1228/1060
f 1040/1228/1060 1036/1223/1056 1037/1224/1057
f 935/1225/955 938/1229/958 1038/1226/1058
f 1038/1226/1058 938/1229/958 1041/1230/1061
f 1042/1231/1062 1039/1227/1059 1043/1232/1063
f 1043/1232/1063 1039/1227/1059 1040/1228/1060
f 938/1229/958 941/1233/961 1041/1230/1061
f 1041/1230/1061 941/1233/961 1044/1234/1064
f 1045/1235/1065 1042/1231/1062 1046/1236/1066
f 1046/1236/1066 1042/1231/1062 1043/1232/1063
f 941/1233/961 885/1161/905 1044/1234/1064
f 1044/1234/1064 885/1161/905 945/1115/965
f 992/1164/1012 1045/1235/1065 954/1124/974
f 954/1124/974 1045/1235/1065 1046/1236/1066
f 947/1117/967 944/1114/964 955/1125/975
f 955/1125/975 944/1114/964 1047/1237/1067
f 944/1114/964 943/1113/963 1047/1237/1067
f 1047/1237/1067 943/1113/963 993/1166/1013
f 953/1123/973 950/1120/970 995/1168/1015
f 995/1168/1015 950/1120/970 1048/1238/1068
f 950/1120/970 949/1119/969 1048/1238/1068
f 1048/1238/1068 949/1119/969 956/1126/976
f 955/1125/975 1047/1237/1067 957/1127/977
f 957/1127/977 1047/1237/1067 1049/1239/1069
f 1047/1237/1067 993/1166/1013 1049/1239/1069
f 1049/1239/1069 993/1166/1013 996/1170/1016
f 995/1168/1015 1048/1238/1068 998/1172/1018
f 998/1172/1018 1048/1238/1068 1050/1240/1070
f 1048/1238/1068 956/1126/976 1050/1240/1070
f 1050/1240/1070 956/1126/976 958/1128/978
f 957/1127/977 1049/1239/1069 959/1129/979
f 959/1129/979 1049/1239/1069 1051/1241/1071
f 1049/1239/1069 996/1170/1016 1051/1241/1071
f 1051/1241/1071 996/1170/1016 999/1174/1019
f 998/1172/1018 1050/1240/1070 1001/1176/1021
f 1001/1176/1021 1050/1240/1070 1052/1242/1072
f 1050/1240/1070 958/1128/978 1052/1242/1072
f 1052/1242/1072 958/1128/978 960/1130/980
f 959/1129/979 1051/1241/1071 961/1131/981
f 961/1131/981 1051/1241/1071 1053/1243/1073
f 1051/1241/1071 999/1174/1019 1053/1243/1073
f 1053/1243/1073 999/1174/1019 1002/1178/1022
f 1001/1176/1021 1052/1242/1072 1004/1180/1024
f 1004/1180/1024 1052/1242/1072 1054/1244/1074
f 1052/1242/1072 960/1130/980 1054/1244/1074
f 1054/1244/1074 960/1130/980 962/1132/982
f 961/1131/981 1053/1243/1073 963/1133/983
f 963/1133/983 1053/1243/1073 1055/1245/1075
f 1053/1243/1073 1002/1178/1022 1055/1245/1075
f 1055/1245/1075 1002/1178/1022 1005/1182/1025
f 1004/1180/1024 1054/1244/1074 1007/1184/1027
f 1007/1184/1027 1054/1244/1074 1056/1246/1076
f 1054/1244/1074 962/1132/982 1056/1246/1076
f 1056/1246/1076 962/1132/982 964/1134/984
f 963/1133/983 1055/1245/1075 965/1135/985
f 965/1135/985 1055/1245/1075 1057/1247/1077
f 1055/1245/1075 1005/1182/1025 1057/1247/1077
f 1057/1247/1077 1005/1182/1025 1008/1186/1028
f 1007/1184/1027 1056/1246/1076 1010/1188/1030
f 1010/1188/1030 1056/1246/1076 1058/1248/1078
f 1056/1246/1076 964/1134/984 1058/1248/1078
f 1058/1248/1078 964/1134/984 966/1136/986
f 965/1135/985 1057/1247/1077 967/1137/987
f 967/1137/987 1057/1247/1077 1059/1249/1079
f 1057/1247/1077 1008/1186/1028 1059/1249/1079
f 1059/1249/1079 1008/1186/1028 1011/1190/1031
f 1010/1188/1030 1058/1248/1078 1013/1192/1033
f 1013/1192/1033 1058/1248/1078 1060/1250/1080
f 1058/1248/1078 966/1136/986 1060/1250/1080
f 1060/1250/1080 966/1136/986 968/1138/988
f 967/1137/987 1059/1249/1079 969/1139/989
f 969/1139/989 1059/1249/1079 1061/1251/1081
f 1059/1249/1079 1011/1190/1031 1061/1251/1081
f 1061/1251/1081 1011/1190/1031 1014/1194/1034
f 1013/1192/1033 1060/1250/1080 1016/1196/1036
f 1016/1196/1036 1060/1250/1080 1062/1252/1082
f 1060/1250/1080 968/1138/988 1062/1252/1082
f 1062/1252/1082 968/1138/988 970/1140/990
f 969/1139/989 1061/1251/1081 971/1141/991
f 971/1141/991 1061/1251/1081 1063/1253/1083
f 1061/1251/1081 1014/1194/1034 1063/1253/1083
f 1063/1253/1083 1014/1194/1034 1017/1198/1037
f 1016/1196/1036 1062/1252/1082 1019/1200/1039
f 1019/1200/1039 1062/1252/1082 1064/1254/1084
f 1062/1252/1082 970/1140/990 1064/1254/1084
f 1064/1254/1084 970/1140/990 972/1142/992
f 971/1141/991 1063/1253/1083 973/1143/993
f 973/1143/993 1063/1253/1083 1065/1255/1085
f 1063/1253/1083 1017/1198/1037 1065/1255/1085
f 1065/1255/1085 1017/1198/1037 1020/1202/1040
f 1019/1200/1039 1064/1254/1084 1022/1204/1042
f 1022/1204/1042 1064/1254/1084 1066/1256/1086
f 1064/1254/1084 972/1142/992 1066/1256/1086
f 1066/1256/1086 972/1142/992 974/1144/994
f 973/1143/993 1065/1255/1085 975/1145/995
f 975/1145/995 1065/1255/1085 1067/1257/1087
f 1065/1255/1085 1020/1202/1040 1067/1257/1087
f 1067/1257/1087 1020/1202/1040 1023/1206/1043
f 1022/1204/1042 1066/1256/1086 1025/1208/1045
f 1025/1208/1045 1066/1256/1086 1068/1258/1088
f 1066/1256/1086 974/1144/994 1068/1258/1088
f 1068/1258/1088 974/1144/994 976/1146/996
f 975/1145/995 1067/1257/1087 977/1147/997
f 977/1147/997 1067/1257/1087 1069/1259/1089
f 1067/1257/1087 1023/1206/1043 1069/1259/1089
f 1069/1259/1089 1023/1206/1043 1026/1210/1046
f 1025/1208/1045 1068/1258/1088 1028/1212/1048
f 1028/1212/1048 1068/1258/1088 1070/1260/1090
f 1068/1258/1088 976/1146/996 1070/1260/1090
f 1070/1260/1090 976/1146/996 978/1148/998
f 977/1147/997 1069/1259/1089 979/1149/999
f 979/1149/999 1069/1259/1089 1071/1261/1091
f 1069/1259/1089 1026/1210/1046 1071/1261/1091
f 1071/1261/1091 1026/1210/1046 1029/1214/1049
f 1028/1212/1048 1070/1260/1090 1031/1216/1051
f 1031/1216/1051 1070/1260/1090 1072/1262/1092
f 1070/1260/1090 978/1148/998 1072/1262/1092
f 1072/1262/1092 978/1148/998 980/1150/1000
f 979/1149/999 1071/1261/1091 981/1151/1001
f 981/1151/1001 1071/1261/1091 1073/1263/1093
f 1071/1261/1091 1029/1214/1049 1073/1263/1093
f 1073/1263/1093 1029/1214/1049 1032/1218/1052
f 1031/1216/1051 1072/1262/1092 1034/1220/1054
f 1034/1220/1054 1072/1262/1092 1074/1264/1094
f 1072/1262/1092 980/1150/1000 1074/1264/1094
f 1074/1264/1094 980/1150/1000 982/1152/1002
f 981/1151/1001 1073/1263/1093 983/1153/1003
f 983/1153/1003 1073/1263/1093 1075/1265/1095
f 1073/1263/1093 1032/1218/1052 1075/1265/1095
f 1075/1265/1095 1032/1218/1052 1035/1222/1055
f 1034/1220/1054 1074/1264/1094 1037/1224/1057
f 1037/1224/1057 1074/1264/1094 1076/1266/1096
f 1074/1264/1094 982/1152/1002 1076/1266/1096
f 1076/1266/1096 982/1152/1002 984/1154/1004
f 983/1153/1003 1075/1265/1095 985/1155/1005
f 985/1155/1005 1075/1265/1095 1077/1267/1097
f 1075/1265/1095 1035/1222/1055 1077/1267/1097
f 1077/1267/1097 1035/1222/1055 1038/1226/1058
f 1037/1224/1057 1076/1266/1096 1040/1228/1060
f 1040/1228/1060 1076/1266/1096 1078/1268/1098
f 1076/1266/1096 984/1154/1004 1078/1268/1098
f 1078/1268/1098 984/1154/1004 986/1156/1006
f 985/1155/1005 1077/1267/1097 987/1157/1007
f 987/1157/1007 1077/1267/1097 1079/1269/1099
f 1077/1267/1097 1038/1226/1058 1079/1269/1099
f 1079/1269/1099 1038/1226/1058 1041/1230/1061
f 1040/1228/1060 1078/1268/1098 1043/1232/1063
f 1043/1232/1063 1078/1268/1098 1080/1270/1100
f 1078/1268/1098 986/1156/1006 1080/1270/1100
f 1080/1270/1100 986/1156/1006 988/1158/1008
f 987/1157/1007 1079/1269/1099 989/1159/1009
f 989/1159/1009 1079/1269/1099 1081/1271/1101
f 1079/1269/1099 1041/1230/1061 1081/1271/1101
f 1081/1271/1101 1041/1230/1061 1044/1234/1064
f 1043/1232/1063 1080/1270/1100 1046/1236/1066
f 1046/1236/1066 1080/1270/1100 1082/1272/1102
f 1080/1270/1100 988/1158/1008 1082/1272/1102
f 1082/1272/1102 988/1158/1008 990/1160/1010
f 945/1115/965 946/1116/966 1044/1234/1064
f 1044/1234/1064 946/1116/966 1081/1271/1101
f 946/1116/966 948/1118/968 1081/1271/1101
f 1081/1271/1101 948/1118/968 989/1159/1009
f 951/1121/971 952/1122/972 990/1160/1010
f 990/1160/1010 952/1122/972 1082/1272/1102
f 952/1122/972 954/1124/974 1082/1272/1102
f 1082/1272/1102 954/1124/974 1046/1236/1066
s off
g Taiyaki_Kettle_PouringSG
v -0.254186 0.840104 -0.063271
v -0.272358 0.817403 -0.120344
v -0.992702 1.315 -0.033762
v -1.0024 1.30289 -0.064222
v -0.300668 0.782042 -0.165644
v -1.01751 1.28402 -0.088392
v -0.336338 0.737483 -0.194723
v -1.03654 1.26024 -0.103912
v -0.375882 0.688089 -0.204744
v -1.05764 1.23388 -0.109261
v -0.415424 0.638697 -0.194723
v -1.07875 1.20753 -0.103912
v -0.451096 0.594138 -0.154573
v -1.09778 1.18375 -0.082483
v -0.479402 0.558781 -0.103569
v -1.11614 1.16219 -0.055267
v -0.497579 0.536076 -0.045303
v -1.13564 1.13918 -0.024176
v -0.503839 0.528257 0
v -1.15208 1.11845 0
v -0.497579 0.536076 0.045309
v -1.13564 1.13918 0.024179
v -0.479402 0.558781 0.103579
v -1.11614 1.16219 0.055277
v -0.451096 0.594138 0.154573
v -1.09778 1.18375 0.082483
v -0.415424 0.638697 0.194727
v -1.07875 1.20753 0.103916
v -0.375882 0.688089 0.204748
v -1.05764 1.23388 0.109261
v -0.336338 0.737483 0.194727
v -1.03654 1.26024 0.103916
v -0.300668 0.782042 0.165648
v -1.01751 1.28402 0.088392
v -0.272358 0.817403 0.120348
v -1.0024 1.30289 0.064222
v -0.254186 0.840104 0.063271
v -0.992702 1.315 0.033766
v -0.247925 0.847924 0
v -0.989364 1.31918 0
v -1.00447 1.2971 -0.025743
v -1.01187 1.28786 -0.048958
v -0.283284 0.803755 -0.048141
v -0.297115 0.786479 -0.091564
v -1.02339 1.27348 -0.067394
v -0.318654 0.759576 -0.12604
v -1.0379 1.25534 -0.079226
v -0.345798 0.725671 -0.148163
v -1.05399 1.23525 -0.0833
v -0.375882 0.688089 -0.155781
v -1.07007 1.21516 -0.079226
v -0.405968 0.650508 -0.148163
v -1.08459 1.19703 -0.062889
v -0.433108 0.616607 -0.117617
v -1.09992 1.17949 -0.042137
v -0.454646 0.589704 -0.0788
v -1.11881 1.15748 -0.018431
v -0.468477 0.572427 -0.034472
v -1.1367 1.13489 0
v -0.473241 0.566477 0
v -1.11881 1.15748 0.018431
v -0.468477 0.572427 0.034472
v -1.09992 1.17949 0.042141
v -0.454646 0.589704 0.07881
v -1.08459 1.19703 0.062889
v -0.433108 0.616607 0.117611
v -1.07007 1.21516 0.079226
v -0.405968 0.650508 0.148169
v -1.05399 1.23525 0.0833
v -0.375882 0.688089 0.15579
v -1.0379 1.25534 0.079226
v -0.345798 0.725671 0.148169
v -1.02339 1.27348 0.067398
v -0.318654 0.759576 0.126036
v -1.01187 1.28786 0.048964
v -0.297115 0.786479 0.091568
v -1.00447 1.2971 0.025743
v -0.283284 0.803755 0.048138
v -1.00193 1.30028 0
v -0.278522 0.809706 0
v -1.00225 1.31546 -0.031942
v -0.999093 1.31941 0
v -1.01143 1.304 -0.060751
v -1.02572 1.28615 -0.083622
v -1.04373 1.26366 -0.098303
v -1.06369 1.23872 -0.103357
v -1.08365 1.21379 -0.098303
v -1.10165 1.1913 -0.078033
v -1.11921 1.17076 -0.052284
v -1.13821 1.14838 -0.022871
v -1.15429 1.12761 0
v -1.13821 1.14838 0.022877
v -1.11921 1.17076 0.052288
v -1.10165 1.1913 0.078037
v -1.08365 1.21379 0.098307
v -1.06369 1.23872 0.103361
v -1.04373 1.26366 0.098307
v -1.02572 1.28615 0.083622
v -1.01143 1.304 0.060757
v -1.00225 1.31546 0.031937
v -1.00534 1.31011 0
v -1.00805 1.30672 -0.027458
v -1.01594 1.29687 -0.052221
v -1.02822 1.28152 -0.071882
v -1.0437 1.26219 -0.084501
v -1.06086 1.24075 -0.088846
v -1.07802 1.21932 -0.084501
v -1.0935 1.19999 -0.06707
v -1.1096 1.18149 -0.044947
v -1.12901 1.15883 -0.019661
v -1.14716 1.13658 0
v -1.12901 1.15883 0.019661
v -1.1096 1.18149 0.044947
v -1.0935 1.19999 0.06708
v -1.07802 1.21932 0.084501
v -1.06086 1.24075 0.088846
v -1.0437 1.26219 0.084501
v -1.02822 1.28152 0.071882
v -1.01594 1.29687 0.052221
v -1.00805 1.30672 0.027452
vn 0.506026 0.805981 -0.307136
vn 0.417773 0.695751 -0.584291
vn 0.503017 0.807909 -0.307011
vn 0.414798 0.697723 -0.58406
vn 0.280304 0.524053 -0.804238
vn 0.277384 0.526093 -0.803918
vn 0.107127 0.307724 -0.945426
vn 0.104275 0.309849 -0.94505
vn -0.084842 0.067928 -0.994076
vn -0.087619 0.070149 -0.993681
vn -0.323017 -0.23011 -0.917992
vn -0.326829 -0.229423 -0.916814
vn -0.487233 -0.444163 -0.75188
vn -0.490383 -0.442421 -0.750859
vn -0.562187 -0.54864 -0.618822
vn -0.564674 -0.545536 -0.619301
vn -0.597502 -0.615019 -0.514532
vn -0.599474 -0.610935 -0.517098
vn -0.684719 -0.728807 1e-06
vn -0.686911 -0.726742 -0
vn -0.59751 -0.615046 0.514491
vn -0.599482 -0.610961 0.517056
vn -0.562164 -0.548631 0.61885
vn -0.564652 -0.545527 0.619329
vn -0.487191 -0.444151 0.751914
vn -0.490341 -0.442407 0.750894
vn -0.323016 -0.230124 0.917989
vn -0.326827 -0.229438 0.916811
vn -0.08486 0.067928 0.994075
vn -0.087636 0.070148 0.99368
vn 0.107109 0.307726 0.945427
vn 0.104258 0.309851 0.945052
vn 0.280317 0.524065 0.804225
vn 0.277398 0.526106 0.803905
vn 0.417758 0.695756 0.584296
vn 0.414783 0.697728 0.584064
vn 0.506004 0.805996 0.307133
vn 0.502994 0.807924 0.30701
vn 0.536419 0.843952 0
vn 0.533398 0.845865 0
vn -0.535033 -0.786666 0.308053
vn -0.446111 -0.676489 0.585958
vn -0.530604 -0.789622 0.308149
vn -0.441594 -0.679345 0.586076
vn -0.307664 -0.504872 0.806503
vn -0.303048 -0.507614 0.806529
vn -0.133067 -0.288465 0.948199
vn -0.128401 -0.291155 0.94802
vn 0.060313 -0.048771 0.996987
vn 0.064948 -0.05151 0.996558
vn 0.301322 0.250506 0.920028
vn 0.305044 0.246481 0.919889
vn 0.464134 0.459147 0.757472
vn 0.467531 0.455334 0.757684
vn 0.526595 0.549364 0.648766
vn 0.530875 0.546327 0.647842
vn 0.544509 0.597673 0.58847
vn 0.549456 0.595751 0.585815
vn 0.65944 0.751757 -1e-06
vn 0.664504 0.747284 -1e-06
vn 0.544552 0.597688 -0.588415
vn 0.549499 0.595765 -0.58576
vn 0.5266 0.54935 -0.648773
vn 0.530882 0.546311 -0.647849
vn 0.464108 0.459124 -0.757502
vn 0.467507 0.45531 -0.757714
vn 0.301398 0.250565 -0.919987
vn 0.305121 0.246538 -0.919848
vn 0.06036 -0.048777 -0.996984
vn 0.064995 -0.051516 -0.996555
vn -0.133087 -0.288514 -0.948181
vn -0.128422 -0.291204 -0.948002
vn -0.307644 -0.504853 -0.806523
vn -0.303031 -0.507596 -0.806548
vn -0.44614 -0.676492 -0.585933
vn -0.441625 -0.679345 -0.586052
vn -0.535026 -0.786677 -0.308036
vn -0.530598 -0.789633 -0.308132
vn -0.565654 -0.824642 0
vn -0.56126 -0.827639 0
vn -0.445713 0.885157 -0.133557
vn -0.429293 0.903165 6e-06
vn -0.492009 0.83428 -0.248806
vn -0.560148 0.758941 -0.332029
vn -0.640028 0.670114 -0.375914
vn -0.72156 0.57887 -0.379816
vn -0.814277 0.462036 -0.35139
vn -0.86454 0.41887 -0.277702
vn -0.876186 0.400406 -0.268278
vn -0.88945 0.327508 -0.318776
vn -0.996994 0.077473 -1.8e-05
vn -0.889452 0.327564 0.318712
vn -0.876176 0.400474 0.268208
vn -0.864539 0.418873 0.277703
vn -0.814288 0.461996 0.351417
vn -0.721568 0.578881 0.379785
vn -0.63997 0.670171 0.37591
vn -0.560118 0.75899 0.331967
vn -0.492054 0.834261 0.248782
vn -0.44578 0.885133 0.133487
vn -0.977852 0.209299 2.1e-05
vn -0.963499 0.230125 0.136792
vn -0.923013 0.288661 0.254406
vn -0.863244 0.37488 0.338045
vn -0.79331 0.475303 0.380455
vn -0.722222 0.576887 0.381572
vn -0.649893 0.688592 0.321685
vn -0.564627 0.771855 0.292296
vn -0.521219 0.796407 0.306703
vn -0.492699 0.780786 0.384215
vn -0.622026 0.782997 -2e-06
vn -0.492723 0.780785 -0.384185
vn -0.521256 0.796392 -0.30668
vn -0.564723 0.771806 -0.292238
vn -0.649935 0.688567 -0.321653
vn -0.722235 0.576925 -0.381489
vn -0.793271 0.475387 -0.380431
vn -0.863209 0.374934 -0.338075
vn -0.923007 0.288698 -0.254383
vn -0.963513 0.23008 -0.136765
vt 0.461269 0.291823
vt 0.461269 0.318284
vt 0.002343 0.291823
vt 0.002343 0.318284
vt 0.461269 0.344716
vt 0.002343 0.344716
vt 0.461269 0.371088
vt 0.002343 0.371088
vt 0.461269 0.397367
vt 0.002343 0.397367
vt 0.461269 0.423523
vt 0.002343 0.423523
vt 0.461269 0.45177
vt 0.002343 0.45177
vt 0.461269 0.479955
vt 0.002343 0.479955
vt 0.461269 0.508287
vt 0.002343 0.508287
vt 0.461269 0.529783
vt 0.002343 0.529783
vt 0.461269 0.003968
vt 0.461269 0.025056
vt 0.002343 0.003968
vt 0.002343 0.025057
vt 0.461269 0.052839
vt 0.002343 0.052839
vt 0.461269 0.080508
vt 0.002343 0.080508
vt 0.461269 0.108293
vt 0.002343 0.108293
vt 0.461269 0.134117
vt 0.002343 0.134117
vt 0.461269 0.160121
vt 0.002343 0.160121
vt 0.461269 0.186279
vt 0.002343 0.186279
vt 0.461269 0.212559
vt 0.002343 0.212559
vt 0.461269 0.238927
vt 0.002343 0.238927
vt 0.461269 0.265362
vt 0.002343 0.265362
vt 0.223971 0.53871
vt 0.243845 0.538711
vt 0.223947 0.996022
vt 0.243821 0.996023
vt 0.263713 0.538712
vt 0.26369 0.996024
vt 0.283556 0.538713
vt 0.283532 0.996025
vt 0.303358 0.538714
vt 0.303335 0.996026
vt 0.323109 0.538715
vt 0.323086 0.996027
vt 0.344517 0.538716
vt 0.344494 0.996028
vt 0.36625 0.538717
vt 0.366226 0.99603
vt 0.388975 0.538719
vt 0.388951 0.996031
vt 0.407175 0.538719
vt 0.407152 0.996032
vt 0.020379 0.5387
vt 0.020355 0.996012
vt 0.002367 0.538699
vt 0.002343 0.996011
vt 0.042832 0.538701
vt 0.042809 0.996013
vt 0.064328 0.538702
vt 0.064305 0.996014
vt 0.08554 0.538703
vt 0.085517 0.996015
vt 0.105148 0.538704
vt 0.105124 0.996016
vt 0.124835 0.538705
vt 0.124811 0.996017
vt 0.144587 0.538706
vt 0.144564 0.996018
vt 0.16439 0.538707
vt 0.164367 0.996019
vt 0.184229 0.538708
vt 0.184206 0.99602
vt 0.204093 0.538709
vt 0.204069 0.996021
vt 0.587906 0.044469
vt 0.581618 0.045969
vt 0.577018 0.0238
vt 0.572192 0.02774
vt 0.581617 0.068142
vt 0.588087 0.069025
vt 0.575766 0.087596
vt 0.581223 0.090175
vt 0.565402 0.103721
vt 0.569629 0.107411
vt 0.552166 0.115473
vt 0.554968 0.119799
vt 0.537643 0.122431
vt 0.538936 0.126945
vt 0.521413 0.127466
vt 0.521529 0.123214
vt 0.505975 0.121171
vt 0.504778 0.124865
vt 0.490314 0.117389
vt 0.48836 0.120512
vt 0.478061 0.114761
vt 0.475464 0.117029
vt 0.473511 0.103349
vt 0.477139 0.10169
vt 0.470976 0.084568
vt 0.475298 0.083729
vt 0.470155 0.065331
vt 0.474998 0.065722
vt 0.47774 0.047549
vt 0.47285 0.045578
vt 0.487035 0.032336
vt 0.482719 0.02878
vt 0.501038 0.019833
vt 0.497862 0.014959
vt 0.51865 0.011957
vt 0.517146 0.006215
vt 0.538039 0.010202
vt 0.538586 0.004241
vt 0.556798 0.015452
vt 0.559548 0.010072
vt 0.566841 0.032006
vt 0.574185 0.047207
vt 0.56801 0.048572
vt 0.562209 0.035575
vt 0.567773 0.064737
vt 0.57427 0.06566
vt 0.563489 0.080336
vt 0.569363 0.082843
vt 0.555865 0.093637
vt 0.560586 0.097307
vt 0.545964 0.10374
vt 0.549253 0.108115
vt 0.534915 0.110182
vt 0.536609 0.11485
vt 0.522645 0.116166
vt 0.522509 0.111763
vt 0.509913 0.111553
vt 0.508965 0.115457
vt 0.495928 0.11058
vt 0.494279 0.11392
vt 0.484338 0.109474
vt 0.481315 0.111935
vt 0.481589 0.097968
vt 0.485581 0.096747
vt 0.482221 0.081153
vt 0.486844 0.080642
vt 0.483172 0.065289
vt 0.488236 0.065948
vt 0.491204 0.051822
vt 0.486112 0.049522
vt 0.49901 0.040095
vt 0.494615 0.036242
vt 0.51014 0.030602
vt 0.506938 0.025532
vt 0.523621 0.024615
vt 0.522108 0.018822
vt 0.53804 0.02319
vt 0.538555 0.017336
vt 0.551571 0.026861
vt 0.554228 0.021743
usemtl PouringSG
f 1083/1273/1103 1084/1274/1104 1085/1275/1105
f 1085/1275/1105 1084/1274/1104 1086/1276/1106
f 1084/1274/1104 1087/1277/1107 1086/1276/1106
f 1086/1276/1106 1087/1277/1107 1088/1278/1108
f 1087/1277/1107 1089/1279/1109 1088/1278/1108
f 1088/1278/1108 1089/1279/1109 1090/1280/1110
f 1089/1279/1109 1091/1281/1111 1090/1280/1110
f 1090/1280/1110 1091/1281/1111 1092/1282/1112
f 1091/1281/1111 1093/1283/1113 1092/1282/1112
f 1092/1282/1112 1093/1283/1113 1094/1284/1114
f 1093/1283/1113 1095/1285/1115 1094/1284/1114
f 1094/1284/1114 1095/1285/1115 1096/1286/1116
f 1095/1285/1115 1097/1287/1117 1096/1286/1116
f 1096/1286/1116 1097/1287/1117 1098/1288/1118
f 1099/1289/1119 1100/1290/1120 1097/1287/1117
f 1097/1287/1117 1100/1290/1120 1098/1288/1118
f 1101/1291/1121 1102/1292/1122 1099/1289/1119
f 1099/1289/1119 1102/1292/1122 1100/1290/1120
f 1101/1293/1121 1103/1294/1123 1102/1295/1122
f 1102/1295/1122 1103/1294/1123 1104/1296/1124
f 1103/1294/1123 1105/1297/1125 1104/1296/1124
f 1104/1296/1124 1105/1297/1125 1106/1298/1126
f 1107/1299/1127 1108/1300/1128 1105/1297/1125
f 1105/1297/1125 1108/1300/1128 1106/1298/1126
f 1109/1301/1129 1110/1302/1130 1107/1299/1127
f 1107/1299/1127 1110/1302/1130 1108/1300/1128
f 1109/1301/1129 1111/1303/1131 1110/1302/1130
f 1110/1302/1130 1111/1303/1131 1112/1304/1132
f 1111/1303/1131 1113/1305/1133 1112/1304/1132
f 1112/1304/1132 1113/1305/1133 1114/1306/1134
f 1113/1305/1133 1115/1307/1135 1114/1306/1134
f 1114/1306/1134 1115/1307/1135 1116/1308/1136
f 1115/1307/1135 1117/1309/1137 1116/1308/1136
f 1116/1308/1136 1117/1309/1137 1118/1310/1138
f 1117/1309/1137 1119/1311/1139 1118/1310/1138
f 1118/1310/1138 1119/1311/1139 1120/1312/1140
f 1119/1311/1139 1121/1313/1141 1120/1312/1140
f 1120/1312/1140 1121/1313/1141 1122/1314/1142
f 1121/1313/1141 1083/1273/1103 1122/1314/1142
f 1122/1314/1142 1083/1273/1103 1085/1275/1105
f 1123/1315/1143 1124/1316/1144 1125/1317/1145
f 1125/1317/1145 1124/1316/1144 1126/1318/1146
f 1124/1316/1144 1127/1319/1147 1126/1318/1146
f 1126/1318/1146 1127/1319/1147 1128/1320/1148
f 1127/1319/1147 1129/1321/1149 1128/1320/1148
f 1128/1320/1148 1129/1321/1149 1130/1322/1150
f 1129/1321/1149 1131/1323/1151 1130/1322/1150
f 1130/1322/1150 1131/1323/1151 1132/1324/1152
f 1131/1323/1151 1133/1325/1153 1132/1324/1152
f 1132/1324/1152 1133/1325/1153 1134/1326/1154
f 1135/1327/1155 1136/1328/1156 1133/1325/1153
f 1133/1325/1153 1136/1328/1156 1134/1326/1154
f 1137/1329/1157 1138/1330/1158 1135/1327/1155
f 1135/1327/1155 1138/1330/1158 1136/1328/1156
f 1137/1329/1157 1139/1331/1159 1138/1330/1158
f 1138/1330/1158 1139/1331/1159 1140/1332/1160
f 1139/1331/1159 1141/1333/1161 1140/1332/1160
f 1140/1332/1160 1141/1333/1161 1142/1334/1162
f 1143/1335/1163 1144/1336/1164 1141/1337/1161
f 1141/1337/1161 1144/1336/1164 1142/1338/1162
f 1143/1335/1163 1145/1339/1165 1144/1336/1164
f 1144/1336/1164 1145/1339/1165 1146/1340/1166
f 1145/1339/1165 1147/1341/1167 1146/1340/1166
f 1146/1340/1166 1147/1341/1167 1148/1342/1168
f 1147/1341/1167 1149/1343/1169 1148/1342/1168
f 1148/1342/1168 1149/1343/1169 1150/1344/1170
f 1149/1343/1169 1151/1345/1171 1150/1344/1170
f 1150/1344/1170 1151/1345/1171 1152/1346/1172
f 1151/1345/1171 1153/1347/1173 1152/1346/1172
f 1152/1346/1172 1153/1347/1173 1154/1348/1174
f 1153/1347/1173 1155/1349/1175 1154/1348/1174
f 1154/1348/1174 1155/1349/1175 1156/1350/1176
f 1155/1349/1175 1157/1351/1177 1156/1350/1176
f 1156/1350/1176 1157/1351/1177 1158/1352/1178
f 1157/1351/1177 1159/1353/1179 1158/1352/1178
f 1158/1352/1178 1159/1353/1179 1160/1354/1180
f 1159/1353/1179 1161/1355/1181 1160/1354/1180
f 1160/1354/1180 1161/1355/1181 1162/1356/1182
f 1161/1355/1181 1123/1315/1143 1162/1356/1182
f 1162/1356/1182 1123/1315/1143 1125/1317/1145
f 1085/1357/1105 1163/1358/1183 1122/1359/1142
f 1122/1359/1142 1163/1358/1183 1164/1360/1184
f 1163/1358/1183 1085/1357/1105 1165/1361/1185
f 1165/1361/1185 1085/1357/1105 1086/1362/1106
f 1165/1361/1185 1086/1362/1106 1166/1363/1186
f 1166/1363/1186 1086/1362/1106 1088/1364/1108
f 1166/1363/1186 1088/1364/1108 1167/1365/1187
f 1167/1365/1187 1088/1364/1108 1090/1366/1110
f 1167/1365/1187 1090/1366/1110 1168/1367/1188
f 1168/1367/1188 1090/1366/1110 1092/1368/1112
f 1168/1367/1188 1092/1368/1112 1169/1369/1189
f 1169/1369/1189 1092/1368/1112 1094/1370/1114
f 1094/1370/1114 1096/1371/1116 1169/1369/1189
f 1169/1369/1189 1096/1371/1116 1170/1372/1190
f 1170/1372/1190 1096/1371/1116 1171/1373/1191
f 1171/1373/1191 1096/1371/1116 1098/1374/1118
f 1171/1373/1191 1098/1374/1118 1172/1375/1192
f 1172/1375/1192 1098/1374/1118 1100/1376/1120
f 1172/1375/1192 1100/1376/1120 1173/1377/1193
f 1173/1377/1193 1100/1376/1120 1102/1378/1122
f 1102/1378/1122 1104/1379/1124 1173/1377/1193
f 1173/1377/1193 1104/1379/1124 1174/1380/1194
f 1104/1379/1124 1106/1381/1126 1174/1380/1194
f 1174/1380/1194 1106/1381/1126 1175/1382/1195
f 1106/1381/1126 1108/1383/1128 1175/1382/1195
f 1175/1382/1195 1108/1383/1128 1176/1384/1196
f 1176/1384/1196 1108/1383/1128 1177/1385/1197
f 1177/1385/1197 1108/1383/1128 1110/1386/1130
f 1177/1385/1197 1110/1386/1130 1178/1387/1198
f 1178/1387/1198 1110/1386/1130 1112/1388/1132
f 1178/1387/1198 1112/1388/1132 1179/1389/1199
f 1179/1389/1199 1112/1388/1132 1114/1390/1134
f 1179/1389/1199 1114/1390/1134 1180/1391/1200
f 1180/1391/1200 1114/1390/1134 1116/1392/1136
f 1180/1391/1200 1116/1392/1136 1181/1393/1201
f 1181/1393/1201 1116/1392/1136 1118/1394/1138
f 1181/1393/1201 1118/1394/1138 1182/1395/1202
f 1182/1395/1202 1118/1394/1138 1120/1396/1140
f 1182/1395/1202 1120/1396/1140 1164/1360/1184
f 1164/1360/1184 1120/1396/1140 1122/1359/1142
f 1183/1397/1203 1164/1360/1184 1184/1398/1204
f 1184/1398/1204 1164/1360/1184 1163/1358/1183
f 1184/1398/1204 1123/1399/1143 1183/1397/1203
f 1183/1397/1203 1123/1399/1143 1161/1400/1181
f 1123/1399/1143 1184/1398/1204 1124/1401/1144
f 1124/1401/1144 1184/1398/1204 1185/1402/1205
f 1184/1398/1204 1163/1358/1183 1185/1402/1205
f 1185/1402/1205 1163/1358/1183 1165/1361/1185
f 1124/1401/1144 1185/1402/1205 1127/1403/1147
f 1127/1403/1147 1185/1402/1205 1186/1404/1206
f 1185/1402/1205 1165/1361/1185 1186/1404/1206
f 1186/1404/1206 1165/1361/1185 1166/1363/1186
f 1127/1403/1147 1186/1404/1206 1129/1405/1149
f 1129/1405/1149 1186/1404/1206 1187/1406/1207
f 1186/1404/1206 1166/1363/1186 1187/1406/1207
f 1187/1406/1207 1166/1363/1186 1167/1365/1187
f 1129/1405/1149 1187/1406/1207 1131/1407/1151
f 1131/1407/1151 1187/1406/1207 1188/1408/1208
f 1187/1406/1207 1167/1365/1187 1188/1408/1208
f 1188/1408/1208 1167/1365/1187 1168/1367/1188
f 1131/1407/1151 1188/1408/1208 1133/1409/1153
f 1133/1409/1153 1188/1408/1208 1189/1410/1209
f 1188/1408/1208 1168/1367/1188 1189/1410/1209
f 1189/1410/1209 1168/1367/1188 1169/1369/1189
f 1189/1410/1209 1190/1411/1210 1133/1409/1153
f 1133/1409/1153 1190/1411/1210 1135/1412/1155
f 1189/1410/1209 1169/1369/1189 1190/1411/1210
f 1190/1411/1210 1169/1369/1189 1170/1372/1190
f 1135/1412/1155 1190/1411/1210 1137/1413/1157
f 1137/1413/1157 1190/1411/1210 1191/1414/1211
f 1190/1411/1210 1170/1372/1190 1191/1414/1211
f 1191/1414/1211 1170/1372/1190 1171/1373/1191
f 1137/1413/1157 1191/1414/1211 1139/1415/1159
f 1139/1415/1159 1191/1414/1211 1192/1416/1212
f 1191/1414/1211 1171/1373/1191 1192/1416/1212
f 1192/1416/1212 1171/1373/1191 1172/1375/1192
f 1139/1415/1159 1192/1416/1212 1141/1417/1161
f 1141/1417/1161 1192/1416/1212 1193/1418/1213
f 1192/1416/1212 1172/1375/1192 1193/1418/1213
f 1193/1418/1213 1172/1375/1192 1173/1377/1193
f 1193/1418/1213 1194/1419/1214 1141/1417/1161
f 1141/1417/1161 1194/1419/1214 1143/1420/1163
f 1194/1419/1214 1193/1418/1213 1174/1380/1194
f 1174/1380/1194 1193/1418/1213 1173/1377/1193
f 1194/1419/1214 1195/1421/1215 1143/1420/1163
f 1143/1420/1163 1195/1421/1215 1145/1422/1165
f 1195/1421/1215 1194/1419/1214 1175/1382/1195
f 1175/1382/1195 1194/1419/1214 1174/1380/1194
f 1195/1421/1215 1196/1423/1216 1145/1422/1165
f 1145/1422/1165 1196/1423/1216 1147/1424/1167
f 1196/1423/1216 1195/1421/1215 1176/1384/1196
f 1176/1384/1196 1195/1421/1215 1175/1382/1195
f 1147/1424/1167 1196/1423/1216 1149/1425/1169
f 1149/1425/1169 1196/1423/1216 1197/1426/1217
f 1197/1426/1217 1196/1423/1216 1177/1385/1197
f 1177/1385/1197 1196/1423/1216 1176/1384/1196
f 1149/1425/1169 1197/1426/1217 1151/1427/1171
f 1151/1427/1171 1197/1426/1217 1198/1428/1218
f 1198/1428/1218 1197/1426/1217 1178/1387/1198
f 1178/1387/1198 1197/1426/1217 1177/1385/1197
f 1151/1427/1171 1198/1428/1218 1153/1429/1173
f 1153/1429/1173 1198/1428/1218 1199/1430/1219
f 1199/1430/1219 1198/1428/1218 1179/1389/1199
f 1179/1389/1199 1198/1428/1218 1178/1387/1198
f 1153/1429/1173 1199/1430/1219 1155/1431/1175
f 1155/1431/1175 1199/1430/1219 1200/1432/1220
f 1200/1432/1220 1199/1430/1219 1180/1391/1200
f 1180/1391/1200 1199/1430/1219 1179/1389/1199
f 1155/1431/1175 1200/1432/1220 1157/1433/1177
f 1157/1433/1177 1200/1432/1220 1201/1434/1221
f 1201/1434/1221 1200/1432/1220 1181/1393/1201
f 1181/1393/1201 1200/1432/1220 1180/1391/1200
f 1157/1433/1177 1201/1434/1221 1159/1435/1179
f 1159/1435/1179 1201/1434/1221 1202/1436/1222
f 1202/1436/1222 1201/1434/1221 1182/1395/1202
f 1182/1395/1202 1201/1434/1221 1181/1393/1201
f 1159/1435/1179 1202/1436/1222 1161/1400/1181
f 1161/1400/1181 1202/1436/1222 1183/1397/1203
f 1183/1397/1203 1202/1436/1222 1164/1360/1184
f 1164/1360/1184 1202/1436/1222 1182/1395/1202
s off
