# Apple ModelIO OBJ File: BaseStore_2
mtllib BaseStore_2.mtl
g BaseStore2_Floor2SG
v 0.447646 -0.349653 0.462832
v 0.447646 -0.424827 0.442689
v 33.9535 -0.349653 0.462832
v 33.9535 -0.424827 0.442689
v 0.447646 -0.479857 0.387658
v 33.9535 -0.479857 0.387659
v 0.447646 -0.5 0.312485
v 33.9535 -0.5 0.312485
v 0.447646 0.25181 0.312485
v 0.447646 0.231668 0.387659
v 33.9535 0.25181 0.312485
v 33.9535 0.231668 0.387658
v 0.447646 0.176637 0.442689
v 33.9535 0.176637 0.442689
v 0.447646 0.101463 0.462832
v 33.9535 0.101463 0.462832
v 0.447646 0.25181 -27.6921
v 33.9535 0.25181 -27.6921
v 0.447646 -0.5 -27.6921
v 33.9535 -0.5 -27.6921
vn 0 -0.038245 0.999268
vn -0 -0.5 0.866025
vn -0 -0.866026 0.5
vn 0 -1 0.000717
vn 0 1 0.000717
vn 0 0.866025 0.5
vn 0 0.5 0.866025
vn 0 0.038245 0.999268
vn 0 1 0
vn 0 -1 0
vt 0.586542 0.503928
vt 0.586542 0.505283
vt 0.003266 0.503928
vt 0.003266 0.505283
vt 0.586543 0.506638
vt 0.003266 0.506638
vt 0.586543 0.507992
vt 0.003266 0.507992
vt 0.586543 0.492011
vt 0.586543 0.493366
vt 0.003266 0.492011
vt 0.003266 0.493366
vt 0.586543 0.49472
vt 0.003266 0.49472
vt 0.586542 0.496075
vt 0.003266 0.496075
vt 0.586542 0.004498
vt 0.003266 0.004498
vt 0.586543 0.995493
vt 0.003266 0.995493
usemtl Floor2SG
f 1/1/1 2/2/2 3/3/1
f 3/3/1 2/2/2 4/4/2
f 2/2/2 5/5/3 4/4/2
f 4/4/2 5/5/3 6/6/3
f 5/5/3 7/7/4 6/6/3
f 6/6/3 7/7/4 8/8/4
f 9/9/5 10/10/6 11/11/5
f 11/11/5 10/10/6 12/12/6
f 10/10/6 13/13/7 12/12/6
f 12/12/6 13/13/7 14/14/7
f 13/13/7 15/15/8 14/14/7
f 14/14/7 15/15/8 16/16/8
f 1/1/1 3/3/1 15/15/8
f 15/15/8 3/3/1 16/16/8
f 9/9/5 11/11/5 17/17/9
f 17/17/9 11/11/5 18/18/9
f 19/19/10 20/20/10 7/7/4
f 7/7/4 20/20/10 8/8/4
s off
g BaseStore2_UnderRoofSG
v 33.7542 20.6477 -4.60794
v 33.7542 18.5783 -0.670478
v 0.670479 20.6477 -4.60794
v 0.670479 18.5783 -0.670478
vn 0 -0.885195 -0.465221
vt 0.000535 0.004011
vt 0.133913 0.003968
vt 0.000854 0.996032
vt 0.134235 0.995989
usemtl UnderRoofSG
f 21/21/11 22/22/11 23/23/11
f 23/23/11 22/22/11 24/24/11
s off
g BaseStore2_OutdoorSG
v 33.7542 -0.5 0.5
v 34.9247 -0.5 0.5
v 33.7542 5.09396 0.5
v 34.9247 5.09396 0.5
v 34.9247 5.09396 -26.6261
v 34.9247 5.09396 -0.670478
v 34.9247 -0.5 -26.6261
v 34.9247 -0.5 -0.670478
v 33.2678 -0.5 0.5
v 33.2678 5.09396 0.5
v 33.7542 16.1363 0.5
v 33.7542 18.499 0.5
v 33.2678 16.1363 0.5
v 33.2678 18.499 0.5
v -0.499992 18.499 -0.670478
v -0.499992 16.1363 -0.670478
v -0.499992 18.499 0.5
v -0.499992 16.1363 0.5
v 34.9247 16.1363 0.5
v 34.9247 16.1363 -0.670478
v 34.9247 18.499 0.5
v 34.9247 18.499 -0.670478
v 33.2678 16.1363 -0.670478
v 16.2775 16.1363 -0.670478
v 16.2775 16.1363 0.5
v 16.2775 18.499 0.5
v 13.4418 16.1363 0.5
v 13.4418 18.499 0.5
v 16.2775 13.649 -0.670478
v 16.2775 13.649 0.5
v 13.4418 13.649 0.5
v -0.499992 13.649 0.5
v -0.499992 13.649 -0.670478
v 16.2775 5.09396 0.5
v 13.4418 5.09396 0.5
v 16.2775 -0.5 0.5
v 13.4418 -0.5 0.5
v -0.499992 5.09396 0.5
v -0.499992 5.09396 -0.670478
v -0.499992 -0.5 0.5
v -0.499992 -0.5 -0.670478
v 33.7542 13.649 0.5
v 33.2678 13.649 0.5
v 33.2678 13.649 -0.670478
v 33.2678 5.09396 -0.670478
v 34.9247 13.649 -26.6261
v 34.9247 13.649 -0.670478
v 34.9247 13.649 0.5
v 16.2775 5.09396 -0.670478
v 5.74027 16.1363 0.5
v 5.74027 18.499 0.5
v 0.670479 16.1363 0.5
v 0.670479 18.499 0.5
v 5.74027 13.649 0.5
v 0.670479 13.649 0.5
v 5.74027 5.09396 0.5
v 0.670479 5.09396 0.5
v 5.74027 -0.5 0.5
v 0.670479 -0.5 0.5
v 13.4418 13.649 -0.670478
v 5.74027 13.649 -0.670478
v 13.4418 -0.5 -0.670478
v 13.4418 5.09396 -0.670478
v 5.74027 5.09396 -0.670478
v 5.74027 -0.5 -0.670478
v 0.670479 20.5826 -27.8424
v 0.670479 16.1363 -27.8424
v -0.499992 20.5826 -27.8424
v -0.499992 16.1363 -27.8424
v 0.670479 13.649 -27.8424
v -0.499992 13.649 -27.8424
v 0.670479 5.09396 -27.8424
v 0.670479 -0.5 -27.8424
v -0.499992 5.09396 -27.8424
v -0.499992 -0.5 -27.8424
v -0.499992 20.5826 -4.10209
v -0.499992 13.649 -26.6261
v -0.499992 16.1363 -26.6261
v -0.499992 -0.5 -26.6261
v -0.499992 5.09396 -26.6261
v 34.9247 20.5826 -26.6261
v 34.9247 16.1363 -26.6261
v 34.9247 20.5826 -27.8424
v 34.9247 16.1363 -27.8424
v -0.499992 20.5826 -26.6261
v 34.9247 13.649 -27.8424
v 34.9247 5.09396 -27.8424
v 34.9247 -0.5 -27.8424
v 33.7542 16.1363 -27.8424
v 33.7542 20.5826 -27.8424
v 33.7542 13.649 -27.8424
v 33.7542 -0.5 -27.8424
v 33.7542 5.09396 -27.8424
v 34.9247 20.5826 -4.10209
vn 0 0 1
vn 1 0 0
vn -1 0 0
vn 0 -1 0
vn 0 1 0
vn 0 0 -1
vn -1 -1e-06 0
vt 0.060549 0.023616
vt 0.060549 0.005386
vt 0.148671 0.023616
vt 0.148671 0.005386
vt 0.480889 0.576438
vt 0.480921 0.973946
vt 0.395182 0.576438
vt 0.395237 0.973946
vt 0.395237 0.991864
vt 0.480921 0.991864
vt 0.060549 0.031231
vt 0.148671 0.031231
vt 0.318074 0.023616
vt 0.353823 0.023616
vt 0.318074 0.031231
vt 0.353823 0.031231
vt 0.092325 0.97806
vt 0.12859 0.978064
vt 0.092323 0.995999
vt 0.128588 0.996003
vt 0.649918 0.991864
vt 0.649918 0.973946
vt 0.686072 0.991864
vt 0.686072 0.973946
vt 0.318074 0.005386
vt 0.353823 0.005386
vt 0.00319 0.677881
vt 0.02029 0.677881
vt 0.00319 0.903849
vt 0.02029 0.903849
vt 0.318074 0.295908
vt 0.353823 0.295908
vt 0.318074 0.33947
vt 0.353822 0.33947
vt 0.00319 0.003968
vt 0.02029 0.003968
vt 0.00319 0.047344
vt 0.02029 0.047344
vt 0.280378 0.295908
vt 0.280378 0.33947
vt 0.166692 0.996007
vt 0.166694 0.978068
vt 0.148671 0.295908
vt 0.148671 0.33947
vt 0.060549 0.295908
vt 0.060549 0.33947
vt 0.297851 0.996022
vt 0.297853 0.978083
vt 0.383684 0.996032
vt 0.383686 0.978093
vt 0.28142 0.023616
vt 0.28142 0.031231
vt 0.00319 0.641086
vt 0.00319 0.498653
vt 0.02029 0.641086
vt 0.02029 0.498653
vt 0.611883 0.576438
vt 0.611905 0.973946
vt 0.611905 0.991864
vt 0.28142 0.005386
vt 0.02029 0.197709
vt 0.00319 0.197709
vt 0.318074 0.457604
vt 0.353823 0.457604
vt 0.318074 0.533435
vt 0.353823 0.533435
vt 0.280378 0.457604
vt 0.280378 0.533435
vt 0.153919 0.457604
vt 0.153919 0.533435
vt 0.070284 0.457604
vt 0.070284 0.533435
vt 0.030881 0.339933
vt 0.030881 0.220608
vt 0.048698 0.339933
vt 0.048698 0.220608
vt 0.030881 0.562349
vt 0.030881 0.474084
vt 0.048698 0.562349
vt 0.048698 0.474084
vt 0.030881 0.091466
vt 0.048698 0.091466
vt 0.030881 0.007809
vt 0.048698 0.007809
vt 0.686041 0.023021
vt 0.617959 0.023021
vt 0.686041 0.005102
vt 0.617959 0.005102
vt 0.318074 0.550909
vt 0.353823 0.550909
vt 0.579869 0.023021
vt 0.579869 0.005102
vt 0.280378 0.550909
vt 0.448844 0.023021
vt 0.363166 0.023021
vt 0.448844 0.005102
vt 0.363166 0.005102
vt 0.070284 0.550909
vt 0.153919 0.550909
vt 0.060549 0.925354
vt 0.166961 0.580779
vt 0.128897 0.580775
vt 0.383596 0.580803
vt 0.297942 0.580794
vt 0.718036 0.576438
vt 0.649963 0.576438
vt 0.718036 0.5578
vt 0.649964 0.5578
vt 0.060859 0.580767
vt 0.128899 0.562162
vt 0.060861 0.562155
vt 0.611883 0.5578
vt 0.166964 0.562167
vt 0.480889 0.5578
vt 0.395182 0.5578
vt 0.383598 0.562191
vt 0.297944 0.562182
vt 0.617959 0.529572
vt 0.686041 0.529572
vt 0.579869 0.529572
vt 0.363166 0.529572
vt 0.448844 0.529572
vt 0.617959 0.547494
vt 0.686041 0.547494
vt 0.579869 0.547494
vt 0.363166 0.547494
vt 0.448844 0.547494
vt 0.71799 0.921225
usemtl OutdoorSG
f 25/25/12 26/26/12 27/27/12
f 27/27/12 26/26/12 28/28/12
f 29/29/13 30/30/13 31/31/13
f 31/31/13 30/30/13 32/32/13
f 32/32/13 30/30/13 26/33/13
f 26/33/13 30/30/13 28/34/13
f 25/25/12 27/27/12 33/35/12
f 33/35/12 27/27/12 34/36/12
f 35/37/12 36/38/12 37/39/12
f 37/39/12 36/38/12 38/40/12
f 39/41/14 40/42/14 41/43/14
f 41/43/14 40/42/14 42/44/14
f 43/45/13 44/46/13 45/47/13
f 45/47/13 44/46/13 46/48/13
f 35/37/12 43/49/12 36/38/12
f 36/38/12 43/49/12 45/50/12
f 47/51/15 37/52/15 48/53/15
f 48/53/15 37/52/15 49/54/15
f 37/39/12 38/40/12 49/55/12
f 49/55/12 38/40/12 50/56/12
f 49/55/12 50/56/12 51/57/12
f 51/57/12 50/56/12 52/58/12
f 48/59/13 49/60/13 53/61/13
f 53/61/13 49/60/13 54/62/13
f 49/55/12 51/57/12 54/63/12
f 54/63/12 51/57/12 55/64/12
f 42/44/14 40/42/14 56/65/14
f 56/65/14 40/42/14 57/66/14
f 58/67/12 59/68/12 60/69/12
f 60/69/12 59/68/12 61/70/12
f 62/71/14 63/72/14 64/73/14
f 64/73/14 63/72/14 65/74/14
f 27/27/12 66/75/12 34/36/12
f 34/36/12 66/75/12 67/76/12
f 68/77/14 69/78/14 67/79/14
f 67/79/14 69/78/14 34/80/14
f 70/81/13 71/82/13 29/29/13
f 29/29/13 71/82/13 30/30/13
f 28/34/13 30/30/13 72/83/13
f 72/83/13 30/30/13 71/82/13
f 27/27/12 28/28/12 66/75/12
f 66/75/12 28/28/12 72/84/12
f 33/35/12 34/36/12 60/69/12
f 60/69/12 34/36/12 58/67/12
f 34/80/16 69/78/16 58/85/16
f 58/85/16 69/78/16 73/86/16
f 54/63/12 55/64/12 58/67/12
f 58/67/12 55/64/12 59/68/12
f 53/61/13 54/62/13 73/86/13
f 73/86/13 54/62/13 58/85/13
f 56/65/14 57/66/14 62/71/14
f 62/71/14 57/66/14 63/72/14
f 74/87/12 75/88/12 76/89/12
f 76/89/12 75/88/12 77/90/12
f 78/91/12 74/87/12 79/92/12
f 79/92/12 74/87/12 76/89/12
f 80/93/12 78/91/12 81/94/12
f 81/94/12 78/91/12 79/92/12
f 82/95/12 80/93/12 83/96/12
f 83/96/12 80/93/12 81/94/12
f 51/57/12 52/58/12 74/87/12
f 74/87/12 52/58/12 75/88/12
f 55/64/12 51/57/12 78/91/12
f 78/91/12 51/57/12 74/87/12
f 55/97/15 78/98/15 84/99/15
f 84/99/15 78/98/15 85/100/15
f 61/101/14 59/102/14 86/103/14
f 86/103/14 59/102/14 87/104/14
f 59/102/14 55/97/14 87/104/14
f 87/104/14 55/97/14 84/99/14
f 78/98/13 80/105/13 85/100/13
f 85/100/13 80/105/13 88/106/13
f 80/105/13 82/107/13 88/106/13
f 88/106/13 82/107/13 89/108/13
f 90/109/17 91/110/17 92/111/17
f 92/111/17 91/110/17 93/112/17
f 76/89/12 77/90/12 42/113/12
f 42/113/12 77/90/12 41/114/12
f 91/110/17 94/115/17 93/112/17
f 93/112/17 94/115/17 95/116/17
f 79/92/12 76/89/12 56/117/12
f 56/117/12 76/89/12 42/113/12
f 96/118/17 97/119/17 98/120/17
f 98/120/17 97/119/17 99/121/17
f 83/96/12 81/94/12 64/122/12
f 64/122/12 81/94/12 62/123/12
f 94/115/17 96/118/17 95/116/17
f 95/116/17 96/118/17 98/120/17
f 81/94/12 79/92/12 62/123/12
f 62/123/12 79/92/12 56/117/12
f 100/124/18 39/41/18 41/43/14
f 57/66/14 40/42/14 101/125/14
f 101/125/14 40/42/14 102/126/14
f 65/74/14 63/72/14 103/127/14
f 103/127/14 63/72/14 104/128/14
f 63/72/14 57/66/14 104/128/14
f 104/128/14 57/66/14 101/125/14
f 105/129/13 106/130/13 107/131/13
f 107/131/13 106/130/13 108/132/13
f 102/126/14 109/133/14 93/134/14
f 93/134/14 109/133/14 92/135/14
f 106/130/13 70/81/13 108/132/13
f 108/132/13 70/81/13 110/136/13
f 101/125/14 102/126/14 95/137/14
f 95/137/14 102/126/14 93/134/14
f 29/29/13 31/31/13 111/138/13
f 111/138/13 31/31/13 112/139/13
f 103/127/14 104/128/14 99/140/14
f 99/140/14 104/128/14 98/141/14
f 70/81/13 29/29/13 110/136/13
f 110/136/13 29/29/13 111/138/13
f 104/128/14 101/125/14 98/141/14
f 98/141/14 101/125/14 95/137/14
f 91/110/17 90/109/17 113/142/17
f 113/142/17 90/109/17 114/143/17
f 94/115/17 91/110/17 115/144/17
f 115/144/17 91/110/17 113/142/17
f 97/119/17 96/118/17 116/145/17
f 116/145/17 96/118/17 117/146/17
f 96/118/17 94/115/17 117/146/17
f 117/146/17 94/115/17 115/144/17
f 113/142/17 114/143/17 108/147/17
f 108/147/17 114/143/17 107/148/17
f 115/144/17 113/142/17 110/149/17
f 110/149/17 113/142/17 108/147/17
f 116/145/17 117/146/17 112/150/17
f 112/150/17 117/146/17 111/151/17
f 117/146/17 115/144/17 111/151/17
f 111/151/17 115/144/17 110/149/17
f 106/130/13 44/46/13 70/81/13
f 70/81/13 44/46/13 71/82/13
f 72/83/13 71/82/13 43/45/13
f 43/45/13 71/82/13 44/46/13
f 66/75/12 72/84/12 35/37/12
f 35/37/12 72/84/12 43/49/12
f 67/76/12 66/75/12 37/39/12
f 37/39/12 66/75/12 35/37/12
f 47/51/14 68/77/14 37/52/14
f 37/52/14 68/77/14 67/79/14
f 105/129/13 118/152/13 106/130/13
f 44/46/13 106/130/13 46/48/13
f 118/152/13 46/48/13 106/130/13
f 46/48/13 118/152/13 45/47/13
f 109/133/18 102/126/18 100/124/18
f 40/42/18 39/41/18 102/126/18
f 102/126/18 39/41/18 100/124/18
s off
g BaseStore2_LeftSG
v 0.670479 -0.5 -26.6261
v 0.670479 20.5826 -26.6261
v 0.670479 -0.5 -0.670478
v 0.670479 19.0751 -0.670478
v 0.670479 20.5826 -4.10209
vn 1 0 0
vt 0.003223 0.004116
vt 0.808913 0.003968
vt 0.003405 0.996032
vt 0.751487 0.995895
vt 0.809072 0.864742
usemtl LeftSG
f 119/153/19 120/154/19 121/155/19
f 122/156/19 121/155/19 123/157/19
f 120/154/19 123/157/19 121/155/19
s off
g BaseStore2_RightSG
v 33.7542 20.5826 -26.6261
v 33.7542 -0.5 -26.6261
v 33.7542 20.5826 -4.10209
v 33.7542 -0.5 -0.670478
v 33.7542 19.0751 -0.670478
vn -1 -0 0
vt 0.808974 0.996032
vt 0.003223 0.99596
vt 0.80905 0.135193
vt 0.003313 0.003968
vt 0.75145 0.004036
usemtl RightSG
f 124/158/20 125/159/20 126/160/20
f 127/161/20 128/162/20 125/159/20
f 125/159/20 128/162/20 126/160/20
s off
g BaseStore2_FrontSG
v 33.7542 5.09396 -0.670478
v 33.7542 -0.5 -0.670478
v 33.2678 5.09396 -0.670478
v 33.2678 -0.5 -0.670478
v 33.7542 19.0751 -0.670478
v 33.7542 16.1363 -0.670478
v 33.2678 19.0751 -0.670478
v 33.2678 16.1363 -0.670478
v 16.2775 19.0751 -0.670478
v 16.2775 16.1363 -0.670478
v 13.4418 19.0751 -0.670478
v 13.4418 16.1363 -0.670478
v 13.4418 13.649 -0.670478
v 16.2775 13.649 -0.670478
v 13.4418 5.09396 -0.670478
v 16.2775 5.09396 -0.670478
v 13.4418 -0.5 -0.670478
v 16.2775 -0.5 -0.670478
v 33.7542 13.649 -0.670478
v 33.2678 13.649 -0.670478
v 0.670479 5.09396 -0.670478
v 5.74027 5.09396 -0.670478
v 0.670479 -0.5 -0.670478
v 5.74027 -0.5 -0.670478
v 0.670479 13.649 -0.670478
v 5.74027 13.649 -0.670478
v 0.670479 16.1363 -0.670478
v 5.74027 16.1363 -0.670478
v 5.74027 19.0751 -0.670478
v 0.670479 19.0751 -0.670478
vn 0 0 -1
vt 0.169444 0.996032
vt 0.002333 0.996032
vt 0.169444 0.981474
vt 0.002333 0.981474
vt 0.585465 0.996032
vt 0.497253 0.996032
vt 0.585465 0.981474
vt 0.497253 0.981474
vt 0.585465 0.472318
vt 0.497253 0.472318
vt 0.585465 0.387228
vt 0.497253 0.387228
vt 0.427918 0.387228
vt 0.427918 0.472318
vt 0.169444 0.387228
vt 0.169444 0.472318
vt 0.002333 0.387228
vt 0.002333 0.472318
vt 0.416656 0.996032
vt 0.416656 0.981474
vt 0.171689 0.003968
vt 0.171689 0.156313
vt 0.003527 0.003968
vt 0.003527 0.156313
vt 0.427918 0.003968
vt 0.427918 0.156313
vt 0.497253 0.003968
vt 0.497253 0.156313
vt 0.585465 0.156313
vt 0.585465 0.003968
usemtl FrontSG
f 129/163/21 130/164/21 131/165/21
f 131/165/21 130/164/21 132/166/21
f 133/167/21 134/168/21 135/169/21
f 135/169/21 134/168/21 136/170/21
f 135/169/21 136/170/21 137/171/21
f 137/171/21 136/170/21 138/172/21
f 137/171/21 138/172/21 139/173/21
f 139/173/21 138/172/21 140/174/21
f 140/174/21 138/172/21 141/175/21
f 141/175/21 138/172/21 142/176/21
f 143/177/21 144/178/21 145/179/21
f 145/179/21 144/178/21 146/180/21
f 147/181/21 129/163/21 148/182/21
f 148/182/21 129/163/21 131/165/21
f 131/165/21 132/166/21 144/178/21
f 144/178/21 132/166/21 146/180/21
f 141/175/21 142/176/21 143/177/21
f 143/177/21 142/176/21 144/178/21
f 149/183/21 150/184/21 151/185/21
f 151/185/21 150/184/21 152/186/21
f 153/187/21 154/188/21 149/183/21
f 149/183/21 154/188/21 150/184/21
f 155/189/21 156/190/21 153/187/21
f 153/187/21 156/190/21 154/188/21
f 157/191/21 156/190/21 158/192/21
f 158/192/21 156/190/21 155/189/21
f 156/190/21 140/174/21 154/188/21
f 154/188/21 140/174/21 141/175/21
f 139/173/21 140/174/21 157/191/21
f 157/191/21 140/174/21 156/190/21
f 134/168/21 147/181/21 136/170/21
f 136/170/21 147/181/21 148/182/21
s off
g BaseStore2_BackSG
v 33.7542 -0.5 -26.6261
v 33.7542 20.5826 -26.6261
v 0.670479 -0.5 -26.6261
v 0.670479 20.5826 -26.6261
vn 0 0 1
vt 0.00253 0.003968
vt 0.634721 0.003968
vt 0.002529 0.996032
vt 0.634721 0.996032
usemtl BackSG
f 159/193/22 160/194/22 161/195/22
f 161/195/22 160/194/22 162/196/22
s off
g BaseStore2_OutDoor2SG
v -0.499991 20.5826 -4.10209
v 34.9247 20.5826 -4.10209
v -0.499991 39.5816 -4.10209
v 34.9247 39.5816 -4.10209
v -0.499991 39.5816 -27.8424
v 34.9247 39.5816 -27.8424
v -0.499991 20.5826 -27.8424
v 34.9247 20.5826 -27.8424
vn 0 0 1
vn 0 0 -1
vn 0 -1 0
vn 1 0 0
vn -1 0 0
vt 0.204016 0.507229
vt 0.204016 0.206755
vt 0.363241 0.507229
vt 0.363241 0.206755
vt 0.363241 0.704013
vt 0.363241 0.996032
vt 0.204016 0.704013
vt 0.204016 0.996032
vt 0.001447 0.507229
vt 0.001447 0.206755
vt 0.204016 0.003968
vt 0.363241 0.003968
usemtl OutDoor2SG
f 163/197/23 164/198/23 165/199/23
f 165/199/23 164/198/23 166/200/23
f 167/201/24 168/202/24 169/203/24
f 169/203/24 168/202/24 170/204/24
f 169/205/25 170/206/25 163/197/25
f 163/197/25 170/206/25 164/198/25
f 164/198/26 170/207/26 166/200/26
f 166/200/26 170/207/26 168/208/26
f 169/203/27 163/197/27 167/201/27
f 167/201/27 163/197/27 165/199/27
s off
g BaseStore2_RoofSG
v -0.499991 39.5816 -4.10209
v 34.9247 39.5816 -4.10209
v -0.499991 44.7198 -15.4169
v 34.9247 44.7198 -15.4169
v -0.499991 44.7198 -16.5276
v 34.9247 44.7198 -16.5276
v -0.499991 39.5816 -27.8424
v 34.9247 39.5816 -27.8424
vn 0 0.910513 0.413481
vn 0 1 0
vn 0 0.910513 -0.413481
vn 1 0 0
vn -1 0 0
vt 0.564246 0.116798
vt 0.564243 0.883375
vt 0.295303 0.116772
vt 0.295309 0.883401
vt 0.271271 0.116698
vt 0.271214 0.88344
vt 0.002315 0.116709
vt 0.002248 0.883426
vt 0.541771 0.994281
vt 0.025528 0.996032
vt 0.027275 0.003968
vt 0.540732 0.007304
usemtl RoofSG
f 171/209/28 172/210/28 173/211/28
f 173/211/28 172/210/28 174/212/28
f 173/211/29 174/212/29 175/213/29
f 175/213/29 174/212/29 176/214/29
f 175/213/30 176/214/30 177/215/30
f 177/215/30 176/214/30 178/216/30
f 172/217/31 178/218/31 174/212/31
f 178/218/31 176/214/31 174/212/31
f 177/219/32 171/220/32 175/213/32
f 171/220/32 173/211/32 175/213/32
s off
g BaseStore2_Roof_ASG
v 0.481118 19.0073 2.64087
v 0.459917 18.9641 2.69278
v 0.585401 18.8168 2.55447
v 0.565634 18.7709 2.60519
v 0.408734 18.9135 2.69946
v 0.517911 18.714 2.609
v 0.461226 18.4752 2.50072
v 0.178171 18.2879 2.41579
v 0.178172 19.066 2.76864
v -0.099438 19.066 2.76864
v -0.324028 18.9174 2.70125
v -0.409814 18.677 2.59222
v -0.324028 18.4365 2.48318
v -0.099438 18.2879 2.41579
v 0.711864 18.6371 2.57414
v 0.832653 18.3948 2.46427
v 1.11206 18.5672 2.54244
v 1.11206 18.3948 2.46427
v 0.199334 19.1365 2.77097
v 0.2081 19.188 2.72279
v -0.120601 19.1365 2.77097
v -0.129368 19.188 2.72279
v -0.379435 18.9652 2.69331
v -0.402385 19.0073 2.64087
v -0.4783 18.6881 2.56764
v -0.506668 18.715 2.50832
v -0.379435 18.411 2.44198
v -0.402385 18.4227 2.37578
v -0.120601 18.2397 2.36432
v -0.129368 18.2421 2.29385
v 0.199334 18.2397 2.36432
v 0.208101 18.2421 2.29385
v 0.475292 18.4223 2.44712
v 0.481118 18.4227 2.37578
v 0.82502 18.3466 2.41279
v 0.821858 18.349 2.34233
v 0.731229 18.7053 2.57542
v 0.73925 18.7558 2.52681
v 1.11206 18.6907 2.49729
v 1.11206 18.6388 2.54526
v 1.11206 18.3466 2.41279
v 1.11206 18.349 2.34233
v 0.481118 22.1544 -4.29929
v 0.2081 22.3351 -4.21737
v -0.129367 22.3351 -4.21737
v -0.402385 22.1544 -4.29929
v -0.506668 21.8621 -4.43184
v -0.402385 21.5698 -4.56438
v -0.129367 21.3892 -4.64631
v 0.208101 21.3892 -4.64631
v 0.481118 21.5698 -4.56439
v 0.585401 21.9639 -4.38569
v 0.73925 21.9029 -4.41334
v 0.821858 21.4961 -4.59783
v 1.11206 21.8378 -4.44287
v 1.11206 21.4961 -4.59783
v 33.9239 19.0073 2.64087
v 33.8197 18.8168 2.55447
v 33.9451 18.9641 2.69278
v 33.8394 18.7709 2.60519
v 33.9963 18.9135 2.69946
v 33.8871 18.714 2.609
v 33.9438 18.4752 2.50072
v 34.2269 18.2879 2.41579
v 34.2269 19.066 2.76864
v 34.5045 18.2879 2.41579
v 34.7291 18.4365 2.48318
v 34.8149 18.677 2.59222
v 34.7291 18.9174 2.70125
v 34.5045 19.066 2.76864
v 33.6932 18.6371 2.57414
v 33.5724 18.3948 2.46427
v 33.293 18.5672 2.54244
v 33.293 18.3948 2.46427
v 34.2057 19.1365 2.77097
v 34.197 19.188 2.72279
v 34.5257 19.1365 2.77097
v 34.5344 19.188 2.72279
v 34.7845 18.9652 2.69331
v 34.8074 19.0073 2.64087
v 34.8834 18.6881 2.56764
v 34.9117 18.715 2.50832
v 34.7845 18.411 2.44198
v 34.8074 18.4227 2.37577
v 34.5257 18.2397 2.36432
v 34.5344 18.2421 2.29385
v 34.2057 18.2397 2.36432
v 34.197 18.2421 2.29385
v 33.9298 18.4223 2.44712
v 33.9239 18.4227 2.37578
v 33.58 18.3466 2.41279
v 33.5832 18.349 2.34233
v 33.6658 18.7558 2.52681
v 33.6738 18.7053 2.57542
v 33.293 18.6907 2.49729
v 33.293 18.6388 2.54526
v 33.293 18.3466 2.41279
v 33.293 18.349 2.34233
v 33.9239 22.1544 -4.29929
v 34.197 22.3351 -4.21737
v 34.5344 22.3351 -4.21737
v 34.8074 22.1544 -4.29929
v 34.9117 21.8621 -4.43183
v 34.8074 21.5698 -4.56438
v 34.5344 21.3892 -4.64631
v 34.197 21.3892 -4.64631
v 33.9239 21.5698 -4.56439
v 33.8197 21.9639 -4.38569
v 33.6658 21.9029 -4.41334
v 33.5832 21.4961 -4.59783
v 33.293 21.8378 -4.44287
v 33.293 21.4961 -4.59783
v 2.62651 19.0073 2.64087
v 2.60531 18.9641 2.69278
v 2.7308 18.8168 2.55447
v 2.71103 18.7709 2.60519
v 2.55413 18.9135 2.69946
v 2.66331 18.714 2.609
v 2.34473 18.2397 2.36432
v 2.62069 18.4223 2.44712
v 2.32357 18.2879 2.41579
v 2.60662 18.4752 2.50072
v 2.35349 18.2421 2.29386
v 2.62651 18.4227 2.37578
v 2.01603 18.2421 2.29386
v 2.02479 18.2397 2.36432
v 1.74301 18.4227 2.37578
v 1.74884 18.4223 2.44712
v 2.04596 18.2879 2.41579
v 1.7629 18.4752 2.50072
v 2.62651 22.1544 -4.29929
v 2.35349 22.3351 -4.21737
v 2.35349 19.188 2.72279
v 2.35349 21.3892 -4.64631
v 2.62651 21.5698 -4.56439
v 2.7308 21.9639 -4.38569
v 2.88464 21.9029 -4.41335
v 2.88464 18.7558 2.52681
v 2.85726 18.6371 2.57414
v 2.97805 18.3948 2.46427
v 2.96725 18.349 2.34233
v 2.96725 21.4961 -4.59783
v 3.25746 21.8378 -4.44287
v 3.25746 18.6907 2.49729
v 3.25746 18.5672 2.54244
v 3.25746 18.3948 2.46427
v 3.25746 18.349 2.34233
v 3.25746 21.4961 -4.59783
v 1.74301 22.1544 -4.29929
v 1.74301 19.0073 2.64088
v 2.01603 22.3351 -4.21737
v 2.01603 19.188 2.72279
v 2.01603 21.3892 -4.64631
v 1.74301 21.5698 -4.56439
v 1.63873 21.9639 -4.38569
v 1.63873 18.8168 2.55447
v 1.70622 18.714 2.609
v 1.81539 18.9135 2.69946
v 2.04596 19.066 2.76864
v 2.32357 19.066 2.76864
v 1.48488 21.9029 -4.41335
v 1.48488 18.7558 2.52681
v 1.51226 18.6371 2.57414
v 1.39147 18.3948 2.46427
v 1.40227 18.349 2.34233
v 1.40227 21.4961 -4.59783
v 2.34473 19.1365 2.77097
v 2.02479 19.1365 2.77097
v 2.97042 18.3466 2.41279
v 2.87662 18.7053 2.57542
v 3.25746 18.6388 2.54526
v 3.25746 18.3466 2.41279
v 1.76421 18.9641 2.69278
v 1.65849 18.7709 2.60519
v 1.39911 18.3466 2.41279
v 1.4929 18.7053 2.57542
v 4.77191 19.0073 2.64087
v 4.75071 18.9641 2.69278
v 4.87619 18.8168 2.55447
v 4.85642 18.7709 2.60519
v 4.69952 18.9135 2.69946
v 4.8087 18.714 2.609
v 4.49012 18.2397 2.36432
v 4.76608 18.4223 2.44712
v 4.46896 18.2879 2.41579
v 4.75202 18.4752 2.50072
v 4.49889 18.2421 2.29386
v 4.77191 18.4227 2.37578
v 4.16142 18.2421 2.29386
v 4.17019 18.2397 2.36432
v 3.88841 18.4227 2.37578
v 3.89423 18.4223 2.44712
v 4.19135 18.2879 2.41579
v 3.9083 18.4752 2.50072
v 4.77191 22.1544 -4.29929
v 4.49889 22.3351 -4.21737
v 4.49889 19.188 2.72279
v 4.49889 21.3892 -4.64631
v 4.77191 21.5698 -4.56439
v 4.87619 21.9639 -4.38569
v 5.03004 21.9029 -4.41335
v 5.03004 18.7558 2.52681
v 5.00265 18.6371 2.57414
v 5.12344 18.3948 2.46427
v 5.11265 18.349 2.34233
v 5.11265 21.4961 -4.59783
v 5.40285 21.8378 -4.44287
v 5.40285 18.6907 2.49729
v 5.40285 18.5672 2.54244
v 5.40285 18.3948 2.46427
v 5.40285 18.349 2.34233
v 5.40285 21.4961 -4.59783
v 3.88841 22.1544 -4.29929
v 3.88841 19.0073 2.64088
v 4.16142 22.3351 -4.21737
v 4.16142 19.188 2.72279
v 4.16142 21.3892 -4.64631
v 3.88841 21.5698 -4.56439
v 3.78412 21.9639 -4.38569
v 3.78412 18.8168 2.55447
v 3.85161 18.714 2.609
v 3.96079 18.9135 2.69946
v 4.19135 19.066 2.76864
v 4.46896 19.066 2.76864
v 3.63027 21.9029 -4.41335
v 3.63027 18.7558 2.52681
v 3.65766 18.6371 2.57414
v 3.53687 18.3948 2.46427
v 3.54767 18.349 2.34233
v 3.54767 21.4961 -4.59783
v 4.49012 19.1365 2.77097
v 4.17019 19.1365 2.77097
v 5.11581 18.3466 2.41279
v 5.02202 18.7053 2.57542
v 5.40285 18.6388 2.54526
v 5.40285 18.3466 2.41279
v 3.90961 18.9641 2.69278
v 3.80389 18.7709 2.60519
v 3.5445 18.3466 2.41279
v 3.63829 18.7053 2.57542
v 6.9173 19.0073 2.64087
v 6.8961 18.9641 2.69278
v 7.02159 18.8168 2.55447
v 7.00182 18.7709 2.60519
v 6.84492 18.9135 2.69946
v 6.9541 18.714 2.609
v 6.63552 18.2397 2.36432
v 6.91148 18.4223 2.44712
v 6.61436 18.2879 2.41579
v 6.89741 18.4752 2.50072
v 6.64429 18.2421 2.29386
v 6.9173 18.4227 2.37578
v 6.30682 18.2421 2.29386
v 6.31558 18.2397 2.36432
v 6.0338 18.4227 2.37578
v 6.03963 18.4223 2.44712
v 6.33675 18.2879 2.41579
v 6.05369 18.4752 2.50072
v 6.9173 22.1544 -4.29929
v 6.64429 22.3351 -4.21737
v 6.64429 19.188 2.72279
v 6.64429 21.3892 -4.64631
v 6.9173 21.5698 -4.56439
v 7.02159 21.9639 -4.38569
v 7.17544 21.9029 -4.41335
v 7.17544 18.7558 2.52681
v 7.14805 18.6371 2.57414
v 7.26884 18.3948 2.46427
v 7.25804 18.349 2.34233
v 7.25804 21.4961 -4.59783
v 7.54825 21.8378 -4.44287
v 7.54825 18.6907 2.49729
v 7.54825 18.5672 2.54244
v 7.54825 18.3948 2.46427
v 7.54825 18.349 2.34233
v 7.54825 21.4961 -4.59783
v 6.0338 22.1544 -4.29929
v 6.0338 19.0073 2.64088
v 6.30682 22.3351 -4.21737
v 6.30682 19.188 2.72279
v 6.30682 21.3892 -4.64631
v 6.0338 21.5698 -4.56439
v 5.92952 21.9639 -4.38569
v 5.92952 18.8168 2.55447
v 5.99701 18.714 2.609
v 6.10618 18.9135 2.69946
v 6.33675 19.066 2.76864
v 6.61436 19.066 2.76864
v 5.77567 21.9029 -4.41335
v 5.77567 18.7558 2.52681
v 5.80305 18.6371 2.57414
v 5.68226 18.3948 2.46427
v 5.69306 18.349 2.34233
v 5.69306 21.4961 -4.59783
v 6.63552 19.1365 2.77097
v 6.31558 19.1365 2.77097
v 7.26121 18.3466 2.41279
v 7.16741 18.7053 2.57542
v 7.54825 18.6388 2.54526
v 7.54825 18.3466 2.41279
v 6.055 18.9641 2.69278
v 5.94929 18.7709 2.60519
v 5.6899 18.3466 2.41279
v 5.78369 18.7053 2.57542
v 9.0627 19.0073 2.64087
v 9.0415 18.9641 2.69278
v 9.16698 18.8168 2.55447
v 9.14721 18.7709 2.60519
v 8.99032 18.9135 2.69946
v 9.09949 18.714 2.609
v 8.78092 18.2397 2.36432
v 9.05687 18.4223 2.44712
v 8.75975 18.2879 2.41579
v 9.04281 18.4752 2.50072
v 8.78968 18.2421 2.29386
v 9.0627 18.4227 2.37578
v 8.45221 18.2421 2.29386
v 8.46098 18.2397 2.36432
v 8.1792 18.4227 2.37578
v 8.18502 18.4223 2.44712
v 8.48214 18.2879 2.41579
v 8.19909 18.4752 2.50072
v 9.0627 22.1544 -4.29929
v 8.78968 22.3351 -4.21737
v 8.78968 19.188 2.72279
v 8.78968 21.3892 -4.64631
v 9.0627 21.5698 -4.56439
v 9.16698 21.9639 -4.38569
v 9.32083 21.9029 -4.41335
v 9.32083 18.7558 2.52681
v 9.29345 18.6371 2.57414
v 9.41423 18.3948 2.46427
v 9.40344 18.349 2.34233
v 9.40344 21.4961 -4.59783
v 9.69364 21.8378 -4.44287
v 9.69364 18.6907 2.49729
v 9.69364 18.5672 2.54244
v 9.69364 18.3948 2.46427
v 9.69364 18.349 2.34233
v 9.69364 21.4961 -4.59783
v 8.1792 22.1544 -4.29929
v 8.1792 19.0073 2.64088
v 8.45221 22.3351 -4.21737
v 8.45221 19.188 2.72279
v 8.45221 21.3892 -4.64631
v 8.1792 21.5698 -4.56439
v 8.07491 21.9639 -4.38569
v 8.07491 18.8168 2.55447
v 8.1424 18.714 2.609
v 8.25158 18.9135 2.69946
v 8.48214 19.066 2.76864
v 8.75975 19.066 2.76864
v 7.92106 21.9029 -4.41335
v 7.92106 18.7558 2.52681
v 7.94845 18.6371 2.57414
v 7.82766 18.3948 2.46427
v 7.83846 18.349 2.34233
v 7.83846 21.4961 -4.59783
v 8.78092 19.1365 2.77097
v 8.46098 19.1365 2.77097
v 9.4066 18.3466 2.41279
v 9.31281 18.7053 2.57542
v 9.69364 18.6388 2.54526
v 9.69364 18.3466 2.41279
v 8.2004 18.9641 2.69278
v 8.09468 18.7709 2.60519
v 7.83529 18.3466 2.41279
v 7.92908 18.7053 2.57542
v 11.2081 19.0073 2.64087
v 11.1869 18.9641 2.69278
v 11.3124 18.8168 2.55447
v 11.2926 18.7709 2.60519
v 11.1357 18.9135 2.69946
v 11.2449 18.714 2.609
v 10.9263 18.2397 2.36432
v 11.2023 18.4223 2.44712
v 10.9051 18.2879 2.41579
v 11.1882 18.4752 2.50072
v 10.9351 18.2421 2.29386
v 11.2081 18.4227 2.37578
v 10.5976 18.2421 2.29386
v 10.6064 18.2397 2.36432
v 10.3246 18.4227 2.37578
v 10.3304 18.4223 2.44712
v 10.6275 18.2879 2.41579
v 10.3445 18.4752 2.50072
v 11.2081 22.1544 -4.29929
v 10.9351 22.3351 -4.21737
v 10.9351 19.188 2.72279
v 10.9351 21.3892 -4.64631
v 11.2081 21.5698 -4.56439
v 11.3124 21.9639 -4.38569
v 11.4662 21.9029 -4.41335
v 11.4662 18.7558 2.52681
v 11.4388 18.6371 2.57414
v 11.5596 18.3948 2.46427
v 11.5488 18.349 2.34233
v 11.5488 21.4961 -4.59783
v 11.839 21.8378 -4.44287
v 11.839 18.6907 2.49729
v 11.839 18.5672 2.54244
v 11.839 18.3948 2.46427
v 11.839 18.349 2.34233
v 11.839 21.4961 -4.59783
v 10.3246 22.1544 -4.29929
v 10.3246 19.0073 2.64088
v 10.5976 22.3351 -4.21737
v 10.5976 19.188 2.72279
v 10.5976 21.3892 -4.64631
v 10.3246 21.5698 -4.56439
v 10.2203 21.9639 -4.38569
v 10.2203 18.8168 2.55447
v 10.2878 18.714 2.609
v 10.397 18.9135 2.69946
v 10.6275 19.066 2.76864
v 10.9051 19.066 2.76864
v 10.0665 21.9029 -4.41335
v 10.0665 18.7558 2.52681
v 10.0938 18.6371 2.57414
v 9.97306 18.3948 2.46427
v 9.98385 18.349 2.34233
v 9.98385 21.4961 -4.59783
v 10.9263 19.1365 2.77097
v 10.6064 19.1365 2.77097
v 11.552 18.3466 2.41279
v 11.4582 18.7053 2.57542
v 11.839 18.6388 2.54526
v 11.839 18.3466 2.41279
v 10.3458 18.9641 2.69278
v 10.2401 18.7709 2.60519
v 9.98069 18.3466 2.41279
v 10.0745 18.7053 2.57542
v 13.3535 19.0073 2.64087
v 13.3323 18.9641 2.69278
v 13.4578 18.8168 2.55447
v 13.438 18.7709 2.60519
v 13.2811 18.9135 2.69946
v 13.3903 18.714 2.609
v 13.0717 18.2397 2.36432
v 13.3477 18.4223 2.44712
v 13.0505 18.2879 2.41579
v 13.3336 18.4752 2.50072
v 13.0805 18.2421 2.29386
v 13.3535 18.4227 2.37578
v 12.743 18.2421 2.29386
v 12.7518 18.2397 2.36432
v 12.47 18.4227 2.37578
v 12.4758 18.4223 2.44712
v 12.7729 18.2879 2.41579
v 12.4899 18.4752 2.50072
v 13.3535 22.1544 -4.29929
v 13.0805 22.3351 -4.21737
v 13.0805 19.188 2.72279
v 13.0805 21.3892 -4.64631
v 13.3535 21.5698 -4.56439
v 13.4578 21.9639 -4.38569
v 13.6116 21.9029 -4.41335
v 13.6116 18.7558 2.52681
v 13.5842 18.6371 2.57414
v 13.705 18.3948 2.46427
v 13.6942 18.349 2.34233
v 13.6942 21.4961 -4.59783
v 13.9844 21.8378 -4.44287
v 13.9844 18.6907 2.49729
v 13.9844 18.5672 2.54244
v 13.9844 18.3948 2.46427
v 13.9844 18.349 2.34233
v 13.9844 21.4961 -4.59783
v 12.47 22.1544 -4.29929
v 12.47 19.0073 2.64088
v 12.743 22.3351 -4.21737
v 12.743 19.188 2.72279
v 12.743 21.3892 -4.64631
v 12.47 21.5698 -4.56439
v 12.3657 21.9639 -4.38569
v 12.3657 18.8168 2.55447
v 12.4332 18.714 2.609
v 12.5424 18.9135 2.69946
v 12.7729 19.066 2.76864
v 13.0505 19.066 2.76864
v 12.2119 21.9029 -4.41335
v 12.2119 18.7558 2.52681
v 12.2392 18.6371 2.57414
v 12.1185 18.3948 2.46427
v 12.1292 18.349 2.34233
v 12.1292 21.4961 -4.59783
v 13.0717 19.1365 2.77097
v 12.7518 19.1365 2.77097
v 13.6974 18.3466 2.41279
v 13.6036 18.7053 2.57542
v 13.9844 18.6388 2.54526
v 13.9844 18.3466 2.41279
v 12.4912 18.9641 2.69278
v 12.3855 18.7709 2.60519
v 12.1261 18.3466 2.41279
v 12.2199 18.7053 2.57542
v 15.4989 19.0073 2.64087
v 15.4777 18.9641 2.69278
v 15.6032 18.8168 2.55447
v 15.5834 18.7709 2.60519
v 15.4265 18.9135 2.69946
v 15.5357 18.714 2.609
v 15.2171 18.2397 2.36432
v 15.4931 18.4223 2.44712
v 15.1959 18.2879 2.41579
v 15.479 18.4752 2.50072
v 15.2259 18.2421 2.29386
v 15.4989 18.4227 2.37578
v 14.8884 18.2421 2.29386
v 14.8972 18.2397 2.36432
v 14.6154 18.4227 2.37578
v 14.6212 18.4223 2.44712
v 14.9183 18.2879 2.41579
v 14.6353 18.4752 2.50072
v 15.4989 22.1544 -4.29929
v 15.2259 22.3351 -4.21737
v 15.2259 19.188 2.72279
v 15.2259 21.3892 -4.64631
v 15.4989 21.5698 -4.56439
v 15.6032 21.9639 -4.38569
v 15.757 21.9029 -4.41335
v 15.757 18.7558 2.52681
v 15.7296 18.6371 2.57414
v 15.8504 18.3948 2.46427
v 15.8396 18.349 2.34233
v 15.8396 21.4961 -4.59783
v 16.1298 21.8378 -4.44287
v 16.1298 18.6907 2.49729
v 16.1298 18.5672 2.54244
v 16.1298 18.3948 2.46427
v 16.1298 18.349 2.34233
v 16.1298 21.4961 -4.59783
v 14.6154 22.1544 -4.29929
v 14.6154 19.0073 2.64088
v 14.8884 22.3351 -4.21737
v 14.8884 19.188 2.72279
v 14.8884 21.3892 -4.64631
v 14.6154 21.5698 -4.56439
v 14.5111 21.9639 -4.38569
v 14.5111 18.8168 2.55447
v 14.5786 18.714 2.609
v 14.6878 18.9135 2.69946
v 14.9183 19.066 2.76864
v 15.1959 19.066 2.76864
v 14.3573 21.9029 -4.41335
v 14.3573 18.7558 2.52681
v 14.3846 18.6371 2.57414
v 14.2638 18.3948 2.46427
v 14.2746 18.349 2.34233
v 14.2746 21.4961 -4.59783
v 15.2171 19.1365 2.77097
v 14.8972 19.1365 2.77097
v 15.8428 18.3466 2.41279
v 15.749 18.7053 2.57542
v 16.1298 18.6388 2.54526
v 16.1298 18.3466 2.41279
v 14.6366 18.9641 2.69278
v 14.5309 18.7709 2.60519
v 14.2715 18.3466 2.41279
v 14.3653 18.7053 2.57542
v 17.6443 19.0073 2.64087
v 17.6231 18.9641 2.69278
v 17.7486 18.8168 2.55447
v 17.7288 18.7709 2.60519
v 17.5719 18.9135 2.69946
v 17.6811 18.714 2.609
v 17.3625 18.2397 2.36432
v 17.6385 18.4223 2.44712
v 17.3413 18.2879 2.41579
v 17.6244 18.4752 2.50072
v 17.3713 18.2421 2.29386
v 17.6443 18.4227 2.37578
v 17.0338 18.2421 2.29386
v 17.0426 18.2397 2.36432
v 16.7608 18.4227 2.37578
v 16.7666 18.4223 2.44712
v 17.0637 18.2879 2.41579
v 16.7807 18.4752 2.50072
v 17.6443 22.1544 -4.29929
v 17.3713 22.3351 -4.21737
v 17.3713 19.188 2.72279
v 17.3713 21.3892 -4.64631
v 17.6443 21.5698 -4.56439
v 17.7486 21.9639 -4.38569
v 17.9024 21.9029 -4.41335
v 17.9024 18.7558 2.52681
v 17.875 18.6371 2.57414
v 17.9958 18.3948 2.46427
v 17.985 18.349 2.34233
v 17.985 21.4961 -4.59783
v 18.2752 21.8378 -4.44287
v 18.2752 18.6907 2.49729
v 18.2752 18.5672 2.54244
v 18.2752 18.3948 2.46427
v 18.2752 18.349 2.34233
v 18.2752 21.4961 -4.59783
v 16.7608 22.1544 -4.29929
v 16.7608 19.0073 2.64088
v 17.0338 22.3351 -4.21737
v 17.0338 19.188 2.72279
v 17.0338 21.3892 -4.64631
v 16.7608 21.5698 -4.56439
v 16.6565 21.9639 -4.38569
v 16.6565 18.8168 2.55447
v 16.724 18.714 2.609
v 16.8332 18.9135 2.69946
v 17.0637 19.066 2.76864
v 17.3413 19.066 2.76864
v 16.5026 21.9029 -4.41335
v 16.5026 18.7558 2.52681
v 16.53 18.6371 2.57414
v 16.4092 18.3948 2.46427
v 16.42 18.349 2.34233
v 16.42 21.4961 -4.59783
v 17.3625 19.1365 2.77097
v 17.0426 19.1365 2.77097
v 17.9882 18.3466 2.41279
v 17.8944 18.7053 2.57542
v 18.2752 18.6388 2.54526
v 18.2752 18.3466 2.41279
v 16.782 18.9641 2.69278
v 16.6763 18.7709 2.60519
v 16.4169 18.3466 2.41279
v 16.5107 18.7053 2.57542
v 19.7897 19.0073 2.64087
v 19.7685 18.9641 2.69278
v 19.894 18.8168 2.55447
v 19.8742 18.7709 2.60519
v 19.7173 18.9135 2.69946
v 19.8265 18.714 2.609
v 19.5079 18.2397 2.36432
v 19.7838 18.4223 2.44712
v 19.4867 18.2879 2.41579
v 19.7698 18.4752 2.50072
v 19.5167 18.2421 2.29386
v 19.7897 18.4227 2.37578
v 19.1792 18.2421 2.29386
v 19.188 18.2397 2.36432
v 18.9062 18.4227 2.37578
v 18.912 18.4223 2.44712
v 19.2091 18.2879 2.41579
v 18.9261 18.4752 2.50072
v 19.7897 22.1544 -4.29929
v 19.5167 22.3351 -4.21737
v 19.5167 19.188 2.72279
v 19.5167 21.3892 -4.64631
v 19.7897 21.5698 -4.56439
v 19.894 21.9639 -4.38569
v 20.0478 21.9029 -4.41335
v 20.0478 18.7558 2.52681
v 20.0204 18.6371 2.57414
v 20.1412 18.3948 2.46427
v 20.1304 18.349 2.34233
v 20.1304 21.4961 -4.59783
v 20.4206 21.8378 -4.44287
v 20.4206 18.6907 2.49729
v 20.4206 18.5672 2.54244
v 20.4206 18.3948 2.46427
v 20.4206 18.349 2.34233
v 20.4206 21.4961 -4.59783
v 18.9062 22.1544 -4.29929
v 18.9062 19.0073 2.64088
v 19.1792 22.3351 -4.21737
v 19.1792 19.188 2.72279
v 19.1792 21.3892 -4.64631
v 18.9062 21.5698 -4.56439
v 18.8019 21.9639 -4.38569
v 18.8019 18.8168 2.55447
v 18.8694 18.714 2.609
v 18.9786 18.9135 2.69946
v 19.2091 19.066 2.76864
v 19.4867 19.066 2.76864
v 18.648 21.9029 -4.41335
v 18.648 18.7558 2.52681
v 18.6754 18.6371 2.57414
v 18.5546 18.3948 2.46427
v 18.5654 18.349 2.34233
v 18.5654 21.4961 -4.59783
v 19.5079 19.1365 2.77097
v 19.188 19.1365 2.77097
v 20.1336 18.3466 2.41279
v 20.0398 18.7053 2.57542
v 20.4206 18.6388 2.54526
v 20.4206 18.3466 2.41279
v 18.9274 18.9641 2.69278
v 18.8217 18.7709 2.60519
v 18.5623 18.3466 2.41279
v 18.6561 18.7053 2.57542
v 21.9351 19.0073 2.64087
v 21.9139 18.9641 2.69278
v 22.0394 18.8168 2.55447
v 22.0196 18.7709 2.60519
v 21.8627 18.9135 2.69946
v 21.9719 18.714 2.609
v 21.6533 18.2397 2.36432
v 21.9292 18.4223 2.44712
v 21.6321 18.2879 2.41579
v 21.9152 18.4752 2.50072
v 21.6621 18.2421 2.29386
v 21.9351 18.4227 2.37578
v 21.3246 18.2421 2.29386
v 21.3334 18.2397 2.36432
v 21.0516 18.4227 2.37578
v 21.0574 18.4223 2.44712
v 21.3545 18.2879 2.41579
v 21.0715 18.4752 2.50072
v 21.9351 22.1544 -4.29929
v 21.6621 22.3351 -4.21737
v 21.6621 19.188 2.72279
v 21.6621 21.3892 -4.64631
v 21.9351 21.5698 -4.56439
v 22.0394 21.9639 -4.38569
v 22.1932 21.9029 -4.41335
v 22.1932 18.7558 2.52681
v 22.1658 18.6371 2.57414
v 22.2866 18.3948 2.46427
v 22.2758 18.349 2.34233
v 22.2758 21.4961 -4.59783
v 22.566 21.8378 -4.44287
v 22.566 18.6907 2.49729
v 22.566 18.5672 2.54244
v 22.566 18.3948 2.46427
v 22.566 18.349 2.34233
v 22.566 21.4961 -4.59783
v 21.0516 22.1544 -4.29929
v 21.0516 19.0073 2.64088
v 21.3246 22.3351 -4.21737
v 21.3246 19.188 2.72279
v 21.3246 21.3892 -4.64631
v 21.0516 21.5698 -4.56439
v 20.9473 21.9639 -4.38569
v 20.9473 18.8168 2.55447
v 21.0148 18.714 2.609
v 21.124 18.9135 2.69946
v 21.3545 19.066 2.76864
v 21.6321 19.066 2.76864
v 20.7934 21.9029 -4.41335
v 20.7934 18.7558 2.52681
v 20.8208 18.6371 2.57414
v 20.7 18.3948 2.46427
v 20.7108 18.349 2.34233
v 20.7108 21.4961 -4.59783
v 21.6533 19.1365 2.77097
v 21.3334 19.1365 2.77097
v 22.279 18.3466 2.41279
v 22.1852 18.7053 2.57542
v 22.566 18.6388 2.54526
v 22.566 18.3466 2.41279
v 21.0728 18.9641 2.69278
v 20.9671 18.7709 2.60519
v 20.7077 18.3466 2.41279
v 20.8015 18.7053 2.57542
v 24.0805 19.0073 2.64087
v 24.0593 18.9641 2.69278
v 24.1848 18.8168 2.55447
v 24.165 18.7709 2.60519
v 24.0081 18.9135 2.69946
v 24.1173 18.714 2.609
v 23.7987 18.2397 2.36432
v 24.0746 18.4223 2.44712
v 23.7775 18.2879 2.41579
v 24.0606 18.4752 2.50072
v 23.8074 18.2421 2.29386
v 24.0805 18.4227 2.37578
v 23.47 18.2421 2.29386
v 23.4787 18.2397 2.36432
v 23.197 18.4227 2.37578
v 23.2028 18.4223 2.44712
v 23.4999 18.2879 2.41579
v 23.2169 18.4752 2.50072
v 24.0805 22.1544 -4.29929
v 23.8074 22.3351 -4.21737
v 23.8074 19.188 2.72279
v 23.8074 21.3892 -4.64631
v 24.0805 21.5698 -4.56439
v 24.1848 21.9639 -4.38569
v 24.3386 21.9029 -4.41335
v 24.3386 18.7558 2.52681
v 24.3112 18.6371 2.57414
v 24.432 18.3948 2.46427
v 24.4212 18.349 2.34233
v 24.4212 21.4961 -4.59783
v 24.7114 21.8378 -4.44287
v 24.7114 18.6907 2.49729
v 24.7114 18.5672 2.54244
v 24.7114 18.3948 2.46427
v 24.7114 18.349 2.34233
v 24.7114 21.4961 -4.59783
v 23.197 22.1544 -4.29929
v 23.197 19.0073 2.64088
v 23.47 22.3351 -4.21737
v 23.47 19.188 2.72279
v 23.47 21.3892 -4.64631
v 23.197 21.5698 -4.56439
v 23.0927 21.9639 -4.38569
v 23.0927 18.8168 2.55447
v 23.1602 18.714 2.609
v 23.2693 18.9135 2.69946
v 23.4999 19.066 2.76864
v 23.7775 19.066 2.76864
v 22.9388 21.9029 -4.41335
v 22.9388 18.7558 2.52681
v 22.9662 18.6371 2.57414
v 22.8454 18.3948 2.46427
v 22.8562 18.349 2.34233
v 22.8562 21.4961 -4.59783
v 23.7987 19.1365 2.77097
v 23.4787 19.1365 2.77097
v 24.4244 18.3466 2.41279
v 24.3306 18.7053 2.57542
v 24.7114 18.6388 2.54526
v 24.7114 18.3466 2.41279
v 23.2182 18.9641 2.69278
v 23.1124 18.7709 2.60519
v 22.8531 18.3466 2.41279
v 22.9469 18.7053 2.57542
v 26.2259 19.0073 2.64087
v 26.2047 18.9641 2.69278
v 26.3301 18.8168 2.55447
v 26.3104 18.7709 2.60519
v 26.1535 18.9135 2.69946
v 26.2627 18.714 2.609
v 25.9441 18.2397 2.36432
v 26.22 18.4223 2.44712
v 25.9229 18.2879 2.41579
v 26.206 18.4752 2.50072
v 25.9528 18.2421 2.29386
v 26.2259 18.4227 2.37578
v 25.6154 18.2421 2.29386
v 25.6241 18.2397 2.36432
v 25.3424 18.4227 2.37578
v 25.3482 18.4223 2.44712
v 25.6453 18.2879 2.41579
v 25.3623 18.4752 2.50072
v 26.2259 22.1544 -4.29929
v 25.9528 22.3351 -4.21737
v 25.9528 19.188 2.72279
v 25.9528 21.3892 -4.64631
v 26.2259 21.5698 -4.56439
v 26.3301 21.9639 -4.38569
v 26.484 21.9029 -4.41335
v 26.484 18.7558 2.52681
v 26.4566 18.6371 2.57414
v 26.5774 18.3948 2.46427
v 26.5666 18.349 2.34233
v 26.5666 21.4961 -4.59783
v 26.8568 21.8378 -4.44287
v 26.8568 18.6907 2.49729
v 26.8568 18.5672 2.54244
v 26.8568 18.3948 2.46427
v 26.8568 18.349 2.34233
v 26.8568 21.4961 -4.59783
v 25.3424 22.1544 -4.29929
v 25.3424 19.0073 2.64088
v 25.6154 22.3351 -4.21737
v 25.6154 19.188 2.72279
v 25.6154 21.3892 -4.64631
v 25.3424 21.5698 -4.56439
v 25.2381 21.9639 -4.38569
v 25.2381 18.8168 2.55447
v 25.3056 18.714 2.609
v 25.4147 18.9135 2.69946
v 25.6453 19.066 2.76864
v 25.9229 19.066 2.76864
v 25.0842 21.9029 -4.41335
v 25.0842 18.7558 2.52681
v 25.1116 18.6371 2.57414
v 24.9908 18.3948 2.46427
v 25.0016 18.349 2.34233
v 25.0016 21.4961 -4.59783
v 25.9441 19.1365 2.77097
v 25.6241 19.1365 2.77097
v 26.5698 18.3466 2.41279
v 26.476 18.7053 2.57542
v 26.8568 18.6388 2.54526
v 26.8568 18.3466 2.41279
v 25.3636 18.9641 2.69278
v 25.2578 18.7709 2.60519
v 24.9985 18.3466 2.41279
v 25.0922 18.7053 2.57542
v 28.3713 19.0073 2.64087
v 28.3501 18.9641 2.69278
v 28.4755 18.8168 2.55447
v 28.4558 18.7709 2.60519
v 28.2989 18.9135 2.69946
v 28.4081 18.714 2.609
v 28.0895 18.2397 2.36432
v 28.3654 18.4223 2.44712
v 28.0683 18.2879 2.41579
v 28.3514 18.4752 2.50072
v 28.0982 18.2421 2.29386
v 28.3713 18.4227 2.37578
v 27.7608 18.2421 2.29386
v 27.7695 18.2397 2.36432
v 27.4878 18.4227 2.37578
v 27.4936 18.4223 2.44712
v 27.7907 18.2879 2.41579
v 27.5076 18.4752 2.50072
v 28.3713 22.1544 -4.29929
v 28.0982 22.3351 -4.21737
v 28.0982 19.188 2.72279
v 28.0982 21.3892 -4.64631
v 28.3713 21.5698 -4.56439
v 28.4755 21.9639 -4.38569
v 28.6294 21.9029 -4.41335
v 28.6294 18.7558 2.52681
v 28.602 18.6371 2.57414
v 28.7228 18.3948 2.46427
v 28.712 18.349 2.34233
v 28.712 21.4961 -4.59783
v 29.0022 21.8378 -4.44287
v 29.0022 18.6907 2.49729
v 29.0022 18.5672 2.54244
v 29.0022 18.3948 2.46427
v 29.0022 18.349 2.34233
v 29.0022 21.4961 -4.59783
v 27.4878 22.1544 -4.29929
v 27.4878 19.0073 2.64088
v 27.7608 22.3351 -4.21737
v 27.7608 19.188 2.72279
v 27.7608 21.3892 -4.64631
v 27.4878 21.5698 -4.56439
v 27.3835 21.9639 -4.38569
v 27.3835 18.8168 2.55447
v 27.451 18.714 2.609
v 27.5601 18.9135 2.69946
v 27.7907 19.066 2.76864
v 28.0683 19.066 2.76864
v 27.2296 21.9029 -4.41335
v 27.2296 18.7558 2.52681
v 27.257 18.6371 2.57414
v 27.1362 18.3948 2.46427
v 27.147 18.349 2.34233
v 27.147 21.4961 -4.59783
v 28.0895 19.1365 2.77097
v 27.7695 19.1365 2.77097
v 28.7152 18.3466 2.41279
v 28.6214 18.7053 2.57542
v 29.0022 18.6388 2.54526
v 29.0022 18.3466 2.41279
v 27.509 18.9641 2.69278
v 27.4032 18.7709 2.60519
v 27.1439 18.3466 2.41279
v 27.2376 18.7053 2.57542
v 30.5167 19.0073 2.64087
v 30.4955 18.9641 2.69278
v 30.6209 18.8168 2.55447
v 30.6012 18.7709 2.60519
v 30.4443 18.9135 2.69946
v 30.5534 18.714 2.609
v 30.2349 18.2397 2.36432
v 30.5108 18.4223 2.44712
v 30.2137 18.2879 2.41579
v 30.4968 18.4752 2.50072
v 30.2436 18.2421 2.29386
v 30.5167 18.4227 2.37578
v 29.9062 18.2421 2.29386
v 29.9149 18.2397 2.36432
v 29.6332 18.4227 2.37578
v 29.639 18.4223 2.44712
v 29.9361 18.2879 2.41579
v 29.653 18.4752 2.50072
v 30.5167 22.1544 -4.29929
v 30.2436 22.3351 -4.21737
v 30.2436 19.188 2.72279
v 30.2436 21.3892 -4.64631
v 30.5167 21.5698 -4.56439
v 30.6209 21.9639 -4.38569
v 30.7748 21.9029 -4.41335
v 30.7748 18.7558 2.52681
v 30.7474 18.6371 2.57414
v 30.8682 18.3948 2.46427
v 30.8574 18.349 2.34233
v 30.8574 21.4961 -4.59783
v 31.1476 21.8378 -4.44287
v 31.1476 18.6907 2.49729
v 31.1476 18.5672 2.54244
v 31.1476 18.3948 2.46427
v 31.1476 18.349 2.34233
v 31.1476 21.4961 -4.59783
v 29.6332 22.1544 -4.29929
v 29.6332 19.0073 2.64088
v 29.9062 22.3351 -4.21737
v 29.9062 19.188 2.72279
v 29.9062 21.3892 -4.64631
v 29.6332 21.5698 -4.56439
v 29.5289 21.9639 -4.38569
v 29.5289 18.8168 2.55447
v 29.5964 18.714 2.609
v 29.7055 18.9135 2.69946
v 29.9361 19.066 2.76864
v 30.2137 19.066 2.76864
v 29.375 21.9029 -4.41335
v 29.375 18.7558 2.52681
v 29.4024 18.6371 2.57414
v 29.2816 18.3948 2.46427
v 29.2924 18.349 2.34233
v 29.2924 21.4961 -4.59783
v 30.2349 19.1365 2.77097
v 29.9149 19.1365 2.77097
v 30.8606 18.3466 2.41279
v 30.7668 18.7053 2.57542
v 31.1476 18.6388 2.54526
v 31.1476 18.3466 2.41279
v 29.6544 18.9641 2.69278
v 29.5486 18.7709 2.60519
v 29.2892 18.3466 2.41279
v 29.383 18.7053 2.57542
v 32.6621 19.0073 2.64087
v 32.6409 18.9641 2.69278
v 32.7663 18.8168 2.55447
v 32.7466 18.7709 2.60519
v 32.5897 18.9135 2.69946
v 32.6988 18.714 2.609
v 32.3803 18.2397 2.36432
v 32.6562 18.4223 2.44712
v 32.3591 18.2879 2.41579
v 32.6422 18.4752 2.50072
v 32.389 18.2421 2.29386
v 32.6621 18.4227 2.37578
v 32.0516 18.2421 2.29386
v 32.0603 18.2397 2.36432
v 31.7785 18.4227 2.37578
v 31.7844 18.4223 2.44712
v 32.0815 18.2879 2.41579
v 31.7984 18.4752 2.50072
v 32.6621 22.1544 -4.29929
v 32.389 22.3351 -4.21737
v 32.389 19.188 2.72279
v 32.389 21.3892 -4.64631
v 32.6621 21.5698 -4.56439
v 32.7663 21.9639 -4.38569
v 32.9202 21.9029 -4.41335
v 32.9202 18.7558 2.52681
v 32.8928 18.6371 2.57414
v 33.0136 18.3948 2.46427
v 33.0028 18.349 2.34233
v 33.0028 21.4961 -4.59783
v 31.7785 22.1544 -4.29929
v 31.7785 19.0073 2.64088
v 32.0516 22.3351 -4.21737
v 32.0516 19.188 2.72279
v 32.0516 21.3892 -4.64631
v 31.7785 21.5698 -4.56439
v 31.6743 21.9639 -4.38569
v 31.6743 18.8168 2.55447
v 31.7418 18.714 2.609
v 31.8509 18.9135 2.69946
v 32.0815 19.066 2.76864
v 32.3591 19.066 2.76864
v 31.5204 21.9029 -4.41335
v 31.5204 18.7558 2.52681
v 31.5478 18.6371 2.57414
v 31.427 18.3948 2.46427
v 31.4378 18.349 2.34233
v 31.4378 21.4961 -4.59783
v 32.3803 19.1365 2.77097
v 32.0603 19.1365 2.77097
v 33.006 18.3466 2.41279
v 32.9122 18.7053 2.57542
v 31.7997 18.9641 2.69278
v 31.694 18.7709 2.60519
v 31.4346 18.3466 2.41279
v 31.5284 18.7053 2.57542
vn 0.733857 0.617271 0.283602
vn 0.540991 0.168996 0.823875
vn 0.730532 0.620203 0.285781
vn 0.457018 0.07836 0.885999
vn 0.01134 -0.403687 0.914827
vn 0.006051 -0.407586 0.913147
vn 0.002265 -0.424206 0.905563
vn 0.006355 -0.429395 0.903095
vn 0.005602 -0.397356 0.917647
vn -0.005516 -0.397462 0.917602
vn -0.01444 -0.403367 0.914924
vn -0.017849 -0.412923 0.910591
vn -0.01444 -0.422478 0.906258
vn -0.005516 -0.428383 0.903581
vn 0.020058 -0.343709 0.938862
vn -0.013459 -0.502912 0.864233
vn -0 -0.332135 0.943232
vn -1e-06 -0.4858 0.87407
vn 0.230016 0.365764 0.901837
vn 0.309019 0.864785 0.395796
vn -0.229581 0.367081 0.901412
vn -0.309015 0.864788 0.395792
vn -0.601057 0.12128 0.789951
vn -0.809011 0.533948 0.245767
vn -0.74295 -0.276434 0.609598
vn -0.999995 -0.001369 0.003019
vn -0.60106 -0.674148 0.429246
vn -0.809014 -0.536682 -0.239727
vn -0.22958 -0.919946 0.317793
vn -0.309016 -0.867526 -0.389753
vn 0.23367 -0.914654 0.329858
vn 0.309053 -0.867537 -0.3897
vn 0.113012 -0.875853 0.469158
vn 0.187824 -0.896306 -0.401693
vn -0.09273 -0.93532 0.341436
vn -0.127312 -0.904745 -0.406483
vn 0.175216 0.298936 0.938049
vn 0.254255 0.879276 0.402776
vn 4e-06 0.909169 0.416428
vn 1e-06 0.30659 0.951842
vn -3e-06 -0.937385 0.348296
vn -5e-06 -0.912173 -0.409806
vn 0.733842 0.618681 0.280551
vn 0.309017 0.866162 0.392775
vn -0.309018 0.866162 0.392775
vn -0.809016 0.535319 0.242749
vn -1 1e-06 0
vn -0.809018 -0.535316 -0.242747
vn -0.309017 -0.866162 -0.392775
vn 0.309016 -0.866162 -0.392775
vn 0.187843 -0.894525 -0.405636
vn 0.730573 0.621882 0.282003
vn 0.254246 0.880809 0.399417
vn -0.127304 -0.903327 -0.409628
vn 5e-06 0.910736 0.412988
vn -5e-06 -0.910737 -0.412988
vn -0.733858 0.61727 0.283602
vn -0.730533 0.620202 0.285782
vn -0.540987 0.168996 0.823877
vn -0.457022 0.078361 0.885997
vn -0.01134 -0.403687 0.914827
vn -0.006051 -0.407587 0.913147
vn -0.002265 -0.424206 0.905563
vn -0.006355 -0.429395 0.903094
vn -0.005602 -0.397357 0.917647
vn 0.005515 -0.428383 0.903581
vn 0.01444 -0.422478 0.906258
vn 0.017849 -0.412924 0.910591
vn 0.01444 -0.403368 0.914924
vn 0.005516 -0.397463 0.917602
vn -0.020058 -0.34371 0.938862
vn 0.013459 -0.502909 0.864234
vn 1e-06 -0.485799 0.874071
vn -0.230015 0.365763 0.901838
vn -0.309016 0.864786 0.395795
vn 0.229583 0.367085 0.90141
vn 0.309016 0.864787 0.395793
vn 0.601061 0.121285 0.789946
vn 0.809012 0.533945 0.245767
vn 0.742958 -0.276427 0.609592
vn 0.999995 -0.00137 0.003019
vn 0.601063 -0.674143 0.42925
vn 0.809013 -0.536683 -0.239727
vn 0.229581 -0.919943 0.3178
vn 0.309016 -0.867526 -0.389753
vn -0.233669 -0.914655 0.329856
vn -0.309053 -0.867537 -0.3897
vn -0.113011 -0.875852 0.46916
vn -0.187824 -0.896306 -0.401693
vn 0.09273 -0.935319 0.341436
vn 0.127312 -0.904745 -0.406483
vn -0.254256 0.879275 0.402777
vn -0.175216 0.298939 0.938048
vn -5e-06 0.909168 0.416429
vn -2e-06 0.306591 0.951842
vn 3e-06 -0.937383 0.3483
vn 5e-06 -0.912173 -0.409805
vn -0.733843 0.618681 0.280551
vn -0.309015 0.866163 0.392774
vn 0.309019 0.866161 0.392776
vn 0.809017 0.535317 0.242749
vn 1 0 0
vn 0.809017 -0.535318 -0.242747
vn 0.309017 -0.866162 -0.392774
vn -0.309016 -0.866162 -0.392775
vn -0.187843 -0.894525 -0.405636
vn -0.730574 0.62188 0.282003
vn -0.254247 0.880809 0.399418
vn 0.127304 -0.903327 -0.409628
vn -5e-06 0.910736 0.41299
vn 5e-06 -0.910737 -0.412987
vn 0.733859 0.617269 0.283602
vn 0.540983 0.16899 0.823881
vn 0.730535 0.6202 0.28578
vn 0.457027 0.078361 0.885994
vn 0.011083 -0.403898 0.914737
vn 0.005921 -0.407703 0.913095
vn 0.233671 -0.914653 0.329861
vn 0.113013 -0.875853 0.469159
vn 0.006213 -0.429029 0.903269
vn 0.002217 -0.423969 0.905674
vn 0.309054 -0.867536 -0.3897
vn 0.187823 -0.896307 -0.401693
vn -0.309054 -0.867536 -0.3897
vn -0.233671 -0.914653 0.32986
vn -0.187822 -0.896307 -0.401693
vn -0.113012 -0.875854 0.469157
vn -0.006213 -0.429029 0.903269
vn -0.002217 -0.423969 0.905674
vn 0.733845 0.618679 0.28055
vn 0.309016 0.866162 0.392775
vn 0.309017 0.864785 0.395796
vn 0.309017 -0.866162 -0.392775
vn 0.187842 -0.894525 -0.405637
vn 0.730577 0.621878 0.282001
vn 0.25424 0.88081 0.399418
vn 0.25425 0.879277 0.402776
vn 0.020059 -0.343709 0.938862
vn -0.013458 -0.502914 0.864232
vn -0 0.910736 0.412988
vn -0 0.909169 0.416427
vn -0 -0.4858 0.87407
vn 0 -0.912173 -0.409806
vn 0 -0.910737 -0.412988
vn -0.733845 0.618679 0.28055
vn -0.733859 0.617269 0.283601
vn -0.309015 0.866163 0.392775
vn -0.309016 0.864786 0.395796
vn -0.187841 -0.894525 -0.405636
vn -0.730578 0.621877 0.282001
vn -0.730536 0.620199 0.285779
vn -0.005921 -0.407703 0.913095
vn -0.011083 -0.403898 0.914737
vn -0.005476 -0.397709 0.917495
vn 0.005476 -0.397709 0.917495
vn -0.254239 0.880811 0.399418
vn -0.254248 0.879277 0.402777
vn -0.02006 -0.343708 0.938862
vn 0.013458 -0.502916 0.864231
vn 0.12731 -0.904745 -0.406482
vn 0.127302 -0.903327 -0.409628
vn 0.230017 0.365752 0.901842
vn -0.230016 0.365753 0.901841
vn -0.092727 -0.935317 0.341443
vn 0.175219 0.298942 0.938047
vn 0 0.30659 0.951842
vn -0 -0.937383 0.348302
vn -0.540987 0.16899 0.823879
vn -0.457025 0.078358 0.885996
vn 0.092727 -0.935319 0.341438
vn -0.175218 0.29894 0.938048
vn 0.540989 0.168992 0.823877
vn 0.730535 0.620201 0.28578
vn 0.457026 0.07836 0.885995
vn 0.011083 -0.403899 0.914736
vn 0.233672 -0.914653 0.329859
vn 0.113013 -0.875853 0.469158
vn 0.006213 -0.42903 0.903269
vn 0.002217 -0.42397 0.905674
vn -0.233672 -0.914654 0.329856
vn -0.113013 -0.875853 0.469159
vn -0.006213 -0.42903 0.903269
vn 0.733844 0.61868 0.28055
vn 0.187841 -0.894525 -0.405637
vn 0.730576 0.621879 0.282001
vn 0.254241 0.880811 0.399418
vn -0.013458 -0.502917 0.86423
vn -0.127304 -0.903326 -0.409628
vn -0 -0.485801 0.87407
vn -0.730537 0.620199 0.28578
vn -0.011083 -0.403899 0.914737
vn -0.254241 0.88081 0.399418
vn -0.25425 0.879277 0.402777
vn 0.013458 -0.502914 0.864232
vn 0.230018 0.365751 0.901842
vn -0.230015 0.365749 0.901843
vn -0.092728 -0.935319 0.341438
vn 0.175218 0.298939 0.938048
vn 0 0.306588 0.951842
vn -0.540985 0.168991 0.823879
vn -0.457026 0.078359 0.885995
vn 0.092728 -0.935317 0.341443
vn -0.175219 0.298942 0.938047
vn 0.733859 0.617269 0.283601
vn 0.54099 0.168993 0.823876
vn 0.730534 0.620202 0.285779
vn 0.457028 0.07836 0.885994
vn 0.011083 -0.403899 0.914737
vn 0.233672 -0.914653 0.32986
vn 0.113014 -0.875851 0.469162
vn 0.187822 -0.896306 -0.401693
vn -0.233672 -0.914655 0.329855
vn -0.113013 -0.875854 0.469156
vn 0.309018 -0.866162 -0.392775
vn 0.730576 0.62188 0.282001
vn 0.25424 0.880811 0.399417
vn 0.254249 0.879278 0.402776
vn -0.013458 -0.502912 0.864233
vn -0.127304 -0.903327 -0.409627
vn -0.733844 0.61868 0.28055
vn -0.733859 0.61727 0.283601
vn -0.309016 0.864786 0.395797
vn -0.730579 0.621876 0.282001
vn -0.730537 0.620198 0.28578
vn 0.013458 -0.502914 0.864231
vn 0.230018 0.365751 0.901841
vn -0.230016 0.365751 0.901842
vn -0.092727 -0.935318 0.341441
vn 0.175219 0.298941 0.938047
vn 0 0.306589 0.951842
vn 0 -0.937383 0.348301
vn -0.54099 0.168991 0.823876
vn -0.457024 0.078355 0.885996
vn 0.092728 -0.935317 0.341442
vn 0.733858 0.61727 0.283602
vn 0.540988 0.168991 0.823878
vn 0.730533 0.620203 0.285779
vn 0.457025 0.078358 0.885996
vn 0.005921 -0.407703 0.913096
vn 0.233671 -0.914655 0.329855
vn 0.113014 -0.875856 0.469153
vn 0.187823 -0.896306 -0.401693
vn -0.233671 -0.914654 0.329859
vn -0.113012 -0.875853 0.469158
vn 0.309017 0.864785 0.395797
vn 0.730575 0.621881 0.282001
vn -0.013458 -0.502916 0.86423
vn -0 -0.332136 0.943231
vn -0 -0.485802 0.874069
vn 0 -0.910736 -0.412989
vn -0.733844 0.61868 0.280549
vn -0.309014 0.866163 0.392775
vn -0.309017 -0.866162 -0.392774
vn -0.005921 -0.407702 0.913096
vn -0.254241 0.88081 0.399419
vn 0.127304 -0.903326 -0.409628
vn 0.230017 0.36575 0.901842
vn 0.175218 0.29894 0.938048
vn 0 0.306587 0.951843
vn -0 -0.937379 0.348312
vn -0.540988 0.168991 0.823877
vn -0.457025 0.078359 0.885996
vn 0.092728 -0.935319 0.341438
vn -0.175217 0.298941 0.938048
vn 0.73386 0.617268 0.283601
vn 0.113014 -0.875853 0.469159
vn 0.187822 -0.896307 -0.401693
vn -0.113014 -0.875855 0.469155
vn -0.013458 -0.502915 0.864231
vn 0 0.910736 0.412989
vn 0 0.909169 0.416428
vn -0 -0.332136 0.943232
vn -0.733859 0.61727 0.283602
vn -0.187841 -0.894525 -0.405635
vn -0.730578 0.621878 0.282001
vn -0.730536 0.620199 0.28578
vn -0.011083 -0.403899 0.914736
vn -0.25424 0.880811 0.399418
vn -0.25425 0.879277 0.402776
vn -0.092727 -0.93532 0.341437
vn 0 -0.93738 0.348307
vn -0.540988 0.16899 0.823878
vn -0.457025 0.078354 0.885996
vn 0.092728 -0.935318 0.341442
vn 0.540989 0.168989 0.823877
vn 0.730536 0.620199 0.28578
vn 0.457028 0.078359 0.885994
vn 0.113014 -0.875852 0.46916
vn 0.309054 -0.867537 -0.3897
vn 0.187823 -0.896306 -0.401694
vn -0.233672 -0.914655 0.329854
vn -0.113013 -0.875855 0.469154
vn 0.020059 -0.34371 0.938862
vn -0 -0.485803 0.874068
vn -0.02006 -0.343707 0.938863
vn 0.127313 -0.904745 -0.406483
vn 0.230017 0.365748 0.901843
vn -0.092727 -0.935319 0.341437
vn -0 -0.937381 0.348307
vn -0.540988 0.168989 0.823878
vn 0.092728 -0.935318 0.341441
vn 0.54099 0.168997 0.823875
vn 0.730535 0.620201 0.285779
vn 0.233673 -0.914652 0.32986
vn 0.187822 -0.896306 -0.401694
vn -0.309054 -0.867537 -0.389699
vn -0.127313 -0.904745 -0.406482
vn 0 -0.912173 -0.409805
vn -0.73386 0.617269 0.283601
vn -0.730579 0.621875 0.282001
vn -0.730538 0.620197 0.28578
vn 0.230019 0.365755 0.90184
vn -0.230017 0.365751 0.901842
vn 0 0.306591 0.951841
vn 0 -0.93738 0.348308
vn -0.540988 0.168991 0.823878
vn -0.457025 0.078357 0.885996
vn 0.092728 -0.935316 0.341446
vn 0.540989 0.168993 0.823877
vn 0.730533 0.620202 0.28578
vn 0.457022 0.078364 0.885997
vn 0.011083 -0.403897 0.914737
vn 0.005921 -0.407702 0.913096
vn 0.113012 -0.875856 0.469152
vn 0.006213 -0.429028 0.90327
vn 0.002218 -0.423968 0.905675
vn -0.233672 -0.914652 0.329862
vn -0.113015 -0.875852 0.46916
vn -0.006213 -0.429028 0.90327
vn -0.002217 -0.423968 0.905675
vn 0.309016 0.866163 0.392775
vn 0.309017 0.864786 0.395796
vn 0.020059 -0.343707 0.938863
vn 0 -0.910737 -0.412987
vn -0.309014 0.866163 0.392774
vn -0.73058 0.621876 0.282
vn -0.730538 0.620198 0.285779
vn -0.005476 -0.397708 0.917496
vn 0.005476 -0.397708 0.917496
vn -0.02006 -0.34371 0.938862
vn -0.092727 -0.935318 0.341442
vn 0 0.306587 0.951842
vn -0.540986 0.168992 0.823878
vn -0.457024 0.078356 0.885996
vn 0.540987 0.168992 0.823878
vn 0.457023 0.078358 0.885997
vn 0.233671 -0.914655 0.329856
vn 0.113016 -0.875855 0.469154
vn 0.002217 -0.423968 0.905674
vn 0.309055 -0.867535 -0.389701
vn -0.233671 -0.914653 0.329861
vn -0.113014 -0.875853 0.469158
vn -0.002217 -0.423968 0.905674
vn 0.733842 0.618682 0.28055
vn 0.309018 -0.866161 -0.392776
vn 0.730576 0.62188 0.282
vn -0.013458 -0.502913 0.864232
vn -0.309015 0.866162 0.392776
vn -0.309017 0.864785 0.395797
vn -0.730577 0.62188 0.281999
vn -0.730535 0.620201 0.285777
vn -0.25424 0.880811 0.399417
vn -0.254249 0.879278 0.402775
vn -0.02006 -0.343704 0.938864
vn 0.127305 -0.903327 -0.409627
vn 0.230018 0.365753 0.901841
vn -0.230015 0.365755 0.901841
vn -0.540988 0.168992 0.823877
vn 0.092729 -0.935319 0.341438
vn 0.733857 0.617272 0.2836
vn 0.457022 0.078362 0.885997
vn 0.113011 -0.875856 0.469153
vn 0.002218 -0.423968 0.905674
vn 0.309054 -0.867536 -0.389701
vn -0.113014 -0.875852 0.469159
vn 0.733843 0.618682 0.280549
vn 0.309015 0.866163 0.392774
vn 0.309016 0.864786 0.395795
vn 0.187842 -0.894524 -0.405638
vn 0.730575 0.62188 0.282002
vn 0.25424 0.88081 0.399419
vn 0.254249 0.879277 0.402777
vn -0.733846 0.618677 0.28055
vn -0.733861 0.617267 0.283602
vn -0.309016 0.866162 0.392775
vn -0.730582 0.621873 0.282001
vn -0.73054 0.620194 0.28578
vn -0.02006 -0.343711 0.938861
vn 0.013458 -0.502916 0.86423
vn 0.230018 0.365752 0.901841
vn -0.230016 0.365752 0.901842
vn -0.540986 0.168995 0.823878
vn -0.457023 0.078364 0.885996
vn 0.092727 -0.935318 0.341441
vn 0.540987 0.168993 0.823877
vn 0.730536 0.6202 0.285779
vn 0.457022 0.078359 0.885997
vn 0.233672 -0.914654 0.329857
vn 0.113017 -0.875855 0.469153
vn 0.002217 -0.423968 0.905675
vn -0.113014 -0.875854 0.469157
vn 0.733844 0.618679 0.280551
vn 0.187842 -0.894524 -0.405637
vn 0.730578 0.621878 0.282
vn 0.254249 0.879278 0.402775
vn -0.730582 0.621872 0.282001
vn -0.005921 -0.407701 0.913096
vn 0.013458 -0.502917 0.86423
vn 0.127313 -0.904745 -0.406484
vn 0.127305 -0.903326 -0.409629
vn 0.230018 0.365755 0.90184
vn -0.230015 0.365754 0.901841
vn 0 -0.93738 0.348309
vn -0.540987 0.168994 0.823877
vn -0.457024 0.078363 0.885996
vn 0.092729 -0.935319 0.341437
vn -0.175218 0.298943 0.938047
vn 0.733861 0.617267 0.283602
vn 0.540988 0.168998 0.823876
vn 0.730533 0.620203 0.28578
vn 0.457021 0.07837 0.885997
vn 0.113011 -0.875857 0.469152
vn -0.233672 -0.914652 0.329861
vn -0.113015 -0.875852 0.469159
vn 0.733846 0.618677 0.28055
vn 0.254239 0.880812 0.399417
vn 0.254248 0.879278 0.402775
vn -0.733843 0.618681 0.280549
vn -0.733858 0.617271 0.283601
vn -0.730538 0.620197 0.285779
vn -0.011083 -0.403897 0.914737
vn -0.254242 0.880809 0.39942
vn -0.254251 0.879276 0.402778
vn 0.230019 0.365752 0.901841
vn 0.092727 -0.935318 0.341442
vn 0.540987 0.16899 0.823878
vn 0.730536 0.6202 0.285778
vn 0.23367 -0.914654 0.329857
vn 0.113015 -0.875854 0.469155
vn -0.309055 -0.867536 -0.389701
vn 0.309017 0.866161 0.392776
vn 0.309018 0.864784 0.395798
vn 0.730577 0.621879 0.282
vn -0.309018 -0.866161 -0.392776
vn -0.730581 0.621874 0.282
vn -0.73054 0.620195 0.285779
vn -0.02006 -0.343705 0.938863
vn 0.175218 0.298941 0.938047
vn -0.540988 0.168993 0.823877
vn 0.09273 -0.935319 0.341438
vn 0.733859 0.61727 0.283601
vn 0.540989 0.168987 0.823877
vn 0.730531 0.620205 0.28578
vn 0.457022 0.07836 0.885997
vn 0.233671 -0.914655 0.329854
vn 0.113012 -0.875857 0.469151
vn -0.233673 -0.914652 0.329862
vn -0.006213 -0.429027 0.90327
vn 0.309019 0.864784 0.395798
vn 0.730573 0.621883 0.282001
vn 0.254239 0.880811 0.399417
vn 0.254248 0.879278 0.402776
vn -0.73054 0.620195 0.28578
vn 0.005476 -0.397707 0.917496
vn 0.230019 0.365751 0.901841
vn -0.230016 0.365755 0.90184
vn -0.540986 0.168997 0.823878
vn 0.733862 0.617265 0.283602
vn 0.540985 0.16899 0.82388
vn 0.730537 0.6202 0.285777
vn 0.457025 0.078357 0.885996
vn 0.23367 -0.914653 0.32986
vn 0.113019 -0.875854 0.469154
vn 0.309052 -0.867537 -0.3897
vn 0.187824 -0.896306 -0.401694
vn -0.233673 -0.914654 0.329855
vn -0.113016 -0.875855 0.469155
vn 0.733847 0.618675 0.280551
vn 0.309015 0.866162 0.392776
vn 0.187843 -0.894524 -0.405638
vn 0.730578 0.621878 0.281999
vn 0.254239 0.880812 0.399416
vn -0.127303 -0.903326 -0.409629
vn -0.733845 0.618679 0.280548
vn -0.73386 0.617269 0.2836
vn -0.309013 0.866164 0.392774
vn -0.309014 0.864787 0.395796
vn 0.230017 0.365751 0.901842
vn -0.092727 -0.935321 0.341434
vn 0.175216 0.298938 0.938049
vn -0.540987 0.168983 0.82388
vn -0.175218 0.298941 0.938047
vt 0.397417 0.820811
vt 0.396245 0.821719
vt 0.393756 0.817947
vt 0.392578 0.818805
vt 0.395195 0.822544
vt 0.391267 0.819773
vt 0.385963 0.820421
vt 0.38182 0.82557
vt 0.397756 0.827269
vt 0.397118 0.832399
vt 0.393628 0.836169
vt 0.388602 0.837184
vt 0.383937 0.835068
vt 0.381376 0.830642
vt 0.389888 0.815467
vt 0.384398 0.81267
vt 0.388516 0.80661
vt 0.384328 0.806616
vt 0.399102 0.827044
vt 0.400436 0.826818
vt 0.398348 0.832983
vt 0.399571 0.833555
vt 0.39429 0.837355
vt 0.394949 0.838528
vt 0.388445 0.838533
vt 0.388291 0.839868
vt 0.383032 0.836066
vt 0.382128 0.837058
vt 0.380082 0.830923
vt 0.378792 0.831202
vt 0.380601 0.825126
vt 0.379408 0.824682
vt 0.384409 0.820042
vt 0.383057 0.819765
vt 0.382953 0.812835
vt 0.381513 0.813027
vt 0.391362 0.8151
vt 0.392825 0.814781
vt 0.391648 0.806625
vt 0.390102 0.806615
vt 0.38277 0.806631
vt 0.381208 0.806655
vt 0.177579 0.964889
vt 0.177579 0.972674
vt 0.001666 0.964889
vt 0.001666 0.972674
vt 0.177579 0.980458
vt 0.001666 0.980458
vt 0.177579 0.988243
vt 0.001666 0.988243
vt 0.177579 0.996027
vt 0.001666 0.996027
vt 0.365906 0.005586
vt 0.365906 0.013488
vt 0.190072 0.005586
vt 0.190072 0.013488
vt 0.365906 0.021745
vt 0.190072 0.021745
vt 0.365906 0.029583
vt 0.190072 0.029583
vt 0.365906 0.037419
vt 0.190072 0.037419
vt 0.177579 0.959472
vt 0.001666 0.959472
vt 0.177579 0.955601
vt 0.001666 0.955601
vt 0.190072 0.045551
vt 0.365906 0.045551
vt 0.177579 0.946844
vt 0.001666 0.946844
vt 0.190072 0.052287
vt 0.365906 0.052287
vt 0.399875 0.029242
vt 0.395122 0.032401
vt 0.398628 0.028089
vt 0.393744 0.03126
vt 0.397405 0.026906
vt 0.392201 0.029975
vt 0.385497 0.028732
vt 0.380594 0.02168
vt 0.401146 0.02117
vt 0.380537 0.015058
vt 0.384319 0.009642
vt 0.390551 0.007452
vt 0.396882 0.009329
vt 0.400915 0.014552
vt 0.39028 0.035173
vt 0.383511 0.038526
vt 0.388537 0.045886
vt 0.383487 0.045846
vt 0.402818 0.021621
vt 0.404475 0.02207
vt 0.402552 0.013952
vt 0.404182 0.013365
vt 0.397869 0.007886
vt 0.398852 0.006458
vt 0.390507 0.005702
vt 0.390465 0.003968
vt 0.383267 0.008252
vt 0.382216 0.006872
vt 0.378888 0.014541
vt 0.377245 0.014034
vt 0.378953 0.022139
vt 0.377341 0.022599
vt 0.383485 0.02915
vt 0.381708 0.029473
vt 0.381724 0.038341
vt 0.379937 0.038138
vt 0.393811 0.036096
vt 0.392059 0.035669
vt 0.392328 0.045902
vt 0.390456 0.045894
vt 0.38162 0.045825
vt 0.379754 0.045798
vt 0.177579 0.037388
vt 0.001666 0.037388
vt 0.177579 0.02959
vt 0.001666 0.02959
vt 0.177579 0.021793
vt 0.001666 0.021793
vt 0.177579 0.013995
vt 0.001666 0.013995
vt 0.177579 0.006198
vt 0.001666 0.006198
vt 0.365906 0.891562
vt 0.190072 0.891562
vt 0.365906 0.883791
vt 0.190072 0.883791
vt 0.365906 0.876022
vt 0.190072 0.876022
vt 0.365906 0.868251
vt 0.190072 0.868251
vt 0.365906 0.86048
vt 0.190072 0.86048
vt 0.177579 0.042789
vt 0.001666 0.042789
vt 0.177579 0.046666
vt 0.001666 0.046666
vt 0.190072 0.852415
vt 0.365906 0.852415
vt 0.177579 0.055438
vt 0.001666 0.055438
vt 0.190072 0.845732
vt 0.365906 0.845732
vt 0.398142 0.773578
vt 0.397146 0.774614
vt 0.394012 0.77121
vt 0.392942 0.772194
vt 0.396174 0.77567
vt 0.391715 0.77328
vt 0.380637 0.78005
vt 0.384457 0.774095
vt 0.382022 0.780441
vt 0.386123 0.774436
vt 0.379276 0.77966
vt 0.382982 0.773817
vt 0.37923 0.786849
vt 0.380603 0.78648
vt 0.38284 0.792791
vt 0.384357 0.792538
vt 0.381997 0.78611
vt 0.386071 0.792211
vt 0.177579 0.905465
vt 0.177579 0.913251
vt 0.001666 0.905465
vt 0.001666 0.913251
vt 0.365906 0.082803
vt 0.365906 0.090629
vt 0.190072 0.082803
vt 0.190072 0.090629
vt 0.177579 0.900072
vt 0.001666 0.900072
vt 0.177579 0.896202
vt 0.001666 0.896202
vt 0.390027 0.769129
vt 0.384529 0.766444
vt 0.190072 0.098749
vt 0.365906 0.098749
vt 0.177579 0.887445
vt 0.001666 0.887445
vt 0.388585 0.760542
vt 0.384527 0.760568
vt 0.190072 0.105476
vt 0.365906 0.105476
vt 0.177579 0.928822
vt 0.001666 0.928822
vt 0.177579 0.921036
vt 0.001666 0.921036
vt 0.365906 0.074977
vt 0.190072 0.074977
vt 0.365906 0.067148
vt 0.190072 0.067148
vt 0.177579 0.934215
vt 0.001666 0.934215
vt 0.391756 0.793385
vt 0.39627 0.790891
vt 0.399603 0.78608
vt 0.399569 0.780412
vt 0.177579 0.938086
vt 0.001666 0.938086
vt 0.390027 0.797705
vt 0.384307 0.800472
vt 0.190072 0.059022
vt 0.365906 0.059022
vt 0.400976 0.779961
vt 0.40237 0.779515
vt 0.401015 0.786504
vt 0.402416 0.786924
vt 0.38308 0.766585
vt 0.381632 0.766737
vt 0.391454 0.768717
vt 0.392847 0.768357
vt 0.391622 0.760535
vt 0.390126 0.760538
vt 0.383026 0.760581
vt 0.381527 0.760597
vt 0.397283 0.791935
vt 0.393031 0.794503
vt 0.398319 0.792956
vt 0.39416 0.795505
vt 0.382791 0.800317
vt 0.381272 0.800147
vt 0.391504 0.79814
vt 0.392951 0.798518
vt 0.398238 0.727798
vt 0.397217 0.72883
vt 0.394088 0.725336
vt 0.392988 0.726329
vt 0.39622 0.729882
vt 0.391733 0.727428
vt 0.380518 0.734251
vt 0.38438 0.728233
vt 0.38192 0.734644
vt 0.386069 0.72858
vt 0.379141 0.733858
vt 0.382884 0.727951
vt 0.379108 0.741129
vt 0.380494 0.740748
vt 0.382816 0.747113
vt 0.384325 0.74683
vt 0.381902 0.740365
vt 0.386023 0.746483
vt 0.177579 0.846072
vt 0.177579 0.853856
vt 0.001666 0.846072
vt 0.001666 0.853856
vt 0.365906 0.135955
vt 0.365906 0.143771
vt 0.190072 0.135955
vt 0.190072 0.143771
vt 0.177579 0.84068
vt 0.001666 0.84068
vt 0.177579 0.83681
vt 0.001666 0.83681
vt 0.390033 0.723192
vt 0.384452 0.720457
vt 0.190072 0.151882
vt 0.365906 0.151882
vt 0.177579 0.828054
vt 0.001666 0.828054
vt 0.388571 0.714469
vt 0.384456 0.714492
vt 0.190072 0.158602
vt 0.365906 0.158602
vt 0.177579 0.869425
vt 0.001666 0.869425
vt 0.177579 0.86164
vt 0.001666 0.86164
vt 0.365906 0.128137
vt 0.190072 0.128137
vt 0.365906 0.120318
vt 0.190072 0.120318
vt 0.177579 0.874818
vt 0.001666 0.874818
vt 0.391692 0.747642
vt 0.396216 0.745178
vt 0.399592 0.740376
vt 0.399597 0.734686
vt 0.177579 0.878688
vt 0.001666 0.878688
vt 0.389996 0.751881
vt 0.384448 0.754639
vt 0.190072 0.112202
vt 0.365906 0.112202
vt 0.401014 0.73425
vt 0.402418 0.733817
vt 0.401005 0.740812
vt 0.402407 0.741245
vt 0.382981 0.720598
vt 0.38151 0.72075
vt 0.391485 0.722772
vt 0.392903 0.722407
vt 0.391654 0.714461
vt 0.390135 0.714463
vt 0.382934 0.714505
vt 0.381413 0.71452
vt 0.397219 0.746234
vt 0.392945 0.748751
vt 0.398245 0.747269
vt 0.394045 0.749752
vt 0.382975 0.754516
vt 0.381499 0.754383
vt 0.391439 0.7523
vt 0.392846 0.752665
vt 0.398368 0.681239
vt 0.397332 0.682286
vt 0.394154 0.678739
vt 0.393037 0.679747
vt 0.396319 0.683355
vt 0.391763 0.680864
vt 0.380381 0.687792
vt 0.384298 0.681681
vt 0.381804 0.688191
vt 0.386014 0.682034
vt 0.378983 0.687394
vt 0.382779 0.681395
vt 0.378952 0.694774
vt 0.380359 0.694386
vt 0.382718 0.700846
vt 0.384249 0.700559
vt 0.381787 0.693997
vt 0.385971 0.700206
vt 0.177579 0.786685
vt 0.177579 0.794468
vt 0.001666 0.786685
vt 0.001666 0.794468
vt 0.365906 0.18905
vt 0.365906 0.196858
vt 0.190072 0.18905
vt 0.190072 0.196858
vt 0.177579 0.781293
vt 0.001666 0.781293
vt 0.177579 0.777423
vt 0.001666 0.777423
vt 0.390038 0.676562
vt 0.384371 0.673785
vt 0.190072 0.204962
vt 0.365906 0.204962
vt 0.177579 0.768668
vt 0.001666 0.768668
vt 0.388555 0.667706
vt 0.384376 0.667728
vt 0.190072 0.211676
vt 0.365906 0.211676
vt 0.177579 0.810035
vt 0.001666 0.810035
vt 0.177579 0.802252
vt 0.001666 0.802252
vt 0.365906 0.18124
vt 0.190072 0.18124
vt 0.365906 0.173429
vt 0.190072 0.173429
vt 0.177579 0.815428
vt 0.001666 0.815428
vt 0.391725 0.701382
vt 0.396317 0.698881
vt 0.399743 0.694007
vt 0.399747 0.688231
vt 0.177579 0.819298
vt 0.001666 0.819298
vt 0.390004 0.705682
vt 0.384375 0.70848
vt 0.190072 0.165321
vt 0.365906 0.165321
vt 0.401185 0.687788
vt 0.40261 0.687349
vt 0.401178 0.694449
vt 0.4026 0.694888
vt 0.382877 0.673928
vt 0.381383 0.674082
vt 0.391511 0.676136
vt 0.392951 0.675765
vt 0.391684 0.667699
vt 0.390143 0.667701
vt 0.382831 0.66774
vt 0.381287 0.667755
vt 0.397334 0.699953
vt 0.392997 0.702507
vt 0.398376 0.701003
vt 0.394113 0.703523
vt 0.382881 0.708356
vt 0.381384 0.708222
vt 0.391467 0.706108
vt 0.392895 0.706478
vt 0.398501 0.633973
vt 0.397449 0.635036
vt 0.394221 0.631435
vt 0.393088 0.632459
vt 0.396421 0.636121
vt 0.391795 0.633592
vt 0.38024 0.640629
vt 0.384215 0.634424
vt 0.381685 0.641033
vt 0.385957 0.634781
vt 0.378821 0.640225
vt 0.382672 0.634134
vt 0.378792 0.647717
vt 0.38022 0.647323
vt 0.382617 0.653878
vt 0.38417 0.653586
vt 0.38167 0.646927
vt 0.385918 0.653228
vt 0.177579 0.727307
vt 0.177579 0.735089
vt 0.001666 0.727307
vt 0.001666 0.735089
vt 0.365906 0.242098
vt 0.365906 0.2499
vt 0.190072 0.242098
vt 0.190072 0.2499
vt 0.177579 0.721916
vt 0.001666 0.721916
vt 0.177579 0.718047
vt 0.001666 0.718047
vt 0.390043 0.629225
vt 0.384289 0.626404
vt 0.190072 0.257996
vt 0.365906 0.257996
vt 0.177579 0.709294
vt 0.001666 0.709294
vt 0.388538 0.620233
vt 0.384295 0.620252
vt 0.190072 0.264703
vt 0.365906 0.264703
vt 0.177579 0.750653
vt 0.001666 0.750653
vt 0.177579 0.742871
vt 0.001666 0.742871
vt 0.365906 0.234295
vt 0.190072 0.234295
vt 0.365906 0.22649
vt 0.190072 0.22649
vt 0.177579 0.756045
vt 0.001666 0.756045
vt 0.391758 0.654421
vt 0.396419 0.651883
vt 0.399897 0.646935
vt 0.399901 0.641071
vt 0.177579 0.759914
vt 0.001666 0.759914
vt 0.390011 0.658786
vt 0.384297 0.661625
vt 0.190072 0.218389
vt 0.365906 0.218389
vt 0.401361 0.640622
vt 0.402807 0.640176
vt 0.401354 0.647384
vt 0.402798 0.647829
vt 0.382771 0.626549
vt 0.381253 0.626705
vt 0.391539 0.628792
vt 0.393 0.628415
vt 0.391715 0.620226
vt 0.390151 0.620224
vt 0.382726 0.620264
vt 0.381159 0.620278
vt 0.397452 0.652971
vt 0.393049 0.655563
vt 0.398509 0.654037
vt 0.394182 0.656594
vt 0.382781 0.661498
vt 0.381262 0.661362
vt 0.391497 0.659218
vt 0.392946 0.659594
vt 0.398637 0.585984
vt 0.397568 0.587064
vt 0.39429 0.583407
vt 0.393139 0.584447
vt 0.396524 0.588166
vt 0.391827 0.585598
vt 0.380097 0.592746
vt 0.38413 0.586443
vt 0.381564 0.593155
vt 0.385899 0.586807
vt 0.378656 0.592336
vt 0.382563 0.586149
vt 0.378629 0.599942
vt 0.380078 0.599541
vt 0.382513 0.606194
vt 0.38409 0.605897
vt 0.38155 0.599139
vt 0.385864 0.605534
vt 0.177579 0.667939
vt 0.177579 0.67572
vt 0.001666 0.667939
vt 0.001666 0.67572
vt 0.365906 0.295097
vt 0.365906 0.302891
vt 0.190072 0.295097
vt 0.190072 0.302891
vt 0.177579 0.662548
vt 0.001666 0.662548
vt 0.177579 0.658679
vt 0.001666 0.658679
vt 0.390047 0.581163
vt 0.384204 0.578297
vt 0.190072 0.310979
vt 0.365906 0.310979
vt 0.177579 0.649925
vt 0.001666 0.649925
vt 0.388521 0.572029
vt 0.384212 0.572049
vt 0.190072 0.317679
vt 0.365906 0.317679
vt 0.177579 0.691282
vt 0.001666 0.691282
vt 0.177579 0.683501
vt 0.001666 0.683501
vt 0.365906 0.287301
vt 0.190072 0.287301
vt 0.365906 0.279504
vt 0.190072 0.279504
vt 0.177579 0.696672
vt 0.001666 0.696672
vt 0.391793 0.606745
vt 0.396524 0.604168
vt 0.400055 0.599145
vt 0.400058 0.593192
vt 0.177579 0.700541
vt 0.001666 0.700541
vt 0.390018 0.611176
vt 0.384217 0.614057
vt 0.190072 0.27141
vt 0.365906 0.27141
vt 0.40154 0.592736
vt 0.403009 0.592283
vt 0.401534 0.5996
vt 0.403 0.600053
vt 0.382662 0.578444
vt 0.381121 0.578603
vt 0.391567 0.580723
vt 0.393051 0.580341
vt 0.391747 0.572023
vt 0.390158 0.572025
vt 0.382619 0.57206
vt 0.381027 0.572073
vt 0.397572 0.605273
vt 0.393103 0.607904
vt 0.398645 0.606356
vt 0.394253 0.608951
vt 0.382678 0.613927
vt 0.381136 0.613788
vt 0.391527 0.611614
vt 0.392998 0.611996
vt 0.398776 0.537256
vt 0.397691 0.538353
vt 0.394361 0.534639
vt 0.393192 0.535695
vt 0.396631 0.539471
vt 0.391859 0.536864
vt 0.37995 0.544125
vt 0.384043 0.537724
vt 0.381439 0.544541
vt 0.38584 0.538093
vt 0.378487 0.54371
vt 0.382451 0.537426
vt 0.378462 0.551432
vt 0.379933 0.551025
vt 0.382407 0.557778
vt 0.384007 0.557477
vt 0.381427 0.550617
vt 0.385809 0.557108
vt 0.177579 0.608558
vt 0.177579 0.616342
vt 0.001666 0.608558
vt 0.001666 0.616342
vt 0.365906 0.348039
vt 0.365906 0.355826
vt 0.190072 0.348039
vt 0.190072 0.355826
vt 0.177579 0.603166
vt 0.001666 0.603166
vt 0.177579 0.599296
vt 0.001666 0.599296
vt 0.390052 0.532359
vt 0.384117 0.529448
vt 0.190072 0.363906
vt 0.365906 0.363906
vt 0.177579 0.59054
vt 0.001666 0.59054
vt 0.388503 0.523083
vt 0.384128 0.523101
vt 0.190072 0.3706
vt 0.365906 0.3706
vt 0.177579 0.631909
vt 0.001666 0.631909
vt 0.177579 0.624126
vt 0.001666 0.624126
vt 0.365906 0.340251
vt 0.190072 0.340251
vt 0.365906 0.332463
vt 0.190072 0.332463
vt 0.177579 0.6373
vt 0.001666 0.6373
vt 0.391828 0.558336
vt 0.396631 0.555721
vt 0.400216 0.55062
vt 0.400219 0.544575
vt 0.177579 0.64117
vt 0.001666 0.64117
vt 0.390025 0.562835
vt 0.384135 0.565758
vt 0.190072 0.324379
vt 0.365906 0.324379
vt 0.401724 0.544112
vt 0.403215 0.543653
vt 0.401718 0.551082
vt 0.403208 0.551542
vt 0.382551 0.529597
vt 0.380985 0.529758
vt 0.391595 0.531913
vt 0.393103 0.531525
vt 0.39178 0.523078
vt 0.390167 0.523078
vt 0.382509 0.523112
vt 0.380892 0.523125
vt 0.397695 0.556843
vt 0.393159 0.559513
vt 0.398785 0.557942
vt 0.394326 0.560576
vt 0.382573 0.565626
vt 0.381008 0.565485
vt 0.391557 0.56328
vt 0.393051 0.563668
vt 0.398918 0.487772
vt 0.397816 0.488886
vt 0.394433 0.485113
vt 0.393246 0.486186
vt 0.396739 0.490021
vt 0.391893 0.487374
vt 0.3798 0.494751
vt 0.383954 0.488249
vt 0.381312 0.495172
vt 0.38578 0.488622
vt 0.378313 0.49433
vt 0.382336 0.487946
vt 0.378292 0.502171
vt 0.379785 0.501757
vt 0.382299 0.508612
vt 0.383923 0.508306
vt 0.381302 0.501342
vt 0.385752 0.507932
vt 0.177579 0.549167
vt 0.177579 0.556952
vt 0.001666 0.549167
vt 0.001666 0.556952
vt 0.365906 0.40093
vt 0.365906 0.408708
vt 0.190072 0.40093
vt 0.190072 0.408708
vt 0.177579 0.543774
vt 0.001666 0.543774
vt 0.177579 0.539903
vt 0.001666 0.539903
vt 0.390058 0.482798
vt 0.384028 0.47984
vt 0.190072 0.416779
vt 0.365906 0.416779
vt 0.177579 0.531145
vt 0.001666 0.531145
vt 0.388486 0.473374
vt 0.384041 0.473392
vt 0.190072 0.423466
vt 0.365906 0.423466
vt 0.177579 0.572521
vt 0.001666 0.572521
vt 0.177579 0.564737
vt 0.001666 0.564737
vt 0.365906 0.393151
vt 0.190072 0.393151
vt 0.365906 0.38537
vt 0.190072 0.38537
vt 0.177579 0.577914
vt 0.001666 0.577914
vt 0.391864 0.509179
vt 0.396741 0.506523
vt 0.400382 0.501343
vt 0.400384 0.495205
vt 0.177579 0.581784
vt 0.001666 0.581784
vt 0.390033 0.513746
vt 0.384052 0.516714
vt 0.190072 0.377293
vt 0.365906 0.377293
vt 0.401912 0.494735
vt 0.403426 0.494268
vt 0.401907 0.501813
vt 0.403419 0.502279
vt 0.382437 0.479991
vt 0.380846 0.480155
vt 0.391625 0.482344
vt 0.393156 0.48195
vt 0.391814 0.47337
vt 0.390175 0.473372
vt 0.382397 0.473402
vt 0.380754 0.473414
vt 0.397821 0.507662
vt 0.393215 0.510373
vt 0.398927 0.508778
vt 0.394401 0.511452
vt 0.382466 0.516579
vt 0.380877 0.516434
vt 0.391589 0.514198
vt 0.393106 0.514592
vt 0.399064 0.437513
vt 0.397945 0.438644
vt 0.394507 0.434812
vt 0.393302 0.435903
vt 0.39685 0.439798
vt 0.391927 0.437109
vt 0.379646 0.444605
vt 0.383862 0.437999
vt 0.381182 0.445032
vt 0.385717 0.438378
vt 0.378136 0.444178
vt 0.382219 0.437692
vt 0.378117 0.452141
vt 0.379633 0.45172
vt 0.382189 0.45868
vt 0.383837 0.458369
vt 0.381173 0.451298
vt 0.385694 0.457988
vt 0.177579 0.489757
vt 0.177579 0.497546
vt 0.001666 0.489757
vt 0.001666 0.497546
vt 0.365906 0.453767
vt 0.365906 0.46154
vt 0.190072 0.453767
vt 0.190072 0.46154
vt 0.177579 0.484361
vt 0.001666 0.484361
vt 0.177579 0.480488
vt 0.001666 0.480488
vt 0.390063 0.43246
vt 0.383938 0.429454
vt 0.190072 0.469605
vt 0.365906 0.469605
vt 0.177579 0.471726
vt 0.001666 0.471726
vt 0.388467 0.422887
vt 0.383952 0.422903
vt 0.190072 0.476287
vt 0.365906 0.476287
vt 0.177579 0.513121
vt 0.001666 0.513121
vt 0.177579 0.505334
vt 0.001666 0.505334
vt 0.365906 0.445994
vt 0.190072 0.445994
vt 0.365906 0.43822
vt 0.190072 0.43822
vt 0.177579 0.518515
vt 0.001666 0.518515
vt 0.391901 0.459255
vt 0.396854 0.456557
vt 0.400551 0.451297
vt 0.400552 0.445063
vt 0.177579 0.522387
vt 0.001666 0.522387
vt 0.390041 0.463893
vt 0.383966 0.466905
vt 0.190072 0.430152
vt 0.365906 0.430152
vt 0.402104 0.444585
vt 0.403642 0.444111
vt 0.4021 0.451774
vt 0.403636 0.452247
vt 0.382321 0.429608
vt 0.380703 0.429774
vt 0.391655 0.432
vt 0.39321 0.431599
vt 0.391848 0.422883
vt 0.390183 0.422884
vt 0.382282 0.422912
vt 0.380613 0.422924
vt 0.39795 0.457715
vt 0.393273 0.460467
vt 0.399073 0.458848
vt 0.394477 0.461563
vt 0.382356 0.466767
vt 0.380742 0.46662
vt 0.391621 0.464352
vt 0.393162 0.464752
vt 0.399213 0.386461
vt 0.398076 0.38761
vt 0.394583 0.383718
vt 0.393358 0.384825
vt 0.396964 0.388782
vt 0.391962 0.386051
vt 0.379489 0.393669
vt 0.383769 0.386956
vt 0.381049 0.394102
vt 0.385654 0.387341
vt 0.377955 0.393236
vt 0.382098 0.386645
vt 0.377938 0.401324
vt 0.379478 0.400896
vt 0.382075 0.407962
vt 0.383749 0.407646
vt 0.381042 0.400466
vt 0.385634 0.40726
vt 0.177579 0.430319
vt 0.177579 0.438111
vt 0.001666 0.430319
vt 0.001666 0.438111
vt 0.365906 0.506564
vt 0.365906 0.514331
vt 0.190072 0.506564
vt 0.190072 0.514331
vt 0.177579 0.424922
vt 0.001666 0.424922
vt 0.177579 0.421049
vt 0.001666 0.421049
vt 0.390068 0.381328
vt 0.383845 0.378273
vt 0.190072 0.52239
vt 0.365906 0.52239
vt 0.177579 0.412285
vt 0.001666 0.412285
vt 0.388448 0.371601
vt 0.383861 0.371615
vt 0.190072 0.529068
vt 0.365906 0.529068
vt 0.177579 0.453692
vt 0.001666 0.453692
vt 0.177579 0.445902
vt 0.001666 0.445902
vt 0.365906 0.498798
vt 0.190072 0.498798
vt 0.365906 0.49103
vt 0.190072 0.49103
vt 0.177579 0.459089
vt 0.001666 0.459089
vt 0.391939 0.408545
vt 0.396969 0.405806
vt 0.400724 0.400463
vt 0.400725 0.394131
vt 0.177579 0.462963
vt 0.001666 0.462963
vt 0.390049 0.413256
vt 0.383879 0.416314
vt 0.190072 0.482969
vt 0.365906 0.482969
vt 0.402301 0.393646
vt 0.403863 0.393164
vt 0.402298 0.400947
vt 0.403858 0.401428
vt 0.382202 0.378429
vt 0.380557 0.378597
vt 0.391686 0.38086
vt 0.393266 0.380453
vt 0.391883 0.371598
vt 0.390192 0.371598
vt 0.382164 0.371624
vt 0.380468 0.371635
vt 0.398082 0.406982
vt 0.393333 0.409777
vt 0.399223 0.408134
vt 0.394555 0.41089
vt 0.382243 0.416174
vt 0.380605 0.416023
vt 0.391654 0.413722
vt 0.393219 0.414129
vt 0.399366 0.334598
vt 0.398211 0.335765
vt 0.394661 0.33181
vt 0.393416 0.332936
vt 0.397081 0.336956
vt 0.391998 0.334181
vt 0.379328 0.341924
vt 0.383673 0.335102
vt 0.380913 0.342363
vt 0.385589 0.335494
vt 0.377769 0.341485
vt 0.381975 0.334787
vt 0.377755 0.3497
vt 0.379318 0.349265
vt 0.381959 0.356441
vt 0.383659 0.35612
vt 0.380907 0.348828
vt 0.385574 0.355728
vt 0.177579 0.370875
vt 0.177579 0.378667
vt 0.001666 0.370875
vt 0.001666 0.378667
vt 0.365906 0.55933
vt 0.365906 0.567093
vt 0.190072 0.55933
vt 0.190072 0.567093
vt 0.177579 0.365477
vt 0.001666 0.365477
vt 0.177579 0.361603
vt 0.001666 0.361603
vt 0.390073 0.329382
vt 0.383749 0.326277
vt 0.190072 0.57515
vt 0.365906 0.57515
vt 0.177579 0.352836
vt 0.001666 0.352836
vt 0.38843 0.319495
vt 0.383768 0.319511
vt 0.190072 0.581825
vt 0.365906 0.581825
vt 0.177579 0.394251
vt 0.001666 0.394251
vt 0.177579 0.386459
vt 0.001666 0.386459
vt 0.365906 0.551566
vt 0.190072 0.551566
vt 0.365906 0.543803
vt 0.190072 0.543803
vt 0.177579 0.399648
vt 0.001666 0.399648
vt 0.391978 0.357033
vt 0.397087 0.354251
vt 0.400901 0.348823
vt 0.400901 0.34239
vt 0.177579 0.403521
vt 0.001666 0.403521
vt 0.390058 0.361817
vt 0.383789 0.364922
vt 0.190072 0.535745
vt 0.365906 0.535745
vt 0.402503 0.341897
vt 0.404089 0.341408
vt 0.402501 0.349314
vt 0.404086 0.349803
vt 0.382079 0.326435
vt 0.380408 0.326606
vt 0.391717 0.328906
vt 0.393323 0.328493
vt 0.39192 0.319494
vt 0.3902 0.319498
vt 0.382043 0.319519
vt 0.38032 0.319529
vt 0.398218 0.355445
vt 0.393393 0.358283
vt 0.399376 0.356615
vt 0.394635 0.359414
vt 0.382128 0.364779
vt 0.380464 0.364626
vt 0.391688 0.362291
vt 0.393278 0.362704
vt 0.399523 0.281903
vt 0.398348 0.28309
vt 0.39474 0.279071
vt 0.393476 0.280215
vt 0.3972 0.2843
vt 0.392034 0.28148
vt 0.379163 0.289351
vt 0.383575 0.282418
vt 0.380773 0.289796
vt 0.385522 0.282815
vt 0.377579 0.288906
vt 0.381849 0.282097
vt 0.377568 0.297252
vt 0.379156 0.296809
vt 0.381841 0.304097
vt 0.383567 0.303771
vt 0.380769 0.296364
vt 0.385512 0.303372
vt 0.177579 0.311415
vt 0.177579 0.319208
vt 0.001666 0.311415
vt 0.001666 0.319208
vt 0.365906 0.612081
vt 0.365906 0.619843
vt 0.190072 0.612081
vt 0.190072 0.619843
vt 0.177579 0.306016
vt 0.001666 0.306016
vt 0.177579 0.302141
vt 0.001666 0.302141
vt 0.390079 0.276603
vt 0.383652 0.273447
vt 0.190072 0.627899
vt 0.365906 0.627899
vt 0.177579 0.293374
vt 0.001666 0.293374
vt 0.38841 0.266555
vt 0.383672 0.266569
vt 0.190072 0.634575
vt 0.365906 0.634575
vt 0.177579 0.334796
vt 0.001666 0.334796
vt 0.177579 0.327002
vt 0.001666 0.327002
vt 0.365906 0.604319
vt 0.190072 0.604319
vt 0.365906 0.596557
vt 0.190072 0.596557
vt 0.177579 0.340195
vt 0.001666 0.340195
vt 0.392017 0.304698
vt 0.397207 0.301871
vt 0.401083 0.296357
vt 0.401082 0.289821
vt 0.177579 0.34407
vt 0.001666 0.34407
vt 0.390066 0.309558
vt 0.383697 0.312711
vt 0.190072 0.5885
vt 0.365906 0.5885
vt 0.402709 0.28932
vt 0.404321 0.288823
vt 0.402708 0.296856
vt 0.404319 0.297352
vt 0.381954 0.273607
vt 0.380255 0.27378
vt 0.391749 0.276119
vt 0.393381 0.2757
vt 0.391956 0.266554
vt 0.39021 0.266558
vt 0.38192 0.266576
vt 0.380169 0.266586
vt 0.398356 0.303085
vt 0.393456 0.305968
vt 0.399533 0.304274
vt 0.394717 0.307116
vt 0.38201 0.312565
vt 0.38032 0.312408
vt 0.391722 0.310039
vt 0.393338 0.310459
vt 0.399683 0.228357
vt 0.39849 0.229563
vt 0.394821 0.225479
vt 0.393537 0.226642
vt 0.397322 0.230793
vt 0.392072 0.227928
vt 0.378994 0.235929
vt 0.383475 0.228882
vt 0.38063 0.236382
vt 0.385454 0.229285
vt 0.377384 0.235478
vt 0.38172 0.228557
vt 0.377376 0.243958
vt 0.378989 0.243507
vt 0.381719 0.25091
vt 0.383473 0.250579
vt 0.380628 0.243055
vt 0.385448 0.250174
vt 0.177579 0.25195
vt 0.177579 0.259745
vt 0.001666 0.25195
vt 0.001666 0.259745
vt 0.365906 0.664842
vt 0.365906 0.672609
vt 0.190072 0.664842
vt 0.190072 0.672609
vt 0.177579 0.246551
vt 0.001666 0.246551
vt 0.177579 0.242675
vt 0.001666 0.242675
vt 0.390085 0.22297
vt 0.383552 0.219761
vt 0.190072 0.68067
vt 0.365906 0.68067
vt 0.177579 0.233906
vt 0.001666 0.233906
vt 0.38839 0.212759
vt 0.383575 0.21277
vt 0.190072 0.687349
vt 0.365906 0.687349
vt 0.177579 0.275333
vt 0.001666 0.275333
vt 0.177579 0.267539
vt 0.001666 0.267539
vt 0.365906 0.657076
vt 0.190072 0.657076
vt 0.365906 0.64931
vt 0.190072 0.64931
vt 0.177579 0.280732
vt 0.001666 0.280732
vt 0.392058 0.25152
vt 0.397331 0.248648
vt 0.401269 0.243045
vt 0.401268 0.236404
vt 0.177579 0.284607
vt 0.001666 0.284607
vt 0.390075 0.256457
vt 0.383603 0.25966
vt 0.190072 0.641251
vt 0.365906 0.641251
vt 0.40292 0.235895
vt 0.404559 0.23539
vt 0.40292 0.243552
vt 0.404557 0.244056
vt 0.381826 0.219924
vt 0.380098 0.2201
vt 0.391782 0.222479
vt 0.393441 0.222053
vt 0.391994 0.212759
vt 0.390219 0.212759
vt 0.381793 0.212777
vt 0.380013 0.212786
vt 0.398498 0.249881
vt 0.39352 0.25281
vt 0.399693 0.251089
vt 0.394801 0.253977
vt 0.381889 0.259511
vt 0.380173 0.259351
vt 0.391758 0.256946
vt 0.3934 0.257374
vt 0.399847 0.17394
vt 0.398634 0.175165
vt 0.394905 0.171014
vt 0.393599 0.172196
vt 0.397447 0.176415
vt 0.39211 0.173504
vt 0.378821 0.181639
vt 0.383372 0.174475
vt 0.380484 0.182098
vt 0.385384 0.174884
vt 0.377184 0.18118
vt 0.381588 0.174145
vt 0.37718 0.189798
vt 0.378818 0.189339
vt 0.381595 0.19686
vt 0.383376 0.196523
vt 0.380484 0.188879
vt 0.385383 0.196112
vt 0.177579 0.192471
vt 0.177579 0.200268
vt 0.001666 0.192471
vt 0.001666 0.200268
vt 0.365906 0.717627
vt 0.365906 0.725396
vt 0.190072 0.717627
vt 0.190072 0.725396
vt 0.177579 0.18707
vt 0.001666 0.18707
vt 0.177579 0.183193
vt 0.001666 0.183193
vt 0.390091 0.168463
vt 0.38345 0.165201
vt 0.190072 0.733458
vt 0.365906 0.733458
vt 0.177579 0.174422
vt 0.001666 0.174422
vt 0.388369 0.158083
vt 0.383475 0.158093
vt 0.190072 0.740139
vt 0.365906 0.740139
vt 0.177579 0.21586
vt 0.001666 0.21586
vt 0.177579 0.208064
vt 0.001666 0.208064
vt 0.365906 0.709859
vt 0.190072 0.709859
vt 0.365906 0.702091
vt 0.190072 0.702091
vt 0.177579 0.221261
vt 0.001666 0.221261
vt 0.3921 0.197479
vt 0.397458 0.194561
vt 0.401459 0.188867
vt 0.401457 0.182117
vt 0.177579 0.225137
vt 0.001666 0.225137
vt 0.390084 0.202496
vt 0.383507 0.205749
vt 0.190072 0.694029
vt 0.365906 0.694029
vt 0.403137 0.181601
vt 0.404802 0.181087
vt 0.403138 0.189382
vt 0.404802 0.189895
vt 0.381695 0.165366
vt 0.379938 0.165545
vt 0.391816 0.167964
vt 0.393502 0.167531
vt 0.392033 0.158084
vt 0.390229 0.158084
vt 0.381664 0.158099
vt 0.379854 0.158107
vt 0.398643 0.195815
vt 0.393585 0.19879
vt 0.399858 0.197042
vt 0.394887 0.199976
vt 0.381766 0.205597
vt 0.380022 0.205434
vt 0.391794 0.202993
vt 0.393463 0.203428
vt 0.400016 0.118628
vt 0.398782 0.119874
vt 0.39499 0.115654
vt 0.393663 0.116856
vt 0.397575 0.121145
vt 0.39215 0.118185
vt 0.378643 0.126458
vt 0.383267 0.119174
vt 0.380333 0.126924
vt 0.385313 0.11959
vt 0.37698 0.125993
vt 0.381453 0.118839
vt 0.376978 0.134751
vt 0.378643 0.134284
vt 0.381467 0.141925
vt 0.383277 0.141583
vt 0.380336 0.133816
vt 0.385316 0.141165
vt 0.177579 0.13298
vt 0.177579 0.140777
vt 0.001666 0.13298
vt 0.001666 0.140777
vt 0.365906 0.770421
vt 0.365906 0.77819
vt 0.190072 0.770421
vt 0.190072 0.77819
vt 0.177579 0.127578
vt 0.001666 0.127578
vt 0.177579 0.123701
vt 0.001666 0.123701
vt 0.390097 0.113061
vt 0.383345 0.109744
vt 0.190072 0.786253
vt 0.365906 0.786253
vt 0.177579 0.11493
vt 0.001666 0.11493
vt 0.388348 0.102508
vt 0.383372 0.102516
vt 0.190072 0.792934
vt 0.365906 0.792934
vt 0.177579 0.156372
vt 0.001666 0.156372
vt 0.177579 0.148575
vt 0.001666 0.148575
vt 0.365906 0.762652
vt 0.190072 0.762652
vt 0.365906 0.754883
vt 0.190072 0.754883
vt 0.177579 0.161774
vt 0.001666 0.161774
vt 0.392143 0.142554
vt 0.397587 0.139589
vt 0.401655 0.133801
vt 0.401652 0.126941
vt 0.177579 0.165651
vt 0.001666 0.165651
vt 0.390093 0.147652
vt 0.383408 0.150956
vt 0.190072 0.746819
vt 0.365906 0.746819
vt 0.403359 0.126416
vt 0.405051 0.125894
vt 0.403361 0.134325
vt 0.405052 0.134846
vt 0.38156 0.109911
vt 0.379774 0.110093
vt 0.391851 0.112554
vt 0.393564 0.112113
vt 0.392072 0.102509
vt 0.390237 0.10251
vt 0.381532 0.102522
vt 0.379693 0.102529
vt 0.398792 0.140863
vt 0.393652 0.143886
vt 0.400027 0.142111
vt 0.394975 0.145091
vt 0.381639 0.150802
vt 0.379867 0.150636
vt 0.391832 0.148158
vt 0.393527 0.148599
vt 0.400217 0.062416
vt 0.398963 0.063674
vt 0.395151 0.059382
vt 0.393792 0.060587
vt 0.397735 0.064957
vt 0.392239 0.061926
vt 0.378434 0.070327
vt 0.383171 0.062884
vt 0.380163 0.070802
vt 0.385261 0.063324
vt 0.376734 0.069852
vt 0.381312 0.062529
vt 0.376739 0.07879
vt 0.378436 0.078312
vt 0.381325 0.086091
vt 0.383164 0.085741
vt 0.380162 0.077832
vt 0.385237 0.085313
vt 0.177579 0.073487
vt 0.177579 0.081284
vt 0.001666 0.073487
vt 0.001666 0.081284
vt 0.365906 0.823217
vt 0.365906 0.830986
vt 0.190072 0.823217
vt 0.190072 0.830986
vt 0.177579 0.068086
vt 0.001666 0.068086
vt 0.177579 0.064209
vt 0.001666 0.064209
vt 0.390209 0.056683
vt 0.383356 0.053216
vt 0.190072 0.83905
vt 0.365906 0.83905
vt 0.177579 0.096879
vt 0.001666 0.096879
vt 0.177579 0.089082
vt 0.001666 0.089082
vt 0.365906 0.815447
vt 0.190072 0.815447
vt 0.365906 0.807678
vt 0.190072 0.807678
vt 0.177579 0.102281
vt 0.001666 0.102281
vt 0.39218 0.086725
vt 0.397715 0.083711
vt 0.401851 0.077829
vt 0.401858 0.070855
vt 0.177579 0.106158
vt 0.001666 0.106158
vt 0.390099 0.091907
vt 0.383307 0.095265
vt 0.190072 0.799615
vt 0.365906 0.799615
vt 0.40359 0.070324
vt 0.405307 0.069797
vt 0.403583 0.078362
vt 0.405301 0.078891
vt 0.38153 0.053363
vt 0.379699 0.053523
vt 0.392006 0.056184
vt 0.393762 0.055754
vt 0.398939 0.085006
vt 0.393716 0.088079
vt 0.400193 0.086274
vt 0.395062 0.089303
vt 0.381509 0.095108
vt 0.379709 0.094939
vt 0.391867 0.092421
vt 0.39359 0.09287
usemtl Roof_ASG
f 179/221/33 180/222/34 181/223/35
f 181/223/35 180/222/34 182/224/36
f 180/222/34 183/225/37 182/224/36
f 182/224/36 183/225/37 184/226/38
f 185/227/39 184/226/38 186/228/40
f 184/226/38 183/225/37 186/228/40
f 183/225/37 187/229/41 186/228/40
f 187/229/41 188/230/42 186/228/40
f 188/230/42 189/231/43 186/228/40
f 189/231/43 190/232/44 186/228/40
f 190/232/44 191/233/45 186/228/40
f 191/233/45 192/234/46 186/228/40
f 184/226/38 185/227/39 193/235/47
f 193/235/47 185/227/39 194/236/48
f 193/235/47 194/236/48 195/237/49
f 195/237/49 194/236/48 196/238/50
f 183/225/37 180/222/34 187/229/41
f 187/229/41 180/222/34 197/239/51
f 180/222/34 179/221/33 197/239/51
f 197/239/51 179/221/33 198/240/52
f 187/229/41 197/239/51 188/230/42
f 188/230/42 197/239/51 199/241/53
f 197/239/51 198/240/52 199/241/53
f 199/241/53 198/240/52 200/242/54
f 188/230/42 199/241/53 189/231/43
f 189/231/43 199/241/53 201/243/55
f 199/241/53 200/242/54 201/243/55
f 201/243/55 200/242/54 202/244/56
f 189/231/43 201/243/55 190/232/44
f 190/232/44 201/243/55 203/245/57
f 201/243/55 202/244/56 203/245/57
f 203/245/57 202/244/56 204/246/58
f 190/232/44 203/245/57 191/233/45
f 191/233/45 203/245/57 205/247/59
f 203/245/57 204/246/58 205/247/59
f 205/247/59 204/246/58 206/248/60
f 191/233/45 205/247/59 192/234/46
f 192/234/46 205/247/59 207/249/61
f 205/247/59 206/248/60 207/249/61
f 207/249/61 206/248/60 208/250/62
f 192/234/46 207/249/61 186/228/40
f 186/228/40 207/249/61 209/251/63
f 207/249/61 208/250/62 209/251/63
f 209/251/63 208/250/62 210/252/64
f 209/251/63 211/253/65 186/228/40
f 186/228/40 211/253/65 185/227/39
f 210/252/64 212/254/66 209/251/63
f 209/251/63 212/254/66 211/253/65
f 185/227/39 211/253/65 194/236/48
f 194/236/48 211/253/65 213/255/67
f 211/253/65 212/254/66 213/255/67
f 213/255/67 212/254/66 214/256/68
f 182/224/36 215/257/69 181/223/35
f 181/223/35 215/257/69 216/258/70
f 184/226/38 193/235/47 182/224/36
f 182/224/36 193/235/47 215/257/69
f 216/258/70 215/257/69 217/259/71
f 217/259/71 215/257/69 218/260/72
f 215/257/69 193/235/47 218/260/72
f 218/260/72 193/235/47 195/237/49
f 213/255/67 219/261/73 194/236/48
f 194/236/48 219/261/73 196/238/50
f 214/256/68 220/262/74 213/255/67
f 213/255/67 220/262/74 219/261/73
f 221/263/75 222/264/76 179/265/33
f 179/265/33 222/264/76 198/266/52
f 222/264/76 223/267/77 198/266/52
f 198/266/52 223/267/77 200/268/54
f 223/267/77 224/269/78 200/268/54
f 200/268/54 224/269/78 202/270/56
f 224/269/78 225/271/79 202/270/56
f 202/270/56 225/271/79 204/272/58
f 225/273/79 226/274/80 204/275/58
f 204/275/58 226/274/80 206/276/60
f 226/274/80 227/277/81 206/276/60
f 206/276/60 227/277/81 208/278/62
f 227/277/81 228/279/82 208/278/62
f 208/278/62 228/279/82 210/280/64
f 228/279/82 229/281/83 210/280/64
f 210/280/64 229/281/83 212/282/66
f 230/283/84 221/263/75 181/284/35
f 181/284/35 221/263/75 179/265/33
f 230/283/84 181/284/35 231/285/85
f 231/285/85 181/284/35 216/286/70
f 212/282/66 229/281/83 214/287/68
f 214/287/68 229/281/83 232/288/86
f 231/285/85 216/286/70 233/289/87
f 233/289/87 216/286/70 217/290/71
f 214/287/68 232/288/86 220/291/74
f 220/291/74 232/288/86 234/292/88
f 235/293/89 236/294/90 237/295/91
f 237/295/91 236/294/90 238/296/92
f 237/295/91 238/296/92 239/297/93
f 239/297/93 238/296/92 240/298/94
f 241/299/95 242/300/96 240/298/94
f 240/298/94 242/300/96 239/297/93
f 239/297/93 242/300/96 243/301/97
f 242/300/96 244/302/98 243/301/97
f 244/302/98 245/303/99 243/301/97
f 245/303/99 246/304/100 243/301/97
f 246/304/100 247/305/101 243/301/97
f 247/305/101 248/306/102 243/301/97
f 240/298/94 249/307/103 241/299/95
f 241/299/95 249/307/103 250/308/104
f 249/307/103 251/309/49 250/308/104
f 250/308/104 251/309/49 252/310/105
f 239/297/93 243/301/97 237/295/91
f 237/295/91 243/301/97 253/311/106
f 237/295/91 253/311/106 235/293/89
f 235/293/89 253/311/106 254/312/107
f 243/301/97 248/306/102 253/311/106
f 253/311/106 248/306/102 255/313/108
f 253/311/106 255/313/108 254/312/107
f 254/312/107 255/313/108 256/314/109
f 248/306/102 247/305/101 255/313/108
f 255/313/108 247/305/101 257/315/110
f 255/313/108 257/315/110 256/314/109
f 256/314/109 257/315/110 258/316/111
f 247/305/101 246/304/100 257/315/110
f 257/315/110 246/304/100 259/317/112
f 257/315/110 259/317/112 258/316/111
f 258/316/111 259/317/112 260/318/113
f 246/304/100 245/303/99 259/317/112
f 259/317/112 245/303/99 261/319/114
f 259/317/112 261/319/114 260/318/113
f 260/318/113 261/319/114 262/320/115
f 245/303/99 244/302/98 261/319/114
f 261/319/114 244/302/98 263/321/116
f 261/319/114 263/321/116 262/320/115
f 262/320/115 263/321/116 264/322/117
f 244/302/98 242/300/96 263/321/116
f 263/321/116 242/300/96 265/323/118
f 263/321/116 265/323/118 264/322/117
f 264/322/117 265/323/118 266/324/119
f 241/299/95 267/325/120 242/300/96
f 242/300/96 267/325/120 265/323/118
f 267/325/120 268/326/121 265/323/118
f 265/323/118 268/326/121 266/324/119
f 241/299/95 250/308/104 267/325/120
f 267/325/120 250/308/104 269/327/122
f 267/325/120 269/327/122 268/326/121
f 268/326/121 269/327/122 270/328/123
f 271/329/124 272/330/125 236/294/90
f 236/294/90 272/330/125 238/296/92
f 272/330/125 249/307/103 238/296/92
f 238/296/92 249/307/103 240/298/94
f 271/329/124 273/331/126 272/330/125
f 272/330/125 273/331/126 274/332/127
f 272/330/125 274/332/127 249/307/103
f 249/307/103 274/332/127 251/309/49
f 252/310/105 275/333/128 250/308/104
f 250/308/104 275/333/128 269/327/122
f 275/333/128 276/334/129 269/327/122
f 269/327/122 276/334/129 270/328/123
f 277/335/130 235/336/89 278/337/131
f 278/337/131 235/336/89 254/338/107
f 278/337/131 254/338/107 279/339/132
f 279/339/132 254/338/107 256/340/109
f 279/339/132 256/340/109 280/341/133
f 280/341/133 256/340/109 258/342/111
f 280/341/133 258/342/111 281/343/134
f 281/343/134 258/342/111 260/344/113
f 281/345/134 260/346/113 282/347/135
f 282/347/135 260/346/113 262/348/115
f 282/347/135 262/348/115 283/349/136
f 283/349/136 262/348/115 264/350/117
f 283/349/136 264/350/117 284/351/137
f 284/351/137 264/350/117 266/352/119
f 284/351/137 266/352/119 285/353/138
f 285/353/138 266/352/119 268/354/121
f 286/355/139 236/356/90 277/335/130
f 277/335/130 236/356/90 235/336/89
f 286/355/139 287/357/140 236/356/90
f 236/356/90 287/357/140 271/358/124
f 268/354/121 270/359/123 285/353/138
f 285/353/138 270/359/123 288/360/141
f 287/357/140 289/361/142 271/358/124
f 271/358/124 289/361/142 273/362/126
f 270/359/123 276/363/129 288/360/141
f 288/360/141 276/363/129 290/364/143
f 291/365/144 292/366/145 293/367/146
f 293/367/146 292/366/145 294/368/147
f 292/366/145 295/369/148 294/368/147
f 294/368/147 295/369/148 296/370/149
f 297/371/150 298/372/151 299/373/152
f 299/373/152 298/372/151 300/374/153
f 301/375/154 302/376/155 297/371/150
f 297/371/150 302/376/155 298/372/151
f 303/377/156 304/378/157 305/379/158
f 305/379/158 304/378/157 306/380/159
f 304/378/157 307/381/160 306/380/159
f 306/380/159 307/381/160 308/382/161
f 309/383/162 310/384/163 291/385/144
f 291/385/144 310/384/163 311/386/164
f 312/387/165 313/388/166 301/389/154
f 301/389/154 313/388/166 302/390/155
f 314/391/167 309/383/162 293/392/146
f 293/392/146 309/383/162 291/385/144
f 314/391/167 293/392/146 315/393/168
f 315/393/168 293/392/146 316/394/169
f 296/370/149 300/374/153 317/395/170
f 317/395/170 300/374/153 318/396/171
f 302/390/155 313/388/166 319/397/68
f 319/397/68 313/388/166 320/398/86
f 315/393/168 316/394/169 321/399/172
f 321/399/172 316/394/169 322/400/173
f 317/395/170 318/396/171 323/401/49
f 323/401/49 318/396/171 324/402/174
f 319/397/68 320/398/86 325/403/175
f 325/403/175 320/398/86 326/404/176
f 327/405/177 328/406/178 329/407/179
f 329/407/179 328/406/178 330/408/180
f 329/407/179 330/408/180 310/384/163
f 310/384/163 330/408/180 311/386/164
f 312/387/165 301/389/154 331/409/81
f 331/409/81 301/389/154 303/410/156
f 331/409/81 303/410/156 332/411/181
f 332/411/181 303/410/156 305/412/158
f 333/413/182 334/414/183 327/405/177
f 327/405/177 334/414/183 328/406/178
f 308/382/161 307/381/160 335/415/184
f 335/415/184 307/381/160 336/416/185
f 336/416/185 307/381/160 337/417/186
f 307/381/160 299/373/152 337/417/186
f 299/373/152 300/374/153 337/417/186
f 337/417/186 300/374/153 338/418/187
f 338/418/187 300/374/153 295/369/148
f 300/374/153 296/370/149 295/369/148
f 333/413/182 339/419/188 334/414/183
f 334/414/183 339/419/188 340/420/189
f 335/415/184 341/421/190 308/382/161
f 308/382/161 341/421/190 342/422/191
f 305/412/158 343/423/192 332/411/181
f 332/411/181 343/423/192 344/424/193
f 339/419/188 233/289/87 340/420/189
f 340/420/189 233/289/87 217/290/71
f 341/421/190 195/237/49 342/422/191
f 342/422/191 195/237/49 196/238/50
f 343/423/192 220/291/74 344/424/193
f 344/424/193 220/291/74 234/292/88
f 295/369/148 292/366/145 338/418/187
f 338/418/187 292/366/145 345/425/194
f 292/366/145 291/365/144 345/425/194
f 345/425/194 291/365/144 311/426/164
f 338/418/187 345/425/194 337/417/186
f 337/417/186 345/425/194 346/427/195
f 345/425/194 311/426/164 346/427/195
f 346/427/195 311/426/164 330/428/180
f 300/374/153 298/372/151 318/396/171
f 318/396/171 298/372/151 347/429/196
f 298/372/151 302/376/155 347/429/196
f 347/429/196 302/376/155 319/430/68
f 294/368/147 348/431/197 293/367/146
f 293/367/146 348/431/197 316/432/169
f 296/370/149 317/395/170 294/368/147
f 294/368/147 317/395/170 348/431/197
f 316/432/169 348/431/197 322/433/173
f 322/433/173 348/431/197 349/434/198
f 348/431/197 317/395/170 349/434/198
f 349/434/198 317/395/170 323/401/49
f 347/429/196 350/435/199 318/396/171
f 318/396/171 350/435/199 324/402/174
f 319/430/68 325/436/175 347/429/196
f 347/429/196 325/436/175 350/435/199
f 351/437/200 352/438/201 336/416/185
f 336/416/185 352/438/201 335/415/184
f 328/439/178 334/440/183 351/437/200
f 351/437/200 334/440/183 352/438/201
f 351/437/200 346/427/195 328/439/178
f 328/439/178 346/427/195 330/428/180
f 336/416/185 337/417/186 351/437/200
f 351/437/200 337/417/186 346/427/195
f 301/375/154 297/371/150 303/377/156
f 303/377/156 297/371/150 304/378/157
f 297/371/150 299/373/152 304/378/157
f 304/378/157 299/373/152 307/381/160
f 306/380/159 353/441/202 305/379/158
f 305/379/158 353/441/202 343/442/192
f 308/382/161 342/422/191 306/380/159
f 306/380/159 342/422/191 353/441/202
f 335/415/184 352/438/201 341/421/190
f 341/421/190 352/438/201 354/443/203
f 352/438/201 334/440/183 354/443/203
f 354/443/203 334/440/183 340/444/189
f 354/443/203 218/260/72 341/421/190
f 341/421/190 218/260/72 195/237/49
f 340/444/189 217/259/71 354/443/203
f 354/443/203 217/259/71 218/260/72
f 343/442/192 353/441/202 220/262/74
f 220/262/74 353/441/202 219/261/73
f 353/441/202 342/422/191 219/261/73
f 219/261/73 342/422/191 196/238/50
f 355/445/144 356/446/204 357/447/205
f 357/447/205 356/446/204 358/448/206
f 356/446/204 359/449/207 358/448/206
f 358/448/206 359/449/207 360/450/149
f 361/451/208 362/452/209 363/453/210
f 363/453/210 362/452/209 364/454/211
f 365/455/154 366/456/155 361/451/208
f 361/451/208 366/456/155 362/452/209
f 367/457/156 368/458/212 369/459/158
f 369/459/158 368/458/212 370/460/213
f 368/458/212 371/461/214 370/460/213
f 370/460/213 371/461/214 372/462/161
f 373/463/215 374/464/163 355/465/144
f 355/465/144 374/464/163 375/466/164
f 376/467/165 377/468/216 365/469/154
f 365/469/154 377/468/216 366/470/155
f 378/471/217 373/463/215 357/472/205
f 357/472/205 373/463/215 355/465/144
f 378/471/217 357/472/205 379/473/218
f 379/473/218 357/472/205 380/474/169
f 360/450/149 364/454/211 381/475/170
f 381/475/170 364/454/211 382/476/219
f 366/470/155 377/468/216 383/477/68
f 383/477/68 377/468/216 384/478/220
f 379/473/218 380/474/169 385/479/172
f 385/479/172 380/474/169 386/480/173
f 381/475/170 382/476/219 387/481/49
f 387/481/49 382/476/219 388/482/221
f 383/477/68 384/478/220 389/483/175
f 389/483/175 384/478/220 390/484/176
f 391/485/177 392/486/178 393/487/179
f 393/487/179 392/486/178 394/488/180
f 393/487/179 394/488/180 374/464/163
f 374/464/163 394/488/180 375/466/164
f 376/467/165 365/469/154 395/489/81
f 395/489/81 365/469/154 367/490/156
f 395/489/81 367/490/156 396/491/138
f 396/491/138 367/490/156 369/492/158
f 397/493/182 398/494/222 391/485/177
f 391/485/177 398/494/222 392/486/178
f 372/462/161 371/461/214 399/495/184
f 399/495/184 371/461/214 400/496/223
f 400/496/223 371/461/214 401/497/186
f 371/461/214 363/453/210 401/497/186
f 363/453/210 364/454/211 401/497/186
f 401/497/186 364/454/211 402/498/187
f 402/498/187 364/454/211 359/449/207
f 364/454/211 360/450/149 359/449/207
f 397/493/182 403/499/224 398/494/222
f 398/494/222 403/499/224 404/500/225
f 399/495/184 405/501/190 372/462/161
f 372/462/161 405/501/190 406/502/226
f 369/492/158 407/503/123 396/491/138
f 396/491/138 407/503/123 408/504/141
f 403/499/224 321/399/172 404/500/225
f 404/500/225 321/399/172 322/400/173
f 405/501/190 323/401/49 406/502/226
f 406/502/226 323/401/49 324/402/174
f 407/503/123 325/403/175 408/504/141
f 408/504/141 325/403/175 326/404/176
f 359/449/207 356/446/204 402/498/187
f 402/498/187 356/446/204 409/505/227
f 356/446/204 355/445/144 409/505/227
f 409/505/227 355/445/144 375/506/164
f 402/498/187 409/505/227 401/497/186
f 401/497/186 409/505/227 410/507/228
f 409/505/227 375/506/164 410/507/228
f 410/507/228 375/506/164 394/508/180
f 364/454/211 362/452/209 382/476/219
f 382/476/219 362/452/209 411/509/229
f 362/452/209 366/456/155 411/509/229
f 411/509/229 366/456/155 383/510/68
f 358/448/206 412/511/230 357/447/205
f 357/447/205 412/511/230 380/512/169
f 360/450/149 381/475/170 358/448/206
f 358/448/206 381/475/170 412/511/230
f 380/512/169 412/511/230 386/513/173
f 386/513/173 412/511/230 413/514/231
f 412/511/230 381/475/170 413/514/231
f 413/514/231 381/475/170 387/481/49
f 411/509/229 414/515/199 382/476/219
f 382/476/219 414/515/199 388/482/221
f 383/510/68 389/516/175 411/509/229
f 411/509/229 389/516/175 414/515/199
f 415/517/232 416/518/233 400/496/223
f 400/496/223 416/518/233 399/495/184
f 392/519/178 398/520/222 415/517/232
f 415/517/232 398/520/222 416/518/233
f 415/517/232 410/507/228 392/519/178
f 392/519/178 410/507/228 394/508/180
f 400/496/223 401/497/186 415/517/232
f 415/517/232 401/497/186 410/507/228
f 365/455/154 361/451/208 367/457/156
f 367/457/156 361/451/208 368/458/212
f 361/451/208 363/453/210 368/458/212
f 368/458/212 363/453/210 371/461/214
f 370/460/213 417/521/234 369/459/158
f 369/459/158 417/521/234 407/522/123
f 372/462/161 406/502/226 370/460/213
f 370/460/213 406/502/226 417/521/234
f 399/495/184 416/518/233 405/501/190
f 405/501/190 416/518/233 418/523/235
f 416/518/233 398/520/222 418/523/235
f 418/523/235 398/520/222 404/524/225
f 418/523/235 349/434/198 405/501/190
f 405/501/190 349/434/198 323/401/49
f 404/524/225 322/433/173 418/523/235
f 418/523/235 322/433/173 349/434/198
f 407/522/123 417/521/234 325/436/175
f 325/436/175 417/521/234 350/435/199
f 417/521/234 406/502/226 350/435/199
f 350/435/199 406/502/226 324/402/174
f 419/525/236 420/526/237 421/527/238
f 421/527/238 420/526/237 422/528/239
f 420/526/237 423/529/240 422/528/239
f 422/528/239 423/529/240 424/530/149
f 425/531/241 426/532/242 427/533/152
f 427/533/152 426/532/242 428/534/153
f 429/535/154 430/536/243 425/531/241
f 425/531/241 430/536/243 426/532/242
f 431/537/156 432/538/244 433/539/158
f 433/539/158 432/538/244 434/540/245
f 432/538/244 435/541/160 434/540/245
f 434/540/245 435/541/160 436/542/161
f 437/543/215 438/544/163 419/545/236
f 419/545/236 438/544/163 439/546/164
f 440/547/246 441/548/166 429/549/154
f 429/549/154 441/548/166 430/550/243
f 442/551/247 437/543/215 421/552/238
f 421/552/238 437/543/215 419/545/236
f 442/551/247 421/552/238 443/553/248
f 443/553/248 421/552/238 444/554/249
f 424/530/149 428/534/153 445/555/170
f 445/555/170 428/534/153 446/556/250
f 430/550/243 441/548/166 447/557/68
f 447/557/68 441/548/166 448/558/251
f 443/553/248 444/554/249 449/559/172
f 449/559/172 444/554/249 450/560/173
f 445/555/170 446/556/250 451/561/49
f 451/561/49 446/556/250 452/562/174
f 447/557/68 448/558/251 453/563/175
f 453/563/175 448/558/251 454/564/176
f 455/565/252 456/566/253 457/567/179
f 457/567/179 456/566/253 458/568/254
f 457/567/179 458/568/254 438/544/163
f 438/544/163 458/568/254 439/546/164
f 440/547/246 429/549/154 459/569/81
f 459/569/81 429/549/154 431/570/156
f 459/569/81 431/570/156 460/571/181
f 460/571/181 431/570/156 433/572/158
f 461/573/255 462/574/256 455/565/252
f 455/565/252 462/574/256 456/566/253
f 436/542/161 435/541/160 463/575/184
f 463/575/184 435/541/160 464/576/223
f 464/576/223 435/541/160 465/577/186
f 435/541/160 427/533/152 465/577/186
f 427/533/152 428/534/153 465/577/186
f 465/577/186 428/534/153 466/578/187
f 466/578/187 428/534/153 423/529/240
f 428/534/153 424/530/149 423/529/240
f 461/573/255 467/579/224 462/574/256
f 462/574/256 467/579/224 468/580/225
f 463/575/184 469/581/190 436/542/161
f 436/542/161 469/581/190 470/582/257
f 433/572/158 471/583/123 460/571/181
f 460/571/181 471/583/123 472/584/141
f 467/579/224 385/479/172 468/580/225
f 468/580/225 385/479/172 386/480/173
f 469/581/190 387/481/49 470/582/257
f 470/582/257 387/481/49 388/482/221
f 471/583/123 389/483/175 472/584/141
f 472/584/141 389/483/175 390/484/176
f 423/529/240 420/526/237 466/578/187
f 466/578/187 420/526/237 473/585/258
f 420/526/237 419/525/236 473/585/258
f 473/585/258 419/525/236 439/586/164
f 466/578/187 473/585/258 465/577/186
f 465/577/186 473/585/258 474/587/259
f 473/585/258 439/586/164 474/587/259
f 474/587/259 439/586/164 458/588/254
f 428/534/153 426/532/242 446/556/250
f 446/556/250 426/532/242 475/589/260
f 426/532/242 430/536/243 475/589/260
f 475/589/260 430/536/243 447/590/68
f 422/528/239 476/591/261 421/527/238
f 421/527/238 476/591/261 444/592/249
f 424/530/149 445/555/170 422/528/239
f 422/528/239 445/555/170 476/591/261
f 444/592/249 476/591/261 450/593/173
f 450/593/173 476/591/261 477/594/262
f 476/591/261 445/555/170 477/594/262
f 477/594/262 445/555/170 451/561/49
f 475/589/260 478/595/263 446/556/250
f 446/556/250 478/595/263 452/562/174
f 447/590/68 453/596/175 475/589/260
f 475/589/260 453/596/175 478/595/263
f 479/597/264 480/598/265 464/576/223
f 464/576/223 480/598/265 463/575/184
f 456/599/253 462/600/256 479/597/264
f 479/597/264 462/600/256 480/598/265
f 479/597/264 474/587/259 456/599/253
f 456/599/253 474/587/259 458/588/254
f 464/576/223 465/577/186 479/597/264
f 479/597/264 465/577/186 474/587/259
f 429/535/154 425/531/241 431/537/156
f 431/537/156 425/531/241 432/538/244
f 425/531/241 427/533/152 432/538/244
f 432/538/244 427/533/152 435/541/160
f 434/540/245 481/601/266 433/539/158
f 433/539/158 481/601/266 471/602/123
f 436/542/161 470/582/257 434/540/245
f 434/540/245 470/582/257 481/601/266
f 463/575/184 480/598/265 469/581/190
f 469/581/190 480/598/265 482/603/125
f 480/598/265 462/600/256 482/603/125
f 482/603/125 462/600/256 468/604/225
f 482/603/125 413/514/231 469/581/190
f 469/581/190 413/514/231 387/481/49
f 468/604/225 386/513/173 482/603/125
f 482/603/125 386/513/173 413/514/231
f 471/602/123 481/601/266 389/516/175
f 389/516/175 481/601/266 414/515/199
f 481/601/266 470/582/257 414/515/199
f 414/515/199 470/582/257 388/482/221
f 483/605/267 484/606/268 485/607/269
f 485/607/269 484/606/268 486/608/270
f 484/606/268 487/609/148 486/608/270
f 486/608/270 487/609/148 488/610/271
f 489/611/272 490/612/273 491/613/152
f 491/613/152 490/612/273 492/614/153
f 493/615/154 494/616/274 489/611/272
f 489/611/272 494/616/274 490/612/273
f 495/617/119 496/618/275 497/619/158
f 497/619/158 496/618/275 498/620/276
f 496/618/275 499/621/160 498/620/276
f 498/620/276 499/621/160 500/622/161
f 501/623/215 502/624/163 483/625/267
f 483/625/267 502/624/163 503/626/277
f 504/627/165 505/628/166 493/629/154
f 493/629/154 505/628/166 494/630/274
f 506/631/278 501/623/215 485/632/269
f 485/632/269 501/623/215 483/625/267
f 506/631/278 485/632/269 507/633/218
f 507/633/218 485/632/269 508/634/169
f 488/610/271 492/614/153 509/635/170
f 509/635/170 492/614/153 510/636/279
f 494/630/274 505/628/166 511/637/68
f 511/637/68 505/628/166 512/638/86
f 507/633/218 508/634/169 513/639/172
f 513/639/172 508/634/169 514/640/173
f 509/635/170 510/636/279 515/641/280
f 515/641/280 510/636/279 516/642/281
f 511/637/68 512/638/86 517/643/175
f 517/643/175 512/638/86 518/644/282
f 519/645/283 520/646/178 521/647/284
f 521/647/284 520/646/178 522/648/180
f 521/647/284 522/648/180 502/624/163
f 502/624/163 522/648/180 503/626/277
f 504/627/165 493/629/154 523/649/285
f 523/649/285 493/629/154 495/650/119
f 523/649/285 495/650/119 524/651/181
f 524/651/181 495/650/119 497/652/158
f 525/653/255 526/654/256 519/645/283
f 519/645/283 526/654/256 520/646/178
f 500/622/161 499/621/160 527/655/286
f 527/655/286 499/621/160 528/656/185
f 528/656/185 499/621/160 529/657/186
f 499/621/160 491/613/152 529/657/186
f 491/613/152 492/614/153 529/657/186
f 529/657/186 492/614/153 530/658/187
f 530/658/187 492/614/153 487/609/148
f 492/614/153 488/610/271 487/609/148
f 525/653/255 531/659/287 526/654/256
f 526/654/256 531/659/287 532/660/225
f 527/655/286 533/661/190 500/622/161
f 500/622/161 533/661/190 534/662/191
f 497/652/158 535/663/123 524/651/181
f 524/651/181 535/663/123 536/664/288
f 531/659/287 449/559/172 532/660/225
f 532/660/225 449/559/172 450/560/173
f 533/661/190 451/561/49 534/662/191
f 534/662/191 451/561/49 452/562/174
f 535/663/123 453/563/175 536/664/288
f 536/664/288 453/563/175 454/564/176
f 487/609/148 484/606/268 530/658/187
f 530/658/187 484/606/268 537/665/289
f 484/606/268 483/605/267 537/665/289
f 537/665/289 483/605/267 503/666/277
f 530/658/187 537/665/289 529/657/186
f 529/657/186 537/665/289 538/667/228
f 537/665/289 503/666/277 538/667/228
f 538/667/228 503/666/277 522/668/180
f 492/614/153 490/612/273 510/636/279
f 510/636/279 490/612/273 539/669/196
f 490/612/273 494/616/274 539/669/196
f 539/669/196 494/616/274 511/670/68
f 486/608/270 540/671/290 485/607/269
f 485/607/269 540/671/290 508/672/169
f 488/610/271 509/635/170 486/608/270
f 486/608/270 509/635/170 540/671/290
f 508/672/169 540/671/290 514/673/173
f 514/673/173 540/671/290 541/674/291
f 540/671/290 509/635/170 541/674/291
f 541/674/291 509/635/170 515/641/280
f 539/669/196 542/675/292 510/636/279
f 510/636/279 542/675/292 516/642/281
f 511/670/68 517/676/175 539/669/196
f 539/669/196 517/676/175 542/675/292
f 543/677/293 544/678/294 528/656/185
f 528/656/185 544/678/294 527/655/286
f 520/679/178 526/680/256 543/677/293
f 543/677/293 526/680/256 544/678/294
f 543/677/293 538/667/228 520/679/178
f 520/679/178 538/667/228 522/668/180
f 528/656/185 529/657/186 543/677/293
f 543/677/293 529/657/186 538/667/228
f 493/615/154 489/611/272 495/617/119
f 495/617/119 489/611/272 496/618/275
f 489/611/272 491/613/152 496/618/275
f 496/618/275 491/613/152 499/621/160
f 498/620/276 545/681/295 497/619/158
f 497/619/158 545/681/295 535/682/123
f 500/622/161 534/662/191 498/620/276
f 498/620/276 534/662/191 545/681/295
f 527/655/286 544/678/294 533/661/190
f 533/661/190 544/678/294 546/683/296
f 544/678/294 526/680/256 546/683/296
f 546/683/296 526/680/256 532/684/225
f 546/683/296 477/594/262 533/661/190
f 533/661/190 477/594/262 451/561/49
f 532/684/225 450/593/173 546/683/296
f 546/683/296 450/593/173 477/594/262
f 535/682/123 545/681/295 453/596/175
f 453/596/175 545/681/295 478/595/263
f 545/681/295 534/662/191 478/595/263
f 478/595/263 534/662/191 452/562/174
f 547/685/297 548/686/204 549/687/238
f 549/687/238 548/686/204 550/688/239
f 548/686/204 551/689/207 550/688/239
f 550/688/239 551/689/207 552/690/149
f 553/691/208 554/692/298 555/693/210
f 555/693/210 554/692/298 556/694/153
f 557/695/154 558/696/299 553/691/208
f 553/691/208 558/696/299 554/692/298
f 559/697/156 560/698/244 561/699/158
f 561/699/158 560/698/244 562/700/300
f 560/698/244 563/701/214 562/700/300
f 562/700/300 563/701/214 564/702/161
f 565/703/162 566/704/163 547/705/297
f 547/705/297 566/704/163 567/706/277
f 568/707/246 569/708/166 557/709/154
f 557/709/154 569/708/166 558/710/299
f 570/711/278 565/703/162 549/712/238
f 549/712/238 565/703/162 547/705/297
f 570/711/278 549/712/238 571/713/218
f 571/713/218 549/712/238 572/714/169
f 552/690/149 556/694/153 573/715/170
f 573/715/170 556/694/153 574/716/301
f 558/710/299 569/708/166 575/717/68
f 575/717/68 569/708/166 576/718/251
f 571/713/218 572/714/169 577/719/302
f 577/719/302 572/714/169 578/720/303
f 573/715/170 574/716/301 579/721/304
f 579/721/304 574/716/301 580/722/281
f 575/717/68 576/718/251 581/723/175
f 581/723/175 576/718/251 582/724/176
f 583/725/252 584/726/305 585/727/179
f 585/727/179 584/726/305 586/728/254
f 585/727/179 586/728/254 566/704/163
f 566/704/163 586/728/254 567/706/277
f 568/707/246 557/709/154 587/729/81
f 587/729/81 557/709/154 559/730/156
f 587/729/81 559/730/156 588/731/306
f 588/731/306 559/730/156 561/732/158
f 589/733/307 590/734/308 583/725/252
f 583/725/252 590/734/308 584/726/305
f 564/702/161 563/701/214 591/735/184
f 591/735/184 563/701/214 592/736/309
f 592/736/309 563/701/214 593/737/186
f 563/701/214 555/693/210 593/737/186
f 555/693/210 556/694/153 593/737/186
f 593/737/186 556/694/153 594/738/187
f 594/738/187 556/694/153 551/689/207
f 556/694/153 552/690/149 551/689/207
f 589/733/307 595/739/310 590/734/308
f 590/734/308 595/739/310 596/740/311
f 591/735/184 597/741/190 564/702/161
f 564/702/161 597/741/190 598/742/191
f 561/732/158 599/743/123 588/731/306
f 588/731/306 599/743/123 600/744/141
f 595/739/310 513/639/172 596/740/311
f 596/740/311 513/639/172 514/640/173
f 597/741/190 515/641/280 598/742/191
f 598/742/191 515/641/280 516/642/281
f 599/743/123 517/643/175 600/744/141
f 600/744/141 517/643/175 518/644/282
f 551/689/207 548/686/204 594/738/187
f 594/738/187 548/686/204 601/745/289
f 548/686/204 547/685/297 601/745/289
f 601/745/289 547/685/297 567/746/277
f 594/738/187 601/745/289 593/737/186
f 593/737/186 601/745/289 602/747/259
f 601/745/289 567/746/277 602/747/259
f 602/747/259 567/746/277 586/748/254
f 556/694/153 554/692/298 574/716/301
f 574/716/301 554/692/298 603/749/312
f 554/692/298 558/696/299 603/749/312
f 603/749/312 558/696/299 575/750/68
f 550/688/239 604/751/230 549/687/238
f 549/687/238 604/751/230 572/752/169
f 552/690/149 573/715/170 550/688/239
f 550/688/239 573/715/170 604/751/230
f 572/752/169 604/751/230 578/753/303
f 578/753/303 604/751/230 605/754/291
f 604/751/230 573/715/170 605/754/291
f 605/754/291 573/715/170 579/721/304
f 603/749/312 606/755/313 574/716/301
f 574/716/301 606/755/313 580/722/281
f 575/750/68 581/756/175 603/749/312
f 603/749/312 581/756/175 606/755/313
f 607/757/314 608/758/315 592/736/309
f 592/736/309 608/758/315 591/735/184
f 584/759/305 590/760/308 607/757/314
f 607/757/314 590/760/308 608/758/315
f 607/757/314 602/747/259 584/759/305
f 584/759/305 602/747/259 586/748/254
f 592/736/309 593/737/186 607/757/314
f 607/757/314 593/737/186 602/747/259
f 557/695/154 553/691/208 559/697/156
f 559/697/156 553/691/208 560/698/244
f 553/691/208 555/693/210 560/698/244
f 560/698/244 555/693/210 563/701/214
f 562/700/300 609/761/316 561/699/158
f 561/699/158 609/761/316 599/762/123
f 564/702/161 598/742/191 562/700/300
f 562/700/300 598/742/191 609/761/316
f 591/735/184 608/758/315 597/741/190
f 597/741/190 608/758/315 610/763/125
f 608/758/315 590/760/308 610/763/125
f 610/763/125 590/760/308 596/764/311
f 610/763/125 541/674/291 597/741/190
f 597/741/190 541/674/291 515/641/280
f 596/764/311 514/673/173 610/763/125
f 610/763/125 514/673/173 541/674/291
f 599/762/123 609/761/316 517/676/175
f 517/676/175 609/761/316 542/675/292
f 609/761/316 598/742/191 542/675/292
f 542/675/292 598/742/191 516/642/281
f 611/765/297 612/766/317 613/767/318
f 613/767/318 612/766/317 614/768/319
f 612/766/317 615/769/207 614/768/319
f 614/768/319 615/769/207 616/770/149
f 617/771/241 618/772/320 619/773/210
f 619/773/210 618/772/320 620/774/211
f 621/775/321 622/776/322 617/771/241
f 617/771/241 622/776/322 618/772/320
f 623/777/119 624/778/323 625/779/158
f 625/779/158 624/778/323 626/780/324
f 624/778/323 627/781/214 626/780/324
f 626/780/324 627/781/214 628/782/161
f 629/783/162 630/784/163 611/785/297
f 611/785/297 630/784/163 631/786/277
f 632/787/165 633/788/166 621/789/321
f 621/789/321 633/788/166 622/790/322
f 634/791/167 629/783/162 613/792/318
f 613/792/318 629/783/162 611/785/297
f 634/791/167 613/792/318 635/793/218
f 635/793/218 613/792/318 636/794/169
f 616/770/149 620/774/211 637/795/325
f 637/795/325 620/774/211 638/796/219
f 622/790/322 633/788/166 639/797/68
f 639/797/68 633/788/166 640/798/220
f 635/793/218 636/794/169 641/799/172
f 641/799/172 636/794/169 642/800/173
f 637/795/325 638/796/219 643/801/280
f 643/801/280 638/796/219 644/802/326
f 639/797/68 640/798/220 645/803/175
f 645/803/175 640/798/220 646/804/176
f 647/805/252 648/806/305 649/807/284
f 649/807/284 648/806/305 650/808/180
f 649/807/284 650/808/180 630/784/163
f 630/784/163 650/808/180 631/786/277
f 632/787/165 621/789/321 651/809/285
f 651/809/285 621/789/321 623/810/119
f 651/809/285 623/810/119 652/811/138
f 652/811/138 623/810/119 625/812/158
f 653/813/182 654/814/308 647/805/252
f 647/805/252 654/814/308 648/806/305
f 628/782/161 627/781/214 655/815/184
f 655/815/184 627/781/214 656/816/309
f 656/816/309 627/781/214 657/817/186
f 627/781/214 619/773/210 657/817/186
f 619/773/210 620/774/211 657/817/186
f 657/817/186 620/774/211 658/818/187
f 658/818/187 620/774/211 615/769/207
f 620/774/211 616/770/149 615/769/207
f 653/813/182 659/819/224 654/814/308
f 654/814/308 659/819/224 660/820/225
f 655/815/184 661/821/327 628/782/161
f 628/782/161 661/821/327 662/822/191
f 625/812/158 663/823/328 652/811/138
f 652/811/138 663/823/328 664/824/288
f 659/819/224 577/719/302 660/820/225
f 660/820/225 577/719/302 578/720/303
f 661/821/327 579/721/304 662/822/191
f 662/822/191 579/721/304 580/722/281
f 663/823/328 581/723/175 664/824/288
f 664/824/288 581/723/175 582/724/176
f 615/769/207 612/766/317 658/818/187
f 658/818/187 612/766/317 665/825/329
f 612/766/317 611/765/297 665/825/329
f 665/825/329 611/765/297 631/826/277
f 658/818/187 665/825/329 657/817/186
f 657/817/186 665/825/329 666/827/259
f 665/825/329 631/826/277 666/827/259
f 666/827/259 631/826/277 650/828/180
f 620/774/211 618/772/320 638/796/219
f 638/796/219 618/772/320 667/829/330
f 618/772/320 622/776/322 667/829/330
f 667/829/330 622/776/322 639/830/68
f 614/768/319 668/831/290 613/767/318
f 613/767/318 668/831/290 636/832/169
f 616/770/149 637/795/325 614/768/319
f 614/768/319 637/795/325 668/831/290
f 636/832/169 668/831/290 642/833/173
f 642/833/173 668/831/290 669/834/262
f 668/831/290 637/795/325 669/834/262
f 669/834/262 637/795/325 643/801/280
f 667/829/330 670/835/331 638/796/219
f 638/796/219 670/835/331 644/802/326
f 639/830/68 645/836/175 667/829/330
f 667/829/330 645/836/175 670/835/331
f 671/837/332 672/838/315 656/816/309
f 656/816/309 672/838/315 655/815/184
f 648/839/305 654/840/308 671/837/332
f 671/837/332 654/840/308 672/838/315
f 671/837/332 666/827/259 648/839/305
f 648/839/305 666/827/259 650/828/180
f 656/816/309 657/817/186 671/837/332
f 671/837/332 657/817/186 666/827/259
f 621/775/321 617/771/241 623/777/119
f 623/777/119 617/771/241 624/778/323
f 617/771/241 619/773/210 624/778/323
f 624/778/323 619/773/210 627/781/214
f 626/780/324 673/841/333 625/779/158
f 625/779/158 673/841/333 663/842/328
f 628/782/161 662/822/191 626/780/324
f 626/780/324 662/822/191 673/841/333
f 655/815/184 672/838/315 661/821/327
f 661/821/327 672/838/315 674/843/125
f 672/838/315 654/840/308 674/843/125
f 674/843/125 654/840/308 660/844/225
f 674/843/125 605/754/291 661/821/327
f 661/821/327 605/754/291 579/721/304
f 660/844/225 578/753/303 674/843/125
f 674/843/125 578/753/303 605/754/291
f 663/842/328 673/841/333 581/756/175
f 581/756/175 673/841/333 606/755/313
f 673/841/333 662/822/191 606/755/313
f 606/755/313 662/822/191 580/722/281
f 675/845/144 676/846/334 677/847/335
f 677/847/335 676/846/334 678/848/239
f 676/846/334 679/849/207 678/848/239
f 678/848/239 679/849/207 680/850/149
f 681/851/336 682/852/320 683/853/152
f 683/853/152 682/852/320 684/854/153
f 685/855/154 686/856/337 681/851/336
f 681/851/336 686/856/337 682/852/320
f 687/857/338 688/858/244 689/859/158
f 689/859/158 688/858/244 690/860/213
f 688/858/244 691/861/214 690/860/213
f 690/860/213 691/861/214 692/862/161
f 693/863/215 694/864/163 675/865/144
f 675/865/144 694/864/163 695/866/277
f 696/867/246 697/868/216 685/869/154
f 685/869/154 697/868/216 686/870/337
f 698/871/247 693/863/215 677/872/335
f 677/872/335 693/863/215 675/865/144
f 698/871/247 677/872/335 699/873/248
f 699/873/248 677/872/335 700/874/249
f 680/850/149 684/854/153 701/875/170
f 701/875/170 684/854/153 702/876/301
f 686/870/337 697/868/216 703/877/339
f 703/877/339 697/868/216 704/878/220
f 699/873/248 700/874/249 705/879/172
f 705/879/172 700/874/249 706/880/173
f 701/875/170 702/876/301 707/881/304
f 707/881/304 702/876/301 708/882/281
f 703/877/339 704/878/220 709/883/340
f 709/883/340 704/878/220 710/884/176
f 711/885/177 712/886/341 713/887/179
f 713/887/179 712/886/341 714/888/254
f 713/887/179 714/888/254 694/864/163
f 694/864/163 714/888/254 695/866/277
f 696/867/246 685/869/154 715/889/285
f 715/889/285 685/869/154 687/890/338
f 715/889/285 687/890/338 716/891/181
f 716/891/181 687/890/338 689/892/158
f 717/893/342 718/894/343 711/885/177
f 711/885/177 718/894/343 712/886/341
f 692/862/161 691/861/214 719/895/184
f 719/895/184 691/861/214 720/896/309
f 720/896/309 691/861/214 721/897/186
f 691/861/214 683/853/152 721/897/186
f 683/853/152 684/854/153 721/897/186
f 721/897/186 684/854/153 722/898/187
f 722/898/187 684/854/153 679/849/207
f 684/854/153 680/850/149 679/849/207
f 717/893/342 723/899/287 718/894/343
f 718/894/343 723/899/287 724/900/225
f 719/895/184 725/901/190 692/862/161
f 692/862/161 725/901/190 726/902/191
f 689/892/158 727/903/123 716/891/181
f 716/891/181 727/903/123 728/904/288
f 723/899/287 641/799/172 724/900/225
f 724/900/225 641/799/172 642/800/173
f 725/901/190 643/801/280 726/902/191
f 726/902/191 643/801/280 644/802/326
f 727/903/123 645/803/175 728/904/288
f 728/904/288 645/803/175 646/804/176
f 679/849/207 676/846/334 722/898/187
f 722/898/187 676/846/334 729/905/344
f 676/846/334 675/845/144 729/905/344
f 729/905/344 675/845/144 695/906/277
f 722/898/187 729/905/344 721/897/186
f 721/897/186 729/905/344 730/907/345
f 729/905/344 695/906/277 730/907/345
f 730/907/345 695/906/277 714/908/254
f 684/854/153 682/852/320 702/876/301
f 702/876/301 682/852/320 731/909/229
f 682/852/320 686/856/337 731/909/229
f 731/909/229 686/856/337 703/910/339
f 678/848/239 732/911/197 677/847/335
f 677/847/335 732/911/197 700/912/249
f 680/850/149 701/875/170 678/848/239
f 678/848/239 701/875/170 732/911/197
f 700/912/249 732/911/197 706/913/173
f 706/913/173 732/911/197 733/914/346
f 732/911/197 701/875/170 733/914/346
f 733/914/346 701/875/170 707/881/304
f 731/909/229 734/915/347 702/876/301
f 702/876/301 734/915/347 708/882/281
f 703/910/339 709/916/340 731/909/229
f 731/909/229 709/916/340 734/915/347
f 735/917/348 736/918/349 720/896/309
f 720/896/309 736/918/349 719/895/184
f 712/919/341 718/920/343 735/917/348
f 735/917/348 718/920/343 736/918/349
f 735/917/348 730/907/345 712/919/341
f 712/919/341 730/907/345 714/908/254
f 720/896/309 721/897/186 735/917/348
f 735/917/348 721/897/186 730/907/345
f 685/855/154 681/851/336 687/857/338
f 687/857/338 681/851/336 688/858/244
f 681/851/336 683/853/152 688/858/244
f 688/858/244 683/853/152 691/861/214
f 690/860/213 737/921/350 689/859/158
f 689/859/158 737/921/350 727/922/123
f 692/862/161 726/902/191 690/860/213
f 690/860/213 726/902/191 737/921/350
f 719/895/184 736/918/349 725/901/190
f 725/901/190 736/918/349 738/923/235
f 736/918/349 718/920/343 738/923/235
f 738/923/235 718/920/343 724/924/225
f 738/923/235 669/834/262 725/901/190
f 725/901/190 669/834/262 643/801/280
f 724/924/225 642/833/173 738/923/235
f 738/923/235 642/833/173 669/834/262
f 727/922/123 737/921/350 645/836/175
f 645/836/175 737/921/350 670/835/331
f 737/921/350 726/902/191 670/835/331
f 670/835/331 726/902/191 644/802/326
f 739/925/297 740/926/351 741/927/352
f 741/927/352 740/926/351 742/928/353
f 740/926/351 743/929/354 742/928/353
f 742/928/353 743/929/354 744/930/355
f 745/931/272 746/932/356 747/933/357
f 747/933/357 746/932/356 748/934/358
f 749/935/154 750/936/274 745/931/272
f 745/931/272 750/936/274 746/932/356
f 751/937/156 752/938/359 753/939/158
f 753/939/158 752/938/359 754/940/360
f 752/938/359 755/941/361 754/940/360
f 754/940/360 755/941/361 756/942/362
f 757/943/162 758/944/363 739/945/297
f 739/945/297 758/944/363 759/946/364
f 760/947/246 761/948/166 749/949/154
f 749/949/154 761/948/166 750/950/274
f 762/951/278 757/943/162 741/952/352
f 741/952/352 757/943/162 739/945/297
f 762/951/278 741/952/352 763/953/218
f 763/953/218 741/952/352 764/954/249
f 744/930/355 748/934/358 765/955/365
f 765/955/365 748/934/358 766/956/279
f 750/950/274 761/948/166 767/957/68
f 767/957/68 761/948/166 768/958/220
f 763/953/218 764/954/249 769/959/302
f 769/959/302 764/954/249 770/960/303
f 765/955/365 766/956/279 771/961/304
f 771/961/304 766/956/279 772/962/281
f 767/957/68 768/958/220 773/963/340
f 773/963/340 768/958/220 774/964/366
f 775/965/283 776/966/253 777/967/367
f 777/967/367 776/966/253 778/968/180
f 777/967/367 778/968/180 758/944/363
f 758/944/363 778/968/180 759/946/364
f 760/947/246 749/949/154 779/969/81
f 779/969/81 749/949/154 751/970/156
f 779/969/81 751/970/156 780/971/181
f 780/971/181 751/970/156 753/972/158
f 781/973/368 782/974/369 775/965/283
f 775/965/283 782/974/369 776/966/253
f 756/942/362 755/941/361 783/975/286
f 783/975/286 755/941/361 784/976/185
f 784/976/185 755/941/361 785/977/370
f 755/941/361 747/933/357 785/977/370
f 747/933/357 748/934/358 785/977/370
f 785/977/370 748/934/358 786/978/371
f 786/978/371 748/934/358 743/929/354
f 748/934/358 744/930/355 743/929/354
f 781/973/368 787/979/310 782/974/369
f 782/974/369 787/979/310 788/980/311
f 783/975/286 789/981/372 756/942/362
f 756/942/362 789/981/372 790/982/191
f 753/972/158 791/983/123 780/971/181
f 780/971/181 791/983/123 792/984/141
f 787/979/310 705/879/172 788/980/311
f 788/980/311 705/879/172 706/880/173
f 789/981/372 707/881/304 790/982/191
f 790/982/191 707/881/304 708/882/281
f 791/983/123 709/883/340 792/984/141
f 792/984/141 709/883/340 710/884/176
f 743/929/354 740/926/351 786/978/371
f 786/978/371 740/926/351 793/985/258
f 740/926/351 739/925/297 793/985/258
f 793/985/258 739/925/297 759/986/364
f 786/978/371 793/985/258 785/977/370
f 785/977/370 793/985/258 794/987/195
f 793/985/258 759/986/364 794/987/195
f 794/987/195 759/986/364 778/988/180
f 748/934/358 746/932/356 766/956/279
f 766/956/279 746/932/356 795/989/373
f 746/932/356 750/936/274 795/989/373
f 795/989/373 750/936/274 767/990/68
f 742/928/353 796/991/290 741/927/352
f 741/927/352 796/991/290 764/992/249
f 744/930/355 765/955/365 742/928/353
f 742/928/353 765/955/365 796/991/290
f 764/992/249 796/991/290 770/993/303
f 770/993/303 796/991/290 797/994/374
f 796/991/290 765/955/365 797/994/374
f 797/994/374 765/955/365 771/961/304
f 795/989/373 798/995/347 766/956/279
f 766/956/279 798/995/347 772/962/281
f 767/990/68 773/996/340 795/989/373
f 795/989/373 773/996/340 798/995/347
f 799/997/375 800/998/376 784/976/185
f 784/976/185 800/998/376 783/975/286
f 776/999/253 782/1000/369 799/997/375
f 799/997/375 782/1000/369 800/998/376
f 799/997/375 794/987/195 776/999/253
f 776/999/253 794/987/195 778/988/180
f 784/976/185 785/977/370 799/997/375
f 799/997/375 785/977/370 794/987/195
f 749/935/154 745/931/272 751/937/156
f 751/937/156 745/931/272 752/938/359
f 745/931/272 747/933/357 752/938/359
f 752/938/359 747/933/357 755/941/361
f 754/940/360 801/1001/333 753/939/158
f 753/939/158 801/1001/333 791/1002/123
f 756/942/362 790/982/191 754/940/360
f 754/940/360 790/982/191 801/1001/333
f 783/975/286 800/998/376 789/981/372
f 789/981/372 800/998/376 802/1003/235
f 800/998/376 782/1000/369 802/1003/235
f 802/1003/235 782/1000/369 788/1004/311
f 802/1003/235 733/914/346 789/981/372
f 789/981/372 733/914/346 707/881/304
f 788/1004/311 706/913/173 802/1003/235
f 802/1003/235 706/913/173 733/914/346
f 791/1002/123 801/1001/333 709/916/340
f 709/916/340 801/1001/333 734/915/347
f 801/1001/333 790/982/191 734/915/347
f 734/915/347 790/982/191 708/882/281
f 803/1005/33 804/1006/377 805/1007/238
f 805/1007/238 804/1006/377 806/1008/378
f 804/1006/377 807/1009/148 806/1008/378
f 806/1008/378 807/1009/148 808/1010/355
f 809/1011/379 810/1012/380 811/1013/152
f 811/1013/152 810/1012/380 812/1014/381
f 813/1015/382 814/1016/299 809/1011/379
f 809/1011/379 814/1016/299 810/1012/380
f 815/1017/119 816/1018/383 817/1019/158
f 817/1019/158 816/1018/383 818/1020/384
f 816/1018/383 819/1021/361 818/1020/384
f 818/1020/384 819/1021/361 820/1022/385
f 821/1023/386 822/1024/163 803/1025/33
f 803/1025/33 822/1024/163 823/1026/277
f 824/1027/387 825/1028/216 813/1029/382
f 813/1029/382 825/1028/216 814/1030/299
f 826/1031/388 821/1023/386 805/1032/238
f 805/1032/238 821/1023/386 803/1025/33
f 826/1031/388 805/1032/238 827/1033/248
f 827/1033/248 805/1032/238 828/1034/169
f 808/1010/355 812/1014/381 829/1035/365
f 829/1035/365 812/1014/381 830/1036/389
f 814/1030/299 825/1028/216 831/1037/68
f 831/1037/68 825/1028/216 832/1038/251
f 827/1033/248 828/1034/169 833/1039/302
f 833/1039/302 828/1034/169 834/1040/173
f 829/1035/365 830/1036/389 835/1041/49
f 835/1041/49 830/1036/389 836/1042/281
f 831/1037/68 832/1038/251 837/1043/175
f 837/1043/175 832/1038/251 838/1044/176
f 839/1045/177 840/1046/178 841/1047/390
f 841/1047/390 840/1046/178 842/1048/391
f 841/1047/390 842/1048/391 822/1024/163
f 822/1024/163 842/1048/391 823/1026/277
f 824/1027/387 813/1029/382 843/1049/81
f 843/1049/81 813/1029/382 815/1050/119
f 843/1049/81 815/1050/119 844/1051/181
f 844/1051/181 815/1050/119 817/1052/158
f 845/1053/392 846/1054/393 839/1045/177
f 839/1045/177 846/1054/393 840/1046/178
f 820/1022/385 819/1021/361 847/1055/286
f 847/1055/286 819/1021/361 848/1056/185
f 848/1056/185 819/1021/361 849/1057/186
f 819/1021/361 811/1013/152 849/1057/186
f 811/1013/152 812/1014/381 849/1057/186
f 849/1057/186 812/1014/381 850/1058/187
f 850/1058/187 812/1014/381 807/1009/148
f 812/1014/381 808/1010/355 807/1009/148
f 845/1053/392 851/1059/394 846/1054/393
f 846/1054/393 851/1059/394 852/1060/395
f 847/1055/286 853/1061/396 820/1022/385
f 820/1022/385 853/1061/396 854/1062/191
f 817/1052/158 855/1063/328 844/1051/181
f 844/1051/181 855/1063/328 856/1064/397
f 851/1059/394 769/959/302 852/1060/395
f 852/1060/395 769/959/302 770/960/303
f 853/1061/396 771/961/304 854/1062/191
f 854/1062/191 771/961/304 772/962/281
f 855/1063/328 773/963/340 856/1064/397
f 856/1064/397 773/963/340 774/964/366
f 807/1009/148 804/1006/377 850/1058/187
f 850/1058/187 804/1006/377 857/1065/398
f 804/1006/377 803/1005/33 857/1065/398
f 857/1065/398 803/1005/33 823/1066/277
f 850/1058/187 857/1065/398 849/1057/186
f 849/1057/186 857/1065/398 858/1067/399
f 857/1065/398 823/1066/277 858/1067/399
f 858/1067/399 823/1066/277 842/1068/391
f 812/1014/381 810/1012/380 830/1036/389
f 830/1036/389 810/1012/380 859/1069/330
f 810/1012/380 814/1016/299 859/1069/330
f 859/1069/330 814/1016/299 831/1070/68
f 806/1008/378 860/1071/290 805/1007/238
f 805/1007/238 860/1071/290 828/1072/169
f 808/1010/355 829/1035/365 806/1008/378
f 806/1008/378 829/1035/365 860/1071/290
f 828/1072/169 860/1071/290 834/1073/173
f 834/1073/173 860/1071/290 861/1074/231
f 860/1071/290 829/1035/365 861/1074/231
f 861/1074/231 829/1035/365 835/1041/49
f 859/1069/330 862/1075/313 830/1036/389
f 830/1036/389 862/1075/313 836/1042/281
f 831/1070/68 837/1076/175 859/1069/330
f 859/1069/330 837/1076/175 862/1075/313
f 863/1077/400 864/1078/265 848/1056/185
f 848/1056/185 864/1078/265 847/1055/286
f 840/1079/178 846/1080/393 863/1077/400
f 863/1077/400 846/1080/393 864/1078/265
f 863/1077/400 858/1067/399 840/1079/178
f 840/1079/178 858/1067/399 842/1068/391
f 848/1056/185 849/1057/186 863/1077/400
f 863/1077/400 849/1057/186 858/1067/399
f 813/1015/382 809/1011/379 815/1017/119
f 815/1017/119 809/1011/379 816/1018/383
f 809/1011/379 811/1013/152 816/1018/383
f 816/1018/383 811/1013/152 819/1021/361
f 818/1020/384 865/1081/401 817/1019/158
f 817/1019/158 865/1081/401 855/1082/328
f 820/1022/385 854/1062/191 818/1020/384
f 818/1020/384 854/1062/191 865/1081/401
f 847/1055/286 864/1078/265 853/1061/396
f 853/1061/396 864/1078/265 866/1083/296
f 864/1078/265 846/1080/393 866/1083/296
f 866/1083/296 846/1080/393 852/1084/395
f 866/1083/296 797/994/374 853/1061/396
f 853/1061/396 797/994/374 771/961/304
f 852/1084/395 770/993/303 866/1083/296
f 866/1083/296 770/993/303 797/994/374
f 855/1082/328 865/1081/401 773/996/340
f 773/996/340 865/1081/401 798/995/347
f 865/1081/401 854/1062/191 798/995/347
f 798/995/347 854/1062/191 772/962/281
f 867/1085/402 868/1086/351 869/1087/352
f 869/1087/352 868/1086/351 870/1088/403
f 868/1086/351 871/1089/148 870/1088/403
f 870/1088/403 871/1089/148 872/1090/355
f 873/1091/272 874/1092/404 875/1093/357
f 875/1093/357 874/1092/404 876/1094/405
f 877/1095/406 878/1096/322 873/1091/272
f 873/1091/272 878/1096/322 874/1092/404
f 879/1097/156 880/1098/383 881/1099/158
f 881/1099/158 880/1098/383 882/1100/407
f 880/1098/383 883/1101/361 882/1100/407
f 882/1100/407 883/1101/361 884/1102/385
f 885/1103/408 886/1104/409 867/1105/402
f 867/1105/402 886/1104/409 887/1106/410
f 888/1107/246 889/1108/411 877/1109/406
f 877/1109/406 889/1108/411 878/1110/322
f 890/1111/412 885/1103/408 869/1112/352
f 869/1112/352 885/1103/408 867/1105/402
f 890/1111/412 869/1112/352 891/1113/413
f 891/1113/413 869/1112/352 892/1114/414
f 872/1090/355 876/1094/405 893/1115/365
f 893/1115/365 876/1094/405 894/1116/279
f 878/1110/322 889/1108/411 895/1117/68
f 895/1117/68 889/1108/411 896/1118/220
f 891/1113/413 892/1114/414 897/1119/302
f 897/1119/302 892/1114/414 898/1120/303
f 893/1115/365 894/1116/279 899/1121/280
f 899/1121/280 894/1116/279 900/1122/281
f 895/1117/68 896/1118/220 901/1123/175
f 901/1123/175 896/1118/220 902/1124/176
f 903/1125/415 904/1126/416 905/1127/417
f 905/1127/417 904/1126/416 906/1128/391
f 905/1127/417 906/1128/391 886/1104/409
f 886/1104/409 906/1128/391 887/1106/410
f 888/1107/246 877/1109/406 907/1129/81
f 907/1129/81 877/1109/406 879/1130/156
f 907/1129/81 879/1130/156 908/1131/181
f 908/1131/181 879/1130/156 881/1132/158
f 909/1133/418 910/1134/419 903/1125/415
f 903/1125/415 910/1134/419 904/1126/416
f 884/1102/385 883/1101/361 911/1135/286
f 911/1135/286 883/1101/361 912/1136/185
f 912/1136/185 883/1101/361 913/1137/186
f 883/1101/361 875/1093/357 913/1137/186
f 875/1093/357 876/1094/405 913/1137/186
f 913/1137/186 876/1094/405 914/1138/371
f 914/1138/371 876/1094/405 871/1089/148
f 876/1094/405 872/1090/355 871/1089/148
f 909/1133/418 915/1139/224 910/1134/419
f 910/1134/419 915/1139/224 916/1140/225
f 911/1135/286 917/1141/420 884/1102/385
f 884/1102/385 917/1141/420 918/1142/421
f 881/1132/158 919/1143/123 908/1131/181
f 908/1131/181 919/1143/123 920/1144/141
f 915/1139/224 833/1039/302 916/1140/225
f 916/1140/225 833/1039/302 834/1040/173
f 917/1141/420 835/1041/49 918/1142/421
f 918/1142/421 835/1041/49 836/1042/281
f 919/1143/123 837/1043/175 920/1144/141
f 920/1144/141 837/1043/175 838/1044/176
f 871/1089/148 868/1086/351 914/1138/371
f 914/1138/371 868/1086/351 921/1145/422
f 868/1086/351 867/1085/402 921/1145/422
f 921/1145/422 867/1085/402 887/1146/410
f 914/1138/371 921/1145/422 913/1137/186
f 913/1137/186 921/1145/422 922/1147/423
f 921/1145/422 887/1146/410 922/1147/423
f 922/1147/423 887/1146/410 906/1148/391
f 876/1094/405 874/1092/404 894/1116/279
f 894/1116/279 874/1092/404 923/1149/373
f 874/1092/404 878/1096/322 923/1149/373
f 923/1149/373 878/1096/322 895/1150/68
f 870/1088/403 924/1151/230 869/1087/352
f 869/1087/352 924/1151/230 892/1152/414
f 872/1090/355 893/1115/365 870/1088/403
f 870/1088/403 893/1115/365 924/1151/230
f 892/1152/414 924/1151/230 898/1153/303
f 898/1153/303 924/1151/230 925/1154/231
f 924/1151/230 893/1115/365 925/1154/231
f 925/1154/231 893/1115/365 899/1121/280
f 923/1149/373 926/1155/347 894/1116/279
f 894/1116/279 926/1155/347 900/1122/281
f 895/1150/68 901/1156/175 923/1149/373
f 923/1149/373 901/1156/175 926/1155/347
f 927/1157/424 928/1158/425 912/1136/185
f 912/1136/185 928/1158/425 911/1135/286
f 904/1159/416 910/1160/419 927/1157/424
f 927/1157/424 910/1160/419 928/1158/425
f 927/1157/424 922/1147/423 904/1159/416
f 904/1159/416 922/1147/423 906/1148/391
f 912/1136/185 913/1137/186 927/1157/424
f 927/1157/424 913/1137/186 922/1147/423
f 877/1095/406 873/1091/272 879/1097/156
f 879/1097/156 873/1091/272 880/1098/383
f 873/1091/272 875/1093/357 880/1098/383
f 880/1098/383 875/1093/357 883/1101/361
f 882/1100/407 929/1161/426 881/1099/158
f 881/1099/158 929/1161/426 919/1162/123
f 884/1102/385 918/1142/421 882/1100/407
f 882/1100/407 918/1142/421 929/1161/426
f 911/1135/286 928/1158/425 917/1141/420
f 917/1141/420 928/1158/425 930/1163/235
f 928/1158/425 910/1160/419 930/1163/235
f 930/1163/235 910/1160/419 916/1164/225
f 930/1163/235 861/1074/231 917/1141/420
f 917/1141/420 861/1074/231 835/1041/49
f 916/1164/225 834/1073/173 930/1163/235
f 930/1163/235 834/1073/173 861/1074/231
f 919/1162/123 929/1161/426 837/1076/175
f 837/1076/175 929/1161/426 862/1075/313
f 929/1161/426 918/1142/421 862/1075/313
f 862/1075/313 918/1142/421 836/1042/281
f 931/1165/144 932/1166/427 933/1167/428
f 933/1167/428 932/1166/427 934/1168/429
f 932/1166/427 935/1169/354 934/1168/429
f 934/1168/429 935/1169/354 936/1170/355
f 937/1171/430 938/1172/431 939/1173/357
f 939/1173/357 938/1172/431 940/1174/432
f 941/1175/64 942/1176/322 937/1171/430
f 937/1171/430 942/1176/322 938/1172/431
f 943/1177/338 944/1178/383 945/1179/158
f 945/1179/158 944/1178/383 946/1180/433
f 944/1178/383 947/1181/361 946/1180/433
f 946/1180/433 947/1181/361 948/1182/362
f 949/1183/434 950/1184/163 931/1185/144
f 931/1185/144 950/1184/163 951/1186/277
f 952/1187/136 953/1188/435 941/1189/64
f 941/1189/64 953/1188/435 942/1190/322
f 954/1191/436 949/1183/434 933/1192/428
f 933/1192/428 949/1183/434 931/1185/144
f 954/1191/436 933/1192/428 955/1193/248
f 955/1193/248 933/1192/428 956/1194/437
f 936/1170/355 940/1174/432 957/1195/365
f 957/1195/365 940/1174/432 958/1196/171
f 942/1190/322 953/1188/435 959/1197/68
f 959/1197/68 953/1188/435 960/1198/220
f 955/1193/248 956/1194/437 961/1199/172
f 961/1199/172 956/1194/437 962/1200/173
f 957/1195/365 958/1196/171 963/1201/304
f 963/1201/304 958/1196/171 964/1202/281
f 959/1197/68 960/1198/220 965/1203/175
f 965/1203/175 960/1198/220 966/1204/176
f 967/1205/177 968/1206/341 969/1207/367
f 969/1207/367 968/1206/341 970/1208/180
f 969/1207/367 970/1208/180 950/1184/163
f 950/1184/163 970/1208/180 951/1186/277
f 952/1187/136 941/1189/64 971/1209/285
f 971/1209/285 941/1189/64 943/1210/338
f 971/1209/285 943/1210/338 972/1211/138
f 972/1211/138 943/1210/338 945/1212/158
f 973/1213/438 974/1214/419 967/1205/177
f 967/1205/177 974/1214/419 968/1206/341
f 948/1182/362 947/1181/361 975/1215/439
f 975/1215/439 947/1181/361 976/1216/185
f 976/1216/185 947/1181/361 977/1217/186
f 947/1181/361 939/1173/357 977/1217/186
f 939/1173/357 940/1174/432 977/1217/186
f 977/1217/186 940/1174/432 978/1218/371
f 978/1218/371 940/1174/432 935/1169/354
f 940/1174/432 936/1170/355 935/1169/354
f 973/1213/438 979/1219/224 974/1214/419
f 974/1214/419 979/1219/224 980/1220/225
f 975/1215/439 981/1221/327 948/1182/362
f 948/1182/362 981/1221/327 982/1222/440
f 945/1212/158 983/1223/441 972/1211/138
f 972/1211/138 983/1223/441 984/1224/442
f 979/1219/224 897/1119/302 980/1220/225
f 980/1220/225 897/1119/302 898/1120/303
f 981/1221/327 899/1121/280 982/1222/440
f 982/1222/440 899/1121/280 900/1122/281
f 983/1223/441 901/1123/175 984/1224/442
f 984/1224/442 901/1123/175 902/1124/176
f 935/1169/354 932/1166/427 978/1218/371
f 978/1218/371 932/1166/427 985/1225/443
f 932/1166/427 931/1165/144 985/1225/443
f 985/1225/443 931/1165/144 951/1226/277
f 978/1218/371 985/1225/443 977/1217/186
f 977/1217/186 985/1225/443 986/1227/444
f 985/1225/443 951/1226/277 986/1227/444
f 986/1227/444 951/1226/277 970/1228/180
f 940/1174/432 938/1172/431 958/1196/171
f 958/1196/171 938/1172/431 987/1229/330
f 938/1172/431 942/1176/322 987/1229/330
f 987/1229/330 942/1176/322 959/1230/68
f 934/1168/429 988/1231/230 933/1167/428
f 933/1167/428 988/1231/230 956/1232/437
f 936/1170/355 957/1195/365 934/1168/429
f 934/1168/429 957/1195/365 988/1231/230
f 956/1232/437 988/1231/230 962/1233/173
f 962/1233/173 988/1231/230 989/1234/231
f 988/1231/230 957/1195/365 989/1234/231
f 989/1234/231 957/1195/365 963/1201/304
f 987/1229/330 990/1235/445 958/1196/171
f 958/1196/171 990/1235/445 964/1202/281
f 959/1230/68 965/1236/175 987/1229/330
f 987/1229/330 965/1236/175 990/1235/445
f 991/1237/446 992/1238/447 976/1216/185
f 976/1216/185 992/1238/447 975/1215/439
f 968/1239/341 974/1240/419 991/1237/446
f 991/1237/446 974/1240/419 992/1238/447
f 991/1237/446 986/1227/444 968/1239/341
f 968/1239/341 986/1227/444 970/1228/180
f 976/1216/185 977/1217/186 991/1237/446
f 991/1237/446 977/1217/186 986/1227/444
f 941/1175/64 937/1171/430 943/1177/338
f 943/1177/338 937/1171/430 944/1178/383
f 937/1171/430 939/1173/357 944/1178/383
f 944/1178/383 939/1173/357 947/1181/361
f 946/1180/433 993/1241/448 945/1179/158
f 945/1179/158 993/1241/448 983/1242/441
f 948/1182/362 982/1222/440 946/1180/433
f 946/1180/433 982/1222/440 993/1241/448
f 975/1215/439 992/1238/447 981/1221/327
f 981/1221/327 992/1238/447 994/1243/449
f 992/1238/447 974/1240/419 994/1243/449
f 994/1243/449 974/1240/419 980/1244/225
f 994/1243/449 925/1154/231 981/1221/327
f 981/1221/327 925/1154/231 899/1121/280
f 980/1244/225 898/1153/303 994/1243/449
f 994/1243/449 898/1153/303 925/1154/231
f 983/1242/441 993/1241/448 901/1156/175
f 901/1156/175 993/1241/448 926/1155/347
f 993/1241/448 982/1222/440 926/1155/347
f 926/1155/347 982/1222/440 900/1122/281
f 995/1245/450 996/1246/451 997/1247/452
f 997/1247/452 996/1246/451 998/1248/453
f 996/1246/451 999/1249/354 998/1248/453
f 998/1248/453 999/1249/354 1000/1250/355
f 1001/1251/272 1002/1252/454 1003/1253/357
f 1003/1253/357 1002/1252/454 1004/1254/405
f 1005/1255/154 1006/1256/322 1001/1251/272
f 1001/1251/272 1006/1256/322 1002/1252/454
f 1007/1257/119 1008/1258/455 1009/1259/158
f 1009/1259/158 1008/1258/455 1010/1260/456
f 1008/1258/455 1011/1261/361 1010/1260/456
f 1010/1260/456 1011/1261/361 1012/1262/385
f 1013/1263/457 1014/1264/163 995/1265/450
f 995/1265/450 1014/1264/163 1015/1266/277
f 1016/1267/246 1017/1268/435 1005/1269/154
f 1005/1269/154 1017/1268/435 1006/1270/322
f 1018/1271/278 1013/1263/457 997/1272/452
f 997/1272/452 1013/1263/457 995/1265/450
f 1018/1271/278 997/1272/452 1019/1273/458
f 1019/1273/458 997/1272/452 1020/1274/459
f 1000/1250/355 1004/1254/405 1021/1275/170
f 1021/1275/170 1004/1254/405 1022/1276/301
f 1006/1270/322 1017/1268/435 1023/1277/68
f 1023/1277/68 1017/1268/435 1024/1278/86
f 1019/1273/458 1020/1274/459 1025/1279/302
f 1025/1279/302 1020/1274/459 1026/1280/303
f 1021/1275/170 1022/1276/301 1027/1281/280
f 1027/1281/280 1022/1276/301 1028/1282/281
f 1023/1277/68 1024/1278/86 1029/1283/175
f 1029/1283/175 1024/1278/86 1030/1284/176
f 1031/1285/460 1032/1286/461 1033/1287/284
f 1033/1287/284 1032/1286/461 1034/1288/180
f 1033/1287/284 1034/1288/180 1014/1264/163
f 1014/1264/163 1034/1288/180 1015/1266/277
f 1016/1267/246 1005/1269/154 1035/1289/285
f 1035/1289/285 1005/1269/154 1007/1290/119
f 1035/1289/285 1007/1290/119 1036/1291/306
f 1036/1291/306 1007/1290/119 1009/1292/158
f 1037/1293/342 1038/1294/462 1031/1285/460
f 1031/1285/460 1038/1294/462 1032/1286/461
f 1012/1262/385 1011/1261/361 1039/1295/286
f 1039/1295/286 1011/1261/361 1040/1296/463
f 1040/1296/463 1011/1261/361 1041/1297/370
f 1011/1261/361 1003/1253/357 1041/1297/370
f 1003/1253/357 1004/1254/405 1041/1297/370
f 1041/1297/370 1004/1254/405 1042/1298/371
f 1042/1298/371 1004/1254/405 999/1249/354
f 1004/1254/405 1000/1250/355 999/1249/354
f 1037/1293/342 1043/1299/464 1038/1294/462
f 1038/1294/462 1043/1299/464 1044/1300/465
f 1039/1295/286 1045/1301/420 1012/1262/385
f 1012/1262/385 1045/1301/420 1046/1302/191
f 1009/1292/158 1047/1303/328 1036/1291/306
f 1036/1291/306 1047/1303/328 1048/1304/442
f 1043/1299/464 961/1199/172 1044/1300/465
f 1044/1300/465 961/1199/172 962/1200/173
f 1045/1301/420 963/1201/304 1046/1302/191
f 1046/1302/191 963/1201/304 964/1202/281
f 1047/1303/328 965/1203/175 1048/1304/442
f 1048/1304/442 965/1203/175 966/1204/176
f 999/1249/354 996/1246/451 1042/1298/371
f 1042/1298/371 996/1246/451 1049/1305/466
f 996/1246/451 995/1245/450 1049/1305/466
f 1049/1305/466 995/1245/450 1015/1306/277
f 1042/1298/371 1049/1305/466 1041/1297/370
f 1041/1297/370 1049/1305/466 1050/1307/444
f 1049/1305/466 1015/1306/277 1050/1307/444
f 1050/1307/444 1015/1306/277 1034/1308/180
f 1004/1254/405 1002/1252/454 1022/1276/301
f 1022/1276/301 1002/1252/454 1051/1309/373
f 1002/1252/454 1006/1256/322 1051/1309/373
f 1051/1309/373 1006/1256/322 1023/1310/68
f 998/1248/453 1052/1311/230 997/1247/452
f 997/1247/452 1052/1311/230 1020/1312/459
f 1000/1250/355 1021/1275/170 998/1248/453
f 998/1248/453 1021/1275/170 1052/1311/230
f 1020/1312/459 1052/1311/230 1026/1313/303
f 1026/1313/303 1052/1311/230 1053/1314/374
f 1052/1311/230 1021/1275/170 1053/1314/374
f 1053/1314/374 1021/1275/170 1027/1281/280
f 1051/1309/373 1054/1315/347 1022/1276/301
f 1022/1276/301 1054/1315/347 1028/1282/281
f 1023/1310/68 1029/1316/175 1051/1309/373
f 1051/1309/373 1029/1316/175 1054/1315/347
f 1055/1317/424 1056/1318/376 1040/1296/463
f 1040/1296/463 1056/1318/376 1039/1295/286
f 1032/1319/461 1038/1320/462 1055/1317/424
f 1055/1317/424 1038/1320/462 1056/1318/376
f 1055/1317/424 1050/1307/444 1032/1319/461
f 1032/1319/461 1050/1307/444 1034/1308/180
f 1040/1296/463 1041/1297/370 1055/1317/424
f 1055/1317/424 1041/1297/370 1050/1307/444
f 1005/1255/154 1001/1251/272 1007/1257/119
f 1007/1257/119 1001/1251/272 1008/1258/455
f 1001/1251/272 1003/1253/357 1008/1258/455
f 1008/1258/455 1003/1253/357 1011/1261/361
f 1010/1260/456 1057/1321/467 1009/1259/158
f 1009/1259/158 1057/1321/467 1047/1322/328
f 1012/1262/385 1046/1302/191 1010/1260/456
f 1010/1260/456 1046/1302/191 1057/1321/467
f 1039/1295/286 1056/1318/376 1045/1301/420
f 1045/1301/420 1056/1318/376 1058/1323/203
f 1056/1318/376 1038/1320/462 1058/1323/203
f 1058/1323/203 1038/1320/462 1044/1324/465
f 1058/1323/203 989/1234/231 1045/1301/420
f 1045/1301/420 989/1234/231 963/1201/304
f 1044/1324/465 962/1233/173 1058/1323/203
f 1058/1323/203 962/1233/173 989/1234/231
f 1047/1322/328 1057/1321/467 965/1236/175
f 965/1236/175 1057/1321/467 990/1235/445
f 1057/1321/467 1046/1302/191 990/1235/445
f 990/1235/445 1046/1302/191 964/1202/281
f 1059/1325/144 1060/1326/468 1061/1327/469
f 1061/1327/469 1060/1326/468 1062/1328/429
f 1060/1326/468 1063/1329/240 1062/1328/429
f 1062/1328/429 1063/1329/240 1064/1330/149
f 1065/1331/470 1066/1332/471 1067/1333/152
f 1067/1333/152 1066/1332/471 1068/1334/153
f 1069/1335/154 1070/1336/337 1065/1331/470
f 1065/1331/470 1070/1336/337 1066/1332/471
f 1071/1337/472 1072/1338/157 1073/1339/158
f 1073/1339/158 1072/1338/157 1074/1340/384
f 1072/1338/157 1075/1341/160 1074/1340/384
f 1074/1340/384 1075/1341/160 1076/1342/161
f 1077/1343/434 1078/1344/473 1059/1345/144
f 1059/1345/144 1078/1344/473 1079/1346/474
f 1080/1347/246 1081/1348/216 1069/1349/154
f 1069/1349/154 1081/1348/216 1070/1350/337
f 1082/1351/475 1077/1343/434 1061/1352/469
f 1061/1352/469 1077/1343/434 1059/1345/144
f 1082/1351/475 1061/1352/469 1083/1353/248
f 1083/1353/248 1061/1352/469 1084/1354/437
f 1064/1330/149 1068/1334/153 1085/1355/170
f 1085/1355/170 1068/1334/153 1086/1356/171
f 1070/1350/337 1081/1348/216 1087/1357/339
f 1087/1357/339 1081/1348/216 1088/1358/86
f 1083/1353/248 1084/1354/437 1089/1359/302
f 1089/1359/302 1084/1354/437 1090/1360/303
f 1085/1355/170 1086/1356/171 1091/1361/304
f 1091/1361/304 1086/1356/171 1092/1362/281
f 1087/1357/339 1088/1358/86 1093/1363/175
f 1093/1363/175 1088/1358/86 1094/1364/176
f 1095/1365/460 1096/1366/461 1097/1367/284
f 1097/1367/284 1096/1366/461 1098/1368/180
f 1097/1367/284 1098/1368/180 1078/1344/473
f 1078/1344/473 1098/1368/180 1079/1346/474
f 1080/1347/246 1069/1349/154 1099/1369/476
f 1099/1369/476 1069/1349/154 1071/1370/472
f 1099/1369/476 1071/1370/472 1100/1371/181
f 1100/1371/181 1071/1370/472 1073/1372/158
f 1101/1373/477 1102/1374/478 1095/1365/460
f 1095/1365/460 1102/1374/478 1096/1366/461
f 1076/1342/161 1075/1341/160 1103/1375/286
f 1103/1375/286 1075/1341/160 1104/1376/223
f 1104/1376/223 1075/1341/160 1105/1377/186
f 1075/1341/160 1067/1333/152 1105/1377/186
f 1067/1333/152 1068/1334/153 1105/1377/186
f 1105/1377/186 1068/1334/153 1106/1378/187
f 1106/1378/187 1068/1334/153 1063/1329/240
f 1068/1334/153 1064/1330/149 1063/1329/240
f 1101/1373/477 1107/1379/224 1102/1374/478
f 1102/1374/478 1107/1379/224 1108/1380/225
f 1103/1375/286 1109/1381/479 1076/1342/161
f 1076/1342/161 1109/1381/479 1110/1382/191
f 1073/1372/158 1111/1383/328 1100/1371/181
f 1100/1371/181 1111/1383/328 1112/1384/442
f 1107/1379/224 1025/1279/302 1108/1380/225
f 1108/1380/225 1025/1279/302 1026/1280/303
f 1109/1381/479 1027/1281/280 1110/1382/191
f 1110/1382/191 1027/1281/280 1028/1282/281
f 1111/1383/328 1029/1283/175 1112/1384/442
f 1112/1384/442 1029/1283/175 1030/1284/176
f 1063/1329/240 1060/1326/468 1106/1378/187
f 1106/1378/187 1060/1326/468 1113/1385/258
f 1060/1326/468 1059/1325/144 1113/1385/258
f 1113/1385/258 1059/1325/144 1079/1386/474
f 1106/1378/187 1113/1385/258 1105/1377/186
f 1105/1377/186 1113/1385/258 1114/1387/444
f 1113/1385/258 1079/1386/474 1114/1387/444
f 1114/1387/444 1079/1386/474 1098/1388/180
f 1068/1334/153 1066/1332/471 1086/1356/171
f 1086/1356/171 1066/1332/471 1115/1389/229
f 1066/1332/471 1070/1336/337 1115/1389/229
f 1115/1389/229 1070/1336/337 1087/1390/339
f 1062/1328/429 1116/1391/480 1061/1327/469
f 1061/1327/469 1116/1391/480 1084/1392/437
f 1064/1330/149 1085/1355/170 1062/1328/429
f 1062/1328/429 1085/1355/170 1116/1391/480
f 1084/1392/437 1116/1391/480 1090/1393/303
f 1090/1393/303 1116/1391/480 1117/1394/198
f 1116/1391/480 1085/1355/170 1117/1394/198
f 1117/1394/198 1085/1355/170 1091/1361/304
f 1115/1389/229 1118/1395/347 1086/1356/171
f 1086/1356/171 1118/1395/347 1092/1362/281
f 1087/1390/339 1093/1396/175 1115/1389/229
f 1115/1389/229 1093/1396/175 1118/1395/347
f 1119/1397/481 1120/1398/349 1104/1376/223
f 1104/1376/223 1120/1398/349 1103/1375/286
f 1096/1399/461 1102/1400/478 1119/1397/481
f 1119/1397/481 1102/1400/478 1120/1398/349
f 1119/1397/481 1114/1387/444 1096/1399/461
f 1096/1399/461 1114/1387/444 1098/1388/180
f 1104/1376/223 1105/1377/186 1119/1397/481
f 1119/1397/481 1105/1377/186 1114/1387/444
f 1069/1335/154 1065/1331/470 1071/1337/472
f 1071/1337/472 1065/1331/470 1072/1338/157
f 1065/1331/470 1067/1333/152 1072/1338/157
f 1072/1338/157 1067/1333/152 1075/1341/160
f 1074/1340/384 1121/1401/482 1073/1339/158
f 1073/1339/158 1121/1401/482 1111/1402/328
f 1076/1342/161 1110/1382/191 1074/1340/384
f 1074/1340/384 1110/1382/191 1121/1401/482
f 1103/1375/286 1120/1398/349 1109/1381/479
f 1109/1381/479 1120/1398/349 1122/1403/203
f 1120/1398/349 1102/1400/478 1122/1403/203
f 1122/1403/203 1102/1400/478 1108/1404/225
f 1122/1403/203 1053/1314/374 1109/1381/479
f 1109/1381/479 1053/1314/374 1027/1281/280
f 1108/1404/225 1026/1313/303 1122/1403/203
f 1122/1403/203 1026/1313/303 1053/1314/374
f 1111/1402/328 1121/1401/482 1029/1316/175
f 1029/1316/175 1121/1401/482 1054/1315/347
f 1121/1401/482 1110/1382/191 1054/1315/347
f 1054/1315/347 1110/1382/191 1028/1282/281
f 1123/1405/483 1124/1406/484 1125/1407/485
f 1125/1407/485 1124/1406/484 1126/1408/486
f 1124/1406/484 1127/1409/354 1126/1408/486
f 1126/1408/486 1127/1409/354 1128/1410/355
f 1129/1411/487 1130/1412/488 1131/1413/357
f 1131/1413/357 1130/1412/488 1132/1414/358
f 1133/1415/154 1134/1416/322 1129/1411/487
f 1129/1411/487 1134/1416/322 1130/1412/488
f 1135/1417/156 1136/1418/489 1137/1419/158
f 1137/1419/158 1136/1418/489 1138/1420/360
f 1136/1418/489 1139/1421/490 1138/1420/360
f 1138/1420/360 1139/1421/490 1140/1422/362
f 1141/1423/215 1142/1424/473 1123/1425/483
f 1123/1425/483 1142/1424/473 1143/1426/491
f 1144/1427/246 1145/1428/411 1133/1429/154
f 1133/1429/154 1145/1428/411 1134/1430/322
f 1146/1431/492 1141/1423/215 1125/1432/485
f 1125/1432/485 1141/1423/215 1123/1425/483
f 1146/1431/492 1125/1432/485 1147/1433/493
f 1147/1433/493 1125/1432/485 1148/1434/494
f 1128/1410/355 1132/1414/358 1149/1435/170
f 1149/1435/170 1132/1414/358 1150/1436/219
f 1134/1430/322 1145/1428/411 1151/1437/68
f 1151/1437/68 1145/1428/411 1152/1438/251
f 1147/1433/493 1148/1434/494 1153/1439/302
f 1153/1439/302 1148/1434/494 1154/1440/303
f 1149/1435/170 1150/1436/219 1155/1441/280
f 1155/1441/280 1150/1436/219 1156/1442/281
f 1151/1437/68 1152/1438/251 1157/1443/175
f 1157/1443/175 1152/1438/251 1158/1444/176
f 1159/1445/460 1160/1446/461 1161/1447/367
f 1161/1447/367 1160/1446/461 1162/1448/180
f 1161/1447/367 1162/1448/180 1142/1424/473
f 1142/1424/473 1162/1448/180 1143/1426/491
f 1144/1427/246 1133/1429/154 1163/1449/81
f 1163/1449/81 1133/1429/154 1135/1450/156
f 1163/1449/81 1135/1450/156 1164/1451/181
f 1164/1451/181 1135/1450/156 1137/1452/158
f 1165/1453/418 1166/1454/495 1159/1445/460
f 1159/1445/460 1166/1454/495 1160/1446/461
f 1140/1422/362 1139/1421/490 1167/1455/439
f 1167/1455/439 1139/1421/490 1168/1456/463
f 1168/1456/463 1139/1421/490 1169/1457/370
f 1139/1421/490 1131/1413/357 1169/1457/370
f 1131/1413/357 1132/1414/358 1169/1457/370
f 1169/1457/370 1132/1414/358 1170/1458/496
f 1170/1458/496 1132/1414/358 1127/1409/354
f 1132/1414/358 1128/1410/355 1127/1409/354
f 1165/1453/418 1171/1459/224 1166/1454/495
f 1166/1454/495 1171/1459/224 1172/1460/225
f 1167/1455/439 1173/1461/420 1140/1422/362
f 1140/1422/362 1173/1461/420 1174/1462/421
f 1137/1452/158 1175/1463/123 1164/1451/181
f 1164/1451/181 1175/1463/123 1176/1464/141
f 1171/1459/224 1089/1359/302 1172/1460/225
f 1172/1460/225 1089/1359/302 1090/1360/303
f 1173/1461/420 1091/1361/304 1174/1462/421
f 1174/1462/421 1091/1361/304 1092/1362/281
f 1175/1463/123 1093/1363/175 1176/1464/141
f 1176/1464/141 1093/1363/175 1094/1364/176
f 1127/1409/354 1124/1406/484 1170/1458/496
f 1170/1458/496 1124/1406/484 1177/1465/497
f 1124/1406/484 1123/1405/483 1177/1465/497
f 1177/1465/497 1123/1405/483 1143/1466/491
f 1170/1458/496 1177/1465/497 1169/1457/370
f 1169/1457/370 1177/1465/497 1178/1467/498
f 1177/1465/497 1143/1466/491 1178/1467/498
f 1178/1467/498 1143/1466/491 1162/1468/180
f 1132/1414/358 1130/1412/488 1150/1436/219
f 1150/1436/219 1130/1412/488 1179/1469/373
f 1130/1412/488 1134/1416/322 1179/1469/373
f 1179/1469/373 1134/1416/322 1151/1470/68
f 1126/1408/486 1180/1471/480 1125/1407/485
f 1125/1407/485 1180/1471/480 1148/1472/494
f 1128/1410/355 1149/1435/170 1126/1408/486
f 1126/1408/486 1149/1435/170 1180/1471/480
f 1148/1472/494 1180/1471/480 1154/1473/303
f 1154/1473/303 1180/1471/480 1181/1474/291
f 1180/1471/480 1149/1435/170 1181/1474/291
f 1181/1474/291 1149/1435/170 1155/1441/280
f 1179/1469/373 1182/1475/347 1150/1436/219
f 1150/1436/219 1182/1475/347 1156/1442/281
f 1151/1470/68 1157/1476/175 1179/1469/373
f 1179/1469/373 1157/1476/175 1182/1475/347
f 1183/1477/499 1184/1478/447 1168/1456/463
f 1168/1456/463 1184/1478/447 1167/1455/439
f 1160/1479/461 1166/1480/495 1183/1477/499
f 1183/1477/499 1166/1480/495 1184/1478/447
f 1183/1477/499 1178/1467/498 1160/1479/461
f 1160/1479/461 1178/1467/498 1162/1468/180
f 1168/1456/463 1169/1457/370 1183/1477/499
f 1183/1477/499 1169/1457/370 1178/1467/498
f 1133/1415/154 1129/1411/487 1135/1417/156
f 1135/1417/156 1129/1411/487 1136/1418/489
f 1129/1411/487 1131/1413/357 1136/1418/489
f 1136/1418/489 1131/1413/357 1139/1421/490
f 1138/1420/360 1185/1481/426 1137/1419/158
f 1137/1419/158 1185/1481/426 1175/1482/123
f 1140/1422/362 1174/1462/421 1138/1420/360
f 1138/1420/360 1174/1462/421 1185/1481/426
f 1167/1455/439 1184/1478/447 1173/1461/420
f 1173/1461/420 1184/1478/447 1186/1483/235
f 1184/1478/447 1166/1480/495 1186/1483/235
f 1186/1483/235 1166/1480/495 1172/1484/225
f 1186/1483/235 1117/1394/198 1173/1461/420
f 1173/1461/420 1117/1394/198 1091/1361/304
f 1172/1484/225 1090/1393/303 1186/1483/235
f 1186/1483/235 1090/1393/303 1117/1394/198
f 1175/1482/123 1185/1481/426 1093/1396/175
f 1093/1396/175 1185/1481/426 1118/1395/347
f 1185/1481/426 1174/1462/421 1118/1395/347
f 1118/1395/347 1174/1462/421 1092/1362/281
f 1187/1485/500 1188/1486/501 1189/1487/502
f 1189/1487/502 1188/1486/501 1190/1488/503
f 1188/1486/501 1191/1489/148 1190/1488/503
f 1190/1488/503 1191/1489/148 1192/1490/271
f 1193/1491/504 1194/1492/505 1195/1493/152
f 1195/1493/152 1194/1492/505 1196/1494/153
f 1197/1495/506 1198/1496/507 1193/1491/504
f 1193/1491/504 1198/1496/507 1194/1492/505
f 1199/1497/119 1200/1498/508 1201/1499/158
f 1201/1499/158 1200/1498/508 1202/1500/509
f 1200/1498/508 1203/1501/160 1202/1500/509
f 1202/1500/509 1203/1501/160 1204/1502/161
f 1205/1503/510 1206/1504/511 1187/1505/500
f 1187/1505/500 1206/1504/511 1207/1506/277
f 1208/1507/82 1209/1508/512 1197/1509/506
f 1197/1509/506 1209/1508/512 1198/1510/507
f 1210/1511/513 1205/1503/510 1189/1512/502
f 1189/1512/502 1205/1503/510 1187/1505/500
f 1210/1511/513 1189/1512/502 1211/1513/514
f 1211/1513/514 1189/1512/502 1212/1514/459
f 1192/1490/271 1196/1494/153 1213/1515/170
f 1213/1515/170 1196/1494/153 1214/1516/279
f 1198/1510/507 1209/1508/512 1215/1517/68
f 1215/1517/68 1209/1508/512 1216/1518/515
f 1211/1513/514 1212/1514/459 289/361/142
f 289/361/142 1212/1514/459 273/362/126
f 1213/1515/170 1214/1516/279 251/309/49
f 251/309/49 1214/1516/279 252/310/105
f 1215/1517/68 1216/1518/515 276/363/129
f 276/363/129 1216/1518/515 290/364/143
f 1217/1519/516 1218/1520/517 1219/1521/518
f 1219/1521/518 1218/1520/517 1220/1522/519
f 1219/1521/518 1220/1522/519 1206/1504/511
f 1206/1504/511 1220/1522/519 1207/1506/277
f 1208/1507/82 1197/1509/506 1221/1523/81
f 1221/1523/81 1197/1509/506 1199/1524/119
f 1221/1523/81 1199/1524/119 1222/1525/138
f 1222/1525/138 1199/1524/119 1201/1526/158
f 1223/1527/438 1224/1528/419 1217/1519/516
f 1217/1519/516 1224/1528/419 1218/1520/517
f 1204/1502/161 1203/1501/160 1225/1529/286
f 1225/1529/286 1203/1501/160 1226/1530/185
f 1226/1530/185 1203/1501/160 1227/1531/186
f 1203/1501/160 1195/1493/152 1227/1531/186
f 1195/1493/152 1196/1494/153 1227/1531/186
f 1227/1531/186 1196/1494/153 1228/1532/187
f 1228/1532/187 1196/1494/153 1191/1489/148
f 1196/1494/153 1192/1490/271 1191/1489/148
f 1223/1527/438 1229/1533/464 1224/1528/419
f 1224/1528/419 1229/1533/464 1230/1534/465
f 1225/1529/286 1231/1535/327 1204/1502/161
f 1204/1502/161 1231/1535/327 1232/1536/191
f 1201/1526/158 1233/1537/441 1222/1525/138
f 1222/1525/138 1233/1537/441 1234/1538/442
f 1229/1533/464 1153/1439/302 1230/1534/465
f 1230/1534/465 1153/1439/302 1154/1440/303
f 1231/1535/327 1155/1441/280 1232/1536/191
f 1232/1536/191 1155/1441/280 1156/1442/281
f 1233/1537/441 1157/1443/175 1234/1538/442
f 1234/1538/442 1157/1443/175 1158/1444/176
f 1191/1489/148 1188/1486/501 1228/1532/187
f 1228/1532/187 1188/1486/501 1235/1539/520
f 1188/1486/501 1187/1485/500 1235/1539/520
f 1235/1539/520 1187/1485/500 1207/1540/277
f 1228/1532/187 1235/1539/520 1227/1531/186
f 1227/1531/186 1235/1539/520 1236/1541/228
f 1235/1539/520 1207/1540/277 1236/1541/228
f 1236/1541/228 1207/1540/277 1220/1542/519
f 1196/1494/153 1194/1492/505 1214/1516/279
f 1214/1516/279 1194/1492/505 1237/1543/521
f 1194/1492/505 1198/1496/507 1237/1543/521
f 1237/1543/521 1198/1496/507 1215/1544/68
f 1190/1488/503 1238/1545/522 1189/1487/502
f 1189/1487/502 1238/1545/522 1212/1546/459
f 1192/1490/271 1213/1515/170 1190/1488/503
f 1190/1488/503 1213/1515/170 1238/1545/522
f 1212/1546/459 1238/1545/522 273/331/126
f 273/331/126 1238/1545/522 274/332/127
f 1238/1545/522 1213/1515/170 274/332/127
f 274/332/127 1213/1515/170 251/309/49
f 1237/1543/521 275/333/128 1214/1516/279
f 1214/1516/279 275/333/128 252/310/105
f 1215/1544/68 276/334/129 1237/1543/521
f 1237/1543/521 276/334/129 275/333/128
f 1239/1547/523 1240/1548/315 1226/1530/185
f 1226/1530/185 1240/1548/315 1225/1529/286
f 1218/1549/517 1224/1550/419 1239/1547/523
f 1239/1547/523 1224/1550/419 1240/1548/315
f 1239/1547/523 1236/1541/228 1218/1549/517
f 1218/1549/517 1236/1541/228 1220/1542/519
f 1226/1530/185 1227/1531/186 1239/1547/523
f 1239/1547/523 1227/1531/186 1236/1541/228
f 1197/1495/506 1193/1491/504 1199/1497/119
f 1199/1497/119 1193/1491/504 1200/1498/508
f 1193/1491/504 1195/1493/152 1200/1498/508
f 1200/1498/508 1195/1493/152 1203/1501/160
f 1202/1500/509 1241/1551/482 1201/1499/158
f 1201/1499/158 1241/1551/482 1233/1552/441
f 1204/1502/161 1232/1536/191 1202/1500/509
f 1202/1500/509 1232/1536/191 1241/1551/482
f 1225/1529/286 1240/1548/315 1231/1535/327
f 1231/1535/327 1240/1548/315 1242/1553/524
f 1240/1548/315 1224/1550/419 1242/1553/524
f 1242/1553/524 1224/1550/419 1230/1554/465
f 1242/1553/524 1181/1474/291 1231/1535/327
f 1231/1535/327 1181/1474/291 1155/1441/280
f 1230/1554/465 1154/1473/303 1242/1553/524
f 1242/1553/524 1154/1473/303 1181/1474/291
f 1233/1552/441 1241/1551/482 1157/1476/175
f 1157/1476/175 1241/1551/482 1182/1475/347
f 1241/1551/482 1232/1536/191 1182/1475/347
f 1182/1475/347 1232/1536/191 1156/1442/281
s off
g BaseStore2_Under_ASG
v -0.354471 17.7607 1.83654
v -0.457365 17.7976 1.85834
v -0.354471 20.4535 -4.10209
v -0.457365 20.5005 -4.10209
v -0.499985 17.8864 1.91149
v -0.499985 20.6139 -4.10209
v -0.358688 17.7509 1.95127
v 34.7798 17.7527 1.95233
v -0.361856 17.8177 2.04005
v 34.7792 17.8241 2.04387
v 34.7792 17.7607 1.83654
v -0.459572 17.8393 2.00313
v -0.499985 18.2437 2.08551
v -0.457365 18.2007 2.17982
v -0.354471 18.1832 2.21899
v 34.8821 17.7976 1.85834
v 34.8821 20.5005 -4.10209
v 34.9247 17.8864 1.91149
v 34.9247 20.6139 -4.10209
v 34.7792 20.4535 -4.10209
v 34.8821 17.8425 2.00518
v 34.7703 18.1756 2.21439
v 34.8795 18.197 2.17738
v 34.9247 18.2437 2.08551
v -0.457365 18.3321 2.13952
v -0.499985 21.0945 -4.10209
v -0.457365 21.2078 -4.10209
v -0.354471 18.3686 2.16211
v -0.354471 21.2547 -4.10209
v -0.354004 18.2886 2.23203
v 34.7792 18.3686 2.16211
v 34.7742 18.2863 2.23075
v 34.8821 18.3321 2.13952
v 34.8821 21.2078 -4.10209
v 34.7792 21.2547 -4.10209
v 34.9247 21.0945 -4.10209
v -0.440239 17.7763 1.94389
v 34.8634 17.7776 1.94475
v -0.438271 18.2804 2.20534
v 34.8611 18.2788 2.20431
vn -0.001285 -0.913186 -0.407541
vn -0.727566 -0.626444 -0.279671
vn -0.001541 -0.910743 -0.41297
vn -0.782647 -0.566899 -0.257078
vn -0.997196 -0.070272 -0.025733
vn -0.998731 -0.045858 -0.020797
vn -0.000612 -0.959672 0.281122
vn 0.000698 -0.959524 0.281625
vn -0.001056 -0.527184 0.84975
vn 0.00109 -0.52599 0.85049
vn 0.001286 -0.913185 -0.407543
vn -0.70135 -0.372848 0.60753
vn -0.996093 0.077741 0.041904
vn -0.70535 -0.258675 0.659976
vn -0.001086 -0.375742 0.926724
vn 0.727493 -0.626679 -0.279333
vn 0.782645 -0.5669 -0.257083
vn 0.997191 -0.070407 -0.025559
vn 0.998731 -0.045862 -0.0208
vn 0.001541 -0.910743 -0.41297
vn 0.689296 -0.378221 0.617916
vn 0.001138 -0.376782 0.926301
vn 0.694841 -0.261388 0.66998
vn 0.996086 0.077706 0.042114
vn -0.683853 0.66079 0.309358
vn -0.99203 0.11444 0.052726
vn -0.621732 0.71136 0.327745
vn -0.001108 0.905548 0.424243
vn -0.000877 0.908238 0.418454
vn -0.00061 0.277616 0.960692
vn 0.001109 0.90555 0.424239
vn 0.000724 0.276958 0.960882
vn 0.683817 0.660616 0.309807
vn 0.621739 0.711355 0.327743
vn 0.000877 0.908238 0.418454
vn 0.992028 0.114454 0.052732
vn -0.576982 -0.789321 0.209915
vn 0.563175 -0.790238 0.241572
vn -0.579749 0.238979 0.778961
vn 0.562858 0.202909 0.801261
vt 0.178453 0.975183
vt 0.178593 0.978201
vt 0.00207 0.97517
vt 0.001545 0.978184
vt 0.202287 0.994963
vt 0.201992 0.99195
vt 0.379364 0.996032
vt 0.380649 0.993016
vt 0.181565 0.975299
vt 0.181685 0.024806
vt 0.184571 0.975385
vt 0.184823 0.024823
vt 0.178548 0.024822
vt 0.198963 0.992177
vt 0.201767 0.981191
vt 0.198547 0.981009
vt 0.195581 0.975186
vt 0.18441 0.978372
vt 0.195696 0.978434
vt 0.202274 0.005053
vt 0.379332 0.003968
vt 0.201979 0.008066
vt 0.380618 0.006983
vt 0.002162 0.024802
vt 0.178688 0.021805
vt 0.001637 0.021787
vt 0.184561 0.021701
vt 0.195393 0.025063
vt 0.195634 0.02164
vt 0.198906 0.007937
vt 0.198511 0.018898
vt 0.201756 0.018823
vt 0.20145 0.978182
vt 0.38609 0.981207
vt 0.387372 0.978194
vt 0.201325 0.975181
vt 0.387903 0.975181
vt 0.198454 0.975171
vt 0.201316 0.024829
vt 0.19842 0.024961
vt 0.20144 0.021831
vt 0.387344 0.021805
vt 0.387876 0.024817
vt 0.386061 0.018791
vt 0.199718 0.994633
vt 0.181534 0.97776
vt 0.18164 0.022291
vt 0.199671 0.005416
vt 0.19869 0.978004
vt 0.198662 0.022033
usemtl Under_ASG
f 1243/1555/525 1244/1556/526 1245/1557/527
f 1245/1557/527 1244/1556/526 1246/1558/528
f 1244/1559/526 1247/1560/529 1246/1561/528
f 1246/1561/528 1247/1560/529 1248/1562/530
f 1249/1563/531 1250/1564/532 1251/1565/533
f 1251/1565/533 1250/1564/532 1252/1566/534
f 1249/1563/531 1243/1555/525 1250/1564/532
f 1250/1564/532 1243/1555/525 1253/1567/535
f 1247/1560/529 1254/1568/536 1255/1569/537
f 1255/1569/537 1254/1568/536 1256/1570/538
f 1251/1565/533 1257/1571/539 1254/1572/536
f 1254/1572/536 1257/1571/539 1256/1573/538
f 1258/1574/540 1259/1575/541 1260/1576/542
f 1260/1576/542 1259/1575/541 1261/1577/543
f 1253/1567/535 1262/1578/544 1258/1579/540
f 1258/1579/540 1262/1578/544 1259/1580/541
f 1252/1566/534 1263/1581/545 1264/1582/546
f 1264/1582/546 1263/1581/545 1265/1583/547
f 1263/1584/545 1260/1576/542 1265/1585/547
f 1265/1585/547 1260/1576/542 1266/1586/548
f 1255/1569/537 1267/1587/549 1268/1588/550
f 1268/1588/550 1267/1587/549 1269/1589/551
f 1267/1587/549 1270/1590/552 1269/1589/551
f 1269/1589/551 1270/1590/552 1271/1591/553
f 1270/1590/552 1272/1592/554 1273/1593/555
f 1273/1593/555 1272/1592/554 1274/1594/556
f 1272/1592/554 1257/1571/539 1274/1594/556
f 1274/1594/556 1257/1571/539 1264/1582/546
f 1275/1595/557 1276/1596/558 1273/1593/555
f 1273/1593/555 1276/1596/558 1277/1597/559
f 1266/1586/548 1278/1598/560 1275/1595/557
f 1275/1595/557 1278/1598/560 1276/1596/558
f 1252/1566/534 1264/1582/546 1251/1565/533
f 1251/1565/533 1264/1582/546 1257/1571/539
f 1270/1590/552 1273/1593/555 1271/1591/553
f 1271/1591/553 1273/1593/555 1277/1597/559
f 1243/1555/525 1245/1557/527 1253/1567/535
f 1253/1567/535 1245/1557/527 1262/1578/544
f 1260/1576/542 1261/1577/543 1266/1586/548
f 1266/1586/548 1261/1577/543 1278/1598/560
f 1247/1560/529 1255/1569/537 1248/1562/530
f 1248/1562/530 1255/1569/537 1268/1588/550
f 1254/1568/536 1247/1560/529 1279/1599/561
f 1279/1599/561 1247/1560/529 1244/1559/526
f 1243/1555/525 1249/1563/531 1244/1556/526
f 1244/1556/526 1249/1563/531 1279/1600/561
f 1251/1565/533 1254/1572/536 1249/1563/531
f 1249/1563/531 1254/1572/536 1279/1600/561
f 1253/1567/535 1258/1579/540 1250/1564/532
f 1250/1564/532 1258/1579/540 1280/1601/562
f 1258/1574/540 1260/1576/542 1280/1602/562
f 1280/1602/562 1260/1576/542 1263/1584/545
f 1252/1566/534 1250/1564/532 1263/1581/545
f 1263/1581/545 1250/1564/532 1280/1601/562
f 1272/1592/554 1270/1590/552 1281/1603/563
f 1281/1603/563 1270/1590/552 1267/1587/549
f 1267/1587/549 1255/1569/537 1281/1603/563
f 1281/1603/563 1255/1569/537 1256/1570/538
f 1256/1573/538 1257/1571/539 1281/1603/563
f 1281/1603/563 1257/1571/539 1272/1592/554
f 1265/1585/547 1266/1586/548 1282/1604/564
f 1282/1604/564 1266/1586/548 1275/1595/557
f 1275/1595/557 1273/1593/555 1282/1604/564
f 1282/1604/564 1273/1593/555 1274/1594/556
f 1274/1594/556 1264/1582/546 1282/1604/564
f 1282/1604/564 1264/1582/546 1265/1583/547
s off
g BaseStore2_Roof_BSG
v 0.481118 39.6048 -0.669566
v 0.459917 39.5616 -0.617657
v 0.585401 39.4142 -0.755975
v 0.565634 39.3684 -0.705255
v 0.408734 39.511 -0.610978
v 0.517911 39.3115 -0.701442
v 0.461226 39.0727 -0.809719
v 0.178171 38.8854 -0.894651
v 0.178172 39.6635 -0.541798
v -0.099438 39.6635 -0.541798
v -0.324028 39.5149 -0.609188
v -0.409814 39.2744 -0.718225
v -0.324028 39.034 -0.827263
v -0.099438 38.8854 -0.894651
v 0.711864 39.2346 -0.7363
v 0.832653 38.9923 -0.846174
v 1.11206 39.1647 -0.768002
v 1.11206 38.9923 -0.84618
v 0.199334 39.734 -0.53947
v 0.2081 39.7854 -0.587648
v -0.120601 39.734 -0.53947
v -0.129368 39.7854 -0.587648
v -0.379435 39.5627 -0.617134
v -0.402385 39.6048 -0.669567
v -0.4783 39.2856 -0.742796
v -0.506668 39.3125 -0.802116
v -0.379435 39.0085 -0.86846
v -0.402385 39.0202 -0.934665
v -0.120601 38.8372 -0.946122
v -0.129368 38.8395 -1.01658
v 0.199334 38.8372 -0.946122
v 0.208101 38.8395 -1.01658
v 0.475292 39.0198 -0.863319
v 0.481118 39.0202 -0.934664
v 0.82502 38.9441 -0.897645
v 0.821858 38.9464 -0.968108
v 0.731229 39.3027 -0.735017
v 0.73925 39.3533 -0.783628
v 1.11206 39.2881 -0.813158
v 1.11206 39.2362 -0.765184
v 1.11206 38.9441 -0.897651
v 1.11206 38.9464 -0.968113
v 0.481118 46.4288 -15.6278
v 0.2081 46.6095 -15.5459
v -0.129367 46.6095 -15.5459
v -0.402385 46.4288 -15.6278
v -0.506668 46.1365 -15.7603
v -0.402385 45.8442 -15.8929
v -0.129367 45.6636 -15.9748
v 0.208101 45.6636 -15.9748
v 0.481118 45.8442 -15.8929
v 0.585401 46.2383 -15.7142
v 0.73925 46.1773 -15.7419
v 0.821858 45.7705 -15.9263
v 1.11206 46.1122 -15.7714
v 1.11206 45.7705 -15.9263
v 33.9239 39.6048 -0.669569
v 33.8197 39.4142 -0.755977
v 33.9451 39.5616 -0.61766
v 33.8394 39.3684 -0.705256
v 33.9963 39.511 -0.610981
v 33.8871 39.3115 -0.701447
v 33.9438 39.0727 -0.809721
v 34.2269 38.8854 -0.894653
v 34.2269 39.6635 -0.5418
v 34.5045 38.8854 -0.894653
v 34.7291 39.034 -0.827266
v 34.8149 39.2744 -0.718226
v 34.7291 39.5149 -0.60919
v 34.5045 39.6635 -0.5418
v 33.6932 39.2346 -0.736302
v 33.5724 38.9923 -0.846177
v 33.293 39.1647 -0.768003
v 33.293 38.9923 -0.846181
v 34.2057 39.734 -0.539472
v 34.197 39.7854 -0.58765
v 34.5257 39.734 -0.539472
v 34.5344 39.7854 -0.58765
v 34.7845 39.5627 -0.617136
v 34.8074 39.6048 -0.66957
v 34.8834 39.2856 -0.742798
v 34.9117 39.3125 -0.802118
v 34.7845 39.0085 -0.868462
v 34.8074 39.0202 -0.934668
v 34.5257 38.8372 -0.946123
v 34.5344 38.8395 -1.01659
v 34.2057 38.8372 -0.946123
v 34.197 38.8395 -1.01659
v 33.9298 39.0198 -0.863321
v 33.9239 39.0202 -0.934666
v 33.58 38.9441 -0.897647
v 33.5832 38.9464 -0.96811
v 33.6658 39.3533 -0.783629
v 33.6738 39.3027 -0.735019
v 33.293 39.2881 -0.813159
v 33.293 39.2362 -0.765185
v 33.293 38.9441 -0.897652
v 33.293 38.9464 -0.968114
v 33.9239 46.4288 -15.6278
v 34.197 46.6095 -15.5459
v 34.5344 46.6095 -15.5459
v 34.8074 46.4288 -15.6278
v 34.9117 46.1365 -15.7603
v 34.8074 45.8442 -15.8929
v 34.5344 45.6636 -15.9748
v 34.197 45.6636 -15.9748
v 33.9239 45.8442 -15.8929
v 33.8197 46.2383 -15.7142
v 33.6658 46.1773 -15.7419
v 33.5832 45.7705 -15.9263
v 33.293 46.1122 -15.7714
v 33.293 45.7705 -15.9263
v 2.62651 39.6048 -0.669577
v 2.60531 39.5615 -0.617669
v 2.7308 39.4142 -0.755986
v 2.71103 39.3684 -0.705265
v 2.55413 39.5109 -0.61099
v 2.66331 39.3115 -0.701454
v 2.34473 38.8372 -0.946133
v 2.62069 39.0198 -0.863332
v 2.32357 38.8854 -0.894663
v 2.60662 39.0727 -0.809731
v 2.35349 38.8395 -1.0166
v 2.62651 39.0202 -0.934675
v 2.01603 38.8395 -1.0166
v 2.02479 38.8372 -0.946133
v 1.74301 39.0202 -0.934674
v 1.74884 39.0198 -0.863331
v 2.04596 38.8854 -0.894663
v 1.7629 39.0727 -0.809731
v 2.62651 46.4288 -15.6278
v 2.35349 46.6095 -15.5459
v 2.35349 39.7854 -0.587657
v 2.35349 45.6636 -15.9748
v 2.62651 45.8442 -15.8929
v 2.7308 46.2383 -15.7142
v 2.88464 46.1773 -15.7419
v 2.88464 39.3533 -0.783637
v 2.85726 39.2346 -0.736312
v 2.97805 38.9923 -0.846186
v 2.96725 38.9464 -0.968119
v 2.96725 45.7705 -15.9263
v 3.25746 46.1122 -15.7714
v 3.25746 39.2881 -0.813164
v 3.25746 39.1647 -0.768007
v 3.25746 38.9923 -0.846186
v 3.25746 38.9464 -0.968119
v 3.25746 45.7705 -15.9263
v 1.74301 46.4288 -15.6278
v 1.74301 39.6048 -0.669577
v 2.01603 46.6095 -15.5459
v 2.01603 39.7854 -0.587657
v 2.01603 45.6636 -15.9748
v 1.74301 45.8442 -15.8929
v 1.63873 46.2383 -15.7142
v 1.63873 39.4142 -0.755986
v 1.70622 39.3115 -0.701454
v 1.81539 39.5109 -0.610989
v 2.04596 39.6635 -0.541808
v 2.32357 39.6635 -0.541808
v 1.48488 46.1773 -15.7419
v 1.48488 39.3533 -0.783637
v 1.51226 39.2346 -0.736312
v 1.39147 38.9923 -0.846186
v 1.40227 38.9464 -0.968119
v 1.40227 45.7705 -15.9263
v 2.34473 39.734 -0.53948
v 2.02479 39.734 -0.53948
v 2.97042 38.9441 -0.897656
v 2.87662 39.3027 -0.735027
v 3.25746 39.2362 -0.765189
v 3.25746 38.9441 -0.897656
v 1.76421 39.5615 -0.617668
v 1.65849 39.3684 -0.705265
v 1.39911 38.9441 -0.897656
v 1.4929 39.3027 -0.735027
v 4.77191 39.6048 -0.669577
v 4.75071 39.5615 -0.617669
v 4.87619 39.4142 -0.755986
v 4.85642 39.3684 -0.705265
v 4.69952 39.5109 -0.61099
v 4.8087 39.3115 -0.701454
v 4.49012 38.8372 -0.946133
v 4.76608 39.0198 -0.863332
v 4.46896 38.8854 -0.894663
v 4.75202 39.0727 -0.809731
v 4.49889 38.8395 -1.0166
v 4.77191 39.0202 -0.934675
v 4.16142 38.8395 -1.0166
v 4.17019 38.8372 -0.946133
v 3.88841 39.0202 -0.934674
v 3.89423 39.0198 -0.863331
v 4.19135 38.8854 -0.894663
v 3.9083 39.0727 -0.809731
v 4.77191 46.4288 -15.6278
v 4.49889 46.6095 -15.5459
v 4.49889 39.7854 -0.587657
v 4.49889 45.6636 -15.9748
v 4.77191 45.8442 -15.8929
v 4.87619 46.2383 -15.7142
v 5.03004 46.1773 -15.7419
v 5.03004 39.3533 -0.783637
v 5.00265 39.2346 -0.736312
v 5.12344 38.9923 -0.846186
v 5.11265 38.9464 -0.968119
v 5.11265 45.7705 -15.9263
v 5.40285 46.1122 -15.7714
v 5.40285 39.2881 -0.813164
v 5.40285 39.1647 -0.768007
v 5.40285 38.9923 -0.846186
v 5.40285 38.9464 -0.968119
v 5.40285 45.7705 -15.9263
v 3.88841 46.4288 -15.6278
v 3.88841 39.6048 -0.669577
v 4.16142 46.6095 -15.5459
v 4.16142 39.7854 -0.587657
v 4.16142 45.6636 -15.9748
v 3.88841 45.8442 -15.8929
v 3.78412 46.2383 -15.7142
v 3.78412 39.4142 -0.755986
v 3.85161 39.3115 -0.701454
v 3.96079 39.5109 -0.610989
v 4.19135 39.6635 -0.541808
v 4.46896 39.6635 -0.541808
v 3.63027 46.1773 -15.7419
v 3.63027 39.3533 -0.783637
v 3.65766 39.2346 -0.736312
v 3.53687 38.9923 -0.846186
v 3.54767 38.9464 -0.968119
v 3.54767 45.7705 -15.9263
v 4.49012 39.734 -0.53948
v 4.17019 39.734 -0.53948
v 5.11581 38.9441 -0.897656
v 5.02202 39.3027 -0.735027
v 5.40285 39.2362 -0.765189
v 5.40285 38.9441 -0.897656
v 3.90961 39.5615 -0.617668
v 3.80389 39.3684 -0.705265
v 3.5445 38.9441 -0.897656
v 3.63829 39.3027 -0.735027
v 6.9173 39.6048 -0.669577
v 6.8961 39.5615 -0.617669
v 7.02159 39.4142 -0.755986
v 7.00182 39.3684 -0.705265
v 6.84492 39.5109 -0.61099
v 6.9541 39.3115 -0.701454
v 6.63552 38.8372 -0.946133
v 6.91148 39.0198 -0.863332
v 6.61436 38.8854 -0.894663
v 6.89741 39.0727 -0.809731
v 6.64429 38.8395 -1.0166
v 6.9173 39.0202 -0.934675
v 6.30682 38.8395 -1.0166
v 6.31558 38.8372 -0.946133
v 6.0338 39.0202 -0.934674
v 6.03963 39.0198 -0.863331
v 6.33675 38.8854 -0.894663
v 6.05369 39.0727 -0.809731
v 6.9173 46.4288 -15.6278
v 6.64429 46.6095 -15.5459
v 6.64429 39.7854 -0.587657
v 6.64429 45.6636 -15.9748
v 6.9173 45.8442 -15.8929
v 7.02159 46.2383 -15.7142
v 7.17544 46.1773 -15.7419
v 7.17544 39.3533 -0.783637
v 7.14805 39.2346 -0.736312
v 7.26884 38.9923 -0.846186
v 7.25804 38.9464 -0.968119
v 7.25804 45.7705 -15.9263
v 7.54825 46.1122 -15.7714
v 7.54825 39.2881 -0.813164
v 7.54825 39.1647 -0.768007
v 7.54825 38.9923 -0.846186
v 7.54825 38.9464 -0.968119
v 7.54825 45.7705 -15.9263
v 6.0338 46.4288 -15.6278
v 6.0338 39.6048 -0.669577
v 6.30682 46.6095 -15.5459
v 6.30682 39.7854 -0.587657
v 6.30682 45.6636 -15.9748
v 6.0338 45.8442 -15.8929
v 5.92952 46.2383 -15.7142
v 5.92952 39.4142 -0.755986
v 5.99701 39.3115 -0.701454
v 6.10618 39.5109 -0.610989
v 6.33675 39.6635 -0.541808
v 6.61436 39.6635 -0.541808
v 5.77567 46.1773 -15.7419
v 5.77567 39.3533 -0.783637
v 5.80305 39.2346 -0.736312
v 5.68226 38.9923 -0.846186
v 5.69306 38.9464 -0.968119
v 5.69306 45.7705 -15.9263
v 6.63552 39.734 -0.53948
v 6.31558 39.734 -0.53948
v 7.26121 38.9441 -0.897656
v 7.16741 39.3027 -0.735027
v 7.54825 39.2362 -0.765189
v 7.54825 38.9441 -0.897656
v 6.055 39.5615 -0.617668
v 5.94929 39.3684 -0.705265
v 5.6899 38.9441 -0.897656
v 5.78369 39.3027 -0.735027
v 9.0627 39.6048 -0.669577
v 9.0415 39.5615 -0.617669
v 9.16698 39.4142 -0.755986
v 9.14721 39.3684 -0.705265
v 8.99032 39.5109 -0.61099
v 9.09949 39.3115 -0.701454
v 8.78092 38.8372 -0.946133
v 9.05687 39.0198 -0.863332
v 8.75975 38.8854 -0.894663
v 9.04281 39.0727 -0.809731
v 8.78968 38.8395 -1.0166
v 9.0627 39.0202 -0.934675
v 8.45221 38.8395 -1.0166
v 8.46098 38.8372 -0.946133
v 8.1792 39.0202 -0.934674
v 8.18502 39.0198 -0.863331
v 8.48214 38.8854 -0.894663
v 8.19909 39.0727 -0.809731
v 9.0627 46.4288 -15.6278
v 8.78968 46.6095 -15.5459
v 8.78968 39.7854 -0.587657
v 8.78968 45.6636 -15.9748
v 9.0627 45.8442 -15.8929
v 9.16698 46.2383 -15.7142
v 9.32083 46.1773 -15.7419
v 9.32083 39.3533 -0.783637
v 9.29345 39.2346 -0.736312
v 9.41423 38.9923 -0.846186
v 9.40344 38.9464 -0.968119
v 9.40344 45.7705 -15.9263
v 9.69364 46.1122 -15.7714
v 9.69364 39.2881 -0.813164
v 9.69364 39.1647 -0.768007
v 9.69364 38.9923 -0.846186
v 9.69364 38.9464 -0.968119
v 9.69364 45.7705 -15.9263
v 8.1792 46.4288 -15.6278
v 8.1792 39.6048 -0.669577
v 8.45221 46.6095 -15.5459
v 8.45221 39.7854 -0.587657
v 8.45221 45.6636 -15.9748
v 8.1792 45.8442 -15.8929
v 8.07491 46.2383 -15.7142
v 8.07491 39.4142 -0.755986
v 8.1424 39.3115 -0.701454
v 8.25158 39.5109 -0.610989
v 8.48214 39.6635 -0.541808
v 8.75975 39.6635 -0.541808
v 7.92106 46.1773 -15.7419
v 7.92106 39.3533 -0.783637
v 7.94845 39.2346 -0.736312
v 7.82766 38.9923 -0.846186
v 7.83846 38.9464 -0.968119
v 7.83846 45.7705 -15.9263
v 8.78092 39.734 -0.53948
v 8.46098 39.734 -0.53948
v 9.4066 38.9441 -0.897656
v 9.31281 39.3027 -0.735027
v 9.69364 39.2362 -0.765189
v 9.69364 38.9441 -0.897656
v 8.2004 39.5615 -0.617668
v 8.09468 39.3684 -0.705265
v 7.83529 38.9441 -0.897656
v 7.92908 39.3027 -0.735027
v 11.2081 39.6048 -0.669577
v 11.1869 39.5615 -0.617669
v 11.3124 39.4142 -0.755986
v 11.2926 39.3684 -0.705265
v 11.1357 39.5109 -0.61099
v 11.2449 39.3115 -0.701454
v 10.9263 38.8372 -0.946133
v 11.2023 39.0198 -0.863332
v 10.9051 38.8854 -0.894663
v 11.1882 39.0727 -0.809731
v 10.9351 38.8395 -1.0166
v 11.2081 39.0202 -0.934675
v 10.5976 38.8395 -1.0166
v 10.6064 38.8372 -0.946133
v 10.3246 39.0202 -0.934674
v 10.3304 39.0198 -0.863331
v 10.6275 38.8854 -0.894663
v 10.3445 39.0727 -0.809731
v 11.2081 46.4288 -15.6278
v 10.9351 46.6095 -15.5459
v 10.9351 39.7854 -0.587657
v 10.9351 45.6636 -15.9748
v 11.2081 45.8442 -15.8929
v 11.3124 46.2383 -15.7142
v 11.4662 46.1773 -15.7419
v 11.4662 39.3533 -0.783637
v 11.4388 39.2346 -0.736312
v 11.5596 38.9923 -0.846186
v 11.5488 38.9464 -0.968119
v 11.5488 45.7705 -15.9263
v 11.839 46.1122 -15.7714
v 11.839 39.2881 -0.813164
v 11.839 39.1647 -0.768007
v 11.839 38.9923 -0.846186
v 11.839 38.9464 -0.968119
v 11.839 45.7705 -15.9263
v 10.3246 46.4288 -15.6278
v 10.3246 39.6048 -0.669577
v 10.5976 46.6095 -15.5459
v 10.5976 39.7854 -0.587657
v 10.5976 45.6636 -15.9748
v 10.3246 45.8442 -15.8929
v 10.2203 46.2383 -15.7142
v 10.2203 39.4142 -0.755986
v 10.2878 39.3115 -0.701454
v 10.397 39.5109 -0.610989
v 10.6275 39.6635 -0.541808
v 10.9051 39.6635 -0.541808
v 10.0665 46.1773 -15.7419
v 10.0665 39.3533 -0.783637
v 10.0938 39.2346 -0.736312
v 9.97306 38.9923 -0.846186
v 9.98385 38.9464 -0.968119
v 9.98385 45.7705 -15.9263
v 10.9263 39.734 -0.53948
v 10.6064 39.734 -0.53948
v 11.552 38.9441 -0.897656
v 11.4582 39.3027 -0.735027
v 11.839 39.2362 -0.765189
v 11.839 38.9441 -0.897656
v 10.3458 39.5615 -0.617668
v 10.2401 39.3684 -0.705265
v 9.98069 38.9441 -0.897656
v 10.0745 39.3027 -0.735027
v 13.3535 39.6048 -0.669577
v 13.3323 39.5615 -0.617669
v 13.4578 39.4142 -0.755986
v 13.438 39.3684 -0.705265
v 13.2811 39.5109 -0.61099
v 13.3903 39.3115 -0.701454
v 13.0717 38.8372 -0.946133
v 13.3477 39.0198 -0.863332
v 13.0505 38.8854 -0.894663
v 13.3336 39.0727 -0.809731
v 13.0805 38.8395 -1.0166
v 13.3535 39.0202 -0.934675
v 12.743 38.8395 -1.0166
v 12.7518 38.8372 -0.946133
v 12.47 39.0202 -0.934674
v 12.4758 39.0198 -0.863331
v 12.7729 38.8854 -0.894663
v 12.4899 39.0727 -0.809731
v 13.3535 46.4288 -15.6278
v 13.0805 46.6095 -15.5459
v 13.0805 39.7854 -0.587657
v 13.0805 45.6636 -15.9748
v 13.3535 45.8442 -15.8929
v 13.4578 46.2383 -15.7142
v 13.6116 46.1773 -15.7419
v 13.6116 39.3533 -0.783637
v 13.5842 39.2346 -0.736312
v 13.705 38.9923 -0.846186
v 13.6942 38.9464 -0.968119
v 13.6942 45.7705 -15.9263
v 13.9844 46.1122 -15.7714
v 13.9844 39.2881 -0.813164
v 13.9844 39.1647 -0.768007
v 13.9844 38.9923 -0.846186
v 13.9844 38.9464 -0.968119
v 13.9844 45.7705 -15.9263
v 12.47 46.4288 -15.6278
v 12.47 39.6048 -0.669577
v 12.743 46.6095 -15.5459
v 12.743 39.7854 -0.587657
v 12.743 45.6636 -15.9748
v 12.47 45.8442 -15.8929
v 12.3657 46.2383 -15.7142
v 12.3657 39.4142 -0.755986
v 12.4332 39.3115 -0.701454
v 12.5424 39.5109 -0.610989
v 12.7729 39.6635 -0.541808
v 13.0505 39.6635 -0.541808
v 12.2119 46.1773 -15.7419
v 12.2119 39.3533 -0.783637
v 12.2392 39.2346 -0.736312
v 12.1185 38.9923 -0.846186
v 12.1292 38.9464 -0.968119
v 12.1292 45.7705 -15.9263
v 13.0717 39.734 -0.53948
v 12.7518 39.734 -0.53948
v 13.6974 38.9441 -0.897656
v 13.6036 39.3027 -0.735027
v 13.9844 39.2362 -0.765189
v 13.9844 38.9441 -0.897656
v 12.4912 39.5615 -0.617668
v 12.3855 39.3684 -0.705265
v 12.1261 38.9441 -0.897656
v 12.2199 39.3027 -0.735027
v 15.4989 39.6048 -0.669577
v 15.4777 39.5615 -0.617669
v 15.6032 39.4142 -0.755986
v 15.5834 39.3684 -0.705265
v 15.4265 39.5109 -0.61099
v 15.5357 39.3115 -0.701454
v 15.2171 38.8372 -0.946133
v 15.4931 39.0198 -0.863332
v 15.1959 38.8854 -0.894663
v 15.479 39.0727 -0.809731
v 15.2259 38.8395 -1.0166
v 15.4989 39.0202 -0.934675
v 14.8884 38.8395 -1.0166
v 14.8972 38.8372 -0.946133
v 14.6154 39.0202 -0.934674
v 14.6212 39.0198 -0.863331
v 14.9183 38.8854 -0.894663
v 14.6353 39.0727 -0.809731
v 15.4989 46.4288 -15.6278
v 15.2259 46.6095 -15.5459
v 15.2259 39.7854 -0.587657
v 15.2259 45.6636 -15.9748
v 15.4989 45.8442 -15.8929
v 15.6032 46.2383 -15.7142
v 15.757 46.1773 -15.7419
v 15.757 39.3533 -0.783637
v 15.7296 39.2346 -0.736312
v 15.8504 38.9923 -0.846186
v 15.8396 38.9464 -0.968119
v 15.8396 45.7705 -15.9263
v 16.1298 46.1122 -15.7714
v 16.1298 39.2881 -0.813164
v 16.1298 39.1647 -0.768007
v 16.1298 38.9923 -0.846186
v 16.1298 38.9464 -0.968119
v 16.1298 45.7705 -15.9263
v 14.6154 46.4288 -15.6278
v 14.6154 39.6048 -0.669577
v 14.8884 46.6095 -15.5459
v 14.8884 39.7854 -0.587657
v 14.8884 45.6636 -15.9748
v 14.6154 45.8442 -15.8929
v 14.5111 46.2383 -15.7142
v 14.5111 39.4142 -0.755986
v 14.5786 39.3115 -0.701454
v 14.6878 39.5109 -0.610989
v 14.9183 39.6635 -0.541808
v 15.1959 39.6635 -0.541808
v 14.3573 46.1773 -15.7419
v 14.3573 39.3533 -0.783637
v 14.3846 39.2346 -0.736312
v 14.2638 38.9923 -0.846186
v 14.2746 38.9464 -0.968119
v 14.2746 45.7705 -15.9263
v 15.2171 39.734 -0.53948
v 14.8972 39.734 -0.53948
v 15.8428 38.9441 -0.897656
v 15.749 39.3027 -0.735027
v 16.1298 39.2362 -0.765189
v 16.1298 38.9441 -0.897656
v 14.6366 39.5615 -0.617668
v 14.5309 39.3684 -0.705265
v 14.2715 38.9441 -0.897656
v 14.3653 39.3027 -0.735027
v 17.6443 39.6048 -0.669577
v 17.6231 39.5615 -0.617669
v 17.7486 39.4142 -0.755986
v 17.7288 39.3684 -0.705265
v 17.5719 39.5109 -0.61099
v 17.6811 39.3115 -0.701454
v 17.3625 38.8372 -0.946133
v 17.6385 39.0198 -0.863332
v 17.3413 38.8854 -0.894663
v 17.6244 39.0727 -0.809731
v 17.3713 38.8395 -1.0166
v 17.6443 39.0202 -0.934675
v 17.0338 38.8395 -1.0166
v 17.0426 38.8372 -0.946133
v 16.7608 39.0202 -0.934674
v 16.7666 39.0198 -0.863331
v 17.0637 38.8854 -0.894663
v 16.7807 39.0727 -0.809731
v 17.6443 46.4288 -15.6278
v 17.3713 46.6095 -15.5459
v 17.3713 39.7854 -0.587657
v 17.3713 45.6636 -15.9748
v 17.6443 45.8442 -15.8929
v 17.7486 46.2383 -15.7142
v 17.9024 46.1773 -15.7419
v 17.9024 39.3533 -0.783637
v 17.875 39.2346 -0.736312
v 17.9958 38.9923 -0.846186
v 17.985 38.9464 -0.968119
v 17.985 45.7705 -15.9263
v 18.2752 46.1122 -15.7714
v 18.2752 39.2881 -0.813164
v 18.2752 39.1647 -0.768007
v 18.2752 38.9923 -0.846186
v 18.2752 38.9464 -0.968119
v 18.2752 45.7705 -15.9263
v 16.7608 46.4288 -15.6278
v 16.7608 39.6048 -0.669577
v 17.0338 46.6095 -15.5459
v 17.0338 39.7854 -0.587657
v 17.0338 45.6636 -15.9748
v 16.7608 45.8442 -15.8929
v 16.6565 46.2383 -15.7142
v 16.6565 39.4142 -0.755986
v 16.724 39.3115 -0.701454
v 16.8332 39.5109 -0.610989
v 17.0637 39.6635 -0.541808
v 17.3413 39.6635 -0.541808
v 16.5026 46.1773 -15.7419
v 16.5026 39.3533 -0.783637
v 16.53 39.2346 -0.736312
v 16.4092 38.9923 -0.846186
v 16.42 38.9464 -0.968119
v 16.42 45.7705 -15.9263
v 17.3625 39.734 -0.53948
v 17.0426 39.734 -0.53948
v 17.9882 38.9441 -0.897656
v 17.8944 39.3027 -0.735027
v 18.2752 39.2362 -0.765189
v 18.2752 38.9441 -0.897656
v 16.782 39.5615 -0.617668
v 16.6763 39.3684 -0.705265
v 16.4169 38.9441 -0.897656
v 16.5107 39.3027 -0.735027
v 19.7897 39.6048 -0.669577
v 19.7685 39.5615 -0.617669
v 19.894 39.4142 -0.755986
v 19.8742 39.3684 -0.705265
v 19.7173 39.5109 -0.61099
v 19.8265 39.3115 -0.701454
v 19.5079 38.8372 -0.946133
v 19.7838 39.0198 -0.863332
v 19.4867 38.8854 -0.894663
v 19.7698 39.0727 -0.809731
v 19.5167 38.8395 -1.0166
v 19.7897 39.0202 -0.934675
v 19.1792 38.8395 -1.0166
v 19.188 38.8372 -0.946133
v 18.9062 39.0202 -0.934674
v 18.912 39.0198 -0.863331
v 19.2091 38.8854 -0.894663
v 18.9261 39.0727 -0.809731
v 19.7897 46.4288 -15.6278
v 19.5167 46.6095 -15.5459
v 19.5167 39.7854 -0.587657
v 19.5167 45.6636 -15.9748
v 19.7897 45.8442 -15.8929
v 19.894 46.2383 -15.7142
v 20.0478 46.1773 -15.7419
v 20.0478 39.3533 -0.783637
v 20.0204 39.2346 -0.736312
v 20.1412 38.9923 -0.846186
v 20.1304 38.9464 -0.968119
v 20.1304 45.7705 -15.9263
v 20.4206 46.1122 -15.7714
v 20.4206 39.2881 -0.813164
v 20.4206 39.1647 -0.768007
v 20.4206 38.9923 -0.846186
v 20.4206 38.9464 -0.968119
v 20.4206 45.7705 -15.9263
v 18.9062 46.4288 -15.6278
v 18.9062 39.6048 -0.669577
v 19.1792 46.6095 -15.5459
v 19.1792 39.7854 -0.587657
v 19.1792 45.6636 -15.9748
v 18.9062 45.8442 -15.8929
v 18.8019 46.2383 -15.7142
v 18.8019 39.4142 -0.755986
v 18.8694 39.3115 -0.701454
v 18.9786 39.5109 -0.610989
v 19.2091 39.6635 -0.541808
v 19.4867 39.6635 -0.541808
v 18.648 46.1773 -15.7419
v 18.648 39.3533 -0.783637
v 18.6754 39.2346 -0.736312
v 18.5546 38.9923 -0.846186
v 18.5654 38.9464 -0.968119
v 18.5654 45.7705 -15.9263
v 19.5079 39.734 -0.53948
v 19.188 39.734 -0.53948
v 20.1336 38.9441 -0.897656
v 20.0398 39.3027 -0.735027
v 20.4206 39.2362 -0.765189
v 20.4206 38.9441 -0.897656
v 18.9274 39.5615 -0.617668
v 18.8217 39.3684 -0.705265
v 18.5623 38.9441 -0.897656
v 18.6561 39.3027 -0.735027
v 21.9351 39.6048 -0.669577
v 21.9139 39.5615 -0.617669
v 22.0394 39.4142 -0.755986
v 22.0196 39.3684 -0.705265
v 21.8627 39.5109 -0.61099
v 21.9719 39.3115 -0.701454
v 21.6533 38.8372 -0.946133
v 21.9292 39.0198 -0.863332
v 21.6321 38.8854 -0.894663
v 21.9152 39.0727 -0.809731
v 21.6621 38.8395 -1.0166
v 21.9351 39.0202 -0.934675
v 21.3246 38.8395 -1.0166
v 21.3334 38.8372 -0.946133
v 21.0516 39.0202 -0.934674
v 21.0574 39.0198 -0.863331
v 21.3545 38.8854 -0.894663
v 21.0715 39.0727 -0.809731
v 21.9351 46.4288 -15.6278
v 21.6621 46.6095 -15.5459
v 21.6621 39.7854 -0.587657
v 21.6621 45.6636 -15.9748
v 21.9351 45.8442 -15.8929
v 22.0394 46.2383 -15.7142
v 22.1932 46.1773 -15.7419
v 22.1932 39.3533 -0.783637
v 22.1658 39.2346 -0.736312
v 22.2866 38.9923 -0.846186
v 22.2758 38.9464 -0.968119
v 22.2758 45.7705 -15.9263
v 22.566 46.1122 -15.7714
v 22.566 39.2881 -0.813164
v 22.566 39.1647 -0.768007
v 22.566 38.9923 -0.846186
v 22.566 38.9464 -0.968119
v 22.566 45.7705 -15.9263
v 21.0516 46.4288 -15.6278
v 21.0516 39.6048 -0.669577
v 21.3246 46.6095 -15.5459
v 21.3246 39.7854 -0.587657
v 21.3246 45.6636 -15.9748
v 21.0516 45.8442 -15.8929
v 20.9473 46.2383 -15.7142
v 20.9473 39.4142 -0.755986
v 21.0148 39.3115 -0.701454
v 21.124 39.5109 -0.610989
v 21.3545 39.6635 -0.541808
v 21.6321 39.6635 -0.541808
v 20.7934 46.1773 -15.7419
v 20.7934 39.3533 -0.783637
v 20.8208 39.2346 -0.736312
v 20.7 38.9923 -0.846186
v 20.7108 38.9464 -0.968119
v 20.7108 45.7705 -15.9263
v 21.6533 39.734 -0.53948
v 21.3334 39.734 -0.53948
v 22.279 38.9441 -0.897656
v 22.1852 39.3027 -0.735027
v 22.566 39.2362 -0.765189
v 22.566 38.9441 -0.897656
v 21.0728 39.5615 -0.617668
v 20.9671 39.3684 -0.705265
v 20.7077 38.9441 -0.897656
v 20.8015 39.3027 -0.735027
v 24.0805 39.6048 -0.669577
v 24.0593 39.5615 -0.617669
v 24.1848 39.4142 -0.755986
v 24.165 39.3684 -0.705265
v 24.0081 39.5109 -0.61099
v 24.1173 39.3115 -0.701454
v 23.7987 38.8372 -0.946133
v 24.0746 39.0198 -0.863332
v 23.7775 38.8854 -0.894663
v 24.0606 39.0727 -0.809731
v 23.8074 38.8395 -1.0166
v 24.0805 39.0202 -0.934675
v 23.47 38.8395 -1.0166
v 23.4787 38.8372 -0.946133
v 23.197 39.0202 -0.934674
v 23.2028 39.0198 -0.863331
v 23.4999 38.8854 -0.894663
v 23.2169 39.0727 -0.809731
v 24.0805 46.4288 -15.6278
v 23.8074 46.6095 -15.5459
v 23.8074 39.7854 -0.587657
v 23.8074 45.6636 -15.9748
v 24.0805 45.8442 -15.8929
v 24.1848 46.2383 -15.7142
v 24.3386 46.1773 -15.7419
v 24.3386 39.3533 -0.783637
v 24.3112 39.2346 -0.736312
v 24.432 38.9923 -0.846186
v 24.4212 38.9464 -0.968119
v 24.4212 45.7705 -15.9263
v 24.7114 46.1122 -15.7714
v 24.7114 39.2881 -0.813164
v 24.7114 39.1647 -0.768007
v 24.7114 38.9923 -0.846186
v 24.7114 38.9464 -0.968119
v 24.7114 45.7705 -15.9263
v 23.197 46.4288 -15.6278
v 23.197 39.6048 -0.669577
v 23.47 46.6095 -15.5459
v 23.47 39.7854 -0.587657
v 23.47 45.6636 -15.9748
v 23.197 45.8442 -15.8929
v 23.0927 46.2383 -15.7142
v 23.0927 39.4142 -0.755986
v 23.1602 39.3115 -0.701454
v 23.2693 39.5109 -0.610989
v 23.4999 39.6635 -0.541808
v 23.7775 39.6635 -0.541808
v 22.9388 46.1773 -15.7419
v 22.9388 39.3533 -0.783637
v 22.9662 39.2346 -0.736312
v 22.8454 38.9923 -0.846186
v 22.8562 38.9464 -0.968119
v 22.8562 45.7705 -15.9263
v 23.7987 39.734 -0.53948
v 23.4787 39.734 -0.53948
v 24.4244 38.9441 -0.897656
v 24.3306 39.3027 -0.735027
v 24.7114 39.2362 -0.765189
v 24.7114 38.9441 -0.897656
v 23.2182 39.5615 -0.617668
v 23.1124 39.3684 -0.705265
v 22.8531 38.9441 -0.897656
v 22.9469 39.3027 -0.735027
v 26.2259 39.6048 -0.669577
v 26.2047 39.5615 -0.617669
v 26.3301 39.4142 -0.755986
v 26.3104 39.3684 -0.705265
v 26.1535 39.5109 -0.61099
v 26.2627 39.3115 -0.701454
v 25.9441 38.8372 -0.946133
v 26.22 39.0198 -0.863332
v 25.9229 38.8854 -0.894663
v 26.206 39.0727 -0.809731
v 25.9528 38.8395 -1.0166
v 26.2259 39.0202 -0.934675
v 25.6154 38.8395 -1.0166
v 25.6241 38.8372 -0.946133
v 25.3424 39.0202 -0.934674
v 25.3482 39.0198 -0.863331
v 25.6453 38.8854 -0.894663
v 25.3623 39.0727 -0.809731
v 26.2259 46.4288 -15.6278
v 25.9528 46.6095 -15.5459
v 25.9528 39.7854 -0.587657
v 25.9528 45.6636 -15.9748
v 26.2259 45.8442 -15.8929
v 26.3301 46.2383 -15.7142
v 26.484 46.1773 -15.7419
v 26.484 39.3533 -0.783637
v 26.4566 39.2346 -0.736312
v 26.5774 38.9923 -0.846186
v 26.5666 38.9464 -0.968119
v 26.5666 45.7705 -15.9263
v 26.8568 46.1122 -15.7714
v 26.8568 39.2881 -0.813164
v 26.8568 39.1647 -0.768007
v 26.8568 38.9923 -0.846186
v 26.8568 38.9464 -0.968119
v 26.8568 45.7705 -15.9263
v 25.3424 46.4288 -15.6278
v 25.3424 39.6048 -0.669577
v 25.6154 46.6095 -15.5459
v 25.6154 39.7854 -0.587657
v 25.6154 45.6636 -15.9748
v 25.3424 45.8442 -15.8929
v 25.2381 46.2383 -15.7142
v 25.2381 39.4142 -0.755986
v 25.3056 39.3115 -0.701454
v 25.4147 39.5109 -0.610989
v 25.6453 39.6635 -0.541808
v 25.9229 39.6635 -0.541808
v 25.0842 46.1773 -15.7419
v 25.0842 39.3533 -0.783637
v 25.1116 39.2346 -0.736312
v 24.9908 38.9923 -0.846186
v 25.0016 38.9464 -0.968119
v 25.0016 45.7705 -15.9263
v 25.9441 39.734 -0.53948
v 25.6241 39.734 -0.53948
v 26.5698 38.9441 -0.897656
v 26.476 39.3027 -0.735027
v 26.8568 39.2362 -0.765189
v 26.8568 38.9441 -0.897656
v 25.3636 39.5615 -0.617668
v 25.2578 39.3684 -0.705265
v 24.9985 38.9441 -0.897656
v 25.0922 39.3027 -0.735027
v 28.3713 39.6048 -0.669577
v 28.3501 39.5615 -0.617669
v 28.4755 39.4142 -0.755986
v 28.4558 39.3684 -0.705265
v 28.2989 39.5109 -0.61099
v 28.4081 39.3115 -0.701454
v 28.0895 38.8372 -0.946133
v 28.3654 39.0198 -0.863332
v 28.0683 38.8854 -0.894663
v 28.3514 39.0727 -0.809731
v 28.0982 38.8395 -1.0166
v 28.3713 39.0202 -0.934675
v 27.7608 38.8395 -1.0166
v 27.7695 38.8372 -0.946133
v 27.4878 39.0202 -0.934674
v 27.4936 39.0198 -0.863331
v 27.7907 38.8854 -0.894663
v 27.5076 39.0727 -0.809731
v 28.3713 46.4288 -15.6278
v 28.0982 46.6095 -15.5459
v 28.0982 39.7854 -0.587657
v 28.0982 45.6636 -15.9748
v 28.3713 45.8442 -15.8929
v 28.4755 46.2383 -15.7142
v 28.6294 46.1773 -15.7419
v 28.6294 39.3533 -0.783637
v 28.602 39.2346 -0.736312
v 28.7228 38.9923 -0.846186
v 28.712 38.9464 -0.968119
v 28.712 45.7705 -15.9263
v 29.0022 46.1122 -15.7714
v 29.0022 39.2881 -0.813164
v 29.0022 39.1647 -0.768007
v 29.0022 38.9923 -0.846186
v 29.0022 38.9464 -0.968119
v 29.0022 45.7705 -15.9263
v 27.4878 46.4288 -15.6278
v 27.4878 39.6048 -0.669577
v 27.7608 46.6095 -15.5459
v 27.7608 39.7854 -0.587657
v 27.7608 45.6636 -15.9748
v 27.4878 45.8442 -15.8929
v 27.3835 46.2383 -15.7142
v 27.3835 39.4142 -0.755986
v 27.451 39.3115 -0.701454
v 27.5601 39.5109 -0.610989
v 27.7907 39.6635 -0.541808
v 28.0683 39.6635 -0.541808
v 27.2296 46.1773 -15.7419
v 27.2296 39.3533 -0.783637
v 27.257 39.2346 -0.736312
v 27.1362 38.9923 -0.846186
v 27.147 38.9464 -0.968119
v 27.147 45.7705 -15.9263
v 28.0895 39.734 -0.53948
v 27.7695 39.734 -0.53948
v 28.7152 38.9441 -0.897656
v 28.6214 39.3027 -0.735027
v 29.0022 39.2362 -0.765189
v 29.0022 38.9441 -0.897656
v 27.509 39.5615 -0.617668
v 27.4032 39.3684 -0.705265
v 27.1439 38.9441 -0.897656
v 27.2376 39.3027 -0.735027
v 30.5167 39.6048 -0.669577
v 30.4955 39.5615 -0.617669
v 30.6209 39.4142 -0.755986
v 30.6012 39.3684 -0.705265
v 30.4443 39.5109 -0.61099
v 30.5534 39.3115 -0.701454
v 30.2349 38.8372 -0.946133
v 30.5108 39.0198 -0.863332
v 30.2137 38.8854 -0.894663
v 30.4968 39.0727 -0.809731
v 30.2436 38.8395 -1.0166
v 30.5167 39.0202 -0.934675
v 29.9062 38.8395 -1.0166
v 29.9149 38.8372 -0.946133
v 29.6332 39.0202 -0.934674
v 29.639 39.0198 -0.863331
v 29.9361 38.8854 -0.894663
v 29.653 39.0727 -0.809731
v 30.5167 46.4288 -15.6278
v 30.2436 46.6095 -15.5459
v 30.2436 39.7854 -0.587657
v 30.2436 45.6636 -15.9748
v 30.5167 45.8442 -15.8929
v 30.6209 46.2383 -15.7142
v 30.7748 46.1773 -15.7419
v 30.7748 39.3533 -0.783637
v 30.7474 39.2346 -0.736312
v 30.8682 38.9923 -0.846186
v 30.8574 38.9464 -0.968119
v 30.8574 45.7705 -15.9263
v 31.1476 46.1122 -15.7714
v 31.1476 39.2881 -0.813164
v 31.1476 39.1647 -0.768007
v 31.1476 38.9923 -0.846186
v 31.1476 38.9464 -0.968119
v 31.1476 45.7705 -15.9263
v 29.6332 46.4288 -15.6278
v 29.6332 39.6048 -0.669577
v 29.9062 46.6095 -15.5459
v 29.9062 39.7854 -0.587657
v 29.9062 45.6636 -15.9748
v 29.6332 45.8442 -15.8929
v 29.5289 46.2383 -15.7142
v 29.5289 39.4142 -0.755986
v 29.5964 39.3115 -0.701454
v 29.7055 39.5109 -0.610989
v 29.9361 39.6635 -0.541808
v 30.2137 39.6635 -0.541808
v 29.375 46.1773 -15.7419
v 29.375 39.3533 -0.783637
v 29.4024 39.2346 -0.736312
v 29.2816 38.9923 -0.846186
v 29.2924 38.9464 -0.968119
v 29.2924 45.7705 -15.9263
v 30.2349 39.734 -0.53948
v 29.9149 39.734 -0.53948
v 30.8606 38.9441 -0.897656
v 30.7668 39.3027 -0.735027
v 31.1476 39.2362 -0.765189
v 31.1476 38.9441 -0.897656
v 29.6544 39.5615 -0.617668
v 29.5486 39.3684 -0.705265
v 29.2892 38.9441 -0.897656
v 29.383 39.3027 -0.735027
v 32.6621 39.6048 -0.669577
v 32.6409 39.5615 -0.617669
v 32.7663 39.4142 -0.755986
v 32.7466 39.3684 -0.705265
v 32.5897 39.5109 -0.61099
v 32.6988 39.3115 -0.701454
v 32.3803 38.8372 -0.946133
v 32.6562 39.0198 -0.863332
v 32.3591 38.8854 -0.894663
v 32.6422 39.0727 -0.809731
v 32.389 38.8395 -1.0166
v 32.6621 39.0202 -0.934675
v 32.0516 38.8395 -1.0166
v 32.0603 38.8372 -0.946133
v 31.7785 39.0202 -0.934674
v 31.7844 39.0198 -0.863331
v 32.0815 38.8854 -0.894663
v 31.7984 39.0727 -0.809731
v 32.6621 46.4288 -15.6278
v 32.389 46.6095 -15.5459
v 32.389 39.7854 -0.587657
v 32.389 45.6636 -15.9748
v 32.6621 45.8442 -15.8929
v 32.7663 46.2383 -15.7142
v 32.9202 46.1773 -15.7419
v 32.9202 39.3533 -0.783637
v 32.8928 39.2346 -0.736312
v 33.0136 38.9923 -0.846186
v 33.0028 38.9464 -0.968119
v 33.0028 45.7705 -15.9263
v 31.7785 46.4288 -15.6278
v 31.7785 39.6048 -0.669577
v 32.0516 46.6095 -15.5459
v 32.0516 39.7854 -0.587657
v 32.0516 45.6636 -15.9748
v 31.7785 45.8442 -15.8929
v 31.6743 46.2383 -15.7142
v 31.6743 39.4142 -0.755986
v 31.7418 39.3115 -0.701454
v 31.8509 39.5109 -0.610989
v 32.0815 39.6635 -0.541808
v 32.3591 39.6635 -0.541808
v 31.5204 46.1773 -15.7419
v 31.5204 39.3533 -0.783637
v 31.5478 39.2346 -0.736312
v 31.427 38.9923 -0.846186
v 31.4378 38.9464 -0.968119
v 31.4378 45.7705 -15.9263
v 32.3803 39.734 -0.53948
v 32.0603 39.734 -0.53948
v 33.006 38.9441 -0.897656
v 32.9122 39.3027 -0.735027
v 31.7997 39.5615 -0.617668
v 31.694 39.3684 -0.705265
v 31.4346 38.9441 -0.897656
v 31.5284 39.3027 -0.735027
vn 0.734018 0.617222 0.283294
vn 0.540989 0.168994 0.823876
vn 0.73033 0.620678 0.285268
vn 0.457022 0.078365 0.885996
vn 0.011339 -0.403684 0.914828
vn 0.006051 -0.407583 0.913148
vn 0.002264 -0.424203 0.905564
vn 0.006355 -0.429393 0.903095
vn 0.005601 -0.397354 0.917648
vn -0.005516 -0.397459 0.917603
vn -0.014441 -0.403364 0.914925
vn -0.01785 -0.41292 0.910592
vn -0.014441 -0.422475 0.90626
vn -0.005516 -0.428381 0.903581
vn 0.020064 -0.343703 0.938864
vn -0.013451 -0.50292 0.864229
vn 0.016707 -0.332084 0.943102
vn 1.4e-05 -0.485805 0.874067
vn 0.230018 0.365762 0.901837
vn 0.309146 0.864591 0.396121
vn -0.229583 0.367082 0.901411
vn -0.309144 0.864592 0.396119
vn -0.601055 0.121283 0.789952
vn -0.809223 0.533867 0.245243
vn -0.742946 -0.276434 0.609603
vn -0.999999 -0.001042 0.00122
vn -0.601062 -0.674152 0.429237
vn -0.808807 -0.535668 -0.242673
vn -0.229585 -0.919957 0.317757
vn -0.308887 -0.865949 -0.393346
vn 0.233671 -0.914662 0.329837
vn 0.308902 -0.865955 -0.393321
vn 0.11301 -0.875854 0.469157
vn 0.18795 -0.894421 -0.405814
vn -0.092724 -0.935319 0.34144
vn -0.127288 -0.903065 -0.410208
vn 0.17523 0.298937 0.938046
vn 0.254213 0.879197 0.402975
vn 0.188341 0.892799 0.409191
vn 0.127887 0.304073 0.944026
vn 7e-06 -0.937389 0.348283
vn -6e-06 -0.910474 -0.413567
vn 0.733668 0.618214 0.282033
vn 0.308884 0.865307 0.394758
vn -0.308885 0.865307 0.394758
vn -0.808802 0.535034 0.244086
vn -1 0.000408 0.000186
vn -0.809231 -0.534497 -0.243841
vn -0.309147 -0.86523 -0.394722
vn 0.309145 -0.86523 -0.394723
vn 0.187726 -0.893622 -0.407675
vn 0.730799 0.62102 0.283313
vn 0.254286 0.87989 0.401412
vn -0.127321 -0.902392 -0.411677
vn 0.188342 0.893514 0.407627
vn -6e-06 -0.909796 -0.415055
vn -0.734019 0.61722 0.283294
vn -0.730329 0.620678 0.285269
vn -0.540986 0.168989 0.823879
vn -0.457019 0.078364 0.885998
vn -0.01134 -0.403688 0.914826
vn -0.006051 -0.407587 0.913146
vn -0.002265 -0.424206 0.905563
vn -0.006355 -0.429395 0.903094
vn -0.005602 -0.397358 0.917647
vn 0.005515 -0.428383 0.90358
vn 0.01444 -0.422479 0.906258
vn 0.017849 -0.412924 0.910591
vn 0.01444 -0.403368 0.914924
vn 0.005516 -0.397463 0.917602
vn -0.020062 -0.343712 0.938861
vn 0.013451 -0.502917 0.86423
vn -0.016705 -0.33209 0.9431
vn -1.2e-05 -0.485805 0.874067
vn -0.230012 0.365752 0.901842
vn -0.309145 0.864592 0.39612
vn 0.229581 0.367088 0.901409
vn 0.309144 0.864592 0.396119
vn 0.601064 0.121288 0.789944
vn 0.809224 0.533865 0.245244
vn 0.742951 -0.276434 0.609597
vn 0.999999 -0.001042 0.00122
vn 0.601065 -0.674142 0.429247
vn 0.808807 -0.535669 -0.242673
vn 0.22958 -0.919944 0.317798
vn 0.308886 -0.86595 -0.393345
vn -0.23367 -0.914654 0.329857
vn -0.308904 -0.865955 -0.39332
vn -0.113012 -0.875852 0.469161
vn -0.187949 -0.894422 -0.405814
vn 0.092725 -0.935317 0.341445
vn 0.127289 -0.903065 -0.410209
vn -0.254213 0.879196 0.402976
vn -0.175223 0.298937 0.938048
vn -0.188344 0.892798 0.409192
vn -0.127884 0.30407 0.944027
vn -6e-06 -0.937382 0.348305
vn 4e-06 -0.910473 -0.413568
vn -0.73367 0.618212 0.282033
vn -0.308883 0.865308 0.394757
vn 0.308885 0.865307 0.394758
vn 0.808803 0.535032 0.244086
vn 1 0.000407 0.000186
vn 0.80923 -0.534499 -0.24384
vn 0.309147 -0.86523 -0.394722
vn -0.187725 -0.893622 -0.407675
vn -0.730798 0.621021 0.283315
vn -0.254286 0.87989 0.401412
vn 0.127323 -0.902392 -0.411677
vn -0.188345 0.893514 0.407627
vn 4e-06 -0.909796 -0.415055
vn 0.734019 0.61722 0.283293
vn 0.540993 0.168989 0.823874
vn 0.730332 0.620675 0.285266
vn 0.457028 0.07836 0.885994
vn 0.011083 -0.403898 0.914737
vn 0.005921 -0.407703 0.913096
vn 0.233669 -0.914652 0.329866
vn 0.113012 -0.875851 0.469163
vn 0.006213 -0.429028 0.90327
vn 0.002218 -0.423968 0.905674
vn 0.308906 -0.865953 -0.393321
vn 0.187949 -0.894421 -0.405815
vn -0.308907 -0.865953 -0.393321
vn -0.233669 -0.914655 0.329857
vn -0.187949 -0.894421 -0.405815
vn -0.113011 -0.875855 0.469156
vn -0.006213 -0.429028 0.90327
vn -0.002217 -0.423968 0.905674
vn 0.73367 0.618212 0.282032
vn 0.308882 0.865308 0.394759
vn 0.309143 0.864592 0.396121
vn 0.30915 -0.865228 -0.394723
vn 0.187724 -0.893622 -0.407676
vn 0.730802 0.621017 0.283312
vn 0.25428 0.879892 0.401412
vn 0.254207 0.879198 0.402976
vn 0.020059 -0.343707 0.938863
vn -0.013459 -0.502913 0.864232
vn -0.127291 -0.903065 -0.410209
vn -0.127325 -0.902392 -0.411677
vn 0.188337 0.893515 0.407627
vn 0.188336 0.8928 0.409191
vn 0.01669 -0.33209 0.9431
vn -3e-06 -0.485803 0.874068
vn 0 -0.910474 -0.413567
vn 0 -0.909796 -0.415055
vn -0.73367 0.618212 0.282032
vn -0.734019 0.61722 0.283293
vn -0.308882 0.865308 0.394759
vn -0.309143 0.864592 0.396121
vn -0.309151 -0.865228 -0.394722
vn -0.187724 -0.893622 -0.407676
vn -0.730802 0.621017 0.283312
vn -0.730332 0.620675 0.285267
vn -0.005921 -0.407703 0.913095
vn -0.011083 -0.403898 0.914737
vn -0.005476 -0.397708 0.917496
vn 0.005476 -0.397709 0.917496
vn -0.254275 0.879893 0.401413
vn -0.254201 0.879199 0.402976
vn -0.020055 -0.343707 0.938863
vn 0.013468 -0.502919 0.864229
vn 0.127286 -0.903065 -0.410209
vn 0.127321 -0.902392 -0.411677
vn -0.18833 0.893516 0.407628
vn -0.188329 0.892801 0.409192
vn -0.016676 -0.332091 0.9431
vn 1.7e-05 -0.485812 0.874063
vn -1.1e-05 -0.910474 -0.413567
vn -1.1e-05 -0.909796 -0.415055
vn 0.23002 0.365752 0.901841
vn -0.23002 0.365754 0.90184
vn -0.092727 -0.935313 0.341455
vn 0.17522 0.298945 0.938046
vn 0.127872 0.304068 0.944029
vn 0 -0.93737 0.348335
vn -0.540995 0.168991 0.823873
vn -0.457036 0.078358 0.88599
vn 0.092726 -0.93532 0.341435
vn -0.17521 0.298944 0.938048
vn -0.127858 0.30407 0.944031
vn -3e-06 -0.937385 0.348295
vn 0.734019 0.617221 0.283293
vn 0.540994 0.168991 0.823874
vn 0.730332 0.620675 0.285267
vn 0.45703 0.078362 0.885993
vn 0.011083 -0.403899 0.914736
vn 0.005921 -0.407704 0.913095
vn 0.23367 -0.914655 0.329857
vn 0.113011 -0.875855 0.469155
vn 0.006213 -0.42903 0.903269
vn 0.002218 -0.42397 0.905674
vn -0.233668 -0.914653 0.329861
vn -0.11301 -0.875846 0.469173
vn -0.006213 -0.42903 0.903269
vn -0.002217 -0.42397 0.905674
vn 0.73367 0.618213 0.282032
vn 0.254281 0.879891 0.401413
vn -0.013459 -0.502915 0.864231
vn -0.127291 -0.903065 -0.410208
vn 0.188338 0.893515 0.407628
vn 0.188337 0.8928 0.409192
vn -0.011083 -0.403899 0.914736
vn -0.005476 -0.39771 0.917495
vn 0.005476 -0.39771 0.917495
vn -0.254281 0.879892 0.401412
vn -0.254207 0.879198 0.402976
vn -0.02006 -0.343709 0.938862
vn 0.013459 -0.502913 0.864232
vn 0.127291 -0.903065 -0.410208
vn 0.127326 -0.902391 -0.411677
vn -0.188338 0.893515 0.407627
vn -0.188337 0.8928 0.409191
vn -0.01669 -0.332089 0.9431
vn 3e-06 -0.485803 0.874068
vn 0.23002 0.365753 0.90184
vn -0.230016 0.36575 0.901842
vn -0.092728 -0.93532 0.341436
vn 0.17522 0.298946 0.938046
vn 0 -0.937379 0.348312
vn -0.45703 0.078359 0.885993
vn 0.092726 -0.935309 0.341467
vn -0.175221 0.298942 0.938047
vn -0.127872 0.304068 0.944029
vn 0 -0.93737 0.348334
vn 0.540993 0.168991 0.823874
vn 0.730333 0.620675 0.285267
vn 0.457024 0.078359 0.885996
vn 0.011083 -0.403901 0.914736
vn 0.005921 -0.407705 0.913095
vn 0.23367 -0.914655 0.329854
vn 0.113012 -0.875848 0.469168
vn 0.006213 -0.429031 0.903269
vn -0.23367 -0.914659 0.329846
vn -0.113011 -0.875853 0.469159
vn -0.006213 -0.429031 0.903268
vn -0.002217 -0.423971 0.905673
vn 0.30915 -0.865229 -0.394722
vn 0.730803 0.621017 0.283312
vn 0.02006 -0.343705 0.938863
vn -0.013459 -0.50291 0.864234
vn -3e-06 -0.485802 0.874069
vn 0 -0.909797 -0.415054
vn -0.309143 0.864592 0.396122
vn -0.730802 0.621018 0.283312
vn -0.730332 0.620676 0.285266
vn -0.00592 -0.407705 0.913094
vn -0.011083 -0.403901 0.914736
vn -0.005476 -0.397711 0.917494
vn 0.005476 -0.397711 0.917494
vn -0.25428 0.879892 0.401412
vn 0.127326 -0.902392 -0.411677
vn -0.188338 0.893515 0.407628
vn -0.188337 0.8928 0.409192
vn 0.23002 0.365754 0.90184
vn -0.092727 -0.935314 0.341453
vn 0.175219 0.298941 0.938047
vn 0 -0.937371 0.348332
vn -0.540997 0.168991 0.823871
vn -0.457036 0.07836 0.88599
vn 0.092726 -0.935312 0.341456
vn -0.175221 0.298944 0.938046
vn 0 -0.937371 0.348334
vn 0.734018 0.617221 0.283293
vn 0.540984 0.168989 0.82388
vn 0.73033 0.620678 0.285266
vn 0.457025 0.078362 0.885995
vn 0.005921 -0.407702 0.913096
vn 0.233669 -0.914651 0.329866
vn 0.113012 -0.875855 0.469155
vn 0.002218 -0.423968 0.905675
vn 0.308907 -0.865953 -0.393322
vn -0.233669 -0.914651 0.329867
vn -0.113011 -0.875855 0.469154
vn -0.006212 -0.429028 0.90327
vn -0.002217 -0.423969 0.905674
vn 0.733669 0.618213 0.282032
vn 0.308882 0.865307 0.394759
vn 0.309143 0.864591 0.396122
vn 0.309151 -0.865228 -0.394723
vn 0.7308 0.62102 0.283312
vn 0.02006 -0.343705 0.938864
vn -0.013459 -0.502914 0.864231
vn -3e-06 -0.485808 0.874065
vn 0 -0.910473 -0.413568
vn -0.309143 0.864591 0.396122
vn -0.00592 -0.407702 0.913096
vn -0.011083 -0.403897 0.914737
vn 0.005476 -0.397708 0.917496
vn -0.254281 0.879892 0.401413
vn 0.013459 -0.502916 0.864231
vn 0.127325 -0.902392 -0.411677
vn 0.230016 0.365748 0.901843
vn -0.230015 0.365745 0.901845
vn -0.092727 -0.935317 0.341445
vn 0.17522 0.298943 0.938046
vn 0.127872 0.304069 0.944029
vn -0.54098 0.168987 0.823884
vn -0.457022 0.078361 0.885997
vn 0.092726 -0.935315 0.341448
vn -0.175218 0.29894 0.938048
vn 0 -0.93737 0.348336
vn 0.540984 0.168983 0.823882
vn 0.730331 0.620676 0.285266
vn 0.457024 0.07836 0.885996
vn 0.011084 -0.403898 0.914737
vn 0.233669 -0.914651 0.329867
vn 0.113012 -0.875855 0.469154
vn 0.006213 -0.429029 0.903269
vn 0.002217 -0.423968 0.905674
vn -0.113012 -0.875854 0.469157
vn 0.187724 -0.893622 -0.407675
vn 0.730802 0.621018 0.283311
vn 0.25428 0.879892 0.401413
vn -0.127325 -0.902392 -0.411676
vn -3e-06 -0.485807 0.874066
vn -0.733669 0.618213 0.282032
vn -0.734018 0.617221 0.283293
vn -0.730801 0.621019 0.283312
vn -0.730331 0.620677 0.285267
vn -0.00592 -0.407703 0.913096
vn -0.011083 -0.403899 0.914737
vn -0.254281 0.879891 0.401413
vn -0.020059 -0.343704 0.938864
vn 0.013459 -0.502914 0.864232
vn 0.127325 -0.902391 -0.411677
vn 3e-06 -0.485808 0.874066
vn 0.230015 0.365741 0.901847
vn -0.230014 0.365748 0.901844
vn -0.092727 -0.93532 0.341435
vn 0.175219 0.298942 0.938047
vn 0 -0.937378 0.348313
vn -0.540986 0.16899 0.823879
vn -0.45703 0.07836 0.885993
vn 0.092726 -0.935317 0.341445
vn -0.17522 0.298943 0.938046
vn 0.73402 0.617219 0.283293
vn 0.540984 0.168982 0.823882
vn 0.730332 0.620676 0.285267
vn 0.457024 0.078356 0.885996
vn 0.113013 -0.875856 0.469153
vn 0.002217 -0.423969 0.905674
vn -0.113012 -0.875854 0.469156
vn 0.733671 0.618211 0.282032
vn 0.308882 0.865308 0.394758
vn 0.309142 0.864592 0.396121
vn 0.187725 -0.893622 -0.407676
vn 0.254207 0.879198 0.402975
vn 0.188338 0.893514 0.407628
vn 0.188337 0.892799 0.409192
vn 0.01669 -0.332091 0.9431
vn -0.734018 0.617222 0.283293
vn -0.308882 0.865308 0.394758
vn -0.730801 0.621018 0.283313
vn -0.020059 -0.343705 0.938863
vn 0.230014 0.365741 0.901846
vn -0.092727 -0.93532 0.341434
vn 0 -0.937378 0.348315
vn -0.540986 0.168993 0.823878
vn -0.45703 0.078361 0.885993
vn -0.127872 0.304067 0.94403
vn 0.73402 0.617219 0.283294
vn 0.540993 0.168992 0.823874
vn 0.730334 0.620673 0.285267
vn 0.457024 0.078357 0.885996
vn 0.23367 -0.91465 0.329869
vn 0.002218 -0.42397 0.905673
vn -0.233667 -0.914651 0.329867
vn -0.113011 -0.875855 0.469155
vn -0.006212 -0.429031 0.903269
vn 0.733671 0.618211 0.282033
vn 0.730804 0.621015 0.283313
vn 0.020059 -0.343705 0.938864
vn -0.013459 -0.502914 0.864232
vn 0.01669 -0.332088 0.943101
vn -3e-06 -0.485805 0.874067
vn -0.733671 0.618212 0.282032
vn -0.73402 0.61722 0.283293
vn -0.309152 -0.865228 -0.394723
vn -0.730804 0.621015 0.283313
vn -0.730334 0.620673 0.285267
vn -0.00592 -0.407705 0.913095
vn -0.005476 -0.397711 0.917495
vn 0.005476 -0.397711 0.917495
vn -0.020059 -0.343706 0.938863
vn -0.188337 0.893516 0.407626
vn -0.188336 0.892801 0.40919
vn -0.01669 -0.332091 0.9431
vn 3e-06 -0.48581 0.874065
vn 0.230021 0.365754 0.90184
vn -0.230016 0.365749 0.901843
vn 0.175219 0.298943 0.938047
vn 0.127872 0.30407 0.944029
vn 0 -0.937378 0.348314
vn -0.540987 0.168988 0.823879
vn 0.092727 -0.935317 0.341444
vn 0.540994 0.168985 0.823875
vn 0.730333 0.620674 0.285268
vn 0.457028 0.078358 0.885994
vn 0.011083 -0.403897 0.914737
vn 0.11301 -0.875856 0.469153
vn -0.233669 -0.914651 0.329868
vn -0.002217 -0.423968 0.905675
vn 0.730803 0.621016 0.283313
vn 0.25428 0.879891 0.401414
vn 0.254207 0.879198 0.402977
vn -3e-06 -0.485808 0.874066
vn 0 -0.910474 -0.413565
vn -0.733671 0.618211 0.282032
vn -0.309142 0.864592 0.396121
vn -0.730805 0.621015 0.283312
vn -0.730335 0.620673 0.285266
vn -0.005476 -0.397707 0.917496
vn 0.013459 -0.502917 0.86423
vn -0.01669 -0.332092 0.943099
vn 3e-06 -0.48581 0.874064
vn 0.230019 0.365752 0.901841
vn -0.230018 0.365749 0.901842
vn 0.127872 0.304067 0.94403
vn -0.540985 0.168992 0.823879
vn -0.457024 0.078365 0.885996
vn -0.127874 0.304073 0.944028
vn 0.54099 0.168988 0.823877
vn 0.730335 0.620672 0.285267
vn 0.457022 0.078359 0.885997
vn 0.113014 -0.875854 0.469156
vn 0.002217 -0.423968 0.905675
vn -0.233667 -0.914652 0.329866
vn -0.113013 -0.875855 0.469156
vn 0.730805 0.621014 0.283312
vn 0.020059 -0.343703 0.938864
vn -0.730804 0.621016 0.283311
vn -0.730333 0.620674 0.285266
vn -0.254207 0.879199 0.402975
vn 0.013458 -0.502915 0.864231
vn 0.127292 -0.903064 -0.410209
vn 3e-06 -0.485809 0.874065
vn -0.230019 0.365755 0.90184
vn 0.175218 0.298941 0.938047
vn -0.540991 0.168988 0.823876
vn -0.457022 0.078354 0.885997
vn 0.092728 -0.93532 0.341436
vn -0.127874 0.304071 0.944028
vn 0.540994 0.168988 0.823874
vn 0.73033 0.620678 0.285267
vn 0.457028 0.078361 0.885994
vn 0.233668 -0.914651 0.329868
vn 0.113009 -0.875855 0.469155
vn 0.308906 -0.865954 -0.39332
vn 0.187948 -0.894422 -0.405814
vn 0.187723 -0.893623 -0.407674
vn 0.254279 0.879893 0.401411
vn 0.254206 0.879199 0.402975
vn -0.73367 0.618213 0.282032
vn -0.730803 0.621017 0.283311
vn -0.730333 0.620675 0.285266
vn -0.02006 -0.343707 0.938863
vn -0.230018 0.36575 0.901842
vn -0.092727 -0.935316 0.341446
vn 0.17522 0.298944 0.938046
vn -0.540985 0.168989 0.82388
vn -0.457024 0.07836 0.885996
vn -0.175221 0.298945 0.938046
vn -0.127874 0.304072 0.944028
vn 0.734018 0.617221 0.283294
vn 0.540989 0.168993 0.823877
vn 0.730332 0.620676 0.285266
vn 0.457021 0.07836 0.885997
vn 0.23367 -0.914651 0.329867
vn 0.113015 -0.875854 0.469156
vn -0.233669 -0.914652 0.329866
vn -0.113013 -0.875855 0.469155
vn 0.733669 0.618213 0.282033
vn 0.25428 0.879893 0.401411
vn 0.254206 0.879199 0.402974
vn -0.127291 -0.903064 -0.410209
vn -0.127325 -0.902391 -0.411677
vn 0.188336 0.893516 0.407626
vn 0.188335 0.892801 0.40919
vn -0.730806 0.621012 0.283313
vn -0.730336 0.62067 0.285267
vn -0.254282 0.879891 0.401414
vn -0.254208 0.879197 0.402977
vn -0.02006 -0.343703 0.938864
vn 0.230019 0.365754 0.90184
vn -0.23002 0.365752 0.901841
vn 0.175218 0.29894 0.938048
vn -0.540992 0.168985 0.823876
vn -0.457022 0.078355 0.885997
vn 0.540993 0.168988 0.823875
vn 0.730332 0.620675 0.285268
vn 0.233668 -0.914651 0.329867
vn 0.113009 -0.875856 0.469154
vn 0.187949 -0.894422 -0.405815
vn -0.23367 -0.91465 0.329869
vn -0.113014 -0.875853 0.469159
vn 0.730802 0.621017 0.283313
vn 0.188338 0.893515 0.407627
vn 0.188337 0.8928 0.409191
vn -0.187723 -0.893622 -0.407675
vn -0.730805 0.621014 0.283313
vn -0.730335 0.620672 0.285267
vn -0.254208 0.879198 0.402976
vn -0.230017 0.365753 0.901841
vn -0.540985 0.168991 0.823879
vn -0.457024 0.078356 0.885996
vn -0.127874 0.304073 0.944027
vn 0.734017 0.617223 0.283293
vn 0.540989 0.168992 0.823877
vn 0.457021 0.078362 0.885997
vn 0.011083 -0.403899 0.914737
vn 0.233668 -0.914652 0.329866
vn 0.113014 -0.875855 0.469155
vn -0.187948 -0.894422 -0.405815
vn -0.113014 -0.875854 0.469157
vn -0.006212 -0.429029 0.903269
vn 0.733668 0.618215 0.282032
vn 0.308881 0.865308 0.394758
vn 0.309142 0.864592 0.39612
vn 0.730804 0.621015 0.283312
vn 0.254281 0.879891 0.401414
vn 0.254208 0.879197 0.402977
vn 0.020059 -0.343702 0.938864
vn 0.188337 0.893515 0.407628
vn 0.188336 0.8928 0.409192
vn -0.730806 0.621013 0.283312
vn -0.730336 0.620672 0.285266
vn -0.00592 -0.407703 0.913095
vn 0.127292 -0.903065 -0.410208
vn 0.127326 -0.902392 -0.411676
vn -0.230019 0.365756 0.901839
vn -0.540991 0.168992 0.823875
vn -0.457022 0.078359 0.885997
vn 0.730331 0.620676 0.285268
vn 0.457028 0.078364 0.885993
vn 0.002218 -0.423969 0.905674
vn -0.233671 -0.91465 0.329868
vn -0.113014 -0.875854 0.469156
vn 0.730802 0.621018 0.283313
vn -0.73402 0.617219 0.283293
vn -0.730805 0.621015 0.283311
vn -0.730334 0.620673 0.285266
vn 0.127325 -0.902392 -0.411676
vn -0.230017 0.365752 0.901841
vn -0.540985 0.168989 0.823879
vn 0.540984 0.168985 0.823881
vn 0.730337 0.62067 0.285265
vn 0.457027 0.078365 0.885994
vn 0.233668 -0.914653 0.329862
vn 0.113017 -0.875853 0.469158
vn 0.308905 -0.865954 -0.393321
vn 0.18795 -0.894421 -0.405816
vn -0.308906 -0.865954 -0.393321
vn -0.233669 -0.914653 0.329863
vn -0.18795 -0.894421 -0.405816
vn -0.113015 -0.875853 0.469158
vn 0.30888 0.865308 0.394759
vn 0.309141 0.864592 0.396121
vn 0.309149 -0.865229 -0.394723
vn 0.187726 -0.893621 -0.407676
vn 0.730807 0.621012 0.283311
vn 0.254277 0.879892 0.401414
vn 0.254203 0.879198 0.402978
vn 0.020057 -0.343708 0.938863
vn -0.013463 -0.502919 0.864229
vn -0.127286 -0.903065 -0.410209
vn 0.18833 0.893515 0.40763
vn 0.188329 0.8928 0.409194
vn 0.016682 -0.332096 0.943098
vn -9e-06 -0.485812 0.874063
vn 1e-05 -0.910474 -0.413567
vn 1e-05 -0.909797 -0.415055
vn -0.733672 0.61821 0.282031
vn -0.734021 0.617218 0.283292
vn -0.30915 -0.865229 -0.394722
vn -0.730803 0.621016 0.283311
vn -0.02006 -0.343705 0.938864
vn 0.230017 0.365746 0.901844
vn -0.23002 0.365745 0.901843
vn -0.092725 -0.935321 0.341434
vn 0.175209 0.298942 0.938049
vn 0.127859 0.304067 0.944031
vn 7e-06 -0.937377 0.348316
vn -0.540988 0.168979 0.82388
vn -0.457023 0.078357 0.885997
vn -0.175221 0.298946 0.938045
vt 0.80195 0.823642
vt 0.800583 0.824388
vt 0.798087 0.820406
vt 0.796763 0.821305
vt 0.799498 0.82528
vt 0.795319 0.822345
vt 0.789554 0.823128
vt 0.78523 0.828824
vt 0.802286 0.830304
vt 0.801726 0.835772
vt 0.798113 0.839868
vt 0.792791 0.841084
vt 0.787762 0.838952
vt 0.784907 0.834283
vt 0.793892 0.817577
vt 0.787739 0.814328
vt 0.792598 0.807512
vt 0.787842 0.807382
vt 0.803697 0.830053
vt 0.80509 0.829806
vt 0.803046 0.836356
vt 0.804349 0.836938
vt 0.79885 0.841107
vt 0.79958 0.842339
vt 0.792668 0.842525
vt 0.79254 0.843955
vt 0.78682 0.840045
vt 0.785886 0.841128
vt 0.783527 0.834627
vt 0.782163 0.834967
vt 0.783906 0.828396
vt 0.782601 0.827968
vt 0.787818 0.822739
vt 0.786297 0.822479
vt 0.786076 0.8145
vt 0.78441 0.814705
vt 0.79555 0.817202
vt 0.797201 0.816895
vt 0.796147 0.807626
vt 0.794398 0.807568
vt 0.786064 0.807339
vt 0.784279 0.807301
vt 0.383639 0.964618
vt 0.383639 0.972424
vt 0.003342 0.964618
vt 0.003342 0.972424
vt 0.383639 0.98023
vt 0.003342 0.98023
vt 0.383639 0.988037
vt 0.003342 0.988037
vt 0.383639 0.995843
vt 0.003342 0.995843
vt 0.773084 0.005196
vt 0.773084 0.013003
vt 0.392808 0.005196
vt 0.392808 0.013003
vt 0.773084 0.020833
vt 0.392808 0.020833
vt 0.773084 0.028638
vt 0.392808 0.028638
vt 0.773084 0.036443
vt 0.392808 0.036443
vt 0.383639 0.95914
vt 0.003342 0.95914
vt 0.383639 0.955257
vt 0.003342 0.955257
vt 0.392808 0.044544
vt 0.773084 0.044544
vt 0.383639 0.946473
vt 0.003342 0.946473
vt 0.392808 0.051256
vt 0.773084 0.051256
vt 0.802753 0.026257
vt 0.798608 0.029195
vt 0.801617 0.025262
vt 0.797358 0.028202
vt 0.800504 0.024244
vt 0.795964 0.027086
vt 0.790026 0.026121
vt 0.78555 0.020022
vt 0.803676 0.019081
vt 0.785339 0.014188
vt 0.788537 0.009308
vt 0.793986 0.007219
vt 0.799622 0.008719
vt 0.803309 0.013234
vt 0.794324 0.031731
vt 0.788371 0.034743
vt 0.792826 0.041231
vt 0.788362 0.041198
vt 0.805165 0.019435
vt 0.806642 0.019789
vt 0.804747 0.012669
vt 0.806166 0.012104
vt 0.800462 0.007422
vt 0.801292 0.006133
vt 0.793906 0.005674
vt 0.793823 0.004141
vt 0.787566 0.008107
vt 0.786604 0.006915
vt 0.783863 0.013776
vt 0.782407 0.013371
vt 0.784124 0.020468
vt 0.782717 0.020914
vt 0.788264 0.02652
vt 0.786717 0.026829
vt 0.7868 0.034592
vt 0.785231 0.034423
vt 0.797467 0.032525
vt 0.795905 0.032156
vt 0.796187 0.041241
vt 0.794528 0.041239
vt 0.786714 0.041178
vt 0.78507 0.041152
vt 0.383639 0.035213
vt 0.003342 0.035213
vt 0.383639 0.027409
vt 0.003342 0.027409
vt 0.383639 0.019605
vt 0.003342 0.019605
vt 0.383639 0.011802
vt 0.003342 0.011802
vt 0.383639 0.003998
vt 0.003342 0.003998
vt 0.773084 0.892903
vt 0.392808 0.892903
vt 0.773084 0.8851
vt 0.392808 0.8851
vt 0.773084 0.877296
vt 0.392808 0.877296
vt 0.773084 0.869492
vt 0.392808 0.869492
vt 0.773084 0.861687
vt 0.392808 0.861688
vt 0.383639 0.040619
vt 0.003342 0.040619
vt 0.383639 0.044499
vt 0.003342 0.044499
vt 0.392808 0.853588
vt 0.773084 0.853588
vt 0.383639 0.053277
vt 0.003342 0.053277
vt 0.392808 0.846877
vt 0.773084 0.846877
vt 0.804068 0.770097
vt 0.802928 0.771289
vt 0.799317 0.767413
vt 0.798109 0.768539
vt 0.801815 0.772501
vt 0.796726 0.769779
vt 0.784153 0.777453
vt 0.788485 0.770707
vt 0.785717 0.777898
vt 0.790374 0.771092
vt 0.78261 0.777011
vt 0.786812 0.770391
vt 0.782552 0.785147
vt 0.7841 0.784733
vt 0.786611 0.791837
vt 0.788311 0.791575
vt 0.785675 0.784316
vt 0.790243 0.791234
vt 0.383639 0.904973
vt 0.383639 0.912781
vt 0.003342 0.904973
vt 0.003342 0.912781
vt 0.773084 0.08168
vt 0.773084 0.089485
vt 0.392808 0.08168
vt 0.392808 0.089485
vt 0.383639 0.899564
vt 0.003342 0.899564
vt 0.383639 0.895682
vt 0.003342 0.895682
vt 0.794787 0.765082
vt 0.788566 0.762043
vt 0.392808 0.097585
vt 0.773084 0.097585
vt 0.383639 0.886899
vt 0.003342 0.886899
vt 0.793156 0.755386
vt 0.788583 0.7554
vt 0.392808 0.104297
vt 0.773084 0.104297
vt 0.383639 0.928398
vt 0.003342 0.928398
vt 0.383639 0.920589
vt 0.003342 0.920589
vt 0.773084 0.073875
vt 0.392808 0.073875
vt 0.773084 0.066069
vt 0.392808 0.066069
vt 0.383639 0.933807
vt 0.003342 0.933807
vt 0.796668 0.792641
vt 0.801839 0.789856
vt 0.805685 0.784397
vt 0.80568 0.777928
vt 0.383639 0.937689
vt 0.003342 0.937689
vt 0.79459 0.797497
vt 0.788056 0.800443
vt 0.392808 0.057969
vt 0.773084 0.057969
vt 0.807296 0.777418
vt 0.808895 0.776915
vt 0.807299 0.784893
vt 0.808898 0.785385
vt 0.786925 0.762197
vt 0.785284 0.762364
vt 0.796398 0.764611
vt 0.797968 0.7642
vt 0.796578 0.755379
vt 0.794893 0.755382
vt 0.78689 0.755407
vt 0.7852 0.755415
vt 0.802985 0.791063
vt 0.798094 0.793938
vt 0.804156 0.792244
vt 0.79936 0.795107
vt 0.786362 0.800216
vt 0.784668 0.799972
vt 0.796251 0.798032
vt 0.797879 0.798505
vt 0.80391 0.718748
vt 0.802776 0.719907
vt 0.799257 0.716028
vt 0.798038 0.717138
vt 0.801665 0.721087
vt 0.796647 0.718366
vt 0.784166 0.726001
vt 0.788449 0.719279
vt 0.785726 0.726438
vt 0.790334 0.719665
vt 0.782628 0.725568
vt 0.786779 0.718966
vt 0.782609 0.733669
vt 0.78415 0.733243
vt 0.78674 0.740323
vt 0.788423 0.740011
vt 0.785719 0.732812
vt 0.790318 0.739626
vt 0.383639 0.8454
vt 0.383639 0.853208
vt 0.003342 0.8454
vt 0.003342 0.853208
vt 0.773084 0.134721
vt 0.773084 0.142527
vt 0.392808 0.134721
vt 0.392808 0.142527
vt 0.383639 0.839992
vt 0.003342 0.839992
vt 0.383639 0.83611
vt 0.003342 0.83611
vt 0.794743 0.713658
vt 0.788536 0.710611
vt 0.392808 0.150628
vt 0.773084 0.150628
vt 0.383639 0.827327
vt 0.003342 0.827327
vt 0.793122 0.703967
vt 0.788559 0.703981
vt 0.392808 0.15734
vt 0.773084 0.15734
vt 0.383639 0.868825
vt 0.003342 0.868825
vt 0.383639 0.861016
vt 0.003342 0.861017
vt 0.773084 0.126916
vt 0.392808 0.126916
vt 0.773084 0.11911
vt 0.392808 0.11911
vt 0.383639 0.874234
vt 0.003342 0.874234
vt 0.796648 0.740918
vt 0.801698 0.738164
vt 0.805461 0.732794
vt 0.805451 0.726442
vt 0.383639 0.878116
vt 0.003342 0.878116
vt 0.794749 0.745657
vt 0.788526 0.748739
vt 0.392808 0.11101
vt 0.773084 0.11101
vt 0.807034 0.725951
vt 0.8086 0.725463
vt 0.807044 0.733277
vt 0.808613 0.733756
vt 0.786896 0.710762
vt 0.785257 0.710926
vt 0.796355 0.713189
vt 0.797929 0.71278
vt 0.796539 0.70396
vt 0.794856 0.703962
vt 0.78687 0.703988
vt 0.785185 0.703995
vt 0.802819 0.739344
vt 0.798049 0.742155
vt 0.803966 0.7405
vt 0.799278 0.743272
vt 0.786876 0.748593
vt 0.785225 0.748435
vt 0.796367 0.746126
vt 0.797947 0.746533
vt 0.803856 0.667381
vt 0.802723 0.668539
vt 0.799207 0.664663
vt 0.79799 0.665771
vt 0.801613 0.669717
vt 0.7966 0.666999
vt 0.784134 0.674627
vt 0.788411 0.667912
vt 0.785692 0.675063
vt 0.790294 0.668297
vt 0.782598 0.674196
vt 0.786742 0.667599
vt 0.782581 0.682287
vt 0.784121 0.68186
vt 0.786709 0.688932
vt 0.788389 0.68862
vt 0.785686 0.68143
vt 0.790281 0.688234
vt 0.383639 0.78583
vt 0.383639 0.793638
vt 0.003342 0.78583
vt 0.003342 0.793638
vt 0.773084 0.187765
vt 0.773084 0.195571
vt 0.392808 0.187765
vt 0.392808 0.195571
vt 0.383639 0.780422
vt 0.003342 0.780422
vt 0.383639 0.77654
vt 0.003342 0.77654
vt 0.794698 0.662296
vt 0.788498 0.659251
vt 0.392808 0.203672
vt 0.773084 0.203672
vt 0.383639 0.767758
vt 0.003342 0.767758
vt 0.79308 0.652615
vt 0.788523 0.652629
vt 0.392808 0.210384
vt 0.773084 0.210384
vt 0.383639 0.809253
vt 0.003342 0.809253
vt 0.383639 0.801445
vt 0.003342 0.801445
vt 0.773084 0.179959
vt 0.392808 0.179959
vt 0.773084 0.172153
vt 0.392808 0.172153
vt 0.383639 0.814662
vt 0.003342 0.814662
vt 0.796604 0.689525
vt 0.801646 0.686774
vt 0.805405 0.681411
vt 0.805394 0.675066
vt 0.383639 0.818544
vt 0.003342 0.818544
vt 0.794708 0.694256
vt 0.788497 0.697334
vt 0.392808 0.164053
vt 0.773084 0.164053
vt 0.806975 0.674576
vt 0.808539 0.674089
vt 0.806986 0.681893
vt 0.808552 0.682372
vt 0.78686 0.659402
vt 0.785222 0.659565
vt 0.796308 0.661827
vt 0.797881 0.661418
vt 0.796493 0.652608
vt 0.794812 0.652612
vt 0.786837 0.652634
vt 0.785153 0.652641
vt 0.802765 0.687952
vt 0.798003 0.690759
vt 0.80391 0.689107
vt 0.799229 0.691874
vt 0.78685 0.69719
vt 0.785202 0.697034
vt 0.796323 0.694723
vt 0.7979 0.695129
vt 0.803803 0.616077
vt 0.80267 0.617234
vt 0.799158 0.61336
vt 0.797941 0.614468
vt 0.801561 0.618411
vt 0.796554 0.615695
vt 0.784102 0.623317
vt 0.788374 0.616607
vt 0.785659 0.623752
vt 0.790254 0.616992
vt 0.782568 0.622886
vt 0.786706 0.616295
vt 0.782553 0.630967
vt 0.784091 0.630541
vt 0.786678 0.637602
vt 0.788356 0.63729
vt 0.785654 0.63011
vt 0.790245 0.636905
vt 0.383639 0.726267
vt 0.383639 0.734073
vt 0.003342 0.726267
vt 0.003342 0.734073
vt 0.773084 0.240811
vt 0.773084 0.248616
vt 0.392808 0.240811
vt 0.392808 0.248616
vt 0.383639 0.720859
vt 0.003342 0.720859
vt 0.383639 0.716978
vt 0.003342 0.716978
vt 0.794654 0.610996
vt 0.788461 0.607954
vt 0.392808 0.256718
vt 0.773084 0.256718
vt 0.383639 0.708197
vt 0.003342 0.708197
vt 0.793039 0.601327
vt 0.788487 0.601339
vt 0.392808 0.26343
vt 0.773084 0.26343
vt 0.383639 0.749687
vt 0.003342 0.749687
vt 0.383639 0.74188
vt 0.003342 0.74188
vt 0.773084 0.233005
vt 0.392808 0.233005
vt 0.773084 0.225199
vt 0.392808 0.225199
vt 0.383639 0.755095
vt 0.003342 0.755095
vt 0.796559 0.638193
vt 0.801594 0.635446
vt 0.805348 0.630091
vt 0.805338 0.623754
vt 0.383639 0.758976
vt 0.003342 0.758976
vt 0.794666 0.642917
vt 0.788463 0.645991
vt 0.392808 0.217097
vt 0.773084 0.217097
vt 0.806916 0.623264
vt 0.808479 0.622778
vt 0.806927 0.630572
vt 0.808492 0.631051
vt 0.786824 0.608104
vt 0.785188 0.608267
vt 0.796262 0.610528
vt 0.797832 0.61012
vt 0.796448 0.601321
vt 0.794768 0.601323
vt 0.786803 0.601344
vt 0.785121 0.60135
vt 0.802711 0.636623
vt 0.797956 0.639425
vt 0.803854 0.637776
vt 0.799181 0.640539
vt 0.786819 0.645846
vt 0.785173 0.64569
vt 0.796279 0.643384
vt 0.797854 0.643789
vt 0.80375 0.564836
vt 0.802618 0.565992
vt 0.799108 0.562121
vt 0.797893 0.563228
vt 0.80151 0.567167
vt 0.796507 0.564454
vt 0.78407 0.572069
vt 0.788336 0.565366
vt 0.785626 0.572503
vt 0.790215 0.56575
vt 0.782538 0.571639
vt 0.78667 0.565054
vt 0.782526 0.579711
vt 0.784062 0.579284
vt 0.786647 0.586335
vt 0.788322 0.586023
vt 0.785623 0.578854
vt 0.790209 0.585638
vt 0.383639 0.666713
vt 0.383639 0.674518
vt 0.003342 0.666713
vt 0.003342 0.674518
vt 0.773084 0.293857
vt 0.773084 0.301663
vt 0.392808 0.293857
vt 0.392808 0.301663
vt 0.383639 0.661306
vt 0.003342 0.661306
vt 0.383639 0.657425
vt 0.003342 0.657425
vt 0.794609 0.559759
vt 0.788423 0.55672
vt 0.392808 0.309763
vt 0.773084 0.309763
vt 0.383639 0.648645
vt 0.003342 0.648645
vt 0.792997 0.550102
vt 0.788451 0.550112
vt 0.392808 0.316476
vt 0.773084 0.316476
vt 0.383639 0.690129
vt 0.003342 0.690129
vt 0.383639 0.682323
vt 0.003342 0.682323
vt 0.773084 0.286051
vt 0.392808 0.286051
vt 0.773084 0.278244
vt 0.392808 0.278244
vt 0.383639 0.695536
vt 0.003342 0.695536
vt 0.796514 0.586924
vt 0.801542 0.584182
vt 0.805291 0.578834
vt 0.805281 0.572504
vt 0.383639 0.699417
vt 0.003342 0.699417
vt 0.794624 0.591642
vt 0.788429 0.59471
vt 0.392808 0.270143
vt 0.773084 0.270143
vt 0.806858 0.572016
vt 0.808419 0.571531
vt 0.806869 0.579315
vt 0.808431 0.579793
vt 0.786788 0.55687
vt 0.785153 0.557032
vt 0.796216 0.559292
vt 0.797784 0.558884
vt 0.796402 0.550096
vt 0.794725 0.550098
vt 0.786769 0.550116
vt 0.785089 0.550121
vt 0.802658 0.585356
vt 0.79791 0.588154
vt 0.803798 0.586509
vt 0.799133 0.589266
vt 0.786787 0.594566
vt 0.785144 0.594409
vt 0.796235 0.592108
vt 0.797808 0.592513
vt 0.803696 0.513658
vt 0.802565 0.514812
vt 0.799059 0.510944
vt 0.797845 0.512051
vt 0.801458 0.515986
vt 0.796461 0.513276
vt 0.784039 0.520884
vt 0.788298 0.514187
vt 0.785593 0.521317
vt 0.790175 0.51457
vt 0.782508 0.520455
vt 0.786633 0.513876
vt 0.782498 0.528517
vt 0.784033 0.528091
vt 0.786617 0.535131
vt 0.788289 0.534819
vt 0.785591 0.52766
vt 0.790172 0.534435
vt 0.383639 0.607164
vt 0.383639 0.614969
vt 0.003342 0.607164
vt 0.003342 0.614969
vt 0.773084 0.3469
vt 0.773084 0.354705
vt 0.392808 0.3469
vt 0.392808 0.354705
vt 0.383639 0.601758
vt 0.003342 0.601758
vt 0.383639 0.597878
vt 0.003342 0.597878
vt 0.794565 0.508586
vt 0.788386 0.505548
vt 0.392808 0.362806
vt 0.773084 0.362806
vt 0.383639 0.589099
vt 0.003342 0.589099
vt 0.792956 0.498939
vt 0.788415 0.498948
vt 0.392808 0.369518
vt 0.773084 0.369518
vt 0.383639 0.630579
vt 0.003342 0.630579
vt 0.383639 0.622774
vt 0.003342 0.622774
vt 0.773084 0.339095
vt 0.392808 0.339095
vt 0.773084 0.331289
vt 0.392808 0.331289
vt 0.383639 0.635985
vt 0.003342 0.635985
vt 0.79647 0.535718
vt 0.80149 0.53298
vt 0.805235 0.527639
vt 0.805225 0.521318
vt 0.383639 0.639866
vt 0.003342 0.639866
vt 0.794582 0.540429
vt 0.788395 0.543492
vt 0.392808 0.323188
vt 0.773084 0.323188
vt 0.806799 0.52083
vt 0.808359 0.520345
vt 0.80681 0.52812
vt 0.808371 0.528598
vt 0.786752 0.505698
vt 0.785119 0.50586
vt 0.796169 0.508118
vt 0.797736 0.507711
vt 0.796357 0.498934
vt 0.794681 0.498935
vt 0.786735 0.498952
vt 0.785058 0.498956
vt 0.802604 0.534153
vt 0.797863 0.536946
vt 0.803743 0.535304
vt 0.799085 0.538056
vt 0.786756 0.543348
vt 0.785115 0.543191
vt 0.796191 0.540894
vt 0.797762 0.541299
vt 0.803643 0.462543
vt 0.802513 0.463695
vt 0.799009 0.45983
vt 0.797797 0.460936
vt 0.801407 0.464868
vt 0.796414 0.46216
vt 0.784007 0.469762
vt 0.78826 0.46307
vt 0.785561 0.470194
vt 0.790136 0.463454
vt 0.782478 0.469334
vt 0.786597 0.46276
vt 0.782471 0.477386
vt 0.784003 0.47696
vt 0.786586 0.483989
vt 0.788256 0.483678
vt 0.785559 0.476529
vt 0.790136 0.483293
vt 0.383639 0.547622
vt 0.383639 0.555426
vt 0.003342 0.547622
vt 0.003342 0.555426
vt 0.773084 0.399943
vt 0.773084 0.407748
vt 0.392808 0.399943
vt 0.392808 0.407748
vt 0.383639 0.542215
vt 0.003342 0.542215
vt 0.383639 0.538335
vt 0.003342 0.538335
vt 0.79452 0.457474
vt 0.788348 0.45444
vt 0.392808 0.415849
vt 0.773084 0.415849
vt 0.383639 0.529557
vt 0.003342 0.529557
vt 0.792914 0.447839
vt 0.78838 0.447846
vt 0.392808 0.422561
vt 0.773084 0.422561
vt 0.383639 0.571034
vt 0.003342 0.571034
vt 0.383639 0.56323
vt 0.003342 0.56323
vt 0.773084 0.392137
vt 0.392808 0.392137
vt 0.773084 0.384331
vt 0.392808 0.384331
vt 0.383639 0.57644
vt 0.003342 0.57644
vt 0.796425 0.484575
vt 0.801438 0.481841
vt 0.805179 0.476507
vt 0.805169 0.470194
vt 0.383639 0.58032
vt 0.003342 0.58032
vt 0.79454 0.489279
vt 0.788361 0.492337
vt 0.392808 0.37623
vt 0.773084 0.37623
vt 0.806741 0.469707
vt 0.808298 0.469223
vt 0.806752 0.476988
vt 0.80831 0.477465
vt 0.786717 0.454589
vt 0.785085 0.45475
vt 0.796123 0.457008
vt 0.797688 0.456601
vt 0.796311 0.447834
vt 0.794638 0.447836
vt 0.786702 0.447849
vt 0.785026 0.447853
vt 0.80255 0.483013
vt 0.797817 0.485801
vt 0.803687 0.484162
vt 0.799037 0.486909
vt 0.786724 0.492192
vt 0.785086 0.492036
vt 0.796147 0.489744
vt 0.797716 0.490148
vt 0.80359 0.41149
vt 0.802461 0.412641
vt 0.79896 0.408779
vt 0.797749 0.409884
vt 0.801355 0.413812
vt 0.796368 0.411107
vt 0.783975 0.418702
vt 0.788222 0.412017
vt 0.785528 0.419133
vt 0.790096 0.4124
vt 0.782449 0.418275
vt 0.786561 0.411707
vt 0.782443 0.426317
vt 0.783974 0.425891
vt 0.786555 0.43291
vt 0.788222 0.432599
vt 0.785528 0.425461
vt 0.7901 0.432215
vt 0.383639 0.488083
vt 0.383639 0.495886
vt 0.003342 0.488083
vt 0.003342 0.495886
vt 0.773084 0.452984
vt 0.773084 0.46079
vt 0.392808 0.452984
vt 0.392808 0.46079
vt 0.383639 0.482677
vt 0.003342 0.482677
vt 0.383639 0.478797
vt 0.003342 0.478797
vt 0.794476 0.406426
vt 0.788311 0.403394
vt 0.392808 0.46889
vt 0.773084 0.46889
vt 0.383639 0.47002
vt 0.003342 0.47002
vt 0.792873 0.396799
vt 0.788344 0.396807
vt 0.392808 0.475602
vt 0.773084 0.475602
vt 0.383639 0.511493
vt 0.003342 0.511493
vt 0.383639 0.50369
vt 0.003342 0.50369
vt 0.773084 0.445179
vt 0.392808 0.445179
vt 0.773084 0.437374
vt 0.392808 0.437374
vt 0.383639 0.516899
vt 0.003342 0.516899
vt 0.796381 0.433494
vt 0.801386 0.430764
vt 0.805123 0.425438
vt 0.805112 0.419132
vt 0.383639 0.520779
vt 0.003342 0.520779
vt 0.794498 0.438192
vt 0.788327 0.441245
vt 0.392808 0.429274
vt 0.773084 0.429274
vt 0.806683 0.418646
vt 0.808238 0.418163
vt 0.806693 0.425918
vt 0.80825 0.426395
vt 0.786681 0.403542
vt 0.78505 0.403703
vt 0.796077 0.405959
vt 0.797639 0.405554
vt 0.796266 0.396796
vt 0.794594 0.396802
vt 0.786668 0.39681
vt 0.784994 0.396812
vt 0.802496 0.431934
vt 0.797771 0.434718
vt 0.803632 0.433082
vt 0.798989 0.435825
vt 0.786693 0.4411
vt 0.785057 0.440943
vt 0.796103 0.438656
vt 0.79767 0.439059
vt 0.803537 0.360499
vt 0.802408 0.361649
vt 0.798911 0.35779
vt 0.797701 0.358894
vt 0.801304 0.362819
vt 0.796321 0.360116
vt 0.783944 0.367705
vt 0.788185 0.361025
vt 0.785495 0.368134
vt 0.790057 0.361408
vt 0.782419 0.367279
vt 0.786525 0.360716
vt 0.782416 0.375311
vt 0.783945 0.374885
vt 0.786525 0.381893
vt 0.788189 0.381582
vt 0.785496 0.374455
vt 0.790064 0.381199
vt 0.383639 0.428547
vt 0.383639 0.43635
vt 0.003342 0.428547
vt 0.003342 0.43635
vt 0.773084 0.506022
vt 0.773084 0.513826
vt 0.392808 0.506022
vt 0.392808 0.513826
vt 0.383639 0.423142
vt 0.003342 0.423142
vt 0.383639 0.419262
vt 0.003342 0.419262
vt 0.794432 0.35544
vt 0.788273 0.35241
vt 0.392808 0.521926
vt 0.773084 0.521926
vt 0.383639 0.410485
vt 0.003342 0.410485
vt 0.792832 0.345825
vt 0.788308 0.345831
vt 0.392808 0.528638
vt 0.773084 0.528638
vt 0.383639 0.451957
vt 0.003342 0.451957
vt 0.383639 0.444153
vt 0.003342 0.444153
vt 0.773084 0.498218
vt 0.392808 0.498218
vt 0.773084 0.490413
vt 0.392808 0.490413
vt 0.383639 0.457362
vt 0.003342 0.457362
vt 0.796336 0.382476
vt 0.801335 0.37975
vt 0.805066 0.374431
vt 0.805056 0.368133
vt 0.383639 0.461242
vt 0.003342 0.461242
vt 0.794456 0.387167
vt 0.788293 0.390215
vt 0.392808 0.482314
vt 0.773084 0.482314
vt 0.806625 0.367648
vt 0.808178 0.367166
vt 0.806635 0.374911
vt 0.80819 0.375388
vt 0.786645 0.352558
vt 0.785016 0.352718
vt 0.79603 0.354974
vt 0.797591 0.354568
vt 0.79622 0.345823
vt 0.794551 0.345825
vt 0.786634 0.345832
vt 0.784963 0.345834
vt 0.802443 0.380919
vt 0.797724 0.383698
vt 0.803576 0.382065
vt 0.798941 0.384802
vt 0.786662 0.39007
vt 0.785029 0.389913
vt 0.796059 0.38763
vt 0.797624 0.388033
vt 0.803484 0.309571
vt 0.802356 0.310719
vt 0.798861 0.306864
vt 0.797653 0.307966
vt 0.801252 0.311888
vt 0.796275 0.309187
vt 0.783913 0.31677
vt 0.788147 0.310097
vt 0.785462 0.317199
vt 0.790018 0.310478
vt 0.782389 0.316345
vt 0.786488 0.309788
vt 0.782389 0.324367
vt 0.783915 0.323942
vt 0.786494 0.330939
vt 0.788156 0.330628
vt 0.785464 0.323511
vt 0.790028 0.330246
vt 0.383639 0.369014
vt 0.383639 0.376817
vt 0.003342 0.369014
vt 0.003342 0.376817
vt 0.773084 0.55906
vt 0.773084 0.566865
vt 0.392808 0.55906
vt 0.392808 0.566865
vt 0.383639 0.363609
vt 0.003342 0.363609
vt 0.383639 0.359729
vt 0.003342 0.359729
vt 0.794387 0.304516
vt 0.788236 0.301489
vt 0.392808 0.574966
vt 0.773084 0.574966
vt 0.383639 0.350952
vt 0.003342 0.350952
vt 0.792791 0.294912
vt 0.788273 0.294916
vt 0.392808 0.581678
vt 0.773084 0.581678
vt 0.383639 0.392423
vt 0.003342 0.392423
vt 0.383639 0.38462
vt 0.003342 0.38462
vt 0.773084 0.551255
vt 0.392808 0.551255
vt 0.773084 0.54345
vt 0.392808 0.54345
vt 0.383639 0.397828
vt 0.003342 0.397828
vt 0.796292 0.33152
vt 0.801283 0.328799
vt 0.80501 0.323487
vt 0.805 0.317197
vt 0.383639 0.401708
vt 0.003342 0.401708
vt 0.794415 0.336204
vt 0.78826 0.339247
vt 0.392808 0.53535
vt 0.773084 0.53535
vt 0.806567 0.316712
vt 0.808118 0.316231
vt 0.806577 0.323967
vt 0.80813 0.324443
vt 0.786609 0.301636
vt 0.784981 0.301796
vt 0.795984 0.30405
vt 0.797543 0.303645
vt 0.796175 0.29491
vt 0.794508 0.294913
vt 0.786601 0.294917
vt 0.784931 0.294919
vt 0.802389 0.329966
vt 0.797678 0.332741
vt 0.80352 0.331111
vt 0.798893 0.333843
vt 0.78663 0.339102
vt 0.785 0.338945
vt 0.796015 0.336667
vt 0.797578 0.33707
vt 0.803431 0.258705
vt 0.802304 0.259852
vt 0.798812 0.255999
vt 0.797605 0.257101
vt 0.801201 0.261019
vt 0.796229 0.258321
vt 0.783881 0.265897
vt 0.788109 0.25923
vt 0.785429 0.266325
vt 0.789978 0.259611
vt 0.78236 0.265473
vt 0.786452 0.258922
vt 0.782362 0.273486
vt 0.783886 0.27306
vt 0.786463 0.280047
vt 0.788123 0.279737
vt 0.785433 0.27263
vt 0.789992 0.279355
vt 0.383639 0.309483
vt 0.383639 0.317285
vt 0.003342 0.309483
vt 0.003342 0.317285
vt 0.773084 0.612103
vt 0.773084 0.619909
vt 0.392808 0.612103
vt 0.392808 0.619909
vt 0.383639 0.304078
vt 0.003342 0.304078
vt 0.383639 0.300198
vt 0.003342 0.300198
vt 0.794343 0.253654
vt 0.788199 0.250629
vt 0.392808 0.62801
vt 0.773084 0.62801
vt 0.383639 0.291421
vt 0.003342 0.291421
vt 0.79275 0.244063
vt 0.788237 0.244064
vt 0.392808 0.634722
vt 0.773084 0.634722
vt 0.383639 0.332891
vt 0.003342 0.332891
vt 0.383639 0.325088
vt 0.003342 0.325088
vt 0.773084 0.604297
vt 0.392808 0.604297
vt 0.773084 0.596491
vt 0.392808 0.596491
vt 0.383639 0.338296
vt 0.003342 0.338296
vt 0.796247 0.280627
vt 0.801232 0.277909
vt 0.804954 0.272605
vt 0.804944 0.266322
vt 0.383639 0.342175
vt 0.003342 0.342175
vt 0.794373 0.285304
vt 0.788226 0.288342
vt 0.392808 0.58839
vt 0.773084 0.58839
vt 0.806509 0.265839
vt 0.808059 0.265358
vt 0.806519 0.273084
vt 0.80807 0.27356
vt 0.786573 0.250777
vt 0.784947 0.250936
vt 0.795938 0.253189
vt 0.797495 0.252785
vt 0.796129 0.244061
vt 0.794465 0.24406
vt 0.786567 0.244065
vt 0.7849 0.244065
vt 0.802336 0.279075
vt 0.797632 0.281845
vt 0.803465 0.280219
vt 0.798846 0.282946
vt 0.786599 0.288197
vt 0.784971 0.28804
vt 0.795971 0.285766
vt 0.797533 0.286168
vt 0.803378 0.207901
vt 0.802252 0.209046
vt 0.798763 0.205197
vt 0.797557 0.206298
vt 0.80115 0.210212
vt 0.796183 0.207517
vt 0.783849 0.215087
vt 0.788072 0.208425
vt 0.785396 0.215513
vt 0.789939 0.208806
vt 0.78233 0.214663
vt 0.786416 0.208118
vt 0.782334 0.222667
vt 0.783857 0.222241
vt 0.786433 0.229217
vt 0.78809 0.228908
vt 0.785401 0.221811
vt 0.789956 0.228525
vt 0.383639 0.249951
vt 0.383639 0.257754
vt 0.003342 0.249951
vt 0.003342 0.257754
vt 0.773084 0.665146
vt 0.773084 0.672951
vt 0.392808 0.665146
vt 0.392808 0.672951
vt 0.383639 0.244546
vt 0.003342 0.244546
vt 0.383639 0.240666
vt 0.003342 0.240666
vt 0.794299 0.202854
vt 0.788162 0.199832
vt 0.392808 0.681052
vt 0.773084 0.681052
vt 0.383639 0.231889
vt 0.003342 0.231889
vt 0.792709 0.193272
vt 0.788202 0.193274
vt 0.392808 0.687764
vt 0.773084 0.687764
vt 0.383639 0.273359
vt 0.003342 0.273359
vt 0.383639 0.265556
vt 0.003342 0.265556
vt 0.773084 0.657341
vt 0.392808 0.657341
vt 0.773084 0.649535
vt 0.392808 0.649535
vt 0.383639 0.278764
vt 0.003342 0.278764
vt 0.796203 0.229795
vt 0.80118 0.227082
vt 0.804898 0.221785
vt 0.804888 0.21551
vt 0.383639 0.282644
vt 0.003342 0.282644
vt 0.794331 0.234466
vt 0.788192 0.237499
vt 0.392808 0.641434
vt 0.773084 0.641434
vt 0.806451 0.215027
vt 0.807999 0.214547
vt 0.806461 0.222264
vt 0.80801 0.222739
vt 0.786538 0.199979
vt 0.784913 0.200138
vt 0.795892 0.20239
vt 0.797447 0.201986
vt 0.796084 0.193271
vt 0.794422 0.193276
vt 0.786534 0.193274
vt 0.784868 0.193274
vt 0.802283 0.228246
vt 0.797586 0.231011
vt 0.80341 0.229388
vt 0.798798 0.23211
vt 0.786568 0.237354
vt 0.784942 0.237196
vt 0.795928 0.234927
vt 0.797487 0.235329
vt 0.803326 0.157159
vt 0.8022 0.158303
vt 0.798714 0.154457
vt 0.79751 0.155557
vt 0.801099 0.159468
vt 0.796136 0.156775
vt 0.783818 0.164338
vt 0.788034 0.157683
vt 0.785364 0.164764
vt 0.7899 0.158063
vt 0.782301 0.163916
vt 0.78638 0.157375
vt 0.782307 0.17191
vt 0.783828 0.171483
vt 0.786402 0.17845
vt 0.788056 0.17814
vt 0.785369 0.171053
vt 0.78992 0.177758
vt 0.383639 0.190417
vt 0.383639 0.19822
vt 0.003342 0.190417
vt 0.003342 0.19822
vt 0.773084 0.718186
vt 0.773084 0.725992
vt 0.392808 0.718186
vt 0.392808 0.725992
vt 0.383639 0.185011
vt 0.003342 0.185011
vt 0.383639 0.181131
vt 0.003342 0.181131
vt 0.794255 0.152117
vt 0.788124 0.149097
vt 0.392808 0.734092
vt 0.773084 0.734092
vt 0.383639 0.172354
vt 0.003342 0.172354
vt 0.792668 0.142548
vt 0.788166 0.142546
vt 0.392808 0.740804
vt 0.773084 0.740804
vt 0.383639 0.213826
vt 0.003342 0.213826
vt 0.383639 0.206023
vt 0.003342 0.206023
vt 0.773084 0.710381
vt 0.392808 0.710381
vt 0.773084 0.702576
vt 0.392808 0.702576
vt 0.383639 0.219232
vt 0.003342 0.219232
vt 0.796159 0.179026
vt 0.801129 0.176317
vt 0.804842 0.171027
vt 0.804832 0.164759
vt 0.383639 0.223111
vt 0.003342 0.223111
vt 0.79429 0.18369
vt 0.788159 0.186718
vt 0.392808 0.694476
vt 0.773084 0.694476
vt 0.806393 0.164277
vt 0.807939 0.163798
vt 0.806403 0.171505
vt 0.80795 0.17198
vt 0.786502 0.149244
vt 0.784879 0.149402
vt 0.795846 0.151653
vt 0.797399 0.151249
vt 0.796039 0.142547
vt 0.794378 0.142546
vt 0.7865 0.142545
vt 0.784837 0.142544
vt 0.802229 0.177479
vt 0.79754 0.18024
vt 0.803355 0.17862
vt 0.79875 0.181337
vt 0.786536 0.186572
vt 0.784914 0.186415
vt 0.795884 0.184151
vt 0.797441 0.184552
vt 0.803273 0.106479
vt 0.802148 0.107621
vt 0.798665 0.103778
vt 0.797462 0.104877
vt 0.801048 0.108785
vt 0.79609 0.106094
vt 0.783787 0.113651
vt 0.787997 0.107002
vt 0.785331 0.114076
vt 0.78986 0.107382
vt 0.782271 0.11323
vt 0.786344 0.106695
vt 0.78228 0.121214
vt 0.783799 0.120788
vt 0.786372 0.127744
vt 0.788023 0.127434
vt 0.785338 0.120358
vt 0.789884 0.127053
vt 0.383639 0.13088
vt 0.383639 0.138684
vt 0.003342 0.13088
vt 0.003342 0.138684
vt 0.773084 0.771225
vt 0.773084 0.779029
vt 0.392808 0.771225
vt 0.392808 0.779029
vt 0.383639 0.125474
vt 0.003342 0.125474
vt 0.383639 0.121594
vt 0.003342 0.121594
vt 0.79421 0.101441
vt 0.788087 0.098424
vt 0.392808 0.787129
vt 0.773084 0.787129
vt 0.383639 0.112816
vt 0.003342 0.112816
vt 0.792626 0.091882
vt 0.788131 0.091881
vt 0.392808 0.793841
vt 0.773084 0.793841
vt 0.383639 0.154291
vt 0.003342 0.154291
vt 0.383639 0.146487
vt 0.003342 0.146487
vt 0.773084 0.76342
vt 0.392808 0.76342
vt 0.773084 0.755615
vt 0.392808 0.755615
vt 0.383639 0.159696
vt 0.003342 0.159696
vt 0.796115 0.128319
vt 0.801077 0.125613
vt 0.804786 0.120331
vt 0.804777 0.114071
vt 0.383639 0.163576
vt 0.003342 0.163576
vt 0.794248 0.132976
vt 0.788125 0.135999
vt 0.392808 0.747515
vt 0.773084 0.747515
vt 0.806335 0.11359
vt 0.80788 0.113112
vt 0.806346 0.120808
vt 0.807891 0.121283
vt 0.786467 0.09857
vt 0.784845 0.098727
vt 0.7958 0.100977
vt 0.797352 0.100574
vt 0.795992 0.091882
vt 0.794334 0.091884
vt 0.786468 0.09188
vt 0.784807 0.091879
vt 0.802176 0.126774
vt 0.797494 0.129531
vt 0.8033 0.127914
vt 0.798703 0.130626
vt 0.786505 0.135853
vt 0.784885 0.135696
vt 0.79584 0.133436
vt 0.797396 0.133837
vt 0.803252 0.055889
vt 0.802131 0.057019
vt 0.7987 0.05319
vt 0.797493 0.054269
vt 0.801033 0.058171
vt 0.796112 0.055466
vt 0.783746 0.062968
vt 0.78801 0.05631
vt 0.785298 0.0634
vt 0.789874 0.05671
vt 0.782224 0.06254
vt 0.786353 0.055983
vt 0.782218 0.070557
vt 0.783743 0.07013
vt 0.786324 0.077102
vt 0.787975 0.07679
vt 0.785288 0.069699
vt 0.789835 0.076406
vt 0.383639 0.071341
vt 0.383639 0.079145
vt 0.003342 0.071341
vt 0.003342 0.079145
vt 0.773084 0.824261
vt 0.773084 0.832066
vt 0.392808 0.824261
vt 0.392808 0.832066
vt 0.383639 0.065935
vt 0.003342 0.065935
vt 0.383639 0.062055
vt 0.003342 0.062055
vt 0.794302 0.050806
vt 0.788228 0.047716
vt 0.392808 0.840165
vt 0.773084 0.840165
vt 0.383639 0.094752
vt 0.003342 0.094752
vt 0.383639 0.086948
vt 0.003342 0.086948
vt 0.773084 0.816457
vt 0.392808 0.816457
vt 0.773084 0.808652
vt 0.392808 0.808652
vt 0.383639 0.100158
vt 0.003342 0.100158
vt 0.796062 0.077673
vt 0.801019 0.074972
vt 0.804726 0.069699
vt 0.804729 0.063451
vt 0.383639 0.104038
vt 0.003342 0.104038
vt 0.794201 0.082325
vt 0.788089 0.085346
vt 0.392808 0.800552
vt 0.773084 0.800552
vt 0.80628 0.062973
vt 0.807818 0.062499
vt 0.806281 0.070175
vt 0.807821 0.07065
vt 0.786609 0.047837
vt 0.784987 0.047969
vt 0.795897 0.050362
vt 0.797456 0.04998
vt 0.802116 0.076131
vt 0.797441 0.078884
vt 0.803238 0.077269
vt 0.798649 0.079977
vt 0.786472 0.085202
vt 0.784854 0.085046
vt 0.795792 0.082784
vt 0.797345 0.083185
usemtl Roof_BSG
f 1283/1605/565 1284/1606/566 1285/1607/567
f 1285/1607/567 1284/1606/566 1286/1608/568
f 1284/1606/566 1287/1609/569 1286/1608/568
f 1286/1608/568 1287/1609/569 1288/1610/570
f 1289/1611/571 1288/1610/570 1290/1612/572
f 1288/1610/570 1287/1609/569 1290/1612/572
f 1287/1609/569 1291/1613/573 1290/1612/572
f 1291/1613/573 1292/1614/574 1290/1612/572
f 1292/1614/574 1293/1615/575 1290/1612/572
f 1293/1615/575 1294/1616/576 1290/1612/572
f 1294/1616/576 1295/1617/577 1290/1612/572
f 1295/1617/577 1296/1618/578 1290/1612/572
f 1288/1610/570 1289/1611/571 1297/1619/579
f 1297/1619/579 1289/1611/571 1298/1620/580
f 1297/1619/579 1298/1620/580 1299/1621/581
f 1299/1621/581 1298/1620/580 1300/1622/582
f 1287/1609/569 1284/1606/566 1291/1613/573
f 1291/1613/573 1284/1606/566 1301/1623/583
f 1284/1606/566 1283/1605/565 1301/1623/583
f 1301/1623/583 1283/1605/565 1302/1624/584
f 1291/1613/573 1301/1623/583 1292/1614/574
f 1292/1614/574 1301/1623/583 1303/1625/585
f 1301/1623/583 1302/1624/584 1303/1625/585
f 1303/1625/585 1302/1624/584 1304/1626/586
f 1292/1614/574 1303/1625/585 1293/1615/575
f 1293/1615/575 1303/1625/585 1305/1627/587
f 1303/1625/585 1304/1626/586 1305/1627/587
f 1305/1627/587 1304/1626/586 1306/1628/588
f 1293/1615/575 1305/1627/587 1294/1616/576
f 1294/1616/576 1305/1627/587 1307/1629/589
f 1305/1627/587 1306/1628/588 1307/1629/589
f 1307/1629/589 1306/1628/588 1308/1630/590
f 1294/1616/576 1307/1629/589 1295/1617/577
f 1295/1617/577 1307/1629/589 1309/1631/591
f 1307/1629/589 1308/1630/590 1309/1631/591
f 1309/1631/591 1308/1630/590 1310/1632/592
f 1295/1617/577 1309/1631/591 1296/1618/578
f 1296/1618/578 1309/1631/591 1311/1633/593
f 1309/1631/591 1310/1632/592 1311/1633/593
f 1311/1633/593 1310/1632/592 1312/1634/594
f 1296/1618/578 1311/1633/593 1290/1612/572
f 1290/1612/572 1311/1633/593 1313/1635/595
f 1311/1633/593 1312/1634/594 1313/1635/595
f 1313/1635/595 1312/1634/594 1314/1636/596
f 1313/1635/595 1315/1637/597 1290/1612/572
f 1290/1612/572 1315/1637/597 1289/1611/571
f 1314/1636/596 1316/1638/598 1313/1635/595
f 1313/1635/595 1316/1638/598 1315/1637/597
f 1289/1611/571 1315/1637/597 1298/1620/580
f 1298/1620/580 1315/1637/597 1317/1639/599
f 1315/1637/597 1316/1638/598 1317/1639/599
f 1317/1639/599 1316/1638/598 1318/1640/600
f 1286/1608/568 1319/1641/601 1285/1607/567
f 1285/1607/567 1319/1641/601 1320/1642/602
f 1288/1610/570 1297/1619/579 1286/1608/568
f 1286/1608/568 1297/1619/579 1319/1641/601
f 1320/1642/602 1319/1641/601 1321/1643/603
f 1321/1643/603 1319/1641/601 1322/1644/604
f 1319/1641/601 1297/1619/579 1322/1644/604
f 1322/1644/604 1297/1619/579 1299/1621/581
f 1317/1639/599 1323/1645/605 1298/1620/580
f 1298/1620/580 1323/1645/605 1300/1622/582
f 1318/1640/600 1324/1646/606 1317/1639/599
f 1317/1639/599 1324/1646/606 1323/1645/605
f 1325/1647/607 1326/1648/608 1283/1649/565
f 1283/1649/565 1326/1648/608 1302/1650/584
f 1326/1648/608 1327/1651/609 1302/1650/584
f 1302/1650/584 1327/1651/609 1304/1652/586
f 1327/1651/609 1328/1653/610 1304/1652/586
f 1304/1652/586 1328/1653/610 1306/1654/588
f 1328/1653/610 1329/1655/611 1306/1654/588
f 1306/1654/588 1329/1655/611 1308/1656/590
f 1329/1657/611 1330/1658/612 1308/1659/590
f 1308/1659/590 1330/1658/612 1310/1660/592
f 1330/1658/612 1331/1661/613 1310/1660/592
f 1310/1660/592 1331/1661/613 1312/1662/594
f 1331/1661/613 1332/1663/614 1312/1662/594
f 1312/1662/594 1332/1663/614 1314/1664/596
f 1332/1663/614 1333/1665/615 1314/1664/596
f 1314/1664/596 1333/1665/615 1316/1666/598
f 1334/1667/616 1325/1647/607 1285/1668/567
f 1285/1668/567 1325/1647/607 1283/1649/565
f 1334/1667/616 1285/1668/567 1335/1669/617
f 1335/1669/617 1285/1668/567 1320/1670/602
f 1316/1666/598 1333/1665/615 1318/1671/600
f 1318/1671/600 1333/1665/615 1336/1672/618
f 1335/1669/617 1320/1670/602 1337/1673/619
f 1337/1673/619 1320/1670/602 1321/1674/603
f 1318/1671/600 1336/1672/618 1324/1675/606
f 1324/1675/606 1336/1672/618 1338/1676/620
f 1339/1677/621 1340/1678/622 1341/1679/623
f 1341/1679/623 1340/1678/622 1342/1680/624
f 1341/1679/623 1342/1680/624 1343/1681/625
f 1343/1681/625 1342/1680/624 1344/1682/626
f 1345/1683/627 1346/1684/628 1344/1682/626
f 1344/1682/626 1346/1684/628 1343/1681/625
f 1343/1681/625 1346/1684/628 1347/1685/629
f 1346/1684/628 1348/1686/630 1347/1685/629
f 1348/1686/630 1349/1687/631 1347/1685/629
f 1349/1687/631 1350/1688/632 1347/1685/629
f 1350/1688/632 1351/1689/633 1347/1685/629
f 1351/1689/633 1352/1690/634 1347/1685/629
f 1344/1682/626 1353/1691/635 1345/1683/627
f 1345/1683/627 1353/1691/635 1354/1692/636
f 1353/1691/635 1355/1693/637 1354/1692/636
f 1354/1692/636 1355/1693/637 1356/1694/638
f 1343/1681/625 1347/1685/629 1341/1679/623
f 1341/1679/623 1347/1685/629 1357/1695/639
f 1341/1679/623 1357/1695/639 1339/1677/621
f 1339/1677/621 1357/1695/639 1358/1696/640
f 1347/1685/629 1352/1690/634 1357/1695/639
f 1357/1695/639 1352/1690/634 1359/1697/641
f 1357/1695/639 1359/1697/641 1358/1696/640
f 1358/1696/640 1359/1697/641 1360/1698/642
f 1352/1690/634 1351/1689/633 1359/1697/641
f 1359/1697/641 1351/1689/633 1361/1699/643
f 1359/1697/641 1361/1699/643 1360/1698/642
f 1360/1698/642 1361/1699/643 1362/1700/644
f 1351/1689/633 1350/1688/632 1361/1699/643
f 1361/1699/643 1350/1688/632 1363/1701/645
f 1361/1699/643 1363/1701/645 1362/1700/644
f 1362/1700/644 1363/1701/645 1364/1702/646
f 1350/1688/632 1349/1687/631 1363/1701/645
f 1363/1701/645 1349/1687/631 1365/1703/647
f 1363/1701/645 1365/1703/647 1364/1702/646
f 1364/1702/646 1365/1703/647 1366/1704/648
f 1349/1687/631 1348/1686/630 1365/1703/647
f 1365/1703/647 1348/1686/630 1367/1705/649
f 1365/1703/647 1367/1705/649 1366/1704/648
f 1366/1704/648 1367/1705/649 1368/1706/650
f 1348/1686/630 1346/1684/628 1367/1705/649
f 1367/1705/649 1346/1684/628 1369/1707/651
f 1367/1705/649 1369/1707/651 1368/1706/650
f 1368/1706/650 1369/1707/651 1370/1708/652
f 1345/1683/627 1371/1709/653 1346/1684/628
f 1346/1684/628 1371/1709/653 1369/1707/651
f 1371/1709/653 1372/1710/654 1369/1707/651
f 1369/1707/651 1372/1710/654 1370/1708/652
f 1345/1683/627 1354/1692/636 1371/1709/653
f 1371/1709/653 1354/1692/636 1373/1711/655
f 1371/1709/653 1373/1711/655 1372/1710/654
f 1372/1710/654 1373/1711/655 1374/1712/656
f 1375/1713/657 1376/1714/658 1340/1678/622
f 1340/1678/622 1376/1714/658 1342/1680/624
f 1376/1714/658 1353/1691/635 1342/1680/624
f 1342/1680/624 1353/1691/635 1344/1682/626
f 1375/1713/657 1377/1715/659 1376/1714/658
f 1376/1714/658 1377/1715/659 1378/1716/660
f 1376/1714/658 1378/1716/660 1353/1691/635
f 1353/1691/635 1378/1716/660 1355/1693/637
f 1356/1694/638 1379/1717/661 1354/1692/636
f 1354/1692/636 1379/1717/661 1373/1711/655
f 1379/1717/661 1380/1718/662 1373/1711/655
f 1373/1711/655 1380/1718/662 1374/1712/656
f 1381/1719/663 1339/1720/621 1382/1721/664
f 1382/1721/664 1339/1720/621 1358/1722/640
f 1382/1721/664 1358/1722/640 1383/1723/665
f 1383/1723/665 1358/1722/640 1360/1724/642
f 1383/1723/665 1360/1724/642 1384/1725/666
f 1384/1725/666 1360/1724/642 1362/1726/644
f 1384/1725/666 1362/1726/644 1385/1727/667
f 1385/1727/667 1362/1726/644 1364/1728/646
f 1385/1729/667 1364/1730/646 1386/1731/668
f 1386/1731/668 1364/1730/646 1366/1732/648
f 1386/1731/668 1366/1732/648 1387/1733/669
f 1387/1733/669 1366/1732/648 1368/1734/650
f 1387/1733/669 1368/1734/650 1388/1735/613
f 1388/1735/613 1368/1734/650 1370/1736/652
f 1388/1735/613 1370/1736/652 1389/1737/670
f 1389/1737/670 1370/1736/652 1372/1738/654
f 1390/1739/671 1340/1740/622 1381/1719/663
f 1381/1719/663 1340/1740/622 1339/1720/621
f 1390/1739/671 1391/1741/672 1340/1740/622
f 1340/1740/622 1391/1741/672 1375/1742/657
f 1372/1738/654 1374/1743/656 1389/1737/670
f 1389/1737/670 1374/1743/656 1392/1744/673
f 1391/1741/672 1393/1745/674 1375/1742/657
f 1375/1742/657 1393/1745/674 1377/1746/659
f 1374/1743/656 1380/1747/662 1392/1744/673
f 1392/1744/673 1380/1747/662 1394/1748/675
f 1395/1749/676 1396/1750/677 1397/1751/678
f 1397/1751/678 1396/1750/677 1398/1752/679
f 1396/1750/677 1399/1753/680 1398/1752/679
f 1398/1752/679 1399/1753/680 1400/1754/681
f 1401/1755/682 1402/1756/683 1403/1757/684
f 1403/1757/684 1402/1756/683 1404/1758/685
f 1405/1759/686 1406/1760/687 1401/1755/682
f 1401/1755/682 1406/1760/687 1402/1756/683
f 1407/1761/688 1408/1762/689 1409/1763/690
f 1409/1763/690 1408/1762/689 1410/1764/691
f 1408/1762/689 1411/1765/692 1410/1764/691
f 1410/1764/691 1411/1765/692 1412/1766/693
f 1413/1767/694 1414/1768/695 1395/1769/676
f 1395/1769/676 1414/1768/695 1415/1770/696
f 1416/1771/697 1417/1772/698 1405/1773/686
f 1405/1773/686 1417/1772/698 1406/1774/687
f 1418/1775/699 1413/1767/694 1397/1776/678
f 1397/1776/678 1413/1767/694 1395/1769/676
f 1418/1775/699 1397/1776/678 1419/1777/700
f 1419/1777/700 1397/1776/678 1420/1778/701
f 1400/1754/681 1404/1758/685 1421/1779/702
f 1421/1779/702 1404/1758/685 1422/1780/703
f 1406/1774/687 1417/1772/698 1423/1781/704
f 1423/1781/704 1417/1772/698 1424/1782/705
f 1419/1777/700 1420/1778/701 1425/1783/706
f 1425/1783/706 1420/1778/701 1426/1784/707
f 1421/1779/702 1422/1780/703 1427/1785/708
f 1427/1785/708 1422/1780/703 1428/1786/709
f 1423/1781/704 1424/1782/705 1429/1787/710
f 1429/1787/710 1424/1782/705 1430/1788/711
f 1431/1789/712 1432/1790/713 1433/1791/714
f 1433/1791/714 1432/1790/713 1434/1792/715
f 1433/1791/714 1434/1792/715 1414/1768/695
f 1414/1768/695 1434/1792/715 1415/1770/696
f 1416/1771/697 1405/1773/686 1435/1793/716
f 1435/1793/716 1405/1773/686 1407/1794/688
f 1435/1793/716 1407/1794/688 1436/1795/717
f 1436/1795/717 1407/1794/688 1409/1796/690
f 1437/1797/718 1438/1798/719 1431/1789/712
f 1431/1789/712 1438/1798/719 1432/1790/713
f 1412/1766/693 1411/1765/692 1439/1799/720
f 1439/1799/720 1411/1765/692 1440/1800/721
f 1440/1800/721 1411/1765/692 1441/1801/722
f 1411/1765/692 1403/1757/684 1441/1801/722
f 1403/1757/684 1404/1758/685 1441/1801/722
f 1441/1801/722 1404/1758/685 1442/1802/723
f 1442/1802/723 1404/1758/685 1399/1753/680
f 1404/1758/685 1400/1754/681 1399/1753/680
f 1437/1797/718 1443/1803/724 1438/1798/719
f 1438/1798/719 1443/1803/724 1444/1804/725
f 1439/1799/720 1445/1805/726 1412/1766/693
f 1412/1766/693 1445/1805/726 1446/1806/727
f 1409/1796/690 1447/1807/728 1436/1795/717
f 1436/1795/717 1447/1807/728 1448/1808/729
f 1443/1803/724 1337/1673/730 1444/1804/725
f 1444/1804/725 1337/1673/730 1321/1674/731
f 1445/1805/726 1299/1621/732 1446/1806/727
f 1446/1806/727 1299/1621/732 1300/1622/733
f 1447/1807/728 1324/1675/734 1448/1808/729
f 1448/1808/729 1324/1675/734 1338/1676/735
f 1399/1753/680 1396/1750/677 1442/1802/723
f 1442/1802/723 1396/1750/677 1449/1809/736
f 1396/1750/677 1395/1749/676 1449/1809/736
f 1449/1809/736 1395/1749/676 1415/1810/696
f 1442/1802/723 1449/1809/736 1441/1801/722
f 1441/1801/722 1449/1809/736 1450/1811/737
f 1449/1809/736 1415/1810/696 1450/1811/737
f 1450/1811/737 1415/1810/696 1434/1812/715
f 1404/1758/685 1402/1756/683 1422/1780/703
f 1422/1780/703 1402/1756/683 1451/1813/738
f 1402/1756/683 1406/1760/687 1451/1813/738
f 1451/1813/738 1406/1760/687 1423/1814/704
f 1398/1752/679 1452/1815/739 1397/1751/678
f 1397/1751/678 1452/1815/739 1420/1816/701
f 1400/1754/681 1421/1779/702 1398/1752/679
f 1398/1752/679 1421/1779/702 1452/1815/739
f 1420/1816/701 1452/1815/739 1426/1817/707
f 1426/1817/707 1452/1815/739 1453/1818/740
f 1452/1815/739 1421/1779/702 1453/1818/740
f 1453/1818/740 1421/1779/702 1427/1785/708
f 1451/1813/738 1454/1819/741 1422/1780/703
f 1422/1780/703 1454/1819/741 1428/1786/709
f 1423/1814/704 1429/1820/710 1451/1813/738
f 1451/1813/738 1429/1820/710 1454/1819/741
f 1455/1821/742 1456/1822/743 1440/1800/721
f 1440/1800/721 1456/1822/743 1439/1799/720
f 1432/1823/713 1438/1824/719 1455/1821/742
f 1455/1821/742 1438/1824/719 1456/1822/743
f 1455/1821/742 1450/1811/737 1432/1823/713
f 1432/1823/713 1450/1811/737 1434/1812/715
f 1440/1800/721 1441/1801/722 1455/1821/742
f 1455/1821/742 1441/1801/722 1450/1811/737
f 1405/1759/686 1401/1755/682 1407/1761/688
f 1407/1761/688 1401/1755/682 1408/1762/689
f 1401/1755/682 1403/1757/684 1408/1762/689
f 1408/1762/689 1403/1757/684 1411/1765/692
f 1410/1764/691 1457/1825/744 1409/1763/690
f 1409/1763/690 1457/1825/744 1447/1826/728
f 1412/1766/693 1446/1806/727 1410/1764/691
f 1410/1764/691 1446/1806/727 1457/1825/744
f 1439/1799/720 1456/1822/743 1445/1805/726
f 1445/1805/726 1456/1822/743 1458/1827/745
f 1456/1822/743 1438/1824/719 1458/1827/745
f 1458/1827/745 1438/1824/719 1444/1828/725
f 1458/1827/745 1322/1644/746 1445/1805/726
f 1445/1805/726 1322/1644/746 1299/1621/732
f 1444/1828/725 1321/1643/731 1458/1827/745
f 1458/1827/745 1321/1643/731 1322/1644/746
f 1447/1826/728 1457/1825/744 1324/1646/734
f 1324/1646/734 1457/1825/744 1323/1645/747
f 1457/1825/744 1446/1806/727 1323/1645/747
f 1323/1645/747 1446/1806/727 1300/1622/733
f 1459/1829/748 1460/1830/749 1461/1831/750
f 1461/1831/750 1460/1830/749 1462/1832/751
f 1460/1830/749 1463/1833/752 1462/1832/751
f 1462/1832/751 1463/1833/752 1464/1834/753
f 1465/1835/754 1466/1836/755 1467/1837/756
f 1467/1837/756 1466/1836/755 1468/1838/757
f 1469/1839/686 1470/1840/687 1465/1835/754
f 1465/1835/754 1470/1840/687 1466/1836/755
f 1471/1841/688 1472/1842/758 1473/1843/690
f 1473/1843/690 1472/1842/758 1474/1844/759
f 1472/1842/758 1475/1845/760 1474/1844/759
f 1474/1844/759 1475/1845/760 1476/1846/761
f 1477/1847/762 1478/1848/695 1459/1849/748
f 1459/1849/748 1478/1848/695 1479/1850/696
f 1480/1851/697 1481/1852/698 1469/1853/686
f 1469/1853/686 1481/1852/698 1470/1854/687
f 1482/1855/699 1477/1847/762 1461/1856/750
f 1461/1856/750 1477/1847/762 1459/1849/748
f 1482/1855/699 1461/1856/750 1483/1857/763
f 1483/1857/763 1461/1856/750 1484/1858/701
f 1464/1834/753 1468/1838/757 1485/1859/702
f 1485/1859/702 1468/1838/757 1486/1860/764
f 1470/1854/687 1481/1852/698 1487/1861/765
f 1487/1861/765 1481/1852/698 1488/1862/705
f 1483/1857/763 1484/1858/701 1489/1863/766
f 1489/1863/766 1484/1858/701 1490/1864/767
f 1485/1859/702 1486/1860/764 1491/1865/708
f 1491/1865/708 1486/1860/764 1492/1866/709
f 1487/1861/765 1488/1862/705 1493/1867/710
f 1493/1867/710 1488/1862/705 1494/1868/711
f 1495/1869/712 1496/1870/713 1497/1871/714
f 1497/1871/714 1496/1870/713 1498/1872/715
f 1497/1871/714 1498/1872/715 1478/1848/695
f 1478/1848/695 1498/1872/715 1479/1850/696
f 1480/1851/697 1469/1853/686 1499/1873/716
f 1499/1873/716 1469/1853/686 1471/1874/688
f 1499/1873/716 1471/1874/688 1500/1875/717
f 1500/1875/717 1471/1874/688 1473/1876/690
f 1501/1877/718 1502/1878/719 1495/1869/712
f 1495/1869/712 1502/1878/719 1496/1870/713
f 1476/1846/761 1475/1845/760 1503/1879/720
f 1503/1879/720 1475/1845/760 1504/1880/768
f 1504/1880/768 1475/1845/760 1505/1881/769
f 1475/1845/760 1467/1837/756 1505/1881/769
f 1467/1837/756 1468/1838/757 1505/1881/769
f 1505/1881/769 1468/1838/757 1506/1882/770
f 1506/1882/770 1468/1838/757 1463/1833/752
f 1468/1838/757 1464/1834/753 1463/1833/752
f 1501/1877/718 1507/1883/771 1502/1878/719
f 1502/1878/719 1507/1883/771 1508/1884/772
f 1503/1879/720 1509/1885/773 1476/1846/761
f 1476/1846/761 1509/1885/773 1510/1886/774
f 1473/1876/690 1511/1887/775 1500/1875/717
f 1500/1875/717 1511/1887/775 1512/1888/776
f 1507/1883/771 1425/1783/777 1508/1884/772
f 1508/1884/772 1425/1783/777 1426/1784/778
f 1509/1885/773 1427/1785/779 1510/1886/774
f 1510/1886/774 1427/1785/779 1428/1786/780
f 1511/1887/775 1429/1787/710 1512/1888/776
f 1512/1888/776 1429/1787/710 1430/1788/711
f 1463/1833/752 1460/1830/749 1506/1882/770
f 1506/1882/770 1460/1830/749 1513/1889/781
f 1460/1830/749 1459/1829/748 1513/1889/781
f 1513/1889/781 1459/1829/748 1479/1890/696
f 1506/1882/770 1513/1889/781 1505/1881/769
f 1505/1881/769 1513/1889/781 1514/1891/782
f 1513/1889/781 1479/1890/696 1514/1891/782
f 1514/1891/782 1479/1890/696 1498/1892/715
f 1468/1838/757 1466/1836/755 1486/1860/764
f 1486/1860/764 1466/1836/755 1515/1893/783
f 1466/1836/755 1470/1840/687 1515/1893/783
f 1515/1893/783 1470/1840/687 1487/1894/765
f 1462/1832/751 1516/1895/784 1461/1831/750
f 1461/1831/750 1516/1895/784 1484/1896/701
f 1464/1834/753 1485/1859/702 1462/1832/751
f 1462/1832/751 1485/1859/702 1516/1895/784
f 1484/1896/701 1516/1895/784 1490/1897/767
f 1490/1897/767 1516/1895/784 1517/1898/740
f 1516/1895/784 1485/1859/702 1517/1898/740
f 1517/1898/740 1485/1859/702 1491/1865/708
f 1515/1893/783 1518/1899/785 1486/1860/764
f 1486/1860/764 1518/1899/785 1492/1866/709
f 1487/1894/765 1493/1900/710 1515/1893/783
f 1515/1893/783 1493/1900/710 1518/1899/785
f 1519/1901/623 1520/1902/786 1504/1880/768
f 1504/1880/768 1520/1902/786 1503/1879/720
f 1496/1903/713 1502/1904/719 1519/1901/623
f 1519/1901/623 1502/1904/719 1520/1902/786
f 1519/1901/623 1514/1891/782 1496/1903/713
f 1496/1903/713 1514/1891/782 1498/1892/715
f 1504/1880/768 1505/1881/769 1519/1901/623
f 1519/1901/623 1505/1881/769 1514/1891/782
f 1469/1839/686 1465/1835/754 1471/1841/688
f 1471/1841/688 1465/1835/754 1472/1842/758
f 1465/1835/754 1467/1837/756 1472/1842/758
f 1472/1842/758 1467/1837/756 1475/1845/760
f 1474/1844/759 1521/1905/787 1473/1843/690
f 1473/1843/690 1521/1905/787 1511/1906/775
f 1476/1846/761 1510/1886/774 1474/1844/759
f 1474/1844/759 1510/1886/774 1521/1905/787
f 1503/1879/720 1520/1902/786 1509/1885/773
f 1509/1885/773 1520/1902/786 1522/1907/788
f 1520/1902/786 1502/1904/719 1522/1907/788
f 1522/1907/788 1502/1904/719 1508/1908/772
f 1522/1907/788 1453/1818/789 1509/1885/773
f 1509/1885/773 1453/1818/789 1427/1785/779
f 1508/1908/772 1426/1817/778 1522/1907/788
f 1522/1907/788 1426/1817/778 1453/1818/789
f 1511/1906/775 1521/1905/787 1429/1820/710
f 1429/1820/710 1521/1905/787 1454/1819/790
f 1521/1905/787 1510/1886/774 1454/1819/790
f 1454/1819/790 1510/1886/774 1428/1786/780
f 1523/1909/676 1524/1910/791 1525/1911/792
f 1525/1911/792 1524/1910/791 1526/1912/793
f 1524/1910/791 1527/1913/794 1526/1912/793
f 1526/1912/793 1527/1913/794 1528/1914/795
f 1529/1915/796 1530/1916/797 1531/1917/798
f 1531/1917/798 1530/1916/797 1532/1918/757
f 1533/1919/686 1534/1920/687 1529/1915/796
f 1529/1915/796 1534/1920/687 1530/1916/797
f 1535/1921/688 1536/1922/799 1537/1923/690
f 1537/1923/690 1536/1922/799 1538/1924/800
f 1536/1922/799 1539/1925/801 1538/1924/800
f 1538/1924/800 1539/1925/801 1540/1926/802
f 1541/1927/694 1542/1928/695 1523/1929/676
f 1523/1929/676 1542/1928/695 1543/1930/696
f 1544/1931/803 1545/1932/698 1533/1933/686
f 1533/1933/686 1545/1932/698 1534/1934/687
f 1546/1935/804 1541/1927/694 1525/1936/792
f 1525/1936/792 1541/1927/694 1523/1929/676
f 1546/1935/804 1525/1936/792 1547/1937/700
f 1547/1937/700 1525/1936/792 1548/1938/701
f 1528/1914/795 1532/1918/757 1549/1939/805
f 1549/1939/805 1532/1918/757 1550/1940/806
f 1534/1934/687 1545/1932/698 1551/1941/704
f 1551/1941/704 1545/1932/698 1552/1942/705
f 1547/1937/700 1548/1938/701 1553/1943/706
f 1553/1943/706 1548/1938/701 1554/1944/707
f 1549/1939/805 1550/1940/806 1555/1945/708
f 1555/1945/708 1550/1940/806 1556/1946/807
f 1551/1941/704 1552/1942/705 1557/1947/710
f 1557/1947/710 1552/1942/705 1558/1948/808
f 1559/1949/712 1560/1950/713 1561/1951/714
f 1561/1951/714 1560/1950/713 1562/1952/809
f 1561/1951/714 1562/1952/809 1542/1928/695
f 1542/1928/695 1562/1952/809 1543/1930/696
f 1544/1931/803 1533/1933/686 1563/1953/716
f 1563/1953/716 1533/1933/686 1535/1954/688
f 1563/1953/716 1535/1954/688 1564/1955/717
f 1564/1955/717 1535/1954/688 1537/1956/690
f 1565/1957/810 1566/1958/811 1559/1949/712
f 1559/1949/712 1566/1958/811 1560/1950/713
f 1540/1926/802 1539/1925/801 1567/1959/812
f 1567/1959/812 1539/1925/801 1568/1960/813
f 1568/1960/813 1539/1925/801 1569/1961/814
f 1539/1925/801 1531/1917/798 1569/1961/814
f 1531/1917/798 1532/1918/757 1569/1961/814
f 1569/1961/814 1532/1918/757 1570/1962/815
f 1570/1962/815 1532/1918/757 1527/1913/794
f 1532/1918/757 1528/1914/795 1527/1913/794
f 1565/1957/810 1571/1963/816 1566/1958/811
f 1566/1958/811 1571/1963/816 1572/1964/772
f 1567/1959/812 1573/1965/773 1540/1926/802
f 1540/1926/802 1573/1965/773 1574/1966/774
f 1537/1956/690 1575/1967/775 1564/1955/717
f 1564/1955/717 1575/1967/775 1576/1968/817
f 1571/1963/816 1489/1863/818 1572/1964/772
f 1572/1964/772 1489/1863/818 1490/1864/819
f 1573/1965/773 1491/1865/779 1574/1966/774
f 1574/1966/774 1491/1865/779 1492/1866/780
f 1575/1967/775 1493/1867/710 1576/1968/817
f 1576/1968/817 1493/1867/710 1494/1868/711
f 1527/1913/794 1524/1910/791 1570/1962/815
f 1570/1962/815 1524/1910/791 1577/1969/820
f 1524/1910/791 1523/1909/676 1577/1969/820
f 1577/1969/820 1523/1909/676 1543/1970/696
f 1570/1962/815 1577/1969/820 1569/1961/814
f 1569/1961/814 1577/1969/820 1578/1971/737
f 1577/1969/820 1543/1970/696 1578/1971/737
f 1578/1971/737 1543/1970/696 1562/1972/809
f 1532/1918/757 1530/1916/797 1550/1940/806
f 1550/1940/806 1530/1916/797 1579/1973/821
f 1530/1916/797 1534/1920/687 1579/1973/821
f 1579/1973/821 1534/1920/687 1551/1974/704
f 1526/1912/793 1580/1975/822 1525/1911/792
f 1525/1911/792 1580/1975/822 1548/1976/701
f 1528/1914/795 1549/1939/805 1526/1912/793
f 1526/1912/793 1549/1939/805 1580/1975/822
f 1548/1976/701 1580/1975/822 1554/1977/707
f 1554/1977/707 1580/1975/822 1581/1978/740
f 1580/1975/822 1549/1939/805 1581/1978/740
f 1581/1978/740 1549/1939/805 1555/1945/708
f 1579/1973/821 1582/1979/823 1550/1940/806
f 1550/1940/806 1582/1979/823 1556/1946/807
f 1551/1974/704 1557/1980/710 1579/1973/821
f 1579/1973/821 1557/1980/710 1582/1979/823
f 1583/1981/824 1584/1982/825 1568/1960/813
f 1568/1960/813 1584/1982/825 1567/1959/812
f 1560/1983/713 1566/1984/811 1583/1981/824
f 1583/1981/824 1566/1984/811 1584/1982/825
f 1583/1981/824 1578/1971/737 1560/1983/713
f 1560/1983/713 1578/1971/737 1562/1972/809
f 1568/1960/813 1569/1961/814 1583/1981/824
f 1583/1981/824 1569/1961/814 1578/1971/737
f 1533/1919/686 1529/1915/796 1535/1921/688
f 1535/1921/688 1529/1915/796 1536/1922/799
f 1529/1915/796 1531/1917/798 1536/1922/799
f 1536/1922/799 1531/1917/798 1539/1925/801
f 1538/1924/800 1585/1985/826 1537/1923/690
f 1537/1923/690 1585/1985/826 1575/1986/775
f 1540/1926/802 1574/1966/774 1538/1924/800
f 1538/1924/800 1574/1966/774 1585/1985/826
f 1567/1959/812 1584/1982/825 1573/1965/773
f 1573/1965/773 1584/1982/825 1586/1987/827
f 1584/1982/825 1566/1984/811 1586/1987/827
f 1586/1987/827 1566/1984/811 1572/1988/772
f 1586/1987/827 1517/1898/789 1573/1965/773
f 1573/1965/773 1517/1898/789 1491/1865/779
f 1572/1988/772 1490/1897/819 1586/1987/827
f 1586/1987/827 1490/1897/819 1517/1898/789
f 1575/1986/775 1585/1985/826 1493/1900/710
f 1493/1900/710 1585/1985/826 1518/1899/828
f 1585/1985/826 1574/1966/774 1518/1899/828
f 1518/1899/828 1574/1966/774 1492/1866/780
f 1587/1989/829 1588/1990/830 1589/1991/831
f 1589/1991/831 1588/1990/830 1590/1992/832
f 1588/1990/830 1591/1993/680 1590/1992/832
f 1590/1992/832 1591/1993/680 1592/1994/833
f 1593/1995/834 1594/1996/835 1595/1997/684
f 1595/1997/684 1594/1996/835 1596/1998/836
f 1597/1999/837 1598/2000/687 1593/1995/834
f 1593/1995/834 1598/2000/687 1594/1996/835
f 1599/2001/688 1600/2002/838 1601/2003/690
f 1601/2003/690 1600/2002/838 1602/2004/839
f 1600/2002/838 1603/2005/840 1602/2004/839
f 1602/2004/839 1603/2005/840 1604/2006/841
f 1605/2007/842 1606/2008/843 1587/2009/829
f 1587/2009/829 1606/2008/843 1607/2010/844
f 1608/2011/845 1609/2012/698 1597/2013/837
f 1597/2013/837 1609/2012/698 1598/2014/687
f 1610/2015/846 1605/2007/842 1589/2016/831
f 1589/2016/831 1605/2007/842 1587/2009/829
f 1610/2015/846 1589/2016/831 1611/2017/700
f 1611/2017/700 1589/2016/831 1612/2018/701
f 1592/1994/833 1596/1998/836 1613/2019/847
f 1613/2019/847 1596/1998/836 1614/2020/848
f 1598/2014/687 1609/2012/698 1615/2021/704
f 1615/2021/704 1609/2012/698 1616/2022/705
f 1611/2017/700 1612/2018/701 1617/2023/766
f 1617/2023/766 1612/2018/701 1618/2024/767
f 1613/2019/847 1614/2020/848 1619/2025/708
f 1619/2025/708 1614/2020/848 1620/2026/849
f 1615/2021/704 1616/2022/705 1621/2027/850
f 1621/2027/850 1616/2022/705 1622/2028/711
f 1623/2029/712 1624/2030/713 1625/2031/714
f 1625/2031/714 1624/2030/713 1626/2032/851
f 1625/2031/714 1626/2032/851 1606/2008/843
f 1606/2008/843 1626/2032/851 1607/2010/844
f 1608/2011/845 1597/2013/837 1627/2033/716
f 1627/2033/716 1597/2013/837 1599/2034/688
f 1627/2033/716 1599/2034/688 1628/2035/717
f 1628/2035/717 1599/2034/688 1601/2036/690
f 1629/2037/718 1630/2038/719 1623/2029/712
f 1623/2029/712 1630/2038/719 1624/2030/713
f 1604/2006/841 1603/2005/840 1631/2039/852
f 1631/2039/852 1603/2005/840 1632/2040/853
f 1632/2040/853 1603/2005/840 1633/2041/722
f 1603/2005/840 1595/1997/684 1633/2041/722
f 1595/1997/684 1596/1998/836 1633/2041/722
f 1633/2041/722 1596/1998/836 1634/2042/854
f 1634/2042/854 1596/1998/836 1591/1993/680
f 1596/1998/836 1592/1994/833 1591/1993/680
f 1629/2037/718 1635/2043/855 1630/2038/719
f 1630/2038/719 1635/2043/855 1636/2044/772
f 1631/2039/852 1637/2045/773 1604/2006/841
f 1604/2006/841 1637/2045/773 1638/2046/856
f 1601/2036/690 1639/2047/775 1628/2035/717
f 1628/2035/717 1639/2047/775 1640/2048/857
f 1635/2043/855 1553/1943/818 1636/2044/772
f 1636/2044/772 1553/1943/818 1554/1944/819
f 1637/2045/773 1555/1945/779 1638/2046/856
f 1638/2046/856 1555/1945/779 1556/1946/780
f 1639/2047/775 1557/1947/710 1640/2048/857
f 1640/2048/857 1557/1947/710 1558/1948/711
f 1591/1993/680 1588/1990/830 1634/2042/854
f 1634/2042/854 1588/1990/830 1641/2049/858
f 1588/1990/830 1587/1989/829 1641/2049/858
f 1641/2049/858 1587/1989/829 1607/2050/844
f 1634/2042/854 1641/2049/858 1633/2041/722
f 1633/2041/722 1641/2049/858 1642/2051/859
f 1641/2049/858 1607/2050/844 1642/2051/859
f 1642/2051/859 1607/2050/844 1626/2052/851
f 1596/1998/836 1594/1996/835 1614/2020/848
f 1614/2020/848 1594/1996/835 1643/2053/860
f 1594/1996/835 1598/2000/687 1643/2053/860
f 1643/2053/860 1598/2000/687 1615/2054/704
f 1590/1992/832 1644/2055/861 1589/1991/831
f 1589/1991/831 1644/2055/861 1612/2056/701
f 1592/1994/833 1613/2019/847 1590/1992/832
f 1590/1992/832 1613/2019/847 1644/2055/861
f 1612/2056/701 1644/2055/861 1618/2057/767
f 1618/2057/767 1644/2055/861 1645/2058/862
f 1644/2055/861 1613/2019/847 1645/2058/862
f 1645/2058/862 1613/2019/847 1619/2025/708
f 1643/2053/860 1646/2059/828 1614/2020/848
f 1614/2020/848 1646/2059/828 1620/2026/849
f 1615/2054/704 1621/2060/850 1643/2053/860
f 1643/2053/860 1621/2060/850 1646/2059/828
f 1647/2061/863 1648/2062/864 1632/2040/853
f 1632/2040/853 1648/2062/864 1631/2039/852
f 1624/2063/713 1630/2064/719 1647/2061/863
f 1647/2061/863 1630/2064/719 1648/2062/864
f 1647/2061/863 1642/2051/859 1624/2063/713
f 1624/2063/713 1642/2051/859 1626/2052/851
f 1632/2040/853 1633/2041/722 1647/2061/863
f 1647/2061/863 1633/2041/722 1642/2051/859
f 1597/1999/837 1593/1995/834 1599/2001/688
f 1599/2001/688 1593/1995/834 1600/2002/838
f 1593/1995/834 1595/1997/684 1600/2002/838
f 1600/2002/838 1595/1997/684 1603/2005/840
f 1602/2004/839 1649/2065/865 1601/2003/690
f 1601/2003/690 1649/2065/865 1639/2066/775
f 1604/2006/841 1638/2046/856 1602/2004/839
f 1602/2004/839 1638/2046/856 1649/2065/865
f 1631/2039/852 1648/2062/864 1637/2045/773
f 1637/2045/773 1648/2062/864 1650/2067/866
f 1648/2062/864 1630/2064/719 1650/2067/866
f 1650/2067/866 1630/2064/719 1636/2068/772
f 1650/2067/866 1581/1978/789 1637/2045/773
f 1637/2045/773 1581/1978/789 1555/1945/779
f 1636/2068/772 1554/1977/819 1650/2067/866
f 1650/2067/866 1554/1977/819 1581/1978/789
f 1639/2066/775 1649/2065/865 1557/1980/710
f 1557/1980/710 1649/2065/865 1582/1979/867
f 1649/2065/865 1638/2046/856 1582/1979/867
f 1582/1979/867 1638/2046/856 1556/1946/780
f 1651/2069/676 1652/2070/868 1653/2071/869
f 1653/2071/869 1652/2070/868 1654/2072/870
f 1652/2070/868 1655/2073/871 1654/2072/870
f 1654/2072/870 1655/2073/871 1656/2074/681
f 1657/2075/872 1658/2076/873 1659/2077/874
f 1659/2077/874 1658/2076/873 1660/2078/875
f 1661/2079/686 1662/2080/687 1657/2075/872
f 1657/2075/872 1662/2080/687 1658/2076/873
f 1663/2081/688 1664/2082/838 1665/2083/690
f 1665/2083/690 1664/2082/838 1666/2084/876
f 1664/2082/838 1667/2085/840 1666/2084/876
f 1666/2084/876 1667/2085/840 1668/2086/693
f 1669/2087/694 1670/2088/695 1651/2089/676
f 1651/2089/676 1670/2088/695 1671/2090/696
f 1672/2091/845 1673/2092/877 1661/2093/686
f 1661/2093/686 1673/2092/877 1662/2094/687
f 1674/2095/878 1669/2087/694 1653/2096/869
f 1653/2096/869 1669/2087/694 1651/2089/676
f 1674/2095/878 1653/2096/869 1675/2097/879
f 1675/2097/879 1653/2096/869 1676/2098/701
f 1656/2074/681 1660/2078/875 1677/2099/805
f 1677/2099/805 1660/2078/875 1678/2100/764
f 1662/2094/687 1673/2092/877 1679/2101/765
f 1679/2101/765 1673/2092/877 1680/2102/880
f 1675/2097/879 1676/2098/701 1681/2103/766
f 1681/2103/766 1676/2098/701 1682/2104/767
f 1677/2099/805 1678/2100/764 1683/2105/708
f 1683/2105/708 1678/2100/764 1684/2106/881
f 1679/2101/765 1680/2102/880 1685/2107/710
f 1685/2107/710 1680/2102/880 1686/2108/808
f 1687/2109/882 1688/2110/883 1689/2111/714
f 1689/2111/714 1688/2110/883 1690/2112/715
f 1689/2111/714 1690/2112/715 1670/2088/695
f 1670/2088/695 1690/2112/715 1671/2090/696
f 1672/2091/845 1661/2093/686 1691/2113/716
f 1691/2113/716 1661/2093/686 1663/2114/688
f 1691/2113/716 1663/2114/688 1692/2115/717
f 1692/2115/717 1663/2114/688 1665/2116/690
f 1693/2117/884 1694/2118/885 1687/2109/882
f 1687/2109/882 1694/2118/885 1688/2110/883
f 1668/2086/693 1667/2085/840 1695/2119/886
f 1695/2119/886 1667/2085/840 1696/2120/887
f 1696/2120/887 1667/2085/840 1697/2121/722
f 1667/2085/840 1659/2077/874 1697/2121/722
f 1659/2077/874 1660/2078/875 1697/2121/722
f 1697/2121/722 1660/2078/875 1698/2122/854
f 1698/2122/854 1660/2078/875 1655/2073/871
f 1660/2078/875 1656/2074/681 1655/2073/871
f 1693/2117/884 1699/2123/888 1694/2118/885
f 1694/2118/885 1699/2123/888 1700/2124/772
f 1695/2119/886 1701/2125/889 1668/2086/693
f 1668/2086/693 1701/2125/889 1702/2126/890
f 1665/2116/690 1703/2127/775 1692/2115/717
f 1692/2115/717 1703/2127/775 1704/2128/891
f 1699/2123/888 1617/2023/818 1700/2124/772
f 1700/2124/772 1617/2023/818 1618/2024/819
f 1701/2125/889 1619/2025/779 1702/2126/890
f 1702/2126/890 1619/2025/779 1620/2026/892
f 1703/2127/775 1621/2027/710 1704/2128/891
f 1704/2128/891 1621/2027/710 1622/2028/808
f 1655/2073/871 1652/2070/868 1698/2122/854
f 1698/2122/854 1652/2070/868 1705/2129/893
f 1652/2070/868 1651/2069/676 1705/2129/893
f 1705/2129/893 1651/2069/676 1671/2130/696
f 1698/2122/854 1705/2129/893 1697/2121/722
f 1697/2121/722 1705/2129/893 1706/2131/894
f 1705/2129/893 1671/2130/696 1706/2131/894
f 1706/2131/894 1671/2130/696 1690/2132/715
f 1660/2078/875 1658/2076/873 1678/2100/764
f 1678/2100/764 1658/2076/873 1707/2133/895
f 1658/2076/873 1662/2080/687 1707/2133/895
f 1707/2133/895 1662/2080/687 1679/2134/765
f 1654/2072/870 1708/2135/896 1653/2071/869
f 1653/2071/869 1708/2135/896 1676/2136/701
f 1656/2074/681 1677/2099/805 1654/2072/870
f 1654/2072/870 1677/2099/805 1708/2135/896
f 1676/2136/701 1708/2135/896 1682/2137/767
f 1682/2137/767 1708/2135/896 1709/2138/862
f 1708/2135/896 1677/2099/805 1709/2138/862
f 1709/2138/862 1677/2099/805 1683/2105/708
f 1707/2133/895 1710/2139/897 1678/2100/764
f 1678/2100/764 1710/2139/897 1684/2106/881
f 1679/2134/765 1685/2140/710 1707/2133/895
f 1707/2133/895 1685/2140/710 1710/2139/897
f 1711/2141/898 1712/2142/899 1696/2120/887
f 1696/2120/887 1712/2142/899 1695/2119/886
f 1688/2143/883 1694/2144/885 1711/2141/898
f 1711/2141/898 1694/2144/885 1712/2142/899
f 1711/2141/898 1706/2131/894 1688/2143/883
f 1688/2143/883 1706/2131/894 1690/2132/715
f 1696/2120/887 1697/2121/722 1711/2141/898
f 1711/2141/898 1697/2121/722 1706/2131/894
f 1661/2079/686 1657/2075/872 1663/2081/688
f 1663/2081/688 1657/2075/872 1664/2082/838
f 1657/2075/872 1659/2077/874 1664/2082/838
f 1664/2082/838 1659/2077/874 1667/2085/840
f 1666/2084/876 1713/2145/900 1665/2083/690
f 1665/2083/690 1713/2145/900 1703/2146/775
f 1668/2086/693 1702/2126/890 1666/2084/876
f 1666/2084/876 1702/2126/890 1713/2145/900
f 1695/2119/886 1712/2142/899 1701/2125/889
f 1701/2125/889 1712/2142/899 1714/2147/901
f 1712/2142/899 1694/2144/885 1714/2147/901
f 1714/2147/901 1694/2144/885 1700/2148/772
f 1714/2147/901 1645/2058/789 1701/2125/889
f 1701/2125/889 1645/2058/789 1619/2025/779
f 1700/2148/772 1618/2057/819 1714/2147/901
f 1714/2147/901 1618/2057/819 1645/2058/789
f 1703/2146/775 1713/2145/900 1621/2060/710
f 1621/2060/710 1713/2145/900 1646/2059/790
f 1713/2145/900 1702/2126/890 1646/2059/790
f 1646/2059/790 1702/2126/890 1620/2026/892
f 1715/2149/902 1716/2150/903 1717/2151/904
f 1717/2151/904 1716/2150/903 1718/2152/905
f 1716/2150/903 1719/2153/871 1718/2152/905
f 1718/2152/905 1719/2153/871 1720/2154/681
f 1721/2155/872 1722/2156/906 1723/2157/874
f 1723/2157/874 1722/2156/906 1724/2158/907
f 1725/2159/686 1726/2160/687 1721/2155/872
f 1721/2155/872 1726/2160/687 1722/2156/906
f 1727/2161/688 1728/2162/838 1729/2163/690
f 1729/2163/690 1728/2162/838 1730/2164/908
f 1728/2162/838 1731/2165/840 1730/2164/908
f 1730/2164/908 1731/2165/840 1732/2166/693
f 1733/2167/909 1734/2168/910 1715/2169/902
f 1715/2169/902 1734/2168/910 1735/2170/911
f 1736/2171/845 1737/2172/912 1725/2173/686
f 1725/2173/686 1737/2172/912 1726/2174/687
f 1738/2175/699 1733/2167/909 1717/2176/904
f 1717/2176/904 1733/2167/909 1715/2169/902
f 1738/2175/699 1717/2176/904 1739/2177/700
f 1739/2177/700 1717/2176/904 1740/2178/913
f 1720/2154/681 1724/2158/907 1741/2179/805
f 1741/2179/805 1724/2158/907 1742/2180/764
f 1726/2174/687 1737/2172/912 1743/2181/704
f 1743/2181/704 1737/2172/912 1744/2182/705
f 1739/2177/700 1740/2178/913 1745/2183/914
f 1745/2183/914 1740/2178/913 1746/2184/915
f 1741/2179/805 1742/2180/764 1747/2185/916
f 1747/2185/916 1742/2180/764 1748/2186/881
f 1743/2181/704 1744/2182/705 1749/2187/710
f 1749/2187/710 1744/2182/705 1750/2188/808
f 1751/2189/882 1752/2190/917 1753/2191/918
f 1753/2191/918 1752/2190/917 1754/2192/715
f 1753/2191/918 1754/2192/715 1734/2168/910
f 1734/2168/910 1754/2192/715 1735/2170/911
f 1736/2171/845 1725/2173/686 1755/2193/716
f 1755/2193/716 1725/2173/686 1727/2194/688
f 1755/2193/716 1727/2194/688 1756/2195/717
f 1756/2195/717 1727/2194/688 1729/2196/690
f 1757/2197/919 1758/2198/885 1751/2189/882
f 1751/2189/882 1758/2198/885 1752/2190/917
f 1732/2166/693 1731/2165/840 1759/2199/886
f 1759/2199/886 1731/2165/840 1760/2200/887
f 1760/2200/887 1731/2165/840 1761/2201/722
f 1731/2165/840 1723/2157/874 1761/2201/722
f 1723/2157/874 1724/2158/907 1761/2201/722
f 1761/2201/722 1724/2158/907 1762/2202/854
f 1762/2202/854 1724/2158/907 1719/2153/871
f 1724/2158/907 1720/2154/681 1719/2153/871
f 1757/2197/919 1763/2203/771 1758/2198/885
f 1758/2198/885 1763/2203/771 1764/2204/772
f 1759/2199/886 1765/2205/920 1732/2166/693
f 1732/2166/693 1765/2205/920 1766/2206/890
f 1729/2196/690 1767/2207/775 1756/2195/717
f 1756/2195/717 1767/2207/775 1768/2208/817
f 1763/2203/771 1681/2103/777 1764/2204/772
f 1764/2204/772 1681/2103/777 1682/2104/778
f 1765/2205/920 1683/2105/779 1766/2206/890
f 1766/2206/890 1683/2105/779 1684/2106/892
f 1767/2207/775 1685/2107/850 1768/2208/817
f 1768/2208/817 1685/2107/850 1686/2108/711
f 1719/2153/871 1716/2150/903 1762/2202/854
f 1762/2202/854 1716/2150/903 1769/2209/921
f 1716/2150/903 1715/2149/902 1769/2209/921
f 1769/2209/921 1715/2149/902 1735/2210/911
f 1762/2202/854 1769/2209/921 1761/2201/722
f 1761/2201/722 1769/2209/921 1770/2211/894
f 1769/2209/921 1735/2210/911 1770/2211/894
f 1770/2211/894 1735/2210/911 1754/2212/715
f 1724/2158/907 1722/2156/906 1742/2180/764
f 1742/2180/764 1722/2156/906 1771/2213/922
f 1722/2156/906 1726/2160/687 1771/2213/922
f 1771/2213/922 1726/2160/687 1743/2214/704
f 1718/2152/905 1772/2215/822 1717/2151/904
f 1717/2151/904 1772/2215/822 1740/2216/913
f 1720/2154/681 1741/2179/805 1718/2152/905
f 1718/2152/905 1741/2179/805 1772/2215/822
f 1740/2216/913 1772/2215/822 1746/2217/915
f 1746/2217/915 1772/2215/822 1773/2218/740
f 1772/2215/822 1741/2179/805 1773/2218/740
f 1773/2218/740 1741/2179/805 1747/2185/916
f 1771/2213/922 1774/2219/923 1742/2180/764
f 1742/2180/764 1774/2219/923 1748/2186/881
f 1743/2214/704 1749/2220/710 1771/2213/922
f 1771/2213/922 1749/2220/710 1774/2219/923
f 1775/2221/924 1776/2222/925 1760/2200/887
f 1760/2200/887 1776/2222/925 1759/2199/886
f 1752/2223/917 1758/2224/885 1775/2221/924
f 1775/2221/924 1758/2224/885 1776/2222/925
f 1775/2221/924 1770/2211/894 1752/2223/917
f 1752/2223/917 1770/2211/894 1754/2212/715
f 1760/2200/887 1761/2201/722 1775/2221/924
f 1775/2221/924 1761/2201/722 1770/2211/894
f 1725/2159/686 1721/2155/872 1727/2161/688
f 1727/2161/688 1721/2155/872 1728/2162/838
f 1721/2155/872 1723/2157/874 1728/2162/838
f 1728/2162/838 1723/2157/874 1731/2165/840
f 1730/2164/908 1777/2225/900 1729/2163/690
f 1729/2163/690 1777/2225/900 1767/2226/775
f 1732/2166/693 1766/2206/890 1730/2164/908
f 1730/2164/908 1766/2206/890 1777/2225/900
f 1759/2199/886 1776/2222/925 1765/2205/920
f 1765/2205/920 1776/2222/925 1778/2227/788
f 1776/2222/925 1758/2224/885 1778/2227/788
f 1778/2227/788 1758/2224/885 1764/2228/772
f 1778/2227/788 1709/2138/926 1765/2205/920
f 1765/2205/920 1709/2138/926 1683/2105/779
f 1764/2228/772 1682/2137/778 1778/2227/788
f 1778/2227/788 1682/2137/778 1709/2138/926
f 1767/2226/775 1777/2225/900 1685/2140/850
f 1685/2140/850 1777/2225/900 1710/2139/828
f 1777/2225/900 1766/2206/890 1710/2139/828
f 1710/2139/828 1766/2206/890 1684/2106/892
f 1779/2229/927 1780/2230/928 1781/2231/929
f 1781/2231/929 1780/2230/928 1782/2232/930
f 1780/2230/928 1783/2233/794 1782/2232/930
f 1782/2232/930 1783/2233/794 1784/2234/795
f 1785/2235/931 1786/2236/835 1787/2237/798
f 1787/2237/798 1786/2236/835 1788/2238/932
f 1789/2239/686 1790/2240/687 1785/2235/931
f 1785/2235/931 1790/2240/687 1786/2236/835
f 1791/2241/688 1792/2242/933 1793/2243/690
f 1793/2243/690 1792/2242/933 1794/2244/934
f 1792/2242/933 1795/2245/935 1794/2244/934
f 1794/2244/934 1795/2245/935 1796/2246/761
f 1797/2247/936 1798/2248/695 1779/2249/927
f 1779/2249/927 1798/2248/695 1799/2250/696
f 1800/2251/845 1801/2252/698 1789/2253/686
f 1789/2253/686 1801/2252/698 1790/2254/687
f 1802/2255/937 1797/2247/936 1781/2256/929
f 1781/2256/929 1797/2247/936 1779/2249/927
f 1802/2255/937 1781/2256/929 1803/2257/700
f 1803/2257/700 1781/2256/929 1804/2258/701
f 1784/2234/795 1788/2238/932 1805/2259/938
f 1805/2259/938 1788/2238/932 1806/2260/939
f 1790/2254/687 1801/2252/698 1807/2261/704
f 1807/2261/704 1801/2252/698 1808/2262/705
f 1803/2257/700 1804/2258/701 1809/2263/706
f 1809/2263/706 1804/2258/701 1810/2264/707
f 1805/2259/938 1806/2260/939 1811/2265/940
f 1811/2265/940 1806/2260/939 1812/2266/941
f 1807/2261/704 1808/2262/705 1813/2267/710
f 1813/2267/710 1808/2262/705 1814/2268/808
f 1815/2269/942 1816/2270/943 1817/2271/714
f 1817/2271/714 1816/2270/943 1818/2272/715
f 1817/2271/714 1818/2272/715 1798/2248/695
f 1798/2248/695 1818/2272/715 1799/2250/696
f 1800/2251/845 1789/2253/686 1819/2273/944
f 1819/2273/944 1789/2253/686 1791/2274/688
f 1819/2273/944 1791/2274/688 1820/2275/717
f 1820/2275/717 1791/2274/688 1793/2276/690
f 1821/2277/945 1822/2278/946 1815/2269/942
f 1815/2269/942 1822/2278/946 1816/2270/943
f 1796/2246/761 1795/2245/935 1823/2279/947
f 1823/2279/947 1795/2245/935 1824/2280/768
f 1824/2280/768 1795/2245/935 1825/2281/948
f 1795/2245/935 1787/2237/798 1825/2281/948
f 1787/2237/798 1788/2238/932 1825/2281/948
f 1825/2281/948 1788/2238/932 1826/2282/949
f 1826/2282/949 1788/2238/932 1783/2233/794
f 1788/2238/932 1784/2234/795 1783/2233/794
f 1821/2277/945 1827/2283/816 1822/2278/946
f 1822/2278/946 1827/2283/816 1828/2284/772
f 1823/2279/947 1829/2285/950 1796/2246/761
f 1796/2246/761 1829/2285/950 1830/2286/856
f 1793/2276/690 1831/2287/775 1820/2275/717
f 1820/2275/717 1831/2287/775 1832/2288/857
f 1827/2283/816 1745/2183/951 1828/2284/772
f 1828/2284/772 1745/2183/951 1746/2184/952
f 1829/2285/950 1747/2185/953 1830/2286/856
f 1830/2286/856 1747/2185/953 1748/2186/954
f 1831/2287/775 1749/2187/850 1832/2288/857
f 1832/2288/857 1749/2187/850 1750/2188/711
f 1783/2233/794 1780/2230/928 1826/2282/949
f 1826/2282/949 1780/2230/928 1833/2289/955
f 1780/2230/928 1779/2229/927 1833/2289/955
f 1833/2289/955 1779/2229/927 1799/2290/696
f 1826/2282/949 1833/2289/955 1825/2281/948
f 1825/2281/948 1833/2289/955 1834/2291/956
f 1833/2289/955 1799/2290/696 1834/2291/956
f 1834/2291/956 1799/2290/696 1818/2292/715
f 1788/2238/932 1786/2236/835 1806/2260/939
f 1806/2260/939 1786/2236/835 1835/2293/895
f 1786/2236/835 1790/2240/687 1835/2293/895
f 1835/2293/895 1790/2240/687 1807/2294/704
f 1782/2232/930 1836/2295/957 1781/2231/929
f 1781/2231/929 1836/2295/957 1804/2296/701
f 1784/2234/795 1805/2259/938 1782/2232/930
f 1782/2232/930 1805/2259/938 1836/2295/957
f 1804/2296/701 1836/2295/957 1810/2297/707
f 1810/2297/707 1836/2295/957 1837/2298/958
f 1836/2295/957 1805/2259/938 1837/2298/958
f 1837/2298/958 1805/2259/938 1811/2265/940
f 1835/2293/895 1838/2299/959 1806/2260/939
f 1806/2260/939 1838/2299/959 1812/2266/941
f 1807/2294/704 1813/2300/710 1835/2293/895
f 1835/2293/895 1813/2300/710 1838/2299/959
f 1839/2301/960 1840/2302/925 1824/2280/768
f 1824/2280/768 1840/2302/925 1823/2279/947
f 1816/2303/943 1822/2304/946 1839/2301/960
f 1839/2301/960 1822/2304/946 1840/2302/925
f 1839/2301/960 1834/2291/956 1816/2303/943
f 1816/2303/943 1834/2291/956 1818/2292/715
f 1824/2280/768 1825/2281/948 1839/2301/960
f 1839/2301/960 1825/2281/948 1834/2291/956
f 1789/2239/686 1785/2235/931 1791/2241/688
f 1791/2241/688 1785/2235/931 1792/2242/933
f 1785/2235/931 1787/2237/798 1792/2242/933
f 1792/2242/933 1787/2237/798 1795/2245/935
f 1794/2244/934 1841/2305/961 1793/2243/690
f 1793/2243/690 1841/2305/961 1831/2306/775
f 1796/2246/761 1830/2286/856 1794/2244/934
f 1794/2244/934 1830/2286/856 1841/2305/961
f 1823/2279/947 1840/2302/925 1829/2285/950
f 1829/2285/950 1840/2302/925 1842/2307/827
f 1840/2302/925 1822/2304/946 1842/2307/827
f 1842/2307/827 1822/2304/946 1828/2308/772
f 1842/2307/827 1773/2218/789 1829/2285/950
f 1829/2285/950 1773/2218/789 1747/2185/953
f 1828/2308/772 1746/2217/952 1842/2307/827
f 1842/2307/827 1746/2217/952 1773/2218/789
f 1831/2306/775 1841/2305/961 1749/2220/850
f 1749/2220/850 1841/2305/961 1774/2219/823
f 1841/2305/961 1830/2286/856 1774/2219/823
f 1774/2219/823 1830/2286/856 1748/2186/954
f 1843/2309/902 1844/2310/962 1845/2311/963
f 1845/2311/963 1844/2310/962 1846/2312/964
f 1844/2310/962 1847/2313/965 1846/2312/964
f 1846/2312/964 1847/2313/965 1848/2314/833
f 1849/2315/834 1850/2316/966 1851/2317/684
f 1851/2317/684 1850/2316/966 1852/2318/836
f 1853/2319/686 1854/2320/687 1849/2315/834
f 1849/2315/834 1854/2320/687 1850/2316/966
f 1855/2321/688 1856/2322/967 1857/2323/690
f 1857/2323/690 1856/2322/967 1858/2324/876
f 1856/2322/967 1859/2325/840 1858/2324/876
f 1858/2324/876 1859/2325/840 1860/2326/968
f 1861/2327/909 1862/2328/695 1843/2329/902
f 1843/2329/902 1862/2328/695 1863/2330/696
f 1864/2331/845 1865/2332/698 1853/2333/686
f 1853/2333/686 1865/2332/698 1854/2334/687
f 1866/2335/969 1861/2327/909 1845/2336/963
f 1845/2336/963 1861/2327/909 1843/2329/902
f 1866/2335/969 1845/2336/963 1867/2337/970
f 1867/2337/970 1845/2336/963 1868/2338/971
f 1848/2314/833 1852/2318/836 1869/2339/702
f 1869/2339/702 1852/2318/836 1870/2340/764
f 1854/2334/687 1865/2332/698 1871/2341/765
f 1871/2341/765 1865/2332/698 1872/2342/705
f 1867/2337/970 1868/2338/971 1873/2343/766
f 1873/2343/766 1868/2338/971 1874/2344/767
f 1869/2339/702 1870/2340/764 1875/2345/916
f 1875/2345/916 1870/2340/764 1876/2346/972
f 1871/2341/765 1872/2342/705 1877/2347/973
f 1877/2347/973 1872/2342/705 1878/2348/808
f 1879/2349/974 1880/2350/943 1881/2351/714
f 1881/2351/714 1880/2350/943 1882/2352/975
f 1881/2351/714 1882/2352/975 1862/2328/695
f 1862/2328/695 1882/2352/975 1863/2330/696
f 1864/2331/845 1853/2333/686 1883/2353/716
f 1883/2353/716 1853/2333/686 1855/2354/688
f 1883/2353/716 1855/2354/688 1884/2355/717
f 1884/2355/717 1855/2354/688 1857/2356/690
f 1885/2357/976 1886/2358/977 1879/2349/974
f 1879/2349/974 1886/2358/977 1880/2350/943
f 1860/2326/968 1859/2325/840 1887/2359/852
f 1887/2359/852 1859/2325/840 1888/2360/853
f 1888/2360/853 1859/2325/840 1889/2361/978
f 1859/2325/840 1851/2317/684 1889/2361/978
f 1851/2317/684 1852/2318/836 1889/2361/978
f 1889/2361/978 1852/2318/836 1890/2362/854
f 1890/2362/854 1852/2318/836 1847/2313/965
f 1852/2318/836 1848/2314/833 1847/2313/965
f 1885/2357/976 1891/2363/771 1886/2358/977
f 1886/2358/977 1891/2363/771 1892/2364/772
f 1887/2359/852 1893/2365/773 1860/2326/968
f 1860/2326/968 1893/2365/773 1894/2366/979
f 1857/2356/690 1895/2367/775 1884/2355/717
f 1884/2355/717 1895/2367/775 1896/2368/891
f 1891/2363/771 1809/2263/777 1892/2364/772
f 1892/2364/772 1809/2263/777 1810/2264/778
f 1893/2365/773 1811/2265/980 1894/2366/979
f 1894/2366/979 1811/2265/980 1812/2266/981
f 1895/2367/775 1813/2267/710 1896/2368/891
f 1896/2368/891 1813/2267/710 1814/2268/808
f 1847/2313/965 1844/2310/962 1890/2362/854
f 1890/2362/854 1844/2310/962 1897/2369/982
f 1844/2310/962 1843/2309/902 1897/2369/982
f 1897/2369/982 1843/2309/902 1863/2370/696
f 1890/2362/854 1897/2369/982 1889/2361/978
f 1889/2361/978 1897/2369/982 1898/2371/983
f 1897/2369/982 1863/2370/696 1898/2371/983
f 1898/2371/983 1863/2370/696 1882/2372/975
f 1852/2318/836 1850/2316/966 1870/2340/764
f 1870/2340/764 1850/2316/966 1899/2373/860
f 1850/2316/966 1854/2320/687 1899/2373/860
f 1899/2373/860 1854/2320/687 1871/2374/765
f 1846/2312/964 1900/2375/861 1845/2311/963
f 1845/2311/963 1900/2375/861 1868/2376/971
f 1848/2314/833 1869/2339/702 1846/2312/964
f 1846/2312/964 1869/2339/702 1900/2375/861
f 1868/2376/971 1900/2375/861 1874/2377/767
f 1874/2377/767 1900/2375/861 1901/2378/984
f 1900/2375/861 1869/2339/702 1901/2378/984
f 1901/2378/984 1869/2339/702 1875/2345/916
f 1899/2373/860 1902/2379/790 1870/2340/764
f 1870/2340/764 1902/2379/790 1876/2346/972
f 1871/2374/765 1877/2380/973 1899/2373/860
f 1899/2373/860 1877/2380/973 1902/2379/790
f 1903/2381/985 1904/2382/986 1888/2360/853
f 1888/2360/853 1904/2382/986 1887/2359/852
f 1880/2383/943 1886/2384/977 1903/2381/985
f 1903/2381/985 1886/2384/977 1904/2382/986
f 1903/2381/985 1898/2371/983 1880/2383/943
f 1880/2383/943 1898/2371/983 1882/2372/975
f 1888/2360/853 1889/2361/978 1903/2381/985
f 1903/2381/985 1889/2361/978 1898/2371/983
f 1853/2319/686 1849/2315/834 1855/2321/688
f 1855/2321/688 1849/2315/834 1856/2322/967
f 1849/2315/834 1851/2317/684 1856/2322/967
f 1856/2322/967 1851/2317/684 1859/2325/840
f 1858/2324/876 1905/2385/900 1857/2323/690
f 1857/2323/690 1905/2385/900 1895/2386/775
f 1860/2326/968 1894/2366/979 1858/2324/876
f 1858/2324/876 1894/2366/979 1905/2385/900
f 1887/2359/852 1904/2382/986 1893/2365/773
f 1893/2365/773 1904/2382/986 1906/2387/827
f 1904/2382/986 1886/2384/977 1906/2387/827
f 1906/2387/827 1886/2384/977 1892/2388/772
f 1906/2387/827 1837/2298/987 1893/2365/773
f 1893/2365/773 1837/2298/987 1811/2265/980
f 1892/2388/772 1810/2297/778 1906/2387/827
f 1906/2387/827 1810/2297/778 1837/2298/987
f 1895/2386/775 1905/2385/900 1813/2300/710
f 1813/2300/710 1905/2385/900 1838/2299/741
f 1905/2385/900 1894/2366/979 1838/2299/741
f 1838/2299/741 1894/2366/979 1812/2266/981
f 1907/2389/927 1908/2390/988 1909/2391/989
f 1909/2391/989 1908/2390/988 1910/2392/990
f 1908/2390/988 1911/2393/680 1910/2392/990
f 1910/2392/990 1911/2393/680 1912/2394/833
f 1913/2395/872 1914/2396/991 1915/2397/684
f 1915/2397/684 1914/2396/991 1916/2398/992
f 1917/2399/686 1918/2400/687 1913/2395/872
f 1913/2395/872 1918/2400/687 1914/2396/991
f 1919/2401/688 1920/2402/993 1921/2403/690
f 1921/2403/690 1920/2402/993 1922/2404/994
f 1920/2402/993 1923/2405/840 1922/2404/994
f 1922/2404/994 1923/2405/840 1924/2406/693
f 1925/2407/936 1926/2408/695 1907/2409/927
f 1907/2409/927 1926/2408/695 1927/2410/696
f 1928/2411/845 1929/2412/698 1917/2413/686
f 1917/2413/686 1929/2412/698 1918/2414/687
f 1930/2415/995 1925/2407/936 1909/2416/989
f 1909/2416/989 1925/2407/936 1907/2409/927
f 1930/2415/995 1909/2416/989 1931/2417/700
f 1931/2417/700 1909/2416/989 1932/2418/913
f 1912/2394/833 1916/2398/992 1933/2419/996
f 1933/2419/996 1916/2398/992 1934/2420/939
f 1918/2414/687 1929/2412/698 1935/2421/765
f 1935/2421/765 1929/2412/698 1936/2422/880
f 1931/2417/700 1932/2418/913 1937/2423/706
f 1937/2423/706 1932/2418/913 1938/2424/707
f 1933/2419/996 1934/2420/939 1939/2425/708
f 1939/2425/708 1934/2420/939 1940/2426/881
f 1935/2421/765 1936/2422/880 1941/2427/973
f 1941/2427/973 1936/2422/880 1942/2428/808
f 1943/2429/712 1944/2430/713 1945/2431/714
f 1945/2431/714 1944/2430/713 1946/2432/809
f 1945/2431/714 1946/2432/809 1926/2408/695
f 1926/2408/695 1946/2432/809 1927/2410/696
f 1928/2411/845 1917/2413/686 1947/2433/716
f 1947/2433/716 1917/2413/686 1919/2434/688
f 1947/2433/716 1919/2434/688 1948/2435/717
f 1948/2435/717 1919/2434/688 1921/2436/690
f 1949/2437/997 1950/2438/998 1943/2429/712
f 1943/2429/712 1950/2438/998 1944/2430/713
f 1924/2406/693 1923/2405/840 1951/2439/852
f 1951/2439/852 1923/2405/840 1952/2440/721
f 1952/2440/721 1923/2405/840 1953/2441/769
f 1923/2405/840 1915/2397/684 1953/2441/769
f 1915/2397/684 1916/2398/992 1953/2441/769
f 1953/2441/769 1916/2398/992 1954/2442/770
f 1954/2442/770 1916/2398/992 1911/2393/680
f 1916/2398/992 1912/2394/833 1911/2393/680
f 1949/2437/997 1955/2443/816 1950/2438/998
f 1950/2438/998 1955/2443/816 1956/2444/999
f 1951/2439/852 1957/2445/889 1924/2406/693
f 1924/2406/693 1957/2445/889 1958/2446/1000
f 1921/2436/690 1959/2447/1001 1948/2435/717
f 1948/2435/717 1959/2447/1001 1960/2448/776
f 1955/2443/816 1873/2343/951 1956/2444/999
f 1956/2444/999 1873/2343/951 1874/2344/952
f 1957/2445/889 1875/2345/980 1958/2446/1000
f 1958/2446/1000 1875/2345/980 1876/2346/1002
f 1959/2447/1001 1877/2347/850 1960/2448/776
f 1960/2448/776 1877/2347/850 1878/2348/711
f 1911/2393/680 1908/2390/988 1954/2442/770
f 1954/2442/770 1908/2390/988 1961/2449/982
f 1908/2390/988 1907/2389/927 1961/2449/982
f 1961/2449/982 1907/2389/927 1927/2450/696
f 1954/2442/770 1961/2449/982 1953/2441/769
f 1953/2441/769 1961/2449/982 1962/2451/1003
f 1961/2449/982 1927/2450/696 1962/2451/1003
f 1962/2451/1003 1927/2450/696 1946/2452/809
f 1916/2398/992 1914/2396/991 1934/2420/939
f 1934/2420/939 1914/2396/991 1963/2453/895
f 1914/2396/991 1918/2400/687 1963/2453/895
f 1963/2453/895 1918/2400/687 1935/2454/765
f 1910/2392/990 1964/2455/1004 1909/2391/989
f 1909/2391/989 1964/2455/1004 1932/2456/913
f 1912/2394/833 1933/2419/996 1910/2392/990
f 1910/2392/990 1933/2419/996 1964/2455/1004
f 1932/2456/913 1964/2455/1004 1938/2457/707
f 1938/2457/707 1964/2455/1004 1965/2458/740
f 1964/2455/1004 1933/2419/996 1965/2458/740
f 1965/2458/740 1933/2419/996 1939/2425/708
f 1963/2453/895 1966/2459/897 1934/2420/939
f 1934/2420/939 1966/2459/897 1940/2426/881
f 1935/2454/765 1941/2460/973 1963/2453/895
f 1963/2453/895 1941/2460/973 1966/2459/897
f 1967/2461/1005 1968/2462/1006 1952/2440/721
f 1952/2440/721 1968/2462/1006 1951/2439/852
f 1944/2463/713 1950/2464/998 1967/2461/1005
f 1967/2461/1005 1950/2464/998 1968/2462/1006
f 1967/2461/1005 1962/2451/1003 1944/2463/713
f 1944/2463/713 1962/2451/1003 1946/2452/809
f 1952/2440/721 1953/2441/769 1967/2461/1005
f 1967/2461/1005 1953/2441/769 1962/2451/1003
f 1917/2399/686 1913/2395/872 1919/2401/688
f 1919/2401/688 1913/2395/872 1920/2402/993
f 1913/2395/872 1915/2397/684 1920/2402/993
f 1920/2402/993 1915/2397/684 1923/2405/840
f 1922/2404/994 1969/2465/1007 1921/2403/690
f 1921/2403/690 1969/2465/1007 1959/2466/1001
f 1924/2406/693 1958/2446/1000 1922/2404/994
f 1922/2404/994 1958/2446/1000 1969/2465/1007
f 1951/2439/852 1968/2462/1006 1957/2445/889
f 1957/2445/889 1968/2462/1006 1970/2467/901
f 1968/2462/1006 1950/2464/998 1970/2467/901
f 1970/2467/901 1950/2464/998 1956/2468/999
f 1970/2467/901 1901/2378/1008 1957/2445/889
f 1957/2445/889 1901/2378/1008 1875/2345/980
f 1956/2468/999 1874/2377/952 1970/2467/901
f 1970/2467/901 1874/2377/952 1901/2378/1008
f 1959/2466/1001 1969/2465/1007 1877/2380/850
f 1877/2380/850 1969/2465/1007 1902/2379/897
f 1969/2465/1007 1958/2446/1000 1902/2379/897
f 1902/2379/897 1958/2446/1000 1876/2346/1002
f 1971/2469/902 1972/2470/1009 1973/2471/1010
f 1973/2471/1010 1972/2470/1009 1974/2472/1011
f 1972/2470/1009 1975/2473/680 1974/2472/1011
f 1974/2472/1011 1975/2473/680 1976/2474/681
f 1977/2475/1012 1978/2476/1013 1979/2477/874
f 1979/2477/874 1978/2476/1013 1980/2478/685
f 1981/2479/1014 1982/2480/1015 1977/2475/1012
f 1977/2475/1012 1982/2480/1015 1978/2476/1013
f 1983/2481/688 1984/2482/838 1985/2483/690
f 1985/2483/690 1984/2482/838 1986/2484/876
f 1984/2482/838 1987/2485/840 1986/2484/876
f 1986/2484/876 1987/2485/840 1988/2486/841
f 1989/2487/909 1990/2488/695 1971/2489/902
f 1971/2489/902 1990/2488/695 1991/2490/696
f 1992/2491/803 1993/2492/1016 1981/2493/1014
f 1981/2493/1014 1993/2492/1016 1982/2494/1015
f 1994/2495/846 1989/2487/909 1973/2496/1010
f 1973/2496/1010 1989/2487/909 1971/2489/902
f 1994/2495/846 1973/2496/1010 1995/2497/1017
f 1995/2497/1017 1973/2496/1010 1996/2498/1018
f 1976/2474/681 1980/2478/685 1997/2499/938
f 1997/2499/938 1980/2478/685 1998/2500/848
f 1982/2494/1015 1993/2492/1016 1999/2501/765
f 1999/2501/765 1993/2492/1016 2000/2502/705
f 1995/2497/1017 1996/2498/1018 2001/2503/706
f 2001/2503/706 1996/2498/1018 2002/2504/707
f 1997/2499/938 1998/2500/848 2003/2505/916
f 2003/2505/916 1998/2500/848 2004/2506/849
f 1999/2501/765 2000/2502/705 2005/2507/850
f 2005/2507/850 2000/2502/705 2006/2508/711
f 2007/2509/1019 2008/2510/883 2009/2511/714
f 2009/2511/714 2008/2510/883 2010/2512/715
f 2009/2511/714 2010/2512/715 1990/2488/695
f 1990/2488/695 2010/2512/715 1991/2490/696
f 1992/2491/803 1981/2493/1014 2011/2513/716
f 2011/2513/716 1981/2493/1014 1983/2514/688
f 2011/2513/716 1983/2514/688 2012/2515/717
f 2012/2515/717 1983/2514/688 1985/2516/690
f 2013/2517/1020 2014/2518/1021 2007/2509/1019
f 2007/2509/1019 2014/2518/1021 2008/2510/883
f 1988/2486/841 1987/2485/840 2015/2519/886
f 2015/2519/886 1987/2485/840 2016/2520/721
f 2016/2520/721 1987/2485/840 2017/2521/722
f 1987/2485/840 1979/2477/874 2017/2521/722
f 1979/2477/874 1980/2478/685 2017/2521/722
f 2017/2521/722 1980/2478/685 2018/2522/770
f 2018/2522/770 1980/2478/685 1975/2473/680
f 1980/2478/685 1976/2474/681 1975/2473/680
f 2013/2517/1020 2019/2523/888 2014/2518/1021
f 2014/2518/1021 2019/2523/888 2020/2524/772
f 2015/2519/886 2021/2525/1022 1988/2486/841
f 1988/2486/841 2021/2525/1022 2022/2526/856
f 1985/2516/690 2023/2527/1001 2012/2515/717
f 2012/2515/717 2023/2527/1001 2024/2528/776
f 2019/2523/888 1937/2423/818 2020/2524/772
f 2020/2524/772 1937/2423/818 1938/2424/819
f 2021/2525/1022 1939/2425/980 2022/2526/856
f 2022/2526/856 1939/2425/980 1940/2426/981
f 2023/2527/1001 1941/2427/850 2024/2528/776
f 2024/2528/776 1941/2427/850 1942/2428/711
f 1975/2473/680 1972/2470/1009 2018/2522/770
f 2018/2522/770 1972/2470/1009 2025/2529/982
f 1972/2470/1009 1971/2469/902 2025/2529/982
f 2025/2529/982 1971/2469/902 1991/2530/696
f 2018/2522/770 2025/2529/982 2017/2521/722
f 2017/2521/722 2025/2529/982 2026/2531/1023
f 2025/2529/982 1991/2530/696 2026/2531/1023
f 2026/2531/1023 1991/2530/696 2010/2532/715
f 1980/2478/685 1978/2476/1013 1998/2500/848
f 1998/2500/848 1978/2476/1013 2027/2533/1024
f 1978/2476/1013 1982/2480/1015 2027/2533/1024
f 2027/2533/1024 1982/2480/1015 1999/2534/765
f 1974/2472/1011 2028/2535/1025 1973/2471/1010
f 1973/2471/1010 2028/2535/1025 1996/2536/1018
f 1976/2474/681 1997/2499/938 1974/2472/1011
f 1974/2472/1011 1997/2499/938 2028/2535/1025
f 1996/2536/1018 2028/2535/1025 2002/2537/707
f 2002/2537/707 2028/2535/1025 2029/2538/862
f 2028/2535/1025 1997/2499/938 2029/2538/862
f 2029/2538/862 1997/2499/938 2003/2505/916
f 2027/2533/1024 2030/2539/741 1998/2500/848
f 1998/2500/848 2030/2539/741 2004/2506/849
f 1999/2534/765 2005/2540/850 2027/2533/1024
f 2027/2533/1024 2005/2540/850 2030/2539/741
f 2031/2541/1026 2032/2542/1027 2016/2520/721
f 2016/2520/721 2032/2542/1027 2015/2519/886
f 2008/2543/883 2014/2544/1021 2031/2541/1026
f 2031/2541/1026 2014/2544/1021 2032/2542/1027
f 2031/2541/1026 2026/2531/1023 2008/2543/883
f 2008/2543/883 2026/2531/1023 2010/2532/715
f 2016/2520/721 2017/2521/722 2031/2541/1026
f 2031/2541/1026 2017/2521/722 2026/2531/1023
f 1981/2479/1014 1977/2475/1012 1983/2481/688
f 1983/2481/688 1977/2475/1012 1984/2482/838
f 1977/2475/1012 1979/2477/874 1984/2482/838
f 1984/2482/838 1979/2477/874 1987/2485/840
f 1986/2484/876 2033/2545/900 1985/2483/690
f 1985/2483/690 2033/2545/900 2023/2546/1001
f 1988/2486/841 2022/2526/856 1986/2484/876
f 1986/2484/876 2022/2526/856 2033/2545/900
f 2015/2519/886 2032/2542/1027 2021/2525/1022
f 2021/2525/1022 2032/2542/1027 2034/2547/1028
f 2032/2542/1027 2014/2544/1021 2034/2547/1028
f 2034/2547/1028 2014/2544/1021 2020/2548/772
f 2034/2547/1028 1965/2458/1029 2021/2525/1022
f 2021/2525/1022 1965/2458/1029 1939/2425/980
f 2020/2548/772 1938/2457/819 2034/2547/1028
f 2034/2547/1028 1938/2457/819 1965/2458/1029
f 2023/2546/1001 2033/2545/900 1941/2460/850
f 1941/2460/850 2033/2545/900 1966/2459/828
f 2033/2545/900 2022/2526/856 1966/2459/828
f 1966/2459/828 2022/2526/856 1940/2426/981
f 2035/2549/1030 2036/2550/1031 2037/2551/1032
f 2037/2551/1032 2036/2550/1031 2038/2552/1033
f 2036/2550/1031 2039/2553/965 2038/2552/1033
f 2038/2552/1033 2039/2553/965 2040/2554/833
f 2041/2555/1034 2042/2556/1035 2043/2557/684
f 2043/2557/684 2042/2556/1035 2044/2558/992
f 2045/2559/1014 2046/2560/687 2041/2555/1034
f 2041/2555/1034 2046/2560/687 2042/2556/1035
f 2047/2561/688 2048/2562/1036 2049/2563/690
f 2049/2563/690 2048/2562/1036 2050/2564/1037
f 2048/2562/1036 2051/2565/840 2050/2564/1037
f 2050/2564/1037 2051/2565/840 2052/2566/968
f 2053/2567/1038 2054/2568/695 2035/2569/1030
f 2035/2569/1030 2054/2568/695 2055/2570/696
f 2056/2571/803 2057/2572/877 2045/2573/1014
f 2045/2573/1014 2057/2572/877 2046/2574/687
f 2058/2575/878 2053/2567/1038 2037/2576/1032
f 2037/2576/1032 2053/2567/1038 2035/2569/1030
f 2058/2575/878 2037/2576/1032 2059/2577/1039
f 2059/2577/1039 2037/2576/1032 2060/2578/1040
f 2040/2554/833 2044/2558/992 2061/2579/996
f 2061/2579/996 2044/2558/992 2062/2580/939
f 2046/2574/687 2057/2572/877 2063/2581/1041
f 2063/2581/1041 2057/2572/877 2064/2582/1042
f 2059/2577/1039 2060/2578/1040 2065/2583/1043
f 2065/2583/1043 2060/2578/1040 2066/2584/1044
f 2061/2579/996 2062/2580/939 2067/2585/708
f 2067/2585/708 2062/2580/939 2068/2586/881
f 2063/2581/1041 2064/2582/1042 2069/2587/850
f 2069/2587/850 2064/2582/1042 2070/2588/711
f 2071/2589/712 2072/2590/943 2073/2591/714
f 2073/2591/714 2072/2590/943 2074/2592/975
f 2073/2591/714 2074/2592/975 2054/2568/695
f 2054/2568/695 2074/2592/975 2055/2570/696
f 2056/2571/803 2045/2573/1014 2075/2593/716
f 2075/2593/716 2045/2573/1014 2047/2594/688
f 2075/2593/716 2047/2594/688 2076/2595/717
f 2076/2595/717 2047/2594/688 2049/2596/690
f 2077/2597/1045 2078/2598/1046 2071/2589/712
f 2071/2589/712 2078/2598/1046 2072/2590/943
f 2052/2566/968 2051/2565/840 2079/2599/852
f 2079/2599/852 2051/2565/840 2080/2600/721
f 2080/2600/721 2051/2565/840 2081/2601/722
f 2051/2565/840 2043/2557/684 2081/2601/722
f 2043/2557/684 2044/2558/992 2081/2601/722
f 2081/2601/722 2044/2558/992 2082/2602/854
f 2082/2602/854 2044/2558/992 2039/2553/965
f 2044/2558/992 2040/2554/833 2039/2553/965
f 2077/2597/1045 2083/2603/1047 2078/2598/1046
f 2078/2598/1046 2083/2603/1047 2084/2604/1048
f 2079/2599/852 2085/2605/1049 2052/2566/968
f 2052/2566/968 2085/2605/1049 2086/2606/1000
f 2049/2596/690 2087/2607/1001 2076/2595/717
f 2076/2595/717 2087/2607/1001 2088/2608/776
f 2083/2603/1047 2001/2503/818 2084/2604/1048
f 2084/2604/1048 2001/2503/818 2002/2504/819
f 2085/2605/1049 2003/2505/953 2086/2606/1000
f 2086/2606/1000 2003/2505/953 2004/2506/1002
f 2087/2607/1001 2005/2507/850 2088/2608/776
f 2088/2608/776 2005/2507/850 2006/2508/711
f 2039/2553/965 2036/2550/1031 2082/2602/854
f 2082/2602/854 2036/2550/1031 2089/2609/1050
f 2036/2550/1031 2035/2549/1030 2089/2609/1050
f 2089/2609/1050 2035/2549/1030 2055/2610/696
f 2082/2602/854 2089/2609/1050 2081/2601/722
f 2081/2601/722 2089/2609/1050 2090/2611/1051
f 2089/2609/1050 2055/2610/696 2090/2611/1051
f 2090/2611/1051 2055/2610/696 2074/2612/975
f 2044/2558/992 2042/2556/1035 2062/2580/939
f 2062/2580/939 2042/2556/1035 2091/2613/783
f 2042/2556/1035 2046/2560/687 2091/2613/783
f 2091/2613/783 2046/2560/687 2063/2614/1041
f 2038/2552/1033 2092/2615/1052 2037/2551/1032
f 2037/2551/1032 2092/2615/1052 2060/2616/1040
f 2040/2554/833 2061/2579/996 2038/2552/1033
f 2038/2552/1033 2061/2579/996 2092/2615/1052
f 2060/2616/1040 2092/2615/1052 2066/2617/1044
f 2066/2617/1044 2092/2615/1052 2093/2618/984
f 2092/2615/1052 2061/2579/996 2093/2618/984
f 2093/2618/984 2061/2579/996 2067/2585/708
f 2091/2613/783 2094/2619/897 2062/2580/939
f 2062/2580/939 2094/2619/897 2068/2586/881
f 2063/2614/1041 2069/2620/850 2091/2613/783
f 2091/2613/783 2069/2620/850 2094/2619/897
f 2095/2621/1053 2096/2622/1054 2080/2600/721
f 2080/2600/721 2096/2622/1054 2079/2599/852
f 2072/2623/943 2078/2624/1046 2095/2621/1053
f 2095/2621/1053 2078/2624/1046 2096/2622/1054
f 2095/2621/1053 2090/2611/1051 2072/2623/943
f 2072/2623/943 2090/2611/1051 2074/2612/975
f 2080/2600/721 2081/2601/722 2095/2621/1053
f 2095/2621/1053 2081/2601/722 2090/2611/1051
f 2045/2559/1014 2041/2555/1034 2047/2561/688
f 2047/2561/688 2041/2555/1034 2048/2562/1036
f 2041/2555/1034 2043/2557/684 2048/2562/1036
f 2048/2562/1036 2043/2557/684 2051/2565/840
f 2050/2564/1037 2097/2625/1007 2049/2563/690
f 2049/2563/690 2097/2625/1007 2087/2626/1001
f 2052/2566/968 2086/2606/1000 2050/2564/1037
f 2050/2564/1037 2086/2606/1000 2097/2625/1007
f 2079/2599/852 2096/2622/1054 2085/2605/1049
f 2085/2605/1049 2096/2622/1054 2098/2627/901
f 2096/2622/1054 2078/2624/1046 2098/2627/901
f 2098/2627/901 2078/2624/1046 2084/2628/1048
f 2098/2627/901 2029/2538/1008 2085/2605/1049
f 2085/2605/1049 2029/2538/1008 2003/2505/953
f 2084/2628/1048 2002/2537/819 2098/2627/901
f 2098/2627/901 2002/2537/819 2029/2538/1008
f 2087/2626/1001 2097/2625/1007 2005/2540/850
f 2005/2540/850 2097/2625/1007 2030/2539/897
f 2097/2625/1007 2086/2606/1000 2030/2539/897
f 2030/2539/897 2086/2606/1000 2004/2506/1002
f 2099/2629/902 2100/2630/1055 2101/2631/1056
f 2101/2631/1056 2100/2630/1055 2102/2632/1011
f 2100/2630/1055 2103/2633/680 2102/2632/1011
f 2102/2632/1011 2103/2633/680 2104/2634/833
f 2105/2635/1057 2106/2636/1058 2107/2637/684
f 2107/2637/684 2106/2636/1058 2108/2638/685
f 2109/2639/837 2110/2640/1059 2105/2635/1057
f 2105/2635/1057 2110/2640/1059 2106/2636/1058
f 2111/2641/688 2112/2642/1060 2113/2643/654
f 2113/2643/654 2112/2642/1060 2114/2644/1061
f 2112/2642/1060 2115/2645/840 2114/2644/1061
f 2114/2644/1061 2115/2645/840 2116/2646/693
f 2117/2647/909 2118/2648/695 2099/2649/902
f 2099/2649/902 2118/2648/695 2119/2650/696
f 2120/2651/845 2121/2652/877 2109/2653/837
f 2109/2653/837 2121/2652/877 2110/2654/1059
f 2122/2655/1062 2117/2647/909 2101/2656/1056
f 2101/2656/1056 2117/2647/909 2099/2649/902
f 2122/2655/1062 2101/2656/1056 2123/2657/879
f 2123/2657/879 2101/2656/1056 2124/2658/701
f 2104/2634/833 2108/2638/685 2125/2659/996
f 2125/2659/996 2108/2638/685 2126/2660/764
f 2110/2654/1059 2121/2652/877 2127/2661/704
f 2127/2661/704 2121/2652/877 2128/2662/1042
f 2123/2657/879 2124/2658/701 2129/2663/1063
f 2129/2663/1063 2124/2658/701 2130/2664/1064
f 2125/2659/996 2126/2660/764 2131/2665/916
f 2131/2665/916 2126/2660/764 2132/2666/849
f 2127/2661/704 2128/2662/1042 2133/2667/850
f 2133/2667/850 2128/2662/1042 2134/2668/711
f 2135/2669/1019 2136/2670/883 2137/2671/918
f 2137/2671/918 2136/2670/883 2138/2672/975
f 2137/2671/918 2138/2672/975 2118/2648/695
f 2118/2648/695 2138/2672/975 2119/2650/696
f 2120/2651/845 2109/2653/837 2139/2673/716
f 2139/2673/716 2109/2653/837 2111/2674/688
f 2139/2673/716 2111/2674/688 2140/2675/1065
f 2140/2675/1065 2111/2674/688 2113/2676/654
f 2141/2677/1066 2142/2678/1067 2135/2669/1019
f 2135/2669/1019 2142/2678/1067 2136/2670/883
f 2116/2646/693 2115/2645/840 2143/2679/886
f 2143/2679/886 2115/2645/840 2144/2680/721
f 2144/2680/721 2115/2645/840 2145/2681/722
f 2115/2645/840 2107/2637/684 2145/2681/722
f 2107/2637/684 2108/2638/685 2145/2681/722
f 2145/2681/722 2108/2638/685 2146/2682/723
f 2146/2682/723 2108/2638/685 2103/2633/680
f 2108/2638/685 2104/2634/833 2103/2633/680
f 2141/2677/1066 2147/2683/888 2142/2678/1067
f 2142/2678/1067 2147/2683/888 2148/2684/1068
f 2143/2679/886 2149/2685/1022 2116/2646/693
f 2116/2646/693 2149/2685/1022 2150/2686/856
f 2113/2676/654 2151/2687/1001 2140/2675/1065
f 2140/2675/1065 2151/2687/1001 2152/2688/776
f 2147/2683/888 2065/2583/951 2148/2684/1068
f 2148/2684/1068 2065/2583/951 2066/2584/952
f 2149/2685/1022 2067/2585/980 2150/2686/856
f 2150/2686/856 2067/2585/980 2068/2586/981
f 2151/2687/1001 2069/2587/850 2152/2688/776
f 2152/2688/776 2069/2587/850 2070/2588/711
f 2103/2633/680 2100/2630/1055 2146/2682/723
f 2146/2682/723 2100/2630/1055 2153/2689/982
f 2100/2630/1055 2099/2629/902 2153/2689/982
f 2153/2689/982 2099/2629/902 2119/2690/696
f 2146/2682/723 2153/2689/982 2145/2681/722
f 2145/2681/722 2153/2689/982 2154/2691/1069
f 2153/2689/982 2119/2690/696 2154/2691/1069
f 2154/2691/1069 2119/2690/696 2138/2692/975
f 2108/2638/685 2106/2636/1058 2126/2660/764
f 2126/2660/764 2106/2636/1058 2155/2693/860
f 2106/2636/1058 2110/2640/1059 2155/2693/860
f 2155/2693/860 2110/2640/1059 2127/2694/704
f 2102/2632/1011 2156/2695/1025 2101/2631/1056
f 2101/2631/1056 2156/2695/1025 2124/2696/701
f 2104/2634/833 2125/2659/996 2102/2632/1011
f 2102/2632/1011 2125/2659/996 2156/2695/1025
f 2124/2696/701 2156/2695/1025 2130/2697/1064
f 2130/2697/1064 2156/2695/1025 2157/2698/862
f 2156/2695/1025 2125/2659/996 2157/2698/862
f 2157/2698/862 2125/2659/996 2131/2665/916
f 2155/2693/860 2158/2699/828 2126/2660/764
f 2126/2660/764 2158/2699/828 2132/2666/849
f 2127/2694/704 2133/2700/850 2155/2693/860
f 2155/2693/860 2133/2700/850 2158/2699/828
f 2159/2701/1070 2160/2702/1071 2144/2680/721
f 2144/2680/721 2160/2702/1071 2143/2679/886
f 2136/2703/883 2142/2704/1067 2159/2701/1070
f 2159/2701/1070 2142/2704/1067 2160/2702/1071
f 2159/2701/1070 2154/2691/1069 2136/2703/883
f 2136/2703/883 2154/2691/1069 2138/2692/975
f 2144/2680/721 2145/2681/722 2159/2701/1070
f 2159/2701/1070 2145/2681/722 2154/2691/1069
f 2109/2639/837 2105/2635/1057 2111/2641/688
f 2111/2641/688 2105/2635/1057 2112/2642/1060
f 2105/2635/1057 2107/2637/684 2112/2642/1060
f 2112/2642/1060 2107/2637/684 2115/2645/840
f 2114/2644/1061 2161/2705/900 2113/2643/654
f 2113/2643/654 2161/2705/900 2151/2706/1001
f 2116/2646/693 2150/2686/856 2114/2644/1061
f 2114/2644/1061 2150/2686/856 2161/2705/900
f 2143/2679/886 2160/2702/1071 2149/2685/1022
f 2149/2685/1022 2160/2702/1071 2162/2707/1028
f 2160/2702/1071 2142/2704/1067 2162/2707/1028
f 2162/2707/1028 2142/2704/1067 2148/2708/1068
f 2162/2707/1028 2093/2618/1072 2149/2685/1022
f 2149/2685/1022 2093/2618/1072 2067/2585/980
f 2148/2708/1068 2066/2617/952 2162/2707/1028
f 2162/2707/1028 2066/2617/952 2093/2618/1072
f 2151/2706/1001 2161/2705/900 2069/2620/850
f 2069/2620/850 2161/2705/900 2094/2619/741
f 2161/2705/900 2150/2686/856 2094/2619/741
f 2094/2619/741 2150/2686/856 2068/2586/981
f 2163/2709/1073 2164/2710/1074 2165/2711/929
f 2165/2711/929 2164/2710/1074 2166/2712/1075
f 2164/2710/1074 2167/2713/1076 2166/2712/1075
f 2166/2712/1075 2167/2713/1076 2168/2714/753
f 2169/2715/1077 2170/2716/1078 2171/2717/874
f 2171/2717/874 2170/2716/1078 2172/2718/907
f 2173/2719/837 2174/2720/687 2169/2715/1077
f 2169/2715/1077 2174/2720/687 2170/2716/1078
f 2175/2721/688 2176/2722/838 2177/2723/1079
f 2177/2723/1079 2176/2722/838 2178/2724/1080
f 2176/2722/838 2179/2725/1081 2178/2724/1080
f 2178/2724/1080 2179/2725/1081 2180/2726/841
f 2181/2727/1082 2182/2728/1083 2163/2729/1073
f 2163/2729/1073 2182/2728/1083 2183/2730/1084
f 2184/2731/845 2185/2732/698 2173/2733/837
f 2173/2733/837 2185/2732/698 2174/2734/687
f 2186/2735/1085 2181/2727/1082 2165/2736/929
f 2165/2736/929 2181/2727/1082 2163/2729/1073
f 2186/2735/1085 2165/2736/929 2187/2737/1086
f 2187/2737/1086 2165/2736/929 2188/2738/1087
f 2168/2714/753 2172/2718/907 2189/2739/1088
f 2189/2739/1088 2172/2718/907 2190/2740/939
f 2174/2734/687 2185/2732/698 2191/2741/704
f 2191/2741/704 2185/2732/698 2192/2742/1042
f 2187/2737/1086 2188/2738/1087 2193/2743/1089
f 2193/2743/1089 2188/2738/1087 2194/2744/1090
f 2189/2739/1088 2190/2740/939 2195/2745/708
f 2195/2745/708 2190/2740/939 2196/2746/881
f 2191/2741/704 2192/2742/1042 2197/2747/850
f 2197/2747/850 2192/2742/1042 2198/2748/711
f 2199/2749/712 2200/2750/713 2201/2751/918
f 2201/2751/918 2200/2750/713 2202/2752/715
f 2201/2751/918 2202/2752/715 2182/2728/1083
f 2182/2728/1083 2202/2752/715 2183/2730/1084
f 2184/2731/845 2173/2733/837 2203/2753/716
f 2203/2753/716 2173/2733/837 2175/2754/688
f 2203/2753/716 2175/2754/688 2204/2755/1065
f 2204/2755/1065 2175/2754/688 2177/2756/1079
f 2205/2757/1091 2206/2758/1092 2199/2749/712
f 2199/2749/712 2206/2758/1092 2200/2750/713
f 2180/2726/841 2179/2725/1081 2207/2759/1093
f 2207/2759/1093 2179/2725/1081 2208/2760/768
f 2208/2760/768 2179/2725/1081 2209/2761/769
f 2179/2725/1081 2171/2717/874 2209/2761/769
f 2171/2717/874 2172/2718/907 2209/2761/769
f 2209/2761/769 2172/2718/907 2210/2762/770
f 2210/2762/770 2172/2718/907 2167/2713/1076
f 2172/2718/907 2168/2714/753 2167/2713/1076
f 2205/2757/1091 2211/2763/888 2206/2758/1092
f 2206/2758/1092 2211/2763/888 2212/2764/772
f 2207/2759/1093 2213/2765/1049 2180/2726/841
f 2180/2726/841 2213/2765/1049 2214/2766/1000
f 2177/2756/1079 2215/2767/1094 2204/2755/1065
f 2204/2755/1065 2215/2767/1094 2216/2768/1095
f 2211/2763/888 2129/2663/818 2212/2764/772
f 2212/2764/772 2129/2663/818 2130/2664/819
f 2213/2765/1049 2131/2665/953 2214/2766/1000
f 2214/2766/1000 2131/2665/953 2132/2666/1002
f 2215/2767/1094 2133/2667/850 2216/2768/1095
f 2216/2768/1095 2133/2667/850 2134/2668/711
f 2167/2713/1076 2164/2710/1074 2210/2762/770
f 2210/2762/770 2164/2710/1074 2217/2769/1050
f 2164/2710/1074 2163/2709/1073 2217/2769/1050
f 2217/2769/1050 2163/2709/1073 2183/2770/1084
f 2210/2762/770 2217/2769/1050 2209/2761/769
f 2209/2761/769 2217/2769/1050 2218/2771/1096
f 2217/2769/1050 2183/2770/1084 2218/2771/1096
f 2218/2771/1096 2183/2770/1084 2202/2772/715
f 2172/2718/907 2170/2716/1078 2190/2740/939
f 2190/2740/939 2170/2716/1078 2219/2773/783
f 2170/2716/1078 2174/2720/687 2219/2773/783
f 2219/2773/783 2174/2720/687 2191/2774/704
f 2166/2712/1075 2220/2775/1004 2165/2711/929
f 2165/2711/929 2220/2775/1004 2188/2776/1087
f 2168/2714/753 2189/2739/1088 2166/2712/1075
f 2166/2712/1075 2189/2739/1088 2220/2775/1004
f 2188/2776/1087 2220/2775/1004 2194/2777/1090
f 2194/2777/1090 2220/2775/1004 2221/2778/984
f 2220/2775/1004 2189/2739/1088 2221/2778/984
f 2221/2778/984 2189/2739/1088 2195/2745/708
f 2219/2773/783 2222/2779/897 2190/2740/939
f 2190/2740/939 2222/2779/897 2196/2746/881
f 2191/2774/704 2197/2780/850 2219/2773/783
f 2219/2773/783 2197/2780/850 2222/2779/897
f 2223/2781/1097 2224/2782/1098 2208/2760/768
f 2208/2760/768 2224/2782/1098 2207/2759/1093
f 2200/2783/713 2206/2784/1092 2223/2781/1097
f 2223/2781/1097 2206/2784/1092 2224/2782/1098
f 2223/2781/1097 2218/2771/1096 2200/2783/713
f 2200/2783/713 2218/2771/1096 2202/2772/715
f 2208/2760/768 2209/2761/769 2223/2781/1097
f 2223/2781/1097 2209/2761/769 2218/2771/1096
f 2173/2719/837 2169/2715/1077 2175/2721/688
f 2175/2721/688 2169/2715/1077 2176/2722/838
f 2169/2715/1077 2171/2717/874 2176/2722/838
f 2176/2722/838 2171/2717/874 2179/2725/1081
f 2178/2724/1080 2225/2785/1007 2177/2723/1079
f 2177/2723/1079 2225/2785/1007 2215/2786/1094
f 2180/2726/841 2214/2766/1000 2178/2724/1080
f 2178/2724/1080 2214/2766/1000 2225/2785/1007
f 2207/2759/1093 2224/2782/1098 2213/2765/1049
f 2213/2765/1049 2224/2782/1098 2226/2787/827
f 2224/2782/1098 2206/2784/1092 2226/2787/827
f 2226/2787/827 2206/2784/1092 2212/2788/772
f 2226/2787/827 2157/2698/1072 2213/2765/1049
f 2213/2765/1049 2157/2698/1072 2131/2665/953
f 2212/2788/772 2130/2697/819 2226/2787/827
f 2226/2787/827 2130/2697/819 2157/2698/1072
f 2215/2786/1094 2225/2785/1007 2133/2700/850
f 2133/2700/850 2225/2785/1007 2158/2699/897
f 2225/2785/1007 2214/2766/1000 2158/2699/897
f 2158/2699/897 2214/2766/1000 2132/2666/1002
f 2227/2789/902 2228/2790/749 2229/2791/1099
f 2229/2791/1099 2228/2790/749 2230/2792/1100
f 2228/2790/749 2231/2793/680 2230/2792/1100
f 2230/2792/1100 2231/2793/680 2232/2794/753
f 2233/2795/1012 2234/2796/1013 2235/2797/874
f 2235/2797/874 2234/2796/1013 2236/2798/1101
f 2237/2799/686 2238/2800/687 2233/2795/1012
f 2233/2795/1012 2238/2800/687 2234/2796/1013
f 2239/2801/688 2240/2802/1102 2241/2803/1079
f 2241/2803/1079 2240/2802/1102 2242/2804/1103
f 2240/2802/1102 2243/2805/840 2242/2804/1103
f 2242/2804/1103 2243/2805/840 2244/2806/841
f 2245/2807/909 2246/2808/695 2227/2809/902
f 2227/2809/902 2246/2808/695 2247/2810/696
f 2248/2811/845 2249/2812/912 2237/2813/686
f 2237/2813/686 2249/2812/912 2238/2814/687
f 2250/2815/1104 2245/2807/909 2229/2816/1099
f 2229/2816/1099 2245/2807/909 2227/2809/902
f 2250/2815/1104 2229/2816/1099 2251/2817/879
f 2251/2817/879 2229/2816/1099 2252/2818/701
f 2232/2794/753 2236/2798/1101 2253/2819/938
f 2253/2819/938 2236/2798/1101 2254/2820/848
f 2238/2814/687 2249/2812/912 2255/2821/704
f 2255/2821/704 2249/2812/912 2256/2822/1042
f 2251/2817/879 2252/2818/701 2257/2823/766
f 2257/2823/766 2252/2818/701 2258/2824/767
f 2253/2819/938 2254/2820/848 2259/2825/916
f 2259/2825/916 2254/2820/848 2260/2826/849
f 2255/2821/704 2256/2822/1042 2261/2827/850
f 2261/2827/850 2256/2822/1042 2262/2828/711
f 2263/2829/974 2264/2830/1105 2265/2831/714
f 2265/2831/714 2264/2830/1105 2266/2832/851
f 2265/2831/714 2266/2832/851 2246/2808/695
f 2246/2808/695 2266/2832/851 2247/2810/696
f 2248/2811/845 2237/2813/686 2267/2833/716
f 2267/2833/716 2237/2813/686 2239/2834/688
f 2267/2833/716 2239/2834/688 2268/2835/1065
f 2268/2835/1065 2239/2834/688 2241/2836/1079
f 2269/2837/1106 2270/2838/1107 2263/2829/974
f 2263/2829/974 2270/2838/1107 2264/2830/1105
f 2244/2806/841 2243/2805/840 2271/2839/1093
f 2271/2839/1093 2243/2805/840 2272/2840/721
f 2272/2840/721 2243/2805/840 2273/2841/769
f 2243/2805/840 2235/2797/874 2273/2841/769
f 2235/2797/874 2236/2798/1101 2273/2841/769
f 2273/2841/769 2236/2798/1101 2274/2842/770
f 2274/2842/770 2236/2798/1101 2231/2793/680
f 2236/2798/1101 2232/2794/753 2231/2793/680
f 2269/2837/1106 2275/2843/816 2270/2838/1107
f 2270/2838/1107 2275/2843/816 2276/2844/999
f 2271/2839/1093 2277/2845/920 2244/2806/841
f 2244/2806/841 2277/2845/920 2278/2846/856
f 2241/2836/1079 2279/2847/775 2268/2835/1065
f 2268/2835/1065 2279/2847/775 2280/2848/1108
f 2275/2843/816 2193/2743/951 2276/2844/999
f 2276/2844/999 2193/2743/951 2194/2744/952
f 2277/2845/920 2195/2745/980 2278/2846/856
f 2278/2846/856 2195/2745/980 2196/2746/981
f 2279/2847/775 2197/2747/850 2280/2848/1108
f 2280/2848/1108 2197/2747/850 2198/2748/711
f 2231/2793/680 2228/2790/749 2274/2842/770
f 2274/2842/770 2228/2790/749 2281/2849/1050
f 2228/2790/749 2227/2789/902 2281/2849/1050
f 2281/2849/1050 2227/2789/902 2247/2850/696
f 2274/2842/770 2281/2849/1050 2273/2841/769
f 2273/2841/769 2281/2849/1050 2282/2851/1109
f 2281/2849/1050 2247/2850/696 2282/2851/1109
f 2282/2851/1109 2247/2850/696 2266/2852/851
f 2236/2798/1101 2234/2796/1013 2254/2820/848
f 2254/2820/848 2234/2796/1013 2283/2853/1024
f 2234/2796/1013 2238/2800/687 2283/2853/1024
f 2283/2853/1024 2238/2800/687 2255/2854/704
f 2230/2792/1100 2284/2855/739 2229/2791/1099
f 2229/2791/1099 2284/2855/739 2252/2856/701
f 2232/2794/753 2253/2819/938 2230/2792/1100
f 2230/2792/1100 2253/2819/938 2284/2855/739
f 2252/2856/701 2284/2855/739 2258/2857/767
f 2258/2857/767 2284/2855/739 2285/2858/984
f 2284/2855/739 2253/2819/938 2285/2858/984
f 2285/2858/984 2253/2819/938 2259/2825/916
f 2283/2853/1024 2286/2859/741 2254/2820/848
f 2254/2820/848 2286/2859/741 2260/2826/849
f 2255/2854/704 2261/2860/850 2283/2853/1024
f 2283/2853/1024 2261/2860/850 2286/2859/741
f 2287/2861/1110 2288/2862/1071 2272/2840/721
f 2272/2840/721 2288/2862/1071 2271/2839/1093
f 2264/2863/1105 2270/2864/1107 2287/2861/1110
f 2287/2861/1110 2270/2864/1107 2288/2862/1071
f 2287/2861/1110 2282/2851/1109 2264/2863/1105
f 2264/2863/1105 2282/2851/1109 2266/2852/851
f 2272/2840/721 2273/2841/769 2287/2861/1110
f 2287/2861/1110 2273/2841/769 2282/2851/1109
f 2237/2799/686 2233/2795/1012 2239/2801/688
f 2239/2801/688 2233/2795/1012 2240/2802/1102
f 2233/2795/1012 2235/2797/874 2240/2802/1102
f 2240/2802/1102 2235/2797/874 2243/2805/840
f 2242/2804/1103 2289/2865/900 2241/2803/1079
f 2241/2803/1079 2289/2865/900 2279/2866/775
f 2244/2806/841 2278/2846/856 2242/2804/1103
f 2242/2804/1103 2278/2846/856 2289/2865/900
f 2271/2839/1093 2288/2862/1071 2277/2845/920
f 2277/2845/920 2288/2862/1071 2290/2867/901
f 2288/2862/1071 2270/2864/1107 2290/2867/901
f 2290/2867/901 2270/2864/1107 2276/2868/999
f 2290/2867/901 2221/2778/1008 2277/2845/920
f 2277/2845/920 2221/2778/1008 2195/2745/980
f 2276/2868/999 2194/2777/952 2290/2867/901
f 2290/2867/901 2194/2777/952 2221/2778/1008
f 2279/2866/775 2289/2865/900 2197/2780/850
f 2197/2780/850 2289/2865/900 2222/2779/741
f 2289/2865/900 2278/2846/856 2222/2779/741
f 2222/2779/741 2278/2846/856 2196/2746/981
f 2291/2869/902 2292/2870/1111 2293/2871/1112
f 2293/2871/1112 2292/2870/1111 2294/2872/1113
f 2292/2870/1111 2295/2873/871 2294/2872/1113
f 2294/2872/1113 2295/2873/871 2296/2874/753
f 2297/2875/1114 2298/2876/1115 2299/2877/874
f 2299/2877/874 2298/2876/1115 2300/2878/907
f 2301/2879/1116 2302/2880/1117 2297/2875/1114
f 2297/2875/1114 2302/2880/1117 2298/2876/1115
f 2303/2881/1118 2304/2882/1119 2305/2883/1120
f 2305/2883/1120 2304/2882/1119 2306/2884/1121
f 2304/2882/1119 2307/2885/840 2306/2884/1121
f 2306/2884/1121 2307/2885/840 2308/2886/841
f 2309/2887/909 2310/2888/1122 2291/2889/902
f 2291/2889/902 2310/2888/1122 2311/2890/1123
f 2312/2891/1124 2313/2892/1125 2301/2893/1116
f 2301/2893/1116 2313/2892/1125 2302/2894/1117
f 2314/2895/1126 2309/2887/909 2293/2896/1112
f 2293/2896/1112 2309/2887/909 2291/2889/902
f 2314/2895/1126 2293/2896/1112 2315/2897/1127
f 2315/2897/1127 2293/2896/1112 2316/2898/1128
f 2296/2874/753 2300/2878/907 2317/2899/1129
f 2317/2899/1129 2300/2878/907 2318/2900/1130
f 2302/2894/1117 2313/2892/1125 2319/2901/1131
f 2319/2901/1131 2313/2892/1125 2320/2902/618
f 2315/2897/1127 2316/2898/1128 1393/1745/1132
f 1393/1745/1132 2316/2898/1128 1377/1746/1133
f 2317/2899/1129 2318/2900/1130 1355/1693/1134
f 1355/1693/1134 2318/2900/1130 1356/1694/1135
f 2319/2901/1131 2320/2902/618 1380/1747/1136
f 1380/1747/1136 2320/2902/618 1394/1748/1137
f 2321/2903/1138 2322/2904/1139 2323/2905/714
f 2323/2905/714 2322/2904/1139 2324/2906/975
f 2323/2905/714 2324/2906/975 2310/2888/1122
f 2310/2888/1122 2324/2906/975 2311/2890/1123
f 2312/2891/1124 2301/2893/1116 2325/2907/1140
f 2325/2907/1140 2301/2893/1116 2303/2908/1118
f 2325/2907/1140 2303/2908/1118 2326/2909/717
f 2326/2909/717 2303/2908/1118 2305/2910/1120
f 2327/2911/1141 2328/2912/998 2321/2903/1138
f 2321/2903/1138 2328/2912/998 2322/2904/1139
f 2308/2886/841 2307/2885/840 2329/2913/1093
f 2329/2913/1093 2307/2885/840 2330/2914/887
f 2330/2914/887 2307/2885/840 2331/2915/769
f 2307/2885/840 2299/2877/874 2331/2915/769
f 2299/2877/874 2300/2878/907 2331/2915/769
f 2331/2915/769 2300/2878/907 2332/2916/770
f 2332/2916/770 2300/2878/907 2295/2873/871
f 2300/2878/907 2296/2874/753 2295/2873/871
f 2327/2911/1141 2333/2917/816 2328/2912/998
f 2328/2912/998 2333/2917/816 2334/2918/999
f 2329/2913/1093 2335/2919/1142 2308/2886/841
f 2308/2886/841 2335/2919/1142 2336/2920/1000
f 2305/2910/1120 2337/2921/1094 2326/2909/717
f 2326/2909/717 2337/2921/1094 2338/2922/1095
f 2333/2917/816 2257/2823/951 2334/2918/999
f 2334/2918/999 2257/2823/951 2258/2824/952
f 2335/2919/1142 2259/2825/980 2336/2920/1000
f 2336/2920/1000 2259/2825/980 2260/2826/1002
f 2337/2921/1094 2261/2827/973 2338/2922/1095
f 2338/2922/1095 2261/2827/973 2262/2828/808
f 2295/2873/871 2292/2870/1111 2332/2916/770
f 2332/2916/770 2292/2870/1111 2339/2923/1143
f 2292/2870/1111 2291/2869/902 2339/2923/1143
f 2339/2923/1143 2291/2869/902 2311/2924/1123
f 2332/2916/770 2339/2923/1143 2331/2915/769
f 2331/2915/769 2339/2923/1143 2340/2925/1144
f 2339/2923/1143 2311/2924/1123 2340/2925/1144
f 2340/2925/1144 2311/2924/1123 2324/2926/975
f 2300/2878/907 2298/2876/1115 2318/2900/1130
f 2318/2900/1130 2298/2876/1115 2341/2927/1145
f 2298/2876/1115 2302/2880/1117 2341/2927/1145
f 2341/2927/1145 2302/2880/1117 2319/2928/1131
f 2294/2872/1113 2342/2929/1146 2293/2871/1112
f 2293/2871/1112 2342/2929/1146 2316/2930/1128
f 2296/2874/753 2317/2899/1129 2294/2872/1113
f 2294/2872/1113 2317/2899/1129 2342/2929/1146
f 2316/2930/1128 2342/2929/1146 1377/1715/1133
f 1377/1715/1133 2342/2929/1146 1378/1716/1147
f 2342/2929/1146 2317/2899/1129 1378/1716/1147
f 1378/1716/1147 2317/2899/1129 1355/1693/1134
f 2341/2927/1145 1379/1717/1148 2318/2900/1130
f 2318/2900/1130 1379/1717/1148 1356/1694/1135
f 2319/2928/1131 1380/1718/1136 2341/2927/1145
f 2341/2927/1145 1380/1718/1136 1379/1717/1148
f 2343/2931/1149 2344/2932/1150 2330/2914/887
f 2330/2914/887 2344/2932/1150 2329/2913/1093
f 2322/2933/1139 2328/2934/998 2343/2931/1149
f 2343/2931/1149 2328/2934/998 2344/2932/1150
f 2343/2931/1149 2340/2925/1144 2322/2933/1139
f 2322/2933/1139 2340/2925/1144 2324/2926/975
f 2330/2914/887 2331/2915/769 2343/2931/1149
f 2343/2931/1149 2331/2915/769 2340/2925/1144
f 2301/2879/1116 2297/2875/1114 2303/2881/1118
f 2303/2881/1118 2297/2875/1114 2304/2882/1119
f 2297/2875/1114 2299/2877/874 2304/2882/1119
f 2304/2882/1119 2299/2877/874 2307/2885/840
f 2306/2884/1121 2345/2935/1007 2305/2883/1120
f 2305/2883/1120 2345/2935/1007 2337/2936/1094
f 2308/2886/841 2336/2920/1000 2306/2884/1121
f 2306/2884/1121 2336/2920/1000 2345/2935/1007
f 2329/2913/1093 2344/2932/1150 2335/2919/1142
f 2335/2919/1142 2344/2932/1150 2346/2937/1151
f 2344/2932/1150 2328/2934/998 2346/2937/1151
f 2346/2937/1151 2328/2934/998 2334/2938/999
f 2346/2937/1151 2285/2858/1072 2335/2919/1142
f 2335/2919/1142 2285/2858/1072 2259/2825/980
f 2334/2938/999 2258/2857/952 2346/2937/1151
f 2346/2937/1151 2258/2857/952 2285/2858/1072
f 2337/2936/1094 2345/2935/1007 2261/2860/973
f 2261/2860/973 2345/2935/1007 2286/2859/897
f 2345/2935/1007 2336/2920/1000 2286/2859/897
f 2286/2859/897 2336/2920/1000 2260/2826/1002
s off
g BaseStore2_Under_BSG
v -0.318229 38.4503 -1.67984
v -0.409113 38.4707 -1.66575
v -0.318229 44.7198 -15.4169
v -0.40911 44.7467 -15.4169
v -0.475642 38.5257 -1.62615
v -0.475639 44.82 -15.4169
v -0.49999 38.6004 -1.57164
v -0.49999 44.9202 -15.4169
v -0.334733 38.5056 -1.41549
v -0.330373 38.4473 -1.48767
v 34.7429 38.5188 -1.40555
v 34.7428 38.4539 -1.48296
v -0.32447 38.4276 -1.5822
v 34.7428 38.4294 -1.58098
v 34.7429 38.4503 -1.67984
v -0.478057 38.5561 -1.49195
v -0.49999 38.8439 -1.42917
v -0.47591 38.8011 -1.3455
v -0.417542 38.5214 -1.43477
v -0.409911 38.7682 -1.28498
v -0.319704 38.7542 -1.26383
v 34.9003 38.5257 -1.62615
v 34.9003 44.82 -15.4169
v 34.9247 38.6004 -1.57164
v 34.9247 44.9202 -15.4169
v 34.8338 38.4707 -1.66575
v 34.8338 44.7467 -15.4169
v 34.7429 44.7198 -15.4169
v 34.8338 38.5304 -1.42747
v 34.7459 38.7555 -1.26283
v 34.8353 38.7691 -1.28425
v 34.9003 38.5603 -1.48827
v 34.9008 38.8015 -1.34514
v 34.9247 38.8439 -1.42917
v -0.475896 38.9215 -1.37603
v -0.49999 45.243 -15.4169
v -0.475639 45.343 -15.4169
v -0.409899 38.9791 -1.33834
v -0.40911 45.4162 -15.4169
v -0.319704 39.0014 -1.32622
v -0.318229 45.443 -15.4169
v -0.318899 38.9375 -1.25454
v 34.7444 39.0014 -1.32622
v 34.745 38.9377 -1.25438
v -0.318899 38.8444 -1.23105
v 34.7456 38.8451 -1.23054
v 34.8346 38.9791 -1.33834
v 34.8338 45.4162 -15.4169
v 34.7429 45.443 -15.4169
v 34.9006 38.9215 -1.37603
v 34.9003 45.343 -15.4169
v 34.9247 45.243 -15.4169
v -0.464015 38.4986 -1.54871
v -0.400325 38.4454 -1.58569
v -0.403732 38.4658 -1.49191
v 34.8214 38.4467 -1.58452
v 34.8867 38.5009 -1.5467
v 34.8214 38.4709 -1.48785
v -0.397215 38.931 -1.27292
v -0.462227 38.874 -1.31017
v -0.397273 38.8415 -1.25027
v 34.8873 38.8742 -1.30998
v 34.8227 38.9312 -1.2728
v 34.823 38.842 -1.24986
v -0.49999 44.9202 -16.5276
v -0.49999 45.243 -16.5276
v -0.318229 45.443 -16.5276
v 34.7429 45.443 -16.5276
v 34.9247 45.243 -16.5276
v 34.9247 44.9202 -16.5276
v 34.7429 44.7198 -16.5276
v -0.318229 44.7198 -16.5276
v -0.40911 44.7467 -16.5276
v -0.475639 44.82 -16.5276
v 34.9003 44.82 -16.5276
v 34.8338 44.7467 -16.5276
v -0.475639 45.343 -16.5276
v -0.40911 45.4162 -16.5276
v 34.8338 45.4162 -16.5276
v 34.9003 45.343 -16.5276
v -0.318229 38.4503 -30.2647
v -0.409113 38.4707 -30.2787
v -0.475642 38.5257 -30.3183
v -0.49999 38.6004 -30.3729
v -0.334733 38.5056 -30.529
v 34.7429 38.5188 -30.539
v -0.330373 38.4473 -30.4568
v 34.7428 38.4539 -30.4615
v -0.32447 38.4276 -30.3623
v 34.7428 38.4294 -30.3635
v 34.7429 38.4503 -30.2647
v -0.49999 38.8439 -30.5153
v -0.478057 38.5561 -30.4526
v -0.47591 38.8011 -30.599
v -0.417542 38.5214 -30.5097
v -0.409911 38.7682 -30.6595
v -0.319704 38.7542 -30.6807
v 34.9247 38.6004 -30.3729
v 34.9003 38.5257 -30.3183
v 34.8338 38.4707 -30.2787
v 34.7459 38.7555 -30.6817
v 34.8338 38.5304 -30.517
v 34.8353 38.7691 -30.6602
v 34.9008 38.8015 -30.5994
v 34.9003 38.5603 -30.4562
v 34.9247 38.8439 -30.5153
v -0.475896 38.9215 -30.5685
v -0.409899 38.9791 -30.6062
v -0.319704 39.0014 -30.6183
v 34.7444 39.0014 -30.6183
v -0.318899 38.9375 -30.69
v 34.745 38.9377 -30.6901
v -0.318899 38.8444 -30.7134
v 34.7456 38.8451 -30.714
v 34.8346 38.9791 -30.6062
v 34.9006 38.9215 -30.5685
v -0.464015 38.4986 -30.3958
v -0.400325 38.4454 -30.3588
v -0.403732 38.4658 -30.4526
v 34.8214 38.4467 -30.36
v 34.8867 38.5009 -30.3978
v 34.8214 38.4709 -30.4566
v -0.397215 38.931 -30.6716
v -0.462227 38.874 -30.6343
v -0.397273 38.8415 -30.6942
v 34.8873 38.8742 -30.6345
v 34.8227 38.9312 -30.6717
v 34.823 38.842 -30.6946
vn -0.000714 -0.910325 -0.413894
vn -0.51379 -0.780819 -0.355446
vn -0.000753 -0.921237 -0.389001
vn -0.532947 -0.779144 -0.330003
vn -0.879836 -0.43274 -0.196534
vn -0.895249 -0.410824 -0.172488
vn -0.99848 -0.050676 -0.021674
vn -0.999121 -0.038761 -0.015949
vn -0.000705 -0.589539 0.80774
vn -0.000425 -0.894647 0.446774
vn 0.000654 -0.588934 0.808181
vn 0.000613 -0.898127 0.439737
vn -0.000447 -0.999948 0.010223
vn 0.000572 -0.999999 0.001403
vn 0.000714 -0.910302 -0.413944
vn -0.879538 -0.287243 0.379346
vn -0.997388 0.065068 0.031362
vn -0.877986 -0.200053 0.434878
vn -0.527089 -0.48495 0.697854
vn -0.519986 -0.398652 0.755441
vn -0.000673 -0.476713 0.879059
vn 0.879807 -0.432877 -0.196361
vn 0.895245 -0.410832 -0.17249
vn 0.998477 -0.050747 -0.02164
vn 0.999121 -0.038763 -0.01595
vn 0.513783 -0.780906 -0.355265
vn 0.532949 -0.779143 -0.330003
vn 0.000753 -0.921237 -0.389001
vn 0.508721 -0.499905 0.700926
vn 0.000643 -0.475343 0.8798
vn 0.51467 -0.407513 0.754353
vn 0.870769 -0.302036 0.38799
vn 0.873807 -0.210011 0.438584
vn 0.997389 0.06503 0.031392
vn -0.85735 0.467561 0.215263
vn -0.995872 0.083373 0.035873
vn -0.841075 0.497676 0.211921
vn -0.49701 0.788582 0.362105
vn -0.47915 0.808583 0.34148
vn -0.000697 0.90872 0.417406
vn -0.000664 0.920744 0.390166
vn -0.000548 0.520943 0.853591
vn 0.000697 0.908713 0.417421
vn 0.000535 0.519239 0.854629
vn -0.000553 -0.049284 0.998785
vn 0.000532 -0.049322 0.998783
vn 0.497015 0.788591 0.362078
vn 0.479156 0.808577 0.341485
vn 0.000664 0.920744 0.390166
vn 0.857356 0.467562 0.215237
vn 0.841081 0.497666 0.211924
vn 0.995872 0.083376 0.035874
vn -0.81253 -0.573159 0.106227
vn -0.422073 -0.904195 -0.065463
vn -0.439429 -0.799115 0.410265
vn 0.405176 -0.913975 -0.02197
vn 0.79464 -0.58883 0.147741
vn 0.405448 -0.795694 0.44998
vn -0.435284 0.506775 0.744115
vn -0.830914 0.136757 0.539332
vn -0.435445 -0.092231 0.895478
vn 0.833675 0.139802 0.534267
vn 0.438612 0.511389 0.738987
vn 0.44035 -0.089144 0.89339
vn -0.998347 -0.057469 0
vn -0.998346 0.057499 0
vn -0.000762 1 0
vn 0.000762 1 0
vn 0.998345 0.057501 0
vn 0.998347 -0.057471 0
vn 0.000764 -1 0
vn -0.000764 -1 0
vn -0.537037 -0.843559 0
vn -0.885912 -0.463853 0
vn 0.885912 -0.463853 0
vn 0.537039 -0.843557 0
vn -0.885492 0.464655 0
vn -0.536192 0.844096 0
vn 0.536195 0.844094 0
vn 0.885492 0.464654 0
vn -0.000714 -0.910325 0.413894
vn -0.000747 -0.909731 0.415198
vn -0.513786 -0.780821 0.355447
vn -0.530369 -0.771238 0.351995
vn -0.879837 -0.432738 0.196533
vn -0.894763 -0.406228 0.185411
vn -0.99848 -0.050676 0.021674
vn -0.999153 -0.037429 0.017084
vn -0.000705 -0.58954 -0.807739
vn 0.000654 -0.588935 -0.80818
vn -0.000425 -0.894646 -0.446776
vn 0.000613 -0.898125 -0.439739
vn -0.000447 -0.999948 -0.010226
vn 0.000572 -0.999999 -0.001405
vn 0.000714 -0.910302 0.413944
vn -0.997388 0.065069 -0.031362
vn -0.879537 -0.287242 -0.37935
vn -0.877987 -0.200052 -0.434876
vn -0.527084 -0.484949 -0.697859
vn -0.519983 -0.398654 -0.755442
vn -0.000673 -0.476714 -0.879058
vn 0.999153 -0.037432 0.017085
vn 0.894758 -0.40624 0.185412
vn 0.998477 -0.050748 0.02164
vn 0.879806 -0.432879 0.19636
vn 0.530368 -0.771239 0.351995
vn 0.513777 -0.78091 0.355265
vn 0.000747 -0.909731 0.415198
vn 0.000643 -0.475344 -0.8798
vn 0.508721 -0.499911 -0.700922
vn 0.514674 -0.407516 -0.754348
vn 0.873808 -0.210005 -0.438586
vn 0.870767 -0.302036 -0.387995
vn 0.99739 0.065028 -0.031392
vn -0.99554 0.085797 -0.039242
vn -0.857349 0.467561 -0.215263
vn -0.835823 0.499276 -0.228305
vn -0.497012 0.788581 -0.362104
vn -0.472228 0.801664 -0.366519
vn -0.000697 0.90872 -0.417406
vn -0.000653 0.909469 -0.415771
vn 0.000697 0.908713 -0.417421
vn -0.000548 0.520947 -0.853589
vn 0.000535 0.519243 -0.854626
vn -0.000554 -0.049286 -0.998785
vn 0.000532 -0.049324 -0.998783
vn 0.000653 0.909469 -0.415771
vn 0.472232 0.801659 -0.366523
vn 0.497015 0.788592 -0.362076
vn 0.835828 0.499267 -0.228307
vn 0.857355 0.467564 -0.215237
vn 0.995539 0.085798 -0.039243
vn -0.812531 -0.573156 -0.106234
vn -0.422072 -0.904195 0.065469
vn -0.439437 -0.799107 -0.410272
vn 0.405176 -0.913975 0.021964
vn 0.794632 -0.58884 -0.147739
vn 0.405442 -0.795695 -0.449984
vn -0.435279 0.506777 -0.744117
vn -0.830919 0.136759 -0.539324
vn -0.435451 -0.092239 -0.895475
vn 0.833678 0.13981 -0.53426
vn 0.438617 0.511378 -0.738991
vn 0.440361 -0.089141 -0.893384
vt 0.231133 0.020167
vt 0.231096 0.01886
vt 0.441203 0.019619
vt 0.441354 0.018311
vt 0.219902 0.006189
vt 0.220084 0.007508
vt 0.008095 0.005923
vt 0.007667 0.007244
vt 0.22034 0.008824
vt 0.007082 0.008567
vt 0.229236 0.01652
vt 0.230537 0.016581
vt 0.228258 0.507947
vt 0.229666 0.507943
vt 0.231887 0.016661
vt 0.231074 0.507942
vt 0.232481 0.507941
vt 0.221711 0.00869
vt 0.220725 0.012758
vt 0.222088 0.012816
vt 0.223132 0.008465
vt 0.223598 0.012863
vt 0.229285 0.015271
vt 0.225162 0.015434
vt 0.225153 0.016732
vt 0.219397 0.517201
vt 0.007288 0.517324
vt 0.219653 0.515886
vt 0.006703 0.516001
vt 0.219216 0.518519
vt 0.007715 0.518643
vt 0.232425 0.509252
vt 0.442905 0.508662
vt 0.442745 0.507352
vt 0.2283 0.509314
vt 0.224405 0.507992
vt 0.224367 0.509342
vt 0.221051 0.51592
vt 0.221468 0.511919
vt 0.222558 0.516096
vt 0.222983 0.511946
vt 0.220035 0.511952
vt 0.220947 0.014097
vt 0.005199 0.012687
vt 0.004616 0.014007
vt 0.22109 0.015424
vt 0.004189 0.015326
vt 0.221114 0.016734
vt 0.004032 0.016644
vt 0.22246 0.016744
vt 0.220407 0.507971
vt 0.221745 0.507981
vt 0.223806 0.016744
vt 0.223078 0.507987
vt 0.22039 0.509283
vt 0.003805 0.509238
vt 0.003646 0.507917
vt 0.220253 0.510612
vt 0.004234 0.510559
vt 0.004818 0.51188
vt 0.221326 0.007591
vt 0.221307 0.006209
vt 0.232165 0.017072
vt 0.230888 0.015681
vt 0.222705 0.00717
vt 0.231138 0.509157
vt 0.220653 0.518572
vt 0.220645 0.517122
vt 0.222109 0.517551
vt 0.229608 0.509182
vt 0.222365 0.015479
vt 0.222071 0.014006
vt 0.223538 0.014317
vt 0.223884 0.015524
vt 0.22144 0.510693
vt 0.221719 0.509215
vt 0.223104 0.509169
vt 0.223015 0.510382
vt 0.945251 0.014699
vt 0.945251 0.019385
vt 0.929158 0.014699
vt 0.929158 0.019385
vt 0.945251 0.023448
vt 0.945251 0.491763
vt 0.929158 0.023448
vt 0.929158 0.491763
vt 0.899578 0.499515
vt 0.899578 0.494857
vt 0.915131 0.499515
vt 0.915131 0.494857
vt 0.899578 0.490647
vt 0.899578 0.003968
vt 0.915131 0.490647
vt 0.915131 0.003968
vt 0.945251 0.008778
vt 0.945251 0.010267
vt 0.929158 0.008778
vt 0.929158 0.010267
vt 0.945251 0.013142
vt 0.929158 0.013142
vt 0.899578 0.493375
vt 0.915131 0.493375
vt 0.899578 0.49197
vt 0.915131 0.49197
vt 0.945251 0.020821
vt 0.929158 0.020821
vt 0.945251 0.022175
vt 0.929158 0.022175
vt 0.899578 0.50374
vt 0.899578 0.502398
vt 0.915131 0.50374
vt 0.915131 0.502398
vt 0.899578 0.500989
vt 0.915131 0.500989
vt 0.663431 0.017054
vt 0.452806 0.01699
vt 0.663493 0.015741
vt 0.452651 0.015677
vt 0.676788 0.006552
vt 0.887346 0.006446
vt 0.676606 0.007863
vt 0.887771 0.007758
vt 0.676349 0.00917
vt 0.888351 0.009072
vt 0.667471 0.016825
vt 0.667527 0.506113
vt 0.666176 0.016886
vt 0.666118 0.506111
vt 0.664829 0.016968
vt 0.664708 0.50611
vt 0.663299 0.506112
vt 0.675955 0.01308
vt 0.675054 0.009032
vt 0.674591 0.013092
vt 0.673751 0.008801
vt 0.673165 0.013078
vt 0.667478 0.015596
vt 0.671571 0.015696
vt 0.671532 0.017036
vt 0.888432 0.514136
vt 0.887851 0.515452
vt 0.676172 0.514012
vt 0.676429 0.515321
vt 0.887426 0.516766
vt 0.676611 0.516633
vt 0.66336 0.507425
vt 0.45251 0.507365
vt 0.452666 0.506052
vt 0.671383 0.506155
vt 0.667462 0.507454
vt 0.671414 0.50749
vt 0.672986 0.510086
vt 0.674412 0.51008
vt 0.67345 0.51425
vt 0.674843 0.514086
vt 0.675778 0.510097
vt 0.89022 0.013162
vt 0.675727 0.014413
vt 0.890803 0.014474
vt 0.675578 0.015734
vt 0.891231 0.015786
vt 0.67555 0.017039
vt 0.89139 0.017097
vt 0.675384 0.506135
vt 0.67421 0.017049
vt 0.674045 0.506144
vt 0.672871 0.017048
vt 0.672711 0.506151
vt 0.891464 0.506103
vt 0.891308 0.507415
vt 0.675409 0.50744
vt 0.890884 0.508728
vt 0.675554 0.508763
vt 0.890304 0.510041
vt 0.675448 0.00795
vt 0.675452 0.006611
vt 0.664761 0.015844
vt 0.666242 0.015786
vt 0.674181 0.007539
vt 0.664646 0.507273
vt 0.675251 0.515207
vt 0.675235 0.516589
vt 0.673906 0.515603
vt 0.66617 0.507281
vt 0.674276 0.015774
vt 0.674599 0.014288
vt 0.673147 0.014518
vt 0.672797 0.015857
vt 0.674424 0.508888
vt 0.67411 0.507408
vt 0.672637 0.507332
vt 0.672978 0.508655
usemtl Under_BSG
f 2347/2939/1152 2348/2940/1153 2349/2941/1154
f 2349/2941/1154 2348/2940/1153 2350/2942/1155
f 2348/2943/1153 2351/2944/1156 2350/2945/1155
f 2350/2945/1155 2351/2944/1156 2352/2946/1157
f 2351/2944/1156 2353/2947/1158 2352/2946/1157
f 2352/2946/1157 2353/2947/1158 2354/2948/1159
f 2355/2949/1160 2356/2950/1161 2357/2951/1162
f 2357/2951/1162 2356/2950/1161 2358/2952/1163
f 2356/2950/1161 2359/2953/1164 2358/2952/1163
f 2358/2952/1163 2359/2953/1164 2360/2954/1165
f 2359/2953/1164 2347/2939/1152 2360/2954/1165
f 2360/2954/1165 2347/2939/1152 2361/2955/1166
f 2353/2947/1158 2362/2956/1167 2363/2957/1168
f 2363/2957/1168 2362/2956/1167 2364/2958/1169
f 2362/2956/1167 2365/2959/1170 2364/2958/1169
f 2364/2958/1169 2365/2959/1170 2366/2960/1171
f 2365/2961/1170 2355/2949/1160 2366/2962/1171
f 2366/2962/1171 2355/2949/1160 2367/2963/1172
f 2368/2964/1173 2369/2965/1174 2370/2966/1175
f 2370/2966/1175 2369/2965/1174 2371/2967/1176
f 2372/2968/1177 2373/2969/1178 2368/2964/1173
f 2368/2964/1173 2373/2969/1178 2369/2965/1174
f 2372/2970/1177 2361/2955/1166 2373/2971/1178
f 2373/2971/1178 2361/2955/1166 2374/2972/1179
f 2357/2951/1162 2375/2973/1180 2376/2974/1181
f 2376/2974/1181 2375/2973/1180 2377/2975/1182
f 2378/2976/1183 2379/2977/1184 2375/2978/1180
f 2375/2978/1180 2379/2977/1184 2377/2979/1182
f 2370/2966/1175 2380/2980/1185 2378/2976/1183
f 2378/2976/1183 2380/2980/1185 2379/2977/1184
f 2363/2957/1168 2381/2981/1186 2382/2982/1187
f 2382/2982/1187 2381/2981/1186 2383/2983/1188
f 2381/2981/1186 2384/2984/1189 2383/2983/1188
f 2383/2983/1188 2384/2984/1189 2385/2985/1190
f 2384/2984/1189 2386/2986/1191 2385/2985/1190
f 2385/2985/1190 2386/2986/1191 2387/2987/1192
f 2386/2986/1191 2388/2988/1193 2389/2989/1194
f 2389/2989/1194 2388/2988/1193 2390/2990/1195
f 2388/2988/1193 2391/2991/1196 2390/2990/1195
f 2390/2990/1195 2391/2991/1196 2392/2992/1197
f 2391/2991/1196 2367/2963/1172 2392/2992/1197
f 2392/2992/1197 2367/2963/1172 2376/2974/1181
f 2393/2993/1198 2394/2994/1199 2389/2989/1194
f 2389/2989/1194 2394/2994/1199 2395/2995/1200
f 2396/2996/1201 2397/2997/1202 2393/2993/1198
f 2393/2993/1198 2397/2997/1202 2394/2994/1199
f 2380/2980/1185 2398/2998/1203 2396/2996/1201
f 2396/2996/1201 2398/2998/1203 2397/2997/1202
f 2355/2949/1160 2357/2951/1162 2367/2963/1172
f 2367/2963/1172 2357/2951/1162 2376/2974/1181
f 2386/2986/1191 2389/2989/1194 2387/2987/1192
f 2387/2987/1192 2389/2989/1194 2395/2995/1200
f 2347/2939/1152 2349/2941/1154 2361/2955/1166
f 2361/2955/1166 2349/2941/1154 2374/2972/1179
f 2370/2966/1175 2371/2967/1176 2380/2980/1185
f 2380/2980/1185 2371/2967/1176 2398/2998/1203
f 2353/2947/1158 2363/2957/1168 2354/2948/1159
f 2354/2948/1159 2363/2957/1168 2382/2982/1187
f 2362/2956/1167 2353/2947/1158 2399/2999/1204
f 2399/2999/1204 2353/2947/1158 2351/2944/1156
f 2399/2999/1204 2351/2944/1156 2400/3000/1205
f 2400/3000/1205 2351/2944/1156 2348/2943/1153
f 2348/2940/1153 2347/2939/1152 2400/3001/1205
f 2400/3001/1205 2347/2939/1152 2359/2953/1164
f 2359/2953/1164 2356/2950/1161 2400/3001/1205
f 2400/3001/1205 2356/2950/1161 2401/3002/1206
f 2356/2950/1161 2355/2949/1160 2401/3002/1206
f 2401/3002/1206 2355/2949/1160 2365/2961/1170
f 2365/2959/1170 2362/2956/1167 2401/3003/1206
f 2401/3003/1206 2362/2956/1167 2399/2999/1204
f 2399/2999/1204 2400/3000/1205 2401/3003/1206
f 2360/2954/1165 2361/2955/1166 2402/3004/1207
f 2402/3004/1207 2361/2955/1166 2372/2970/1177
f 2372/2968/1177 2368/2964/1173 2402/3005/1207
f 2402/3005/1207 2368/2964/1173 2403/3006/1208
f 2368/2964/1173 2370/2966/1175 2403/3006/1208
f 2403/3006/1208 2370/2966/1175 2378/2976/1183
f 2403/3006/1208 2378/2976/1183 2404/3007/1209
f 2404/3007/1209 2378/2976/1183 2375/2978/1180
f 2375/2973/1180 2357/2951/1162 2404/3008/1209
f 2404/3008/1209 2357/2951/1162 2358/2952/1163
f 2404/3008/1209 2358/2952/1163 2402/3004/1207
f 2402/3004/1207 2358/2952/1163 2360/2954/1165
f 2402/3005/1207 2403/3006/1208 2404/3007/1209
f 2388/2988/1193 2386/2986/1191 2405/3009/1210
f 2405/3009/1210 2386/2986/1191 2384/2984/1189
f 2405/3009/1210 2384/2984/1189 2406/3010/1211
f 2406/3010/1211 2384/2984/1189 2381/2981/1186
f 2363/2957/1168 2364/2958/1169 2381/2981/1186
f 2381/2981/1186 2364/2958/1169 2406/3010/1211
f 2364/2958/1169 2366/2960/1171 2406/3010/1211
f 2406/3010/1211 2366/2960/1171 2407/3011/1212
f 2366/2962/1171 2367/2963/1172 2407/3012/1212
f 2407/3012/1212 2367/2963/1172 2391/2991/1196
f 2391/2991/1196 2388/2988/1193 2407/3012/1212
f 2407/3012/1212 2388/2988/1193 2405/3009/1210
f 2405/3009/1210 2406/3010/1211 2407/3011/1212
f 2380/2980/1185 2396/2996/1201 2379/2977/1184
f 2379/2977/1184 2396/2996/1201 2408/3013/1213
f 2396/2996/1201 2393/2993/1198 2408/3013/1213
f 2408/3013/1213 2393/2993/1198 2409/3014/1214
f 2393/2993/1198 2389/2989/1194 2409/3014/1214
f 2409/3014/1214 2389/2989/1194 2390/2990/1195
f 2390/2990/1195 2392/2992/1197 2409/3014/1214
f 2409/3014/1214 2392/2992/1197 2410/3015/1215
f 2392/2992/1197 2376/2974/1181 2410/3015/1215
f 2410/3015/1215 2376/2974/1181 2377/2975/1182
f 2410/3016/1215 2377/2979/1182 2408/3013/1213
f 2408/3013/1213 2377/2979/1182 2379/2977/1184
f 2408/3013/1213 2409/3014/1214 2410/3016/1215
f 2354/3017/1159 2382/3018/1187 2411/3019/1216
f 2411/3019/1216 2382/3018/1187 2412/3020/1217
f 2387/3021/1192 2395/3022/1200 2413/3023/1218
f 2413/3023/1218 2395/3022/1200 2414/3024/1219
f 2398/3025/1203 2371/3026/1176 2415/3027/1220
f 2415/3027/1220 2371/3026/1176 2416/3028/1221
f 2374/3029/1179 2349/3030/1154 2417/3031/1222
f 2417/3031/1222 2349/3030/1154 2418/3032/1223
f 2349/3033/1154 2350/3034/1155 2418/3035/1223
f 2418/3035/1223 2350/3034/1155 2419/3036/1224
f 2350/3034/1155 2352/3037/1157 2419/3036/1224
f 2419/3036/1224 2352/3037/1157 2420/3038/1225
f 2352/3037/1157 2354/3017/1159 2420/3038/1225
f 2420/3038/1225 2354/3017/1159 2411/3019/1216
f 2371/3026/1176 2369/3039/1174 2416/3028/1221
f 2416/3028/1221 2369/3039/1174 2421/3040/1226
f 2369/3039/1174 2373/3041/1178 2421/3040/1226
f 2421/3040/1226 2373/3041/1178 2422/3042/1227
f 2373/3041/1178 2374/3029/1179 2422/3042/1227
f 2422/3042/1227 2374/3029/1179 2417/3031/1222
f 2382/3018/1187 2383/3043/1188 2412/3020/1217
f 2412/3020/1217 2383/3043/1188 2423/3044/1228
f 2383/3043/1188 2385/3045/1190 2423/3044/1228
f 2423/3044/1228 2385/3045/1190 2424/3046/1229
f 2385/3045/1190 2387/3021/1192 2424/3046/1229
f 2424/3046/1229 2387/3021/1192 2413/3023/1218
f 2395/3047/1200 2394/3048/1199 2414/3049/1219
f 2414/3049/1219 2394/3048/1199 2425/3050/1230
f 2394/3048/1199 2397/3051/1202 2425/3050/1230
f 2425/3050/1230 2397/3051/1202 2426/3052/1231
f 2397/3051/1202 2398/3025/1203 2426/3052/1231
f 2426/3052/1231 2398/3025/1203 2415/3027/1220
f 2427/3053/1232 2418/3054/1233 2428/3055/1234
f 2428/3055/1234 2418/3054/1233 2419/3056/1235
f 2428/3057/1234 2419/3058/1235 2429/3059/1236
f 2429/3059/1236 2419/3058/1235 2420/3060/1237
f 2429/3059/1236 2420/3060/1237 2430/3061/1238
f 2430/3061/1238 2420/3060/1237 2411/3062/1239
f 2431/3063/1240 2432/3064/1241 2433/3065/1242
f 2433/3065/1242 2432/3064/1241 2434/3066/1243
f 2433/3065/1242 2434/3066/1243 2435/3067/1244
f 2435/3067/1244 2434/3066/1243 2436/3068/1245
f 2435/3067/1244 2436/3068/1245 2427/3053/1232
f 2427/3053/1232 2436/3068/1245 2437/3069/1246
f 2430/3061/1238 2438/3070/1247 2439/3071/1248
f 2439/3071/1248 2438/3070/1247 2440/3072/1249
f 2439/3071/1248 2440/3072/1249 2441/3073/1250
f 2441/3073/1250 2440/3072/1249 2442/3074/1251
f 2441/3075/1250 2442/3076/1251 2431/3063/1240
f 2431/3063/1240 2442/3076/1251 2443/3077/1252
f 2416/3078/1253 2421/3079/1254 2444/3080/1255
f 2444/3080/1255 2421/3079/1254 2445/3081/1256
f 2421/3079/1254 2422/3082/1257 2445/3081/1256
f 2445/3081/1256 2422/3082/1257 2446/3083/1258
f 2446/3084/1258 2422/3085/1257 2437/3069/1246
f 2437/3069/1246 2422/3085/1257 2417/3086/1259
f 2432/3064/1241 2447/3087/1260 2448/3088/1261
f 2448/3088/1261 2447/3087/1260 2449/3089/1262
f 2449/3090/1262 2450/3091/1263 2448/3092/1261
f 2448/3092/1261 2450/3091/1263 2451/3093/1264
f 2450/3091/1263 2452/3094/1265 2451/3093/1264
f 2451/3093/1264 2452/3094/1265 2444/3080/1255
f 2438/3070/1247 2412/3095/1266 2453/3096/1267
f 2453/3096/1267 2412/3095/1266 2423/3097/1268
f 2453/3096/1267 2423/3097/1268 2454/3098/1269
f 2454/3098/1269 2423/3097/1268 2424/3099/1270
f 2454/3098/1269 2424/3099/1270 2455/3100/1271
f 2455/3100/1271 2424/3099/1270 2413/3101/1272
f 2455/3100/1271 2456/3102/1273 2457/3103/1274
f 2457/3103/1274 2456/3102/1273 2458/3104/1275
f 2457/3103/1274 2458/3104/1275 2459/3105/1276
f 2459/3105/1276 2458/3104/1275 2460/3106/1277
f 2459/3105/1276 2460/3106/1277 2443/3077/1252
f 2443/3077/1252 2460/3106/1277 2447/3087/1260
f 2414/3107/1278 2425/3108/1279 2456/3102/1273
f 2456/3102/1273 2425/3108/1279 2461/3109/1280
f 2425/3108/1279 2426/3110/1281 2461/3109/1280
f 2461/3109/1280 2426/3110/1281 2462/3111/1282
f 2426/3110/1281 2415/3112/1283 2462/3111/1282
f 2462/3111/1282 2415/3112/1283 2452/3094/1265
f 2431/3063/1240 2443/3077/1252 2432/3064/1241
f 2432/3064/1241 2443/3077/1252 2447/3087/1260
f 2455/3100/1271 2413/3101/1272 2456/3102/1273
f 2456/3102/1273 2413/3101/1272 2414/3107/1278
f 2427/3053/1232 2437/3069/1246 2418/3054/1233
f 2418/3054/1233 2437/3069/1246 2417/3086/1259
f 2444/3080/1255 2452/3094/1265 2416/3078/1253
f 2416/3078/1253 2452/3094/1265 2415/3112/1283
f 2412/3095/1266 2438/3070/1247 2411/3062/1239
f 2411/3062/1239 2438/3070/1247 2430/3061/1238
f 2439/3071/1248 2463/3113/1284 2430/3061/1238
f 2430/3061/1238 2463/3113/1284 2429/3059/1236
f 2463/3113/1284 2464/3114/1285 2429/3059/1236
f 2429/3059/1236 2464/3114/1285 2428/3057/1234
f 2428/3055/1234 2464/3115/1285 2427/3053/1232
f 2427/3053/1232 2464/3115/1285 2435/3067/1244
f 2465/3116/1286 2433/3065/1242 2464/3115/1285
f 2464/3115/1285 2433/3065/1242 2435/3067/1244
f 2433/3065/1242 2465/3116/1286 2431/3063/1240
f 2431/3063/1240 2465/3116/1286 2441/3075/1250
f 2463/3113/1284 2439/3071/1248 2465/3117/1286
f 2465/3117/1286 2439/3071/1248 2441/3073/1250
f 2463/3113/1284 2465/3117/1286 2464/3114/1285
f 2436/3068/1245 2466/3118/1287 2437/3069/1246
f 2437/3069/1246 2466/3118/1287 2446/3084/1258
f 2467/3119/1288 2445/3081/1256 2466/3120/1287
f 2466/3120/1287 2445/3081/1256 2446/3083/1258
f 2445/3081/1256 2467/3119/1288 2444/3080/1255
f 2444/3080/1255 2467/3119/1288 2451/3093/1264
f 2467/3119/1288 2468/3121/1289 2451/3093/1264
f 2451/3093/1264 2468/3121/1289 2448/3092/1261
f 2448/3088/1261 2468/3122/1289 2432/3064/1241
f 2432/3064/1241 2468/3122/1289 2434/3066/1243
f 2468/3122/1289 2466/3118/1287 2434/3066/1243
f 2434/3066/1243 2466/3118/1287 2436/3068/1245
f 2466/3120/1287 2468/3121/1289 2467/3119/1288
f 2457/3103/1274 2469/3123/1290 2455/3100/1271
f 2455/3100/1271 2469/3123/1290 2454/3098/1269
f 2469/3123/1290 2470/3124/1291 2454/3098/1269
f 2454/3098/1269 2470/3124/1291 2453/3096/1267
f 2470/3124/1291 2440/3072/1249 2453/3096/1267
f 2453/3096/1267 2440/3072/1249 2438/3070/1247
f 2471/3125/1292 2442/3074/1251 2470/3124/1291
f 2470/3124/1291 2442/3074/1251 2440/3072/1249
f 2442/3076/1251 2471/3126/1292 2443/3077/1252
f 2443/3077/1252 2471/3126/1292 2459/3105/1276
f 2469/3123/1290 2457/3103/1274 2471/3126/1292
f 2471/3126/1292 2457/3103/1274 2459/3105/1276
f 2469/3123/1290 2471/3125/1292 2470/3124/1291
f 2472/3127/1293 2462/3111/1282 2450/3091/1263
f 2450/3091/1263 2462/3111/1282 2452/3094/1265
f 2473/3128/1294 2461/3109/1280 2472/3127/1293
f 2472/3127/1293 2461/3109/1280 2462/3111/1282
f 2461/3109/1280 2473/3128/1294 2456/3102/1273
f 2456/3102/1273 2473/3128/1294 2458/3104/1275
f 2474/3129/1295 2460/3106/1277 2473/3128/1294
f 2473/3128/1294 2460/3106/1277 2458/3104/1275
f 2460/3106/1277 2474/3129/1295 2447/3087/1260
f 2447/3087/1260 2474/3129/1295 2449/3089/1262
f 2474/3130/1295 2472/3127/1293 2449/3090/1262
f 2449/3090/1262 2472/3127/1293 2450/3091/1263
f 2472/3127/1293 2474/3130/1295 2473/3128/1294
s off
g BaseStore2_TopRoofSG
v 34.7841 46.9277 -16.5597
v 34.7841 46.4277 -16.923
v -0.330103 46.9277 -16.5597
v -0.330103 46.4277 -16.923
v 34.7841 45.8097 -16.923
v -0.330103 45.8097 -16.923
v 34.7841 45.3097 -16.5597
v -0.330103 45.3097 -16.5597
v 34.7841 45.1187 -15.9719
v -0.330103 45.1187 -15.9719
v 34.7841 45.3097 -15.3841
v -0.330103 45.3097 -15.3841
v 34.7841 45.8097 -15.0209
v -0.330103 45.8097 -15.0209
v 34.7841 46.4277 -15.0209
v -0.330103 46.4277 -15.0209
v 34.7841 46.9277 -15.3841
v -0.330103 46.9277 -15.3841
v 34.7841 47.1187 -15.9719
v -0.330103 47.1187 -15.9719
v 35.0888 46.685 -16.3834
v 35.0888 46.8187 -15.9719
v 35.0888 46.335 -16.6377
v 35.0888 46.685 -15.5605
v 35.0888 46.335 -15.3062
v 35.0888 45.9024 -15.3062
v 35.0888 45.5523 -15.5605
v 35.0888 45.4187 -15.9719
v 35.0888 45.5523 -16.3834
v 35.0888 45.9024 -16.6377
v -0.634876 46.685 -16.3834
v -0.634876 46.335 -16.6377
v -0.634876 46.8187 -15.9719
v -0.634876 45.9024 -16.6377
v -0.634876 45.5523 -16.3834
v -0.634876 45.4187 -15.9719
v -0.634876 45.5523 -15.5605
v -0.634876 45.9024 -15.3062
v -0.634876 46.335 -15.3062
v -0.634876 46.685 -15.5605
v 34.9365 46.8952 -16.5361
v 34.9365 47.0785 -15.9719
v 35.048 46.8064 -16.4715
v 35.048 46.9687 -15.9719
v 34.9365 46.4153 -16.8848
v 35.048 46.3814 -16.7803
v 34.9365 45.8221 -16.8848
v 35.048 45.856 -16.7803
v 34.9365 45.3422 -16.5361
v 35.048 45.431 -16.4715
v 34.9365 45.1589 -15.9719
v 35.048 45.2687 -15.9719
v 34.9365 45.3422 -15.4078
v 35.048 45.431 -15.4723
v 34.9365 45.8221 -15.0591
v 35.048 45.856 -15.1635
v 34.9365 46.4153 -15.0591
v 35.048 46.3814 -15.1635
v 34.9365 46.8952 -15.4078
v 35.048 46.8064 -15.4723
v -0.482489 46.8952 -16.5361
v -0.482489 46.4153 -16.8848
v -0.594046 46.8064 -16.4715
v -0.594046 46.3814 -16.7803
v -0.482489 45.8221 -16.8848
v -0.594046 45.856 -16.7803
v -0.482489 45.3422 -16.5361
v -0.594046 45.431 -16.4715
v -0.482489 45.1589 -15.9719
v -0.594046 45.2687 -15.9719
v -0.482489 45.3422 -15.4078
v -0.594046 45.431 -15.4723
v -0.482489 45.8221 -15.0591
v -0.594046 45.856 -15.1635
v -0.482489 46.4153 -15.0591
v -0.594046 46.3814 -15.1635
v -0.482489 46.8952 -15.4078
v -0.594046 46.8064 -15.4723
v -0.482489 47.0785 -15.9719
v -0.594046 46.9687 -15.9719
vn 0.000899 0.809017 -0.587785
vn 0.000899 0.309017 -0.951056
vn -0.000899 0.809017 -0.587785
vn -0.000899 0.309017 -0.951056
vn 0.000899 -0.309017 -0.951056
vn -0.000899 -0.309017 -0.951056
vn 0.000899 -0.809017 -0.587785
vn -0.000899 -0.809017 -0.587785
vn 0.000899 -1 0
vn -0.000899 -1 0
vn 0.000899 -0.809017 0.587785
vn -0.000899 -0.809017 0.587785
vn 0.000899 -0.309016 0.951056
vn -0.000899 -0.309016 0.951056
vn 0.000899 0.309017 0.951056
vn -0.000899 0.309017 0.951056
vn 0.000899 0.809017 0.587785
vn -0.000899 0.809017 0.587785
vn 0.000899 1 -0
vn -0.000899 1 -0
vn 0.999836 0.014631 -0.010631
vn 0.999837 0.018085 -0
vn 0.999836 0.005589 -0.0172
vn 0.999837 0.014631 0.01063
vn 0.999837 0.005589 0.0172
vn 0.999837 -0.005589 0.0172
vn 0.999837 -0.014631 0.01063
vn 0.999837 -0.018085 -0
vn 0.999836 -0.014631 -0.010631
vn 0.999836 -0.005589 -0.0172
vn -0.999837 0.014629 -0.010629
vn -0.999837 0.005588 -0.017198
vn -0.999837 0.018082 -1e-06
vn -0.999837 -0.005588 -0.017198
vn -0.999837 -0.014629 -0.010629
vn -0.999837 -0.018082 -1e-06
vn -0.999837 -0.014629 0.010628
vn -0.999837 -0.005588 0.017196
vn -0.999837 0.005588 0.017196
vn -0.999837 0.014629 0.010628
vn 0.438719 0.727001 -0.5282
vn 0.438717 0.898625 -1e-06
vn 0.82307 0.459474 -0.333827
vn 0.82307 0.56794 -1e-06
vn 0.438722 0.277687 -0.854642
vn 0.823071 0.175505 -0.540141
vn 0.438723 -0.277687 -0.854642
vn 0.823071 -0.175505 -0.540141
vn 0.438719 -0.727002 -0.528198
vn 0.82307 -0.459474 -0.333826
vn 0.438717 -0.898625 0
vn 0.82307 -0.56794 -1e-06
vn 0.438719 -0.727002 0.528199
vn 0.82307 -0.459473 0.333826
vn 0.438723 -0.277686 0.854642
vn 0.823072 -0.175503 0.54014
vn 0.438723 0.277686 0.854641
vn 0.823072 0.175504 0.54014
vn 0.438719 0.727001 0.5282
vn 0.82307 0.459473 0.333826
vn -0.438717 0.727004 -0.528197
vn -0.43872 0.277688 -0.854643
vn -0.82306 0.459486 -0.333833
vn -0.823062 0.175509 -0.540153
vn -0.438719 -0.277687 -0.854644
vn -0.823061 -0.175509 -0.540155
vn -0.438717 -0.727003 -0.528199
vn -0.82306 -0.459486 -0.333834
vn -0.438714 -0.898627 -0
vn -0.823059 -0.567956 -0
vn -0.438717 -0.727005 0.528197
vn -0.82306 -0.459486 0.333833
vn -0.438721 -0.277687 0.854643
vn -0.823062 -0.175508 0.540153
vn -0.43872 0.277686 0.854644
vn -0.823062 0.175508 0.540154
vn -0.438716 0.727002 0.528201
vn -0.82306 0.459486 0.333834
vn -0.438714 0.898627 -0
vn -0.823059 0.567956 -1e-06
vt 0.06236 0.942213
vt 0.047001 0.942232
vt 0.062388 0.065225
vt 0.04698 0.065225
vt 0.031602 0.942249
vt 0.031575 0.06522
vt 0.016193 0.942274
vt 0.016168 0.065198
vt 0.000748 0.942317
vt 0.000723 0.065154
vt 0.154847 0.942215
vt 0.139405 0.942167
vt 0.15487 0.065157
vt 0.139427 0.065201
vt 0.124 0.942145
vt 0.12402 0.065224
vt 0.1086 0.942138
vt 0.108617 0.065227
vt 0.093199 0.942143
vt 0.09321 0.065227
vt 0.077797 0.942161
vt 0.0778 0.065224
vt 0.064333 0.954646
vt 0.078317 0.954428
vt 0.053137 0.963115
vt 0.089822 0.962441
vt 0.094417 0.975686
vt 0.090346 0.989103
vt 0.079166 0.997561
vt 0.065148 0.997828
vt 0.053645 0.989802
vt 0.049055 0.976543
vt 0.06229 0.052193
vt 0.049651 0.04303
vt 0.077847 0.052175
vt 0.044811 0.028197
vt 0.049608 0.013359
vt 0.062207 0.004179
vt 0.077799 0.00416
vt 0.090425 0.013312
vt 0.095262 0.028142
vt 0.09046 0.042987
vt 0.064831 0.945475
vt 0.078056 0.94593
vt 0.064473 0.949805
vt 0.078228 0.949918
vt 0.047299 0.94625
vt 0.047512 0.950529
vt 0.047659 0.955452
vt 0.031676 0.946203
vt 0.031731 0.95037
vt 0.03173 0.9551
vt 0.016457 0.946135
vt 0.016739 0.950155
vt 0.017013 0.954605
vt 0.001123 0.946865
vt 0.002329 0.951306
vt 0.004067 0.955625
vt 0.154447 0.946794
vt 0.139126 0.945998
vt 0.153205 0.951249
vt 0.138824 0.949988
vt 0.151422 0.95556
vt 0.138519 0.9544
vt 0.123965 0.94602
vt 0.123937 0.950101
vt 0.123944 0.954724
vt 0.108601 0.946079
vt 0.108605 0.950228
vt 0.10861 0.954953
vt 0.093217 0.946043
vt 0.093224 0.950146
vt 0.093198 0.954815
vt 0.06236 0.061215
vt 0.046949 0.061259
vt 0.062329 0.05699
vt 0.046862 0.052344
vt 0.046913 0.057084
vt 0.0316 0.061341
vt 0.031597 0.052642
vt 0.031614 0.057261
vt 0.016444 0.061364
vt 0.017045 0.052954
vt 0.016743 0.057369
vt 0.001116 0.060585
vt 0.004117 0.051817
vt 0.002346 0.056134
vt 0.154483 0.060585
vt 0.139152 0.061369
vt 0.15148 0.051808
vt 0.153255 0.056128
vt 0.138552 0.05296
vt 0.138854 0.057376
vt 0.123996 0.061346
vt 0.123998 0.052645
vt 0.12398 0.057265
vt 0.108643 0.061265
vt 0.108719 0.052352
vt 0.108674 0.057091
vt 0.093233 0.061226
vt 0.093284 0.052238
vt 0.093257 0.057015
vt 0.077813 0.061209
vt 0.077827 0.056977
usemtl TopRoofSG
f 2475/3131/1296 2476/3132/1297 2477/3133/1298
f 2477/3133/1298 2476/3132/1297 2478/3134/1299
f 2476/3132/1297 2479/3135/1300 2478/3134/1299
f 2478/3134/1299 2479/3135/1300 2480/3136/1301
f 2479/3135/1300 2481/3137/1302 2480/3136/1301
f 2480/3136/1301 2481/3137/1302 2482/3138/1303
f 2481/3137/1302 2483/3139/1304 2482/3138/1303
f 2482/3138/1303 2483/3139/1304 2484/3140/1305
f 2483/3141/1304 2485/3142/1306 2484/3143/1305
f 2484/3143/1305 2485/3142/1306 2486/3144/1307
f 2485/3142/1306 2487/3145/1308 2486/3144/1307
f 2486/3144/1307 2487/3145/1308 2488/3146/1309
f 2487/3145/1308 2489/3147/1310 2488/3146/1309
f 2488/3146/1309 2489/3147/1310 2490/3148/1311
f 2489/3147/1310 2491/3149/1312 2490/3148/1311
f 2490/3148/1311 2491/3149/1312 2492/3150/1313
f 2491/3149/1312 2493/3151/1314 2492/3150/1313
f 2492/3150/1313 2493/3151/1314 2494/3152/1315
f 2493/3151/1314 2475/3131/1296 2494/3152/1315
f 2494/3152/1315 2475/3131/1296 2477/3133/1298
f 2495/3153/1316 2496/3154/1317 2497/3155/1318
f 2496/3154/1317 2498/3156/1319 2497/3155/1318
f 2498/3156/1319 2499/3157/1320 2497/3155/1318
f 2499/3157/1320 2500/3158/1321 2497/3155/1318
f 2500/3158/1321 2501/3159/1322 2497/3155/1318
f 2501/3159/1322 2502/3160/1323 2497/3155/1318
f 2502/3160/1323 2503/3161/1324 2497/3155/1318
f 2503/3161/1324 2504/3162/1325 2497/3155/1318
f 2505/3163/1326 2506/3164/1327 2507/3165/1328
f 2506/3164/1327 2508/3166/1329 2507/3165/1328
f 2508/3166/1329 2509/3167/1330 2507/3165/1328
f 2509/3167/1330 2510/3168/1331 2507/3165/1328
f 2510/3168/1331 2511/3169/1332 2507/3165/1328
f 2511/3169/1332 2512/3170/1333 2507/3165/1328
f 2512/3170/1333 2513/3171/1334 2507/3165/1328
f 2513/3171/1334 2514/3172/1335 2507/3165/1328
f 2515/3173/1336 2475/3131/1296 2516/3174/1337
f 2516/3174/1337 2475/3131/1296 2493/3151/1314
f 2495/3153/1316 2517/3175/1338 2496/3154/1317
f 2496/3154/1317 2517/3175/1338 2518/3176/1339
f 2517/3175/1338 2515/3173/1336 2518/3176/1339
f 2518/3176/1339 2515/3173/1336 2516/3174/1337
f 2475/3131/1296 2515/3173/1336 2476/3132/1297
f 2476/3132/1297 2515/3173/1336 2519/3177/1340
f 2515/3173/1336 2517/3175/1338 2519/3177/1340
f 2519/3177/1340 2517/3175/1338 2520/3178/1341
f 2517/3175/1338 2495/3153/1316 2520/3178/1341
f 2520/3178/1341 2495/3153/1316 2497/3179/1318
f 2476/3132/1297 2519/3177/1340 2479/3135/1300
f 2479/3135/1300 2519/3177/1340 2521/3180/1342
f 2519/3177/1340 2520/3178/1341 2521/3180/1342
f 2521/3180/1342 2520/3178/1341 2522/3181/1343
f 2520/3178/1341 2497/3179/1318 2522/3181/1343
f 2522/3181/1343 2497/3179/1318 2504/3182/1325
f 2479/3135/1300 2521/3180/1342 2481/3137/1302
f 2481/3137/1302 2521/3180/1342 2523/3183/1344
f 2521/3180/1342 2522/3181/1343 2523/3183/1344
f 2523/3183/1344 2522/3181/1343 2524/3184/1345
f 2522/3181/1343 2504/3182/1325 2524/3184/1345
f 2524/3184/1345 2504/3182/1325 2503/3185/1324
f 2481/3137/1302 2523/3183/1344 2483/3139/1304
f 2483/3139/1304 2523/3183/1344 2525/3186/1346
f 2523/3183/1344 2524/3184/1345 2525/3186/1346
f 2525/3186/1346 2524/3184/1345 2526/3187/1347
f 2524/3184/1345 2503/3185/1324 2526/3187/1347
f 2526/3187/1347 2503/3185/1324 2502/3188/1323
f 2483/3141/1304 2525/3189/1346 2485/3142/1306
f 2485/3142/1306 2525/3189/1346 2527/3190/1348
f 2525/3189/1346 2526/3191/1347 2527/3190/1348
f 2527/3190/1348 2526/3191/1347 2528/3192/1349
f 2526/3191/1347 2502/3193/1323 2528/3192/1349
f 2528/3192/1349 2502/3193/1323 2501/3194/1322
f 2485/3142/1306 2527/3190/1348 2487/3145/1308
f 2487/3145/1308 2527/3190/1348 2529/3195/1350
f 2527/3190/1348 2528/3192/1349 2529/3195/1350
f 2529/3195/1350 2528/3192/1349 2530/3196/1351
f 2528/3192/1349 2501/3194/1322 2530/3196/1351
f 2530/3196/1351 2501/3194/1322 2500/3197/1321
f 2487/3145/1308 2529/3195/1350 2489/3147/1310
f 2489/3147/1310 2529/3195/1350 2531/3198/1352
f 2529/3195/1350 2530/3196/1351 2531/3198/1352
f 2531/3198/1352 2530/3196/1351 2532/3199/1353
f 2530/3196/1351 2500/3197/1321 2532/3199/1353
f 2532/3199/1353 2500/3197/1321 2499/3200/1320
f 2489/3147/1310 2531/3198/1352 2491/3149/1312
f 2491/3149/1312 2531/3198/1352 2533/3201/1354
f 2531/3198/1352 2532/3199/1353 2533/3201/1354
f 2533/3201/1354 2532/3199/1353 2534/3202/1355
f 2532/3199/1353 2499/3200/1320 2534/3202/1355
f 2534/3202/1355 2499/3200/1320 2498/3203/1319
f 2491/3149/1312 2533/3201/1354 2493/3151/1314
f 2493/3151/1314 2533/3201/1354 2516/3174/1337
f 2533/3201/1354 2534/3202/1355 2516/3174/1337
f 2516/3174/1337 2534/3202/1355 2518/3176/1339
f 2534/3202/1355 2498/3203/1319 2518/3176/1339
f 2518/3176/1339 2498/3203/1319 2496/3154/1317
f 2535/3204/1356 2477/3133/1298 2536/3205/1357
f 2536/3205/1357 2477/3133/1298 2478/3134/1299
f 2505/3163/1326 2537/3206/1358 2506/3207/1327
f 2506/3207/1327 2537/3206/1358 2538/3208/1359
f 2537/3206/1358 2535/3204/1356 2538/3208/1359
f 2538/3208/1359 2535/3204/1356 2536/3205/1357
f 2536/3205/1357 2478/3134/1299 2539/3209/1360
f 2539/3209/1360 2478/3134/1299 2480/3136/1301
f 2506/3207/1327 2538/3208/1359 2508/3210/1329
f 2508/3210/1329 2538/3208/1359 2540/3211/1361
f 2538/3208/1359 2536/3205/1357 2540/3211/1361
f 2540/3211/1361 2536/3205/1357 2539/3209/1360
f 2539/3209/1360 2480/3136/1301 2541/3212/1362
f 2541/3212/1362 2480/3136/1301 2482/3138/1303
f 2508/3210/1329 2540/3211/1361 2509/3213/1330
f 2509/3213/1330 2540/3211/1361 2542/3214/1363
f 2540/3211/1361 2539/3209/1360 2542/3214/1363
f 2542/3214/1363 2539/3209/1360 2541/3212/1362
f 2541/3212/1362 2482/3138/1303 2543/3215/1364
f 2543/3215/1364 2482/3138/1303 2484/3140/1305
f 2509/3213/1330 2542/3214/1363 2510/3216/1331
f 2510/3216/1331 2542/3214/1363 2544/3217/1365
f 2542/3214/1363 2541/3212/1362 2544/3217/1365
f 2544/3217/1365 2541/3212/1362 2543/3215/1364
f 2543/3218/1364 2484/3143/1305 2545/3219/1366
f 2545/3219/1366 2484/3143/1305 2486/3144/1307
f 2510/3220/1331 2544/3221/1365 2511/3222/1332
f 2511/3222/1332 2544/3221/1365 2546/3223/1367
f 2544/3221/1365 2543/3218/1364 2546/3223/1367
f 2546/3223/1367 2543/3218/1364 2545/3219/1366
f 2545/3219/1366 2486/3144/1307 2547/3224/1368
f 2547/3224/1368 2486/3144/1307 2488/3146/1309
f 2511/3222/1332 2546/3223/1367 2512/3225/1333
f 2512/3225/1333 2546/3223/1367 2548/3226/1369
f 2546/3223/1367 2545/3219/1366 2548/3226/1369
f 2548/3226/1369 2545/3219/1366 2547/3224/1368
f 2547/3224/1368 2488/3146/1309 2549/3227/1370
f 2549/3227/1370 2488/3146/1309 2490/3148/1311
f 2512/3225/1333 2548/3226/1369 2513/3228/1334
f 2513/3228/1334 2548/3226/1369 2550/3229/1371
f 2548/3226/1369 2547/3224/1368 2550/3229/1371
f 2550/3229/1371 2547/3224/1368 2549/3227/1370
f 2549/3227/1370 2490/3148/1311 2551/3230/1372
f 2551/3230/1372 2490/3148/1311 2492/3150/1313
f 2513/3228/1334 2550/3229/1371 2514/3231/1335
f 2514/3231/1335 2550/3229/1371 2552/3232/1373
f 2550/3229/1371 2549/3227/1370 2552/3232/1373
f 2552/3232/1373 2549/3227/1370 2551/3230/1372
f 2551/3230/1372 2492/3150/1313 2553/3233/1374
f 2553/3233/1374 2492/3150/1313 2494/3152/1315
f 2514/3231/1335 2552/3232/1373 2507/3165/1328
f 2507/3165/1328 2552/3232/1373 2554/3234/1375
f 2552/3232/1373 2551/3230/1372 2554/3234/1375
f 2554/3234/1375 2551/3230/1372 2553/3233/1374
f 2477/3133/1298 2535/3204/1356 2494/3152/1315
f 2494/3152/1315 2535/3204/1356 2553/3233/1374
f 2535/3204/1356 2537/3206/1358 2553/3233/1374
f 2553/3233/1374 2537/3206/1358 2554/3234/1375
f 2537/3206/1358 2505/3163/1326 2554/3234/1375
f 2554/3234/1375 2505/3163/1326 2507/3165/1328
s off
g BaseStore2_Roof_BSG_1
v 0.481118 39.6048 -31.2749
v 0.585401 39.4142 -31.1885
v 0.459917 39.5616 -31.3268
v 0.565634 39.3684 -31.2392
v 0.408734 39.511 -31.3335
v 0.517911 39.3115 -31.2431
v 0.461226 39.0727 -31.1348
v 0.178171 38.8854 -31.0498
v 0.178172 39.6635 -31.4027
v -0.099438 39.6635 -31.4027
v -0.324028 39.5149 -31.3353
v -0.409814 39.2744 -31.2263
v -0.324028 39.034 -31.1172
v -0.099438 38.8854 -31.0498
v 0.711864 39.2346 -31.2082
v 0.832653 38.9923 -31.0983
v 1.11206 39.1647 -31.1765
v 1.11206 38.9923 -31.0983
v 0.199334 39.734 -31.405
v 0.2081 39.7854 -31.3568
v -0.120601 39.734 -31.405
v -0.129368 39.7854 -31.3568
v -0.379435 39.5627 -31.3274
v -0.402385 39.6048 -31.2749
v -0.4783 39.2856 -31.2017
v -0.506668 39.3125 -31.1424
v -0.379435 39.0085 -31.076
v -0.402385 39.0202 -31.0098
v -0.120601 38.8372 -30.9984
v -0.129368 38.8395 -30.9279
v 0.199334 38.8372 -30.9984
v 0.208101 38.8395 -30.9279
v 0.475292 39.0198 -31.0812
v 0.481118 39.0202 -31.0098
v 0.82502 38.9441 -31.0469
v 0.821858 38.9464 -30.9764
v 0.731229 39.3027 -31.2095
v 0.73925 39.3533 -31.1609
v 1.11206 39.2881 -31.1313
v 1.11206 39.2362 -31.1793
v 1.11206 38.9441 -31.0468
v 1.11206 38.9464 -30.9764
v 0.481118 46.4288 -16.3167
v 0.2081 46.6095 -16.3986
v -0.129367 46.6095 -16.3986
v -0.402385 46.4288 -16.3167
v -0.506668 46.1365 -16.1841
v -0.402385 45.8442 -16.0516
v -0.129367 45.6636 -15.9697
v 0.208101 45.6636 -15.9697
v 0.481118 45.8442 -16.0516
v 0.585401 46.2383 -16.2303
v 0.73925 46.1773 -16.2026
v 0.821858 45.7705 -16.0182
v 1.11206 46.1122 -16.1731
v 1.11206 45.7705 -16.0182
v 33.9239 39.6048 -31.2749
v 33.9451 39.5616 -31.3268
v 33.8197 39.4142 -31.1885
v 33.8394 39.3684 -31.2392
v 33.9963 39.511 -31.3335
v 33.8871 39.3115 -31.2431
v 33.9438 39.0727 -31.1348
v 34.2269 38.8854 -31.0498
v 34.2269 39.6635 -31.4027
v 34.5045 38.8854 -31.0498
v 34.7291 39.034 -31.1172
v 34.8149 39.2744 -31.2263
v 34.7291 39.5149 -31.3353
v 34.5045 39.6635 -31.4027
v 33.6932 39.2346 -31.2082
v 33.5724 38.9923 -31.0983
v 33.293 39.1647 -31.1765
v 33.293 38.9923 -31.0983
v 34.2057 39.734 -31.405
v 34.197 39.7854 -31.3568
v 34.5257 39.734 -31.405
v 34.5344 39.7854 -31.3568
v 34.7845 39.5627 -31.3274
v 34.8074 39.6048 -31.2749
v 34.8834 39.2856 -31.2017
v 34.9117 39.3125 -31.1424
v 34.7845 39.0085 -31.076
v 34.8074 39.0202 -31.0098
v 34.5257 38.8372 -30.9984
v 34.5344 38.8395 -30.9279
v 34.2057 38.8372 -30.9984
v 34.197 38.8395 -30.9279
v 33.9298 39.0198 -31.0812
v 33.9239 39.0202 -31.0098
v 33.58 38.9441 -31.0469
v 33.5832 38.9464 -30.9764
v 33.6658 39.3533 -31.1609
v 33.6738 39.3027 -31.2095
v 33.293 39.2881 -31.1313
v 33.293 39.2362 -31.1793
v 33.293 38.9441 -31.0468
v 33.293 38.9464 -30.9764
v 33.9239 46.4288 -16.3167
v 34.197 46.6095 -16.3986
v 34.5344 46.6095 -16.3986
v 34.8074 46.4288 -16.3167
v 34.9117 46.1365 -16.1842
v 34.8074 45.8442 -16.0516
v 34.5344 45.6636 -15.9697
v 34.197 45.6636 -15.9697
v 33.9239 45.8442 -16.0516
v 33.8197 46.2383 -16.2303
v 33.6658 46.1773 -16.2026
v 33.5832 45.7705 -16.0182
v 33.293 46.1122 -16.1731
v 33.293 45.7705 -16.0182
v 2.62651 39.6048 -31.2749
v 2.7308 39.4142 -31.1885
v 2.60531 39.5615 -31.3268
v 2.71103 39.3684 -31.2392
v 2.55413 39.5109 -31.3335
v 2.66331 39.3115 -31.243
v 2.34473 38.8372 -30.9984
v 2.32357 38.8854 -31.0498
v 2.62069 39.0198 -31.0812
v 2.60662 39.0727 -31.1348
v 2.35349 38.8395 -30.9279
v 2.62651 39.0202 -31.0098
v 2.01603 38.8395 -30.9279
v 1.74301 39.0202 -31.0098
v 2.02479 38.8372 -30.9984
v 1.74884 39.0198 -31.0812
v 2.04596 38.8854 -31.0498
v 1.7629 39.0727 -31.1348
v 2.62651 46.4288 -16.3167
v 2.35349 46.6095 -16.3986
v 2.35349 39.7854 -31.3568
v 2.35349 45.6636 -15.9697
v 2.62651 45.8442 -16.0516
v 2.7308 46.2383 -16.2303
v 2.88464 46.1773 -16.2026
v 2.88464 39.3533 -31.1609
v 2.85726 39.2346 -31.2082
v 2.97805 38.9923 -31.0983
v 2.96725 38.9464 -30.9764
v 2.96725 45.7705 -16.0182
v 3.25746 46.1122 -16.1731
v 3.25746 39.2881 -31.1313
v 3.25746 39.1647 -31.1765
v 3.25746 38.9923 -31.0983
v 3.25746 38.9464 -30.9764
v 3.25746 45.7705 -16.0182
v 1.74301 46.4288 -16.3167
v 2.01603 46.6095 -16.3986
v 1.74301 39.6048 -31.2749
v 2.01603 39.7854 -31.3568
v 2.01603 45.6636 -15.9697
v 1.74301 45.8442 -16.0516
v 1.63873 46.2383 -16.2303
v 1.63873 39.4142 -31.1885
v 1.70622 39.3115 -31.243
v 1.81539 39.5109 -31.3335
v 2.04596 39.6635 -31.4027
v 2.32357 39.6635 -31.4027
v 1.48488 46.1773 -16.2026
v 1.48488 39.3533 -31.1609
v 1.51226 39.2346 -31.2082
v 1.39147 38.9923 -31.0983
v 1.40227 38.9464 -30.9764
v 1.40227 45.7705 -16.0182
v 2.34473 39.734 -31.405
v 2.02479 39.734 -31.405
v 2.97042 38.9441 -31.0468
v 2.87662 39.3027 -31.2095
v 3.25746 39.2362 -31.1793
v 3.25746 38.9441 -31.0468
v 1.76421 39.5615 -31.3268
v 1.65849 39.3684 -31.2392
v 1.39911 38.9441 -31.0468
v 1.4929 39.3027 -31.2095
v 4.77191 39.6048 -31.2749
v 4.87619 39.4142 -31.1885
v 4.75071 39.5615 -31.3268
v 4.85642 39.3684 -31.2392
v 4.69952 39.5109 -31.3335
v 4.8087 39.3115 -31.243
v 4.49012 38.8372 -30.9984
v 4.46896 38.8854 -31.0498
v 4.76608 39.0198 -31.0812
v 4.75202 39.0727 -31.1348
v 4.49889 38.8395 -30.9279
v 4.77191 39.0202 -31.0098
v 4.16142 38.8395 -30.9279
v 3.88841 39.0202 -31.0098
v 4.17019 38.8372 -30.9984
v 3.89423 39.0198 -31.0812
v 4.19135 38.8854 -31.0498
v 3.9083 39.0727 -31.1348
v 4.77191 46.4288 -16.3167
v 4.49889 46.6095 -16.3986
v 4.49889 39.7854 -31.3568
v 4.49889 45.6636 -15.9697
v 4.77191 45.8442 -16.0516
v 4.87619 46.2383 -16.2303
v 5.03004 46.1773 -16.2026
v 5.03004 39.3533 -31.1609
v 5.00265 39.2346 -31.2082
v 5.12344 38.9923 -31.0983
v 5.11265 38.9464 -30.9764
v 5.11265 45.7705 -16.0182
v 5.40285 46.1122 -16.1731
v 5.40285 39.2881 -31.1313
v 5.40285 39.1647 -31.1765
v 5.40285 38.9923 -31.0983
v 5.40285 38.9464 -30.9764
v 5.40285 45.7705 -16.0182
v 3.88841 46.4288 -16.3167
v 4.16142 46.6095 -16.3986
v 3.88841 39.6048 -31.2749
v 4.16142 39.7854 -31.3568
v 4.16142 45.6636 -15.9697
v 3.88841 45.8442 -16.0516
v 3.78412 46.2383 -16.2303
v 3.78412 39.4142 -31.1885
v 3.85161 39.3115 -31.243
v 3.96079 39.5109 -31.3335
v 4.19135 39.6635 -31.4027
v 4.46896 39.6635 -31.4027
v 3.63027 46.1773 -16.2026
v 3.63027 39.3533 -31.1609
v 3.65766 39.2346 -31.2082
v 3.53687 38.9923 -31.0983
v 3.54767 38.9464 -30.9764
v 3.54767 45.7705 -16.0182
v 4.49012 39.734 -31.405
v 4.17019 39.734 -31.405
v 5.11581 38.9441 -31.0468
v 5.02202 39.3027 -31.2095
v 5.40285 39.2362 -31.1793
v 5.40285 38.9441 -31.0468
v 3.90961 39.5615 -31.3268
v 3.80389 39.3684 -31.2392
v 3.5445 38.9441 -31.0468
v 3.63829 39.3027 -31.2095
v 6.9173 39.6048 -31.2749
v 7.02159 39.4142 -31.1885
v 6.8961 39.5615 -31.3268
v 7.00182 39.3684 -31.2392
v 6.84492 39.5109 -31.3335
v 6.9541 39.3115 -31.243
v 6.63552 38.8372 -30.9984
v 6.61436 38.8854 -31.0498
v 6.91148 39.0198 -31.0812
v 6.89741 39.0727 -31.1348
v 6.64429 38.8395 -30.9279
v 6.9173 39.0202 -31.0098
v 6.30682 38.8395 -30.9279
v 6.0338 39.0202 -31.0098
v 6.31558 38.8372 -30.9984
v 6.03963 39.0198 -31.0812
v 6.33675 38.8854 -31.0498
v 6.05369 39.0727 -31.1348
v 6.9173 46.4288 -16.3167
v 6.64429 46.6095 -16.3986
v 6.64429 39.7854 -31.3568
v 6.64429 45.6636 -15.9697
v 6.9173 45.8442 -16.0516
v 7.02159 46.2383 -16.2303
v 7.17544 46.1773 -16.2026
v 7.17544 39.3533 -31.1609
v 7.14805 39.2346 -31.2082
v 7.26884 38.9923 -31.0983
v 7.25804 38.9464 -30.9764
v 7.25804 45.7705 -16.0182
v 7.54825 46.1122 -16.1731
v 7.54825 39.2881 -31.1313
v 7.54825 39.1647 -31.1765
v 7.54825 38.9923 -31.0983
v 7.54825 38.9464 -30.9764
v 7.54825 45.7705 -16.0182
v 6.0338 46.4288 -16.3167
v 6.30682 46.6095 -16.3986
v 6.0338 39.6048 -31.2749
v 6.30682 39.7854 -31.3568
v 6.30682 45.6636 -15.9697
v 6.0338 45.8442 -16.0516
v 5.92952 46.2383 -16.2303
v 5.92952 39.4142 -31.1885
v 5.99701 39.3115 -31.243
v 6.10618 39.5109 -31.3335
v 6.33675 39.6635 -31.4027
v 6.61436 39.6635 -31.4027
v 5.77567 46.1773 -16.2026
v 5.77567 39.3533 -31.1609
v 5.80305 39.2346 -31.2082
v 5.68226 38.9923 -31.0983
v 5.69306 38.9464 -30.9764
v 5.69306 45.7705 -16.0182
v 6.63552 39.734 -31.405
v 6.31558 39.734 -31.405
v 7.26121 38.9441 -31.0468
v 7.16741 39.3027 -31.2095
v 7.54825 39.2362 -31.1793
v 7.54825 38.9441 -31.0468
v 6.055 39.5615 -31.3268
v 5.94929 39.3684 -31.2392
v 5.6899 38.9441 -31.0468
v 5.78369 39.3027 -31.2095
v 9.0627 39.6048 -31.2749
v 9.16698 39.4142 -31.1885
v 9.0415 39.5615 -31.3268
v 9.14721 39.3684 -31.2392
v 8.99032 39.5109 -31.3335
v 9.09949 39.3115 -31.243
v 8.78092 38.8372 -30.9984
v 8.75975 38.8854 -31.0498
v 9.05687 39.0198 -31.0812
v 9.04281 39.0727 -31.1348
v 8.78968 38.8395 -30.9279
v 9.0627 39.0202 -31.0098
v 8.45221 38.8395 -30.9279
v 8.1792 39.0202 -31.0098
v 8.46098 38.8372 -30.9984
v 8.18502 39.0198 -31.0812
v 8.48214 38.8854 -31.0498
v 8.19909 39.0727 -31.1348
v 9.0627 46.4288 -16.3167
v 8.78968 46.6095 -16.3986
v 8.78968 39.7854 -31.3568
v 8.78968 45.6636 -15.9697
v 9.0627 45.8442 -16.0516
v 9.16698 46.2383 -16.2303
v 9.32083 46.1773 -16.2026
v 9.32083 39.3533 -31.1609
v 9.29345 39.2346 -31.2082
v 9.41423 38.9923 -31.0983
v 9.40344 38.9464 -30.9764
v 9.40344 45.7705 -16.0182
v 9.69364 46.1122 -16.1731
v 9.69364 39.2881 -31.1313
v 9.69364 39.1647 -31.1765
v 9.69364 38.9923 -31.0983
v 9.69364 38.9464 -30.9764
v 9.69364 45.7705 -16.0182
v 8.1792 46.4288 -16.3167
v 8.45221 46.6095 -16.3986
v 8.1792 39.6048 -31.2749
v 8.45221 39.7854 -31.3568
v 8.45221 45.6636 -15.9697
v 8.1792 45.8442 -16.0516
v 8.07491 46.2383 -16.2303
v 8.07491 39.4142 -31.1885
v 8.1424 39.3115 -31.243
v 8.25158 39.5109 -31.3335
v 8.48214 39.6635 -31.4027
v 8.75975 39.6635 -31.4027
v 7.92106 46.1773 -16.2026
v 7.92106 39.3533 -31.1609
v 7.94845 39.2346 -31.2082
v 7.82766 38.9923 -31.0983
v 7.83846 38.9464 -30.9764
v 7.83846 45.7705 -16.0182
v 8.78092 39.734 -31.405
v 8.46098 39.734 -31.405
v 9.4066 38.9441 -31.0468
v 9.31281 39.3027 -31.2095
v 9.69364 39.2362 -31.1793
v 9.69364 38.9441 -31.0468
v 8.2004 39.5615 -31.3268
v 8.09468 39.3684 -31.2392
v 7.83529 38.9441 -31.0468
v 7.92908 39.3027 -31.2095
v 11.2081 39.6048 -31.2749
v 11.3124 39.4142 -31.1885
v 11.1869 39.5615 -31.3268
v 11.2926 39.3684 -31.2392
v 11.1357 39.5109 -31.3335
v 11.2449 39.3115 -31.243
v 10.9263 38.8372 -30.9984
v 10.9051 38.8854 -31.0498
v 11.2023 39.0198 -31.0812
v 11.1882 39.0727 -31.1348
v 10.9351 38.8395 -30.9279
v 11.2081 39.0202 -31.0098
v 10.5976 38.8395 -30.9279
v 10.3246 39.0202 -31.0098
v 10.6064 38.8372 -30.9984
v 10.3304 39.0198 -31.0812
v 10.6275 38.8854 -31.0498
v 10.3445 39.0727 -31.1348
v 11.2081 46.4288 -16.3167
v 10.9351 46.6095 -16.3986
v 10.9351 39.7854 -31.3568
v 10.9351 45.6636 -15.9697
v 11.2081 45.8442 -16.0516
v 11.3124 46.2383 -16.2303
v 11.4662 46.1773 -16.2026
v 11.4662 39.3533 -31.1609
v 11.4388 39.2346 -31.2082
v 11.5596 38.9923 -31.0983
v 11.5488 38.9464 -30.9764
v 11.5488 45.7705 -16.0182
v 11.839 46.1122 -16.1731
v 11.839 39.2881 -31.1313
v 11.839 39.1647 -31.1765
v 11.839 38.9923 -31.0983
v 11.839 38.9464 -30.9764
v 11.839 45.7705 -16.0182
v 10.3246 46.4288 -16.3167
v 10.5976 46.6095 -16.3986
v 10.3246 39.6048 -31.2749
v 10.5976 39.7854 -31.3568
v 10.5976 45.6636 -15.9697
v 10.3246 45.8442 -16.0516
v 10.2203 46.2383 -16.2303
v 10.2203 39.4142 -31.1885
v 10.2878 39.3115 -31.243
v 10.397 39.5109 -31.3335
v 10.6275 39.6635 -31.4027
v 10.9051 39.6635 -31.4027
v 10.0665 46.1773 -16.2026
v 10.0665 39.3533 -31.1609
v 10.0938 39.2346 -31.2082
v 9.97306 38.9923 -31.0983
v 9.98385 38.9464 -30.9764
v 9.98385 45.7705 -16.0182
v 10.9263 39.734 -31.405
v 10.6064 39.734 -31.405
v 11.552 38.9441 -31.0468
v 11.4582 39.3027 -31.2095
v 11.839 39.2362 -31.1793
v 11.839 38.9441 -31.0468
v 10.3458 39.5615 -31.3268
v 10.2401 39.3684 -31.2392
v 9.98069 38.9441 -31.0468
v 10.0745 39.3027 -31.2095
v 13.3535 39.6048 -31.2749
v 13.4578 39.4142 -31.1885
v 13.3323 39.5615 -31.3268
v 13.438 39.3684 -31.2392
v 13.2811 39.5109 -31.3335
v 13.3903 39.3115 -31.243
v 13.0717 38.8372 -30.9984
v 13.0505 38.8854 -31.0498
v 13.3477 39.0198 -31.0812
v 13.3336 39.0727 -31.1348
v 13.0805 38.8395 -30.9279
v 13.3535 39.0202 -31.0098
v 12.743 38.8395 -30.9279
v 12.47 39.0202 -31.0098
v 12.7518 38.8372 -30.9984
v 12.4758 39.0198 -31.0812
v 12.7729 38.8854 -31.0498
v 12.4899 39.0727 -31.1348
v 13.3535 46.4288 -16.3167
v 13.0805 46.6095 -16.3986
v 13.0805 39.7854 -31.3568
v 13.0805 45.6636 -15.9697
v 13.3535 45.8442 -16.0516
v 13.4578 46.2383 -16.2303
v 13.6116 46.1773 -16.2026
v 13.6116 39.3533 -31.1609
v 13.5842 39.2346 -31.2082
v 13.705 38.9923 -31.0983
v 13.6942 38.9464 -30.9764
v 13.6942 45.7705 -16.0182
v 13.9844 46.1122 -16.1731
v 13.9844 39.2881 -31.1313
v 13.9844 39.1647 -31.1765
v 13.9844 38.9923 -31.0983
v 13.9844 38.9464 -30.9764
v 13.9844 45.7705 -16.0182
v 12.47 46.4288 -16.3167
v 12.743 46.6095 -16.3986
v 12.47 39.6048 -31.2749
v 12.743 39.7854 -31.3568
v 12.743 45.6636 -15.9697
v 12.47 45.8442 -16.0516
v 12.3657 46.2383 -16.2303
v 12.3657 39.4142 -31.1885
v 12.4332 39.3115 -31.243
v 12.5424 39.5109 -31.3335
v 12.7729 39.6635 -31.4027
v 13.0505 39.6635 -31.4027
v 12.2119 46.1773 -16.2026
v 12.2119 39.3533 -31.1609
v 12.2392 39.2346 -31.2082
v 12.1185 38.9923 -31.0983
v 12.1292 38.9464 -30.9764
v 12.1292 45.7705 -16.0182
v 13.0717 39.734 -31.405
v 12.7518 39.734 -31.405
v 13.6974 38.9441 -31.0468
v 13.6036 39.3027 -31.2095
v 13.9844 39.2362 -31.1793
v 13.9844 38.9441 -31.0468
v 12.4912 39.5615 -31.3268
v 12.3855 39.3684 -31.2392
v 12.1261 38.9441 -31.0468
v 12.2199 39.3027 -31.2095
v 15.4989 39.6048 -31.2749
v 15.6032 39.4142 -31.1885
v 15.4777 39.5615 -31.3268
v 15.5834 39.3684 -31.2392
v 15.4265 39.5109 -31.3335
v 15.5357 39.3115 -31.243
v 15.2171 38.8372 -30.9984
v 15.1959 38.8854 -31.0498
v 15.4931 39.0198 -31.0812
v 15.479 39.0727 -31.1348
v 15.2259 38.8395 -30.9279
v 15.4989 39.0202 -31.0098
v 14.8884 38.8395 -30.9279
v 14.6154 39.0202 -31.0098
v 14.8972 38.8372 -30.9984
v 14.6212 39.0198 -31.0812
v 14.9183 38.8854 -31.0498
v 14.6353 39.0727 -31.1348
v 15.4989 46.4288 -16.3167
v 15.2259 46.6095 -16.3986
v 15.2259 39.7854 -31.3568
v 15.2259 45.6636 -15.9697
v 15.4989 45.8442 -16.0516
v 15.6032 46.2383 -16.2303
v 15.757 46.1773 -16.2026
v 15.757 39.3533 -31.1609
v 15.7296 39.2346 -31.2082
v 15.8504 38.9923 -31.0983
v 15.8396 38.9464 -30.9764
v 15.8396 45.7705 -16.0182
v 16.1298 46.1122 -16.1731
v 16.1298 39.2881 -31.1313
v 16.1298 39.1647 -31.1765
v 16.1298 38.9923 -31.0983
v 16.1298 38.9464 -30.9764
v 16.1298 45.7705 -16.0182
v 14.6154 46.4288 -16.3167
v 14.8884 46.6095 -16.3986
v 14.6154 39.6048 -31.2749
v 14.8884 39.7854 -31.3568
v 14.8884 45.6636 -15.9697
v 14.6154 45.8442 -16.0516
v 14.5111 46.2383 -16.2303
v 14.5111 39.4142 -31.1885
v 14.5786 39.3115 -31.243
v 14.6878 39.5109 -31.3335
v 14.9183 39.6635 -31.4027
v 15.1959 39.6635 -31.4027
v 14.3573 46.1773 -16.2026
v 14.3573 39.3533 -31.1609
v 14.3846 39.2346 -31.2082
v 14.2638 38.9923 -31.0983
v 14.2746 38.9464 -30.9764
v 14.2746 45.7705 -16.0182
v 15.2171 39.734 -31.405
v 14.8972 39.734 -31.405
v 15.8428 38.9441 -31.0468
v 15.749 39.3027 -31.2095
v 16.1298 39.2362 -31.1793
v 16.1298 38.9441 -31.0468
v 14.6366 39.5615 -31.3268
v 14.5309 39.3684 -31.2392
v 14.2715 38.9441 -31.0468
v 14.3653 39.3027 -31.2095
v 17.6443 39.6048 -31.2749
v 17.7486 39.4142 -31.1885
v 17.6231 39.5615 -31.3268
v 17.7288 39.3684 -31.2392
v 17.5719 39.5109 -31.3335
v 17.6811 39.3115 -31.243
v 17.3625 38.8372 -30.9984
v 17.3413 38.8854 -31.0498
v 17.6385 39.0198 -31.0812
v 17.6244 39.0727 -31.1348
v 17.3713 38.8395 -30.9279
v 17.6443 39.0202 -31.0098
v 17.0338 38.8395 -30.9279
v 16.7608 39.0202 -31.0098
v 17.0426 38.8372 -30.9984
v 16.7666 39.0198 -31.0812
v 17.0637 38.8854 -31.0498
v 16.7807 39.0727 -31.1348
v 17.6443 46.4288 -16.3167
v 17.3713 46.6095 -16.3986
v 17.3713 39.7854 -31.3568
v 17.3713 45.6636 -15.9697
v 17.6443 45.8442 -16.0516
v 17.7486 46.2383 -16.2303
v 17.9024 46.1773 -16.2026
v 17.9024 39.3533 -31.1609
v 17.875 39.2346 -31.2082
v 17.9958 38.9923 -31.0983
v 17.985 38.9464 -30.9764
v 17.985 45.7705 -16.0182
v 18.2752 46.1122 -16.1731
v 18.2752 39.2881 -31.1313
v 18.2752 39.1647 -31.1765
v 18.2752 38.9923 -31.0983
v 18.2752 38.9464 -30.9764
v 18.2752 45.7705 -16.0182
v 16.7608 46.4288 -16.3167
v 17.0338 46.6095 -16.3986
v 16.7608 39.6048 -31.2749
v 17.0338 39.7854 -31.3568
v 17.0338 45.6636 -15.9697
v 16.7608 45.8442 -16.0516
v 16.6565 46.2383 -16.2303
v 16.6565 39.4142 -31.1885
v 16.724 39.3115 -31.243
v 16.8332 39.5109 -31.3335
v 17.0637 39.6635 -31.4027
v 17.3413 39.6635 -31.4027
v 16.5026 46.1773 -16.2026
v 16.5026 39.3533 -31.1609
v 16.53 39.2346 -31.2082
v 16.4092 38.9923 -31.0983
v 16.42 38.9464 -30.9764
v 16.42 45.7705 -16.0182
v 17.3625 39.734 -31.405
v 17.0426 39.734 -31.405
v 17.9882 38.9441 -31.0468
v 17.8944 39.3027 -31.2095
v 18.2752 39.2362 -31.1793
v 18.2752 38.9441 -31.0468
v 16.782 39.5615 -31.3268
v 16.6763 39.3684 -31.2392
v 16.4169 38.9441 -31.0468
v 16.5107 39.3027 -31.2095
v 19.7897 39.6048 -31.2749
v 19.894 39.4142 -31.1885
v 19.7685 39.5615 -31.3268
v 19.8742 39.3684 -31.2392
v 19.7173 39.5109 -31.3335
v 19.8265 39.3115 -31.243
v 19.5079 38.8372 -30.9984
v 19.4867 38.8854 -31.0498
v 19.7838 39.0198 -31.0812
v 19.7698 39.0727 -31.1348
v 19.5167 38.8395 -30.9279
v 19.7897 39.0202 -31.0098
v 19.1792 38.8395 -30.9279
v 18.9062 39.0202 -31.0098
v 19.188 38.8372 -30.9984
v 18.912 39.0198 -31.0812
v 19.2091 38.8854 -31.0498
v 18.9261 39.0727 -31.1348
v 19.7897 46.4288 -16.3167
v 19.5167 46.6095 -16.3986
v 19.5167 39.7854 -31.3568
v 19.5167 45.6636 -15.9697
v 19.7897 45.8442 -16.0516
v 19.894 46.2383 -16.2303
v 20.0478 46.1773 -16.2026
v 20.0478 39.3533 -31.1609
v 20.0204 39.2346 -31.2082
v 20.1412 38.9923 -31.0983
v 20.1304 38.9464 -30.9764
v 20.1304 45.7705 -16.0182
v 20.4206 46.1122 -16.1731
v 20.4206 39.2881 -31.1313
v 20.4206 39.1647 -31.1765
v 20.4206 38.9923 -31.0983
v 20.4206 38.9464 -30.9764
v 20.4206 45.7705 -16.0182
v 18.9062 46.4288 -16.3167
v 19.1792 46.6095 -16.3986
v 18.9062 39.6048 -31.2749
v 19.1792 39.7854 -31.3568
v 19.1792 45.6636 -15.9697
v 18.9062 45.8442 -16.0516
v 18.8019 46.2383 -16.2303
v 18.8019 39.4142 -31.1885
v 18.8694 39.3115 -31.243
v 18.9786 39.5109 -31.3335
v 19.2091 39.6635 -31.4027
v 19.4867 39.6635 -31.4027
v 18.648 46.1773 -16.2026
v 18.648 39.3533 -31.1609
v 18.6754 39.2346 -31.2082
v 18.5546 38.9923 -31.0983
v 18.5654 38.9464 -30.9764
v 18.5654 45.7705 -16.0182
v 19.5079 39.734 -31.405
v 19.188 39.734 -31.405
v 20.1336 38.9441 -31.0468
v 20.0398 39.3027 -31.2095
v 20.4206 39.2362 -31.1793
v 20.4206 38.9441 -31.0468
v 18.9274 39.5615 -31.3268
v 18.8217 39.3684 -31.2392
v 18.5623 38.9441 -31.0468
v 18.6561 39.3027 -31.2095
v 21.9351 39.6048 -31.2749
v 22.0394 39.4142 -31.1885
v 21.9139 39.5615 -31.3268
v 22.0196 39.3684 -31.2392
v 21.8627 39.5109 -31.3335
v 21.9719 39.3115 -31.243
v 21.6533 38.8372 -30.9984
v 21.6321 38.8854 -31.0498
v 21.9292 39.0198 -31.0812
v 21.9152 39.0727 -31.1348
v 21.6621 38.8395 -30.9279
v 21.9351 39.0202 -31.0098
v 21.3246 38.8395 -30.9279
v 21.0516 39.0202 -31.0098
v 21.3334 38.8372 -30.9984
v 21.0574 39.0198 -31.0812
v 21.3545 38.8854 -31.0498
v 21.0715 39.0727 -31.1348
v 21.9351 46.4288 -16.3167
v 21.6621 46.6095 -16.3986
v 21.6621 39.7854 -31.3568
v 21.6621 45.6636 -15.9697
v 21.9351 45.8442 -16.0516
v 22.0394 46.2383 -16.2303
v 22.1932 46.1773 -16.2026
v 22.1932 39.3533 -31.1609
v 22.1658 39.2346 -31.2082
v 22.2866 38.9923 -31.0983
v 22.2758 38.9464 -30.9764
v 22.2758 45.7705 -16.0182
v 22.566 46.1122 -16.1731
v 22.566 39.2881 -31.1313
v 22.566 39.1647 -31.1765
v 22.566 38.9923 -31.0983
v 22.566 38.9464 -30.9764
v 22.566 45.7705 -16.0182
v 21.0516 46.4288 -16.3167
v 21.3246 46.6095 -16.3986
v 21.0516 39.6048 -31.2749
v 21.3246 39.7854 -31.3568
v 21.3246 45.6636 -15.9697
v 21.0516 45.8442 -16.0516
v 20.9473 46.2383 -16.2303
v 20.9473 39.4142 -31.1885
v 21.0148 39.3115 -31.243
v 21.124 39.5109 -31.3335
v 21.3545 39.6635 -31.4027
v 21.6321 39.6635 -31.4027
v 20.7934 46.1773 -16.2026
v 20.7934 39.3533 -31.1609
v 20.8208 39.2346 -31.2082
v 20.7 38.9923 -31.0983
v 20.7108 38.9464 -30.9764
v 20.7108 45.7705 -16.0182
v 21.6533 39.734 -31.405
v 21.3334 39.734 -31.405
v 22.279 38.9441 -31.0468
v 22.1852 39.3027 -31.2095
v 22.566 39.2362 -31.1793
v 22.566 38.9441 -31.0468
v 21.0728 39.5615 -31.3268
v 20.9671 39.3684 -31.2392
v 20.7077 38.9441 -31.0468
v 20.8015 39.3027 -31.2095
v 24.0805 39.6048 -31.2749
v 24.1848 39.4142 -31.1885
v 24.0593 39.5615 -31.3268
v 24.165 39.3684 -31.2392
v 24.0081 39.5109 -31.3335
v 24.1173 39.3115 -31.243
v 23.7987 38.8372 -30.9984
v 23.7775 38.8854 -31.0498
v 24.0746 39.0198 -31.0812
v 24.0606 39.0727 -31.1348
v 23.8074 38.8395 -30.9279
v 24.0805 39.0202 -31.0098
v 23.47 38.8395 -30.9279
v 23.197 39.0202 -31.0098
v 23.4787 38.8372 -30.9984
v 23.2028 39.0198 -31.0812
v 23.4999 38.8854 -31.0498
v 23.2169 39.0727 -31.1348
v 24.0805 46.4288 -16.3167
v 23.8074 46.6095 -16.3986
v 23.8074 39.7854 -31.3568
v 23.8074 45.6636 -15.9697
v 24.0805 45.8442 -16.0516
v 24.1848 46.2383 -16.2303
v 24.3386 46.1773 -16.2026
v 24.3386 39.3533 -31.1609
v 24.3112 39.2346 -31.2082
v 24.432 38.9923 -31.0983
v 24.4212 38.9464 -30.9764
v 24.4212 45.7705 -16.0182
v 24.7114 46.1122 -16.1731
v 24.7114 39.2881 -31.1313
v 24.7114 39.1647 -31.1765
v 24.7114 38.9923 -31.0983
v 24.7114 38.9464 -30.9764
v 24.7114 45.7705 -16.0182
v 23.197 46.4288 -16.3167
v 23.47 46.6095 -16.3986
v 23.197 39.6048 -31.2749
v 23.47 39.7854 -31.3568
v 23.47 45.6636 -15.9697
v 23.197 45.8442 -16.0516
v 23.0927 46.2383 -16.2303
v 23.0927 39.4142 -31.1885
v 23.1602 39.3115 -31.243
v 23.2693 39.5109 -31.3335
v 23.4999 39.6635 -31.4027
v 23.7775 39.6635 -31.4027
v 22.9388 46.1773 -16.2026
v 22.9388 39.3533 -31.1609
v 22.9662 39.2346 -31.2082
v 22.8454 38.9923 -31.0983
v 22.8562 38.9464 -30.9764
v 22.8562 45.7705 -16.0182
v 23.7987 39.734 -31.405
v 23.4787 39.734 -31.405
v 24.4244 38.9441 -31.0468
v 24.3306 39.3027 -31.2095
v 24.7114 39.2362 -31.1793
v 24.7114 38.9441 -31.0468
v 23.2182 39.5615 -31.3268
v 23.1124 39.3684 -31.2392
v 22.8531 38.9441 -31.0468
v 22.9469 39.3027 -31.2095
v 26.2259 39.6048 -31.2749
v 26.3301 39.4142 -31.1885
v 26.2047 39.5615 -31.3268
v 26.3104 39.3684 -31.2392
v 26.1535 39.5109 -31.3335
v 26.2627 39.3115 -31.243
v 25.9441 38.8372 -30.9984
v 25.9229 38.8854 -31.0498
v 26.22 39.0198 -31.0812
v 26.206 39.0727 -31.1348
v 25.9528 38.8395 -30.9279
v 26.2259 39.0202 -31.0098
v 25.6154 38.8395 -30.9279
v 25.3424 39.0202 -31.0098
v 25.6241 38.8372 -30.9984
v 25.3482 39.0198 -31.0812
v 25.6453 38.8854 -31.0498
v 25.3623 39.0727 -31.1348
v 26.2259 46.4288 -16.3167
v 25.9528 46.6095 -16.3986
v 25.9528 39.7854 -31.3568
v 25.9528 45.6636 -15.9697
v 26.2259 45.8442 -16.0516
v 26.3301 46.2383 -16.2303
v 26.484 46.1773 -16.2026
v 26.484 39.3533 -31.1609
v 26.4566 39.2346 -31.2082
v 26.5774 38.9923 -31.0983
v 26.5666 38.9464 -30.9764
v 26.5666 45.7705 -16.0182
v 26.8568 46.1122 -16.1731
v 26.8568 39.2881 -31.1313
v 26.8568 39.1647 -31.1765
v 26.8568 38.9923 -31.0983
v 26.8568 38.9464 -30.9764
v 26.8568 45.7705 -16.0182
v 25.3424 46.4288 -16.3167
v 25.6154 46.6095 -16.3986
v 25.3424 39.6048 -31.2749
v 25.6154 39.7854 -31.3568
v 25.6154 45.6636 -15.9697
v 25.3424 45.8442 -16.0516
v 25.2381 46.2383 -16.2303
v 25.2381 39.4142 -31.1885
v 25.3056 39.3115 -31.243
v 25.4147 39.5109 -31.3335
v 25.6453 39.6635 -31.4027
v 25.9229 39.6635 -31.4027
v 25.0842 46.1773 -16.2026
v 25.0842 39.3533 -31.1609
v 25.1116 39.2346 -31.2082
v 24.9908 38.9923 -31.0983
v 25.0016 38.9464 -30.9764
v 25.0016 45.7705 -16.0182
v 25.9441 39.734 -31.405
v 25.6241 39.734 -31.405
v 26.5698 38.9441 -31.0468
v 26.476 39.3027 -31.2095
v 26.8568 39.2362 -31.1793
v 26.8568 38.9441 -31.0468
v 25.3636 39.5615 -31.3268
v 25.2578 39.3684 -31.2392
v 24.9985 38.9441 -31.0468
v 25.0922 39.3027 -31.2095
v 28.3713 39.6048 -31.2749
v 28.4755 39.4142 -31.1885
v 28.3501 39.5615 -31.3268
v 28.4558 39.3684 -31.2392
v 28.2989 39.5109 -31.3335
v 28.4081 39.3115 -31.243
v 28.0895 38.8372 -30.9984
v 28.0683 38.8854 -31.0498
v 28.3654 39.0198 -31.0812
v 28.3514 39.0727 -31.1348
v 28.0982 38.8395 -30.9279
v 28.3713 39.0202 -31.0098
v 27.7608 38.8395 -30.9279
v 27.4878 39.0202 -31.0098
v 27.7695 38.8372 -30.9984
v 27.4936 39.0198 -31.0812
v 27.7907 38.8854 -31.0498
v 27.5076 39.0727 -31.1348
v 28.3713 46.4288 -16.3167
v 28.0982 46.6095 -16.3986
v 28.0982 39.7854 -31.3568
v 28.0982 45.6636 -15.9697
v 28.3713 45.8442 -16.0516
v 28.4755 46.2383 -16.2303
v 28.6294 46.1773 -16.2026
v 28.6294 39.3533 -31.1609
v 28.602 39.2346 -31.2082
v 28.7228 38.9923 -31.0983
v 28.712 38.9464 -30.9764
v 28.712 45.7705 -16.0182
v 29.0022 46.1122 -16.1731
v 29.0022 39.2881 -31.1313
v 29.0022 39.1647 -31.1765
v 29.0022 38.9923 -31.0983
v 29.0022 38.9464 -30.9764
v 29.0022 45.7705 -16.0182
v 27.4878 46.4288 -16.3167
v 27.7608 46.6095 -16.3986
v 27.4878 39.6048 -31.2749
v 27.7608 39.7854 -31.3568
v 27.7608 45.6636 -15.9697
v 27.4878 45.8442 -16.0516
v 27.3835 46.2383 -16.2303
v 27.3835 39.4142 -31.1885
v 27.451 39.3115 -31.243
v 27.5601 39.5109 -31.3335
v 27.7907 39.6635 -31.4027
v 28.0683 39.6635 -31.4027
v 27.2296 46.1773 -16.2026
v 27.2296 39.3533 -31.1609
v 27.257 39.2346 -31.2082
v 27.1362 38.9923 -31.0983
v 27.147 38.9464 -30.9764
v 27.147 45.7705 -16.0182
v 28.0895 39.734 -31.405
v 27.7695 39.734 -31.405
v 28.7152 38.9441 -31.0468
v 28.6214 39.3027 -31.2095
v 29.0022 39.2362 -31.1793
v 29.0022 38.9441 -31.0468
v 27.509 39.5615 -31.3268
v 27.4032 39.3684 -31.2392
v 27.1439 38.9441 -31.0468
v 27.2376 39.3027 -31.2095
v 30.5167 39.6048 -31.2749
v 30.6209 39.4142 -31.1885
v 30.4955 39.5615 -31.3268
v 30.6012 39.3684 -31.2392
v 30.4443 39.5109 -31.3335
v 30.5534 39.3115 -31.243
v 30.2349 38.8372 -30.9984
v 30.2137 38.8854 -31.0498
v 30.5108 39.0198 -31.0812
v 30.4968 39.0727 -31.1348
v 30.2436 38.8395 -30.9279
v 30.5167 39.0202 -31.0098
v 29.9062 38.8395 -30.9279
v 29.6332 39.0202 -31.0098
v 29.9149 38.8372 -30.9984
v 29.639 39.0198 -31.0812
v 29.9361 38.8854 -31.0498
v 29.653 39.0727 -31.1348
v 30.5167 46.4288 -16.3167
v 30.2436 46.6095 -16.3986
v 30.2436 39.7854 -31.3568
v 30.2436 45.6636 -15.9697
v 30.5167 45.8442 -16.0516
v 30.6209 46.2383 -16.2303
v 30.7748 46.1773 -16.2026
v 30.7748 39.3533 -31.1609
v 30.7474 39.2346 -31.2082
v 30.8682 38.9923 -31.0983
v 30.8574 38.9464 -30.9764
v 30.8574 45.7705 -16.0182
v 31.1476 46.1122 -16.1731
v 31.1476 39.2881 -31.1313
v 31.1476 39.1647 -31.1765
v 31.1476 38.9923 -31.0983
v 31.1476 38.9464 -30.9764
v 31.1476 45.7705 -16.0182
v 29.6332 46.4288 -16.3167
v 29.9062 46.6095 -16.3986
v 29.6332 39.6048 -31.2749
v 29.9062 39.7854 -31.3568
v 29.9062 45.6636 -15.9697
v 29.6332 45.8442 -16.0516
v 29.5289 46.2383 -16.2303
v 29.5289 39.4142 -31.1885
v 29.5964 39.3115 -31.243
v 29.7055 39.5109 -31.3335
v 29.9361 39.6635 -31.4027
v 30.2137 39.6635 -31.4027
v 29.375 46.1773 -16.2026
v 29.375 39.3533 -31.1609
v 29.4024 39.2346 -31.2082
v 29.2816 38.9923 -31.0983
v 29.2924 38.9464 -30.9764
v 29.2924 45.7705 -16.0182
v 30.2349 39.734 -31.405
v 29.9149 39.734 -31.405
v 30.8606 38.9441 -31.0468
v 30.7668 39.3027 -31.2095
v 31.1476 39.2362 -31.1793
v 31.1476 38.9441 -31.0468
v 29.6544 39.5615 -31.3268
v 29.5486 39.3684 -31.2392
v 29.2892 38.9441 -31.0468
v 29.383 39.3027 -31.2095
v 32.6621 39.6048 -31.2749
v 32.7663 39.4142 -31.1885
v 32.6409 39.5615 -31.3268
v 32.7466 39.3684 -31.2392
v 32.5897 39.5109 -31.3335
v 32.6988 39.3115 -31.243
v 32.3803 38.8372 -30.9984
v 32.3591 38.8854 -31.0498
v 32.6562 39.0198 -31.0812
v 32.6422 39.0727 -31.1348
v 32.389 38.8395 -30.9279
v 32.6621 39.0202 -31.0098
v 32.0516 38.8395 -30.9279
v 31.7785 39.0202 -31.0098
v 32.0603 38.8372 -30.9984
v 31.7844 39.0198 -31.0812
v 32.0815 38.8854 -31.0498
v 31.7984 39.0727 -31.1348
v 32.6621 46.4288 -16.3167
v 32.389 46.6095 -16.3986
v 32.389 39.7854 -31.3568
v 32.389 45.6636 -15.9697
v 32.6621 45.8442 -16.0516
v 32.7663 46.2383 -16.2303
v 32.9202 46.1773 -16.2026
v 32.9202 39.3533 -31.1609
v 32.8928 39.2346 -31.2082
v 33.0136 38.9923 -31.0983
v 33.0028 38.9464 -30.9764
v 33.0028 45.7705 -16.0182
v 31.7785 46.4288 -16.3167
v 32.0516 46.6095 -16.3986
v 31.7785 39.6048 -31.2749
v 32.0516 39.7854 -31.3568
v 32.0516 45.6636 -15.9697
v 31.7785 45.8442 -16.0516
v 31.6743 46.2383 -16.2303
v 31.6743 39.4142 -31.1885
v 31.7418 39.3115 -31.243
v 31.8509 39.5109 -31.3335
v 32.0815 39.6635 -31.4027
v 32.3591 39.6635 -31.4027
v 31.5204 46.1773 -16.2026
v 31.5204 39.3533 -31.1609
v 31.5478 39.2346 -31.2082
v 31.427 38.9923 -31.0983
v 31.4378 38.9464 -30.9764
v 31.4378 45.7705 -16.0182
v 32.3803 39.734 -31.405
v 32.0603 39.734 -31.405
v 33.006 38.9441 -31.0468
v 32.9122 39.3027 -31.2095
v 31.7997 39.5615 -31.3268
v 31.694 39.3684 -31.2392
v 31.4346 38.9441 -31.0468
v 31.5284 39.3027 -31.2095
vn 0.734018 0.617222 -0.283294
vn 0.73033 0.620678 -0.285268
vn 0.540989 0.168994 -0.823876
vn 0.457022 0.078365 -0.885996
vn 0.011339 -0.403684 -0.914828
vn 0.006051 -0.407583 -0.913148
vn 0.002264 -0.424203 -0.905564
vn 0.006355 -0.429393 -0.903095
vn 0.005601 -0.397354 -0.917648
vn -0.005516 -0.397459 -0.917603
vn -0.014441 -0.403364 -0.914925
vn -0.01785 -0.41292 -0.910592
vn -0.014441 -0.422475 -0.90626
vn -0.005516 -0.428381 -0.903581
vn 0.020064 -0.343703 -0.938864
vn -0.013451 -0.50292 -0.864229
vn 0.016707 -0.332084 -0.943102
vn 1.4e-05 -0.485805 -0.874067
vn 0.230018 0.365762 -0.901837
vn 0.309146 0.864591 -0.396121
vn -0.229583 0.367082 -0.901411
vn -0.309144 0.864592 -0.396119
vn -0.601055 0.121283 -0.789952
vn -0.809223 0.533867 -0.245243
vn -0.742946 -0.276434 -0.609603
vn -0.999999 -0.001042 -0.00122
vn -0.601062 -0.674152 -0.429237
vn -0.808807 -0.535668 0.242673
vn -0.229585 -0.919957 -0.317757
vn -0.308887 -0.865949 0.393346
vn 0.233671 -0.914662 -0.329837
vn 0.308902 -0.865955 0.393321
vn 0.11301 -0.875854 -0.469157
vn 0.18795 -0.894421 0.405814
vn -0.092724 -0.935319 -0.34144
vn -0.127288 -0.903065 0.410208
vn 0.17523 0.298937 -0.938046
vn 0.254213 0.879197 -0.402975
vn 0.188341 0.892799 -0.409191
vn 0.127887 0.304073 -0.944026
vn 7e-06 -0.937389 -0.348283
vn -6e-06 -0.910474 0.413567
vn 0.733668 0.618214 -0.282033
vn 0.308884 0.865307 -0.394758
vn -0.308885 0.865307 -0.394758
vn -0.808802 0.535034 -0.244086
vn -1 0.000408 -0.000186
vn -0.809231 -0.534497 0.243841
vn -0.309147 -0.86523 0.394722
vn 0.309145 -0.86523 0.394723
vn 0.187726 -0.893622 0.407675
vn 0.730799 0.62102 -0.283313
vn 0.254286 0.87989 -0.401412
vn -0.127321 -0.902392 0.411677
vn 0.188342 0.893514 -0.407627
vn -6e-06 -0.909796 0.415055
vn -0.734019 0.61722 -0.283294
vn -0.540986 0.168989 -0.823879
vn -0.730329 0.620678 -0.285269
vn -0.457019 0.078364 -0.885998
vn -0.01134 -0.403688 -0.914826
vn -0.006051 -0.407587 -0.913146
vn -0.002265 -0.424206 -0.905563
vn -0.006355 -0.429395 -0.903094
vn -0.005602 -0.397358 -0.917647
vn 0.005515 -0.428383 -0.90358
vn 0.01444 -0.422479 -0.906258
vn 0.017849 -0.412924 -0.910591
vn 0.01444 -0.403368 -0.914924
vn 0.005516 -0.397463 -0.917602
vn -0.020062 -0.343712 -0.938861
vn 0.013451 -0.502917 -0.86423
vn -0.016705 -0.33209 -0.9431
vn -1.2e-05 -0.485805 -0.874067
vn -0.230012 0.365752 -0.901842
vn -0.309145 0.864592 -0.39612
vn 0.229581 0.367088 -0.901409
vn 0.309144 0.864592 -0.396119
vn 0.601064 0.121288 -0.789944
vn 0.809224 0.533865 -0.245244
vn 0.742951 -0.276434 -0.609597
vn 0.999999 -0.001042 -0.00122
vn 0.601065 -0.674142 -0.429247
vn 0.808807 -0.535669 0.242673
vn 0.22958 -0.919944 -0.317798
vn 0.308886 -0.86595 0.393345
vn -0.23367 -0.914654 -0.329857
vn -0.308904 -0.865955 0.39332
vn -0.113012 -0.875852 -0.469161
vn -0.187949 -0.894422 0.405814
vn 0.092725 -0.935317 -0.341445
vn 0.127289 -0.903065 0.410209
vn -0.254213 0.879196 -0.402976
vn -0.175223 0.298937 -0.938048
vn -0.188344 0.892798 -0.409192
vn -0.127884 0.30407 -0.944027
vn -6e-06 -0.937382 -0.348305
vn 4e-06 -0.910473 0.413568
vn -0.73367 0.618212 -0.282033
vn -0.308883 0.865308 -0.394757
vn 0.308885 0.865307 -0.394758
vn 0.808803 0.535032 -0.244086
vn 1 0.000407 -0.000186
vn 0.80923 -0.534499 0.24384
vn 0.309147 -0.86523 0.394722
vn -0.187725 -0.893622 0.407675
vn -0.730798 0.621021 -0.283315
vn -0.254286 0.87989 -0.401412
vn 0.127323 -0.902392 0.411677
vn -0.188345 0.893514 -0.407627
vn 4e-06 -0.909796 0.415055
vn 0.734019 0.61722 -0.283293
vn 0.730332 0.620675 -0.285266
vn 0.540993 0.168989 -0.823874
vn 0.457028 0.07836 -0.885994
vn 0.011083 -0.403898 -0.914737
vn 0.005921 -0.407703 -0.913096
vn 0.233669 -0.914652 -0.329866
vn 0.006213 -0.429028 -0.90327
vn 0.113012 -0.875851 -0.469163
vn 0.002218 -0.423968 -0.905674
vn 0.308906 -0.865953 0.393321
vn 0.187949 -0.894421 0.405815
vn -0.308907 -0.865953 0.393321
vn -0.187949 -0.894421 0.405815
vn -0.233669 -0.914655 -0.329857
vn -0.113011 -0.875855 -0.469156
vn -0.006213 -0.429028 -0.90327
vn -0.002217 -0.423968 -0.905674
vn 0.73367 0.618212 -0.282032
vn 0.308882 0.865308 -0.394759
vn 0.309143 0.864592 -0.396121
vn 0.30915 -0.865228 0.394723
vn 0.187724 -0.893622 0.407676
vn 0.730802 0.621017 -0.283312
vn 0.25428 0.879892 -0.401412
vn 0.254207 0.879198 -0.402976
vn 0.020059 -0.343707 -0.938863
vn -0.013459 -0.502913 -0.864232
vn -0.127291 -0.903065 0.410209
vn -0.127325 -0.902392 0.411677
vn 0.188337 0.893515 -0.407627
vn 0.188336 0.8928 -0.409191
vn 0.01669 -0.33209 -0.9431
vn -3e-06 -0.485803 -0.874068
vn 0 -0.910474 0.413567
vn 0 -0.909796 0.415055
vn -0.308882 0.865308 -0.394759
vn -0.309143 0.864592 -0.396121
vn -0.309151 -0.865228 0.394722
vn -0.187724 -0.893622 0.407676
vn -0.730802 0.621017 -0.283312
vn -0.730332 0.620675 -0.285267
vn -0.005921 -0.407703 -0.913095
vn -0.011083 -0.403898 -0.914737
vn -0.005476 -0.397708 -0.917496
vn 0.005476 -0.397709 -0.917496
vn -0.254275 0.879893 -0.401413
vn -0.254201 0.879199 -0.402976
vn -0.020055 -0.343707 -0.938863
vn 0.013468 -0.502919 -0.864229
vn 0.127286 -0.903065 0.410209
vn 0.127321 -0.902392 0.411677
vn -0.18833 0.893516 -0.407628
vn -0.188329 0.892801 -0.409192
vn -0.016676 -0.332091 -0.9431
vn 1.7e-05 -0.485812 -0.874063
vn -1.1e-05 -0.910474 0.413567
vn -1.1e-05 -0.909796 0.415055
vn 0.23002 0.365752 -0.901841
vn -0.23002 0.365754 -0.90184
vn -0.092727 -0.935313 -0.341455
vn 0.17522 0.298945 -0.938046
vn 0.127872 0.304068 -0.944029
vn 0 -0.93737 -0.348335
vn -0.540995 0.168991 -0.823873
vn -0.457036 0.078358 -0.88599
vn 0.092726 -0.93532 -0.341435
vn -0.17521 0.298944 -0.938048
vn -0.127858 0.30407 -0.944031
vn -3e-06 -0.937385 -0.348295
vn 0.734019 0.617221 -0.283293
vn 0.540994 0.168991 -0.823874
vn 0.45703 0.078362 -0.885993
vn 0.011083 -0.403899 -0.914736
vn 0.005921 -0.407704 -0.913095
vn 0.23367 -0.914655 -0.329857
vn 0.006213 -0.42903 -0.903269
vn 0.113011 -0.875855 -0.469155
vn 0.002218 -0.42397 -0.905674
vn -0.233668 -0.914653 -0.329861
vn -0.11301 -0.875846 -0.469173
vn -0.006213 -0.42903 -0.903269
vn -0.002217 -0.42397 -0.905674
vn 0.73367 0.618213 -0.282032
vn 0.254281 0.879891 -0.401413
vn -0.013459 -0.502915 -0.864231
vn -0.127291 -0.903065 0.410208
vn 0.188338 0.893515 -0.407628
vn 0.188337 0.8928 -0.409192
vn -0.011083 -0.403899 -0.914736
vn -0.005476 -0.39771 -0.917495
vn 0.005476 -0.39771 -0.917495
vn -0.254281 0.879892 -0.401412
vn -0.254207 0.879198 -0.402976
vn -0.02006 -0.343709 -0.938862
vn 0.013459 -0.502913 -0.864232
vn 0.127291 -0.903065 0.410208
vn 0.127326 -0.902391 0.411677
vn -0.188338 0.893515 -0.407627
vn -0.188337 0.8928 -0.409191
vn -0.01669 -0.332089 -0.9431
vn 3e-06 -0.485803 -0.874068
vn 0.23002 0.365753 -0.90184
vn -0.230016 0.36575 -0.901842
vn -0.092728 -0.93532 -0.341436
vn 0.17522 0.298946 -0.938046
vn 0 -0.937379 -0.348312
vn -0.45703 0.078359 -0.885993
vn 0.092726 -0.935309 -0.341467
vn -0.175221 0.298942 -0.938047
vn -0.127872 0.304068 -0.944029
vn 0.730333 0.620675 -0.285267
vn 0.540993 0.168991 -0.823874
vn 0.457024 0.078359 -0.885996
vn 0.011083 -0.403901 -0.914736
vn 0.005921 -0.407705 -0.913095
vn 0.23367 -0.914655 -0.329854
vn 0.006213 -0.429031 -0.903269
vn 0.113012 -0.875848 -0.469168
vn 0.187949 -0.894421 0.405816
vn -0.23367 -0.914659 -0.329846
vn -0.113011 -0.875853 -0.469159
vn -0.006213 -0.429031 -0.903268
vn -0.002217 -0.423971 -0.905673
vn 0.30915 -0.865229 0.394722
vn 0.730803 0.621017 -0.283312
vn 0.02006 -0.343705 -0.938863
vn -0.013459 -0.50291 -0.864234
vn -3e-06 -0.485802 -0.874069
vn 0 -0.909797 0.415054
vn -0.309143 0.864592 -0.396122
vn -0.730802 0.621018 -0.283312
vn -0.730332 0.620676 -0.285266
vn -0.00592 -0.407705 -0.913094
vn -0.011083 -0.403901 -0.914736
vn -0.005476 -0.397711 -0.917494
vn 0.005476 -0.397711 -0.917494
vn -0.25428 0.879892 -0.401412
vn 0.127326 -0.902392 0.411677
vn -0.188338 0.893515 -0.407628
vn 0.23002 0.365754 -0.90184
vn -0.092727 -0.935314 -0.341453
vn 0.175219 0.298941 -0.938047
vn 0 -0.937371 -0.348332
vn -0.540997 0.168991 -0.823871
vn -0.457036 0.07836 -0.88599
vn 0.092726 -0.935312 -0.341456
vn -0.175221 0.298944 -0.938046
vn 0 -0.937371 -0.348334
vn 0.734018 0.617221 -0.283293
vn 0.73033 0.620678 -0.285266
vn 0.540984 0.168989 -0.82388
vn 0.457025 0.078362 -0.885995
vn 0.005921 -0.407702 -0.913096
vn 0.233669 -0.914651 -0.329866
vn 0.113012 -0.875855 -0.469155
vn 0.002218 -0.423968 -0.905675
vn 0.308907 -0.865953 0.393322
vn -0.233669 -0.914651 -0.329867
vn -0.113011 -0.875855 -0.469154
vn -0.006212 -0.429028 -0.90327
vn -0.002217 -0.423969 -0.905674
vn 0.733669 0.618213 -0.282032
vn 0.308882 0.865307 -0.394759
vn 0.309143 0.864591 -0.396122
vn 0.309151 -0.865228 0.394723
vn 0.7308 0.62102 -0.283312
vn 0.02006 -0.343705 -0.938864
vn -0.013459 -0.502914 -0.864231
vn -3e-06 -0.485808 -0.874065
vn 0 -0.910473 0.413568
vn 0 -0.909796 0.415056
vn -0.309143 0.864591 -0.396122
vn -0.309151 -0.865228 0.394723
vn -0.00592 -0.407702 -0.913096
vn -0.011083 -0.403897 -0.914737
vn 0.005476 -0.397708 -0.917496
vn 0.013459 -0.502916 -0.864231
vn 0.127325 -0.902392 0.411677
vn 0.230016 0.365748 -0.901843
vn -0.230015 0.365745 -0.901845
vn -0.092727 -0.935317 -0.341445
vn 0.17522 0.298943 -0.938046
vn 0.127872 0.304069 -0.944029
vn -0.54098 0.168987 -0.823884
vn -0.457022 0.078361 -0.885997
vn 0.092726 -0.935315 -0.341448
vn -0.175218 0.29894 -0.938048
vn 0 -0.93737 -0.348336
vn 0.730331 0.620676 -0.285266
vn 0.540984 0.168983 -0.823882
vn 0.457024 0.07836 -0.885996
vn 0.011084 -0.403898 -0.914737
vn 0.233669 -0.914651 -0.329867
vn 0.006213 -0.429029 -0.903269
vn 0.113012 -0.875855 -0.469154
vn 0.002217 -0.423968 -0.905674
vn -0.113012 -0.875854 -0.469157
vn 0.187724 -0.893622 0.407675
vn 0.730802 0.621018 -0.283311
vn -0.127325 -0.902392 0.411676
vn -3e-06 -0.485807 -0.874066
vn -0.733669 0.618213 -0.282032
vn -0.734018 0.617221 -0.283293
vn -0.730801 0.621019 -0.283312
vn -0.730331 0.620677 -0.285267
vn -0.00592 -0.407703 -0.913096
vn -0.011083 -0.403899 -0.914737
vn -0.254281 0.879891 -0.401413
vn -0.020059 -0.343704 -0.938864
vn 0.013459 -0.502914 -0.864232
vn 0.127325 -0.902391 0.411677
vn 3e-06 -0.485808 -0.874066
vn 0.230015 0.365741 -0.901847
vn -0.230014 0.365748 -0.901844
vn -0.092727 -0.93532 -0.341435
vn 0.175219 0.298942 -0.938047
vn 0 -0.937378 -0.348313
vn -0.540986 0.16899 -0.823879
vn -0.45703 0.07836 -0.885993
vn 0.092726 -0.935317 -0.341445
vn -0.17522 0.298943 -0.938046
vn 0.73402 0.617219 -0.283293
vn 0.730332 0.620676 -0.285267
vn 0.540984 0.168982 -0.823882
vn 0.457024 0.078356 -0.885996
vn 0.113013 -0.875856 -0.469153
vn 0.002217 -0.423969 -0.905674
vn -0.113012 -0.875854 -0.469156
vn 0.733671 0.618211 -0.282032
vn 0.308882 0.865308 -0.394758
vn 0.309142 0.864592 -0.396121
vn 0.187725 -0.893622 0.407676
vn 0.254207 0.879198 -0.402975
vn 0.188338 0.893514 -0.407628
vn 0.188337 0.892799 -0.409192
vn 0.01669 -0.332091 -0.9431
vn -0.308882 0.865308 -0.394758
vn -0.734018 0.617222 -0.283293
vn -0.730801 0.621018 -0.283313
vn -0.020059 -0.343705 -0.938863
vn 0.230014 0.365741 -0.901846
vn 0 -0.937378 -0.348315
vn -0.540986 0.168993 -0.823878
vn -0.45703 0.078361 -0.885993
vn -0.127872 0.304067 -0.94403
vn 0.730334 0.620673 -0.285267
vn 0.540993 0.168992 -0.823874
vn 0.457024 0.078357 -0.885996
vn 0.23367 -0.91465 -0.329869
vn -0.233667 -0.914651 -0.329867
vn -0.006212 -0.429031 -0.903269
vn 0.730804 0.621015 -0.283313
vn 0.020059 -0.343705 -0.938864
vn -0.013459 -0.502914 -0.864232
vn 0.01669 -0.332088 -0.943101
vn -3e-06 -0.485805 -0.874067
vn -0.733671 0.618212 -0.282032
vn -0.73402 0.61722 -0.283293
vn -0.309152 -0.865228 0.394723
vn -0.730804 0.621015 -0.283313
vn -0.730334 0.620673 -0.285267
vn -0.00592 -0.407705 -0.913095
vn -0.005476 -0.397711 -0.917495
vn 0.005476 -0.397711 -0.917495
vn -0.020059 -0.343706 -0.938863
vn -0.188337 0.893516 -0.407626
vn -0.188336 0.892801 -0.40919
vn -0.01669 -0.332091 -0.9431
vn 3e-06 -0.48581 -0.874065
vn 0.230021 0.365754 -0.90184
vn -0.230016 0.365749 -0.901843
vn 0.175219 0.298943 -0.938047
vn 0.127872 0.30407 -0.944029
vn -0.540987 0.168988 -0.823879
vn 0.092727 -0.935317 -0.341444
vn 0.730333 0.620674 -0.285268
vn 0.540994 0.168985 -0.823875
vn 0.457028 0.078358 -0.885994
vn 0.011083 -0.403897 -0.914737
vn 0.11301 -0.875856 -0.469153
vn -0.002217 -0.423968 -0.905675
vn 0.187724 -0.893622 0.407677
vn 0.730803 0.621016 -0.283313
vn 0.25428 0.879891 -0.401414
vn -3e-06 -0.485808 -0.874066
vn 0 -0.910474 0.413565
vn 0 -0.909797 0.415053
vn -0.733671 0.618211 -0.282032
vn -0.309142 0.864592 -0.396121
vn -0.730805 0.621015 -0.283312
vn -0.730335 0.620673 -0.285266
vn -0.005476 -0.397707 -0.917496
vn 0.013459 -0.502917 -0.86423
vn -0.01669 -0.332092 -0.943099
vn 0.230019 0.365752 -0.901841
vn -0.230018 0.365749 -0.901842
vn 0.127872 0.304067 -0.94403
vn -0.540985 0.168992 -0.823879
vn -0.457024 0.078365 -0.885996
vn -0.127874 0.304073 -0.944028
vn 0.730335 0.620672 -0.285267
vn 0.54099 0.168988 -0.823877
vn 0.457022 0.078359 -0.885997
vn 0.113014 -0.875854 -0.469156
vn 0.002217 -0.423968 -0.905675
vn -0.233667 -0.914652 -0.329866
vn -0.113013 -0.875855 -0.469156
vn 0.730805 0.621014 -0.283312
vn 0.020059 -0.343703 -0.938864
vn -0.730804 0.621016 -0.283311
vn -0.730333 0.620674 -0.285266
vn -0.254207 0.879199 -0.402975
vn 0.013458 -0.502915 -0.864231
vn 0.127292 -0.903064 0.410209
vn 3e-06 -0.485809 -0.874065
vn -0.230019 0.365755 -0.90184
vn 0.175218 0.298941 -0.938047
vn -0.540991 0.168988 -0.823876
vn -0.457022 0.078354 -0.885997
vn 0.092728 -0.93532 -0.341436
vn -0.127874 0.304071 -0.944028
vn 0.540994 0.168988 -0.823874
vn 0.457028 0.078361 -0.885994
vn 0.233668 -0.914651 -0.329868
vn 0.113009 -0.875855 -0.469155
vn 0.308906 -0.865954 0.39332
vn 0.187948 -0.894422 0.405814
vn 0.187723 -0.893623 0.407674
vn 0.254279 0.879893 -0.401411
vn 0.254206 0.879199 -0.402975
vn -0.73367 0.618213 -0.282032
vn -0.730803 0.621017 -0.283311
vn -0.730333 0.620675 -0.285266
vn -0.02006 -0.343707 -0.938863
vn -0.230018 0.36575 -0.901842
vn -0.092727 -0.935316 -0.341446
vn 0.17522 0.298944 -0.938046
vn -0.540985 0.168989 -0.82388
vn -0.457024 0.07836 -0.885996
vn -0.175221 0.298945 -0.938046
vn -0.127874 0.304072 -0.944028
vn 0.540989 0.168993 -0.823877
vn 0.457021 0.07836 -0.885997
vn 0.23367 -0.914651 -0.329867
vn 0.113015 -0.875854 -0.469156
vn -0.233669 -0.914652 -0.329866
vn 0.25428 0.879893 -0.401411
vn -0.127291 -0.903064 0.410209
vn -0.127325 -0.902391 0.411677
vn 0.188336 0.893516 -0.407626
vn 0.188335 0.892801 -0.40919
vn -0.730806 0.621012 -0.283313
vn -0.730336 0.62067 -0.285267
vn -0.254282 0.879891 -0.401414
vn -0.254208 0.879197 -0.402977
vn -0.02006 -0.343703 -0.938864
vn 0.230019 0.365754 -0.90184
vn -0.23002 0.365752 -0.901841
vn 0.175218 0.29894 -0.938048
vn -0.540992 0.168985 -0.823876
vn -0.457022 0.078355 -0.885997
vn 0.730332 0.620675 -0.285268
vn 0.540993 0.168988 -0.823875
vn 0.113009 -0.875856 -0.469154
vn 0.308907 -0.865953 0.393321
vn 0.187949 -0.894422 0.405815
vn -0.23367 -0.91465 -0.329869
vn -0.113014 -0.875853 -0.469159
vn 0.730802 0.621017 -0.283313
vn 0.188338 0.893515 -0.407627
vn -0.187723 -0.893622 0.407675
vn -0.730805 0.621014 -0.283313
vn -0.730335 0.620672 -0.285267
vn -0.254208 0.879198 -0.402976
vn -0.230017 0.365753 -0.901841
vn -0.540985 0.168991 -0.823879
vn -0.457024 0.078356 -0.885996
vn -0.127874 0.304073 -0.944027
vn 0.734017 0.617223 -0.283293
vn 0.540989 0.168992 -0.823877
vn 0.457021 0.078362 -0.885997
vn 0.011083 -0.403899 -0.914737
vn 0.233668 -0.914652 -0.329866
vn 0.113014 -0.875855 -0.469155
vn -0.187948 -0.894422 0.405815
vn -0.113014 -0.875854 -0.469157
vn -0.006212 -0.429029 -0.903269
vn 0.733668 0.618215 -0.282032
vn 0.308881 0.865308 -0.394758
vn 0.730804 0.621015 -0.283312
vn 0.254281 0.879891 -0.401414
vn 0.254208 0.879197 -0.402977
vn 0.020059 -0.343702 -0.938864
vn 0.188337 0.893515 -0.407628
vn -0.730806 0.621013 -0.283312
vn -0.730336 0.620672 -0.285266
vn -0.00592 -0.407703 -0.913095
vn 0.127292 -0.903065 0.410208
vn 0.127326 -0.902392 0.411676
vn -0.230019 0.365756 -0.901839
vn -0.540991 0.168992 -0.823875
vn -0.457022 0.078359 -0.885997
vn 0.730331 0.620676 -0.285268
vn 0.457028 0.078364 -0.885993
vn 0.002218 -0.423969 -0.905674
vn -0.233671 -0.91465 -0.329868
vn -0.113014 -0.875854 -0.469156
vn 0.730802 0.621018 -0.283313
vn -0.73402 0.617219 -0.283293
vn 0.127325 -0.902392 0.411676
vn -0.230017 0.365752 -0.901841
vn -0.540985 0.168989 -0.823879
vn 0.730337 0.62067 -0.285265
vn 0.540984 0.168985 -0.823881
vn 0.457027 0.078365 -0.885994
vn 0.233668 -0.914653 -0.329862
vn 0.113017 -0.875853 -0.469158
vn 0.308905 -0.865954 0.393321
vn 0.18795 -0.894421 0.405816
vn -0.308906 -0.865954 0.393321
vn -0.18795 -0.894421 0.405816
vn -0.233669 -0.914653 -0.329863
vn -0.113015 -0.875853 -0.469158
vn 0.30888 0.865308 -0.394759
vn 0.309141 0.864592 -0.396121
vn 0.309149 -0.865229 0.394723
vn 0.187726 -0.893621 0.407676
vn 0.730807 0.621012 -0.283311
vn 0.254277 0.879892 -0.401414
vn 0.254203 0.879198 -0.402978
vn 0.020057 -0.343708 -0.938863
vn -0.013463 -0.502919 -0.864229
vn -0.127286 -0.903065 0.410209
vn 0.18833 0.893515 -0.40763
vn 0.188329 0.8928 -0.409194
vn 0.016682 -0.332096 -0.943098
vn -9e-06 -0.485812 -0.874063
vn 1e-05 -0.910474 0.413567
vn 1e-05 -0.909797 0.415055
vn -0.733672 0.61821 -0.282031
vn -0.734021 0.617218 -0.283292
vn -0.30915 -0.865229 0.394722
vn -0.730803 0.621016 -0.283311
vn -0.02006 -0.343705 -0.938864
vn 0.230017 0.365746 -0.901844
vn -0.23002 0.365745 -0.901843
vn -0.092725 -0.935321 -0.341434
vn 0.175209 0.298942 -0.938049
vn 0.127859 0.304067 -0.944031
vn 7e-06 -0.937377 -0.348316
vn -0.540988 0.168979 -0.82388
vn -0.457023 0.078357 -0.885997
vn -0.175221 0.298946 -0.938045
vt 0.80195 0.823642
vt 0.798087 0.820406
vt 0.800583 0.824388
vt 0.796763 0.821305
vt 0.799498 0.82528
vt 0.795319 0.822345
vt 0.789554 0.823128
vt 0.78523 0.828824
vt 0.802286 0.830304
vt 0.801726 0.835772
vt 0.798113 0.839868
vt 0.792791 0.841084
vt 0.787762 0.838952
vt 0.784907 0.834283
vt 0.793892 0.817577
vt 0.787739 0.814328
vt 0.792598 0.807512
vt 0.787842 0.807382
vt 0.803697 0.830053
vt 0.80509 0.829806
vt 0.803046 0.836356
vt 0.804349 0.836938
vt 0.79885 0.841107
vt 0.79958 0.842339
vt 0.792668 0.842525
vt 0.79254 0.843955
vt 0.78682 0.840045
vt 0.785886 0.841128
vt 0.783527 0.834627
vt 0.782163 0.834967
vt 0.783906 0.828396
vt 0.782601 0.827968
vt 0.787818 0.822739
vt 0.786297 0.822479
vt 0.786076 0.8145
vt 0.78441 0.814705
vt 0.79555 0.817202
vt 0.797201 0.816895
vt 0.796147 0.807626
vt 0.794398 0.807568
vt 0.786064 0.807339
vt 0.784279 0.807301
vt 0.383639 0.964618
vt 0.003342 0.964618
vt 0.383639 0.972424
vt 0.003342 0.972424
vt 0.383639 0.98023
vt 0.003342 0.98023
vt 0.383639 0.988037
vt 0.003342 0.988037
vt 0.383639 0.995843
vt 0.003342 0.995843
vt 0.773084 0.005196
vt 0.392808 0.005196
vt 0.773084 0.013003
vt 0.392808 0.013003
vt 0.773084 0.020833
vt 0.392808 0.020833
vt 0.773084 0.028638
vt 0.392808 0.028638
vt 0.773084 0.036443
vt 0.392808 0.036443
vt 0.383639 0.95914
vt 0.003342 0.95914
vt 0.383639 0.955257
vt 0.003342 0.955257
vt 0.392808 0.044544
vt 0.773084 0.044544
vt 0.383639 0.946473
vt 0.003342 0.946473
vt 0.392808 0.051256
vt 0.773084 0.051256
vt 0.802753 0.026257
vt 0.801617 0.025262
vt 0.798608 0.029195
vt 0.797358 0.028202
vt 0.800504 0.024244
vt 0.795964 0.027086
vt 0.790026 0.026121
vt 0.78555 0.020022
vt 0.803676 0.019081
vt 0.785339 0.014188
vt 0.788537 0.009308
vt 0.793986 0.007219
vt 0.799622 0.008719
vt 0.803309 0.013234
vt 0.794324 0.031731
vt 0.788371 0.034743
vt 0.792826 0.041231
vt 0.788362 0.041198
vt 0.805165 0.019435
vt 0.806642 0.019789
vt 0.804747 0.012669
vt 0.806166 0.012104
vt 0.800462 0.007422
vt 0.801292 0.006133
vt 0.793906 0.005674
vt 0.793823 0.004141
vt 0.787566 0.008107
vt 0.786604 0.006915
vt 0.783863 0.013776
vt 0.782407 0.013371
vt 0.784124 0.020468
vt 0.782717 0.020914
vt 0.788264 0.02652
vt 0.786717 0.026829
vt 0.7868 0.034592
vt 0.785231 0.034423
vt 0.797467 0.032525
vt 0.795905 0.032156
vt 0.796187 0.041241
vt 0.794528 0.041239
vt 0.786714 0.041178
vt 0.78507 0.041152
vt 0.383639 0.035213
vt 0.383639 0.027409
vt 0.003342 0.035213
vt 0.003342 0.027409
vt 0.383639 0.019605
vt 0.003342 0.019605
vt 0.383639 0.011802
vt 0.003342 0.011802
vt 0.383639 0.003998
vt 0.003342 0.003998
vt 0.773084 0.892903
vt 0.773084 0.8851
vt 0.392808 0.892903
vt 0.392808 0.8851
vt 0.773084 0.877296
vt 0.392808 0.877296
vt 0.773084 0.869492
vt 0.392808 0.869492
vt 0.773084 0.861687
vt 0.392808 0.861688
vt 0.383639 0.040619
vt 0.003342 0.040619
vt 0.383639 0.044499
vt 0.003342 0.044499
vt 0.392808 0.853588
vt 0.773084 0.853588
vt 0.383639 0.053277
vt 0.003342 0.053277
vt 0.392808 0.846877
vt 0.773084 0.846877
vt 0.804068 0.770097
vt 0.799317 0.767413
vt 0.802928 0.771289
vt 0.798109 0.768539
vt 0.801815 0.772501
vt 0.796726 0.769779
vt 0.784153 0.777453
vt 0.785717 0.777898
vt 0.788485 0.770707
vt 0.790374 0.771092
vt 0.78261 0.777011
vt 0.786812 0.770391
vt 0.782552 0.785147
vt 0.786611 0.791837
vt 0.7841 0.784733
vt 0.788311 0.791575
vt 0.785675 0.784316
vt 0.790243 0.791234
vt 0.383639 0.904973
vt 0.003342 0.904973
vt 0.383639 0.912781
vt 0.003342 0.912781
vt 0.773084 0.08168
vt 0.392808 0.08168
vt 0.773084 0.089485
vt 0.392808 0.089485
vt 0.383639 0.899564
vt 0.003342 0.899564
vt 0.383639 0.895682
vt 0.003342 0.895682
vt 0.794787 0.765082
vt 0.788566 0.762043
vt 0.392808 0.097585
vt 0.773084 0.097585
vt 0.383639 0.886899
vt 0.003342 0.886899
vt 0.793156 0.755386
vt 0.788583 0.7554
vt 0.392808 0.104297
vt 0.773084 0.104297
vt 0.383639 0.928398
vt 0.383639 0.920589
vt 0.003342 0.928398
vt 0.003342 0.920589
vt 0.773084 0.073875
vt 0.392808 0.073875
vt 0.773084 0.066069
vt 0.392808 0.066069
vt 0.383639 0.933807
vt 0.003342 0.933807
vt 0.796668 0.792641
vt 0.801839 0.789856
vt 0.805685 0.784397
vt 0.80568 0.777928
vt 0.383639 0.937689
vt 0.003342 0.937689
vt 0.79459 0.797497
vt 0.788056 0.800443
vt 0.392808 0.057969
vt 0.773084 0.057969
vt 0.807296 0.777418
vt 0.808895 0.776915
vt 0.807299 0.784893
vt 0.808898 0.785385
vt 0.786925 0.762197
vt 0.785284 0.762364
vt 0.796398 0.764611
vt 0.797968 0.7642
vt 0.796578 0.755379
vt 0.794893 0.755382
vt 0.78689 0.755407
vt 0.7852 0.755415
vt 0.802985 0.791063
vt 0.798094 0.793938
vt 0.804156 0.792244
vt 0.79936 0.795107
vt 0.786362 0.800216
vt 0.784668 0.799972
vt 0.796251 0.798032
vt 0.797879 0.798505
vt 0.80391 0.718748
vt 0.799257 0.716028
vt 0.802776 0.719907
vt 0.798038 0.717138
vt 0.801665 0.721087
vt 0.796647 0.718366
vt 0.784166 0.726001
vt 0.785726 0.726438
vt 0.788449 0.719279
vt 0.790334 0.719665
vt 0.782628 0.725568
vt 0.786779 0.718966
vt 0.782609 0.733669
vt 0.78674 0.740323
vt 0.78415 0.733243
vt 0.788423 0.740011
vt 0.785719 0.732812
vt 0.790318 0.739626
vt 0.383639 0.8454
vt 0.003342 0.8454
vt 0.383639 0.853208
vt 0.003342 0.853208
vt 0.773084 0.134721
vt 0.392808 0.134721
vt 0.773084 0.142527
vt 0.392808 0.142527
vt 0.383639 0.839992
vt 0.003342 0.839992
vt 0.383639 0.83611
vt 0.003342 0.83611
vt 0.794743 0.713658
vt 0.788536 0.710611
vt 0.392808 0.150628
vt 0.773084 0.150628
vt 0.383639 0.827327
vt 0.003342 0.827327
vt 0.793122 0.703967
vt 0.788559 0.703981
vt 0.392808 0.15734
vt 0.773084 0.15734
vt 0.383639 0.868825
vt 0.383639 0.861016
vt 0.003342 0.868825
vt 0.003342 0.861017
vt 0.773084 0.126916
vt 0.392808 0.126916
vt 0.773084 0.11911
vt 0.392808 0.11911
vt 0.383639 0.874234
vt 0.003342 0.874234
vt 0.796648 0.740918
vt 0.801698 0.738164
vt 0.805461 0.732794
vt 0.805451 0.726442
vt 0.383639 0.878116
vt 0.003342 0.878116
vt 0.794749 0.745657
vt 0.788526 0.748739
vt 0.392808 0.11101
vt 0.773084 0.11101
vt 0.807034 0.725951
vt 0.8086 0.725463
vt 0.807044 0.733277
vt 0.808613 0.733756
vt 0.786896 0.710762
vt 0.785257 0.710926
vt 0.796355 0.713189
vt 0.797929 0.71278
vt 0.796539 0.70396
vt 0.794856 0.703962
vt 0.78687 0.703988
vt 0.785185 0.703995
vt 0.802819 0.739344
vt 0.798049 0.742155
vt 0.803966 0.7405
vt 0.799278 0.743272
vt 0.786876 0.748593
vt 0.785225 0.748435
vt 0.796367 0.746126
vt 0.797947 0.746533
vt 0.803856 0.667381
vt 0.799207 0.664663
vt 0.802723 0.668539
vt 0.79799 0.665771
vt 0.801613 0.669717
vt 0.7966 0.666999
vt 0.784134 0.674627
vt 0.785692 0.675063
vt 0.788411 0.667912
vt 0.790294 0.668297
vt 0.782598 0.674196
vt 0.786742 0.667599
vt 0.782581 0.682287
vt 0.786709 0.688932
vt 0.784121 0.68186
vt 0.788389 0.68862
vt 0.785686 0.68143
vt 0.790281 0.688234
vt 0.383639 0.78583
vt 0.003342 0.78583
vt 0.383639 0.793638
vt 0.003342 0.793638
vt 0.773084 0.187765
vt 0.392808 0.187765
vt 0.773084 0.195571
vt 0.392808 0.195571
vt 0.383639 0.780422
vt 0.003342 0.780422
vt 0.383639 0.77654
vt 0.003342 0.77654
vt 0.794698 0.662296
vt 0.788498 0.659251
vt 0.392808 0.203672
vt 0.773084 0.203672
vt 0.383639 0.767758
vt 0.003342 0.767758
vt 0.79308 0.652615
vt 0.788523 0.652629
vt 0.392808 0.210384
vt 0.773084 0.210384
vt 0.383639 0.809253
vt 0.383639 0.801445
vt 0.003342 0.809253
vt 0.003342 0.801445
vt 0.773084 0.179959
vt 0.392808 0.179959
vt 0.773084 0.172153
vt 0.392808 0.172153
vt 0.383639 0.814662
vt 0.003342 0.814662
vt 0.796604 0.689525
vt 0.801646 0.686774
vt 0.805405 0.681411
vt 0.805394 0.675066
vt 0.383639 0.818544
vt 0.003342 0.818544
vt 0.794708 0.694256
vt 0.788497 0.697334
vt 0.392808 0.164053
vt 0.773084 0.164053
vt 0.806975 0.674576
vt 0.808539 0.674089
vt 0.806986 0.681893
vt 0.808552 0.682372
vt 0.78686 0.659402
vt 0.785222 0.659565
vt 0.796308 0.661827
vt 0.797881 0.661418
vt 0.796493 0.652608
vt 0.794812 0.652612
vt 0.786837 0.652634
vt 0.785153 0.652641
vt 0.802765 0.687952
vt 0.798003 0.690759
vt 0.80391 0.689107
vt 0.799229 0.691874
vt 0.78685 0.69719
vt 0.785202 0.697034
vt 0.796323 0.694723
vt 0.7979 0.695129
vt 0.803803 0.616077
vt 0.799158 0.61336
vt 0.80267 0.617234
vt 0.797941 0.614468
vt 0.801561 0.618411
vt 0.796554 0.615695
vt 0.784102 0.623317
vt 0.785659 0.623752
vt 0.788374 0.616607
vt 0.790254 0.616992
vt 0.782568 0.622886
vt 0.786706 0.616295
vt 0.782553 0.630967
vt 0.786678 0.637602
vt 0.784091 0.630541
vt 0.788356 0.63729
vt 0.785654 0.63011
vt 0.790245 0.636905
vt 0.383639 0.726267
vt 0.003342 0.726267
vt 0.383639 0.734073
vt 0.003342 0.734073
vt 0.773084 0.240811
vt 0.392808 0.240811
vt 0.773084 0.248616
vt 0.392808 0.248616
vt 0.383639 0.720859
vt 0.003342 0.720859
vt 0.383639 0.716978
vt 0.003342 0.716978
vt 0.794654 0.610996
vt 0.788461 0.607954
vt 0.392808 0.256718
vt 0.773084 0.256718
vt 0.383639 0.708197
vt 0.003342 0.708197
vt 0.793039 0.601327
vt 0.788487 0.601339
vt 0.392808 0.26343
vt 0.773084 0.26343
vt 0.383639 0.749687
vt 0.383639 0.74188
vt 0.003342 0.749687
vt 0.003342 0.74188
vt 0.773084 0.233005
vt 0.392808 0.233005
vt 0.773084 0.225199
vt 0.392808 0.225199
vt 0.383639 0.755095
vt 0.003342 0.755095
vt 0.796559 0.638193
vt 0.801594 0.635446
vt 0.805348 0.630091
vt 0.805338 0.623754
vt 0.383639 0.758976
vt 0.003342 0.758976
vt 0.794666 0.642917
vt 0.788463 0.645991
vt 0.392808 0.217097
vt 0.773084 0.217097
vt 0.806916 0.623264
vt 0.808479 0.622778
vt 0.806927 0.630572
vt 0.808492 0.631051
vt 0.786824 0.608104
vt 0.785188 0.608267
vt 0.796262 0.610528
vt 0.797832 0.61012
vt 0.796448 0.601321
vt 0.794768 0.601323
vt 0.786803 0.601344
vt 0.785121 0.60135
vt 0.802711 0.636623
vt 0.797956 0.639425
vt 0.803854 0.637776
vt 0.799181 0.640539
vt 0.786819 0.645846
vt 0.785173 0.64569
vt 0.796279 0.643384
vt 0.797854 0.643789
vt 0.80375 0.564836
vt 0.799108 0.562121
vt 0.802618 0.565992
vt 0.797893 0.563228
vt 0.80151 0.567167
vt 0.796507 0.564454
vt 0.78407 0.572069
vt 0.785626 0.572503
vt 0.788336 0.565366
vt 0.790215 0.56575
vt 0.782538 0.571639
vt 0.78667 0.565054
vt 0.782526 0.579711
vt 0.786647 0.586335
vt 0.784062 0.579284
vt 0.788322 0.586023
vt 0.785623 0.578854
vt 0.790209 0.585638
vt 0.383639 0.666713
vt 0.003342 0.666713
vt 0.383639 0.674518
vt 0.003342 0.674518
vt 0.773084 0.293857
vt 0.392808 0.293857
vt 0.773084 0.301663
vt 0.392808 0.301663
vt 0.383639 0.661306
vt 0.003342 0.661306
vt 0.383639 0.657425
vt 0.003342 0.657425
vt 0.794609 0.559759
vt 0.788423 0.55672
vt 0.392808 0.309763
vt 0.773084 0.309763
vt 0.383639 0.648645
vt 0.003342 0.648645
vt 0.792997 0.550102
vt 0.788451 0.550112
vt 0.392808 0.316476
vt 0.773084 0.316476
vt 0.383639 0.690129
vt 0.383639 0.682323
vt 0.003342 0.690129
vt 0.003342 0.682323
vt 0.773084 0.286051
vt 0.392808 0.286051
vt 0.773084 0.278244
vt 0.392808 0.278244
vt 0.383639 0.695536
vt 0.003342 0.695536
vt 0.796514 0.586924
vt 0.801542 0.584182
vt 0.805291 0.578834
vt 0.805281 0.572504
vt 0.383639 0.699417
vt 0.003342 0.699417
vt 0.794624 0.591642
vt 0.788429 0.59471
vt 0.392808 0.270143
vt 0.773084 0.270143
vt 0.806858 0.572016
vt 0.808419 0.571531
vt 0.806869 0.579315
vt 0.808431 0.579793
vt 0.786788 0.55687
vt 0.785153 0.557032
vt 0.796216 0.559292
vt 0.797784 0.558884
vt 0.796402 0.550096
vt 0.794725 0.550098
vt 0.786769 0.550116
vt 0.785089 0.550121
vt 0.802658 0.585356
vt 0.79791 0.588154
vt 0.803798 0.586509
vt 0.799133 0.589266
vt 0.786787 0.594566
vt 0.785144 0.594409
vt 0.796235 0.592108
vt 0.797808 0.592513
vt 0.803696 0.513658
vt 0.799059 0.510944
vt 0.802565 0.514812
vt 0.797845 0.512051
vt 0.801458 0.515986
vt 0.796461 0.513276
vt 0.784039 0.520884
vt 0.785593 0.521317
vt 0.788298 0.514187
vt 0.790175 0.51457
vt 0.782508 0.520455
vt 0.786633 0.513876
vt 0.782498 0.528517
vt 0.786617 0.535131
vt 0.784033 0.528091
vt 0.788289 0.534819
vt 0.785591 0.52766
vt 0.790172 0.534435
vt 0.383639 0.607164
vt 0.003342 0.607164
vt 0.383639 0.614969
vt 0.003342 0.614969
vt 0.773084 0.3469
vt 0.392808 0.3469
vt 0.773084 0.354705
vt 0.392808 0.354705
vt 0.383639 0.601758
vt 0.003342 0.601758
vt 0.383639 0.597878
vt 0.003342 0.597878
vt 0.794565 0.508586
vt 0.788386 0.505548
vt 0.392808 0.362806
vt 0.773084 0.362806
vt 0.383639 0.589099
vt 0.003342 0.589099
vt 0.792956 0.498939
vt 0.788415 0.498948
vt 0.392808 0.369518
vt 0.773084 0.369518
vt 0.383639 0.630579
vt 0.383639 0.622774
vt 0.003342 0.630579
vt 0.003342 0.622774
vt 0.773084 0.339095
vt 0.392808 0.339095
vt 0.773084 0.331289
vt 0.392808 0.331289
vt 0.383639 0.635985
vt 0.003342 0.635985
vt 0.79647 0.535718
vt 0.80149 0.53298
vt 0.805235 0.527639
vt 0.805225 0.521318
vt 0.383639 0.639866
vt 0.003342 0.639866
vt 0.794582 0.540429
vt 0.788395 0.543492
vt 0.392808 0.323188
vt 0.773084 0.323188
vt 0.806799 0.52083
vt 0.808359 0.520345
vt 0.80681 0.52812
vt 0.808371 0.528598
vt 0.786752 0.505698
vt 0.785119 0.50586
vt 0.796169 0.508118
vt 0.797736 0.507711
vt 0.796357 0.498934
vt 0.794681 0.498935
vt 0.786735 0.498952
vt 0.785058 0.498956
vt 0.802604 0.534153
vt 0.797863 0.536946
vt 0.803743 0.535304
vt 0.799085 0.538056
vt 0.786756 0.543348
vt 0.785115 0.543191
vt 0.796191 0.540894
vt 0.797762 0.541299
vt 0.803643 0.462543
vt 0.799009 0.45983
vt 0.802513 0.463695
vt 0.797797 0.460936
vt 0.801407 0.464868
vt 0.796414 0.46216
vt 0.784007 0.469762
vt 0.785561 0.470194
vt 0.78826 0.46307
vt 0.790136 0.463454
vt 0.782478 0.469334
vt 0.786597 0.46276
vt 0.782471 0.477386
vt 0.786586 0.483989
vt 0.784003 0.47696
vt 0.788256 0.483678
vt 0.785559 0.476529
vt 0.790136 0.483293
vt 0.383639 0.547622
vt 0.003342 0.547622
vt 0.383639 0.555426
vt 0.003342 0.555426
vt 0.773084 0.399943
vt 0.392808 0.399943
vt 0.773084 0.407748
vt 0.392808 0.407748
vt 0.383639 0.542215
vt 0.003342 0.542215
vt 0.383639 0.538335
vt 0.003342 0.538335
vt 0.79452 0.457474
vt 0.788348 0.45444
vt 0.392808 0.415849
vt 0.773084 0.415849
vt 0.383639 0.529557
vt 0.003342 0.529557
vt 0.792914 0.447839
vt 0.78838 0.447846
vt 0.392808 0.422561
vt 0.773084 0.422561
vt 0.383639 0.571034
vt 0.383639 0.56323
vt 0.003342 0.571034
vt 0.003342 0.56323
vt 0.773084 0.392137
vt 0.392808 0.392137
vt 0.773084 0.384331
vt 0.392808 0.384331
vt 0.383639 0.57644
vt 0.003342 0.57644
vt 0.796425 0.484575
vt 0.801438 0.481841
vt 0.805179 0.476507
vt 0.805169 0.470194
vt 0.383639 0.58032
vt 0.003342 0.58032
vt 0.79454 0.489279
vt 0.788361 0.492337
vt 0.392808 0.37623
vt 0.773084 0.37623
vt 0.806741 0.469707
vt 0.808298 0.469223
vt 0.806752 0.476988
vt 0.80831 0.477465
vt 0.786717 0.454589
vt 0.785085 0.45475
vt 0.796123 0.457008
vt 0.797688 0.456601
vt 0.796311 0.447834
vt 0.794638 0.447836
vt 0.786702 0.447849
vt 0.785026 0.447853
vt 0.80255 0.483013
vt 0.797817 0.485801
vt 0.803687 0.484162
vt 0.799037 0.486909
vt 0.786724 0.492192
vt 0.785086 0.492036
vt 0.796147 0.489744
vt 0.797716 0.490148
vt 0.80359 0.41149
vt 0.79896 0.408779
vt 0.802461 0.412641
vt 0.797749 0.409884
vt 0.801355 0.413812
vt 0.796368 0.411107
vt 0.783975 0.418702
vt 0.785528 0.419133
vt 0.788222 0.412017
vt 0.790096 0.4124
vt 0.782449 0.418275
vt 0.786561 0.411707
vt 0.782443 0.426317
vt 0.786555 0.43291
vt 0.783974 0.425891
vt 0.788222 0.432599
vt 0.785528 0.425461
vt 0.7901 0.432215
vt 0.383639 0.488083
vt 0.003342 0.488083
vt 0.383639 0.495886
vt 0.003342 0.495886
vt 0.773084 0.452984
vt 0.392808 0.452984
vt 0.773084 0.46079
vt 0.392808 0.46079
vt 0.383639 0.482677
vt 0.003342 0.482677
vt 0.383639 0.478797
vt 0.003342 0.478797
vt 0.794476 0.406426
vt 0.788311 0.403394
vt 0.392808 0.46889
vt 0.773084 0.46889
vt 0.383639 0.47002
vt 0.003342 0.47002
vt 0.792873 0.396799
vt 0.788344 0.396807
vt 0.392808 0.475602
vt 0.773084 0.475602
vt 0.383639 0.511493
vt 0.383639 0.50369
vt 0.003342 0.511493
vt 0.003342 0.50369
vt 0.773084 0.445179
vt 0.392808 0.445179
vt 0.773084 0.437374
vt 0.392808 0.437374
vt 0.383639 0.516899
vt 0.003342 0.516899
vt 0.796381 0.433494
vt 0.801386 0.430764
vt 0.805123 0.425438
vt 0.805112 0.419132
vt 0.383639 0.520779
vt 0.003342 0.520779
vt 0.794498 0.438192
vt 0.788327 0.441245
vt 0.392808 0.429274
vt 0.773084 0.429274
vt 0.806683 0.418646
vt 0.808238 0.418163
vt 0.806693 0.425918
vt 0.80825 0.426395
vt 0.786681 0.403542
vt 0.78505 0.403703
vt 0.796077 0.405959
vt 0.797639 0.405554
vt 0.796266 0.396796
vt 0.794594 0.396802
vt 0.786668 0.39681
vt 0.784994 0.396812
vt 0.802496 0.431934
vt 0.797771 0.434718
vt 0.803632 0.433082
vt 0.798989 0.435825
vt 0.786693 0.4411
vt 0.785057 0.440943
vt 0.796103 0.438656
vt 0.79767 0.439059
vt 0.803537 0.360499
vt 0.798911 0.35779
vt 0.802408 0.361649
vt 0.797701 0.358894
vt 0.801304 0.362819
vt 0.796321 0.360116
vt 0.783944 0.367705
vt 0.785495 0.368134
vt 0.788185 0.361025
vt 0.790057 0.361408
vt 0.782419 0.367279
vt 0.786525 0.360716
vt 0.782416 0.375311
vt 0.786525 0.381893
vt 0.783945 0.374885
vt 0.788189 0.381582
vt 0.785496 0.374455
vt 0.790064 0.381199
vt 0.383639 0.428547
vt 0.003342 0.428547
vt 0.383639 0.43635
vt 0.003342 0.43635
vt 0.773084 0.506022
vt 0.392808 0.506022
vt 0.773084 0.513826
vt 0.392808 0.513826
vt 0.383639 0.423142
vt 0.003342 0.423142
vt 0.383639 0.419262
vt 0.003342 0.419262
vt 0.794432 0.35544
vt 0.788273 0.35241
vt 0.392808 0.521926
vt 0.773084 0.521926
vt 0.383639 0.410485
vt 0.003342 0.410485
vt 0.792832 0.345825
vt 0.788308 0.345831
vt 0.392808 0.528638
vt 0.773084 0.528638
vt 0.383639 0.451957
vt 0.383639 0.444153
vt 0.003342 0.451957
vt 0.003342 0.444153
vt 0.773084 0.498218
vt 0.392808 0.498218
vt 0.773084 0.490413
vt 0.392808 0.490413
vt 0.383639 0.457362
vt 0.003342 0.457362
vt 0.796336 0.382476
vt 0.801335 0.37975
vt 0.805066 0.374431
vt 0.805056 0.368133
vt 0.383639 0.461242
vt 0.003342 0.461242
vt 0.794456 0.387167
vt 0.788293 0.390215
vt 0.392808 0.482314
vt 0.773084 0.482314
vt 0.806625 0.367648
vt 0.808178 0.367166
vt 0.806635 0.374911
vt 0.80819 0.375388
vt 0.786645 0.352558
vt 0.785016 0.352718
vt 0.79603 0.354974
vt 0.797591 0.354568
vt 0.79622 0.345823
vt 0.794551 0.345825
vt 0.786634 0.345832
vt 0.784963 0.345834
vt 0.802443 0.380919
vt 0.797724 0.383698
vt 0.803576 0.382065
vt 0.798941 0.384802
vt 0.786662 0.39007
vt 0.785029 0.389913
vt 0.796059 0.38763
vt 0.797624 0.388033
vt 0.803484 0.309571
vt 0.798861 0.306864
vt 0.802356 0.310719
vt 0.797653 0.307966
vt 0.801252 0.311888
vt 0.796275 0.309187
vt 0.783913 0.31677
vt 0.785462 0.317199
vt 0.788147 0.310097
vt 0.790018 0.310478
vt 0.782389 0.316345
vt 0.786488 0.309788
vt 0.782389 0.324367
vt 0.786494 0.330939
vt 0.783915 0.323942
vt 0.788156 0.330628
vt 0.785464 0.323511
vt 0.790028 0.330246
vt 0.383639 0.369014
vt 0.003342 0.369014
vt 0.383639 0.376817
vt 0.003342 0.376817
vt 0.773084 0.55906
vt 0.392808 0.55906
vt 0.773084 0.566865
vt 0.392808 0.566865
vt 0.383639 0.363609
vt 0.003342 0.363609
vt 0.383639 0.359729
vt 0.003342 0.359729
vt 0.794387 0.304516
vt 0.788236 0.301489
vt 0.392808 0.574966
vt 0.773084 0.574966
vt 0.383639 0.350952
vt 0.003342 0.350952
vt 0.792791 0.294912
vt 0.788273 0.294916
vt 0.392808 0.581678
vt 0.773084 0.581678
vt 0.383639 0.392423
vt 0.383639 0.38462
vt 0.003342 0.392423
vt 0.003342 0.38462
vt 0.773084 0.551255
vt 0.392808 0.551255
vt 0.773084 0.54345
vt 0.392808 0.54345
vt 0.383639 0.397828
vt 0.003342 0.397828
vt 0.796292 0.33152
vt 0.801283 0.328799
vt 0.80501 0.323487
vt 0.805 0.317197
vt 0.383639 0.401708
vt 0.003342 0.401708
vt 0.794415 0.336204
vt 0.78826 0.339247
vt 0.392808 0.53535
vt 0.773084 0.53535
vt 0.806567 0.316712
vt 0.808118 0.316231
vt 0.806577 0.323967
vt 0.80813 0.324443
vt 0.786609 0.301636
vt 0.784981 0.301796
vt 0.795984 0.30405
vt 0.797543 0.303645
vt 0.796175 0.29491
vt 0.794508 0.294913
vt 0.786601 0.294917
vt 0.784931 0.294919
vt 0.802389 0.329966
vt 0.797678 0.332741
vt 0.80352 0.331111
vt 0.798893 0.333843
vt 0.78663 0.339102
vt 0.785 0.338945
vt 0.796015 0.336667
vt 0.797578 0.33707
vt 0.803431 0.258705
vt 0.798812 0.255999
vt 0.802304 0.259852
vt 0.797605 0.257101
vt 0.801201 0.261019
vt 0.796229 0.258321
vt 0.783881 0.265897
vt 0.785429 0.266325
vt 0.788109 0.25923
vt 0.789978 0.259611
vt 0.78236 0.265473
vt 0.786452 0.258922
vt 0.782362 0.273486
vt 0.786463 0.280047
vt 0.783886 0.27306
vt 0.788123 0.279737
vt 0.785433 0.27263
vt 0.789992 0.279355
vt 0.383639 0.309483
vt 0.003342 0.309483
vt 0.383639 0.317285
vt 0.003342 0.317285
vt 0.773084 0.612103
vt 0.392808 0.612103
vt 0.773084 0.619909
vt 0.392808 0.619909
vt 0.383639 0.304078
vt 0.003342 0.304078
vt 0.383639 0.300198
vt 0.003342 0.300198
vt 0.794343 0.253654
vt 0.788199 0.250629
vt 0.392808 0.62801
vt 0.773084 0.62801
vt 0.383639 0.291421
vt 0.003342 0.291421
vt 0.79275 0.244063
vt 0.788237 0.244064
vt 0.392808 0.634722
vt 0.773084 0.634722
vt 0.383639 0.332891
vt 0.383639 0.325088
vt 0.003342 0.332891
vt 0.003342 0.325088
vt 0.773084 0.604297
vt 0.392808 0.604297
vt 0.773084 0.596491
vt 0.392808 0.596491
vt 0.383639 0.338296
vt 0.003342 0.338296
vt 0.796247 0.280627
vt 0.801232 0.277909
vt 0.804954 0.272605
vt 0.804944 0.266322
vt 0.383639 0.342175
vt 0.003342 0.342175
vt 0.794373 0.285304
vt 0.788226 0.288342
vt 0.392808 0.58839
vt 0.773084 0.58839
vt 0.806509 0.265839
vt 0.808059 0.265358
vt 0.806519 0.273084
vt 0.80807 0.27356
vt 0.786573 0.250777
vt 0.784947 0.250936
vt 0.795938 0.253189
vt 0.797495 0.252785
vt 0.796129 0.244061
vt 0.794465 0.24406
vt 0.786567 0.244065
vt 0.7849 0.244065
vt 0.802336 0.279075
vt 0.797632 0.281845
vt 0.803465 0.280219
vt 0.798846 0.282946
vt 0.786599 0.288197
vt 0.784971 0.28804
vt 0.795971 0.285766
vt 0.797533 0.286168
vt 0.803378 0.207901
vt 0.798763 0.205197
vt 0.802252 0.209046
vt 0.797557 0.206298
vt 0.80115 0.210212
vt 0.796183 0.207517
vt 0.783849 0.215087
vt 0.785396 0.215513
vt 0.788072 0.208425
vt 0.789939 0.208806
vt 0.78233 0.214663
vt 0.786416 0.208118
vt 0.782334 0.222667
vt 0.786433 0.229217
vt 0.783857 0.222241
vt 0.78809 0.228908
vt 0.785401 0.221811
vt 0.789956 0.228525
vt 0.383639 0.249951
vt 0.003342 0.249951
vt 0.383639 0.257754
vt 0.003342 0.257754
vt 0.773084 0.665146
vt 0.392808 0.665146
vt 0.773084 0.672951
vt 0.392808 0.672951
vt 0.383639 0.244546
vt 0.003342 0.244546
vt 0.383639 0.240666
vt 0.003342 0.240666
vt 0.794299 0.202854
vt 0.788162 0.199832
vt 0.392808 0.681052
vt 0.773084 0.681052
vt 0.383639 0.231889
vt 0.003342 0.231889
vt 0.792709 0.193272
vt 0.788202 0.193274
vt 0.392808 0.687764
vt 0.773084 0.687764
vt 0.383639 0.273359
vt 0.383639 0.265556
vt 0.003342 0.273359
vt 0.003342 0.265556
vt 0.773084 0.657341
vt 0.392808 0.657341
vt 0.773084 0.649535
vt 0.392808 0.649535
vt 0.383639 0.278764
vt 0.003342 0.278764
vt 0.796203 0.229795
vt 0.80118 0.227082
vt 0.804898 0.221785
vt 0.804888 0.21551
vt 0.383639 0.282644
vt 0.003342 0.282644
vt 0.794331 0.234466
vt 0.788192 0.237499
vt 0.392808 0.641434
vt 0.773084 0.641434
vt 0.806451 0.215027
vt 0.807999 0.214547
vt 0.806461 0.222264
vt 0.80801 0.222739
vt 0.786538 0.199979
vt 0.784913 0.200138
vt 0.795892 0.20239
vt 0.797447 0.201986
vt 0.796084 0.193271
vt 0.794422 0.193276
vt 0.786534 0.193274
vt 0.784868 0.193274
vt 0.802283 0.228246
vt 0.797586 0.231011
vt 0.80341 0.229388
vt 0.798798 0.23211
vt 0.786568 0.237354
vt 0.784942 0.237196
vt 0.795928 0.234927
vt 0.797487 0.235329
vt 0.803326 0.157159
vt 0.798714 0.154457
vt 0.8022 0.158303
vt 0.79751 0.155557
vt 0.801099 0.159468
vt 0.796136 0.156775
vt 0.783818 0.164338
vt 0.785364 0.164764
vt 0.788034 0.157683
vt 0.7899 0.158063
vt 0.782301 0.163916
vt 0.78638 0.157375
vt 0.782307 0.17191
vt 0.786402 0.17845
vt 0.783828 0.171483
vt 0.788056 0.17814
vt 0.785369 0.171053
vt 0.78992 0.177758
vt 0.383639 0.190417
vt 0.003342 0.190417
vt 0.383639 0.19822
vt 0.003342 0.19822
vt 0.773084 0.718186
vt 0.392808 0.718186
vt 0.773084 0.725992
vt 0.392808 0.725992
vt 0.383639 0.185011
vt 0.003342 0.185011
vt 0.383639 0.181131
vt 0.003342 0.181131
vt 0.794255 0.152117
vt 0.788124 0.149097
vt 0.392808 0.734092
vt 0.773084 0.734092
vt 0.383639 0.172354
vt 0.003342 0.172354
vt 0.792668 0.142548
vt 0.788166 0.142546
vt 0.392808 0.740804
vt 0.773084 0.740804
vt 0.383639 0.213826
vt 0.383639 0.206023
vt 0.003342 0.213826
vt 0.003342 0.206023
vt 0.773084 0.710381
vt 0.392808 0.710381
vt 0.773084 0.702576
vt 0.392808 0.702576
vt 0.383639 0.219232
vt 0.003342 0.219232
vt 0.796159 0.179026
vt 0.801129 0.176317
vt 0.804842 0.171027
vt 0.804832 0.164759
vt 0.383639 0.223111
vt 0.003342 0.223111
vt 0.79429 0.18369
vt 0.788159 0.186718
vt 0.392808 0.694476
vt 0.773084 0.694476
vt 0.806393 0.164277
vt 0.807939 0.163798
vt 0.806403 0.171505
vt 0.80795 0.17198
vt 0.786502 0.149244
vt 0.784879 0.149402
vt 0.795846 0.151653
vt 0.797399 0.151249
vt 0.796039 0.142547
vt 0.794378 0.142546
vt 0.7865 0.142545
vt 0.784837 0.142544
vt 0.802229 0.177479
vt 0.79754 0.18024
vt 0.803355 0.17862
vt 0.79875 0.181337
vt 0.786536 0.186572
vt 0.784914 0.186415
vt 0.795884 0.184151
vt 0.797441 0.184552
vt 0.803273 0.106479
vt 0.798665 0.103778
vt 0.802148 0.107621
vt 0.797462 0.104877
vt 0.801048 0.108785
vt 0.79609 0.106094
vt 0.783787 0.113651
vt 0.785331 0.114076
vt 0.787997 0.107002
vt 0.78986 0.107382
vt 0.782271 0.11323
vt 0.786344 0.106695
vt 0.78228 0.121214
vt 0.786372 0.127744
vt 0.783799 0.120788
vt 0.788023 0.127434
vt 0.785338 0.120358
vt 0.789884 0.127053
vt 0.383639 0.13088
vt 0.003342 0.13088
vt 0.383639 0.138684
vt 0.003342 0.138684
vt 0.773084 0.771225
vt 0.392808 0.771225
vt 0.773084 0.779029
vt 0.392808 0.779029
vt 0.383639 0.125474
vt 0.003342 0.125474
vt 0.383639 0.121594
vt 0.003342 0.121594
vt 0.79421 0.101441
vt 0.788087 0.098424
vt 0.392808 0.787129
vt 0.773084 0.787129
vt 0.383639 0.112816
vt 0.003342 0.112816
vt 0.792626 0.091882
vt 0.788131 0.091881
vt 0.392808 0.793841
vt 0.773084 0.793841
vt 0.383639 0.154291
vt 0.383639 0.146487
vt 0.003342 0.154291
vt 0.003342 0.146487
vt 0.773084 0.76342
vt 0.392808 0.76342
vt 0.773084 0.755615
vt 0.392808 0.755615
vt 0.383639 0.159696
vt 0.003342 0.159696
vt 0.796115 0.128319
vt 0.801077 0.125613
vt 0.804786 0.120331
vt 0.804777 0.114071
vt 0.383639 0.163576
vt 0.003342 0.163576
vt 0.794248 0.132976
vt 0.788125 0.135999
vt 0.392808 0.747515
vt 0.773084 0.747515
vt 0.806335 0.11359
vt 0.80788 0.113112
vt 0.806346 0.120808
vt 0.807891 0.121283
vt 0.786467 0.09857
vt 0.784845 0.098727
vt 0.7958 0.100977
vt 0.797352 0.100574
vt 0.795992 0.091882
vt 0.794334 0.091884
vt 0.786468 0.09188
vt 0.784807 0.091879
vt 0.802176 0.126774
vt 0.797494 0.129531
vt 0.8033 0.127914
vt 0.798703 0.130626
vt 0.786505 0.135853
vt 0.784885 0.135696
vt 0.79584 0.133436
vt 0.797396 0.133837
vt 0.803252 0.055889
vt 0.7987 0.05319
vt 0.802131 0.057019
vt 0.797493 0.054269
vt 0.801033 0.058171
vt 0.796112 0.055466
vt 0.783746 0.062968
vt 0.785298 0.0634
vt 0.78801 0.05631
vt 0.789874 0.05671
vt 0.782224 0.06254
vt 0.786353 0.055983
vt 0.782218 0.070557
vt 0.786324 0.077102
vt 0.783743 0.07013
vt 0.787975 0.07679
vt 0.785288 0.069699
vt 0.789835 0.076406
vt 0.383639 0.071341
vt 0.003342 0.071341
vt 0.383639 0.079145
vt 0.003342 0.079145
vt 0.773084 0.824261
vt 0.392808 0.824261
vt 0.773084 0.832066
vt 0.392808 0.832066
vt 0.383639 0.065935
vt 0.003342 0.065935
vt 0.383639 0.062055
vt 0.003342 0.062055
vt 0.794302 0.050806
vt 0.788228 0.047716
vt 0.392808 0.840165
vt 0.773084 0.840165
vt 0.383639 0.094752
vt 0.383639 0.086948
vt 0.003342 0.094752
vt 0.003342 0.086948
vt 0.773084 0.816457
vt 0.392808 0.816457
vt 0.773084 0.808652
vt 0.392808 0.808652
vt 0.383639 0.100158
vt 0.003342 0.100158
vt 0.796062 0.077673
vt 0.801019 0.074972
vt 0.804726 0.069699
vt 0.804729 0.063451
vt 0.383639 0.104038
vt 0.003342 0.104038
vt 0.794201 0.082325
vt 0.788089 0.085346
vt 0.392808 0.800552
vt 0.773084 0.800552
vt 0.80628 0.062973
vt 0.807818 0.062499
vt 0.806281 0.070175
vt 0.807821 0.07065
vt 0.786609 0.047837
vt 0.784987 0.047969
vt 0.795897 0.050362
vt 0.797456 0.04998
vt 0.802116 0.076131
vt 0.797441 0.078884
vt 0.803238 0.077269
vt 0.798649 0.079977
vt 0.786472 0.085202
vt 0.784854 0.085046
vt 0.795792 0.082784
vt 0.797345 0.083185
usemtl Roof_BSG
f 2555/3235/1376 2556/3236/1377 2557/3237/1378
f 2556/3236/1377 2558/3238/1379 2557/3237/1378
f 2557/3237/1378 2558/3238/1379 2559/3239/1380
f 2558/3238/1379 2560/3240/1381 2559/3239/1380
f 2561/3241/1382 2562/3242/1383 2560/3240/1381
f 2560/3240/1381 2562/3242/1383 2559/3239/1380
f 2559/3239/1380 2562/3242/1383 2563/3243/1384
f 2563/3243/1384 2562/3242/1383 2564/3244/1385
f 2564/3244/1385 2562/3242/1383 2565/3245/1386
f 2565/3245/1386 2562/3242/1383 2566/3246/1387
f 2566/3246/1387 2562/3242/1383 2567/3247/1388
f 2567/3247/1388 2562/3242/1383 2568/3248/1389
f 2560/3240/1381 2569/3249/1390 2561/3241/1382
f 2569/3249/1390 2570/3250/1391 2561/3241/1382
f 2569/3249/1390 2571/3251/1392 2570/3250/1391
f 2571/3251/1392 2572/3252/1393 2570/3250/1391
f 2559/3239/1380 2563/3243/1384 2557/3237/1378
f 2563/3243/1384 2573/3253/1394 2557/3237/1378
f 2557/3237/1378 2573/3253/1394 2555/3235/1376
f 2573/3253/1394 2574/3254/1395 2555/3235/1376
f 2563/3243/1384 2564/3244/1385 2573/3253/1394
f 2564/3244/1385 2575/3255/1396 2573/3253/1394
f 2573/3253/1394 2575/3255/1396 2574/3254/1395
f 2575/3255/1396 2576/3256/1397 2574/3254/1395
f 2564/3244/1385 2565/3245/1386 2575/3255/1396
f 2565/3245/1386 2577/3257/1398 2575/3255/1396
f 2575/3255/1396 2577/3257/1398 2576/3256/1397
f 2577/3257/1398 2578/3258/1399 2576/3256/1397
f 2565/3245/1386 2566/3246/1387 2577/3257/1398
f 2566/3246/1387 2579/3259/1400 2577/3257/1398
f 2577/3257/1398 2579/3259/1400 2578/3258/1399
f 2579/3259/1400 2580/3260/1401 2578/3258/1399
f 2566/3246/1387 2567/3247/1388 2579/3259/1400
f 2567/3247/1388 2581/3261/1402 2579/3259/1400
f 2579/3259/1400 2581/3261/1402 2580/3260/1401
f 2581/3261/1402 2582/3262/1403 2580/3260/1401
f 2567/3247/1388 2568/3248/1389 2581/3261/1402
f 2568/3248/1389 2583/3263/1404 2581/3261/1402
f 2581/3261/1402 2583/3263/1404 2582/3262/1403
f 2583/3263/1404 2584/3264/1405 2582/3262/1403
f 2568/3248/1389 2562/3242/1383 2583/3263/1404
f 2562/3242/1383 2585/3265/1406 2583/3263/1404
f 2583/3263/1404 2585/3265/1406 2584/3264/1405
f 2585/3265/1406 2586/3266/1407 2584/3264/1405
f 2585/3265/1406 2562/3242/1383 2587/3267/1408
f 2562/3242/1383 2561/3241/1382 2587/3267/1408
f 2586/3266/1407 2585/3265/1406 2588/3268/1409
f 2585/3265/1406 2587/3267/1408 2588/3268/1409
f 2561/3241/1382 2570/3250/1391 2587/3267/1408
f 2570/3250/1391 2589/3269/1410 2587/3267/1408
f 2587/3267/1408 2589/3269/1410 2588/3268/1409
f 2589/3269/1410 2590/3270/1411 2588/3268/1409
f 2558/3238/1379 2556/3236/1377 2591/3271/1412
f 2556/3236/1377 2592/3272/1413 2591/3271/1412
f 2560/3240/1381 2558/3238/1379 2569/3249/1390
f 2558/3238/1379 2591/3271/1412 2569/3249/1390
f 2592/3272/1413 2593/3273/1414 2591/3271/1412
f 2593/3273/1414 2594/3274/1415 2591/3271/1412
f 2591/3271/1412 2594/3274/1415 2569/3249/1390
f 2594/3274/1415 2571/3251/1392 2569/3249/1390
f 2589/3269/1410 2570/3250/1391 2595/3275/1416
f 2570/3250/1391 2572/3252/1393 2595/3275/1416
f 2590/3270/1411 2589/3269/1410 2596/3276/1417
f 2589/3269/1410 2595/3275/1416 2596/3276/1417
f 2597/3277/1418 2555/3278/1376 2598/3279/1419
f 2555/3278/1376 2574/3280/1395 2598/3279/1419
f 2598/3279/1419 2574/3280/1395 2599/3281/1420
f 2574/3280/1395 2576/3282/1397 2599/3281/1420
f 2599/3281/1420 2576/3282/1397 2600/3283/1421
f 2576/3282/1397 2578/3284/1399 2600/3283/1421
f 2600/3283/1421 2578/3284/1399 2601/3285/1422
f 2578/3284/1399 2580/3286/1401 2601/3285/1422
f 2601/3287/1422 2580/3288/1401 2602/3289/1423
f 2580/3288/1401 2582/3290/1403 2602/3289/1423
f 2602/3289/1423 2582/3290/1403 2603/3291/1424
f 2582/3290/1403 2584/3292/1405 2603/3291/1424
f 2603/3291/1424 2584/3292/1405 2604/3293/1425
f 2584/3292/1405 2586/3294/1407 2604/3293/1425
f 2604/3293/1425 2586/3294/1407 2605/3295/1426
f 2586/3294/1407 2588/3296/1409 2605/3295/1426
f 2606/3297/1427 2556/3298/1377 2597/3277/1418
f 2556/3298/1377 2555/3278/1376 2597/3277/1418
f 2606/3297/1427 2607/3299/1428 2556/3298/1377
f 2607/3299/1428 2592/3300/1413 2556/3298/1377
f 2588/3296/1409 2590/3301/1411 2605/3295/1426
f 2590/3301/1411 2608/3302/1429 2605/3295/1426
f 2607/3299/1428 2609/3303/1430 2592/3300/1413
f 2609/3303/1430 2593/3304/1414 2592/3300/1413
f 2590/3301/1411 2596/3305/1417 2608/3302/1429
f 2596/3305/1417 2610/3306/1431 2608/3302/1429
f 2611/3307/1432 2612/3308/1433 2613/3309/1434
f 2612/3308/1433 2614/3310/1435 2613/3309/1434
f 2612/3308/1433 2615/3311/1436 2614/3310/1435
f 2615/3311/1436 2616/3312/1437 2614/3310/1435
f 2617/3313/1438 2616/3312/1437 2618/3314/1439
f 2616/3312/1437 2615/3311/1436 2618/3314/1439
f 2615/3311/1436 2619/3315/1440 2618/3314/1439
f 2618/3314/1439 2619/3315/1440 2620/3316/1441
f 2620/3316/1441 2619/3315/1440 2621/3317/1442
f 2621/3317/1442 2619/3315/1440 2622/3318/1443
f 2622/3318/1443 2619/3315/1440 2623/3319/1444
f 2623/3319/1444 2619/3315/1440 2624/3320/1445
f 2616/3312/1437 2617/3313/1438 2625/3321/1446
f 2617/3313/1438 2626/3322/1447 2625/3321/1446
f 2625/3321/1446 2626/3322/1447 2627/3323/1448
f 2626/3322/1447 2628/3324/1449 2627/3323/1448
f 2615/3311/1436 2612/3308/1433 2619/3315/1440
f 2612/3308/1433 2629/3325/1450 2619/3315/1440
f 2612/3308/1433 2611/3307/1432 2629/3325/1450
f 2611/3307/1432 2630/3326/1451 2629/3325/1450
f 2619/3315/1440 2629/3325/1450 2624/3320/1445
f 2629/3325/1450 2631/3327/1452 2624/3320/1445
f 2629/3325/1450 2630/3326/1451 2631/3327/1452
f 2630/3326/1451 2632/3328/1453 2631/3327/1452
f 2624/3320/1445 2631/3327/1452 2623/3319/1444
f 2631/3327/1452 2633/3329/1454 2623/3319/1444
f 2631/3327/1452 2632/3328/1453 2633/3329/1454
f 2632/3328/1453 2634/3330/1455 2633/3329/1454
f 2623/3319/1444 2633/3329/1454 2622/3318/1443
f 2633/3329/1454 2635/3331/1456 2622/3318/1443
f 2633/3329/1454 2634/3330/1455 2635/3331/1456
f 2634/3330/1455 2636/3332/1457 2635/3331/1456
f 2622/3318/1443 2635/3331/1456 2621/3317/1442
f 2635/3331/1456 2637/3333/1458 2621/3317/1442
f 2635/3331/1456 2636/3332/1457 2637/3333/1458
f 2636/3332/1457 2638/3334/1459 2637/3333/1458
f 2621/3317/1442 2637/3333/1458 2620/3316/1441
f 2637/3333/1458 2639/3335/1460 2620/3316/1441
f 2637/3333/1458 2638/3334/1459 2639/3335/1460
f 2638/3334/1459 2640/3336/1461 2639/3335/1460
f 2620/3316/1441 2639/3335/1460 2618/3314/1439
f 2639/3335/1460 2641/3337/1462 2618/3314/1439
f 2639/3335/1460 2640/3336/1461 2641/3337/1462
f 2640/3336/1461 2642/3338/1463 2641/3337/1462
f 2617/3313/1438 2618/3314/1439 2643/3339/1464
f 2618/3314/1439 2641/3337/1462 2643/3339/1464
f 2643/3339/1464 2641/3337/1462 2644/3340/1465
f 2641/3337/1462 2642/3338/1463 2644/3340/1465
f 2617/3313/1438 2643/3339/1464 2626/3322/1447
f 2643/3339/1464 2645/3341/1466 2626/3322/1447
f 2643/3339/1464 2644/3340/1465 2645/3341/1466
f 2644/3340/1465 2646/3342/1467 2645/3341/1466
f 2647/3343/1468 2613/3309/1434 2648/3344/1469
f 2613/3309/1434 2614/3310/1435 2648/3344/1469
f 2648/3344/1469 2614/3310/1435 2625/3321/1446
f 2614/3310/1435 2616/3312/1437 2625/3321/1446
f 2647/3343/1468 2648/3344/1469 2649/3345/1470
f 2648/3344/1469 2650/3346/1471 2649/3345/1470
f 2648/3344/1469 2625/3321/1446 2650/3346/1471
f 2625/3321/1446 2627/3323/1448 2650/3346/1471
f 2628/3324/1449 2626/3322/1447 2651/3347/1472
f 2626/3322/1447 2645/3341/1466 2651/3347/1472
f 2651/3347/1472 2645/3341/1466 2652/3348/1473
f 2645/3341/1466 2646/3342/1467 2652/3348/1473
f 2653/3349/1474 2654/3350/1475 2611/3351/1432
f 2654/3350/1475 2630/3352/1451 2611/3351/1432
f 2654/3350/1475 2655/3353/1476 2630/3352/1451
f 2655/3353/1476 2632/3354/1453 2630/3352/1451
f 2655/3353/1476 2656/3355/1477 2632/3354/1453
f 2656/3355/1477 2634/3356/1455 2632/3354/1453
f 2656/3355/1477 2657/3357/1478 2634/3356/1455
f 2657/3357/1478 2636/3358/1457 2634/3356/1455
f 2657/3359/1478 2658/3360/1479 2636/3361/1457
f 2658/3360/1479 2638/3362/1459 2636/3361/1457
f 2658/3360/1479 2659/3363/1480 2638/3362/1459
f 2659/3363/1480 2640/3364/1461 2638/3362/1459
f 2659/3363/1480 2660/3365/1424 2640/3364/1461
f 2660/3365/1424 2642/3366/1463 2640/3364/1461
f 2660/3365/1424 2661/3367/1481 2642/3366/1463
f 2661/3367/1481 2644/3368/1465 2642/3366/1463
f 2662/3369/1482 2653/3349/1474 2613/3370/1434
f 2653/3349/1474 2611/3351/1432 2613/3370/1434
f 2662/3369/1482 2613/3370/1434 2663/3371/1483
f 2613/3370/1434 2647/3372/1468 2663/3371/1483
f 2644/3368/1465 2661/3367/1481 2646/3373/1467
f 2661/3367/1481 2664/3374/1484 2646/3373/1467
f 2663/3371/1483 2647/3372/1468 2665/3375/1485
f 2647/3372/1468 2649/3376/1470 2665/3375/1485
f 2646/3373/1467 2664/3374/1484 2652/3377/1473
f 2664/3374/1484 2666/3378/1486 2652/3377/1473
f 2667/3379/1487 2668/3380/1488 2669/3381/1489
f 2668/3380/1488 2670/3382/1490 2669/3381/1489
f 2669/3381/1489 2670/3382/1490 2671/3383/1491
f 2670/3382/1490 2672/3384/1492 2671/3383/1491
f 2673/3385/1493 2674/3386/1494 2675/3387/1495
f 2674/3386/1494 2676/3388/1496 2675/3387/1495
f 2677/3389/1497 2673/3385/1493 2678/3390/1498
f 2673/3385/1493 2675/3387/1495 2678/3390/1498
f 2679/3391/1499 2680/3392/1500 2681/3393/1501
f 2680/3392/1500 2682/3394/1502 2681/3393/1501
f 2681/3393/1501 2682/3394/1502 2683/3395/1503
f 2682/3394/1502 2684/3396/1504 2683/3395/1503
f 2685/3397/1505 2667/3398/1487 2686/3399/1506
f 2667/3398/1487 2687/3400/1507 2686/3399/1506
f 2688/3401/1508 2677/3402/1497 2689/3403/1509
f 2677/3402/1497 2678/3404/1498 2689/3403/1509
f 2690/3405/1510 2668/3406/1488 2685/3397/1505
f 2668/3406/1488 2667/3398/1487 2685/3397/1505
f 2690/3405/1510 2691/3407/1511 2668/3406/1488
f 2691/3407/1511 2692/3408/1512 2668/3406/1488
f 2672/3384/1492 2693/3409/1513 2676/3388/1496
f 2693/3409/1513 2694/3410/1514 2676/3388/1496
f 2678/3404/1498 2695/3411/1515 2689/3403/1509
f 2695/3411/1515 2696/3412/1516 2689/3403/1509
f 2691/3407/1511 2697/3413/1517 2692/3408/1512
f 2697/3413/1517 2698/3414/1518 2692/3408/1512
f 2693/3409/1513 2699/3415/1519 2694/3410/1514
f 2699/3415/1519 2700/3416/1520 2694/3410/1514
f 2695/3411/1515 2701/3417/1521 2696/3412/1516
f 2701/3417/1521 2702/3418/1522 2696/3412/1516
f 2703/3419/1474 2704/3420/1523 2705/3421/1432
f 2704/3420/1523 2706/3422/1524 2705/3421/1432
f 2704/3420/1523 2686/3399/1506 2706/3422/1524
f 2686/3399/1506 2687/3400/1507 2706/3422/1524
f 2688/3401/1508 2707/3423/1525 2677/3402/1497
f 2707/3423/1525 2679/3424/1499 2677/3402/1497
f 2707/3423/1525 2708/3425/1526 2679/3424/1499
f 2708/3425/1526 2680/3426/1500 2679/3424/1499
f 2709/3427/1527 2703/3419/1474 2710/3428/1528
f 2703/3419/1474 2705/3421/1432 2710/3428/1528
f 2684/3396/1504 2711/3429/1529 2683/3395/1503
f 2711/3429/1529 2712/3430/1530 2683/3395/1503
f 2712/3430/1530 2713/3431/1531 2683/3395/1503
f 2683/3395/1503 2713/3431/1531 2674/3386/1494
f 2674/3386/1494 2713/3431/1531 2676/3388/1496
f 2713/3431/1531 2714/3432/1532 2676/3388/1496
f 2714/3432/1532 2671/3383/1491 2676/3388/1496
f 2676/3388/1496 2671/3383/1491 2672/3384/1492
f 2709/3427/1527 2710/3428/1528 2715/3433/1533
f 2710/3428/1528 2716/3434/1534 2715/3433/1533
f 2711/3429/1529 2684/3396/1504 2717/3435/1535
f 2684/3396/1504 2718/3436/1536 2717/3435/1535
f 2680/3426/1500 2708/3425/1526 2719/3437/1537
f 2708/3425/1526 2720/3438/1538 2719/3437/1537
f 2715/3433/1533 2716/3434/1534 2609/3303/1539
f 2716/3434/1534 2593/3304/1540 2609/3303/1539
f 2717/3435/1535 2718/3436/1536 2571/3251/1541
f 2718/3436/1536 2572/3252/1542 2571/3251/1541
f 2719/3437/1537 2720/3438/1538 2596/3305/1543
f 2720/3438/1538 2610/3306/1544 2596/3305/1543
f 2671/3383/1491 2714/3432/1532 2669/3381/1489
f 2714/3432/1532 2721/3439/1545 2669/3381/1489
f 2669/3381/1489 2721/3439/1545 2667/3379/1487
f 2721/3439/1545 2687/3440/1507 2667/3379/1487
f 2714/3432/1532 2713/3431/1531 2721/3439/1545
f 2713/3431/1531 2722/3441/1546 2721/3439/1545
f 2721/3439/1545 2722/3441/1546 2687/3440/1507
f 2722/3441/1546 2706/3442/1524 2687/3440/1507
f 2676/3388/1496 2694/3410/1514 2675/3387/1495
f 2694/3410/1514 2723/3443/1547 2675/3387/1495
f 2675/3387/1495 2723/3443/1547 2678/3390/1498
f 2723/3443/1547 2695/3444/1515 2678/3390/1498
f 2670/3382/1490 2668/3380/1488 2724/3445/1548
f 2668/3380/1488 2692/3446/1512 2724/3445/1548
f 2672/3384/1492 2670/3382/1490 2693/3409/1513
f 2670/3382/1490 2724/3445/1548 2693/3409/1513
f 2692/3446/1512 2698/3447/1518 2724/3445/1548
f 2698/3447/1518 2725/3448/1549 2724/3445/1548
f 2724/3445/1548 2725/3448/1549 2693/3409/1513
f 2725/3448/1549 2699/3415/1519 2693/3409/1513
f 2723/3443/1547 2694/3410/1514 2726/3449/1550
f 2694/3410/1514 2700/3416/1520 2726/3449/1550
f 2695/3444/1515 2723/3443/1547 2701/3450/1521
f 2723/3443/1547 2726/3449/1550 2701/3450/1521
f 2727/3451/1551 2712/3430/1530 2728/3452/1552
f 2712/3430/1530 2711/3429/1529 2728/3452/1552
f 2705/3453/1432 2727/3451/1551 2710/3454/1528
f 2727/3451/1551 2728/3452/1552 2710/3454/1528
f 2727/3451/1551 2705/3453/1432 2722/3441/1546
f 2705/3453/1432 2706/3442/1524 2722/3441/1546
f 2712/3430/1530 2727/3451/1551 2713/3431/1531
f 2727/3451/1551 2722/3441/1546 2713/3431/1531
f 2677/3389/1497 2679/3391/1499 2673/3385/1493
f 2679/3391/1499 2681/3393/1501 2673/3385/1493
f 2673/3385/1493 2681/3393/1501 2674/3386/1494
f 2681/3393/1501 2683/3395/1503 2674/3386/1494
f 2682/3394/1502 2680/3392/1500 2729/3455/1553
f 2680/3392/1500 2719/3456/1537 2729/3455/1553
f 2684/3396/1504 2682/3394/1502 2718/3436/1536
f 2682/3394/1502 2729/3455/1553 2718/3436/1536
f 2711/3429/1529 2717/3435/1535 2728/3452/1552
f 2717/3435/1535 2730/3457/1554 2728/3452/1552
f 2728/3452/1552 2730/3457/1554 2710/3454/1528
f 2730/3457/1554 2716/3458/1534 2710/3454/1528
f 2730/3457/1554 2717/3435/1535 2594/3274/1555
f 2717/3435/1535 2571/3251/1541 2594/3274/1555
f 2716/3458/1534 2730/3457/1554 2593/3273/1540
f 2730/3457/1554 2594/3274/1555 2593/3273/1540
f 2719/3456/1537 2596/3276/1543 2729/3455/1553
f 2596/3276/1543 2595/3275/1556 2729/3455/1553
f 2729/3455/1553 2595/3275/1556 2718/3436/1536
f 2595/3275/1556 2572/3252/1542 2718/3436/1536
f 2731/3459/1557 2732/3460/1488 2733/3461/1558
f 2732/3460/1488 2734/3462/1559 2733/3461/1558
f 2733/3461/1558 2734/3462/1559 2735/3463/1560
f 2734/3462/1559 2736/3464/1561 2735/3463/1560
f 2737/3465/1562 2738/3466/1563 2739/3467/1564
f 2738/3466/1563 2740/3468/1565 2739/3467/1564
f 2741/3469/1497 2737/3465/1562 2742/3470/1498
f 2737/3465/1562 2739/3467/1564 2742/3470/1498
f 2743/3471/1499 2744/3472/1500 2745/3473/1566
f 2744/3472/1500 2746/3474/1567 2745/3473/1566
f 2745/3473/1566 2746/3474/1567 2747/3475/1568
f 2746/3474/1567 2748/3476/1569 2747/3475/1568
f 2749/3477/1570 2731/3478/1557 2750/3479/1506
f 2731/3478/1557 2751/3480/1507 2750/3479/1506
f 2752/3481/1508 2741/3482/1497 2753/3483/1509
f 2741/3482/1497 2742/3484/1498 2753/3483/1509
f 2754/3485/1510 2732/3486/1488 2749/3477/1570
f 2732/3486/1488 2731/3478/1557 2749/3477/1570
f 2754/3485/1510 2755/3487/1571 2732/3486/1488
f 2755/3487/1571 2756/3488/1512 2732/3486/1488
f 2736/3464/1561 2757/3489/1513 2740/3468/1565
f 2757/3489/1513 2758/3490/1572 2740/3468/1565
f 2742/3484/1498 2759/3491/1573 2753/3483/1509
f 2759/3491/1573 2760/3492/1516 2753/3483/1509
f 2755/3487/1571 2761/3493/1574 2756/3488/1512
f 2761/3493/1574 2762/3494/1575 2756/3488/1512
f 2757/3489/1513 2763/3495/1519 2758/3490/1572
f 2763/3495/1519 2764/3496/1520 2758/3490/1572
f 2759/3491/1573 2765/3497/1521 2760/3492/1516
f 2765/3497/1521 2766/3498/1522 2760/3492/1516
f 2767/3499/1474 2768/3500/1523 2769/3501/1432
f 2768/3500/1523 2770/3502/1524 2769/3501/1432
f 2768/3500/1523 2750/3479/1506 2770/3502/1524
f 2750/3479/1506 2751/3480/1507 2770/3502/1524
f 2752/3481/1508 2771/3503/1525 2741/3482/1497
f 2771/3503/1525 2743/3504/1499 2741/3482/1497
f 2771/3503/1525 2772/3505/1526 2743/3504/1499
f 2772/3505/1526 2744/3506/1500 2743/3504/1499
f 2773/3507/1527 2767/3499/1474 2774/3508/1528
f 2767/3499/1474 2769/3501/1432 2774/3508/1528
f 2748/3476/1569 2775/3509/1529 2747/3475/1568
f 2775/3509/1529 2776/3510/1576 2747/3475/1568
f 2776/3510/1576 2777/3511/1577 2747/3475/1568
f 2747/3475/1568 2777/3511/1577 2738/3466/1563
f 2738/3466/1563 2777/3511/1577 2740/3468/1565
f 2777/3511/1577 2778/3512/1578 2740/3468/1565
f 2778/3512/1578 2735/3463/1560 2740/3468/1565
f 2740/3468/1565 2735/3463/1560 2736/3464/1561
f 2773/3507/1527 2774/3508/1528 2779/3513/1579
f 2774/3508/1528 2780/3514/1580 2779/3513/1579
f 2775/3509/1529 2748/3476/1569 2781/3515/1581
f 2748/3476/1569 2782/3516/1582 2781/3515/1581
f 2744/3506/1500 2772/3505/1526 2783/3517/1583
f 2772/3505/1526 2784/3518/1584 2783/3517/1583
f 2779/3513/1579 2780/3514/1580 2697/3413/1585
f 2780/3514/1580 2698/3414/1586 2697/3413/1585
f 2781/3515/1581 2782/3516/1582 2699/3415/1587
f 2782/3516/1582 2700/3416/1588 2699/3415/1587
f 2783/3517/1583 2784/3518/1584 2701/3417/1521
f 2784/3518/1584 2702/3418/1522 2701/3417/1521
f 2735/3463/1560 2778/3512/1578 2733/3461/1558
f 2778/3512/1578 2785/3519/1589 2733/3461/1558
f 2733/3461/1558 2785/3519/1589 2731/3459/1557
f 2785/3519/1589 2751/3520/1507 2731/3459/1557
f 2778/3512/1578 2777/3511/1577 2785/3519/1589
f 2777/3511/1577 2786/3521/1590 2785/3519/1589
f 2785/3519/1589 2786/3521/1590 2751/3520/1507
f 2786/3521/1590 2770/3522/1524 2751/3520/1507
f 2740/3468/1565 2758/3490/1572 2739/3467/1564
f 2758/3490/1572 2787/3523/1591 2739/3467/1564
f 2739/3467/1564 2787/3523/1591 2742/3470/1498
f 2787/3523/1591 2759/3524/1573 2742/3470/1498
f 2734/3462/1559 2732/3460/1488 2788/3525/1592
f 2732/3460/1488 2756/3526/1512 2788/3525/1592
f 2736/3464/1561 2734/3462/1559 2757/3489/1513
f 2734/3462/1559 2788/3525/1592 2757/3489/1513
f 2756/3526/1512 2762/3527/1575 2788/3525/1592
f 2762/3527/1575 2789/3528/1549 2788/3525/1592
f 2788/3525/1592 2789/3528/1549 2757/3489/1513
f 2789/3528/1549 2763/3495/1519 2757/3489/1513
f 2787/3523/1591 2758/3490/1572 2790/3529/1593
f 2758/3490/1572 2764/3496/1520 2790/3529/1593
f 2759/3524/1573 2787/3523/1591 2765/3530/1521
f 2787/3523/1591 2790/3529/1593 2765/3530/1521
f 2791/3531/1433 2776/3510/1576 2792/3532/1594
f 2776/3510/1576 2775/3509/1529 2792/3532/1594
f 2769/3533/1432 2791/3531/1433 2774/3534/1528
f 2791/3531/1433 2792/3532/1594 2774/3534/1528
f 2791/3531/1433 2769/3533/1432 2786/3521/1590
f 2769/3533/1432 2770/3522/1524 2786/3521/1590
f 2776/3510/1576 2791/3531/1433 2777/3511/1577
f 2791/3531/1433 2786/3521/1590 2777/3511/1577
f 2741/3469/1497 2743/3471/1499 2737/3465/1562
f 2743/3471/1499 2745/3473/1566 2737/3465/1562
f 2737/3465/1562 2745/3473/1566 2738/3466/1563
f 2745/3473/1566 2747/3475/1568 2738/3466/1563
f 2746/3474/1567 2744/3472/1500 2793/3535/1595
f 2744/3472/1500 2783/3536/1583 2793/3535/1595
f 2748/3476/1569 2746/3474/1567 2782/3516/1582
f 2746/3474/1567 2793/3535/1595 2782/3516/1582
f 2775/3509/1529 2781/3515/1581 2792/3532/1594
f 2781/3515/1581 2794/3537/1596 2792/3532/1594
f 2792/3532/1594 2794/3537/1596 2774/3534/1528
f 2794/3537/1596 2780/3538/1580 2774/3534/1528
f 2794/3537/1596 2781/3515/1581 2725/3448/1597
f 2781/3515/1581 2699/3415/1587 2725/3448/1597
f 2780/3538/1580 2794/3537/1596 2698/3447/1586
f 2794/3537/1596 2725/3448/1597 2698/3447/1586
f 2783/3536/1583 2701/3450/1521 2793/3535/1595
f 2701/3450/1521 2726/3449/1550 2793/3535/1595
f 2793/3535/1595 2726/3449/1550 2782/3516/1582
f 2726/3449/1550 2700/3416/1588 2782/3516/1582
f 2795/3539/1487 2796/3540/1598 2797/3541/1599
f 2796/3540/1598 2798/3542/1600 2797/3541/1599
f 2797/3541/1599 2798/3542/1600 2799/3543/1601
f 2798/3542/1600 2800/3544/1602 2799/3543/1601
f 2801/3545/1603 2802/3546/1604 2803/3547/1605
f 2802/3546/1604 2804/3548/1565 2803/3547/1605
f 2805/3549/1497 2801/3545/1603 2806/3550/1606
f 2801/3545/1603 2803/3547/1605 2806/3550/1606
f 2807/3551/1499 2808/3552/1500 2809/3553/1607
f 2808/3552/1500 2810/3554/1608 2809/3553/1607
f 2809/3553/1607 2810/3554/1608 2811/3555/1609
f 2810/3554/1608 2812/3556/1610 2811/3555/1609
f 2813/3557/1505 2795/3558/1487 2814/3559/1506
f 2795/3558/1487 2815/3560/1507 2814/3559/1506
f 2816/3561/1611 2805/3562/1497 2817/3563/1509
f 2805/3562/1497 2806/3564/1606 2817/3563/1509
f 2818/3565/1612 2796/3566/1598 2813/3557/1505
f 2796/3566/1598 2795/3558/1487 2813/3557/1505
f 2818/3565/1612 2819/3567/1511 2796/3566/1598
f 2819/3567/1511 2820/3568/1512 2796/3566/1598
f 2800/3544/1602 2821/3569/1613 2804/3548/1565
f 2821/3569/1613 2822/3570/1614 2804/3548/1565
f 2806/3564/1606 2823/3571/1515 2817/3563/1509
f 2823/3571/1515 2824/3572/1516 2817/3563/1509
f 2819/3567/1511 2825/3573/1517 2820/3568/1512
f 2825/3573/1517 2826/3574/1518 2820/3568/1512
f 2821/3569/1613 2827/3575/1519 2822/3570/1614
f 2827/3575/1519 2828/3576/1615 2822/3570/1614
f 2823/3571/1515 2829/3577/1521 2824/3572/1516
f 2829/3577/1521 2830/3578/1616 2824/3572/1516
f 2831/3579/1474 2832/3580/1523 2833/3581/1432
f 2832/3580/1523 2834/3582/1617 2833/3581/1432
f 2832/3580/1523 2814/3559/1506 2834/3582/1617
f 2814/3559/1506 2815/3560/1507 2834/3582/1617
f 2816/3561/1611 2835/3583/1525 2805/3562/1497
f 2835/3583/1525 2807/3584/1499 2805/3562/1497
f 2835/3583/1525 2836/3585/1526 2807/3584/1499
f 2836/3585/1526 2808/3586/1500 2807/3584/1499
f 2837/3587/1618 2831/3579/1474 2838/3588/1619
f 2831/3579/1474 2833/3581/1432 2838/3588/1619
f 2812/3556/1610 2839/3589/1620 2811/3555/1609
f 2839/3589/1620 2840/3590/1621 2811/3555/1609
f 2840/3590/1621 2841/3591/1622 2811/3555/1609
f 2811/3555/1609 2841/3591/1622 2802/3546/1604
f 2802/3546/1604 2841/3591/1622 2804/3548/1565
f 2841/3591/1622 2842/3592/1623 2804/3548/1565
f 2842/3592/1623 2799/3543/1601 2804/3548/1565
f 2804/3548/1565 2799/3543/1601 2800/3544/1602
f 2837/3587/1618 2838/3588/1619 2843/3593/1624
f 2838/3588/1619 2844/3594/1580 2843/3593/1624
f 2839/3589/1620 2812/3556/1610 2845/3595/1581
f 2812/3556/1610 2846/3596/1582 2845/3595/1581
f 2808/3586/1500 2836/3585/1526 2847/3597/1583
f 2836/3585/1526 2848/3598/1625 2847/3597/1583
f 2843/3593/1624 2844/3594/1580 2761/3493/1626
f 2844/3594/1580 2762/3494/1586 2761/3493/1626
f 2845/3595/1581 2846/3596/1582 2763/3495/1587
f 2846/3596/1582 2764/3496/1588 2763/3495/1587
f 2847/3597/1583 2848/3598/1625 2765/3497/1521
f 2848/3598/1625 2766/3498/1522 2765/3497/1521
f 2799/3543/1601 2842/3592/1623 2797/3541/1599
f 2842/3592/1623 2849/3599/1627 2797/3541/1599
f 2797/3541/1599 2849/3599/1627 2795/3539/1487
f 2849/3599/1627 2815/3600/1507 2795/3539/1487
f 2842/3592/1623 2841/3591/1622 2849/3599/1627
f 2841/3591/1622 2850/3601/1546 2849/3599/1627
f 2849/3599/1627 2850/3601/1546 2815/3600/1507
f 2850/3601/1546 2834/3602/1617 2815/3600/1507
f 2804/3548/1565 2822/3570/1614 2803/3547/1605
f 2822/3570/1614 2851/3603/1628 2803/3547/1605
f 2803/3547/1605 2851/3603/1628 2806/3550/1606
f 2851/3603/1628 2823/3604/1515 2806/3550/1606
f 2798/3542/1600 2796/3540/1598 2852/3605/1629
f 2796/3540/1598 2820/3606/1512 2852/3605/1629
f 2800/3544/1602 2798/3542/1600 2821/3569/1613
f 2798/3542/1600 2852/3605/1629 2821/3569/1613
f 2820/3606/1512 2826/3607/1518 2852/3605/1629
f 2826/3607/1518 2853/3608/1549 2852/3605/1629
f 2852/3605/1629 2853/3608/1549 2821/3569/1613
f 2853/3608/1549 2827/3575/1519 2821/3569/1613
f 2851/3603/1628 2822/3570/1614 2854/3609/1630
f 2822/3570/1614 2828/3576/1615 2854/3609/1630
f 2823/3604/1515 2851/3603/1628 2829/3610/1521
f 2851/3603/1628 2854/3609/1630 2829/3610/1521
f 2855/3611/1631 2840/3590/1621 2856/3612/1632
f 2840/3590/1621 2839/3589/1620 2856/3612/1632
f 2833/3613/1432 2855/3611/1631 2838/3614/1619
f 2855/3611/1631 2856/3612/1632 2838/3614/1619
f 2855/3611/1631 2833/3613/1432 2850/3601/1546
f 2833/3613/1432 2834/3602/1617 2850/3601/1546
f 2840/3590/1621 2855/3611/1631 2841/3591/1622
f 2855/3611/1631 2850/3601/1546 2841/3591/1622
f 2805/3549/1497 2807/3551/1499 2801/3545/1603
f 2807/3551/1499 2809/3553/1607 2801/3545/1603
f 2801/3545/1603 2809/3553/1607 2802/3546/1604
f 2809/3553/1607 2811/3555/1609 2802/3546/1604
f 2810/3554/1608 2808/3552/1500 2857/3615/1633
f 2808/3552/1500 2847/3616/1583 2857/3615/1633
f 2812/3556/1610 2810/3554/1608 2846/3596/1582
f 2810/3554/1608 2857/3615/1633 2846/3596/1582
f 2839/3589/1620 2845/3595/1581 2856/3612/1632
f 2845/3595/1581 2858/3617/1634 2856/3612/1632
f 2856/3612/1632 2858/3617/1634 2838/3614/1619
f 2858/3617/1634 2844/3618/1580 2838/3614/1619
f 2858/3617/1634 2845/3595/1581 2789/3528/1597
f 2845/3595/1581 2763/3495/1587 2789/3528/1597
f 2844/3618/1580 2858/3617/1634 2762/3527/1586
f 2858/3617/1634 2789/3528/1597 2762/3527/1586
f 2847/3616/1583 2765/3530/1521 2857/3615/1633
f 2765/3530/1521 2790/3529/1635 2857/3615/1633
f 2857/3615/1633 2790/3529/1635 2846/3596/1582
f 2790/3529/1635 2764/3496/1588 2846/3596/1582
f 2859/3619/1636 2860/3620/1637 2861/3621/1638
f 2860/3620/1637 2862/3622/1639 2861/3621/1638
f 2861/3621/1638 2862/3622/1639 2863/3623/1491
f 2862/3622/1639 2864/3624/1640 2863/3623/1491
f 2865/3625/1641 2866/3626/1494 2867/3627/1642
f 2866/3626/1494 2868/3628/1643 2867/3627/1642
f 2869/3629/1644 2865/3625/1641 2870/3630/1498
f 2865/3625/1641 2867/3627/1642 2870/3630/1498
f 2871/3631/1499 2872/3632/1500 2873/3633/1645
f 2872/3632/1500 2874/3634/1646 2873/3633/1645
f 2873/3633/1645 2874/3634/1646 2875/3635/1647
f 2874/3634/1646 2876/3636/1648 2875/3635/1647
f 2877/3637/1649 2859/3638/1636 2878/3639/1650
f 2859/3638/1636 2879/3640/1651 2878/3639/1650
f 2880/3641/1652 2869/3642/1644 2881/3643/1509
f 2869/3642/1644 2870/3644/1498 2881/3643/1509
f 2882/3645/1653 2860/3646/1637 2877/3637/1649
f 2860/3646/1637 2859/3638/1636 2877/3637/1649
f 2882/3645/1653 2883/3647/1511 2860/3646/1637
f 2883/3647/1511 2884/3648/1512 2860/3646/1637
f 2864/3624/1640 2885/3649/1654 2868/3628/1643
f 2885/3649/1654 2886/3650/1655 2868/3628/1643
f 2870/3644/1498 2887/3651/1515 2881/3643/1509
f 2887/3651/1515 2888/3652/1516 2881/3643/1509
f 2883/3647/1511 2889/3653/1574 2884/3648/1512
f 2889/3653/1574 2890/3654/1575 2884/3648/1512
f 2885/3649/1654 2891/3655/1519 2886/3650/1655
f 2891/3655/1519 2892/3656/1656 2886/3650/1655
f 2887/3651/1515 2893/3657/1657 2888/3652/1516
f 2893/3657/1657 2894/3658/1658 2888/3652/1516
f 2895/3659/1474 2896/3660/1523 2897/3661/1432
f 2896/3660/1523 2898/3662/1659 2897/3661/1432
f 2896/3660/1523 2878/3639/1650 2898/3662/1659
f 2878/3639/1650 2879/3640/1651 2898/3662/1659
f 2880/3641/1652 2899/3663/1660 2869/3642/1644
f 2899/3663/1660 2871/3664/1499 2869/3642/1644
f 2899/3663/1660 2900/3665/1526 2871/3664/1499
f 2900/3665/1526 2872/3666/1500 2871/3664/1499
f 2901/3667/1527 2895/3659/1474 2902/3668/1528
f 2895/3659/1474 2897/3661/1432 2902/3668/1528
f 2876/3636/1648 2903/3669/1661 2875/3635/1647
f 2903/3669/1661 2904/3670/1662 2875/3635/1647
f 2904/3670/1662 2905/3671/1531 2875/3635/1647
f 2875/3635/1647 2905/3671/1531 2866/3626/1494
f 2866/3626/1494 2905/3671/1531 2868/3628/1643
f 2905/3671/1531 2906/3672/1663 2868/3628/1643
f 2906/3672/1663 2863/3623/1491 2868/3628/1643
f 2868/3628/1643 2863/3623/1491 2864/3624/1640
f 2901/3667/1527 2902/3668/1528 2907/3673/1579
f 2902/3668/1528 2908/3674/1580 2907/3673/1579
f 2903/3669/1661 2876/3636/1648 2909/3675/1581
f 2876/3636/1648 2910/3676/1664 2909/3675/1581
f 2872/3666/1500 2900/3665/1526 2911/3677/1583
f 2900/3665/1526 2912/3678/1665 2911/3677/1583
f 2907/3673/1579 2908/3674/1580 2825/3573/1626
f 2908/3674/1580 2826/3574/1586 2825/3573/1626
f 2909/3675/1581 2910/3676/1664 2827/3575/1587
f 2910/3676/1664 2828/3576/1588 2827/3575/1587
f 2911/3677/1583 2912/3678/1665 2829/3577/1521
f 2912/3678/1665 2830/3578/1522 2829/3577/1521
f 2863/3623/1491 2906/3672/1663 2861/3621/1638
f 2906/3672/1663 2913/3679/1666 2861/3621/1638
f 2861/3621/1638 2913/3679/1666 2859/3619/1636
f 2913/3679/1666 2879/3680/1651 2859/3619/1636
f 2906/3672/1663 2905/3671/1531 2913/3679/1666
f 2905/3671/1531 2914/3681/1667 2913/3679/1666
f 2913/3679/1666 2914/3681/1667 2879/3680/1651
f 2914/3681/1667 2898/3682/1659 2879/3680/1651
f 2868/3628/1643 2886/3650/1655 2867/3627/1642
f 2886/3650/1655 2915/3683/1668 2867/3627/1642
f 2867/3627/1642 2915/3683/1668 2870/3630/1498
f 2915/3683/1668 2887/3684/1515 2870/3630/1498
f 2862/3622/1639 2860/3620/1637 2916/3685/1669
f 2860/3620/1637 2884/3686/1512 2916/3685/1669
f 2864/3624/1640 2862/3622/1639 2885/3649/1654
f 2862/3622/1639 2916/3685/1669 2885/3649/1654
f 2884/3686/1512 2890/3687/1575 2916/3685/1669
f 2890/3687/1575 2917/3688/1670 2916/3685/1669
f 2916/3685/1669 2917/3688/1670 2885/3649/1654
f 2917/3688/1670 2891/3655/1519 2885/3649/1654
f 2915/3683/1668 2886/3650/1655 2918/3689/1635
f 2886/3650/1655 2892/3656/1656 2918/3689/1635
f 2887/3684/1515 2915/3683/1668 2893/3690/1657
f 2915/3683/1668 2918/3689/1635 2893/3690/1657
f 2919/3691/1671 2904/3670/1662 2920/3692/1672
f 2904/3670/1662 2903/3669/1661 2920/3692/1672
f 2897/3693/1432 2919/3691/1671 2902/3694/1528
f 2919/3691/1671 2920/3692/1672 2902/3694/1528
f 2919/3691/1671 2897/3693/1432 2914/3681/1667
f 2897/3693/1432 2898/3682/1659 2914/3681/1667
f 2904/3670/1662 2919/3691/1671 2905/3671/1531
f 2919/3691/1671 2914/3681/1667 2905/3671/1531
f 2869/3629/1644 2871/3631/1499 2865/3625/1641
f 2871/3631/1499 2873/3633/1645 2865/3625/1641
f 2865/3625/1641 2873/3633/1645 2866/3626/1494
f 2873/3633/1645 2875/3635/1647 2866/3626/1494
f 2874/3634/1646 2872/3632/1500 2921/3695/1673
f 2872/3632/1500 2911/3696/1583 2921/3695/1673
f 2876/3636/1648 2874/3634/1646 2910/3676/1664
f 2874/3634/1646 2921/3695/1673 2910/3676/1664
f 2903/3669/1661 2909/3675/1581 2920/3692/1672
f 2909/3675/1581 2922/3697/1674 2920/3692/1672
f 2920/3692/1672 2922/3697/1674 2902/3694/1528
f 2922/3697/1674 2908/3698/1580 2902/3694/1528
f 2922/3697/1674 2909/3675/1581 2853/3608/1597
f 2909/3675/1581 2827/3575/1587 2853/3608/1597
f 2908/3698/1580 2922/3697/1674 2826/3607/1586
f 2922/3697/1674 2853/3608/1597 2826/3607/1586
f 2911/3696/1583 2829/3610/1521 2921/3695/1673
f 2829/3610/1521 2854/3609/1675 2921/3695/1673
f 2921/3695/1673 2854/3609/1675 2910/3676/1664
f 2854/3609/1675 2828/3576/1588 2910/3676/1664
f 2923/3699/1487 2924/3700/1676 2925/3701/1677
f 2924/3700/1676 2926/3702/1678 2925/3701/1677
f 2925/3701/1677 2926/3702/1678 2927/3703/1679
f 2926/3702/1678 2928/3704/1492 2927/3703/1679
f 2929/3705/1680 2930/3706/1681 2931/3707/1682
f 2930/3706/1681 2932/3708/1683 2931/3707/1682
f 2933/3709/1497 2929/3705/1680 2934/3710/1498
f 2929/3705/1680 2931/3707/1682 2934/3710/1498
f 2935/3711/1499 2936/3712/1500 2937/3713/1645
f 2936/3712/1500 2938/3714/1684 2937/3713/1645
f 2937/3713/1645 2938/3714/1684 2939/3715/1647
f 2938/3714/1684 2940/3716/1504 2939/3715/1647
f 2941/3717/1505 2923/3718/1487 2942/3719/1506
f 2923/3718/1487 2943/3720/1507 2942/3719/1506
f 2944/3721/1652 2933/3722/1497 2945/3723/1685
f 2933/3722/1497 2934/3724/1498 2945/3723/1685
f 2946/3725/1686 2924/3726/1676 2941/3717/1505
f 2924/3726/1676 2923/3718/1487 2941/3717/1505
f 2946/3725/1686 2947/3727/1511 2924/3726/1676
f 2947/3727/1511 2948/3728/1512 2924/3726/1676
f 2928/3704/1492 2949/3729/1613 2932/3708/1683
f 2949/3729/1613 2950/3730/1572 2932/3708/1683
f 2934/3724/1498 2951/3731/1573 2945/3723/1685
f 2951/3731/1573 2952/3732/1687 2945/3723/1685
f 2947/3727/1511 2953/3733/1574 2948/3728/1512
f 2953/3733/1574 2954/3734/1575 2948/3728/1512
f 2949/3729/1613 2955/3735/1519 2950/3730/1572
f 2955/3735/1519 2956/3736/1688 2950/3730/1572
f 2951/3731/1573 2957/3737/1521 2952/3732/1687
f 2957/3737/1521 2958/3738/1616 2952/3732/1687
f 2959/3739/1689 2960/3740/1523 2961/3741/1690
f 2960/3740/1523 2962/3742/1524 2961/3741/1690
f 2960/3740/1523 2942/3719/1506 2962/3742/1524
f 2942/3719/1506 2943/3720/1507 2962/3742/1524
f 2944/3721/1652 2963/3743/1660 2933/3722/1497
f 2963/3743/1660 2935/3744/1499 2933/3722/1497
f 2963/3743/1660 2964/3745/1526 2935/3744/1499
f 2964/3745/1526 2936/3746/1500 2935/3744/1499
f 2965/3747/1691 2959/3739/1689 2966/3748/1692
f 2959/3739/1689 2961/3741/1690 2966/3748/1692
f 2940/3716/1504 2967/3749/1693 2939/3715/1647
f 2967/3749/1693 2968/3750/1694 2939/3715/1647
f 2968/3750/1694 2969/3751/1531 2939/3715/1647
f 2939/3715/1647 2969/3751/1531 2930/3706/1681
f 2930/3706/1681 2969/3751/1531 2932/3708/1683
f 2969/3751/1531 2970/3752/1663 2932/3708/1683
f 2970/3752/1663 2927/3703/1679 2932/3708/1683
f 2932/3708/1683 2927/3703/1679 2928/3704/1492
f 2965/3747/1691 2966/3748/1692 2971/3753/1695
f 2966/3748/1692 2972/3754/1580 2971/3753/1695
f 2967/3749/1693 2940/3716/1504 2973/3755/1696
f 2940/3716/1504 2974/3756/1697 2973/3755/1696
f 2936/3746/1500 2964/3745/1526 2975/3757/1583
f 2964/3745/1526 2976/3758/1698 2975/3757/1583
f 2971/3753/1695 2972/3754/1580 2889/3653/1626
f 2972/3754/1580 2890/3654/1586 2889/3653/1626
f 2973/3755/1696 2974/3756/1697 2891/3655/1587
f 2974/3756/1697 2892/3656/1699 2891/3655/1587
f 2975/3757/1583 2976/3758/1698 2893/3657/1521
f 2976/3758/1698 2894/3658/1616 2893/3657/1521
f 2927/3703/1679 2970/3752/1663 2925/3701/1677
f 2970/3752/1663 2977/3759/1700 2925/3701/1677
f 2925/3701/1677 2977/3759/1700 2923/3699/1487
f 2977/3759/1700 2943/3760/1507 2923/3699/1487
f 2970/3752/1663 2969/3751/1531 2977/3759/1700
f 2969/3751/1531 2978/3761/1701 2977/3759/1700
f 2977/3759/1700 2978/3761/1701 2943/3760/1507
f 2978/3761/1701 2962/3762/1524 2943/3760/1507
f 2932/3708/1683 2950/3730/1572 2931/3707/1682
f 2950/3730/1572 2979/3763/1702 2931/3707/1682
f 2931/3707/1682 2979/3763/1702 2934/3710/1498
f 2979/3763/1702 2951/3764/1573 2934/3710/1498
f 2926/3702/1678 2924/3700/1676 2980/3765/1703
f 2924/3700/1676 2948/3766/1512 2980/3765/1703
f 2928/3704/1492 2926/3702/1678 2949/3729/1613
f 2926/3702/1678 2980/3765/1703 2949/3729/1613
f 2948/3766/1512 2954/3767/1575 2980/3765/1703
f 2954/3767/1575 2981/3768/1670 2980/3765/1703
f 2980/3765/1703 2981/3768/1670 2949/3729/1613
f 2981/3768/1670 2955/3735/1519 2949/3729/1613
f 2979/3763/1702 2950/3730/1572 2982/3769/1704
f 2950/3730/1572 2956/3736/1688 2982/3769/1704
f 2951/3764/1573 2979/3763/1702 2957/3770/1521
f 2979/3763/1702 2982/3769/1704 2957/3770/1521
f 2983/3771/1705 2968/3750/1694 2984/3772/1706
f 2968/3750/1694 2967/3749/1693 2984/3772/1706
f 2961/3773/1690 2983/3771/1705 2966/3774/1692
f 2983/3771/1705 2984/3772/1706 2966/3774/1692
f 2983/3771/1705 2961/3773/1690 2978/3761/1701
f 2961/3773/1690 2962/3762/1524 2978/3761/1701
f 2968/3750/1694 2983/3771/1705 2969/3751/1531
f 2983/3771/1705 2978/3761/1701 2969/3751/1531
f 2933/3709/1497 2935/3711/1499 2929/3705/1680
f 2935/3711/1499 2937/3713/1645 2929/3705/1680
f 2929/3705/1680 2937/3713/1645 2930/3706/1681
f 2937/3713/1645 2939/3715/1647 2930/3706/1681
f 2938/3714/1684 2936/3712/1500 2985/3775/1707
f 2936/3712/1500 2975/3776/1583 2985/3775/1707
f 2940/3716/1504 2938/3714/1684 2974/3756/1697
f 2938/3714/1684 2985/3775/1707 2974/3756/1697
f 2967/3749/1693 2973/3755/1696 2984/3772/1706
f 2973/3755/1696 2986/3777/1708 2984/3772/1706
f 2984/3772/1706 2986/3777/1708 2966/3774/1692
f 2986/3777/1708 2972/3778/1580 2966/3774/1692
f 2986/3777/1708 2973/3755/1696 2917/3688/1597
f 2973/3755/1696 2891/3655/1587 2917/3688/1597
f 2972/3778/1580 2986/3777/1708 2890/3687/1586
f 2986/3777/1708 2917/3688/1597 2890/3687/1586
f 2975/3776/1583 2893/3690/1521 2985/3775/1707
f 2893/3690/1521 2918/3689/1550 2985/3775/1707
f 2985/3775/1707 2918/3689/1550 2974/3756/1697
f 2918/3689/1550 2892/3656/1699 2974/3756/1697
f 2987/3779/1709 2988/3780/1710 2989/3781/1711
f 2988/3780/1710 2990/3782/1712 2989/3781/1711
f 2989/3781/1711 2990/3782/1712 2991/3783/1679
f 2990/3782/1712 2992/3784/1492 2991/3783/1679
f 2993/3785/1680 2994/3786/1681 2995/3787/1713
f 2994/3786/1681 2996/3788/1714 2995/3787/1713
f 2997/3789/1497 2993/3785/1680 2998/3790/1606
f 2993/3785/1680 2995/3787/1713 2998/3790/1606
f 2999/3791/1499 3000/3792/1500 3001/3793/1645
f 3000/3792/1500 3002/3794/1715 3001/3793/1645
f 3001/3793/1645 3002/3794/1715 3003/3795/1647
f 3002/3794/1715 3004/3796/1504 3003/3795/1647
f 3005/3797/1716 2987/3798/1709 3006/3799/1717
f 2987/3798/1709 3007/3800/1718 3006/3799/1717
f 3008/3801/1652 2997/3802/1497 3009/3803/1719
f 2997/3802/1497 2998/3804/1606 3009/3803/1719
f 3010/3805/1510 2988/3806/1710 3005/3797/1716
f 2988/3806/1710 2987/3798/1709 3005/3797/1716
f 3010/3805/1510 3011/3807/1511 2988/3806/1710
f 3011/3807/1511 3012/3808/1720 2988/3806/1710
f 2992/3784/1492 3013/3809/1613 2996/3788/1714
f 3013/3809/1613 3014/3810/1572 2996/3788/1714
f 2998/3804/1606 3015/3811/1515 3009/3803/1719
f 3015/3811/1515 3016/3812/1516 3009/3803/1719
f 3011/3807/1511 3017/3813/1721 3012/3808/1720
f 3017/3813/1721 3018/3814/1722 3012/3808/1720
f 3013/3809/1613 3019/3815/1723 3014/3810/1572
f 3019/3815/1723 3020/3816/1688 3014/3810/1572
f 3015/3811/1515 3021/3817/1521 3016/3812/1516
f 3021/3817/1521 3022/3818/1616 3016/3812/1516
f 3023/3819/1689 3024/3820/1724 3025/3821/1725
f 3024/3820/1724 3026/3822/1524 3025/3821/1725
f 3024/3820/1724 3006/3799/1717 3026/3822/1524
f 3006/3799/1717 3007/3800/1718 3026/3822/1524
f 3008/3801/1652 3027/3823/1660 2997/3802/1497
f 3027/3823/1660 2999/3824/1499 2997/3802/1497
f 3027/3823/1660 3028/3825/1526 2999/3824/1499
f 3028/3825/1526 3000/3826/1500 2999/3824/1499
f 3029/3827/1726 3023/3819/1689 3030/3828/1692
f 3023/3819/1689 3025/3821/1725 3030/3828/1692
f 3004/3796/1504 3031/3829/1693 3003/3795/1647
f 3031/3829/1693 3032/3830/1694 3003/3795/1647
f 3032/3830/1694 3033/3831/1531 3003/3795/1647
f 3003/3795/1647 3033/3831/1531 2994/3786/1681
f 2994/3786/1681 3033/3831/1531 2996/3788/1714
f 3033/3831/1531 3034/3832/1663 2996/3788/1714
f 3034/3832/1663 2991/3783/1679 2996/3788/1714
f 2996/3788/1714 2991/3783/1679 2992/3784/1492
f 3029/3827/1726 3030/3828/1692 3035/3833/1579
f 3030/3828/1692 3036/3834/1580 3035/3833/1579
f 3031/3829/1693 3004/3796/1504 3037/3835/1727
f 3004/3796/1504 3038/3836/1697 3037/3835/1727
f 3000/3826/1500 3028/3825/1526 3039/3837/1583
f 3028/3825/1526 3040/3838/1625 3039/3837/1583
f 3035/3833/1579 3036/3834/1580 2953/3733/1585
f 3036/3834/1580 2954/3734/1586 2953/3733/1585
f 3037/3835/1727 3038/3836/1697 2955/3735/1587
f 3038/3836/1697 2956/3736/1699 2955/3735/1587
f 3039/3837/1583 3040/3838/1625 2957/3737/1657
f 3040/3838/1625 2958/3738/1658 2957/3737/1657
f 2991/3783/1679 3034/3832/1663 2989/3781/1711
f 3034/3832/1663 3041/3839/1728 2989/3781/1711
f 2989/3781/1711 3041/3839/1728 2987/3779/1709
f 3041/3839/1728 3007/3840/1718 2987/3779/1709
f 3034/3832/1663 3033/3831/1531 3041/3839/1728
f 3033/3831/1531 3042/3841/1701 3041/3839/1728
f 3041/3839/1728 3042/3841/1701 3007/3840/1718
f 3042/3841/1701 3026/3842/1524 3007/3840/1718
f 2996/3788/1714 3014/3810/1572 2995/3787/1713
f 3014/3810/1572 3043/3843/1702 2995/3787/1713
f 2995/3787/1713 3043/3843/1702 2998/3790/1606
f 3043/3843/1702 3015/3844/1515 2998/3790/1606
f 2990/3782/1712 2988/3780/1710 3044/3845/1629
f 2988/3780/1710 3012/3846/1720 3044/3845/1629
f 2992/3784/1492 2990/3782/1712 3013/3809/1613
f 2990/3782/1712 3044/3845/1629 3013/3809/1613
f 3012/3846/1720 3018/3847/1722 3044/3845/1629
f 3018/3847/1722 3045/3848/1549 3044/3845/1629
f 3044/3845/1629 3045/3848/1549 3013/3809/1613
f 3045/3848/1549 3019/3815/1723 3013/3809/1613
f 3043/3843/1702 3014/3810/1572 3046/3849/1729
f 3014/3810/1572 3020/3816/1688 3046/3849/1729
f 3015/3844/1515 3043/3843/1702 3021/3850/1521
f 3043/3843/1702 3046/3849/1729 3021/3850/1521
f 3047/3851/1730 3032/3830/1694 3048/3852/1731
f 3032/3830/1694 3031/3829/1693 3048/3852/1731
f 3025/3853/1725 3047/3851/1730 3030/3854/1692
f 3047/3851/1730 3048/3852/1731 3030/3854/1692
f 3047/3851/1730 3025/3853/1725 3042/3841/1701
f 3025/3853/1725 3026/3842/1524 3042/3841/1701
f 3032/3830/1694 3047/3851/1730 3033/3831/1531
f 3047/3851/1730 3042/3841/1701 3033/3831/1531
f 2997/3789/1497 2999/3791/1499 2993/3785/1680
f 2999/3791/1499 3001/3793/1645 2993/3785/1680
f 2993/3785/1680 3001/3793/1645 2994/3786/1681
f 3001/3793/1645 3003/3795/1647 2994/3786/1681
f 3002/3794/1715 3000/3792/1500 3049/3855/1707
f 3000/3792/1500 3039/3856/1583 3049/3855/1707
f 3004/3796/1504 3002/3794/1715 3038/3836/1697
f 3002/3794/1715 3049/3855/1707 3038/3836/1697
f 3031/3829/1693 3037/3835/1727 3048/3852/1731
f 3037/3835/1727 3050/3857/1596 3048/3852/1731
f 3048/3852/1731 3050/3857/1596 3030/3854/1692
f 3050/3857/1596 3036/3858/1580 3030/3854/1692
f 3050/3857/1596 3037/3835/1727 2981/3768/1732
f 3037/3835/1727 2955/3735/1587 2981/3768/1732
f 3036/3858/1580 3050/3857/1596 2954/3767/1586
f 3050/3857/1596 2981/3768/1732 2954/3767/1586
f 3039/3856/1583 2957/3770/1657 3049/3855/1707
f 2957/3770/1657 2982/3769/1635 3049/3855/1707
f 3049/3855/1707 2982/3769/1635 3038/3836/1697
f 2982/3769/1635 2956/3736/1699 3038/3836/1697
f 3051/3859/1709 3052/3860/1733 3053/3861/1734
f 3052/3860/1733 3054/3862/1735 3053/3861/1734
f 3053/3861/1734 3054/3862/1735 3055/3863/1601
f 3054/3862/1735 3056/3864/1602 3055/3863/1601
f 3057/3865/1736 3058/3866/1604 3059/3867/1642
f 3058/3866/1604 3060/3868/1565 3059/3867/1642
f 3061/3869/1497 3057/3865/1736 3062/3870/1606
f 3057/3865/1736 3059/3867/1642 3062/3870/1606
f 3063/3871/1499 3064/3872/1500 3065/3873/1737
f 3064/3872/1500 3066/3874/1502 3065/3873/1737
f 3065/3873/1737 3066/3874/1502 3067/3875/1738
f 3066/3874/1502 3068/3876/1569 3067/3875/1738
f 3069/3877/1716 3051/3878/1709 3070/3879/1506
f 3051/3878/1709 3071/3880/1507 3070/3879/1506
f 3072/3881/1652 3061/3882/1497 3073/3883/1509
f 3061/3882/1497 3062/3884/1606 3073/3883/1509
f 3074/3885/1739 3052/3886/1733 3069/3877/1716
f 3052/3886/1733 3051/3878/1709 3069/3877/1716
f 3074/3885/1739 3075/3887/1511 3052/3886/1733
f 3075/3887/1511 3076/3888/1512 3052/3886/1733
f 3056/3864/1602 3077/3889/1740 3060/3868/1565
f 3077/3889/1740 3078/3890/1741 3060/3868/1565
f 3062/3884/1606 3079/3891/1515 3073/3883/1509
f 3079/3891/1515 3080/3892/1516 3073/3883/1509
f 3075/3887/1511 3081/3893/1517 3076/3888/1512
f 3081/3893/1517 3082/3894/1518 3076/3888/1512
f 3077/3889/1740 3083/3895/1742 3078/3890/1741
f 3083/3895/1742 3084/3896/1743 3078/3890/1741
f 3079/3891/1515 3085/3897/1521 3080/3892/1516
f 3085/3897/1521 3086/3898/1616 3080/3892/1516
f 3087/3899/1744 3088/3900/1523 3089/3901/1745
f 3088/3900/1523 3090/3902/1524 3089/3901/1745
f 3088/3900/1523 3070/3879/1506 3090/3902/1524
f 3070/3879/1506 3071/3880/1507 3090/3902/1524
f 3072/3881/1652 3091/3903/1746 3061/3882/1497
f 3091/3903/1746 3063/3904/1499 3061/3882/1497
f 3091/3903/1746 3092/3905/1526 3063/3904/1499
f 3092/3905/1526 3064/3906/1500 3063/3904/1499
f 3093/3907/1747 3087/3899/1744 3094/3908/1748
f 3087/3899/1744 3089/3901/1745 3094/3908/1748
f 3068/3876/1569 3095/3909/1749 3067/3875/1738
f 3095/3909/1749 3096/3910/1576 3067/3875/1738
f 3096/3910/1576 3097/3911/1750 3067/3875/1738
f 3067/3875/1738 3097/3911/1750 3058/3866/1604
f 3058/3866/1604 3097/3911/1750 3060/3868/1565
f 3097/3911/1750 3098/3912/1751 3060/3868/1565
f 3098/3912/1751 3055/3863/1601 3060/3868/1565
f 3060/3868/1565 3055/3863/1601 3056/3864/1602
f 3093/3907/1747 3094/3908/1748 3099/3913/1624
f 3094/3908/1748 3100/3914/1580 3099/3913/1624
f 3095/3909/1749 3068/3876/1569 3101/3915/1752
f 3068/3876/1569 3102/3916/1664 3101/3915/1752
f 3064/3906/1500 3092/3905/1526 3103/3917/1583
f 3092/3905/1526 3104/3918/1665 3103/3917/1583
f 3099/3913/1624 3100/3914/1580 3017/3813/1753
f 3100/3914/1580 3018/3814/1754 3017/3813/1753
f 3101/3915/1752 3102/3916/1664 3019/3815/1755
f 3102/3916/1664 3020/3816/1756 3019/3815/1755
f 3103/3917/1583 3104/3918/1665 3021/3817/1657
f 3104/3918/1665 3022/3818/1658 3021/3817/1657
f 3055/3863/1601 3098/3912/1751 3053/3861/1734
f 3098/3912/1751 3105/3919/1757 3053/3861/1734
f 3053/3861/1734 3105/3919/1757 3051/3859/1709
f 3105/3919/1757 3071/3920/1507 3051/3859/1709
f 3098/3912/1751 3097/3911/1750 3105/3919/1757
f 3097/3911/1750 3106/3921/1758 3105/3919/1757
f 3105/3919/1757 3106/3921/1758 3071/3920/1507
f 3106/3921/1758 3090/3922/1524 3071/3920/1507
f 3060/3868/1565 3078/3890/1741 3059/3867/1642
f 3078/3890/1741 3107/3923/1702 3059/3867/1642
f 3059/3867/1642 3107/3923/1702 3062/3870/1606
f 3107/3923/1702 3079/3924/1515 3062/3870/1606
f 3054/3862/1735 3052/3860/1733 3108/3925/1759
f 3052/3860/1733 3076/3926/1512 3108/3925/1759
f 3056/3864/1602 3054/3862/1735 3077/3889/1740
f 3054/3862/1735 3108/3925/1759 3077/3889/1740
f 3076/3926/1512 3082/3927/1518 3108/3925/1759
f 3082/3927/1518 3109/3928/1760 3108/3925/1759
f 3108/3925/1759 3109/3928/1760 3077/3889/1740
f 3109/3928/1760 3083/3895/1742 3077/3889/1740
f 3107/3923/1702 3078/3890/1741 3110/3929/1704
f 3078/3890/1741 3084/3896/1743 3110/3929/1704
f 3079/3924/1515 3107/3923/1702 3085/3930/1521
f 3107/3923/1702 3110/3929/1704 3085/3930/1521
f 3111/3931/1761 3096/3910/1576 3112/3932/1731
f 3096/3910/1576 3095/3909/1749 3112/3932/1731
f 3089/3933/1745 3111/3931/1761 3094/3934/1748
f 3111/3931/1761 3112/3932/1731 3094/3934/1748
f 3111/3931/1761 3089/3933/1745 3106/3921/1758
f 3089/3933/1745 3090/3922/1524 3106/3921/1758
f 3096/3910/1576 3111/3931/1761 3097/3911/1750
f 3111/3931/1761 3106/3921/1758 3097/3911/1750
f 3061/3869/1497 3063/3871/1499 3057/3865/1736
f 3063/3871/1499 3065/3873/1737 3057/3865/1736
f 3057/3865/1736 3065/3873/1737 3058/3866/1604
f 3065/3873/1737 3067/3875/1738 3058/3866/1604
f 3066/3874/1502 3064/3872/1500 3113/3935/1762
f 3064/3872/1500 3103/3936/1583 3113/3935/1762
f 3068/3876/1569 3066/3874/1502 3102/3916/1664
f 3066/3874/1502 3113/3935/1762 3102/3916/1664
f 3095/3909/1749 3101/3915/1752 3112/3932/1731
f 3101/3915/1752 3114/3937/1634 3112/3932/1731
f 3112/3932/1731 3114/3937/1634 3094/3934/1748
f 3114/3937/1634 3100/3938/1580 3094/3934/1748
f 3114/3937/1634 3101/3915/1752 3045/3848/1597
f 3101/3915/1752 3019/3815/1755 3045/3848/1597
f 3100/3938/1580 3114/3937/1634 3018/3847/1754
f 3114/3937/1634 3045/3848/1597 3018/3847/1754
f 3103/3936/1583 3021/3850/1657 3113/3935/1762
f 3021/3850/1657 3046/3849/1630 3113/3935/1762
f 3113/3935/1762 3046/3849/1630 3102/3916/1664
f 3046/3849/1630 3020/3816/1756 3102/3916/1664
f 3115/3939/1709 3116/3940/1763 3117/3941/1764
f 3116/3940/1763 3118/3942/1765 3117/3941/1764
f 3117/3941/1764 3118/3942/1765 3119/3943/1766
f 3118/3942/1765 3120/3944/1640 3119/3943/1766
f 3121/3945/1641 3122/3946/1494 3123/3947/1767
f 3122/3946/1494 3124/3948/1643 3123/3947/1767
f 3125/3949/1497 3121/3945/1641 3126/3950/1606
f 3121/3945/1641 3123/3947/1767 3126/3950/1606
f 3127/3951/1499 3128/3952/1500 3129/3953/1645
f 3128/3952/1500 3130/3954/1684 3129/3953/1645
f 3129/3953/1645 3130/3954/1684 3131/3955/1647
f 3130/3954/1684 3132/3956/1768 3131/3955/1647
f 3133/3957/1716 3115/3958/1709 3134/3959/1506
f 3115/3958/1709 3135/3960/1507 3134/3959/1506
f 3136/3961/1652 3125/3962/1497 3137/3963/1769
f 3125/3962/1497 3126/3964/1606 3137/3963/1769
f 3138/3965/1770 3116/3966/1763 3133/3957/1716
f 3116/3966/1763 3115/3958/1709 3133/3957/1716
f 3138/3965/1770 3139/3967/1771 3116/3966/1763
f 3139/3967/1771 3140/3968/1512 3116/3966/1763
f 3120/3944/1640 3141/3969/1513 3124/3948/1643
f 3141/3969/1513 3142/3970/1572 3124/3948/1643
f 3126/3964/1606 3143/3971/1573 3137/3963/1769
f 3143/3971/1573 3144/3972/1516 3137/3963/1769
f 3139/3967/1771 3145/3973/1574 3140/3968/1512
f 3145/3973/1574 3146/3974/1575 3140/3968/1512
f 3141/3969/1513 3147/3975/1723 3142/3970/1572
f 3147/3975/1723 3148/3976/1772 3142/3970/1572
f 3143/3971/1573 3149/3977/1773 3144/3972/1516
f 3149/3977/1773 3150/3978/1774 3144/3972/1516
f 3151/3979/1775 3152/3980/1523 3153/3981/1745
f 3152/3980/1523 3154/3982/1776 3153/3981/1745
f 3152/3980/1523 3134/3959/1506 3154/3982/1776
f 3134/3959/1506 3135/3960/1507 3154/3982/1776
f 3136/3961/1652 3155/3983/1525 3125/3962/1497
f 3155/3983/1525 3127/3984/1499 3125/3962/1497
f 3155/3983/1525 3156/3985/1526 3127/3984/1499
f 3156/3985/1526 3128/3986/1500 3127/3984/1499
f 3157/3987/1777 3151/3979/1775 3158/3988/1778
f 3151/3979/1775 3153/3981/1745 3158/3988/1778
f 3132/3956/1768 3159/3989/1661 3131/3955/1647
f 3159/3989/1661 3160/3990/1662 3131/3955/1647
f 3160/3990/1662 3161/3991/1779 3131/3955/1647
f 3131/3955/1647 3161/3991/1779 3122/3946/1494
f 3122/3946/1494 3161/3991/1779 3124/3948/1643
f 3161/3991/1779 3162/3992/1663 3124/3948/1643
f 3162/3992/1663 3119/3943/1766 3124/3948/1643
f 3124/3948/1643 3119/3943/1766 3120/3944/1640
f 3157/3987/1777 3158/3988/1778 3163/3993/1579
f 3158/3988/1778 3164/3994/1580 3163/3993/1579
f 3159/3989/1661 3132/3956/1768 3165/3995/1581
f 3132/3956/1768 3166/3996/1780 3165/3995/1581
f 3128/3986/1500 3156/3985/1526 3167/3997/1583
f 3156/3985/1526 3168/3998/1698 3167/3997/1583
f 3163/3993/1579 3164/3994/1580 3081/3893/1585
f 3164/3994/1580 3082/3894/1586 3081/3893/1585
f 3165/3995/1581 3166/3996/1780 3083/3895/1781
f 3166/3996/1780 3084/3896/1756 3083/3895/1781
f 3167/3997/1583 3168/3998/1698 3085/3897/1521
f 3168/3998/1698 3086/3898/1616 3085/3897/1521
f 3119/3943/1766 3162/3992/1663 3117/3941/1764
f 3162/3992/1663 3169/3999/1782 3117/3941/1764
f 3117/3941/1764 3169/3999/1782 3115/3939/1709
f 3169/3999/1782 3135/4000/1507 3115/3939/1709
f 3162/3992/1663 3161/3991/1779 3169/3999/1782
f 3161/3991/1779 3170/4001/1783 3169/3999/1782
f 3169/3999/1782 3170/4001/1783 3135/4000/1507
f 3170/4001/1783 3154/4002/1776 3135/4000/1507
f 3124/3948/1643 3142/3970/1572 3123/3947/1767
f 3142/3970/1572 3171/4003/1668 3123/3947/1767
f 3123/3947/1767 3171/4003/1668 3126/3950/1606
f 3171/4003/1668 3143/4004/1573 3126/3950/1606
f 3118/3942/1765 3116/3940/1763 3172/4005/1669
f 3116/3940/1763 3140/4006/1512 3172/4005/1669
f 3120/3944/1640 3118/3942/1765 3141/3969/1513
f 3118/3942/1765 3172/4005/1669 3141/3969/1513
f 3140/4006/1512 3146/4007/1575 3172/4005/1669
f 3146/4007/1575 3173/4008/1784 3172/4005/1669
f 3172/4005/1669 3173/4008/1784 3141/3969/1513
f 3173/4008/1784 3147/3975/1723 3141/3969/1513
f 3171/4003/1668 3142/3970/1572 3174/4009/1550
f 3142/3970/1572 3148/3976/1772 3174/4009/1550
f 3143/4004/1573 3171/4003/1668 3149/4010/1773
f 3171/4003/1668 3174/4009/1550 3149/4010/1773
f 3175/4011/1785 3160/3990/1662 3176/4012/1786
f 3160/3990/1662 3159/3989/1661 3176/4012/1786
f 3153/4013/1745 3175/4011/1785 3158/4014/1778
f 3175/4011/1785 3176/4012/1786 3158/4014/1778
f 3175/4011/1785 3153/4013/1745 3170/4001/1783
f 3153/4013/1745 3154/4002/1776 3170/4001/1783
f 3160/3990/1662 3175/4011/1785 3161/3991/1779
f 3175/4011/1785 3170/4001/1783 3161/3991/1779
f 3125/3949/1497 3127/3951/1499 3121/3945/1641
f 3127/3951/1499 3129/3953/1645 3121/3945/1641
f 3121/3945/1641 3129/3953/1645 3122/3946/1494
f 3129/3953/1645 3131/3955/1647 3122/3946/1494
f 3130/3954/1684 3128/3952/1500 3177/4015/1707
f 3128/3952/1500 3167/4016/1583 3177/4015/1707
f 3132/3956/1768 3130/3954/1684 3166/3996/1780
f 3130/3954/1684 3177/4015/1707 3166/3996/1780
f 3159/3989/1661 3165/3995/1581 3176/4012/1786
f 3165/3995/1581 3178/4017/1634 3176/4012/1786
f 3176/4012/1786 3178/4017/1634 3158/4014/1778
f 3178/4017/1634 3164/4018/1580 3158/4014/1778
f 3178/4017/1634 3165/3995/1581 3109/3928/1787
f 3165/3995/1581 3083/3895/1781 3109/3928/1787
f 3164/4018/1580 3178/4017/1634 3082/3927/1586
f 3178/4017/1634 3109/3928/1787 3082/3927/1586
f 3167/4016/1583 3085/3930/1521 3177/4015/1707
f 3085/3930/1521 3110/3929/1550 3177/4015/1707
f 3177/4015/1707 3110/3929/1550 3166/3996/1780
f 3110/3929/1550 3084/3896/1756 3166/3996/1780
f 3179/4019/1709 3180/4020/1788 3181/4021/1789
f 3180/4020/1788 3182/4022/1790 3181/4021/1789
f 3181/4021/1789 3182/4022/1790 3183/4023/1491
f 3182/4022/1790 3184/4024/1640 3183/4023/1491
f 3185/4025/1680 3186/4026/1494 3187/4027/1791
f 3186/4026/1494 3188/4028/1792 3187/4027/1791
f 3189/4029/1497 3185/4025/1680 3190/4030/1606
f 3185/4025/1680 3187/4027/1791 3190/4030/1606
f 3191/4031/1499 3192/4032/1500 3193/4033/1793
f 3192/4032/1500 3194/4034/1794 3193/4033/1793
f 3193/4033/1793 3194/4034/1794 3195/4035/1647
f 3194/4034/1794 3196/4036/1504 3195/4035/1647
f 3197/4037/1716 3179/4038/1709 3198/4039/1506
f 3179/4038/1709 3199/4040/1507 3198/4039/1506
f 3200/4041/1652 3189/4042/1497 3201/4043/1769
f 3189/4042/1497 3190/4044/1606 3201/4043/1769
f 3202/4045/1795 3180/4046/1788 3197/4037/1716
f 3180/4046/1788 3179/4038/1709 3197/4037/1716
f 3202/4045/1795 3203/4047/1511 3180/4046/1788
f 3203/4047/1511 3204/4048/1720 3180/4046/1788
f 3184/4024/1640 3205/4049/1796 3188/4028/1792
f 3205/4049/1796 3206/4050/1741 3188/4028/1792
f 3190/4044/1606 3207/4051/1573 3201/4043/1769
f 3207/4051/1573 3208/4052/1687 3201/4043/1769
f 3203/4047/1511 3209/4053/1517 3204/4048/1720
f 3209/4053/1517 3210/4054/1518 3204/4048/1720
f 3205/4049/1796 3211/4055/1519 3206/4050/1741
f 3211/4055/1519 3212/4056/1688 3206/4050/1741
f 3207/4051/1573 3213/4057/1773 3208/4052/1687
f 3213/4057/1773 3214/4058/1774 3208/4052/1687
f 3215/4059/1474 3216/4060/1523 3217/4061/1432
f 3216/4060/1523 3218/4062/1617 3217/4061/1432
f 3216/4060/1523 3198/4039/1506 3218/4062/1617
f 3198/4039/1506 3199/4040/1507 3218/4062/1617
f 3200/4041/1652 3219/4063/1525 3189/4042/1497
f 3219/4063/1525 3191/4064/1499 3189/4042/1497
f 3219/4063/1525 3220/4065/1526 3191/4064/1499
f 3220/4065/1526 3192/4066/1500 3191/4064/1499
f 3221/4067/1797 3215/4059/1474 3222/4068/1798
f 3215/4059/1474 3217/4061/1432 3222/4068/1798
f 3196/4036/1504 3223/4069/1661 3195/4035/1647
f 3223/4069/1661 3224/4070/1530 3195/4035/1647
f 3224/4070/1530 3225/4071/1577 3195/4035/1647
f 3195/4035/1647 3225/4071/1577 3186/4026/1494
f 3186/4026/1494 3225/4071/1577 3188/4028/1792
f 3225/4071/1577 3226/4072/1578 3188/4028/1792
f 3226/4072/1578 3183/4023/1491 3188/4028/1792
f 3188/4028/1792 3183/4023/1491 3184/4024/1640
f 3221/4067/1797 3222/4068/1798 3227/4073/1624
f 3222/4068/1798 3228/4074/1799 3227/4073/1624
f 3223/4069/1661 3196/4036/1504 3229/4075/1696
f 3196/4036/1504 3230/4076/1800 3229/4075/1696
f 3192/4066/1500 3220/4065/1526 3231/4077/1801
f 3220/4065/1526 3232/4078/1584 3231/4077/1801
f 3227/4073/1624 3228/4074/1799 3145/3973/1753
f 3228/4074/1799 3146/3974/1754 3145/3973/1753
f 3229/4075/1696 3230/4076/1800 3147/3975/1781
f 3230/4076/1800 3148/3976/1802 3147/3975/1781
f 3231/4077/1801 3232/4078/1584 3149/3977/1657
f 3232/4078/1584 3150/3978/1658 3149/3977/1657
f 3183/4023/1491 3226/4072/1578 3181/4021/1789
f 3226/4072/1578 3233/4079/1782 3181/4021/1789
f 3181/4021/1789 3233/4079/1782 3179/4019/1709
f 3233/4079/1782 3199/4080/1507 3179/4019/1709
f 3226/4072/1578 3225/4071/1577 3233/4079/1782
f 3225/4071/1577 3234/4081/1803 3233/4079/1782
f 3233/4079/1782 3234/4081/1803 3199/4080/1507
f 3234/4081/1803 3218/4082/1617 3199/4080/1507
f 3188/4028/1792 3206/4050/1741 3187/4027/1791
f 3206/4050/1741 3235/4083/1702 3187/4027/1791
f 3187/4027/1791 3235/4083/1702 3190/4030/1606
f 3235/4083/1702 3207/4084/1573 3190/4030/1606
f 3182/4022/1790 3180/4020/1788 3236/4085/1804
f 3180/4020/1788 3204/4086/1720 3236/4085/1804
f 3184/4024/1640 3182/4022/1790 3205/4049/1796
f 3182/4022/1790 3236/4085/1804 3205/4049/1796
f 3204/4086/1720 3210/4087/1518 3236/4085/1804
f 3210/4087/1518 3237/4088/1549 3236/4085/1804
f 3236/4085/1804 3237/4088/1549 3205/4049/1796
f 3237/4088/1549 3211/4055/1519 3205/4049/1796
f 3235/4083/1702 3206/4050/1741 3238/4089/1704
f 3206/4050/1741 3212/4056/1688 3238/4089/1704
f 3207/4084/1573 3235/4083/1702 3213/4090/1773
f 3235/4083/1702 3238/4089/1704 3213/4090/1773
f 3239/4091/1805 3224/4070/1530 3240/4092/1806
f 3224/4070/1530 3223/4069/1661 3240/4092/1806
f 3217/4093/1432 3239/4091/1805 3222/4094/1798
f 3239/4091/1805 3240/4092/1806 3222/4094/1798
f 3239/4091/1805 3217/4093/1432 3234/4081/1803
f 3217/4093/1432 3218/4082/1617 3234/4081/1803
f 3224/4070/1530 3239/4091/1805 3225/4071/1577
f 3239/4091/1805 3234/4081/1803 3225/4071/1577
f 3189/4029/1497 3191/4031/1499 3185/4025/1680
f 3191/4031/1499 3193/4033/1793 3185/4025/1680
f 3185/4025/1680 3193/4033/1793 3186/4026/1494
f 3193/4033/1793 3195/4035/1647 3186/4026/1494
f 3194/4034/1794 3192/4032/1500 3241/4095/1807
f 3192/4032/1500 3231/4096/1801 3241/4095/1807
f 3196/4036/1504 3194/4034/1794 3230/4076/1800
f 3194/4034/1794 3241/4095/1807 3230/4076/1800
f 3223/4069/1661 3229/4075/1696 3240/4092/1806
f 3229/4075/1696 3242/4097/1708 3240/4092/1806
f 3240/4092/1806 3242/4097/1708 3222/4094/1798
f 3242/4097/1708 3228/4098/1799 3222/4094/1798
f 3242/4097/1708 3229/4075/1696 3173/4008/1808
f 3229/4075/1696 3147/3975/1781 3173/4008/1808
f 3228/4098/1799 3242/4097/1708 3146/4007/1754
f 3242/4097/1708 3173/4008/1808 3146/4007/1754
f 3231/4096/1801 3149/4010/1657 3241/4095/1807
f 3149/4010/1657 3174/4009/1704 3241/4095/1807
f 3241/4095/1807 3174/4009/1704 3230/4076/1800
f 3174/4009/1704 3148/3976/1802 3230/4076/1800
f 3243/4099/1709 3244/4100/1637 3245/4101/1809
f 3244/4100/1637 3246/4102/1810 3245/4101/1809
f 3245/4101/1809 3246/4102/1810 3247/4103/1491
f 3246/4102/1810 3248/4104/1492 3247/4103/1491
f 3249/4105/1811 3250/4106/1681 3251/4107/1812
f 3250/4106/1681 3252/4108/1496 3251/4107/1812
f 3253/4109/1813 3249/4105/1811 3254/4110/1814
f 3249/4105/1811 3251/4107/1812 3254/4110/1814
f 3255/4111/1499 3256/4112/1500 3257/4113/1645
f 3256/4112/1500 3258/4114/1684 3257/4113/1645
f 3257/4113/1645 3258/4114/1684 3259/4115/1647
f 3258/4114/1684 3260/4116/1648 3259/4115/1647
f 3261/4117/1716 3243/4118/1709 3262/4119/1506
f 3243/4118/1709 3263/4120/1507 3262/4119/1506
f 3264/4121/1611 3253/4122/1813 3265/4123/1815
f 3253/4122/1813 3254/4124/1814 3265/4123/1815
f 3266/4125/1653 3244/4126/1637 3261/4117/1716
f 3244/4126/1637 3243/4118/1709 3261/4117/1716
f 3266/4125/1653 3267/4127/1816 3244/4126/1637
f 3267/4127/1816 3268/4128/1817 3244/4126/1637
f 3248/4104/1492 3269/4129/1740 3252/4108/1496
f 3269/4129/1740 3270/4130/1655 3252/4108/1496
f 3254/4124/1814 3271/4131/1573 3265/4123/1815
f 3271/4131/1573 3272/4132/1516 3265/4123/1815
f 3267/4127/1816 3273/4133/1517 3268/4128/1817
f 3273/4133/1517 3274/4134/1518 3268/4128/1817
f 3269/4129/1740 3275/4135/1723 3270/4130/1655
f 3275/4135/1723 3276/4136/1656 3270/4130/1655
f 3271/4131/1573 3277/4137/1657 3272/4132/1516
f 3277/4137/1657 3278/4138/1658 3272/4132/1516
f 3279/4139/1818 3280/4140/1523 3281/4141/1690
f 3280/4140/1523 3282/4142/1524 3281/4141/1690
f 3280/4140/1523 3262/4119/1506 3282/4142/1524
f 3262/4119/1506 3263/4120/1507 3282/4142/1524
f 3264/4121/1611 3283/4143/1525 3253/4122/1813
f 3283/4143/1525 3255/4144/1499 3253/4122/1813
f 3283/4143/1525 3284/4145/1526 3255/4144/1499
f 3284/4145/1526 3256/4146/1500 3255/4144/1499
f 3285/4147/1819 3279/4139/1818 3286/4148/1820
f 3279/4139/1818 3281/4141/1690 3286/4148/1820
f 3260/4116/1648 3287/4149/1693 3259/4115/1647
f 3287/4149/1693 3288/4150/1530 3259/4115/1647
f 3288/4150/1530 3289/4151/1531 3259/4115/1647
f 3259/4115/1647 3289/4151/1531 3250/4106/1681
f 3250/4106/1681 3289/4151/1531 3252/4108/1496
f 3289/4151/1531 3290/4152/1578 3252/4108/1496
f 3290/4152/1578 3247/4103/1491 3252/4108/1496
f 3252/4108/1496 3247/4103/1491 3248/4104/1492
f 3285/4147/1819 3286/4148/1820 3291/4153/1695
f 3286/4148/1820 3292/4154/1580 3291/4153/1695
f 3287/4149/1693 3260/4116/1648 3293/4155/1821
f 3260/4116/1648 3294/4156/1664 3293/4155/1821
f 3256/4146/1500 3284/4145/1526 3295/4157/1801
f 3284/4145/1526 3296/4158/1584 3295/4157/1801
f 3291/4153/1695 3292/4154/1580 3209/4053/1626
f 3292/4154/1580 3210/4054/1586 3209/4053/1626
f 3293/4155/1821 3294/4156/1664 3211/4055/1781
f 3294/4156/1664 3212/4056/1756 3211/4055/1781
f 3295/4157/1801 3296/4158/1584 3213/4057/1657
f 3296/4158/1584 3214/4058/1658 3213/4057/1657
f 3247/4103/1491 3290/4152/1578 3245/4101/1809
f 3290/4152/1578 3297/4159/1782 3245/4101/1809
f 3245/4101/1809 3297/4159/1782 3243/4099/1709
f 3297/4159/1782 3263/4160/1507 3243/4099/1709
f 3290/4152/1578 3289/4151/1531 3297/4159/1782
f 3289/4151/1531 3298/4161/1822 3297/4159/1782
f 3297/4159/1782 3298/4161/1822 3263/4160/1507
f 3298/4161/1822 3282/4162/1524 3263/4160/1507
f 3252/4108/1496 3270/4130/1655 3251/4107/1812
f 3270/4130/1655 3299/4163/1823 3251/4107/1812
f 3251/4107/1812 3299/4163/1823 3254/4110/1814
f 3299/4163/1823 3271/4164/1573 3254/4110/1814
f 3246/4102/1810 3244/4100/1637 3300/4165/1824
f 3244/4100/1637 3268/4166/1817 3300/4165/1824
f 3248/4104/1492 3246/4102/1810 3269/4129/1740
f 3246/4102/1810 3300/4165/1824 3269/4129/1740
f 3268/4166/1817 3274/4167/1518 3300/4165/1824
f 3274/4167/1518 3301/4168/1670 3300/4165/1824
f 3300/4165/1824 3301/4168/1670 3269/4129/1740
f 3301/4168/1670 3275/4135/1723 3269/4129/1740
f 3299/4163/1823 3270/4130/1655 3302/4169/1550
f 3270/4130/1655 3276/4136/1656 3302/4169/1550
f 3271/4164/1573 3299/4163/1823 3277/4170/1657
f 3299/4163/1823 3302/4169/1550 3277/4170/1657
f 3303/4171/1825 3288/4150/1530 3304/4172/1826
f 3288/4150/1530 3287/4149/1693 3304/4172/1826
f 3281/4173/1690 3303/4171/1825 3286/4174/1820
f 3303/4171/1825 3304/4172/1826 3286/4174/1820
f 3303/4171/1825 3281/4173/1690 3298/4161/1822
f 3281/4173/1690 3282/4162/1524 3298/4161/1822
f 3288/4150/1530 3303/4171/1825 3289/4151/1531
f 3303/4171/1825 3298/4161/1822 3289/4151/1531
f 3253/4109/1813 3255/4111/1499 3249/4105/1811
f 3255/4111/1499 3257/4113/1645 3249/4105/1811
f 3249/4105/1811 3257/4113/1645 3250/4106/1681
f 3257/4113/1645 3259/4115/1647 3250/4106/1681
f 3258/4114/1684 3256/4112/1500 3305/4175/1707
f 3256/4112/1500 3295/4176/1801 3305/4175/1707
f 3260/4116/1648 3258/4114/1684 3294/4156/1664
f 3258/4114/1684 3305/4175/1707 3294/4156/1664
f 3287/4149/1693 3293/4155/1821 3304/4172/1826
f 3293/4155/1821 3306/4177/1827 3304/4172/1826
f 3304/4172/1826 3306/4177/1827 3286/4174/1820
f 3306/4177/1827 3292/4178/1580 3286/4174/1820
f 3306/4177/1827 3293/4155/1821 3237/4088/1828
f 3293/4155/1821 3211/4055/1781 3237/4088/1828
f 3292/4178/1580 3306/4177/1827 3210/4087/1586
f 3306/4177/1827 3237/4088/1828 3210/4087/1586
f 3295/4176/1801 3213/4090/1657 3305/4175/1707
f 3213/4090/1657 3238/4089/1635 3305/4175/1707
f 3305/4175/1707 3238/4089/1635 3294/4156/1664
f 3238/4089/1635 3212/4056/1756 3294/4156/1664
f 3307/4179/1636 3308/4180/1710 3309/4181/1829
f 3308/4180/1710 3310/4182/1830 3309/4181/1829
f 3309/4181/1829 3310/4182/1830 3311/4183/1766
f 3310/4182/1830 3312/4184/1640 3311/4183/1766
f 3313/4185/1831 3314/4186/1494 3315/4187/1832
f 3314/4186/1494 3316/4188/1792 3315/4187/1832
f 3317/4189/1813 3313/4185/1831 3318/4190/1498
f 3313/4185/1831 3315/4187/1832 3318/4190/1498
f 3319/4191/1499 3320/4192/1500 3321/4193/1833
f 3320/4192/1500 3322/4194/1794 3321/4193/1833
f 3321/4193/1833 3322/4194/1794 3323/4195/1647
f 3322/4194/1794 3324/4196/1768 3323/4195/1647
f 3325/4197/1649 3307/4198/1636 3326/4199/1506
f 3307/4198/1636 3327/4200/1507 3326/4199/1506
f 3328/4201/1611 3317/4202/1813 3329/4203/1685
f 3317/4202/1813 3318/4204/1498 3329/4203/1685
f 3330/4205/1686 3308/4206/1710 3325/4197/1649
f 3308/4206/1710 3307/4198/1636 3325/4197/1649
f 3330/4205/1686 3331/4207/1834 3308/4206/1710
f 3331/4207/1834 3332/4208/1817 3308/4206/1710
f 3312/4184/1640 3333/4209/1796 3316/4188/1792
f 3333/4209/1796 3334/4210/1741 3316/4188/1792
f 3318/4204/1498 3335/4211/1835 3329/4203/1685
f 3335/4211/1835 3336/4212/1836 3329/4203/1685
f 3331/4207/1834 3337/4213/1837 3332/4208/1817
f 3337/4213/1837 3338/4214/1838 3332/4208/1817
f 3333/4209/1796 3339/4215/1519 3334/4210/1741
f 3339/4215/1519 3340/4216/1688 3334/4210/1741
f 3335/4211/1835 3341/4217/1657 3336/4212/1836
f 3341/4217/1657 3342/4218/1658 3336/4212/1836
f 3343/4219/1474 3344/4220/1523 3345/4221/1745
f 3344/4220/1523 3346/4222/1776 3345/4221/1745
f 3344/4220/1523 3326/4199/1506 3346/4222/1776
f 3326/4199/1506 3327/4200/1507 3346/4222/1776
f 3328/4201/1611 3347/4223/1525 3317/4202/1813
f 3347/4223/1525 3319/4224/1499 3317/4202/1813
f 3347/4223/1525 3348/4225/1526 3319/4224/1499
f 3348/4225/1526 3320/4226/1500 3319/4224/1499
f 3349/4227/1839 3343/4219/1474 3350/4228/1840
f 3343/4219/1474 3345/4221/1745 3350/4228/1840
f 3324/4196/1768 3351/4229/1661 3323/4195/1647
f 3351/4229/1661 3352/4230/1530 3323/4195/1647
f 3352/4230/1530 3353/4231/1531 3323/4195/1647
f 3323/4195/1647 3353/4231/1531 3314/4186/1494
f 3314/4186/1494 3353/4231/1531 3316/4188/1792
f 3353/4231/1531 3354/4232/1663 3316/4188/1792
f 3354/4232/1663 3311/4183/1766 3316/4188/1792
f 3316/4188/1792 3311/4183/1766 3312/4184/1640
f 3349/4227/1839 3350/4228/1840 3355/4233/1841
f 3350/4228/1840 3356/4234/1842 3355/4233/1841
f 3351/4229/1661 3324/4196/1768 3357/4235/1843
f 3324/4196/1768 3358/4236/1800 3357/4235/1843
f 3320/4226/1500 3348/4225/1526 3359/4237/1801
f 3348/4225/1526 3360/4238/1584 3359/4237/1801
f 3355/4233/1841 3356/4234/1842 3273/4133/1626
f 3356/4234/1842 3274/4134/1586 3273/4133/1626
f 3357/4235/1843 3358/4236/1800 3275/4135/1755
f 3358/4236/1800 3276/4136/1802 3275/4135/1755
f 3359/4237/1801 3360/4238/1584 3277/4137/1657
f 3360/4238/1584 3278/4138/1658 3277/4137/1657
f 3311/4183/1766 3354/4232/1663 3309/4181/1829
f 3354/4232/1663 3361/4239/1844 3309/4181/1829
f 3309/4181/1829 3361/4239/1844 3307/4179/1636
f 3361/4239/1844 3327/4240/1507 3307/4179/1636
f 3354/4232/1663 3353/4231/1531 3361/4239/1844
f 3353/4231/1531 3362/4241/1845 3361/4239/1844
f 3361/4239/1844 3362/4241/1845 3327/4240/1507
f 3362/4241/1845 3346/4242/1776 3327/4240/1507
f 3316/4188/1792 3334/4210/1741 3315/4187/1832
f 3334/4210/1741 3363/4243/1591 3315/4187/1832
f 3315/4187/1832 3363/4243/1591 3318/4190/1498
f 3363/4243/1591 3335/4244/1835 3318/4190/1498
f 3310/4182/1830 3308/4180/1710 3364/4245/1846
f 3308/4180/1710 3332/4246/1817 3364/4245/1846
f 3312/4184/1640 3310/4182/1830 3333/4209/1796
f 3310/4182/1830 3364/4245/1846 3333/4209/1796
f 3332/4246/1817 3338/4247/1838 3364/4245/1846
f 3338/4247/1838 3365/4248/1784 3364/4245/1846
f 3364/4245/1846 3365/4248/1784 3333/4209/1796
f 3365/4248/1784 3339/4215/1519 3333/4209/1796
f 3363/4243/1591 3334/4210/1741 3366/4249/1704
f 3334/4210/1741 3340/4216/1688 3366/4249/1704
f 3335/4244/1835 3363/4243/1591 3341/4250/1657
f 3363/4243/1591 3366/4249/1704 3341/4250/1657
f 3367/4251/1847 3352/4230/1530 3368/4252/1848
f 3352/4230/1530 3351/4229/1661 3368/4252/1848
f 3345/4253/1745 3367/4251/1847 3350/4254/1840
f 3367/4251/1847 3368/4252/1848 3350/4254/1840
f 3367/4251/1847 3345/4253/1745 3362/4241/1845
f 3345/4253/1745 3346/4242/1776 3362/4241/1845
f 3352/4230/1530 3367/4251/1847 3353/4231/1531
f 3367/4251/1847 3362/4241/1845 3353/4231/1531
f 3317/4189/1813 3319/4191/1499 3313/4185/1831
f 3319/4191/1499 3321/4193/1833 3313/4185/1831
f 3313/4185/1831 3321/4193/1833 3314/4186/1494
f 3321/4193/1833 3323/4195/1647 3314/4186/1494
f 3322/4194/1794 3320/4192/1500 3369/4255/1807
f 3320/4192/1500 3359/4256/1801 3369/4255/1807
f 3324/4196/1768 3322/4194/1794 3358/4236/1800
f 3322/4194/1794 3369/4255/1807 3358/4236/1800
f 3351/4229/1661 3357/4235/1843 3368/4252/1848
f 3357/4235/1843 3370/4257/1708 3368/4252/1848
f 3368/4252/1848 3370/4257/1708 3350/4254/1840
f 3370/4257/1708 3356/4258/1842 3350/4254/1840
f 3370/4257/1708 3357/4235/1843 3301/4168/1808
f 3357/4235/1843 3275/4135/1755 3301/4168/1808
f 3356/4258/1842 3370/4257/1708 3274/4167/1586
f 3370/4257/1708 3301/4168/1808 3274/4167/1586
f 3359/4256/1801 3277/4170/1657 3369/4255/1807
f 3277/4170/1657 3302/4169/1704 3369/4255/1807
f 3369/4255/1807 3302/4169/1704 3358/4236/1800
f 3302/4169/1704 3276/4136/1802 3358/4236/1800
f 3371/4259/1709 3372/4260/1849 3373/4261/1850
f 3372/4260/1849 3374/4262/1810 3373/4261/1850
f 3373/4261/1850 3374/4262/1810 3375/4263/1491
f 3374/4262/1810 3376/4264/1640 3375/4263/1491
f 3377/4265/1811 3378/4266/1494 3379/4267/1851
f 3378/4266/1494 3380/4268/1496 3379/4267/1851
f 3381/4269/1852 3377/4265/1811 3382/4270/1853
f 3377/4265/1811 3379/4267/1851 3382/4270/1853
f 3383/4271/1499 3384/4272/1465 3385/4273/1854
f 3384/4272/1465 3386/4274/1855 3385/4273/1854
f 3385/4273/1854 3386/4274/1855 3387/4275/1647
f 3386/4274/1855 3388/4276/1504 3387/4275/1647
f 3389/4277/1716 3371/4278/1709 3390/4279/1506
f 3371/4278/1709 3391/4280/1507 3390/4279/1506
f 3392/4281/1652 3381/4282/1852 3393/4283/1685
f 3381/4282/1852 3382/4284/1853 3393/4283/1685
f 3394/4285/1856 3372/4286/1849 3389/4277/1716
f 3372/4286/1849 3371/4278/1709 3389/4277/1716
f 3394/4285/1856 3395/4287/1511 3372/4286/1849
f 3395/4287/1511 3396/4288/1512 3372/4286/1849
f 3376/4264/1640 3397/4289/1796 3380/4268/1496
f 3397/4289/1796 3398/4290/1572 3380/4268/1496
f 3382/4284/1853 3399/4291/1515 3393/4283/1685
f 3399/4291/1515 3400/4292/1836 3393/4283/1685
f 3395/4287/1511 3401/4293/1857 3396/4288/1512
f 3401/4293/1857 3402/4294/1575 3396/4288/1512
f 3397/4289/1796 3403/4295/1723 3398/4290/1572
f 3403/4295/1723 3404/4296/1656 3398/4290/1572
f 3399/4291/1515 3405/4297/1657 3400/4292/1836
f 3405/4297/1657 3406/4298/1658 3400/4292/1836
f 3407/4299/1818 3408/4300/1724 3409/4301/1690
f 3408/4300/1724 3410/4302/1776 3409/4301/1690
f 3408/4300/1724 3390/4279/1506 3410/4302/1776
f 3390/4279/1506 3391/4280/1507 3410/4302/1776
f 3392/4281/1652 3411/4303/1525 3381/4282/1852
f 3411/4303/1525 3383/4304/1499 3381/4282/1852
f 3411/4303/1525 3412/4305/1858 3383/4304/1499
f 3412/4305/1858 3384/4306/1465 3383/4304/1499
f 3413/4307/1859 3407/4299/1818 3414/4308/1860
f 3407/4299/1818 3409/4301/1690 3414/4308/1860
f 3388/4276/1504 3415/4309/1693 3387/4275/1647
f 3415/4309/1693 3416/4310/1530 3387/4275/1647
f 3416/4310/1530 3417/4311/1531 3387/4275/1647
f 3387/4275/1647 3417/4311/1531 3378/4266/1494
f 3378/4266/1494 3417/4311/1531 3380/4268/1496
f 3417/4311/1531 3418/4312/1532 3380/4268/1496
f 3418/4312/1532 3375/4263/1491 3380/4268/1496
f 3380/4268/1496 3375/4263/1491 3376/4264/1640
f 3413/4307/1859 3414/4308/1860 3419/4313/1695
f 3414/4308/1860 3420/4314/1861 3419/4313/1695
f 3415/4309/1693 3388/4276/1504 3421/4315/1821
f 3388/4276/1504 3422/4316/1664 3421/4315/1821
f 3384/4306/1465 3412/4305/1858 3423/4317/1801
f 3412/4305/1858 3424/4318/1584 3423/4317/1801
f 3419/4313/1695 3420/4314/1861 3337/4213/1753
f 3420/4314/1861 3338/4214/1754 3337/4213/1753
f 3421/4315/1821 3422/4316/1664 3339/4215/1781
f 3422/4316/1664 3340/4216/1756 3339/4215/1781
f 3423/4317/1801 3424/4318/1584 3341/4217/1657
f 3424/4318/1584 3342/4218/1658 3341/4217/1657
f 3375/4263/1491 3418/4312/1532 3373/4261/1850
f 3418/4312/1532 3425/4319/1782 3373/4261/1850
f 3373/4261/1850 3425/4319/1782 3371/4259/1709
f 3425/4319/1782 3391/4320/1507 3371/4259/1709
f 3418/4312/1532 3417/4311/1531 3425/4319/1782
f 3417/4311/1531 3426/4321/1862 3425/4319/1782
f 3425/4319/1782 3426/4321/1862 3391/4320/1507
f 3426/4321/1862 3410/4322/1776 3391/4320/1507
f 3380/4268/1496 3398/4290/1572 3379/4267/1851
f 3398/4290/1572 3427/4323/1668 3379/4267/1851
f 3379/4267/1851 3427/4323/1668 3382/4270/1853
f 3427/4323/1668 3399/4324/1515 3382/4270/1853
f 3374/4262/1810 3372/4260/1849 3428/4325/1824
f 3372/4260/1849 3396/4326/1512 3428/4325/1824
f 3376/4264/1640 3374/4262/1810 3397/4289/1796
f 3374/4262/1810 3428/4325/1824 3397/4289/1796
f 3396/4326/1512 3402/4327/1575 3428/4325/1824
f 3402/4327/1575 3429/4328/1670 3428/4325/1824
f 3428/4325/1824 3429/4328/1670 3397/4289/1796
f 3429/4328/1670 3403/4295/1723 3397/4289/1796
f 3427/4323/1668 3398/4290/1572 3430/4329/1635
f 3398/4290/1572 3404/4296/1656 3430/4329/1635
f 3399/4324/1515 3427/4323/1668 3405/4330/1657
f 3427/4323/1668 3430/4329/1635 3405/4330/1657
f 3431/4331/1863 3416/4310/1530 3432/4332/1864
f 3416/4310/1530 3415/4309/1693 3432/4332/1864
f 3409/4333/1690 3431/4331/1863 3414/4334/1860
f 3431/4331/1863 3432/4332/1864 3414/4334/1860
f 3431/4331/1863 3409/4333/1690 3426/4321/1862
f 3409/4333/1690 3410/4322/1776 3426/4321/1862
f 3416/4310/1530 3431/4331/1863 3417/4311/1531
f 3431/4331/1863 3426/4321/1862 3417/4311/1531
f 3381/4269/1852 3383/4271/1499 3377/4265/1811
f 3383/4271/1499 3385/4273/1854 3377/4265/1811
f 3377/4265/1811 3385/4273/1854 3378/4266/1494
f 3385/4273/1854 3387/4275/1647 3378/4266/1494
f 3386/4274/1855 3384/4272/1465 3433/4335/1707
f 3384/4272/1465 3423/4336/1801 3433/4335/1707
f 3388/4276/1504 3386/4274/1855 3422/4316/1664
f 3386/4274/1855 3433/4335/1707 3422/4316/1664
f 3415/4309/1693 3421/4315/1821 3432/4332/1864
f 3421/4315/1821 3434/4337/1827 3432/4332/1864
f 3432/4332/1864 3434/4337/1827 3414/4334/1860
f 3434/4337/1827 3420/4338/1861 3414/4334/1860
f 3434/4337/1827 3421/4315/1821 3365/4248/1865
f 3421/4315/1821 3339/4215/1781 3365/4248/1865
f 3420/4338/1861 3434/4337/1827 3338/4247/1754
f 3434/4337/1827 3365/4248/1865 3338/4247/1754
f 3423/4336/1801 3341/4250/1657 3433/4335/1707
f 3341/4250/1657 3366/4249/1550 3433/4335/1707
f 3433/4335/1707 3366/4249/1550 3422/4316/1664
f 3366/4249/1550 3340/4216/1756 3422/4316/1664
f 3435/4339/1866 3436/4340/1733 3437/4341/1867
f 3436/4340/1733 3438/4342/1868 3437/4341/1867
f 3437/4341/1867 3438/4342/1868 3439/4343/1869
f 3438/4342/1868 3440/4344/1561 3439/4343/1869
f 3441/4345/1870 3442/4346/1681 3443/4347/1871
f 3442/4346/1681 3444/4348/1714 3443/4347/1871
f 3445/4349/1852 3441/4345/1870 3446/4350/1606
f 3441/4345/1870 3443/4347/1871 3446/4350/1606
f 3447/4351/1499 3448/4352/1872 3449/4353/1645
f 3448/4352/1872 3450/4354/1873 3449/4353/1645
f 3449/4353/1645 3450/4354/1873 3451/4355/1874
f 3450/4354/1873 3452/4356/1648 3451/4355/1874
f 3453/4357/1875 3435/4358/1866 3454/4359/1876
f 3435/4358/1866 3455/4360/1718 3454/4359/1876
f 3456/4361/1652 3445/4362/1852 3457/4363/1509
f 3445/4362/1852 3446/4364/1606 3457/4363/1509
f 3458/4365/1877 3436/4366/1733 3453/4357/1875
f 3436/4366/1733 3435/4358/1866 3453/4357/1875
f 3458/4365/1877 3459/4367/1878 3436/4366/1733
f 3459/4367/1878 3460/4368/1879 3436/4366/1733
f 3440/4344/1561 3461/4369/1880 3444/4348/1714
f 3461/4369/1880 3462/4370/1741 3444/4348/1714
f 3446/4364/1606 3463/4371/1515 3457/4363/1509
f 3463/4371/1515 3464/4372/1836 3457/4363/1509
f 3459/4367/1878 3465/4373/1881 3460/4368/1879
f 3465/4373/1881 3466/4374/1518 3460/4368/1879
f 3461/4369/1880 3467/4375/1519 3462/4370/1741
f 3467/4375/1519 3468/4376/1688 3462/4370/1741
f 3463/4371/1515 3469/4377/1657 3464/4372/1836
f 3469/4377/1657 3470/4378/1658 3464/4372/1836
f 3471/4379/1474 3472/4380/1724 3473/4381/1432
f 3472/4380/1724 3474/4382/1524 3473/4381/1432
f 3472/4380/1724 3454/4359/1876 3474/4382/1524
f 3454/4359/1876 3455/4360/1718 3474/4382/1524
f 3456/4361/1652 3475/4383/1525 3445/4362/1852
f 3475/4383/1525 3447/4384/1499 3445/4362/1852
f 3475/4383/1525 3476/4385/1858 3447/4384/1499
f 3476/4385/1858 3448/4386/1872 3447/4384/1499
f 3477/4387/1882 3471/4379/1474 3478/4388/1883
f 3471/4379/1474 3473/4381/1432 3478/4388/1883
f 3452/4356/1648 3479/4389/1884 3451/4355/1874
f 3479/4389/1884 3480/4390/1576 3451/4355/1874
f 3480/4390/1576 3481/4391/1577 3451/4355/1874
f 3451/4355/1874 3481/4391/1577 3442/4346/1681
f 3442/4346/1681 3481/4391/1577 3444/4348/1714
f 3481/4391/1577 3482/4392/1578 3444/4348/1714
f 3482/4392/1578 3439/4343/1869 3444/4348/1714
f 3444/4348/1714 3439/4343/1869 3440/4344/1561
f 3477/4387/1882 3478/4388/1883 3483/4393/1695
f 3478/4388/1883 3484/4394/1580 3483/4393/1695
f 3479/4389/1884 3452/4356/1648 3485/4395/1843
f 3452/4356/1648 3486/4396/1800 3485/4395/1843
f 3448/4386/1872 3476/4385/1858 3487/4397/1885
f 3476/4385/1858 3488/4398/1886 3487/4397/1885
f 3483/4393/1695 3484/4394/1580 3401/4293/1626
f 3484/4394/1580 3402/4294/1586 3401/4293/1626
f 3485/4395/1843 3486/4396/1800 3403/4295/1755
f 3486/4396/1800 3404/4296/1802 3403/4295/1755
f 3487/4397/1885 3488/4398/1886 3405/4297/1657
f 3488/4398/1886 3406/4298/1658 3405/4297/1657
f 3439/4343/1869 3482/4392/1578 3437/4341/1867
f 3482/4392/1578 3489/4399/1844 3437/4341/1867
f 3437/4341/1867 3489/4399/1844 3435/4339/1866
f 3489/4399/1844 3455/4400/1718 3435/4339/1866
f 3482/4392/1578 3481/4391/1577 3489/4399/1844
f 3481/4391/1577 3490/4401/1887 3489/4399/1844
f 3489/4399/1844 3490/4401/1887 3455/4400/1718
f 3490/4401/1887 3474/4402/1524 3455/4400/1718
f 3444/4348/1714 3462/4370/1741 3443/4347/1871
f 3462/4370/1741 3491/4403/1591 3443/4347/1871
f 3443/4347/1871 3491/4403/1591 3446/4350/1606
f 3491/4403/1591 3463/4404/1515 3446/4350/1606
f 3438/4342/1868 3436/4340/1733 3492/4405/1804
f 3436/4340/1733 3460/4406/1879 3492/4405/1804
f 3440/4344/1561 3438/4342/1868 3461/4369/1880
f 3438/4342/1868 3492/4405/1804 3461/4369/1880
f 3460/4406/1879 3466/4407/1518 3492/4405/1804
f 3466/4407/1518 3493/4408/1784 3492/4405/1804
f 3492/4405/1804 3493/4408/1784 3461/4369/1880
f 3493/4408/1784 3467/4375/1519 3461/4369/1880
f 3491/4403/1591 3462/4370/1741 3494/4409/1704
f 3462/4370/1741 3468/4376/1688 3494/4409/1704
f 3463/4404/1515 3491/4403/1591 3469/4410/1657
f 3491/4403/1591 3494/4409/1704 3469/4410/1657
f 3495/4411/1888 3480/4390/1576 3496/4412/1889
f 3480/4390/1576 3479/4389/1884 3496/4412/1889
f 3473/4413/1432 3495/4411/1888 3478/4414/1883
f 3495/4411/1888 3496/4412/1889 3478/4414/1883
f 3495/4411/1888 3473/4413/1432 3490/4401/1887
f 3473/4413/1432 3474/4402/1524 3490/4401/1887
f 3480/4390/1576 3495/4411/1888 3481/4391/1577
f 3495/4411/1888 3490/4401/1887 3481/4391/1577
f 3445/4349/1852 3447/4351/1499 3441/4345/1870
f 3447/4351/1499 3449/4353/1645 3441/4345/1870
f 3441/4345/1870 3449/4353/1645 3442/4346/1681
f 3449/4353/1645 3451/4355/1874 3442/4346/1681
f 3450/4354/1873 3448/4352/1872 3497/4415/1807
f 3448/4352/1872 3487/4416/1885 3497/4415/1807
f 3452/4356/1648 3450/4354/1873 3486/4396/1800
f 3450/4354/1873 3497/4415/1807 3486/4396/1800
f 3479/4389/1884 3485/4395/1843 3496/4412/1889
f 3485/4395/1843 3498/4417/1634 3496/4412/1889
f 3496/4412/1889 3498/4417/1634 3478/4414/1883
f 3498/4417/1634 3484/4418/1580 3478/4414/1883
f 3498/4417/1634 3485/4395/1843 3429/4328/1865
f 3485/4395/1843 3403/4295/1755 3429/4328/1865
f 3484/4418/1580 3498/4417/1634 3402/4327/1586
f 3498/4417/1634 3429/4328/1865 3402/4327/1586
f 3487/4416/1885 3405/4330/1657 3497/4415/1807
f 3405/4330/1657 3430/4329/1704 3497/4415/1807
f 3497/4415/1807 3430/4329/1704 3486/4396/1800
f 3430/4329/1704 3404/4296/1802 3486/4396/1800
f 3499/4419/1709 3500/4420/1890 3501/4421/1558
f 3500/4420/1890 3502/4422/1891 3501/4421/1558
f 3501/4421/1558 3502/4422/1891 3503/4423/1491
f 3502/4422/1891 3504/4424/1561 3503/4423/1491
f 3505/4425/1811 3506/4426/1681 3507/4427/1812
f 3506/4426/1681 3508/4428/1892 3507/4427/1812
f 3509/4429/1497 3505/4425/1811 3510/4430/1606
f 3505/4425/1811 3507/4427/1812 3510/4430/1606
f 3511/4431/1499 3512/4432/1872 3513/4433/1893
f 3512/4432/1872 3514/4434/1894 3513/4433/1893
f 3513/4433/1893 3514/4434/1894 3515/4435/1647
f 3514/4434/1894 3516/4436/1648 3515/4435/1647
f 3517/4437/1716 3499/4438/1709 3518/4439/1506
f 3499/4438/1709 3519/4440/1507 3518/4439/1506
f 3520/4441/1652 3509/4442/1497 3521/4443/1719
f 3509/4442/1497 3510/4444/1606 3521/4443/1719
f 3522/4445/1895 3500/4446/1890 3517/4437/1716
f 3500/4446/1890 3499/4438/1709 3517/4437/1716
f 3522/4445/1895 3523/4447/1511 3500/4446/1890
f 3523/4447/1511 3524/4448/1512 3500/4446/1890
f 3504/4424/1561 3525/4449/1740 3508/4428/1892
f 3525/4449/1740 3526/4450/1655 3508/4428/1892
f 3510/4444/1606 3527/4451/1515 3521/4443/1719
f 3527/4451/1515 3528/4452/1836 3521/4443/1719
f 3523/4447/1511 3529/4453/1574 3524/4448/1512
f 3529/4453/1574 3530/4454/1575 3524/4448/1512
f 3525/4449/1740 3531/4455/1723 3526/4450/1655
f 3531/4455/1723 3532/4456/1656 3526/4450/1655
f 3527/4451/1515 3533/4457/1657 3528/4452/1836
f 3533/4457/1657 3534/4458/1658 3528/4452/1836
f 3535/4459/1775 3536/4460/1523 3537/4461/1896
f 3536/4460/1523 3538/4462/1659 3537/4461/1896
f 3536/4460/1523 3518/4439/1506 3538/4462/1659
f 3518/4439/1506 3519/4440/1507 3538/4462/1659
f 3520/4441/1652 3539/4463/1660 3509/4442/1497
f 3539/4463/1660 3511/4464/1499 3509/4442/1497
f 3539/4463/1660 3540/4465/1858 3511/4464/1499
f 3540/4465/1858 3512/4466/1872 3511/4464/1499
f 3541/4467/1777 3535/4459/1775 3542/4468/1748
f 3535/4459/1775 3537/4461/1896 3542/4468/1748
f 3516/4436/1648 3543/4469/1884 3515/4435/1647
f 3543/4469/1884 3544/4470/1530 3515/4435/1647
f 3544/4470/1530 3545/4471/1577 3515/4435/1647
f 3515/4435/1647 3545/4471/1577 3506/4426/1681
f 3506/4426/1681 3545/4471/1577 3508/4428/1892
f 3545/4471/1577 3546/4472/1578 3508/4428/1892
f 3546/4472/1578 3503/4423/1491 3508/4428/1892
f 3508/4428/1892 3503/4423/1491 3504/4424/1561
f 3541/4467/1777 3542/4468/1748 3547/4473/1624
f 3542/4468/1748 3548/4474/1799 3547/4473/1624
f 3543/4469/1884 3516/4436/1648 3549/4475/1727
f 3516/4436/1648 3550/4476/1664 3549/4475/1727
f 3512/4466/1872 3540/4465/1858 3551/4477/1583
f 3540/4465/1858 3552/4478/1897 3551/4477/1583
f 3547/4473/1624 3548/4474/1799 3465/4373/1753
f 3548/4474/1799 3466/4374/1754 3465/4373/1753
f 3549/4475/1727 3550/4476/1664 3467/4375/1781
f 3550/4476/1664 3468/4376/1756 3467/4375/1781
f 3551/4477/1583 3552/4478/1897 3469/4377/1657
f 3552/4478/1897 3470/4378/1658 3469/4377/1657
f 3503/4423/1491 3546/4472/1578 3501/4421/1558
f 3546/4472/1578 3553/4479/1844 3501/4421/1558
f 3501/4421/1558 3553/4479/1844 3499/4419/1709
f 3553/4479/1844 3519/4480/1507 3499/4419/1709
f 3546/4472/1578 3545/4471/1577 3553/4479/1844
f 3545/4471/1577 3554/4481/1898 3553/4479/1844
f 3553/4479/1844 3554/4481/1898 3519/4480/1507
f 3554/4481/1898 3538/4482/1659 3519/4480/1507
f 3508/4428/1892 3526/4450/1655 3507/4427/1812
f 3526/4450/1655 3555/4483/1823 3507/4427/1812
f 3507/4427/1812 3555/4483/1823 3510/4430/1606
f 3555/4483/1823 3527/4484/1515 3510/4430/1606
f 3502/4422/1891 3500/4420/1890 3556/4485/1548
f 3500/4420/1890 3524/4486/1512 3556/4485/1548
f 3504/4424/1561 3502/4422/1891 3525/4449/1740
f 3502/4422/1891 3556/4485/1548 3525/4449/1740
f 3524/4486/1512 3530/4487/1575 3556/4485/1548
f 3530/4487/1575 3557/4488/1784 3556/4485/1548
f 3556/4485/1548 3557/4488/1784 3525/4449/1740
f 3557/4488/1784 3531/4455/1723 3525/4449/1740
f 3555/4483/1823 3526/4450/1655 3558/4489/1550
f 3526/4450/1655 3532/4456/1656 3558/4489/1550
f 3527/4484/1515 3555/4483/1823 3533/4490/1657
f 3555/4483/1823 3558/4489/1550 3533/4490/1657
f 3559/4491/1899 3544/4470/1530 3560/4492/1864
f 3544/4470/1530 3543/4469/1884 3560/4492/1864
f 3537/4493/1896 3559/4491/1899 3542/4494/1748
f 3559/4491/1899 3560/4492/1864 3542/4494/1748
f 3559/4491/1899 3537/4493/1896 3554/4481/1898
f 3537/4493/1896 3538/4482/1659 3554/4481/1898
f 3544/4470/1530 3559/4491/1899 3545/4471/1577
f 3559/4491/1899 3554/4481/1898 3545/4471/1577
f 3509/4429/1497 3511/4431/1499 3505/4425/1811
f 3511/4431/1499 3513/4433/1893 3505/4425/1811
f 3505/4425/1811 3513/4433/1893 3506/4426/1681
f 3513/4433/1893 3515/4435/1647 3506/4426/1681
f 3514/4434/1894 3512/4432/1872 3561/4495/1707
f 3512/4432/1872 3551/4496/1583 3561/4495/1707
f 3516/4436/1648 3514/4434/1894 3550/4476/1664
f 3514/4434/1894 3561/4495/1707 3550/4476/1664
f 3543/4469/1884 3549/4475/1727 3560/4492/1864
f 3549/4475/1727 3562/4497/1708 3560/4492/1864
f 3560/4492/1864 3562/4497/1708 3542/4494/1748
f 3562/4497/1708 3548/4498/1799 3542/4494/1748
f 3562/4497/1708 3549/4475/1727 3493/4408/1808
f 3549/4475/1727 3467/4375/1781 3493/4408/1808
f 3548/4498/1799 3562/4497/1708 3466/4407/1754
f 3562/4497/1708 3493/4408/1808 3466/4407/1754
f 3551/4496/1583 3469/4410/1657 3561/4495/1707
f 3469/4410/1657 3494/4409/1550 3561/4495/1707
f 3561/4495/1707 3494/4409/1550 3550/4476/1664
f 3494/4409/1550 3468/4376/1756 3550/4476/1664
f 3563/4499/1709 3564/4500/1900 3565/4501/1901
f 3564/4500/1900 3566/4502/1902 3565/4501/1901
f 3565/4501/1901 3566/4502/1902 3567/4503/1679
f 3566/4502/1902 3568/4504/1561 3567/4503/1679
f 3569/4505/1903 3570/4506/1681 3571/4507/1904
f 3570/4506/1681 3572/4508/1714 3571/4507/1904
f 3573/4509/1905 3569/4505/1903 3574/4510/1906
f 3569/4505/1903 3571/4507/1904 3574/4510/1906
f 3575/4511/1907 3576/4512/1908 3577/4513/1909
f 3576/4512/1908 3578/4514/1910 3577/4513/1909
f 3577/4513/1909 3578/4514/1910 3579/4515/1647
f 3578/4514/1910 3580/4516/1648 3579/4515/1647
f 3581/4517/1716 3563/4518/1709 3582/4519/1911
f 3563/4518/1709 3583/4520/1912 3582/4519/1911
f 3584/4521/1913 3573/4522/1905 3585/4523/1914
f 3573/4522/1905 3574/4524/1906 3585/4523/1914
f 3586/4525/1915 3564/4526/1900 3581/4517/1716
f 3564/4526/1900 3563/4518/1709 3581/4517/1716
f 3586/4525/1915 3587/4527/1916 3564/4526/1900
f 3587/4527/1916 3588/4528/1917 3564/4526/1900
f 3568/4504/1561 3589/4529/1918 3572/4508/1714
f 3589/4529/1918 3590/4530/1919 3572/4508/1714
f 3574/4524/1906 3591/4531/1920 3585/4523/1914
f 3591/4531/1920 3592/4532/1429 3585/4523/1914
f 3587/4527/1916 2665/3375/1921 3588/4528/1917
f 2665/3375/1921 2649/3376/1922 3588/4528/1917
f 3589/4529/1918 2627/3323/1923 3590/4530/1919
f 2627/3323/1923 2628/3324/1924 3590/4530/1919
f 3591/4531/1920 2652/3377/1925 3592/4532/1429
f 2652/3377/1925 2666/3378/1926 3592/4532/1429
f 3593/4533/1927 3594/4534/1523 3595/4535/1928
f 3594/4534/1523 3596/4536/1776 3595/4535/1928
f 3594/4534/1523 3582/4519/1911 3596/4536/1776
f 3582/4519/1911 3583/4520/1912 3596/4536/1776
f 3584/4521/1913 3597/4537/1929 3573/4522/1905
f 3597/4537/1929 3575/4538/1907 3573/4522/1905
f 3597/4537/1929 3598/4539/1526 3575/4538/1907
f 3598/4539/1526 3576/4540/1908 3575/4538/1907
f 3599/4541/1930 3593/4533/1927 3600/4542/1798
f 3593/4533/1927 3595/4535/1928 3600/4542/1798
f 3580/4516/1648 3601/4543/1884 3579/4515/1647
f 3601/4543/1884 3602/4544/1694 3579/4515/1647
f 3602/4544/1694 3603/4545/1577 3579/4515/1647
f 3579/4515/1647 3603/4545/1577 3570/4506/1681
f 3570/4506/1681 3603/4545/1577 3572/4508/1714
f 3603/4545/1577 3604/4546/1578 3572/4508/1714
f 3604/4546/1578 3567/4503/1679 3572/4508/1714
f 3572/4508/1714 3567/4503/1679 3568/4504/1561
f 3599/4541/1930 3600/4542/1798 3605/4547/1624
f 3600/4542/1798 3606/4548/1799 3605/4547/1624
f 3601/4543/1884 3580/4516/1648 3607/4549/1931
f 3580/4516/1648 3608/4550/1800 3607/4549/1931
f 3576/4540/1908 3598/4539/1526 3609/4551/1885
f 3598/4539/1526 3610/4552/1886 3609/4551/1885
f 3605/4547/1624 3606/4548/1799 3529/4453/1753
f 3606/4548/1799 3530/4454/1754 3529/4453/1753
f 3607/4549/1931 3608/4550/1800 3531/4455/1781
f 3608/4550/1800 3532/4456/1802 3531/4455/1781
f 3609/4551/1885 3610/4552/1886 3533/4457/1773
f 3610/4552/1886 3534/4458/1774 3533/4457/1773
f 3567/4503/1679 3604/4546/1578 3565/4501/1901
f 3604/4546/1578 3611/4553/1932 3565/4501/1901
f 3565/4501/1901 3611/4553/1932 3563/4499/1709
f 3611/4553/1932 3583/4554/1912 3563/4499/1709
f 3604/4546/1578 3603/4545/1577 3611/4553/1932
f 3603/4545/1577 3612/4555/1933 3611/4553/1932
f 3611/4553/1932 3612/4555/1933 3583/4554/1912
f 3612/4555/1933 3596/4556/1776 3583/4554/1912
f 3572/4508/1714 3590/4530/1919 3571/4507/1904
f 3590/4530/1919 3613/4557/1934 3571/4507/1904
f 3571/4507/1904 3613/4557/1934 3574/4510/1906
f 3613/4557/1934 3591/4558/1920 3574/4510/1906
f 3566/4502/1902 3564/4500/1900 3614/4559/1935
f 3564/4500/1900 3588/4560/1917 3614/4559/1935
f 3568/4504/1561 3566/4502/1902 3589/4529/1918
f 3566/4502/1902 3614/4559/1935 3589/4529/1918
f 3588/4560/1917 2649/3345/1922 3614/4559/1935
f 2649/3345/1922 2650/3346/1936 3614/4559/1935
f 3614/4559/1935 2650/3346/1936 3589/4529/1918
f 2650/3346/1936 2627/3323/1923 3589/4529/1918
f 3613/4557/1934 3590/4530/1919 2651/3347/1937
f 3590/4530/1919 2628/3324/1924 2651/3347/1937
f 3591/4558/1920 3613/4557/1934 2652/3348/1925
f 3613/4557/1934 2651/3347/1937 2652/3348/1925
f 3615/4561/1938 3602/4544/1694 3616/4562/1939
f 3602/4544/1694 3601/4543/1884 3616/4562/1939
f 3595/4563/1928 3615/4561/1938 3600/4564/1798
f 3615/4561/1938 3616/4562/1939 3600/4564/1798
f 3615/4561/1938 3595/4563/1928 3612/4555/1933
f 3595/4563/1928 3596/4556/1776 3612/4555/1933
f 3602/4544/1694 3615/4561/1938 3603/4545/1577
f 3615/4561/1938 3612/4555/1933 3603/4545/1577
f 3573/4509/1905 3575/4511/1907 3569/4505/1903
f 3575/4511/1907 3577/4513/1909 3569/4505/1903
f 3569/4505/1903 3577/4513/1909 3570/4506/1681
f 3577/4513/1909 3579/4515/1647 3570/4506/1681
f 3578/4514/1910 3576/4512/1908 3617/4565/1807
f 3576/4512/1908 3609/4566/1885 3617/4565/1807
f 3580/4516/1648 3578/4514/1910 3608/4550/1800
f 3578/4514/1910 3617/4565/1807 3608/4550/1800
f 3601/4543/1884 3607/4549/1931 3616/4562/1939
f 3607/4549/1931 3618/4567/1940 3616/4562/1939
f 3616/4562/1939 3618/4567/1940 3600/4564/1798
f 3618/4567/1940 3606/4568/1799 3600/4564/1798
f 3618/4567/1940 3607/4549/1931 3557/4488/1865
f 3607/4549/1931 3531/4455/1781 3557/4488/1865
f 3606/4568/1799 3618/4567/1940 3530/4487/1754
f 3618/4567/1940 3557/4488/1865 3530/4487/1754
f 3609/4566/1885 3533/4490/1773 3617/4565/1807
f 3533/4490/1773 3558/4489/1704 3617/4565/1807
f 3617/4565/1807 3558/4489/1704 3608/4550/1800
f 3558/4489/1704 3532/4456/1802 3608/4550/1800
s off
