# Apple ModelIO OBJ File: Tree_B
mtllib Tree_B.mtl
g Tree_B_sweep13SG
v 0.227337 -3.24972 0.248263
v 0.407181 -3.25558 0.230822
v 0.257656 -2.6278 0.244142
v 0.427725 -2.6342 0.227635
v 0.522078 -3.25801 0.091248
v 0.536381 -2.63685 0.095615
v 0.504713 -3.25558 -0.088695
v 0.519976 -2.6342 -0.074577
v 0.365269 -3.24972 -0.203603
v 0.388119 -2.6278 -0.18325
v 0.185421 -3.24386 -0.186162
v 0.218044 -2.6214 -0.166744
v 0.070526 -3.24143 -0.046587
v 0.109394 -2.61875 -0.034725
v 0.087891 -3.24386 0.133358
v 0.125801 -2.6214 0.135469
v 0.27998 -2.14793 0.240634
v 0.442597 -2.15241 0.224876
v 0.546482 -2.15426 0.098698
v 0.530773 -2.15241 -0.063984
v 0.404678 -2.14793 -0.167877
v 0.242058 -2.14345 -0.152115
v 0.138176 -2.14159 -0.025939
v 0.153889 -2.14345 0.136747
v 0.297054 -1.6612 0.235408
v 0.452175 -1.66088 0.220377
v 0.551211 -1.66075 0.100142
v 0.536209 -1.66088 -0.054905
v 0.415922 -1.6612 -0.154008
v 0.260746 -1.6615 -0.139073
v 0.16161 -1.66162 -0.018785
v 0.17667 -1.6615 0.136364
v 0.303627 -1.17437 0.226981
v 0.451033 -1.16941 0.212624
v 0.545141 -1.16735 0.098289
v 0.530933 -1.16941 -0.049111
v 0.41667 -1.17437 -0.143342
v 0.269173 -1.17931 -0.129147
v 0.174904 -1.18136 -0.014727
v 0.189201 -1.17931 0.132836
v 0.296219 -0.684342 0.214185
v 0.435454 -0.674293 0.200413
v 0.52445 -0.670123 0.091973
v 0.511191 -0.674293 -0.047681
v 0.40338 -0.684343 -0.136864
v 0.264034 -0.694379 -0.123277
v 0.174854 -0.698532 -0.014742
v 0.188213 -0.694379 0.125094
v 0.262798 -0.189584 0.193232
v 0.393095 -0.173568 0.179924
v 0.476666 -0.16692 0.077386
v 0.464605 -0.173568 -0.054342
v 0.363955 -0.189584 -0.138149
v 0.233589 -0.20557 -0.124932
v 0.149918 -0.212184 -0.022354
v 0.162033 -0.20557 0.109461
v 0.1796 0.307801 0.156749
v 0.299637 0.33162 0.143673
v 0.377253 0.341514 0.04704
v 0.366835 0.33162 -0.076464
v 0.274563 0.307801 -0.15435
v 0.154587 0.28406 -0.141097
v 0.077137 0.274249 -0.044571
v 0.087479 0.28406 0.078751
v 0.130886 0.83658 0.084146
v 0.022831 0.80406 0.097382
v 0.201767 0.850096 -0.006526
v 0.193607 0.83658 -0.121327
v 0.111363 0.80406 -0.192651
v 0.003517 0.771682 -0.178944
v -0.066921 0.75831 -0.088544
v -0.058979 0.771683 0.025778
v -0.114513 1.34209 0.000647
v -0.211357 1.30634 0.013708
v -0.050255 1.35694 -0.083457
v -0.056591 1.34209 -0.189112
v -0.129631 1.30634 -0.254026
v -0.226219 1.27072 -0.240409
v -0.289959 1.25601 -0.156626
v -0.283874 1.27072 -0.051531
v -0.352409 1.83241 -0.080575
v -0.444492 1.80505 -0.069453
v -0.29219 1.84376 -0.157309
v -0.299293 1.83241 -0.254591
v -0.369469 1.80505 -0.31524
v -0.461418 1.77776 -0.303834
v -0.52137 1.76648 -0.227264
v -0.514404 1.77776 -0.130265
v -0.539162 2.33627 -0.146032
v -0.625828 2.31638 -0.136564
v -0.483227 2.34451 -0.215623
v -0.490761 2.33627 -0.304588
v -0.557369 2.31638 -0.36084
v -0.644039 2.29648 -0.351401
v -0.699997 2.28824 -0.28179
v -0.692459 2.29648 -0.192796
v -0.741714 2.84347 -0.183531
v -0.66185 2.85663 -0.191686
v -0.610634 2.86208 -0.254513
v -0.618034 2.85663 -0.335235
v -0.679718 2.84347 -0.386595
v -0.759598 2.83031 -0.378484
v -0.810848 2.82485 -0.315629
v -0.803436 2.83031 -0.234866
v -0.800758 3.38114 -0.213117
v -0.72871 3.38812 -0.220248
v -0.682602 3.39101 -0.27648
v -0.689442 3.38812 -0.34888
v -0.745228 3.38114 -0.39503
v -0.817276 3.37416 -0.387901
v -0.863388 3.37127 -0.331667
v -0.856548 3.37416 -0.25927
v -0.817371 3.87439 -0.228808
v -0.808689 3.90236 -0.261214
v -0.867462 3.87623 -0.270107
v -0.839012 3.90395 -0.286225
v -0.768741 3.90071 -0.263469
v -0.752758 3.87258 -0.235099
v -0.742885 3.90002 -0.294883
v -0.711464 3.87181 -0.285292
v -0.717689 3.87258 -0.349984
v -0.74744 3.90073 -0.335033
v -0.767773 3.87439 -0.39129
v -0.778671 3.90236 -0.35956
v -0.83239 3.87623 -0.385008
v -0.817425 3.90393 -0.355064
v -0.873688 3.87699 -0.334811
v -0.842041 3.90458 -0.32515
vn -0.292368 0.02059 0.956084
vn 0.469136 -0.010984 0.883058
vn -0.290898 0.020524 0.956534
vn 0.470121 -0.010357 0.882541
vn 0.956156 -0.024077 0.291867
vn 0.956177 -0.023144 0.291874
vn 0.882317 -0.010982 -0.470528
vn 0.882847 -0.010359 -0.469547
vn 0.291424 0.02059 -0.956372
vn 0.292893 0.020523 -0.955925
vn -0.469154 0.052096 -0.881579
vn -0.468228 0.051412 -0.882111
vn -0.954405 0.065125 -0.291326
vn -0.954462 0.064205 -0.291343
vn -0.881509 0.052099 0.469284
vn -0.881038 0.051412 0.470243
vn -0.288751 0.020417 0.957186
vn 0.471632 -0.005382 0.881779
vn 0.956307 -0.016035 0.291924
vn 0.883679 -0.005386 -0.468063
vn 0.295029 0.020415 -0.95527
vn -0.467035 0.046333 -0.883024
vn -0.954876 0.057101 -0.291463
vn -0.880558 0.046332 0.471669
vn -0.287197 0.020376 0.957655
vn 0.472834 0.006701 0.881126
vn 0.956427 0.001134 0.29197
vn 0.884312 0.0067 -0.466849
vn 0.296573 0.020376 -0.954793
vn -0.466437 0.034385 -0.883886
vn -0.955659 0.040283 -0.291706
vn -0.880541 0.034384 0.472722
vn -0.286686 0.020554 0.957804
vn 0.473328 0.025529 0.880516
vn 0.956059 0.027802 0.291853
vn 0.884377 0.025529 -0.466075
vn 0.297077 0.020555 -0.954632
vn -0.46662 0.01632 -0.884307
vn -0.956328 0.014784 -0.29192
vn -0.880926 0.016318 0.472973
vn -0.284398 0.021021 0.958476
vn 0.474437 0.055847 0.878516
vn 0.954048 0.070553 0.291229
vn 0.88418 0.055849 -0.463795
vn 0.299353 0.021022 -0.953911
vn -0.4654 -0.012614 -0.885011
vn -0.956105 -0.026132 -0.291857
vn -0.88031 -0.012614 0.474231
vn -0.280046 0.022638 0.95972
vn 0.47353 0.11198 0.87363
vn 0.945804 0.148668 0.288708
vn 0.880699 0.111982 -0.46025
vn 0.303666 0.022638 -0.95251
vn -0.460157 -0.066446 -0.885348
vn -0.951355 -0.102864 -0.29042
vn -0.876152 -0.066444 0.477435
vn -0.277351 0.02601 0.960417
vn 0.462041 0.199873 0.864042
vn 0.921177 0.269007 0.281191
vn 0.865813 0.199873 -0.458714
vn 0.306295 0.026012 -0.951581
vn -0.447115 -0.152134 -0.881444
vn -0.931825 -0.225364 -0.284453
vn -0.86315 -0.152132 0.481486
vn 0.433632 0.296022 0.851078
vn -0.282298 0.027362 0.958937
vn 0.876633 0.399886 0.267593
vn 0.835008 0.296022 -0.463823
vn 0.301366 0.027366 -0.953116
vn -0.42662 -0.250091 -0.869166
vn -0.891542 -0.362064 -0.272145
vn -0.839293 -0.250093 0.482744
vn 0.405718 0.337398 0.849444
vn -0.300416 0.018623 0.953626
vn 0.848622 0.461236 0.259043
vn 0.810935 0.337395 -0.478069
vn 0.283363 0.018624 -0.958832
vn -0.422389 -0.301241 -0.854893
vn -0.865227 -0.426174 -0.264118
vn -0.82781 -0.301242 0.473268
vn 0.407631 0.303003 0.861409
vn -0.311805 0.01225 0.950067
vn 0.868133 0.419667 0.264999
vn 0.819198 0.302996 -0.486938
vn 0.271917 0.012246 -0.962243
vn -0.438359 -0.273052 -0.85632
vn -0.882782 -0.384805 -0.269484
vn -0.841852 -0.27305 0.465542
vn 0.427552 0.226507 0.875154
vn -0.312499 0.014221 0.949811
vn 0.907943 0.314367 0.277151
vn 0.843405 0.226503 -0.487201
vn 0.27119 0.014213 -0.962421
vn -0.458264 -0.193869 -0.867415
vn -0.918832 -0.277624 -0.280488
vn -0.864566 -0.193869 0.463617
vn -0.30876 0.017836 0.950973
vn 0.446658 0.144983 0.88288
vn 0.937471 0.198138 0.286164
vn 0.863579 0.144983 -0.48292
vn 0.274942 0.01783 -0.961295
vn -0.471152 -0.107689 -0.875453
vn -0.944233 -0.159199 -0.288236
vn -0.879754 -0.107691 0.463072
vn -0.303973 0.019851 0.952474
vn 0.459225 0.080498 0.884665
vn 0.951071 0.105741 0.290316
vn 0.874998 0.080501 -0.477387
vn 0.279765 0.019851 -0.959863
vn -0.476179 -0.040297 -0.878425
vn -0.954408 -0.065036 -0.291334
vn -0.885582 -0.040297 0.462732
vn -0.309939 0.058911 0.94893
vn -0.02522 0.978502 0.204688
vn -0.889249 0.030546 0.456402
vn -0.148838 0.982941 0.108043
vn 0.131666 0.971838 0.195438
vn 0.456995 0.088056 0.8851
vn 0.232705 0.970012 0.070182
vn 0.951639 0.10026 0.290397
vn 0.873362 0.088314 -0.478999
vn 0.215624 0.972595 -0.086974
vn 0.27285 0.059265 -0.96023
vn 0.093672 0.97816 -0.185548
vn -0.482764 0.030794 -0.875209
vn -0.061304 0.983601 -0.169618
vn -0.956231 0.019059 -0.291993
vn -0.161023 0.985679 -0.050083
vt 0.027766 0.004328
vt 0.054712 0.003968
vt 0.030379 0.096927
vt 0.055556 0.096554
vt 0.082615 0.00437
vt 0.080739 0.096717
vt 0.109588 0.005198
vt 0.105883 0.097389
vt 0.13649 0.006384
vt 0.131017 0.098563
vt 0.163332 0.008042
vt 0.156159 0.100253
vt 0.190095 0.01029
vt 0.181308 0.102472
vt 0.21679 0.013171
vt 0.206456 0.105216
vt 0.000864 0.005132
vt 0.005174 0.097849
vt 0.032568 0.166975
vt 0.056098 0.166693
vt 0.079587 0.166886
vt 0.103093 0.167522
vt 0.126674 0.168623
vt 0.150353 0.170253
vt 0.174097 0.172477
vt 0.197834 0.175317
vt 0.008975 0.167812
vt 0.03456 0.236341
vt 0.056428 0.236468
vt 0.078217 0.236868
vt 0.100041 0.237444
vt 0.122015 0.238291
vt 0.144165 0.239655
vt 0.166414 0.241783
vt 0.188628 0.244772
vt 0.012581 0.236733
vt 0.036086 0.303937
vt 0.056329 0.304318
vt 0.076466 0.30488
vt 0.09664 0.305505
vt 0.116994 0.306316
vt 0.13757 0.307617
vt 0.158272 0.30973
vt 0.178922 0.312784
vt 0.015681 0.304037
vt 0.037266 0.37023
vt 0.055843 0.370661
vt 0.074273 0.371286
vt 0.092738 0.372012
vt 0.111418 0.372942
vt 0.130407 0.374336
vt 0.149605 0.376475
vt 0.168734 0.379464
vt 0.018431 0.370241
vt 0.038029 0.435409
vt 0.054925 0.435593
vt 0.071651 0.43616
vt 0.088398 0.437111
vt 0.105359 0.438466
vt 0.122743 0.440253
vt 0.1405 0.442503
vt 0.158212 0.445191
vt 0.020765 0.43562
vt 0.037774 0.500125
vt 0.053151 0.499943
vt 0.068425 0.500409
vt 0.083693 0.501656
vt 0.099067 0.503568
vt 0.114888 0.505868
vt 0.131251 0.508229
vt 0.147623 0.510428
vt 0.021998 0.50064
vt 0.050141 0.565932
vt 0.035988 0.566279
vt 0.064391 0.566387
vt 0.07861 0.567844
vt 0.092693 0.570101
vt 0.107081 0.572665
vt 0.122059 0.574982
vt 0.137096 0.576731
vt 0.021574 0.566872
vt 0.045502 0.637112
vt 0.032233 0.637203
vt 0.059131 0.63774
vt 0.072722 0.639276
vt 0.085888 0.641482
vt 0.099032 0.643904
vt 0.112569 0.646047
vt 0.126202 0.647667
vt 0.019012 0.637491
vt 0.040311 0.707967
vt 0.027861 0.708241
vt 0.053106 0.708553
vt 0.065825 0.710242
vt 0.078089 0.71273
vt 0.090135 0.715382
vt 0.102341 0.71759
vt 0.114688 0.719084
vt 0.015631 0.708705
vt 0.034935 0.77788
vt 0.02354 0.777611
vt 0.046527 0.778687
vt 0.058072 0.780161
vt 0.069357 0.782132
vt 0.080414 0.784266
vt 0.091417 0.786254
vt 0.102491 0.787975
vt 0.012369 0.777539
vt 0.019041 0.845307
vt 0.029188 0.846095
vt 0.039439 0.847096
vt 0.049684 0.848307
vt 0.059802 0.849703
vt 0.069758 0.851268
vt 0.079595 0.85298
vt 0.089414 0.854858
vt 0.009043 0.844712
vt 0.014224 0.911824
vt 0.023087 0.912726
vt 0.032018 0.913718
vt 0.040953 0.914757
vt 0.049813 0.915869
vt 0.058569 0.91714
vt 0.067243 0.918661
vt 0.075868 0.920475
vt 0.005439 0.911095
vt 0.009866 0.97095
vt 0.009562 0.975939
vt 0.002162 0.97115
vt 0.004272 0.976576
vt 0.015001 0.976498
vt 0.017565 0.971254
vt 0.019234 0.976804
vt 0.024704 0.976646
vt 0.025275 0.971684
vt 0.032876 0.973045
vt 0.029925 0.978096
vt 0.040448 0.974525
vt 0.0342 0.97884
vt 0.0396 0.979463
vt 0.04791 0.976499
vt 0.044562 0.981346
vt 0.055498 0.977986
vt 0.049188 0.982255
vt 0.054499 0.982842
vt 0.059672 0.984352
vt 0.063085 0.979533
vt 0.053043 0.996032
vt 0.047472 0.995361
vt 0.057254 0.992444
vt 0.044107 0.990918
vt 0.044887 0.985494
vt 0.057903 0.987044
usemtl sweep13SG
f 1/1/1 2/2/2 3/3/3
f 3/3/3 2/2/2 4/4/4
f 2/2/2 5/5/5 4/4/4
f 4/4/4 5/5/5 6/6/6
f 5/5/5 7/7/7 6/6/6
f 6/6/6 7/7/7 8/8/8
f 9/9/9 10/10/10 7/7/7
f 7/7/7 10/10/10 8/8/8
f 11/11/11 12/12/12 9/9/9
f 9/9/9 12/12/12 10/10/10
f 11/11/11 13/13/13 12/12/12
f 12/12/12 13/13/13 14/14/14
f 13/13/13 15/15/15 14/14/14
f 14/14/14 15/15/15 16/16/16
f 15/17/15 1/1/1 16/18/16
f 16/18/16 1/1/1 3/3/3
f 3/3/3 4/4/4 17/19/17
f 17/19/17 4/4/4 18/20/18
f 4/4/4 6/6/6 18/20/18
f 18/20/18 6/6/6 19/21/19
f 6/6/6 8/8/8 19/21/19
f 19/21/19 8/8/8 20/22/20
f 10/10/10 21/23/21 8/8/8
f 8/8/8 21/23/21 20/22/20
f 12/12/12 22/24/22 10/10/10
f 10/10/10 22/24/22 21/23/21
f 12/12/12 14/14/14 22/24/22
f 22/24/22 14/14/14 23/25/23
f 14/14/14 16/16/16 23/25/23
f 23/25/23 16/16/16 24/26/24
f 16/18/16 3/3/3 24/27/24
f 24/27/24 3/3/3 17/19/17
f 17/19/17 18/20/18 25/28/25
f 25/28/25 18/20/18 26/29/26
f 18/20/18 19/21/19 26/29/26
f 26/29/26 19/21/19 27/30/27
f 20/22/20 28/31/28 19/21/19
f 19/21/19 28/31/28 27/30/27
f 21/23/21 29/32/29 20/22/20
f 20/22/20 29/32/29 28/31/28
f 22/24/22 30/33/30 21/23/21
f 21/23/21 30/33/30 29/32/29
f 23/25/23 31/34/31 22/24/22
f 22/24/22 31/34/31 30/33/30
f 23/25/23 24/26/24 31/34/31
f 31/34/31 24/26/24 32/35/32
f 24/27/24 17/19/17 32/36/32
f 32/36/32 17/19/17 25/28/25
f 25/28/25 26/29/26 33/37/33
f 33/37/33 26/29/26 34/38/34
f 26/29/26 27/30/27 34/38/34
f 34/38/34 27/30/27 35/39/35
f 28/31/28 36/40/36 27/30/27
f 27/30/27 36/40/36 35/39/35
f 29/32/29 37/41/37 28/31/28
f 28/31/28 37/41/37 36/40/36
f 30/33/30 38/42/38 29/32/29
f 29/32/29 38/42/38 37/41/37
f 31/34/31 39/43/39 30/33/30
f 30/33/30 39/43/39 38/42/38
f 31/34/31 32/35/32 39/43/39
f 39/43/39 32/35/32 40/44/40
f 32/36/32 25/28/25 40/45/40
f 40/45/40 25/28/25 33/37/33
f 33/37/33 34/38/34 41/46/41
f 41/46/41 34/38/34 42/47/42
f 34/38/34 35/39/35 42/47/42
f 42/47/42 35/39/35 43/48/43
f 36/40/36 44/49/44 35/39/35
f 35/39/35 44/49/44 43/48/43
f 37/41/37 45/50/45 36/40/36
f 36/40/36 45/50/45 44/49/44
f 38/42/38 46/51/46 37/41/37
f 37/41/37 46/51/46 45/50/45
f 39/43/39 47/52/47 38/42/38
f 38/42/38 47/52/47 46/51/46
f 39/43/39 40/44/40 47/52/47
f 47/52/47 40/44/40 48/53/48
f 40/45/40 33/37/33 48/54/48
f 48/54/48 33/37/33 41/46/41
f 41/46/41 42/47/42 49/55/49
f 49/55/49 42/47/42 50/56/50
f 42/47/42 43/48/43 50/56/50
f 50/56/50 43/48/43 51/57/51
f 44/49/44 52/58/52 43/48/43
f 43/48/43 52/58/52 51/57/51
f 45/50/45 53/59/53 44/49/44
f 44/49/44 53/59/53 52/58/52
f 46/51/46 54/60/54 45/50/45
f 45/50/45 54/60/54 53/59/53
f 47/52/47 55/61/55 46/51/46
f 46/51/46 55/61/55 54/60/54
f 47/52/47 48/53/48 55/61/55
f 55/61/55 48/53/48 56/62/56
f 48/54/48 41/46/41 56/63/56
f 56/63/56 41/46/41 49/55/49
f 49/55/49 50/56/50 57/64/57
f 57/64/57 50/56/50 58/65/58
f 50/56/50 51/57/51 58/65/58
f 58/65/58 51/57/51 59/66/59
f 52/58/52 60/67/60 51/57/51
f 51/57/51 60/67/60 59/66/59
f 53/59/53 61/68/61 52/58/52
f 52/58/52 61/68/61 60/67/60
f 54/60/54 62/69/62 53/59/53
f 53/59/53 62/69/62 61/68/61
f 55/61/55 63/70/63 54/60/54
f 54/60/54 63/70/63 62/69/62
f 55/61/55 56/62/56 63/70/63
f 63/70/63 56/62/56 64/71/64
f 56/63/56 49/55/49 64/72/64
f 64/72/64 49/55/49 57/64/57
f 58/65/58 65/73/65 57/64/57
f 57/64/57 65/73/65 66/74/66
f 59/66/59 67/75/67 58/65/58
f 58/65/58 67/75/67 65/73/65
f 59/66/59 60/67/60 67/75/67
f 67/75/67 60/67/60 68/76/68
f 60/67/60 61/68/61 68/76/68
f 68/76/68 61/68/61 69/77/69
f 61/68/61 62/69/62 69/77/69
f 69/77/69 62/69/62 70/78/70
f 62/69/62 63/70/63 70/78/70
f 70/78/70 63/70/63 71/79/71
f 64/71/64 72/80/72 63/70/63
f 63/70/63 72/80/72 71/79/71
f 57/64/57 66/74/66 64/72/64
f 64/72/64 66/74/66 72/81/72
f 65/73/65 73/82/73 66/74/66
f 66/74/66 73/82/73 74/83/74
f 67/75/67 75/84/75 65/73/65
f 65/73/65 75/84/75 73/82/73
f 67/75/67 68/76/68 75/84/75
f 75/84/75 68/76/68 76/85/76
f 68/76/68 69/77/69 76/85/76
f 76/85/76 69/77/69 77/86/77
f 69/77/69 70/78/70 77/86/77
f 77/86/77 70/78/70 78/87/78
f 70/78/70 71/79/71 78/87/78
f 78/87/78 71/79/71 79/88/79
f 72/80/72 80/89/80 71/79/71
f 71/79/71 80/89/80 79/88/79
f 66/74/66 74/83/74 72/81/72
f 72/81/72 74/83/74 80/90/80
f 73/82/73 81/91/81 74/83/74
f 74/83/74 81/91/81 82/92/82
f 75/84/75 83/93/83 73/82/73
f 73/82/73 83/93/83 81/91/81
f 75/84/75 76/85/76 83/93/83
f 83/93/83 76/85/76 84/94/84
f 76/85/76 77/86/77 84/94/84
f 84/94/84 77/86/77 85/95/85
f 77/86/77 78/87/78 85/95/85
f 85/95/85 78/87/78 86/96/86
f 78/87/78 79/88/79 86/96/86
f 86/96/86 79/88/79 87/97/87
f 80/89/80 88/98/88 79/88/79
f 79/88/79 88/98/88 87/97/87
f 74/83/74 82/92/82 80/90/80
f 80/90/80 82/92/82 88/99/88
f 81/91/81 89/100/89 82/92/82
f 82/92/82 89/100/89 90/101/90
f 83/93/83 91/102/91 81/91/81
f 81/91/81 91/102/91 89/100/89
f 83/93/83 84/94/84 91/102/91
f 91/102/91 84/94/84 92/103/92
f 84/94/84 85/95/85 92/103/92
f 92/103/92 85/95/85 93/104/93
f 85/95/85 86/96/86 93/104/93
f 93/104/93 86/96/86 94/105/94
f 86/96/86 87/97/87 94/105/94
f 94/105/94 87/97/87 95/106/95
f 88/98/88 96/107/96 87/97/87
f 87/97/87 96/107/96 95/106/95
f 82/92/82 90/101/90 88/99/88
f 88/99/88 90/101/90 96/108/96
f 90/101/90 89/100/89 97/109/97
f 97/109/97 89/100/89 98/110/98
f 89/100/89 91/102/91 98/110/98
f 98/110/98 91/102/91 99/111/99
f 92/103/92 100/112/100 91/102/91
f 91/102/91 100/112/100 99/111/99
f 93/104/93 101/113/101 92/103/92
f 92/103/92 101/113/101 100/112/100
f 94/105/94 102/114/102 93/104/93
f 93/104/93 102/114/102 101/113/101
f 95/106/95 103/115/103 94/105/94
f 94/105/94 103/115/103 102/114/102
f 95/106/95 96/107/96 103/115/103
f 103/115/103 96/107/96 104/116/104
f 96/108/96 90/101/90 104/117/104
f 104/117/104 90/101/90 97/109/97
f 97/109/97 98/110/98 105/118/105
f 105/118/105 98/110/98 106/119/106
f 98/110/98 99/111/99 106/119/106
f 106/119/106 99/111/99 107/120/107
f 100/112/100 108/121/108 99/111/99
f 99/111/99 108/121/108 107/120/107
f 101/113/101 109/122/109 100/112/100
f 100/112/100 109/122/109 108/121/108
f 102/114/102 110/123/110 101/113/101
f 101/113/101 110/123/110 109/122/109
f 103/115/103 111/124/111 102/114/102
f 102/114/102 111/124/111 110/123/110
f 103/115/103 104/116/104 111/124/111
f 111/124/111 104/116/104 112/125/112
f 104/117/104 97/109/97 112/126/112
f 112/126/112 97/109/97 105/118/105
f 113/127/113 114/128/114 115/129/115
f 115/129/115 114/128/114 116/130/116
f 114/128/114 113/127/113 117/131/117
f 117/131/117 113/127/113 118/132/118
f 117/133/117 118/132/118 119/134/119
f 119/134/119 118/132/118 120/135/120
f 120/135/120 121/136/121 119/134/119
f 119/134/119 121/136/121 122/137/122
f 121/136/121 123/138/123 122/139/122
f 122/139/122 123/138/123 124/140/124
f 123/138/123 125/141/125 124/140/124
f 124/140/124 125/141/125 126/142/126
f 125/141/125 127/143/127 126/144/126
f 126/144/126 127/143/127 128/145/128
f 128/145/128 127/143/127 116/146/116
f 116/146/116 127/143/127 115/147/115
f 105/118/105 106/119/106 113/127/113
f 113/127/113 106/119/106 118/132/118
f 106/119/106 107/120/107 118/132/118
f 118/132/118 107/120/107 120/135/120
f 107/120/107 108/121/108 120/135/120
f 120/135/120 108/121/108 121/136/121
f 109/122/109 123/138/123 108/121/108
f 108/121/108 123/138/123 121/136/121
f 110/123/110 125/141/125 109/122/109
f 109/122/109 125/141/125 123/138/123
f 110/123/110 111/124/111 125/141/125
f 125/141/125 111/124/111 127/143/127
f 111/124/111 112/125/112 127/143/127
f 127/143/127 112/125/112 115/147/115
f 112/126/112 105/118/105 115/129/115
f 115/129/115 105/118/105 113/127/113
f 117/148/117 119/149/119 114/150/114
f 122/151/122 124/152/124 119/149/119
f 116/153/116 114/150/114 128/145/128
f 126/144/126 128/145/128 124/152/124
f 119/149/119 124/152/124 114/150/114
f 114/150/114 124/152/124 128/145/128
s off
g Tree_B_LeavesSG
v -1.54874 4.33785 -0.369076
v -1.36141 4.29573 -0.372849
v -1.53909 4.36093 -0.497556
v -1.35191 4.31756 -0.516431
v -1.55967 4.28892 -0.29036
v -1.37522 4.24873 -0.292949
v -1.54656 4.33786 -0.211987
v -1.35921 4.29575 -0.213457
v -1.53325 4.36106 -0.083591
v -1.3456 4.31818 -0.070421
v -1.1708 4.25449 -0.505637
v -1.17891 4.23699 -0.369167
v -1.19597 4.19067 -0.295473
v -1.17689 4.23702 -0.222254
v -1.16479 4.25595 -0.087165
v -1.00301 4.17588 -0.461046
v -1.00937 4.16257 -0.359238
v -1.02865 4.11505 -0.297819
v -1.0077 4.16262 -0.236916
v -0.998257 4.17847 -0.137596
v -0.883948 4.09145 -0.399135
v -0.887071 4.07887 -0.338873
v -0.899868 4.03645 -0.299502
v -0.885982 4.07888 -0.260508
v -0.8807 4.09312 -0.202581
v -0.811134 3.97099 -0.30031
v -1.7393 4.3678 -0.217871
v -1.72242 4.38397 -0.118724
v -1.75114 4.31615 -0.287704
v -1.74124 4.36778 -0.357847
v -1.72719 4.38396 -0.457222
v -1.92004 4.33063 -0.285359
v -1.90603 4.37305 -0.237196
v -1.90737 4.37304 -0.333901
v -1.38133 4.21609 -0.511438
v -1.38155 4.23147 -0.3726
v -1.56701 4.26078 -0.492283
v -1.56894 4.27354 -0.368731
v -1.39544 4.18447 -0.292667
v -1.57988 4.22468 -0.290074
v -1.56676 4.27356 -0.21176
v -1.37934 4.2315 -0.213141
v -1.56139 4.26114 -0.089267
v -1.37511 4.21646 -0.074644
v -1.19983 4.15901 -0.500025
v -1.19899 4.17278 -0.369024
v -1.21618 4.12639 -0.295198
v -1.19696 4.17282 -0.221843
v -1.19377 4.15927 -0.089944
v -1.02823 4.08943 -0.452884
v -1.02937 4.09837 -0.359144
v -1.04886 4.05077 -0.297548
v -1.0277 4.09843 -0.236463
v -1.02314 4.08951 -0.140402
v -0.907704 4.01544 -0.388051
v -0.907287 4.01459 -0.338587
v -0.920084 3.97217 -0.299215
v -0.906199 4.0146 -0.260222
v -0.905121 4.01571 -0.207847
v -1.75948 4.30349 -0.217667
v -1.74695 4.29525 -0.12464
v -1.77135 4.25193 -0.287417
v -1.76142 4.30348 -0.357479
v -1.75147 4.29503 -0.45166
v -1.94026 4.26634 -0.285073
v -1.92624 4.30877 -0.23691
v -1.92759 4.30876 -0.333614
v -1.73558 4.35958 -0.547874
v -1.76251 4.32939 -0.573712
v -1.88892 4.37319 -0.428188
v -1.91794 4.34452 -0.449216
v -1.57631 4.29228 -0.657911
v -1.55685 4.32436 -0.629309
v -2.03765 4.34014 -0.283728
v -2.09045 4.31082 -0.282992
v -1.38326 4.24196 -0.686011
v -1.36801 4.27509 -0.657046
v -1.91313 4.34539 -0.12163
v -1.88497 4.37321 -0.143458
v -1.75442 4.32997 -0.001529
v -1.72839 4.3596 -0.027706
v -1.56589 4.29299 0.077468
v -1.54741 4.32459 0.048777
v -1.37174 4.24361 0.100091
v -1.35747 4.27654 0.070571
v -1.19291 4.17946 -0.659651
v -1.18189 4.21332 -0.63138
v -1.18138 4.18319 0.0682
v -1.17156 4.21704 0.038475
v -1.02437 4.11015 -0.586329
v -1.01358 4.14271 -0.558188
v -1.01359 4.11723 -0.010125
v -1.00457 4.1496 -0.041116
v -0.900371 4.0431 -0.486772
v -0.890347 4.07376 -0.459116
v -0.892992 4.05007 -0.112321
v -0.884316 4.07902 -0.143437
v -0.845886 4.02555 -0.385387
v -0.839661 3.9781 -0.398061
v -0.843687 4.02779 -0.216625
v -0.836329 3.98028 -0.203143
v -1.75185 4.29141 -0.54073
v -1.57457 4.25751 -0.623154
v -1.906 4.30836 -0.424367
v -2.05912 4.2757 -0.283424
v -1.38567 4.20967 -0.651829
v -1.90215 4.30838 -0.146791
v -1.74468 4.29153 -0.036077
v -1.56514 4.25782 0.041339
v -1.37532 4.21059 0.065506
v -1.19965 4.14972 -0.625323
v -1.18954 4.1515 0.035119
v -1.0308 4.08066 -0.547379
v -1.02186 4.08342 -0.045828
v -0.909165 4.01311 -0.440451
v -0.904527 4.01522 -0.153778
v -0.873543 3.95826 -0.373216
v -0.871449 3.95855 -0.223762
v -0.853879 3.93351 -0.336576
v -0.852832 3.93366 -0.26185
v -0.806227 3.93984 -0.252536
v -0.807883 3.93875 -0.349266
v -0.72691 3.81727 -0.301852
v -0.746024 3.81313 -0.344054
v -0.812774 3.80109 -0.300202
v -0.793294 3.80472 -0.257663
v -0.744856 3.81312 -0.258322
v -0.794461 3.80473 -0.343395
v -0.222221 4.09175 -0.937101
v -0.341617 4.07553 -0.787558
v -0.132485 4.13458 -0.851976
v -0.240385 4.11934 -0.692605
v -0.273023 4.03075 -0.98617
v -0.391457 4.01586 -0.839904
v -0.341857 4.0689 -1.03633
v -0.463002 4.05235 -0.888249
v -0.447814 4.07446 -1.11342
v -0.580147 4.05503 -0.974371
v -0.366118 4.07961 -0.552929
v -0.463018 4.04127 -0.643135
v -0.50607 3.98277 -0.694037
v -0.574894 4.01992 -0.735952
v -0.684983 4.02015 -0.817403
v -0.508117 4.01792 -0.441791
v -0.580195 3.98904 -0.509267
v -0.61252 3.93087 -0.5537
v -0.673338 3.97128 -0.586562
v -0.754687 3.97342 -0.646418
v -0.630931 3.94161 -0.376762
v -0.673902 3.91998 -0.415304
v -0.694032 3.87092 -0.441776
v -0.733583 3.90858 -0.464806
v -0.781006 3.9147 -0.50086
v -0.750172 3.81847 -0.362675
v -0.211333 4.0739 -1.1813
v -0.297454 4.07735 -1.23559
v -0.14969 4.032 -1.13515
v -0.10473 4.09426 -1.09288
v -0.039615 4.1266 -1.02183
v -0.040653 4.02375 -1.26471
v -0.087188 4.06008 -1.29353
v -0.013539 4.07415 -1.23245
v -0.222217 4.01526 -0.697787
v -0.326926 4.00986 -0.790089
v -0.115543 4.03196 -0.856489
v -0.207563 4.02602 -0.939728
v -0.376742 3.95018 -0.842511
v -0.258312 3.96509 -0.988784
v -0.327111 4.00318 -1.03888
v -0.448361 3.98667 -0.890824
v -0.4225 3.97366 -1.11111
v -0.554977 3.95207 -0.973659
v -0.34882 3.98137 -0.559394
v -0.448289 3.97568 -0.645561
v -0.491349 3.91706 -0.696637
v -0.560369 3.95429 -0.738551
v -0.661373 3.92198 -0.81821
v -0.495477 3.92866 -0.44883
v -0.565482 3.92347 -0.511606
v -0.597797 3.86517 -0.556296
v -0.658895 3.90566 -0.589131
v -0.733948 3.88335 -0.645679
v -0.621715 3.86234 -0.386634
v -0.659186 3.85427 -0.417912
v -0.679317 3.80521 -0.444384
v -0.718868 3.84287 -0.467414
v -0.759015 3.83639 -0.500457
v -0.196578 4.00818 -1.18382
v -0.274612 3.98803 -1.23265
v -0.134979 3.96635 -1.13777
v -0.0901 4.02852 -1.09551
v -0.025568 4.03542 -1.02602
v -0.025938 3.95804 -1.26732
v -0.072473 3.99437 -1.29614
v 0.001176 4.00844 -1.23506
v 0.034733 4.11496 -0.965085
v 0.072662 4.08565 -0.962565
v 0.045262 4.0906 -1.15827
v 0.080908 4.06179 -1.16068
v 0.014402 4.08604 -0.76321
v -0.020733 4.11582 -0.77342
v 0.035286 4.01745 -1.35482
v 0.070227 3.98169 -1.38871
v -0.090242 4.06611 -0.59221
v -0.12291 4.09631 -0.605973
v -0.168771 4.015 -1.36758
v -0.171583 4.04918 -1.33813
v -0.363208 4.00295 -1.324
v -0.361392 4.03926 -1.29369
v -0.545798 3.97972 -1.22772
v -0.537177 4.01735 -1.20176
v -0.689356 3.95338 -1.08864
v -0.677373 3.99188 -1.06554
v -0.233782 4.02586 -0.455788
v -0.263159 4.05632 -0.472386
v -0.78913 3.92375 -0.915218
v -0.774083 3.96261 -0.895471
v -0.398129 3.96915 -0.364356
v -0.427226 3.99834 -0.380787
v -0.838962 3.89258 -0.727645
v -0.822395 3.93006 -0.707394
v -0.552959 3.90497 -0.323229
v -0.58114 3.93226 -0.339541
v -0.839743 3.85758 -0.559502
v -0.822772 3.89168 -0.538752
v -0.664661 3.87994 -0.344487
v -0.658024 3.83611 -0.322463
v -0.79315 3.85756 -0.451633
v -0.806937 3.80996 -0.445548
v 0.041791 4.04495 -0.968414
v -0.012017 4.04705 -0.777437
v 0.055267 4.02424 -1.16072
v 0.050818 3.95142 -1.35834
v -0.113562 4.02909 -0.609624
v -0.15613 3.98387 -1.33606
v -0.342653 3.97164 -1.28709
v -0.518222 3.95066 -1.19709
v -0.660145 3.92563 -1.06264
v -0.25442 3.99076 -0.477012
v -0.758064 3.89649 -0.893844
v -0.42246 3.93365 -0.388361
v -0.8058 3.86362 -0.704251
v -0.581267 3.86758 -0.353622
v -0.800077 3.82802 -0.534629
v -0.653916 3.80856 -0.359653
v -0.767757 3.7871 -0.454102
v -0.693803 3.78148 -0.363759
v -0.750723 3.77075 -0.410984
v -0.788561 3.78153 -0.383617
v -0.71466 3.7945 -0.322536
v -0.800563 3.67901 -0.269197
v -0.756123 3.67867 -0.255466
v -0.744882 3.65167 -0.330752
v -0.789802 3.6515 -0.344327
v -0.821399 3.66618 -0.309635
v -0.724527 3.664 -0.290159
v -0.364415 3.90466 0.494808
v -0.475503 3.8992 0.338246
v -0.474932 3.91238 0.564517
v -0.598291 3.90372 0.416255
v -0.294001 3.86513 0.44803
v -0.402448 3.86114 0.293547
v -0.237192 3.92538 0.404993
v -0.346411 3.92023 0.247122
v -0.13972 3.96708 0.327785
v -0.237138 3.96312 0.161295
v -0.693993 3.87857 0.251622
v -0.577797 3.87759 0.177501
v -0.507946 3.83877 0.13902
v -0.458806 3.89699 0.093522
v -0.355185 3.93516 0.012534
v -0.754466 3.84009 0.075033
v -0.667605 3.83907 0.019929
v -0.606522 3.79706 -0.010184
v -0.568523 3.85523 -0.04998
v -0.492646 3.88529 -0.10951
v -0.772767 3.78883 -0.073874
v -0.721747 3.78377 -0.108095
v -0.6824 3.74513 -0.129816
v -0.658281 3.79411 -0.1529
v -0.613871 3.81645 -0.186285
v -0.734451 3.69839 -0.215057
v -0.130957 3.9167 0.568444
v -0.059497 3.94848 0.503172
v -0.181521 3.85517 0.60506
v -0.24432 3.89825 0.648474
v -0.3336 3.90385 0.696768
v -0.082347 3.8371 0.741371
v -0.050802 3.88728 0.713044
v -0.129121 3.87453 0.768335
v -0.577799 3.8 0.413355
v -0.464041 3.83285 0.339244
v -0.455064 3.81027 0.56058
v -0.352841 3.83827 0.495787
v -0.390915 3.79477 0.294585
v -0.282464 3.79879 0.449069
v -0.225713 3.85897 0.406039
v -0.334894 3.85389 0.248084
v -0.128684 3.86374 0.33021
v -0.22413 3.85795 0.16358
v -0.673186 3.78082 0.249455
v -0.566457 3.8113 0.17852
v -0.496419 3.77239 0.140057
v -0.447248 3.83072 0.09439
v -0.341276 3.83519 0.014758
v -0.733723 3.75219 0.070494
v -0.65635 3.77278 0.020914
v -0.595 3.73068 -0.009146
v -0.556976 3.78899 -0.049196
v -0.481075 3.7936 -0.108745
v -0.75042 3.71175 -0.078797
v -0.710209 3.71739 -0.107062
v -0.670862 3.67874 -0.128783
v -0.646743 3.72772 -0.151867
v -0.604521 3.73578 -0.181834
v -0.119506 3.85029 0.569489
v -0.05067 3.85669 0.505459
v -0.169985 3.78884 0.606102
v -0.232737 3.83185 0.649425
v -0.315529 3.81339 0.692375
v -0.070809 3.77071 0.742404
v -0.039264 3.82089 0.714076
v -0.117583 3.80814 0.769367
v -0.40304 3.86682 0.748624
v -0.408829 3.82893 0.777535
v -0.216849 3.86604 0.806572
v -0.217498 3.82986 0.834797
v -0.585019 3.81774 0.668131
v -0.572654 3.85638 0.644054
v -0.013294 3.82396 0.836155
v 0.017539 3.78539 0.870935
v -0.719332 3.80226 0.518771
v -0.704247 3.84115 0.498073
v 0.047661 3.87392 0.647484
v 0.013748 3.90358 0.643779
v 0.054494 3.90493 0.450402
v 0.018258 3.93537 0.451244
v 0.01044 3.91539 0.247671
v -0.023503 3.94598 0.256374
v -0.083019 3.90757 0.069208
v -0.115209 3.93854 0.082033
v -0.807617 3.78144 0.338195
v -0.79066 3.82014 0.321422
v -0.218946 3.88126 -0.078236
v -0.248735 3.91225 -0.06154
v -0.844976 3.75587 0.147053
v -0.828001 3.79325 0.130234
v -0.379882 3.83922 -0.182975
v -0.410251 3.86844 -0.165271
v -0.835239 3.72732 -0.022869
v -0.818232 3.76264 -0.039251
v -0.533197 3.78386 -0.237089
v -0.56349 3.80967 -0.219837
v -0.783759 3.7338 -0.127097
v -0.797948 3.68721 -0.135921
v -0.646988 3.7582 -0.222956
v -0.640436 3.71513 -0.247362
v -0.38818 3.7983 0.741779
v -0.55777 3.78874 0.63921
v -0.204228 3.80018 0.803005
v -0.00102 3.75719 0.838141
v -0.690157 3.77479 0.49404
v 0.020576 3.83679 0.644301
v 0.020435 3.86495 0.453134
v -0.019724 3.87665 0.259187
v -0.109416 3.8703 0.0838
v -0.775812 3.75564 0.317425
v -0.241463 3.84459 -0.060529
v -0.809572 3.73097 0.123496
v -0.404496 3.80013 -0.164204
v -0.792448 3.70243 -0.048794
v -0.560645 3.74239 -0.212738
v -0.758235 3.6646 -0.12751
v -0.637204 3.68458 -0.212909
v -0.739709 3.64903 -0.169414
v -0.679194 3.65903 -0.212113
v -0.69836 3.6752 -0.252955
v -0.776526 3.66133 -0.197652
v -0.784957 3.56484 -0.31673
v -0.808496 3.55169 -0.278828
v -0.734287 3.53281 -0.253139
v -0.710685 3.54557 -0.291638
v -0.739051 3.56297 -0.327831
v -0.78013 3.53429 -0.242635
v -1.99986 3.28766 -0.025376
v -1.75984 3.35023 -0.104987
v -2.05164 3.3111 -0.193587
v -1.81678 3.37085 -0.292893
v -1.95289 3.22816 0.07601
v -1.71691 3.29139 -0.00078
v -1.9375 3.30166 0.177922
v -1.69657 3.36444 0.101293
v -1.88725 3.34817 0.342124
v -1.63994 3.41137 0.284329
v -1.56572 3.40545 -0.35338
v -1.5125 3.39033 -0.174794
v -1.47609 3.32985 -0.077361
v -1.4542 3.40344 0.015341
v -1.40022 3.44458 0.188259
v -1.30775 3.41587 -0.366533
v -1.26825 3.40411 -0.233215
v -1.23835 3.33983 -0.15102
v -1.21974 3.41504 -0.074897
v -1.18059 3.44797 0.052227
v -1.09584 3.39105 -0.339462
v -1.06888 3.37878 -0.261272
v -1.04299 3.32285 -0.209639
v -1.03777 3.38577 -0.159855
v -1.01821 3.41088 -0.085117
v -0.901422 3.29749 -0.250728
v -2.18007 3.22029 0.24577
v -2.1326 3.25811 0.369906
v -2.18911 3.14497 0.154204
v -2.23564 3.20782 0.06462
v -2.26708 3.22793 -0.068133
v -2.39172 3.06005 0.222208
v -2.38285 3.12378 0.283859
v -2.42125 3.11516 0.158708
v -1.78747 3.23058 -0.285719
v -1.74413 3.26025 -0.103662
v -2.02129 3.17337 -0.186476
v -1.98415 3.1976 -0.023909
v -1.70127 3.20137 0.000616
v -1.93726 3.13816 0.077414
v -1.92183 3.2116 0.179237
v -1.68084 3.27447 0.102706
v -1.86146 3.20971 0.335111
v -1.61409 3.27 0.27954
v -1.53935 3.27272 -0.344935
v -1.49679 3.30045 -0.173625
v -1.46044 3.23981 -0.075976
v -1.43839 3.31359 0.016859
v -1.37626 3.30976 0.185659
v -1.28146 3.29659 -0.355285
v -1.25247 3.31428 -0.232138
v -1.22271 3.2498 -0.149641
v -1.20382 3.32524 -0.073354
v -1.15658 3.32496 0.048842
v -1.07307 3.28553 -0.323899
v -1.05323 3.28873 -0.259871
v -1.02734 3.2328 -0.208238
v -1.02212 3.29572 -0.158454
v -1.00159 3.30195 -0.090691
v -2.16439 3.13023 0.247048
v -2.10952 3.13536 0.362376
v -2.17349 3.055 0.155609
v -2.21989 3.11777 0.066111
v -2.23921 3.10601 -0.060864
v -2.37607 2.97 0.223608
v -2.3672 3.03373 0.285259
v -2.40559 3.02511 0.160109
v -2.29655 3.18602 -0.185264
v -2.31921 3.13104 -0.211799
v -2.43599 3.11894 0.029277
v -2.46013 3.06493 0.009928
v -2.11416 3.1925 -0.394976
v -2.10022 3.24544 -0.361843
v -2.53246 3.00022 0.269501
v -2.57534 2.93272 0.287306
v -1.87186 3.24665 -0.509182
v -1.86326 3.29833 -0.473892
v -2.33028 3.0953 0.433863
v -2.32295 3.14432 0.397761
v -2.09221 3.18277 0.528697
v -2.09007 3.23233 0.487927
v -1.82237 3.25895 0.556711
v -1.83109 3.30611 0.51571
v -1.56004 3.31899 0.508091
v -1.57473 3.36513 0.467735
v -1.60456 3.28881 -0.552858
v -1.60154 3.33875 -0.516804
v -1.31617 3.35899 0.388932
v -1.33663 3.40353 0.350077
v -1.34039 3.31326 -0.528009
v -1.33691 3.36149 -0.492172
v -1.11267 3.37481 0.21736
v -1.13365 3.41697 0.177012
v -1.11895 3.3155 -0.452103
v -1.11538 3.36091 -0.416804
v -0.971968 3.35858 0.032383
v -0.99132 3.39638 -0.008349
v -1.00688 3.33553 -0.342639
v -0.975861 3.28088 -0.366293
v -0.941398 3.35318 -0.123952
v -0.899061 3.30125 -0.114054
v -2.2714 3.09422 -0.176829
v -2.0779 3.15428 -0.35402
v -2.41505 3.03043 0.034035
v -2.51816 2.90922 0.271381
v -1.84209 3.20886 -0.467164
v -2.30485 3.05517 0.393262
v -2.07091 3.13939 0.476216
v -1.81401 3.21393 0.505887
v -1.55738 3.27407 0.461123
v -1.58128 3.25149 -0.508758
v -1.31904 3.31301 0.345781
v -1.31514 3.2768 -0.477998
v -1.11539 3.326 0.170623
v -1.09331 3.27759 -0.391675
v -0.980006 3.30607 -0.02071
v -0.993465 3.23828 -0.323307
v -0.934281 3.25196 -0.129868
v -0.941876 3.22324 -0.285617
v -0.912284 3.23008 -0.188898
v -0.858733 3.26663 -0.19368
v -0.896843 3.25651 -0.318856
v -0.711985 3.16253 -0.300093
v -0.747604 3.14251 -0.348169
v -0.800582 3.09091 -0.267334
v -0.764104 3.11056 -0.219011
v -0.713583 3.15011 -0.237213
v -0.798125 3.10296 -0.329967
v -1.65607 2.35259 -1.04951
v -1.46292 2.45831 -0.910298
v -1.56968 2.40836 -1.19426
v -1.36447 2.51533 -1.07165
v -1.68698 2.27689 -0.952866
v -1.49861 2.38216 -0.814962
v -1.77116 2.32608 -0.87212
v -1.57971 2.43142 -0.73032
v -1.87298 2.33868 -0.726775
v -1.69159 2.44077 -0.568125
v -1.17162 2.59084 -0.913558
v -1.26686 2.54088 -0.760629
v -1.30119 2.46397 -0.67471
v -1.37452 2.5161 -0.594752
v -1.47912 2.5219 -0.441344
v -1.00346 2.6328 -0.721736
v -1.07459 2.59502 -0.607784
v -1.10076 2.51724 -0.536748
v -1.16426 2.57439 -0.469686
v -1.24216 2.58119 -0.357156
v -0.885055 2.62625 -0.542326
v -0.923058 2.59933 -0.472884
v -0.931183 2.53623 -0.423726
v -0.980474 2.5861 -0.384392
v -1.02987 2.59527 -0.320558
v -0.806073 2.53706 -0.341744
v -1.9525 2.20463 -1.02188
v -2.02422 2.21777 -0.904503
v -1.87157 2.152 -1.0913
v -1.84995 2.22825 -1.17994
v -1.77629 2.27487 -1.28679
v -2.0272 2.03153 -1.21028
v -2.08321 2.07986 -1.16059
v -2.01235 2.09618 -1.26979
v -1.3165 2.38139 -1.05309
v -1.43165 2.37281 -0.902851
v -1.52166 2.277 -1.17479
v -1.62489 2.26697 -1.04198
v -1.46743 2.29658 -0.807527
v -1.65582 2.19134 -0.945433
v -1.7399 2.24048 -0.864723
v -1.5485 2.3459 -0.722798
v -1.81716 2.20936 -0.719783
v -1.63665 2.30815 -0.559865
v -1.1283 2.46356 -0.896004
v -1.2355 2.4555 -0.753273
v -1.26999 2.37838 -0.667277
v -1.34336 2.43068 -0.587096
v -1.42861 2.39488 -0.43276
v -0.965634 2.51787 -0.701654
v -1.04313 2.50972 -0.600431
v -1.06955 2.43165 -0.52932
v -1.13307 2.48904 -0.461933
v -1.19399 2.46579 -0.348299
v -0.856046 2.52322 -0.521389
v -0.891867 2.51373 -0.465439
v -0.899991 2.45062 -0.416281
v -0.949283 2.5005 -0.376947
v -0.9882 2.49314 -0.317929
v -1.9212 2.11904 -1.01449
v -1.97363 2.10347 -0.898964
v -1.84042 2.06646 -1.08387
v -1.81877 2.14263 -1.17237
v -1.73388 2.15847 -1.26817
v -1.99601 1.94593 -1.20283
v -2.05201 1.99426 -1.15314
v -1.98116 2.01058 -1.26234
v -1.69752 2.25816 -1.38609
v -1.67829 2.20863 -1.42373
v -1.92667 2.12812 -1.36264
v -1.91394 2.07769 -1.39684
v -1.43001 2.33332 -1.377
v -1.45905 2.37838 -1.34205
v -2.13513 1.94704 -1.29294
v -2.15825 1.87289 -1.31902
v -1.20773 2.43916 -1.25838
v -1.24138 2.48191 -1.22628
v -2.15436 2.02352 -1.02702
v -2.13528 2.08007 -1.04112
v -2.09779 2.11275 -0.777694
v -2.07863 2.17031 -0.798724
v -1.96912 2.21007 -0.546676
v -1.95596 2.26416 -0.576386
v -1.78436 2.30868 -0.370814
v -1.77516 2.36097 -0.404801
v -1.01907 2.51991 -1.07666
v -1.05634 2.56017 -1.0485
v -1.55389 2.40217 -0.254977
v -1.54901 2.45191 -0.292581
v -0.878683 2.56733 -0.855202
v -0.915072 2.60604 -0.826925
v -1.30379 2.47989 -0.204929
v -1.29753 2.52762 -0.244022
v -0.797233 2.5767 -0.635931
v -0.832467 2.61283 -0.608098
v -1.07496 2.52273 -0.213865
v -1.06631 2.56652 -0.252209
v -0.813331 2.58328 -0.478958
v -0.762823 2.53941 -0.473261
v -0.938782 2.55709 -0.289222
v -0.906733 2.50934 -0.253434
v -1.66516 2.1703 -1.36696
v -1.42817 2.29097 -1.32546
v -1.89504 2.04382 -1.34889
v -2.1049 1.86026 -1.28629
v -1.21083 2.39625 -1.21117
v -2.09841 1.99698 -1.03545
v -2.03482 2.08535 -0.797016
v -1.91504 2.17926 -0.575055
v -1.73672 2.27642 -0.401165
v -1.02788 2.47624 -1.03312
v -1.51227 2.36739 -0.287258
v -0.890856 2.52336 -0.806355
v -1.25871 2.44323 -0.239525
v -0.816515 2.52896 -0.580301
v -1.02757 2.48336 -0.256819
v -0.795014 2.48632 -0.462367
v -0.904711 2.46142 -0.293682
v -0.78697 2.46884 -0.399615
v -0.841819 2.45639 -0.315272
v -0.813969 2.49881 -0.274632
v -0.742549 2.51372 -0.383722
v -0.617624 2.43923 -0.234723
v -0.599265 2.42701 -0.293838
v -0.679313 2.35252 -0.286964
v -0.697226 2.36442 -0.227051
v -0.662081 2.4125 -0.197039
v -0.63441 2.37893 -0.32385
v -0.069983 3.11929 -1.3097
v -0.192598 3.12364 -1.07989
v 0.072962 3.18052 -1.22401
v -0.031836 3.18651 -0.984078
v -0.152976 3.03492 -1.35465
v -0.275058 3.04062 -1.1296
v -0.25528 3.08553 -1.4094
v -0.380605 3.0894 -1.18107
v -0.415401 3.09172 -1.48669
v -0.55803 3.09145 -1.26725
v -0.166535 3.15845 -0.762813
v -0.320066 3.1032 -0.854078
v -0.393064 3.02142 -0.903672
v -0.49335 3.07165 -0.947349
v -0.660331 3.07043 -1.02873
v -0.33113 3.09859 -0.57266
v -0.445444 3.05695 -0.641003
v -0.502519 2.97561 -0.68466
v -0.589716 3.03071 -0.718683
v -0.712923 3.03251 -0.778635
v -0.482393 3.01219 -0.446546
v -0.550345 2.98162 -0.484484
v -0.586235 2.91377 -0.508429
v -0.642782 2.96478 -0.534223
v -0.714651 2.97225 -0.571339
v -0.643953 2.85637 -0.38294
v -0.117261 3.06576 -1.6344
v -0.245374 3.07032 -1.68597
v -0.025727 3.01014 -1.58274
v 0.047849 3.09584 -1.54556
v 0.153952 3.14307 -1.47121
v 0.086837 2.97586 -1.78033
v 0.019473 3.0249 -1.81195
v 0.133542 3.04568 -1.75057
v -0.014154 3.04414 -0.982004
v -0.176956 3.03365 -1.07839
v 0.089249 3.04029 -1.22094
v -0.054414 3.02921 -1.3083
v -0.259405 2.9506 -1.1282
v -0.137328 2.94493 -1.35326
v -0.239572 2.99547 -1.40793
v -0.365042 2.9994 -1.17961
v -0.386165 2.95412 -1.47682
v -0.529493 2.95076 -1.2592
v -0.15004 3.02386 -0.76298
v -0.304346 3.01332 -0.852454
v -0.377403 2.93138 -0.902261
v -0.477945 2.98172 -0.945899
v -0.634011 2.93615 -1.02294
v -0.320532 2.97639 -0.573609
v -0.429721 2.96712 -0.639261
v -0.486854 2.88557 -0.683246
v -0.574413 2.94081 -0.717175
v -0.689636 2.90954 -0.771125
v -0.476561 2.90339 -0.45171
v -0.534694 2.89157 -0.483083
v -0.570584 2.82372 -0.507028
v -0.627131 2.87473 -0.532822
v -0.689188 2.86503 -0.566092
v -0.101537 2.9757 -1.6329
v -0.218697 2.94847 -1.67613
v -0.010081 2.92018 -1.58136
v 0.06338 3.00575 -1.54416
v 0.167037 3.01851 -1.46848
v 0.102488 2.88581 -1.77893
v 0.035125 2.93485 -1.81055
v 0.149194 2.95563 -1.74917
v 0.266577 3.1286 -1.41247
v 0.31627 3.08657 -1.4146
v 0.231212 3.07229 -1.66849
v 0.276658 3.03054 -1.67668
v 0.288369 3.11473 -1.13566
v 0.240507 3.15628 -1.14449
v 0.165236 2.95125 -1.9177
v 0.201542 2.89648 -1.96663
v 0.190574 3.11552 -0.880478
v 0.145134 3.15704 -0.894681
v -0.109961 2.96132 -1.88461
v -0.104645 3.01111 -1.84921
v -0.358772 2.96435 -1.7778
v -0.346968 3.01677 -1.74265
v -0.579218 2.95761 -1.60243
v -0.559369 3.0108 -1.5749
v -0.737146 2.94883 -1.37934
v -0.713485 3.00263 -1.35653
v 0.031309 3.08767 -0.659125
v -0.010441 3.12897 -0.67793
v -0.828336 2.93647 -1.12087
v -0.801409 2.99012 -1.10331
v -0.167724 3.03384 -0.490342
v -0.209123 3.07342 -0.508829
v -0.849532 2.92003 -0.855587
v -0.820524 2.97179 -0.837547
v -0.366996 2.96335 -0.389733
v -0.40724 3.00031 -0.40804
v -0.810408 2.89258 -0.627567
v -0.780907 2.9398 -0.60853
v -0.522389 2.93522 -0.387527
v -0.51026 2.87818 -0.354256
v -0.721431 2.90181 -0.495649
v -0.740678 2.8393 -0.478084
v 0.27163 3.03322 -1.40961
v 0.24766 3.06238 -1.14311
v 0.240597 2.98174 -1.66565
v 0.181732 2.86061 -1.91767
v 0.153297 3.06522 -0.893164
v -0.086823 2.92209 -1.84182
v -0.323755 2.92493 -1.72976
v -0.536299 2.91998 -1.56473
v -0.693137 2.91231 -1.34835
v -0.003247 3.03931 -0.677772
v -0.782984 2.89992 -1.09655
v -0.207914 2.9849 -0.511732
v -0.80097 2.88128 -0.828871
v -0.414173 2.91139 -0.418394
v -0.752841 2.85272 -0.600396
v -0.515445 2.83633 -0.401109
v -0.691757 2.80459 -0.496054
v -0.570975 2.80221 -0.39336
v -0.659132 2.78634 -0.440832
v -0.702182 2.80686 -0.39665
v -0.587833 2.82614 -0.335199
v -0.6948 2.68282 -0.228567
v -0.632181 2.68073 -0.221117
v -0.637332 2.63464 -0.320378
v -0.700578 2.6361 -0.32744
v -0.73329 2.66227 -0.275549
v -0.599469 2.65455 -0.273008
v 1.2039 2.26598 -0.724977
v 0.872151 2.38412 -0.608029
v 1.29317 2.3341 -0.498368
v 0.970408 2.45244 -0.353549
v 1.12598 2.16196 -0.849963
v 0.799751 2.2802 -0.737454
v 1.0979 2.24315 -1.0085
v 0.764614 2.36096 -0.895716
v 1.01378 2.27418 -1.24552
v 0.66978 2.38867 -1.15875
v 0.620231 2.52755 -0.256192
v 0.528298 2.46886 -0.499141
v 0.465699 2.36382 -0.619211
v 0.429206 2.44753 -0.764316
v 0.338804 2.46924 -1.01205
v 0.255154 2.55837 -0.21922
v 0.186844 2.51388 -0.400498
v 0.134691 2.40659 -0.498839
v 0.104373 2.49613 -0.621303
v 0.038778 2.51584 -0.804079
v -0.049314 2.52825 -0.234426
v -0.094986 2.49481 -0.339214
v -0.138428 2.4059 -0.396876
v -0.147867 2.48342 -0.480653
v -0.181294 2.50291 -0.589699
v -0.336966 2.38675 -0.32197
v 1.43359 2.10109 -1.10487
v 1.35662 2.12877 -1.28389
v 1.45166 2.01535 -0.959923
v 1.52804 2.12144 -0.85223
v 1.58517 2.17794 -0.672991
v 1.73042 1.8703 -1.05246
v 1.71479 1.94648 -1.15279
v 1.78005 1.96054 -0.978251
v 0.922824 2.25517 -0.329335
v 0.846312 2.25816 -0.588148
v 1.24423 2.14046 -0.47456
v 1.17805 2.13987 -0.705277
v 0.774004 2.15415 -0.717667
v 1.10025 2.03594 -0.830194
v 1.07212 2.11706 -0.988589
v 0.738733 2.23499 -0.875958
v 0.972527 2.08245 -1.20209
v 0.628143 2.19237 -1.11778
v 0.576998 2.34043 -0.235716
v 0.502475 2.34307 -0.479062
v 0.439941 2.23774 -0.599404
v 0.403208 2.3217 -0.744724
v 0.299905 2.28154 -0.975785
v 0.212308 2.38953 -0.205746
v 0.160934 2.38818 -0.380295
v 0.108936 2.28052 -0.479025
v 0.078232 2.37039 -0.601752
v 0.000319 2.34493 -0.769402
v -0.08703 2.37759 -0.230422
v -0.120749 2.36872 -0.319427
v -0.164191 2.27981 -0.377089
v -0.17363 2.35733 -0.460866
v -0.20853 2.3519 -0.555748
v 1.4078 1.97501 -1.0849
v 1.31986 1.95911 -1.24352
v 1.42595 1.88936 -0.940162
v 1.50215 1.99534 -0.832561
v 1.54033 2.00636 -0.653203
v 1.70466 1.74421 -1.03268
v 1.68903 1.82039 -1.133
v 1.75428 1.83445 -0.958464
v 1.6358 2.14387 -0.501418
v 1.66825 2.07139 -0.453493
v 1.81254 1.9942 -0.798611
v 1.84652 1.92139 -0.761115
v 1.39529 2.20947 -0.193739
v 1.37456 2.27715 -0.251167
v 1.92401 1.76836 -1.11663
v 1.98084 1.66729 -1.12974
v 1.06304 2.32368 -0.026128
v 1.04966 2.38883 -0.08673
v 1.6258 1.87541 -1.35263
v 1.6204 1.95281 -1.31251
v 1.28239 1.98923 -1.48638
v 1.28482 2.06817 -1.44026
v 0.899322 2.10384 -1.5212
v 0.917094 2.17891 -1.47509
v 0.533044 2.2126 -1.44538
v 0.559217 2.28579 -1.40042
v 0.688587 2.40646 0.047225
v 0.683015 2.4687 -0.014504
v 0.198459 2.30812 -1.26747
v 0.232643 2.37841 -1.22472
v 0.311896 2.44877 0.028161
v 0.305611 2.50868 -0.032838
v -0.075037 2.37935 -1.01375
v -0.040078 2.44661 -0.9684
v -0.009407 2.4462 -0.060984
v -0.015877 2.50227 -0.120579
v -0.25933 2.40535 -0.739006
v -0.226816 2.46665 -0.69199
v -0.177558 2.45548 -0.210135
v -0.221626 2.38558 -0.161986
v -0.289214 2.43448 -0.515841
v -0.352213 2.36143 -0.514495
v 1.59584 2.01422 -0.490336
v 1.3387 2.14839 -0.239601
v 1.77902 1.86979 -0.783458
v 1.90009 1.64077 -1.09741
v 1.01561 2.26264 -0.074106
v 1.59171 1.82944 -1.28445
v 1.25511 1.94116 -1.40112
v 0.890214 2.05242 -1.43894
v 0.531709 2.16016 -1.36901
v 0.650213 2.34527 -0.004307
v 0.204602 2.25305 -1.19667
v 0.270224 2.38758 -0.031707
v -0.068909 2.32112 -0.937259
v -0.052598 2.38064 -0.135111
v -0.245213 2.34306 -0.653177
v -0.201999 2.31512 -0.214064
v -0.302626 2.29388 -0.48393
v -0.279202 2.28816 -0.259375
v -0.329516 2.27754 -0.394308
v -0.403821 2.33273 -0.391576
v -0.339021 2.3447 -0.216638
v -0.606933 2.21786 -0.206636
v -0.552834 2.1987 -0.137476
v -0.486607 2.10528 -0.243499
v -0.541963 2.1239 -0.312852
v -0.610667 2.18618 -0.292211
v -0.48413 2.13642 -0.158117
v 0.669586 1.7076 1.25852
v 0.442852 1.86115 1.0081
v 0.48686 1.74753 1.42875
v 0.237099 1.89816 1.19619
v 0.761562 1.62375 1.12804
v 0.540904 1.77695 0.881256
v 0.89911 1.71856 1.06017
v 0.675753 1.87227 0.806862
v 1.09169 1.77666 0.906038
v 0.889069 1.93029 0.63343
v 0.023086 2.01298 0.91555
v 0.220051 1.98385 0.738701
v 0.312748 1.89659 0.62397
v 0.434738 1.99411 0.553238
v 0.635339 2.04457 0.388235
v -0.138707 2.09012 0.593881
v 0.008372 2.06765 0.462085
v 0.084353 1.97529 0.364112
v 0.187151 2.07621 0.307696
v 0.335475 2.11694 0.187531
v -0.229505 2.1024 0.301572
v -0.146497 2.08261 0.218489
v -0.105961 2.00449 0.145207
v -0.031997 2.08807 0.119539
v 0.058341 2.11925 0.054306
v -0.244723 2.00722 -0.016449
v 1.10832 1.53945 1.31766
v 1.24904 1.58933 1.18942
v 0.98013 1.44241 1.37094
v 0.9038 1.52969 1.49441
v 0.75455 1.56568 1.61693
v 1.16606 1.26775 1.57644
v 1.25342 1.35197 1.5392
v 1.11213 1.34523 1.6613
v 0.201275 1.70792 1.1307
v 0.417408 1.73876 0.972007
v 0.450884 1.56108 1.3624
v 0.64431 1.58508 1.22233
v 0.515582 1.65447 0.845201
v 0.736263 1.50131 1.092
v 0.873663 1.59603 1.02412
v 0.65041 1.74989 0.770685
v 1.03994 1.58973 0.853797
v 0.839571 1.73907 0.57931
v -0.007899 1.83243 0.854345
v 0.194425 1.86161 0.702713
v 0.287405 1.77408 0.587908
v 0.409509 1.87189 0.516917
v 0.591065 1.8618 0.336339
v -0.163303 1.92807 0.533391
v -0.017402 1.94551 0.426072
v 0.059003 1.85279 0.328055
v 0.161908 1.9541 0.271239
v 0.29255 1.95081 0.138022
v -0.243753 1.95827 0.245346
v -0.171824 1.96009 0.182413
v -0.131288 1.88197 0.109131
v -0.057324 1.96555 0.083464
v 0.019647 1.97133 0.01795
v 1.08282 1.41693 1.28163
v 1.20135 1.42383 1.1436
v 0.954842 1.31999 1.33492
v 0.878537 1.40718 1.45816
v 0.723387 1.40076 1.55633
v 1.14073 1.14523 1.54037
v 1.22809 1.22946 1.50312
v 1.0868 1.22271 1.62522
v 0.611788 1.51352 1.71723
v 0.579341 1.43425 1.75281
v 0.954349 1.36194 1.75767
v 0.932216 1.28283 1.79106
v 0.238727 1.58988 1.60857
v 0.284234 1.66348 1.57992
v 1.29511 1.14526 1.71901
v 1.32885 1.03857 1.75216
v -0.035626 1.73617 1.37435
v 0.015448 1.80649 1.35106
v 1.41119 1.30728 1.3779
v 1.37037 1.3818 1.39815
v 1.4156 1.47514 1.03066
v 1.37183 1.54971 1.06045
v 1.31346 1.64241 0.680401
v 1.27508 1.71109 0.723852
v 1.11348 1.79412 0.382528
v 1.07913 1.85989 0.433101
v -0.23568 1.86347 1.06416
v -0.18079 1.92994 1.04729
v 0.828977 1.92154 0.146846
v 0.799529 1.98352 0.203669
v -0.349145 1.95734 0.714351
v -0.295147 2.02155 0.696726
v 0.494981 2.01158 -0.00996
v 0.463419 2.07028 0.048012
v -0.376913 2.00413 0.38537
v -0.324231 2.06449 0.367478
v 0.172975 2.04346 -0.083586
v 0.139107 2.09648 -0.028211
v -0.295505 2.04609 0.179897
v -0.354741 1.97966 0.144907
v -0.047171 2.06113 -0.030979
v -0.069026 1.99731 -0.099948
v 0.589764 1.38999 1.66448
v 0.263162 1.54025 1.53128
v 0.93065 1.24243 1.71307
v 1.27098 1.02104 1.68423
v -0.006035 1.68548 1.30484
v 1.33622 1.26179 1.36258
v 1.32701 1.4255 1.02716
v 1.23403 1.58722 0.692248
v 1.0423 1.73728 0.39943
v -0.199611 1.81165 1.00182
v 0.765653 1.86146 0.1684
v -0.306401 1.90652 0.646114
v 0.42637 1.948 0.013044
v -0.321248 1.95017 0.310214
v 0.098447 1.97415 -0.050597
v -0.297889 1.9109 0.134835
v -0.079337 1.92178 -0.053637
v -0.281704 1.89772 0.043703
v -0.172428 1.90316 -0.050532
v -0.201702 1.96754 -0.110302
v -0.343495 1.95877 0.011204
v -0.443598 1.8688 -0.253087
v -0.489369 1.83787 -0.182196
v -0.365374 1.74379 -0.170822
v -0.319849 1.77437 -0.243026
v -0.364097 1.84379 -0.290437
v -0.44512 1.76845 -0.134784
v -1.80419 0.807281 -0.874621
v -1.55892 1.0721 -0.788565
v -1.74662 0.851324 -1.11692
v -1.48966 1.11517 -1.05769
v -1.79025 0.736656 -0.709298
v -1.55148 0.998643 -0.62321
v -1.90513 0.805134 -0.588349
v -1.66136 1.06992 -0.498106
v -2.01268 0.845916 -0.362546
v -1.77702 1.10985 -0.24517
v -1.22733 1.34791 -0.936201
v -1.29732 1.31177 -0.681812
v -1.28995 1.23391 -0.529318
v -1.39177 1.30976 -0.414102
v -1.49822 1.34395 -0.174284
v -0.975662 1.54171 -0.749907
v -1.02779 1.51399 -0.560116
v -1.0126 1.4317 -0.43011
v -1.10647 1.51231 -0.33723
v -1.18722 1.54033 -0.161751
v -0.772501 1.64896 -0.54727
v -0.795447 1.62882 -0.43215
v -0.767583 1.56318 -0.342532
v -0.845799 1.62775 -0.28934
v -0.900856 1.6488 -0.189772
v -0.58145 1.64225 -0.275456
v -2.13029 0.519403 -0.687412
v -2.20438 0.559957 -0.509633
v -2.01561 0.449929 -0.790905
v -2.04035 0.521316 -0.942496
v -1.98699 0.564493 -1.12654
v -2.19962 0.187289 -0.857749
v -2.28372 0.251729 -0.787846
v -2.22159 0.253049 -0.964076
v -1.36339 0.963377 -1.00494
v -1.47849 0.973604 -0.76102
v -1.62119 0.703324 -1.06381
v -1.72381 0.708643 -0.846899
v -1.47113 0.900021 -0.595629
v -1.70994 0.638055 -0.681721
v -1.82467 0.7065 -0.56084
v -1.58097 0.971421 -0.470439
v -1.88062 0.698201 -0.32954
v -1.64442 0.95799 -0.209065
v -1.1104 1.20282 -0.885407
v -1.21684 1.21343 -0.654463
v -1.20957 1.13527 -0.501741
v -1.31147 1.21142 -0.386267
v -1.37389 1.19804 -0.138078
v -0.870802 1.41199 -0.69792
v -0.947216 1.41579 -0.532829
v -0.932225 1.33307 -0.402541
v -1.02613 1.41411 -0.309294
v -1.07096 1.40899 -0.128215
v -0.684365 1.53216 -0.495052
v -0.715073 1.53017 -0.404552
v -0.687208 1.46453 -0.314933
v -0.765424 1.5291 -0.261741
v -0.800472 1.53009 -0.166763
v -2.04979 0.420788 -0.659935
v -2.08612 0.42956 -0.481747
v -1.93533 0.35135 -0.763338
v -1.95996 0.422698 -0.914722
v -1.8757 0.433874 -1.07759
v -2.11924 0.088639 -0.83015
v -2.20335 0.153079 -0.760248
v -2.14121 0.154399 -0.936477
v -1.89769 0.529211 -1.28127
v -1.85943 0.455201 -1.32204
v -2.14252 0.286926 -1.12858
v -2.11176 0.210867 -1.16221
v -1.57028 0.726195 -1.38526
v -1.62037 0.789746 -1.34329
v -2.32685 0.003826 -0.903985
v -2.33189 -0.112735 -0.906634
v -1.29093 0.992929 -1.33685
v -1.34685 1.05063 -1.29635
v -2.32329 0.207679 -0.565585
v -2.32547 0.283037 -0.609699
v -2.22776 0.448153 -0.279548
v -2.2319 0.522009 -0.333333
v -2.04359 0.717135 -0.045406
v -2.05629 0.780715 -0.107651
v -1.79789 0.984775 0.095087
v -1.8161 1.04282 0.029041
v -1.03093 1.24085 -1.18392
v -1.09154 1.29236 -1.14666
v -1.50293 1.23697 0.141049
v -1.52665 1.28865 0.072463
v -0.81182 1.4443 -0.950145
v -0.870554 1.49413 -0.912519
v -1.1903 1.44814 0.097162
v -1.21166 1.49703 0.026771
v -0.65561 1.57597 -0.686614
v -0.711789 1.62263 -0.649126
v -0.904887 1.58149 -0.007148
v -0.921179 1.62635 -0.076048
v -0.643222 1.64384 -0.472494
v -0.555425 1.60622 -0.467613
v -0.75525 1.64357 -0.166203
v -0.683422 1.60678 -0.113332
v -1.81205 0.432828 -1.23764
v -1.53748 0.692377 -1.3027
v -2.06066 0.192745 -1.09309
v -2.24745 -0.097039 -0.876745
v -1.26551 0.954846 -1.25822
v -2.23901 0.188952 -0.587247
v -2.13627 0.426281 -0.31796
v -1.96463 0.683886 -0.091815
v -1.72739 0.946548 0.048703
v -1.01369 1.19824 -1.10803
v -1.43982 1.19251 0.09496
v -0.797693 1.40229 -0.865875
v -1.1223 1.40145 0.047405
v -0.647775 1.5293 -0.589562
v -0.834588 1.52859 -0.068022
v -0.573021 1.52948 -0.424463
v -0.669471 1.52776 -0.152251
v -0.540033 1.53523 -0.337174
v -0.588257 1.53437 -0.201068
v -0.5598 1.61684 -0.17001
v -0.496269 1.61655 -0.345821
v -0.262207 1.62407 -0.163823
v -0.246229 1.59002 -0.245445
v -0.319529 1.46657 -0.184281
v -0.334585 1.50068 -0.101635
v -0.301305 1.58879 -0.08921
v -0.27951 1.50191 -0.257869
v -1.39887 0.31875 0.92744
v -1.21107 0.583566 0.747728
v -1.58883 0.362793 0.76639
v -1.41966 0.626639 0.5641
v -1.24515 0.248125 0.989874
v -1.06027 0.510113 0.815969
v -1.18933 0.316604 1.14707
v -0.998485 0.581386 0.970589
v -1.03671 0.357385 1.34521
v -0.825346 0.621317 1.18825
v -1.19254 0.859377 0.385226
v -0.997428 0.823236 0.56283
v -0.858125 0.745378 0.625308
v -0.801508 0.821227 0.768266
v -0.635892 0.855421 0.971775
v -0.91248 1.05317 0.245204
v -0.766872 1.02545 0.37763
v -0.644079 0.943174 0.422957
v -0.603775 1.02378 0.548708
v -0.483889 1.0518 0.700171
v -0.639811 1.16043 0.155829
v -0.547562 1.14029 0.228419
v -0.455041 1.07465 0.244158
v -0.443035 1.13922 0.337983
v -0.379193 1.16027 0.432159
v -0.310949 1.15372 0.108579
v -1.37962 0.030873 1.30296
v -1.25467 0.071426 1.44952
v -1.41997 -0.038601 1.15385
v -1.56633 0.032785 1.10726
v -1.70625 0.075962 0.976342
v -1.56289 -0.301241 1.28763
v -1.53865 -0.236802 1.39428
v -1.66764 -0.235481 1.25908
v -1.31544 0.474847 0.475414
v -1.15009 0.485073 0.688488
v -1.48468 0.214794 0.6786
v -1.33775 0.220113 0.868323
v -0.999295 0.41149 0.756821
v -1.1842 0.149525 0.930757
v -1.12837 0.217968 1.08779
v -0.937416 0.482891 0.911446
v -0.947485 0.20967 1.24241
v -0.733112 0.469459 1.08638
v -1.09431 0.714292 0.303973
v -0.936598 0.724902 0.503458
v -0.79714 0.646741 0.566132
v -0.740327 0.722889 0.709274
v -0.547311 0.709509 0.877319
v -0.818644 0.923459 0.175253
v -0.706054 0.927258 0.318143
v -0.583101 0.844543 0.363777
v -0.542489 0.925578 0.489732
v -0.401339 0.920462 0.611697
v -0.553343 1.04363 0.100894
v -0.486558 1.04164 0.169255
v -0.394037 0.976001 0.184994
v -0.382031 1.04057 0.278819
v -0.313221 1.04156 0.353076
v -1.31867 -0.067742 1.24363
v -1.17625 -0.05897 1.35671
v -1.35903 -0.13718 1.09475
v -1.50516 -0.065832 1.04816
v -1.61221 -0.054656 0.899285
v -1.50188 -0.399892 1.22847
v -1.47764 -0.335452 1.33511
v -1.60663 -0.334132 1.19991
v -1.80377 0.04068 0.826653
v -1.8228 -0.033329 0.774083
v -1.7785 -0.201605 1.11409
v -1.79456 -0.277664 1.07143
v -1.74822 0.237664 0.487649
v -1.73348 0.301215 0.55131
v -1.66173 -0.484704 1.38014
v -1.66637 -0.601266 1.38343
v -1.57856 0.504398 0.260502
v -1.56777 0.562096 0.328697
v -1.3584 -0.280852 1.53021
v -1.39872 -0.205495 1.51217
v -1.06011 -0.040378 1.57456
v -1.10994 0.033478 1.5539
v -0.767955 0.228604 1.51639
v -0.829202 0.292185 1.49952
v -0.53143 0.496244 1.36094
v -0.598561 0.554293 1.34727
v -1.32447 0.752316 0.097945
v -1.3187 0.803833 0.168853
v -0.356877 0.748441 1.11877
v -0.428771 0.80012 1.10886
v -1.01682 0.955766 0.008448
v -1.00987 1.0056 0.077854
v -0.254439 0.959606 0.820163
v -0.326872 1.0085 0.807333
v -0.711116 1.08744 -0.011489
v -0.703132 1.13409 0.055575
v -0.218192 1.09296 0.518453
v -0.287001 1.13781 0.501778
v -0.514598 1.15531 0.074427
v -0.470489 1.11769 -0.001642
v -0.292244 1.15504 0.313011
v -0.212577 1.11825 0.272912
v -1.72609 -0.055703 0.770058
v -1.65976 0.203846 0.49579
v -1.70979 -0.295786 1.05717
v -1.60148 -0.58557 1.32168
v -1.49695 0.466316 0.273449
v -1.33955 -0.299578 1.44525
v -1.05293 -0.06225 1.47559
v -0.773578 0.195356 1.42497
v -0.540858 0.458017 1.27708
v -1.249 0.709705 0.116936
v -0.369394 0.703977 1.04163
v -0.935284 0.91376 0.034013
v -0.268008 0.912919 0.737002
v -0.621038 1.04077 0.025474
v -0.240633 1.04006 0.428208
v -0.439985 1.04095 0.033586
v -0.240959 1.03923 0.242849
v -0.347221 1.0467 0.043703
v -0.247707 1.04584 0.148334
v -0.207129 1.12831 0.137025
v -0.335113 1.12802 0.000768
v -0.066851 1.13554 -0.125504
v -0.13239 1.10149 -0.176712
v -0.111049 0.978036 -0.083661
v -0.044181 1.01216 -0.032811
v -0.018032 1.10026 -0.056858
v -0.158538 1.01338 -0.152665
v 1.76266 0.406814 0.740247
v 1.46681 0.602108 0.630593
v 1.69042 0.455898 0.977595
v 1.38269 0.649753 0.894668
v 1.76914 0.321968 0.581272
v 1.48025 0.515971 0.471871
v 1.86895 0.404668 0.45592
v 1.57468 0.599934 0.342109
v 1.97054 0.4505 0.228332
v 1.68507 0.644608 0.087614
v 1.0783 0.807249 0.752244
v 1.1612 0.767671 0.502283
v 1.17536 0.678291 0.356744
v 1.26065 0.765674 0.236394
v 1.363 0.803749 -0.004622
v 0.794675 0.924174 0.548564
v 0.856607 0.893892 0.362138
v 0.863552 0.800248 0.239317
v 0.939455 0.892237 0.140768
v 1.01646 0.923649 -0.035813
v 0.578056 0.966639 0.336167
v 0.60791 0.943094 0.223299
v 0.59774 0.865974 0.139244
v 0.660936 0.942023 0.08146
v 0.712483 0.966928 -0.019093
v 0.400472 0.895646 0.064409
v 2.14954 0.185579 0.580122
v 2.21732 0.227489 0.400154
v 2.0506 0.100571 0.688163
v 2.05482 0.187492 0.833473
v 1.98839 0.232053 1.01287
v 2.28676 -0.107893 0.778025
v 2.35616 -0.031971 0.703643
v 2.29072 -0.03065 0.878675
v 1.2949 0.469791 0.853768
v 1.41113 0.486202 0.610728
v 1.6026 0.279777 0.936036
v 1.70706 0.290766 0.720217
v 1.42469 0.399955 0.451982
v 1.7136 0.205982 0.561384
v 1.81328 0.288621 0.436103
v 1.51905 0.484027 0.322123
v 1.87568 0.274764 0.206728
v 1.59069 0.464481 0.063264
v 0.998054 0.636051 0.712811
v 1.10543 0.651924 0.4826
v 1.11976 0.562255 0.33686
v 1.20507 0.649926 0.216228
v 1.27535 0.631245 -0.029505
v 0.722795 0.770519 0.506754
v 0.800712 0.778261 0.342505
v 0.807957 0.684219 0.21944
v 0.883814 0.776605 0.120491
v 0.933354 0.767327 -0.059188
v 0.519597 0.829268 0.29318
v 0.552323 0.827044 0.203393
v 0.542153 0.749926 0.119339
v 0.605348 0.825973 0.061555
v 0.641754 0.827268 -0.032907
v 2.09382 0.069545 0.560336
v 2.13191 0.072078 0.382317
v 1.99508 -0.015387 0.668283
v 1.99921 0.071455 0.81339
v 1.91037 0.07632 0.974118
v 2.23117 -0.223942 0.758119
v 2.30057 -0.148021 0.683738
v 2.23514 -0.146699 0.85877
v 1.90522 0.190019 1.16932
v 1.88339 0.112785 1.21581
v 2.20184 -0.002442 1.03918
v 2.18795 -0.08055 1.07879
v 1.53951 0.316076 1.25407
v 1.57523 0.385712 1.20733
v 2.45048 -0.253837 0.840332
v 2.48133 -0.365704 0.852707
v 1.20904 0.508568 1.18151
v 1.25171 0.573946 1.13678
v 2.41034 -0.083511 0.486125
v 2.3945 -0.006332 0.523833
v 2.27105 0.105888 0.180354
v 2.2572 0.182818 0.227838
v 2.03767 0.307192 -0.07675
v 2.03423 0.376735 -0.019915
v 1.74219 0.500811 -0.240887
v 1.74526 0.566521 -0.179763
v 0.904354 0.678835 1.00651
v 0.95289 0.739521 0.96556
v 1.39968 0.675872 -0.309915
v 1.40948 0.736835 -0.245687
v 0.651538 0.808676 0.754961
v 0.698632 0.867275 0.713766
v 1.04679 0.814251 -0.286127
v 1.05486 0.872125 -0.219888
v 0.476809 0.880567 0.480207
v 0.522117 0.935518 0.439395
v 0.736192 0.88796 -0.195447
v 0.740261 0.940655 -0.130395
v 0.455172 0.926705 0.261095
v 0.378142 0.870068 0.258694
v 0.572381 0.927282 -0.043251
v 0.511975 0.871232 -0.093422
v 1.84441 0.073717 1.13321
v 1.51725 0.269313 1.17436
v 2.144 -0.115112 1.01103
v 2.39632 -0.371792 0.820974
v 1.19482 0.459634 1.10613
v 2.33182 -0.118904 0.50863
v 2.18578 0.067151 0.219756
v 1.96694 0.260855 -0.028336
v 1.6808 0.451535 -0.192021
v 0.899039 0.627554 0.9343
v 1.34691 0.622177 -0.260766
v 0.649342 0.758016 0.674373
v 0.989645 0.757588 -0.233177
v 0.482118 0.825776 0.387319
v 0.677907 0.825631 -0.130919
v 0.413537 0.796059 0.222214
v 0.515001 0.794434 -0.048171
v 0.382383 0.787312 0.134501
v 0.433115 0.786499 -0.000691
v 0.387792 0.857738 -0.038718
v 0.321369 0.857146 0.136019
v 0.096354 0.797452 -0.047748
v 0.086256 0.767272 0.036301
v 0.186824 0.658974 -0.01382
v 0.196036 0.688931 -0.098902
v 0.14427 0.766042 -0.118867
v 0.138023 0.690161 0.056265
v -0.492018 -0.052151 -1.693
v -0.347312 0.143143 -1.41263
v -0.278705 -0.003067 -1.8197
v -0.107212 0.190787 -1.55106
v -0.603933 -0.136997 -1.57991
v -0.464201 0.057006 -1.30441
v -0.762148 -0.054297 -1.55455
v -0.62141 0.140968 -1.27216
v -0.990565 -0.008465 -1.45484
v -0.874463 0.185643 -1.15851
v 0.021721 0.348284 -1.24071
v -0.207967 0.308705 -1.11189
v -0.3165 0.219326 -1.0139
v -0.460621 0.306709 -0.982449
v -0.698651 0.344783 -0.873337
v 0.094032 0.465209 -0.899103
v -0.077351 0.434927 -0.803092
v -0.165245 0.341282 -0.717023
v -0.287734 0.433271 -0.695355
v -0.463624 0.464684 -0.616777
v 0.110962 0.507673 -0.596201
v 0.012848 0.484128 -0.532924
v -0.036278 0.40701 -0.463964
v -0.121909 0.483058 -0.463854
v -0.227753 0.507962 -0.424294
v 0.05905 0.436682 -0.275743
v -0.88577 -0.273386 -1.83539
v -1.05712 -0.231476 -1.74809
v -0.739864 -0.358394 -1.84855
v -0.64507 -0.271474 -1.95876
v -0.475098 -0.226912 -2.04655
v -0.853804 -0.566858 -2.07408
v -0.955203 -0.490936 -2.06589
v -0.788911 -0.489615 -2.15112
v -0.069908 0.010825 -1.46168
v -0.319558 0.027237 -1.36043
v -0.241822 -0.179188 -1.72981
v -0.464436 -0.1682 -1.64074
v -0.436547 -0.05901 -1.25227
v -0.576299 -0.252983 -1.52779
v -0.734364 -0.170344 -1.50239
v -0.593773 0.025062 -1.21991
v -0.935034 -0.184202 -1.37496
v -0.82114 0.005516 -1.07692
v 0.054438 0.177086 -1.15751
v -0.180025 0.192958 -1.05976
v -0.288823 0.10329 -0.961742
v -0.433143 0.190961 -0.930097
v -0.650658 0.17228 -0.79589
v 0.118968 0.311554 -0.819775
v -0.049281 0.319296 -0.750921
v -0.137562 0.225253 -0.664874
v -0.260286 0.31764 -0.642879
v -0.417966 0.308363 -0.543502
v 0.125189 0.370302 -0.525048
v 0.040507 0.368078 -0.480759
v -0.008619 0.29096 -0.4118
v -0.09425 0.367008 -0.41169
v -0.184802 0.368303 -0.366426
v -0.857933 -0.38942 -1.78323
v -1.00603 -0.386887 -1.67736
v -0.71224 -0.474352 -1.79645
v -0.617514 -0.38751 -1.90645
v -0.443567 -0.382645 -1.96534
v -0.826145 -0.682908 -2.02192
v -0.927544 -0.606986 -2.01373
v -0.761252 -0.605665 -2.09896
v -0.308218 -0.268947 -2.1061
v -0.260763 -0.34618 -2.12574
v -0.615076 -0.461407 -2.20982
v -0.578127 -0.539515 -2.22973
v 0.019096 -0.142889 -1.92228
v -0.038784 -0.073253 -1.91182
v -0.932786 -0.712802 -2.23044
v -0.947238 -0.824669 -2.26037
v 0.214378 0.049603 -1.64599
v 0.15271 0.114982 -1.64169
v -1.14181 -0.542477 -1.94168
v -1.10469 -0.465297 -1.95887
v -1.24493 -0.353077 -1.62189
v -1.2027 -0.276147 -1.64765
v -1.24574 -0.151773 -1.27467
v -1.20491 -0.08223 -1.31434
v -1.13803 0.041845 -0.95428
v -1.09911 0.107555 -1.00151
v 0.321577 0.219869 -1.31137
v 0.258124 0.280557 -1.31382
v -0.931473 0.216908 -0.672481
v -0.895433 0.27787 -0.726539
v 0.338871 0.34971 -0.955152
v 0.276316 0.40831 -0.956447
v -0.654701 0.355286 -0.45226
v -0.616028 0.413159 -0.506639
v 0.282832 0.421602 -0.634403
v 0.221854 0.476553 -0.634779
v -0.364107 0.428995 -0.309967
v -0.323279 0.481689 -0.360774
v 0.15117 0.467741 -0.457928
v 0.206467 0.411103 -0.404248
v -0.140514 0.468317 -0.312037
v -0.129691 0.412266 -0.234262
v -0.287626 -0.385248 -2.03844
v -0.018163 -0.189652 -1.84839
v -0.591312 -0.574078 -2.15005
v -0.905813 -0.830757 -2.17965
v 0.17409 0.000669 -1.58071
v -1.06863 -0.577869 -1.9054
v -1.15538 -0.391814 -1.59355
v -1.16086 -0.19811 -1.26277
v -1.05974 -0.007431 -0.949024
v 0.276848 0.168589 -1.25444
v -0.859365 0.163212 -0.673236
v 0.28619 0.299051 -0.894127
v -0.5768 0.298623 -0.452879
v 0.216316 0.36681 -0.569349
v -0.277559 0.366666 -0.31837
v 0.155733 0.337094 -0.401145
v -0.101433 0.335469 -0.269736
v 0.119647 0.328346 -0.315342
v -0.008937 0.327534 -0.249639
v -0.001074 0.398772 -0.191001
v 0.165752 0.398181 -0.27535
v 0.208177 0.338486 0.012055
v 0.272274 0.308306 -0.043241
v 0.164193 0.200008 -0.073975
v 0.100055 0.229965 -0.017319
v 0.12485 0.307076 0.032316
v 0.247478 0.231195 -0.092875
v -1.27049 2.6282 1.45467
v -1.16941 2.74634 1.11775
v -1.50617 2.69632 1.39322
v -1.4329 2.81466 1.04712
v -1.12359 2.52418 1.4654
v -1.02218 2.64242 1.13555
v -0.978968 2.60537 1.53616
v -0.873628 2.72318 1.20045
v -0.737919 2.6364 1.60792
v -0.605246 2.75089 1.27889
v -1.30514 2.88977 0.706858
v -1.05469 2.83108 0.775797
v -0.9208 2.72604 0.796002
v -0.782071 2.80975 0.852054
v -0.528666 2.83146 0.925048
v -1.11981 2.92059 0.390152
v -0.93311 2.8761 0.441823
v -0.822928 2.76881 0.457659
v -0.70613 2.85835 0.505353
v -0.519816 2.87806 0.5601
v -0.928064 2.89047 0.153161
v -0.816494 2.85703 0.178034
v -0.744308 2.76812 0.176929
v -0.671067 2.84563 0.218686
v -0.563276 2.86513 0.255959
v -0.687791 2.74897 -0.027606
v -1.09899 2.46331 1.86414
v -0.90901 2.49099 1.90749
v -1.22674 2.37756 1.79331
v -1.35875 2.48366 1.79153
v -1.53722 2.54016 1.73203
v -1.31629 2.23252 2.07303
v -1.22603 2.3087 2.11955
v -1.40549 2.32276 2.06938
v -1.42441 2.61739 0.99441
v -1.17024 2.62038 1.08516
v -1.49655 2.50268 1.33965
v -1.27116 2.50209 1.42218
v -1.02299 2.51637 1.10309
v -1.12439 2.39816 1.43296
v -0.979862 2.47928 1.50361
v -0.874334 2.59721 1.1679
v -0.748689 2.44467 1.549
v -0.613804 2.55459 1.2211
v -1.2962 2.70264 0.659864
v -1.05569 2.70529 0.743102
v -0.921617 2.59996 0.763521
v -0.782574 2.68392 0.819504
v -0.535029 2.64376 0.872252
v -1.10544 2.75175 0.347598
v -0.934157 2.7504 0.408984
v -0.823753 2.64274 0.425174
v -0.706514 2.7326 0.472712
v -0.525159 2.70715 0.508592
v -0.909067 2.73981 0.120335
v -0.817292 2.73094 0.145559
v -0.745106 2.64204 0.144454
v -0.671866 2.71955 0.18621
v -0.574648 2.71412 0.213945
v -1.09992 2.33723 1.83154
v -0.919947 2.32133 1.854
v -1.22754 2.25158 1.76089
v -1.35938 2.35755 1.75901
v -1.52678 2.36858 1.68414
v -1.31709 2.10643 2.04056
v -1.22683 2.18261 2.08707
v -1.40629 2.19667 2.03691
v -1.70566 2.50608 1.67179
v -1.7635 2.43361 1.66976
v -1.56976 2.35642 1.98974
v -1.62008 2.28361 1.99509
v -1.81244 2.57169 1.29615
v -1.75383 2.63937 1.31325
v -1.37856 2.13058 2.26724
v -1.40148 2.02951 2.32088
v -1.752 2.6859 0.928957
v -1.69516 2.75104 0.953868
v -1.01215 2.23763 2.16545
v -1.04138 2.31503 2.13744
v -0.701679 2.35145 1.96689
v -0.740373 2.43039 1.94166
v -0.447753 2.46605 1.67796
v -0.495484 2.54112 1.66513
v -0.293105 2.57482 1.33738
v -0.344854 2.64801 1.33202
v -1.59053 2.76868 0.58323
v -1.53738 2.83092 0.615114
v -0.239605 2.67033 0.962235
v -0.294293 2.74063 0.964647
v -1.3531 2.81099 0.290172
v -1.30012 2.8709 0.321049
v -0.283353 2.74157 0.591748
v -0.340596 2.80883 0.593257
v -1.09169 2.80841 0.083166
v -1.03974 2.86449 0.113067
v -0.396667 2.76757 0.280928
v -0.453811 2.82887 0.27948
v -0.872094 2.8177 0.035247
v -0.885014 2.7478 -0.028733
v -0.559327 2.7967 0.125246
v -0.52328 2.72364 0.07356
v -1.69106 2.37644 1.63298
v -1.74204 2.51061 1.27747
v -1.56224 2.23201 1.95373
v -1.37999 2.00299 2.23659
v -1.68528 2.62486 0.918917
v -1.04713 2.19166 2.09773
v -0.754473 2.30338 1.89459
v -0.508837 2.41464 1.62211
v -0.354009 2.52238 1.29129
v -1.52629 2.70749 0.582606
v -0.300421 2.61526 0.925463
v -1.28017 2.74979 0.291798
v -0.348757 2.68334 0.55161
v -1.00636 2.74286 0.091969
v -0.474322 2.70528 0.24174
v -0.854514 2.67734 0.017818
v -0.577199 2.6561 0.095601
v -0.772405 2.65037 -0.017839
v -0.633747 2.63976 0.021052
v -0.592155 2.69495 -0.040583
v -0.771669 2.70692 -0.091352
v -0.62183 2.58008 -0.31367
v -0.709586 2.56092 -0.310734
v -0.662977 2.4675 -0.194741
v -0.574324 2.48612 -0.198578
v -0.550501 2.5484 -0.266245
v -0.733409 2.49864 -0.243067
v -1.50934 -0.530618 -0.096486
v -1.19392 -0.335324 -0.104533
v -1.5304 -0.481534 -0.343688
v -1.21388 -0.287679 -0.380963
v -1.45632 -0.615464 0.053529
v -1.14747 -0.421461 0.047833
v -1.50245 -0.532764 0.206981
v -1.18696 -0.337499 0.203382
v -1.51226 -0.486932 0.456018
v -1.19495 -0.292824 0.48067
v -0.878364 -0.130183 -0.361753
v -0.862517 -0.169761 -0.098882
v -0.821621 -0.259141 0.041508
v -0.856128 -0.171758 0.184927
v -0.86166 -0.133684 0.446715
v -0.539387 -0.013258 -0.277956
v -0.527665 -0.04354 -0.081864
v -0.488506 -0.137185 0.034755
v -0.522386 -0.045195 0.154442
v -0.528319 -0.013783 0.346994
v -0.259387 0.029206 -0.161186
v -0.245194 0.005661 -0.045302
v -0.204538 -0.071457 0.028966
v -0.241758 0.004591 0.106085
v -0.252281 0.029495 0.218591
v 0.006414 -0.041786 0.025197
v -1.8091 -0.751853 0.195851
v -1.8052 -0.709943 0.38812
v -1.75735 -0.836861 0.058796
v -1.81523 -0.74994 -0.074554
v -1.82017 -0.705379 -0.265793
v -2.00999 -1.04533 0.063056
v -2.04681 -0.969403 0.157888
v -2.05105 -0.968082 -0.028925
v -1.11718 -0.467642 -0.375587
v -1.13485 -0.45123 -0.106765
v -1.43343 -0.657655 -0.337713
v -1.45028 -0.646667 -0.098534
v -1.08849 -0.537477 0.045665
v -1.39737 -0.73145 0.051371
v -1.4434 -0.648811 0.204707
v -1.12788 -0.453405 0.20128
v -1.41616 -0.662668 0.440853
v -1.09828 -0.47295 0.468234
v -0.789216 -0.301382 -0.354937
v -0.803427 -0.285509 -0.101315
v -0.762619 -0.375177 0.039327
v -0.797034 -0.287506 0.183012
v -0.77104 -0.306187 0.437273
v -0.457123 -0.166913 -0.265828
v -0.468475 -0.159171 -0.08439
v -0.429505 -0.253214 0.032566
v -0.463194 -0.160827 0.152608
v -0.44247 -0.170105 0.337836
v -0.189145 -0.108165 -0.142981
v -0.18619 -0.110389 -0.047462
v -0.145534 -0.187507 0.026807
v -0.182754 -0.111459 0.103926
v -0.181479 -0.110164 0.205152
v -1.75001 -0.867887 0.193532
v -1.71927 -0.865354 0.372967
v -1.69842 -0.952819 0.056638
v -1.75614 -0.865977 -0.076557
v -1.73334 -0.861112 -0.258783
v -1.95099 -1.16138 0.060895
v -1.98781 -1.08545 0.155729
v -1.99205 -1.08413 -0.031086
v -1.80103 -0.747413 -0.441944
v -1.79803 -0.824647 -0.493217
v -2.02812 -0.939874 -0.210965
v -2.02994 -1.01798 -0.252898
v -1.49295 -0.621356 -0.656431
v -1.50875 -0.55172 -0.599777
v -2.18514 -1.19127 0.065999
v -2.21838 -1.30314 0.065962
v -1.15916 -0.428864 -0.711776
v -1.18217 -0.363485 -0.6544
v -2.01635 -1.02094 0.379974
v -2.01564 -0.943764 0.339079
v -1.77347 -0.831544 0.612157
v -1.77824 -0.754614 0.562926
v -1.4613 -0.63024 0.764215
v -1.47922 -0.560697 0.710168
v -1.126 -0.436622 0.806893
v -1.15155 -0.370912 0.751279
v -0.811276 -0.258598 -0.662428
v -0.841136 -0.197911 -0.606386
v -0.78235 -0.26156 0.743801
v -0.815298 -0.200597 0.687803
v -0.483129 -0.128757 -0.522748
v -0.511557 -0.070157 -0.467011
v -0.463522 -0.123181 0.59067
v -0.495611 -0.065308 0.532165
v -0.218867 -0.056865 -0.332523
v -0.24578 -0.001914 -0.277805
v -0.208807 -0.049472 0.391139
v -0.236742 0.003222 0.332251
v -0.117412 -0.010726 -0.137112
v -0.044999 -0.067364 -0.163487
v -0.113226 -0.010149 0.188996
v -0.038509 -0.066201 0.213149
v -1.73117 -0.863715 -0.430993
v -1.44268 -0.668119 -0.590692
v -1.96397 -1.05254 -0.206305
v -2.12767 -1.30922 0.06386
v -1.11797 -0.477798 -0.647069
v -1.9518 -1.05634 0.329922
v -1.70892 -0.870281 0.543907
v -1.41361 -0.676577 0.692997
v -1.08715 -0.485898 0.738727
v -0.779528 -0.309878 -0.597359
v -0.751604 -0.315255 0.67857
v -0.451164 -0.179416 -0.448738
v -0.430129 -0.179844 0.520288
v -0.189303 -0.111657 -0.244306
v -0.178652 -0.111801 0.309581
v -0.064317 -0.141373 -0.116472
v -0.058122 -0.142998 0.172256
v -0.002819 -0.150121 -0.0466
v 0.000278 -0.150933 0.097764
v 0.056482 -0.079695 0.116243
v 0.053269 -0.080286 -0.070666
v 0.330434 -0.13998 0.016405
v 0.3086 -0.17016 -0.065384
v 0.233835 -0.278458 0.018498
v 0.256875 -0.248502 0.100918
v 0.312354 -0.171391 0.100232
v 0.253121 -0.247272 -0.064698
v -0.279892 -0.974996 1.7193
v -0.208551 -0.779702 1.41196
v -0.524473 -0.925911 1.67767
v -0.481146 -0.732057 1.36192
v -0.121374 -1.05984 1.70562
v -0.049403 -0.865839 1.40521
v 0.015598 -0.977143 1.78877
v 0.091263 -0.781876 1.48246
v 0.25421 -0.93131 1.86074
v 0.357679 -0.737203 1.55976
v -0.378379 -0.574561 1.04196
v -0.119938 -0.61414 1.09257
v 0.026222 -0.703519 1.0882
v 0.156397 -0.616136 1.15758
v 0.408426 -0.578062 1.22862
v -0.21222 -0.457636 0.734846
v -0.019457 -0.487918 0.772694
v 0.103256 -0.581563 0.764043
v 0.210616 -0.489573 0.826867
v 0.395522 -0.458161 0.880918
v -0.028937 -0.415171 0.493095
v 0.086801 -0.438717 0.508429
v 0.168894 -0.515835 0.487706
v 0.234209 -0.439787 0.543083
v 0.340476 -0.414882 0.581493
v 0.218169 -0.486164 0.282555
v -0.072106 -1.19623 2.08281
v 0.114991 -1.15432 2.12728
v -0.191796 -1.28124 1.99834
v -0.335404 -1.19432 2.02092
v -0.521765 -1.14976 1.97772
v -0.251056 -1.4897 2.24397
v -0.168492 -1.41378 2.3034
v -0.350396 -1.41246 2.26064
v -0.451683 -0.91202 1.26966
v -0.19589 -0.895607 1.35421
v -0.494359 -1.10203 1.5853
v -0.267057 -1.09105 1.66162
v -0.036704 -0.981855 1.34757
v -0.108674 -1.17583 1.64801
v 0.028211 -1.09319 1.73103
v 0.10405 -0.897784 1.42475
v 0.263638 -1.10705 1.76391
v 0.369893 -0.917329 1.46307
v -0.349415 -0.745759 0.957371
v -0.107469 -0.729887 1.03476
v 0.038913 -0.819555 1.03054
v 0.169369 -0.731884 1.0999
v 0.422019 -0.750565 1.13853
v -0.17984 -0.611291 0.658254
v -0.007053 -0.603549 0.714763
v 0.115939 -0.697591 0.70638
v 0.223691 -0.605205 0.769109
v 0.408194 -0.614483 0.795517
v 0.006308 -0.552542 0.429667
v 0.099514 -0.554766 0.450769
v 0.181606 -0.631885 0.430047
v 0.246921 -0.555837 0.485424
v 0.34523 -0.554542 0.509585
v -0.059528 -1.31226 2.02504
v 0.121879 -1.30973 2.0403
v -0.179101 -1.3972 1.94075
v -0.322518 -1.31035 1.96321
v -0.493194 -1.30549 1.89542
v -0.238344 -1.60575 2.18631
v -0.15578 -1.52983 2.24574
v -0.337684 -1.52851 2.20298
v -0.687482 -1.19179 1.915
v -0.736363 -1.26902 1.89923
v -0.520861 -1.38425 2.19277
v -0.56191 -1.46236 2.18401
v -0.817816 -1.06573 1.56296
v -0.76694 -0.996098 1.59247
v -0.292148 -1.63565 2.41426
v -0.300523 -1.74751 2.44642
v -0.787652 -0.873242 1.22596
v -0.737884 -0.807863 1.26263
v 0.054133 -1.46532 2.32963
v 0.014724 -1.38814 2.31868
v 0.339823 -1.27592 2.15277
v 0.290969 -1.19899 2.14504
v 0.565333 -1.07462 1.88874
v 0.508521 -1.00507 1.89251
v 0.690767 -0.881 1.57486
v 0.630523 -0.81529 1.58564
v -0.652606 -0.702976 0.901583
v -0.605847 -0.642289 0.944548
v 0.715906 -0.705938 1.22637
v 0.653434 -0.644975 1.24422
v -0.435068 -0.573134 0.618973
v -0.388246 -0.514534 0.660476
v 0.647661 -0.567559 0.879325
v 0.582975 -0.509686 0.89571
v -0.184629 -0.501243 0.410885
v -0.138413 -0.446292 0.450666
v 0.518413 -0.49385 0.582699
v 0.454399 -0.441156 0.594967
v 0.029985 -0.455104 0.361701
v 0.02262 -0.511742 0.284986
v 0.346714 -0.454528 0.439461
v 0.388839 -0.510579 0.373193
v -0.659353 -1.30809 1.85012
v -0.741568 -1.1125 1.53079
v -0.500255 -1.49692 2.13184
v -0.2798 -1.7536 2.35809
v -0.714682 -0.922176 1.20232
v 0.021875 -1.50071 2.25459
v 0.289949 -1.31466 2.07316
v 0.508359 -1.12095 1.8247
v 0.634527 -0.930276 1.52015
v -0.581653 -0.754256 0.887175
v 0.660476 -0.759633 1.18025
v -0.355406 -0.623794 0.606598
v 0.587906 -0.624222 0.829342
v -0.091816 -0.556035 0.4044
v 0.447028 -0.556179 0.533047
v 0.063285 -0.585751 0.315481
v 0.344334 -0.587376 0.381919
v 0.146352 -0.594499 0.273479
v 0.286876 -0.595311 0.306699
v 0.318864 -0.524073 0.256929
v 0.137126 -0.524664 0.213148
v 0.290947 -0.584358 -0.033309
v 0.206297 -0.614539 -0.032692
v 0.268739 -0.722836 0.060726
v 0.354303 -0.69288 0.0591
v 0.367557 -0.615768 0.005223
v 0.193042 -0.69165 0.021184
v 1.73764 -1.56443 1.05659
v 1.46542 -1.36914 0.897059
v 1.62514 -1.51535 1.27772
v 1.33657 -1.3215 1.14243
v 1.77173 -1.64928 0.901182
v 1.50633 -1.45528 0.743108
v 1.89186 -1.56658 0.795145
v 1.62192 -1.37131 0.631789
v 2.03155 -1.52075 0.588742
v 1.77497 -1.32664 0.400427
v 1.06166 -1.164 0.949138
v 1.18685 -1.20358 0.717452
v 1.22616 -1.29296 0.576608
v 1.33112 -1.20557 0.472964
v 1.47391 -1.1675 0.253474
v 0.817872 -1.04707 0.699147
v 0.911346 -1.07736 0.526368
v 0.93959 -1.171 0.406637
v 1.0315 -1.07901 0.322824
v 1.13811 -1.0476 0.162366
v 0.641584 -1.00461 0.452249
v 0.690652 -1.02815 0.346312
v 0.695286 -1.10527 0.26177
v 0.767585 -1.02922 0.215883
v 0.835868 -1.00432 0.125853
v 0.514079 -1.0756 0.153701
v 2.1465 -1.78567 0.966345
v 2.24461 -1.74376 0.800943
v 2.03025 -1.87068 1.05549
v 2.00908 -1.78376 1.19931
v 1.9124 -1.73919 1.36439
v 2.24713 -2.07914 1.18513
v 2.32843 -2.00322 1.12399
v 2.2335 -2.0019 1.28493
v 1.25725 -1.50146 1.08686
v 1.41406 -1.48504 0.867795
v 1.5459 -1.69147 1.22149
v 1.68638 -1.68048 1.02718
v 1.45507 -1.57129 0.71384
v 1.7205 -1.76527 0.871921
v 1.84048 -1.68263 0.765927
v 1.57062 -1.48722 0.602414
v 1.94191 -1.69649 0.550938
v 1.68628 -1.50677 0.360002
v 0.989514 -1.3352 0.896325
v 1.13537 -1.31932 0.68835
v 1.17488 -1.40899 0.547338
v 1.27991 -1.32132 0.443421
v 1.39194 -1.34 0.213697
v 0.754379 -1.20073 0.64545
v 0.859727 -1.19299 0.497294
v 0.88831 -1.28703 0.377375
v 0.980251 -1.19464 0.293161
v 1.06035 -1.20392 0.124865
v 0.591512 -1.14198 0.399731
v 0.639384 -1.1442 0.317022
v 0.644018 -1.22132 0.232482
v 0.716317 -1.14527 0.186596
v 0.768629 -1.14398 0.099924
v 2.09508 -1.9017 0.93715
v 2.16361 -1.89917 0.768494
v 1.97905 -1.98663 1.02624
v 1.95782 -1.89979 1.16984
v 1.84233 -1.89493 1.31263
v 2.19587 -2.19519 1.15585
v 2.27717 -2.11927 1.0947
v 2.18223 -2.11795 1.25565
v 1.80323 -1.78123 1.50395
v 1.77364 -1.85846 1.54593
v 2.118 -1.97369 1.4275
v 2.09742 -2.0518 1.46408
v 1.42836 -1.65517 1.52366
v 1.47167 -1.58554 1.48387
v 2.39749 -2.22508 1.27502
v 2.42571 -2.33695 1.29258
v 1.11559 -1.46268 1.39462
v 1.1654 -1.3973 1.35801
v 2.41969 -2.05476 0.919239
v 2.39752 -1.97758 0.953608
v 2.33582 -1.86536 0.593872
v 2.31391 -1.78843 0.638214
v 2.15082 -1.66406 0.30003
v 2.13753 -1.59451 0.355394
v 1.88847 -1.47044 0.086908
v 1.88084 -1.40473 0.14763
v 0.846064 -1.29241 1.1692
v 0.900992 -1.23173 1.13733
v 1.56323 -1.29538 -0.040755
v 1.56169 -1.23441 0.024197
v 0.640956 -1.16257 0.877439
v 0.694507 -1.10397 0.845082
v 1.21159 -1.157 -0.078833
v 1.208 -1.09912 -0.012202
v 0.516783 -1.09068 0.57644
v 0.568511 -1.03573 0.544148
v 0.889948 -1.08329 -0.04367
v 0.882619 -1.03059 0.021094
v 0.533665 -1.04454 0.356909
v 0.458232 -1.10118 0.34112
v 0.70212 -1.04397 0.077649
v 0.651383 -1.10002 0.017717
v 1.74965 -1.89753 1.45779
v 1.42032 -1.70194 1.4413
v 2.06595 -2.08636 1.3897
v 2.34753 -2.34304 1.24652
v 1.11473 -1.51161 1.31792
v 2.33846 -2.09015 0.927715
v 2.24499 -1.9041 0.617809
v 2.07274 -1.71039 0.335375
v 1.81951 -1.51971 0.12433
v 0.853414 -1.34369 1.09717
v 1.50271 -1.34907 -0.001555
v 0.652837 -1.21323 0.797703
v 1.1461 -1.21366 -0.036651
v 0.538199 -1.14547 0.485899
v 0.82131 -1.14562 0.009714
v 0.499442 -1.17519 0.311368
v 0.646475 -1.17681 0.062805
v 0.484051 -1.18394 0.219568
v 0.557568 -1.18475 0.095286
v 0.519566 -1.11351 0.049941
v 0.423706 -1.1141 0.21043
v 0.234162 -1.1738 -0.009741
v 0.20957 -1.20398 0.071262
v 0.317334 -1.31227 0.039434
v 0.341234 -1.28232 -0.04274
v 0.293739 -1.20521 -0.071421
v 0.257065 -1.28109 0.099943
v 2.02377 -1.01245 -0.758812
v 1.74846 -0.817158 -0.604667
v 2.15763 -0.963368 -0.549925
v 1.89497 -0.769513 -0.369407
v 1.90694 -1.0973 -0.866821
v 1.63634 -0.903295 -0.717813
v 1.87622 -1.0146 -1.02408
v 1.59877 -0.819333 -0.873837
v 1.76881 -0.968766 -1.24898
v 1.47659 -0.774658 -1.12288
v 1.58918 -0.612017 -0.230008
v 1.45263 -0.651596 -0.455188
v 1.35101 -0.740975 -0.560329
v 1.31469 -0.653592 -0.7033
v 1.19755 -0.615518 -0.937487
v 1.25023 -0.495092 -0.146136
v 1.14845 -0.525373 -0.314159
v 1.05945 -0.619019 -0.39908
v 1.03363 -0.527029 -0.520761
v 0.949123 -0.495616 -0.693881
v 0.948074 -0.452628 -0.118928
v 0.881501 -0.476172 -0.214836
v 0.810913 -0.553291 -0.261592
v 0.807895 -0.477243 -0.34717
v 0.764761 -0.452338 -0.451609
v 0.626038 -0.52362 -0.159925
v 2.1527 -1.23369 -1.15717
v 2.05963 -1.19178 -1.32546
v 2.1708 -1.31869 -1.0118
v 2.28417 -1.23177 -0.920802
v 2.37768 -1.18721 -0.75391
v 2.39233 -1.52716 -1.13333
v 2.3807 -1.45124 -1.2344
v 2.47153 -1.44992 -1.07109
v 1.80692 -0.949476 -0.329089
v 1.69724 -0.933064 -0.575156
v 2.06905 -1.13949 -0.51001
v 1.97247 -1.1285 -0.729471
v 1.58517 -1.01931 -0.688403
v 1.85579 -1.21328 -0.837433
v 1.82503 -1.13065 -0.994544
v 1.54749 -0.935239 -0.844441
v 1.69086 -1.1445 -1.19077
v 1.39686 -0.954785 -1.06682
v 1.50714 -0.783215 -0.194484
v 1.40149 -0.767343 -0.425491
v 1.29982 -0.857011 -0.530898
v 1.2633 -0.76934 -0.67406
v 1.12178 -0.788021 -0.886891
v 1.17179 -0.648747 -0.11852
v 1.09726 -0.641005 -0.284333
v 1.00827 -0.735048 -0.36964
v 0.982116 -0.642661 -0.491548
v 0.877441 -0.651939 -0.645761
v 0.877445 -0.589998 -0.102293
v 0.830306 -0.592222 -0.185422
v 0.759718 -0.669341 -0.232178
v 0.756699 -0.593293 -0.317755
v 0.708387 -0.591998 -0.406718
v 2.10151 -1.34972 -1.12758
v 1.99067 -1.34719 -1.272
v 2.11967 -1.43465 -0.982421
v 2.23283 -1.34781 -0.891485
v 2.29759 -1.34295 -0.719638
v 2.34114 -1.64321 -1.10392
v 2.32951 -1.56729 -1.20498
v 2.42034 -1.56597 -1.04168
v 2.44286 -1.22925 -0.589148
v 2.46411 -1.30648 -0.542388
v 2.5361 -1.42171 -0.899353
v 2.55726 -1.49982 -0.863101
v 2.27027 -1.10319 -0.25578
v 2.25785 -1.03355 -0.313271
v 2.54592 -1.6731 -1.21758
v 2.57534 -1.78497 -1.23304
v 2.00077 -0.910698 -0.051227
v 1.99438 -0.845319 -0.112714
v 2.25023 -1.50278 -1.41668
v 2.26867 -1.4256 -1.38017
v 1.92712 -1.31338 -1.50888
v 1.9543 -1.23645 -1.46755
v 1.58007 -1.11207 -1.4979
v 1.62111 -1.04253 -1.45843
v 1.26353 -0.918456 -1.37936
v 1.31205 -0.852746 -1.34206
v 1.66999 -0.740432 0.067275
v 1.67028 -0.679744 0.003775
v 0.988904 -0.743394 -1.16335
v 1.04416 -0.682431 -1.12917
v 1.31456 -0.61059 0.096658
v 1.31373 -0.551991 0.034095
v 0.778211 -0.605015 -0.87926
v 0.833872 -0.547142 -0.842457
v 0.992092 -0.538699 0.051545
v 0.990396 -0.483748 -0.00941
v 0.64587 -0.531306 -0.584001
v 0.698034 -0.478611 -0.544922
v 0.811246 -0.49256 -0.074047
v 0.759475 -0.549198 -0.016958
v 0.655533 -0.491984 -0.360608
v 0.57817 -0.548034 -0.347148
v 2.37595 -1.34555 -0.56627
v 2.19515 -1.14995 -0.290508
v 2.47717 -1.53438 -0.873572
v 2.49607 -1.79106 -1.1889
v 1.93416 -0.959632 -0.089275
v 2.21645 -1.53817 -1.34231
v 1.90183 -1.35212 -1.41841
v 1.57107 -1.15841 -1.41266
v 1.26093 -0.967732 -1.30094
v 1.61157 -0.791712 0.024506
v 0.992109 -0.797089 -1.09131
v 1.25178 -0.66125 0.04608
v 0.781475 -0.661678 -0.801425
v 0.924816 -0.593491 -0.012722
v 0.657208 -0.593635 -0.497788
v 0.754651 -0.623207 -0.067557
v 0.614584 -0.624832 -0.320112
v 0.667673 -0.631954 -0.100709
v 0.59764 -0.632767 -0.226987
v 0.539302 -0.561529 -0.217136
v 0.629269 -0.56212 -0.053272
v 0.343471 -0.621814 -0.001111
v 0.400912 -0.651994 0.061072
v 0.427958 -0.760292 -0.04799
v 0.369155 -0.730335 -0.110168
v 0.320392 -0.653224 -0.083701
v 0.449675 -0.729105 0.034605
v 0.049256 -1.63227 -1.79095
v 0.126944 -1.43698 -1.48515
v 0.285659 -1.58319 -1.86623
v 0.392094 -1.38934 -1.56582
v -0.085297 -1.71712 -1.70604
v -0.011353 -1.52312 -1.40611
v -0.245153 -1.63442 -1.71704
v -0.171784 -1.43916 -1.41018
v -0.490181 -1.58859 -1.67146
v -0.443959 -1.39448 -1.35657
v 0.447653 -1.23184 -1.23438
v 0.194815 -1.27142 -1.16072
v 0.066965 -1.3608 -1.08975
v -0.080534 -1.27342 -1.09165
v -0.33705 -1.23534 -1.03907
v 0.440994 -1.11492 -0.885261
v 0.252363 -1.1452 -0.83041
v 0.147311 -1.23884 -0.766399
v 0.023092 -1.14685 -0.772937
v -0.165994 -1.11544 -0.736087
v 0.38912 -1.07245 -0.586354
v 0.279256 -1.096 -0.546854
v 0.215833 -1.17312 -0.490763
v 0.132387 -1.09707 -0.509983
v 0.020345 -1.07216 -0.495332
v 0.266219 -1.14344 -0.285882
v -0.302198 -1.85351 -2.01854
v -0.488831 -1.8116 -1.97216
v -0.157087 -1.93852 -1.99842
v -0.039863 -1.8516 -2.0844
v 0.145536 -1.80704 -2.13155
v -0.217183 -2.14698 -2.24385
v -0.317814 -2.07106 -2.25876
v -0.136576 -2.06974 -2.30426
v 0.408264 -1.5693 -1.47033
v 0.142201 -1.55289 -1.42803
v 0.301304 -1.75931 -1.77034
v 0.06433 -1.74832 -1.73381
v 0.00382 -1.63913 -1.34907
v -0.070139 -1.83311 -1.64903
v -0.229859 -1.75047 -1.65996
v -0.156654 -1.55506 -1.35303
v -0.454113 -1.76433 -1.58111
v -0.410427 -1.57461 -1.26505
v 0.460745 -1.40304 -1.14593
v 0.210272 -1.38717 -1.10363
v 0.082156 -1.47684 -1.0327
v -0.065582 -1.38916 -1.03444
v -0.307776 -1.40785 -0.952793
v 0.447382 -1.26857 -0.802352
v 0.267934 -1.26083 -0.773249
v 0.16251 -1.35487 -0.709348
v 0.037987 -1.26249 -0.715621
v -0.138054 -1.27176 -0.654397
v 0.38692 -1.20982 -0.513825
v 0.294427 -1.21205 -0.489793
v 0.231004 -1.28916 -0.433701
v 0.147558 -1.21312 -0.452921
v 0.049126 -1.21182 -0.429264
v -0.286854 -1.96954 -1.96143
v -0.455028 -1.96701 -1.89173
v -0.141935 -2.05448 -1.94144
v -0.024826 -1.96763 -2.02722
v 0.157925 -1.96277 -2.04533
v -0.202012 -2.26303 -2.18679
v -0.302643 -2.18711 -2.2017
v -0.121405 -2.18579 -2.2472
v 0.321551 -1.84907 -2.1519
v 0.372215 -1.9263 -2.16033
v 0.046022 -2.04153 -2.32221
v 0.086512 -2.11964 -2.33326
v 0.598931 -1.72301 -1.89895
v 0.540183 -1.65338 -1.90182
v -0.258835 -2.29293 -2.414
v -0.266159 -2.40479 -2.44642
v 0.726811 -1.53052 -1.58571
v 0.665765 -1.46514 -1.59544
v -0.527641 -2.1226 -2.17987
v -0.487605 -2.04542 -2.18824
v -0.700282 -1.9332 -1.89162
v -0.653329 -1.85627 -1.90717
v -0.779443 -1.7319 -1.55353
v -0.730704 -1.66235 -1.58296
v -0.746818 -1.53828 -1.2171
v -0.698242 -1.47257 -1.25433
v 0.755719 -1.36026 -1.23553
v 0.694456 -1.29957 -1.25224
v -0.609199 -1.36322 -0.89595
v -0.561887 -1.30226 -0.940478
v 0.692166 -1.23041 -0.884602
v 0.631517 -1.17181 -0.899982
v -0.389273 -1.22484 -0.618942
v -0.339325 -1.16697 -0.663189
v 0.565177 -1.15852 -0.584778
v 0.505858 -1.10357 -0.598907
v -0.138294 -1.15113 -0.414732
v -0.087053 -1.09844 -0.455013
v 0.397081 -1.11238 -0.442574
v 0.438836 -1.16902 -0.377798
v 0.079995 -1.11181 -0.366282
v 0.072986 -1.16786 -0.288072
v 0.326341 -1.96537 -2.08134
v 0.545955 -1.76978 -1.83537
v 0.055682 -2.1542 -2.25861
v -0.244024 -2.41088 -2.35843
v 0.672831 -1.57946 -1.53121
v -0.464539 -2.15799 -2.12801
v -0.619434 -1.97194 -1.84378
v -0.699433 -1.77823 -1.52279
v -0.671742 -1.58756 -1.19431
v 0.699294 -1.41154 -1.19016
v -0.53878 -1.41691 -0.880411
v 0.62707 -1.28107 -0.837042
v -0.313243 -1.2815 -0.601962
v 0.485695 -1.21332 -0.536415
v -0.052084 -1.21346 -0.403384
v 0.388711 -1.24303 -0.386225
v 0.10852 -1.24466 -0.316253
v 0.334189 -1.25178 -0.310783
v 0.194094 -1.25259 -0.275796
v 0.188519 -1.18135 -0.216897
v 0.370078 -1.18194 -0.261416
v 0.346539 -1.24164 0.028149
v 0.421463 -1.27182 -0.011253
v 0.323108 -1.38012 -0.065589
v 0.247837 -1.35016 -0.024872
v 0.26079 -1.27305 0.029079
v 0.40851 -1.34893 -0.065203
vn 0.188027 0.922145 0.338074
vn 0.256727 0.914686 0.312156
vn 0.171236 0.983163 -0.063789
vn 0.274708 0.957576 -0.087083
vn 0.19021 0.98174 -0.002766
vn 0.25653 0.966529 -0.003696
vn 0.177952 0.921988 -0.343906
vn 0.246201 0.914038 -0.322365
vn 0.17141 0.983536 0.057223
vn 0.273313 0.959129 0.073292
vn 0.384487 0.917961 -0.097553
vn 0.330204 0.8887 0.318085
vn 0.337361 0.941363 -0.004846
vn 0.317337 0.887108 -0.335167
vn 0.379316 0.922481 0.07175
vn 0.503443 0.85991 -0.084259
vn 0.41024 0.837392 0.361217
vn 0.423342 0.90595 -0.005923
vn 0.393845 0.833849 -0.386759
vn 0.495255 0.867704 0.042576
vn 0.657299 0.753414 -0.018044
vn 0.56982 0.721943 0.39256
vn 0.514811 0.857274 -0.007116
vn 0.55008 0.717921 -0.426617
vn 0.648774 0.760209 -0.034266
vn 0.886099 0.463197 -0.016622
vn 0.09368 0.932668 -0.34836
vn 0.070683 0.99728 0.02089
vn 0.140558 0.99007 -0.002039
vn 0.103389 0.932641 0.345675
vn 0.070364 0.997252 -0.023198
vn 0.103039 0.994676 -0.001511
vn -0.024725 0.943639 -0.330053
vn -0.015588 0.943638 0.330613
vn -0.268125 -0.960347 0.076436
vn -0.261082 -0.951963 -0.160008
vn -0.200314 -0.977369 0.068007
vn -0.190595 -0.962961 -0.190736
vn -0.256581 -0.966516 0.003703
vn -0.190286 -0.981725 0.002768
vn -0.185007 -0.962538 0.198225
vn -0.2563 -0.951716 0.168958
vn -0.201373 -0.977614 -0.060992
vn -0.268802 -0.960991 -0.065132
vn -0.349057 -0.933362 0.083636
vn -0.342498 -0.921916 -0.181015
vn -0.337361 -0.941363 0.004857
vn -0.337018 -0.921893 0.191135
vn -0.347724 -0.935335 -0.065093
vn -0.452131 -0.888403 0.079479
vn -0.431082 -0.867219 -0.2492
vn -0.423262 -0.905988 0.005917
vn -0.424167 -0.867561 0.259654
vn -0.44856 -0.892241 -0.051963
vn -0.61684 -0.785199 0.054515
vn -0.558402 -0.744782 -0.365358
vn -0.65949 -0.751641 0.010457
vn -0.550998 -0.744665 0.376663
vn -0.61502 -0.78821 -0.021802
vn -0.114312 -0.960492 0.253746
vn -0.132298 -0.989743 -0.053909
vn -0.140446 -0.990086 0.002038
vn -0.121515 -0.960977 -0.248512
vn -0.131407 -0.989617 0.05823
vn -0.102173 -0.994765 0.001519
vn 0.006361 -0.953191 0.302302
vn -0.002219 -0.953454 -0.301531
vn -0.074568 0.907936 -0.412423
vn -0.514012 0.070782 -0.854858
vn -0.217167 0.958299 -0.185748
vn -0.664205 0.189068 -0.723246
vn -0.287989 0.004306 -0.957624
vn 0.089482 0.897887 -0.431035
vn -0.464019 0.885821 0.002762
vn -0.999855 0.00592 0.01596
vn -0.033267 -0.057988 -0.997763
vn 0.248933 0.858284 -0.448755
vn -0.644148 0.185093 0.742168
vn -0.209119 0.959788 0.187288
vn -0.492084 0.053215 0.86892
vn -0.061715 0.909395 0.41133
vn -0.264941 -0.015684 0.964137
vn 0.100108 0.89946 0.425383
vn -0.005372 -0.06161 0.998086
vn 0.257461 0.86255 0.435569
vn 0.20471 -0.139501 -0.968831
vn 0.407419 0.790821 -0.45674
vn 0.243558 -0.111022 0.963511
vn 0.412688 0.802138 0.431582
vn 0.38904 -0.242507 -0.888729
vn 0.565963 0.692873 -0.44678
vn 0.444484 -0.174827 0.878561
vn 0.569926 0.715467 0.404093
vn 0.538683 -0.337672 -0.77188
vn 0.73743 0.53999 -0.405719
vn 0.606887 -0.251674 0.753889
vn 0.748934 0.563779 0.348213
vn 0.894941 0.421166 -0.147311
vn 0.719082 -0.289838 -0.631598
vn 0.898903 0.426165 0.101767
vn 0.757352 -0.255985 0.600741
vn -0.311517 -0.917733 -0.246421
vn -0.276253 -0.940338 -0.198618
vn -0.297007 -0.899595 -0.320182
vn -0.560665 -0.827948 0.012486
vn -0.268763 -0.947254 -0.174576
vn -0.290926 -0.896546 0.334018
vn -0.304686 -0.917109 0.257056
vn -0.269561 -0.94003 0.208999
vn -0.259975 -0.946321 0.192066
vn -0.28121 -0.945596 -0.163614
vn -0.262254 -0.944456 0.198057
vn -0.302838 -0.938474 -0.166
vn -0.265132 -0.938204 0.222439
vn -0.370922 -0.902345 -0.219522
vn -0.312764 -0.904721 0.289239
vn -0.502994 -0.794717 -0.339739
vn -0.466884 -0.796466 0.384267
vn -0.57076 -0.422739 -0.703935
vn -0.547374 -0.422872 0.722192
vn 0.680568 0.198781 0.705204
vn 0.652596 0.192034 -0.732967
vn 0.889232 0.457155 -0.016621
vn 0.589714 0.311298 -0.745205
vn -0.87948 -0.475734 0.013894
vn -0.434076 -0.23749 0.869009
vn 0.613178 0.311321 0.726011
vn -0.461348 -0.239187 -0.85437
vn -0.401435 0.878839 -0.25786
vn -0.426962 0.884334 -0.188829
vn -0.089544 0.995687 -0.024255
vn -0.139476 0.987574 0.072411
vn -0.147921 0.987781 -0.049081
vn -0.190482 0.981684 0.003658
vn 0.118355 0.977871 0.172512
vn 0.057426 0.975834 0.210834
vn -0.180723 0.978243 -0.101882
vn -0.259268 0.965279 -0.031876
vn -0.202854 0.964643 0.168266
vn -0.479126 0.867599 -0.133082
vn -0.242178 0.967758 0.069245
vn 0.020912 0.960627 0.277054
vn -0.32695 0.943447 0.05487
vn -0.289681 0.921336 0.259275
vn -0.562962 0.821413 -0.091401
vn -0.297064 0.944448 0.140607
vn 0.01072 0.926026 0.377307
vn -0.379922 0.909214 0.17026
vn -0.438078 0.827298 0.351661
vn -0.688659 0.724491 0.029362
vn -0.355136 0.90887 0.218709
vn -0.059188 0.838687 0.541387
vn -0.420432 0.83524 0.354416
vn -0.582401 0.572505 0.577102
vn 0.176895 0.977973 0.110801
vn -0.087437 0.983892 -0.15592
vn -0.115997 0.989345 -0.087988
vn -0.351709 0.876937 -0.32754
vn -0.054049 0.99032 -0.12785
vn -0.09181 0.988874 -0.117043
vn 0.240775 0.970538 0.00911
vn -0.262334 0.874374 -0.408229
vn 0.143226 -0.98786 -0.060155
vn 0.316285 -0.943874 0.095214
vn 0.105368 -0.994433 -0.001141
vn 0.293291 -0.940904 0.16935
vn 0.190506 -0.981679 -0.003702
vn 0.147962 -0.987777 0.049022
vn -0.003069 -0.997081 -0.076291
vn 0.065606 -0.991487 -0.112467
vn 0.203132 -0.975801 0.08093
vn 0.250206 -0.967717 0.030352
vn 0.190392 -0.973055 -0.130059
vn 0.384919 -0.921973 0.042462
vn 0.242169 -0.96776 -0.069252
vn 0.101294 -0.976078 -0.192381
vn 0.301474 -0.952896 -0.033204
vn 0.260222 -0.941852 -0.212601
vn 0.493147 -0.86989 0.009866
vn 0.29702 -0.944473 -0.140534
vn 0.105722 -0.944313 -0.311603
vn 0.356874 -0.925776 -0.12482
vn 0.384806 -0.858542 -0.338867
vn 0.661257 -0.749394 -0.033886
vn 0.445186 -0.82473 -0.348754
vn 0.098051 -0.857667 -0.50477
vn 0.44111 -0.850014 -0.287922
vn -0.091429 -0.994007 -0.059928
vn 0.15264 -0.9797 0.129956
vn 0.115921 -0.989346 0.088076
vn 0.29125 -0.921404 0.25727
vn 0.067682 -0.995984 0.058616
vn 0.091249 -0.988848 0.117701
vn -0.207574 -0.978215 -0.003067
vn 0.252437 -0.890607 0.378278
vn 0.336455 0.941155 0.032016
vn 0.979752 0.128118 0.153857
vn 0.258486 0.938464 -0.229064
vn 0.976587 0.205036 -0.065108
vn 0.909993 0.107666 0.4004
vn 0.242749 0.955509 0.167558
vn 0.280932 0.807327 -0.518941
vn 0.645924 -0.127374 -0.752701
vn 0.774118 0.08584 0.627194
vn 0.152137 0.940158 0.30489
vn -0.139148 -0.012198 -0.990196
vn -0.027544 0.885999 -0.462869
vn -0.331271 -0.140269 -0.933051
vn -0.291859 0.822864 -0.487559
vn -0.550679 -0.192136 -0.812303
vn -0.408694 0.832222 -0.374666
vn -0.745909 -0.208196 -0.632672
vn -0.51899 0.815129 -0.257322
vn 0.597779 0.032811 0.80099
vn 0.055533 0.895933 0.440705
vn -0.882485 -0.218965 -0.416262
vn -0.616628 0.776801 -0.127866
vn 0.418784 -0.05587 0.906366
vn -0.053833 0.819183 0.571
vn -0.949196 -0.242712 -0.200292
vn -0.697242 0.716457 0.023294
vn 0.234783 -0.146807 0.960898
vn -0.193722 0.685683 0.701649
vn -0.960338 -0.278426 0.01517
vn -0.769181 0.599402 0.221535
vn -0.488826 0.551718 0.675764
vn 0.009276 -0.096984 0.995243
vn -0.678975 0.520427 0.51783
vn -0.944024 -0.24041 0.225878
vn 0.413648 -0.904174 0.106606
vn 0.35503 -0.928771 0.106479
vn 0.459128 -0.873629 0.161165
vn 0.380548 -0.886912 -0.261858
vn 0.332186 -0.938114 0.097949
vn -0.03719 -0.966257 -0.254882
vn 0.030295 -0.976873 -0.211663
vn 0.043913 -0.987666 -0.150293
vn 0.050498 -0.990084 -0.131085
vn 0.332091 -0.939732 0.081361
vn 0.047444 -0.989436 -0.136988
vn 0.347938 -0.935229 0.065465
vn 0.030835 -0.987276 -0.156
vn 0.432104 -0.900832 0.042287
vn 0.011077 -0.970526 -0.240743
vn 0.606764 -0.794882 0.000507
vn 0.038283 -0.898563 -0.437171
vn 0.916011 -0.385388 0.111358
vn -0.172452 -0.592635 -0.786793
vn -0.98358 0.180003 0.013015
vn 0.117146 0.381677 0.916842
vn -0.584308 0.566994 0.580605
vn 0.164721 0.492181 0.854766
vn 0.580429 -0.583527 -0.567978
vn -0.362175 -0.417703 -0.833278
vn -0.957724 0.278455 -0.072302
vn 0.952554 -0.168949 0.253174
vn 0.173018 0.976876 -0.125613
vn 0.112254 0.979474 -0.16742
vn -0.145683 0.981121 0.127193
vn -0.224393 0.973106 0.052076
vn -0.106693 0.991262 0.077561
vn -0.145694 0.989089 0.021842
vn -0.378958 0.886728 0.26477
vn -0.400649 0.894892 0.196591
vn -0.046804 0.997143 0.059292
vn -0.092421 0.995055 -0.036383
vn -0.296322 0.954312 -0.038494
vn 0.074696 0.969079 -0.235172
vn -0.193274 0.97999 -0.047597
vn -0.452184 0.880713 0.140977
vn -0.154863 0.979573 -0.128271
vn -0.354196 0.922411 -0.153957
vn 0.063663 0.940113 -0.334864
vn -0.243801 0.961924 -0.123546
vn -0.538669 0.836943 0.096759
vn -0.245711 0.944797 -0.216759
vn -0.389113 0.856922 -0.338047
vn -0.003111 0.862513 -0.506025
vn -0.297659 0.931994 -0.206851
vn -0.661754 0.749041 -0.031926
vn -0.397429 0.859805 -0.320601
vn -0.521077 0.61874 -0.587911
vn -0.334055 0.880352 0.33673
vn -0.018492 0.986466 0.162919
vn -0.077488 0.989919 0.118559
vn 0.227988 0.971804 -0.060155
vn -0.054373 0.980684 0.187889
vn -0.055451 0.987257 0.149164
vn -0.250893 0.870636 0.423138
vn 0.28418 0.957694 0.045433
vn 0.211886 -0.975911 -0.051979
vn 0.014498 -0.99693 0.076941
vn 0.165884 -0.980529 -0.105102
vn -0.051251 -0.998051 0.035591
vn 0.145726 -0.989085 -0.021803
vn 0.106742 -0.991261 -0.077504
vn 0.263665 -0.946343 -0.186859
vn 0.280797 -0.953296 -0.111263
vn 0.060994 -0.997626 -0.031985
vn 0.096488 -0.994946 0.027788
vn 0.26448 -0.964281 0.014567
vn 0.044318 -0.986057 0.160398
vn 0.19328 -0.979989 0.047592
vn 0.34553 -0.936931 -0.052624
vn 0.142062 -0.985148 0.096447
vn 0.320615 -0.940888 0.109247
vn 0.039799 -0.958673 0.281714
vn 0.243754 -0.961945 0.123475
vn 0.451991 -0.891975 -0.009186
vn 0.211041 -0.960906 0.179226
vn 0.395497 -0.875358 0.278082
vn 0.018673 -0.879025 0.47641
vn 0.384174 -0.8566 0.344452
vn 0.621292 -0.781683 0.054475
vn 0.332013 -0.887797 0.318724
vn 0.26841 -0.923598 -0.273722
vn 0.026988 -0.995236 -0.093682
vn 0.077422 -0.989913 -0.118648
vn -0.138242 -0.990306 0.013534
vn 0.118179 -0.980465 -0.157233
vn 0.054939 -0.987181 -0.149854
vn 0.238735 -0.887035 -0.395189
vn -0.250203 -0.96691 -0.049834
vn -0.28977 0.815691 0.500681
vn -0.403048 -0.14029 0.904362
vn -0.022074 0.866548 0.498606
vn -0.208383 -0.037093 0.977344
vn -0.617488 -0.174798 0.766912
vn -0.399436 0.835037 0.378371
vn 0.273774 0.772946 0.572366
vn 0.58838 -0.184317 0.787297
vn -0.797198 -0.191629 0.572499
vn -0.505871 0.824863 0.252382
vn 0.978572 0.152106 0.138784
vn 0.278402 0.917711 0.283371
vn 0.994071 0.069399 -0.083702
vn 0.376569 0.925937 0.028904
vn 0.940901 0.058312 -0.333624
vn 0.294904 0.949183 -0.109925
vn 0.81908 0.067904 -0.569646
vn 0.212504 0.944831 -0.249272
vn -0.910878 -0.221458 0.348221
vn -0.603934 0.788658 0.115251
vn 0.647321 0.063215 -0.759592
vn 0.119616 0.915375 -0.384422
vn -0.951948 -0.275912 0.132919
vn -0.687516 0.725119 -0.039045
vn 0.461912 0.028787 -0.886458
vn 0.006221 0.857726 -0.514069
vn -0.942968 -0.324647 -0.073588
vn -0.753374 0.614638 -0.233771
vn 0.266104 -0.030863 -0.96345
vn -0.143254 0.737344 -0.660153
vn -0.633261 0.562675 -0.531392
vn -0.931791 -0.225334 -0.284587
vn -0.431799 0.600464 -0.673047
vn 0.054255 -0.025929 -0.99819
vn -0.026989 -0.984479 0.173416
vn -0.008294 -0.993521 0.113342
vn -0.095557 -0.973572 0.207429
vn 0.328566 -0.911589 0.247082
vn 0.007023 -0.995706 0.09231
vn 0.435988 -0.884973 -0.163516
vn 0.380859 -0.917556 -0.114185
vn 0.321229 -0.939308 -0.120467
vn 0.301839 -0.94577 -0.120054
vn 0.023158 -0.995069 0.096441
vn 0.308065 -0.943618 -0.121168
vn 0.033687 -0.992605 0.116619
vn 0.329691 -0.934942 -0.131101
vn 0.029271 -0.97745 0.209129
vn 0.411903 -0.902896 -0.12294
vn 0.007481 -0.913644 0.406446
vn 0.578853 -0.814929 -0.028644
vn -0.249482 -0.611823 0.750621
vn 0.903447 -0.423326 -0.067672
vn 0.186202 0.415214 -0.890464
vn -0.973983 0.21758 -0.063366
vn -0.522908 0.613468 -0.591797
vn -0.947201 0.319946 0.02108
vn 0.514962 -0.630023 0.581279
vn 0.959282 -0.202256 -0.197155
vn 0.242569 0.514434 -0.822507
vn -0.434535 -0.431659 0.790474
vn -0.156078 0.926939 0.34121
vn -0.101638 0.949519 0.296789
vn -0.310423 0.949973 -0.034484
vn -0.217614 0.972115 -0.087386
vn -0.276516 0.960829 0.018617
vn -0.213628 0.976913 -0.001798
vn -0.356145 0.881766 -0.309272
vn -0.288538 0.906527 -0.308145
vn -0.27645 0.957573 0.081417
vn -0.174441 0.982404 0.066735
vn -0.109588 0.985331 -0.130815
vn -0.025938 0.959605 0.280154
vn -0.134029 0.990604 -0.027196
vn -0.219663 0.913612 -0.342144
vn -0.06844 0.997105 0.033125
vn 0.02113 0.987623 -0.155418
vn 0.077074 0.95225 0.295431
vn -0.045468 0.997467 -0.054711
vn -0.145392 0.897309 -0.416771
vn 0.046324 0.998443 -0.031069
vn 0.217968 0.965475 -0.142647
vn 0.272968 0.92261 0.272543
vn 0.053635 0.994948 -0.084867
vn 0.027867 0.861511 -0.506974
vn 0.203129 0.966758 -0.155299
vn 0.542165 0.80916 -0.226532
vn -0.433788 0.853279 -0.289384
vn -0.3784 0.922553 0.075558
vn -0.322232 0.946061 0.033694
vn -0.230569 0.898838 0.37273
vn -0.391046 0.919765 0.033405
vn -0.356035 0.933392 0.044939
vn -0.534186 0.81111 -0.238212
vn -0.340842 0.854454 0.392091
vn 0.221452 -0.972271 0.075157
vn 0.157286 -0.975684 -0.152649
vn 0.284311 -0.957579 0.047008
vn 0.213472 -0.955744 -0.202445
vn 0.213585 -0.976923 0.001824
vn 0.276451 -0.960848 -0.018585
vn 0.327293 -0.929754 0.16863
vn 0.253651 -0.953776 0.161157
vn 0.247282 -0.965937 -0.076276
vn 0.1814 -0.981558 -0.060311
vn 0.142655 -0.984025 0.106511
vn 0.068791 -0.9866 -0.147946
vn 0.134034 -0.990603 0.02721
vn 0.177977 -0.962014 0.207009
vn 0.102892 -0.994024 -0.036473
vn 0.033841 -0.990339 0.134476
vn -0.050031 -0.98154 -0.184598
vn 0.045548 -0.997464 0.054685
vn 0.098932 -0.948515 0.300884
vn 0.00166 -0.999972 0.007292
vn -0.159169 -0.973538 0.163977
vn -0.245444 -0.936252 -0.251374
vn -0.22275 -0.965328 0.136107
vn -0.030766 -0.888747 0.457364
vn -0.17771 -0.979946 0.090138
vn 0.402072 -0.892962 0.20238
vn 0.313394 -0.945393 -0.089536
vn 0.322335 -0.946025 -0.033724
vn 0.255074 -0.926462 -0.276778
vn 0.345591 -0.93822 0.017628
vn 0.356803 -0.933086 -0.045189
vn 0.515033 -0.829505 0.216014
vn 0.338234 -0.869462 -0.360048
vn -0.583779 0.752043 -0.305995
vn -0.708607 -0.217904 -0.671115
vn -0.663764 0.746553 -0.045569
vn -0.852006 -0.171852 -0.494522
vn -0.515724 -0.182064 -0.837187
vn -0.445084 0.81546 -0.370035
vn -0.788346 0.582517 0.197953
vn -0.848066 -0.441676 0.292756
vn -0.282717 -0.12591 -0.950904
vn -0.296879 0.850506 -0.434168
vn -0.421541 -0.079349 0.903331
vn -0.552793 0.773651 0.309652
vn -0.197922 -0.12134 0.972679
vn -0.342108 0.80804 0.479617
vn 0.052613 -0.075398 0.995764
vn -0.196178 0.872502 0.447498
vn 0.303254 0.001931 0.952908
vn -0.043118 0.910671 0.410875
vn -0.035985 -0.090296 -0.995265
vn -0.134342 0.860848 -0.490808
vn 0.527157 0.067314 0.847098
vn 0.114627 0.92608 0.359495
vn 0.189102 -0.094858 -0.977365
vn 0.046865 0.845083 -0.532578
vn 0.702515 0.095351 0.705252
vn 0.279181 0.917566 0.283073
vn 0.391523 -0.105774 -0.914069
vn 0.272273 0.787948 -0.552274
vn 0.839786 0.092144 0.535042
vn 0.483233 0.85912 0.168521
vn 0.531694 0.767861 -0.357339
vn 0.562964 0.026048 -0.826071
vn 0.602806 0.788894 -0.119461
vn 0.926587 0.146597 0.346333
vn 0.074884 -0.972874 -0.218881
vn 0.128364 -0.974403 -0.184558
vn 0.058423 -0.95458 -0.292172
vn -0.104166 -0.989011 0.104915
vn 0.144565 -0.975789 -0.164125
vn 0.246002 -0.910269 0.333007
vn 0.221844 -0.939346 0.26156
vn 0.248415 -0.946915 0.204064
vn 0.254616 -0.949237 0.184717
vn 0.136323 -0.979235 -0.150053
vn 0.253529 -0.948237 0.191231
vn 0.114098 -0.982711 -0.145809
vn 0.255142 -0.942502 0.215852
vn 0.025088 -0.984162 -0.175486
vn 0.218498 -0.930001 0.295561
vn -0.168901 -0.954455 -0.245944
vn 0.06595 -0.896824 0.437445
vn -0.494551 -0.67462 -0.548004
vn -0.073996 -0.579533 0.811583
vn 0.688032 0.524095 0.501933
vn 0.263278 0.420105 -0.868445
vn 0.547521 0.805174 -0.227851
vn 0.153255 0.497604 -0.853758
vn -0.531713 -0.817546 0.221132
vn -0.019051 -0.354685 0.934792
vn 0.586449 0.59554 0.549008
vn -0.525587 -0.470803 -0.708592
vn -0.581247 0.799462 0.151701
vn -0.52001 0.837646 0.16715
vn -0.405155 0.891351 -0.20333
vn -0.313581 0.935364 -0.163591
vn -0.426011 0.893355 -0.142938
vn -0.375656 0.920654 -0.106205
vn -0.213217 0.883871 -0.416307
vn -0.178032 0.915102 -0.361791
vn -0.471662 0.87569 -0.103452
vn -0.403315 0.914491 -0.032307
vn -0.217297 0.970261 -0.106654
vn -0.462962 0.859706 0.215807
vn -0.310587 0.94866 -0.059838
vn -0.11164 0.937515 -0.32955
vn -0.315935 0.948327 0.029355
vn -0.118063 0.992785 -0.020959
vn -0.408142 0.860585 0.304652
vn -0.236648 0.97156 -0.008296
vn -0.005962 0.947324 -0.320222
vn -0.197108 0.977301 0.077663
vn 0.00086 0.990439 0.137946
vn -0.26153 0.859142 0.439861
vn -0.151834 0.987183 0.049149
vn 0.177894 0.952966 -0.245377
vn 0.000648 0.992947 0.118558
vn 0.304307 0.895029 0.326068
vn -0.269303 0.843057 -0.465543
vn -0.522224 0.831797 -0.188138
vn -0.462027 0.870482 -0.169681
vn -0.64407 0.756685 0.112261
vn -0.498209 0.837439 -0.224688
vn -0.488288 0.851858 -0.189504
vn -0.359339 0.779241 -0.513478
vn -0.716162 0.69698 0.036474
vn 0.32507 -0.932257 0.158831
vn 0.454543 -0.890046 -0.034763
vn 0.381481 -0.904518 0.190577
vn 0.521508 -0.852975 -0.021515
vn 0.375616 -0.920673 0.106179
vn 0.425956 -0.893387 0.1429
vn 0.311316 -0.900949 0.302282
vn 0.276878 -0.930672 0.239141
vn 0.451734 -0.888224 0.083628
vn 0.40269 -0.914382 0.041796
vn 0.255603 -0.95968 0.116965
vn 0.398551 -0.911579 -0.100899
vn 0.310579 -0.948662 0.059849
vn 0.197751 -0.957701 0.209055
vn 0.33915 -0.940721 -0.004637
vn 0.168555 -0.984419 0.050085
vn 0.350264 -0.9115 -0.215598
vn 0.236719 -0.971542 0.008345
vn 0.075539 -0.975205 0.20801
vn 0.245045 -0.967912 -0.055663
vn 0.022055 -0.99659 -0.079509
vn 0.266444 -0.874142 -0.406057
vn 0.00096 -0.98932 -0.145758
vn -0.136179 -0.968138 0.210155
vn 0.066755 -0.987778 -0.140846
vn 0.323823 -0.864834 0.383669
vn 0.497692 -0.85791 0.127646
vn 0.462106 -0.870429 0.169739
vn 0.595209 -0.802832 -0.034455
vn 0.436653 -0.87216 0.220614
vn 0.488878 -0.85142 0.189954
vn 0.368406 -0.794028 0.483525
vn 0.694551 -0.719187 -0.019195
vn -0.32537 0.732287 -0.598239
vn 0.108982 -0.134627 -0.984885
vn -0.566753 0.657807 -0.496065
vn -0.122763 -0.146997 -0.981489
vn 0.343392 -0.04001 -0.93834
vn -0.207202 0.823897 -0.527504
vn -0.783901 0.42903 -0.448812
vn -0.635927 -0.589404 -0.498196
vn 0.559016 0.066619 -0.826476
vn -0.075956 0.889174 -0.451221
vn -0.912163 -0.332747 0.239244
vn -0.767259 0.614251 -0.184416
vn -0.813461 -0.364365 0.453343
vn -0.770186 0.631736 0.087881
vn -0.685641 -0.297285 0.664469
vn -0.671398 0.717784 0.184419
vn -0.516759 -0.184608 0.83599
vn -0.558268 0.780261 0.28201
vn 0.736979 0.13889 -0.661492
vn 0.064848 0.930445 -0.360647
vn -0.314975 -0.071904 0.946372
vn -0.425609 0.824677 0.372511
vn 0.865352 0.155514 -0.476425
vn 0.212811 0.945134 -0.247856
vn -0.107492 0.007613 0.994177
vn -0.264192 0.852528 0.450998
vn 0.94755 0.152961 -0.280629
vn 0.382327 0.919682 -0.089506
vn 0.105014 0.059232 0.992705
vn -0.037441 0.845354 0.532893
vn 0.404922 0.884197 0.232882
vn 0.956521 0.279184 -0.084406
vn 0.267935 0.85746 0.439287
vn 0.285335 0.165211 0.944081
vn 0.451449 -0.881228 -0.140112
vn 0.459799 -0.884662 -0.077189
vn 0.490881 -0.848437 -0.197965
vn 0.103977 -0.991732 -0.075209
vn 0.455128 -0.888915 -0.05185
vn 0.134013 -0.929225 0.344357
vn 0.179091 -0.943504 0.278796
vn 0.240131 -0.934549 0.262593
vn 0.2589 -0.931626 0.255036
vn 0.440424 -0.896421 -0.049555
vn 0.253149 -0.932288 0.258369
vn 0.424274 -0.90325 -0.064276
vn 0.234496 -0.932259 0.275508
vn 0.391056 -0.907742 -0.151919
vn 0.149491 -0.942711 0.298243
vn 0.31474 -0.884431 -0.344558
vn -0.059053 -0.960518 0.271877
vn 0.265344 -0.580549 -0.769776
vn -0.502559 -0.756059 0.419297
vn -0.072925 0.467367 0.88105
vn 0.702563 0.636297 -0.31864
vn 0.309622 0.892083 0.329124
vn 0.603689 0.695493 -0.389679
vn -0.291696 -0.900714 -0.321912
vn -0.61557 -0.561109 0.553381
vn -0.189002 0.514165 0.836608
vn 0.314042 -0.349904 -0.882578
vn -0.409129 0.873547 -0.263686
vn -0.42131 0.886354 -0.192029
vn -0.0555 0.993229 -0.102057
vn -0.087078 0.996199 0.002329
vn -0.117698 0.986352 -0.115139
vn -0.150038 0.987134 -0.055272
vn 0.184217 0.981349 0.054939
vn 0.131337 0.985909 0.103603
vn -0.159977 0.974061 -0.160038
vn -0.224741 0.971439 -0.076149
vn -0.13256 0.985081 0.109742
vn -0.462921 0.877328 -0.126488
vn -0.189277 0.981729 0.019556
vn 0.107079 0.978469 0.176443
vn -0.276086 0.960857 0.023014
vn -0.202723 0.954533 0.218564
vn -0.539322 0.83949 -0.066238
vn -0.230939 0.96766 0.101494
vn 0.114215 0.953265 0.279715
vn -0.308175 0.939627 0.148761
vn -0.334993 0.876945 0.344597
vn -0.644188 0.760265 0.083778
vn -0.274947 0.942141 0.191769
vn 0.07247 0.884324 0.461214
vn -0.31686 0.884137 0.343369
vn -0.444769 0.650723 0.615419
vn 0.230381 0.972969 -0.016013
vn -0.07807 0.969995 -0.23025
vn -0.093431 0.982829 -0.159117
vn -0.373162 0.862957 -0.34067
vn -0.039875 0.977023 -0.209369
vn -0.075026 0.97855 -0.191862
vn 0.27416 0.953347 -0.126353
vn -0.300302 0.848628 -0.435488
vn 0.093002 -0.995625 0.009025
vn 0.293182 -0.947732 0.125893
vn 0.066419 -0.995027 0.074234
vn 0.284334 -0.937131 0.202336
vn 0.150051 -0.987135 0.055223
vn 0.117727 -0.986357 0.11507
vn -0.054006 -0.998333 0.020381
vn 0.007009 -0.999586 -0.027909
vn 0.178227 -0.974648 0.135263
vn 0.21547 -0.973508 0.076516
vn 0.127035 -0.989475 -0.069297
vn 0.351713 -0.934194 0.059835
vn 0.189265 -0.981731 -0.019565
vn 0.027948 -0.993084 -0.114027
vn 0.254696 -0.967014 0.003673
vn 0.181611 -0.969324 -0.165618
vn 0.453957 -0.891017 0.003542
vn 0.2309 -0.967677 -0.10142
vn 0.011564 -0.97203 -0.234571
vn 0.293278 -0.950933 -0.098556
vn 0.283862 -0.90406 -0.319529
vn 0.615512 -0.783962 -0.080924
vn 0.342603 -0.874523 -0.343267
vn -0.028265 -0.902126 -0.430547
vn 0.348847 -0.894193 -0.280578
vn -0.137675 -0.989112 0.051992
vn 0.137498 -0.971574 0.192715
vn 0.093376 -0.982818 0.159214
vn 0.299214 -0.91002 0.286939
vn 0.040331 -0.989378 0.139662
vn 0.074606 -0.978435 0.192609
vn -0.240723 -0.962244 0.127037
vn 0.284476 -0.866834 0.409478
vn 0.371263 0.920957 -0.118327
vn 0.995403 0.08812 -0.037513
vn 0.246584 0.899894 -0.359703
vn 0.954897 0.145871 -0.258636
vn 0.971442 0.092835 0.218361
vn 0.304663 0.951992 0.029866
vn 0.210492 0.743168 -0.635134
vn 0.491382 -0.2265 -0.840976
vn 0.878854 0.098035 0.46691
vn 0.240332 0.953463 0.182066
vn -0.31914 -0.090275 -0.943398
vn -0.079287 0.842853 -0.53227
vn -0.502103 -0.202417 -0.840786
vn -0.345793 0.792113 -0.502976
vn -0.697347 -0.231788 -0.678219
vn -0.439456 0.817463 -0.372333
vn -0.856689 -0.221744 -0.46574
vn -0.526859 0.816531 -0.236001
vn 0.735622 0.069781 0.673789
vn 0.168768 0.926403 0.336593
vn -0.951464 -0.206405 -0.228283
vn -0.60039 0.794843 -0.088069
vn 0.575886 0.000288 0.81753
vn 0.082448 0.867192 0.491101
vn -0.978174 -0.20777 -0.002581
vn -0.654028 0.752213 0.080143
vn 0.401796 -0.075572 0.912605
vn -0.035893 0.753195 0.656817
vn -0.950836 -0.224075 0.213779
vn -0.692591 0.656772 0.298274
vn -0.335483 0.633544 0.69719
vn 0.188463 -0.010925 0.982019
vn -0.552456 0.598979 0.579669
vn -0.894674 -0.168901 0.413559
vn 0.392385 -0.912483 0.115794
vn 0.333873 -0.933814 0.128535
vn 0.448216 -0.879825 0.158147
vn 0.29278 -0.925393 -0.240683
vn 0.309519 -0.942618 0.125175
vn -0.119204 -0.981278 -0.151275
vn -0.045367 -0.991728 -0.120075
vn -0.021107 -0.99789 -0.061408
vn -0.011201 -0.998988 -0.043555
vn 0.306318 -0.945657 0.1091
vn -0.015265 -0.99869 -0.048848
vn 0.31913 -0.943403 0.090265
vn -0.034987 -0.997292 -0.064682
vn 0.39882 -0.915709 0.049186
vn -0.069354 -0.986896 -0.145696
vn 0.566633 -0.823303 -0.033152
vn -0.07607 -0.933752 -0.349743
vn 0.905943 -0.422974 -0.018988
vn -0.33599 -0.648322 -0.683219
vn -0.957071 0.233036 0.172366
vn 0.297746 0.452675 0.840495
vn -0.446202 0.645645 0.619714
vn 0.337166 0.554677 0.760693
vn 0.44409 -0.660796 -0.605089
vn -0.524403 -0.468127 -0.711238
vn -0.943705 0.322209 0.074849
vn 0.97593 -0.197361 0.09279
vn 0.159178 0.855233 -0.493192
vn 0.108206 0.886486 -0.449926
vn 0.337007 0.931718 -0.135384
vn 0.248265 0.965257 -0.081511
vn 0.300183 0.935269 -0.187517
vn 0.239125 0.956625 -0.166398
vn 0.397806 0.906142 0.143727
vn 0.330937 0.932831 0.1425
vn 0.296149 0.922144 -0.248889
vn 0.195934 0.952634 -0.23259
vn 0.143519 0.98904 -0.034683
vn 0.033973 0.901788 -0.430842
vn 0.161639 0.977007 -0.139032
vn 0.264507 0.947666 0.178786
vn 0.092639 0.97626 -0.195795
vn 0.014676 0.999887 -0.003377
vn -0.069945 0.895824 -0.438871
vn 0.07516 0.991308 -0.107976
vn 0.194587 0.94603 0.259159
vn -0.017859 0.991841 -0.126221
vn -0.183091 0.983095 -0.001246
vn -0.264766 0.877235 -0.400448
vn -0.02192 0.997148 -0.072224
vn 0.026345 0.931177 0.363615
vn -0.16747 0.985825 0.010184
vn -0.505509 0.853745 0.124819
vn 0.47329 0.872099 0.124261
vn 0.397304 0.884843 -0.243315
vn 0.344471 0.916671 -0.202618
vn 0.230807 0.81985 -0.523998
vn 0.412451 0.888291 -0.202048
vn 0.377166 0.901179 -0.213595
vn 0.56918 0.818798 0.07486
vn 0.338459 0.769029 -0.542254
vn -0.251342 -0.963342 0.093805
vn -0.173329 -0.933058 0.315214
vn -0.311931 -0.94214 0.12277
vn -0.225782 -0.903499 0.364296
vn -0.239081 -0.95664 0.166373
vn -0.300118 -0.935294 0.187493
vn -0.361596 -0.932334 0.000907
vn -0.288295 -0.957509 0.007924
vn -0.267586 -0.932258 0.243503
vn -0.203252 -0.952563 0.226521
vn -0.174973 -0.982725 0.060305
vn -0.085613 -0.947755 0.307296
vn -0.161644 -0.977008 0.139021
vn -0.215844 -0.975598 -0.040247
vn -0.126725 -0.971451 0.200559
vn -0.0683 -0.997284 0.027572
vn 0.035339 -0.94125 0.335856
vn -0.07524 -0.991299 0.108009
vn -0.142424 -0.979939 -0.13941
vn -0.028587 -0.98787 0.152627
vn 0.122893 -0.992304 -0.01515
vn 0.235635 -0.893049 0.383328
vn 0.188269 -0.98209 0.007386
vn -0.021109 -0.950327 -0.310538
vn 0.145787 -0.987638 0.057591
vn -0.437318 -0.898665 -0.033983
vn -0.332185 -0.907514 0.257045
vn -0.344571 -0.916626 0.202653
vn -0.261922 -0.861373 0.43524
vn -0.370744 -0.916193 0.152114
vn -0.377909 -0.900809 0.213842
vn -0.549185 -0.834135 -0.051139
vn -0.338236 -0.788989 0.512926
vn 0.621286 0.769426 0.148281
vn 0.742715 -0.134579 0.655944
vn 0.684844 0.720023 -0.112048
vn 0.876096 -0.122167 0.466402
vn 0.561487 -0.066057 0.824845
vn 0.488542 0.847104 0.209145
vn 0.789746 0.515232 -0.332922
vn 0.816356 -0.512563 -0.26616
vn 0.337525 0.015689 0.941186
vn 0.345566 0.897142 0.275172
vn 0.36265 -0.236059 -0.901533
vn 0.552887 0.69468 -0.460147
vn 0.134136 -0.280403 -0.950464
vn 0.333084 0.709363 -0.621176
vn -0.116043 -0.229699 -0.966319
vn 0.191176 0.783294 -0.591525
vn -0.361421 -0.137606 -0.922193
vn 0.041738 0.832248 -0.55283
vn 0.095035 0.066707 0.993236
vn 0.187173 0.922135 0.338577
vn -0.576545 -0.048328 -0.815635
vn -0.112068 0.861238 -0.495691
vn -0.130773 0.067474 0.989114
vn 0.008538 0.919689 0.392555
vn -0.741993 0.00804 -0.670359
vn -0.27175 0.87082 -0.409665
vn -0.336938 0.053989 0.939978
vn -0.216654 0.874526 0.433895
vn -0.868517 0.036679 -0.494301
vn -0.469805 0.838567 -0.27584
vn -0.488069 0.833264 0.259732
vn -0.509941 0.176349 0.841939
vn -0.573169 0.819026 0.025981
vn -0.942016 0.123323 -0.312087
vn -0.086943 -0.922795 0.375355
vn -0.142468 -0.927798 0.344811
vn -0.065506 -0.893764 0.443729
vn 0.071262 -0.99627 0.048653
vn -0.159931 -0.931808 0.325816
vn -0.290133 -0.941978 -0.16882
vn -0.262385 -0.960263 -0.09513
vn -0.285542 -0.957699 -0.035753
vn -0.290593 -0.956714 -0.015965
vn -0.152669 -0.937726 0.312029
vn -0.289885 -0.956795 -0.022606
vn -0.130848 -0.942627 0.307138
vn -0.292864 -0.954964 -0.047695
vn -0.040244 -0.942574 0.331565
vn -0.260903 -0.956527 -0.130331
vn 0.158448 -0.909114 0.385235
vn -0.116587 -0.951674 -0.284121
vn 0.509441 -0.597 0.619726
vn 0.00832 -0.70266 -0.711477
vn -0.703625 0.462697 -0.539281
vn -0.19787 0.561117 0.803738
vn -0.510874 0.850213 0.127063
vn -0.086948 0.631319 0.770634
vn 0.495195 -0.86079 -0.117567
vn -0.048161 -0.498252 -0.865694
vn -0.603291 0.522114 -0.602857
vn 0.555731 -0.37164 0.743671
vn 0.503042 0.857485 0.108022
vn 0.444258 0.892309 0.080121
vn 0.227841 0.884844 0.406375
vn 0.145972 0.926297 0.347371
vn 0.263904 0.896854 0.354974
vn 0.222557 0.924758 0.308692
vn -0.012389 0.83242 0.554006
vn -0.034886 0.867896 0.49552
vn 0.320282 0.88859 0.32837
vn 0.269725 0.931126 0.245465
vn 0.065328 0.96074 0.269649
vn 0.400357 0.916141 0.020005
vn 0.169675 0.953488 0.249139
vn -0.092203 0.889047 0.448435
vn 0.198993 0.965899 0.165653
vn -0.008894 0.986695 0.162339
vn 0.371954 0.92479 -0.080082
vn 0.110319 0.977168 0.181582
vn -0.191791 0.891392 0.410653
vn 0.095166 0.991465 0.089107
vn -0.079183 0.996594 -0.023025
vn 0.268685 0.930052 -0.250624
vn 0.043027 0.993592 0.104516
vn -0.347834 0.892283 0.287823
vn -0.084527 0.996412 -0.004227
vn -0.306985 0.903603 -0.298768
vn 0.032624 0.78992 0.612341
vn 0.350768 0.837711 0.418571
vn 0.293739 0.873529 0.388156
vn 0.557376 0.814948 0.158718
vn 0.317262 0.836277 0.447197
vn 0.315634 0.854555 0.412444
vn 0.113115 0.727664 0.676542
vn 0.612697 0.751445 0.244811
vn -0.158602 -0.924824 -0.345753
vn -0.339706 -0.920429 -0.19342
vn -0.207138 -0.897669 -0.388954
vn -0.40443 -0.887474 -0.220966
vn -0.22252 -0.924777 -0.308661
vn -0.263855 -0.896887 -0.354928
vn -0.110244 -0.873011 -0.475077
vn -0.090978 -0.90825 -0.408418
vn -0.305152 -0.902071 -0.305206
vn -0.26657 -0.929659 -0.254313
vn -0.100371 -0.952 -0.289175
vn -0.301613 -0.946238 -0.116895
vn -0.169665 -0.953488 -0.249147
vn -0.02037 -0.932622 -0.360281
vn -0.215365 -0.956877 -0.194949
vn -0.032434 -0.978541 -0.203486
vn -0.286569 -0.95804 0.006077
vn -0.110377 -0.97715 -0.181645
vn 0.098159 -0.940071 -0.326545
vn -0.136103 -0.983075 -0.122636
vn 0.073844 -0.996475 -0.039817
vn -0.262463 -0.940597 0.215384
vn 0.075198 -0.996715 0.030075
vn 0.300204 -0.915522 -0.267764
vn 0.013483 -0.999885 0.0069
vn -0.104356 -0.827157 -0.552197
vn -0.340676 -0.869827 -0.35685
vn -0.293807 -0.873473 -0.38823
vn -0.484217 -0.845778 -0.224041
vn -0.255495 -0.866088 -0.429666
vn -0.316131 -0.854105 -0.412996
vn -0.128168 -0.74713 -0.652204
vn -0.584773 -0.769216 -0.257579
vn 0.063179 0.666854 0.742505
vn -0.3553 -0.277636 0.892569
vn 0.330201 0.627126 0.705465
vn -0.131511 -0.270467 0.953705
vn -0.577712 -0.196947 0.792124
vn -0.041262 0.757393 0.651654
vn 0.577224 0.425542 0.696941
vn 0.54147 -0.598611 0.590318
vn -0.765877 -0.093862 0.6361
vn -0.153619 0.821637 0.54892
vn 0.975255 -0.221008 -0.005706
vn 0.611325 0.643485 0.460661
vn 0.942667 -0.230734 -0.241125
vn 0.68587 0.698544 0.204006
vn 0.869916 -0.14583 -0.471148
vn 0.60759 0.788733 0.093458
vn 0.741869 -0.02473 -0.670089
vn 0.518644 0.854632 -0.024743
vn -0.899647 -0.01429 0.436383
vn -0.268431 0.863378 0.427228
vn 0.565813 0.085272 -0.820112
vn 0.411228 0.900133 -0.14371
vn -0.974093 0.017172 0.225494
vn -0.380952 0.881361 0.279426
vn 0.371235 0.15342 -0.915776
vn 0.275018 0.925277 -0.261204
vn -0.999271 0.034951 0.015373
vn -0.49703 0.864248 0.077701
vn 0.161767 0.186826 -0.968983
vn 0.081397 0.910989 -0.404318
vn -0.427108 0.871846 -0.239716
vn -0.969418 0.185868 -0.160253
vn -0.237158 0.885106 -0.400428
vn -0.036088 0.270008 -0.962182
vn -0.366329 -0.926003 -0.091217
vn -0.356853 -0.921396 -0.153904
vn -0.423517 -0.904834 -0.043686
vn -0.00383 -0.997772 -0.066612
vn -0.345025 -0.921718 -0.177183
vn 0.073873 -0.880648 -0.467976
vn 0.014698 -0.907466 -0.419869
vn -0.049059 -0.905843 -0.420764
vn -0.069382 -0.905531 -0.418568
vn -0.329476 -0.927611 -0.176023
vn -0.062906 -0.905256 -0.420185
vn -0.31724 -0.935063 -0.158167
vn -0.040443 -0.901341 -0.431217
vn -0.308731 -0.948875 -0.065744
vn 0.048162 -0.901581 -0.42992
vn -0.290735 -0.946211 0.141975
vn 0.242343 -0.905784 -0.347599
vn -0.39429 -0.700876 0.594397
vn 0.682159 -0.647435 -0.339834
vn 0.253823 0.588807 -0.767386
vn -0.831981 0.526784 0.174085
vn -0.310888 0.900683 -0.303512
vn -0.763677 0.583488 0.276294
vn 0.296725 -0.909671 0.290607
vn 0.803693 -0.427286 -0.414132
vn 0.347221 0.638342 -0.686992
vn -0.498339 -0.492748 0.713343
vn -0.762814 0.63928 0.097139
vn -0.714349 0.694213 0.088171
vn -0.683686 0.664768 -0.301094
vn -0.604515 0.739642 -0.295789
vn -0.693948 0.678985 -0.239618
vn -0.648903 0.72734 -0.223388
vn -0.536243 0.643535 -0.546173
vn -0.503707 0.696931 -0.510457
vn -0.72496 0.662821 -0.187352
vn -0.660854 0.736244 -0.145664
vn -0.515336 0.812245 -0.27329
vn -0.659475 0.742839 0.11525
vn -0.588677 0.782782 -0.201773
vn -0.442869 0.743429 -0.501179
vn -0.578936 0.807032 -0.116331
vn -0.414915 0.882482 -0.221519
vn -0.593677 0.782994 0.185656
vn -0.517729 0.837199 -0.176224
vn -0.345099 0.781348 -0.520001
vn -0.468219 0.877232 -0.105998
vn -0.276445 0.955845 -0.09969
vn -0.433384 0.857164 0.278296
vn -0.433399 0.889292 -0.146028
vn -0.161907 0.853767 -0.494841
vn -0.280586 0.952487 -0.118495
vn 0.068239 0.997304 0.026998
vn -0.584628 0.577643 -0.569683
vn -0.773053 0.585163 -0.244894
vn -0.725226 0.641171 -0.250892
vn -0.815318 0.57275 0.084939
vn -0.758227 0.585712 -0.286416
vn -0.747496 0.611708 -0.258966
vn -0.657703 0.482467 -0.578491
vn -0.877371 0.477733 0.04462
vn 0.613577 -0.735309 0.287827
vn 0.690519 -0.720434 0.064481
vn 0.663351 -0.686499 0.297799
vn 0.744335 -0.665753 0.052318
vn 0.648866 -0.727374 0.223382
vn 0.693897 -0.67904 0.239606
vn 0.614764 -0.668142 0.419109
vn 0.581056 -0.722462 0.37473
vn 0.706791 -0.68509 0.176344
vn 0.661794 -0.733544 0.154733
vn 0.549788 -0.789994 0.271373
vn 0.633605 -0.773384 0.020552
vn 0.588674 -0.782781 0.201785
vn 0.510015 -0.775754 0.371606
vn 0.602488 -0.787086 0.132303
vn 0.464569 -0.853806 0.234929
vn 0.569397 -0.81854 -0.076017
vn 0.517798 -0.837151 0.176247
vn 0.400418 -0.822473 0.403985
vn 0.513995 -0.850309 0.113068
vn 0.309424 -0.938906 0.150708
vn 0.44809 -0.86001 -0.244128
vn 0.276528 -0.956628 0.09163
vn 0.199875 -0.867695 0.455143
vn 0.338636 -0.9375 0.080126
vn 0.628946 -0.608045 0.484468
vn 0.747991 -0.632923 0.199795
vn 0.725293 -0.641085 0.250918
vn 0.796213 -0.60492 0.010824
vn 0.710285 -0.63422 0.305384
vn 0.747993 -0.611023 0.259147
vn 0.665771 -0.502583 0.551506
vn 0.866651 -0.49859 -0.017998
vn -0.625531 0.422868 -0.655663
vn -0.018812 -0.383289 -0.923437
vn -0.812784 0.323947 -0.48419
vn -0.232065 -0.45107 -0.86179
vn 0.180242 -0.224321 -0.957702
vn -0.530714 0.557315 -0.638547
vn -0.939592 0.072442 -0.334544
vn -0.500397 -0.846756 -0.180573
vn 0.36876 -0.039945 -0.928666
vn -0.414733 0.672263 -0.613236
vn -0.71622 -0.463841 0.521421
vn -0.936597 0.324513 -0.132201
vn -0.578798 -0.406521 0.706918
vn -0.899882 0.418968 0.121158
vn -0.444415 -0.251625 0.859756
vn -0.817331 0.550967 0.168537
vn -0.291801 -0.055906 0.954844
vn -0.714007 0.66503 0.218928
vn 0.54106 0.118766 -0.832556
vn -0.280158 0.771532 -0.571182
vn -0.118357 0.13023 0.984394
vn -0.588046 0.765171 0.262138
vn 0.686959 0.219594 -0.692723
vn -0.127165 0.854445 -0.503739
vn 0.060199 0.268938 0.961275
vn -0.432047 0.853625 0.290965
vn 0.797081 0.294385 -0.527256
vn 0.06571 0.918804 -0.389207
vn 0.243822 0.368796 0.896962
vn -0.203546 0.926854 0.315454
vn 0.150659 0.98514 -0.082472
vn 0.799536 0.470224 -0.373673
vn 0.064078 0.98643 0.151161
vn 0.373018 0.497265 0.783317
vn 0.667628 -0.743618 -0.036135
vn 0.686848 -0.726469 0.021979
vn 0.685205 -0.720339 -0.107733
vn 0.385562 -0.912901 0.133992
vn 0.687916 -0.724203 0.047971
vn 0.463798 -0.725935 0.507849
vn 0.499663 -0.747008 0.438539
vn 0.551589 -0.728332 0.40655
vn 0.567083 -0.723178 0.394246
vn 0.676763 -0.734113 0.055403
vn 0.562432 -0.724245 0.398922
vn 0.661249 -0.748694 0.04698
vn 0.547729 -0.72386 0.419546
vn 0.61702 -0.786496 -0.026643
vn 0.474831 -0.747953 0.46379
vn 0.506649 -0.839728 -0.195357
vn 0.280115 -0.82366 0.493071
vn 0.298363 -0.69441 -0.654809
vn -0.173914 -0.701585 0.691038
vn -0.065164 0.669679 0.739786
vn 0.414484 0.669559 -0.616356
vn 0.074623 0.996782 0.029291
vn 0.292059 0.67921 -0.673332
vn -0.053994 -0.998234 -0.024789
vn -0.317 -0.510415 0.799367
vn -0.195613 0.671324 0.714884
vn 0.255693 -0.501878 -0.826281
vn -0.258824 0.63928 0.724107
vn -0.244873 0.694213 0.676834
vn -0.578054 0.664767 0.473221
vn -0.537473 0.739642 0.405034
vn -0.527887 0.678986 0.51021
vn -0.493019 0.72734 0.477399
vn -0.729795 0.643536 0.230782
vn -0.683217 0.696931 0.217948
vn -0.495333 0.662821 0.561528
vn -0.429135 0.736244 0.523248
vn -0.477028 0.812245 0.335712
vn -0.195881 0.74284 0.640172
vn -0.446475 0.782781 0.43349
vn -0.647396 0.743429 0.167906
vn -0.365885 0.807032 0.463495
vn -0.385395 0.882483 0.269621
vn -0.103311 0.782994 0.61339
vn -0.391568 0.837198 0.381803
vn -0.619903 0.781348 0.072212
vn -0.306537 0.877231 0.36946
vn -0.214069 0.955845 0.201331
vn 0.051872 0.857165 0.512423
vn -0.326458 0.889292 0.320289
vn -0.514513 0.853768 -0.079728
vn -0.232708 0.952487 0.196507
vn 0.054973 0.997304 -0.048613
vn -0.772667 0.577644 0.263275
vn -0.568414 0.585163 0.578351
vn -0.552104 0.641172 0.532992
vn -0.293477 0.572751 0.765394
vn -0.598722 0.585712 0.546328
vn -0.569388 0.611707 0.549193
vn -0.813612 0.482466 0.324441
vn -0.357526 0.477734 0.802462
vn 0.534476 -0.735309 -0.416721
vn 0.370186 -0.720434 -0.586461
vn 0.565907 -0.686499 -0.456583
vn 0.383713 -0.665754 -0.63995
vn 0.492999 -0.727374 -0.477367
vn 0.527854 -0.679039 -0.510172
vn 0.652063 -0.668142 -0.358331
vn 0.597231 -0.722462 -0.348374
vn 0.477291 -0.68509 -0.550314
vn 0.437645 -0.733544 -0.519981
vn 0.490919 -0.789994 -0.367299
vn 0.305245 -0.773384 -0.555611
vn 0.446486 -0.782781 -0.433479
vn 0.562276 -0.775754 -0.286447
vn 0.39079 -0.787086 -0.477261
vn 0.419835 -0.853806 -0.307822
vn 0.190069 -0.81854 -0.542094
vn 0.391621 -0.837152 -0.38185
vn 0.541515 -0.822473 -0.174067
vn 0.333568 -0.850309 -0.407071
vn 0.274488 -0.938906 -0.207635
vn -0.014749 -0.86001 -0.510064
vn 0.20692 -0.956628 -0.205053
vn 0.496314 -0.867695 0.027902
vn 0.224785 -0.9375 -0.265642
vn 0.716758 -0.608045 -0.341377
vn 0.516856 -0.632923 -0.576427
vn 0.552157 -0.641084 -0.533043
vn 0.370208 -0.604919 -0.704995
vn 0.593924 -0.634221 -0.494993
vn 0.569772 -0.611022 -0.549556
vn 0.793205 -0.502584 -0.343852
vn 0.376405 -0.498591 -0.78085
vn -0.867849 0.422868 0.260809
vn -0.831849 -0.383287 -0.401396
vn -0.799761 0.323947 0.505411
vn -0.873454 -0.451069 -0.183345
vn -0.772258 -0.224322 -0.594388
vn -0.809653 0.557314 0.184021
vn -0.72376 0.072442 0.686239
vn -0.387595 -0.846759 0.364376
vn -0.660999 -0.039948 -0.749322
vn -0.734564 0.672263 0.092074
vn 0.140564 -0.463843 0.874695
vn -0.541998 0.324514 0.775196
vn 0.368179 -0.406522 0.836172
vn -0.299479 0.418969 0.857192
vn 0.565301 -0.251625 0.78557
vn -0.219856 0.550968 0.805045
vn 0.719189 -0.055906 0.692562
vn -0.128137 0.66503 0.735742
vn -0.497286 0.118766 -0.859419
vn -0.636128 0.771533 -0.008866
vn 0.82408 0.130231 0.5513
vn -0.03257 0.76517 0.643003
vn -0.306544 0.219593 -0.92618
vn -0.506715 0.854445 -0.114733
vn 0.884325 0.268938 0.381629
vn 0.063776 0.853625 0.51697
vn -0.109144 0.294384 -0.949434
vn -0.317258 0.918803 -0.234835
vn 0.910136 0.368797 0.188791
vn 0.189081 0.926854 0.324329
vn -0.005309 0.98514 -0.171672
vn 0.028898 0.470226 -0.882073
vn 0.163791 0.98643 0.011321
vn 0.867314 0.497268 0.022139
vn 0.270113 -0.743618 -0.611614
vn 0.330628 -0.726468 -0.602436
vn 0.214235 -0.720337 -0.65971
vn 0.294066 -0.912899 -0.28309
vn 0.354287 -0.724203 -0.591617
vn 0.66282 -0.725935 -0.183542
vn 0.617265 -0.747008 -0.246909
vn 0.612258 -0.728332 -0.30769
vn 0.608305 -0.723178 -0.327075
vn 0.355862 -0.734113 -0.578308
vn 0.610367 -0.724246 -0.320811
vn 0.341328 -0.748693 -0.568291
vn 0.622097 -0.723861 -0.298362
vn 0.255657 -0.786494 -0.562198
vn 0.628535 -0.747953 -0.213333
vn 0.055257 -0.839727 -0.54019
vn 0.566462 -0.823663 -0.026468
vn -0.448708 -0.694412 -0.562541
vn 0.537366 -0.701587 0.467989
vn 0.630079 0.669677 0.393108
vn -0.36184 0.669562 -0.648659
vn 0.059909 0.996782 -0.053265
vn -0.468079 0.679214 -0.565307
vn -0.046554 -0.998233 0.036914
vn 0.569158 -0.510417 0.644619
vn 0.548802 0.671324 0.498137
vn -0.620917 -0.501881 -0.602145
vn 0.603192 0.784454 -0.144192
vn 0.543475 0.827636 -0.140194
vn 0.510021 0.823053 0.249927
vn 0.416304 0.877575 0.237809
vn 0.51845 0.834285 0.187559
vn 0.464191 0.869845 0.167021
vn 0.3647 0.78878 0.494793
vn 0.322012 0.830498 0.454512
vn 0.553639 0.8214 0.137059
vn 0.475875 0.875006 0.088921
vn 0.31379 0.926279 0.20867
vn 0.479859 0.860392 -0.171641
vn 0.393696 0.908454 0.140411
vn 0.252593 0.861262 0.440936
vn 0.381018 0.923037 0.053177
vn 0.20161 0.967838 0.150474
vn 0.408617 0.879029 -0.245644
vn 0.313084 0.943347 0.109883
vn 0.148369 0.877632 0.455795
vn 0.257736 0.965537 0.036198
vn 0.053486 0.998328 0.021914
vn 0.238285 0.907719 -0.345349
vn 0.220072 0.97261 0.07482
vn -0.045644 0.904837 0.423305
vn 0.057782 0.997488 0.040963
vn -0.288335 0.951144 -0.110403
vn 0.425937 0.737514 0.524071
vn 0.616331 0.761344 0.201225
vn 0.557073 0.805477 0.202179
vn 0.668881 0.732596 -0.126099
vn 0.600679 0.761843 0.242446
vn 0.585139 0.782502 0.212845
vn 0.518153 0.662183 0.541323
vn 0.749502 0.657445 -0.077544
vn -0.426309 -0.87477 -0.230303
vn -0.510425 -0.859869 -0.009561
vn -0.485443 -0.839331 -0.24468
vn -0.575384 -0.81788 -0.002401
vn -0.464147 -0.86987 -0.167013
vn -0.51839 -0.834326 -0.187541
vn -0.439032 -0.820223 -0.366722
vn -0.395222 -0.861888 -0.317723
vn -0.531252 -0.838076 -0.124098
vn -0.477156 -0.873316 -0.098188
vn -0.352377 -0.912252 -0.20887
vn -0.444294 -0.895029 0.039052
vn -0.393691 -0.908454 -0.140424
vn -0.314186 -0.897448 -0.309636
vn -0.408003 -0.910221 -0.070931
vn -0.256047 -0.9522 -0.166597
vn -0.374169 -0.916804 0.139529
vn -0.313161 -0.943318 -0.109912
vn -0.196121 -0.920785 -0.337182
vn -0.308165 -0.950228 -0.045832
vn -0.088073 -0.993331 -0.074414
vn -0.251091 -0.916499 0.311422
vn -0.053603 -0.998467 -0.013813
vn 0.01072 -0.923739 -0.382873
vn -0.118692 -0.992921 -0.004415
vn -0.464557 -0.770228 -0.436962
vn -0.582426 -0.798523 -0.152122
vn -0.557159 -0.80541 -0.202211
vn -0.640592 -0.767151 0.033493
vn -0.542644 -0.799697 -0.256946
vn -0.585773 -0.781963 -0.213084
vn -0.522227 -0.681391 -0.512822
vn -0.733707 -0.677408 0.052832
vn 0.498092 0.6032 0.62294
vn 0.079794 -0.294732 0.952243
vn 0.7071 0.53556 0.461719
vn 0.304328 -0.317574 0.898071
vn -0.150541 -0.182313 0.971648
vn 0.376142 0.711131 0.593978
vn 0.890687 0.307887 0.334487
vn 0.671849 -0.695702 0.254199
vn -0.374625 -0.047876 0.92594
vn 0.238135 0.794722 0.558309
vn 0.815007 -0.331069 -0.47556
vn 0.836794 0.53597 0.111859
vn 0.673142 -0.320981 -0.666222
vn 0.786543 0.599352 -0.148753
vn 0.511615 -0.212844 -0.832435
vn 0.677885 0.705255 -0.207576
vn 0.321708 -0.064569 -0.944635
vn 0.553063 0.788835 -0.268069
vn -0.57543 0.059953 0.815651
vn 0.085946 0.85758 0.50712
vn 0.11193 0.07492 -0.990888
vn 0.409101 0.854382 -0.320419
vn -0.736456 0.114019 0.666807
vn -0.079879 0.898401 0.431851
vn -0.093619 0.171378 -0.980747
vn 0.238103 0.902975 -0.357691
vn -0.856139 0.148798 0.494859
vn -0.279201 0.90851 0.310898
vn -0.296502 0.232242 -0.926364
vn -0.000258 0.920848 -0.389921
vn -0.368785 0.929514 -0.000929
vn -0.893764 0.306836 0.327165
vn -0.278616 0.931661 -0.233199
vn -0.454027 0.337027 -0.824786
vn -0.485568 -0.869259 0.092806
vn -0.50661 -0.861531 0.033323
vn -0.509756 -0.844912 0.162086
vn -0.168503 -0.983843 -0.060496
vn -0.507478 -0.861634 0.007225
vn -0.276713 -0.8495 -0.449199
vn -0.308767 -0.872518 -0.378649
vn -0.364368 -0.863499 -0.34872
vn -0.380937 -0.860996 -0.337008
vn -0.494204 -0.869346 0.000728
vn -0.376044 -0.86136 -0.34154
vn -0.476056 -0.879353 0.010454
vn -0.361265 -0.859321 -0.362015
vn -0.426442 -0.900292 0.087301
vn -0.283702 -0.869864 -0.403547
vn -0.311405 -0.913822 0.260685
vn -0.07631 -0.902 -0.42494
vn -0.152849 -0.689445 0.708028
vn 0.344036 -0.697207 -0.628921
vn -0.066655 0.606318 -0.792424
vn -0.569363 0.606158 0.555337
vn -0.294379 0.949021 -0.112694
vn -0.453706 0.647543 0.61224
vn 0.27472 -0.95542 0.108171
vn 0.443632 -0.488008 -0.751691
vn 0.059443 0.639184 -0.766753
vn -0.158703 -0.479259 0.863206
vn -0.542845 0.784454 -0.299921
vn -0.496026 0.827636 -0.262634
vn -0.208428 0.823052 -0.528339
vn -0.147349 0.877575 -0.456235
vn -0.25668 0.834285 -0.487939
vn -0.230429 0.869846 -0.4362
vn 0.063951 0.78878 -0.61134
vn 0.068348 0.830498 -0.552812
vn -0.316711 0.8214 -0.474337
vn -0.291691 0.875007 -0.386367
vn -0.091239 0.926279 -0.365626
vn -0.470213 0.860392 -0.196532
vn -0.196274 0.908454 -0.369036
vn 0.110491 0.861262 -0.496003
vn -0.24569 0.923037 -0.296038
vn -0.047569 0.967838 -0.247036
vn -0.46744 0.879029 -0.093849
vn -0.157282 0.943347 -0.292162
vn 0.19751 0.877632 -0.436752
vn -0.166042 0.965537 -0.200419
vn -0.024753 0.998328 -0.052233
vn -0.408773 0.90772 0.094598
vn -0.112186 0.97261 -0.203579
vn 0.318966 0.904838 -0.28201
vn -0.015092 0.997489 -0.0692
vn 0.138648 0.951143 0.275869
vn 0.038433 0.737514 -0.674238
vn -0.319794 0.761343 -0.563993
vn -0.275366 0.805477 -0.524767
vn -0.57919 0.732595 -0.357553
vn -0.280455 0.761843 -0.583901
vn -0.288917 0.782502 -0.551559
vn -0.018076 0.662182 -0.749125
vn -0.606038 0.657445 -0.447754
vn 0.159798 -0.874769 0.457431
vn 0.370695 -0.859869 0.351014
vn 0.193803 -0.839331 0.507901
vn 0.423517 -0.81788 0.389495
vn 0.230402 -0.86987 0.436166
vn 0.256648 -0.834326 0.487885
vn 0.077273 -0.820223 0.566801
vn 0.07792 -0.861888 0.501076
vn 0.308904 -0.838075 0.449675
vn 0.286393 -0.873316 0.394078
vn 0.119613 -0.912252 0.391777
vn 0.354592 -0.895029 0.270532
vn 0.196261 -0.908454 0.369043
vn 0.023494 -0.897447 0.440495
vn 0.253666 -0.910221 0.327341
vn 0.076924 -0.952201 0.29563
vn 0.370485 -0.916804 0.149038
vn 0.157319 -0.943318 0.292235
vn -0.082304 -0.920784 0.381291
vn 0.196811 -0.950228 0.24152
vn 0.014933 -0.993331 0.114329
vn 0.395377 -0.916497 -0.060904
vn 0.030294 -0.998467 0.046329
vn -0.265921 -0.923737 0.275672
vn 0.084722 -0.992921 0.083243
vn 0.048801 -0.770227 0.6359
vn 0.327832 -0.798522 0.504865
vn 0.275409 -0.80541 0.524847
vn 0.495884 -0.767151 0.406913
vn 0.227802 -0.799698 0.555509
vn 0.289222 -0.781963 0.552163
vn 0.040293 -0.68139 0.730811
vn 0.577717 -0.677408 0.45537
vn 0.051741 0.603201 -0.795909
vn 0.582711 -0.294733 -0.757351
vn -0.211324 0.53556 -0.817629
vn 0.380307 -0.317574 -0.868627
vn 0.765973 -0.182316 -0.616479
vn 0.12233 0.711132 -0.692334
vn -0.432707 0.307885 -0.847332
vn -0.325116 -0.695702 -0.640545
vn 0.900742 -0.047879 -0.431708
vn 0.200265 0.794722 -0.572984
vn -0.922639 -0.33107 -0.197813
vn -0.542908 0.535968 -0.64652
vn -0.946297 -0.32098 0.038656
vn -0.681392 0.599349 -0.420101
vn -0.938951 -0.212846 0.270312
vn -0.640745 0.705254 -0.303419
vn -0.874239 -0.064575 0.481182
vn -0.589278 0.788836 -0.174612
vn 0.974793 0.05995 -0.214907
vn 0.278219 0.85758 -0.432609
vn -0.750409 0.074917 0.656714
vn -0.518184 0.854383 -0.038926
vn 0.993472 0.114018 0.003573
vn 0.350021 0.898402 -0.265254
vn -0.591705 0.171374 0.787728
vn -0.416956 0.902976 0.103841
vn 0.966035 0.148798 0.21127
vn 0.415789 0.90851 -0.041576
vn -0.405153 0.232237 0.884261
vn -0.262555 0.920848 0.288277
vn 0.271858 0.929515 0.249189
vn 0.880836 0.306835 0.360527
vn 0.048721 0.931661 0.360048
vn -0.220316 0.337021 0.915357
vn 0.421309 -0.869258 0.258628
vn 0.396773 -0.861531 0.316756
vn 0.485865 -0.844912 0.223739
vn 0.083734 -0.983843 0.158243
vn 0.379828 -0.861635 0.336625
vn -0.098238 -0.8495 0.518362
vn -0.027011 -0.872518 0.487835
vn 0.034236 -0.863499 0.503188
vn 0.054371 -0.860996 0.505698
vn 0.365643 -0.869346 0.33248
vn 0.047701 -0.861359 0.505751
vn 0.358786 -0.879354 0.313065
vn 0.022987 -0.859322 0.510918
vn 0.373913 -0.900292 0.222853
vn -0.06231 -0.869867 0.489336
vn 0.405757 -0.913819 0.017228
vn -0.229962 -0.902001 0.365393
vn 0.590037 -0.689446 -0.420144
vn -0.677995 -0.697207 0.232864
vn -0.484726 0.606314 0.630416
vn 0.794898 0.606158 -0.026655
vn 0.141572 0.94902 0.281635
vn 0.747789 0.647541 -0.146635
vn -0.13009 -0.95542 -0.265045
vn -0.834311 -0.488008 0.256463
vn -0.560596 0.639182 0.526477
vn 0.698928 -0.479261 -0.530857
vn 0.304579 0.855234 0.419294
vn 0.299674 0.886487 0.352614
vn -0.08928 0.931717 0.35204
vn -0.080492 0.965257 0.248597
vn -0.02546 0.935268 0.353023
vn -0.006532 0.956625 0.291249
vn -0.350588 0.906142 0.236633
vn -0.310182 0.932831 0.183339
vn 0.026492 0.922145 0.385937
vn 0.072398 0.952634 0.295376
vn -0.056578 0.98904 0.136379
vn 0.328014 0.901788 0.281399
vn 0.017036 0.977007 0.212524
vn -0.300337 0.947666 0.108288
vn 0.103559 0.97626 0.190244
vn -0.005923 0.999887 0.013846
vn 0.395753 0.895824 0.202184
vn 0.042924 0.991308 0.12436
vn -0.324048 0.94603 0.004431
vn 0.11249 0.991841 0.059974
vn 0.108926 0.983095 -0.147169
vn 0.479549 0.877236 0.022157
vn 0.071265 0.997148 0.024862
vn -0.309262 0.931177 -0.193048
vn 0.090487 0.985825 -0.141286
vn 0.197136 0.853746 -0.481929
vn -0.379357 0.872099 0.309084
vn -0.037636 0.884844 0.464365
vn -0.039369 0.916671 0.397699
vn 0.287245 0.81985 0.495315
vn -0.079899 0.888291 0.452278
vn -0.049773 0.901179 0.430579
vn -0.395972 0.818798 0.415664
vn 0.238537 0.769029 0.593038
vn 0.072373 -0.963342 -0.258329
vn -0.152465 -0.933058 -0.325817
vn 0.084688 -0.94214 -0.324346
vn -0.161197 -0.9035 -0.397119
vn 0.006527 -0.95664 -0.291201
vn 0.025443 -0.935294 -0.352955
vn 0.212406 -0.932334 -0.292637
vn 0.163529 -0.957509 -0.23756
vn -0.038978 -0.932258 -0.359689
vn -0.063181 -0.952564 -0.29771
vn 0.054421 -0.982725 -0.176891
vn -0.197772 -0.947755 -0.250293
vn -0.017022 -0.977008 -0.212522
vn 0.159738 -0.975598 -0.150639
vn -0.087317 -0.971451 -0.220588
vn 0.017986 -0.997284 -0.071425
vn -0.292138 -0.94125 -0.169421
vn -0.0429 -0.991299 -0.124445
vn 0.196566 -0.979939 -0.032879
vn -0.106444 -0.98787 -0.113057
vn -0.060198 -0.992304 0.108206
vn -0.448548 -0.89305 -0.0356
vn -0.116938 -0.98209 0.147731
vn 0.263297 -0.950327 0.165991
vn -0.132457 -0.987638 0.083822
vn 0.285224 -0.898665 -0.333239
vn -0.01184 -0.907514 -0.419855
vn 0.039399 -0.916626 -0.3978
vn -0.197204 -0.861373 -0.468132
vn 0.095652 -0.916193 -0.389154
vn 0.050012 -0.900809 -0.431326
vn 0.365021 -0.834136 -0.413494
vn -0.214977 -0.788989 -0.575571
vn -0.485992 0.769427 0.414481
vn -0.967665 -0.13458 0.213336
vn -0.31316 0.720023 0.619271
vn -0.893171 -0.122167 0.432805
vn -0.997282 -0.066058 -0.032622
vn -0.456915 0.847104 0.271372
vn -0.196573 0.515233 0.834203
vn -0.266184 -0.512564 0.816348
vn -0.959251 0.015688 -0.282119
vn -0.425978 0.897143 0.116953
vn 0.514509 -0.236061 0.824352
vn 0.045817 0.69468 0.717858
vn 0.688732 -0.280403 0.668598
vn 0.305461 0.709363 0.635215
vn 0.849004 -0.229699 0.475846
vn 0.365156 0.783293 0.503104
vn 0.957994 -0.137606 0.251618
vn 0.421982 0.832247 0.359577
vn -0.858366 0.066708 -0.508683
vn -0.383833 0.922135 -0.048371
vn 0.998719 -0.048325 0.015031
vn 0.466483 0.861238 0.20165
vn -0.721935 0.067474 -0.688663
vn -0.322143 0.919689 -0.224491
vn 0.978884 0.008041 -0.204256
vn 0.491113 0.870819 0.021951
vn -0.56072 0.05399 -0.826243
vn -0.222801 0.874527 -0.430769
vn 0.911241 0.03668 -0.410237
vn 0.499752 0.838566 -0.216921
vn 0.077872 0.833266 -0.547361
vn -0.379548 0.176353 -0.908209
vn 0.31686 0.819028 -0.478323
vn 0.80737 0.123327 -0.577013
vn -0.251969 -0.922794 -0.291485
vn -0.194567 -0.927798 -0.318332
vn -0.319838 -0.893764 -0.314468
vn -0.081303 -0.996271 0.028888
vn -0.16893 -0.931808 -0.321243
vn 0.307391 -0.941978 -0.134864
vn 0.231506 -0.960263 -0.155886
vn 0.19719 -0.9577 -0.20959
vn 0.184184 -0.956714 -0.225333
vn -0.162074 -0.937725 -0.307251
vn 0.189132 -0.956794 -0.220847
vn -0.170983 -0.942627 -0.286737
vn 0.211155 -0.954964 -0.208465
vn -0.244121 -0.942573 -0.227951
vn 0.259068 -0.956527 -0.133938
vn -0.404594 -0.909114 -0.099077
vn 0.298239 -0.951673 0.07329
vn -0.800906 -0.597003 0.046242
vn 0.569836 -0.702661 0.426091
vn 0.850382 0.462697 -0.250523
vn -0.532636 0.561115 -0.6336
vn 0.198488 0.850213 -0.487587
vn -0.571274 0.631317 -0.524485
vn -0.196917 -0.860791 0.469321
vn 0.727708 -0.498253 0.471366
vn 0.842601 0.522112 -0.131995
vn -0.928316 -0.371643 0.010575
vn -0.506519 0.784454 0.357869
vn -0.452556 0.827636 0.331981
vn -0.566361 0.823053 -0.042667
vn -0.474845 0.877575 -0.066216
vn -0.551027 0.834285 0.018372
vn -0.49302 0.869846 0.017293
vn -0.522356 0.788781 -0.32399
vn -0.467763 0.830499 -0.302438
vn -0.564947 0.821401 0.078328
vn -0.474867 0.875007 0.094147
vn -0.36884 0.926279 -0.077227
vn -0.381811 0.860393 0.337556
vn -0.417684 0.908454 0.015825
vn -0.398268 0.861262 -0.31561
vn -0.37352 0.923037 0.092112
vn -0.243071 0.967838 -0.064849
vn -0.288183 0.87903 0.379811
vn -0.331502 0.943347 0.014232
vn -0.307015 0.877632 -0.368109
vn -0.25275 0.965537 0.062097
vn -0.0578 0.998328 -0.000486
vn -0.093008 0.90772 0.409137
vn -0.232121 0.97261 0.012248
vn -0.114808 0.904837 -0.409987
vn -0.06886 0.997489 -0.016577
vn 0.308716 0.951143 -0.004559
vn -0.590088 0.737514 -0.328434
vn -0.646984 0.761344 0.04203
vn -0.592318 0.805477 0.019139
vn -0.574231 0.732595 0.365464
vn -0.647759 0.761843 -0.002055
vn -0.622337 0.782502 0.019658
vn -0.682116 0.662184 -0.31021
vn -0.667117 0.657444 0.350316
vn 0.481347 -0.87477 0.055531
vn 0.477479 -0.85987 -0.180661
vn 0.541591 -0.839331 0.046921
vn 0.535134 -0.81788 -0.211432
vn 0.492977 -0.869871 -0.017283
vn 0.550965 -0.834326 -0.018364
vn 0.543818 -0.820223 0.177473
vn 0.484946 -0.861888 0.148246
vn 0.539349 -0.838075 -0.082049
vn 0.479499 -0.873316 -0.086019
vn 0.404743 -0.912252 0.063085
vn 0.398025 -0.895029 -0.201243
vn 0.417686 -0.908454 -0.015807
vn 0.4067 -0.897448 0.170828
vn 0.405169 -0.910221 -0.085648
vn 0.299603 -0.9522 0.059605
vn 0.295602 -0.916804 -0.268497
vn 0.331584 -0.943318 -0.014231
vn 0.307307 -0.920785 0.240246
vn 0.30315 -0.950228 -0.071879
vn 0.109408 -0.993331 0.036386
vn 0.117494 -0.916497 -0.382397
vn 0.054899 -0.998467 -0.007075
vn 0.132222 -0.923739 0.359477
vn 0.111845 -0.992921 -0.039978
vn 0.593601 -0.770228 0.23321
vn 0.59727 -0.798522 -0.075033
vn 0.592409 -0.80541 -0.01914
vn 0.582351 -0.767151 -0.268974
vn 0.599258 -0.799697 0.037069
vn 0.623015 -0.781963 -0.019669
vn 0.675318 -0.681389 0.282231
vn 0.661627 -0.677408 -0.321507
vn -0.693798 0.603201 -0.393439
vn -0.427691 -0.294732 -0.854525
vn -0.827995 0.535559 -0.166137
vn -0.616051 -0.317576 -0.720851
vn -0.221035 -0.182313 -0.958074
vn -0.569814 0.711131 -0.411832
vn -0.95121 0.307885 0.020174
vn -0.718205 -0.695701 0.013461
vn 0.004002 -0.047874 -0.998845
vn -0.428428 0.794722 -0.429961
vn -0.58014 -0.331068 0.744199
vn -0.818499 0.535969 0.206874
vn -0.377617 -0.320981 0.868549
vn -0.675067 0.599351 0.43019
vn -0.165919 -0.212848 0.962895
vn -0.552334 0.705254 0.444459
vn 0.052075 -0.064574 0.996553
vn -0.413973 0.788835 0.454274
vn 0.231402 0.059955 -0.971009
vn -0.268112 0.857581 -0.438944
vn 0.264029 0.074916 0.961601
vn -0.260866 0.854382 0.449422
vn 0.436185 0.114022 -0.892604
vn -0.086193 0.898402 -0.430632
vn 0.451114 0.171374 0.875858
vn -0.088256 0.902975 0.420532
vn 0.611163 0.148802 -0.777392
vn 0.143788 0.908509 -0.392346
vn 0.619296 0.232236 0.750026
vn 0.145032 0.920848 0.361946
vn 0.34276 0.929515 -0.13608
vn 0.70837 0.306834 -0.635661
vn 0.345291 0.931661 0.113062
vn 0.727838 0.337025 0.597215
vn 0.416386 -0.869259 -0.26648
vn 0.458012 -0.861531 -0.219062
vn 0.413119 -0.844912 -0.339788
vn 0.178917 -0.983843 -0.006403
vn 0.46851 -0.861634 -0.195153
vn 0.423733 -0.8495 0.314326
vn 0.427298 -0.872517 0.236917
vn 0.467809 -0.863499 0.188482
vn 0.478842 -0.860996 0.171453
vn 0.458597 -0.869346 -0.184194
vn 0.475982 -0.86136 0.17748
vn 0.438136 -0.879353 -0.186483
vn 0.469863 -0.859321 0.20198
vn 0.363533 -0.900292 -0.239412
vn 0.413269 -0.869864 0.269344
vn 0.192339 -0.913819 -0.357688
vn 0.228648 -0.902 0.366218
vn -0.120997 -0.689446 -0.714159
vn -0.085895 -0.697206 0.711706
vn 0.356146 0.606317 0.711013
vn 0.322436 0.606159 -0.727053
vn 0.315179 0.949021 -0.004675
vn 0.193919 0.647543 -0.736942
vn -0.295244 -0.955421 0.001579
vn -0.13278 -0.488006 0.862682
vn 0.229532 0.639185 0.734002
vn -0.173185 -0.47926 -0.860416
vn 0.21935 0.784454 0.580102
vn 0.207829 0.827636 0.521369
vn -0.183388 0.823053 0.537543
vn -0.183226 0.877575 0.443046
vn -0.120457 0.834285 0.538013
vn -0.106948 0.869846 0.481591
vn -0.444676 0.78878 0.424369
vn -0.410117 0.830499 0.376929
vn -0.065911 0.821401 0.56653
vn -0.027997 0.875007 0.4833
vn -0.167291 0.926279 0.337669
vn 0.230973 0.860393 0.454286
vn -0.089471 0.908454 0.408296
vn -0.405433 0.861262 0.306351
vn -0.004542 0.923037 0.384684
vn -0.123755 0.967838 0.21903
vn 0.295366 0.879029 0.374255
vn -0.069391 0.943347 0.324471
vn -0.43336 0.877632 0.204845
vn -0.003298 0.965537 0.260244
vn -0.014969 0.998328 0.05583
vn 0.37272 0.907719 0.192679
vn -0.046378 0.97261 0.227769
vn -0.425677 0.904837 0.00828
vn -0.033323 0.997489 0.0625
vn 0.073037 0.951144 -0.299985
vn -0.465969 0.737515 0.48882
vn -0.12163 0.761344 0.636838
vn -0.130071 0.805478 0.578176
vn 0.209713 0.732595 0.647553
vn -0.164497 0.761843 0.626527
vn -0.137097 0.782503 0.607366
vn -0.471414 0.662184 0.582478
vn 0.171747 0.657445 0.733668
vn 0.174514 -0.874769 -0.452021
vn -0.055094 -0.859869 -0.507532
vn 0.181294 -0.839332 -0.512498
vn -0.070416 -0.81788 -0.571064
vn 0.106946 -0.869871 -0.481547
vn 0.120448 -0.834326 -0.537952
vn 0.308228 -0.820223 -0.481902
vn 0.265167 -0.861888 -0.432245
vn 0.055885 -0.838076 -0.542684
vn 0.037028 -0.873316 -0.485746
vn 0.162609 -0.912252 -0.375972
vn -0.094951 -0.895029 -0.435783
vn 0.089486 -0.908454 -0.408294
vn 0.267399 -0.897447 -0.350837
vn 0.018739 -0.910221 -0.413699
vn 0.132863 -0.952201 -0.275067
vn -0.185748 -0.916804 -0.353509
vn 0.069411 -0.943318 -0.32455
vn 0.30966 -0.920785 -0.237206
vn 0.006472 -0.950228 -0.311487
vn 0.062672 -0.993331 -0.096779
vn -0.340689 -0.916498 -0.209671
vn 0.006926 -0.998467 -0.054919
vn 0.381153 -0.923739 -0.037808
vn -0.01064 -0.992921 -0.118298
vn 0.374673 -0.770228 -0.51611
vn 0.077207 -0.798523 -0.596993
vn 0.130095 -0.80541 -0.578265
vn -0.114272 -0.767151 -0.631206
vn 0.186223 -0.799698 -0.570792
vn 0.137261 -0.781963 -0.608024
vn 0.442629 -0.68139 -0.582913
vn -0.14524 -0.677409 -0.721126
vn -0.554914 0.603201 0.572904
vn -0.934495 -0.294731 0.19963
vn -0.368549 0.53556 0.759834
vn -0.852351 -0.317574 0.415505
vn -0.982886 -0.182315 -0.026397
vn -0.541614 0.711132 0.44827
vn -0.219112 0.307888 0.925848
vn -0.167151 -0.695706 0.698609
vn -0.965896 -0.04788 -0.254464
vn -0.523693 0.794722 0.306859
vn 0.574853 -0.331072 0.748289
vn -0.005088 0.53597 0.844222
vn 0.746035 -0.320982 0.583441
vn 0.247071 0.599351 0.761403
vn 0.890476 -0.212846 0.40218
vn 0.291675 0.705255 0.646174
vn 0.977747 -0.064576 0.199604
vn 0.33589 0.788835 0.514701
vn -0.8819 0.059952 -0.467609
vn -0.492169 0.857581 0.149416
vn 0.997087 0.074916 -0.014339
vn 0.369603 0.854382 0.365274
vn -0.754626 0.114018 -0.646173
vn -0.438485 0.898402 -0.024599
vn 0.961022 0.171375 -0.216952
vn 0.384942 0.902975 0.190934
vn -0.599202 0.148796 -0.786649
vn -0.343725 0.90851 -0.237621
vn 0.881406 0.232237 -0.411327
vn 0.386755 0.920848 -0.04959
vn -0.045736 0.929515 -0.365937
vn -0.437615 0.306835 -0.84519
vn 0.196072 0.931661 -0.305883
vn 0.760715 0.337026 -0.554731
vn -0.153495 -0.869259 -0.469924
vn -0.097153 -0.861532 -0.498321
vn -0.225275 -0.844912 -0.485154
vn 0.038698 -0.983842 -0.174806
vn -0.071374 -0.861635 -0.502485
vn 0.410578 -0.8495 -0.331323
vn 0.33654 -0.872518 -0.354193
vn 0.299818 -0.863498 -0.405561
vn 0.2861 -0.860996 -0.420514
vn -0.06325 -0.869345 -0.490142
vn 0.291216 -0.86136 -0.416235
vn -0.0706 -0.879353 -0.470907
vn 0.313394 -0.859323 -0.404164
vn -0.140552 -0.900293 -0.411969
vn 0.364409 -0.869864 -0.332481
vn -0.297996 -0.913818 -0.275924
vn 0.411869 -0.902 -0.12946
vn -0.721676 -0.689446 -0.06204
vn 0.667395 -0.697207 0.261699
vn 0.777625 0.606315 -0.166377
vn -0.622909 0.606158 -0.494527
vn 0.074544 0.949021 -0.306272
vn -0.664724 0.647542 -0.3726
vn -0.072542 -0.95542 0.286199
vn 0.801779 -0.488009 0.34496
vn 0.768114 0.639182 -0.038047
vn -0.876347 -0.479261 -0.048213
vn 0.61909 0.784454 -0.036863
vn 0.55959 0.827636 -0.043333
vn 0.458659 0.823053 0.334986
vn 0.368488 0.877575 0.306722
vn 0.477828 0.834285 0.275043
vn 0.427977 0.869846 0.245363
vn 0.272886 0.78878 0.550781
vn 0.237872 0.830499 0.503675
vn 0.52128 0.821401 0.231448
vn 0.453095 0.875007 0.170493
vn 0.272622 0.926279 0.260163
vn 0.502429 0.860392 -0.085385
vn 0.363201 0.908454 0.206873
vn 0.171882 0.861262 0.478209
vn 0.36592 0.923037 0.118765
vn 0.172301 0.967838 0.183307
vn 0.445175 0.879028 -0.170671
vn 0.289143 0.943347 0.162768
vn 0.066665 0.877632 0.474677
vn 0.247484 0.965537 0.080561
vn 0.048849 0.998328 0.030899
vn 0.294827 0.907719 -0.298536
vn 0.203663 0.97261 0.112031
vn -0.118716 0.904838 0.408869
vn 0.049759 0.997489 0.050403
vn -0.26468 0.951144 -0.158964
vn 0.328085 0.737514 0.590282
vn 0.571831 0.761344 0.305558
vn 0.513313 0.805477 0.296169
vn 0.680622 0.732595 -0.007599
vn 0.549235 0.761843 0.343419
vn 0.53909 0.782503 0.311563
vn 0.415883 0.662184 0.623341
vn 0.751547 0.657445 0.054263
vn -0.379649 -0.874769 -0.301074
vn -0.500947 -0.859869 -0.098372
vn -0.435372 -0.839332 -0.325536
vn -0.566161 -0.81788 -0.10264
vn -0.427938 -0.86987 -0.245346
vn -0.477774 -0.834325 -0.275015
vn -0.368403 -0.820222 -0.437624
vn -0.333802 -0.861888 -0.381739
vn -0.501495 -0.838075 -0.214784
vn -0.452743 -0.873316 -0.179843
vn -0.310583 -0.912252 -0.267086
vn -0.444301 -0.895029 -0.038975
vn -0.363192 -0.908454 -0.206888
vn -0.255414 -0.897447 -0.359655
vn -0.389398 -0.910221 -0.14095
vn -0.223094 -0.9522 -0.208671
vn -0.39276 -0.916804 0.072185
vn -0.289212 -0.943318 -0.162809
vn -0.134356 -0.920784 -0.366203
vn -0.295462 -0.950228 -0.098835
vn -0.073756 -0.993331 -0.088623
vn -0.301524 -0.916497 0.262901
vn -0.050372 -0.998467 -0.022946
vn 0.077283 -0.923738 -0.375147
vn -0.116106 -0.992921 -0.025031
vn -0.381296 -0.770228 -0.511237
vn -0.547001 -0.798523 -0.251297
vn -0.513391 -0.80541 -0.296218
vn -0.636626 -0.767151 -0.07866
vn -0.489561 -0.799698 -0.347582
vn -0.539671 -0.781963 -0.311913
vn -0.42486 -0.68139 -0.595987
vn -0.731686 -0.67741 -0.075842
vn 0.381904 0.603201 0.700213
vn -0.08738 -0.294728 0.951578
vn 0.615811 0.535559 0.577887
vn 0.143155 -0.317575 0.937365
vn -0.317572 -0.182311 0.930543
vn 0.266867 0.711132 0.650441
vn 0.818764 0.307883 0.484596
vn 0.617268 -0.695703 0.367392
vn -0.530262 -0.047875 0.846481
vn 0.137189 0.794723 0.591265
vn 0.885413 -0.331071 -0.326245
vn 0.804495 0.535968 0.25598
vn 0.778946 -0.320984 -0.538713
vn 0.800431 0.599351 -0.009399
vn 0.648858 -0.21285 -0.730533
vn 0.703686 0.705256 -0.08626
vn 0.481409 -0.064579 -0.874114
vn 0.591317 0.788836 -0.16758
vn -0.708773 0.059956 0.702884
vn -0.003749 0.857581 0.514336
vn 0.282904 0.07491 -0.956218
vn 0.458682 0.854382 -0.244217
vn -0.841393 0.114023 0.528257
vn -0.15392 0.898401 0.41132
vn 0.078734 0.171371 -0.982056
vn 0.296797 0.902975 -0.310721
vn -0.929278 0.148804 0.338082
vn -0.329112 0.908509 0.257482
vn -0.130524 0.232235 -0.963862
vn 0.0677 0.920848 -0.383999
vn -0.362976 0.929516 -0.065184
vn -0.937102 0.306842 0.166396
vn -0.233711 0.931661 -0.278185
vn -0.303336 0.337021 -0.891294
vn -0.494311 -0.869259 0.006761
vn -0.504663 -0.861532 -0.055478
vn -0.530205 -0.844911 0.070767
vn -0.155389 -0.983842 -0.088935
vn -0.500971 -0.861635 -0.081327
vn -0.194196 -0.8495 -0.490549
vn -0.238052 -0.872518 -0.426665
vn -0.298017 -0.863499 -0.406886
vn -0.316375 -0.860996 -0.398238
vn -0.486769 -0.869345 -0.08541
vn -0.310767 -0.86136 -0.401849
vn -0.470591 -0.879354 -0.072672
vn -0.292646 -0.859322 -0.419432
vn -0.43513 -0.900292 0.011644
vn -0.20903 -0.869865 -0.446812
vn -0.352079 -0.913818 0.20243
vn -0.001083 -0.902002 -0.431731
vn -0.273903 -0.689447 0.670552
vn 0.44838 -0.697207 -0.559337
vn 0.072468 0.606316 -0.791915
vn -0.657432 0.60616 0.447609
vn -0.270233 0.949021 -0.162275
vn -0.553465 0.647543 0.523798
vn 0.251667 -0.95542 0.15439
vn 0.567846 -0.488009 -0.662871
vn 0.192162 0.639184 -0.744659
vn -0.30671 -0.479263 0.822336
vn 0.28131 0.784454 -0.552718
vn 0.245634 0.827636 -0.504661
vn 0.520955 0.823053 -0.226252
vn 0.450967 0.877575 -0.162759
vn 0.478939 0.834285 -0.273105
vn 0.428121 0.869846 -0.245112
vn 0.613159 0.78878 0.043151
vn 0.554814 0.830499 0.049532
vn 0.463306 0.821401 -0.332638
vn 0.376237 0.875007 -0.304645
vn 0.362316 0.926279 -0.103605
vn 0.180447 0.860392 -0.476618
vn 0.362156 0.908454 -0.208696
vn 0.49947 0.861262 0.093581
vn 0.287523 0.923037 -0.255603
vn 0.245277 0.967838 -0.055932
vn 0.077918 0.879029 -0.470359
vn 0.286652 0.943347 -0.167114
vn 0.443208 0.877632 0.182562
vn 0.194666 0.965537 -0.172753
vn 0.051362 0.998328 -0.026514
vn -0.108428 0.907721 -0.405323
vn 0.199649 0.97261 -0.119035
vn 0.292681 0.904837 0.309204
vn 0.068649 0.997489 -0.017433
vn -0.271 0.951143 0.147937
vn 0.675153 0.737514 0.015511
vn 0.552806 0.761344 -0.338765
vn 0.51511 0.805478 -0.293032
vn 0.337675 0.732595 -0.591
vn 0.57404 0.761843 -0.300123
vn 0.541426 0.782503 -0.307484
vn 0.748077 0.662184 -0.04351
vn 0.426912 0.657446 -0.620896
vn -0.45174 -0.874769 0.175242
vn -0.33822 -0.859869 0.382403
vn -0.501026 -0.839331 0.210941
vn -0.374886 -0.81788 0.436501
vn -0.428088 -0.869871 0.245084
vn -0.478887 -0.834326 0.27307
vn -0.56385 -0.820223 0.09648
vn -0.49814 -0.861888 0.094894
vn -0.438924 -0.838075 0.323999
vn -0.384124 -0.873316 0.299613
vn -0.387488 -0.912252 0.132851
vn -0.258331 -0.895029 0.363576
vn -0.362164 -0.908454 0.208682
vn -0.439443 -0.897448 0.038441
vn -0.318536 -0.910221 0.264637
vn -0.292847 -0.9522 0.086921
vn -0.136368 -0.916803 0.375333
vn -0.286722 -0.943318 0.167156
vn -0.383866 -0.920784 -0.069304
vn -0.234696 -0.950228 0.204901
vn -0.113755 -0.993331 0.018807
vn 0.074298 -0.916497 0.393081
vn -0.045274 -0.998467 0.03185
vn -0.284544 -0.923738 -0.256404
vn -0.080317 -0.992921 0.087502
vn -0.633875 -0.770228 0.070372
vn -0.493438 -0.798522 0.344791
vn -0.51519 -0.80541 0.293077
vn -0.389837 -0.767151 0.509418
vn -0.547451 -0.799697 0.246538
vn -0.542021 -0.781963 0.307812
vn -0.72902 -0.68139 0.065093
vn -0.435484 -0.677409 0.59285
vn 0.797207 0.603201 0.024679
vn 0.776706 -0.294733 0.556651
vn 0.80998 0.53556 -0.238973
vn 0.881043 -0.317575 0.350585
vn 0.642139 -0.182316 0.744593
vn 0.69609 0.711132 0.098745
vn 0.832146 0.307884 -0.461238
vn 0.629133 -0.695703 -0.346684
vn 0.462052 -0.04788 0.88556
vn 0.579455 0.794722 0.180688
vn 0.166362 -0.33107 -0.928825
vn 0.627707 0.535968 -0.564554
vn -0.070775 -0.320981 -0.944437
vn 0.396716 0.599351 -0.695266
vn -0.302048 -0.212848 -0.929227
vn 0.281481 0.705255 -0.65068
vn -0.510599 -0.064576 -0.857391
vn 0.154496 0.788835 -0.59487
vn 0.247894 0.05995 0.966931
vn 0.441809 0.85758 0.263365
vn -0.681823 0.074915 -0.727671
vn 0.021302 0.854382 -0.519209
vn 0.030172 0.114019 0.99302
vn 0.276989 0.898401 0.340811
vn -0.807373 0.171374 -0.564606
vn -0.117943 0.902975 -0.413188
vn -0.178337 0.148797 0.972654
vn 0.055674 0.90851 0.414137
vn -0.897512 0.232237 -0.374883
vn -0.297026 0.920849 -0.252613
vn -0.239813 0.929514 0.280166
vn -0.330403 0.306835 0.892573
vn -0.358184 0.931661 0.060923
vn -0.922311 0.337024 -0.189099
vn -0.244169 -0.869259 0.42985
vn -0.303097 -0.861531 0.407303
vn -0.207108 -0.844912 0.493183
vn -0.155309 -0.983843 0.089064
vn -0.323529 -0.861635 0.391043
vn -0.5214 -0.8495 -0.080574
vn -0.488471 -0.872518 -0.010427
vn -0.501735 -0.863499 0.051307
vn -0.503559 -0.860996 0.071516
vn -0.319869 -0.869345 0.376726
vn -0.503839 -0.86136 0.064851
vn -0.300698 -0.879353 0.369214
vn -0.509844 -0.859321 0.040325
vn -0.210025 -0.900292 0.381267
vn -0.491176 -0.869863 -0.045654
vn -0.003436 -0.913819 0.406106
vn -0.372992 -0.902001 -0.217421
vn 0.439942 -0.689447 0.575425
vn -0.255757 -0.697207 -0.669695
vn -0.646515 0.606316 -0.463033
vn 0.053638 0.606159 0.793533
vn -0.276664 0.949021 0.151053
vn 0.171948 0.647544 0.742375
vn 0.260473 -0.95542 -0.139021
vn -0.284653 -0.488009 -0.825118
vn -0.545215 0.639182 -0.542391
vn 0.55429 -0.479261 0.680494
vn -0.461142 0.784454 -0.414705
vn -0.423949 0.827636 -0.367813
vn -0.0838 0.823052 -0.561749
vn -0.04057 0.877575 -0.47772
vn -0.139925 0.834285 -0.533282
vn -0.12603 0.869846 -0.476954
vn 0.200284 0.78878 -0.58113
vn 0.191358 0.830499 -0.52312
vn -0.201478 0.8214 -0.533581
vn -0.196958 0.875007 -0.442233
vn -0.00636 0.926279 -0.376784
vn -0.413721 0.860392 -0.29759
vn -0.107916 0.908454 -0.403814
vn 0.219591 0.861262 -0.458265
vn -0.172533 0.923037 -0.343853
vn 0.009416 0.967838 -0.251397
vn -0.434195 0.879029 -0.196931
vn -0.087281 0.943347 -0.320123
vn 0.29099 0.877632 -0.380903
vn -0.116521 0.965537 -0.232726
vn -0.012326 0.998328 -0.056473
vn -0.419576 0.90772 -0.000106
vn -0.063343 0.97261 -0.223646
vn 0.374387 0.904838 -0.20274
vn 0.000918 0.997489 -0.070822
vn 0.072803 0.951144 0.300043
vn 0.18962 0.737514 -0.648164
vn -0.184245 0.761344 -0.621619
vn -0.149819 0.805477 -0.573376
vn -0.483541 0.732595 -0.479054
vn -0.141427 0.761843 -0.632134
vn -0.156973 0.782502 -0.602536
vn 0.15147 0.662184 -0.733873
vn -0.489338 0.657445 -0.572988
vn 0.05243 -0.874769 0.481695
vn 0.281903 -0.859869 0.425624
vn 0.074165 -0.839331 0.538537
vn 0.324676 -0.81788 0.475035
vn 0.126012 -0.86987 0.476914
vn 0.139907 -0.834326 0.533222
vn -0.052652 -0.820223 0.569616
vn -0.037187 -0.861888 0.505733
vn 0.199438 -0.838076 0.507793
vn 0.190057 -0.873316 0.448551
vn 0.028101 -0.912252 0.408664
vn 0.284381 -0.895029 0.343584
vn 0.107902 -0.908454 0.403817
vn -0.076535 -0.897448 0.434431
vn 0.173236 -0.910221 0.376147
vn 0.008214 -0.9522 0.305364
vn 0.327285 -0.916804 0.228813
vn 0.087301 -0.943318 0.320201
vn -0.166238 -0.920785 0.352875
vn 0.137219 -0.950228 0.279709
vn -0.011259 -0.993331 0.114749
vn 0.398921 -0.916498 0.029906
vn 0.019053 -0.998467 0.051972
vn -0.321279 -0.923738 0.208537
vn 0.06375 -0.992921 0.100217
vn -0.095984 -0.770228 0.630505
vn 0.205421 -0.798523 0.56583
vn 0.149841 -0.80541 0.573465
vn 0.391245 -0.767151 0.508338
vn 0.096541 -0.799698 0.592591
vn 0.157132 -0.781963 0.603194
vn -0.125694 -0.68139 0.721047
vn 0.46003 -0.677409 0.574013
vn 0.230049 0.603201 -0.763693
vn 0.738613 -0.294732 -0.606286
vn -0.021326 0.53556 -0.844228
vn 0.566548 -0.317575 -0.760375
vn 0.88535 -0.182315 -0.427687
vn 0.275438 0.711131 -0.646859
vn -0.230295 0.307885 -0.923131
vn -0.172151 -0.695702 -0.697397
vn 0.974938 -0.047878 -0.217265
vn 0.324423 0.794722 -0.512998
vn -0.854183 -0.33107 -0.400955
vn -0.382975 0.535969 -0.752375
vn -0.930603 -0.320981 -0.175926
vn -0.568988 0.599351 -0.563056
vn -0.975732 -0.212848 0.05141
vn -0.555727 0.705254 -0.440209
vn -0.960285 -0.064576 0.271445
vn -0.534662 0.788835 -0.303109
vn 0.998145 0.059951 0.010655
vn 0.368681 0.85758 -0.358651
vn -0.879269 0.074915 0.470397
vn -0.496027 0.854383 -0.154878
vn 0.96703 0.114018 0.227714
vn 0.400858 0.898402 -0.179407
vn -0.75423 0.171375 0.633852
vn -0.429634 0.902976 0.007051
vn 0.893422 0.148797 0.423858
vn 0.414444 0.90851 0.053344
vn -0.59428 0.232239 0.769997
vn -0.320847 0.920849 0.221574
vn 0.208599 0.929515 0.30412
vn 0.776733 0.306835 0.550035
vn -0.0338 0.93166 0.361755
vn -0.421231 0.337024 0.842009
vn 0.352063 -0.869259 0.347045
vn 0.315041 -0.861531 0.398137
vn 0.422827 -0.844912 0.327628
vn 0.045859 -0.983843 0.173061
vn 0.29405 -0.861634 0.413668
vn -0.212698 -0.8495 0.482814
vn -0.136423 -0.872518 0.469149
vn -0.08022 -0.863499 0.49793
vn -0.061171 -0.860996 0.50492
vn 0.281167 -0.869345 0.406428
vn -0.067681 -0.86136 0.503467
vn 0.278868 -0.879353 0.385967
vn -0.092926 -0.859322 0.502923
vn 0.313966 -0.900291 0.301498
vn -0.171149 -0.869863 0.462651
vn 0.3914 -0.913818 0.108365
vn -0.306496 -0.902002 0.304059
vn 0.66964 -0.689447 -0.276126
vn -0.713058 -0.697207 0.073827
vn -0.614506 0.606315 0.504742
vn 0.780403 0.606157 0.153443
vn 0.074349 0.949021 0.306319
vn 0.76159 0.64754 0.025926
vn -0.066913 -0.95542 -0.287567
vn -0.870667 -0.488009 0.061536
vn -0.664958 0.639183 0.386362
vn 0.80071 -0.479261 -0.359405
vt 0.370865 0.895101
vt 0.378306 0.908747
vt 0.361954 0.900657
vt 0.368332 0.914895
vt 0.377406 0.891265
vt 0.384891 0.90487
vt 0.38415 0.887869
vt 0.391602 0.901327
vt 0.393571 0.883412
vt 0.401874 0.896134
vt 0.376903 0.927567
vt 0.386255 0.921917
vt 0.392456 0.918354
vt 0.398668 0.914874
vt 0.408142 0.909805
vt 0.387328 0.938159
vt 0.394161 0.934131
vt 0.399765 0.931256
vt 0.405078 0.92789
vt 0.411819 0.924071
vt 0.397176 0.945156
vt 0.401308 0.943085
vt 0.405788 0.941772
vt 0.409194 0.938582
vt 0.412925 0.936101
vt 0.410456 0.949884
vt 0.376249 0.874389
vt 0.383823 0.871616
vt 0.369878 0.877363
vt 0.363806 0.880982
vt 0.357173 0.88575
vt 0.363535 0.86528
vt 0.36841 0.863691
vt 0.359425 0.868381
vt 0.136916 0.875655
vt 0.148411 0.876211
vt 0.138228 0.891487
vt 0.148656 0.892066
vt 0.156166 0.876359
vt 0.156427 0.892196
vt 0.164126 0.891804
vt 0.163881 0.876101
vt 0.174175 0.891068
vt 0.175164 0.875408
vt 0.13829 0.860135
vt 0.148872 0.860682
vt 0.156071 0.860742
vt 0.163252 0.860671
vt 0.173801 0.860094
vt 0.142537 0.845531
vt 0.149812 0.846124
vt 0.156084 0.845872
vt 0.162347 0.846167
vt 0.169771 0.845567
vt 0.147971 0.834859
vt 0.151671 0.834902
vt 0.156148 0.833477
vt 0.160596 0.834954
vt 0.1645 0.834949
vt 0.163971 0.907734
vt 0.171487 0.906585
vt 0.156939 0.908337
vt 0.149838 0.908385
vt 0.142041 0.907975
vt 0.157539 0.921563
vt 0.162462 0.920642
vt 0.152522 0.921184
vt 0.350036 0.888811
vt 0.346007 0.888062
vt 0.353195 0.873018
vt 0.349808 0.871275
vt 0.347192 0.906372
vt 0.351169 0.905717
vt 0.358982 0.85654
vt 0.35663 0.851999
vt 0.354184 0.922568
vt 0.357759 0.920901
vt 0.376229 0.85761
vt 0.37572 0.861272
vt 0.391725 0.863997
vt 0.390168 0.867556
vt 0.40539 0.874677
vt 0.402858 0.877515
vt 0.41519 0.888273
vt 0.412075 0.890415
vt 0.365121 0.93587
vt 0.368042 0.933502
vt 0.420981 0.903967
vt 0.417494 0.905294
vt 0.378343 0.945633
vt 0.380789 0.942962
vt 0.422585 0.920075
vt 0.418994 0.920885
vt 0.391635 0.951158
vt 0.39345 0.948225
vt 0.420731 0.934141
vt 0.417245 0.934388
vt 0.401321 0.949586
vt 0.402186 0.953601
vt 0.414604 0.941817
vt 0.417627 0.944608
vt 0.134384 0.908103
vt 0.130463 0.910312
vt 0.127083 0.892127
vt 0.122931 0.893208
vt 0.142285 0.923085
vt 0.14523 0.92076
vt 0.158031 0.930139
vt 0.15823 0.933526
vt 0.121239 0.875937
vt 0.125191 0.875532
vt 0.172708 0.921377
vt 0.169571 0.919408
vt 0.178745 0.906311
vt 0.182685 0.908144
vt 0.18488 0.891161
vt 0.188937 0.892057
vt 0.190449 0.875506
vt 0.186552 0.875145
vt 0.124328 0.85934
vt 0.128092 0.859473
vt 0.187533 0.85931
vt 0.183799 0.859456
vt 0.131166 0.84494
vt 0.135085 0.845093
vt 0.181058 0.845013
vt 0.177144 0.845203
vt 0.139708 0.834466
vt 0.143968 0.834571
vt 0.172791 0.834569
vt 0.16861 0.834738
vt 0.146739 0.828825
vt 0.149446 0.830202
vt 0.165685 0.828923
vt 0.163044 0.830311
vt 0.152077 0.827764
vt 0.160402 0.827814
vt 0.163338 0.826009
vt 0.149147 0.825909
vt 0.408088 0.954466
vt 0.415477 0.950194
vt 0.41803 0.963269
vt 0.414316 0.964853
vt 0.156252 0.817562
vt 0.159612 0.817006
vt 0.421352 0.960865
vt 0.152895 0.81696
vt 0.162962 0.81591
vt 0.149538 0.815836
vt 0.956977 0.799908
vt 0.952857 0.814904
vt 0.946697 0.797727
vt 0.941409 0.812398
vt 0.964348 0.801683
vt 0.960282 0.816678
vt 0.971562 0.803912
vt 0.967584 0.818783
vt 0.98144 0.807225
vt 0.978586 0.822148
vt 0.93879 0.827472
vt 0.949452 0.829898
vt 0.956383 0.83163
vt 0.963279 0.833436
vt 0.973626 0.836347
vt 0.93897 0.842338
vt 0.946696 0.844189
vt 0.95273 0.846003
vt 0.958895 0.847259
vt 0.966394 0.849175
vt 0.941223 0.854227
vt 0.945635 0.855593
vt 0.949775 0.857742
vt 0.954443 0.857798
vt 0.958841 0.858586
vt 0.947501 0.866799
vt 0.975224 0.788735
vt 0.982604 0.791964
vt 0.96857 0.786453
vt 0.96169 0.784849
vt 0.9536 0.783669
vt 0.972369 0.773359
vt 0.976988 0.775586
vt 0.967262 0.772733
vt 0.698625 0.855056
vt 0.687517 0.854462
vt 0.697398 0.839791
vt 0.687788 0.83907
vt 0.679909 0.854168
vt 0.680367 0.838606
vt 0.672834 0.838545
vt 0.672216 0.854176
vt 0.662809 0.8386
vt 0.660766 0.854374
vt 0.697576 0.870284
vt 0.687032 0.869934
vt 0.679759 0.869908
vt 0.672413 0.869915
vt 0.661481 0.870252
vt 0.693891 0.885151
vt 0.686413 0.884851
vt 0.679901 0.885299
vt 0.673304 0.885075
vt 0.66542 0.885684
vt 0.688926 0.896525
vt 0.68501 0.896719
vt 0.680279 0.898496
vt 0.675391 0.897079
vt 0.671131 0.897173
vt 0.674319 0.823061
vt 0.666846 0.823467
vt 0.681193 0.823136
vt 0.688026 0.823753
vt 0.695458 0.824902
vt 0.681919 0.810433
vt 0.677091 0.810775
vt 0.686665 0.811343
vt 0.946328 0.780908
vt 0.943944 0.777572
vt 0.959565 0.771746
vt 0.95834 0.768143
vt 0.932104 0.79161
vt 0.93542 0.793891
vt 0.97514 0.763885
vt 0.976595 0.758973
vt 0.925912 0.808092
vt 0.929639 0.809376
vt 0.986838 0.776628
vt 0.98393 0.778915
vt 0.99358 0.791942
vt 0.989992 0.793429
vt 0.996032 0.809126
vt 0.992234 0.809413
vt 0.993636 0.825697
vt 0.989906 0.825083
vt 0.924536 0.825274
vt 0.928285 0.825594
vt 0.986938 0.841036
vt 0.9835 0.839575
vt 0.927316 0.841478
vt 0.930929 0.841252
vt 0.976906 0.853768
vt 0.973763 0.851858
vt 0.933046 0.854701
vt 0.936398 0.853847
vt 0.965826 0.862573
vt 0.963139 0.86034
vt 0.941137 0.86028
vt 0.93899 0.863774
vt 0.956079 0.86388
vt 0.956309 0.867997
vt 0.702325 0.825236
vt 0.706 0.823537
vt 0.707858 0.839702
vt 0.711626 0.838835
vt 0.696526 0.810701
vt 0.693534 0.81256
vt 0.682421 0.802188
vt 0.682621 0.79893
vt 0.713469 0.854587
vt 0.709776 0.855067
vt 0.667275 0.808882
vt 0.670095 0.811153
vt 0.659634 0.823006
vt 0.6559 0.820763
vt 0.65202 0.83766
vt 0.647974 0.836391
vt 0.645045 0.853297
vt 0.649055 0.85395
vt 0.711249 0.870523
vt 0.707588 0.870573
vt 0.647021 0.870459
vt 0.650974 0.870501
vt 0.705367 0.885085
vt 0.70144 0.885175
vt 0.653299 0.886007
vt 0.657513 0.885924
vt 0.697497 0.896287
vt 0.693121 0.896525
vt 0.662024 0.897553
vt 0.666621 0.897424
vt 0.690798 0.902765
vt 0.687782 0.901594
vt 0.66987 0.903931
vt 0.672844 0.902318
vt 0.685166 0.904481
vt 0.675927 0.90503
vt 0.672721 0.907267
vt 0.688579 0.906253
vt 0.94262 0.868459
vt 0.950902 0.870505
vt 0.943669 0.881732
vt 0.939896 0.880303
vt 0.681328 0.916157
vt 0.677641 0.917067
vt 0.947734 0.882297
vt 0.685137 0.916569
vt 0.673981 0.918583
vt 0.688984 0.917553
vt 0.878439 0.878849
vt 0.884002 0.864324
vt 0.888453 0.882019
vt 0.895151 0.867927
vt 0.871275 0.876366
vt 0.876786 0.861834
vt 0.864311 0.873438
vt 0.869725 0.859021
vt 0.854808 0.869163
vt 0.859108 0.854582
vt 0.899241 0.853196
vt 0.888868 0.849748
vt 0.882137 0.847346
vt 0.875451 0.844868
vt 0.865443 0.840946
vt 0.900517 0.838382
vt 0.893015 0.835796
vt 0.887193 0.833398
vt 0.88118 0.831539
vt 0.873897 0.828889
vt 0.899453 0.826339
vt 0.895191 0.824548
vt 0.891286 0.822003
vt 0.886652 0.821483
vt 0.882344 0.820251
vt 0.89443 0.813187
vt 0.859172 0.888179
vt 0.852146 0.884226
vt 0.865573 0.891096
vt 0.872267 0.893362
vt 0.880201 0.895321
vt 0.860521 0.903769
vt 0.856142 0.901093
vt 0.865541 0.904883
vt 0.323335 0.873821
vt 0.311836 0.874598
vt 0.320183 0.858255
vt 0.309749 0.858887
vt 0.304116 0.87535
vt 0.302019 0.859657
vt 0.294427 0.860943
vt 0.296489 0.876507
vt 0.284544 0.862853
vt 0.285374 0.878529
vt 0.323771 0.889405
vt 0.313188 0.890091
vt 0.306033 0.890863
vt 0.29891 0.89177
vt 0.288504 0.893592
vt 0.321262 0.904395
vt 0.31396 0.904666
vt 0.307761 0.905646
vt 0.301499 0.906075
vt 0.294195 0.907532
vt 0.317111 0.915638
vt 0.313429 0.916026
vt 0.309151 0.917961
vt 0.304555 0.917015
vt 0.300673 0.917474
vt 0.292713 0.845108
vt 0.285379 0.847137
vt 0.299637 0.843689
vt 0.306685 0.842826
vt 0.314473 0.842326
vt 0.297504 0.830644
vt 0.292714 0.832135
vt 0.302528 0.830432
vt 0.887162 0.898773
vt 0.889204 0.902325
vt 0.8731 0.906609
vt 0.873969 0.910314
vt 0.90238 0.889543
vt 0.8993 0.886942
vt 0.856824 0.912907
vt 0.854896 0.917645
vt 0.910146 0.873716
vt 0.906564 0.872076
vt 0.846437 0.89909
vt 0.849554 0.897099
vt 0.841218 0.883153
vt 0.844938 0.88203
vt 0.840493 0.865824
vt 0.844296 0.865912
vt 0.844484 0.849558
vt 0.848135 0.850537
vt 0.913218 0.85677
vt 0.909518 0.856084
vt 0.852661 0.834967
vt 0.855937 0.836759
vt 0.91204 0.84036
vt 0.90842 0.840235
vt 0.863871 0.823288
vt 0.866818 0.825495
vt 0.907625 0.826662
vt 0.904211 0.827184
vt 0.875779 0.815576
vt 0.878232 0.818068
vt 0.900128 0.820314
vt 0.90262 0.817051
vt 0.885612 0.81526
vt 0.88578 0.811144
vt 0.32207 0.841323
vt 0.325708 0.83868
vt 0.331179 0.856309
vt 0.335176 0.854747
vt 0.312474 0.827346
vt 0.309825 0.830008
vt 0.296007 0.822184
vt 0.295416 0.818845
vt 0.338893 0.871727
vt 0.335009 0.872587
vt 0.282457 0.832599
vt 0.285807 0.834181
vt 0.278203 0.848256
vt 0.274072 0.846894
vt 0.273913 0.864019
vt 0.269781 0.863605
vt 0.270201 0.880229
vt 0.27411 0.880131
vt 0.337735 0.888579
vt 0.333982 0.888883
vt 0.274973 0.895979
vt 0.278662 0.895397
vt 0.332642 0.903672
vt 0.328727 0.903973
vt 0.283076 0.909404
vt 0.286932 0.908758
vt 0.325372 0.915079
vt 0.321125 0.91546
vt 0.292481 0.918814
vt 0.296616 0.918159
vt 0.319036 0.921468
vt 0.316187 0.920426
vt 0.300217 0.923596
vt 0.302668 0.921912
vt 0.313862 0.923157
vt 0.305583 0.924076
vt 0.302875 0.926202
vt 0.316995 0.924661
vt 0.899454 0.812011
vt 0.891407 0.809167
vt 0.899708 0.798724
vt 0.903316 0.800514
vt 0.310889 0.933774
vt 0.307616 0.934729
vt 0.89573 0.797758
vt 0.314295 0.933988
vt 0.304416 0.936218
vt 0.317749 0.934728
vt 0.074434 0.805426
vt 0.060172 0.820976
vt 0.063391 0.796428
vt 0.047909 0.81086
vt 0.082227 0.812132
vt 0.068027 0.827713
vt 0.089549 0.819308
vt 0.075527 0.834789
vt 0.099402 0.829442
vt 0.086696 0.845685
vt 0.035396 0.82741
vt 0.046759 0.836943
vt 0.054044 0.843331
vt 0.06124 0.849792
vt 0.071898 0.859723
vt 0.026388 0.845442
vt 0.034554 0.852454
vt 0.0407 0.858385
vt 0.047352 0.863727
vt 0.055216 0.870698
vt 0.021716 0.861162
vt 0.026189 0.865551
vt 0.029841 0.870716
vt 0.035428 0.873685
vt 0.040245 0.877392
vt 0.021474 0.880266
vt 0.103393 0.803263
vt 0.11028 0.811758
vt 0.096775 0.796384
vt 0.089467 0.790188
vt 0.080437 0.783755
vt 0.109485 0.782944
vt 0.113668 0.788504
vt 0.103712 0.779031
vt 0.757951 0.815895
vt 0.771138 0.824255
vt 0.748896 0.835447
vt 0.76081 0.843119
vt 0.780189 0.829622
vt 0.76989 0.848475
vt 0.779232 0.853171
vt 0.78946 0.834489
vt 0.791576 0.859034
vt 0.803233 0.841227
vt 0.76997 0.798507
vt 0.782087 0.806246
vt 0.790541 0.811141
vt 0.799061 0.815869
vt 0.811889 0.82225
vt 0.784768 0.784125
vt 0.792957 0.789699
vt 0.800526 0.793607
vt 0.807716 0.798155
vt 0.816866 0.802422
vt 0.798334 0.77518
vt 0.802667 0.77771
vt 0.808899 0.77903
vt 0.813156 0.783755
vt 0.817765 0.786365
vt 0.768377 0.871856
vt 0.778005 0.87554
vt 0.759679 0.867856
vt 0.75127 0.863153
vt 0.742347 0.857447
vt 0.751524 0.883856
vt 0.757948 0.886069
vt 0.745861 0.880048
vt 0.073382 0.775921
vt 0.072578 0.770422
vt 0.095047 0.773075
vt 0.095806 0.767968
vt 0.04958 0.779983
vt 0.052167 0.784803
vt 0.118715 0.773271
vt 0.123514 0.768263
vt 0.031873 0.796063
vt 0.035575 0.799922
vt 0.124904 0.79587
vt 0.119979 0.796824
vt 0.123532 0.818567
vt 0.118278 0.818126
vt 0.1158 0.840801
vt 0.111044 0.838791
vt 0.102629 0.859326
vt 0.098512 0.856266
vt 0.019554 0.815933
vt 0.023879 0.818642
vt 0.085027 0.873641
vt 0.081791 0.869746
vt 0.01285 0.837184
vt 0.01735 0.839151
vt 0.065066 0.882757
vt 0.062449 0.878505
vt 0.01157 0.856676
vt 0.016134 0.857729
vt 0.046195 0.88656
vt 0.044346 0.882186
vt 0.017851 0.86842
vt 0.01308 0.87129
vt 0.033643 0.882057
vt 0.031382 0.887167
vt 0.733235 0.852466
vt 0.727133 0.852444
vt 0.73532 0.828734
vt 0.729698 0.827227
vt 0.732507 0.875428
vt 0.737542 0.874654
vt 0.746357 0.894298
vt 0.744322 0.898424
vt 0.73927 0.805721
vt 0.744201 0.807891
vt 0.769539 0.893802
vt 0.767152 0.889376
vt 0.786746 0.880084
vt 0.790165 0.884892
vt 0.804136 0.866314
vt 0.808322 0.870089
vt 0.821194 0.851583
vt 0.816841 0.848546
vt 0.754033 0.788217
vt 0.758385 0.790898
vt 0.828618 0.830522
vt 0.824115 0.828193
vt 0.771745 0.775806
vt 0.776267 0.778615
vt 0.830544 0.809327
vt 0.825803 0.80693
vt 0.788845 0.769179
vt 0.793803 0.77216
vt 0.827796 0.791476
vt 0.822753 0.788871
vt 0.800921 0.76724
vt 0.80319 0.77067
vt 0.823194 0.780047
vt 0.819153 0.779914
vt 0.807929 0.769566
vt 0.81771 0.775204
vt 0.822378 0.77504
vt 0.805719 0.765414
vt 0.014553 0.879242
vt 0.023281 0.886849
vt 0.007618 0.895865
vt 0.003968 0.891802
vt 0.819691 0.760346
vt 0.824019 0.761926
vt 0.01215 0.899077
vt 0.816128 0.757378
vt 0.828708 0.762889
vt 0.812938 0.753806
vt 0.579619 0.772195
vt 0.586404 0.792172
vt 0.566422 0.777566
vt 0.571648 0.798072
vt 0.589248 0.768573
vt 0.596092 0.788516
vt 0.599053 0.765594
vt 0.605894 0.785337
vt 0.612679 0.761818
vt 0.620824 0.780771
vt 0.580145 0.816989
vt 0.59396 0.811599
vt 0.603067 0.808273
vt 0.612189 0.805063
vt 0.62603 0.800484
vt 0.591647 0.833556
vt 0.601722 0.829757
vt 0.609879 0.82721
vt 0.61776 0.823939
vt 0.627652 0.820389
vt 0.603198 0.84521
vt 0.6092 0.84338
vt 0.615483 0.842652
vt 0.620768 0.839178
vt 0.626335 0.836731
vt 0.619844 0.854582
vt 0.591637 0.745754
vt 0.602397 0.743792
vt 0.582431 0.748262
vt 0.573485 0.751697
vt 0.563507 0.75653
vt 0.57672 0.730662
vt 0.583608 0.729661
vt 0.570519 0.733852
vt 0.487581 0.867298
vt 0.499896 0.857701
vt 0.502939 0.882409
vt 0.514174 0.87378
vt 0.508 0.85099
vt 0.522278 0.867036
vt 0.529846 0.859824
vt 0.515705 0.843899
vt 0.539524 0.850177
vt 0.526687 0.8332
vt 0.475262 0.85012
vt 0.486629 0.841323
vt 0.494086 0.835015
vt 0.501406 0.828586
vt 0.511737 0.818653
vt 0.4667 0.831344
vt 0.474707 0.825515
vt 0.480936 0.819705
vt 0.487639 0.814467
vt 0.494741 0.807288
vt 0.462851 0.815561
vt 0.466692 0.812333
vt 0.470034 0.80691
vt 0.475916 0.804493
vt 0.479928 0.801034
vt 0.543782 0.876336
vt 0.550495 0.868509
vt 0.537085 0.883179
vt 0.529825 0.889512
vt 0.521447 0.895987
vt 0.549404 0.896244
vt 0.553652 0.890939
vt 0.543911 0.900298
vt 0.553249 0.758962
vt 0.54804 0.757022
vt 0.561142 0.738597
vt 0.557027 0.735482
vt 0.545366 0.781787
vt 0.550836 0.78183
vt 0.572661 0.717928
vt 0.570568 0.711318
vt 0.550984 0.805027
vt 0.556142 0.803635
vt 0.595466 0.723334
vt 0.593941 0.728115
vt 0.614732 0.735437
vt 0.611822 0.739833
vt 0.630519 0.752893
vt 0.626471 0.756097
vt 0.64044 0.773344
vt 0.635779 0.775486
vt 0.562466 0.825368
vt 0.56692 0.822876
vt 0.644547 0.795651
vt 0.63958 0.796619
vt 0.577901 0.841473
vt 0.58179 0.838466
vt 0.642967 0.817542
vt 0.637979 0.817793
vt 0.594389 0.851954
vt 0.597496 0.848454
vt 0.637236 0.835917
vt 0.632517 0.83544
vt 0.60772 0.852083
vt 0.607945 0.857648
vt 0.627254 0.844772
vt 0.63065 0.849208
vt 0.513682 0.902887
vt 0.511604 0.908623
vt 0.49205 0.892931
vt 0.488738 0.897717
vt 0.535068 0.911318
vt 0.536035 0.906313
vt 0.557496 0.90463
vt 0.560695 0.907937
vt 0.471702 0.881456
vt 0.47541 0.877543
vt 0.564842 0.882629
vt 0.559867 0.883386
vt 0.55772 0.861808
vt 0.563397 0.860206
vt 0.550607 0.840801
vt 0.55557 0.838131
vt 0.54249 0.819776
vt 0.538163 0.822852
vt 0.460205 0.861654
vt 0.464192 0.858462
vt 0.525159 0.805686
vt 0.52145 0.809142
vt 0.454484 0.840801
vt 0.45865 0.837491
vt 0.505854 0.796735
vt 0.501999 0.800392
vt 0.454006 0.822465
vt 0.458481 0.818805
vt 0.488117 0.793307
vt 0.483967 0.797181
vt 0.456249 0.810453
vt 0.460244 0.809473
vt 0.475807 0.793798
vt 0.474323 0.797559
vt 0.460797 0.80464
vt 0.469402 0.797327
vt 0.470824 0.792875
vt 0.456143 0.805325
vt 0.615622 0.860162
vt 0.626482 0.85616
vt 0.626864 0.874234
vt 0.621553 0.875492
vt 0.456077 0.790455
vt 0.459026 0.786911
vt 0.631853 0.871803
vt 0.452085 0.792808
vt 0.461508 0.782818
vt 0.447642 0.794612
vt 0.934677 0.098637
vt 0.936694 0.119638
vt 0.920594 0.10083
vt 0.920974 0.121989
vt 0.944881 0.097325
vt 0.94696 0.118302
vt 0.955108 0.096677
vt 0.957234 0.117454
vt 0.96923 0.096125
vt 0.972808 0.116438
vt 0.924899 0.142352
vt 0.939583 0.140279
vt 0.949214 0.139132
vt 0.958832 0.138102
vt 0.973345 0.136823
vt 0.932299 0.161114
vt 0.942967 0.159724
vt 0.951489 0.15912
vt 0.959913 0.157747
vt 0.970354 0.156568
vt 0.94086 0.175096
vt 0.947128 0.174699
vt 0.953406 0.175433
vt 0.959344 0.173264
vt 0.965328 0.172153
vt 0.954905 0.188038
vt 0.952432 0.075658
vt 0.963352 0.076226
vt 0.942899 0.075984
vt 0.933405 0.077279
vt 0.922576 0.079687
vt 0.941391 0.057546
vt 0.948322 0.058147
vt 0.934618 0.059228
vt 0.252475 0.800664
vt 0.236882 0.799636
vt 0.251071 0.779164
vt 0.236931 0.778135
vt 0.226363 0.799254
vt 0.226393 0.777775
vt 0.215948 0.778109
vt 0.215898 0.799412
vt 0.20231 0.778855
vt 0.200587 0.80008
vt 0.250228 0.821694
vt 0.23588 0.82069
vt 0.226116 0.820435
vt 0.216379 0.820362
vt 0.202068 0.820901
vt 0.244134 0.841385
vt 0.234276 0.840413
vt 0.22576 0.840615
vt 0.217268 0.840072
vt 0.207191 0.840703
vt 0.236492 0.855739
vt 0.23148 0.855589
vt 0.22538 0.857414
vt 0.219375 0.855312
vt 0.214069 0.855222
vt 0.216534 0.756522
vt 0.206321 0.75789
vt 0.226089 0.755869
vt 0.235728 0.755969
vt 0.246297 0.756714
vt 0.225608 0.737914
vt 0.218911 0.73905
vt 0.232398 0.738544
vt 0.912032 0.079698
vt 0.907404 0.076616
vt 0.924398 0.061689
vt 0.921104 0.057718
vt 0.899128 0.100103
vt 0.904446 0.101402
vt 0.94036 0.044214
vt 0.939836 0.037303
vt 0.899254 0.124011
vt 0.904598 0.12384
vt 0.961319 0.054711
vt 0.958735 0.059009
vt 0.977264 0.070916
vt 0.973427 0.074531
vt 0.988639 0.091521
vt 0.983965 0.093713
vt 0.993598 0.11371
vt 0.988573 0.114724
vt 0.905769 0.146458
vt 0.910676 0.145055
vt 0.992488 0.136362
vt 0.987425 0.136166
vt 0.917103 0.165661
vt 0.921578 0.163629
vt 0.985914 0.157322
vt 0.981001 0.156418
vt 0.930743 0.179648
vt 0.934573 0.17695
vt 0.976111 0.173868
vt 0.971633 0.172321
vt 0.943687 0.182836
vt 0.942621 0.188302
vt 0.964366 0.180202
vt 0.966654 0.185307
vt 0.2567 0.756732
vt 0.262077 0.753834
vt 0.266194 0.778565
vt 0.271847 0.777199
vt 0.246324 0.73621
vt 0.242274 0.7393
vt 0.225154 0.726268
vt 0.224968 0.721671
vt 0.273764 0.800659
vt 0.268388 0.801114
vt 0.205033 0.737806
vt 0.209244 0.740551
vt 0.196474 0.758078
vt 0.191173 0.755494
vt 0.187805 0.778475
vt 0.182326 0.777166
vt 0.179874 0.799577
vt 0.185149 0.800161
vt 0.269158 0.823111
vt 0.264056 0.82284
vt 0.183436 0.821635
vt 0.188502 0.821526
vt 0.259546 0.842449
vt 0.254234 0.842152
vt 0.191877 0.841168
vt 0.197187 0.841009
vt 0.247697 0.85648
vt 0.241918 0.856229
vt 0.202812 0.855532
vt 0.20849 0.855407
vt 0.238026 0.863941
vt 0.234381 0.862021
vt 0.212344 0.863358
vt 0.215943 0.861539
vt 0.23076 0.86526
vt 0.219476 0.864977
vt 0.215456 0.867346
vt 0.234691 0.86785
vt 0.949518 0.192501
vt 0.961002 0.191097
vt 0.957238 0.208807
vt 0.951787 0.208811
vt 0.224849 0.878984
vt 0.220283 0.879679
vt 0.962652 0.20758
vt 0.229383 0.879903
vt 0.215709 0.88109
vt 0.233906 0.881512
vt 0.494869 0.090936
vt 0.503702 0.11966
vt 0.475842 0.098036
vt 0.482446 0.127436
vt 0.508736 0.08619
vt 0.517654 0.114847
vt 0.522815 0.082351
vt 0.531731 0.110722
vt 0.542354 0.077523
vt 0.55316 0.10482
vt 0.493772 0.154734
vt 0.513663 0.147638
vt 0.526775 0.143263
vt 0.539898 0.139067
vt 0.559766 0.133102
vt 0.509481 0.178786
vt 0.523968 0.173797
vt 0.535688 0.170504
vt 0.547051 0.166171
vt 0.561276 0.161519
vt 0.52544 0.195841
vt 0.534079 0.193486
vt 0.543051 0.192711
vt 0.550714 0.18798
vt 0.558749 0.184701
vt 0.548739 0.209844
vt 0.513025 0.053789
vt 0.528421 0.051447
vt 0.499832 0.056975
vt 0.486947 0.061502
vt 0.47253 0.067962
vt 0.492448 0.031682
vt 0.502289 0.030517
vt 0.483485 0.035963
vt 0.491772 0.458336
vt 0.471661 0.46508
vt 0.478896 0.43215
vt 0.461222 0.437301
vt 0.457892 0.469994
vt 0.44751 0.441663
vt 0.433834 0.446949
vt 0.444131 0.475603
vt 0.415695 0.454369
vt 0.423707 0.484423
vt 0.500736 0.485792
vt 0.481993 0.492784
vt 0.46915 0.498062
vt 0.456142 0.503533
vt 0.436929 0.512352
vt 0.505164 0.514335
vt 0.491953 0.519353
vt 0.480928 0.525025
vt 0.469183 0.529647
vt 0.45573 0.536767
vt 0.50511 0.537662
vt 0.498515 0.540986
vt 0.491713 0.547722
vt 0.482113 0.549075
vt 0.474733 0.552581
vt 0.425404 0.417569
vt 0.41199 0.423749
vt 0.438082 0.412757
vt 0.451079 0.409003
vt 0.46558 0.405814
vt 0.430373 0.388839
vt 0.421683 0.392938
vt 0.439808 0.387132
vt 0.457817 0.071014
vt 0.45047 0.068036
vt 0.469917 0.042337
vt 0.464185 0.037737
vt 0.445687 0.103176
vt 0.453476 0.103468
vt 0.487152 0.01337
vt 0.48443 0.00387
vt 0.452706 0.136477
vt 0.460117 0.13471
vt 0.519431 0.021986
vt 0.517062 0.02873
vt 0.54631 0.040031
vt 0.541998 0.046184
vt 0.568113 0.065501
vt 0.562219 0.069913
vt 0.581359 0.095035
vt 0.574649 0.097891
vt 0.468269 0.165954
vt 0.474707 0.162584
vt 0.586338 0.126924
vt 0.579224 0.128114
vt 0.489574 0.189465
vt 0.495238 0.185351
vt 0.583202 0.1581
vt 0.576088 0.158245
vt 0.512622 0.205092
vt 0.517194 0.20023
vt 0.57427 0.183988
vt 0.567583 0.183122
vt 0.53161 0.205825
vt 0.531691 0.213758
vt 0.559704 0.196229
vt 0.564357 0.202703
vt 0.478335 0.401926
vt 0.483962 0.396378
vt 0.49777 0.424805
vt 0.503986 0.420774
vt 0.457662 0.378983
vt 0.453404 0.384514
vt 0.425404 0.373186
vt 0.423441 0.366999
vt 0.517606 0.447341
vt 0.511456 0.450677
vt 0.402135 0.396547
vt 0.409006 0.398702
vt 0.398419 0.428199
vt 0.389904 0.426839
vt 0.395379 0.460673
vt 0.387052 0.461391
vt 0.394505 0.49431
vt 0.402255 0.492453
vt 0.524693 0.476534
vt 0.518385 0.479194
vt 0.411184 0.523764
vt 0.418309 0.520803
vt 0.524925 0.505859
vt 0.518221 0.508859
vt 0.434447 0.546721
vt 0.441886 0.543308
vt 0.519614 0.530845
vt 0.512308 0.534497
vt 0.458938 0.560435
vt 0.466986 0.556579
vt 0.51305 0.546846
vt 0.507043 0.547185
vt 0.477959 0.565473
vt 0.481856 0.560228
vt 0.504839 0.554146
vt 0.489404 0.562456
vt 0.485682 0.568899
vt 0.512077 0.554453
vt 0.542505 0.217612
vt 0.558102 0.212379
vt 0.557966 0.238145
vt 0.550374 0.239712
vt 0.50759 0.577256
vt 0.502004 0.581767
vt 0.565156 0.234883
vt 0.514469 0.574908
vt 0.496949 0.587312
vt 0.521874 0.573499
vt 0.080115 0.166385
vt 0.08677 0.137077
vt 0.100136 0.1697
vt 0.109079 0.140911
vt 0.065733 0.163599
vt 0.072284 0.134296
vt 0.05161 0.159911
vt 0.058011 0.130851
vt 0.032263 0.154341
vt 0.036486 0.125271
vt 0.112857 0.111613
vt 0.092075 0.107863
vt 0.078541 0.105117
vt 0.065078 0.102211
vt 0.044861 0.097455
vt 0.111237 0.082933
vt 0.096182 0.080045
vt 0.084386 0.077055
vt 0.072376 0.075151
vt 0.057719 0.072077
vt 0.105907 0.060191
vt 0.097265 0.05793
vt 0.089096 0.05413
vt 0.080088 0.054412
vt 0.071508 0.053236
vt 0.09269 0.036404
vt 0.045824 0.189513
vt 0.031302 0.183879
vt 0.058867 0.193337
vt 0.072292 0.195837
vt 0.088003 0.197407
vt 0.052679 0.21896
vt 0.04357 0.215041
vt 0.062587 0.219716
vt 0.109131 0.388962
vt 0.087297 0.393204
vt 0.099373 0.359856
vt 0.07954 0.363567
vt 0.072678 0.396501
vt 0.0649 0.366902
vt 0.050634 0.37118
vt 0.058319 0.400537
vt 0.032118 0.377195
vt 0.037471 0.407047
vt 0.113703 0.418711
vt 0.093586 0.422549
vt 0.080046 0.425754
vt 0.066603 0.4292
vt 0.047074 0.435154
vt 0.112461 0.448074
vt 0.098537 0.450313
vt 0.086883 0.453679
vt 0.074995 0.456014
vt 0.061339 0.460558
vt 0.107176 0.470611
vt 0.10022 0.472232
vt 0.092479 0.476967
vt 0.083453 0.476244
vt 0.076122 0.478048
vt 0.043586 0.341223
vt 0.030011 0.346841
vt 0.056503 0.336853
vt 0.069806 0.333494
vt 0.084623 0.330675
vt 0.049284 0.312323
vt 0.040466 0.316317
vt 0.05887 0.31072
vt 0.102265 0.202101
vt 0.107147 0.208336
vt 0.077517 0.220949
vt 0.080195 0.227798
vt 0.128837 0.18027
vt 0.122232 0.17614
vt 0.048108 0.237453
vt 0.045717 0.247044
vt 0.139344 0.147859
vt 0.132043 0.145706
vt 0.02446 0.213869
vt 0.029875 0.209208
vt 0.010108 0.184826
vt 0.016914 0.18166
vt 0.003968 0.151886
vt 0.011263 0.151012
vt 0.007136 0.119673
vt 0.014388 0.120545
vt 0.140562 0.114618
vt 0.133299 0.114321
vt 0.018777 0.089523
vt 0.025533 0.09205
vt 0.133811 0.083563
vt 0.126854 0.084315
vt 0.037007 0.064111
vt 0.043251 0.067524
vt 0.121627 0.05857
vt 0.115243 0.060503
vt 0.05767 0.04609
vt 0.063045 0.050189
vt 0.10555 0.048477
vt 0.109424 0.041554
vt 0.07639 0.042791
vt 0.075583 0.03487
vt 0.098923 0.326916
vt 0.105258 0.320966
vt 0.119992 0.353522
vt 0.127288 0.349581
vt 0.077203 0.302434
vt 0.072748 0.308169
vt 0.044401 0.296451
vt 0.042468 0.29019
vt 0.138424 0.381224
vt 0.131193 0.383802
vt 0.020896 0.319653
vt 0.027708 0.321901
vt 0.016519 0.350701
vt 0.008277 0.349076
vt 0.011993 0.381958
vt 0.003968 0.382147
vt 0.008754 0.413917
vt 0.016231 0.412796
vt 0.140278 0.413785
vt 0.133153 0.415267
vt 0.021667 0.442963
vt 0.028607 0.44097
vt 0.134077 0.443946
vt 0.126649 0.445463
vt 0.040421 0.466799
vt 0.047673 0.464639
vt 0.122853 0.467547
vt 0.114813 0.46931
vt 0.060727 0.48257
vt 0.0685 0.480333
vt 0.112271 0.48136
vt 0.10656 0.480029
vt 0.076679 0.489905
vt 0.080996 0.486084
vt 0.102739 0.485818
vt 0.087099 0.489552
vt 0.082423 0.494287
vt 0.109085 0.487952
vt 0.101979 0.032772
vt 0.085804 0.029544
vt 0.098808 0.007299
vt 0.106199 0.009728
vt 0.099584 0.506887
vt 0.093549 0.509471
vt 0.090936 0.006548
vt 0.106175 0.506464
vt 0.087769 0.513058
vt 0.112989 0.507015
vt 0.748497 0.26189
vt 0.758281 0.290304
vt 0.729731 0.269624
vt 0.737296 0.298799
vt 0.762187 0.256677
vt 0.772061 0.285038
vt 0.776139 0.25237
vt 0.786006 0.280446
vt 0.79552 0.246908
vt 0.807241 0.273847
vt 0.749513 0.325693
vt 0.769159 0.317928
vt 0.782114 0.313133
vt 0.795089 0.308505
vt 0.814783 0.301895
vt 0.766005 0.349218
vt 0.780333 0.343742
vt 0.791931 0.340065
vt 0.803146 0.335357
vt 0.817219 0.33024
vt 0.782526 0.365738
vt 0.791062 0.363098
vt 0.800004 0.362021
vt 0.807512 0.357039
vt 0.815426 0.353521
vt 0.806288 0.378982
vt 0.765457 0.224166
vt 0.780771 0.221304
vt 0.752361 0.227793
vt 0.739634 0.232744
vt 0.725454 0.239689
vt 0.744111 0.202761
vt 0.753917 0.201284
vt 0.735294 0.207339
vt 0.572251 0.563552
vt 0.592576 0.554504
vt 0.588296 0.589723
vt 0.606795 0.581645
vt 0.606081 0.548008
vt 0.62031 0.5751
vt 0.633245 0.567724
vt 0.619167 0.540854
vt 0.649935 0.557711
vt 0.638021 0.529842
vt 0.561117 0.535591
vt 0.579855 0.527317
vt 0.59233 0.521151
vt 0.604659 0.514776
vt 0.622347 0.5046
vt 0.555737 0.506691
vt 0.568805 0.501373
vt 0.579412 0.495478
vt 0.590475 0.490542
vt 0.602755 0.483061
vt 0.55583 0.483548
vt 0.562249 0.480404
vt 0.568723 0.474052
vt 0.577686 0.472735
vt 0.584416 0.469331
vt 0.646845 0.595349
vt 0.658812 0.586842
vt 0.635233 0.602502
vt 0.623023 0.608761
vt 0.609219 0.614848
vt 0.647787 0.624795
vt 0.655481 0.618923
vt 0.638799 0.628507
vt 0.71086 0.243213
vt 0.703431 0.240487
vt 0.721968 0.214166
vt 0.716087 0.209757
vt 0.69977 0.275762
vt 0.707558 0.275794
vt 0.738248 0.18464
vt 0.73522 0.175229
vt 0.707901 0.308829
vt 0.715241 0.306817
vt 0.770778 0.192201
vt 0.768633 0.19902
vt 0.798289 0.209334
vt 0.794173 0.215612
vt 0.820872 0.234088
vt 0.815129 0.238675
vt 0.83513 0.263135
vt 0.828508 0.266216
vt 0.724375 0.337741
vt 0.730706 0.334163
vt 0.841137 0.29489
vt 0.834063 0.296302
vt 0.74648 0.360585
vt 0.751997 0.356278
vt 0.839021 0.326092
vt 0.831916 0.32648
vt 0.77002 0.375398
vt 0.774432 0.370389
vt 0.830953 0.352302
vt 0.824222 0.351653
vt 0.789003 0.375496
vt 0.789362 0.383418
vt 0.81678 0.364966
vt 0.82164 0.37127
vt 0.59612 0.62172
vt 0.59128 0.628938
vt 0.569615 0.600527
vt 0.56339 0.606005
vt 0.622778 0.640705
vt 0.625835 0.634122
vt 0.656094 0.639168
vt 0.659385 0.644839
vt 0.545441 0.577677
vt 0.551908 0.573542
vt 0.673791 0.611279
vt 0.666661 0.610619
vt 0.671101 0.580065
vt 0.679502 0.579802
vt 0.668477 0.548566
vt 0.676255 0.546578
vt 0.664466 0.516721
vt 0.65743 0.519485
vt 0.536336 0.546372
vt 0.542944 0.543325
vt 0.645356 0.491283
vt 0.639041 0.494788
vt 0.535594 0.515571
vt 0.542492 0.512427
vt 0.621727 0.472285
vt 0.615147 0.47602
vt 0.541236 0.49007
vt 0.548675 0.48654
vt 0.59839 0.461466
vt 0.591321 0.465393
vt 0.548446 0.474216
vt 0.554311 0.474229
vt 0.581196 0.45791
vt 0.577856 0.462597
vt 0.556735 0.467734
vt 0.571133 0.460587
vt 0.574627 0.454926
vt 0.55007 0.467081
vt 0.800307 0.38696
vt 0.815756 0.381185
vt 0.816429 0.406944
vt 0.808866 0.408774
vt 0.555083 0.446513
vt 0.560374 0.442621
vt 0.82352 0.403442
vt 0.548747 0.448395
vt 0.565219 0.437825
vt 0.541996 0.449365
vt 0.200109 0.092293
vt 0.207837 0.121375
vt 0.180893 0.098608
vt 0.186298 0.128232
vt 0.21411 0.088124
vt 0.222003 0.117226
vt 0.228331 0.084798
vt 0.236236 0.113642
vt 0.248079 0.080814
vt 0.257928 0.108595
vt 0.196516 0.155912
vt 0.216681 0.149604
vt 0.22996 0.145866
vt 0.243232 0.142224
vt 0.263339 0.137104
vt 0.211178 0.180645
vt 0.225884 0.1763
vt 0.237708 0.173517
vt 0.249215 0.169666
vt 0.263602 0.165529
vt 0.226494 0.198357
vt 0.235189 0.196362
vt 0.244125 0.19593
vt 0.251935 0.191507
vt 0.260069 0.188621
vt 0.249162 0.213292
vt 0.219805 0.055782
vt 0.235284 0.054122
vt 0.206501 0.058542
vt 0.19347 0.062533
vt 0.178834 0.068439
vt 0.200205 0.033088
vt 0.210073 0.032276
vt 0.191036 0.037028
vt 0.281234 0.517141
vt 0.302031 0.509248
vt 0.295791 0.544168
vt 0.314716 0.537141
vt 0.31588 0.503512
vt 0.328579 0.531366
vt 0.341908 0.52473
vt 0.329345 0.497098
vt 0.359128 0.515663
vt 0.348788 0.487153
vt 0.271683 0.48859
vt 0.290857 0.481387
vt 0.30365 0.475932
vt 0.316313 0.470258
vt 0.334545 0.461081
vt 0.267914 0.459451
vt 0.281263 0.454878
vt 0.292173 0.449585
vt 0.303497 0.445271
vt 0.316179 0.438473
vt 0.269298 0.436351
vt 0.275884 0.433568
vt 0.282711 0.427588
vt 0.291727 0.426768
vt 0.298638 0.423741
vt 0.353938 0.553057
vt 0.366362 0.545216
vt 0.341942 0.559561
vt 0.329407 0.56513
vt 0.315279 0.570422
vt 0.353221 0.582517
vt 0.361229 0.577081
vt 0.344046 0.585722
vt 0.164026 0.070843
vt 0.156834 0.067547
vt 0.17721 0.042805
vt 0.171669 0.037956
vt 0.150556 0.102511
vt 0.158323 0.103118
vt 0.195693 0.014489
vt 0.193354 0.004855
vt 0.156226 0.136019
vt 0.163702 0.134559
vt 0.22763 0.024341
vt 0.224961 0.031008
vt 0.253747 0.043587
vt 0.249141 0.049519
vt 0.274359 0.069931
vt 0.268297 0.074077
vt 0.286572 0.09988
vt 0.279736 0.102475
vt 0.170558 0.166115
vt 0.177139 0.163015
vt 0.290111 0.131986
vt 0.282961 0.132883
vt 0.190837 0.190525
vt 0.19666 0.186634
vt 0.28568 0.162942
vt 0.27855 0.162822
vt 0.213253 0.207105
vt 0.218041 0.202454
vt 0.27555 0.188542
vt 0.268909 0.187377
vt 0.232226 0.208518
vt 0.231981 0.2164
vt 0.260703 0.200055
vt 0.265197 0.20666
vt 0.301811 0.576566
vt 0.296572 0.583508
vt 0.276548 0.553908
vt 0.27003 0.559027
vt 0.327389 0.596992
vt 0.330807 0.590592
vt 0.36072 0.597328
vt 0.363688 0.603171
vt 0.25368 0.529757
vt 0.260368 0.525985
vt 0.37994 0.570465
vt 0.372856 0.569404
vt 0.379001 0.539127
vt 0.387395 0.539331
vt 0.378153 0.507566
vt 0.38603 0.506022
vt 0.375933 0.475526
vt 0.368752 0.477895
vt 0.246327 0.497963
vt 0.253099 0.495292
vt 0.358253 0.449085
vt 0.351755 0.452228
vt 0.247323 0.467193
vt 0.25438 0.464437
vt 0.335743 0.42877
vt 0.328957 0.432131
vt 0.25436 0.442042
vt 0.261986 0.438935
vt 0.313025 0.416663
vt 0.305752 0.420191
vt 0.262461 0.426617
vt 0.268318 0.426961
vt 0.296089 0.412155
vt 0.292484 0.416653
vt 0.271098 0.42061
vt 0.285874 0.414277
vt 0.289678 0.408818
vt 0.264483 0.419581
vt 0.242581 0.220799
vt 0.258478 0.216196
vt 0.257233 0.241969
vt 0.249524 0.2431
vt 0.270619 0.399321
vt 0.27613 0.395749
vt 0.264653 0.239101
vt 0.264212 0.400838
vt 0.281223 0.391225
vt 0.257395 0.401443
vt 0.221118 0.329495
vt 0.210052 0.301546
vt 0.23951 0.320918
vt 0.230632 0.292112
vt 0.207673 0.335341
vt 0.19653 0.307444
vt 0.193937 0.340263
vt 0.182802 0.312658
vt 0.174828 0.346606
vt 0.161889 0.320215
vt 0.2172 0.265808
vt 0.19792 0.274451
vt 0.185207 0.279829
vt 0.172449 0.285036
vt 0.153093 0.292523
vt 0.199654 0.243052
vt 0.185589 0.249178
vt 0.174172 0.253385
vt 0.163183 0.258595
vt 0.149367 0.264339
vt 0.182399 0.227307
vt 0.173988 0.230322
vt 0.165109 0.231807
vt 0.15784 0.237139
vt 0.150094 0.241019
vt 0.158054 0.215144
vt 0.205884 0.367959
vt 0.190715 0.371518
vt 0.218807 0.363745
vt 0.231303 0.358225
vt 0.245153 0.350644
vt 0.228183 0.388369
vt 0.218453 0.390276
vt 0.236786 0.383396
vt 0.965655 0.308937
vt 0.943467 0.310619
vt 0.959344 0.278895
vt 0.939215 0.280277
vt 0.928566 0.312191
vt 0.924289 0.281892
vt 0.909618 0.284482
vt 0.913837 0.31452
vt 0.890519 0.288304
vt 0.892367 0.318554
vt 0.966727 0.339021
vt 0.9463 0.340493
vt 0.932483 0.342102
vt 0.918729 0.343958
vt 0.898636 0.347594
vt 0.962079 0.368029
vt 0.947989 0.368633
vt 0.936024 0.370628
vt 0.923949 0.371562
vt 0.909862 0.374478
vt 0.9542 0.389798
vt 0.9471 0.390601
vt 0.938865 0.394408
vt 0.929987 0.392641
vt 0.922499 0.393579
vt 0.906104 0.253899
vt 0.891973 0.257891
vt 0.919442 0.251065
vt 0.933047 0.249274
vt 0.948089 0.248195
vt 0.915124 0.225845
vt 0.905904 0.228789
vt 0.92483 0.225373
vt 0.25957 0.346465
vt 0.267121 0.348852
vt 0.249811 0.375991
vt 0.25588 0.380129
vt 0.269166 0.313422
vt 0.261382 0.313747
vt 0.234853 0.406209
vt 0.238281 0.415468
vt 0.259533 0.280734
vt 0.252295 0.283086
vt 0.202029 0.400102
vt 0.20387 0.3932
vt 0.173754 0.384287
vt 0.177582 0.377824
vt 0.150098 0.360568
vt 0.155625 0.355723
vt 0.134496 0.332166
vt 0.14098 0.32879
vt 0.24177 0.252652
vt 0.235607 0.256506
vt 0.127102 0.300693
vt 0.134103 0.298967
vt 0.218649 0.230813
vt 0.21333 0.235365
vt 0.127787 0.269466
vt 0.134862 0.268757
vt 0.194453 0.217065
vt 0.190271 0.222277
vt 0.134658 0.242938
vt 0.141404 0.243282
vt 0.175483 0.217837
vt 0.174773 0.209942
vt 0.148219 0.229648
vt 0.143072 0.223571
vt 0.962726 0.246114
vt 0.969711 0.240941
vt 0.980551 0.275004
vt 0.988253 0.271939
vt 0.944006 0.219274
vt 0.938918 0.224448
vt 0.912132 0.209518
vt 0.910944 0.203072
vt 0.995641 0.30466
vt 0.988163 0.30638
vt 0.886071 0.229842
vt 0.892571 0.232856
vt 0.87812 0.260156
vt 0.870123 0.257587
vt 0.869984 0.290678
vt 0.861992 0.289926
vt 0.863045 0.322038
vt 0.8706 0.321795
vt 0.9937 0.337217
vt 0.986449 0.337862
vt 0.8725 0.352379
vt 0.879622 0.351208
vt 0.984018 0.366462
vt 0.976468 0.367099
vt 0.888334 0.378254
vt 0.895798 0.376948
vt 0.970132 0.388576
vt 0.961942 0.389394
vt 0.906689 0.396285
vt 0.914667 0.394962
vt 0.958014 0.401077
vt 0.952487 0.399086
vt 0.921662 0.405414
vt 0.926398 0.402126
vt 0.948021 0.404391
vt 0.932061 0.406276
vt 0.926867 0.41043
vt 0.954074 0.407253
vt 0.163673 0.206901
vt 0.148492 0.21337
vt 0.146693 0.187654
vt 0.154162 0.185495
vt 0.942441 0.424944
vt 0.936138 0.426813
vt 0.139761 0.191479
vt 0.949044 0.425303
vt 0.929993 0.4297
vt 0.955747 0.426637
vt 0.514979 0.319286
vt 0.505096 0.290898
vt 0.533714 0.31149
vt 0.526049 0.282332
vt 0.501305 0.324546
vt 0.491336 0.296215
vt 0.487373 0.328897
vt 0.477407 0.30085
vt 0.468013 0.334424
vt 0.456193 0.307521
vt 0.513734 0.255478
vt 0.49412 0.263308
vt 0.481186 0.26815
vt 0.46823 0.272819
vt 0.448561 0.279497
vt 0.497166 0.232013
vt 0.482862 0.237535
vt 0.471277 0.24125
vt 0.460084 0.245996
vt 0.44603 0.25116
vt 0.48059 0.215548
vt 0.472065 0.218216
vt 0.463127 0.219323
vt 0.455637 0.22433
vt 0.447736 0.227874
vt 0.456791 0.202381
vt 0.498149 0.357069
vt 0.482849 0.359983
vt 0.511234 0.353406
vt 0.523945 0.34841
vt 0.538105 0.341418
vt 0.519562 0.378411
vt 0.50976 0.379912
vt 0.528365 0.373806
vt 0.674595 0.346473
vt 0.652082 0.349295
vt 0.666634 0.316161
vt 0.646146 0.319085
vt 0.637139 0.351566
vt 0.631293 0.321661
vt 0.61692 0.325064
vt 0.622542 0.354522
vt 0.598383 0.329791
vt 0.601489 0.359327
vt 0.676852 0.377343
vt 0.655999 0.379478
vt 0.642042 0.38147
vt 0.628291 0.383657
vt 0.608463 0.387711
vt 0.672643 0.407374
vt 0.658158 0.408133
vt 0.645987 0.410207
vt 0.633839 0.411171
vt 0.619839 0.414112
vt 0.664465 0.429923
vt 0.657132 0.430638
vt 0.648627 0.434338
vt 0.639675 0.432359
vt 0.632167 0.43315
vt 0.61148 0.295378
vt 0.598011 0.300156
vt 0.624277 0.291702
vt 0.637408 0.288972
vt 0.651983 0.286786
vt 0.618152 0.26746
vt 0.60945 0.271009
vt 0.627525 0.266238
vt 0.552689 0.337846
vt 0.560134 0.340544
vt 0.541673 0.366944
vt 0.547569 0.371334
vt 0.56366 0.305248
vt 0.555867 0.305246
vt 0.525472 0.396516
vt 0.528524 0.405915
vt 0.555411 0.272195
vt 0.548073 0.274236
vt 0.492931 0.389037
vt 0.495055 0.38222
vt 0.465379 0.372013
vt 0.46947 0.365721
vt 0.44271 0.347332
vt 0.448436 0.342724
vt 0.428336 0.318323
vt 0.434947 0.315222
vt 0.538824 0.243339
vt 0.532507 0.246936
vt 0.422233 0.286591
vt 0.429305 0.285155
vt 0.516643 0.220585
vt 0.511144 0.22491
vt 0.424246 0.255377
vt 0.431347 0.254966
vt 0.493065 0.205855
vt 0.488669 0.210875
vt 0.432214 0.22915
vt 0.438946 0.229773
vt 0.474085 0.205807
vt 0.473702 0.197884
vt 0.446343 0.216431
vt 0.441462 0.210142
vt 0.66656 0.283281
vt 0.673037 0.277407
vt 0.687651 0.310646
vt 0.695257 0.306832
vt 0.645571 0.258701
vt 0.641074 0.264193
vt 0.613978 0.251902
vt 0.612321 0.245768
vt 0.705316 0.340356
vt 0.69763 0.342585
vt 0.590416 0.273487
vt 0.596888 0.27593
vt 0.584771 0.303171
vt 0.576931 0.301155
vt 0.578531 0.333064
vt 0.570774 0.332703
vt 0.573009 0.363705
vt 0.580336 0.36323
vt 0.704792 0.374524
vt 0.697242 0.375459
vt 0.582986 0.392959
vt 0.589902 0.39167
vt 0.695473 0.405398
vt 0.687592 0.406199
vt 0.598768 0.417892
vt 0.606042 0.416584
vt 0.68114 0.428737
vt 0.672532 0.429581
vt 0.616577 0.435556
vt 0.624405 0.434368
vt 0.668175 0.441832
vt 0.662428 0.439569
vt 0.631036 0.444744
vt 0.635787 0.441708
vt 0.657565 0.444913
vt 0.641212 0.446072
vt 0.635754 0.449929
vt 0.663667 0.448187
vt 0.462745 0.194382
vt 0.447318 0.200208
vt 0.446559 0.174453
vt 0.454114 0.172596
vt 0.650762 0.465614
vt 0.64419 0.467174
vt 0.439482 0.177977
vt 0.657463 0.466342
vt 0.637695 0.469749
vt 0.664229 0.468112
vt 0.726075 0.733669
vt 0.745378 0.710618
vt 0.74235 0.745748
vt 0.763454 0.724236
vt 0.714568 0.72462
vt 0.733799 0.701512
vt 0.703676 0.714877
vt 0.72266 0.691914
vt 0.689015 0.701069
vt 0.70606 0.67711
vt 0.780203 0.699884
vt 0.763433 0.687057
vt 0.752684 0.678422
vt 0.742041 0.669681
vt 0.726238 0.656219
vt 0.791885 0.673658
vt 0.779827 0.664197
vt 0.770723 0.656142
vt 0.760912 0.648954
vt 0.749261 0.63955
vt 0.797537 0.650995
vt 0.790893 0.645032
vt 0.785379 0.63794
vt 0.77724 0.634078
vt 0.770151 0.6291
vt 0.796685 0.623813
vt 0.684966 0.738583
vt 0.674633 0.726922
vt 0.69483 0.747933
vt 0.705645 0.756292
vt 0.718894 0.76486
vt 0.677656 0.767833
vt 0.671313 0.760198
vt 0.686107 0.773027
vt 0.884342 0.676518
vt 0.901606 0.690544
vt 0.868269 0.702669
vt 0.883841 0.715508
vt 0.913516 0.699645
vt 0.895792 0.724601
vt 0.908224 0.732802
vt 0.925821 0.708073
vt 0.924711 0.743153
vt 0.944182 0.719901
vt 0.904239 0.653928
vt 0.920092 0.666896
vt 0.931235 0.675227
vt 0.942498 0.683332
vt 0.959582 0.6945
vt 0.92756 0.636049
vt 0.93821 0.645297
vt 0.948263 0.652082
vt 0.957677 0.659709
vt 0.96992 0.66727
vt 0.94824 0.625654
vt 0.95395 0.629953
vt 0.962549 0.632857
vt 0.967781 0.640244
vt 0.973864 0.644706
vt 0.889753 0.757424
vt 0.902769 0.764238
vt 0.878113 0.750315
vt 0.867005 0.742262
vt 0.855337 0.7327
vt 0.863916 0.771589
vt 0.872638 0.775786
vt 0.856544 0.765263
vt 0.72941 0.775548
vt 0.730893 0.783319
vt 0.69882 0.780964
vt 0.698054 0.788274
vt 0.76304 0.768275
vt 0.759057 0.761578
vt 0.665114 0.782191
vt 0.65858 0.789624
vt 0.787193 0.744272
vt 0.781685 0.739014
vt 0.654817 0.750441
vt 0.661783 0.74877
vt 0.655364 0.718049
vt 0.662863 0.718347
vt 0.664954 0.685936
vt 0.671848 0.688493
vt 0.682474 0.658713
vt 0.688533 0.662806
vt 0.803507 0.71522
vt 0.797175 0.711635
vt 0.706635 0.63726
vt 0.711491 0.642593
vt 0.811677 0.684544
vt 0.805147 0.682031
vt 0.734449 0.623002
vt 0.738446 0.628897
vt 0.812274 0.656733
vt 0.805702 0.655541
vt 0.761118 0.616451
vt 0.764027 0.622535
vt 0.802557 0.640409
vt 0.809151 0.636038
vt 0.779228 0.622028
vt 0.782105 0.614578
vt 0.843264 0.724133
vt 0.83463 0.723085
vt 0.850193 0.69091
vt 0.842495 0.68784
vt 0.838438 0.756513
vt 0.845685 0.756247
vt 0.854868 0.785511
vt 0.851299 0.79101
vt 0.859605 0.65902
vt 0.866223 0.66291
vt 0.887754 0.78865
vt 0.885107 0.781996
vt 0.914378 0.77212
vt 0.918414 0.779486
vt 0.941261 0.755547
vt 0.94655 0.761584
vt 0.967861 0.737547
vt 0.962207 0.732524
vt 0.883406 0.636704
vt 0.889114 0.641219
vt 0.981863 0.708986
vt 0.975882 0.704942
vt 0.910527 0.622115
vt 0.916454 0.626839
vt 0.988129 0.679324
vt 0.981817 0.675141
vt 0.935821 0.615587
vt 0.942336 0.620627
vt 0.987203 0.653601
vt 0.980504 0.649081
vt 0.953227 0.614854
vt 0.955866 0.620093
vt 0.98261 0.636692
vt 0.976907 0.635825
vt 0.962759 0.619313
vt 0.97565 0.628914
vt 0.98228 0.629462
vt 0.960328 0.613079
vt 0.806604 0.624828
vt 0.793697 0.614556
vt 0.815409 0.600693
vt 0.82083 0.606259
vt 0.980933 0.608213
vt 0.986785 0.61118
vt 0.808771 0.59638
vt 0.976388 0.603424
vt 0.993254 0.613316
vt 0.972446 0.597836
vt 0.054537 0.663581
vt 0.074878 0.685697
vt 0.040436 0.678174
vt 0.059045 0.701879
vt 0.065003 0.65333
vt 0.085403 0.675365
vt 0.076058 0.643798
vt 0.096343 0.665574
vt 0.091636 0.631034
vt 0.113161 0.651033
vt 0.08102 0.721639
vt 0.095921 0.706664
vt 0.105872 0.697091
vt 0.115907 0.687659
vt 0.131299 0.673727
vt 0.105535 0.736604
vt 0.116473 0.725853
vt 0.125633 0.717848
vt 0.134022 0.709047
vt 0.144868 0.698729
vt 0.127295 0.745129
vt 0.134052 0.739305
vt 0.141826 0.734742
vt 0.14671 0.72717
vt 0.152548 0.720783
vt 0.154371 0.747767
vt 0.054969 0.622222
vt 0.067859 0.613467
vt 0.044413 0.630785
vt 0.034734 0.640414
vt 0.02452 0.652451
vt 0.02686 0.611137
vt 0.03525 0.605863
vt 0.020609 0.61886
vt 0.327337 0.786461
vt 0.343967 0.771688
vt 0.350552 0.806542
vt 0.365734 0.793244
vt 0.354872 0.761407
vt 0.376636 0.782916
vt 0.386734 0.77197
vt 0.365175 0.750626
vt 0.39961 0.757374
vt 0.379812 0.734419
vt 0.308256 0.763175
vt 0.323611 0.749624
vt 0.333636 0.739971
vt 0.343455 0.730164
vt 0.357231 0.715107
vt 0.294381 0.737265
vt 0.305226 0.728245
vt 0.313548 0.719416
vt 0.322597 0.71136
vt 0.332032 0.700506
vt 0.287459 0.715185
vt 0.292623 0.710245
vt 0.296876 0.702231
vt 0.305014 0.69826
vt 0.310398 0.692974
vt 0.408054 0.794173
vt 0.416879 0.782438
vt 0.39916 0.804508
vt 0.389418 0.814175
vt 0.378101 0.824151
vt 0.417867 0.821959
vt 0.423419 0.814032
vt 0.410428 0.828219
vt 0.012552 0.66152
vt 0.004657 0.661994
vt 0.011122 0.630443
vt 0.003968 0.628758
vt 0.015434 0.695789
vt 0.022583 0.692702
vt 0.014232 0.596868
vt 0.007693 0.589458
vt 0.036111 0.722843
vt 0.042035 0.718054
vt 0.047066 0.590797
vt 0.047826 0.597901
vt 0.079125 0.59548
vt 0.077864 0.602884
vt 0.109739 0.609136
vt 0.106311 0.615638
vt 0.134436 0.630056
vt 0.129599 0.635527
vt 0.062801 0.742733
vt 0.067174 0.736929
vt 0.152643 0.656771
vt 0.146723 0.660893
vt 0.092177 0.754825
vt 0.095513 0.748673
vt 0.16317 0.686202
vt 0.15682 0.689402
vt 0.119701 0.758996
vt 0.121735 0.752639
vt 0.16628 0.713441
vt 0.159861 0.71554
vt 0.137127 0.751483
vt 0.140629 0.758597
vt 0.158379 0.730712
vt 0.165357 0.734544
vt 0.367701 0.834671
vt 0.365274 0.843017
vt 0.336023 0.822493
vt 0.33175 0.829599
vt 0.398855 0.844691
vt 0.399772 0.83749
vt 0.430139 0.833137
vt 0.434989 0.837545
vt 0.306062 0.808042
vt 0.310973 0.802142
vt 0.438559 0.801196
vt 0.431562 0.802729
vt 0.426533 0.772258
vt 0.434457 0.769464
vt 0.414509 0.743044
vt 0.421319 0.738798
vt 0.401047 0.713903
vt 0.395178 0.718668
vt 0.287902 0.780949
vt 0.293281 0.776045
vt 0.375131 0.695449
vt 0.370171 0.700701
vt 0.277877 0.751824
vt 0.283497 0.746739
vt 0.346859 0.684484
vt 0.341715 0.690037
vt 0.275524 0.725819
vt 0.281548 0.720202
vt 0.321333 0.681243
vt 0.315788 0.687126
vt 0.277603 0.708529
vt 0.283191 0.706766
vt 0.303879 0.683062
vt 0.302111 0.688543
vt 0.283536 0.699842
vt 0.295098 0.688665
vt 0.296711 0.682214
vt 0.276981 0.701239
vt 0.152085 0.757465
vt 0.163932 0.745996
vt 0.174843 0.769323
vt 0.168636 0.774013
vt 0.275531 0.680108
vt 0.2794 0.6748
vt 0.179948 0.763278
vt 0.270064 0.683819
vt 0.282565 0.66876
vt 0.263918 0.686788
vt 0.917838 0.496492
vt 0.901344 0.52161
vt 0.900244 0.486376
vt 0.881788 0.510211
vt 0.930335 0.504134
vt 0.913935 0.529292
vt 0.942273 0.512539
vt 0.926103 0.537515
vt 0.958448 0.524529
vt 0.94431 0.550281
vt 0.867987 0.536329
vt 0.886146 0.547119
vt 0.89786 0.554433
vt 0.909456 0.561868
vt 0.926727 0.573401
vt 0.859465 0.563763
vt 0.872558 0.571742
vt 0.88256 0.578671
vt 0.893143 0.584662
vt 0.905796 0.59267
vt 0.8565 0.586936
vt 0.863804 0.592077
vt 0.870127 0.598494
vt 0.878663 0.601386
vt 0.886285 0.605491
vt 0.860553 0.613838
vt 0.95806 0.486829
vt 0.96969 0.497193
vt 0.947179 0.478684
vt 0.93548 0.471642
vt 0.921313 0.464672
vt 0.961941 0.456851
vt 0.969103 0.463709
vt 0.952926 0.452676
vt 0.225635 0.562774
vt 0.206282 0.573748
vt 0.207124 0.53829
vt 0.189499 0.548125
vt 0.19347 0.581525
vt 0.17668 0.555946
vt 0.164521 0.564541
vt 0.181146 0.589919
vt 0.148887 0.576131
vt 0.16346 0.602724
vt 0.23944 0.589529
vt 0.221589 0.599574
vt 0.209772 0.60692
vt 0.198124 0.614465
vt 0.181511 0.626321
vt 0.247615 0.617753
vt 0.235126 0.624312
vt 0.225148 0.631214
vt 0.214619 0.637212
vt 0.20312 0.64586
vt 0.249773 0.6408
vt 0.243691 0.644556
vt 0.237859 0.65151
vt 0.229072 0.653703
vt 0.222702 0.657745
vt 0.148305 0.538388
vt 0.137226 0.54803
vt 0.15916 0.530135
vt 0.170703 0.522716
vt 0.183854 0.515322
vt 0.14451 0.509173
vt 0.137428 0.515767
vt 0.153086 0.504604
vt 0.9096 0.455283
vt 0.907213 0.447734
vt 0.939376 0.446298
vt 0.939267 0.438947
vt 0.877061 0.466427
vt 0.881801 0.472607
vt 0.972695 0.441133
vt 0.978288 0.432989
vt 0.855873 0.493105
vt 0.861958 0.497676
vt 0.986599 0.471491
vt 0.979895 0.473964
vt 0.989877 0.503729
vt 0.982392 0.504315
vt 0.984099 0.53674
vt 0.976955 0.535004
vt 0.969844 0.565806
vt 0.963356 0.562448
vt 0.84308 0.523811
vt 0.849782 0.526637
vt 0.948385 0.589961
vt 0.942941 0.585227
vt 0.838539 0.555269
vt 0.845317 0.557
vt 0.922406 0.607384
vt 0.917755 0.601999
vt 0.841202 0.58295
vt 0.847862 0.583373
vt 0.896746 0.617024
vt 0.893146 0.611308
vt 0.852734 0.598031
vt 0.846685 0.60316
vt 0.878057 0.613566
vt 0.876038 0.62127
vt 0.196228 0.507206
vt 0.200347 0.49955
vt 0.224652 0.525723
vt 0.230311 0.519665
vt 0.167824 0.490911
vt 0.165429 0.49776
vt 0.134833 0.495677
vt 0.131008 0.490353
vt 0.250952 0.546109
vt 0.244917 0.550856
vt 0.119942 0.525158
vt 0.127104 0.525121
vt 0.125661 0.555981
vt 0.11733 0.557066
vt 0.131333 0.587047
vt 0.123788 0.589782
vt 0.138432 0.618377
vt 0.145162 0.614937
vt 0.263068 0.576399
vt 0.256785 0.580072
vt 0.159916 0.641809
vt 0.165857 0.63771
vt 0.266791 0.606962
vt 0.260235 0.610763
vt 0.185271 0.658428
vt 0.191461 0.654073
vt 0.263673 0.632894
vt 0.256605 0.637129
vt 0.209552 0.666926
vt 0.216207 0.662333
vt 0.25802 0.649373
vt 0.252185 0.649922
vt 0.227003 0.668796
vt 0.22988 0.663803
vt 0.250406 0.656623
vt 0.236769 0.665148
vt 0.233845 0.671123
vt 0.257107 0.656618
vt 0.850584 0.613986
vt 0.864599 0.622673
vt 0.84463 0.63895
vt 0.838561 0.634089
vt 0.254124 0.677605
vt 0.249231 0.681979
vt 0.851735 0.642408
vt 0.260236 0.675109
vt 0.244886 0.687234
vt 0.266878 0.673486
vt 0.670788 0.163718
vt 0.679954 0.135099
vt 0.69045 0.168756
vt 0.701857 0.14085
vt 0.6567 0.15972
vt 0.665766 0.131089
vt 0.64295 0.15482
vt 0.65184 0.126419
vt 0.624158 0.147612
vt 0.630878 0.119007
vt 0.708145 0.111987
vt 0.687752 0.106454
vt 0.674513 0.102557
vt 0.66134 0.098496
vt 0.641614 0.092016
vt 0.708999 0.083271
vt 0.694247 0.079095
vt 0.68275 0.075102
vt 0.670952 0.07217
vt 0.656616 0.067847
vt 0.705648 0.060155
vt 0.697239 0.057156
vt 0.689427 0.052667
vt 0.680434 0.052181
vt 0.671985 0.050262
vt 0.694531 0.035316
vt 0.634613 0.18381
vt 0.620637 0.176959
vt 0.647285 0.188746
vt 0.660439 0.192386
vt 0.67596 0.195309
vt 0.638929 0.21373
vt 0.630189 0.209041
vt 0.648727 0.215338
vt 0.799241 0.468747
vt 0.777897 0.474995
vt 0.786831 0.440671
vt 0.767425 0.446206
vt 0.763641 0.479633
vt 0.753155 0.450881
vt 0.739348 0.456462
vt 0.749717 0.484984
vt 0.721473 0.46416
vt 0.729563 0.49339
vt 0.806551 0.497948
vt 0.786876 0.503635
vt 0.773688 0.508077
vt 0.760623 0.512752
vt 0.741734 0.52049
vt 0.808031 0.527297
vt 0.794377 0.530818
vt 0.783087 0.535248
vt 0.771462 0.538672
vt 0.758285 0.544466
vt 0.804858 0.550223
vt 0.798084 0.552483
vt 0.790816 0.557915
vt 0.781762 0.558032
vt 0.774628 0.560512
vt 0.729557 0.427283
vt 0.716559 0.434142
vt 0.742016 0.421736
vt 0.754952 0.417164
vt 0.769441 0.412982
vt 0.732556 0.397982
vt 0.724148 0.402778
vt 0.741954 0.395497
vt 0.689768 0.201224
vt 0.694094 0.20786
vt 0.663484 0.217864
vt 0.665553 0.224918
vt 0.718138 0.181761
vt 0.711909 0.177077
vt 0.632778 0.231759
vt 0.629564 0.241103
vt 0.731417 0.15037
vt 0.724329 0.147599
vt 0.611243 0.206229
vt 0.617043 0.202053
vt 0.599443 0.176074
vt 0.606498 0.173506
vt 0.596183 0.142705
vt 0.603528 0.142467
vt 0.602118 0.110893
vt 0.60927 0.112388
vt 0.735498 0.117386
vt 0.728286 0.11646
vt 0.616318 0.081862
vt 0.62283 0.084964
vt 0.73143 0.085835
vt 0.724434 0.085987
vt 0.63667 0.05813
vt 0.642593 0.06207
vt 0.721445 0.059882
vt 0.714916 0.061265
vt 0.658809 0.041952
vt 0.66381 0.046495
vt 0.706305 0.048452
vt 0.710758 0.041901
vt 0.677744 0.040284
vt 0.677621 0.032318
vt 0.783334 0.407908
vt 0.789092 0.401397
vt 0.806772 0.432454
vt 0.813669 0.427854
vt 0.759439 0.385552
vt 0.755538 0.391666
vt 0.726226 0.382628
vt 0.723721 0.37657
vt 0.827694 0.45832
vt 0.820733 0.461559
vt 0.704971 0.407908
vt 0.711952 0.409515
vt 0.703481 0.439231
vt 0.695126 0.438375
vt 0.70188 0.470767
vt 0.693907 0.4717
vt 0.70161 0.502886
vt 0.70895 0.50108
vt 0.832558 0.49058
vt 0.8256 0.492715
vt 0.71716 0.530612
vt 0.723884 0.527984
vt 0.829174 0.521185
vt 0.821919 0.523383
vt 0.738032 0.552609
vt 0.745054 0.549789
vt 0.82019 0.54572
vt 0.812344 0.548219
vt 0.759717 0.566441
vt 0.767249 0.563495
vt 0.810922 0.560454
vt 0.805115 0.559656
vt 0.776279 0.572259
vt 0.780225 0.568051
vt 0.801846 0.565779
vt 0.78662 0.570945
vt 0.782402 0.576093
vt 0.808361 0.567313
vt 0.704105 0.0325
vt 0.688263 0.027897
vt 0.703142 0.006855
vt 0.710306 0.009914
vt 0.800652 0.587059
vt 0.794897 0.590181
vt 0.695353 0.005437
vt 0.807183 0.586023
vt 0.789465 0.594288
vt 0.814024 0.585937
vt 0.346745 0.091245
vt 0.354492 0.120271
vt 0.327463 0.097627
vt 0.332955 0.127256
vt 0.360771 0.087021
vt 0.368611 0.115995
vt 0.374992 0.083709
vt 0.382842 0.112397
vt 0.3947 0.079622
vt 0.404478 0.10731
vt 0.34326 0.154956
vt 0.363399 0.148601
vt 0.376658 0.144733
vt 0.389922 0.141028
vt 0.410022 0.135812
vt 0.35804 0.179581
vt 0.372712 0.175135
vt 0.384544 0.172291
vt 0.39606 0.16838
vt 0.410455 0.164269
vt 0.373361 0.197225
vt 0.382063 0.195203
vt 0.391064 0.194751
vt 0.398908 0.190316
vt 0.407047 0.187354
vt 0.396115 0.212105
vt 0.366297 0.05481
vt 0.381765 0.053033
vt 0.352979 0.0575
vt 0.339937 0.061539
vt 0.325291 0.067462
vt 0.346534 0.031934
vt 0.356416 0.031148
vt 0.337419 0.035884
vt 0.485978 0.63691
vt 0.467795 0.648257
vt 0.46718 0.614177
vt 0.450967 0.62359
vt 0.455486 0.656298
vt 0.438619 0.631184
vt 0.426599 0.639645
vt 0.443413 0.664985
vt 0.410825 0.651201
vt 0.425711 0.678319
vt 0.501077 0.661878
vt 0.484265 0.67297
vt 0.472926 0.681041
vt 0.461528 0.689302
vt 0.444947 0.702215
vt 0.511702 0.688905
vt 0.499869 0.696692
vt 0.490366 0.704631
vt 0.479984 0.711688
vt 0.468566 0.721541
vt 0.516619 0.71174
vt 0.510883 0.716366
vt 0.505694 0.724329
vt 0.496691 0.727659
vt 0.490323 0.732607
vt 0.411179 0.613265
vt 0.399752 0.622551
vt 0.422245 0.605446
vt 0.4339 0.598566
vt 0.447148 0.591834
vt 0.408754 0.584217
vt 0.401403 0.590373
vt 0.417446 0.580171
vt 0.310469 0.069956
vt 0.303247 0.066705
vt 0.323628 0.041753
vt 0.31808 0.036937
vt 0.297145 0.101638
vt 0.304908 0.102216
vt 0.341934 0.013444
vt 0.339581 0.003844
vt 0.302911 0.135179
vt 0.310379 0.133689
vt 0.373871 0.02326
vt 0.371244 0.029922
vt 0.400071 0.042318
vt 0.395527 0.048297
vt 0.420899 0.068594
vt 0.414843 0.072772
vt 0.433034 0.098597
vt 0.426219 0.101196
vt 0.317348 0.165202
vt 0.323913 0.162078
vt 0.436798 0.130654
vt 0.429643 0.131566
vt 0.337763 0.189516
vt 0.34357 0.185615
vt 0.432488 0.161671
vt 0.425378 0.161559
vt 0.360192 0.205981
vt 0.364948 0.201302
vt 0.422609 0.187214
vt 0.41594 0.186094
vt 0.379135 0.207424
vt 0.378942 0.215356
vt 0.407591 0.198889
vt 0.411995 0.205538
vt 0.458737 0.584711
vt 0.462833 0.577798
vt 0.483875 0.602325
vt 0.489028 0.596784
vt 0.432634 0.56769
vt 0.429931 0.574168
vt 0.399978 0.57037
vt 0.39651 0.5649
vt 0.508946 0.619973
vt 0.503627 0.624722
vt 0.383466 0.598775
vt 0.39064 0.599122
vt 0.387765 0.630188
vt 0.379234 0.630985
vt 0.392757 0.662167
vt 0.384923 0.66486
vt 0.399928 0.694712
vt 0.406933 0.691102
vt 0.522651 0.647358
vt 0.517 0.651399
vt 0.422782 0.719087
vt 0.428946 0.714613
vt 0.529304 0.676279
vt 0.523359 0.680688
vt 0.45031 0.735871
vt 0.456689 0.730924
vt 0.529406 0.702012
vt 0.522991 0.707139
vt 0.476894 0.743558
vt 0.483753 0.738113
vt 0.526279 0.719111
vt 0.520459 0.720649
vt 0.496103 0.744272
vt 0.498762 0.738453
vt 0.519737 0.72788
vt 0.506463 0.73904
vt 0.504196 0.746011
vt 0.526807 0.72673
vt 0.389595 0.219632
vt 0.405395 0.214975
vt 0.404283 0.240719
vt 0.396617 0.242008
vt 0.527036 0.749667
vt 0.522545 0.755151
vt 0.411597 0.237725
vt 0.533189 0.74602
vt 0.518775 0.761519
vt 0.540041 0.743198
vt 0.795508 0.092052
vt 0.80508 0.120542
vt 0.776683 0.099649
vt 0.784034 0.128882
vt 0.809235 0.086942
vt 0.818898 0.115377
vt 0.823217 0.082738
vt 0.832879 0.110887
vt 0.842634 0.077424
vt 0.854159 0.104447
vt 0.796059 0.155871
vt 0.815763 0.148253
vt 0.828749 0.143553
vt 0.841757 0.139021
vt 0.86149 0.13255
vt 0.812369 0.179511
vt 0.826735 0.174141
vt 0.838362 0.170553
vt 0.849607 0.165925
vt 0.863718 0.160912
vt 0.828776 0.196153
vt 0.837328 0.193581
vt 0.846282 0.192572
vt 0.853831 0.187644
vt 0.861761 0.184185
vt 0.852433 0.209581
vt 0.81274 0.054448
vt 0.828071 0.051701
vt 0.799615 0.057976
vt 0.786854 0.062834
vt 0.772618 0.069677
vt 0.791563 0.032886
vt 0.801373 0.031487
vt 0.782713 0.0374
vt 0.305476 0.324886
vt 0.327587 0.322394
vt 0.312884 0.354671
vt 0.332955 0.352547
vt 0.342427 0.320268
vt 0.347818 0.350381
vt 0.362371 0.347256
vt 0.357055 0.317397
vt 0.381293 0.342744
vt 0.378352 0.312579
vt 0.303298 0.294863
vt 0.323662 0.292637
vt 0.337416 0.290519
vt 0.351093 0.288158
vt 0.371031 0.283776
vt 0.306873 0.265691
vt 0.320941 0.264557
vt 0.332834 0.262126
vt 0.344878 0.260758
vt 0.358845 0.257333
vt 0.313951 0.243646
vt 0.321016 0.242582
vt 0.329106 0.238482
vt 0.338054 0.239924
vt 0.345501 0.238716
vt 0.367021 0.377701
vt 0.380989 0.373192
vt 0.353791 0.381016
vt 0.340255 0.383301
vt 0.32526 0.384934
vt 0.359028 0.406041
vt 0.368143 0.402763
vt 0.349336 0.406876
vt 0.757989 0.073097
vt 0.750577 0.070315
vt 0.769333 0.044123
vt 0.763487 0.039671
vt 0.746678 0.105568
vt 0.754464 0.105654
vt 0.785828 0.014718
vt 0.782872 0.005288
vt 0.754565 0.138693
vt 0.761921 0.136735
vt 0.818296 0.022534
vt 0.816099 0.029333
vt 0.845679 0.039859
vt 0.841516 0.046108
vt 0.868077 0.064795
vt 0.8623 0.06934
vt 0.882126 0.093954
vt 0.875483 0.096983
vt 0.770835 0.167732
vt 0.777192 0.164203
vt 0.887888 0.125736
vt 0.880806 0.127096
vt 0.792755 0.190723
vt 0.798306 0.18646
vt 0.885544 0.156921
vt 0.878438 0.157258
vt 0.816189 0.20573
vt 0.820639 0.200749
vt 0.877292 0.183074
vt 0.870569 0.182377
vt 0.835173 0.205962
vt 0.835479 0.213889
vt 0.863036 0.195641
vt 0.86785 0.201989
vt 0.310692 0.387518
vt 0.303899 0.392933
vt 0.291814 0.35935
vt 0.284227 0.362701
vt 0.33039 0.413681
vt 0.335288 0.40832
vt 0.362627 0.422253
vt 0.364052 0.42865
vt 0.275645 0.330252
vt 0.28306 0.328264
vt 0.38791 0.401005
vt 0.381307 0.398226
vt 0.394749 0.370433
vt 0.402841 0.372712
vt 0.401726 0.339601
vt 0.409739 0.340049
vt 0.407524 0.308034
vt 0.399982 0.308548
vt 0.276411 0.297672
vt 0.283634 0.296757
vt 0.39697 0.278019
vt 0.389895 0.279455
vt 0.284991 0.268084
vt 0.292518 0.267166
vt 0.380183 0.252789
vt 0.372784 0.254362
vt 0.298075 0.24546
vt 0.30623 0.244342
vt 0.361198 0.235447
vt 0.353273 0.237053
vt 0.309715 0.232526
vt 0.315308 0.234304
vt 0.345871 0.226855
vt 0.341274 0.230313
vt 0.319576 0.228844
vt 0.335459 0.226371
vt 0.340488 0.222023
vt 0.313416 0.226206
vt 0.846394 0.21751
vt 0.861882 0.211858
vt 0.862346 0.23761
vt 0.854778 0.23938
vt 0.3244 0.208106
vt 0.330633 0.205987
vt 0.869455 0.234165
vt 0.31781 0.207987
vt 0.3367 0.202871
vt 0.311072 0.206873
usemtl LeavesSG
f 129/154/129 130/155/130 131/156/131
f 131/156/131 130/155/130 132/157/132
f 133/158/133 134/159/134 129/154/129
f 129/154/129 134/159/134 130/155/130
f 133/158/133 135/160/135 134/159/134
f 134/159/134 135/160/135 136/161/136
f 135/160/135 137/162/137 136/161/136
f 136/161/136 137/162/137 138/163/138
f 132/157/132 130/155/130 139/164/139
f 139/164/139 130/155/130 140/165/140
f 134/159/134 141/166/141 130/155/130
f 130/155/130 141/166/141 140/165/140
f 134/159/134 136/161/136 141/166/141
f 141/166/141 136/161/136 142/167/142
f 138/163/138 143/168/143 136/161/136
f 136/161/136 143/168/143 142/167/142
f 139/164/139 140/165/140 144/169/144
f 144/169/144 140/165/140 145/170/145
f 140/165/140 141/166/141 145/170/145
f 145/170/145 141/166/141 146/171/146
f 142/167/142 147/172/147 141/166/141
f 141/166/141 147/172/147 146/171/146
f 143/168/143 148/173/148 142/167/142
f 142/167/142 148/173/148 147/172/147
f 144/169/144 145/170/145 149/174/149
f 149/174/149 145/170/145 150/175/150
f 145/170/145 146/171/146 150/175/150
f 150/175/150 146/171/146 151/176/151
f 147/172/147 152/177/152 146/171/146
f 146/171/146 152/177/152 151/176/151
f 148/173/148 153/178/153 147/172/147
f 147/172/147 153/178/153 152/177/152
f 154/179/154 151/176/151 152/177/152
f 155/180/155 156/181/156 135/160/135
f 135/160/135 156/181/156 137/162/137
f 157/182/157 155/180/155 133/158/133
f 133/158/133 155/180/155 135/160/135
f 157/182/157 133/158/133 158/183/158
f 158/183/158 133/158/133 129/154/129
f 158/183/158 129/154/129 159/184/159
f 159/184/159 129/154/129 131/156/131
f 160/185/160 161/186/161 157/182/157
f 157/182/157 161/186/161 155/180/155
f 160/185/160 157/182/157 162/187/162
f 162/187/162 157/182/157 158/183/158
f 154/179/154 150/175/150 151/176/151
f 163/188/163 164/189/164 165/190/165
f 165/190/165 164/189/164 166/191/166
f 164/189/164 167/192/167 166/191/166
f 166/191/166 167/192/167 168/193/168
f 168/193/168 167/192/167 169/194/169
f 169/194/169 167/192/167 170/195/170
f 169/194/169 170/195/170 171/196/171
f 171/196/171 170/195/170 172/197/172
f 163/188/163 173/198/173 164/189/164
f 164/189/164 173/198/173 174/199/174
f 174/199/174 175/200/175 164/189/164
f 164/189/164 175/200/175 167/192/167
f 167/192/167 175/200/175 170/195/170
f 170/195/170 175/200/175 176/201/176
f 176/201/176 177/202/177 170/195/170
f 170/195/170 177/202/177 172/197/172
f 173/198/173 178/203/178 174/199/174
f 174/199/174 178/203/178 179/204/179
f 174/199/174 179/204/179 175/200/175
f 175/200/175 179/204/179 180/205/180
f 180/205/180 181/206/181 175/200/175
f 175/200/175 181/206/181 176/201/176
f 181/206/181 182/207/182 176/201/176
f 176/201/176 182/207/182 177/202/177
f 178/203/178 183/208/183 179/204/179
f 179/204/179 183/208/183 184/209/184
f 179/204/179 184/209/184 180/205/180
f 180/205/180 184/209/184 185/210/185
f 185/210/185 186/211/186 180/205/180
f 180/205/180 186/211/186 181/206/181
f 186/211/186 187/212/187 181/206/181
f 181/206/181 187/212/187 182/207/182
f 188/213/188 169/194/169 189/214/189
f 189/214/189 169/194/169 171/196/171
f 190/215/190 168/193/168 188/213/188
f 188/213/188 168/193/168 169/194/169
f 166/191/166 168/193/168 191/216/191
f 191/216/191 168/193/168 190/215/190
f 165/190/165 166/191/166 192/217/192
f 192/217/192 166/191/166 191/216/191
f 193/218/193 190/215/190 194/219/194
f 194/219/194 190/215/190 188/213/188
f 191/216/191 190/215/190 195/220/195
f 195/220/195 190/215/190 193/218/193
f 196/221/196 197/222/197 198/223/198
f 198/223/198 197/222/197 199/224/199
f 197/222/197 196/221/196 200/225/200
f 200/225/200 196/221/196 201/226/201
f 198/223/198 199/224/199 202/227/202
f 202/227/202 199/224/199 203/228/203
f 200/225/200 201/226/201 204/229/204
f 204/229/204 201/226/201 205/230/205
f 203/228/203 206/231/206 202/227/202
f 202/227/202 206/231/206 207/232/207
f 206/231/206 208/233/208 207/232/207
f 207/232/207 208/233/208 209/234/209
f 208/233/208 210/235/210 209/234/209
f 209/234/209 210/235/210 211/236/211
f 210/235/210 212/237/212 211/236/211
f 211/236/211 212/237/212 213/238/213
f 204/229/204 205/230/205 214/239/214
f 214/239/214 205/230/205 215/240/215
f 212/237/212 216/241/216 213/238/213
f 213/238/213 216/241/216 217/242/217
f 214/239/214 215/240/215 218/243/218
f 218/243/218 215/240/215 219/244/219
f 216/241/216 220/245/220 217/242/217
f 217/242/217 220/245/220 221/246/221
f 218/243/218 219/244/219 222/247/222
f 222/247/222 219/244/219 223/248/223
f 220/245/220 224/249/224 221/246/221
f 221/246/221 224/249/224 225/250/225
f 223/248/223 226/251/226 222/247/222
f 222/247/222 226/251/226 227/252/227
f 225/250/225 224/249/224 228/253/228
f 228/253/228 224/249/224 229/254/229
f 230/255/230 197/256/197 231/257/231
f 231/257/231 197/256/197 200/258/200
f 197/256/197 230/255/230 199/259/199
f 199/259/199 230/255/230 232/260/232
f 232/260/232 233/261/233 199/259/199
f 199/259/199 233/261/233 203/262/203
f 200/258/200 204/263/204 231/257/231
f 231/257/231 204/263/204 234/264/234
f 203/262/203 233/261/233 206/265/206
f 206/265/206 233/261/233 235/266/235
f 235/266/235 236/267/236 206/265/206
f 206/265/206 236/267/236 208/268/208
f 236/267/236 237/269/237 208/268/208
f 208/268/208 237/269/237 210/270/210
f 210/270/210 237/269/237 212/271/212
f 212/271/212 237/269/237 238/272/238
f 204/263/204 214/273/214 234/264/234
f 234/264/234 214/273/214 239/274/239
f 212/271/212 238/272/238 216/275/216
f 216/275/216 238/272/238 240/276/240
f 214/273/214 218/277/218 239/274/239
f 239/274/239 218/277/218 241/278/241
f 216/275/216 240/276/240 220/279/220
f 220/279/220 240/276/240 242/280/242
f 218/277/218 222/281/222 241/278/241
f 241/278/241 222/281/222 243/282/243
f 220/279/220 242/280/242 224/283/224
f 224/283/224 242/280/242 244/284/244
f 222/281/222 227/285/227 243/282/243
f 243/282/243 227/285/227 245/286/245
f 224/283/224 244/284/244 229/287/229
f 229/287/229 244/284/244 246/288/246
f 196/221/196 198/223/198 159/184/159
f 198/223/198 202/227/202 162/187/162
f 202/227/202 207/232/207 161/186/161
f 207/232/207 209/234/209 156/181/156
f 131/156/131 132/157/132 201/226/201
f 201/226/201 132/157/132 205/230/205
f 137/162/137 211/236/211 138/163/138
f 138/163/138 211/236/211 213/238/213
f 205/230/205 132/157/132 215/240/215
f 215/240/215 132/157/132 139/164/139
f 213/238/213 217/242/217 138/163/138
f 138/163/138 217/242/217 143/168/143
f 215/240/215 139/164/139 219/244/219
f 219/244/219 139/164/139 144/169/144
f 217/242/217 221/246/221 143/168/143
f 143/168/143 221/246/221 148/173/148
f 219/244/219 144/169/144 223/248/223
f 223/248/223 144/169/144 149/174/149
f 221/246/221 225/250/225 148/173/148
f 148/173/148 225/250/225 153/178/153
f 223/248/223 149/174/149 226/251/226
f 154/179/154 226/251/226 150/175/150
f 150/175/150 226/251/226 149/174/149
f 153/178/153 225/250/225 228/253/228
f 156/181/156 209/234/209 137/162/137
f 137/162/137 209/234/209 211/236/211
f 159/184/159 131/156/131 196/221/196
f 196/221/196 131/156/131 201/226/201
f 161/186/161 207/232/207 155/180/155
f 155/180/155 207/232/207 156/181/156
f 162/187/162 158/183/158 198/223/198
f 198/223/198 158/183/158 159/184/159
f 202/227/202 161/186/161 160/185/160
f 202/227/202 160/185/160 162/187/162
f 154/179/154 152/177/152 228/253/228
f 228/253/228 152/177/152 153/178/153
f 230/255/230 192/217/192 232/260/232
f 232/260/232 195/220/195 233/261/233
f 233/261/233 194/219/194 235/266/235
f 235/266/235 189/214/189 236/267/236
f 234/264/234 163/188/163 231/257/231
f 231/257/231 163/188/163 165/190/165
f 171/196/171 172/197/172 237/269/237
f 237/269/237 172/197/172 238/272/238
f 234/264/234 239/274/239 163/188/163
f 163/188/163 239/274/239 173/198/173
f 177/202/177 240/276/240 172/197/172
f 172/197/172 240/276/240 238/272/238
f 239/274/239 241/278/241 173/198/173
f 173/198/173 241/278/241 178/203/178
f 182/207/182 242/280/242 177/202/177
f 177/202/177 242/280/242 240/276/240
f 241/278/241 243/282/243 178/203/178
f 178/203/178 243/282/243 183/208/183
f 187/212/187 244/284/244 182/207/182
f 182/207/182 244/284/244 242/280/242
f 243/282/243 245/286/245 183/208/183
f 184/209/184 247/289/247 185/210/185
f 187/212/187 246/288/246 244/284/244
f 189/214/189 171/196/171 236/267/236
f 236/267/236 171/196/171 237/269/237
f 231/257/231 165/190/165 230/255/230
f 230/255/230 165/190/165 192/217/192
f 194/219/194 188/213/188 235/266/235
f 235/266/235 188/213/188 189/214/189
f 192/217/192 191/216/191 232/260/232
f 232/260/232 191/216/191 195/220/195
f 233/261/233 193/218/193 194/219/194
f 233/261/233 195/220/195 193/218/193
f 248/290/248 186/211/186 185/210/185
f 229/287/229 246/288/246 249/291/249
f 249/291/249 246/288/246 248/290/248
f 187/212/187 186/211/186 246/288/246
f 246/288/246 186/211/186 248/290/248
f 183/208/183 245/286/245 184/209/184
f 184/209/184 245/286/245 247/289/247
f 227/285/227 250/292/250 245/286/245
f 245/286/245 250/292/250 247/289/247
f 227/252/227 226/251/226 250/293/250
f 250/293/250 226/251/226 154/179/154
f 228/253/228 229/254/229 154/179/154
f 154/179/154 229/254/229 249/294/249
f 154/179/154 251/295/251 250/293/250
f 250/293/250 251/295/251 252/296/252
f 185/210/185 253/297/253 248/290/248
f 248/290/248 253/297/253 254/298/254
f 154/179/154 249/294/249 251/295/251
f 251/295/251 249/294/249 255/299/255
f 185/210/185 247/289/247 253/297/253
f 253/297/253 247/289/247 256/300/256
f 248/290/248 254/298/254 249/291/249
f 249/291/249 254/298/254 255/301/255
f 247/289/247 250/292/250 256/300/256
f 256/300/256 250/292/250 252/302/252
f 257/303/257 258/304/258 259/305/259
f 259/305/259 258/304/258 260/306/260
f 261/307/261 262/308/262 257/303/257
f 257/303/257 262/308/262 258/304/258
f 261/307/261 263/309/263 262/308/262
f 262/308/262 263/309/263 264/310/264
f 263/309/263 265/311/265 264/310/264
f 264/310/264 265/311/265 266/312/266
f 260/306/260 258/304/258 267/313/267
f 267/313/267 258/304/258 268/314/268
f 262/308/262 269/315/269 258/304/258
f 258/304/258 269/315/269 268/314/268
f 262/308/262 264/310/264 269/315/269
f 269/315/269 264/310/264 270/316/270
f 266/312/266 271/317/271 264/310/264
f 264/310/264 271/317/271 270/316/270
f 267/313/267 268/314/268 272/318/272
f 272/318/272 268/314/268 273/319/273
f 268/314/268 269/315/269 273/319/273
f 273/319/273 269/315/269 274/320/274
f 270/316/270 275/321/275 269/315/269
f 269/315/269 275/321/275 274/320/274
f 271/317/271 276/322/276 270/316/270
f 270/316/270 276/322/276 275/321/275
f 272/318/272 273/319/273 277/323/277
f 277/323/277 273/319/273 278/324/278
f 273/319/273 274/320/274 278/324/278
f 278/324/278 274/320/274 279/325/279
f 275/321/275 280/326/280 274/320/274
f 274/320/274 280/326/280 279/325/279
f 276/322/276 281/327/281 275/321/275
f 275/321/275 281/327/281 280/326/280
f 282/328/282 279/325/279 280/326/280
f 283/329/283 284/330/284 263/309/263
f 263/309/263 284/330/284 265/311/265
f 285/331/285 283/329/283 261/307/261
f 261/307/261 283/329/283 263/309/263
f 285/331/285 261/307/261 286/332/286
f 286/332/286 261/307/261 257/303/257
f 286/332/286 257/303/257 287/333/287
f 287/333/287 257/303/257 259/305/259
f 288/334/288 289/335/289 285/331/285
f 285/331/285 289/335/289 283/329/283
f 288/334/288 285/331/285 290/336/290
f 290/336/290 285/331/285 286/332/286
f 282/328/282 278/324/278 279/325/279
f 291/337/291 292/338/292 293/339/293
f 293/339/293 292/338/292 294/340/294
f 292/338/292 295/341/295 294/340/294
f 294/340/294 295/341/295 296/342/296
f 296/342/296 295/341/295 297/343/297
f 297/343/297 295/341/295 298/344/298
f 297/343/297 298/344/298 299/345/299
f 299/345/299 298/344/298 300/346/300
f 291/337/291 301/347/301 292/338/292
f 292/338/292 301/347/301 302/348/302
f 302/348/302 303/349/303 292/338/292
f 292/338/292 303/349/303 295/341/295
f 295/341/295 303/349/303 298/344/298
f 298/344/298 303/349/303 304/350/304
f 304/350/304 305/351/305 298/344/298
f 298/344/298 305/351/305 300/346/300
f 301/347/301 306/352/306 302/348/302
f 302/348/302 306/352/306 307/353/307
f 302/348/302 307/353/307 303/349/303
f 303/349/303 307/353/307 308/354/308
f 308/354/308 309/355/309 303/349/303
f 303/349/303 309/355/309 304/350/304
f 309/355/309 310/356/310 304/350/304
f 304/350/304 310/356/310 305/351/305
f 306/352/306 311/357/311 307/353/307
f 307/353/307 311/357/311 312/358/312
f 307/353/307 312/358/312 308/354/308
f 308/354/308 312/358/312 313/359/313
f 313/359/313 314/360/314 308/354/308
f 308/354/308 314/360/314 309/355/309
f 314/360/314 315/361/315 309/355/309
f 309/355/309 315/361/315 310/356/310
f 316/362/316 297/343/297 317/363/317
f 317/363/317 297/343/297 299/345/299
f 318/364/318 296/342/296 316/362/316
f 316/362/316 296/342/296 297/343/297
f 294/340/294 296/342/296 319/365/319
f 319/365/319 296/342/296 318/364/318
f 293/339/293 294/340/294 320/366/320
f 320/366/320 294/340/294 319/365/319
f 321/367/321 318/364/318 322/368/322
f 322/368/322 318/364/318 316/362/316
f 319/365/319 318/364/318 323/369/323
f 323/369/323 318/364/318 321/367/321
f 324/370/324 325/371/325 326/372/326
f 326/372/326 325/371/325 327/373/327
f 325/371/325 324/370/324 328/374/328
f 328/374/328 324/370/324 329/375/329
f 326/372/326 327/373/327 330/376/330
f 330/376/330 327/373/327 331/377/331
f 328/374/328 329/375/329 332/378/332
f 332/378/332 329/375/329 333/379/333
f 331/377/331 334/380/334 330/376/330
f 330/376/330 334/380/334 335/381/335
f 334/380/334 336/382/336 335/381/335
f 335/381/335 336/382/336 337/383/337
f 336/382/336 338/384/338 337/383/337
f 337/383/337 338/384/338 339/385/339
f 338/384/338 340/386/340 339/385/339
f 339/385/339 340/386/340 341/387/341
f 332/378/332 333/379/333 342/388/342
f 342/388/342 333/379/333 343/389/343
f 340/386/340 344/390/344 341/387/341
f 341/387/341 344/390/344 345/391/345
f 342/388/342 343/389/343 346/392/346
f 346/392/346 343/389/343 347/393/347
f 344/390/344 348/394/348 345/391/345
f 345/391/345 348/394/348 349/395/349
f 346/392/346 347/393/347 350/396/350
f 350/396/350 347/393/347 351/397/351
f 348/394/348 352/398/352 349/395/349
f 349/395/349 352/398/352 353/399/353
f 351/397/351 354/400/354 350/396/350
f 350/396/350 354/400/354 355/401/355
f 353/399/353 352/398/352 356/402/356
f 356/402/356 352/398/352 357/403/357
f 358/404/358 325/405/325 359/406/359
f 359/406/359 325/405/325 328/407/328
f 325/405/325 358/404/358 327/408/327
f 327/408/327 358/404/358 360/409/360
f 360/409/360 361/410/361 327/408/327
f 327/408/327 361/410/361 331/411/331
f 328/407/328 332/412/332 359/406/359
f 359/406/359 332/412/332 362/413/362
f 331/411/331 361/410/361 334/414/334
f 334/414/334 361/410/361 363/415/363
f 363/415/363 364/416/364 334/414/334
f 334/414/334 364/416/364 336/417/336
f 364/416/364 365/418/365 336/417/336
f 336/417/336 365/418/365 338/419/338
f 338/419/338 365/418/365 340/420/340
f 340/420/340 365/418/365 366/421/366
f 332/412/332 342/422/342 362/413/362
f 362/413/362 342/422/342 367/423/367
f 340/420/340 366/421/366 344/424/344
f 344/424/344 366/421/366 368/425/368
f 342/422/342 346/426/346 367/423/367
f 367/423/367 346/426/346 369/427/369
f 344/424/344 368/425/368 348/428/348
f 348/428/348 368/425/368 370/429/370
f 346/426/346 350/430/350 369/427/369
f 369/427/369 350/430/350 371/431/371
f 348/428/348 370/429/370 352/432/352
f 352/432/352 370/429/370 372/433/372
f 350/430/350 355/434/355 371/431/371
f 371/431/371 355/434/355 373/435/373
f 352/432/352 372/433/372 357/436/357
f 357/436/357 372/433/372 374/437/374
f 324/370/324 326/372/326 287/333/287
f 326/372/326 330/376/330 290/336/290
f 330/376/330 335/381/335 289/335/289
f 335/381/335 337/383/337 284/330/284
f 259/305/259 260/306/260 329/375/329
f 329/375/329 260/306/260 333/379/333
f 265/311/265 339/385/339 266/312/266
f 266/312/266 339/385/339 341/387/341
f 333/379/333 260/306/260 343/389/343
f 343/389/343 260/306/260 267/313/267
f 341/387/341 345/391/345 266/312/266
f 266/312/266 345/391/345 271/317/271
f 343/389/343 267/313/267 347/393/347
f 347/393/347 267/313/267 272/318/272
f 345/391/345 349/395/349 271/317/271
f 271/317/271 349/395/349 276/322/276
f 347/393/347 272/318/272 351/397/351
f 351/397/351 272/318/272 277/323/277
f 349/395/349 353/399/353 276/322/276
f 276/322/276 353/399/353 281/327/281
f 351/397/351 277/323/277 354/400/354
f 282/328/282 354/400/354 278/324/278
f 278/324/278 354/400/354 277/323/277
f 281/327/281 353/399/353 356/402/356
f 284/330/284 337/383/337 265/311/265
f 265/311/265 337/383/337 339/385/339
f 287/333/287 259/305/259 324/370/324
f 324/370/324 259/305/259 329/375/329
f 289/335/289 335/381/335 283/329/283
f 283/329/283 335/381/335 284/330/284
f 290/336/290 286/332/286 326/372/326
f 326/372/326 286/332/286 287/333/287
f 330/376/330 289/335/289 288/334/288
f 330/376/330 288/334/288 290/336/290
f 282/328/282 280/326/280 356/402/356
f 356/402/356 280/326/280 281/327/281
f 358/404/358 320/366/320 360/409/360
f 360/409/360 323/369/323 361/410/361
f 361/410/361 322/368/322 363/415/363
f 363/415/363 317/363/317 364/416/364
f 362/413/362 291/337/291 359/406/359
f 359/406/359 291/337/291 293/339/293
f 299/345/299 300/346/300 365/418/365
f 365/418/365 300/346/300 366/421/366
f 362/413/362 367/423/367 291/337/291
f 291/337/291 367/423/367 301/347/301
f 305/351/305 368/425/368 300/346/300
f 300/346/300 368/425/368 366/421/366
f 367/423/367 369/427/369 301/347/301
f 301/347/301 369/427/369 306/352/306
f 310/356/310 370/429/370 305/351/305
f 305/351/305 370/429/370 368/425/368
f 369/427/369 371/431/371 306/352/306
f 306/352/306 371/431/371 311/357/311
f 315/361/315 372/433/372 310/356/310
f 310/356/310 372/433/372 370/429/370
f 371/431/371 373/435/373 311/357/311
f 312/358/312 375/438/375 313/359/313
f 315/361/315 374/437/374 372/433/372
f 317/363/317 299/345/299 364/416/364
f 364/416/364 299/345/299 365/418/365
f 359/406/359 293/339/293 358/404/358
f 358/404/358 293/339/293 320/366/320
f 322/368/322 316/362/316 363/415/363
f 363/415/363 316/362/316 317/363/317
f 320/366/320 319/365/319 360/409/360
f 360/409/360 319/365/319 323/369/323
f 361/410/361 321/367/321 322/368/322
f 361/410/361 323/369/323 321/367/321
f 376/439/376 314/360/314 313/359/313
f 357/436/357 374/437/374 377/440/377
f 377/440/377 374/437/374 376/439/376
f 315/361/315 314/360/314 374/437/374
f 374/437/374 314/360/314 376/439/376
f 311/357/311 373/435/373 312/358/312
f 312/358/312 373/435/373 375/438/375
f 355/434/355 378/441/378 373/435/373
f 373/435/373 378/441/378 375/438/375
f 355/401/355 354/400/354 378/442/378
f 378/442/378 354/400/354 282/328/282
f 356/402/356 357/403/357 282/328/282
f 282/328/282 357/403/357 377/443/377
f 282/328/282 379/444/379 378/442/378
f 378/442/378 379/444/379 380/445/380
f 313/359/313 381/446/381 376/439/376
f 376/439/376 381/446/381 382/447/382
f 282/328/282 377/443/377 379/444/379
f 379/444/379 377/443/377 383/448/383
f 313/359/313 375/438/375 381/446/381
f 381/446/381 375/438/375 384/449/384
f 376/439/376 382/447/382 377/440/377
f 377/440/377 382/447/382 383/450/383
f 375/438/375 378/441/378 384/449/384
f 384/449/384 378/441/378 380/451/380
f 385/452/385 386/453/386 387/454/387
f 387/454/387 386/453/386 388/455/388
f 389/456/389 390/457/390 385/452/385
f 385/452/385 390/457/390 386/453/386
f 389/456/389 391/458/391 390/457/390
f 390/457/390 391/458/391 392/459/392
f 391/458/391 393/460/393 392/459/392
f 392/459/392 393/460/393 394/461/394
f 388/455/388 386/453/386 395/462/395
f 395/462/395 386/453/386 396/463/396
f 390/457/390 397/464/397 386/453/386
f 386/453/386 397/464/397 396/463/396
f 390/457/390 392/459/392 397/464/397
f 397/464/397 392/459/392 398/465/398
f 394/461/394 399/466/399 392/459/392
f 392/459/392 399/466/399 398/465/398
f 395/462/395 396/463/396 400/467/400
f 400/467/400 396/463/396 401/468/401
f 396/463/396 397/464/397 401/468/401
f 401/468/401 397/464/397 402/469/402
f 398/465/398 403/470/403 397/464/397
f 397/464/397 403/470/403 402/469/402
f 399/466/399 404/471/404 398/465/398
f 398/465/398 404/471/404 403/470/403
f 400/467/400 401/468/401 405/472/405
f 405/472/405 401/468/401 406/473/406
f 401/468/401 402/469/402 406/473/406
f 406/473/406 402/469/402 407/474/407
f 403/470/403 408/475/408 402/469/402
f 402/469/402 408/475/408 407/474/407
f 404/471/404 409/476/409 403/470/403
f 403/470/403 409/476/409 408/475/408
f 410/477/410 407/474/407 408/475/408
f 411/478/411 412/479/412 391/458/391
f 391/458/391 412/479/412 393/460/393
f 413/480/413 411/478/411 389/456/389
f 389/456/389 411/478/411 391/458/391
f 413/480/413 389/456/389 414/481/414
f 414/481/414 389/456/389 385/452/385
f 414/481/414 385/452/385 415/482/415
f 415/482/415 385/452/385 387/454/387
f 416/483/416 417/484/417 413/480/413
f 413/480/413 417/484/417 411/478/411
f 416/483/416 413/480/413 418/485/418
f 418/485/418 413/480/413 414/481/414
f 410/477/410 406/473/406 407/474/407
f 419/486/419 420/487/420 421/488/421
f 421/488/421 420/487/420 422/489/422
f 420/487/420 423/490/423 422/489/422
f 422/489/422 423/490/423 424/491/424
f 424/491/424 423/490/423 425/492/425
f 425/492/425 423/490/423 426/493/426
f 425/492/425 426/493/426 427/494/427
f 427/494/427 426/493/426 428/495/428
f 419/486/419 429/496/429 420/487/420
f 420/487/420 429/496/429 430/497/430
f 430/497/430 431/498/431 420/487/420
f 420/487/420 431/498/431 423/490/423
f 423/490/423 431/498/431 426/493/426
f 426/493/426 431/498/431 432/499/432
f 432/499/432 433/500/433 426/493/426
f 426/493/426 433/500/433 428/495/428
f 429/496/429 434/501/434 430/497/430
f 430/497/430 434/501/434 435/502/435
f 430/497/430 435/502/435 431/498/431
f 431/498/431 435/502/435 436/503/436
f 436/503/436 437/504/437 431/498/431
f 431/498/431 437/504/437 432/499/432
f 437/504/437 438/505/438 432/499/432
f 432/499/432 438/505/438 433/500/433
f 434/501/434 439/506/439 435/502/435
f 435/502/435 439/506/439 440/507/440
f 435/502/435 440/507/440 436/503/436
f 436/503/436 440/507/440 441/508/441
f 441/508/441 442/509/442 436/503/436
f 436/503/436 442/509/442 437/504/437
f 442/509/442 443/510/443 437/504/437
f 437/504/437 443/510/443 438/505/438
f 444/511/444 425/492/425 445/512/445
f 445/512/445 425/492/425 427/494/427
f 446/513/446 424/491/424 444/511/444
f 444/511/444 424/491/424 425/492/425
f 422/489/422 424/491/424 447/514/447
f 447/514/447 424/491/424 446/513/446
f 421/488/421 422/489/422 448/515/448
f 448/515/448 422/489/422 447/514/447
f 449/516/449 446/513/446 450/517/450
f 450/517/450 446/513/446 444/511/444
f 447/514/447 446/513/446 451/518/451
f 451/518/451 446/513/446 449/516/449
f 452/519/452 453/520/453 454/521/454
f 454/521/454 453/520/453 455/522/455
f 453/520/453 452/519/452 456/523/456
f 456/523/456 452/519/452 457/524/457
f 454/521/454 455/522/455 458/525/458
f 458/525/458 455/522/455 459/526/459
f 456/523/456 457/524/457 460/527/460
f 460/527/460 457/524/457 461/528/461
f 459/526/459 462/529/462 458/525/458
f 458/525/458 462/529/462 463/530/463
f 462/529/462 464/531/464 463/530/463
f 463/530/463 464/531/464 465/532/465
f 464/531/464 466/533/466 465/532/465
f 465/532/465 466/533/466 467/534/467
f 466/533/466 468/535/468 467/534/467
f 467/534/467 468/535/468 469/536/469
f 460/527/460 461/528/461 470/537/470
f 470/537/470 461/528/461 471/538/471
f 468/535/468 472/539/472 469/536/469
f 469/536/469 472/539/472 473/540/473
f 470/537/470 471/538/471 474/541/474
f 474/541/474 471/538/471 475/542/475
f 472/539/472 476/543/476 473/540/473
f 473/540/473 476/543/476 477/544/477
f 474/541/474 475/542/475 478/545/478
f 478/545/478 475/542/475 479/546/479
f 476/543/476 480/547/480 477/544/477
f 477/544/477 480/547/480 481/548/481
f 479/546/479 482/549/482 478/545/478
f 478/545/478 482/549/482 483/550/483
f 481/548/481 480/547/480 484/551/484
f 484/551/484 480/547/480 485/552/485
f 486/553/486 453/554/453 487/555/487
f 487/555/487 453/554/453 456/556/456
f 453/554/453 486/553/486 455/557/455
f 455/557/455 486/553/486 488/558/488
f 488/558/488 489/559/489 455/557/455
f 455/557/455 489/559/489 459/560/459
f 456/556/456 460/561/460 487/555/487
f 487/555/487 460/561/460 490/562/490
f 459/560/459 489/559/489 462/563/462
f 462/563/462 489/559/489 491/564/491
f 491/564/491 492/565/492 462/563/462
f 462/563/462 492/565/492 464/566/464
f 492/565/492 493/567/493 464/566/464
f 464/566/464 493/567/493 466/568/466
f 466/568/466 493/567/493 468/569/468
f 468/569/468 493/567/493 494/570/494
f 460/561/460 470/571/470 490/562/490
f 490/562/490 470/571/470 495/572/495
f 468/569/468 494/570/494 472/573/472
f 472/573/472 494/570/494 496/574/496
f 470/571/470 474/575/474 495/572/495
f 495/572/495 474/575/474 497/576/497
f 472/573/472 496/574/496 476/577/476
f 476/577/476 496/574/496 498/578/498
f 474/575/474 478/579/478 497/576/497
f 497/576/497 478/579/478 499/580/499
f 476/577/476 498/578/498 480/581/480
f 480/581/480 498/578/498 500/582/500
f 478/579/478 483/583/483 499/580/499
f 499/580/499 483/583/483 501/584/501
f 480/581/480 500/582/500 485/585/485
f 485/585/485 500/582/500 502/586/502
f 452/519/452 454/521/454 415/482/415
f 454/521/454 458/525/458 418/485/418
f 458/525/458 463/530/463 417/484/417
f 463/530/463 465/532/465 412/479/412
f 387/454/387 388/455/388 457/524/457
f 457/524/457 388/455/388 461/528/461
f 393/460/393 467/534/467 394/461/394
f 394/461/394 467/534/467 469/536/469
f 461/528/461 388/455/388 471/538/471
f 471/538/471 388/455/388 395/462/395
f 469/536/469 473/540/473 394/461/394
f 394/461/394 473/540/473 399/466/399
f 471/538/471 395/462/395 475/542/475
f 475/542/475 395/462/395 400/467/400
f 473/540/473 477/544/477 399/466/399
f 399/466/399 477/544/477 404/471/404
f 475/542/475 400/467/400 479/546/479
f 479/546/479 400/467/400 405/472/405
f 477/544/477 481/548/481 404/471/404
f 404/471/404 481/548/481 409/476/409
f 479/546/479 405/472/405 482/549/482
f 410/477/410 482/549/482 406/473/406
f 406/473/406 482/549/482 405/472/405
f 409/476/409 481/548/481 484/551/484
f 412/479/412 465/532/465 393/460/393
f 393/460/393 465/532/465 467/534/467
f 415/482/415 387/454/387 452/519/452
f 452/519/452 387/454/387 457/524/457
f 417/484/417 463/530/463 411/478/411
f 411/478/411 463/530/463 412/479/412
f 418/485/418 414/481/414 454/521/454
f 454/521/454 414/481/414 415/482/415
f 458/525/458 417/484/417 416/483/416
f 458/525/458 416/483/416 418/485/418
f 410/477/410 408/475/408 484/551/484
f 484/551/484 408/475/408 409/476/409
f 486/553/486 448/515/448 488/558/488
f 488/558/488 451/518/451 489/559/489
f 489/559/489 450/517/450 491/564/491
f 491/564/491 445/512/445 492/565/492
f 490/562/490 419/486/419 487/555/487
f 487/555/487 419/486/419 421/488/421
f 427/494/427 428/495/428 493/567/493
f 493/567/493 428/495/428 494/570/494
f 490/562/490 495/572/495 419/486/419
f 419/486/419 495/572/495 429/496/429
f 433/500/433 496/574/496 428/495/428
f 428/495/428 496/574/496 494/570/494
f 495/572/495 497/576/497 429/496/429
f 429/496/429 497/576/497 434/501/434
f 438/505/438 498/578/498 433/500/433
f 433/500/433 498/578/498 496/574/496
f 497/576/497 499/580/499 434/501/434
f 434/501/434 499/580/499 439/506/439
f 443/510/443 500/582/500 438/505/438
f 438/505/438 500/582/500 498/578/498
f 499/580/499 501/584/501 439/506/439
f 440/507/440 503/587/503 441/508/441
f 443/510/443 502/586/502 500/582/500
f 445/512/445 427/494/427 492/565/492
f 492/565/492 427/494/427 493/567/493
f 487/555/487 421/488/421 486/553/486
f 486/553/486 421/488/421 448/515/448
f 450/517/450 444/511/444 491/564/491
f 491/564/491 444/511/444 445/512/445
f 448/515/448 447/514/447 488/558/488
f 488/558/488 447/514/447 451/518/451
f 489/559/489 449/516/449 450/517/450
f 489/559/489 451/518/451 449/516/449
f 504/588/504 442/509/442 441/508/441
f 485/585/485 502/586/502 505/589/505
f 505/589/505 502/586/502 504/588/504
f 443/510/443 442/509/442 502/586/502
f 502/586/502 442/509/442 504/588/504
f 439/506/439 501/584/501 440/507/440
f 440/507/440 501/584/501 503/587/503
f 483/583/483 506/590/506 501/584/501
f 501/584/501 506/590/506 503/587/503
f 483/550/483 482/549/482 506/591/506
f 506/591/506 482/549/482 410/477/410
f 484/551/484 485/552/485 410/477/410
f 410/477/410 485/552/485 505/592/505
f 410/477/410 507/593/507 506/591/506
f 506/591/506 507/593/507 508/594/508
f 441/508/441 509/595/509 504/588/504
f 504/588/504 509/595/509 510/596/510
f 410/477/410 505/592/505 507/593/507
f 507/593/507 505/592/505 511/597/511
f 441/508/441 503/587/503 509/595/509
f 509/595/509 503/587/503 512/598/512
f 504/588/504 510/596/510 505/589/505
f 505/589/505 510/596/510 511/599/511
f 503/587/503 506/590/506 512/598/512
f 512/598/512 506/590/506 508/600/508
f 513/601/513 514/602/514 515/603/515
f 515/603/515 514/602/514 516/604/516
f 517/605/517 518/606/518 513/601/513
f 513/601/513 518/606/518 514/602/514
f 517/605/517 519/607/519 518/606/518
f 518/606/518 519/607/519 520/608/520
f 519/607/519 521/609/521 520/608/520
f 520/608/520 521/609/521 522/610/522
f 516/604/516 514/602/514 523/611/523
f 523/611/523 514/602/514 524/612/524
f 518/606/518 525/613/525 514/602/514
f 514/602/514 525/613/525 524/612/524
f 518/606/518 520/608/520 525/613/525
f 525/613/525 520/608/520 526/614/526
f 522/610/522 527/615/527 520/608/520
f 520/608/520 527/615/527 526/614/526
f 523/611/523 524/612/524 528/616/528
f 528/616/528 524/612/524 529/617/529
f 524/612/524 525/613/525 529/617/529
f 529/617/529 525/613/525 530/618/530
f 526/614/526 531/619/531 525/613/525
f 525/613/525 531/619/531 530/618/530
f 527/615/527 532/620/532 526/614/526
f 526/614/526 532/620/532 531/619/531
f 528/616/528 529/617/529 533/621/533
f 533/621/533 529/617/529 534/622/534
f 529/617/529 530/618/530 534/622/534
f 534/622/534 530/618/530 535/623/535
f 531/619/531 536/624/536 530/618/530
f 530/618/530 536/624/536 535/623/535
f 532/620/532 537/625/537 531/619/531
f 531/619/531 537/625/537 536/624/536
f 538/626/538 535/623/535 536/624/536
f 539/627/539 540/628/540 519/607/519
f 519/607/519 540/628/540 521/609/521
f 541/629/541 539/627/539 517/605/517
f 517/605/517 539/627/539 519/607/519
f 541/629/541 517/605/517 542/630/542
f 542/630/542 517/605/517 513/601/513
f 542/630/542 513/601/513 543/631/543
f 543/631/543 513/601/513 515/603/515
f 544/632/544 545/633/545 541/629/541
f 541/629/541 545/633/545 539/627/539
f 544/632/544 541/629/541 546/634/546
f 546/634/546 541/629/541 542/630/542
f 538/626/538 534/622/534 535/623/535
f 547/635/547 548/636/548 549/637/549
f 549/637/549 548/636/548 550/638/550
f 548/636/548 551/639/551 550/638/550
f 550/638/550 551/639/551 552/640/552
f 552/640/552 551/639/551 553/641/553
f 553/641/553 551/639/551 554/642/554
f 553/641/553 554/642/554 555/643/555
f 555/643/555 554/642/554 556/644/556
f 547/635/547 557/645/557 548/636/548
f 548/636/548 557/645/557 558/646/558
f 558/646/558 559/647/559 548/636/548
f 548/636/548 559/647/559 551/639/551
f 551/639/551 559/647/559 554/642/554
f 554/642/554 559/647/559 560/648/560
f 560/648/560 561/649/561 554/642/554
f 554/642/554 561/649/561 556/644/556
f 557/645/557 562/650/562 558/646/558
f 558/646/558 562/650/562 563/651/563
f 558/646/558 563/651/563 559/647/559
f 559/647/559 563/651/563 564/652/564
f 564/652/564 565/653/565 559/647/559
f 559/647/559 565/653/565 560/648/560
f 565/653/565 566/654/566 560/648/560
f 560/648/560 566/654/566 561/649/561
f 562/650/562 567/655/567 563/651/563
f 563/651/563 567/655/567 568/656/568
f 563/651/563 568/656/568 564/652/564
f 564/652/564 568/656/568 569/657/569
f 569/657/569 570/658/570 564/652/564
f 564/652/564 570/658/570 565/653/565
f 570/658/570 571/659/571 565/653/565
f 565/653/565 571/659/571 566/654/566
f 572/660/572 553/641/553 573/661/573
f 573/661/573 553/641/553 555/643/555
f 574/662/574 552/640/552 572/660/572
f 572/660/572 552/640/552 553/641/553
f 550/638/550 552/640/552 575/663/575
f 575/663/575 552/640/552 574/662/574
f 549/637/549 550/638/550 576/664/576
f 576/664/576 550/638/550 575/663/575
f 577/665/577 574/662/574 578/666/578
f 578/666/578 574/662/574 572/660/572
f 575/663/575 574/662/574 579/667/579
f 579/667/579 574/662/574 577/665/577
f 580/668/580 581/669/581 582/670/582
f 582/670/582 581/669/581 583/671/583
f 581/669/581 580/668/580 584/672/584
f 584/672/584 580/668/580 585/673/585
f 582/670/582 583/671/583 586/674/586
f 586/674/586 583/671/583 587/675/587
f 584/672/584 585/673/585 588/676/588
f 588/676/588 585/673/585 589/677/589
f 587/675/587 590/678/590 586/674/586
f 586/674/586 590/678/590 591/679/591
f 590/678/590 592/680/592 591/679/591
f 591/679/591 592/680/592 593/681/593
f 592/680/592 594/682/594 593/681/593
f 593/681/593 594/682/594 595/683/595
f 594/682/594 596/684/596 595/683/595
f 595/683/595 596/684/596 597/685/597
f 588/676/588 589/677/589 598/686/598
f 598/686/598 589/677/589 599/687/599
f 596/684/596 600/688/600 597/685/597
f 597/685/597 600/688/600 601/689/601
f 598/686/598 599/687/599 602/690/602
f 602/690/602 599/687/599 603/691/603
f 600/688/600 604/692/604 601/689/601
f 601/689/601 604/692/604 605/693/605
f 602/690/602 603/691/603 606/694/606
f 606/694/606 603/691/603 607/695/607
f 604/692/604 608/696/608 605/693/605
f 605/693/605 608/696/608 609/697/609
f 607/695/607 610/698/610 606/694/606
f 606/694/606 610/698/610 611/699/611
f 609/697/609 608/696/608 612/700/612
f 612/700/612 608/696/608 613/701/613
f 614/702/614 581/703/581 615/704/615
f 615/704/615 581/703/581 584/705/584
f 581/703/581 614/702/614 583/706/583
f 583/706/583 614/702/614 616/707/616
f 616/707/616 617/708/617 583/706/583
f 583/706/583 617/708/617 587/709/587
f 584/705/584 588/710/588 615/704/615
f 615/704/615 588/710/588 618/711/618
f 587/709/587 617/708/617 590/712/590
f 590/712/590 617/708/617 619/713/619
f 619/713/619 620/714/620 590/712/590
f 590/712/590 620/714/620 592/715/592
f 620/714/620 621/716/621 592/715/592
f 592/715/592 621/716/621 594/717/594
f 594/717/594 621/716/621 596/718/596
f 596/718/596 621/716/621 622/719/622
f 588/710/588 598/720/598 618/711/618
f 618/711/618 598/720/598 623/721/623
f 596/718/596 622/719/622 600/722/600
f 600/722/600 622/719/622 624/723/624
f 598/720/598 602/724/602 623/721/623
f 623/721/623 602/724/602 625/725/625
f 600/722/600 624/723/624 604/726/604
f 604/726/604 624/723/624 626/727/626
f 602/724/602 606/728/606 625/725/625
f 625/725/625 606/728/606 627/729/627
f 604/726/604 626/727/626 608/730/608
f 608/730/608 626/727/626 628/731/628
f 606/728/606 611/732/611 627/729/627
f 627/729/627 611/732/611 629/733/629
f 608/730/608 628/731/628 613/734/613
f 613/734/613 628/731/628 630/735/630
f 580/668/580 582/670/582 543/631/543
f 582/670/582 586/674/586 546/634/546
f 586/674/586 591/679/591 545/633/545
f 591/679/591 593/681/593 540/628/540
f 515/603/515 516/604/516 585/673/585
f 585/673/585 516/604/516 589/677/589
f 521/609/521 595/683/595 522/610/522
f 522/610/522 595/683/595 597/685/597
f 589/677/589 516/604/516 599/687/599
f 599/687/599 516/604/516 523/611/523
f 597/685/597 601/689/601 522/610/522
f 522/610/522 601/689/601 527/615/527
f 599/687/599 523/611/523 603/691/603
f 603/691/603 523/611/523 528/616/528
f 601/689/601 605/693/605 527/615/527
f 527/615/527 605/693/605 532/620/532
f 603/691/603 528/616/528 607/695/607
f 607/695/607 528/616/528 533/621/533
f 605/693/605 609/697/609 532/620/532
f 532/620/532 609/697/609 537/625/537
f 607/695/607 533/621/533 610/698/610
f 538/626/538 610/698/610 534/622/534
f 534/622/534 610/698/610 533/621/533
f 537/625/537 609/697/609 612/700/612
f 540/628/540 593/681/593 521/609/521
f 521/609/521 593/681/593 595/683/595
f 543/631/543 515/603/515 580/668/580
f 580/668/580 515/603/515 585/673/585
f 545/633/545 591/679/591 539/627/539
f 539/627/539 591/679/591 540/628/540
f 546/634/546 542/630/542 582/670/582
f 582/670/582 542/630/542 543/631/543
f 586/674/586 545/633/545 544/632/544
f 586/674/586 544/632/544 546/634/546
f 538/626/538 536/624/536 612/700/612
f 612/700/612 536/624/536 537/625/537
f 614/702/614 576/664/576 616/707/616
f 616/707/616 579/667/579 617/708/617
f 617/708/617 578/666/578 619/713/619
f 619/713/619 573/661/573 620/714/620
f 618/711/618 547/635/547 615/704/615
f 615/704/615 547/635/547 549/637/549
f 555/643/555 556/644/556 621/716/621
f 621/716/621 556/644/556 622/719/622
f 618/711/618 623/721/623 547/635/547
f 547/635/547 623/721/623 557/645/557
f 561/649/561 624/723/624 556/644/556
f 556/644/556 624/723/624 622/719/622
f 623/721/623 625/725/625 557/645/557
f 557/645/557 625/725/625 562/650/562
f 566/654/566 626/727/626 561/649/561
f 561/649/561 626/727/626 624/723/624
f 625/725/625 627/729/627 562/650/562
f 562/650/562 627/729/627 567/655/567
f 571/659/571 628/731/628 566/654/566
f 566/654/566 628/731/628 626/727/626
f 627/729/627 629/733/629 567/655/567
f 568/656/568 631/736/631 569/657/569
f 571/659/571 630/735/630 628/731/628
f 573/661/573 555/643/555 620/714/620
f 620/714/620 555/643/555 621/716/621
f 615/704/615 549/637/549 614/702/614
f 614/702/614 549/637/549 576/664/576
f 578/666/578 572/660/572 619/713/619
f 619/713/619 572/660/572 573/661/573
f 576/664/576 575/663/575 616/707/616
f 616/707/616 575/663/575 579/667/579
f 617/708/617 577/665/577 578/666/578
f 617/708/617 579/667/579 577/665/577
f 632/737/632 570/658/570 569/657/569
f 613/734/613 630/735/630 633/738/633
f 633/738/633 630/735/630 632/737/632
f 571/659/571 570/658/570 630/735/630
f 630/735/630 570/658/570 632/737/632
f 567/655/567 629/733/629 568/656/568
f 568/656/568 629/733/629 631/736/631
f 611/732/611 634/739/634 629/733/629
f 629/733/629 634/739/634 631/736/631
f 611/699/611 610/698/610 634/740/634
f 634/740/634 610/698/610 538/626/538
f 612/700/612 613/701/613 538/626/538
f 538/626/538 613/701/613 633/741/633
f 538/626/538 635/742/635 634/740/634
f 634/740/634 635/742/635 636/743/636
f 569/657/569 637/744/637 632/737/632
f 632/737/632 637/744/637 638/745/638
f 538/626/538 633/741/633 635/742/635
f 635/742/635 633/741/633 639/746/639
f 569/657/569 631/736/631 637/744/637
f 637/744/637 631/736/631 640/747/640
f 632/737/632 638/745/638 633/738/633
f 633/738/633 638/745/638 639/748/639
f 631/736/631 634/739/634 640/747/640
f 640/747/640 634/739/634 636/749/636
f 641/750/641 642/751/642 643/752/643
f 643/752/643 642/751/642 644/753/644
f 645/754/645 646/755/646 641/750/641
f 641/750/641 646/755/646 642/751/642
f 645/754/645 647/756/647 646/755/646
f 646/755/646 647/756/647 648/757/648
f 647/756/647 649/758/649 648/757/648
f 648/757/648 649/758/649 650/759/650
f 644/753/644 642/751/642 651/760/651
f 651/760/651 642/751/642 652/761/652
f 646/755/646 653/762/653 642/751/642
f 642/751/642 653/762/653 652/761/652
f 646/755/646 648/757/648 653/762/653
f 653/762/653 648/757/648 654/763/654
f 650/759/650 655/764/655 648/757/648
f 648/757/648 655/764/655 654/763/654
f 651/760/651 652/761/652 656/765/656
f 656/765/656 652/761/652 657/766/657
f 652/761/652 653/762/653 657/766/657
f 657/766/657 653/762/653 658/767/658
f 654/763/654 659/768/659 653/762/653
f 653/762/653 659/768/659 658/767/658
f 655/764/655 660/769/660 654/763/654
f 654/763/654 660/769/660 659/768/659
f 656/765/656 657/766/657 661/770/661
f 661/770/661 657/766/657 662/771/662
f 657/766/657 658/767/658 662/771/662
f 662/771/662 658/767/658 663/772/663
f 659/768/659 664/773/664 658/767/658
f 658/767/658 664/773/664 663/772/663
f 660/769/660 665/774/665 659/768/659
f 659/768/659 665/774/665 664/773/664
f 666/775/666 663/772/663 664/773/664
f 667/776/667 668/777/668 647/756/647
f 647/756/647 668/777/668 649/758/649
f 669/778/669 667/776/667 645/754/645
f 645/754/645 667/776/667 647/756/647
f 669/778/669 645/754/645 670/779/670
f 670/779/670 645/754/645 641/750/641
f 670/779/670 641/750/641 671/780/671
f 671/780/671 641/750/641 643/752/643
f 672/781/672 673/782/673 669/778/669
f 669/778/669 673/782/673 667/776/667
f 672/781/672 669/778/669 674/783/674
f 674/783/674 669/778/669 670/779/670
f 666/775/666 662/771/662 663/772/663
f 675/784/675 676/785/676 677/786/677
f 677/786/677 676/785/676 678/787/678
f 676/785/676 679/788/679 678/787/678
f 678/787/678 679/788/679 680/789/680
f 680/789/680 679/788/679 681/790/681
f 681/790/681 679/788/679 682/791/682
f 681/790/681 682/791/682 683/792/683
f 683/792/683 682/791/682 684/793/684
f 675/784/675 685/794/685 676/785/676
f 676/785/676 685/794/685 686/795/686
f 686/795/686 687/796/687 676/785/676
f 676/785/676 687/796/687 679/788/679
f 679/788/679 687/796/687 682/791/682
f 682/791/682 687/796/687 688/797/688
f 688/797/688 689/798/689 682/791/682
f 682/791/682 689/798/689 684/793/684
f 685/794/685 690/799/690 686/795/686
f 686/795/686 690/799/690 691/800/691
f 686/795/686 691/800/691 687/796/687
f 687/796/687 691/800/691 692/801/692
f 692/801/692 693/802/693 687/796/687
f 687/796/687 693/802/693 688/797/688
f 693/802/693 694/803/694 688/797/688
f 688/797/688 694/803/694 689/798/689
f 690/799/690 695/804/695 691/800/691
f 691/800/691 695/804/695 696/805/696
f 691/800/691 696/805/696 692/801/692
f 692/801/692 696/805/696 697/806/697
f 697/806/697 698/807/698 692/801/692
f 692/801/692 698/807/698 693/802/693
f 698/807/698 699/808/699 693/802/693
f 693/802/693 699/808/699 694/803/694
f 700/809/700 681/790/681 701/810/701
f 701/810/701 681/790/681 683/792/683
f 702/811/702 680/789/680 700/809/700
f 700/809/700 680/789/680 681/790/681
f 678/787/678 680/789/680 703/812/703
f 703/812/703 680/789/680 702/811/702
f 677/786/677 678/787/678 704/813/704
f 704/813/704 678/787/678 703/812/703
f 705/814/705 702/811/702 706/815/706
f 706/815/706 702/811/702 700/809/700
f 703/812/703 702/811/702 707/816/707
f 707/816/707 702/811/702 705/814/705
f 708/817/708 709/818/709 710/819/710
f 710/819/710 709/818/709 711/820/711
f 709/818/709 708/817/708 712/821/712
f 712/821/712 708/817/708 713/822/713
f 710/819/710 711/820/711 714/823/714
f 714/823/714 711/820/711 715/824/715
f 712/821/712 713/822/713 716/825/716
f 716/825/716 713/822/713 717/826/717
f 715/824/715 718/827/718 714/823/714
f 714/823/714 718/827/718 719/828/719
f 718/827/718 720/829/720 719/828/719
f 719/828/719 720/829/720 721/830/721
f 720/829/720 722/831/722 721/830/721
f 721/830/721 722/831/722 723/832/723
f 722/831/722 724/833/724 723/832/723
f 723/832/723 724/833/724 725/834/725
f 716/825/716 717/826/717 726/835/726
f 726/835/726 717/826/717 727/836/727
f 724/833/724 728/837/728 725/834/725
f 725/834/725 728/837/728 729/838/729
f 726/835/726 727/836/727 730/839/730
f 730/839/730 727/836/727 731/840/731
f 728/837/728 732/841/732 729/838/729
f 729/838/729 732/841/732 733/842/733
f 730/839/730 731/840/731 734/843/734
f 734/843/734 731/840/731 735/844/735
f 732/841/732 736/845/736 733/842/733
f 733/842/733 736/845/736 737/846/737
f 735/844/735 738/847/738 734/843/734
f 734/843/734 738/847/738 739/848/739
f 737/846/737 736/845/736 740/849/740
f 740/849/740 736/845/736 741/850/741
f 742/851/742 709/852/709 743/853/743
f 743/853/743 709/852/709 712/854/712
f 709/852/709 742/851/742 711/855/711
f 711/855/711 742/851/742 744/856/744
f 744/856/744 745/857/745 711/855/711
f 711/855/711 745/857/745 715/858/715
f 712/854/712 716/859/716 743/853/743
f 743/853/743 716/859/716 746/860/746
f 715/858/715 745/857/745 718/861/718
f 718/861/718 745/857/745 747/862/747
f 747/862/747 748/863/748 718/861/718
f 718/861/718 748/863/748 720/864/720
f 748/863/748 749/865/749 720/864/720
f 720/864/720 749/865/749 722/866/722
f 722/866/722 749/865/749 724/867/724
f 724/867/724 749/865/749 750/868/750
f 716/859/716 726/869/726 746/860/746
f 746/860/746 726/869/726 751/870/751
f 724/867/724 750/868/750 728/871/728
f 728/871/728 750/868/750 752/872/752
f 726/869/726 730/873/730 751/870/751
f 751/870/751 730/873/730 753/874/753
f 728/871/728 752/872/752 732/875/732
f 732/875/732 752/872/752 754/876/754
f 730/873/730 734/877/734 753/874/753
f 753/874/753 734/877/734 755/878/755
f 732/875/732 754/876/754 736/879/736
f 736/879/736 754/876/754 756/880/756
f 734/877/734 739/881/739 755/878/755
f 755/878/755 739/881/739 757/882/757
f 736/879/736 756/880/756 741/883/741
f 741/883/741 756/880/756 758/884/758
f 708/817/708 710/819/710 671/780/671
f 710/819/710 714/823/714 674/783/674
f 714/823/714 719/828/719 673/782/673
f 719/828/719 721/830/721 668/777/668
f 643/752/643 644/753/644 713/822/713
f 713/822/713 644/753/644 717/826/717
f 649/758/649 723/832/723 650/759/650
f 650/759/650 723/832/723 725/834/725
f 717/826/717 644/753/644 727/836/727
f 727/836/727 644/753/644 651/760/651
f 725/834/725 729/838/729 650/759/650
f 650/759/650 729/838/729 655/764/655
f 727/836/727 651/760/651 731/840/731
f 731/840/731 651/760/651 656/765/656
f 729/838/729 733/842/733 655/764/655
f 655/764/655 733/842/733 660/769/660
f 731/840/731 656/765/656 735/844/735
f 735/844/735 656/765/656 661/770/661
f 733/842/733 737/846/737 660/769/660
f 660/769/660 737/846/737 665/774/665
f 735/844/735 661/770/661 738/847/738
f 666/775/666 738/847/738 662/771/662
f 662/771/662 738/847/738 661/770/661
f 665/774/665 737/846/737 740/849/740
f 668/777/668 721/830/721 649/758/649
f 649/758/649 721/830/721 723/832/723
f 671/780/671 643/752/643 708/817/708
f 708/817/708 643/752/643 713/822/713
f 673/782/673 719/828/719 667/776/667
f 667/776/667 719/828/719 668/777/668
f 674/783/674 670/779/670 710/819/710
f 710/819/710 670/779/670 671/780/671
f 714/823/714 673/782/673 672/781/672
f 714/823/714 672/781/672 674/783/674
f 666/775/666 664/773/664 740/849/740
f 740/849/740 664/773/664 665/774/665
f 742/851/742 704/813/704 744/856/744
f 744/856/744 707/816/707 745/857/745
f 745/857/745 706/815/706 747/862/747
f 747/862/747 701/810/701 748/863/748
f 746/860/746 675/784/675 743/853/743
f 743/853/743 675/784/675 677/786/677
f 683/792/683 684/793/684 749/865/749
f 749/865/749 684/793/684 750/868/750
f 746/860/746 751/870/751 675/784/675
f 675/784/675 751/870/751 685/794/685
f 689/798/689 752/872/752 684/793/684
f 684/793/684 752/872/752 750/868/750
f 751/870/751 753/874/753 685/794/685
f 685/794/685 753/874/753 690/799/690
f 694/803/694 754/876/754 689/798/689
f 689/798/689 754/876/754 752/872/752
f 753/874/753 755/878/755 690/799/690
f 690/799/690 755/878/755 695/804/695
f 699/808/699 756/880/756 694/803/694
f 694/803/694 756/880/756 754/876/754
f 755/878/755 757/882/757 695/804/695
f 696/805/696 759/885/759 697/806/697
f 699/808/699 758/884/758 756/880/756
f 701/810/701 683/792/683 748/863/748
f 748/863/748 683/792/683 749/865/749
f 743/853/743 677/786/677 742/851/742
f 742/851/742 677/786/677 704/813/704
f 706/815/706 700/809/700 747/862/747
f 747/862/747 700/809/700 701/810/701
f 704/813/704 703/812/703 744/856/744
f 744/856/744 703/812/703 707/816/707
f 745/857/745 705/814/705 706/815/706
f 745/857/745 707/816/707 705/814/705
f 760/886/760 698/807/698 697/806/697
f 741/883/741 758/884/758 761/887/761
f 761/887/761 758/884/758 760/886/760
f 699/808/699 698/807/698 758/884/758
f 758/884/758 698/807/698 760/886/760
f 695/804/695 757/882/757 696/805/696
f 696/805/696 757/882/757 759/885/759
f 739/881/739 762/888/762 757/882/757
f 757/882/757 762/888/762 759/885/759
f 739/848/739 738/847/738 762/889/762
f 762/889/762 738/847/738 666/775/666
f 740/849/740 741/850/741 666/775/666
f 666/775/666 741/850/741 761/890/761
f 666/775/666 763/891/763 762/889/762
f 762/889/762 763/891/763 764/892/764
f 697/806/697 765/893/765 760/886/760
f 760/886/760 765/893/765 766/894/766
f 666/775/666 761/890/761 763/891/763
f 763/891/763 761/890/761 767/895/767
f 697/806/697 759/885/759 765/893/765
f 765/893/765 759/885/759 768/896/768
f 760/886/760 766/894/766 761/887/761
f 761/887/761 766/894/766 767/897/767
f 759/885/759 762/888/762 768/896/768
f 768/896/768 762/888/762 764/898/764
f 769/899/769 770/900/770 771/901/771
f 771/901/771 770/900/770 772/902/772
f 773/903/773 774/904/774 769/899/769
f 769/899/769 774/904/774 770/900/770
f 773/903/773 775/905/775 774/904/774
f 774/904/774 775/905/775 776/906/776
f 775/905/775 777/907/777 776/906/776
f 776/906/776 777/907/777 778/908/778
f 772/902/772 770/900/770 779/909/779
f 779/909/779 770/900/770 780/910/780
f 774/904/774 781/911/781 770/900/770
f 770/900/770 781/911/781 780/910/780
f 774/904/774 776/906/776 781/911/781
f 781/911/781 776/906/776 782/912/782
f 778/908/778 783/913/783 776/906/776
f 776/906/776 783/913/783 782/912/782
f 779/909/779 780/910/780 784/914/784
f 784/914/784 780/910/780 785/915/785
f 780/910/780 781/911/781 785/915/785
f 785/915/785 781/911/781 786/916/786
f 782/912/782 787/917/787 781/911/781
f 781/911/781 787/917/787 786/916/786
f 783/913/783 788/918/788 782/912/782
f 782/912/782 788/918/788 787/917/787
f 784/914/784 785/915/785 789/919/789
f 789/919/789 785/915/785 790/920/790
f 785/915/785 786/916/786 790/920/790
f 790/920/790 786/916/786 791/921/791
f 787/917/787 792/922/792 786/916/786
f 786/916/786 792/922/792 791/921/791
f 788/918/788 793/923/793 787/917/787
f 787/917/787 793/923/793 792/922/792
f 794/924/794 791/921/791 792/922/792
f 795/925/795 796/926/796 775/905/775
f 775/905/775 796/926/796 777/907/777
f 797/927/797 795/925/795 773/903/773
f 773/903/773 795/925/795 775/905/775
f 797/927/797 773/903/773 798/928/798
f 798/928/798 773/903/773 769/899/769
f 798/928/798 769/899/769 799/929/799
f 799/929/799 769/899/769 771/901/771
f 800/930/800 801/931/801 797/927/797
f 797/927/797 801/931/801 795/925/795
f 800/930/800 797/927/797 802/932/802
f 802/932/802 797/927/797 798/928/798
f 794/924/794 790/920/790 791/921/791
f 803/933/803 804/934/804 805/935/805
f 805/935/805 804/934/804 806/936/806
f 804/934/804 807/937/807 806/936/806
f 806/936/806 807/937/807 808/938/808
f 808/938/808 807/937/807 809/939/809
f 809/939/809 807/937/807 810/940/810
f 809/939/809 810/940/810 811/941/811
f 811/941/811 810/940/810 812/942/812
f 803/933/803 813/943/813 804/934/804
f 804/934/804 813/943/813 814/944/814
f 814/944/814 815/945/815 804/934/804
f 804/934/804 815/945/815 807/937/807
f 807/937/807 815/945/815 810/940/810
f 810/940/810 815/945/815 816/946/816
f 816/946/816 817/947/817 810/940/810
f 810/940/810 817/947/817 812/942/812
f 813/943/813 818/948/818 814/944/814
f 814/944/814 818/948/818 819/949/819
f 814/944/814 819/949/819 815/945/815
f 815/945/815 819/949/819 820/950/820
f 820/950/820 821/951/821 815/945/815
f 815/945/815 821/951/821 816/946/816
f 821/951/821 822/952/822 816/946/816
f 816/946/816 822/952/822 817/947/817
f 818/948/818 823/953/823 819/949/819
f 819/949/819 823/953/823 824/954/824
f 819/949/819 824/954/824 820/950/820
f 820/950/820 824/954/824 825/955/825
f 825/955/825 826/956/826 820/950/820
f 820/950/820 826/956/826 821/951/821
f 826/956/826 827/957/827 821/951/821
f 821/951/821 827/957/827 822/952/822
f 828/958/828 809/939/809 829/959/829
f 829/959/829 809/939/809 811/941/811
f 830/960/830 808/938/808 828/958/828
f 828/958/828 808/938/808 809/939/809
f 806/936/806 808/938/808 831/961/831
f 831/961/831 808/938/808 830/960/830
f 805/935/805 806/936/806 832/962/832
f 832/962/832 806/936/806 831/961/831
f 833/963/833 830/960/830 834/964/834
f 834/964/834 830/960/830 828/958/828
f 831/961/831 830/960/830 835/965/835
f 835/965/835 830/960/830 833/963/833
f 836/966/836 837/967/837 838/968/838
f 838/968/838 837/967/837 839/969/839
f 837/967/837 836/966/836 840/970/840
f 840/970/840 836/966/836 841/971/841
f 838/968/838 839/969/839 842/972/842
f 842/972/842 839/969/839 843/973/843
f 840/970/840 841/971/841 844/974/844
f 844/974/844 841/971/841 845/975/845
f 843/973/843 846/976/846 842/972/842
f 842/972/842 846/976/846 847/977/847
f 846/976/846 848/978/848 847/977/847
f 847/977/847 848/978/848 849/979/849
f 848/978/848 850/980/850 849/979/849
f 849/979/849 850/980/850 851/981/851
f 850/980/850 852/982/852 851/981/851
f 851/981/851 852/982/852 853/983/853
f 844/974/844 845/975/845 854/984/854
f 854/984/854 845/975/845 855/985/855
f 852/982/852 856/986/856 853/983/853
f 853/983/853 856/986/856 857/987/857
f 854/984/854 855/985/855 858/988/858
f 858/988/858 855/985/855 859/989/859
f 856/986/856 860/990/860 857/987/857
f 857/987/857 860/990/860 861/991/861
f 858/988/858 859/989/859 862/992/862
f 862/992/862 859/989/859 863/993/863
f 860/990/860 864/994/864 861/991/861
f 861/991/861 864/994/864 865/995/865
f 863/993/863 866/996/866 862/992/862
f 862/992/862 866/996/866 867/997/867
f 865/995/865 864/994/864 868/998/868
f 868/998/868 864/994/864 869/999/869
f 870/1000/870 837/1001/837 871/1002/871
f 871/1002/871 837/1001/837 840/1003/840
f 837/1001/837 870/1000/870 839/1004/839
f 839/1004/839 870/1000/870 872/1005/872
f 872/1005/872 873/1006/873 839/1004/839
f 839/1004/839 873/1006/873 843/1007/843
f 840/1003/840 844/1008/844 871/1002/871
f 871/1002/871 844/1008/844 874/1009/874
f 843/1007/843 873/1006/873 846/1010/846
f 846/1010/846 873/1006/873 875/1011/875
f 875/1011/875 876/1012/876 846/1010/846
f 846/1010/846 876/1012/876 848/1013/848
f 876/1012/876 877/1014/877 848/1013/848
f 848/1013/848 877/1014/877 850/1015/850
f 850/1015/850 877/1014/877 852/1016/852
f 852/1016/852 877/1014/877 878/1017/878
f 844/1008/844 854/1018/854 874/1009/874
f 874/1009/874 854/1018/854 879/1019/879
f 852/1016/852 878/1017/878 856/1020/856
f 856/1020/856 878/1017/878 880/1021/880
f 854/1018/854 858/1022/858 879/1019/879
f 879/1019/879 858/1022/858 881/1023/881
f 856/1020/856 880/1021/880 860/1024/860
f 860/1024/860 880/1021/880 882/1025/882
f 858/1022/858 862/1026/862 881/1023/881
f 881/1023/881 862/1026/862 883/1027/883
f 860/1024/860 882/1025/882 864/1028/864
f 864/1028/864 882/1025/882 884/1029/884
f 862/1026/862 867/1030/867 883/1027/883
f 883/1027/883 867/1030/867 885/1031/885
f 864/1028/864 884/1029/884 869/1032/869
f 869/1032/869 884/1029/884 886/1033/886
f 836/966/836 838/968/838 799/929/799
f 838/968/838 842/972/842 802/932/802
f 842/972/842 847/977/847 801/931/801
f 847/977/847 849/979/849 796/926/796
f 771/901/771 772/902/772 841/971/841
f 841/971/841 772/902/772 845/975/845
f 777/907/777 851/981/851 778/908/778
f 778/908/778 851/981/851 853/983/853
f 845/975/845 772/902/772 855/985/855
f 855/985/855 772/902/772 779/909/779
f 853/983/853 857/987/857 778/908/778
f 778/908/778 857/987/857 783/913/783
f 855/985/855 779/909/779 859/989/859
f 859/989/859 779/909/779 784/914/784
f 857/987/857 861/991/861 783/913/783
f 783/913/783 861/991/861 788/918/788
f 859/989/859 784/914/784 863/993/863
f 863/993/863 784/914/784 789/919/789
f 861/991/861 865/995/865 788/918/788
f 788/918/788 865/995/865 793/923/793
f 863/993/863 789/919/789 866/996/866
f 794/924/794 866/996/866 790/920/790
f 790/920/790 866/996/866 789/919/789
f 793/923/793 865/995/865 868/998/868
f 796/926/796 849/979/849 777/907/777
f 777/907/777 849/979/849 851/981/851
f 799/929/799 771/901/771 836/966/836
f 836/966/836 771/901/771 841/971/841
f 801/931/801 847/977/847 795/925/795
f 795/925/795 847/977/847 796/926/796
f 802/932/802 798/928/798 838/968/838
f 838/968/838 798/928/798 799/929/799
f 842/972/842 801/931/801 800/930/800
f 842/972/842 800/930/800 802/932/802
f 794/924/794 792/922/792 868/998/868
f 868/998/868 792/922/792 793/923/793
f 870/1000/870 832/962/832 872/1005/872
f 872/1005/872 835/965/835 873/1006/873
f 873/1006/873 834/964/834 875/1011/875
f 875/1011/875 829/959/829 876/1012/876
f 874/1009/874 803/933/803 871/1002/871
f 871/1002/871 803/933/803 805/935/805
f 811/941/811 812/942/812 877/1014/877
f 877/1014/877 812/942/812 878/1017/878
f 874/1009/874 879/1019/879 803/933/803
f 803/933/803 879/1019/879 813/943/813
f 817/947/817 880/1021/880 812/942/812
f 812/942/812 880/1021/880 878/1017/878
f 879/1019/879 881/1023/881 813/943/813
f 813/943/813 881/1023/881 818/948/818
f 822/952/822 882/1025/882 817/947/817
f 817/947/817 882/1025/882 880/1021/880
f 881/1023/881 883/1027/883 818/948/818
f 818/948/818 883/1027/883 823/953/823
f 827/957/827 884/1029/884 822/952/822
f 822/952/822 884/1029/884 882/1025/882
f 883/1027/883 885/1031/885 823/953/823
f 824/954/824 887/1034/887 825/955/825
f 827/957/827 886/1033/886 884/1029/884
f 829/959/829 811/941/811 876/1012/876
f 876/1012/876 811/941/811 877/1014/877
f 871/1002/871 805/935/805 870/1000/870
f 870/1000/870 805/935/805 832/962/832
f 834/964/834 828/958/828 875/1011/875
f 875/1011/875 828/958/828 829/959/829
f 832/962/832 831/961/831 872/1005/872
f 872/1005/872 831/961/831 835/965/835
f 873/1006/873 833/963/833 834/964/834
f 873/1006/873 835/965/835 833/963/833
f 888/1035/888 826/956/826 825/955/825
f 869/1032/869 886/1033/886 889/1036/889
f 889/1036/889 886/1033/886 888/1035/888
f 827/957/827 826/956/826 886/1033/886
f 886/1033/886 826/956/826 888/1035/888
f 823/953/823 885/1031/885 824/954/824
f 824/954/824 885/1031/885 887/1034/887
f 867/1030/867 890/1037/890 885/1031/885
f 885/1031/885 890/1037/890 887/1034/887
f 867/997/867 866/996/866 890/1038/890
f 890/1038/890 866/996/866 794/924/794
f 868/998/868 869/999/869 794/924/794
f 794/924/794 869/999/869 889/1039/889
f 794/924/794 891/1040/891 890/1038/890
f 890/1038/890 891/1040/891 892/1041/892
f 825/955/825 893/1042/893 888/1035/888
f 888/1035/888 893/1042/893 894/1043/894
f 794/924/794 889/1039/889 891/1040/891
f 891/1040/891 889/1039/889 895/1044/895
f 825/955/825 887/1034/887 893/1042/893
f 893/1042/893 887/1034/887 896/1045/896
f 888/1035/888 894/1043/894 889/1036/889
f 889/1036/889 894/1043/894 895/1046/895
f 887/1034/887 890/1037/890 896/1045/896
f 896/1045/896 890/1037/890 892/1047/892
f 897/1048/897 898/1049/898 899/1050/899
f 899/1050/899 898/1049/898 900/1051/900
f 901/1052/901 902/1053/902 897/1048/897
f 897/1048/897 902/1053/902 898/1049/898
f 901/1052/901 903/1054/903 902/1053/902
f 902/1053/902 903/1054/903 904/1055/904
f 903/1054/903 905/1056/905 904/1055/904
f 904/1055/904 905/1056/905 906/1057/906
f 900/1051/900 898/1049/898 907/1058/907
f 907/1058/907 898/1049/898 908/1059/908
f 902/1053/902 909/1060/909 898/1049/898
f 898/1049/898 909/1060/909 908/1059/908
f 902/1053/902 904/1055/904 909/1060/909
f 909/1060/909 904/1055/904 910/1061/910
f 906/1057/906 911/1062/911 904/1055/904
f 904/1055/904 911/1062/911 910/1061/910
f 907/1058/907 908/1059/908 912/1063/912
f 912/1063/912 908/1059/908 913/1064/913
f 908/1059/908 909/1060/909 913/1064/913
f 913/1064/913 909/1060/909 914/1065/914
f 910/1061/910 915/1066/915 909/1060/909
f 909/1060/909 915/1066/915 914/1065/914
f 911/1062/911 916/1067/916 910/1061/910
f 910/1061/910 916/1067/916 915/1066/915
f 912/1063/912 913/1064/913 917/1068/917
f 917/1068/917 913/1064/913 918/1069/918
f 913/1064/913 914/1065/914 918/1069/918
f 918/1069/918 914/1065/914 919/1070/919
f 915/1066/915 920/1071/920 914/1065/914
f 914/1065/914 920/1071/920 919/1070/919
f 916/1067/916 921/1072/921 915/1066/915
f 915/1066/915 921/1072/921 920/1071/920
f 922/1073/922 919/1070/919 920/1071/920
f 923/1074/923 924/1075/924 903/1054/903
f 903/1054/903 924/1075/924 905/1056/905
f 925/1076/925 923/1074/923 901/1052/901
f 901/1052/901 923/1074/923 903/1054/903
f 925/1076/925 901/1052/901 926/1077/926
f 926/1077/926 901/1052/901 897/1048/897
f 926/1077/926 897/1048/897 927/1078/927
f 927/1078/927 897/1048/897 899/1050/899
f 928/1079/928 929/1080/929 925/1076/925
f 925/1076/925 929/1080/929 923/1074/923
f 928/1079/928 925/1076/925 930/1081/930
f 930/1081/930 925/1076/925 926/1077/926
f 922/1073/922 918/1069/918 919/1070/919
f 931/1082/931 932/1083/932 933/1084/933
f 933/1084/933 932/1083/932 934/1085/934
f 932/1083/932 935/1086/935 934/1085/934
f 934/1085/934 935/1086/935 936/1087/936
f 936/1087/936 935/1086/935 937/1088/937
f 937/1088/937 935/1086/935 938/1089/938
f 937/1088/937 938/1089/938 939/1090/939
f 939/1090/939 938/1089/938 940/1091/940
f 931/1082/931 941/1092/941 932/1083/932
f 932/1083/932 941/1092/941 942/1093/942
f 942/1093/942 943/1094/943 932/1083/932
f 932/1083/932 943/1094/943 935/1086/935
f 935/1086/935 943/1094/943 938/1089/938
f 938/1089/938 943/1094/943 944/1095/944
f 944/1095/944 945/1096/945 938/1089/938
f 938/1089/938 945/1096/945 940/1091/940
f 941/1092/941 946/1097/946 942/1093/942
f 942/1093/942 946/1097/946 947/1098/947
f 942/1093/942 947/1098/947 943/1094/943
f 943/1094/943 947/1098/947 948/1099/948
f 948/1099/948 949/1100/949 943/1094/943
f 943/1094/943 949/1100/949 944/1095/944
f 949/1100/949 950/1101/950 944/1095/944
f 944/1095/944 950/1101/950 945/1096/945
f 946/1097/946 951/1102/951 947/1098/947
f 947/1098/947 951/1102/951 952/1103/952
f 947/1098/947 952/1103/952 948/1099/948
f 948/1099/948 952/1103/952 953/1104/953
f 953/1104/953 954/1105/954 948/1099/948
f 948/1099/948 954/1105/954 949/1100/949
f 954/1105/954 955/1106/955 949/1100/949
f 949/1100/949 955/1106/955 950/1101/950
f 956/1107/956 937/1088/937 957/1108/957
f 957/1108/957 937/1088/937 939/1090/939
f 958/1109/958 936/1087/936 956/1107/956
f 956/1107/956 936/1087/936 937/1088/937
f 934/1085/934 936/1087/936 959/1110/959
f 959/1110/959 936/1087/936 958/1109/958
f 933/1084/933 934/1085/934 960/1111/960
f 960/1111/960 934/1085/934 959/1110/959
f 961/1112/961 958/1109/958 962/1113/962
f 962/1113/962 958/1109/958 956/1107/956
f 959/1110/959 958/1109/958 963/1114/963
f 963/1114/963 958/1109/958 961/1112/961
f 964/1115/964 965/1116/965 966/1117/966
f 966/1117/966 965/1116/965 967/1118/967
f 965/1116/965 964/1115/964 968/1119/968
f 968/1119/968 964/1115/964 969/1120/969
f 966/1117/966 967/1118/967 970/1121/970
f 970/1121/970 967/1118/967 971/1122/971
f 968/1119/968 969/1120/969 972/1123/972
f 972/1123/972 969/1120/969 973/1124/973
f 971/1122/971 974/1125/974 970/1121/970
f 970/1121/970 974/1125/974 975/1126/975
f 974/1125/974 976/1127/976 975/1126/975
f 975/1126/975 976/1127/976 977/1128/977
f 976/1127/976 978/1129/978 977/1128/977
f 977/1128/977 978/1129/978 979/1130/979
f 978/1129/978 980/1131/980 979/1130/979
f 979/1130/979 980/1131/980 981/1132/981
f 972/1123/972 973/1124/973 982/1133/982
f 982/1133/982 973/1124/973 983/1134/983
f 980/1131/980 984/1135/984 981/1132/981
f 981/1132/981 984/1135/984 985/1136/985
f 982/1133/982 983/1134/983 986/1137/986
f 986/1137/986 983/1134/983 987/1138/987
f 984/1135/984 988/1139/988 985/1136/985
f 985/1136/985 988/1139/988 989/1140/989
f 986/1137/986 987/1138/987 990/1141/990
f 990/1141/990 987/1138/987 991/1142/991
f 988/1139/988 992/1143/992 989/1140/989
f 989/1140/989 992/1143/992 993/1144/993
f 991/1142/991 994/1145/994 990/1141/990
f 990/1141/990 994/1145/994 995/1146/995
f 993/1144/993 992/1143/992 996/1147/996
f 996/1147/996 992/1143/992 997/1148/997
f 998/1149/998 965/1150/965 999/1151/999
f 999/1151/999 965/1150/965 968/1152/968
f 965/1150/965 998/1149/998 967/1153/967
f 967/1153/967 998/1149/998 1000/1154/1000
f 1000/1154/1000 1001/1155/1001 967/1153/967
f 967/1153/967 1001/1155/1001 971/1156/971
f 968/1152/968 972/1157/972 999/1151/999
f 999/1151/999 972/1157/972 1002/1158/1002
f 971/1156/971 1001/1155/1001 974/1159/974
f 974/1159/974 1001/1155/1001 1003/1160/1003
f 1003/1160/1003 1004/1161/1004 974/1159/974
f 974/1159/974 1004/1161/1004 976/1162/976
f 1004/1161/1004 1005/1163/1005 976/1162/976
f 976/1162/976 1005/1163/1005 978/1164/978
f 978/1164/978 1005/1163/1005 980/1165/980
f 980/1165/980 1005/1163/1005 1006/1166/1006
f 972/1157/972 982/1167/982 1002/1158/1002
f 1002/1158/1002 982/1167/982 1007/1168/1007
f 980/1165/980 1006/1166/1006 984/1169/984
f 984/1169/984 1006/1166/1006 1008/1170/1008
f 982/1167/982 986/1171/986 1007/1168/1007
f 1007/1168/1007 986/1171/986 1009/1172/1009
f 984/1169/984 1008/1170/1008 988/1173/988
f 988/1173/988 1008/1170/1008 1010/1174/1010
f 986/1171/986 990/1175/990 1009/1172/1009
f 1009/1172/1009 990/1175/990 1011/1176/1011
f 988/1173/988 1010/1174/1010 992/1177/992
f 992/1177/992 1010/1174/1010 1012/1178/1012
f 990/1175/990 995/1179/995 1011/1176/1011
f 1011/1176/1011 995/1179/995 1013/1180/1013
f 992/1177/992 1012/1178/1012 997/1181/997
f 997/1181/997 1012/1178/1012 1014/1182/1014
f 964/1115/964 966/1117/966 927/1078/927
f 966/1117/966 970/1121/970 930/1081/930
f 970/1121/970 975/1126/975 929/1080/929
f 975/1126/975 977/1128/977 924/1075/924
f 899/1050/899 900/1051/900 969/1120/969
f 969/1120/969 900/1051/900 973/1124/973
f 905/1056/905 979/1130/979 906/1057/906
f 906/1057/906 979/1130/979 981/1132/981
f 973/1124/973 900/1051/900 983/1134/983
f 983/1134/983 900/1051/900 907/1058/907
f 981/1132/981 985/1136/985 906/1057/906
f 906/1057/906 985/1136/985 911/1062/911
f 983/1134/983 907/1058/907 987/1138/987
f 987/1138/987 907/1058/907 912/1063/912
f 985/1136/985 989/1140/989 911/1062/911
f 911/1062/911 989/1140/989 916/1067/916
f 987/1138/987 912/1063/912 991/1142/991
f 991/1142/991 912/1063/912 917/1068/917
f 989/1140/989 993/1144/993 916/1067/916
f 916/1067/916 993/1144/993 921/1072/921
f 991/1142/991 917/1068/917 994/1145/994
f 922/1073/922 994/1145/994 918/1069/918
f 918/1069/918 994/1145/994 917/1068/917
f 921/1072/921 993/1144/993 996/1147/996
f 924/1075/924 977/1128/977 905/1056/905
f 905/1056/905 977/1128/977 979/1130/979
f 927/1078/927 899/1050/899 964/1115/964
f 964/1115/964 899/1050/899 969/1120/969
f 929/1080/929 975/1126/975 923/1074/923
f 923/1074/923 975/1126/975 924/1075/924
f 930/1081/930 926/1077/926 966/1117/966
f 966/1117/966 926/1077/926 927/1078/927
f 970/1121/970 929/1080/929 928/1079/928
f 970/1121/970 928/1079/928 930/1081/930
f 922/1073/922 920/1071/920 996/1147/996
f 996/1147/996 920/1071/920 921/1072/921
f 998/1149/998 960/1111/960 1000/1154/1000
f 1000/1154/1000 963/1114/963 1001/1155/1001
f 1001/1155/1001 962/1113/962 1003/1160/1003
f 1003/1160/1003 957/1108/957 1004/1161/1004
f 1002/1158/1002 931/1082/931 999/1151/999
f 999/1151/999 931/1082/931 933/1084/933
f 939/1090/939 940/1091/940 1005/1163/1005
f 1005/1163/1005 940/1091/940 1006/1166/1006
f 1002/1158/1002 1007/1168/1007 931/1082/931
f 931/1082/931 1007/1168/1007 941/1092/941
f 945/1096/945 1008/1170/1008 940/1091/940
f 940/1091/940 1008/1170/1008 1006/1166/1006
f 1007/1168/1007 1009/1172/1009 941/1092/941
f 941/1092/941 1009/1172/1009 946/1097/946
f 950/1101/950 1010/1174/1010 945/1096/945
f 945/1096/945 1010/1174/1010 1008/1170/1008
f 1009/1172/1009 1011/1176/1011 946/1097/946
f 946/1097/946 1011/1176/1011 951/1102/951
f 955/1106/955 1012/1178/1012 950/1101/950
f 950/1101/950 1012/1178/1012 1010/1174/1010
f 1011/1176/1011 1013/1180/1013 951/1102/951
f 952/1103/952 1015/1183/1015 953/1104/953
f 955/1106/955 1014/1182/1014 1012/1178/1012
f 957/1108/957 939/1090/939 1004/1161/1004
f 1004/1161/1004 939/1090/939 1005/1163/1005
f 999/1151/999 933/1084/933 998/1149/998
f 998/1149/998 933/1084/933 960/1111/960
f 962/1113/962 956/1107/956 1003/1160/1003
f 1003/1160/1003 956/1107/956 957/1108/957
f 960/1111/960 959/1110/959 1000/1154/1000
f 1000/1154/1000 959/1110/959 963/1114/963
f 1001/1155/1001 961/1112/961 962/1113/962
f 1001/1155/1001 963/1114/963 961/1112/961
f 1016/1184/1016 954/1105/954 953/1104/953
f 997/1181/997 1014/1182/1014 1017/1185/1017
f 1017/1185/1017 1014/1182/1014 1016/1184/1016
f 955/1106/955 954/1105/954 1014/1182/1014
f 1014/1182/1014 954/1105/954 1016/1184/1016
f 951/1102/951 1013/1180/1013 952/1103/952
f 952/1103/952 1013/1180/1013 1015/1183/1015
f 995/1179/995 1018/1186/1018 1013/1180/1013
f 1013/1180/1013 1018/1186/1018 1015/1183/1015
f 995/1146/995 994/1145/994 1018/1187/1018
f 1018/1187/1018 994/1145/994 922/1073/922
f 996/1147/996 997/1148/997 922/1073/922
f 922/1073/922 997/1148/997 1017/1188/1017
f 922/1073/922 1019/1189/1019 1018/1187/1018
f 1018/1187/1018 1019/1189/1019 1020/1190/1020
f 953/1104/953 1021/1191/1021 1016/1184/1016
f 1016/1184/1016 1021/1191/1021 1022/1192/1022
f 922/1073/922 1017/1188/1017 1019/1189/1019
f 1019/1189/1019 1017/1188/1017 1023/1193/1023
f 953/1104/953 1015/1183/1015 1021/1191/1021
f 1021/1191/1021 1015/1183/1015 1024/1194/1024
f 1016/1184/1016 1022/1192/1022 1017/1185/1017
f 1017/1185/1017 1022/1192/1022 1023/1195/1023
f 1015/1183/1015 1018/1186/1018 1024/1194/1024
f 1024/1194/1024 1018/1186/1018 1020/1196/1020
f 1025/1197/1025 1026/1198/1026 1027/1199/1027
f 1027/1199/1027 1026/1198/1026 1028/1200/1028
f 1029/1201/1029 1030/1202/1030 1025/1197/1025
f 1025/1197/1025 1030/1202/1030 1026/1198/1026
f 1029/1201/1029 1031/1203/1031 1030/1202/1030
f 1030/1202/1030 1031/1203/1031 1032/1204/1032
f 1031/1203/1031 1033/1205/1033 1032/1204/1032
f 1032/1204/1032 1033/1205/1033 1034/1206/1034
f 1028/1200/1028 1026/1198/1026 1035/1207/1035
f 1035/1207/1035 1026/1198/1026 1036/1208/1036
f 1030/1202/1030 1037/1209/1037 1026/1198/1026
f 1026/1198/1026 1037/1209/1037 1036/1208/1036
f 1030/1202/1030 1032/1204/1032 1037/1209/1037
f 1037/1209/1037 1032/1204/1032 1038/1210/1038
f 1034/1206/1034 1039/1211/1039 1032/1204/1032
f 1032/1204/1032 1039/1211/1039 1038/1210/1038
f 1035/1207/1035 1036/1208/1036 1040/1212/1040
f 1040/1212/1040 1036/1208/1036 1041/1213/1041
f 1036/1208/1036 1037/1209/1037 1041/1213/1041
f 1041/1213/1041 1037/1209/1037 1042/1214/1042
f 1038/1210/1038 1043/1215/1043 1037/1209/1037
f 1037/1209/1037 1043/1215/1043 1042/1214/1042
f 1039/1211/1039 1044/1216/1044 1038/1210/1038
f 1038/1210/1038 1044/1216/1044 1043/1215/1043
f 1040/1212/1040 1041/1213/1041 1045/1217/1045
f 1045/1217/1045 1041/1213/1041 1046/1218/1046
f 1041/1213/1041 1042/1214/1042 1046/1218/1046
f 1046/1218/1046 1042/1214/1042 1047/1219/1047
f 1043/1215/1043 1048/1220/1048 1042/1214/1042
f 1042/1214/1042 1048/1220/1048 1047/1219/1047
f 1044/1216/1044 1049/1221/1049 1043/1215/1043
f 1043/1215/1043 1049/1221/1049 1048/1220/1048
f 1050/1222/1050 1047/1219/1047 1048/1220/1048
f 1051/1223/1051 1052/1224/1052 1031/1203/1031
f 1031/1203/1031 1052/1224/1052 1033/1205/1033
f 1053/1225/1053 1051/1223/1051 1029/1201/1029
f 1029/1201/1029 1051/1223/1051 1031/1203/1031
f 1053/1225/1053 1029/1201/1029 1054/1226/1054
f 1054/1226/1054 1029/1201/1029 1025/1197/1025
f 1054/1226/1054 1025/1197/1025 1055/1227/1055
f 1055/1227/1055 1025/1197/1025 1027/1199/1027
f 1056/1228/1056 1057/1229/1057 1053/1225/1053
f 1053/1225/1053 1057/1229/1057 1051/1223/1051
f 1056/1228/1056 1053/1225/1053 1058/1230/1058
f 1058/1230/1058 1053/1225/1053 1054/1226/1054
f 1050/1222/1050 1046/1218/1046 1047/1219/1047
f 1059/1231/1059 1060/1232/1060 1061/1233/1061
f 1061/1233/1061 1060/1232/1060 1062/1234/1062
f 1060/1232/1060 1063/1235/1063 1062/1234/1062
f 1062/1234/1062 1063/1235/1063 1064/1236/1064
f 1064/1236/1064 1063/1235/1063 1065/1237/1065
f 1065/1237/1065 1063/1235/1063 1066/1238/1066
f 1065/1237/1065 1066/1238/1066 1067/1239/1067
f 1067/1239/1067 1066/1238/1066 1068/1240/1068
f 1059/1231/1059 1069/1241/1069 1060/1232/1060
f 1060/1232/1060 1069/1241/1069 1070/1242/1070
f 1070/1242/1070 1071/1243/1071 1060/1232/1060
f 1060/1232/1060 1071/1243/1071 1063/1235/1063
f 1063/1235/1063 1071/1243/1071 1066/1238/1066
f 1066/1238/1066 1071/1243/1071 1072/1244/1072
f 1072/1244/1072 1073/1245/1073 1066/1238/1066
f 1066/1238/1066 1073/1245/1073 1068/1240/1068
f 1069/1241/1069 1074/1246/1074 1070/1242/1070
f 1070/1242/1070 1074/1246/1074 1075/1247/1075
f 1070/1242/1070 1075/1247/1075 1071/1243/1071
f 1071/1243/1071 1075/1247/1075 1076/1248/1076
f 1076/1248/1076 1077/1249/1077 1071/1243/1071
f 1071/1243/1071 1077/1249/1077 1072/1244/1072
f 1077/1249/1077 1078/1250/1078 1072/1244/1072
f 1072/1244/1072 1078/1250/1078 1073/1245/1073
f 1074/1246/1074 1079/1251/1079 1075/1247/1075
f 1075/1247/1075 1079/1251/1079 1080/1252/1080
f 1075/1247/1075 1080/1252/1080 1076/1248/1076
f 1076/1248/1076 1080/1252/1080 1081/1253/1081
f 1081/1253/1081 1082/1254/1082 1076/1248/1076
f 1076/1248/1076 1082/1254/1082 1077/1249/1077
f 1082/1254/1082 1083/1255/1083 1077/1249/1077
f 1077/1249/1077 1083/1255/1083 1078/1250/1078
f 1084/1256/1084 1065/1237/1065 1085/1257/1085
f 1085/1257/1085 1065/1237/1065 1067/1239/1067
f 1086/1258/1086 1064/1236/1064 1084/1256/1084
f 1084/1256/1084 1064/1236/1064 1065/1237/1065
f 1062/1234/1062 1064/1236/1064 1087/1259/1087
f 1087/1259/1087 1064/1236/1064 1086/1258/1086
f 1061/1233/1061 1062/1234/1062 1088/1260/1088
f 1088/1260/1088 1062/1234/1062 1087/1259/1087
f 1089/1261/1089 1086/1258/1086 1090/1262/1090
f 1090/1262/1090 1086/1258/1086 1084/1256/1084
f 1087/1259/1087 1086/1258/1086 1091/1263/1091
f 1091/1263/1091 1086/1258/1086 1089/1261/1089
f 1092/1264/1092 1093/1265/1093 1094/1266/1094
f 1094/1266/1094 1093/1265/1093 1095/1267/1095
f 1093/1265/1093 1092/1264/1092 1096/1268/1096
f 1096/1268/1096 1092/1264/1092 1097/1269/1097
f 1094/1266/1094 1095/1267/1095 1098/1270/1098
f 1098/1270/1098 1095/1267/1095 1099/1271/1099
f 1096/1268/1096 1097/1269/1097 1100/1272/1100
f 1100/1272/1100 1097/1269/1097 1101/1273/1101
f 1099/1271/1099 1102/1274/1102 1098/1270/1098
f 1098/1270/1098 1102/1274/1102 1103/1275/1103
f 1102/1274/1102 1104/1276/1104 1103/1275/1103
f 1103/1275/1103 1104/1276/1104 1105/1277/1105
f 1104/1276/1104 1106/1278/1106 1105/1277/1105
f 1105/1277/1105 1106/1278/1106 1107/1279/1107
f 1106/1278/1106 1108/1280/1108 1107/1279/1107
f 1107/1279/1107 1108/1280/1108 1109/1281/1109
f 1100/1272/1100 1101/1273/1101 1110/1282/1110
f 1110/1282/1110 1101/1273/1101 1111/1283/1111
f 1108/1280/1108 1112/1284/1112 1109/1281/1109
f 1109/1281/1109 1112/1284/1112 1113/1285/1113
f 1110/1282/1110 1111/1283/1111 1114/1286/1114
f 1114/1286/1114 1111/1283/1111 1115/1287/1115
f 1112/1284/1112 1116/1288/1116 1113/1285/1113
f 1113/1285/1113 1116/1288/1116 1117/1289/1117
f 1114/1286/1114 1115/1287/1115 1118/1290/1118
f 1118/1290/1118 1115/1287/1115 1119/1291/1119
f 1116/1288/1116 1120/1292/1120 1117/1289/1117
f 1117/1289/1117 1120/1292/1120 1121/1293/1121
f 1119/1291/1119 1122/1294/1122 1118/1290/1118
f 1118/1290/1118 1122/1294/1122 1123/1295/1123
f 1121/1293/1121 1120/1292/1120 1124/1296/1124
f 1124/1296/1124 1120/1292/1120 1125/1297/1125
f 1126/1298/1126 1093/1299/1093 1127/1300/1127
f 1127/1300/1127 1093/1299/1093 1096/1301/1096
f 1093/1299/1093 1126/1298/1126 1095/1302/1095
f 1095/1302/1095 1126/1298/1126 1128/1303/1128
f 1128/1303/1128 1129/1304/1129 1095/1302/1095
f 1095/1302/1095 1129/1304/1129 1099/1305/1099
f 1096/1301/1096 1100/1306/1100 1127/1300/1127
f 1127/1300/1127 1100/1306/1100 1130/1307/1130
f 1099/1305/1099 1129/1304/1129 1102/1308/1102
f 1102/1308/1102 1129/1304/1129 1131/1309/1131
f 1131/1309/1131 1132/1310/1132 1102/1308/1102
f 1102/1308/1102 1132/1310/1132 1104/1311/1104
f 1132/1310/1132 1133/1312/1133 1104/1311/1104
f 1104/1311/1104 1133/1312/1133 1106/1313/1106
f 1106/1313/1106 1133/1312/1133 1108/1314/1108
f 1108/1314/1108 1133/1312/1133 1134/1315/1134
f 1100/1306/1100 1110/1316/1110 1130/1307/1130
f 1130/1307/1130 1110/1316/1110 1135/1317/1135
f 1108/1314/1108 1134/1315/1134 1112/1318/1112
f 1112/1318/1112 1134/1315/1134 1136/1319/1136
f 1110/1316/1110 1114/1320/1114 1135/1317/1135
f 1135/1317/1135 1114/1320/1114 1137/1321/1137
f 1112/1318/1112 1136/1319/1136 1116/1322/1116
f 1116/1322/1116 1136/1319/1136 1138/1323/1138
f 1114/1320/1114 1118/1324/1118 1137/1321/1137
f 1137/1321/1137 1118/1324/1118 1139/1325/1139
f 1116/1322/1116 1138/1323/1138 1120/1326/1120
f 1120/1326/1120 1138/1323/1138 1140/1327/1140
f 1118/1324/1118 1123/1328/1123 1139/1325/1139
f 1139/1325/1139 1123/1328/1123 1141/1329/1141
f 1120/1326/1120 1140/1327/1140 1125/1330/1125
f 1125/1330/1125 1140/1327/1140 1142/1331/1142
f 1092/1264/1092 1094/1266/1094 1055/1227/1055
f 1094/1266/1094 1098/1270/1098 1058/1230/1058
f 1098/1270/1098 1103/1275/1103 1057/1229/1057
f 1103/1275/1103 1105/1277/1105 1052/1224/1052
f 1027/1199/1027 1028/1200/1028 1097/1269/1097
f 1097/1269/1097 1028/1200/1028 1101/1273/1101
f 1033/1205/1033 1107/1279/1107 1034/1206/1034
f 1034/1206/1034 1107/1279/1107 1109/1281/1109
f 1101/1273/1101 1028/1200/1028 1111/1283/1111
f 1111/1283/1111 1028/1200/1028 1035/1207/1035
f 1109/1281/1109 1113/1285/1113 1034/1206/1034
f 1034/1206/1034 1113/1285/1113 1039/1211/1039
f 1111/1283/1111 1035/1207/1035 1115/1287/1115
f 1115/1287/1115 1035/1207/1035 1040/1212/1040
f 1113/1285/1113 1117/1289/1117 1039/1211/1039
f 1039/1211/1039 1117/1289/1117 1044/1216/1044
f 1115/1287/1115 1040/1212/1040 1119/1291/1119
f 1119/1291/1119 1040/1212/1040 1045/1217/1045
f 1117/1289/1117 1121/1293/1121 1044/1216/1044
f 1044/1216/1044 1121/1293/1121 1049/1221/1049
f 1119/1291/1119 1045/1217/1045 1122/1294/1122
f 1050/1222/1050 1122/1294/1122 1046/1218/1046
f 1046/1218/1046 1122/1294/1122 1045/1217/1045
f 1049/1221/1049 1121/1293/1121 1124/1296/1124
f 1052/1224/1052 1105/1277/1105 1033/1205/1033
f 1033/1205/1033 1105/1277/1105 1107/1279/1107
f 1055/1227/1055 1027/1199/1027 1092/1264/1092
f 1092/1264/1092 1027/1199/1027 1097/1269/1097
f 1057/1229/1057 1103/1275/1103 1051/1223/1051
f 1051/1223/1051 1103/1275/1103 1052/1224/1052
f 1058/1230/1058 1054/1226/1054 1094/1266/1094
f 1094/1266/1094 1054/1226/1054 1055/1227/1055
f 1098/1270/1098 1057/1229/1057 1056/1228/1056
f 1098/1270/1098 1056/1228/1056 1058/1230/1058
f 1050/1222/1050 1048/1220/1048 1124/1296/1124
f 1124/1296/1124 1048/1220/1048 1049/1221/1049
f 1126/1298/1126 1088/1260/1088 1128/1303/1128
f 1128/1303/1128 1091/1263/1091 1129/1304/1129
f 1129/1304/1129 1090/1262/1090 1131/1309/1131
f 1131/1309/1131 1085/1257/1085 1132/1310/1132
f 1130/1307/1130 1059/1231/1059 1127/1300/1127
f 1127/1300/1127 1059/1231/1059 1061/1233/1061
f 1067/1239/1067 1068/1240/1068 1133/1312/1133
f 1133/1312/1133 1068/1240/1068 1134/1315/1134
f 1130/1307/1130 1135/1317/1135 1059/1231/1059
f 1059/1231/1059 1135/1317/1135 1069/1241/1069
f 1073/1245/1073 1136/1319/1136 1068/1240/1068
f 1068/1240/1068 1136/1319/1136 1134/1315/1134
f 1135/1317/1135 1137/1321/1137 1069/1241/1069
f 1069/1241/1069 1137/1321/1137 1074/1246/1074
f 1078/1250/1078 1138/1323/1138 1073/1245/1073
f 1073/1245/1073 1138/1323/1138 1136/1319/1136
f 1137/1321/1137 1139/1325/1139 1074/1246/1074
f 1074/1246/1074 1139/1325/1139 1079/1251/1079
f 1083/1255/1083 1140/1327/1140 1078/1250/1078
f 1078/1250/1078 1140/1327/1140 1138/1323/1138
f 1139/1325/1139 1141/1329/1141 1079/1251/1079
f 1080/1252/1080 1143/1332/1143 1081/1253/1081
f 1083/1255/1083 1142/1331/1142 1140/1327/1140
f 1085/1257/1085 1067/1239/1067 1132/1310/1132
f 1132/1310/1132 1067/1239/1067 1133/1312/1133
f 1127/1300/1127 1061/1233/1061 1126/1298/1126
f 1126/1298/1126 1061/1233/1061 1088/1260/1088
f 1090/1262/1090 1084/1256/1084 1131/1309/1131
f 1131/1309/1131 1084/1256/1084 1085/1257/1085
f 1088/1260/1088 1087/1259/1087 1128/1303/1128
f 1128/1303/1128 1087/1259/1087 1091/1263/1091
f 1129/1304/1129 1089/1261/1089 1090/1262/1090
f 1129/1304/1129 1091/1263/1091 1089/1261/1089
f 1144/1333/1144 1082/1254/1082 1081/1253/1081
f 1125/1330/1125 1142/1331/1142 1145/1334/1145
f 1145/1334/1145 1142/1331/1142 1144/1333/1144
f 1083/1255/1083 1082/1254/1082 1142/1331/1142
f 1142/1331/1142 1082/1254/1082 1144/1333/1144
f 1079/1251/1079 1141/1329/1141 1080/1252/1080
f 1080/1252/1080 1141/1329/1141 1143/1332/1143
f 1123/1328/1123 1146/1335/1146 1141/1329/1141
f 1141/1329/1141 1146/1335/1146 1143/1332/1143
f 1123/1295/1123 1122/1294/1122 1146/1336/1146
f 1146/1336/1146 1122/1294/1122 1050/1222/1050
f 1124/1296/1124 1125/1297/1125 1050/1222/1050
f 1050/1222/1050 1125/1297/1125 1145/1337/1145
f 1050/1222/1050 1147/1338/1147 1146/1336/1146
f 1146/1336/1146 1147/1338/1147 1148/1339/1148
f 1081/1253/1081 1149/1340/1149 1144/1333/1144
f 1144/1333/1144 1149/1340/1149 1150/1341/1150
f 1050/1222/1050 1145/1337/1145 1147/1338/1147
f 1147/1338/1147 1145/1337/1145 1151/1342/1151
f 1081/1253/1081 1143/1332/1143 1149/1340/1149
f 1149/1340/1149 1143/1332/1143 1152/1343/1152
f 1144/1333/1144 1150/1341/1150 1145/1334/1145
f 1145/1334/1145 1150/1341/1150 1151/1344/1151
f 1143/1332/1143 1146/1335/1146 1152/1343/1152
f 1152/1343/1152 1146/1335/1146 1148/1345/1148
f 1153/1346/1153 1154/1347/1154 1155/1348/1155
f 1155/1348/1155 1154/1347/1154 1156/1349/1156
f 1157/1350/1157 1158/1351/1158 1153/1346/1153
f 1153/1346/1153 1158/1351/1158 1154/1347/1154
f 1157/1350/1157 1159/1352/1159 1158/1351/1158
f 1158/1351/1158 1159/1352/1159 1160/1353/1160
f 1159/1352/1159 1161/1354/1161 1160/1353/1160
f 1160/1353/1160 1161/1354/1161 1162/1355/1162
f 1156/1349/1156 1154/1347/1154 1163/1356/1163
f 1163/1356/1163 1154/1347/1154 1164/1357/1164
f 1158/1351/1158 1165/1358/1165 1154/1347/1154
f 1154/1347/1154 1165/1358/1165 1164/1357/1164
f 1158/1351/1158 1160/1353/1160 1165/1358/1165
f 1165/1358/1165 1160/1353/1160 1166/1359/1166
f 1162/1355/1162 1167/1360/1167 1160/1353/1160
f 1160/1353/1160 1167/1360/1167 1166/1359/1166
f 1163/1356/1163 1164/1357/1164 1168/1361/1168
f 1168/1361/1168 1164/1357/1164 1169/1362/1169
f 1164/1357/1164 1165/1358/1165 1169/1362/1169
f 1169/1362/1169 1165/1358/1165 1170/1363/1170
f 1166/1359/1166 1171/1364/1171 1165/1358/1165
f 1165/1358/1165 1171/1364/1171 1170/1363/1170
f 1167/1360/1167 1172/1365/1172 1166/1359/1166
f 1166/1359/1166 1172/1365/1172 1171/1364/1171
f 1168/1361/1168 1169/1362/1169 1173/1366/1173
f 1173/1366/1173 1169/1362/1169 1174/1367/1174
f 1169/1362/1169 1170/1363/1170 1174/1367/1174
f 1174/1367/1174 1170/1363/1170 1175/1368/1175
f 1171/1364/1171 1176/1369/1176 1170/1363/1170
f 1170/1363/1170 1176/1369/1176 1175/1368/1175
f 1172/1365/1172 1177/1370/1177 1171/1364/1171
f 1171/1364/1171 1177/1370/1177 1176/1369/1176
f 1178/1371/1178 1175/1368/1175 1176/1369/1176
f 1179/1372/1179 1180/1373/1180 1159/1352/1159
f 1159/1352/1159 1180/1373/1180 1161/1354/1161
f 1181/1374/1181 1179/1372/1179 1157/1350/1157
f 1157/1350/1157 1179/1372/1179 1159/1352/1159
f 1181/1374/1181 1157/1350/1157 1182/1375/1182
f 1182/1375/1182 1157/1350/1157 1153/1346/1153
f 1182/1375/1182 1153/1346/1153 1183/1376/1183
f 1183/1376/1183 1153/1346/1153 1155/1348/1155
f 1184/1377/1184 1185/1378/1185 1181/1374/1181
f 1181/1374/1181 1185/1378/1185 1179/1372/1179
f 1184/1377/1184 1181/1374/1181 1186/1379/1186
f 1186/1379/1186 1181/1374/1181 1182/1375/1182
f 1178/1371/1178 1174/1367/1174 1175/1368/1175
f 1187/1380/1187 1188/1381/1188 1189/1382/1189
f 1189/1382/1189 1188/1381/1188 1190/1383/1190
f 1188/1381/1188 1191/1384/1191 1190/1383/1190
f 1190/1383/1190 1191/1384/1191 1192/1385/1192
f 1192/1385/1192 1191/1384/1191 1193/1386/1193
f 1193/1386/1193 1191/1384/1191 1194/1387/1194
f 1193/1386/1193 1194/1387/1194 1195/1388/1195
f 1195/1388/1195 1194/1387/1194 1196/1389/1196
f 1187/1380/1187 1197/1390/1197 1188/1381/1188
f 1188/1381/1188 1197/1390/1197 1198/1391/1198
f 1198/1391/1198 1199/1392/1199 1188/1381/1188
f 1188/1381/1188 1199/1392/1199 1191/1384/1191
f 1191/1384/1191 1199/1392/1199 1194/1387/1194
f 1194/1387/1194 1199/1392/1199 1200/1393/1200
f 1200/1393/1200 1201/1394/1201 1194/1387/1194
f 1194/1387/1194 1201/1394/1201 1196/1389/1196
f 1197/1390/1197 1202/1395/1202 1198/1391/1198
f 1198/1391/1198 1202/1395/1202 1203/1396/1203
f 1198/1391/1198 1203/1396/1203 1199/1392/1199
f 1199/1392/1199 1203/1396/1203 1204/1397/1204
f 1204/1397/1204 1205/1398/1205 1199/1392/1199
f 1199/1392/1199 1205/1398/1205 1200/1393/1200
f 1205/1398/1205 1206/1399/1206 1200/1393/1200
f 1200/1393/1200 1206/1399/1206 1201/1394/1201
f 1202/1395/1202 1207/1400/1207 1203/1396/1203
f 1203/1396/1203 1207/1400/1207 1208/1401/1208
f 1203/1396/1203 1208/1401/1208 1204/1397/1204
f 1204/1397/1204 1208/1401/1208 1209/1402/1209
f 1209/1402/1209 1210/1403/1210 1204/1397/1204
f 1204/1397/1204 1210/1403/1210 1205/1398/1205
f 1210/1403/1210 1211/1404/1211 1205/1398/1205
f 1205/1398/1205 1211/1404/1211 1206/1399/1206
f 1212/1405/1212 1193/1386/1193 1213/1406/1213
f 1213/1406/1213 1193/1386/1193 1195/1388/1195
f 1214/1407/1214 1192/1385/1192 1212/1405/1212
f 1212/1405/1212 1192/1385/1192 1193/1386/1193
f 1190/1383/1190 1192/1385/1192 1215/1408/1215
f 1215/1408/1215 1192/1385/1192 1214/1407/1214
f 1189/1382/1189 1190/1383/1190 1216/1409/1216
f 1216/1409/1216 1190/1383/1190 1215/1408/1215
f 1217/1410/1217 1214/1407/1214 1218/1411/1218
f 1218/1411/1218 1214/1407/1214 1212/1405/1212
f 1215/1408/1215 1214/1407/1214 1219/1412/1219
f 1219/1412/1219 1214/1407/1214 1217/1410/1217
f 1220/1413/1220 1221/1414/1221 1222/1415/1222
f 1222/1415/1222 1221/1414/1221 1223/1416/1223
f 1221/1414/1221 1220/1413/1220 1224/1417/1224
f 1224/1417/1224 1220/1413/1220 1225/1418/1225
f 1222/1415/1222 1223/1416/1223 1226/1419/1226
f 1226/1419/1226 1223/1416/1223 1227/1420/1227
f 1224/1417/1224 1225/1418/1225 1228/1421/1228
f 1228/1421/1228 1225/1418/1225 1229/1422/1229
f 1227/1420/1227 1230/1423/1230 1226/1419/1226
f 1226/1419/1226 1230/1423/1230 1231/1424/1231
f 1230/1423/1230 1232/1425/1232 1231/1424/1231
f 1231/1424/1231 1232/1425/1232 1233/1426/1233
f 1232/1425/1232 1234/1427/1234 1233/1426/1233
f 1233/1426/1233 1234/1427/1234 1235/1428/1235
f 1234/1427/1234 1236/1429/1236 1235/1428/1235
f 1235/1428/1235 1236/1429/1236 1237/1430/1237
f 1228/1421/1228 1229/1422/1229 1238/1431/1238
f 1238/1431/1238 1229/1422/1229 1239/1432/1239
f 1236/1429/1236 1240/1433/1240 1237/1430/1237
f 1237/1430/1237 1240/1433/1240 1241/1434/1241
f 1238/1431/1238 1239/1432/1239 1242/1435/1242
f 1242/1435/1242 1239/1432/1239 1243/1436/1243
f 1240/1433/1240 1244/1437/1244 1241/1434/1241
f 1241/1434/1241 1244/1437/1244 1245/1438/1245
f 1242/1435/1242 1243/1436/1243 1246/1439/1246
f 1246/1439/1246 1243/1436/1243 1247/1440/1247
f 1244/1437/1244 1248/1441/1248 1245/1438/1245
f 1245/1438/1245 1248/1441/1248 1249/1442/1249
f 1247/1440/1247 1250/1443/1250 1246/1439/1246
f 1246/1439/1246 1250/1443/1250 1251/1444/1251
f 1249/1442/1249 1248/1441/1248 1252/1445/1252
f 1252/1445/1252 1248/1441/1248 1253/1446/1253
f 1254/1447/1254 1221/1448/1221 1255/1449/1255
f 1255/1449/1255 1221/1448/1221 1224/1450/1224
f 1221/1448/1221 1254/1447/1254 1223/1451/1223
f 1223/1451/1223 1254/1447/1254 1256/1452/1256
f 1256/1452/1256 1257/1453/1257 1223/1451/1223
f 1223/1451/1223 1257/1453/1257 1227/1454/1227
f 1224/1450/1224 1228/1455/1228 1255/1449/1255
f 1255/1449/1255 1228/1455/1228 1258/1456/1258
f 1227/1454/1227 1257/1453/1257 1230/1457/1230
f 1230/1457/1230 1257/1453/1257 1259/1458/1259
f 1259/1458/1259 1260/1459/1260 1230/1457/1230
f 1230/1457/1230 1260/1459/1260 1232/1460/1232
f 1260/1459/1260 1261/1461/1261 1232/1460/1232
f 1232/1460/1232 1261/1461/1261 1234/1462/1234
f 1234/1462/1234 1261/1461/1261 1236/1463/1236
f 1236/1463/1236 1261/1461/1261 1262/1464/1262
f 1228/1455/1228 1238/1465/1238 1258/1456/1258
f 1258/1456/1258 1238/1465/1238 1263/1466/1263
f 1236/1463/1236 1262/1464/1262 1240/1467/1240
f 1240/1467/1240 1262/1464/1262 1264/1468/1264
f 1238/1465/1238 1242/1469/1242 1263/1466/1263
f 1263/1466/1263 1242/1469/1242 1265/1470/1265
f 1240/1467/1240 1264/1468/1264 1244/1471/1244
f 1244/1471/1244 1264/1468/1264 1266/1472/1266
f 1242/1469/1242 1246/1473/1246 1265/1470/1265
f 1265/1470/1265 1246/1473/1246 1267/1474/1267
f 1244/1471/1244 1266/1472/1266 1248/1475/1248
f 1248/1475/1248 1266/1472/1266 1268/1476/1268
f 1246/1473/1246 1251/1477/1251 1267/1474/1267
f 1267/1474/1267 1251/1477/1251 1269/1478/1269
f 1248/1475/1248 1268/1476/1268 1253/1479/1253
f 1253/1479/1253 1268/1476/1268 1270/1480/1270
f 1220/1413/1220 1222/1415/1222 1183/1376/1183
f 1222/1415/1222 1226/1419/1226 1186/1379/1186
f 1226/1419/1226 1231/1424/1231 1185/1378/1185
f 1231/1424/1231 1233/1426/1233 1180/1373/1180
f 1155/1348/1155 1156/1349/1156 1225/1418/1225
f 1225/1418/1225 1156/1349/1156 1229/1422/1229
f 1161/1354/1161 1235/1428/1235 1162/1355/1162
f 1162/1355/1162 1235/1428/1235 1237/1430/1237
f 1229/1422/1229 1156/1349/1156 1239/1432/1239
f 1239/1432/1239 1156/1349/1156 1163/1356/1163
f 1237/1430/1237 1241/1434/1241 1162/1355/1162
f 1162/1355/1162 1241/1434/1241 1167/1360/1167
f 1239/1432/1239 1163/1356/1163 1243/1436/1243
f 1243/1436/1243 1163/1356/1163 1168/1361/1168
f 1241/1434/1241 1245/1438/1245 1167/1360/1167
f 1167/1360/1167 1245/1438/1245 1172/1365/1172
f 1243/1436/1243 1168/1361/1168 1247/1440/1247
f 1247/1440/1247 1168/1361/1168 1173/1366/1173
f 1245/1438/1245 1249/1442/1249 1172/1365/1172
f 1172/1365/1172 1249/1442/1249 1177/1370/1177
f 1247/1440/1247 1173/1366/1173 1250/1443/1250
f 1178/1371/1178 1250/1443/1250 1174/1367/1174
f 1174/1367/1174 1250/1443/1250 1173/1366/1173
f 1177/1370/1177 1249/1442/1249 1252/1445/1252
f 1180/1373/1180 1233/1426/1233 1161/1354/1161
f 1161/1354/1161 1233/1426/1233 1235/1428/1235
f 1183/1376/1183 1155/1348/1155 1220/1413/1220
f 1220/1413/1220 1155/1348/1155 1225/1418/1225
f 1185/1378/1185 1231/1424/1231 1179/1372/1179
f 1179/1372/1179 1231/1424/1231 1180/1373/1180
f 1186/1379/1186 1182/1375/1182 1222/1415/1222
f 1222/1415/1222 1182/1375/1182 1183/1376/1183
f 1226/1419/1226 1185/1378/1185 1184/1377/1184
f 1226/1419/1226 1184/1377/1184 1186/1379/1186
f 1178/1371/1178 1176/1369/1176 1252/1445/1252
f 1252/1445/1252 1176/1369/1176 1177/1370/1177
f 1254/1447/1254 1216/1409/1216 1256/1452/1256
f 1256/1452/1256 1219/1412/1219 1257/1453/1257
f 1257/1453/1257 1218/1411/1218 1259/1458/1259
f 1259/1458/1259 1213/1406/1213 1260/1459/1260
f 1258/1456/1258 1187/1380/1187 1255/1449/1255
f 1255/1449/1255 1187/1380/1187 1189/1382/1189
f 1195/1388/1195 1196/1389/1196 1261/1461/1261
f 1261/1461/1261 1196/1389/1196 1262/1464/1262
f 1258/1456/1258 1263/1466/1263 1187/1380/1187
f 1187/1380/1187 1263/1466/1263 1197/1390/1197
f 1201/1394/1201 1264/1468/1264 1196/1389/1196
f 1196/1389/1196 1264/1468/1264 1262/1464/1262
f 1263/1466/1263 1265/1470/1265 1197/1390/1197
f 1197/1390/1197 1265/1470/1265 1202/1395/1202
f 1206/1399/1206 1266/1472/1266 1201/1394/1201
f 1201/1394/1201 1266/1472/1266 1264/1468/1264
f 1265/1470/1265 1267/1474/1267 1202/1395/1202
f 1202/1395/1202 1267/1474/1267 1207/1400/1207
f 1211/1404/1211 1268/1476/1268 1206/1399/1206
f 1206/1399/1206 1268/1476/1268 1266/1472/1266
f 1267/1474/1267 1269/1478/1269 1207/1400/1207
f 1208/1401/1208 1271/1481/1271 1209/1402/1209
f 1211/1404/1211 1270/1480/1270 1268/1476/1268
f 1213/1406/1213 1195/1388/1195 1260/1459/1260
f 1260/1459/1260 1195/1388/1195 1261/1461/1261
f 1255/1449/1255 1189/1382/1189 1254/1447/1254
f 1254/1447/1254 1189/1382/1189 1216/1409/1216
f 1218/1411/1218 1212/1405/1212 1259/1458/1259
f 1259/1458/1259 1212/1405/1212 1213/1406/1213
f 1216/1409/1216 1215/1408/1215 1256/1452/1256
f 1256/1452/1256 1215/1408/1215 1219/1412/1219
f 1257/1453/1257 1217/1410/1217 1218/1411/1218
f 1257/1453/1257 1219/1412/1219 1217/1410/1217
f 1272/1482/1272 1210/1403/1210 1209/1402/1209
f 1253/1479/1253 1270/1480/1270 1273/1483/1273
f 1273/1483/1273 1270/1480/1270 1272/1482/1272
f 1211/1404/1211 1210/1403/1210 1270/1480/1270
f 1270/1480/1270 1210/1403/1210 1272/1482/1272
f 1207/1400/1207 1269/1478/1269 1208/1401/1208
f 1208/1401/1208 1269/1478/1269 1271/1481/1271
f 1251/1477/1251 1274/1484/1274 1269/1478/1269
f 1269/1478/1269 1274/1484/1274 1271/1481/1271
f 1251/1444/1251 1250/1443/1250 1274/1485/1274
f 1274/1485/1274 1250/1443/1250 1178/1371/1178
f 1252/1445/1252 1253/1446/1253 1178/1371/1178
f 1178/1371/1178 1253/1446/1253 1273/1486/1273
f 1178/1371/1178 1275/1487/1275 1274/1485/1274
f 1274/1485/1274 1275/1487/1275 1276/1488/1276
f 1209/1402/1209 1277/1489/1277 1272/1482/1272
f 1272/1482/1272 1277/1489/1277 1278/1490/1278
f 1178/1371/1178 1273/1486/1273 1275/1487/1275
f 1275/1487/1275 1273/1486/1273 1279/1491/1279
f 1209/1402/1209 1271/1481/1271 1277/1489/1277
f 1277/1489/1277 1271/1481/1271 1280/1492/1280
f 1272/1482/1272 1278/1490/1278 1273/1483/1273
f 1273/1483/1273 1278/1490/1278 1279/1493/1279
f 1271/1481/1271 1274/1484/1274 1280/1492/1280
f 1280/1492/1280 1274/1484/1274 1276/1494/1276
f 1281/1495/1281 1282/1496/1282 1283/1497/1283
f 1283/1497/1283 1282/1496/1282 1284/1498/1284
f 1285/1499/1285 1286/1500/1286 1281/1495/1281
f 1281/1495/1281 1286/1500/1286 1282/1496/1282
f 1285/1499/1285 1287/1501/1287 1286/1500/1286
f 1286/1500/1286 1287/1501/1287 1288/1502/1288
f 1287/1501/1287 1289/1503/1289 1288/1502/1288
f 1288/1502/1288 1289/1503/1289 1290/1504/1290
f 1284/1498/1284 1282/1496/1282 1291/1505/1291
f 1291/1505/1291 1282/1496/1282 1292/1506/1292
f 1286/1500/1286 1293/1507/1293 1282/1496/1282
f 1282/1496/1282 1293/1507/1293 1292/1506/1292
f 1286/1500/1286 1288/1502/1288 1293/1507/1293
f 1293/1507/1293 1288/1502/1288 1294/1508/1294
f 1290/1504/1290 1295/1509/1295 1288/1502/1288
f 1288/1502/1288 1295/1509/1295 1294/1508/1294
f 1291/1505/1291 1292/1506/1292 1296/1510/1296
f 1296/1510/1296 1292/1506/1292 1297/1511/1297
f 1292/1506/1292 1293/1507/1293 1297/1511/1297
f 1297/1511/1297 1293/1507/1293 1298/1512/1298
f 1294/1508/1294 1299/1513/1299 1293/1507/1293
f 1293/1507/1293 1299/1513/1299 1298/1512/1298
f 1295/1509/1295 1300/1514/1300 1294/1508/1294
f 1294/1508/1294 1300/1514/1300 1299/1513/1299
f 1296/1510/1296 1297/1511/1297 1301/1515/1301
f 1301/1515/1301 1297/1511/1297 1302/1516/1302
f 1297/1511/1297 1298/1512/1298 1302/1516/1302
f 1302/1516/1302 1298/1512/1298 1303/1517/1303
f 1299/1513/1299 1304/1518/1304 1298/1512/1298
f 1298/1512/1298 1304/1518/1304 1303/1517/1303
f 1300/1514/1300 1305/1519/1305 1299/1513/1299
f 1299/1513/1299 1305/1519/1305 1304/1518/1304
f 1306/1520/1306 1303/1517/1303 1304/1518/1304
f 1307/1521/1307 1308/1522/1308 1287/1501/1287
f 1287/1501/1287 1308/1522/1308 1289/1503/1289
f 1309/1523/1309 1307/1521/1307 1285/1499/1285
f 1285/1499/1285 1307/1521/1307 1287/1501/1287
f 1309/1523/1309 1285/1499/1285 1310/1524/1310
f 1310/1524/1310 1285/1499/1285 1281/1495/1281
f 1310/1524/1310 1281/1495/1281 1311/1525/1311
f 1311/1525/1311 1281/1495/1281 1283/1497/1283
f 1312/1526/1312 1313/1527/1313 1309/1523/1309
f 1309/1523/1309 1313/1527/1313 1307/1521/1307
f 1312/1526/1312 1309/1523/1309 1314/1528/1314
f 1314/1528/1314 1309/1523/1309 1310/1524/1310
f 1306/1520/1306 1302/1516/1302 1303/1517/1303
f 1315/1529/1315 1316/1530/1316 1317/1531/1317
f 1317/1531/1317 1316/1530/1316 1318/1532/1318
f 1316/1530/1316 1319/1533/1319 1318/1532/1318
f 1318/1532/1318 1319/1533/1319 1320/1534/1320
f 1320/1534/1320 1319/1533/1319 1321/1535/1321
f 1321/1535/1321 1319/1533/1319 1322/1536/1322
f 1321/1535/1321 1322/1536/1322 1323/1537/1323
f 1323/1537/1323 1322/1536/1322 1324/1538/1324
f 1315/1529/1315 1325/1539/1325 1316/1530/1316
f 1316/1530/1316 1325/1539/1325 1326/1540/1326
f 1326/1540/1326 1327/1541/1327 1316/1530/1316
f 1316/1530/1316 1327/1541/1327 1319/1533/1319
f 1319/1533/1319 1327/1541/1327 1322/1536/1322
f 1322/1536/1322 1327/1541/1327 1328/1542/1328
f 1328/1542/1328 1329/1543/1329 1322/1536/1322
f 1322/1536/1322 1329/1543/1329 1324/1538/1324
f 1325/1539/1325 1330/1544/1330 1326/1540/1326
f 1326/1540/1326 1330/1544/1330 1331/1545/1331
f 1326/1540/1326 1331/1545/1331 1327/1541/1327
f 1327/1541/1327 1331/1545/1331 1332/1546/1332
f 1332/1546/1332 1333/1547/1333 1327/1541/1327
f 1327/1541/1327 1333/1547/1333 1328/1542/1328
f 1333/1547/1333 1334/1548/1334 1328/1542/1328
f 1328/1542/1328 1334/1548/1334 1329/1543/1329
f 1330/1544/1330 1335/1549/1335 1331/1545/1331
f 1331/1545/1331 1335/1549/1335 1336/1550/1336
f 1331/1545/1331 1336/1550/1336 1332/1546/1332
f 1332/1546/1332 1336/1550/1336 1337/1551/1337
f 1337/1551/1337 1338/1552/1338 1332/1546/1332
f 1332/1546/1332 1338/1552/1338 1333/1547/1333
f 1338/1552/1338 1339/1553/1339 1333/1547/1333
f 1333/1547/1333 1339/1553/1339 1334/1548/1334
f 1340/1554/1340 1321/1535/1321 1341/1555/1341
f 1341/1555/1341 1321/1535/1321 1323/1537/1323
f 1342/1556/1342 1320/1534/1320 1340/1554/1340
f 1340/1554/1340 1320/1534/1320 1321/1535/1321
f 1318/1532/1318 1320/1534/1320 1343/1557/1343
f 1343/1557/1343 1320/1534/1320 1342/1556/1342
f 1317/1531/1317 1318/1532/1318 1344/1558/1344
f 1344/1558/1344 1318/1532/1318 1343/1557/1343
f 1345/1559/1345 1342/1556/1342 1346/1560/1346
f 1346/1560/1346 1342/1556/1342 1340/1554/1340
f 1343/1557/1343 1342/1556/1342 1347/1561/1347
f 1347/1561/1347 1342/1556/1342 1345/1559/1345
f 1348/1562/1348 1349/1563/1349 1350/1564/1350
f 1350/1564/1350 1349/1563/1349 1351/1565/1351
f 1349/1563/1349 1348/1562/1348 1352/1566/1352
f 1352/1566/1352 1348/1562/1348 1353/1567/1353
f 1350/1564/1350 1351/1565/1351 1354/1568/1354
f 1354/1568/1354 1351/1565/1351 1355/1569/1355
f 1352/1566/1352 1353/1567/1353 1356/1570/1356
f 1356/1570/1356 1353/1567/1353 1357/1571/1357
f 1355/1569/1355 1358/1572/1358 1354/1568/1354
f 1354/1568/1354 1358/1572/1358 1359/1573/1359
f 1358/1572/1358 1360/1574/1360 1359/1573/1359
f 1359/1573/1359 1360/1574/1360 1361/1575/1361
f 1360/1574/1360 1362/1576/1362 1361/1575/1361
f 1361/1575/1361 1362/1576/1362 1363/1577/1363
f 1362/1576/1362 1364/1578/1364 1363/1577/1363
f 1363/1577/1363 1364/1578/1364 1365/1579/1365
f 1356/1570/1356 1357/1571/1357 1366/1580/1366
f 1366/1580/1366 1357/1571/1357 1367/1581/1367
f 1364/1578/1364 1368/1582/1368 1365/1579/1365
f 1365/1579/1365 1368/1582/1368 1369/1583/1369
f 1366/1580/1366 1367/1581/1367 1370/1584/1370
f 1370/1584/1370 1367/1581/1367 1371/1585/1371
f 1368/1582/1368 1372/1586/1372 1369/1583/1369
f 1369/1583/1369 1372/1586/1372 1373/1587/1373
f 1370/1584/1370 1371/1585/1371 1374/1588/1374
f 1374/1588/1374 1371/1585/1371 1375/1589/1375
f 1372/1586/1372 1376/1590/1376 1373/1587/1373
f 1373/1587/1373 1376/1590/1376 1377/1591/1377
f 1375/1589/1375 1378/1592/1378 1374/1588/1374
f 1374/1588/1374 1378/1592/1378 1379/1593/1379
f 1377/1591/1377 1376/1590/1376 1380/1594/1380
f 1380/1594/1380 1376/1590/1376 1381/1595/1381
f 1382/1596/1382 1349/1597/1349 1383/1598/1383
f 1383/1598/1383 1349/1597/1349 1352/1599/1352
f 1349/1597/1349 1382/1596/1382 1351/1600/1351
f 1351/1600/1351 1382/1596/1382 1384/1601/1384
f 1384/1601/1384 1385/1602/1385 1351/1600/1351
f 1351/1600/1351 1385/1602/1385 1355/1603/1355
f 1352/1599/1352 1356/1604/1356 1383/1598/1383
f 1383/1598/1383 1356/1604/1356 1386/1605/1386
f 1355/1603/1355 1385/1602/1385 1358/1606/1358
f 1358/1606/1358 1385/1602/1385 1387/1607/1387
f 1387/1607/1387 1388/1608/1388 1358/1606/1358
f 1358/1606/1358 1388/1608/1388 1360/1609/1360
f 1388/1608/1388 1389/1610/1389 1360/1609/1360
f 1360/1609/1360 1389/1610/1389 1362/1611/1362
f 1362/1611/1362 1389/1610/1389 1364/1612/1364
f 1364/1612/1364 1389/1610/1389 1390/1613/1390
f 1356/1604/1356 1366/1614/1366 1386/1605/1386
f 1386/1605/1386 1366/1614/1366 1391/1615/1391
f 1364/1612/1364 1390/1613/1390 1368/1616/1368
f 1368/1616/1368 1390/1613/1390 1392/1617/1392
f 1366/1614/1366 1370/1618/1370 1391/1615/1391
f 1391/1615/1391 1370/1618/1370 1393/1619/1393
f 1368/1616/1368 1392/1617/1392 1372/1620/1372
f 1372/1620/1372 1392/1617/1392 1394/1621/1394
f 1370/1618/1370 1374/1622/1374 1393/1619/1393
f 1393/1619/1393 1374/1622/1374 1395/1623/1395
f 1372/1620/1372 1394/1621/1394 1376/1624/1376
f 1376/1624/1376 1394/1621/1394 1396/1625/1396
f 1374/1622/1374 1379/1626/1379 1395/1623/1395
f 1395/1623/1395 1379/1626/1379 1397/1627/1397
f 1376/1624/1376 1396/1625/1396 1381/1628/1381
f 1381/1628/1381 1396/1625/1396 1398/1629/1398
f 1348/1562/1348 1350/1564/1350 1311/1525/1311
f 1350/1564/1350 1354/1568/1354 1314/1528/1314
f 1354/1568/1354 1359/1573/1359 1313/1527/1313
f 1359/1573/1359 1361/1575/1361 1308/1522/1308
f 1283/1497/1283 1284/1498/1284 1353/1567/1353
f 1353/1567/1353 1284/1498/1284 1357/1571/1357
f 1289/1503/1289 1363/1577/1363 1290/1504/1290
f 1290/1504/1290 1363/1577/1363 1365/1579/1365
f 1357/1571/1357 1284/1498/1284 1367/1581/1367
f 1367/1581/1367 1284/1498/1284 1291/1505/1291
f 1365/1579/1365 1369/1583/1369 1290/1504/1290
f 1290/1504/1290 1369/1583/1369 1295/1509/1295
f 1367/1581/1367 1291/1505/1291 1371/1585/1371
f 1371/1585/1371 1291/1505/1291 1296/1510/1296
f 1369/1583/1369 1373/1587/1373 1295/1509/1295
f 1295/1509/1295 1373/1587/1373 1300/1514/1300
f 1371/1585/1371 1296/1510/1296 1375/1589/1375
f 1375/1589/1375 1296/1510/1296 1301/1515/1301
f 1373/1587/1373 1377/1591/1377 1300/1514/1300
f 1300/1514/1300 1377/1591/1377 1305/1519/1305
f 1375/1589/1375 1301/1515/1301 1378/1592/1378
f 1306/1520/1306 1378/1592/1378 1302/1516/1302
f 1302/1516/1302 1378/1592/1378 1301/1515/1301
f 1305/1519/1305 1377/1591/1377 1380/1594/1380
f 1308/1522/1308 1361/1575/1361 1289/1503/1289
f 1289/1503/1289 1361/1575/1361 1363/1577/1363
f 1311/1525/1311 1283/1497/1283 1348/1562/1348
f 1348/1562/1348 1283/1497/1283 1353/1567/1353
f 1313/1527/1313 1359/1573/1359 1307/1521/1307
f 1307/1521/1307 1359/1573/1359 1308/1522/1308
f 1314/1528/1314 1310/1524/1310 1350/1564/1350
f 1350/1564/1350 1310/1524/1310 1311/1525/1311
f 1354/1568/1354 1313/1527/1313 1312/1526/1312
f 1354/1568/1354 1312/1526/1312 1314/1528/1314
f 1306/1520/1306 1304/1518/1304 1380/1594/1380
f 1380/1594/1380 1304/1518/1304 1305/1519/1305
f 1382/1596/1382 1344/1558/1344 1384/1601/1384
f 1384/1601/1384 1347/1561/1347 1385/1602/1385
f 1385/1602/1385 1346/1560/1346 1387/1607/1387
f 1387/1607/1387 1341/1555/1341 1388/1608/1388
f 1386/1605/1386 1315/1529/1315 1383/1598/1383
f 1383/1598/1383 1315/1529/1315 1317/1531/1317
f 1323/1537/1323 1324/1538/1324 1389/1610/1389
f 1389/1610/1389 1324/1538/1324 1390/1613/1390
f 1386/1605/1386 1391/1615/1391 1315/1529/1315
f 1315/1529/1315 1391/1615/1391 1325/1539/1325
f 1329/1543/1329 1392/1617/1392 1324/1538/1324
f 1324/1538/1324 1392/1617/1392 1390/1613/1390
f 1391/1615/1391 1393/1619/1393 1325/1539/1325
f 1325/1539/1325 1393/1619/1393 1330/1544/1330
f 1334/1548/1334 1394/1621/1394 1329/1543/1329
f 1329/1543/1329 1394/1621/1394 1392/1617/1392
f 1393/1619/1393 1395/1623/1395 1330/1544/1330
f 1330/1544/1330 1395/1623/1395 1335/1549/1335
f 1339/1553/1339 1396/1625/1396 1334/1548/1334
f 1334/1548/1334 1396/1625/1396 1394/1621/1394
f 1395/1623/1395 1397/1627/1397 1335/1549/1335
f 1336/1550/1336 1399/1630/1399 1337/1551/1337
f 1339/1553/1339 1398/1629/1398 1396/1625/1396
f 1341/1555/1341 1323/1537/1323 1388/1608/1388
f 1388/1608/1388 1323/1537/1323 1389/1610/1389
f 1383/1598/1383 1317/1531/1317 1382/1596/1382
f 1382/1596/1382 1317/1531/1317 1344/1558/1344
f 1346/1560/1346 1340/1554/1340 1387/1607/1387
f 1387/1607/1387 1340/1554/1340 1341/1555/1341
f 1344/1558/1344 1343/1557/1343 1384/1601/1384
f 1384/1601/1384 1343/1557/1343 1347/1561/1347
f 1385/1602/1385 1345/1559/1345 1346/1560/1346
f 1385/1602/1385 1347/1561/1347 1345/1559/1345
f 1400/1631/1400 1338/1552/1338 1337/1551/1337
f 1381/1628/1381 1398/1629/1398 1401/1632/1401
f 1401/1632/1401 1398/1629/1398 1400/1631/1400
f 1339/1553/1339 1338/1552/1338 1398/1629/1398
f 1398/1629/1398 1338/1552/1338 1400/1631/1400
f 1335/1549/1335 1397/1627/1397 1336/1550/1336
f 1336/1550/1336 1397/1627/1397 1399/1630/1399
f 1379/1626/1379 1402/1633/1402 1397/1627/1397
f 1397/1627/1397 1402/1633/1402 1399/1630/1399
f 1379/1593/1379 1378/1592/1378 1402/1634/1402
f 1402/1634/1402 1378/1592/1378 1306/1520/1306
f 1380/1594/1380 1381/1595/1381 1306/1520/1306
f 1306/1520/1306 1381/1595/1381 1401/1635/1401
f 1306/1520/1306 1403/1636/1403 1402/1634/1402
f 1402/1634/1402 1403/1636/1403 1404/1637/1404
f 1337/1551/1337 1405/1638/1405 1400/1631/1400
f 1400/1631/1400 1405/1638/1405 1406/1639/1406
f 1306/1520/1306 1401/1635/1401 1403/1636/1403
f 1403/1636/1403 1401/1635/1401 1407/1640/1407
f 1337/1551/1337 1399/1630/1399 1405/1638/1405
f 1405/1638/1405 1399/1630/1399 1408/1641/1408
f 1400/1631/1400 1406/1639/1406 1401/1632/1401
f 1401/1632/1401 1406/1639/1406 1407/1642/1407
f 1399/1630/1399 1402/1633/1402 1408/1641/1408
f 1408/1641/1408 1402/1633/1402 1404/1643/1404
f 1409/1644/1409 1410/1645/1410 1411/1646/1411
f 1411/1646/1411 1410/1645/1410 1412/1647/1412
f 1413/1648/1413 1414/1649/1414 1409/1644/1409
f 1409/1644/1409 1414/1649/1414 1410/1645/1410
f 1413/1648/1413 1415/1650/1415 1414/1649/1414
f 1414/1649/1414 1415/1650/1415 1416/1651/1416
f 1415/1650/1415 1417/1652/1417 1416/1651/1416
f 1416/1651/1416 1417/1652/1417 1418/1653/1418
f 1412/1647/1412 1410/1645/1410 1419/1654/1419
f 1419/1654/1419 1410/1645/1410 1420/1655/1420
f 1414/1649/1414 1421/1656/1421 1410/1645/1410
f 1410/1645/1410 1421/1656/1421 1420/1655/1420
f 1414/1649/1414 1416/1651/1416 1421/1656/1421
f 1421/1656/1421 1416/1651/1416 1422/1657/1422
f 1418/1653/1418 1423/1658/1423 1416/1651/1416
f 1416/1651/1416 1423/1658/1423 1422/1657/1422
f 1419/1654/1419 1420/1655/1420 1424/1659/1424
f 1424/1659/1424 1420/1655/1420 1425/1660/1425
f 1420/1655/1420 1421/1656/1421 1425/1660/1425
f 1425/1660/1425 1421/1656/1421 1426/1661/1426
f 1422/1657/1422 1427/1662/1427 1421/1656/1421
f 1421/1656/1421 1427/1662/1427 1426/1661/1426
f 1423/1658/1423 1428/1663/1428 1422/1657/1422
f 1422/1657/1422 1428/1663/1428 1427/1662/1427
f 1424/1659/1424 1425/1660/1425 1429/1664/1429
f 1429/1664/1429 1425/1660/1425 1430/1665/1430
f 1425/1660/1425 1426/1661/1426 1430/1665/1430
f 1430/1665/1430 1426/1661/1426 1431/1666/1431
f 1427/1662/1427 1432/1667/1432 1426/1661/1426
f 1426/1661/1426 1432/1667/1432 1431/1666/1431
f 1428/1663/1428 1433/1668/1433 1427/1662/1427
f 1427/1662/1427 1433/1668/1433 1432/1667/1432
f 1434/1669/1434 1431/1666/1431 1432/1667/1432
f 1435/1670/1435 1436/1671/1436 1415/1650/1415
f 1415/1650/1415 1436/1671/1436 1417/1652/1417
f 1437/1672/1437 1435/1670/1435 1413/1648/1413
f 1413/1648/1413 1435/1670/1435 1415/1650/1415
f 1437/1672/1437 1413/1648/1413 1438/1673/1438
f 1438/1673/1438 1413/1648/1413 1409/1644/1409
f 1438/1673/1438 1409/1644/1409 1439/1674/1439
f 1439/1674/1439 1409/1644/1409 1411/1646/1411
f 1440/1675/1440 1441/1676/1441 1437/1672/1437
f 1437/1672/1437 1441/1676/1441 1435/1670/1435
f 1440/1675/1440 1437/1672/1437 1442/1677/1442
f 1442/1677/1442 1437/1672/1437 1438/1673/1438
f 1434/1669/1434 1430/1665/1430 1431/1666/1431
f 1443/1678/1443 1444/1679/1444 1445/1680/1445
f 1445/1680/1445 1444/1679/1444 1446/1681/1446
f 1444/1679/1444 1447/1682/1447 1446/1681/1446
f 1446/1681/1446 1447/1682/1447 1448/1683/1448
f 1448/1683/1448 1447/1682/1447 1449/1684/1449
f 1449/1684/1449 1447/1682/1447 1450/1685/1450
f 1449/1684/1449 1450/1685/1450 1451/1686/1451
f 1451/1686/1451 1450/1685/1450 1452/1687/1452
f 1443/1678/1443 1453/1688/1453 1444/1679/1444
f 1444/1679/1444 1453/1688/1453 1454/1689/1454
f 1454/1689/1454 1455/1690/1455 1444/1679/1444
f 1444/1679/1444 1455/1690/1455 1447/1682/1447
f 1447/1682/1447 1455/1690/1455 1450/1685/1450
f 1450/1685/1450 1455/1690/1455 1456/1691/1456
f 1456/1691/1456 1457/1692/1457 1450/1685/1450
f 1450/1685/1450 1457/1692/1457 1452/1687/1452
f 1453/1688/1453 1458/1693/1458 1454/1689/1454
f 1454/1689/1454 1458/1693/1458 1459/1694/1459
f 1454/1689/1454 1459/1694/1459 1455/1690/1455
f 1455/1690/1455 1459/1694/1459 1460/1695/1460
f 1460/1695/1460 1461/1696/1461 1455/1690/1455
f 1455/1690/1455 1461/1696/1461 1456/1691/1456
f 1461/1696/1461 1462/1697/1462 1456/1691/1456
f 1456/1691/1456 1462/1697/1462 1457/1692/1457
f 1458/1693/1458 1463/1698/1463 1459/1694/1459
f 1459/1694/1459 1463/1698/1463 1464/1699/1464
f 1459/1694/1459 1464/1699/1464 1460/1695/1460
f 1460/1695/1460 1464/1699/1464 1465/1700/1465
f 1465/1700/1465 1466/1701/1466 1460/1695/1460
f 1460/1695/1460 1466/1701/1466 1461/1696/1461
f 1466/1701/1466 1467/1702/1467 1461/1696/1461
f 1461/1696/1461 1467/1702/1467 1462/1697/1462
f 1468/1703/1468 1449/1684/1449 1469/1704/1469
f 1469/1704/1469 1449/1684/1449 1451/1686/1451
f 1470/1705/1470 1448/1683/1448 1468/1703/1468
f 1468/1703/1468 1448/1683/1448 1449/1684/1449
f 1446/1681/1446 1448/1683/1448 1471/1706/1471
f 1471/1706/1471 1448/1683/1448 1470/1705/1470
f 1445/1680/1445 1446/1681/1446 1472/1707/1472
f 1472/1707/1472 1446/1681/1446 1471/1706/1471
f 1473/1708/1473 1470/1705/1470 1474/1709/1474
f 1474/1709/1474 1470/1705/1470 1468/1703/1468
f 1471/1706/1471 1470/1705/1470 1475/1710/1475
f 1475/1710/1475 1470/1705/1470 1473/1708/1473
f 1476/1711/1476 1477/1712/1477 1478/1713/1478
f 1478/1713/1478 1477/1712/1477 1479/1714/1479
f 1477/1712/1477 1476/1711/1476 1480/1715/1480
f 1480/1715/1480 1476/1711/1476 1481/1716/1481
f 1478/1713/1478 1479/1714/1479 1482/1717/1482
f 1482/1717/1482 1479/1714/1479 1483/1718/1483
f 1480/1715/1480 1481/1716/1481 1484/1719/1484
f 1484/1719/1484 1481/1716/1481 1485/1720/1485
f 1483/1718/1483 1486/1721/1486 1482/1717/1482
f 1482/1717/1482 1486/1721/1486 1487/1722/1487
f 1486/1721/1486 1488/1723/1488 1487/1722/1487
f 1487/1722/1487 1488/1723/1488 1489/1724/1489
f 1488/1723/1488 1490/1725/1490 1489/1724/1489
f 1489/1724/1489 1490/1725/1490 1491/1726/1491
f 1490/1725/1490 1492/1727/1492 1491/1726/1491
f 1491/1726/1491 1492/1727/1492 1493/1728/1493
f 1484/1719/1484 1485/1720/1485 1494/1729/1494
f 1494/1729/1494 1485/1720/1485 1495/1730/1495
f 1492/1727/1492 1496/1731/1496 1493/1728/1493
f 1493/1728/1493 1496/1731/1496 1497/1732/1497
f 1494/1729/1494 1495/1730/1495 1498/1733/1498
f 1498/1733/1498 1495/1730/1495 1499/1734/1499
f 1496/1731/1496 1500/1735/1500 1497/1732/1497
f 1497/1732/1497 1500/1735/1500 1501/1736/1501
f 1498/1733/1498 1499/1734/1499 1502/1737/1502
f 1502/1737/1502 1499/1734/1499 1503/1738/1503
f 1500/1735/1500 1504/1739/1504 1501/1736/1501
f 1501/1736/1501 1504/1739/1504 1505/1740/1505
f 1503/1738/1503 1506/1741/1506 1502/1737/1502
f 1502/1737/1502 1506/1741/1506 1507/1742/1507
f 1505/1740/1505 1504/1739/1504 1508/1743/1508
f 1508/1743/1508 1504/1739/1504 1509/1744/1509
f 1510/1745/1510 1477/1746/1477 1511/1747/1511
f 1511/1747/1511 1477/1746/1477 1480/1748/1480
f 1477/1746/1477 1510/1745/1510 1479/1749/1479
f 1479/1749/1479 1510/1745/1510 1512/1750/1512
f 1512/1750/1512 1513/1751/1513 1479/1749/1479
f 1479/1749/1479 1513/1751/1513 1483/1752/1483
f 1480/1748/1480 1484/1753/1484 1511/1747/1511
f 1511/1747/1511 1484/1753/1484 1514/1754/1514
f 1483/1752/1483 1513/1751/1513 1486/1755/1486
f 1486/1755/1486 1513/1751/1513 1515/1756/1515
f 1515/1756/1515 1516/1757/1516 1486/1755/1486
f 1486/1755/1486 1516/1757/1516 1488/1758/1488
f 1516/1757/1516 1517/1759/1517 1488/1758/1488
f 1488/1758/1488 1517/1759/1517 1490/1760/1490
f 1490/1760/1490 1517/1759/1517 1492/1761/1492
f 1492/1761/1492 1517/1759/1517 1518/1762/1518
f 1484/1753/1484 1494/1763/1494 1514/1754/1514
f 1514/1754/1514 1494/1763/1494 1519/1764/1519
f 1492/1761/1492 1518/1762/1518 1496/1765/1496
f 1496/1765/1496 1518/1762/1518 1520/1766/1520
f 1494/1763/1494 1498/1767/1498 1519/1764/1519
f 1519/1764/1519 1498/1767/1498 1521/1768/1521
f 1496/1765/1496 1520/1766/1520 1500/1769/1500
f 1500/1769/1500 1520/1766/1520 1522/1770/1522
f 1498/1767/1498 1502/1771/1502 1521/1768/1521
f 1521/1768/1521 1502/1771/1502 1523/1772/1523
f 1500/1769/1500 1522/1770/1522 1504/1773/1504
f 1504/1773/1504 1522/1770/1522 1524/1774/1524
f 1502/1771/1502 1507/1775/1507 1523/1772/1523
f 1523/1772/1523 1507/1775/1507 1525/1776/1525
f 1504/1773/1504 1524/1774/1524 1509/1777/1509
f 1509/1777/1509 1524/1774/1524 1526/1778/1526
f 1476/1711/1476 1478/1713/1478 1439/1674/1439
f 1478/1713/1478 1482/1717/1482 1442/1677/1442
f 1482/1717/1482 1487/1722/1487 1441/1676/1441
f 1487/1722/1487 1489/1724/1489 1436/1671/1436
f 1411/1646/1411 1412/1647/1412 1481/1716/1481
f 1481/1716/1481 1412/1647/1412 1485/1720/1485
f 1417/1652/1417 1491/1726/1491 1418/1653/1418
f 1418/1653/1418 1491/1726/1491 1493/1728/1493
f 1485/1720/1485 1412/1647/1412 1495/1730/1495
f 1495/1730/1495 1412/1647/1412 1419/1654/1419
f 1493/1728/1493 1497/1732/1497 1418/1653/1418
f 1418/1653/1418 1497/1732/1497 1423/1658/1423
f 1495/1730/1495 1419/1654/1419 1499/1734/1499
f 1499/1734/1499 1419/1654/1419 1424/1659/1424
f 1497/1732/1497 1501/1736/1501 1423/1658/1423
f 1423/1658/1423 1501/1736/1501 1428/1663/1428
f 1499/1734/1499 1424/1659/1424 1503/1738/1503
f 1503/1738/1503 1424/1659/1424 1429/1664/1429
f 1501/1736/1501 1505/1740/1505 1428/1663/1428
f 1428/1663/1428 1505/1740/1505 1433/1668/1433
f 1503/1738/1503 1429/1664/1429 1506/1741/1506
f 1434/1669/1434 1506/1741/1506 1430/1665/1430
f 1430/1665/1430 1506/1741/1506 1429/1664/1429
f 1433/1668/1433 1505/1740/1505 1508/1743/1508
f 1436/1671/1436 1489/1724/1489 1417/1652/1417
f 1417/1652/1417 1489/1724/1489 1491/1726/1491
f 1439/1674/1439 1411/1646/1411 1476/1711/1476
f 1476/1711/1476 1411/1646/1411 1481/1716/1481
f 1441/1676/1441 1487/1722/1487 1435/1670/1435
f 1435/1670/1435 1487/1722/1487 1436/1671/1436
f 1442/1677/1442 1438/1673/1438 1478/1713/1478
f 1478/1713/1478 1438/1673/1438 1439/1674/1439
f 1482/1717/1482 1441/1676/1441 1440/1675/1440
f 1482/1717/1482 1440/1675/1440 1442/1677/1442
f 1434/1669/1434 1432/1667/1432 1508/1743/1508
f 1508/1743/1508 1432/1667/1432 1433/1668/1433
f 1510/1745/1510 1472/1707/1472 1512/1750/1512
f 1512/1750/1512 1475/1710/1475 1513/1751/1513
f 1513/1751/1513 1474/1709/1474 1515/1756/1515
f 1515/1756/1515 1469/1704/1469 1516/1757/1516
f 1514/1754/1514 1443/1678/1443 1511/1747/1511
f 1511/1747/1511 1443/1678/1443 1445/1680/1445
f 1451/1686/1451 1452/1687/1452 1517/1759/1517
f 1517/1759/1517 1452/1687/1452 1518/1762/1518
f 1514/1754/1514 1519/1764/1519 1443/1678/1443
f 1443/1678/1443 1519/1764/1519 1453/1688/1453
f 1457/1692/1457 1520/1766/1520 1452/1687/1452
f 1452/1687/1452 1520/1766/1520 1518/1762/1518
f 1519/1764/1519 1521/1768/1521 1453/1688/1453
f 1453/1688/1453 1521/1768/1521 1458/1693/1458
f 1462/1697/1462 1522/1770/1522 1457/1692/1457
f 1457/1692/1457 1522/1770/1522 1520/1766/1520
f 1521/1768/1521 1523/1772/1523 1458/1693/1458
f 1458/1693/1458 1523/1772/1523 1463/1698/1463
f 1467/1702/1467 1524/1774/1524 1462/1697/1462
f 1462/1697/1462 1524/1774/1524 1522/1770/1522
f 1523/1772/1523 1525/1776/1525 1463/1698/1463
f 1464/1699/1464 1527/1779/1527 1465/1700/1465
f 1467/1702/1467 1526/1778/1526 1524/1774/1524
f 1469/1704/1469 1451/1686/1451 1516/1757/1516
f 1516/1757/1516 1451/1686/1451 1517/1759/1517
f 1511/1747/1511 1445/1680/1445 1510/1745/1510
f 1510/1745/1510 1445/1680/1445 1472/1707/1472
f 1474/1709/1474 1468/1703/1468 1515/1756/1515
f 1515/1756/1515 1468/1703/1468 1469/1704/1469
f 1472/1707/1472 1471/1706/1471 1512/1750/1512
f 1512/1750/1512 1471/1706/1471 1475/1710/1475
f 1513/1751/1513 1473/1708/1473 1474/1709/1474
f 1513/1751/1513 1475/1710/1475 1473/1708/1473
f 1528/1780/1528 1466/1701/1466 1465/1700/1465
f 1509/1777/1509 1526/1778/1526 1529/1781/1529
f 1529/1781/1529 1526/1778/1526 1528/1780/1528
f 1467/1702/1467 1466/1701/1466 1526/1778/1526
f 1526/1778/1526 1466/1701/1466 1528/1780/1528
f 1463/1698/1463 1525/1776/1525 1464/1699/1464
f 1464/1699/1464 1525/1776/1525 1527/1779/1527
f 1507/1775/1507 1530/1782/1530 1525/1776/1525
f 1525/1776/1525 1530/1782/1530 1527/1779/1527
f 1507/1742/1507 1506/1741/1506 1530/1783/1530
f 1530/1783/1530 1506/1741/1506 1434/1669/1434
f 1508/1743/1508 1509/1744/1509 1434/1669/1434
f 1434/1669/1434 1509/1744/1509 1529/1784/1529
f 1434/1669/1434 1531/1785/1531 1530/1783/1530
f 1530/1783/1530 1531/1785/1531 1532/1786/1532
f 1465/1700/1465 1533/1787/1533 1528/1780/1528
f 1528/1780/1528 1533/1787/1533 1534/1788/1534
f 1434/1669/1434 1529/1784/1529 1531/1785/1531
f 1531/1785/1531 1529/1784/1529 1535/1789/1535
f 1465/1700/1465 1527/1779/1527 1533/1787/1533
f 1533/1787/1533 1527/1779/1527 1536/1790/1536
f 1528/1780/1528 1534/1788/1534 1529/1781/1529
f 1529/1781/1529 1534/1788/1534 1535/1791/1535
f 1527/1779/1527 1530/1782/1530 1536/1790/1536
f 1536/1790/1536 1530/1782/1530 1532/1792/1532
f 1537/1793/1537 1538/1794/1538 1539/1795/1539
f 1539/1795/1539 1538/1794/1538 1540/1796/1540
f 1541/1797/1541 1542/1798/1542 1537/1793/1537
f 1537/1793/1537 1542/1798/1542 1538/1794/1538
f 1541/1797/1541 1543/1799/1543 1542/1798/1542
f 1542/1798/1542 1543/1799/1543 1544/1800/1544
f 1543/1799/1543 1545/1801/1545 1544/1800/1544
f 1544/1800/1544 1545/1801/1545 1546/1802/1546
f 1540/1796/1540 1538/1794/1538 1547/1803/1547
f 1547/1803/1547 1538/1794/1538 1548/1804/1548
f 1542/1798/1542 1549/1805/1549 1538/1794/1538
f 1538/1794/1538 1549/1805/1549 1548/1804/1548
f 1542/1798/1542 1544/1800/1544 1549/1805/1549
f 1549/1805/1549 1544/1800/1544 1550/1806/1550
f 1546/1802/1546 1551/1807/1551 1544/1800/1544
f 1544/1800/1544 1551/1807/1551 1550/1806/1550
f 1547/1803/1547 1548/1804/1548 1552/1808/1552
f 1552/1808/1552 1548/1804/1548 1553/1809/1553
f 1548/1804/1548 1549/1805/1549 1553/1809/1553
f 1553/1809/1553 1549/1805/1549 1554/1810/1554
f 1550/1806/1550 1555/1811/1555 1549/1805/1549
f 1549/1805/1549 1555/1811/1555 1554/1810/1554
f 1551/1807/1551 1556/1812/1556 1550/1806/1550
f 1550/1806/1550 1556/1812/1556 1555/1811/1555
f 1552/1808/1552 1553/1809/1553 1557/1813/1557
f 1557/1813/1557 1553/1809/1553 1558/1814/1558
f 1553/1809/1553 1554/1810/1554 1558/1814/1558
f 1558/1814/1558 1554/1810/1554 1559/1815/1559
f 1555/1811/1555 1560/1816/1560 1554/1810/1554
f 1554/1810/1554 1560/1816/1560 1559/1815/1559
f 1556/1812/1556 1561/1817/1561 1555/1811/1555
f 1555/1811/1555 1561/1817/1561 1560/1816/1560
f 1562/1818/1562 1559/1815/1559 1560/1816/1560
f 1563/1819/1563 1564/1820/1564 1543/1799/1543
f 1543/1799/1543 1564/1820/1564 1545/1801/1545
f 1565/1821/1565 1563/1819/1563 1541/1797/1541
f 1541/1797/1541 1563/1819/1563 1543/1799/1543
f 1565/1821/1565 1541/1797/1541 1566/1822/1566
f 1566/1822/1566 1541/1797/1541 1537/1793/1537
f 1566/1822/1566 1537/1793/1537 1567/1823/1567
f 1567/1823/1567 1537/1793/1537 1539/1795/1539
f 1568/1824/1568 1569/1825/1569 1565/1821/1565
f 1565/1821/1565 1569/1825/1569 1563/1819/1563
f 1568/1824/1568 1565/1821/1565 1570/1826/1570
f 1570/1826/1570 1565/1821/1565 1566/1822/1566
f 1562/1818/1562 1558/1814/1558 1559/1815/1559
f 1571/1827/1571 1572/1828/1572 1573/1829/1573
f 1573/1829/1573 1572/1828/1572 1574/1830/1574
f 1572/1828/1572 1575/1831/1575 1574/1830/1574
f 1574/1830/1574 1575/1831/1575 1576/1832/1576
f 1576/1832/1576 1575/1831/1575 1577/1833/1577
f 1577/1833/1577 1575/1831/1575 1578/1834/1578
f 1577/1833/1577 1578/1834/1578 1579/1835/1579
f 1579/1835/1579 1578/1834/1578 1580/1836/1580
f 1571/1827/1571 1581/1837/1581 1572/1828/1572
f 1572/1828/1572 1581/1837/1581 1582/1838/1582
f 1582/1838/1582 1583/1839/1583 1572/1828/1572
f 1572/1828/1572 1583/1839/1583 1575/1831/1575
f 1575/1831/1575 1583/1839/1583 1578/1834/1578
f 1578/1834/1578 1583/1839/1583 1584/1840/1584
f 1584/1840/1584 1585/1841/1585 1578/1834/1578
f 1578/1834/1578 1585/1841/1585 1580/1836/1580
f 1581/1837/1581 1586/1842/1586 1582/1838/1582
f 1582/1838/1582 1586/1842/1586 1587/1843/1587
f 1582/1838/1582 1587/1843/1587 1583/1839/1583
f 1583/1839/1583 1587/1843/1587 1588/1844/1588
f 1588/1844/1588 1589/1845/1589 1583/1839/1583
f 1583/1839/1583 1589/1845/1589 1584/1840/1584
f 1589/1845/1589 1590/1846/1590 1584/1840/1584
f 1584/1840/1584 1590/1846/1590 1585/1841/1585
f 1586/1842/1586 1591/1847/1591 1587/1843/1587
f 1587/1843/1587 1591/1847/1591 1592/1848/1592
f 1587/1843/1587 1592/1848/1592 1588/1844/1588
f 1588/1844/1588 1592/1848/1592 1593/1849/1593
f 1593/1849/1593 1594/1850/1594 1588/1844/1588
f 1588/1844/1588 1594/1850/1594 1589/1845/1589
f 1594/1850/1594 1595/1851/1595 1589/1845/1589
f 1589/1845/1589 1595/1851/1595 1590/1846/1590
f 1596/1852/1596 1577/1833/1577 1597/1853/1597
f 1597/1853/1597 1577/1833/1577 1579/1835/1579
f 1598/1854/1598 1576/1832/1576 1596/1852/1596
f 1596/1852/1596 1576/1832/1576 1577/1833/1577
f 1574/1830/1574 1576/1832/1576 1599/1855/1599
f 1599/1855/1599 1576/1832/1576 1598/1854/1598
f 1573/1829/1573 1574/1830/1574 1600/1856/1600
f 1600/1856/1600 1574/1830/1574 1599/1855/1599
f 1601/1857/1601 1598/1854/1598 1602/1858/1602
f 1602/1858/1602 1598/1854/1598 1596/1852/1596
f 1599/1855/1599 1598/1854/1598 1603/1859/1603
f 1603/1859/1603 1598/1854/1598 1601/1857/1601
f 1604/1860/1604 1605/1861/1605 1606/1862/1606
f 1606/1862/1606 1605/1861/1605 1607/1863/1607
f 1605/1861/1605 1604/1860/1604 1608/1864/1608
f 1608/1864/1608 1604/1860/1604 1609/1865/1609
f 1606/1862/1606 1607/1863/1607 1610/1866/1610
f 1610/1866/1610 1607/1863/1607 1611/1867/1611
f 1608/1864/1608 1609/1865/1609 1612/1868/1612
f 1612/1868/1612 1609/1865/1609 1613/1869/1613
f 1611/1867/1611 1614/1870/1614 1610/1866/1610
f 1610/1866/1610 1614/1870/1614 1615/1871/1615
f 1614/1870/1614 1616/1872/1616 1615/1871/1615
f 1615/1871/1615 1616/1872/1616 1617/1873/1617
f 1616/1872/1616 1618/1874/1618 1617/1873/1617
f 1617/1873/1617 1618/1874/1618 1619/1875/1619
f 1618/1874/1618 1620/1876/1620 1619/1875/1619
f 1619/1875/1619 1620/1876/1620 1621/1877/1621
f 1612/1868/1612 1613/1869/1613 1622/1878/1622
f 1622/1878/1622 1613/1869/1613 1623/1879/1623
f 1620/1876/1620 1624/1880/1624 1621/1877/1621
f 1621/1877/1621 1624/1880/1624 1625/1881/1625
f 1622/1878/1622 1623/1879/1623 1626/1882/1626
f 1626/1882/1626 1623/1879/1623 1627/1883/1627
f 1624/1880/1624 1628/1884/1628 1625/1881/1625
f 1625/1881/1625 1628/1884/1628 1629/1885/1629
f 1626/1882/1626 1627/1883/1627 1630/1886/1630
f 1630/1886/1630 1627/1883/1627 1631/1887/1631
f 1628/1884/1628 1632/1888/1632 1629/1885/1629
f 1629/1885/1629 1632/1888/1632 1633/1889/1633
f 1631/1887/1631 1634/1890/1634 1630/1886/1630
f 1630/1886/1630 1634/1890/1634 1635/1891/1635
f 1633/1889/1633 1632/1888/1632 1636/1892/1636
f 1636/1892/1636 1632/1888/1632 1637/1893/1637
f 1638/1894/1638 1605/1895/1605 1639/1896/1639
f 1639/1896/1639 1605/1895/1605 1608/1897/1608
f 1605/1895/1605 1638/1894/1638 1607/1898/1607
f 1607/1898/1607 1638/1894/1638 1640/1899/1640
f 1640/1899/1640 1641/1900/1641 1607/1898/1607
f 1607/1898/1607 1641/1900/1641 1611/1901/1611
f 1608/1897/1608 1612/1902/1612 1639/1896/1639
f 1639/1896/1639 1612/1902/1612 1642/1903/1642
f 1611/1901/1611 1641/1900/1641 1614/1904/1614
f 1614/1904/1614 1641/1900/1641 1643/1905/1643
f 1643/1905/1643 1644/1906/1644 1614/1904/1614
f 1614/1904/1614 1644/1906/1644 1616/1907/1616
f 1644/1906/1644 1645/1908/1645 1616/1907/1616
f 1616/1907/1616 1645/1908/1645 1618/1909/1618
f 1618/1909/1618 1645/1908/1645 1620/1910/1620
f 1620/1910/1620 1645/1908/1645 1646/1911/1646
f 1612/1902/1612 1622/1912/1622 1642/1903/1642
f 1642/1903/1642 1622/1912/1622 1647/1913/1647
f 1620/1910/1620 1646/1911/1646 1624/1914/1624
f 1624/1914/1624 1646/1911/1646 1648/1915/1648
f 1622/1912/1622 1626/1916/1626 1647/1913/1647
f 1647/1913/1647 1626/1916/1626 1649/1917/1649
f 1624/1914/1624 1648/1915/1648 1628/1918/1628
f 1628/1918/1628 1648/1915/1648 1650/1919/1650
f 1626/1916/1626 1630/1920/1630 1649/1917/1649
f 1649/1917/1649 1630/1920/1630 1651/1921/1651
f 1628/1918/1628 1650/1919/1650 1632/1922/1632
f 1632/1922/1632 1650/1919/1650 1652/1923/1652
f 1630/1920/1630 1635/1924/1635 1651/1921/1651
f 1651/1921/1651 1635/1924/1635 1653/1925/1653
f 1632/1922/1632 1652/1923/1652 1637/1926/1637
f 1637/1926/1637 1652/1923/1652 1654/1927/1654
f 1604/1860/1604 1606/1862/1606 1567/1823/1567
f 1606/1862/1606 1610/1866/1610 1570/1826/1570
f 1610/1866/1610 1615/1871/1615 1569/1825/1569
f 1615/1871/1615 1617/1873/1617 1564/1820/1564
f 1539/1795/1539 1540/1796/1540 1609/1865/1609
f 1609/1865/1609 1540/1796/1540 1613/1869/1613
f 1545/1801/1545 1619/1875/1619 1546/1802/1546
f 1546/1802/1546 1619/1875/1619 1621/1877/1621
f 1613/1869/1613 1540/1796/1540 1623/1879/1623
f 1623/1879/1623 1540/1796/1540 1547/1803/1547
f 1621/1877/1621 1625/1881/1625 1546/1802/1546
f 1546/1802/1546 1625/1881/1625 1551/1807/1551
f 1623/1879/1623 1547/1803/1547 1627/1883/1627
f 1627/1883/1627 1547/1803/1547 1552/1808/1552
f 1625/1881/1625 1629/1885/1629 1551/1807/1551
f 1551/1807/1551 1629/1885/1629 1556/1812/1556
f 1627/1883/1627 1552/1808/1552 1631/1887/1631
f 1631/1887/1631 1552/1808/1552 1557/1813/1557
f 1629/1885/1629 1633/1889/1633 1556/1812/1556
f 1556/1812/1556 1633/1889/1633 1561/1817/1561
f 1631/1887/1631 1557/1813/1557 1634/1890/1634
f 1562/1818/1562 1634/1890/1634 1558/1814/1558
f 1558/1814/1558 1634/1890/1634 1557/1813/1557
f 1561/1817/1561 1633/1889/1633 1636/1892/1636
f 1564/1820/1564 1617/1873/1617 1545/1801/1545
f 1545/1801/1545 1617/1873/1617 1619/1875/1619
f 1567/1823/1567 1539/1795/1539 1604/1860/1604
f 1604/1860/1604 1539/1795/1539 1609/1865/1609
f 1569/1825/1569 1615/1871/1615 1563/1819/1563
f 1563/1819/1563 1615/1871/1615 1564/1820/1564
f 1570/1826/1570 1566/1822/1566 1606/1862/1606
f 1606/1862/1606 1566/1822/1566 1567/1823/1567
f 1610/1866/1610 1569/1825/1569 1568/1824/1568
f 1610/1866/1610 1568/1824/1568 1570/1826/1570
f 1562/1818/1562 1560/1816/1560 1636/1892/1636
f 1636/1892/1636 1560/1816/1560 1561/1817/1561
f 1638/1894/1638 1600/1856/1600 1640/1899/1640
f 1640/1899/1640 1603/1859/1603 1641/1900/1641
f 1641/1900/1641 1602/1858/1602 1643/1905/1643
f 1643/1905/1643 1597/1853/1597 1644/1906/1644
f 1642/1903/1642 1571/1827/1571 1639/1896/1639
f 1639/1896/1639 1571/1827/1571 1573/1829/1573
f 1579/1835/1579 1580/1836/1580 1645/1908/1645
f 1645/1908/1645 1580/1836/1580 1646/1911/1646
f 1642/1903/1642 1647/1913/1647 1571/1827/1571
f 1571/1827/1571 1647/1913/1647 1581/1837/1581
f 1585/1841/1585 1648/1915/1648 1580/1836/1580
f 1580/1836/1580 1648/1915/1648 1646/1911/1646
f 1647/1913/1647 1649/1917/1649 1581/1837/1581
f 1581/1837/1581 1649/1917/1649 1586/1842/1586
f 1590/1846/1590 1650/1919/1650 1585/1841/1585
f 1585/1841/1585 1650/1919/1650 1648/1915/1648
f 1649/1917/1649 1651/1921/1651 1586/1842/1586
f 1586/1842/1586 1651/1921/1651 1591/1847/1591
f 1595/1851/1595 1652/1923/1652 1590/1846/1590
f 1590/1846/1590 1652/1923/1652 1650/1919/1650
f 1651/1921/1651 1653/1925/1653 1591/1847/1591
f 1592/1848/1592 1655/1928/1655 1593/1849/1593
f 1595/1851/1595 1654/1927/1654 1652/1923/1652
f 1597/1853/1597 1579/1835/1579 1644/1906/1644
f 1644/1906/1644 1579/1835/1579 1645/1908/1645
f 1639/1896/1639 1573/1829/1573 1638/1894/1638
f 1638/1894/1638 1573/1829/1573 1600/1856/1600
f 1602/1858/1602 1596/1852/1596 1643/1905/1643
f 1643/1905/1643 1596/1852/1596 1597/1853/1597
f 1600/1856/1600 1599/1855/1599 1640/1899/1640
f 1640/1899/1640 1599/1855/1599 1603/1859/1603
f 1641/1900/1641 1601/1857/1601 1602/1858/1602
f 1641/1900/1641 1603/1859/1603 1601/1857/1601
f 1656/1929/1656 1594/1850/1594 1593/1849/1593
f 1637/1926/1637 1654/1927/1654 1657/1930/1657
f 1657/1930/1657 1654/1927/1654 1656/1929/1656
f 1595/1851/1595 1594/1850/1594 1654/1927/1654
f 1654/1927/1654 1594/1850/1594 1656/1929/1656
f 1591/1847/1591 1653/1925/1653 1592/1848/1592
f 1592/1848/1592 1653/1925/1653 1655/1928/1655
f 1635/1924/1635 1658/1931/1658 1653/1925/1653
f 1653/1925/1653 1658/1931/1658 1655/1928/1655
f 1635/1891/1635 1634/1890/1634 1658/1932/1658
f 1658/1932/1658 1634/1890/1634 1562/1818/1562
f 1636/1892/1636 1637/1893/1637 1562/1818/1562
f 1562/1818/1562 1637/1893/1637 1657/1933/1657
f 1562/1818/1562 1659/1934/1659 1658/1932/1658
f 1658/1932/1658 1659/1934/1659 1660/1935/1660
f 1593/1849/1593 1661/1936/1661 1656/1929/1656
f 1656/1929/1656 1661/1936/1661 1662/1937/1662
f 1562/1818/1562 1657/1933/1657 1659/1934/1659
f 1659/1934/1659 1657/1933/1657 1663/1938/1663
f 1593/1849/1593 1655/1928/1655 1661/1936/1661
f 1661/1936/1661 1655/1928/1655 1664/1939/1664
f 1656/1929/1656 1662/1937/1662 1657/1930/1657
f 1657/1930/1657 1662/1937/1662 1663/1940/1663
f 1655/1928/1655 1658/1931/1658 1664/1939/1664
f 1664/1939/1664 1658/1931/1658 1660/1941/1660
f 1665/1942/1665 1666/1943/1666 1667/1944/1667
f 1667/1944/1667 1666/1943/1666 1668/1945/1668
f 1669/1946/1669 1670/1947/1670 1665/1942/1665
f 1665/1942/1665 1670/1947/1670 1666/1943/1666
f 1669/1946/1669 1671/1948/1671 1670/1947/1670
f 1670/1947/1670 1671/1948/1671 1672/1949/1672
f 1671/1948/1671 1673/1950/1673 1672/1949/1672
f 1672/1949/1672 1673/1950/1673 1674/1951/1674
f 1668/1945/1668 1666/1943/1666 1675/1952/1675
f 1675/1952/1675 1666/1943/1666 1676/1953/1676
f 1670/1947/1670 1677/1954/1677 1666/1943/1666
f 1666/1943/1666 1677/1954/1677 1676/1953/1676
f 1670/1947/1670 1672/1949/1672 1677/1954/1677
f 1677/1954/1677 1672/1949/1672 1678/1955/1678
f 1674/1951/1674 1679/1956/1679 1672/1949/1672
f 1672/1949/1672 1679/1956/1679 1678/1955/1678
f 1675/1952/1675 1676/1953/1676 1680/1957/1680
f 1680/1957/1680 1676/1953/1676 1681/1958/1681
f 1676/1953/1676 1677/1954/1677 1681/1958/1681
f 1681/1958/1681 1677/1954/1677 1682/1959/1682
f 1678/1955/1678 1683/1960/1683 1677/1954/1677
f 1677/1954/1677 1683/1960/1683 1682/1959/1682
f 1679/1956/1679 1684/1961/1684 1678/1955/1678
f 1678/1955/1678 1684/1961/1684 1683/1960/1683
f 1680/1957/1680 1681/1958/1681 1685/1962/1685
f 1685/1962/1685 1681/1958/1681 1686/1963/1686
f 1681/1958/1681 1682/1959/1682 1686/1963/1686
f 1686/1963/1686 1682/1959/1682 1687/1964/1687
f 1683/1960/1683 1688/1965/1688 1682/1959/1682
f 1682/1959/1682 1688/1965/1688 1687/1964/1687
f 1684/1961/1684 1689/1966/1689 1683/1960/1683
f 1683/1960/1683 1689/1966/1689 1688/1965/1688
f 1690/1967/1690 1687/1964/1687 1688/1965/1688
f 1691/1968/1691 1692/1969/1692 1671/1948/1671
f 1671/1948/1671 1692/1969/1692 1673/1950/1673
f 1693/1970/1693 1691/1968/1691 1669/1946/1669
f 1669/1946/1669 1691/1968/1691 1671/1948/1671
f 1693/1970/1693 1669/1946/1669 1694/1971/1694
f 1694/1971/1694 1669/1946/1669 1665/1942/1665
f 1694/1971/1694 1665/1942/1665 1695/1972/1695
f 1695/1972/1695 1665/1942/1665 1667/1944/1667
f 1696/1973/1696 1697/1974/1697 1693/1970/1693
f 1693/1970/1693 1697/1974/1697 1691/1968/1691
f 1696/1973/1696 1693/1970/1693 1698/1975/1698
f 1698/1975/1698 1693/1970/1693 1694/1971/1694
f 1690/1967/1690 1686/1963/1686 1687/1964/1687
f 1699/1976/1699 1700/1977/1700 1701/1978/1701
f 1701/1978/1701 1700/1977/1700 1702/1979/1702
f 1700/1977/1700 1703/1980/1703 1702/1979/1702
f 1702/1979/1702 1703/1980/1703 1704/1981/1704
f 1704/1981/1704 1703/1980/1703 1705/1982/1705
f 1705/1982/1705 1703/1980/1703 1706/1983/1706
f 1705/1982/1705 1706/1983/1706 1707/1984/1707
f 1707/1984/1707 1706/1983/1706 1708/1985/1708
f 1699/1976/1699 1709/1986/1709 1700/1977/1700
f 1700/1977/1700 1709/1986/1709 1710/1987/1710
f 1710/1987/1710 1711/1988/1711 1700/1977/1700
f 1700/1977/1700 1711/1988/1711 1703/1980/1703
f 1703/1980/1703 1711/1988/1711 1706/1983/1706
f 1706/1983/1706 1711/1988/1711 1712/1989/1712
f 1712/1989/1712 1713/1990/1713 1706/1983/1706
f 1706/1983/1706 1713/1990/1713 1708/1985/1708
f 1709/1986/1709 1714/1991/1714 1710/1987/1710
f 1710/1987/1710 1714/1991/1714 1715/1992/1715
f 1710/1987/1710 1715/1992/1715 1711/1988/1711
f 1711/1988/1711 1715/1992/1715 1716/1993/1716
f 1716/1993/1716 1717/1994/1717 1711/1988/1711
f 1711/1988/1711 1717/1994/1717 1712/1989/1712
f 1717/1994/1717 1718/1995/1718 1712/1989/1712
f 1712/1989/1712 1718/1995/1718 1713/1990/1713
f 1714/1991/1714 1719/1996/1719 1715/1992/1715
f 1715/1992/1715 1719/1996/1719 1720/1997/1720
f 1715/1992/1715 1720/1997/1720 1716/1993/1716
f 1716/1993/1716 1720/1997/1720 1721/1998/1721
f 1721/1998/1721 1722/1999/1722 1716/1993/1716
f 1716/1993/1716 1722/1999/1722 1717/1994/1717
f 1722/1999/1722 1723/2000/1723 1717/1994/1717
f 1717/1994/1717 1723/2000/1723 1718/1995/1718
f 1724/2001/1724 1705/1982/1705 1725/2002/1725
f 1725/2002/1725 1705/1982/1705 1707/1984/1707
f 1726/2003/1726 1704/1981/1704 1724/2001/1724
f 1724/2001/1724 1704/1981/1704 1705/1982/1705
f 1702/1979/1702 1704/1981/1704 1727/2004/1727
f 1727/2004/1727 1704/1981/1704 1726/2003/1726
f 1701/1978/1701 1702/1979/1702 1728/2005/1728
f 1728/2005/1728 1702/1979/1702 1727/2004/1727
f 1729/2006/1729 1726/2003/1726 1730/2007/1730
f 1730/2007/1730 1726/2003/1726 1724/2001/1724
f 1727/2004/1727 1726/2003/1726 1731/2008/1731
f 1731/2008/1731 1726/2003/1726 1729/2006/1729
f 1732/2009/1732 1733/2010/1733 1734/2011/1734
f 1734/2011/1734 1733/2010/1733 1735/2012/1735
f 1733/2010/1733 1732/2009/1732 1736/2013/1736
f 1736/2013/1736 1732/2009/1732 1737/2014/1737
f 1734/2011/1734 1735/2012/1735 1738/2015/1738
f 1738/2015/1738 1735/2012/1735 1739/2016/1739
f 1736/2013/1736 1737/2014/1737 1740/2017/1740
f 1740/2017/1740 1737/2014/1737 1741/2018/1741
f 1739/2016/1739 1742/2019/1742 1738/2015/1738
f 1738/2015/1738 1742/2019/1742 1743/2020/1743
f 1742/2019/1742 1744/2021/1744 1743/2020/1743
f 1743/2020/1743 1744/2021/1744 1745/2022/1745
f 1744/2021/1744 1746/2023/1746 1745/2022/1745
f 1745/2022/1745 1746/2023/1746 1747/2024/1747
f 1746/2023/1746 1748/2025/1748 1747/2024/1747
f 1747/2024/1747 1748/2025/1748 1749/2026/1749
f 1740/2017/1740 1741/2018/1741 1750/2027/1750
f 1750/2027/1750 1741/2018/1741 1751/2028/1751
f 1748/2025/1748 1752/2029/1752 1749/2026/1749
f 1749/2026/1749 1752/2029/1752 1753/2030/1753
f 1750/2027/1750 1751/2028/1751 1754/2031/1754
f 1754/2031/1754 1751/2028/1751 1755/2032/1755
f 1752/2029/1752 1756/2033/1756 1753/2030/1753
f 1753/2030/1753 1756/2033/1756 1757/2034/1757
f 1754/2031/1754 1755/2032/1755 1758/2035/1758
f 1758/2035/1758 1755/2032/1755 1759/2036/1759
f 1756/2033/1756 1760/2037/1760 1757/2034/1757
f 1757/2034/1757 1760/2037/1760 1761/2038/1761
f 1759/2036/1759 1762/2039/1762 1758/2035/1758
f 1758/2035/1758 1762/2039/1762 1763/2040/1763
f 1761/2038/1761 1760/2037/1760 1764/2041/1764
f 1764/2041/1764 1760/2037/1760 1765/2042/1765
f 1766/2043/1766 1733/2044/1733 1767/2045/1767
f 1767/2045/1767 1733/2044/1733 1736/2046/1736
f 1733/2044/1733 1766/2043/1766 1735/2047/1735
f 1735/2047/1735 1766/2043/1766 1768/2048/1768
f 1768/2048/1768 1769/2049/1769 1735/2047/1735
f 1735/2047/1735 1769/2049/1769 1739/2050/1739
f 1736/2046/1736 1740/2051/1740 1767/2045/1767
f 1767/2045/1767 1740/2051/1740 1770/2052/1770
f 1739/2050/1739 1769/2049/1769 1742/2053/1742
f 1742/2053/1742 1769/2049/1769 1771/2054/1771
f 1771/2054/1771 1772/2055/1772 1742/2053/1742
f 1742/2053/1742 1772/2055/1772 1744/2056/1744
f 1772/2055/1772 1773/2057/1773 1744/2056/1744
f 1744/2056/1744 1773/2057/1773 1746/2058/1746
f 1746/2058/1746 1773/2057/1773 1748/2059/1748
f 1748/2059/1748 1773/2057/1773 1774/2060/1774
f 1740/2051/1740 1750/2061/1750 1770/2052/1770
f 1770/2052/1770 1750/2061/1750 1775/2062/1775
f 1748/2059/1748 1774/2060/1774 1752/2063/1752
f 1752/2063/1752 1774/2060/1774 1776/2064/1776
f 1750/2061/1750 1754/2065/1754 1775/2062/1775
f 1775/2062/1775 1754/2065/1754 1777/2066/1777
f 1752/2063/1752 1776/2064/1776 1756/2067/1756
f 1756/2067/1756 1776/2064/1776 1778/2068/1778
f 1754/2065/1754 1758/2069/1758 1777/2066/1777
f 1777/2066/1777 1758/2069/1758 1779/2070/1779
f 1756/2067/1756 1778/2068/1778 1760/2071/1760
f 1760/2071/1760 1778/2068/1778 1780/2072/1780
f 1758/2069/1758 1763/2073/1763 1779/2070/1779
f 1779/2070/1779 1763/2073/1763 1781/2074/1781
f 1760/2071/1760 1780/2072/1780 1765/2075/1765
f 1765/2075/1765 1780/2072/1780 1782/2076/1782
f 1732/2009/1732 1734/2011/1734 1695/1972/1695
f 1734/2011/1734 1738/2015/1738 1698/1975/1698
f 1738/2015/1738 1743/2020/1743 1697/1974/1697
f 1743/2020/1743 1745/2022/1745 1692/1969/1692
f 1667/1944/1667 1668/1945/1668 1737/2014/1737
f 1737/2014/1737 1668/1945/1668 1741/2018/1741
f 1673/1950/1673 1747/2024/1747 1674/1951/1674
f 1674/1951/1674 1747/2024/1747 1749/2026/1749
f 1741/2018/1741 1668/1945/1668 1751/2028/1751
f 1751/2028/1751 1668/1945/1668 1675/1952/1675
f 1749/2026/1749 1753/2030/1753 1674/1951/1674
f 1674/1951/1674 1753/2030/1753 1679/1956/1679
f 1751/2028/1751 1675/1952/1675 1755/2032/1755
f 1755/2032/1755 1675/1952/1675 1680/1957/1680
f 1753/2030/1753 1757/2034/1757 1679/1956/1679
f 1679/1956/1679 1757/2034/1757 1684/1961/1684
f 1755/2032/1755 1680/1957/1680 1759/2036/1759
f 1759/2036/1759 1680/1957/1680 1685/1962/1685
f 1757/2034/1757 1761/2038/1761 1684/1961/1684
f 1684/1961/1684 1761/2038/1761 1689/1966/1689
f 1759/2036/1759 1685/1962/1685 1762/2039/1762
f 1690/1967/1690 1762/2039/1762 1686/1963/1686
f 1686/1963/1686 1762/2039/1762 1685/1962/1685
f 1689/1966/1689 1761/2038/1761 1764/2041/1764
f 1692/1969/1692 1745/2022/1745 1673/1950/1673
f 1673/1950/1673 1745/2022/1745 1747/2024/1747
f 1695/1972/1695 1667/1944/1667 1732/2009/1732
f 1732/2009/1732 1667/1944/1667 1737/2014/1737
f 1697/1974/1697 1743/2020/1743 1691/1968/1691
f 1691/1968/1691 1743/2020/1743 1692/1969/1692
f 1698/1975/1698 1694/1971/1694 1734/2011/1734
f 1734/2011/1734 1694/1971/1694 1695/1972/1695
f 1738/2015/1738 1697/1974/1697 1696/1973/1696
f 1738/2015/1738 1696/1973/1696 1698/1975/1698
f 1690/1967/1690 1688/1965/1688 1764/2041/1764
f 1764/2041/1764 1688/1965/1688 1689/1966/1689
f 1766/2043/1766 1728/2005/1728 1768/2048/1768
f 1768/2048/1768 1731/2008/1731 1769/2049/1769
f 1769/2049/1769 1730/2007/1730 1771/2054/1771
f 1771/2054/1771 1725/2002/1725 1772/2055/1772
f 1770/2052/1770 1699/1976/1699 1767/2045/1767
f 1767/2045/1767 1699/1976/1699 1701/1978/1701
f 1707/1984/1707 1708/1985/1708 1773/2057/1773
f 1773/2057/1773 1708/1985/1708 1774/2060/1774
f 1770/2052/1770 1775/2062/1775 1699/1976/1699
f 1699/1976/1699 1775/2062/1775 1709/1986/1709
f 1713/1990/1713 1776/2064/1776 1708/1985/1708
f 1708/1985/1708 1776/2064/1776 1774/2060/1774
f 1775/2062/1775 1777/2066/1777 1709/1986/1709
f 1709/1986/1709 1777/2066/1777 1714/1991/1714
f 1718/1995/1718 1778/2068/1778 1713/1990/1713
f 1713/1990/1713 1778/2068/1778 1776/2064/1776
f 1777/2066/1777 1779/2070/1779 1714/1991/1714
f 1714/1991/1714 1779/2070/1779 1719/1996/1719
f 1723/2000/1723 1780/2072/1780 1718/1995/1718
f 1718/1995/1718 1780/2072/1780 1778/2068/1778
f 1779/2070/1779 1781/2074/1781 1719/1996/1719
f 1720/1997/1720 1783/2077/1783 1721/1998/1721
f 1723/2000/1723 1782/2076/1782 1780/2072/1780
f 1725/2002/1725 1707/1984/1707 1772/2055/1772
f 1772/2055/1772 1707/1984/1707 1773/2057/1773
f 1767/2045/1767 1701/1978/1701 1766/2043/1766
f 1766/2043/1766 1701/1978/1701 1728/2005/1728
f 1730/2007/1730 1724/2001/1724 1771/2054/1771
f 1771/2054/1771 1724/2001/1724 1725/2002/1725
f 1728/2005/1728 1727/2004/1727 1768/2048/1768
f 1768/2048/1768 1727/2004/1727 1731/2008/1731
f 1769/2049/1769 1729/2006/1729 1730/2007/1730
f 1769/2049/1769 1731/2008/1731 1729/2006/1729
f 1784/2078/1784 1722/1999/1722 1721/1998/1721
f 1765/2075/1765 1782/2076/1782 1785/2079/1785
f 1785/2079/1785 1782/2076/1782 1784/2078/1784
f 1723/2000/1723 1722/1999/1722 1782/2076/1782
f 1782/2076/1782 1722/1999/1722 1784/2078/1784
f 1719/1996/1719 1781/2074/1781 1720/1997/1720
f 1720/1997/1720 1781/2074/1781 1783/2077/1783
f 1763/2073/1763 1786/2080/1786 1781/2074/1781
f 1781/2074/1781 1786/2080/1786 1783/2077/1783
f 1763/2040/1763 1762/2039/1762 1786/2081/1786
f 1786/2081/1786 1762/2039/1762 1690/1967/1690
f 1764/2041/1764 1765/2042/1765 1690/1967/1690
f 1690/1967/1690 1765/2042/1765 1785/2082/1785
f 1690/1967/1690 1787/2083/1787 1786/2081/1786
f 1786/2081/1786 1787/2083/1787 1788/2084/1788
f 1721/1998/1721 1789/2085/1789 1784/2078/1784
f 1784/2078/1784 1789/2085/1789 1790/2086/1790
f 1690/1967/1690 1785/2082/1785 1787/2083/1787
f 1787/2083/1787 1785/2082/1785 1791/2087/1791
f 1721/1998/1721 1783/2077/1783 1789/2085/1789
f 1789/2085/1789 1783/2077/1783 1792/2088/1792
f 1784/2078/1784 1790/2086/1790 1785/2079/1785
f 1785/2079/1785 1790/2086/1790 1791/2089/1791
f 1783/2077/1783 1786/2080/1786 1792/2088/1792
f 1792/2088/1792 1786/2080/1786 1788/2090/1788
f 1793/2091/1793 1794/2092/1794 1795/2093/1795
f 1795/2093/1795 1794/2092/1794 1796/2094/1796
f 1797/2095/1797 1798/2096/1798 1793/2091/1793
f 1793/2091/1793 1798/2096/1798 1794/2092/1794
f 1797/2095/1797 1799/2097/1799 1798/2096/1798
f 1798/2096/1798 1799/2097/1799 1800/2098/1800
f 1799/2097/1799 1801/2099/1801 1800/2098/1800
f 1800/2098/1800 1801/2099/1801 1802/2100/1802
f 1796/2094/1796 1794/2092/1794 1803/2101/1803
f 1803/2101/1803 1794/2092/1794 1804/2102/1804
f 1798/2096/1798 1805/2103/1805 1794/2092/1794
f 1794/2092/1794 1805/2103/1805 1804/2102/1804
f 1798/2096/1798 1800/2098/1800 1805/2103/1805
f 1805/2103/1805 1800/2098/1800 1806/2104/1806
f 1802/2100/1802 1807/2105/1807 1800/2098/1800
f 1800/2098/1800 1807/2105/1807 1806/2104/1806
f 1803/2101/1803 1804/2102/1804 1808/2106/1808
f 1808/2106/1808 1804/2102/1804 1809/2107/1809
f 1804/2102/1804 1805/2103/1805 1809/2107/1809
f 1809/2107/1809 1805/2103/1805 1810/2108/1810
f 1806/2104/1806 1811/2109/1811 1805/2103/1805
f 1805/2103/1805 1811/2109/1811 1810/2108/1810
f 1807/2105/1807 1812/2110/1812 1806/2104/1806
f 1806/2104/1806 1812/2110/1812 1811/2109/1811
f 1808/2106/1808 1809/2107/1809 1813/2111/1813
f 1813/2111/1813 1809/2107/1809 1814/2112/1814
f 1809/2107/1809 1810/2108/1810 1814/2112/1814
f 1814/2112/1814 1810/2108/1810 1815/2113/1815
f 1811/2109/1811 1816/2114/1816 1810/2108/1810
f 1810/2108/1810 1816/2114/1816 1815/2113/1815
f 1812/2110/1812 1817/2115/1817 1811/2109/1811
f 1811/2109/1811 1817/2115/1817 1816/2114/1816
f 1818/2116/1818 1815/2113/1815 1816/2114/1816
f 1819/2117/1819 1820/2118/1820 1799/2097/1799
f 1799/2097/1799 1820/2118/1820 1801/2099/1801
f 1821/2119/1821 1819/2117/1819 1797/2095/1797
f 1797/2095/1797 1819/2117/1819 1799/2097/1799
f 1821/2119/1821 1797/2095/1797 1822/2120/1822
f 1822/2120/1822 1797/2095/1797 1793/2091/1793
f 1822/2120/1822 1793/2091/1793 1823/2121/1823
f 1823/2121/1823 1793/2091/1793 1795/2093/1795
f 1824/2122/1824 1825/2123/1825 1821/2119/1821
f 1821/2119/1821 1825/2123/1825 1819/2117/1819
f 1824/2122/1824 1821/2119/1821 1826/2124/1826
f 1826/2124/1826 1821/2119/1821 1822/2120/1822
f 1818/2116/1818 1814/2112/1814 1815/2113/1815
f 1827/2125/1827 1828/2126/1828 1829/2127/1829
f 1829/2127/1829 1828/2126/1828 1830/2128/1830
f 1828/2126/1828 1831/2129/1831 1830/2128/1830
f 1830/2128/1830 1831/2129/1831 1832/2130/1832
f 1832/2130/1832 1831/2129/1831 1833/2131/1833
f 1833/2131/1833 1831/2129/1831 1834/2132/1834
f 1833/2131/1833 1834/2132/1834 1835/2133/1835
f 1835/2133/1835 1834/2132/1834 1836/2134/1836
f 1827/2125/1827 1837/2135/1837 1828/2126/1828
f 1828/2126/1828 1837/2135/1837 1838/2136/1838
f 1838/2136/1838 1839/2137/1839 1828/2126/1828
f 1828/2126/1828 1839/2137/1839 1831/2129/1831
f 1831/2129/1831 1839/2137/1839 1834/2132/1834
f 1834/2132/1834 1839/2137/1839 1840/2138/1840
f 1840/2138/1840 1841/2139/1841 1834/2132/1834
f 1834/2132/1834 1841/2139/1841 1836/2134/1836
f 1837/2135/1837 1842/2140/1842 1838/2136/1838
f 1838/2136/1838 1842/2140/1842 1843/2141/1843
f 1838/2136/1838 1843/2141/1843 1839/2137/1839
f 1839/2137/1839 1843/2141/1843 1844/2142/1844
f 1844/2142/1844 1845/2143/1845 1839/2137/1839
f 1839/2137/1839 1845/2143/1845 1840/2138/1840
f 1845/2143/1845 1846/2144/1846 1840/2138/1840
f 1840/2138/1840 1846/2144/1846 1841/2139/1841
f 1842/2140/1842 1847/2145/1847 1843/2141/1843
f 1843/2141/1843 1847/2145/1847 1848/2146/1848
f 1843/2141/1843 1848/2146/1848 1844/2142/1844
f 1844/2142/1844 1848/2146/1848 1849/2147/1849
f 1849/2147/1849 1850/2148/1850 1844/2142/1844
f 1844/2142/1844 1850/2148/1850 1845/2143/1845
f 1850/2148/1850 1851/2149/1851 1845/2143/1845
f 1845/2143/1845 1851/2149/1851 1846/2144/1846
f 1852/2150/1852 1833/2131/1833 1853/2151/1853
f 1853/2151/1853 1833/2131/1833 1835/2133/1835
f 1854/2152/1854 1832/2130/1832 1852/2150/1852
f 1852/2150/1852 1832/2130/1832 1833/2131/1833
f 1830/2128/1830 1832/2130/1832 1855/2153/1855
f 1855/2153/1855 1832/2130/1832 1854/2152/1854
f 1829/2127/1829 1830/2128/1830 1856/2154/1856
f 1856/2154/1856 1830/2128/1830 1855/2153/1855
f 1857/2155/1857 1854/2152/1854 1858/2156/1858
f 1858/2156/1858 1854/2152/1854 1852/2150/1852
f 1855/2153/1855 1854/2152/1854 1859/2157/1859
f 1859/2157/1859 1854/2152/1854 1857/2155/1857
f 1860/2158/1860 1861/2159/1861 1862/2160/1862
f 1862/2160/1862 1861/2159/1861 1863/2161/1863
f 1861/2159/1861 1860/2158/1860 1864/2162/1864
f 1864/2162/1864 1860/2158/1860 1865/2163/1865
f 1862/2160/1862 1863/2161/1863 1866/2164/1866
f 1866/2164/1866 1863/2161/1863 1867/2165/1867
f 1864/2162/1864 1865/2163/1865 1868/2166/1868
f 1868/2166/1868 1865/2163/1865 1869/2167/1869
f 1867/2165/1867 1870/2168/1870 1866/2164/1866
f 1866/2164/1866 1870/2168/1870 1871/2169/1871
f 1870/2168/1870 1872/2170/1872 1871/2169/1871
f 1871/2169/1871 1872/2170/1872 1873/2171/1873
f 1872/2170/1872 1874/2172/1874 1873/2171/1873
f 1873/2171/1873 1874/2172/1874 1875/2173/1875
f 1874/2172/1874 1876/2174/1876 1875/2173/1875
f 1875/2173/1875 1876/2174/1876 1877/2175/1877
f 1868/2166/1868 1869/2167/1869 1878/2176/1878
f 1878/2176/1878 1869/2167/1869 1879/2177/1879
f 1876/2174/1876 1880/2178/1880 1877/2175/1877
f 1877/2175/1877 1880/2178/1880 1881/2179/1881
f 1878/2176/1878 1879/2177/1879 1882/2180/1882
f 1882/2180/1882 1879/2177/1879 1883/2181/1883
f 1880/2178/1880 1884/2182/1884 1881/2179/1881
f 1881/2179/1881 1884/2182/1884 1885/2183/1885
f 1882/2180/1882 1883/2181/1883 1886/2184/1886
f 1886/2184/1886 1883/2181/1883 1887/2185/1887
f 1884/2182/1884 1888/2186/1888 1885/2183/1885
f 1885/2183/1885 1888/2186/1888 1889/2187/1889
f 1887/2185/1887 1890/2188/1890 1886/2184/1886
f 1886/2184/1886 1890/2188/1890 1891/2189/1891
f 1889/2187/1889 1888/2186/1888 1892/2190/1892
f 1892/2190/1892 1888/2186/1888 1893/2191/1893
f 1894/2192/1894 1861/2193/1861 1895/2194/1895
f 1895/2194/1895 1861/2193/1861 1864/2195/1864
f 1861/2193/1861 1894/2192/1894 1863/2196/1863
f 1863/2196/1863 1894/2192/1894 1896/2197/1896
f 1896/2197/1896 1897/2198/1897 1863/2196/1863
f 1863/2196/1863 1897/2198/1897 1867/2199/1867
f 1864/2195/1864 1868/2200/1868 1895/2194/1895
f 1895/2194/1895 1868/2200/1868 1898/2201/1898
f 1867/2199/1867 1897/2198/1897 1870/2202/1870
f 1870/2202/1870 1897/2198/1897 1899/2203/1899
f 1899/2203/1899 1900/2204/1900 1870/2202/1870
f 1870/2202/1870 1900/2204/1900 1872/2205/1872
f 1900/2204/1900 1901/2206/1901 1872/2205/1872
f 1872/2205/1872 1901/2206/1901 1874/2207/1874
f 1874/2207/1874 1901/2206/1901 1876/2208/1876
f 1876/2208/1876 1901/2206/1901 1902/2209/1902
f 1868/2200/1868 1878/2210/1878 1898/2201/1898
f 1898/2201/1898 1878/2210/1878 1903/2211/1903
f 1876/2208/1876 1902/2209/1902 1880/2212/1880
f 1880/2212/1880 1902/2209/1902 1904/2213/1904
f 1878/2210/1878 1882/2214/1882 1903/2211/1903
f 1903/2211/1903 1882/2214/1882 1905/2215/1905
f 1880/2212/1880 1904/2213/1904 1884/2216/1884
f 1884/2216/1884 1904/2213/1904 1906/2217/1906
f 1882/2214/1882 1886/2218/1886 1905/2215/1905
f 1905/2215/1905 1886/2218/1886 1907/2219/1907
f 1884/2216/1884 1906/2217/1906 1888/2220/1888
f 1888/2220/1888 1906/2217/1906 1908/2221/1908
f 1886/2218/1886 1891/2222/1891 1907/2219/1907
f 1907/2219/1907 1891/2222/1891 1909/2223/1909
f 1888/2220/1888 1908/2221/1908 1893/2224/1893
f 1893/2224/1893 1908/2221/1908 1910/2225/1910
f 1860/2158/1860 1862/2160/1862 1823/2121/1823
f 1862/2160/1862 1866/2164/1866 1826/2124/1826
f 1866/2164/1866 1871/2169/1871 1825/2123/1825
f 1871/2169/1871 1873/2171/1873 1820/2118/1820
f 1795/2093/1795 1796/2094/1796 1865/2163/1865
f 1865/2163/1865 1796/2094/1796 1869/2167/1869
f 1801/2099/1801 1875/2173/1875 1802/2100/1802
f 1802/2100/1802 1875/2173/1875 1877/2175/1877
f 1869/2167/1869 1796/2094/1796 1879/2177/1879
f 1879/2177/1879 1796/2094/1796 1803/2101/1803
f 1877/2175/1877 1881/2179/1881 1802/2100/1802
f 1802/2100/1802 1881/2179/1881 1807/2105/1807
f 1879/2177/1879 1803/2101/1803 1883/2181/1883
f 1883/2181/1883 1803/2101/1803 1808/2106/1808
f 1881/2179/1881 1885/2183/1885 1807/2105/1807
f 1807/2105/1807 1885/2183/1885 1812/2110/1812
f 1883/2181/1883 1808/2106/1808 1887/2185/1887
f 1887/2185/1887 1808/2106/1808 1813/2111/1813
f 1885/2183/1885 1889/2187/1889 1812/2110/1812
f 1812/2110/1812 1889/2187/1889 1817/2115/1817
f 1887/2185/1887 1813/2111/1813 1890/2188/1890
f 1818/2116/1818 1890/2188/1890 1814/2112/1814
f 1814/2112/1814 1890/2188/1890 1813/2111/1813
f 1817/2115/1817 1889/2187/1889 1892/2190/1892
f 1820/2118/1820 1873/2171/1873 1801/2099/1801
f 1801/2099/1801 1873/2171/1873 1875/2173/1875
f 1823/2121/1823 1795/2093/1795 1860/2158/1860
f 1860/2158/1860 1795/2093/1795 1865/2163/1865
f 1825/2123/1825 1871/2169/1871 1819/2117/1819
f 1819/2117/1819 1871/2169/1871 1820/2118/1820
f 1826/2124/1826 1822/2120/1822 1862/2160/1862
f 1862/2160/1862 1822/2120/1822 1823/2121/1823
f 1866/2164/1866 1825/2123/1825 1824/2122/1824
f 1866/2164/1866 1824/2122/1824 1826/2124/1826
f 1818/2116/1818 1816/2114/1816 1892/2190/1892
f 1892/2190/1892 1816/2114/1816 1817/2115/1817
f 1894/2192/1894 1856/2154/1856 1896/2197/1896
f 1896/2197/1896 1859/2157/1859 1897/2198/1897
f 1897/2198/1897 1858/2156/1858 1899/2203/1899
f 1899/2203/1899 1853/2151/1853 1900/2204/1900
f 1898/2201/1898 1827/2125/1827 1895/2194/1895
f 1895/2194/1895 1827/2125/1827 1829/2127/1829
f 1835/2133/1835 1836/2134/1836 1901/2206/1901
f 1901/2206/1901 1836/2134/1836 1902/2209/1902
f 1898/2201/1898 1903/2211/1903 1827/2125/1827
f 1827/2125/1827 1903/2211/1903 1837/2135/1837
f 1841/2139/1841 1904/2213/1904 1836/2134/1836
f 1836/2134/1836 1904/2213/1904 1902/2209/1902
f 1903/2211/1903 1905/2215/1905 1837/2135/1837
f 1837/2135/1837 1905/2215/1905 1842/2140/1842
f 1846/2144/1846 1906/2217/1906 1841/2139/1841
f 1841/2139/1841 1906/2217/1906 1904/2213/1904
f 1905/2215/1905 1907/2219/1907 1842/2140/1842
f 1842/2140/1842 1907/2219/1907 1847/2145/1847
f 1851/2149/1851 1908/2221/1908 1846/2144/1846
f 1846/2144/1846 1908/2221/1908 1906/2217/1906
f 1907/2219/1907 1909/2223/1909 1847/2145/1847
f 1848/2146/1848 1911/2226/1911 1849/2147/1849
f 1851/2149/1851 1910/2225/1910 1908/2221/1908
f 1853/2151/1853 1835/2133/1835 1900/2204/1900
f 1900/2204/1900 1835/2133/1835 1901/2206/1901
f 1895/2194/1895 1829/2127/1829 1894/2192/1894
f 1894/2192/1894 1829/2127/1829 1856/2154/1856
f 1858/2156/1858 1852/2150/1852 1899/2203/1899
f 1899/2203/1899 1852/2150/1852 1853/2151/1853
f 1856/2154/1856 1855/2153/1855 1896/2197/1896
f 1896/2197/1896 1855/2153/1855 1859/2157/1859
f 1897/2198/1897 1857/2155/1857 1858/2156/1858
f 1897/2198/1897 1859/2157/1859 1857/2155/1857
f 1912/2227/1912 1850/2148/1850 1849/2147/1849
f 1893/2224/1893 1910/2225/1910 1913/2228/1913
f 1913/2228/1913 1910/2225/1910 1912/2227/1912
f 1851/2149/1851 1850/2148/1850 1910/2225/1910
f 1910/2225/1910 1850/2148/1850 1912/2227/1912
f 1847/2145/1847 1909/2223/1909 1848/2146/1848
f 1848/2146/1848 1909/2223/1909 1911/2226/1911
f 1891/2222/1891 1914/2229/1914 1909/2223/1909
f 1909/2223/1909 1914/2229/1914 1911/2226/1911
f 1891/2189/1891 1890/2188/1890 1914/2230/1914
f 1914/2230/1914 1890/2188/1890 1818/2116/1818
f 1892/2190/1892 1893/2191/1893 1818/2116/1818
f 1818/2116/1818 1893/2191/1893 1913/2231/1913
f 1818/2116/1818 1915/2232/1915 1914/2230/1914
f 1914/2230/1914 1915/2232/1915 1916/2233/1916
f 1849/2147/1849 1917/2234/1917 1912/2227/1912
f 1912/2227/1912 1917/2234/1917 1918/2235/1918
f 1818/2116/1818 1913/2231/1913 1915/2232/1915
f 1915/2232/1915 1913/2231/1913 1919/2236/1919
f 1849/2147/1849 1911/2226/1911 1917/2234/1917
f 1917/2234/1917 1911/2226/1911 1920/2237/1920
f 1912/2227/1912 1918/2235/1918 1913/2228/1913
f 1913/2228/1913 1918/2235/1918 1919/2238/1919
f 1911/2226/1911 1914/2229/1914 1920/2237/1920
f 1920/2237/1920 1914/2229/1914 1916/2239/1916
f 1921/2240/1921 1922/2241/1922 1923/2242/1923
f 1923/2242/1923 1922/2241/1922 1924/2243/1924
f 1925/2244/1925 1926/2245/1926 1921/2240/1921
f 1921/2240/1921 1926/2245/1926 1922/2241/1922
f 1925/2244/1925 1927/2246/1927 1926/2245/1926
f 1926/2245/1926 1927/2246/1927 1928/2247/1928
f 1927/2246/1927 1929/2248/1929 1928/2247/1928
f 1928/2247/1928 1929/2248/1929 1930/2249/1930
f 1924/2243/1924 1922/2241/1922 1931/2250/1931
f 1931/2250/1931 1922/2241/1922 1932/2251/1932
f 1926/2245/1926 1933/2252/1933 1922/2241/1922
f 1922/2241/1922 1933/2252/1933 1932/2251/1932
f 1926/2245/1926 1928/2247/1928 1933/2252/1933
f 1933/2252/1933 1928/2247/1928 1934/2253/1934
f 1930/2249/1930 1935/2254/1935 1928/2247/1928
f 1928/2247/1928 1935/2254/1935 1934/2253/1934
f 1931/2250/1931 1932/2251/1932 1936/2255/1936
f 1936/2255/1936 1932/2251/1932 1937/2256/1937
f 1932/2251/1932 1933/2252/1933 1937/2256/1937
f 1937/2256/1937 1933/2252/1933 1938/2257/1938
f 1934/2253/1934 1939/2258/1939 1933/2252/1933
f 1933/2252/1933 1939/2258/1939 1938/2257/1938
f 1935/2254/1935 1940/2259/1940 1934/2253/1934
f 1934/2253/1934 1940/2259/1940 1939/2258/1939
f 1936/2255/1936 1937/2256/1937 1941/2260/1941
f 1941/2260/1941 1937/2256/1937 1942/2261/1942
f 1937/2256/1937 1938/2257/1938 1942/2261/1942
f 1942/2261/1942 1938/2257/1938 1943/2262/1943
f 1939/2258/1939 1944/2263/1944 1938/2257/1938
f 1938/2257/1938 1944/2263/1944 1943/2262/1943
f 1940/2259/1940 1945/2264/1945 1939/2258/1939
f 1939/2258/1939 1945/2264/1945 1944/2263/1944
f 1946/2265/1946 1943/2262/1943 1944/2263/1944
f 1947/2266/1947 1948/2267/1948 1927/2246/1927
f 1927/2246/1927 1948/2267/1948 1929/2248/1929
f 1949/2268/1949 1947/2266/1947 1925/2244/1925
f 1925/2244/1925 1947/2266/1947 1927/2246/1927
f 1949/2268/1949 1925/2244/1925 1950/2269/1950
f 1950/2269/1950 1925/2244/1925 1921/2240/1921
f 1950/2269/1950 1921/2240/1921 1951/2270/1951
f 1951/2270/1951 1921/2240/1921 1923/2242/1923
f 1952/2271/1952 1953/2272/1953 1949/2268/1949
f 1949/2268/1949 1953/2272/1953 1947/2266/1947
f 1952/2271/1952 1949/2268/1949 1954/2273/1954
f 1954/2273/1954 1949/2268/1949 1950/2269/1950
f 1946/2265/1946 1942/2261/1942 1943/2262/1943
f 1955/2274/1955 1956/2275/1956 1957/2276/1957
f 1957/2276/1957 1956/2275/1956 1958/2277/1958
f 1956/2275/1956 1959/2278/1959 1958/2277/1958
f 1958/2277/1958 1959/2278/1959 1960/2279/1960
f 1960/2279/1960 1959/2278/1959 1961/2280/1961
f 1961/2280/1961 1959/2278/1959 1962/2281/1962
f 1961/2280/1961 1962/2281/1962 1963/2282/1963
f 1963/2282/1963 1962/2281/1962 1964/2283/1964
f 1955/2274/1955 1965/2284/1965 1956/2275/1956
f 1956/2275/1956 1965/2284/1965 1966/2285/1966
f 1966/2285/1966 1967/2286/1967 1956/2275/1956
f 1956/2275/1956 1967/2286/1967 1959/2278/1959
f 1959/2278/1959 1967/2286/1967 1962/2281/1962
f 1962/2281/1962 1967/2286/1967 1968/2287/1968
f 1968/2287/1968 1969/2288/1969 1962/2281/1962
f 1962/2281/1962 1969/2288/1969 1964/2283/1964
f 1965/2284/1965 1970/2289/1970 1966/2285/1966
f 1966/2285/1966 1970/2289/1970 1971/2290/1971
f 1966/2285/1966 1971/2290/1971 1967/2286/1967
f 1967/2286/1967 1971/2290/1971 1972/2291/1972
f 1972/2291/1972 1973/2292/1973 1967/2286/1967
f 1967/2286/1967 1973/2292/1973 1968/2287/1968
f 1973/2292/1973 1974/2293/1974 1968/2287/1968
f 1968/2287/1968 1974/2293/1974 1969/2288/1969
f 1970/2289/1970 1975/2294/1975 1971/2290/1971
f 1971/2290/1971 1975/2294/1975 1976/2295/1976
f 1971/2290/1971 1976/2295/1976 1972/2291/1972
f 1972/2291/1972 1976/2295/1976 1977/2296/1977
f 1977/2296/1977 1978/2297/1978 1972/2291/1972
f 1972/2291/1972 1978/2297/1978 1973/2292/1973
f 1978/2297/1978 1979/2298/1979 1973/2292/1973
f 1973/2292/1973 1979/2298/1979 1974/2293/1974
f 1980/2299/1980 1961/2280/1961 1981/2300/1981
f 1981/2300/1981 1961/2280/1961 1963/2282/1963
f 1982/2301/1982 1960/2279/1960 1980/2299/1980
f 1980/2299/1980 1960/2279/1960 1961/2280/1961
f 1958/2277/1958 1960/2279/1960 1983/2302/1983
f 1983/2302/1983 1960/2279/1960 1982/2301/1982
f 1957/2276/1957 1958/2277/1958 1984/2303/1984
f 1984/2303/1984 1958/2277/1958 1983/2302/1983
f 1985/2304/1985 1982/2301/1982 1986/2305/1986
f 1986/2305/1986 1982/2301/1982 1980/2299/1980
f 1983/2302/1983 1982/2301/1982 1987/2306/1987
f 1987/2306/1987 1982/2301/1982 1985/2304/1985
f 1988/2307/1988 1989/2308/1989 1990/2309/1990
f 1990/2309/1990 1989/2308/1989 1991/2310/1991
f 1989/2308/1989 1988/2307/1988 1992/2311/1992
f 1992/2311/1992 1988/2307/1988 1993/2312/1993
f 1990/2309/1990 1991/2310/1991 1994/2313/1994
f 1994/2313/1994 1991/2310/1991 1995/2314/1995
f 1992/2311/1992 1993/2312/1993 1996/2315/1996
f 1996/2315/1996 1993/2312/1993 1997/2316/1997
f 1995/2314/1995 1998/2317/1998 1994/2313/1994
f 1994/2313/1994 1998/2317/1998 1999/2318/1999
f 1998/2317/1998 2000/2319/2000 1999/2318/1999
f 1999/2318/1999 2000/2319/2000 2001/2320/2001
f 2000/2319/2000 2002/2321/2002 2001/2320/2001
f 2001/2320/2001 2002/2321/2002 2003/2322/2003
f 2002/2321/2002 2004/2323/2004 2003/2322/2003
f 2003/2322/2003 2004/2323/2004 2005/2324/2005
f 1996/2315/1996 1997/2316/1997 2006/2325/2006
f 2006/2325/2006 1997/2316/1997 2007/2326/2007
f 2004/2323/2004 2008/2327/2008 2005/2324/2005
f 2005/2324/2005 2008/2327/2008 2009/2328/2009
f 2006/2325/2006 2007/2326/2007 2010/2329/2010
f 2010/2329/2010 2007/2326/2007 2011/2330/2011
f 2008/2327/2008 2012/2331/2012 2009/2328/2009
f 2009/2328/2009 2012/2331/2012 2013/2332/2013
f 2010/2329/2010 2011/2330/2011 2014/2333/2014
f 2014/2333/2014 2011/2330/2011 2015/2334/2015
f 2012/2331/2012 2016/2335/2016 2013/2332/2013
f 2013/2332/2013 2016/2335/2016 2017/2336/2017
f 2015/2334/2015 2018/2337/2018 2014/2333/2014
f 2014/2333/2014 2018/2337/2018 2019/2338/2019
f 2017/2336/2017 2016/2335/2016 2020/2339/2020
f 2020/2339/2020 2016/2335/2016 2021/2340/2021
f 2022/2341/2022 1989/2342/1989 2023/2343/2023
f 2023/2343/2023 1989/2342/1989 1992/2344/1992
f 1989/2342/1989 2022/2341/2022 1991/2345/1991
f 1991/2345/1991 2022/2341/2022 2024/2346/2024
f 2024/2346/2024 2025/2347/2025 1991/2345/1991
f 1991/2345/1991 2025/2347/2025 1995/2348/1995
f 1992/2344/1992 1996/2349/1996 2023/2343/2023
f 2023/2343/2023 1996/2349/1996 2026/2350/2026
f 1995/2348/1995 2025/2347/2025 1998/2351/1998
f 1998/2351/1998 2025/2347/2025 2027/2352/2027
f 2027/2352/2027 2028/2353/2028 1998/2351/1998
f 1998/2351/1998 2028/2353/2028 2000/2354/2000
f 2028/2353/2028 2029/2355/2029 2000/2354/2000
f 2000/2354/2000 2029/2355/2029 2002/2356/2002
f 2002/2356/2002 2029/2355/2029 2004/2357/2004
f 2004/2357/2004 2029/2355/2029 2030/2358/2030
f 1996/2349/1996 2006/2359/2006 2026/2350/2026
f 2026/2350/2026 2006/2359/2006 2031/2360/2031
f 2004/2357/2004 2030/2358/2030 2008/2361/2008
f 2008/2361/2008 2030/2358/2030 2032/2362/2032
f 2006/2359/2006 2010/2363/2010 2031/2360/2031
f 2031/2360/2031 2010/2363/2010 2033/2364/2033
f 2008/2361/2008 2032/2362/2032 2012/2365/2012
f 2012/2365/2012 2032/2362/2032 2034/2366/2034
f 2010/2363/2010 2014/2367/2014 2033/2364/2033
f 2033/2364/2033 2014/2367/2014 2035/2368/2035
f 2012/2365/2012 2034/2366/2034 2016/2369/2016
f 2016/2369/2016 2034/2366/2034 2036/2370/2036
f 2014/2367/2014 2019/2371/2019 2035/2368/2035
f 2035/2368/2035 2019/2371/2019 2037/2372/2037
f 2016/2369/2016 2036/2370/2036 2021/2373/2021
f 2021/2373/2021 2036/2370/2036 2038/2374/2038
f 1988/2307/1988 1990/2309/1990 1951/2270/1951
f 1990/2309/1990 1994/2313/1994 1954/2273/1954
f 1994/2313/1994 1999/2318/1999 1953/2272/1953
f 1999/2318/1999 2001/2320/2001 1948/2267/1948
f 1923/2242/1923 1924/2243/1924 1993/2312/1993
f 1993/2312/1993 1924/2243/1924 1997/2316/1997
f 1929/2248/1929 2003/2322/2003 1930/2249/1930
f 1930/2249/1930 2003/2322/2003 2005/2324/2005
f 1997/2316/1997 1924/2243/1924 2007/2326/2007
f 2007/2326/2007 1924/2243/1924 1931/2250/1931
f 2005/2324/2005 2009/2328/2009 1930/2249/1930
f 1930/2249/1930 2009/2328/2009 1935/2254/1935
f 2007/2326/2007 1931/2250/1931 2011/2330/2011
f 2011/2330/2011 1931/2250/1931 1936/2255/1936
f 2009/2328/2009 2013/2332/2013 1935/2254/1935
f 1935/2254/1935 2013/2332/2013 1940/2259/1940
f 2011/2330/2011 1936/2255/1936 2015/2334/2015
f 2015/2334/2015 1936/2255/1936 1941/2260/1941
f 2013/2332/2013 2017/2336/2017 1940/2259/1940
f 1940/2259/1940 2017/2336/2017 1945/2264/1945
f 2015/2334/2015 1941/2260/1941 2018/2337/2018
f 1946/2265/1946 2018/2337/2018 1942/2261/1942
f 1942/2261/1942 2018/2337/2018 1941/2260/1941
f 1945/2264/1945 2017/2336/2017 2020/2339/2020
f 1948/2267/1948 2001/2320/2001 1929/2248/1929
f 1929/2248/1929 2001/2320/2001 2003/2322/2003
f 1951/2270/1951 1923/2242/1923 1988/2307/1988
f 1988/2307/1988 1923/2242/1923 1993/2312/1993
f 1953/2272/1953 1999/2318/1999 1947/2266/1947
f 1947/2266/1947 1999/2318/1999 1948/2267/1948
f 1954/2273/1954 1950/2269/1950 1990/2309/1990
f 1990/2309/1990 1950/2269/1950 1951/2270/1951
f 1994/2313/1994 1953/2272/1953 1952/2271/1952
f 1994/2313/1994 1952/2271/1952 1954/2273/1954
f 1946/2265/1946 1944/2263/1944 2020/2339/2020
f 2020/2339/2020 1944/2263/1944 1945/2264/1945
f 2022/2341/2022 1984/2303/1984 2024/2346/2024
f 2024/2346/2024 1987/2306/1987 2025/2347/2025
f 2025/2347/2025 1986/2305/1986 2027/2352/2027
f 2027/2352/2027 1981/2300/1981 2028/2353/2028
f 2026/2350/2026 1955/2274/1955 2023/2343/2023
f 2023/2343/2023 1955/2274/1955 1957/2276/1957
f 1963/2282/1963 1964/2283/1964 2029/2355/2029
f 2029/2355/2029 1964/2283/1964 2030/2358/2030
f 2026/2350/2026 2031/2360/2031 1955/2274/1955
f 1955/2274/1955 2031/2360/2031 1965/2284/1965
f 1969/2288/1969 2032/2362/2032 1964/2283/1964
f 1964/2283/1964 2032/2362/2032 2030/2358/2030
f 2031/2360/2031 2033/2364/2033 1965/2284/1965
f 1965/2284/1965 2033/2364/2033 1970/2289/1970
f 1974/2293/1974 2034/2366/2034 1969/2288/1969
f 1969/2288/1969 2034/2366/2034 2032/2362/2032
f 2033/2364/2033 2035/2368/2035 1970/2289/1970
f 1970/2289/1970 2035/2368/2035 1975/2294/1975
f 1979/2298/1979 2036/2370/2036 1974/2293/1974
f 1974/2293/1974 2036/2370/2036 2034/2366/2034
f 2035/2368/2035 2037/2372/2037 1975/2294/1975
f 1976/2295/1976 2039/2375/2039 1977/2296/1977
f 1979/2298/1979 2038/2374/2038 2036/2370/2036
f 1981/2300/1981 1963/2282/1963 2028/2353/2028
f 2028/2353/2028 1963/2282/1963 2029/2355/2029
f 2023/2343/2023 1957/2276/1957 2022/2341/2022
f 2022/2341/2022 1957/2276/1957 1984/2303/1984
f 1986/2305/1986 1980/2299/1980 2027/2352/2027
f 2027/2352/2027 1980/2299/1980 1981/2300/1981
f 1984/2303/1984 1983/2302/1983 2024/2346/2024
f 2024/2346/2024 1983/2302/1983 1987/2306/1987
f 2025/2347/2025 1985/2304/1985 1986/2305/1986
f 2025/2347/2025 1987/2306/1987 1985/2304/1985
f 2040/2376/2040 1978/2297/1978 1977/2296/1977
f 2021/2373/2021 2038/2374/2038 2041/2377/2041
f 2041/2377/2041 2038/2374/2038 2040/2376/2040
f 1979/2298/1979 1978/2297/1978 2038/2374/2038
f 2038/2374/2038 1978/2297/1978 2040/2376/2040
f 1975/2294/1975 2037/2372/2037 1976/2295/1976
f 1976/2295/1976 2037/2372/2037 2039/2375/2039
f 2019/2371/2019 2042/2378/2042 2037/2372/2037
f 2037/2372/2037 2042/2378/2042 2039/2375/2039
f 2019/2338/2019 2018/2337/2018 2042/2379/2042
f 2042/2379/2042 2018/2337/2018 1946/2265/1946
f 2020/2339/2020 2021/2340/2021 1946/2265/1946
f 1946/2265/1946 2021/2340/2021 2041/2380/2041
f 1946/2265/1946 2043/2381/2043 2042/2379/2042
f 2042/2379/2042 2043/2381/2043 2044/2382/2044
f 1977/2296/1977 2045/2383/2045 2040/2376/2040
f 2040/2376/2040 2045/2383/2045 2046/2384/2046
f 1946/2265/1946 2041/2380/2041 2043/2381/2043
f 2043/2381/2043 2041/2380/2041 2047/2385/2047
f 1977/2296/1977 2039/2375/2039 2045/2383/2045
f 2045/2383/2045 2039/2375/2039 2048/2386/2048
f 2040/2376/2040 2046/2384/2046 2041/2377/2041
f 2041/2377/2041 2046/2384/2046 2047/2387/2047
f 2039/2375/2039 2042/2378/2042 2048/2386/2048
f 2048/2386/2048 2042/2378/2042 2044/2388/2044
f 2049/2389/2049 2050/2390/2050 2051/2391/2051
f 2051/2391/2051 2050/2390/2050 2052/2392/2052
f 2053/2393/2053 2054/2394/2054 2049/2389/2049
f 2049/2389/2049 2054/2394/2054 2050/2390/2050
f 2053/2393/2053 2055/2395/2055 2054/2394/2054
f 2054/2394/2054 2055/2395/2055 2056/2396/2056
f 2055/2395/2055 2057/2397/2057 2056/2396/2056
f 2056/2396/2056 2057/2397/2057 2058/2398/2058
f 2052/2392/2052 2050/2390/2050 2059/2399/2059
f 2059/2399/2059 2050/2390/2050 2060/2400/2060
f 2054/2394/2054 2061/2401/2061 2050/2390/2050
f 2050/2390/2050 2061/2401/2061 2060/2400/2060
f 2054/2394/2054 2056/2396/2056 2061/2401/2061
f 2061/2401/2061 2056/2396/2056 2062/2402/2062
f 2058/2398/2058 2063/2403/2063 2056/2396/2056
f 2056/2396/2056 2063/2403/2063 2062/2402/2062
f 2059/2399/2059 2060/2400/2060 2064/2404/2064
f 2064/2404/2064 2060/2400/2060 2065/2405/2065
f 2060/2400/2060 2061/2401/2061 2065/2405/2065
f 2065/2405/2065 2061/2401/2061 2066/2406/2066
f 2062/2402/2062 2067/2407/2067 2061/2401/2061
f 2061/2401/2061 2067/2407/2067 2066/2406/2066
f 2063/2403/2063 2068/2408/2068 2062/2402/2062
f 2062/2402/2062 2068/2408/2068 2067/2407/2067
f 2064/2404/2064 2065/2405/2065 2069/2409/2069
f 2069/2409/2069 2065/2405/2065 2070/2410/2070
f 2065/2405/2065 2066/2406/2066 2070/2410/2070
f 2070/2410/2070 2066/2406/2066 2071/2411/2071
f 2067/2407/2067 2072/2412/2072 2066/2406/2066
f 2066/2406/2066 2072/2412/2072 2071/2411/2071
f 2068/2408/2068 2073/2413/2073 2067/2407/2067
f 2067/2407/2067 2073/2413/2073 2072/2412/2072
f 2074/2414/2074 2071/2411/2071 2072/2412/2072
f 2075/2415/2075 2076/2416/2076 2055/2395/2055
f 2055/2395/2055 2076/2416/2076 2057/2397/2057
f 2077/2417/2077 2075/2415/2075 2053/2393/2053
f 2053/2393/2053 2075/2415/2075 2055/2395/2055
f 2077/2417/2077 2053/2393/2053 2078/2418/2078
f 2078/2418/2078 2053/2393/2053 2049/2389/2049
f 2078/2418/2078 2049/2389/2049 2079/2419/2079
f 2079/2419/2079 2049/2389/2049 2051/2391/2051
f 2080/2420/2080 2081/2421/2081 2077/2417/2077
f 2077/2417/2077 2081/2421/2081 2075/2415/2075
f 2080/2420/2080 2077/2417/2077 2082/2422/2082
f 2082/2422/2082 2077/2417/2077 2078/2418/2078
f 2074/2414/2074 2070/2410/2070 2071/2411/2071
f 2083/2423/2083 2084/2424/2084 2085/2425/2085
f 2085/2425/2085 2084/2424/2084 2086/2426/2086
f 2084/2424/2084 2087/2427/2087 2086/2426/2086
f 2086/2426/2086 2087/2427/2087 2088/2428/2088
f 2088/2428/2088 2087/2427/2087 2089/2429/2089
f 2089/2429/2089 2087/2427/2087 2090/2430/2090
f 2089/2429/2089 2090/2430/2090 2091/2431/2091
f 2091/2431/2091 2090/2430/2090 2092/2432/2092
f 2083/2423/2083 2093/2433/2093 2084/2424/2084
f 2084/2424/2084 2093/2433/2093 2094/2434/2094
f 2094/2434/2094 2095/2435/2095 2084/2424/2084
f 2084/2424/2084 2095/2435/2095 2087/2427/2087
f 2087/2427/2087 2095/2435/2095 2090/2430/2090
f 2090/2430/2090 2095/2435/2095 2096/2436/2096
f 2096/2436/2096 2097/2437/2097 2090/2430/2090
f 2090/2430/2090 2097/2437/2097 2092/2432/2092
f 2093/2433/2093 2098/2438/2098 2094/2434/2094
f 2094/2434/2094 2098/2438/2098 2099/2439/2099
f 2094/2434/2094 2099/2439/2099 2095/2435/2095
f 2095/2435/2095 2099/2439/2099 2100/2440/2100
f 2100/2440/2100 2101/2441/2101 2095/2435/2095
f 2095/2435/2095 2101/2441/2101 2096/2436/2096
f 2101/2441/2101 2102/2442/2102 2096/2436/2096
f 2096/2436/2096 2102/2442/2102 2097/2437/2097
f 2098/2438/2098 2103/2443/2103 2099/2439/2099
f 2099/2439/2099 2103/2443/2103 2104/2444/2104
f 2099/2439/2099 2104/2444/2104 2100/2440/2100
f 2100/2440/2100 2104/2444/2104 2105/2445/2105
f 2105/2445/2105 2106/2446/2106 2100/2440/2100
f 2100/2440/2100 2106/2446/2106 2101/2441/2101
f 2106/2446/2106 2107/2447/2107 2101/2441/2101
f 2101/2441/2101 2107/2447/2107 2102/2442/2102
f 2108/2448/2108 2089/2429/2089 2109/2449/2109
f 2109/2449/2109 2089/2429/2089 2091/2431/2091
f 2110/2450/2110 2088/2428/2088 2108/2448/2108
f 2108/2448/2108 2088/2428/2088 2089/2429/2089
f 2086/2426/2086 2088/2428/2088 2111/2451/2111
f 2111/2451/2111 2088/2428/2088 2110/2450/2110
f 2085/2425/2085 2086/2426/2086 2112/2452/2112
f 2112/2452/2112 2086/2426/2086 2111/2451/2111
f 2113/2453/2113 2110/2450/2110 2114/2454/2114
f 2114/2454/2114 2110/2450/2110 2108/2448/2108
f 2111/2451/2111 2110/2450/2110 2115/2455/2115
f 2115/2455/2115 2110/2450/2110 2113/2453/2113
f 2116/2456/2116 2117/2457/2117 2118/2458/2118
f 2118/2458/2118 2117/2457/2117 2119/2459/2119
f 2117/2457/2117 2116/2456/2116 2120/2460/2120
f 2120/2460/2120 2116/2456/2116 2121/2461/2121
f 2118/2458/2118 2119/2459/2119 2122/2462/2122
f 2122/2462/2122 2119/2459/2119 2123/2463/2123
f 2120/2460/2120 2121/2461/2121 2124/2464/2124
f 2124/2464/2124 2121/2461/2121 2125/2465/2125
f 2123/2463/2123 2126/2466/2126 2122/2462/2122
f 2122/2462/2122 2126/2466/2126 2127/2467/2127
f 2126/2466/2126 2128/2468/2128 2127/2467/2127
f 2127/2467/2127 2128/2468/2128 2129/2469/2129
f 2128/2468/2128 2130/2470/2130 2129/2469/2129
f 2129/2469/2129 2130/2470/2130 2131/2471/2131
f 2130/2470/2130 2132/2472/2132 2131/2471/2131
f 2131/2471/2131 2132/2472/2132 2133/2473/2133
f 2124/2464/2124 2125/2465/2125 2134/2474/2134
f 2134/2474/2134 2125/2465/2125 2135/2475/2135
f 2132/2472/2132 2136/2476/2136 2133/2473/2133
f 2133/2473/2133 2136/2476/2136 2137/2477/2137
f 2134/2474/2134 2135/2475/2135 2138/2478/2138
f 2138/2478/2138 2135/2475/2135 2139/2479/2139
f 2136/2476/2136 2140/2480/2140 2137/2477/2137
f 2137/2477/2137 2140/2480/2140 2141/2481/2141
f 2138/2478/2138 2139/2479/2139 2142/2482/2142
f 2142/2482/2142 2139/2479/2139 2143/2483/2143
f 2140/2480/2140 2144/2484/2144 2141/2481/2141
f 2141/2481/2141 2144/2484/2144 2145/2485/2145
f 2143/2483/2143 2146/2486/2146 2142/2482/2142
f 2142/2482/2142 2146/2486/2146 2147/2487/2147
f 2145/2485/2145 2144/2484/2144 2148/2488/2148
f 2148/2488/2148 2144/2484/2144 2149/2489/2149
f 2150/2490/2150 2117/2491/2117 2151/2492/2151
f 2151/2492/2151 2117/2491/2117 2120/2493/2120
f 2117/2491/2117 2150/2490/2150 2119/2494/2119
f 2119/2494/2119 2150/2490/2150 2152/2495/2152
f 2152/2495/2152 2153/2496/2153 2119/2494/2119
f 2119/2494/2119 2153/2496/2153 2123/2497/2123
f 2120/2493/2120 2124/2498/2124 2151/2492/2151
f 2151/2492/2151 2124/2498/2124 2154/2499/2154
f 2123/2497/2123 2153/2496/2153 2126/2500/2126
f 2126/2500/2126 2153/2496/2153 2155/2501/2155
f 2155/2501/2155 2156/2502/2156 2126/2500/2126
f 2126/2500/2126 2156/2502/2156 2128/2503/2128
f 2156/2502/2156 2157/2504/2157 2128/2503/2128
f 2128/2503/2128 2157/2504/2157 2130/2505/2130
f 2130/2505/2130 2157/2504/2157 2132/2506/2132
f 2132/2506/2132 2157/2504/2157 2158/2507/2158
f 2124/2498/2124 2134/2508/2134 2154/2499/2154
f 2154/2499/2154 2134/2508/2134 2159/2509/2159
f 2132/2506/2132 2158/2507/2158 2136/2510/2136
f 2136/2510/2136 2158/2507/2158 2160/2511/2160
f 2134/2508/2134 2138/2512/2138 2159/2509/2159
f 2159/2509/2159 2138/2512/2138 2161/2513/2161
f 2136/2510/2136 2160/2511/2160 2140/2514/2140
f 2140/2514/2140 2160/2511/2160 2162/2515/2162
f 2138/2512/2138 2142/2516/2142 2161/2513/2161
f 2161/2513/2161 2142/2516/2142 2163/2517/2163
f 2140/2514/2140 2162/2515/2162 2144/2518/2144
f 2144/2518/2144 2162/2515/2162 2164/2519/2164
f 2142/2516/2142 2147/2520/2147 2163/2517/2163
f 2163/2517/2163 2147/2520/2147 2165/2521/2165
f 2144/2518/2144 2164/2519/2164 2149/2522/2149
f 2149/2522/2149 2164/2519/2164 2166/2523/2166
f 2116/2456/2116 2118/2458/2118 2079/2419/2079
f 2118/2458/2118 2122/2462/2122 2082/2422/2082
f 2122/2462/2122 2127/2467/2127 2081/2421/2081
f 2127/2467/2127 2129/2469/2129 2076/2416/2076
f 2051/2391/2051 2052/2392/2052 2121/2461/2121
f 2121/2461/2121 2052/2392/2052 2125/2465/2125
f 2057/2397/2057 2131/2471/2131 2058/2398/2058
f 2058/2398/2058 2131/2471/2131 2133/2473/2133
f 2125/2465/2125 2052/2392/2052 2135/2475/2135
f 2135/2475/2135 2052/2392/2052 2059/2399/2059
f 2133/2473/2133 2137/2477/2137 2058/2398/2058
f 2058/2398/2058 2137/2477/2137 2063/2403/2063
f 2135/2475/2135 2059/2399/2059 2139/2479/2139
f 2139/2479/2139 2059/2399/2059 2064/2404/2064
f 2137/2477/2137 2141/2481/2141 2063/2403/2063
f 2063/2403/2063 2141/2481/2141 2068/2408/2068
f 2139/2479/2139 2064/2404/2064 2143/2483/2143
f 2143/2483/2143 2064/2404/2064 2069/2409/2069
f 2141/2481/2141 2145/2485/2145 2068/2408/2068
f 2068/2408/2068 2145/2485/2145 2073/2413/2073
f 2143/2483/2143 2069/2409/2069 2146/2486/2146
f 2074/2414/2074 2146/2486/2146 2070/2410/2070
f 2070/2410/2070 2146/2486/2146 2069/2409/2069
f 2073/2413/2073 2145/2485/2145 2148/2488/2148
f 2076/2416/2076 2129/2469/2129 2057/2397/2057
f 2057/2397/2057 2129/2469/2129 2131/2471/2131
f 2079/2419/2079 2051/2391/2051 2116/2456/2116
f 2116/2456/2116 2051/2391/2051 2121/2461/2121
f 2081/2421/2081 2127/2467/2127 2075/2415/2075
f 2075/2415/2075 2127/2467/2127 2076/2416/2076
f 2082/2422/2082 2078/2418/2078 2118/2458/2118
f 2118/2458/2118 2078/2418/2078 2079/2419/2079
f 2122/2462/2122 2081/2421/2081 2080/2420/2080
f 2122/2462/2122 2080/2420/2080 2082/2422/2082
f 2074/2414/2074 2072/2412/2072 2148/2488/2148
f 2148/2488/2148 2072/2412/2072 2073/2413/2073
f 2150/2490/2150 2112/2452/2112 2152/2495/2152
f 2152/2495/2152 2115/2455/2115 2153/2496/2153
f 2153/2496/2153 2114/2454/2114 2155/2501/2155
f 2155/2501/2155 2109/2449/2109 2156/2502/2156
f 2154/2499/2154 2083/2423/2083 2151/2492/2151
f 2151/2492/2151 2083/2423/2083 2085/2425/2085
f 2091/2431/2091 2092/2432/2092 2157/2504/2157
f 2157/2504/2157 2092/2432/2092 2158/2507/2158
f 2154/2499/2154 2159/2509/2159 2083/2423/2083
f 2083/2423/2083 2159/2509/2159 2093/2433/2093
f 2097/2437/2097 2160/2511/2160 2092/2432/2092
f 2092/2432/2092 2160/2511/2160 2158/2507/2158
f 2159/2509/2159 2161/2513/2161 2093/2433/2093
f 2093/2433/2093 2161/2513/2161 2098/2438/2098
f 2102/2442/2102 2162/2515/2162 2097/2437/2097
f 2097/2437/2097 2162/2515/2162 2160/2511/2160
f 2161/2513/2161 2163/2517/2163 2098/2438/2098
f 2098/2438/2098 2163/2517/2163 2103/2443/2103
f 2107/2447/2107 2164/2519/2164 2102/2442/2102
f 2102/2442/2102 2164/2519/2164 2162/2515/2162
f 2163/2517/2163 2165/2521/2165 2103/2443/2103
f 2104/2444/2104 2167/2524/2167 2105/2445/2105
f 2107/2447/2107 2166/2523/2166 2164/2519/2164
f 2109/2449/2109 2091/2431/2091 2156/2502/2156
f 2156/2502/2156 2091/2431/2091 2157/2504/2157
f 2151/2492/2151 2085/2425/2085 2150/2490/2150
f 2150/2490/2150 2085/2425/2085 2112/2452/2112
f 2114/2454/2114 2108/2448/2108 2155/2501/2155
f 2155/2501/2155 2108/2448/2108 2109/2449/2109
f 2112/2452/2112 2111/2451/2111 2152/2495/2152
f 2152/2495/2152 2111/2451/2111 2115/2455/2115
f 2153/2496/2153 2113/2453/2113 2114/2454/2114
f 2153/2496/2153 2115/2455/2115 2113/2453/2113
f 2168/2525/2168 2106/2446/2106 2105/2445/2105
f 2149/2522/2149 2166/2523/2166 2169/2526/2169
f 2169/2526/2169 2166/2523/2166 2168/2525/2168
f 2107/2447/2107 2106/2446/2106 2166/2523/2166
f 2166/2523/2166 2106/2446/2106 2168/2525/2168
f 2103/2443/2103 2165/2521/2165 2104/2444/2104
f 2104/2444/2104 2165/2521/2165 2167/2524/2167
f 2147/2520/2147 2170/2527/2170 2165/2521/2165
f 2165/2521/2165 2170/2527/2170 2167/2524/2167
f 2147/2487/2147 2146/2486/2146 2170/2528/2170
f 2170/2528/2170 2146/2486/2146 2074/2414/2074
f 2148/2488/2148 2149/2489/2149 2074/2414/2074
f 2074/2414/2074 2149/2489/2149 2169/2529/2169
f 2074/2414/2074 2171/2530/2171 2170/2528/2170
f 2170/2528/2170 2171/2530/2171 2172/2531/2172
f 2105/2445/2105 2173/2532/2173 2168/2525/2168
f 2168/2525/2168 2173/2532/2173 2174/2533/2174
f 2074/2414/2074 2169/2529/2169 2171/2530/2171
f 2171/2530/2171 2169/2529/2169 2175/2534/2175
f 2105/2445/2105 2167/2524/2167 2173/2532/2173
f 2173/2532/2173 2167/2524/2167 2176/2535/2176
f 2168/2525/2168 2174/2533/2174 2169/2526/2169
f 2169/2526/2169 2174/2533/2174 2175/2536/2175
f 2167/2524/2167 2170/2527/2170 2176/2535/2176
f 2176/2535/2176 2170/2527/2170 2172/2537/2172
f 2177/2538/2177 2178/2539/2178 2179/2540/2179
f 2179/2540/2179 2178/2539/2178 2180/2541/2180
f 2181/2542/2181 2182/2543/2182 2177/2538/2177
f 2177/2538/2177 2182/2543/2182 2178/2539/2178
f 2181/2542/2181 2183/2544/2183 2182/2543/2182
f 2182/2543/2182 2183/2544/2183 2184/2545/2184
f 2183/2544/2183 2185/2546/2185 2184/2545/2184
f 2184/2545/2184 2185/2546/2185 2186/2547/2186
f 2180/2541/2180 2178/2539/2178 2187/2548/2187
f 2187/2548/2187 2178/2539/2178 2188/2549/2188
f 2182/2543/2182 2189/2550/2189 2178/2539/2178
f 2178/2539/2178 2189/2550/2189 2188/2549/2188
f 2182/2543/2182 2184/2545/2184 2189/2550/2189
f 2189/2550/2189 2184/2545/2184 2190/2551/2190
f 2186/2547/2186 2191/2552/2191 2184/2545/2184
f 2184/2545/2184 2191/2552/2191 2190/2551/2190
f 2187/2548/2187 2188/2549/2188 2192/2553/2192
f 2192/2553/2192 2188/2549/2188 2193/2554/2193
f 2188/2549/2188 2189/2550/2189 2193/2554/2193
f 2193/2554/2193 2189/2550/2189 2194/2555/2194
f 2190/2551/2190 2195/2556/2195 2189/2550/2189
f 2189/2550/2189 2195/2556/2195 2194/2555/2194
f 2191/2552/2191 2196/2557/2196 2190/2551/2190
f 2190/2551/2190 2196/2557/2196 2195/2556/2195
f 2192/2553/2192 2193/2554/2193 2197/2558/2197
f 2197/2558/2197 2193/2554/2193 2198/2559/2198
f 2193/2554/2193 2194/2555/2194 2198/2559/2198
f 2198/2559/2198 2194/2555/2194 2199/2560/2199
f 2195/2556/2195 2200/2561/2200 2194/2555/2194
f 2194/2555/2194 2200/2561/2200 2199/2560/2199
f 2196/2557/2196 2201/2562/2201 2195/2556/2195
f 2195/2556/2195 2201/2562/2201 2200/2561/2200
f 2202/2563/2202 2199/2560/2199 2200/2561/2200
f 2203/2564/2203 2204/2565/2204 2183/2544/2183
f 2183/2544/2183 2204/2565/2204 2185/2546/2185
f 2205/2566/2205 2203/2564/2203 2181/2542/2181
f 2181/2542/2181 2203/2564/2203 2183/2544/2183
f 2205/2566/2205 2181/2542/2181 2206/2567/2206
f 2206/2567/2206 2181/2542/2181 2177/2538/2177
f 2206/2567/2206 2177/2538/2177 2207/2568/2207
f 2207/2568/2207 2177/2538/2177 2179/2540/2179
f 2208/2569/2208 2209/2570/2209 2205/2566/2205
f 2205/2566/2205 2209/2570/2209 2203/2564/2203
f 2208/2569/2208 2205/2566/2205 2210/2571/2210
f 2210/2571/2210 2205/2566/2205 2206/2567/2206
f 2202/2563/2202 2198/2559/2198 2199/2560/2199
f 2211/2572/2211 2212/2573/2212 2213/2574/2213
f 2213/2574/2213 2212/2573/2212 2214/2575/2214
f 2212/2573/2212 2215/2576/2215 2214/2575/2214
f 2214/2575/2214 2215/2576/2215 2216/2577/2216
f 2216/2577/2216 2215/2576/2215 2217/2578/2217
f 2217/2578/2217 2215/2576/2215 2218/2579/2218
f 2217/2578/2217 2218/2579/2218 2219/2580/2219
f 2219/2580/2219 2218/2579/2218 2220/2581/2220
f 2211/2572/2211 2221/2582/2221 2212/2573/2212
f 2212/2573/2212 2221/2582/2221 2222/2583/2222
f 2222/2583/2222 2223/2584/2223 2212/2573/2212
f 2212/2573/2212 2223/2584/2223 2215/2576/2215
f 2215/2576/2215 2223/2584/2223 2218/2579/2218
f 2218/2579/2218 2223/2584/2223 2224/2585/2224
f 2224/2585/2224 2225/2586/2225 2218/2579/2218
f 2218/2579/2218 2225/2586/2225 2220/2581/2220
f 2221/2582/2221 2226/2587/2226 2222/2583/2222
f 2222/2583/2222 2226/2587/2226 2227/2588/2227
f 2222/2583/2222 2227/2588/2227 2223/2584/2223
f 2223/2584/2223 2227/2588/2227 2228/2589/2228
f 2228/2589/2228 2229/2590/2229 2223/2584/2223
f 2223/2584/2223 2229/2590/2229 2224/2585/2224
f 2229/2590/2229 2230/2591/2230 2224/2585/2224
f 2224/2585/2224 2230/2591/2230 2225/2586/2225
f 2226/2587/2226 2231/2592/2231 2227/2588/2227
f 2227/2588/2227 2231/2592/2231 2232/2593/2232
f 2227/2588/2227 2232/2593/2232 2228/2589/2228
f 2228/2589/2228 2232/2593/2232 2233/2594/2233
f 2233/2594/2233 2234/2595/2234 2228/2589/2228
f 2228/2589/2228 2234/2595/2234 2229/2590/2229
f 2234/2595/2234 2235/2596/2235 2229/2590/2229
f 2229/2590/2229 2235/2596/2235 2230/2591/2230
f 2236/2597/2236 2217/2578/2217 2237/2598/2237
f 2237/2598/2237 2217/2578/2217 2219/2580/2219
f 2238/2599/2238 2216/2577/2216 2236/2597/2236
f 2236/2597/2236 2216/2577/2216 2217/2578/2217
f 2214/2575/2214 2216/2577/2216 2239/2600/2239
f 2239/2600/2239 2216/2577/2216 2238/2599/2238
f 2213/2574/2213 2214/2575/2214 2240/2601/2240
f 2240/2601/2240 2214/2575/2214 2239/2600/2239
f 2241/2602/2241 2238/2599/2238 2242/2603/2242
f 2242/2603/2242 2238/2599/2238 2236/2597/2236
f 2239/2600/2239 2238/2599/2238 2243/2604/2243
f 2243/2604/2243 2238/2599/2238 2241/2602/2241
f 2244/2605/2244 2245/2606/2245 2246/2607/2246
f 2246/2607/2246 2245/2606/2245 2247/2608/2247
f 2245/2606/2245 2244/2605/2244 2248/2609/2248
f 2248/2609/2248 2244/2605/2244 2249/2610/2249
f 2246/2607/2246 2247/2608/2247 2250/2611/2250
f 2250/2611/2250 2247/2608/2247 2251/2612/2251
f 2248/2609/2248 2249/2610/2249 2252/2613/2252
f 2252/2613/2252 2249/2610/2249 2253/2614/2253
f 2251/2612/2251 2254/2615/2254 2250/2611/2250
f 2250/2611/2250 2254/2615/2254 2255/2616/2255
f 2254/2615/2254 2256/2617/2256 2255/2616/2255
f 2255/2616/2255 2256/2617/2256 2257/2618/2257
f 2256/2617/2256 2258/2619/2258 2257/2618/2257
f 2257/2618/2257 2258/2619/2258 2259/2620/2259
f 2258/2619/2258 2260/2621/2260 2259/2620/2259
f 2259/2620/2259 2260/2621/2260 2261/2622/2261
f 2252/2613/2252 2253/2614/2253 2262/2623/2262
f 2262/2623/2262 2253/2614/2253 2263/2624/2263
f 2260/2621/2260 2264/2625/2264 2261/2622/2261
f 2261/2622/2261 2264/2625/2264 2265/2626/2265
f 2262/2623/2262 2263/2624/2263 2266/2627/2266
f 2266/2627/2266 2263/2624/2263 2267/2628/2267
f 2264/2625/2264 2268/2629/2268 2265/2626/2265
f 2265/2626/2265 2268/2629/2268 2269/2630/2269
f 2266/2627/2266 2267/2628/2267 2270/2631/2270
f 2270/2631/2270 2267/2628/2267 2271/2632/2271
f 2268/2629/2268 2272/2633/2272 2269/2630/2269
f 2269/2630/2269 2272/2633/2272 2273/2634/2273
f 2271/2632/2271 2274/2635/2274 2270/2631/2270
f 2270/2631/2270 2274/2635/2274 2275/2636/2275
f 2273/2634/2273 2272/2633/2272 2276/2637/2276
f 2276/2637/2276 2272/2633/2272 2277/2638/2277
f 2278/2639/2278 2245/2640/2245 2279/2641/2279
f 2279/2641/2279 2245/2640/2245 2248/2642/2248
f 2245/2640/2245 2278/2639/2278 2247/2643/2247
f 2247/2643/2247 2278/2639/2278 2280/2644/2280
f 2280/2644/2280 2281/2645/2281 2247/2643/2247
f 2247/2643/2247 2281/2645/2281 2251/2646/2251
f 2248/2642/2248 2252/2647/2252 2279/2641/2279
f 2279/2641/2279 2252/2647/2252 2282/2648/2282
f 2251/2646/2251 2281/2645/2281 2254/2649/2254
f 2254/2649/2254 2281/2645/2281 2283/2650/2283
f 2283/2650/2283 2284/2651/2284 2254/2649/2254
f 2254/2649/2254 2284/2651/2284 2256/2652/2256
f 2284/2651/2284 2285/2653/2285 2256/2652/2256
f 2256/2652/2256 2285/2653/2285 2258/2654/2258
f 2258/2654/2258 2285/2653/2285 2260/2655/2260
f 2260/2655/2260 2285/2653/2285 2286/2656/2286
f 2252/2647/2252 2262/2657/2262 2282/2648/2282
f 2282/2648/2282 2262/2657/2262 2287/2658/2287
f 2260/2655/2260 2286/2656/2286 2264/2659/2264
f 2264/2659/2264 2286/2656/2286 2288/2660/2288
f 2262/2657/2262 2266/2661/2266 2287/2658/2287
f 2287/2658/2287 2266/2661/2266 2289/2662/2289
f 2264/2659/2264 2288/2660/2288 2268/2663/2268
f 2268/2663/2268 2288/2660/2288 2290/2664/2290
f 2266/2661/2266 2270/2665/2270 2289/2662/2289
f 2289/2662/2289 2270/2665/2270 2291/2666/2291
f 2268/2663/2268 2290/2664/2290 2272/2667/2272
f 2272/2667/2272 2290/2664/2290 2292/2668/2292
f 2270/2665/2270 2275/2669/2275 2291/2666/2291
f 2291/2666/2291 2275/2669/2275 2293/2670/2293
f 2272/2667/2272 2292/2668/2292 2277/2671/2277
f 2277/2671/2277 2292/2668/2292 2294/2672/2294
f 2244/2605/2244 2246/2607/2246 2207/2568/2207
f 2246/2607/2246 2250/2611/2250 2210/2571/2210
f 2250/2611/2250 2255/2616/2255 2209/2570/2209
f 2255/2616/2255 2257/2618/2257 2204/2565/2204
f 2179/2540/2179 2180/2541/2180 2249/2610/2249
f 2249/2610/2249 2180/2541/2180 2253/2614/2253
f 2185/2546/2185 2259/2620/2259 2186/2547/2186
f 2186/2547/2186 2259/2620/2259 2261/2622/2261
f 2253/2614/2253 2180/2541/2180 2263/2624/2263
f 2263/2624/2263 2180/2541/2180 2187/2548/2187
f 2261/2622/2261 2265/2626/2265 2186/2547/2186
f 2186/2547/2186 2265/2626/2265 2191/2552/2191
f 2263/2624/2263 2187/2548/2187 2267/2628/2267
f 2267/2628/2267 2187/2548/2187 2192/2553/2192
f 2265/2626/2265 2269/2630/2269 2191/2552/2191
f 2191/2552/2191 2269/2630/2269 2196/2557/2196
f 2267/2628/2267 2192/2553/2192 2271/2632/2271
f 2271/2632/2271 2192/2553/2192 2197/2558/2197
f 2269/2630/2269 2273/2634/2273 2196/2557/2196
f 2196/2557/2196 2273/2634/2273 2201/2562/2201
f 2271/2632/2271 2197/2558/2197 2274/2635/2274
f 2202/2563/2202 2274/2635/2274 2198/2559/2198
f 2198/2559/2198 2274/2635/2274 2197/2558/2197
f 2201/2562/2201 2273/2634/2273 2276/2637/2276
f 2204/2565/2204 2257/2618/2257 2185/2546/2185
f 2185/2546/2185 2257/2618/2257 2259/2620/2259
f 2207/2568/2207 2179/2540/2179 2244/2605/2244
f 2244/2605/2244 2179/2540/2179 2249/2610/2249
f 2209/2570/2209 2255/2616/2255 2203/2564/2203
f 2203/2564/2203 2255/2616/2255 2204/2565/2204
f 2210/2571/2210 2206/2567/2206 2246/2607/2246
f 2246/2607/2246 2206/2567/2206 2207/2568/2207
f 2250/2611/2250 2209/2570/2209 2208/2569/2208
f 2250/2611/2250 2208/2569/2208 2210/2571/2210
f 2202/2563/2202 2200/2561/2200 2276/2637/2276
f 2276/2637/2276 2200/2561/2200 2201/2562/2201
f 2278/2639/2278 2240/2601/2240 2280/2644/2280
f 2280/2644/2280 2243/2604/2243 2281/2645/2281
f 2281/2645/2281 2242/2603/2242 2283/2650/2283
f 2283/2650/2283 2237/2598/2237 2284/2651/2284
f 2282/2648/2282 2211/2572/2211 2279/2641/2279
f 2279/2641/2279 2211/2572/2211 2213/2574/2213
f 2219/2580/2219 2220/2581/2220 2285/2653/2285
f 2285/2653/2285 2220/2581/2220 2286/2656/2286
f 2282/2648/2282 2287/2658/2287 2211/2572/2211
f 2211/2572/2211 2287/2658/2287 2221/2582/2221
f 2225/2586/2225 2288/2660/2288 2220/2581/2220
f 2220/2581/2220 2288/2660/2288 2286/2656/2286
f 2287/2658/2287 2289/2662/2289 2221/2582/2221
f 2221/2582/2221 2289/2662/2289 2226/2587/2226
f 2230/2591/2230 2290/2664/2290 2225/2586/2225
f 2225/2586/2225 2290/2664/2290 2288/2660/2288
f 2289/2662/2289 2291/2666/2291 2226/2587/2226
f 2226/2587/2226 2291/2666/2291 2231/2592/2231
f 2235/2596/2235 2292/2668/2292 2230/2591/2230
f 2230/2591/2230 2292/2668/2292 2290/2664/2290
f 2291/2666/2291 2293/2670/2293 2231/2592/2231
f 2232/2593/2232 2295/2673/2295 2233/2594/2233
f 2235/2596/2235 2294/2672/2294 2292/2668/2292
f 2237/2598/2237 2219/2580/2219 2284/2651/2284
f 2284/2651/2284 2219/2580/2219 2285/2653/2285
f 2279/2641/2279 2213/2574/2213 2278/2639/2278
f 2278/2639/2278 2213/2574/2213 2240/2601/2240
f 2242/2603/2242 2236/2597/2236 2283/2650/2283
f 2283/2650/2283 2236/2597/2236 2237/2598/2237
f 2240/2601/2240 2239/2600/2239 2280/2644/2280
f 2280/2644/2280 2239/2600/2239 2243/2604/2243
f 2281/2645/2281 2241/2602/2241 2242/2603/2242
f 2281/2645/2281 2243/2604/2243 2241/2602/2241
f 2296/2674/2296 2234/2595/2234 2233/2594/2233
f 2277/2671/2277 2294/2672/2294 2297/2675/2297
f 2297/2675/2297 2294/2672/2294 2296/2674/2296
f 2235/2596/2235 2234/2595/2234 2294/2672/2294
f 2294/2672/2294 2234/2595/2234 2296/2674/2296
f 2231/2592/2231 2293/2670/2293 2232/2593/2232
f 2232/2593/2232 2293/2670/2293 2295/2673/2295
f 2275/2669/2275 2298/2676/2298 2293/2670/2293
f 2293/2670/2293 2298/2676/2298 2295/2673/2295
f 2275/2636/2275 2274/2635/2274 2298/2677/2298
f 2298/2677/2298 2274/2635/2274 2202/2563/2202
f 2276/2637/2276 2277/2638/2277 2202/2563/2202
f 2202/2563/2202 2277/2638/2277 2297/2678/2297
f 2202/2563/2202 2299/2679/2299 2298/2677/2298
f 2298/2677/2298 2299/2679/2299 2300/2680/2300
f 2233/2594/2233 2301/2681/2301 2296/2674/2296
f 2296/2674/2296 2301/2681/2301 2302/2682/2302
f 2202/2563/2202 2297/2678/2297 2299/2679/2299
f 2299/2679/2299 2297/2678/2297 2303/2683/2303
f 2233/2594/2233 2295/2673/2295 2301/2681/2301
f 2301/2681/2301 2295/2673/2295 2304/2684/2304
f 2296/2674/2296 2302/2682/2302 2297/2675/2297
f 2297/2675/2297 2302/2682/2302 2303/2685/2303
f 2295/2673/2295 2298/2676/2298 2304/2684/2304
f 2304/2684/2304 2298/2676/2298 2300/2686/2300
f 2305/2687/2305 2306/2688/2306 2307/2689/2307
f 2307/2689/2307 2306/2688/2306 2308/2690/2308
f 2309/2691/2309 2310/2692/2310 2305/2687/2305
f 2305/2687/2305 2310/2692/2310 2306/2688/2306
f 2309/2691/2309 2311/2693/2311 2310/2692/2310
f 2310/2692/2310 2311/2693/2311 2312/2694/2312
f 2311/2693/2311 2313/2695/2313 2312/2694/2312
f 2312/2694/2312 2313/2695/2313 2314/2696/2314
f 2308/2690/2308 2306/2688/2306 2315/2697/2315
f 2315/2697/2315 2306/2688/2306 2316/2698/2316
f 2310/2692/2310 2317/2699/2317 2306/2688/2306
f 2306/2688/2306 2317/2699/2317 2316/2698/2316
f 2310/2692/2310 2312/2694/2312 2317/2699/2317
f 2317/2699/2317 2312/2694/2312 2318/2700/2318
f 2314/2696/2314 2319/2701/2319 2312/2694/2312
f 2312/2694/2312 2319/2701/2319 2318/2700/2318
f 2315/2697/2315 2316/2698/2316 2320/2702/2320
f 2320/2702/2320 2316/2698/2316 2321/2703/2321
f 2316/2698/2316 2317/2699/2317 2321/2703/2321
f 2321/2703/2321 2317/2699/2317 2322/2704/2322
f 2318/2700/2318 2323/2705/2323 2317/2699/2317
f 2317/2699/2317 2323/2705/2323 2322/2704/2322
f 2319/2701/2319 2324/2706/2324 2318/2700/2318
f 2318/2700/2318 2324/2706/2324 2323/2705/2323
f 2320/2702/2320 2321/2703/2321 2325/2707/2325
f 2325/2707/2325 2321/2703/2321 2326/2708/2326
f 2321/2703/2321 2322/2704/2322 2326/2708/2326
f 2326/2708/2326 2322/2704/2322 2327/2709/2327
f 2323/2705/2323 2328/2710/2328 2322/2704/2322
f 2322/2704/2322 2328/2710/2328 2327/2709/2327
f 2324/2706/2324 2329/2711/2329 2323/2705/2323
f 2323/2705/2323 2329/2711/2329 2328/2710/2328
f 2330/2712/2330 2327/2709/2327 2328/2710/2328
f 2331/2713/2331 2332/2714/2332 2311/2693/2311
f 2311/2693/2311 2332/2714/2332 2313/2695/2313
f 2333/2715/2333 2331/2713/2331 2309/2691/2309
f 2309/2691/2309 2331/2713/2331 2311/2693/2311
f 2333/2715/2333 2309/2691/2309 2334/2716/2334
f 2334/2716/2334 2309/2691/2309 2305/2687/2305
f 2334/2716/2334 2305/2687/2305 2335/2717/2335
f 2335/2717/2335 2305/2687/2305 2307/2689/2307
f 2336/2718/2336 2337/2719/2337 2333/2715/2333
f 2333/2715/2333 2337/2719/2337 2331/2713/2331
f 2336/2718/2336 2333/2715/2333 2338/2720/2338
f 2338/2720/2338 2333/2715/2333 2334/2716/2334
f 2330/2712/2330 2326/2708/2326 2327/2709/2327
f 2339/2721/2339 2340/2722/2340 2341/2723/2341
f 2341/2723/2341 2340/2722/2340 2342/2724/2342
f 2340/2722/2340 2343/2725/2343 2342/2724/2342
f 2342/2724/2342 2343/2725/2343 2344/2726/2344
f 2344/2726/2344 2343/2725/2343 2345/2727/2345
f 2345/2727/2345 2343/2725/2343 2346/2728/2346
f 2345/2727/2345 2346/2728/2346 2347/2729/2347
f 2347/2729/2347 2346/2728/2346 2348/2730/2348
f 2339/2721/2339 2349/2731/2349 2340/2722/2340
f 2340/2722/2340 2349/2731/2349 2350/2732/2350
f 2350/2732/2350 2351/2733/2351 2340/2722/2340
f 2340/2722/2340 2351/2733/2351 2343/2725/2343
f 2343/2725/2343 2351/2733/2351 2346/2728/2346
f 2346/2728/2346 2351/2733/2351 2352/2734/2352
f 2352/2734/2352 2353/2735/2353 2346/2728/2346
f 2346/2728/2346 2353/2735/2353 2348/2730/2348
f 2349/2731/2349 2354/2736/2354 2350/2732/2350
f 2350/2732/2350 2354/2736/2354 2355/2737/2355
f 2350/2732/2350 2355/2737/2355 2351/2733/2351
f 2351/2733/2351 2355/2737/2355 2356/2738/2356
f 2356/2738/2356 2357/2739/2357 2351/2733/2351
f 2351/2733/2351 2357/2739/2357 2352/2734/2352
f 2357/2739/2357 2358/2740/2358 2352/2734/2352
f 2352/2734/2352 2358/2740/2358 2353/2735/2353
f 2354/2736/2354 2359/2741/2359 2355/2737/2355
f 2355/2737/2355 2359/2741/2359 2360/2742/2360
f 2355/2737/2355 2360/2742/2360 2356/2738/2356
f 2356/2738/2356 2360/2742/2360 2361/2743/2361
f 2361/2743/2361 2362/2744/2362 2356/2738/2356
f 2356/2738/2356 2362/2744/2362 2357/2739/2357
f 2362/2744/2362 2363/2745/2363 2357/2739/2357
f 2357/2739/2357 2363/2745/2363 2358/2740/2358
f 2364/2746/2364 2345/2727/2345 2365/2747/2365
f 2365/2747/2365 2345/2727/2345 2347/2729/2347
f 2366/2748/2366 2344/2726/2344 2364/2746/2364
f 2364/2746/2364 2344/2726/2344 2345/2727/2345
f 2342/2724/2342 2344/2726/2344 2367/2749/2367
f 2367/2749/2367 2344/2726/2344 2366/2748/2366
f 2341/2723/2341 2342/2724/2342 2368/2750/2368
f 2368/2750/2368 2342/2724/2342 2367/2749/2367
f 2369/2751/2369 2366/2748/2366 2370/2752/2370
f 2370/2752/2370 2366/2748/2366 2364/2746/2364
f 2367/2749/2367 2366/2748/2366 2371/2753/2371
f 2371/2753/2371 2366/2748/2366 2369/2751/2369
f 2372/2754/2372 2373/2755/2373 2374/2756/2374
f 2374/2756/2374 2373/2755/2373 2375/2757/2375
f 2373/2755/2373 2372/2754/2372 2376/2758/2376
f 2376/2758/2376 2372/2754/2372 2377/2759/2377
f 2374/2756/2374 2375/2757/2375 2378/2760/2378
f 2378/2760/2378 2375/2757/2375 2379/2761/2379
f 2376/2758/2376 2377/2759/2377 2380/2762/2380
f 2380/2762/2380 2377/2759/2377 2381/2763/2381
f 2379/2761/2379 2382/2764/2382 2378/2760/2378
f 2378/2760/2378 2382/2764/2382 2383/2765/2383
f 2382/2764/2382 2384/2766/2384 2383/2765/2383
f 2383/2765/2383 2384/2766/2384 2385/2767/2385
f 2384/2766/2384 2386/2768/2386 2385/2767/2385
f 2385/2767/2385 2386/2768/2386 2387/2769/2387
f 2386/2768/2386 2388/2770/2388 2387/2769/2387
f 2387/2769/2387 2388/2770/2388 2389/2771/2389
f 2380/2762/2380 2381/2763/2381 2390/2772/2390
f 2390/2772/2390 2381/2763/2381 2391/2773/2391
f 2388/2770/2388 2392/2774/2392 2389/2771/2389
f 2389/2771/2389 2392/2774/2392 2393/2775/2393
f 2390/2772/2390 2391/2773/2391 2394/2776/2394
f 2394/2776/2394 2391/2773/2391 2395/2777/2395
f 2392/2774/2392 2396/2778/2396 2393/2775/2393
f 2393/2775/2393 2396/2778/2396 2397/2779/2397
f 2394/2776/2394 2395/2777/2395 2398/2780/2398
f 2398/2780/2398 2395/2777/2395 2399/2781/2399
f 2396/2778/2396 2400/2782/2400 2397/2779/2397
f 2397/2779/2397 2400/2782/2400 2401/2783/2401
f 2399/2781/2399 2402/2784/2402 2398/2780/2398
f 2398/2780/2398 2402/2784/2402 2403/2785/2403
f 2401/2783/2401 2400/2782/2400 2404/2786/2404
f 2404/2786/2404 2400/2782/2400 2405/2787/2405
f 2406/2788/2406 2373/2789/2373 2407/2790/2407
f 2407/2790/2407 2373/2789/2373 2376/2791/2376
f 2373/2789/2373 2406/2788/2406 2375/2792/2375
f 2375/2792/2375 2406/2788/2406 2408/2793/2408
f 2408/2793/2408 2409/2794/2409 2375/2792/2375
f 2375/2792/2375 2409/2794/2409 2379/2795/2379
f 2376/2791/2376 2380/2796/2380 2407/2790/2407
f 2407/2790/2407 2380/2796/2380 2410/2797/2410
f 2379/2795/2379 2409/2794/2409 2382/2798/2382
f 2382/2798/2382 2409/2794/2409 2411/2799/2411
f 2411/2799/2411 2412/2800/2412 2382/2798/2382
f 2382/2798/2382 2412/2800/2412 2384/2801/2384
f 2412/2800/2412 2413/2802/2413 2384/2801/2384
f 2384/2801/2384 2413/2802/2413 2386/2803/2386
f 2386/2803/2386 2413/2802/2413 2388/2804/2388
f 2388/2804/2388 2413/2802/2413 2414/2805/2414
f 2380/2796/2380 2390/2806/2390 2410/2797/2410
f 2410/2797/2410 2390/2806/2390 2415/2807/2415
f 2388/2804/2388 2414/2805/2414 2392/2808/2392
f 2392/2808/2392 2414/2805/2414 2416/2809/2416
f 2390/2806/2390 2394/2810/2394 2415/2807/2415
f 2415/2807/2415 2394/2810/2394 2417/2811/2417
f 2392/2808/2392 2416/2809/2416 2396/2812/2396
f 2396/2812/2396 2416/2809/2416 2418/2813/2418
f 2394/2810/2394 2398/2814/2398 2417/2811/2417
f 2417/2811/2417 2398/2814/2398 2419/2815/2419
f 2396/2812/2396 2418/2813/2418 2400/2816/2400
f 2400/2816/2400 2418/2813/2418 2420/2817/2420
f 2398/2814/2398 2403/2818/2403 2419/2815/2419
f 2419/2815/2419 2403/2818/2403 2421/2819/2421
f 2400/2816/2400 2420/2817/2420 2405/2820/2405
f 2405/2820/2405 2420/2817/2420 2422/2821/2422
f 2372/2754/2372 2374/2756/2374 2335/2717/2335
f 2374/2756/2374 2378/2760/2378 2338/2720/2338
f 2378/2760/2378 2383/2765/2383 2337/2719/2337
f 2383/2765/2383 2385/2767/2385 2332/2714/2332
f 2307/2689/2307 2308/2690/2308 2377/2759/2377
f 2377/2759/2377 2308/2690/2308 2381/2763/2381
f 2313/2695/2313 2387/2769/2387 2314/2696/2314
f 2314/2696/2314 2387/2769/2387 2389/2771/2389
f 2381/2763/2381 2308/2690/2308 2391/2773/2391
f 2391/2773/2391 2308/2690/2308 2315/2697/2315
f 2389/2771/2389 2393/2775/2393 2314/2696/2314
f 2314/2696/2314 2393/2775/2393 2319/2701/2319
f 2391/2773/2391 2315/2697/2315 2395/2777/2395
f 2395/2777/2395 2315/2697/2315 2320/2702/2320
f 2393/2775/2393 2397/2779/2397 2319/2701/2319
f 2319/2701/2319 2397/2779/2397 2324/2706/2324
f 2395/2777/2395 2320/2702/2320 2399/2781/2399
f 2399/2781/2399 2320/2702/2320 2325/2707/2325
f 2397/2779/2397 2401/2783/2401 2324/2706/2324
f 2324/2706/2324 2401/2783/2401 2329/2711/2329
f 2399/2781/2399 2325/2707/2325 2402/2784/2402
f 2330/2712/2330 2402/2784/2402 2326/2708/2326
f 2326/2708/2326 2402/2784/2402 2325/2707/2325
f 2329/2711/2329 2401/2783/2401 2404/2786/2404
f 2332/2714/2332 2385/2767/2385 2313/2695/2313
f 2313/2695/2313 2385/2767/2385 2387/2769/2387
f 2335/2717/2335 2307/2689/2307 2372/2754/2372
f 2372/2754/2372 2307/2689/2307 2377/2759/2377
f 2337/2719/2337 2383/2765/2383 2331/2713/2331
f 2331/2713/2331 2383/2765/2383 2332/2714/2332
f 2338/2720/2338 2334/2716/2334 2374/2756/2374
f 2374/2756/2374 2334/2716/2334 2335/2717/2335
f 2378/2760/2378 2337/2719/2337 2336/2718/2336
f 2378/2760/2378 2336/2718/2336 2338/2720/2338
f 2330/2712/2330 2328/2710/2328 2404/2786/2404
f 2404/2786/2404 2328/2710/2328 2329/2711/2329
f 2406/2788/2406 2368/2750/2368 2408/2793/2408
f 2408/2793/2408 2371/2753/2371 2409/2794/2409
f 2409/2794/2409 2370/2752/2370 2411/2799/2411
f 2411/2799/2411 2365/2747/2365 2412/2800/2412
f 2410/2797/2410 2339/2721/2339 2407/2790/2407
f 2407/2790/2407 2339/2721/2339 2341/2723/2341
f 2347/2729/2347 2348/2730/2348 2413/2802/2413
f 2413/2802/2413 2348/2730/2348 2414/2805/2414
f 2410/2797/2410 2415/2807/2415 2339/2721/2339
f 2339/2721/2339 2415/2807/2415 2349/2731/2349
f 2353/2735/2353 2416/2809/2416 2348/2730/2348
f 2348/2730/2348 2416/2809/2416 2414/2805/2414
f 2415/2807/2415 2417/2811/2417 2349/2731/2349
f 2349/2731/2349 2417/2811/2417 2354/2736/2354
f 2358/2740/2358 2418/2813/2418 2353/2735/2353
f 2353/2735/2353 2418/2813/2418 2416/2809/2416
f 2417/2811/2417 2419/2815/2419 2354/2736/2354
f 2354/2736/2354 2419/2815/2419 2359/2741/2359
f 2363/2745/2363 2420/2817/2420 2358/2740/2358
f 2358/2740/2358 2420/2817/2420 2418/2813/2418
f 2419/2815/2419 2421/2819/2421 2359/2741/2359
f 2360/2742/2360 2423/2822/2423 2361/2743/2361
f 2363/2745/2363 2422/2821/2422 2420/2817/2420
f 2365/2747/2365 2347/2729/2347 2412/2800/2412
f 2412/2800/2412 2347/2729/2347 2413/2802/2413
f 2407/2790/2407 2341/2723/2341 2406/2788/2406
f 2406/2788/2406 2341/2723/2341 2368/2750/2368
f 2370/2752/2370 2364/2746/2364 2411/2799/2411
f 2411/2799/2411 2364/2746/2364 2365/2747/2365
f 2368/2750/2368 2367/2749/2367 2408/2793/2408
f 2408/2793/2408 2367/2749/2367 2371/2753/2371
f 2409/2794/2409 2369/2751/2369 2370/2752/2370
f 2409/2794/2409 2371/2753/2371 2369/2751/2369
f 2424/2823/2424 2362/2744/2362 2361/2743/2361
f 2405/2820/2405 2422/2821/2422 2425/2824/2425
f 2425/2824/2425 2422/2821/2422 2424/2823/2424
f 2363/2745/2363 2362/2744/2362 2422/2821/2422
f 2422/2821/2422 2362/2744/2362 2424/2823/2424
f 2359/2741/2359 2421/2819/2421 2360/2742/2360
f 2360/2742/2360 2421/2819/2421 2423/2822/2423
f 2403/2818/2403 2426/2825/2426 2421/2819/2421
f 2421/2819/2421 2426/2825/2426 2423/2822/2423
f 2403/2785/2403 2402/2784/2402 2426/2826/2426
f 2426/2826/2426 2402/2784/2402 2330/2712/2330
f 2404/2786/2404 2405/2787/2405 2330/2712/2330
f 2330/2712/2330 2405/2787/2405 2425/2827/2425
f 2330/2712/2330 2427/2828/2427 2426/2826/2426
f 2426/2826/2426 2427/2828/2427 2428/2829/2428
f 2361/2743/2361 2429/2830/2429 2424/2823/2424
f 2424/2823/2424 2429/2830/2429 2430/2831/2430
f 2330/2712/2330 2425/2827/2425 2427/2828/2427
f 2427/2828/2427 2425/2827/2425 2431/2832/2431
f 2361/2743/2361 2423/2822/2423 2429/2830/2429
f 2429/2830/2429 2423/2822/2423 2432/2833/2432
f 2424/2823/2424 2430/2831/2430 2425/2824/2425
f 2425/2824/2425 2430/2831/2430 2431/2834/2431
f 2423/2822/2423 2426/2825/2426 2432/2833/2432
f 2432/2833/2432 2426/2825/2426 2428/2835/2428
s off
g Tree_B_PotSG
v 1.70027 -2.23095 0.599306
v 1.82372 -2.23095 -0.13535
v 1.22604 -2.23095 1.17382
v 1.56329 -2.23095 -0.833301
v 0.988781 -2.23095 -1.30753
v 0.254125 -2.23095 -1.43097
v -0.443826 -2.23095 -1.17055
v -0.918057 -2.23095 -0.596039
v -1.0415 -2.23095 0.138618
v -0.781073 -2.23095 0.836568
v -0.206563 -2.23095 1.3108
v 0.528093 -2.23095 1.43424
v -1.07162 -2.4475 0.141497
v -1.09852 -2.42446 0.14407
v -0.945581 -2.4475 -0.608604
v -0.970168 -2.42446 -0.619829
v -0.827732 -2.42446 0.869803
v -0.805717 -2.4475 0.854122
v -0.46138 -2.4475 -1.19519
v -0.477061 -2.42446 -1.21721
v 0.251246 -2.4475 -1.46109
v 0.248673 -2.42446 -1.488
v 1.00135 -2.4475 -1.33506
v 1.01257 -2.42446 -1.35964
v 1.58793 -2.4475 -0.850855
v 1.60995 -2.42446 -0.866536
v 1.85383 -2.4475 -0.13823
v 1.88074 -2.42446 -0.140803
v 1.7278 -2.4475 0.611871
v 1.75239 -2.42446 0.623096
v 1.2436 -2.4475 1.19846
v 1.25928 -2.42446 1.22047
v 0.530973 -2.4475 1.46436
v 0.533545 -2.42446 1.49127
v -0.219128 -2.4475 1.33832
v -0.230354 -2.42446 1.36291
v -0.972067 -1.98765 -0.620696
v -0.948938 -2.01279 -0.610137
v -0.478272 -1.98765 -1.21891
v -0.463522 -2.01279 -1.1982
v -1.07529 -2.01279 0.141848
v -1.1006 -1.98765 0.144269
v -0.808725 -2.01279 0.856264
v -0.829432 -1.98765 0.871014
v -1.03203 -2.01244 -0.648071
v -1.01126 -1.98448 -0.638588
v -0.516514 -2.01244 -1.2726
v -0.503267 -1.98448 -1.254
v -1.14349 -1.98448 0.148369
v -1.16622 -2.01244 0.150543
v -0.864523 -1.98448 0.896009
v -0.883122 -2.01244 0.909257
v 0.248474 -1.98765 -1.49008
v 0.250894 -2.01279 -1.46477
v 0.2422 -2.01244 -1.55569
v 0.244374 -1.98448 -1.53296
v 1.01344 -1.98765 -1.36154
v 1.00288 -2.01279 -1.33842
v 1.04081 -2.01244 -1.42151
v 1.03133 -1.98448 -1.40074
v 1.61165 -1.98765 -0.867747
v 1.59094 -2.01279 -0.852997
v 1.66534 -2.01244 -0.90599
v 1.64674 -1.98448 -0.892742
v 1.88282 -1.98765 -0.141002
v 1.85751 -2.01279 -0.138582
v 1.94844 -2.01244 -0.147275
v 1.92571 -1.98448 -0.145102
v 1.75428 -1.98765 0.623963
v 1.73116 -2.01279 0.613404
v 1.81425 -2.01244 0.651339
v 1.79348 -1.98448 0.641855
v 1.26049 -1.98765 1.22218
v 1.24574 -2.01279 1.20147
v 1.29873 -2.01244 1.27586
v 1.28548 -1.98448 1.25727
v 0.533744 -1.98765 1.49334
v 0.531324 -2.01279 1.46803
v 0.540018 -2.01244 1.55896
v 0.537845 -1.98448 1.53623
v -0.23122 -1.98765 1.36481
v -0.220661 -2.01279 1.34168
v -0.258596 -2.01244 1.42477
v -0.249112 -1.98448 1.404
v -0.886321 -2.4426 -0.58155
v -1.00677 -2.4426 0.135297
v -0.423586 -2.4426 -1.14213
v 0.257446 -2.4426 -1.39625
v 0.974293 -2.4426 -1.2758
v 1.53488 -2.4426 -0.813061
v 1.78899 -2.4426 -0.132029
v 1.66854 -2.4426 0.584818
v 1.2058 -2.4426 1.1454
v 0.524772 -2.4426 1.39951
v -0.192075 -2.4426 1.27906
v -0.752658 -2.4426 0.816329
v 1.42472 -4.14686 0.473506
v 1.52218 -4.14686 -0.106518
v 1.31657 -4.14686 -0.657562
v 0.862982 -4.14686 -1.03198
v 0.282958 -4.14686 -1.12943
v -0.268087 -4.14686 -0.923824
v -0.6425 -4.14686 -0.470239
v -0.739959 -4.14686 0.109785
v -0.534349 -4.14686 0.66083
v -0.080763 -4.14686 1.03524
v 0.49926 -4.14686 1.1327
v 1.0503 -4.14686 0.927092
v 1.19088 -4.38397 0.366752
v 0.901171 -4.38397 0.717721
v 1.26629 -4.38397 -0.08205
v 0.474793 -4.38397 0.876815
v 0.02599 -4.38397 0.801405
v -0.324978 -4.38397 0.511696
v -0.484072 -4.38397 0.085317
v -0.408662 -4.38397 -0.363484
v -0.118954 -4.38397 -0.714453
v 0.307425 -4.38397 -0.873548
v 0.756228 -4.38397 -0.798137
v 1.1072 -4.38397 -0.508429
v 1.34382 -4.31686 0.436573
v 0.998709 -4.31686 0.854656
v 1.43365 -4.31686 -0.098053
v 1.24413 -4.31686 -0.605967
v 0.826048 -4.31686 -0.951075
v 0.291423 -4.31686 -1.0409
v -0.216492 -4.31686 -0.851388
v -0.561599 -4.31686 -0.433305
v -0.65143 -4.31686 0.10132
v -0.461913 -4.31686 0.609234
v -0.04383 -4.31686 0.954342
v 0.490795 -4.31686 1.04417
vn 0 1 -0
vn -0.255829 -0.966413 0.024462
vn -0.9744 -0.204605 0.093171
vn -0.233785 -0.966413 -0.106729
vn -0.890441 -0.204604 -0.406512
vn -0.79727 -0.204605 0.567888
vn -0.209323 -0.966413 0.149099
vn -0.149099 -0.966413 -0.209323
vn -0.567889 -0.204604 -0.79727
vn -0.024462 -0.966413 -0.255827
vn -0.093171 -0.204605 -0.9744
vn 0.106728 -0.966413 -0.233783
vn 0.406512 -0.204605 -0.890441
vn 0.209322 -0.966413 -0.149098
vn 0.79727 -0.204605 -0.567888
vn 0.255827 -0.966413 -0.024461
vn 0.9744 -0.204605 -0.093171
vn 0.233784 -0.966413 0.10673
vn 0.890441 -0.204605 0.406512
vn 0.149098 -0.966413 0.209322
vn 0.567888 -0.204605 0.79727
vn 0.024462 -0.966413 0.255828
vn 0.093171 -0.204605 0.9744
vn -0.106729 -0.966413 0.233785
vn -0.406512 -0.204605 0.890441
vn 0.300489 0.943869 0.137181
vn 0.880805 0.249975 0.402113
vn 0.19164 0.943869 0.269047
vn 0.561743 0.249977 0.788642
vn 0.963856 0.249975 -0.092162
vn 0.328823 0.943868 -0.031442
vn 0.788642 0.249976 -0.561743
vn 0.269049 0.943868 -0.191642
vn -0.904537 -0.106242 -0.412947
vn -0.387584 0.904693 -0.176943
vn -0.576878 -0.106242 -0.809891
vn -0.247187 0.904692 -0.347031
vn -0.424129 0.904693 0.040554
vn -0.989826 -0.106242 0.094646
vn -0.347029 0.904694 0.247185
vn -0.809892 -0.106242 0.576878
vn 0.031442 0.943868 0.328823
vn 0.092162 0.249978 0.963856
vn -0.094646 -0.106242 -0.989826
vn -0.040555 0.904692 -0.424131
vn -0.137182 0.943868 0.300491
vn -0.402113 0.249977 0.880805
vn 0.412947 -0.106242 -0.904537
vn 0.176944 0.904693 -0.387584
vn -0.269049 0.943868 0.191641
vn -0.788643 0.249976 0.561743
vn 0.809892 -0.106242 -0.576878
vn 0.347029 0.904694 -0.247186
vn -0.328824 0.943868 0.031442
vn -0.963856 0.249976 0.092162
vn 0.989826 -0.106241 -0.094645
vn 0.424129 0.904693 -0.040554
vn -0.300491 0.943868 -0.137183
vn -0.880805 0.249975 -0.402113
vn 0.904537 -0.106241 0.412948
vn 0.387583 0.904694 0.176943
vn -0.191641 0.943868 -0.269048
vn -0.561743 0.249975 -0.788643
vn 0.576878 -0.106242 0.809891
vn 0.247184 0.904695 0.347026
vn -0.031442 0.943868 -0.328823
vn -0.092162 0.249976 -0.963856
vn 0.094645 -0.106242 0.989826
vn 0.040553 0.904696 0.424124
vn 0.137183 0.943868 -0.300491
vn 0.402113 0.249976 -0.880805
vn -0.412947 -0.106241 0.904537
vn -0.176943 0.904695 0.387581
vn 0.068352 -0.997173 0.031205
vn 0.074798 -0.997173 -0.007152
vn 0.043592 -0.997173 0.0612
vn 0.007152 -0.997173 0.074797
vn -0.031205 -0.997173 0.068352
vn -0.0612 -0.997173 0.043593
vn -0.074797 -0.997173 0.007152
vn -0.068352 -0.997173 -0.031205
vn -0.043592 -0.997173 -0.061201
vn -0.007152 -0.997173 -0.074798
vn 0.031205 -0.997173 -0.068353
vn 0.061201 -0.997173 -0.043593
vn 0.983622 0.15376 -0.094052
vn 0.898868 0.15376 0.41036
vn 0.573262 0.153761 0.804815
vn 0.094053 0.153763 0.983621
vn -0.410359 0.153763 0.898867
vn -0.804815 0.153762 0.573263
vn -0.983622 0.153761 0.094052
vn -0.898867 0.153761 -0.410359
vn -0.573263 0.153761 -0.804815
vn -0.094053 0.153761 -0.983622
vn 0.410359 0.153761 -0.898868
vn 0.804815 0.153761 -0.573263
vn 0.894793 -0.180206 0.408499
vn 0.979163 -0.180206 -0.093626
vn 0.89864 -0.155359 0.410256
vn 0.983373 -0.155359 -0.094028
vn 0.801167 -0.180206 -0.570664
vn 0.804612 -0.155358 -0.573118
vn 0.408499 -0.180206 -0.894793
vn 0.410255 -0.155358 -0.89864
vn -0.093626 -0.180206 -0.979163
vn -0.094029 -0.155359 -0.983373
vn -0.570664 -0.180206 -0.801167
vn -0.573118 -0.155359 -0.804612
vn -0.894793 -0.180206 -0.408499
vn -0.89864 -0.155359 -0.410255
vn -0.979163 -0.180206 0.093626
vn -0.983373 -0.155359 0.094029
vn -0.801167 -0.180206 0.570664
vn -0.804612 -0.155359 0.573118
vn -0.408499 -0.180206 0.894793
vn -0.410255 -0.155359 0.89864
vn 0.093626 -0.180206 0.979163
vn 0.094029 -0.155359 0.983373
vn 0.570664 -0.180206 0.801167
vn 0.573118 -0.155359 0.804612
vn 0.016786 -0.99983 0.007664
vn 0.010706 -0.99983 0.01503
vn 0.018369 -0.99983 -0.001756
vn 0.001756 -0.99983 0.018369
vn -0.007664 -0.99983 0.016786
vn -0.01503 -0.99983 0.010706
vn -0.018369 -0.99983 0.001756
vn -0.016786 -0.99983 -0.007663
vn -0.010706 -0.99983 -0.01503
vn -0.001756 -0.99983 -0.018369
vn 0.007663 -0.99983 -0.016786
vn 0.01503 -0.99983 -0.010706
vn 0.661006 -0.687027 0.301769
vn 0.421564 -0.687027 0.591842
vn 0.723332 -0.687028 -0.069164
vn 0.591842 -0.687028 -0.421564
vn 0.301768 -0.687028 -0.661006
vn -0.069164 -0.687028 -0.723332
vn -0.421564 -0.687027 -0.591842
vn -0.661006 -0.687027 -0.301768
vn -0.723332 -0.687027 0.069164
vn -0.591842 -0.687027 0.421564
vn -0.301769 -0.687027 0.661006
vn 0.069164 -0.687027 0.723333
vt 0.864422 0.982257
vt 0.790178 0.982257
vt 0.928719 0.945136
vt 0.725881 0.945136
vt 0.688759 0.880839
vt 0.688759 0.806595
vt 0.725881 0.742298
vt 0.790178 0.705176
vt 0.864422 0.705176
vt 0.928719 0.742298
vt 0.96584 0.806595
vt 0.96584 0.880839
vt 0.257073 0.736044
vt 0.259736 0.736934
vt 0.234307 0.792594
vt 0.236837 0.793804
vt 0.275683 0.677497
vt 0.272911 0.676928
vt 0.204064 0.8466
vt 0.206302 0.848504
vt 0.007771 0.050253
vt 0.010158 0.046413
vt 0.0773 0.115235
vt 0.080428 0.112295
vt 0.13682 0.186652
vt 0.140213 0.184145
vt 0.186856 0.262407
vt 0.190379 0.260361
vt 0.226655 0.339516
vt 0.230188 0.337957
vt 0.255989 0.415584
vt 0.259399 0.41452
vt 0.274567 0.487244
vt 0.277742 0.486663
vt 0.282518 0.55271
vt 0.285479 0.552571
vt 0.281534 0.61569
vt 0.284397 0.61592
vt 0.686208 0.050872
vt 0.684013 0.0532
vt 0.632574 0.008261
vt 0.631118 0.011027
vt 0.730057 0.104858
vt 0.732638 0.102897
vt 0.768052 0.164331
vt 0.770984 0.162755
vt 0.267075 0.808088
vt 0.269673 0.809307
vt 0.23573 0.866194
vt 0.238542 0.867159
vt 0.294156 0.74846
vt 0.291434 0.747546
vt 0.311496 0.684931
vt 0.308665 0.684337
vt 0.634128 0.812364
vt 0.632327 0.809402
vt 0.690694 0.761668
vt 0.688101 0.759225
vt 0.045068 0.006694
vt 0.048749 0.003968
vt 0.11793 0.077541
vt 0.121166 0.074572
vt 0.739095 0.700535
vt 0.736072 0.698507
vt 0.180672 0.154553
vt 0.184161 0.152028
vt 0.778164 0.630559
vt 0.774769 0.628991
vt 0.232448 0.236438
vt 0.236079 0.234412
vt 0.806706 0.553369
vt 0.803037 0.552319
vt 0.272398 0.319984
vt 0.276045 0.318481
vt 0.823505 0.471672
vt 0.819695 0.471176
vt 0.300157 0.402622
vt 0.303678 0.401654
vt 0.828143 0.38827
vt 0.824325 0.388345
vt 0.315793 0.480475
vt 0.319069 0.480002
vt 0.820372 0.306236
vt 0.81672 0.306885
vt 0.320825 0.551335
vt 0.323862 0.55126
vt 0.800592 0.230089
vt 0.797322 0.23124
vt 0.318501 0.618818
vt 0.321428 0.61908
vt 0.229598 0.790339
vt 0.252111 0.734387
vt 0.735675 0.100583
vt 0.688791 0.048125
vt 0.200185 0.842838
vt 0.634079 0.004794
vt 0.071487 0.120718
vt 0.003848 0.057585
vt 0.63602 0.816101
vt 0.693744 0.764555
vt 0.130505 0.191333
vt 0.742652 0.702932
vt 0.180293 0.266229
vt 0.782157 0.632414
vt 0.220077 0.34244
vt 0.811022 0.554611
vt 0.249634 0.41758
vt 0.827988 0.472256
vt 0.268665 0.488329
vt 0.832637 0.388176
vt 0.277 0.552992
vt 0.82467 0.305454
vt 0.276202 0.615268
vt 0.804437 0.228718
vt 0.267748 0.675873
vt 0.774431 0.16089
vt 0.714089 0.116862
vt 0.670444 0.067447
vt 0.619608 0.026554
vt 0.61856 0.792987
vt 0.672055 0.744309
vt 0.71736 0.68614
vt 0.75376 0.619438
vt 0.780361 0.545906
vt 0.796143 0.468122
vt 0.800729 0.388709
vt 0.794164 0.310625
vt 0.777072 0.238107
vt 0.749887 0.173899
vt 0.434263 0.364024
vt 0.426888 0.306512
vt 0.604556 0.34904
vt 0.595116 0.277472
vt 0.41475 0.249887
vt 0.579813 0.207014
vt 0.397934 0.194533
vt 0.558757 0.138119
vt 0.376499 0.14084
vt 0.532095 0.07123
vt 0.350174 0.089
vt 0.500009 0.006758
vt 0.350412 0.758922
vt 0.376974 0.706095
vt 0.503144 0.841948
vt 0.53551 0.776241
vt 0.398521 0.651461
vt 0.562157 0.707577
vt 0.415336 0.595258
vt 0.582663 0.637255
vt 0.42734 0.538048
vt 0.597096 0.565742
vt 0.434508 0.480181
vt 0.605572 0.493645
vt 0.436814 0.422042
vt 0.608056 0.421254
vt 0.416305 0.832132
vt 0.438948 0.871357
vt 0.377041 0.809471
vt 0.438947 0.916645
vt 0.416302 0.955867
vt 0.377082 0.978514
vt 0.331793 0.978519
vt 0.292567 0.95588
vt 0.269915 0.916663
vt 0.269904 0.871374
vt 0.292536 0.832146
vt 0.33175 0.809487
vt 0.42913 0.819304
vt 0.456464 0.866665
vt 0.41496 0.365679
vt 0.417405 0.422078
vt 0.407817 0.309769
vt 0.381733 0.791949
vt 0.396038 0.254719
vt 0.327051 0.791975
vt 0.379736 0.200894
vt 0.279712 0.81933
vt 0.359118 0.148795
vt 0.25239 0.866687
vt 0.334054 0.099883
vt 0.252404 0.92136
vt 0.333972 0.747917
vt 0.359271 0.698071
vt 0.27975 0.968703
vt 0.380049 0.645029
vt 0.327103 0.996032
vt 0.396394 0.590444
vt 0.381776 0.996026
vt 0.408112 0.53484
vt 0.429123 0.968687
vt 0.415124 0.478592
vt 0.45646 0.921339
usemtl PotSG
f 2433/2836/2433 2434/2837/2433 2435/2838/2433
f 2434/2837/2433 2436/2839/2433 2435/2838/2433
f 2436/2839/2433 2437/2840/2433 2435/2838/2433
f 2437/2840/2433 2438/2841/2433 2435/2838/2433
f 2438/2841/2433 2439/2842/2433 2435/2838/2433
f 2439/2842/2433 2440/2843/2433 2435/2838/2433
f 2440/2843/2433 2441/2844/2433 2435/2838/2433
f 2441/2844/2433 2442/2845/2433 2435/2838/2433
f 2442/2845/2433 2443/2846/2433 2435/2838/2433
f 2443/2846/2433 2444/2847/2433 2435/2838/2433
f 2445/2848/2434 2446/2849/2435 2447/2850/2436
f 2447/2850/2436 2446/2849/2435 2448/2851/2437
f 2446/2849/2435 2445/2848/2434 2449/2852/2438
f 2449/2852/2438 2445/2848/2434 2450/2853/2439
f 2447/2850/2436 2448/2851/2437 2451/2854/2440
f 2451/2854/2440 2448/2851/2437 2452/2855/2441
f 2451/2856/2440 2452/2857/2441 2453/2858/2442
f 2453/2858/2442 2452/2857/2441 2454/2859/2443
f 2453/2858/2442 2454/2859/2443 2455/2860/2444
f 2455/2860/2444 2454/2859/2443 2456/2861/2445
f 2455/2860/2444 2456/2861/2445 2457/2862/2446
f 2457/2862/2446 2456/2861/2445 2458/2863/2447
f 2457/2862/2446 2458/2863/2447 2459/2864/2448
f 2459/2864/2448 2458/2863/2447 2460/2865/2449
f 2459/2864/2448 2460/2865/2449 2461/2866/2450
f 2461/2866/2450 2460/2865/2449 2462/2867/2451
f 2461/2866/2450 2462/2867/2451 2463/2868/2452
f 2463/2868/2452 2462/2867/2451 2464/2869/2453
f 2463/2868/2452 2464/2869/2453 2465/2870/2454
f 2465/2870/2454 2464/2869/2453 2466/2871/2455
f 2465/2870/2454 2466/2871/2455 2467/2872/2456
f 2467/2872/2456 2466/2871/2455 2468/2873/2457
f 2467/2872/2456 2468/2873/2457 2450/2853/2439
f 2450/2853/2439 2468/2873/2457 2449/2852/2438
f 2469/2874/2458 2470/2875/2459 2471/2876/2460
f 2471/2876/2460 2470/2875/2459 2472/2877/2461
f 2470/2875/2459 2469/2874/2458 2473/2878/2462
f 2473/2878/2462 2469/2874/2458 2474/2879/2463
f 2473/2878/2462 2474/2879/2463 2475/2880/2464
f 2475/2880/2464 2474/2879/2463 2476/2881/2465
f 2477/2882/2466 2478/2883/2467 2479/2884/2468
f 2479/2884/2468 2478/2883/2467 2480/2885/2469
f 2478/2883/2467 2477/2882/2466 2481/2886/2470
f 2481/2886/2470 2477/2882/2466 2482/2887/2471
f 2481/2886/2470 2482/2887/2471 2483/2888/2472
f 2483/2888/2472 2482/2887/2471 2484/2889/2473
f 2471/2890/2460 2472/2891/2461 2485/2892/2474
f 2485/2892/2474 2472/2891/2461 2486/2893/2475
f 2479/2894/2468 2480/2895/2469 2487/2896/2476
f 2487/2896/2476 2480/2895/2469 2488/2897/2477
f 2485/2892/2474 2486/2893/2475 2489/2898/2478
f 2489/2898/2478 2486/2893/2475 2490/2899/2479
f 2487/2896/2476 2488/2897/2477 2491/2900/2480
f 2491/2900/2480 2488/2897/2477 2492/2901/2481
f 2489/2898/2478 2490/2899/2479 2493/2902/2482
f 2493/2902/2482 2490/2899/2479 2494/2903/2483
f 2491/2900/2480 2492/2901/2481 2495/2904/2484
f 2495/2904/2484 2492/2901/2481 2496/2905/2485
f 2493/2902/2482 2494/2903/2483 2497/2906/2486
f 2497/2906/2486 2494/2903/2483 2498/2907/2487
f 2495/2904/2484 2496/2905/2485 2499/2908/2488
f 2499/2908/2488 2496/2905/2485 2500/2909/2489
f 2497/2906/2486 2498/2907/2487 2501/2910/2490
f 2501/2910/2490 2498/2907/2487 2502/2911/2491
f 2499/2908/2488 2500/2909/2489 2503/2912/2492
f 2503/2912/2492 2500/2909/2489 2504/2913/2493
f 2501/2910/2490 2502/2911/2491 2505/2914/2494
f 2505/2914/2494 2502/2911/2491 2506/2915/2495
f 2503/2912/2492 2504/2913/2493 2507/2916/2496
f 2507/2916/2496 2504/2913/2493 2508/2917/2497
f 2505/2914/2494 2506/2915/2495 2509/2918/2498
f 2509/2918/2498 2506/2915/2495 2510/2919/2499
f 2507/2916/2496 2508/2917/2497 2511/2920/2500
f 2511/2920/2500 2508/2917/2497 2512/2921/2501
f 2509/2918/2498 2510/2919/2499 2513/2922/2502
f 2513/2922/2502 2510/2919/2499 2514/2923/2503
f 2511/2920/2500 2512/2921/2501 2515/2924/2504
f 2515/2924/2504 2512/2921/2501 2516/2925/2505
f 2513/2922/2502 2514/2923/2503 2476/2881/2465
f 2476/2881/2465 2514/2923/2503 2475/2880/2464
f 2515/2924/2504 2516/2925/2505 2484/2889/2473
f 2484/2889/2473 2516/2925/2505 2483/2888/2472
f 2517/2926/2506 2518/2927/2507 2447/2850/2436
f 2447/2850/2436 2518/2927/2507 2445/2848/2434
f 2474/2879/2463 2469/2874/2458 2481/2928/2470
f 2481/2928/2470 2469/2874/2458 2478/2929/2467
f 2519/2930/2508 2517/2926/2506 2451/2854/2440
f 2451/2854/2440 2517/2926/2506 2447/2850/2436
f 2469/2874/2458 2471/2876/2460 2478/2929/2467
f 2478/2929/2467 2471/2876/2460 2480/2931/2469
f 2520/2932/2509 2519/2933/2508 2453/2858/2442
f 2453/2858/2442 2519/2933/2508 2451/2856/2440
f 2471/2890/2460 2485/2892/2474 2480/2934/2469
f 2480/2934/2469 2485/2892/2474 2488/2935/2477
f 2521/2936/2510 2520/2932/2509 2455/2860/2444
f 2455/2860/2444 2520/2932/2509 2453/2858/2442
f 2485/2892/2474 2489/2898/2478 2488/2935/2477
f 2488/2935/2477 2489/2898/2478 2492/2937/2481
f 2522/2938/2511 2521/2936/2510 2457/2862/2446
f 2457/2862/2446 2521/2936/2510 2455/2860/2444
f 2489/2898/2478 2493/2902/2482 2492/2937/2481
f 2492/2937/2481 2493/2902/2482 2496/2939/2485
f 2523/2940/2512 2522/2938/2511 2459/2864/2448
f 2459/2864/2448 2522/2938/2511 2457/2862/2446
f 2493/2902/2482 2497/2906/2486 2496/2939/2485
f 2496/2939/2485 2497/2906/2486 2500/2941/2489
f 2524/2942/2513 2523/2940/2512 2461/2866/2450
f 2461/2866/2450 2523/2940/2512 2459/2864/2448
f 2497/2906/2486 2501/2910/2490 2500/2941/2489
f 2500/2941/2489 2501/2910/2490 2504/2943/2493
f 2525/2944/2514 2524/2942/2513 2463/2868/2452
f 2463/2868/2452 2524/2942/2513 2461/2866/2450
f 2501/2910/2490 2505/2914/2494 2504/2943/2493
f 2504/2943/2493 2505/2914/2494 2508/2945/2497
f 2526/2946/2515 2525/2944/2514 2465/2870/2454
f 2465/2870/2454 2525/2944/2514 2463/2868/2452
f 2505/2914/2494 2509/2918/2498 2508/2945/2497
f 2508/2945/2497 2509/2918/2498 2512/2947/2501
f 2527/2948/2516 2526/2946/2515 2467/2872/2456
f 2467/2872/2456 2526/2946/2515 2465/2870/2454
f 2509/2918/2498 2513/2922/2502 2512/2947/2501
f 2512/2947/2501 2513/2922/2502 2516/2949/2505
f 2528/2950/2517 2527/2948/2516 2450/2853/2439
f 2450/2853/2439 2527/2948/2516 2467/2872/2456
f 2513/2922/2502 2476/2881/2465 2516/2949/2505
f 2516/2949/2505 2476/2881/2465 2483/2951/2472
f 2518/2927/2507 2528/2950/2517 2445/2848/2434
f 2445/2848/2434 2528/2950/2517 2450/2853/2439
f 2476/2881/2465 2474/2879/2463 2483/2951/2472
f 2483/2951/2472 2474/2879/2463 2481/2928/2470
f 2441/2952/2518 2440/2953/2519 2473/2878/2462
f 2473/2878/2462 2440/2953/2519 2470/2875/2459
f 2446/2849/2435 2482/2887/2471 2448/2851/2437
f 2448/2851/2437 2482/2887/2471 2477/2882/2466
f 2440/2953/2519 2439/2954/2520 2470/2875/2459
f 2470/2875/2459 2439/2954/2520 2472/2877/2461
f 2448/2851/2437 2477/2882/2466 2452/2855/2441
f 2452/2855/2441 2477/2882/2466 2479/2884/2468
f 2439/2955/2520 2438/2956/2521 2472/2891/2461
f 2472/2891/2461 2438/2956/2521 2486/2893/2475
f 2452/2857/2441 2479/2894/2468 2454/2859/2443
f 2454/2859/2443 2479/2894/2468 2487/2896/2476
f 2438/2956/2521 2437/2957/2522 2486/2893/2475
f 2486/2893/2475 2437/2957/2522 2490/2899/2479
f 2454/2859/2443 2487/2896/2476 2456/2861/2445
f 2456/2861/2445 2487/2896/2476 2491/2900/2480
f 2437/2957/2522 2436/2958/2523 2490/2899/2479
f 2490/2899/2479 2436/2958/2523 2494/2903/2483
f 2456/2861/2445 2491/2900/2480 2458/2863/2447
f 2458/2863/2447 2491/2900/2480 2495/2904/2484
f 2436/2958/2523 2434/2959/2524 2494/2903/2483
f 2494/2903/2483 2434/2959/2524 2498/2907/2487
f 2458/2863/2447 2495/2904/2484 2460/2865/2449
f 2460/2865/2449 2495/2904/2484 2499/2908/2488
f 2434/2959/2524 2433/2960/2525 2498/2907/2487
f 2498/2907/2487 2433/2960/2525 2502/2911/2491
f 2460/2865/2449 2499/2908/2488 2462/2867/2451
f 2462/2867/2451 2499/2908/2488 2503/2912/2492
f 2433/2960/2525 2435/2961/2526 2502/2911/2491
f 2502/2911/2491 2435/2961/2526 2506/2915/2495
f 2462/2867/2451 2503/2912/2492 2464/2869/2453
f 2464/2869/2453 2503/2912/2492 2507/2916/2496
f 2435/2961/2526 2444/2962/2527 2506/2915/2495
f 2506/2915/2495 2444/2962/2527 2510/2919/2499
f 2464/2869/2453 2507/2916/2496 2466/2871/2455
f 2466/2871/2455 2507/2916/2496 2511/2920/2500
f 2444/2962/2527 2443/2963/2528 2510/2919/2499
f 2510/2919/2499 2443/2963/2528 2514/2923/2503
f 2466/2871/2455 2511/2920/2500 2468/2873/2457
f 2468/2873/2457 2511/2920/2500 2515/2924/2504
f 2443/2963/2528 2442/2964/2529 2514/2923/2503
f 2514/2923/2503 2442/2964/2529 2475/2880/2464
f 2468/2873/2457 2515/2924/2504 2449/2852/2438
f 2449/2852/2438 2515/2924/2504 2484/2889/2473
f 2442/2964/2529 2441/2952/2518 2475/2880/2464
f 2475/2880/2464 2441/2952/2518 2473/2878/2462
f 2449/2852/2438 2484/2889/2473 2446/2849/2435
f 2446/2849/2435 2484/2889/2473 2482/2887/2471
f 2529/2965/2530 2530/2966/2531 2524/2967/2532
f 2524/2967/2532 2530/2966/2531 2523/2968/2533
f 2530/2966/2531 2531/2969/2534 2523/2968/2533
f 2523/2968/2533 2531/2969/2534 2522/2970/2535
f 2531/2969/2534 2532/2971/2536 2522/2970/2535
f 2522/2970/2535 2532/2971/2536 2521/2972/2537
f 2532/2971/2536 2533/2973/2538 2521/2972/2537
f 2521/2972/2537 2533/2973/2538 2520/2974/2539
f 2533/2973/2538 2534/2975/2540 2520/2974/2539
f 2520/2974/2539 2534/2975/2540 2519/2976/2541
f 2534/2977/2540 2535/2978/2542 2519/2979/2541
f 2519/2979/2541 2535/2978/2542 2517/2980/2543
f 2535/2978/2542 2536/2981/2544 2517/2980/2543
f 2517/2980/2543 2536/2981/2544 2518/2982/2545
f 2536/2981/2544 2537/2983/2546 2518/2982/2545
f 2518/2982/2545 2537/2983/2546 2528/2984/2547
f 2537/2983/2546 2538/2985/2548 2528/2984/2547
f 2528/2984/2547 2538/2985/2548 2527/2986/2549
f 2538/2985/2548 2539/2987/2550 2527/2986/2549
f 2527/2986/2549 2539/2987/2550 2526/2988/2551
f 2539/2987/2550 2540/2989/2552 2526/2988/2551
f 2526/2988/2551 2540/2989/2552 2525/2990/2553
f 2540/2989/2552 2529/2965/2530 2525/2990/2553
f 2525/2990/2553 2529/2965/2530 2524/2967/2532
f 2541/2991/2554 2542/2992/2555 2543/2993/2556
f 2542/2992/2555 2544/2994/2557 2543/2993/2556
f 2544/2994/2557 2545/2995/2558 2543/2993/2556
f 2545/2995/2558 2546/2996/2559 2543/2993/2556
f 2546/2996/2559 2547/2997/2560 2543/2993/2556
f 2547/2997/2560 2548/2998/2561 2543/2993/2556
f 2548/2998/2561 2549/2999/2562 2543/2993/2556
f 2549/2999/2562 2550/3000/2563 2543/2993/2556
f 2550/3000/2563 2551/3001/2564 2543/2993/2556
f 2551/3001/2564 2552/3002/2565 2543/2993/2556
f 2541/2991/2554 2553/3003/2566 2542/2992/2555
f 2542/2992/2555 2553/3003/2566 2554/3004/2567
f 2553/3005/2566 2529/2965/2530 2554/3006/2567
f 2554/3006/2567 2529/2965/2530 2540/2989/2552
f 2529/2965/2530 2553/3005/2566 2530/2966/2531
f 2530/2966/2531 2553/3005/2566 2555/3007/2568
f 2553/3003/2566 2541/2991/2554 2555/3008/2568
f 2555/3008/2568 2541/2991/2554 2543/2993/2556
f 2530/2966/2531 2555/3007/2568 2531/2969/2534
f 2531/2969/2534 2555/3007/2568 2556/3009/2569
f 2555/3008/2568 2543/2993/2556 2556/3010/2569
f 2556/3010/2569 2543/2993/2556 2552/3002/2565
f 2531/2969/2534 2556/3009/2569 2532/2971/2536
f 2532/2971/2536 2556/3009/2569 2557/3011/2570
f 2556/3010/2569 2552/3002/2565 2557/3012/2570
f 2557/3012/2570 2552/3002/2565 2551/3001/2564
f 2532/2971/2536 2557/3011/2570 2533/2973/2538
f 2533/2973/2538 2557/3011/2570 2558/3013/2571
f 2557/3012/2570 2551/3001/2564 2558/3014/2571
f 2558/3014/2571 2551/3001/2564 2550/3000/2563
f 2533/2973/2538 2558/3013/2571 2534/2975/2540
f 2534/2975/2540 2558/3013/2571 2559/3015/2572
f 2558/3014/2571 2550/3000/2563 2559/3016/2572
f 2559/3016/2572 2550/3000/2563 2549/2999/2562
f 2534/2977/2540 2559/3017/2572 2535/2978/2542
f 2535/2978/2542 2559/3017/2572 2560/3018/2573
f 2559/3016/2572 2549/2999/2562 2560/3019/2573
f 2560/3019/2573 2549/2999/2562 2548/2998/2561
f 2535/2978/2542 2560/3018/2573 2536/2981/2544
f 2536/2981/2544 2560/3018/2573 2561/3020/2574
f 2560/3019/2573 2548/2998/2561 2561/3021/2574
f 2561/3021/2574 2548/2998/2561 2547/2997/2560
f 2536/2981/2544 2561/3020/2574 2537/2983/2546
f 2537/2983/2546 2561/3020/2574 2562/3022/2575
f 2561/3021/2574 2547/2997/2560 2562/3023/2575
f 2562/3023/2575 2547/2997/2560 2546/2996/2559
f 2537/2983/2546 2562/3022/2575 2538/2985/2548
f 2538/2985/2548 2562/3022/2575 2563/3024/2576
f 2562/3023/2575 2546/2996/2559 2563/3025/2576
f 2563/3025/2576 2546/2996/2559 2545/2995/2558
f 2538/2985/2548 2563/3024/2576 2539/2987/2550
f 2539/2987/2550 2563/3024/2576 2564/3026/2577
f 2563/3025/2576 2545/2995/2558 2564/3027/2577
f 2564/3027/2577 2545/2995/2558 2544/2994/2557
f 2539/2987/2550 2564/3026/2577 2540/2989/2552
f 2540/2989/2552 2564/3026/2577 2554/3006/2567
f 2564/3027/2577 2544/2994/2557 2554/3004/2567
f 2554/3004/2567 2544/2994/2557 2542/2992/2555
s off
