# Apple ModelIO OBJ File: IchigoAme_Pot
mtllib IchigoAme_Pot.mtl
g IchigoAme_Pot_PotSG
v 0.582177 -0.808827 -0.422967
v 0.684386 -0.808827 -0.222367
v 1.1e-05 -0.808827 1e-06
v 0.422971 -0.808827 -0.582163
v 0.222381 -0.808827 -0.684384
v 1.1e-05 -0.808827 -0.719594
v -0.222376 -0.808827 -0.684384
v -0.422953 -0.808827 -0.582161
v -0.582173 -0.808827 -0.422967
v -0.684384 -0.808827 -0.222365
v -0.701985 -0.808827 -0.111182
v -0.701985 -0.808827 0.111184
v -0.719582 -0.808827 1e-06
v -0.582173 -0.808827 0.422969
v -0.684384 -0.808827 0.222367
v -0.422955 -0.808827 0.582163
v -0.222376 -0.808827 0.684374
v 1.1e-05 -0.808827 0.719594
v 0.222379 -0.808827 0.684374
v 0.422971 -0.808827 0.582163
v 0.582175 -0.808827 0.422969
v 0.684386 -0.808827 0.222367
v 0.719604 -0.808827 1e-06
v 0.701997 -0.808827 0.111184
v 0.701997 -0.808827 -0.111182
v 0.794485 -0.786085 -0.25817
v 0.675851 -0.786085 -0.491024
v 0.887864 -0.721303 -0.28848
v 0.755243 -0.721303 -0.548733
v 0.972148 -0.509988 -0.315876
v 0.950244 -0.624346 -0.308753
v 0.826938 -0.509988 -0.600812
v 0.808327 -0.624346 -0.587273
v 0.491038 -0.786085 -0.67585
v 0.548735 -0.721303 -0.755253
v 0.600825 -0.509988 -0.826948
v 0.587287 -0.624346 -0.808333
v 0.25816 -0.786085 -0.794495
v 0.288471 -0.721303 -0.887858
v 0.315879 -0.509988 -0.972134
v 0.308763 -0.624346 -0.95023
v 1.1e-05 -0.786085 -0.835382
v 1.1e-05 -0.721303 -0.933541
v 1.1e-05 -0.509988 -1.02216
v 1.1e-05 -0.624346 -0.999138
v -0.258158 -0.786085 -0.794518
v -0.288468 -0.721303 -0.887858
v -0.315876 -0.509988 -0.972134
v -0.308758 -0.624346 -0.95023
v -0.491036 -0.786085 -0.67585
v -0.548733 -0.721303 -0.755251
v -0.600823 -0.509988 -0.826946
v -0.587275 -0.624346 -0.808333
v -0.675846 -0.786085 -0.491024
v -0.755239 -0.721303 -0.548733
v -0.826934 -0.509988 -0.600812
v -0.808323 -0.624346 -0.587273
v -0.794483 -0.786085 -0.25817
v -0.88786 -0.721303 -0.28848
v -0.972144 -0.509988 -0.315876
v -0.95024 -0.624346 -0.308753
v -0.814934 -0.786085 -0.129081
v -0.910692 -0.721303 -0.144248
v -0.997151 -0.509988 -0.157938
v -0.97469 -0.624346 -0.154376
v -0.83537 -0.786085 1e-06
v -0.814934 -0.786085 0.129074
v -0.93353 -0.721303 1e-06
v -0.910692 -0.721303 0.144238
v -1.02217 -0.509988 1e-06
v -0.999142 -0.624346 1e-06
v -0.997151 -0.509988 0.157928
v -0.97469 -0.624346 0.154374
v -0.794483 -0.786085 0.258148
v -0.675846 -0.786085 0.491026
v -0.88786 -0.721303 0.288475
v -0.755239 -0.721303 0.548723
v -0.972144 -0.509988 0.315867
v -0.95024 -0.624346 0.308749
v -0.826934 -0.509988 0.600813
v -0.808323 -0.624346 0.587275
v -0.491036 -0.786085 0.675837
v -0.548733 -0.721303 0.755243
v -0.600823 -0.509988 0.826938
v -0.587275 -0.624346 0.808313
v -0.258158 -0.786085 0.794479
v -0.288468 -0.721303 0.88785
v -0.315876 -0.509988 0.972134
v -0.308758 -0.624346 0.95023
v 1.1e-05 -0.786085 0.835384
v 1.1e-05 -0.721303 0.933543
v 1.1e-05 -0.509988 1.02216
v 1.1e-05 -0.624346 0.999133
v 0.25816 -0.786085 0.794479
v 0.288471 -0.721303 0.88785
v 0.315879 -0.509988 0.972134
v 0.308761 -0.624346 0.95023
v 0.491038 -0.786085 0.675837
v 0.548735 -0.721303 0.755243
v 0.600825 -0.509988 0.826938
v 0.587287 -0.624346 0.808313
v 0.675849 -0.786085 0.491026
v 0.755241 -0.721303 0.548723
v 0.826936 -0.509988 0.600813
v 0.808325 -0.624346 0.587275
v 0.794485 -0.786085 0.258148
v 0.887862 -0.721303 0.288475
v 0.972146 -0.509988 0.315867
v 0.950242 -0.624346 0.308749
v 0.814937 -0.786085 0.129074
v 0.835373 -0.786085 1e-06
v 0.910708 -0.721303 0.144238
v 0.933548 -0.721303 1e-06
v 0.974692 -0.624346 0.154374
v 0.999144 -0.624346 1e-06
v 0.99715 -0.509988 0.157928
v 1.02215 -0.509988 1e-06
v 0.814937 -0.786085 -0.129081
v 0.91071 -0.721303 -0.144248
v 0.974694 -0.624346 -0.154376
v 0.99715 -0.509988 -0.157938
v 0.521394 -0.672223 -0.169411
v 0.69515 -0.623876 -0.225882
v 0.443524 -0.672223 -0.32223
v 0.591329 -0.623876 -0.429623
v 0.822347 -0.491779 -0.267198
v 0.699529 -0.491779 -0.508232
v 0.86889 -0.311331 -0.282325
v 0.739133 -0.311331 -0.537006
v 1.1e-05 -0.672223 1e-06
v 0.322242 -0.672223 -0.443522
v 0.169417 -0.672223 -0.521382
v 1.1e-05 -0.672223 -0.548215
v -0.169413 -0.672223 -0.521382
v -0.322222 -0.672223 -0.443522
v -0.443518 -0.672223 -0.32223
v -0.521386 -0.672223 -0.169407
v -0.534793 -0.672223 -0.084702
v -0.548216 -0.672223 1e-06
v -0.534793 -0.672223 0.084702
v -0.521386 -0.672223 0.169403
v -0.443518 -0.672223 0.322228
v -0.322222 -0.672223 0.44351
v -0.169413 -0.672223 0.52138
v 1.1e-05 -0.672223 0.548211
v 0.169415 -0.672223 0.52138
v 0.32224 -0.672223 0.44351
v 0.443522 -0.672223 0.322228
v 0.521392 -0.672223 0.169405
v 0.5348 -0.672223 0.084702
v 0.548223 -0.672223 -1e-06
v 0.534807 -0.672223 -0.084706
v 0.508226 -0.491779 -0.699521
v 0.537001 -0.311331 -0.739125
v 0.429627 -0.623876 -0.591319
v 0.267189 -0.491779 -0.822333
v 0.282316 -0.311331 -0.868892
v 0.225873 -0.623876 -0.695136
v 1.1e-05 -0.491779 -0.864656
v 1.1e-05 -0.311331 -0.913624
v 1.1e-05 -0.623876 -0.730919
v -0.267186 -0.491779 -0.822333
v -0.282314 -0.311331 -0.868892
v -0.225856 -0.623876 -0.695136
v -0.508224 -0.491779 -0.699519
v -0.536998 -0.311331 -0.739123
v -0.429625 -0.623876 -0.591319
v -0.699522 -0.491779 -0.508232
v -0.739111 -0.311331 -0.537006
v -0.591322 -0.623876 -0.429623
v -0.822331 -0.491779 -0.267198
v -0.868884 -0.311331 -0.282325
v -0.695128 -0.623876 -0.225882
v -0.891242 -0.311331 -0.141169
v -0.843486 -0.491779 -0.133605
v -0.71302 -0.623876 -0.112937
v -0.913601 -0.311331 1e-06
v -0.891242 -0.311331 0.141159
v -0.864646 -0.491779 1e-06
v -0.843486 -0.491779 0.133593
v -0.730917 -0.623876 1e-06
v -0.71302 -0.623876 0.112927
v -0.822331 -0.491779 0.267187
v -0.868884 -0.311331 0.282318
v -0.699522 -0.491779 0.508224
v -0.739111 -0.311331 0.536991
v -0.695128 -0.623876 0.225847
v -0.591322 -0.623876 0.429615
v -0.508224 -0.491779 0.699515
v -0.536998 -0.311331 0.739119
v -0.429625 -0.623876 0.591315
v -0.267186 -0.491779 0.822333
v -0.282314 -0.311331 0.868892
v -0.225856 -0.623876 0.695136
v 1.1e-05 -0.491779 0.864652
v 1.1e-05 -0.311331 0.913591
v 1.1e-05 -0.623876 0.730908
v 0.267189 -0.491779 0.822333
v 0.282316 -0.311331 0.868892
v 0.225873 -0.623876 0.695136
v 0.508226 -0.491779 0.699515
v 0.537001 -0.311331 0.739119
v 0.429627 -0.623876 0.591315
v 0.699527 -0.491779 0.508224
v 0.739131 -0.311331 0.536991
v 0.591327 -0.623876 0.429615
v 0.822345 -0.491779 0.267187
v 0.86889 -0.311331 0.282318
v 0.695148 -0.623876 0.225847
v 0.843502 -0.491779 0.133593
v 0.891249 -0.311331 0.141159
v 0.864662 -0.491779 1e-06
v 0.913615 -0.311331 1e-06
v 0.713026 -0.623876 0.112927
v 0.73092 -0.623876 1e-06
v 0.891249 -0.311331 -0.141169
v 0.843504 -0.491779 -0.133605
v 0.713034 -0.623876 -0.112937
v 0.96812 -0.012315 -0.326219
v 0.972148 -0.017687 -0.315876
v 0.826938 0.001027 -0.600812
v 0.600825 0.001027 -0.826948
v 0.315879 0.001027 -0.972134
v 1.1e-05 0.001027 -1.02216
v -0.315876 0.001027 -0.972134
v -0.600823 0.001027 -0.826946
v -0.826934 0.001027 -0.600812
v -0.968114 -0.012315 -0.326219
v -0.972144 -0.017687 -0.315876
v -0.997151 -0.017687 -0.157938
v -0.999419 -0.012206 0.143612
v -0.997151 -0.017687 0.157928
v -0.964918 0.001027 0.330044
v -0.968114 -0.012315 0.326209
v -0.826934 0.001027 0.600813
v -0.600823 0.001027 0.826938
v -0.315876 0.001027 0.972134
v 1.1e-05 0.001027 1.02216
v 0.315879 0.001027 0.972134
v 0.600825 0.001027 0.826938
v 0.826936 0.001027 0.600813
v 0.96812 -0.012315 0.326209
v 0.972146 -0.017687 0.315867
v 0.99715 -0.017687 -0.157938
v 0.946341 0.272341 -0.307493
v 0.804997 0.272341 -0.584866
v 0.894707 0.272342 -0.290719
v 0.761084 0.272342 -0.552956
v 0.584876 0.272341 -0.804995
v 0.55296 0.272342 -0.761088
v 0.307484 0.272341 -0.946329
v 0.290711 0.272342 -0.894709
v 1.1e-05 0.272341 -0.995029
v 1.1e-05 0.272342 -0.940747
v -0.307481 0.272341 -0.946329
v -0.290709 0.272342 -0.894709
v -0.584863 0.272341 -0.804993
v -0.552958 0.272342 -0.761086
v -0.804993 0.272341 -0.584866
v -0.761064 0.272342 -0.552956
v -0.946327 0.272341 -0.307493
v -0.894691 0.272342 -0.290719
v -0.970678 0.272342 -0.153748
v -0.917712 0.272342 -0.145357
v -0.995028 0.272341 1e-06
v -0.970678 0.272342 0.15374
v -0.940737 0.272342 1e-06
v -0.917712 0.272342 0.145349
v -0.946327 0.272341 0.307478
v -0.804993 0.272341 0.584854
v -0.894691 0.272342 0.290701
v -0.761064 0.272342 0.552948
v -0.584863 0.272341 0.804985
v -0.552958 0.272342 0.76107
v -0.307481 0.272342 0.946317
v -0.290709 0.272342 0.894697
v 1.1e-05 0.272342 0.995031
v 1.1e-05 0.272342 0.940736
v 0.307484 0.272342 0.946317
v 0.290711 0.272342 0.894697
v 0.584876 0.272342 0.804985
v 0.55296 0.272342 0.76107
v 0.804995 0.272342 0.584854
v 0.761082 0.272342 0.552948
v 0.946339 0.272342 0.307478
v 0.894707 0.272342 0.290701
v 0.917721 0.272342 0.145349
v 0.970678 0.272342 0.15374
v 0.940749 0.272342 1e-06
v 0.995031 0.272342 1e-06
v 0.917721 0.272342 -0.145357
v 0.970678 0.272342 -0.153748
v 0.86889 0.245539 -0.282325
v 0.739133 0.245539 -0.537006
v 0.537001 0.245539 -0.739125
v 0.282316 0.245539 -0.868892
v 1.1e-05 0.245539 -0.913624
v -0.282314 0.245539 -0.868892
v -0.536998 0.245539 -0.739123
v -0.739111 0.245539 -0.537006
v -0.868884 0.245539 -0.282325
v -0.891242 0.245539 -0.141169
v -0.913601 0.245539 1e-06
v -0.891242 0.245539 0.141159
v -0.868884 0.245539 0.282318
v -0.739111 0.245539 0.536991
v -0.536998 0.245539 0.739119
v -0.282314 0.245539 0.868892
v 1.1e-05 0.245539 0.913591
v 0.282316 0.245539 0.868892
v 0.537001 0.245539 0.739119
v 0.739131 0.245539 0.536991
v 0.86889 0.245539 0.282318
v 0.891249 0.245539 0.141159
v 0.913615 0.245539 1e-06
v 0.891249 0.245539 -0.141169
v 0.972148 0.245539 -0.315876
v 0.964589 0.264491 -0.31342
v 0.99715 0.245539 -0.157938
v 0.989404 0.264492 -0.156709
v 0.820509 0.264491 -0.59615
v 0.826938 0.245539 -0.600812
v 0.596154 0.264491 -0.820518
v 0.600825 0.245539 -0.826948
v 0.313422 0.264491 -0.964576
v 0.315879 0.245539 -0.972134
v 1.1e-05 0.264491 -1.01421
v 1.1e-05 0.245539 -1.02216
v -0.31342 0.264491 -0.964576
v -0.315876 0.245539 -0.972134
v -0.596152 0.264491 -0.820516
v -0.600823 0.245539 -0.826946
v -0.820504 0.264491 -0.59615
v -0.826934 0.245539 -0.600812
v -0.964577 0.264491 -0.31342
v -0.972144 0.245539 -0.315876
v -0.989394 0.264492 -0.156709
v -0.997151 0.245539 -0.157938
v -1.01421 0.264491 1e-06
v -0.989394 0.264492 0.156698
v -1.02217 0.245539 1e-06
v -0.997151 0.245539 0.157928
v -0.964577 0.264491 0.31341
v -0.820504 0.264491 0.596142
v -0.972144 0.245539 0.315867
v -0.826934 0.245539 0.600813
v -0.596152 0.264491 0.820508
v -0.600823 0.245539 0.826938
v -0.31342 0.264492 0.964576
v -0.315876 0.245539 0.972134
v 1.1e-05 0.264492 1.01422
v 1.1e-05 0.245539 1.02216
v 0.313422 0.264492 0.964576
v 0.315879 0.245539 0.972134
v 0.596154 0.264492 0.820508
v 0.600825 0.245539 0.826938
v 0.820507 0.264492 0.596142
v 0.826936 0.245539 0.600813
v 0.964587 0.264492 0.31341
v 0.972146 0.245539 0.315867
v 0.989402 0.264492 0.156698
v 1.01421 0.264492 1e-06
v 0.99715 0.245539 0.157928
v 1.02215 0.245539 1e-06
v 0.876455 0.264492 -0.284782
v 0.899012 0.264492 -0.142397
v 0.745555 0.264492 -0.541687
v 0.541682 0.264492 -0.745555
v 0.284772 0.264492 -0.876451
v 1.1e-05 0.264492 -0.921561
v -0.28477 0.264492 -0.876451
v -0.54167 0.264492 -0.745553
v -0.745541 0.264492 -0.541687
v -0.876443 0.264492 -0.284782
v -0.898998 0.264492 -0.142397
v -0.921559 0.264492 1e-06
v -0.898998 0.264492 0.142388
v -0.876443 0.264492 0.284774
v -0.745541 0.264492 0.54166
v -0.54167 0.264492 0.745549
v -0.28477 0.264492 0.876451
v 1.1e-05 0.264492 0.921549
v 0.284772 0.264492 0.876451
v 0.541682 0.264492 0.745549
v 0.745555 0.264492 0.54166
v 0.876455 0.264492 0.284774
v 0.899012 0.264492 0.142388
v 0.921563 0.264492 1e-06
v 0.99715 -0.017687 0.157928
v -1.00036 0.001027 -0.137689
v -0.999419 -0.012206 -0.143624
v -1.02217 0.001027 1e-06
v 1.00036 0.001027 -0.137691
v 1.02215 0.001027 1e-06
v 0.999423 -0.012206 -0.143626
v -0.972144 -0.017687 0.315867
v -0.972144 0.113317 -0.315876
v -0.997151 0.113317 -0.157938
v -0.964918 0.094602 -0.330054
v -0.968114 0.107942 -0.326219
v -0.826934 0.094602 -0.600812
v -0.600823 0.094602 -0.826946
v -0.315876 0.094602 -0.972134
v 1.1e-05 0.094602 -1.02216
v 0.315879 0.094602 -0.972134
v 0.600825 0.094602 -0.826948
v 0.826938 0.094602 -0.600812
v 0.99715 0.113317 -0.157938
v 0.972148 0.113317 -0.315876
v 0.999423 0.107834 -0.143626
v 0.999421 0.107834 0.143614
v 0.99715 0.113317 0.157928
v 0.972146 0.113317 0.315867
v 0.964921 0.094602 0.330044
v 0.96812 0.107942 0.326209
v 0.826936 0.094602 0.600813
v 0.600825 0.094602 0.826938
v 0.315879 0.094602 0.972134
v 1.1e-05 0.094602 1.02216
v -0.315876 0.094602 0.972134
v -0.600823 0.094602 0.826938
v -0.826934 0.094602 0.600813
v -0.997151 0.113317 0.157928
v -0.972144 0.113317 0.315867
v -0.999419 0.107834 0.143612
v -0.999419 0.107834 -0.143624
v -0.964918 0.001027 -0.330054
v 0.964923 0.094602 -0.330054
v 0.964923 0.001027 -0.330054
v 1.02215 0.094602 1e-06
v 1.00036 0.094602 -0.137691
v 1.00036 0.094602 0.137685
v 1.00036 0.001027 0.137685
v 0.964921 0.001027 0.330044
v -0.964918 0.094602 0.330044
v -1.00036 0.001027 0.137683
v -1.02217 0.094602 1e-06
v -1.00036 0.094602 0.137683
v -1.00036 0.094602 -0.137689
v 0.96812 0.107942 -0.326219
v 0.999421 -0.012206 0.143614
v -0.968114 0.107942 0.326209
v -1.01586 0.019739 -0.157938
v -1.01586 0.075889 -0.157938
v -1.14951 0.074811 -0.157938
v -1.14951 0.13096 -0.157938
v -1.14951 0.149674 -0.17665
v -1.01314 0.094602 -0.17665
v -1.14951 0.149674 -0.297164
v -0.993812 0.094602 -0.297367
v -1.14951 0.13096 -0.315876
v -0.987419 0.076177 -0.315876
v -1.14951 0.074811 -0.315876
v -0.987419 0.019451 -0.315876
v 0.987427 0.019451 -0.315876
v 0.987427 0.076177 -0.315876
v 1.14951 0.074811 -0.315876
v 1.14951 0.13096 -0.315876
v 0.993816 0.094602 -0.297367
v 1.01314 0.094602 -0.17665
v 1.14951 0.149674 -0.297164
v 1.14951 0.149674 -0.17665
v 1.14951 0.056099 -0.17665
v 1.01314 0.001027 -0.17665
v 1.14951 0.056099 -0.297164
v 0.993816 0.001027 -0.297367
v 1.14951 0.13096 -0.157938
v 1.01587 0.075889 -0.157938
v 1.14951 0.074811 -0.157938
v 1.01587 0.019739 -0.157938
v 1.01587 0.019739 0.157928
v 1.01587 0.075889 0.157928
v 1.14951 0.074811 0.157928
v 1.14951 0.13096 0.157928
v 1.14951 0.149674 0.176644
v 1.01314 0.094602 0.176644
v 1.14951 0.149674 0.297154
v 0.993814 0.094602 0.297357
v 0.993814 0.001027 0.297357
v 1.01314 0.001027 0.176644
v 1.14951 0.056099 0.297154
v 1.14951 0.056099 0.176644
v 1.14951 0.13096 0.315867
v 0.987425 0.076177 0.315867
v 1.14951 0.074811 0.315867
v 0.987425 0.019451 0.315867
v -0.987419 0.019451 0.315867
v -0.987419 0.076177 0.315867
v -1.14951 0.074811 0.315867
v -1.14951 0.13096 0.315867
v -0.993812 0.094602 0.297357
v -1.01314 0.094602 0.176644
v -1.14951 0.149674 0.297154
v -1.14951 0.149674 0.176644
v -1.14951 0.13096 0.157928
v -1.01586 0.075889 0.157928
v -1.14951 0.074811 0.157928
v -1.01586 0.019739 0.157928
v -0.993812 0.001027 -0.297367
v -1.01314 0.001027 -0.17665
v -1.14951 0.056099 -0.297164
v -1.14951 0.056099 -0.17665
v -1.14951 0.056099 0.176644
v -1.01314 0.001027 0.176644
v -1.14951 0.056099 0.297154
v -0.993812 0.001027 0.297357
v -1.01512 0.089121 -0.163426
v -1.14951 0.144192 -0.163424
v -1.0038 0.08137 -0.151715
v -1.0038 0.014258 -0.151715
v -1.00078 0.100205 -0.171008
v -0.982087 0.099566 -0.302559
v -0.989959 0.089262 -0.310614
v -1.14951 0.144192 -0.310396
v -0.97462 0.081424 -0.319555
v -0.97462 0.014206 -0.319555
v 0.98997 0.089262 -0.310614
v 1.14951 0.144192 -0.310396
v 0.97463 0.081424 -0.319555
v 0.97463 0.014206 -0.319555
v 0.982097 0.099566 -0.302559
v 1.00078 0.100205 -0.171008
v 0.98997 0.006367 -0.310614
v 1.14951 0.06158 -0.310396
v 0.982097 -0.003938 -0.302559
v 1.00078 -0.004577 -0.171008
v 1.01512 0.089121 -0.163426
v 1.14951 0.144192 -0.163424
v 1.00379 0.08137 -0.151715
v 1.00379 0.014258 -0.151715
v 1.01512 0.006507 -0.163426
v 1.14951 0.06158 -0.163424
v 1.01512 0.089121 0.16342
v 1.14951 0.144192 0.163412
v 1.00379 0.08137 0.151699
v 1.00379 0.014258 0.151699
v 1.00078 0.100205 0.171002
v 0.982095 0.099566 0.302549
v 1.01512 0.006507 0.16342
v 1.14951 0.06158 0.163412
v 1.00078 -0.004577 0.171002
v 0.982095 -0.003938 0.302549
v 0.989968 0.089262 0.310605
v 1.14951 0.144192 0.310381
v 0.974628 0.081424 0.319536
v 0.974628 0.014206 0.319536
v -0.989959 0.089262 0.310605
v -1.14951 0.144192 0.310381
v -0.97462 0.081424 0.319536
v -0.97462 0.014206 0.319536
v -0.982087 0.099566 0.302549
v -1.00078 0.100205 0.171002
v -1.01512 0.089121 0.16342
v -1.14951 0.144192 0.163412
v -1.0038 0.08137 0.151699
v -1.0038 0.014258 0.151699
v -1.01512 0.006507 -0.163426
v -1.14951 0.06158 -0.163424
v -1.00078 -0.004577 -0.171008
v -0.982087 -0.003938 -0.302559
v -0.989959 0.006367 -0.310614
v -1.14951 0.06158 -0.310396
v 0.989968 0.006367 0.310605
v 1.14951 0.06158 0.310381
v -0.989959 0.006367 0.310605
v -1.14951 0.06158 0.310381
v -0.982087 -0.003938 0.302549
v -1.00078 -0.004577 0.171002
v -1.01512 0.006507 0.16342
v -1.14951 0.06158 0.163412
v -1.00289 0.09468 -0.157363
v -0.977819 0.094399 -0.314822
v 0.977827 0.094399 -0.314822
v 0.977827 0.001229 -0.314822
v 1.00289 0.09468 -0.157363
v 1.00289 0.000948 -0.157363
v 1.00289 0.09468 0.157357
v 1.00289 0.000948 0.157357
v 0.977825 0.094399 0.314812
v -0.977819 0.094399 0.314812
v -1.00289 0.09468 0.157357
v -1.00289 0.000948 -0.157363
v -0.977819 0.001229 -0.314822
v 0.977825 0.001229 0.314812
v -0.977819 0.001229 0.314812
v -1.00289 0.000948 0.157357
vn 0.047089 -0.998305 -0.034211
vn 0.054405 -0.9983 -0.020906
vn 0 -1 0
vn 0.034211 -0.998305 -0.047086
vn 0.017986 -0.998305 -0.055358
vn 1e-06 -0.998305 -0.058202
vn -0.017986 -0.998305 -0.055358
vn -0.034209 -0.998305 -0.047083
vn -0.047088 -0.998305 -0.034212
vn -0.054406 -0.9983 -0.020906
vn -0.050611 -0.998686 -0.008014
vn -0.05061 -0.998686 0.008014
vn -0.058201 -0.998305 -0
vn -0.047089 -0.998305 0.034212
vn -0.054408 -0.9983 0.020907
vn -0.034208 -0.998305 0.047087
vn -0.017987 -0.998304 0.055359
vn 0 -0.998305 0.058206
vn 0.017987 -0.998305 0.055358
vn 0.03421 -0.998305 0.047089
vn 0.04709 -0.998305 0.034212
vn 0.054407 -0.9983 0.020908
vn 0.058207 -0.998305 0
vn 0.050611 -0.998686 0.008016
vn 0.050612 -0.998686 -0.008016
vn 0.377739 -0.91446 -0.145176
vn 0.327019 -0.914666 -0.237582
vn 0.668161 -0.698299 -0.256787
vn 0.578712 -0.698788 -0.420461
vn 0.945215 -0.051114 -0.322423
vn 0.864065 -0.378303 -0.332083
vn 0.783985 -0.045746 -0.619092
vn 0.748751 -0.378748 -0.543986
vn 0.237589 -0.914665 -0.327016
vn 0.420461 -0.698788 -0.578712
vn 0.587417 -0.036157 -0.808476
vn 0.543994 -0.378754 -0.748743
vn 0.124907 -0.914667 -0.384426
vn 0.221032 -0.698787 -0.680325
vn 0.308812 -0.036164 -0.950435
vn 0.285989 -0.378759 -0.8802
vn 9e-06 -0.914669 -0.404205
vn 5e-06 -0.698774 -0.715342
vn -0 -0.036169 -0.999346
vn -0 -0.378751 -0.925499
vn -0.124904 -0.914663 -0.384436
vn -0.221036 -0.698764 -0.680347
vn -0.308806 -0.036166 -0.950437
vn -0.285983 -0.37876 -0.880202
vn -0.237593 -0.914668 -0.327006
vn -0.420477 -0.69877 -0.578722
vn -0.587419 -0.036161 -0.808475
vn -0.543992 -0.378754 -0.748744
vn -0.327015 -0.914668 -0.23758
vn -0.578715 -0.698783 -0.420466
vn -0.783984 -0.045748 -0.619093
vn -0.748749 -0.378749 -0.54399
vn -0.377743 -0.914459 -0.145173
vn -0.668166 -0.698297 -0.256779
vn -0.94521 -0.051115 -0.322438
vn -0.864061 -0.378315 -0.332078
vn -0.389616 -0.918909 -0.061692
vn -0.704497 -0.700885 -0.111555
vn -0.986672 -0.045401 -0.156261
vn -0.914169 -0.378595 -0.144776
vn -0.404206 -0.914668 -0
vn -0.389617 -0.918908 0.061695
vn -0.715295 -0.698823 -0
vn -0.704495 -0.700886 0.111558
vn -0.998246 -0.0592 0
vn -0.925474 -0.378812 0
vn -0.986671 -0.045399 0.156265
vn -0.914169 -0.378595 0.14478
vn -0.377749 -0.914457 0.145169
vn -0.327024 -0.914663 0.237587
vn -0.668158 -0.698306 0.256776
vn -0.578711 -0.698788 0.420463
vn -0.945212 -0.051112 0.322432
vn -0.864061 -0.378317 0.332076
vn -0.783981 -0.045751 0.619097
vn -0.74874 -0.378759 0.543994
vn -0.237587 -0.914664 0.327019
vn -0.420463 -0.698781 0.578719
vn -0.587416 -0.036168 0.808476
vn -0.543989 -0.37877 0.748738
vn -0.124911 -0.914668 0.384421
vn -0.22104 -0.698792 0.680317
vn -0.308818 -0.036172 0.950433
vn -0.285996 -0.378772 0.880192
vn 0 -0.914669 0.404204
vn 0 -0.698795 0.715322
vn -0 -0.036173 0.999346
vn -0 -0.378763 0.925494
vn 0.124915 -0.914668 0.384421
vn 0.221045 -0.698794 0.680313
vn 0.308826 -0.036171 0.95043
vn 0.286003 -0.378772 0.88019
vn 0.237589 -0.914662 0.327024
vn 0.420458 -0.698788 0.578714
vn 0.587416 -0.036164 0.808477
vn 0.543992 -0.378769 0.748737
vn 0.327028 -0.914661 0.237589
vn 0.57871 -0.698792 0.420458
vn 0.783983 -0.045749 0.619095
vn 0.748744 -0.378759 0.543989
vn 0.377745 -0.914458 0.145174
vn 0.668155 -0.698305 0.256786
vn 0.945216 -0.051113 0.322419
vn 0.864064 -0.378306 0.332081
vn 0.389611 -0.91891 0.061706
vn 0.404198 -0.914671 1e-06
vn 0.704495 -0.700883 0.111577
vn 0.7153 -0.698818 4e-06
vn 0.914196 -0.37853 0.144777
vn 0.925515 -0.37871 4e-06
vn 0.986678 -0.045388 0.156225
vn 0.998248 -0.059175 -2e-06
vn 0.389608 -0.918912 -0.061701
vn 0.704494 -0.700885 -0.111569
vn 0.914199 -0.378527 -0.144768
vn 0.986679 -0.045389 -0.156217
vn -0.118868 0.991859 0.045681
vn -0.500395 0.84417 0.19231
vn -0.102878 0.991882 0.074747
vn -0.433258 0.844505 0.3148
vn -0.816487 0.484656 0.313779
vn -0.707405 0.485178 0.513984
vn -0.931524 0.064162 0.357976
vn -0.807339 0.064258 0.586579
vn 0 1 -0
vn -0.07475 0.991881 0.102885
vn -0.039298 0.991881 0.120944
vn -0 0.991881 0.127167
vn 0.039298 0.991881 0.120947
vn 0.074746 0.991881 0.102883
vn 0.102878 0.991882 0.074746
vn 0.11887 0.991859 0.045678
vn 0.114967 0.993202 0.018212
vn 0.127174 0.99188 0
vn 0.114963 0.993203 -0.018214
vn 0.118874 0.991858 -0.045681
vn 0.102884 0.991881 -0.074748
vn 0.074745 0.991881 -0.10288
vn 0.039299 0.991881 -0.120949
vn -0 0.991881 -0.127168
vn -0.039298 0.991881 -0.120946
vn -0.074749 0.991881 -0.102882
vn -0.102884 0.991881 -0.074749
vn -0.118874 0.991858 -0.045682
vn -0.114964 0.993203 -0.018209
vn -0.127173 0.991881 -5e-06
vn -0.114974 0.993202 0.018207
vn -0.513954 0.485185 0.707423
vn -0.586557 0.064262 0.807355
vn -0.314786 0.844501 0.433276
vn -0.270221 0.485197 0.831604
vn -0.308408 0.064267 0.949081
vn -0.165502 0.844504 0.509334
vn 0 0.485209 0.874398
vn 0 0.064272 0.997932
vn -0 0.844507 0.535545
vn 0.270215 0.4852 0.831604
vn 0.308401 0.064267 0.949083
vn 0.165493 0.844506 0.509335
vn 0.513959 0.485184 0.70742
vn 0.586572 0.064259 0.807344
vn 0.314783 0.844503 0.433274
vn 0.707418 0.48517 0.513974
vn 0.807342 0.064252 0.586575
vn 0.433263 0.844507 0.314788
vn 0.816486 0.484662 0.313773
vn 0.931514 0.064163 0.358001
vn 0.500396 0.844172 0.192297
vn 0.985657 0.064108 0.156111
vn 0.862442 0.487376 0.136597
vn 0.518845 0.850908 0.082186
vn 0.997933 0.064262 0
vn 0.985656 0.064108 -0.156117
vn 0.874414 0.485181 0
vn 0.862443 0.487372 -0.136607
vn 0.535562 0.844496 -0
vn 0.518847 0.850907 -0.082195
vn 0.816481 0.484671 -0.313772
vn 0.931512 0.064163 -0.358005
vn 0.707422 0.485174 -0.513965
vn 0.807345 0.06425 -0.586571
vn 0.500398 0.844172 -0.192292
vn 0.433272 0.844505 -0.314779
vn 0.513971 0.48518 -0.707414
vn 0.586589 0.064257 -0.807332
vn 0.314787 0.844504 -0.433269
vn 0.270201 0.485189 -0.831615
vn 0.30836 0.064258 -0.949097
vn 0.16549 0.844507 -0.509333
vn 0 0.485182 -0.874413
vn 0 0.064253 -0.997934
vn -0 0.84451 -0.53554
vn -0.27021 0.485185 -0.831614
vn -0.30837 0.064258 -0.949094
vn -0.165499 0.844506 -0.509333
vn -0.513968 0.48518 -0.707416
vn -0.586576 0.06426 -0.807341
vn -0.314792 0.844502 -0.43327
vn -0.707409 0.485183 -0.513974
vn -0.807341 0.064256 -0.586576
vn -0.433267 0.844504 -0.31479
vn -0.81648 0.48467 -0.313776
vn -0.931521 0.064163 -0.357983
vn -0.500397 0.84417 -0.192299
vn -0.862445 0.487367 -0.136605
vn -0.985653 0.064099 -0.156141
vn -0.874411 0.485185 -8e-06
vn -0.997934 0.064254 -1e-06
vn -0.518833 0.850917 -0.082175
vn -0.535544 0.844507 -1.3e-05
vn -0.985654 0.064097 0.156135
vn -0.86245 0.487363 0.136592
vn -0.518842 0.850913 0.082163
vn 0.890233 0.000462 -0.455505
vn 0.940781 -0.004992 -0.338979
vn 0.781857 0.000562 -0.623458
vn 0.587802 0 -0.809005
vn 0.309015 0 -0.951057
vn 0 0 -1
vn -0.309009 0 -0.951059
vn -0.587803 0 -0.809004
vn -0.781858 0.000561 -0.623456
vn -0.890234 0.000461 -0.455503
vn -0.940775 -0.004987 -0.338994
vn -0.987714 -0.005521 -0.156176
vn -0.987789 -0.001079 0.155796
vn -0.987713 -0.00552 0.15618
vn -0.889043 0.001482 0.457822
vn -0.890242 0.000461 0.455488
vn -0.781856 0.000561 0.623459
vn -0.587801 0 0.809005
vn -0.30902 0 0.951055
vn 0 0 1
vn 0.30903 0 0.951052
vn 0.587801 0 0.809005
vn 0.781854 0.000563 0.623461
vn 0.89024 0.000463 0.455492
vn 0.940782 -0.004992 0.338974
vn 0.987721 -0.005532 -0.156128
vn 0.115743 0.992283 -0.044486
vn 0.100178 0.992304 -0.072779
vn -0.084565 0.995888 0.0325
vn -0.073195 0.995899 0.053174
vn 0.072784 0.992304 -0.100178
vn -0.053174 0.995899 0.073192
vn 0.038261 0.992304 -0.117771
vn -0.027959 0.995899 0.086041
vn 0 0.992303 -0.123832
vn 0 0.995899 0.090475
vn -0.038261 0.992303 -0.117772
vn 0.027958 0.995899 0.08604
vn -0.072778 0.992305 -0.100176
vn 0.053175 0.9959 0.073186
vn -0.100171 0.992306 -0.072772
vn 0.073193 0.995899 0.053174
vn -0.115731 0.992284 -0.044481
vn 0.08456 0.995888 0.032499
vn -0.109128 0.993878 -0.017283
vn 0.103232 0.994523 0.016353
vn -0.123806 0.992307 0
vn -0.109129 0.993877 0.017284
vn 0.090474 0.995899 0
vn 0.103233 0.994523 -0.016354
vn -0.115725 0.992285 0.044476
vn -0.100168 0.992306 0.072768
vn 0.084555 0.995889 -0.032495
vn 0.073184 0.9959 -0.053175
vn -0.072773 0.992306 0.100165
vn 0.053182 0.995899 -0.073191
vn -0.038257 0.992307 0.117743
vn 0.027962 0.995898 -0.086052
vn 0 0.992307 0.123802
vn 0 0.995898 -0.090485
vn 0.038255 0.992307 0.117739
vn -0.027965 0.995898 -0.086056
vn 0.072772 0.992307 0.10016
vn -0.053188 0.995898 -0.073205
vn 0.100166 0.992306 0.072768
vn -0.073199 0.995898 -0.053185
vn 0.11573 0.992285 0.044476
vn -0.084571 0.995887 -0.032501
vn -0.103254 0.994521 -0.016355
vn 0.109126 0.993878 0.017281
vn -0.090489 0.995898 0
vn 0.123807 0.992306 0
vn -0.103249 0.994521 0.016352
vn 0.109125 0.993878 -0.017281
vn -0.933355 0.014113 0.358677
vn -0.808933 0.014131 0.587732
vn -0.587713 0.014132 0.808946
vn -0.309018 0.014123 0.950951
vn -0 0.014116 0.9999
vn 0.309011 0.014121 0.950954
vn 0.58773 0.014129 0.808934
vn 0.808934 0.014131 0.587729
vn 0.933343 0.01411 0.358709
vn 0.987595 0.013695 0.156422
vn 0.9999 0.014138 0
vn 0.987595 0.013695 -0.156427
vn 0.933341 0.014107 -0.358713
vn 0.808936 0.014125 -0.587726
vn 0.587748 0.014125 -0.808921
vn 0.308965 0.014131 -0.950968
vn 0 0.014136 -0.9999
vn -0.308975 0.014133 -0.950965
vn -0.587733 0.014129 -0.808932
vn -0.808933 0.014126 -0.587731
vn -0.933352 0.014111 -0.358686
vn -0.98759 0.0137 -0.156453
vn -0.9999 0.014136 -0
vn -0.987591 0.0137 0.156447
vn 0.944617 0.073712 -0.319789
vn 0.671769 0.694311 -0.258182
vn 0.985691 0.063715 -0.156056
vn 0.700406 0.705077 -0.110895
vn 0.581828 0.694804 -0.422757
vn 0.780084 0.058684 -0.622917
vn 0.422714 0.694852 -0.581802
vn 0.587186 0.045734 -0.808159
vn 0.222225 0.694886 -0.683922
vn 0.308692 0.045746 -0.950061
vn -0 0.694874 -0.719131
vn 0 0.045746 -0.998953
vn -0.222217 0.6949 -0.68391
vn -0.308686 0.045745 -0.950063
vn -0.422701 0.694887 -0.58177
vn -0.587188 0.045734 -0.808158
vn -0.58179 0.694856 -0.422724
vn -0.780084 0.058697 -0.622915
vn -0.67171 0.694377 -0.258161
vn -0.944609 0.073754 -0.319803
vn -0.70028 0.7052 -0.110908
vn -0.985678 0.063801 -0.156102
vn -0.719053 0.694955 0
vn -0.70028 0.705199 0.110913
vn -0.996547 0.083036 0
vn -0.985678 0.0638 0.156106
vn -0.671668 0.694423 0.258146
vn -0.581747 0.694918 0.422681
vn -0.94461 0.073766 0.319797
vn -0.780079 0.058718 0.62292
vn -0.422666 0.694952 0.581718
vn -0.587186 0.045744 0.808159
vn -0.222208 0.694951 0.683862
vn -0.308697 0.045743 0.95006
vn -0 0.694923 0.719084
vn -0 0.045741 0.998953
vn 0.22222 0.694934 0.683875
vn 0.308706 0.045742 0.950057
vn 0.422686 0.694908 0.581756
vn 0.587186 0.045743 0.808159
vn 0.581796 0.694853 0.422721
vn 0.780079 0.058704 0.622921
vn 0.671736 0.694347 0.258171
vn 0.944616 0.073732 0.319786
vn 0.700408 0.705074 0.110902
vn 0.719213 0.69479 2e-06
vn 0.98569 0.063718 0.156063
vn 0.996558 0.082898 -1e-06
vn -0.641314 0.72662 0.246455
vn -0.696263 0.709263 0.110287
vn -0.555394 0.727107 0.403551
vn -0.403497 0.727161 0.555362
vn -0.21215 0.727121 0.652908
vn 0 0.727038 0.686597
vn 0.212146 0.727124 0.652905
vn 0.40349 0.727167 0.555359
vn 0.555416 0.727088 0.403553
vn 0.641367 0.726562 0.246488
vn 0.696302 0.709223 0.110298
vn 0.686606 0.72703 0
vn 0.696308 0.709216 -0.110303
vn 0.641354 0.72657 -0.246497
vn 0.555443 0.727076 -0.40354
vn 0.403548 0.72709 -0.555418
vn 0.212142 0.727082 -0.652952
vn -0 0.72709 -0.686543
vn -0.212148 0.727079 -0.652954
vn -0.403556 0.727084 -0.55542
vn -0.555421 0.727094 -0.403536
vn -0.6413 0.726628 -0.246465
vn -0.696268 0.709257 -0.110292
vn -0.686613 0.727023 0
vn 0.98772 -0.005527 0.156134
vn -0.988371 -0.000903 -0.152059
vn -0.987791 -0.001078 -0.155784
vn -1 -8e-06 0
vn 0.988394 -0.000891 -0.151912
vn 1 2e-06 7e-06
vn 0.987811 -0.001073 -0.155655
vn -0.940778 -0.004986 0.338987
vn -0.941005 0.017878 -0.337919
vn -0.987637 0.01969 -0.155514
vn -0.888704 -0.003077 -0.458472
vn -0.890498 0.000478 -0.454986
vn -0.791058 -0.001288 -0.61174
vn 0.309016 0 -0.951057
vn 0.791057 -0.00129 -0.611741
vn 0.987644 0.019729 -0.155467
vn 0.94101 0.017896 -0.337904
vn 0.988052 0.003529 -0.154084
vn 0.988049 0.003523 0.154101
vn 0.987644 0.019712 0.155472
vn 0.941012 0.017898 0.337899
vn 0.888708 -0.00309 0.458463
vn 0.890505 0.000475 0.454974
vn 0.791056 -0.001293 0.611742
vn -0.791057 -0.001289 0.611741
vn -0.987637 0.019689 0.155518
vn -0.941008 0.017877 0.337913
vn -0.988031 0.003539 0.154217
vn -0.988033 0.003536 -0.154205
vn -0.889035 0.001481 -0.457838
vn 0.888701 -0.003082 -0.458478
vn 0.889032 0.001483 -0.457843
vn 1 -3e-06 7e-06
vn 0.989119 0.001863 -0.147103
vn 0.989115 0.001867 0.147132
vn 0.988389 -0.000893 0.15194
vn 0.889038 0.001487 0.457831
vn -0.888712 -0.003079 0.458455
vn -0.988369 -0.000905 0.152073
vn -1 1.7e-05 -0
vn -0.989097 0.001893 0.14725
vn -0.9891 0.001889 -0.147237
vn 0.890498 0.000478 -0.454988
vn 0.987808 -0.001072 0.155673
vn -0.890506 0.000477 0.454971
vn -0.132291 -0.138891 0.981432
vn -0.034062 0.036036 0.99877
vn -0.01437 -0.034973 0.999285
vn 0.063608 0.154788 0.985898
vn 0.35401 0.933628 0.054915
vn 0.295854 0.953262 0.06134
vn 0.350952 0.936393 -0.001386
vn 0.279587 0.959518 -0.034018
vn 0.047354 0.139483 -0.989092
vn -0.014086 0.034493 -0.999306
vn -0.013137 -0.038023 -0.999191
vn -0.078557 -0.119578 -0.989712
vn 0.078562 -0.119577 -0.989712
vn 0.014089 0.03449 -0.999306
vn 0.013137 -0.038022 -0.999191
vn -0.047357 0.139486 -0.989091
vn -0.279595 0.959515 -0.034025
vn -0.295863 0.953259 0.061338
vn -0.350956 0.936391 -0.001396
vn -0.354015 0.933627 0.05491
vn 0.355603 -0.934499 0.016055
vn 0.359758 -0.933019 -0.007033
vn 0.348939 -0.933741 -0.079807
vn 0.356341 -0.931592 -0.071817
vn -0.06361 0.154789 0.985898
vn 0.034056 0.036037 0.99877
vn 0.014371 -0.034972 0.999285
vn 0.13228 -0.138888 0.981434
vn 0.132351 -0.138927 -0.981419
vn 0.03409 0.036054 -0.998768
vn 0.014371 -0.034979 -0.999285
vn -0.063626 0.154813 -0.985893
vn -0.354011 0.933628 -0.054909
vn -0.295862 0.95326 -0.061337
vn -0.350952 0.936392 0.001395
vn -0.279586 0.959518 0.034027
vn 0.356334 -0.931594 0.071819
vn 0.359749 -0.933023 0.007024
vn 0.348936 -0.933742 0.079813
vn 0.355598 -0.934501 -0.01606
vn -0.047375 0.139558 0.98908
vn 0.014023 0.034505 0.999306
vn 0.013146 -0.038044 0.99919
vn 0.078494 -0.119635 0.98971
vn -0.07849 -0.119636 0.98971
vn -0.014021 0.034508 0.999306
vn -0.013146 -0.038045 0.99919
vn 0.047373 0.139555 0.98908
vn 0.279584 0.959518 0.03402
vn 0.295857 0.953261 -0.06134
vn 0.350952 0.936392 0.001384
vn 0.354012 0.933627 -0.054918
vn 0.063627 0.154815 -0.985892
vn -0.0341 0.036047 -0.998768
vn -0.014371 -0.034978 -0.999285
vn -0.132362 -0.13892 -0.981418
vn -0.356326 -0.931596 -0.071835
vn -0.359746 -0.933024 -0.007038
vn -0.348934 -0.933742 -0.079821
vn -0.355599 -0.934501 0.016051
vn -0.355599 -0.934501 -0.016048
vn -0.359746 -0.933024 0.007038
vn -0.348935 -0.933741 0.079828
vn -0.356327 -0.931596 0.071839
vn 0.170011 0.609447 0.774384
vn 0.309557 0.759789 0.571747
vn -0.90529 0.043755 0.422535
vn -0.905289 -0.043755 0.422536
vn -0.772536 0.627581 -0.096589
vn -0.78075 0.605227 -0.155338
vn 0.147865 0.588696 -0.794716
vn 0.273322 0.787822 -0.551935
vn -0.643296 0.025958 -0.765178
vn -0.643287 -0.025955 -0.765185
vn -0.147891 0.588723 -0.794691
vn -0.273325 0.787806 -0.551955
vn 0.64316 0.025957 -0.765292
vn 0.643151 -0.025955 -0.7653
vn 0.78067 0.605341 -0.155295
vn 0.772464 0.627675 -0.096557
vn 0.274731 -0.707406 -0.651229
vn 0.202752 -0.582081 -0.787447
vn 0.780656 -0.60536 -0.155291
vn 0.772452 -0.627689 -0.096559
vn -0.170008 0.609433 0.774396
vn -0.30956 0.759785 0.571751
vn 0.905207 0.043736 0.422715
vn 0.905206 -0.043737 0.422717
vn 0.348622 -0.76621 0.539802
vn 0.244024 -0.597165 0.764099
vn -0.17001 0.609516 -0.77433
vn -0.309585 0.759838 -0.571667
vn 0.905147 0.043805 -0.422836
vn 0.905146 -0.043806 -0.422838
vn 0.772508 0.627621 0.096558
vn 0.780704 0.605298 0.155294
vn 0.348632 -0.766265 -0.539717
vn 0.244038 -0.597259 -0.764021
vn 0.772495 -0.627637 0.09656
vn 0.780689 -0.605319 0.155289
vn -0.14792 0.58876 0.794658
vn -0.273306 0.787791 0.551987
vn 0.643344 0.025922 0.765138
vn 0.643335 -0.02592 0.765146
vn 0.147896 0.588732 0.794683
vn 0.273305 0.787806 0.551965
vn -0.64348 0.025925 0.765024
vn -0.643471 -0.025922 0.765032
vn -0.780744 0.605234 0.155339
vn -0.772537 0.62758 0.09659
vn 0.170036 0.609535 -0.77431
vn 0.309587 0.759833 -0.571673
vn -0.905224 0.043806 -0.42267
vn -0.905223 -0.043807 -0.422672
vn -0.348616 -0.766211 0.539803
vn -0.244015 -0.597156 0.764108
vn -0.772525 -0.627595 -0.096591
vn -0.780736 -0.605246 -0.155334
vn -0.274715 -0.707375 -0.651269
vn -0.202744 -0.582079 -0.787451
vn 0.274708 -0.70738 0.651267
vn 0.202774 -0.582112 0.787419
vn -0.274696 -0.707349 0.651306
vn -0.202768 -0.582109 0.787423
vn -0.780728 -0.605256 0.155335
vn -0.772523 -0.627597 0.096592
vn -0.348635 -0.766266 -0.539714
vn -0.244032 -0.597238 -0.764039
vn -0.890246 0.397753 0.221933
vn -0.727332 0.261592 -0.634475
vn 0.727285 0.26162 -0.634517
vn 0.727295 -0.261613 -0.634508
vn 0.890253 0.397632 0.222124
vn 0.890254 -0.397634 0.222117
vn 0.890256 0.39768 -0.222023
vn 0.890258 -0.397681 -0.222015
vn 0.727301 0.261461 0.634564
vn -0.727335 0.261458 0.634526
vn -0.890222 0.397813 -0.221925
vn -0.890247 -0.397756 0.221925
vn -0.727341 -0.261585 -0.634466
vn 0.727312 -0.261456 0.634554
vn -0.727345 -0.261452 0.634517
vn -0.890223 -0.397813 -0.221918
vt 0.857121 0.395509
vt 0.873211 0.427086
vt 0.76548 0.46209
vt 0.83206 0.370449
vt 0.800484 0.354358
vt 0.76548 0.348815
vt 0.730472 0.354358
vt 0.698898 0.370449
vt 0.673835 0.395509
vt 0.657745 0.427086
vt 0.654975 0.444588
vt 0.654975 0.479592
vt 0.652205 0.46209
vt 0.673835 0.528672
vt 0.657745 0.497094
vt 0.698898 0.553731
vt 0.730472 0.569821
vt 0.76548 0.575365
vt 0.800484 0.569821
vt 0.83206 0.553731
vt 0.857121 0.528672
vt 0.873211 0.497094
vt 0.878754 0.46209
vt 0.875983 0.479592
vt 0.875983 0.444588
vt 0.890542 0.42145
vt 0.871867 0.384795
vt 0.905241 0.416679
vt 0.884365 0.375711
vt 0.059522 0.208955
vt 0.041542 0.209495
vt 0.057099 0.160113
vt 0.039371 0.161004
vt 0.022108 0.209495
vt 0.02094 0.161818
vt 0.842775 0.355701
vt 0.851857 0.343202
vt 0.053886 0.11203
vt 0.036345 0.113361
vt 0.018147 0.114717
vt 0.806116 0.337025
vt 0.810888 0.322328
vt 0.049666 0.064115
vt 0.032176 0.066011
vt 0.014146 0.068054
vt 0.76548 0.330588
vt 0.76548 0.315136
vt 0.044243 0.015444
vt 0.026026 0.018182
vt 0.007961 0.022269
vt 0.72484 0.337021
vt 0.720068 0.322328
vt 0.038948 0.982517
vt 0.021205 0.979418
vt 0.045412 0.935086
vt 0.028364 0.932806
vt 0.003635 0.974995
vt 0.010785 0.930364
vt 0.688181 0.355701
vt 0.679099 0.343202
vt 0.050711 0.888388
vt 0.03362 0.88664
vt 0.015885 0.884832
vt 0.659089 0.384795
vt 0.646592 0.375711
vt 0.05501 0.841588
vt 0.037798 0.840252
vt 0.019938 0.838931
vt 0.640414 0.42145
vt 0.625715 0.416679
vt 0.058365 0.794228
vt 0.040907 0.793315
vt 0.022677 0.792869
vt 0.637195 0.441771
vt 0.622121 0.439383
vt 0.059653 0.770285
vt 0.041559 0.769333
vt 0.022719 0.768498
vt 0.633978 0.46209
vt 0.637195 0.482408
vt 0.618526 0.46209
vt 0.622121 0.484795
vt 0.061236 0.746146
vt 0.043507 0.745118
vt 0.062527 0.721895
vt 0.044288 0.720744
vt 0.024742 0.744096
vt 0.025293 0.719504
vt 0.640414 0.502727
vt 0.659089 0.539385
vt 0.625715 0.5075
vt 0.646592 0.548467
vt 0.064108 0.697694
vt 0.046371 0.696537
vt 0.066584 0.649274
vt 0.048871 0.648486
vt 0.027853 0.694884
vt 0.030466 0.647653
vt 0.688181 0.568477
vt 0.679099 0.580977
vt 0.068255 0.600933
vt 0.050467 0.600457
vt 0.031959 0.599985
vt 0.72484 0.587153
vt 0.720068 0.601851
vt 0.069223 0.552468
vt 0.051373 0.552246
vt 0.032787 0.552031
vt 0.76548 0.593592
vt 0.76548 0.609044
vt 0.069528 0.503873
vt 0.05163 0.503884
vt 0.032992 0.503909
vt 0.806116 0.587153
vt 0.810888 0.601851
vt 0.069201 0.45517
vt 0.051265 0.455409
vt 0.032584 0.455672
vt 0.842775 0.568477
vt 0.851857 0.580977
vt 0.068256 0.406363
vt 0.050301 0.406832
vt 0.031605 0.40733
vt 0.871867 0.539385
vt 0.884364 0.548467
vt 0.066664 0.357438
vt 0.048695 0.3582
vt 0.030014 0.359039
vt 0.890542 0.502727
vt 0.905241 0.5075
vt 0.064336 0.308196
vt 0.046253 0.309317
vt 0.027377 0.310983
vt 0.893761 0.482408
vt 0.896978 0.46209
vt 0.908837 0.484795
vt 0.912433 0.46209
vt 0.044188 0.284552
vt 0.0435 0.259484
vt 0.062867 0.283455
vt 0.061752 0.258564
vt 0.024709 0.285804
vt 0.024125 0.260481
vt 0.893761 0.441771
vt 0.908837 0.439383
vt 0.041699 0.234437
vt 0.022039 0.235139
vt 0.060424 0.233686
vt 0.672219 0.619452
vt 0.680984 0.592482
vt 0.695939 0.631538
vt 0.712608 0.608597
vt 0.376425 0.680257
vt 0.406802 0.68068
vt 0.373667 0.718225
vt 0.405411 0.723253
vt 0.434846 0.68104
vt 0.43355 0.724285
vt 0.645924 0.700378
vt 0.714765 0.650363
vt 0.72685 0.674083
vt 0.731015 0.700378
vt 0.72685 0.726675
vt 0.714765 0.750393
vt 0.695939 0.76922
vt 0.672218 0.781306
vt 0.659071 0.783387
vt 0.645924 0.78547
vt 0.632777 0.783387
vt 0.61963 0.781306
vt 0.595909 0.76922
vt 0.577085 0.750393
vt 0.564998 0.726675
vt 0.560834 0.700378
vt 0.564998 0.674084
vt 0.577085 0.650363
vt 0.595909 0.631538
vt 0.61963 0.619452
vt 0.632777 0.617371
vt 0.645924 0.615287
vt 0.659072 0.61737
vt 0.401382 0.764428
vt 0.430187 0.76736
vt 0.737705 0.633695
vt 0.369932 0.760578
vt 0.396023 0.806792
vt 0.425259 0.811243
vt 0.753819 0.665321
vt 0.365029 0.801149
vt 0.387439 0.850518
vt 0.418897 0.856814
vt 0.759373 0.700378
vt 0.356485 0.839993
vt 0.221573 0.06338
vt 0.246094 0.046577
vt 0.244681 0.097677
vt 0.268105 0.083405
vt 0.753819 0.735436
vt 0.199037 0.083462
vt 0.220295 0.113429
vt 0.26433 0.132297
vt 0.288142 0.119624
vt 0.737705 0.767063
vt 0.238738 0.145987
vt 0.282047 0.167843
vt 0.306533 0.156278
vt 0.712608 0.792161
vt 0.255413 0.180121
vt 0.298443 0.204643
vt 0.323658 0.193837
vt 0.680984 0.808273
vt 0.270389 0.215513
vt 0.331698 0.212912
vt 0.305618 0.223754
vt 0.663453 0.81105
vt 0.276826 0.235163
vt 0.339863 0.232067
vt 0.347586 0.251466
vt 0.314169 0.242586
vt 0.321201 0.262115
vt 0.645924 0.813828
vt 0.628396 0.81105
vt 0.285389 0.254199
vt 0.29231 0.274006
vt 0.329516 0.280992
vt 0.3554 0.270822
vt 0.34396 0.319417
vt 0.37004 0.310083
vt 0.610869 0.808273
vt 0.579241 0.792161
vt 0.301339 0.292982
vt 0.315612 0.32974
vt 0.356965 0.358043
vt 0.383357 0.349663
vt 0.554143 0.767063
vt 0.328244 0.367173
vt 0.368571 0.397103
vt 0.395282 0.389673
vt 0.538029 0.735436
vt 0.339488 0.405187
vt 0.378806 0.43659
vt 0.405797 0.43012
vt 0.532477 0.700378
vt 0.349435 0.443637
vt 0.387617 0.476432
vt 0.414837 0.470983
vt 0.538029 0.665321
vt 0.358046 0.48236
vt 0.394857 0.516571
vt 0.422285 0.512239
vt 0.554143 0.633695
vt 0.365122 0.52125
vt 0.400412 0.557005
vt 0.428045 0.553895
vt 0.579241 0.608597
vt 0.370509 0.560233
vt 0.404151 0.597924
vt 0.432014 0.596026
vt 0.610869 0.592483
vt 0.373773 0.599183
vt 0.404622 0.618519
vt 0.433183 0.617148
vt 0.406282 0.639198
vt 0.434259 0.638369
vt 0.628396 0.589708
vt 0.645924 0.58693
vt 0.373746 0.619748
vt 0.375612 0.640079
vt 0.434614 0.659677
vt 0.405991 0.659948
vt 0.375234 0.660282
vt 0.663453 0.589706
vt 0.136202 0.202959
vt 0.135475 0.204729
vt 0.135111 0.155074
vt 0.131452 0.106001
vt 0.127332 0.057054
vt 0.1228 0.007941
vt 0.115513 0.991701
vt 0.12111 0.943847
vt 0.126316 0.896128
vt 0.131012 0.848271
vt 0.133081 0.801537
vt 0.132405 0.799794
vt 0.134299 0.775469
vt 0.138449 0.728684
vt 0.137753 0.726401
vt 0.142271 0.699461
vt 0.140167 0.700105
vt 0.144588 0.652557
vt 0.146423 0.603161
vt 0.147591 0.553635
vt 0.148061 0.503995
vt 0.147877 0.454294
vt 0.147073 0.404514
vt 0.145653 0.354648
vt 0.141685 0.306459
vt 0.14077 0.304762
vt 0.136934 0.229646
vt 0.834894 0.208282
vt 0.813111 0.251007
vt 0.826936 0.205691
vt 0.806341 0.246099
vt 0.779173 0.284963
vt 0.774253 0.278194
vt 0.736416 0.306747
vt 0.733831 0.29879
vt 0.689024 0.314253
vt 0.689024 0.305886
vt 0.641629 0.306747
vt 0.644214 0.29879
vt 0.598874 0.284962
vt 0.603792 0.278194
vt 0.564945 0.251027
vt 0.571715 0.246111
vt 0.543162 0.208273
vt 0.551129 0.205682
vt 0.53939 0.18458
vt 0.547551 0.183287
vt 0.535674 0.160884
vt 0.53939 0.13719
vt 0.544037 0.160884
vt 0.547551 0.138482
vt 0.543162 0.113498
vt 0.564945 0.070743
vt 0.551129 0.116089
vt 0.571715 0.075659
vt 0.598874 0.036808
vt 0.603792 0.043576
vt 0.641629 0.015023
vt 0.644214 0.02298
vt 0.689024 0.007515
vt 0.689024 0.015884
vt 0.736416 0.015023
vt 0.733831 0.02298
vt 0.779172 0.036808
vt 0.774253 0.043576
vt 0.8131 0.070743
vt 0.806332 0.075659
vt 0.834885 0.113498
vt 0.826918 0.116089
vt 0.830495 0.138482
vt 0.838654 0.13719
vt 0.83401 0.160885
vt 0.842373 0.160885
vt 0.830495 0.183298
vt 0.83865 0.184604
vt 0.521333 0.681507
vt 0.520326 0.727709
vt 0.517633 0.77384
vt 0.513647 0.819951
vt 0.508794 0.866115
vt 0.319903 0.005643
vt 0.341001 0.043547
vt 0.361326 0.081788
vt 0.380749 0.120503
vt 0.399192 0.159843
vt 0.408079 0.179841
vt 0.416825 0.199978
vt 0.425249 0.220321
vt 0.433508 0.240812
vt 0.44905 0.282212
vt 0.463361 0.32429
vt 0.476309 0.367006
vt 0.48781 0.410305
vt 0.497777 0.45422
vt 0.506096 0.498695
vt 0.512678 0.543667
vt 0.517458 0.58907
vt 0.519143 0.61205
vt 0.52042 0.635136
vt 0.521081 0.6583
vt 0.176416 0.201943
vt 0.179619 0.201642
vt 0.178306 0.227094
vt 0.18157 0.22688
vt 0.837706 0.209195
vt 0.841776 0.185107
vt 0.815699 0.252883
vt 0.175989 0.152074
vt 0.172807 0.152315
vt 0.781053 0.287549
vt 0.172156 0.102746
vt 0.168985 0.103003
vt 0.737405 0.309786
vt 0.168006 0.053555
vt 0.164842 0.053825
vt 0.689024 0.317449
vt 0.163776 0.004485
vt 0.160587 0.004567
vt 0.640639 0.309786
vt 0.155417 0.996032
vt 0.152308 0.995877
vt 0.160737 0.948263
vt 0.157655 0.947921
vt 0.596994 0.287548
vt 0.166039 0.900288
vt 0.162944 0.899961
vt 0.56236 0.252908
vt 0.170909 0.852106
vt 0.167802 0.851801
vt 0.540123 0.209274
vt 0.175505 0.803767
vt 0.172381 0.803402
vt 0.536262 0.185074
vt 0.174796 0.778862
vt 0.17799 0.779149
vt 0.532477 0.160884
vt 0.536262 0.136697
vt 0.176758 0.75404
vt 0.178733 0.729053
vt 0.179959 0.754295
vt 0.181977 0.729268
vt 0.540123 0.112496
vt 0.56236 0.068861
vt 0.183297 0.704026
vt 0.180081 0.70393
vt 0.185684 0.654317
vt 0.18248 0.654178
vt 0.596994 0.034222
vt 0.18764 0.60445
vt 0.184424 0.604346
vt 0.64064 0.011982
vt 0.188935 0.554348
vt 0.185707 0.55429
vt 0.689024 0.004319
vt 0.189465 0.504125
vt 0.186233 0.504114
vt 0.737405 0.011982
vt 0.189315 0.453914
vt 0.186081 0.453943
vt 0.781052 0.034222
vt 0.188568 0.403629
vt 0.185331 0.403698
vt 0.815685 0.068861
vt 0.187183 0.353312
vt 0.183946 0.353415
vt 0.837924 0.112496
vt 0.185359 0.30304
vt 0.18211 0.303095
vt 0.841784 0.136697
vt 0.845571 0.160885
vt 0.184425 0.277576
vt 0.181146 0.277732
vt 0.182943 0.252216
vt 0.179691 0.252398
vt 0.823907 0.204691
vt 0.827382 0.182803
vt 0.524651 0.681478
vt 0.52438 0.658233
vt 0.523635 0.727843
vt 0.803756 0.244224
vt 0.520936 0.774077
vt 0.772376 0.27561
vt 0.516953 0.820267
vt 0.732843 0.295753
vt 0.512075 0.866665
vt 0.689024 0.302694
vt 0.322518 0.003968
vt 0.343732 0.042061
vt 0.645202 0.295753
vt 0.364078 0.080365
vt 0.60567 0.27561
vt 0.383544 0.119144
vt 0.574299 0.244235
vt 0.40205 0.158593
vt 0.554164 0.204681
vt 0.410933 0.178584
vt 0.550666 0.182794
vt 0.419731 0.198742
vt 0.428157 0.219135
vt 0.547226 0.160884
vt 0.550666 0.138976
vt 0.43644 0.239613
vt 0.45204 0.281141
vt 0.554164 0.117089
vt 0.574299 0.077538
vt 0.466398 0.323312
vt 0.60567 0.046159
vt 0.47939 0.366129
vt 0.645202 0.026016
vt 0.490933 0.409537
vt 0.689024 0.019076
vt 0.500945 0.453564
vt 0.732843 0.026016
vt 0.5093 0.498163
vt 0.772376 0.046159
vt 0.515915 0.54326
vt 0.803748 0.077538
vt 0.520734 0.58883
vt 0.823883 0.117089
vt 0.522424 0.611834
vt 0.523741 0.634987
vt 0.827381 0.138976
vt 0.830819 0.160884
vt 0.139593 0.279722
vt 0.137388 0.772556
vt 0.135299 0.773313
vt 0.138962 0.751183
vt 0.140038 0.232681
vt 0.141238 0.254511
vt 0.137916 0.231864
vt 0.139246 0.701769
vt 0.152283 0.801551
vt 0.154401 0.777107
vt 0.149212 0.803707
vt 0.151305 0.803153
vt 0.145065 0.8496
vt 0.140303 0.897585
vt 0.135079 0.945412
vt 0.129598 0.993328
vt 0.141668 0.055808
vt 0.13726 0.006617
vt 0.145787 0.104861
vt 0.149513 0.154043
vt 0.15747 0.228418
vt 0.155826 0.20338
vt 0.156736 0.230749
vt 0.159223 0.276484
vt 0.160212 0.278726
vt 0.161308 0.303921
vt 0.158454 0.306543
vt 0.160522 0.305695
vt 0.160272 0.354169
vt 0.161672 0.404198
vt 0.162457 0.454157
vt 0.162624 0.504037
vt 0.162129 0.553878
vt 0.160922 0.603604
vt 0.15905 0.653173
vt 0.158067 0.727714
vt 0.159522 0.70284
vt 0.157051 0.729907
vt 0.153727 0.774804
vt 0.135044 0.802448
vt 0.152734 0.201104
vt 0.138228 0.20207
vt 0.15593 0.253714
vt 0.154708 0.231818
vt 0.157085 0.275642
vt 0.142366 0.27637
vt 0.143809 0.307135
vt 0.156732 0.700215
vt 0.140432 0.729733
vt 0.15339 0.752247
vt 0.154929 0.730697
vt 0.151756 0.773712
vt 0.154863 0.201719
vt 0.140339 0.27741
vt 0.158766 0.701079
vt 0.223044 0.31461
vt 0.223044 0.322739
vt 0.199037 0.31461
vt 0.199037 0.322739
vt 0.199037 0.327014
vt 0.223044 0.327014
vt 0.199037 0.345347
vt 0.223044 0.345347
vt 0.199037 0.349425
vt 0.223044 0.349425
vt 0.199037 0.357415
vt 0.223044 0.357415
vt 0.255216 0.211802
vt 0.255216 0.220291
vt 0.231305 0.211802
vt 0.231305 0.220291
vt 0.255216 0.224574
vt 0.255216 0.243332
vt 0.231305 0.224574
vt 0.231305 0.243332
vt 0.231305 0.259966
vt 0.255216 0.259966
vt 0.231305 0.278453
vt 0.255216 0.278453
vt 0.231305 0.24765
vt 0.255216 0.24765
vt 0.231305 0.25573
vt 0.255216 0.25573
vt 0.285855 0.292672
vt 0.285855 0.30102
vt 0.261781 0.292672
vt 0.261781 0.30102
vt 0.261781 0.305457
vt 0.285855 0.305457
vt 0.261781 0.324343
vt 0.285855 0.324343
vt 0.285855 0.341077
vt 0.285855 0.359141
vt 0.261781 0.341077
vt 0.261781 0.359141
vt 0.261781 0.328552
vt 0.285855 0.328552
vt 0.261781 0.336763
vt 0.285855 0.336763
vt 0.22277 0.16117
vt 0.22277 0.169652
vt 0.199037 0.16117
vt 0.199037 0.169652
vt 0.22277 0.173962
vt 0.22277 0.193028
vt 0.199037 0.173962
vt 0.199037 0.193028
vt 0.199037 0.197406
vt 0.22277 0.197406
vt 0.199037 0.205494
vt 0.22277 0.205494
vt 0.223044 0.290966
vt 0.223044 0.310261
vt 0.199037 0.290966
vt 0.199037 0.310261
vt 0.199037 0.13804
vt 0.22277 0.13804
vt 0.199037 0.156673
vt 0.22277 0.156673
vt 0.223044 0.324831
vt 0.199037 0.324831
vt 0.299248 0.38839
vt 0.301071 0.38646
vt 0.311583 0.388321
vt 0.309712 0.386416
vt 0.301915 0.38487
vt 0.308848 0.384858
vt 0.300646 0.382354
vt 0.298335 0.38302
vt 0.300413 0.361824
vt 0.298463 0.360671
vt 0.295968 0.385113
vt 0.295841 0.358244
vt 0.223044 0.347451
vt 0.199037 0.347451
vt 0.301278 0.358502
vt 0.300355 0.357225
vt 0.307218 0.3576
vt 0.307764 0.356174
vt 0.298557 0.35578
vt 0.309177 0.354297
vt 0.255216 0.222379
vt 0.231305 0.222379
vt 0.24993 0.335634
vt 0.247905 0.337883
vt 0.235644 0.336436
vt 0.237877 0.338428
vt 0.247076 0.339725
vt 0.238868 0.340184
vt 0.25043 0.341417
vt 0.249514 0.364729
vt 0.248377 0.342571
vt 0.247173 0.363927
vt 0.253312 0.338931
vt 0.251849 0.367053
vt 0.255216 0.280654
vt 0.231305 0.280654
vt 0.255216 0.209513
vt 0.231305 0.209513
vt 0.233401 0.339674
vt 0.235747 0.341866
vt 0.233098 0.363667
vt 0.235286 0.361854
vt 0.237474 0.342936
vt 0.237392 0.361282
vt 0.255216 0.245548
vt 0.231305 0.245548
vt 0.246025 0.365896
vt 0.246459 0.367668
vt 0.238938 0.364039
vt 0.23769 0.3655
vt 0.247868 0.370032
vt 0.235439 0.367004
vt 0.255216 0.257799
vt 0.231305 0.257799
vt 0.285855 0.303193
vt 0.261781 0.303193
vt 0.26285 0.403488
vt 0.265214 0.401486
vt 0.277519 0.405227
vt 0.275646 0.402751
vt 0.266396 0.399621
vt 0.274955 0.400708
vt 0.264325 0.397339
vt 0.2622 0.397989
vt 0.264189 0.378667
vt 0.262456 0.377564
vt 0.259988 0.3999
vt 0.260043 0.37526
vt 0.285855 0.361224
vt 0.261781 0.361224
vt 0.285855 0.290567
vt 0.261781 0.290567
vt 0.278936 0.39995
vt 0.277999 0.379237
vt 0.281253 0.401937
vt 0.280468 0.375845
vt 0.276817 0.399347
vt 0.276216 0.380452
vt 0.285855 0.326509
vt 0.261781 0.326509
vt 0.265699 0.376454
vt 0.26498 0.374592
vt 0.273958 0.377165
vt 0.275004 0.375328
vt 0.263053 0.372367
vt 0.277173 0.37326
vt 0.22277 0.171748
vt 0.199037 0.171748
vt 0.203715 0.403017
vt 0.205682 0.401294
vt 0.216059 0.404247
vt 0.214385 0.402208
vt 0.206672 0.399737
vt 0.213734 0.40061
vt 0.203268 0.397872
vt 0.201475 0.376235
vt 0.205065 0.396578
vt 0.203754 0.376706
vt 0.200868 0.400437
vt 0.199037 0.374386
vt 0.22277 0.195287
vt 0.199037 0.195287
vt 0.204701 0.37426
vt 0.203816 0.372791
vt 0.211367 0.373981
vt 0.212159 0.372412
vt 0.201954 0.371048
vt 0.213868 0.370437
vt 0.223044 0.312512
vt 0.199037 0.312512
vt 0.312211 0.382766
vt 0.309961 0.359301
vt 0.314876 0.384759
vt 0.312632 0.356454
vt 0.309735 0.382288
vt 0.308048 0.360683
vt 0.223044 0.359517
vt 0.199037 0.359517
vt 0.223044 0.288661
vt 0.199037 0.288661
vt 0.285855 0.338894
vt 0.261781 0.338894
vt 0.22277 0.158932
vt 0.199037 0.158932
vt 0.2193 0.401474
vt 0.21644 0.399081
vt 0.217562 0.373422
vt 0.214912 0.375942
vt 0.214384 0.398031
vt 0.212576 0.376777
vt 0.22277 0.207557
vt 0.199037 0.207557
vt 0.22277 0.135884
vt 0.199037 0.135884
vt 0.299231 0.385337
vt 0.30091 0.384291
vt 0.296984 0.387528
vt 0.300492 0.35957
vt 0.29893 0.358482
vt 0.296605 0.356487
vt 0.249809 0.339087
vt 0.24827 0.340417
vt 0.252489 0.336758
vt 0.237618 0.34095
vt 0.236145 0.339711
vt 0.233401 0.337846
vt 0.246974 0.365774
vt 0.248423 0.366947
vt 0.250453 0.369512
vt 0.235975 0.364107
vt 0.237737 0.363133
vt 0.233691 0.365893
vt 0.263131 0.400235
vt 0.264816 0.399007
vt 0.260787 0.402309
vt 0.276438 0.400667
vt 0.277834 0.401972
vt 0.279987 0.404339
vt 0.264389 0.376875
vt 0.263119 0.375563
vt 0.260807 0.373384
vt 0.203967 0.400052
vt 0.205449 0.398736
vt 0.201682 0.402208
vt 0.203823 0.374824
vt 0.202156 0.373965
vt 0.19988 0.372006
vt 0.309717 0.384308
vt 0.311484 0.385211
vt 0.31395 0.387337
vt 0.309327 0.357127
vt 0.307913 0.358363
vt 0.311536 0.354698
vt 0.277041 0.37671
vt 0.275517 0.378253
vt 0.27943 0.373973
vt 0.21454 0.400091
vt 0.215982 0.401204
vt 0.218442 0.403402
vt 0.213995 0.373518
vt 0.212272 0.374651
vt 0.21628 0.371046
usemtl PotSG
f 1/1/1 2/2/2 3/3/3
f 4/4/4 1/1/1 3/3/3
f 5/5/5 4/4/4 3/3/3
f 6/6/6 5/5/5 3/3/3
f 7/7/7 6/6/6 3/3/3
f 8/8/8 7/7/7 3/3/3
f 9/9/9 8/8/8 3/3/3
f 10/10/10 9/9/9 3/3/3
f 3/3/3 11/11/11 10/10/10
f 3/3/3 12/12/12 13/13/13
f 14/14/14 15/15/15 3/3/3
f 16/16/16 14/14/14 3/3/3
f 17/17/17 16/16/16 3/3/3
f 18/18/18 17/17/17 3/3/3
f 19/19/19 18/18/18 3/3/3
f 20/20/20 19/19/19 3/3/3
f 21/21/21 20/20/20 3/3/3
f 22/22/22 21/21/21 3/3/3
f 23/23/23 24/24/24 3/3/3
f 2/2/2 25/25/25 3/3/3
f 26/26/26 2/2/2 27/27/27
f 27/27/27 2/2/2 1/1/1
f 28/28/28 26/26/26 29/29/29
f 29/29/29 26/26/26 27/27/27
f 30/30/30 31/31/31 32/32/32
f 32/32/32 31/31/31 33/33/33
f 31/31/31 28/34/28 33/33/33
f 33/33/33 28/34/28 29/35/29
f 27/27/27 1/1/1 34/36/34
f 34/36/34 1/1/1 4/4/4
f 29/29/29 27/27/27 35/37/35
f 35/37/35 27/27/27 34/36/34
f 32/32/32 33/33/33 36/38/36
f 36/38/36 33/33/33 37/39/37
f 33/33/33 29/35/29 37/39/37
f 37/39/37 29/35/29 35/40/35
f 34/36/34 4/4/4 38/41/38
f 38/41/38 4/4/4 5/5/5
f 35/37/35 34/36/34 39/42/39
f 39/42/39 34/36/34 38/41/38
f 36/38/36 37/39/37 40/43/40
f 40/43/40 37/39/37 41/44/41
f 37/39/37 35/40/35 41/44/41
f 41/44/41 35/40/35 39/45/39
f 38/41/38 5/5/5 42/46/42
f 42/46/42 5/5/5 6/6/6
f 39/42/39 38/41/38 43/47/43
f 43/47/43 38/41/38 42/46/42
f 40/43/40 41/44/41 44/48/44
f 44/48/44 41/44/41 45/49/45
f 41/44/41 39/45/39 45/49/45
f 45/49/45 39/45/39 43/50/43
f 42/46/42 6/6/6 46/51/46
f 46/51/46 6/6/6 7/7/7
f 43/47/43 42/46/42 47/52/47
f 47/52/47 42/46/42 46/51/46
f 44/53/44 45/54/45 48/55/48
f 48/55/48 45/54/45 49/56/49
f 45/54/45 43/57/43 49/56/49
f 49/56/49 43/57/43 47/58/47
f 46/51/46 7/7/7 50/59/50
f 50/59/50 7/7/7 8/8/8
f 47/52/47 46/51/46 51/60/51
f 51/60/51 46/51/46 50/59/50
f 48/55/48 49/56/49 52/61/52
f 52/61/52 49/56/49 53/62/53
f 49/56/49 47/58/47 53/62/53
f 53/62/53 47/58/47 51/63/51
f 50/59/50 8/8/8 54/64/54
f 54/64/54 8/8/8 9/9/9
f 51/60/51 50/59/50 55/65/55
f 55/65/55 50/59/50 54/64/54
f 52/61/52 53/62/53 56/66/56
f 56/66/56 53/62/53 57/67/57
f 53/62/53 51/63/51 57/67/57
f 57/67/57 51/63/51 55/68/55
f 54/64/54 9/9/9 58/69/58
f 58/69/58 9/9/9 10/10/10
f 55/65/55 54/64/54 59/70/59
f 59/70/59 54/64/54 58/69/58
f 56/66/56 57/67/57 60/71/60
f 60/71/60 57/67/57 61/72/61
f 57/67/57 55/68/55 61/72/61
f 61/72/61 55/68/55 59/73/59
f 58/69/58 10/10/10 62/74/62
f 62/74/62 10/10/10 11/11/11
f 59/70/59 58/69/58 63/75/63
f 63/75/63 58/69/58 62/74/62
f 60/71/60 61/72/61 64/76/64
f 64/76/64 61/72/61 65/77/65
f 61/72/61 59/73/59 65/77/65
f 65/77/65 59/73/59 63/78/63
f 66/79/66 13/13/13 67/80/67
f 67/80/67 13/13/13 12/12/12
f 68/81/68 66/79/66 69/82/69
f 69/82/69 66/79/66 67/80/67
f 70/83/70 71/84/71 72/85/72
f 72/85/72 71/84/71 73/86/73
f 71/84/71 68/87/68 73/86/73
f 73/86/73 68/87/68 69/88/69
f 74/89/74 15/15/15 75/90/75
f 75/90/75 15/15/15 14/14/14
f 76/91/76 74/89/74 77/92/77
f 77/92/77 74/89/74 75/90/75
f 78/93/78 79/94/79 80/95/80
f 80/95/80 79/94/79 81/96/81
f 79/94/79 76/97/76 81/96/81
f 81/96/81 76/97/76 77/98/77
f 75/90/75 14/14/14 82/99/82
f 82/99/82 14/14/14 16/16/16
f 77/92/77 75/90/75 83/100/83
f 83/100/83 75/90/75 82/99/82
f 80/95/80 81/96/81 84/101/84
f 84/101/84 81/96/81 85/102/85
f 81/96/81 77/98/77 85/102/85
f 85/102/85 77/98/77 83/103/83
f 82/99/82 16/16/16 86/104/86
f 86/104/86 16/16/16 17/17/17
f 83/100/83 82/99/82 87/105/87
f 87/105/87 82/99/82 86/104/86
f 84/101/84 85/102/85 88/106/88
f 88/106/88 85/102/85 89/107/89
f 85/102/85 83/103/83 89/107/89
f 89/107/89 83/103/83 87/108/87
f 86/104/86 17/17/17 90/109/90
f 90/109/90 17/17/17 18/18/18
f 87/105/87 86/104/86 91/110/91
f 91/110/91 86/104/86 90/109/90
f 88/106/88 89/107/89 92/111/92
f 92/111/92 89/107/89 93/112/93
f 89/107/89 87/108/87 93/112/93
f 93/112/93 87/108/87 91/113/91
f 90/109/90 18/18/18 94/114/94
f 94/114/94 18/18/18 19/19/19
f 91/110/91 90/109/90 95/115/95
f 95/115/95 90/109/90 94/114/94
f 92/111/92 93/112/93 96/116/96
f 96/116/96 93/112/93 97/117/97
f 93/112/93 91/113/91 97/117/97
f 97/117/97 91/113/91 95/118/95
f 94/114/94 19/19/19 98/119/98
f 98/119/98 19/19/19 20/20/20
f 95/115/95 94/114/94 99/120/99
f 99/120/99 94/114/94 98/119/98
f 96/116/96 97/117/97 100/121/100
f 100/121/100 97/117/97 101/122/101
f 97/117/97 95/118/95 101/122/101
f 101/122/101 95/118/95 99/123/99
f 98/119/98 20/20/20 102/124/102
f 102/124/102 20/20/20 21/21/21
f 99/120/99 98/119/98 103/125/103
f 103/125/103 98/119/98 102/124/102
f 100/121/100 101/122/101 104/126/104
f 104/126/104 101/122/101 105/127/105
f 101/122/101 99/123/99 105/127/105
f 105/127/105 99/123/99 103/128/103
f 102/124/102 21/21/21 106/129/106
f 106/129/106 21/21/21 22/22/22
f 103/125/103 102/124/102 107/130/107
f 107/130/107 102/124/102 106/129/106
f 104/126/104 105/127/105 108/131/108
f 108/131/108 105/127/105 109/132/109
f 105/127/105 103/128/103 109/132/109
f 109/132/109 103/128/103 107/133/107
f 24/24/24 23/23/23 110/134/110
f 110/134/110 23/23/23 111/135/111
f 110/134/110 111/135/111 112/136/112
f 112/136/112 111/135/111 113/137/113
f 114/138/114 115/139/115 116/140/116
f 116/140/116 115/139/115 117/141/117
f 112/142/112 113/143/113 114/138/114
f 114/138/114 113/143/113 115/139/115
f 26/26/26 118/144/118 2/2/2
f 2/2/2 118/144/118 25/25/25
f 28/28/28 119/145/119 26/26/26
f 26/26/26 119/145/119 118/144/118
f 31/31/31 120/146/120 28/34/28
f 28/34/28 120/146/120 119/147/119
f 30/30/30 121/148/121 31/31/31
f 31/31/31 121/148/121 120/146/120
f 122/149/122 123/150/123 124/151/124
f 124/151/124 123/150/123 125/152/125
f 123/153/123 126/154/126 125/155/125
f 125/155/125 126/154/126 127/156/127
f 126/154/126 128/157/128 127/156/127
f 127/156/127 128/157/128 129/158/129
f 122/149/122 124/151/124 130/159/130
f 124/151/124 131/160/131 130/159/130
f 131/160/131 132/161/132 130/159/130
f 132/161/132 133/162/133 130/159/130
f 133/162/133 134/163/134 130/159/130
f 134/163/134 135/164/135 130/159/130
f 135/164/135 136/165/136 130/159/130
f 136/165/136 137/166/137 130/159/130
f 137/166/137 138/167/138 130/159/130
f 139/168/139 140/169/140 130/159/130
f 141/170/141 142/171/142 130/159/130
f 142/171/142 143/172/143 130/159/130
f 143/172/143 144/173/144 130/159/130
f 144/173/144 145/174/145 130/159/130
f 145/174/145 146/175/146 130/159/130
f 146/175/146 147/176/147 130/159/130
f 147/176/147 148/177/148 130/159/130
f 148/177/148 149/178/149 130/159/130
f 130/159/130 150/179/150 151/180/151
f 130/159/130 152/181/152 122/149/122
f 127/156/127 129/158/129 153/182/153
f 153/182/153 129/158/129 154/183/154
f 124/151/124 125/152/125 131/160/131
f 131/160/131 125/152/125 155/184/155
f 125/155/125 127/156/127 155/185/155
f 155/185/155 127/156/127 153/182/153
f 153/182/153 154/183/154 156/186/156
f 156/186/156 154/183/154 157/187/157
f 131/160/131 155/184/155 132/161/132
f 132/161/132 155/184/155 158/188/158
f 155/185/155 153/182/153 158/189/158
f 158/189/158 153/182/153 156/186/156
f 156/186/156 157/187/157 159/190/159
f 159/190/159 157/187/157 160/191/160
f 132/161/132 158/188/158 133/162/133
f 133/162/133 158/188/158 161/192/161
f 158/189/158 156/186/156 161/193/161
f 161/193/161 156/186/156 159/190/159
f 159/194/159 160/195/160 162/196/162
f 162/196/162 160/195/160 163/197/163
f 133/162/133 161/192/161 134/163/134
f 134/163/134 161/192/161 164/198/164
f 161/199/161 159/194/159 164/200/164
f 164/200/164 159/194/159 162/196/162
f 162/196/162 163/197/163 165/201/165
f 165/201/165 163/197/163 166/202/166
f 134/163/134 164/198/164 135/164/135
f 135/164/135 164/198/164 167/203/167
f 164/200/164 162/196/162 167/204/167
f 167/204/167 162/196/162 165/201/165
f 165/201/165 166/202/166 168/205/168
f 168/205/168 166/202/166 169/206/169
f 135/164/135 167/203/167 136/165/136
f 136/165/136 167/203/167 170/207/170
f 167/204/167 165/201/165 170/208/170
f 170/208/170 165/201/165 168/205/168
f 168/205/168 169/206/169 171/209/171
f 171/209/171 169/206/169 172/210/172
f 136/165/136 170/207/170 137/166/137
f 137/166/137 170/207/170 173/211/173
f 170/208/170 168/205/168 173/212/173
f 173/212/173 168/205/168 171/209/171
f 172/210/172 174/213/174 171/209/171
f 171/209/171 174/213/174 175/214/175
f 173/211/173 176/215/176 137/166/137
f 137/166/137 176/215/176 138/167/138
f 171/209/171 175/214/175 173/212/173
f 173/212/173 175/214/175 176/216/176
f 177/217/177 178/218/178 179/219/179
f 179/219/179 178/218/178 180/220/180
f 181/221/181 182/222/182 139/168/139
f 139/168/139 182/222/182 140/169/140
f 179/219/179 180/220/180 181/223/181
f 181/223/181 180/220/180 182/224/182
f 183/225/183 184/226/184 185/227/185
f 185/227/185 184/226/184 186/228/186
f 141/170/141 187/229/187 142/171/142
f 142/171/142 187/229/187 188/230/188
f 187/231/187 183/225/183 188/232/188
f 188/232/188 183/225/183 185/227/185
f 185/227/185 186/228/186 189/233/189
f 189/233/189 186/228/186 190/234/190
f 142/171/142 188/230/188 143/172/143
f 143/172/143 188/230/188 191/235/191
f 188/232/188 185/227/185 191/236/191
f 191/236/191 185/227/185 189/233/189
f 189/233/189 190/234/190 192/237/192
f 192/237/192 190/234/190 193/238/193
f 143/172/143 191/235/191 144/173/144
f 144/173/144 191/235/191 194/239/194
f 191/236/191 189/233/189 194/240/194
f 194/240/194 189/233/189 192/237/192
f 192/237/192 193/238/193 195/241/195
f 195/241/195 193/238/193 196/242/196
f 144/173/144 194/239/194 145/174/145
f 145/174/145 194/239/194 197/243/197
f 194/240/194 192/237/192 197/244/197
f 197/244/197 192/237/192 195/241/195
f 195/241/195 196/242/196 198/245/198
f 198/245/198 196/242/196 199/246/199
f 145/174/145 197/243/197 146/175/146
f 146/175/146 197/243/197 200/247/200
f 197/244/197 195/241/195 200/248/200
f 200/248/200 195/241/195 198/245/198
f 198/245/198 199/246/199 201/249/201
f 201/249/201 199/246/199 202/250/202
f 146/175/146 200/247/200 147/176/147
f 147/176/147 200/247/200 203/251/203
f 200/248/200 198/245/198 203/252/203
f 203/252/203 198/245/198 201/249/201
f 201/249/201 202/250/202 204/253/204
f 204/253/204 202/250/202 205/254/205
f 147/176/147 203/251/203 148/177/148
f 148/177/148 203/251/203 206/255/206
f 203/252/203 201/249/201 206/256/206
f 206/256/206 201/249/201 204/253/204
f 204/253/204 205/254/205 207/257/207
f 207/257/207 205/254/205 208/258/208
f 148/177/148 206/255/206 149/178/149
f 149/178/149 206/255/206 209/259/209
f 206/256/206 204/253/204 209/260/209
f 209/260/209 204/253/204 207/257/207
f 210/261/210 211/262/211 212/263/212
f 212/263/212 211/262/211 213/264/213
f 150/179/150 214/265/214 151/180/151
f 151/180/151 214/265/214 215/266/215
f 214/267/214 210/261/210 215/268/215
f 215/268/215 210/261/210 212/263/212
f 128/157/128 126/154/126 216/269/216
f 216/269/216 126/154/126 217/270/217
f 126/154/126 123/153/123 217/270/217
f 217/270/217 123/153/123 218/271/218
f 123/150/123 122/149/122 218/272/218
f 218/272/218 122/149/122 152/181/152
f 219/273/219 220/274/220 32/32/32
f 30/30/30 32/32/32 220/274/220
f 32/32/32 36/38/36 221/275/221
f 221/275/221 36/38/36 222/276/222
f 36/38/36 40/43/40 222/276/222
f 222/276/222 40/43/40 223/277/223
f 40/43/40 44/48/44 223/277/223
f 223/277/223 44/48/44 224/278/224
f 44/53/44 48/55/48 224/279/224
f 224/279/224 48/55/48 225/280/225
f 48/55/48 52/61/52 225/280/225
f 225/280/225 52/61/52 226/281/226
f 52/61/52 56/66/56 226/281/226
f 226/281/226 56/66/56 227/282/227
f 228/283/228 56/66/56 229/284/229
f 56/66/56 60/71/60 229/284/229
f 60/71/60 64/76/64 229/284/229
f 229/284/229 64/76/64 230/285/230
f 231/286/231 70/83/70 232/287/232
f 70/83/70 72/85/72 232/287/232
f 233/288/233 234/289/234 235/290/235
f 234/289/234 80/95/80 235/290/235
f 80/95/80 84/101/84 235/290/235
f 235/290/235 84/101/84 236/291/236
f 84/101/84 88/106/88 236/291/236
f 236/291/236 88/106/88 237/292/237
f 88/106/88 92/111/92 237/292/237
f 237/292/237 92/111/92 238/293/238
f 92/111/92 96/116/96 238/293/238
f 238/293/238 96/116/96 239/294/239
f 96/116/96 100/121/100 239/294/239
f 239/294/239 100/121/100 240/295/240
f 100/121/100 104/126/104 240/295/240
f 240/295/240 104/126/104 241/296/241
f 242/297/242 104/126/104 243/298/243
f 104/126/104 108/131/108 243/298/243
f 220/274/220 244/299/244 30/30/30
f 30/30/30 244/299/244 121/148/121
f 245/300/245 246/301/246 247/302/247
f 247/302/247 246/301/246 248/303/248
f 246/301/246 249/304/249 248/303/248
f 248/303/248 249/304/249 250/305/250
f 249/304/249 251/306/251 250/305/250
f 250/305/250 251/306/251 252/307/252
f 251/306/251 253/308/253 252/307/252
f 252/307/252 253/308/253 254/309/254
f 253/308/253 255/310/255 254/309/254
f 254/309/254 255/310/255 256/311/256
f 255/310/255 257/312/257 256/311/256
f 256/311/256 257/312/257 258/313/258
f 257/312/257 259/314/259 258/313/258
f 258/313/258 259/314/259 260/315/260
f 259/314/259 261/316/261 260/315/260
f 260/315/260 261/316/261 262/317/262
f 261/316/261 263/318/263 262/317/262
f 262/317/262 263/318/263 264/319/264
f 265/320/265 266/321/266 267/322/267
f 267/322/267 266/321/266 268/323/268
f 269/324/269 270/325/270 271/326/271
f 271/326/271 270/325/270 272/327/272
f 270/325/270 273/328/273 272/327/272
f 272/327/272 273/328/273 274/329/274
f 273/328/273 275/330/275 274/329/274
f 274/329/274 275/330/275 276/331/276
f 275/330/275 277/332/277 276/331/276
f 276/331/276 277/332/277 278/333/278
f 277/332/277 279/334/279 278/333/278
f 278/333/278 279/334/279 280/335/280
f 279/334/279 281/336/281 280/335/280
f 280/335/280 281/336/281 282/337/282
f 281/336/281 283/338/283 282/337/282
f 282/337/282 283/338/283 284/339/284
f 283/338/283 285/340/285 284/339/284
f 284/339/284 285/340/285 286/341/286
f 287/342/287 288/343/288 289/344/289
f 289/344/289 288/343/288 290/345/290
f 291/346/291 292/347/292 247/302/247
f 247/302/247 292/347/292 245/300/245
f 293/348/293 294/349/294 128/157/128
f 128/157/128 294/349/294 129/158/129
f 294/349/294 295/350/295 129/158/129
f 129/158/129 295/350/295 154/183/154
f 295/350/295 296/351/296 154/183/154
f 154/183/154 296/351/296 157/187/157
f 296/351/296 297/352/297 157/187/157
f 157/187/157 297/352/297 160/191/160
f 297/353/297 298/354/298 160/195/160
f 160/195/160 298/354/298 163/197/163
f 298/354/298 299/355/299 163/197/163
f 163/197/163 299/355/299 166/202/166
f 299/355/299 300/356/300 166/202/166
f 166/202/166 300/356/300 169/206/169
f 300/356/300 301/357/301 169/206/169
f 169/206/169 301/357/301 172/210/172
f 301/357/301 302/358/302 172/210/172
f 172/210/172 302/358/302 174/213/174
f 303/359/303 304/360/304 177/217/177
f 177/217/177 304/360/304 178/218/178
f 305/361/305 306/362/306 184/226/184
f 184/226/184 306/362/306 186/228/186
f 306/362/306 307/363/307 186/228/186
f 186/228/186 307/363/307 190/234/190
f 307/363/307 308/364/308 190/234/190
f 190/234/190 308/364/308 193/238/193
f 308/364/308 309/365/309 193/238/193
f 193/238/193 309/365/309 196/242/196
f 309/365/309 310/366/310 196/242/196
f 196/242/196 310/366/310 199/246/199
f 310/366/310 311/367/311 199/246/199
f 199/246/199 311/367/311 202/250/202
f 311/367/311 312/368/312 202/250/202
f 202/250/202 312/368/312 205/254/205
f 312/368/312 313/369/313 205/254/205
f 205/254/205 313/369/313 208/258/208
f 211/262/211 314/370/314 213/264/213
f 213/264/213 314/370/314 315/371/315
f 216/269/216 316/372/316 128/157/128
f 128/157/128 316/372/316 293/348/293
f 317/373/317 318/374/318 319/375/319
f 319/375/319 318/374/318 320/376/320
f 318/377/318 245/300/245 320/378/320
f 320/378/320 245/300/245 292/347/292
f 245/300/245 318/377/318 246/301/246
f 246/301/246 318/377/318 321/379/321
f 318/374/318 317/373/317 321/380/321
f 321/380/321 317/373/317 322/381/322
f 246/301/246 321/379/321 249/304/249
f 249/304/249 321/379/321 323/382/323
f 321/380/321 322/381/322 323/383/323
f 323/383/323 322/381/322 324/384/324
f 249/304/249 323/382/323 251/306/251
f 251/306/251 323/382/323 325/385/325
f 323/383/323 324/384/324 325/386/325
f 325/386/325 324/384/324 326/387/326
f 251/306/251 325/385/325 253/308/253
f 253/308/253 325/385/325 327/388/327
f 325/386/325 326/387/326 327/389/327
f 327/389/327 326/387/326 328/390/328
f 253/308/253 327/388/327 255/310/255
f 255/310/255 327/388/327 329/391/329
f 327/392/327 328/393/328 329/394/329
f 329/394/329 328/393/328 330/395/330
f 255/310/255 329/391/329 257/312/257
f 257/312/257 329/391/329 331/396/331
f 329/394/329 330/395/330 331/397/331
f 331/397/331 330/395/330 332/398/332
f 257/312/257 331/396/331 259/314/259
f 259/314/259 331/396/331 333/399/333
f 331/397/331 332/398/332 333/400/333
f 333/400/333 332/398/332 334/401/334
f 259/314/259 333/399/333 261/316/261
f 261/316/261 333/399/333 335/402/335
f 333/400/333 334/401/334 335/403/335
f 335/403/335 334/401/334 336/404/336
f 335/402/335 337/405/337 261/316/261
f 261/316/261 337/405/337 263/318/263
f 336/404/336 338/406/338 335/403/335
f 335/403/335 338/406/338 337/407/337
f 339/408/339 340/409/340 265/320/265
f 265/320/265 340/409/340 266/321/266
f 341/410/341 342/411/342 339/412/339
f 339/412/339 342/411/342 340/413/340
f 269/324/269 343/414/343 270/325/270
f 270/325/270 343/414/343 344/415/344
f 343/416/343 345/417/345 344/418/344
f 344/418/344 345/417/345 346/419/346
f 270/325/270 344/415/344 273/328/273
f 273/328/273 344/415/344 347/420/347
f 344/418/344 346/419/346 347/421/347
f 347/421/347 346/419/346 348/422/348
f 273/328/273 347/420/347 275/330/275
f 275/330/275 347/420/347 349/423/349
f 347/421/347 348/422/348 349/424/349
f 349/424/349 348/422/348 350/425/350
f 275/330/275 349/423/349 277/332/277
f 277/332/277 349/423/349 351/426/351
f 349/424/349 350/425/350 351/427/351
f 351/427/351 350/425/350 352/428/352
f 277/332/277 351/426/351 279/334/279
f 279/334/279 351/426/351 353/429/353
f 351/427/351 352/428/352 353/430/353
f 353/430/353 352/428/352 354/431/354
f 279/334/279 353/429/353 281/336/281
f 281/336/281 353/429/353 355/432/355
f 353/430/353 354/431/354 355/433/355
f 355/433/355 354/431/354 356/434/356
f 281/336/281 355/432/355 283/338/283
f 283/338/283 355/432/355 357/435/357
f 355/433/355 356/434/356 357/436/357
f 357/436/357 356/434/356 358/437/358
f 283/338/283 357/435/357 285/340/285
f 285/340/285 357/435/357 359/438/359
f 357/436/357 358/437/358 359/439/359
f 359/439/359 358/437/358 360/440/360
f 288/343/288 361/441/361 290/345/290
f 290/345/290 361/441/361 362/442/362
f 361/443/361 363/444/363 362/445/362
f 362/445/362 363/444/363 364/446/364
f 247/302/247 365/447/365 291/346/291
f 291/346/291 365/447/365 366/448/366
f 365/449/365 293/348/293 366/450/366
f 366/450/366 293/348/293 316/372/316
f 293/348/293 365/449/365 294/349/294
f 294/349/294 365/449/365 367/451/367
f 365/447/365 247/302/247 367/452/367
f 367/452/367 247/302/247 248/303/248
f 294/349/294 367/451/367 295/350/295
f 295/350/295 367/451/367 368/453/368
f 367/452/367 248/303/248 368/454/368
f 368/454/368 248/303/248 250/305/250
f 295/350/295 368/453/368 296/351/296
f 296/351/296 368/453/368 369/455/369
f 368/454/368 250/305/250 369/456/369
f 369/456/369 250/305/250 252/307/252
f 296/351/296 369/455/369 297/352/297
f 297/352/297 369/455/369 370/457/370
f 369/456/369 252/307/252 370/458/370
f 370/458/370 252/307/252 254/309/254
f 297/353/297 370/459/370 298/354/298
f 298/354/298 370/459/370 371/460/371
f 370/458/370 254/309/254 371/461/371
f 371/461/371 254/309/254 256/311/256
f 298/354/298 371/460/371 299/355/299
f 299/355/299 371/460/371 372/462/372
f 371/461/371 256/311/256 372/463/372
f 372/463/372 256/311/256 258/313/258
f 299/355/299 372/462/372 300/356/300
f 300/356/300 372/462/372 373/464/373
f 372/463/372 258/313/258 373/465/373
f 373/465/373 258/313/258 260/315/260
f 300/356/300 373/464/373 301/357/301
f 301/357/301 373/464/373 374/466/374
f 373/465/373 260/315/260 374/467/374
f 374/467/374 260/315/260 262/317/262
f 374/466/374 375/468/375 301/357/301
f 301/357/301 375/468/375 302/358/302
f 262/317/262 264/319/264 374/467/374
f 374/467/374 264/319/264 375/469/375
f 376/470/376 377/471/377 303/359/303
f 303/359/303 377/471/377 304/360/304
f 267/322/267 268/323/268 376/472/376
f 376/472/376 268/323/268 377/473/377
f 305/361/305 378/474/378 306/362/306
f 306/362/306 378/474/378 379/475/379
f 378/476/378 271/326/271 379/477/379
f 379/477/379 271/326/271 272/327/272
f 306/362/306 379/475/379 307/363/307
f 307/363/307 379/475/379 380/478/380
f 379/477/379 272/327/272 380/479/380
f 380/479/380 272/327/272 274/329/274
f 307/363/307 380/478/380 308/364/308
f 308/364/308 380/478/380 381/480/381
f 380/479/380 274/329/274 381/481/381
f 381/481/381 274/329/274 276/331/276
f 308/364/308 381/480/381 309/365/309
f 309/365/309 381/480/381 382/482/382
f 381/481/381 276/331/276 382/483/382
f 382/483/382 276/331/276 278/333/278
f 309/365/309 382/482/382 310/366/310
f 310/366/310 382/482/382 383/484/383
f 382/483/382 278/333/278 383/485/383
f 383/485/383 278/333/278 280/335/280
f 310/366/310 383/484/383 311/367/311
f 311/367/311 383/484/383 384/486/384
f 383/485/383 280/335/280 384/487/384
f 384/487/384 280/335/280 282/337/282
f 311/367/311 384/486/384 312/368/312
f 312/368/312 384/486/384 385/488/385
f 384/487/384 282/337/282 385/489/385
f 385/489/385 282/337/282 284/339/284
f 312/368/312 385/488/385 313/369/313
f 313/369/313 385/488/385 386/490/386
f 385/489/385 284/339/284 386/491/386
f 386/491/386 284/339/284 286/341/286
f 314/370/314 387/492/387 315/371/315
f 315/371/315 387/492/387 388/493/388
f 387/494/387 287/342/287 388/495/388
f 388/495/388 287/342/287 289/344/289
f 108/131/108 116/140/116 243/298/243
f 243/298/243 116/140/116 389/496/389
f 108/131/108 109/132/109 116/140/116
f 116/140/116 109/132/109 114/138/114
f 109/132/109 107/133/107 114/138/114
f 114/138/114 107/133/107 112/142/112
f 107/130/107 106/129/106 112/136/112
f 112/136/112 106/129/106 110/134/110
f 106/129/106 22/22/22 110/134/110
f 110/134/110 22/22/22 24/24/24
f 3/3/3 24/24/24 22/22/22
f 13/13/13 11/11/11 3/3/3
f 11/11/11 13/13/13 62/74/62
f 62/74/62 13/13/13 66/79/66
f 62/74/62 66/79/66 63/75/63
f 63/75/63 66/79/66 68/81/68
f 63/78/63 68/87/68 65/77/65
f 65/77/65 68/87/68 71/84/71
f 65/77/65 71/84/71 64/76/64
f 64/76/64 71/84/71 70/83/70
f 390/497/390 391/498/391 392/499/392
f 392/499/392 391/498/391 70/83/70
f 337/407/337 338/406/338 339/412/339
f 339/412/339 338/406/338 341/410/341
f 263/318/263 337/405/337 265/320/265
f 265/320/265 337/405/337 339/408/339
f 264/319/264 263/318/263 267/322/267
f 267/322/267 263/318/263 265/320/265
f 375/469/375 264/319/264 376/472/376
f 376/472/376 264/319/264 267/322/267
f 302/358/302 375/468/375 303/359/303
f 303/359/303 375/468/375 376/470/376
f 174/213/174 302/358/302 177/217/177
f 177/217/177 302/358/302 303/359/303
f 175/214/175 174/213/174 179/219/179
f 179/219/179 174/213/174 177/217/177
f 176/216/176 175/214/175 181/223/181
f 181/223/181 175/214/175 179/219/179
f 138/167/138 176/215/176 139/168/139
f 139/168/139 176/215/176 181/221/181
f 130/159/130 138/167/138 139/168/139
f 149/178/149 150/179/150 130/159/130
f 209/259/209 214/265/214 149/178/149
f 149/178/149 214/265/214 150/179/150
f 207/257/207 210/261/210 209/260/209
f 209/260/209 210/261/210 214/267/214
f 208/258/208 211/262/211 207/257/207
f 207/257/207 211/262/211 210/261/210
f 313/369/313 314/370/314 208/258/208
f 208/258/208 314/370/314 211/262/211
f 386/490/386 387/492/387 313/369/313
f 313/369/313 387/492/387 314/370/314
f 286/341/286 287/342/287 386/491/386
f 386/491/386 287/342/287 387/494/387
f 285/340/285 288/343/288 286/341/286
f 286/341/286 288/343/288 287/342/287
f 359/438/359 361/441/361 285/340/285
f 285/340/285 361/441/361 288/343/288
f 360/440/360 363/444/363 359/439/359
f 359/439/359 363/444/363 361/443/361
f 393/500/393 394/501/394 395/502/395
f 117/141/117 395/502/395 394/501/394
f 120/146/120 121/148/121 115/139/115
f 115/139/115 121/148/121 117/141/117
f 119/147/119 120/146/120 113/143/113
f 113/143/113 120/146/120 115/139/115
f 118/144/118 119/145/119 111/135/111
f 111/135/111 119/145/119 113/137/113
f 25/25/25 118/144/118 23/23/23
f 23/23/23 118/144/118 111/135/111
f 3/3/3 25/25/25 23/23/23
f 15/15/15 12/12/12 3/3/3
f 12/12/12 15/15/15 67/80/67
f 67/80/67 15/15/15 74/89/74
f 67/80/67 74/89/74 69/82/69
f 69/82/69 74/89/74 76/91/76
f 69/88/69 76/97/76 73/86/73
f 73/86/73 76/97/76 79/94/79
f 73/86/73 79/94/79 72/85/72
f 72/85/72 79/94/79 78/93/78
f 396/503/396 232/287/232 78/93/78
f 78/93/78 232/287/232 72/85/72
f 340/413/340 342/411/342 343/416/343
f 343/416/343 342/411/342 345/417/345
f 266/321/266 340/409/340 269/324/269
f 269/324/269 340/409/340 343/414/343
f 268/323/268 266/321/266 271/326/271
f 271/326/271 266/321/266 269/324/269
f 377/473/377 268/323/268 378/476/378
f 378/476/378 268/323/268 271/326/271
f 304/360/304 377/471/377 305/361/305
f 305/361/305 377/471/377 378/474/378
f 178/218/178 304/360/304 184/226/184
f 184/226/184 304/360/304 305/361/305
f 180/220/180 178/218/178 183/225/183
f 183/225/183 178/218/178 184/226/184
f 182/224/182 180/220/180 187/231/187
f 187/231/187 180/220/180 183/225/183
f 140/169/140 182/222/182 141/170/141
f 141/170/141 182/222/182 187/229/187
f 130/159/130 140/169/140 141/170/141
f 151/180/151 152/181/152 130/159/130
f 152/181/152 151/180/151 218/272/218
f 218/272/218 151/180/151 215/266/215
f 218/271/218 215/268/215 217/270/217
f 217/270/217 215/268/215 212/263/212
f 217/270/217 212/263/212 216/269/216
f 216/269/216 212/263/212 213/264/213
f 315/371/315 316/372/316 213/264/213
f 213/264/213 316/372/316 216/269/216
f 316/372/316 315/371/315 366/450/366
f 366/450/366 315/371/315 388/493/388
f 366/448/366 388/495/388 291/346/291
f 291/346/291 388/495/388 289/344/289
f 290/345/290 292/347/292 289/344/289
f 289/344/289 292/347/292 291/346/291
f 292/347/292 290/345/290 320/378/320
f 320/378/320 290/345/290 362/442/362
f 320/376/320 362/445/362 319/375/319
f 319/375/319 362/445/362 364/446/364
f 397/504/397 398/505/398 336/404/336
f 336/404/336 398/505/398 338/406/338
f 399/506/399 400/507/400 401/508/401
f 401/508/401 400/507/400 334/401/334
f 402/509/226 401/508/401 332/398/332
f 332/398/332 401/508/401 334/401/334
f 403/510/225 402/509/226 330/395/330
f 330/395/330 402/509/226 332/398/332
f 404/511/224 403/510/225 328/393/328
f 328/393/328 403/510/225 330/395/330
f 405/512/402 404/513/224 326/387/326
f 326/387/326 404/513/224 328/390/328
f 406/514/222 405/512/402 324/384/324
f 324/384/324 405/512/402 326/387/326
f 407/515/403 406/514/222 322/381/322
f 322/381/322 406/514/222 324/384/324
f 319/375/319 408/516/404 317/373/317
f 317/373/317 408/516/404 409/517/405
f 410/518/406 408/516/404 364/446/364
f 364/446/364 408/516/404 319/375/319
f 411/519/407 364/446/364 412/520/408
f 363/444/363 412/520/408 364/446/364
f 413/521/409 412/520/408 360/440/360
f 360/440/360 412/520/408 363/444/363
f 414/522/410 415/523/411 416/524/412
f 416/524/412 415/523/411 358/437/358
f 417/525/240 416/524/412 356/434/356
f 356/434/356 416/524/412 358/437/358
f 418/526/239 417/525/240 354/431/354
f 354/431/354 417/525/240 356/434/356
f 419/527/238 418/526/239 352/428/352
f 352/428/352 418/526/239 354/431/354
f 420/528/237 419/527/238 350/425/350
f 350/425/350 419/527/238 352/428/352
f 421/529/236 420/528/237 348/422/348
f 348/422/348 420/528/237 350/425/350
f 422/530/413 421/529/236 346/419/346
f 346/419/346 421/529/236 348/422/348
f 342/411/342 423/531/414 345/417/345
f 345/417/345 423/531/414 424/532/415
f 425/533/416 423/531/414 341/410/341
f 341/410/341 423/531/414 342/411/342
f 426/534/417 341/410/341 398/505/398
f 338/406/338 398/505/398 341/410/341
f 227/282/227 427/535/418 401/508/401
f 401/508/401 427/535/418 399/506/399
f 226/281/226 227/282/227 402/509/226
f 402/509/226 227/282/227 401/508/401
f 225/280/225 226/281/226 403/510/225
f 403/510/225 226/281/226 402/509/226
f 224/279/224 225/280/225 404/511/224
f 404/511/224 225/280/225 403/510/225
f 223/277/223 224/278/224 405/512/402
f 405/512/402 224/278/224 404/513/224
f 222/276/222 223/277/223 406/514/222
f 406/514/222 223/277/223 405/512/402
f 221/275/221 222/276/222 407/515/403
f 407/515/403 222/276/222 406/514/222
f 428/536/419 429/537/420 407/515/403
f 407/515/403 429/537/420 221/275/221
f 394/501/394 393/500/393 430/538/421
f 430/538/421 393/500/393 431/539/422
f 432/540/423 433/541/424 430/538/421
f 430/538/421 433/541/424 394/501/394
f 241/296/241 434/542/425 416/524/412
f 416/524/412 434/542/425 414/522/410
f 240/295/240 241/296/241 417/525/240
f 417/525/240 241/296/241 416/524/412
f 239/294/239 240/295/240 418/526/239
f 418/526/239 240/295/240 417/525/240
f 238/293/238 239/294/239 419/527/238
f 419/527/238 239/294/239 418/526/239
f 237/292/237 238/293/238 420/528/237
f 420/528/237 238/293/238 419/527/238
f 236/291/236 237/292/237 421/529/236
f 421/529/236 237/292/237 420/528/237
f 235/290/235 236/291/236 422/530/413
f 422/530/413 236/291/236 421/529/236
f 435/543/426 233/288/233 422/530/413
f 422/530/413 233/288/233 235/290/235
f 392/499/392 436/544/427 437/545/428
f 437/545/428 436/544/427 438/546/429
f 437/545/428 439/547/430 392/499/392
f 392/499/392 439/547/430 390/497/390
f 440/548/431 322/381/322 409/517/405
f 409/517/405 322/381/322 317/373/317
f 433/541/424 441/549/432 394/501/394
f 441/549/432 117/141/117 394/501/394
f 442/550/433 346/419/346 424/532/415
f 424/532/415 346/419/346 345/417/345
f 443/551/434 444/552/435 445/553/436
f 445/553/436 444/552/435 446/554/437
f 447/555/438 448/556/439 449/557/440
f 449/557/440 448/556/439 450/558/441
f 451/559/442 452/560/443 453/561/444
f 453/561/444 452/560/443 454/562/445
f 455/563/446 456/564/447 457/565/448
f 457/565/448 456/564/447 458/566/449
f 459/567/450 460/568/451 461/569/452
f 461/569/452 460/568/451 462/570/453
f 463/571/454 464/572/455 465/573/456
f 465/573/456 464/572/455 466/574/457
f 467/575/458 468/576/459 469/577/460
f 469/577/460 468/576/459 470/578/461
f 471/579/462 472/580/463 473/581/464
f 473/581/464 472/580/463 474/582/465
f 475/583/466 476/584/467 477/585/468
f 477/585/468 476/584/467 478/586/469
f 479/587/470 480/588/471 481/589/472
f 481/589/472 480/588/471 482/590/473
f 483/591/474 484/592/475 485/593/476
f 485/593/476 484/592/475 486/594/477
f 487/595/478 488/596/479 489/597/480
f 489/597/480 488/596/479 490/598/481
f 491/599/482 492/600/483 493/601/484
f 493/601/484 492/600/483 494/602/485
f 495/603/486 496/604/487 497/605/488
f 497/605/488 496/604/487 498/606/489
f 499/607/490 500/608/491 501/609/492
f 501/609/492 500/608/491 502/610/493
f 503/611/494 504/612/495 505/613/496
f 505/613/496 504/612/495 506/614/497
f 444/552/435 507/615/498 446/554/437
f 446/554/437 507/615/498 508/616/499
f 507/615/498 448/556/439 508/616/499
f 508/616/499 448/556/439 447/555/438
f 439/617/430 509/618/500 390/619/390
f 390/619/390 509/618/500 510/620/501
f 509/618/500 444/621/435 510/620/501
f 510/620/501 444/621/435 443/622/434
f 448/623/439 511/624/502 450/625/441
f 450/625/441 511/624/502 512/626/503
f 511/624/502 398/627/398 512/626/503
f 512/626/503 398/627/398 397/628/397
f 513/629/504 514/630/505 450/558/441
f 450/558/441 514/630/505 449/557/440
f 452/560/443 451/559/442 513/629/504
f 513/629/504 451/559/442 514/630/505
f 452/631/443 515/632/506 454/633/445
f 454/633/445 515/632/506 516/634/507
f 515/632/506 399/635/399 516/634/507
f 516/634/507 399/635/399 427/636/418
f 456/564/447 517/637/508 458/566/449
f 458/566/449 517/637/508 518/638/509
f 517/637/508 459/567/450 518/638/509
f 518/638/509 459/567/450 461/569/452
f 428/639/419 519/640/510 429/641/420
f 429/641/420 519/640/510 520/642/511
f 519/640/510 456/643/447 520/642/511
f 520/642/511 456/643/447 455/644/446
f 521/645/512 522/646/513 459/647/450
f 459/647/450 522/646/513 460/648/451
f 409/649/405 408/650/404 521/645/512
f 521/645/512 408/650/404 522/646/513
f 466/574/457 523/651/514 465/573/456
f 465/573/456 523/651/514 524/652/515
f 523/653/514 455/563/446 524/654/515
f 524/654/515 455/563/446 457/565/448
f 220/655/220 525/656/516 244/657/244
f 244/657/244 525/656/516 526/658/517
f 525/656/516 466/659/457 526/658/517
f 526/658/517 466/659/457 464/660/455
f 527/661/518 528/662/519 460/568/451
f 460/568/451 528/662/519 462/570/453
f 468/576/459 467/575/458 527/661/518
f 527/661/518 467/575/458 528/662/519
f 468/663/459 529/664/520 470/665/461
f 470/665/461 529/664/520 530/666/521
f 529/664/520 431/667/422 530/666/521
f 530/666/521 431/667/422 393/668/393
f 531/669/522 532/670/523 470/578/461
f 470/578/461 532/670/523 469/577/460
f 464/572/455 463/571/454 531/669/522
f 531/669/522 463/571/454 532/670/523
f 472/580/463 533/671/524 474/582/465
f 474/582/465 533/671/524 534/672/525
f 533/671/524 476/584/467 534/672/525
f 534/672/525 476/584/467 475/583/466
f 432/673/423 535/674/526 433/675/424
f 433/675/424 535/674/526 536/676/527
f 535/674/526 472/677/463 536/676/527
f 536/676/527 472/677/463 471/678/462
f 476/679/467 537/680/528 478/681/469
f 478/681/469 537/680/528 538/682/529
f 537/680/528 412/683/408 538/682/529
f 538/682/529 412/683/408 413/684/409
f 480/588/471 539/685/530 482/590/473
f 482/590/473 539/685/530 540/686/531
f 539/687/530 471/579/462 540/688/531
f 540/688/531 471/579/462 473/581/464
f 541/689/532 542/690/533 389/691/389
f 389/691/389 542/690/533 243/692/243
f 480/693/471 479/694/470 541/689/532
f 541/689/532 479/694/470 542/690/533
f 543/695/534 544/696/535 478/586/469
f 478/586/469 544/696/535 477/585/468
f 484/592/475 483/591/474 543/695/534
f 543/695/534 483/591/474 544/696/535
f 484/697/475 545/698/536 486/699/477
f 486/699/477 545/698/536 546/700/537
f 545/698/536 414/701/410 546/700/537
f 546/700/537 414/701/410 434/702/425
f 488/596/479 547/703/538 490/598/481
f 490/598/481 547/703/538 548/704/539
f 547/703/538 491/599/482 548/704/539
f 548/704/539 491/599/482 493/601/484
f 435/705/426 549/706/540 233/707/233
f 233/707/233 549/706/540 550/708/541
f 549/706/540 488/709/479 550/708/541
f 550/708/541 488/709/479 487/710/478
f 551/711/542 552/712/543 491/713/482
f 491/713/482 552/712/543 492/714/483
f 424/715/415 423/716/414 551/711/542
f 551/711/542 423/716/414 552/712/543
f 553/717/544 554/718/545 492/600/483
f 492/600/483 554/718/545 494/602/485
f 496/604/487 495/603/486 553/717/544
f 553/717/544 495/603/486 554/718/545
f 496/719/487 555/720/546 498/721/489
f 498/721/489 555/720/546 556/722/547
f 555/720/546 438/723/429 556/722/547
f 556/722/547 438/723/429 436/724/427
f 500/608/491 557/725/548 502/610/493
f 502/610/493 557/725/548 558/726/549
f 557/725/548 443/551/434 558/726/549
f 558/726/549 443/551/434 445/553/436
f 559/727/550 560/728/551 230/729/230
f 230/729/230 560/728/551 229/730/229
f 500/731/491 499/732/490 559/727/550
f 559/727/550 499/732/490 560/728/551
f 561/733/552 562/734/553 454/562/445
f 454/562/445 562/734/553 453/561/444
f 499/607/490 501/609/492 561/735/552
f 561/735/552 501/609/492 562/736/553
f 563/737/554 564/738/555 486/594/477
f 486/594/477 564/738/555 485/593/476
f 479/587/470 481/589/472 563/737/554
f 563/737/554 481/589/472 564/738/555
f 506/614/497 565/739/556 505/613/496
f 505/613/496 565/739/556 566/740/557
f 565/739/556 487/595/478 566/740/557
f 566/740/557 487/595/478 489/597/480
f 396/741/396 567/742/558 232/743/232
f 232/743/232 567/742/558 568/744/559
f 567/742/558 506/745/497 568/744/559
f 568/744/559 506/745/497 504/746/495
f 569/747/560 570/748/561 498/606/489
f 498/606/489 570/748/561 497/605/488
f 504/612/495 503/611/494 569/749/560
f 569/749/560 503/611/494 570/750/561
f 511/624/502 448/623/439 571/751/562
f 571/751/562 448/623/439 507/752/498
f 444/621/435 509/618/500 507/752/498
f 507/752/498 509/618/500 571/751/562
f 509/618/500 439/617/430 571/751/562
f 571/751/562 439/617/430 426/753/417
f 398/627/398 511/624/502 426/753/417
f 426/753/417 511/624/502 571/751/562
f 452/631/443 513/754/504 515/632/506
f 515/632/506 513/754/504 572/755/563
f 513/754/504 450/625/441 572/755/563
f 572/755/563 450/625/441 512/626/503
f 397/628/397 400/756/400 512/626/503
f 512/626/503 400/756/400 572/755/563
f 400/756/400 399/635/399 572/755/563
f 572/755/563 399/635/399 515/632/506
f 521/645/512 459/647/450 573/757/564
f 573/757/564 459/647/450 517/758/508
f 456/643/447 519/640/510 517/758/508
f 517/758/508 519/640/510 573/757/564
f 519/640/510 428/639/419 573/757/564
f 573/757/564 428/639/419 440/759/431
f 409/649/405 521/645/512 440/759/431
f 440/759/431 521/645/512 573/757/564
f 455/644/446 523/760/514 520/642/511
f 520/642/511 523/760/514 574/761/565
f 523/760/514 466/659/457 574/761/565
f 574/761/565 466/659/457 525/656/516
f 220/655/220 219/762/219 525/656/516
f 525/656/516 219/762/219 574/761/565
f 219/762/219 429/641/420 574/761/565
f 574/761/565 429/641/420 520/642/511
f 468/663/459 527/763/518 529/664/520
f 529/664/520 527/763/518 575/764/566
f 527/763/518 460/648/451 575/764/566
f 575/764/566 460/648/451 522/646/513
f 408/650/404 410/765/406 522/646/513
f 522/646/513 410/765/406 575/764/566
f 410/765/406 431/667/422 575/764/566
f 575/764/566 431/667/422 529/664/520
f 526/658/517 464/660/455 576/766/567
f 576/766/567 464/660/455 531/767/522
f 470/665/461 530/666/521 531/767/522
f 531/767/522 530/666/521 576/766/567
f 530/666/521 393/668/393 576/766/567
f 576/766/567 393/668/393 395/768/395
f 244/657/244 526/658/517 395/768/395
f 395/768/395 526/658/517 576/766/567
f 537/680/528 476/679/467 577/769/568
f 577/769/568 476/679/467 533/770/524
f 472/677/463 535/674/526 533/770/524
f 533/770/524 535/674/526 577/769/568
f 535/674/526 432/673/423 577/769/568
f 577/769/568 432/673/423 411/771/407
f 412/683/408 537/680/528 411/771/407
f 411/771/407 537/680/528 577/769/568
f 471/678/462 539/772/530 536/676/527
f 536/676/527 539/772/530 578/773/569
f 539/772/530 480/693/471 578/773/569
f 578/773/569 480/693/471 541/689/532
f 389/691/389 441/774/432 541/689/532
f 541/689/532 441/774/432 578/773/569
f 441/774/432 433/675/424 578/773/569
f 578/773/569 433/675/424 536/676/527
f 484/697/475 543/775/534 545/698/536
f 545/698/536 543/775/534 579/776/570
f 543/775/534 478/681/469 579/776/570
f 579/776/570 478/681/469 538/682/529
f 413/684/409 415/777/411 538/682/529
f 538/682/529 415/777/411 579/776/570
f 415/777/411 414/701/410 579/776/570
f 579/776/570 414/701/410 545/698/536
f 551/711/542 491/713/482 580/778/571
f 580/778/571 491/713/482 547/779/538
f 488/709/479 549/706/540 547/779/538
f 547/779/538 549/706/540 580/778/571
f 549/706/540 435/705/426 580/778/571
f 580/778/571 435/705/426 442/780/433
f 424/715/415 551/711/542 442/780/433
f 442/780/433 551/711/542 580/778/571
f 496/719/487 553/781/544 555/720/546
f 555/720/546 553/781/544 581/782/572
f 553/781/544 492/714/483 581/782/572
f 581/782/572 492/714/483 552/712/543
f 423/716/414 425/783/416 552/712/543
f 552/712/543 425/783/416 581/782/572
f 425/783/416 438/723/429 581/782/572
f 581/782/572 438/723/429 555/720/546
f 443/622/434 557/784/548 510/620/501
f 510/620/501 557/784/548 582/785/573
f 557/784/548 500/731/491 582/785/573
f 582/785/573 500/731/491 559/727/550
f 230/729/230 391/786/391 559/727/550
f 559/727/550 391/786/391 582/785/573
f 391/786/391 390/619/390 582/785/573
f 582/785/573 390/619/390 510/620/501
f 560/728/551 499/732/490 583/787/574
f 583/787/574 499/732/490 561/788/552
f 454/633/445 516/634/507 561/788/552
f 561/788/552 516/634/507 583/787/574
f 516/634/507 427/636/418 583/787/574
f 583/787/574 427/636/418 228/789/228
f 229/730/229 560/728/551 228/789/228
f 228/789/228 560/728/551 583/787/574
f 542/690/533 479/694/470 584/790/575
f 584/790/575 479/694/470 563/791/554
f 486/699/477 546/700/537 563/791/554
f 563/791/554 546/700/537 584/790/575
f 546/700/537 434/702/425 584/790/575
f 584/790/575 434/702/425 242/792/242
f 243/692/243 542/690/533 242/792/242
f 242/792/242 542/690/533 584/790/575
f 487/710/478 565/793/556 550/708/541
f 550/708/541 565/793/556 585/794/576
f 565/793/556 506/745/497 585/794/576
f 585/794/576 506/745/497 567/742/558
f 396/741/396 234/795/234 567/742/558
f 567/742/558 234/795/234 585/794/576
f 234/795/234 233/707/233 585/794/576
f 585/794/576 233/707/233 550/708/541
f 568/744/559 504/746/495 586/796/577
f 586/796/577 504/746/495 569/797/560
f 498/721/489 556/722/547 569/797/560
f 569/797/560 556/722/547 586/796/577
f 556/722/547 436/724/427 586/796/577
f 586/796/577 436/724/427 231/798/231
f 232/743/232 568/744/559 231/798/231
f 231/798/231 568/744/559 586/796/577
f 400/507/400 397/504/397 334/401/334
f 334/401/334 397/504/397 336/404/336
f 427/535/418 227/282/227 228/283/228
f 56/66/56 228/283/228 227/282/227
f 391/498/391 230/285/230 70/83/70
f 70/83/70 230/285/230 64/76/64
f 436/544/427 392/499/392 231/286/231
f 70/83/70 231/286/231 392/499/392
f 234/289/234 396/503/396 80/95/80
f 78/93/78 80/95/80 396/503/396
f 439/547/430 437/545/428 426/534/417
f 341/410/341 426/534/417 437/545/428
f 438/546/429 425/533/416 437/545/428
f 437/545/428 425/533/416 341/410/341
f 435/543/426 422/530/413 442/550/433
f 346/419/346 442/550/433 422/530/413
f 415/523/411 413/521/409 358/437/358
f 358/437/358 413/521/409 360/440/360
f 434/542/425 241/296/241 242/297/242
f 104/126/104 242/297/242 241/296/241
f 441/549/432 389/496/389 117/141/117
f 117/141/117 389/496/389 116/140/116
f 395/502/395 117/141/117 244/299/244
f 117/141/117 121/148/121 244/299/244
f 432/540/423 430/538/421 411/519/407
f 364/446/364 411/519/407 430/538/421
f 431/539/422 410/518/406 430/538/421
f 430/538/421 410/518/406 364/446/364
f 428/536/419 407/515/403 440/548/431
f 322/381/322 440/548/431 407/515/403
f 429/537/420 219/273/219 221/275/221
f 219/273/219 32/32/32 221/275/221
s off
g IchigoAme_Pot_Handle_ASG
v -1.30523 0.039867 0.269598
v -1.36456 0.079024 0.264637
v -1.31434 0.024732 0.161409
v -1.37546 0.068963 0.160267
v -1.39638 0.130504 0.266693
v -1.41162 0.129584 0.160589
v -1.39004 0.183016 0.270411
v -1.4052 0.187904 0.160143
v -1.26003 0.141093 0.390078
v -1.27354 0.095267 0.375124
v -1.233 0.132378 0.390078
v -1.24881 0.087293 0.375124
v -1.28889 0.067724 0.349705
v -1.25244 0.05597 0.349705
v -1.25546 0.023819 0.269598
v -1.10299 0.090455 0.270411
v -1.12852 0.044129 0.266693
v -1.08783 0.085567 0.160143
v -1.11669 0.034481 0.160589
v -1.18442 0.020939 0.264637
v -1.18145 0.006404 0.160267
v -1.2569 0.00621 0.161409
v -1.36451 0.229342 0.266693
v -1.37635 0.238989 0.160589
v -1.30861 0.252533 0.264637
v -1.31158 0.267067 0.160267
v -1.23758 0.249653 0.269598
v -1.23613 0.267262 0.161409
v -1.24059 0.217502 0.349705
v -1.18781 0.233604 0.269598
v -1.20414 0.205748 0.349705
v -1.24423 0.186179 0.375124
v -1.21949 0.178204 0.375124
v -1.12847 0.194448 0.264637
v -1.1787 0.24874 0.161409
v -1.11757 0.204508 0.160267
v -1.09665 0.142968 0.266693
v -1.08141 0.143887 0.160589
v -1.26275 0.141969 -0.388594
v -1.24423 0.186179 -0.37512
v -1.23029 0.131502 -0.388594
v -1.21949 0.178204 -0.37512
v -1.24029 0.217397 -0.349869
v -1.20445 0.205842 -0.349869
v -1.23736 0.249594 -0.269722
v -1.18802 0.233685 -0.269722
v -1.30501 0.039787 -0.269722
v -1.28858 0.06763 -0.349869
v -1.25567 0.023878 -0.269722
v -1.25275 0.056075 -0.349869
v -1.27354 0.095267 -0.37512
v -1.24881 0.087293 -0.37512
v -1.35614 0.172082 0.353205
v -1.36261 0.128611 0.346203
v -1.34206 0.097979 0.344017
v -1.32531 0.117783 0.367603
v -1.31493 0.158794 0.378382
v -1.19161 0.049469 0.344017
v -1.15704 0.062323 0.346203
v -1.1369 0.101388 0.353205
v -1.19363 0.075322 0.367603
v -1.17811 0.114676 0.378382
v -1.30142 0.224003 0.344017
v -1.336 0.211149 0.346203
v -1.2994 0.198152 0.367603
v -1.13042 0.144861 0.346203
v -1.15098 0.175493 0.344017
v -1.16772 0.155691 0.367603
v -1.2994 0.198152 -0.367599
v -1.31624 0.159218 -0.377268
v -1.336 0.211149 -0.346199
v -1.35672 0.172271 -0.352383
v -1.39029 0.183095 -0.269863
v -1.36451 0.229342 -0.266689
v -1.30851 0.252512 -0.264723
v -1.30128 0.223955 -0.344131
v -1.09665 0.142968 -0.266689
v -1.10275 0.090376 -0.269863
v -1.13042 0.144861 -0.346199
v -1.13631 0.101201 -0.352383
v -1.17679 0.114253 -0.377268
v -1.16772 0.155691 -0.367599
v -1.15112 0.175533 -0.344131
v -1.12857 0.194489 -0.264723
v -1.34192 0.097939 -0.344131
v -1.36447 0.078982 -0.264723
v -1.36261 0.128611 -0.346199
v -1.39638 0.130504 -0.266689
v -1.32531 0.117783 -0.367599
v -1.15704 0.062323 -0.346199
v -1.12852 0.044129 -0.266689
v -1.18453 0.020959 -0.264723
v -1.19175 0.049517 -0.344131
v -1.19363 0.075322 -0.367599
v -1.31162 0.267065 -0.160263
v -1.23621 0.267271 -0.161396
v -1.37635 0.238989 -0.160585
v -1.40519 0.187901 -0.160103
v -1.41162 0.129584 -0.160585
v -1.37549 0.068986 -0.160263
v -1.31441 0.02477 -0.161396
v -1.25682 0.006201 -0.161396
v -1.18142 0.006407 -0.160263
v -1.11669 0.034481 -0.160585
v -1.08784 0.08557 -0.160103
v -1.08141 0.143887 -0.160585
v -1.11754 0.204485 -0.160263
v -1.17863 0.248702 -0.161396
v -1.2353 0.272161 2e-06
v -1.17651 0.253204 2e-06
v -1.1121 0.206387 2e-06
v -1.07624 0.146962 2e-06
v -1.08295 0.083994 2e-06
v -1.11429 0.028965 2e-06
v -1.17811 0.001683 2e-06
v -1.25773 0.001311 2e-06
v -1.31652 0.020267 2e-06
v -1.38093 0.067085 2e-06
v -1.41679 0.126508 2e-06
v -1.41008 0.189476 2e-06
v -1.37875 0.244506 2e-06
v -1.31493 0.271788 2e-06
v 1.30522 0.039867 -0.269594
v 1.36456 0.079024 -0.264633
v 1.31434 0.024732 -0.161406
v 1.37546 0.068963 -0.160263
v 1.39638 0.130504 -0.266689
v 1.41162 0.129584 -0.160585
v 1.39004 0.183016 -0.270407
v 1.4052 0.187904 -0.160139
v 1.26003 0.141093 -0.390074
v 1.27354 0.095267 -0.37512
v 1.233 0.132378 -0.390074
v 1.24881 0.087293 -0.37512
v 1.28889 0.067724 -0.349701
v 1.25244 0.05597 -0.349701
v 1.25545 0.023819 -0.269594
v 1.10299 0.090455 -0.270407
v 1.12852 0.044129 -0.266689
v 1.08783 0.085567 -0.160139
v 1.11669 0.034481 -0.160585
v 1.18442 0.020939 -0.264633
v 1.18145 0.006404 -0.160263
v 1.2569 0.00621 -0.161406
v 1.36451 0.229342 -0.266689
v 1.37635 0.238989 -0.160585
v 1.30861 0.252533 -0.264633
v 1.31158 0.267067 -0.160263
v 1.23758 0.249653 -0.269594
v 1.23613 0.267262 -0.161406
v 1.24059 0.217502 -0.349701
v 1.18781 0.233604 -0.269594
v 1.20414 0.205748 -0.349701
v 1.24423 0.186179 -0.37512
v 1.21949 0.178204 -0.37512
v 1.12847 0.194448 -0.264633
v 1.17869 0.24874 -0.161406
v 1.11757 0.204508 -0.160263
v 1.09665 0.142968 -0.266689
v 1.08141 0.143887 -0.160585
v 1.26275 0.141969 0.388597
v 1.24423 0.186179 0.375124
v 1.23028 0.131502 0.388597
v 1.21949 0.178204 0.375124
v 1.24029 0.217397 0.349873
v 1.20445 0.205842 0.349873
v 1.23736 0.249594 0.269726
v 1.18802 0.233685 0.269726
v 1.30501 0.039787 0.269726
v 1.28858 0.06763 0.349873
v 1.25567 0.023878 0.269726
v 1.25274 0.056075 0.349873
v 1.27354 0.095267 0.375124
v 1.24881 0.087293 0.375124
v 1.35613 0.172082 -0.353201
v 1.36261 0.128611 -0.346199
v 1.34205 0.097979 -0.344013
v 1.32531 0.117783 -0.367599
v 1.31492 0.158794 -0.378378
v 1.19161 0.049469 -0.344013
v 1.15704 0.062323 -0.346199
v 1.1369 0.101388 -0.353201
v 1.19363 0.075322 -0.367599
v 1.17811 0.114676 -0.378378
v 1.30142 0.224003 -0.344013
v 1.33599 0.211149 -0.346199
v 1.2994 0.198152 -0.367599
v 1.13042 0.144861 -0.346199
v 1.15098 0.175493 -0.344013
v 1.16772 0.155691 -0.367599
v 1.2994 0.198152 0.367603
v 1.31624 0.159218 0.377272
v 1.33599 0.211149 0.346203
v 1.35672 0.172271 0.352386
v 1.39029 0.183095 0.269867
v 1.36451 0.229342 0.266693
v 1.30851 0.252512 0.264727
v 1.30128 0.223955 0.344135
v 1.09665 0.142968 0.266693
v 1.10275 0.090376 0.269867
v 1.13042 0.144861 0.346203
v 1.13631 0.101201 0.352386
v 1.17679 0.114253 0.377272
v 1.16772 0.155691 0.367603
v 1.15111 0.175533 0.344135
v 1.12857 0.194489 0.264727
v 1.34192 0.097939 0.344135
v 1.36446 0.078982 0.264727
v 1.36261 0.128611 0.346203
v 1.39638 0.130504 0.266693
v 1.32531 0.117783 0.367603
v 1.15704 0.062323 0.346203
v 1.12852 0.044129 0.266693
v 1.18452 0.020959 0.264727
v 1.19175 0.049517 0.344135
v 1.19363 0.075322 0.367603
v 1.31162 0.267065 0.160267
v 1.23621 0.267271 0.1614
v 1.37635 0.238989 0.160589
v 1.40519 0.187901 0.160107
v 1.41162 0.129584 0.160589
v 1.37549 0.068986 0.160267
v 1.3144 0.02477 0.1614
v 1.25682 0.006201 0.1614
v 1.18141 0.006407 0.160267
v 1.11669 0.034481 0.160589
v 1.08784 0.08557 0.160107
v 1.08141 0.143887 0.160589
v 1.11754 0.204485 0.160267
v 1.17862 0.248702 0.1614
v 1.2353 0.272161 2e-06
v 1.17651 0.253204 2e-06
v 1.1121 0.206387 2e-06
v 1.07624 0.146962 2e-06
v 1.08295 0.083994 2e-06
v 1.11429 0.028965 2e-06
v 1.17811 0.001683 2e-06
v 1.25773 0.001311 2e-06
v 1.31652 0.020267 2e-06
v 1.38093 0.067085 2e-06
v 1.41679 0.126508 2e-06
v 1.41008 0.189476 2e-06
v 1.37874 0.244506 2e-06
v 1.31492 0.271788 2e-06
vn -0.445205 -0.86262 0.240164
vn -0.691121 -0.688041 0.221249
vn -0.465295 -0.881685 0.078305
vn -0.723624 -0.686071 0.075331
vn -0.94629 -0.226028 0.231185
vn -0.969216 -0.234114 0.076228
vn -0.921188 0.297028 0.251371
vn -0.949178 0.306045 0.073471
vn -0.114409 0.036883 0.992749
vn -0.246348 -0.397507 0.883912
vn 0.114411 -0.036888 0.992748
vn -0.032256 -0.466538 0.883913
vn -0.398778 -0.779679 0.482781
vn -0.131787 -0.865768 0.482781
vn -0.142566 -0.960205 0.24017
vn 0.921186 -0.29704 0.251365
vn 0.636001 -0.736246 0.231181
vn 0.949174 -0.306056 0.073471
vn 0.64989 -0.756196 0.076227
vn 0.158997 -0.962169 0.22125
vn 0.186535 -0.979556 0.075331
vn -0.137405 -0.987415 0.078306
vn -0.636002 0.736243 0.231187
vn -0.649899 0.756188 0.076228
vn -0.158999 0.96217 0.221244
vn -0.186539 0.979555 0.07533
vn 0.142565 0.960207 0.240162
vn 0.1374 0.987416 0.078305
vn 0.131794 0.865772 0.482773
vn 0.445212 0.862615 0.24017
vn 0.398777 0.779677 0.482784
vn 0.032268 0.466536 0.883914
vn 0.246343 0.397505 0.883915
vn 0.691126 0.688036 0.221248
vn 0.465299 0.881683 0.078306
vn 0.723632 0.686063 0.075331
vn 0.946292 0.226023 0.231182
vn 0.969217 0.234113 0.076227
vn -0.111811 0.036053 -0.993075
vn 0.032104 0.453479 -0.890689
vn 0.11179 -0.036052 -0.993078
vn 0.238819 0.386817 -0.890696
vn 0.131254 0.865671 -0.483101
vn 0.399161 0.779278 -0.483111
vn 0.142349 0.960273 -0.240025
vn 0.445423 0.862545 -0.240029
vn -0.445424 -0.862545 -0.240029
vn -0.399157 -0.779281 -0.483108
vn -0.142353 -0.960272 -0.240029
vn -0.131256 -0.865668 -0.483105
vn -0.238841 -0.386816 -0.89069
vn -0.032114 -0.453483 -0.890686
vn -0.775526 0.250064 0.579679
vn -0.843579 -0.209525 0.494444
vn -0.60476 -0.666109 0.436537
vn -0.386335 -0.297211 0.873161
vn -0.302011 0.097369 0.948319
vn 0.101724 -0.893914 0.436543
vn 0.562273 -0.662851 0.494447
vn 0.775519 -0.250079 0.579682
vn 0.139929 -0.466913 0.873162
vn 0.302012 -0.097384 0.948317
vn -0.101715 0.893923 0.436526
vn -0.562284 0.662844 0.494444
vn -0.139934 0.466905 0.873166
vn 0.843584 0.209513 0.494439
vn 0.604752 0.666117 0.436536
vn 0.386329 0.297214 0.873163
vn -0.140992 0.459477 -0.876928
vn -0.305895 0.098627 -0.946943
vn -0.560698 0.664042 -0.494637
vn -0.779002 0.251193 -0.574507
vn -0.921607 0.297189 -0.249637
vn -0.634619 0.737457 -0.231118
vn -0.158496 0.962186 -0.221533
vn -0.101113 0.893859 -0.436797
vn 0.945879 0.227812 -0.231118
vn 0.921611 -0.297177 -0.249637
vn 0.842986 0.211439 -0.49464
vn 0.778998 -0.25119 -0.574513
vn 0.305878 -0.098635 -0.946948
vn 0.382825 0.290572 -0.876934
vn 0.604235 0.666409 -0.436805
vn 0.69073 0.688341 -0.221537
vn -0.604228 -0.666412 -0.436811
vn -0.690723 -0.688347 -0.22154
vn -0.842989 -0.211423 -0.49464
vn -0.945879 -0.227805 -0.231123
vn -0.382855 -0.290561 -0.876925
vn 0.560684 -0.664057 -0.494632
vn 0.634613 -0.737463 -0.231117
vn 0.158492 -0.962186 -0.221538
vn 0.101109 -0.893854 -0.43681
vn 0.140988 -0.459485 -0.876924
vn -0.186568 0.979541 -0.075441
vn 0.137266 0.987435 -0.078293
vn -0.649579 0.756475 -0.076109
vn -0.949201 0.306061 -0.073102
vn -0.969129 -0.234511 -0.076111
vn -0.723639 -0.686044 -0.07544
vn -0.465415 -0.881623 -0.078291
vn -0.13727 -0.987435 -0.078293
vn 0.186562 -0.979542 -0.075441
vn 0.64958 -0.756474 -0.076112
vn 0.949201 -0.306061 -0.073104
vn 0.96913 0.234511 -0.076111
vn 0.723645 0.686037 -0.075441
vn 0.465415 0.881623 -0.078292
vn 0.135073 0.990836 -2.2e-05
vn 0.469181 0.883102 -2.2e-05
vn 0.731293 0.682064 1.9e-05
vn 0.970928 0.239371 7e-06
vn 0.951748 -0.306881 -1.4e-05
vn 0.648215 -0.761457 6e-06
vn 0.195096 -0.980784 1.9e-05
vn -0.135077 -0.990835 -2.1e-05
vn -0.469179 -0.883103 -2.1e-05
vn -0.731286 -0.682071 1.9e-05
vn -0.970928 -0.239371 6e-06
vn -0.951751 0.306871 -1.5e-05
vn -0.648214 0.761458 6e-06
vn -0.195101 0.980783 1.9e-05
vn 0.445211 -0.862617 -0.240164
vn 0.691116 -0.688047 -0.221247
vn 0.465295 -0.881685 -0.078305
vn 0.723623 -0.686072 -0.075331
vn 0.946287 -0.226041 -0.231184
vn 0.96922 -0.234099 -0.076227
vn 0.921188 0.297031 -0.251367
vn 0.949173 0.306062 -0.073469
vn 0.114423 0.036889 -0.992747
vn 0.246374 -0.397501 -0.883908
vn -0.114403 -0.036894 -0.992749
vn 0.032276 -0.466534 -0.883914
vn 0.398785 -0.77968 -0.482772
vn 0.1318 -0.865765 -0.482783
vn 0.142571 -0.960205 -0.240168
vn -0.921184 -0.297047 -0.251363
vn -0.635993 -0.736253 -0.23118
vn -0.949172 -0.306063 -0.07347
vn -0.649892 -0.756195 -0.076227
vn -0.158993 -0.96217 -0.221249
vn -0.18653 -0.979557 -0.07533
vn 0.137404 -0.987415 -0.078305
vn 0.635996 0.73625 -0.231183
vn 0.649896 0.756191 -0.076226
vn 0.158998 0.96217 -0.221245
vn 0.186538 0.979555 -0.075329
vn -0.142569 0.960205 -0.240168
vn -0.137403 0.987415 -0.078306
vn -0.131795 0.865767 -0.482781
vn -0.445207 0.862619 -0.240166
vn -0.398777 0.779684 -0.482773
vn -0.032275 0.466536 -0.883913
vn -0.246356 0.397503 -0.883912
vn -0.691115 0.688048 -0.221246
vn -0.465296 0.881685 -0.078306
vn -0.723622 0.686073 -0.075331
vn -0.94629 0.226032 -0.231181
vn -0.969222 0.234091 -0.076227
vn 0.111801 0.036048 0.993077
vn -0.032118 0.453471 0.890692
vn -0.111796 -0.036047 0.993077
vn -0.238835 0.386818 0.890691
vn -0.131264 0.865664 0.483111
vn -0.399162 0.779279 0.483109
vn -0.142351 0.960272 0.240028
vn -0.445417 0.862548 0.240029
vn 0.44542 -0.862548 0.240028
vn 0.399157 -0.779282 0.483109
vn 0.142355 -0.960271 0.240031
vn 0.131261 -0.865661 0.483116
vn 0.238839 -0.386832 0.890684
vn 0.032113 -0.453475 0.890691
vn 0.775523 0.250066 -0.579681
vn 0.843571 -0.209564 -0.494441
vn 0.604754 -0.666117 -0.436532
vn 0.386331 -0.297214 -0.873162
vn 0.30201 0.097384 -0.948318
vn -0.101723 -0.893913 -0.436545
vn -0.562277 -0.66286 -0.49443
vn -0.775524 -0.250073 -0.579678
vn -0.139948 -0.466902 -0.873165
vn -0.302024 -0.097389 -0.948313
vn 0.101719 0.893914 -0.436544
vn 0.562268 0.662865 -0.494434
vn 0.139933 0.466906 -0.873165
vn -0.843576 0.209533 -0.494444
vn -0.604756 0.666115 -0.436532
vn -0.386333 0.297193 -0.873168
vn 0.140971 0.459473 0.876933
vn 0.305884 0.098628 0.946946
vn 0.560704 0.664036 0.494638
vn 0.779005 0.251184 0.574506
vn 0.921613 0.297172 0.249637
vn 0.634623 0.737454 0.231118
vn 0.158492 0.962187 0.221532
vn 0.1011 0.893858 0.436803
vn -0.945876 0.227825 0.231116
vn -0.921608 -0.29719 0.249633
vn -0.842991 0.211411 0.494642
vn -0.778993 -0.251203 0.574515
vn -0.305881 -0.098634 0.946947
vn -0.382856 0.29056 0.876924
vn -0.604228 0.666419 0.4368
vn -0.690716 0.688357 0.221533
vn 0.604219 -0.666422 0.436807
vn 0.690707 -0.688365 0.221536
vn 0.842987 -0.211425 0.494644
vn 0.945876 -0.227818 0.231123
vn 0.382852 -0.290576 0.876921
vn -0.560682 -0.664054 0.49464
vn -0.634611 -0.737465 0.231115
vn -0.158491 -0.962186 0.221538
vn -0.101106 -0.893853 0.436812
vn -0.140978 -0.459471 0.876933
vn 0.186567 0.979541 0.075441
vn -0.137264 0.987436 0.078292
vn 0.649576 0.756477 0.07611
vn 0.949199 0.306068 0.073103
vn 0.969126 -0.234524 0.076111
vn 0.723634 -0.686049 0.07544
vn 0.465414 -0.881624 0.078291
vn 0.137267 -0.987435 0.078292
vn -0.186561 -0.979543 0.075441
vn -0.649572 -0.756481 0.076111
vn -0.949199 -0.306067 0.073104
vn -0.969126 0.234527 0.07611
vn -0.72364 0.686043 0.075441
vn -0.465413 0.881624 0.078292
vn -0.135073 0.990836 2.2e-05
vn -0.469179 0.883103 2.2e-05
vn -0.731291 0.682065 -1.9e-05
vn -0.970932 0.239357 -7e-06
vn -0.951747 -0.306883 1.4e-05
vn -0.648214 -0.761458 -6e-06
vn -0.195093 -0.980785 -1.9e-05
vn 0.135075 -0.990835 2.1e-05
vn 0.46918 -0.883103 2.1e-05
vn 0.73129 -0.682067 -1.9e-05
vn 0.97093 -0.239365 -6e-06
vn 0.951744 0.306892 1.5e-05
vn 0.64821 0.761462 -6e-06
vn 0.195102 0.980783 -1.8e-05
vt 0.141001 0.14238
vt 0.185541 0.150696
vt 0.135497 0.210379
vt 0.179045 0.213127
vt 0.222139 0.153863
vt 0.217796 0.214747
vt 0.253629 0.153464
vt 0.248728 0.215549
vt 0.365409 0.058523
vt 0.366438 0.029381
vt 0.381209 0.059087
vt 0.382258 0.029949
vt 0.362094 0.003968
vt 0.388429 0.004889
vt 0.146871 0.08168
vt 0.11754 0.078427
vt 0.106958 0.13879
vt 0.485771 0.148907
vt 0.516843 0.143386
vt 0.495987 0.211476
vt 0.52954 0.207683
vt 0.059082 0.136772
vt 0.051322 0.206977
vt 0.017328 0.128495
vt 0.004045 0.203993
vt 0.099085 0.208632
vt 0.284154 0.157193
vt 0.280188 0.216265
vt 0.318172 0.159261
vt 0.317226 0.216645
vt 0.357382 0.15751
vt 0.356355 0.216088
vt 0.360838 0.108624
vt 0.385645 0.157589
vt 0.38281 0.109212
vt 0.365039 0.086548
vt 0.379747 0.087027
vt 0.424228 0.159203
vt 0.387512 0.215848
vt 0.426714 0.215612
vt 0.457019 0.156155
vt 0.463999 0.213932
vt 0.35858 0.533131
vt 0.361194 0.506223
vt 0.377185 0.533396
vt 0.375406 0.506452
vt 0.35828 0.484856
vt 0.379122 0.485225
vt 0.356553 0.438022
vt 0.383597 0.43866
vt 0.157423 0.462601
vt 0.170982 0.517415
vt 0.126268 0.470081
vt 0.144849 0.525025
vt 0.354659 0.58569
vt 0.359867 0.561345
vt 0.379737 0.586012
vt 0.375166 0.561548
vt 0.260151 0.092943
vt 0.223606 0.094991
vt 0.193606 0.09223
vt 0.322002 0.011653
vt 0.331572 0.031981
vt 0.331244 0.05845
vt 0.299656 0.058391
vt 0.303221 0.028783
vt 0.071275 0.077297
vt 0.044638 0.070209
vt 0.498726 0.091657
vt 0.470825 0.09631
vt 0.445357 0.034132
vt 0.44648 0.063884
vt 0.41684 0.035085
vt 0.415154 0.061455
vt 0.427944 0.015516
vt 0.322256 0.106331
vt 0.295716 0.102283
vt 0.30275 0.0884
vt 0.331284 0.084923
vt 0.444262 0.106589
vt 0.42034 0.109193
vt 0.413127 0.087647
vt 0.440942 0.093272
vt 0.32862 0.506104
vt 0.326287 0.531535
vt 0.30137 0.501299
vt 0.29621 0.52995
vt 0.266793 0.495188
vt 0.259499 0.441843
vt 0.296186 0.487323
vt 0.287286 0.437193
vt 0.319136 0.435587
vt 0.321176 0.485179
vt 0.453342 0.442134
vt 0.481468 0.44992
vt 0.439039 0.490247
vt 0.464977 0.500819
vt 0.439401 0.531875
vt 0.409403 0.532681
vt 0.434941 0.503241
vt 0.407731 0.507331
vt 0.415625 0.486809
vt 0.42127 0.438182
vt 0.210703 0.501784
vt 0.197725 0.450464
vt 0.23609 0.496189
vt 0.230893 0.444023
vt 0.298603 0.55873
vt 0.326213 0.55715
vt 0.316038 0.576331
vt 0.492106 0.506994
vt 0.511836 0.456791
vt 0.041957 0.492076
vt 0.080919 0.478331
vt 0.076403 0.543751
vt 0.101026 0.533223
vt 0.418537 0.577629
vt 0.40886 0.55822
vt 0.436322 0.560497
vt 0.318498 0.381181
vt 0.356349 0.38159
vt 0.283104 0.382283
vt 0.253461 0.384206
vt 0.223355 0.387484
vt 0.18635 0.39192
vt 0.144873 0.398593
vt 0.109891 0.404261
vt 0.063807 0.411646
vt 0.018087 0.420782
vt 0.526656 0.393673
vt 0.493519 0.388828
vt 0.461951 0.385512
vt 0.42525 0.382972
vt 0.386802 0.382091
vt 0.356733 0.299506
vt 0.388109 0.29949
vt 0.428995 0.29971
vt 0.465406 0.300047
vt 0.499696 0.300483
vt 0.535537 0.301
vt 0.003943 0.313136
vt 0.049457 0.310298
vt 0.098616 0.30745
vt 0.13477 0.305529
vt 0.179196 0.303544
vt 0.21607 0.30224
vt 0.248539 0.301332
vt 0.281145 0.300421
vt 0.316414 0.299794
vt 0.841742 0.875646
vt 0.797349 0.864151
vt 0.851842 0.807162
vt 0.808329 0.801245
vt 0.760856 0.858205
vt 0.769629 0.796574
vt 0.72954 0.856208
vt 0.738721 0.793196
vt 0.612171 0.941554
vt 0.609219 0.970482
vt 0.596509 0.939975
vt 0.59354 0.968866
vt 0.611827 0.996032
vt 0.585722 0.993322
vt 0.831726 0.9372
vt 0.861596 0.942306
vt 0.875948 0.881446
vt 0.498546 0.843745
vt 0.467397 0.847205
vt 0.492386 0.780973
vt 0.458777 0.782603
vt 0.924206 0.886359
vt 0.936202 0.816026
vt 0.965796 0.897042
vt 0.983493 0.821793
vt 0.888316 0.811384
vt 0.699604 0.848902
vt 0.707472 0.790407
vt 0.665869 0.844577
vt 0.670616 0.787603
vt 0.626733 0.8437
vt 0.631624 0.785547
vt 0.620046 0.892054
vt 0.598619 0.841741
vt 0.598211 0.890024
vt 0.614405 0.913704
vt 0.599804 0.912276
vt 0.560344 0.837581
vt 0.600594 0.783733
vt 0.561555 0.78136
vt 0.527542 0.838438
vt 0.52435 0.780592
vt 0.650407 0.470169
vt 0.646022 0.496732
vt 0.631926 0.468691
vt 0.631891 0.495591
vt 0.64749 0.518168
vt 0.62675 0.516451
vt 0.646139 0.564851
vt 0.61925 0.562454
vt 0.846973 0.55401
vt 0.838045 0.497561
vt 0.878848 0.548858
vt 0.865109 0.492387
vt 0.657778 0.41815
vt 0.65101 0.442037
vt 0.632858 0.416252
vt 0.635828 0.440838
vt 0.71555 0.916547
vt 0.753764 0.918017
vt 0.784479 0.923192
vt 0.652309 0.991135
vt 0.644139 0.970209
vt 0.646207 0.943859
vt 0.677682 0.945932
vt 0.672213 0.975245
vt 0.908704 0.945904
vt 0.93527 0.954356
vt 0.481903 0.899565
vt 0.509841 0.896842
vt 0.531194 0.960582
vt 0.532017 0.930992
vt 0.55955 0.96148
vt 0.562975 0.935412
vt 0.547262 0.980177
vt 0.658275 0.896894
vt 0.68443 0.902747
vt 0.676504 0.915872
vt 0.647909 0.917526
vt 0.536901 0.888485
vt 0.560867 0.887557
vt 0.566662 0.909507
vt 0.539363 0.902167
vt 0.678439 0.498955
vt 0.682443 0.473852
vt 0.705228 0.505496
vt 0.712195 0.477415
vt 0.739289 0.513988
vt 0.742977 0.567507
vt 0.709494 0.519826
vt 0.715019 0.570267
vt 0.683222 0.569731
vt 0.684472 0.520276
vt 0.550042 0.554385
vt 0.522626 0.544794
vt 0.56745 0.50759
vt 0.542383 0.495404
vt 0.569868 0.466039
vt 0.599799 0.467252
vt 0.572369 0.494881
vt 0.59973 0.49262
vt 0.5905 0.512518
vt 0.581716 0.560452
vt 0.795406 0.511121
vt 0.805388 0.563642
vt 0.769844 0.515051
vt 0.771536 0.567252
vt 0.711759 0.448688
vt 0.684228 0.448409
vt 0.695642 0.429963
vt 0.515875 0.487481
vt 0.492945 0.535971
vt 0.964101 0.533431
vt 0.924584 0.544091
vt 0.934184 0.479858
vt 0.909176 0.488276
vt 0.593827 0.421983
vt 0.602101 0.441899
vt 0.574929 0.437754
vt 0.680239 0.623907
vt 0.642594 0.620959
vt 0.715521 0.625157
vt 0.745106 0.625228
vt 0.775265 0.623939
vt 0.812756 0.622228
vt 0.854817 0.618497
vt 0.890151 0.615342
vt 0.936505 0.611201
vt 0.982401 0.60528
vt 0.47396 0.597585
vt 0.506562 0.604637
vt 0.537714 0.610034
vt 0.574076 0.614996
vt 0.612301 0.618436
vt 0.636752 0.702575
vt 0.605523 0.700487
vt 0.564781 0.697558
vt 0.528561 0.69479
vt 0.494445 0.692103
vt 0.458791 0.689197
vt 0.989753 0.712586
vt 0.944265 0.712682
vt 0.895042 0.712297
vt 0.858815 0.711728
vt 0.814467 0.710388
vt 0.777883 0.708749
vt 0.744571 0.7079
vt 0.712051 0.706694
vt 0.676922 0.704953
usemtl Handle_ASG
f 587/799/578 588/800/579 589/801/580
f 589/801/580 588/800/579 590/802/581
f 588/800/579 591/803/582 590/802/581
f 590/802/581 591/803/582 592/804/583
f 593/805/584 594/806/585 591/803/582
f 591/803/582 594/806/585 592/804/583
f 595/807/586 596/808/587 597/809/588
f 597/809/588 596/808/587 598/810/589
f 596/808/587 599/811/590 598/810/589
f 598/810/589 599/811/590 600/812/591
f 599/813/590 587/799/578 600/814/591
f 600/814/591 587/799/578 601/815/592
f 602/816/593 603/817/594 604/818/595
f 604/818/595 603/817/594 605/819/596
f 606/820/597 607/821/598 603/822/594
f 603/822/594 607/821/598 605/823/596
f 601/815/592 608/824/599 606/820/597
f 606/820/597 608/824/599 607/821/598
f 593/805/584 609/825/600 594/806/585
f 594/806/585 609/825/600 610/826/601
f 611/827/602 612/828/603 609/825/600
f 609/825/600 612/828/603 610/826/601
f 613/829/604 614/830/605 611/827/602
f 611/827/602 614/830/605 612/828/603
f 613/829/604 615/831/606 616/832/607
f 616/832/607 615/831/606 617/833/608
f 615/831/606 618/834/609 617/833/608
f 617/833/608 618/834/609 619/835/610
f 618/834/609 595/807/586 619/835/610
f 619/835/610 595/807/586 597/809/588
f 616/832/607 620/836/611 621/837/612
f 621/837/612 620/836/611 622/838/613
f 620/836/611 623/839/614 622/838/613
f 622/838/613 623/839/614 624/840/615
f 602/816/593 604/818/595 623/839/614
f 623/839/614 604/818/595 624/840/615
f 625/841/616 626/842/617 627/843/618
f 627/843/618 626/842/617 628/844/619
f 626/842/617 629/845/620 628/844/619
f 628/844/619 629/845/620 630/846/621
f 629/845/620 631/847/622 630/846/621
f 630/846/621 631/847/622 632/848/623
f 633/849/624 634/850/625 635/851/626
f 635/851/626 634/850/625 636/852/627
f 634/853/625 637/854/628 636/855/627
f 636/855/627 637/854/628 638/856/629
f 637/854/628 625/841/616 638/856/629
f 638/856/629 625/841/616 627/843/618
f 613/829/604 616/832/607 614/830/605
f 614/830/605 616/832/607 621/837/612
f 589/801/580 608/824/599 587/799/578
f 587/799/578 608/824/599 601/815/592
f 639/857/630 593/805/584 640/858/631
f 640/858/631 593/805/584 591/803/582
f 591/803/582 588/800/579 640/858/631
f 640/858/631 588/800/579 641/859/632
f 588/800/579 587/799/578 641/859/632
f 641/859/632 587/799/578 599/813/590
f 641/860/632 599/811/590 642/861/633
f 642/861/633 599/811/590 596/808/587
f 596/808/587 595/807/586 642/861/633
f 642/861/633 595/807/586 643/862/634
f 643/862/634 639/863/630 642/861/633
f 642/861/633 639/863/630 640/864/631
f 640/864/631 641/860/632 642/861/633
f 600/814/591 601/815/592 644/865/635
f 644/865/635 601/815/592 606/820/597
f 644/865/635 606/820/597 645/866/636
f 645/866/636 606/820/597 603/822/594
f 603/817/594 602/816/593 645/867/636
f 645/867/636 602/816/593 646/868/637
f 645/869/636 646/870/637 647/871/638
f 647/871/638 646/870/637 648/872/639
f 648/872/639 597/809/588 647/871/638
f 647/871/638 597/809/588 598/810/589
f 598/810/589 600/812/591 647/871/638
f 647/871/638 600/812/591 644/873/635
f 644/873/635 645/869/636 647/871/638
f 615/831/606 613/829/604 649/874/640
f 649/874/640 613/829/604 611/827/602
f 649/874/640 611/827/602 650/875/641
f 650/875/641 611/827/602 609/825/600
f 609/825/600 593/805/584 650/875/641
f 650/875/641 593/805/584 639/857/630
f 650/876/641 639/863/630 651/877/642
f 651/877/642 639/863/630 643/862/634
f 643/862/634 595/807/586 651/877/642
f 651/877/642 595/807/586 618/834/609
f 618/834/609 615/831/606 651/877/642
f 651/877/642 615/831/606 649/874/640
f 649/874/640 650/876/641 651/877/642
f 646/868/637 602/816/593 652/878/643
f 652/878/643 602/816/593 623/839/614
f 623/839/614 620/836/611 652/878/643
f 652/878/643 620/836/611 653/879/644
f 620/836/611 616/832/607 653/879/644
f 653/879/644 616/832/607 617/833/608
f 653/879/644 617/833/608 654/880/645
f 654/880/645 617/833/608 619/835/610
f 619/835/610 597/809/588 654/880/645
f 654/880/645 597/809/588 648/872/639
f 648/872/639 646/870/637 654/880/645
f 654/880/645 646/870/637 652/881/643
f 652/881/643 653/879/644 654/880/645
f 626/842/617 625/841/616 655/882/646
f 655/882/646 625/841/616 656/883/647
f 655/882/646 656/883/647 657/884/648
f 657/884/648 656/883/647 658/885/649
f 658/886/649 659/887/650 657/888/648
f 657/888/648 659/887/650 660/889/651
f 660/889/651 661/890/652 657/888/648
f 657/888/648 661/890/652 662/891/653
f 661/890/652 631/847/622 662/891/653
f 662/891/653 631/847/622 629/845/620
f 662/891/653 629/845/620 655/882/646
f 655/882/646 629/845/620 626/842/617
f 655/882/646 657/884/648 662/891/653
f 663/892/654 664/893/655 665/894/656
f 665/894/656 664/893/655 666/895/657
f 666/896/657 667/897/658 665/898/656
f 665/898/656 667/897/658 668/899/659
f 667/897/658 627/843/618 668/899/659
f 668/899/659 627/843/618 628/844/619
f 628/844/619 630/846/621 668/899/659
f 668/899/659 630/846/621 669/900/660
f 630/846/621 632/848/623 669/900/660
f 669/900/660 632/848/623 670/901/661
f 669/900/660 670/901/661 665/894/656
f 665/894/656 670/901/661 663/892/654
f 665/898/656 668/899/659 669/900/660
f 634/850/625 633/849/624 671/902/662
f 671/902/662 633/849/624 672/903/663
f 671/902/662 672/903/663 673/904/664
f 673/904/664 672/903/663 674/905/665
f 674/905/665 659/887/650 673/904/664
f 673/904/664 659/887/650 658/886/649
f 658/885/649 656/883/647 673/906/664
f 673/906/664 656/883/647 675/907/666
f 656/883/647 625/841/616 675/907/666
f 675/907/666 625/841/616 637/854/628
f 637/854/628 634/853/625 675/907/666
f 675/907/666 634/853/625 671/908/662
f 671/908/662 673/906/664 675/907/666
f 666/895/657 664/893/655 676/909/667
f 676/909/667 664/893/655 677/910/668
f 677/911/668 678/912/669 676/913/667
f 676/913/667 678/912/669 679/914/670
f 678/912/669 635/851/626 679/914/670
f 679/914/670 635/851/626 636/852/627
f 679/915/670 636/855/627 680/916/671
f 680/916/671 636/855/627 638/856/629
f 638/856/629 627/843/618 680/916/671
f 680/916/671 627/843/618 667/897/658
f 680/916/671 667/897/658 676/917/667
f 676/917/667 667/897/658 666/896/657
f 676/917/667 679/915/670 680/916/671
f 681/918/672 682/919/673 661/890/652
f 661/890/652 682/919/673 631/847/622
f 683/920/674 681/918/672 660/889/651
f 660/889/651 681/918/672 661/890/652
f 683/920/674 660/889/651 684/921/675
f 684/921/675 660/889/651 659/887/650
f 685/922/676 684/921/675 674/905/665
f 674/905/665 684/921/675 659/887/650
f 685/922/676 674/905/665 686/923/677
f 686/923/677 674/905/665 672/903/663
f 686/923/677 672/903/663 687/924/678
f 687/924/678 672/903/663 633/849/624
f 633/849/624 635/851/626 687/924/678
f 687/924/678 635/851/626 688/925/679
f 689/926/680 688/925/679 678/912/669
f 678/912/669 688/925/679 635/851/626
f 690/927/681 689/926/680 677/911/668
f 677/911/668 689/926/680 678/912/669
f 690/928/681 677/910/668 691/929/682
f 691/929/682 677/910/668 664/893/655
f 692/930/683 691/929/682 663/892/654
f 663/892/654 691/929/682 664/893/655
f 692/930/683 663/892/654 693/931/684
f 693/931/684 663/892/654 670/901/661
f 693/931/684 670/901/661 694/932/685
f 694/932/685 670/901/661 632/848/623
f 682/919/673 694/932/685 631/847/622
f 631/847/622 694/932/685 632/848/623
f 695/933/686 696/934/687 682/919/673
f 682/919/673 696/934/687 694/932/685
f 697/935/688 693/931/684 696/934/687
f 696/934/687 693/931/684 694/932/685
f 698/936/689 692/930/683 697/935/688
f 697/935/688 692/930/683 693/931/684
f 698/936/689 699/937/690 692/930/683
f 692/930/683 699/937/690 691/929/682
f 700/938/691 690/928/681 699/937/690
f 699/937/690 690/928/681 691/929/682
f 700/939/691 701/940/692 690/927/681
f 690/927/681 701/940/692 689/926/680
f 701/940/692 702/941/693 689/926/680
f 689/926/680 702/941/693 688/925/679
f 687/924/678 688/925/679 703/942/694
f 703/942/694 688/925/679 702/941/693
f 704/943/695 686/923/677 703/942/694
f 703/942/694 686/923/677 687/924/678
f 705/944/696 685/922/676 704/943/695
f 704/943/695 685/922/676 686/923/677
f 705/944/696 706/945/697 685/922/676
f 685/922/676 706/945/697 684/921/675
f 707/946/698 683/920/674 706/945/697
f 706/945/697 683/920/674 684/921/675
f 707/946/698 708/947/699 683/920/674
f 683/920/674 708/947/699 681/918/672
f 708/947/699 695/933/686 681/918/672
f 681/918/672 695/933/686 682/919/673
f 612/828/603 708/947/699 610/826/601
f 610/826/601 708/947/699 707/946/698
f 594/806/585 610/826/601 706/945/697
f 706/945/697 610/826/601 707/946/698
f 594/806/585 706/945/697 592/804/583
f 592/804/583 706/945/697 705/944/696
f 590/802/581 592/804/583 704/943/695
f 704/943/695 592/804/583 705/944/696
f 589/801/580 590/802/581 703/942/694
f 703/942/694 590/802/581 704/943/695
f 703/942/694 702/941/693 589/801/580
f 589/801/580 702/941/693 608/824/599
f 608/824/599 702/941/693 607/821/598
f 607/821/598 702/941/693 701/940/692
f 607/821/598 701/940/692 605/823/596
f 605/823/596 701/940/692 700/939/691
f 604/818/595 605/819/596 699/937/690
f 699/937/690 605/819/596 700/938/691
f 604/818/595 699/937/690 624/840/615
f 624/840/615 699/937/690 698/936/689
f 622/838/613 624/840/615 697/935/688
f 697/935/688 624/840/615 698/936/689
f 621/837/612 622/838/613 696/934/687
f 696/934/687 622/838/613 697/935/688
f 614/830/605 621/837/612 695/933/686
f 695/933/686 621/837/612 696/934/687
f 614/830/605 695/933/686 612/828/603
f 612/828/603 695/933/686 708/947/699
f 709/948/700 710/949/701 711/950/702
f 711/950/702 710/949/701 712/951/703
f 710/949/701 713/952/704 712/951/703
f 712/951/703 713/952/704 714/953/705
f 715/954/706 716/955/707 713/952/704
f 713/952/704 716/955/707 714/953/705
f 717/956/708 718/957/709 719/958/710
f 719/958/710 718/957/709 720/959/711
f 718/957/709 721/960/712 720/959/711
f 720/959/711 721/960/712 722/961/713
f 721/962/712 709/948/700 722/963/713
f 722/963/713 709/948/700 723/964/714
f 724/965/715 725/966/716 726/967/717
f 726/967/717 725/966/716 727/968/718
f 728/969/719 729/970/720 725/971/716
f 725/971/716 729/970/720 727/972/718
f 723/964/714 730/973/721 728/969/719
f 728/969/719 730/973/721 729/970/720
f 715/954/706 731/974/722 716/955/707
f 716/955/707 731/974/722 732/975/723
f 733/976/724 734/977/725 731/974/722
f 731/974/722 734/977/725 732/975/723
f 735/978/726 736/979/727 733/976/724
f 733/976/724 736/979/727 734/977/725
f 735/978/726 737/980/728 738/981/729
f 738/981/729 737/980/728 739/982/730
f 737/980/728 740/983/731 739/982/730
f 739/982/730 740/983/731 741/984/732
f 740/983/731 717/956/708 741/984/732
f 741/984/732 717/956/708 719/958/710
f 738/981/729 742/985/733 743/986/734
f 743/986/734 742/985/733 744/987/735
f 742/985/733 745/988/736 744/987/735
f 744/987/735 745/988/736 746/989/737
f 724/965/715 726/967/717 745/988/736
f 745/988/736 726/967/717 746/989/737
f 747/990/738 748/991/739 749/992/740
f 749/992/740 748/991/739 750/993/741
f 748/991/739 751/994/742 750/993/741
f 750/993/741 751/994/742 752/995/743
f 751/994/742 753/996/744 752/995/743
f 752/995/743 753/996/744 754/997/745
f 755/998/746 756/999/747 757/1000/748
f 757/1000/748 756/999/747 758/1001/749
f 756/1002/747 759/1003/750 758/1004/749
f 758/1004/749 759/1003/750 760/1005/751
f 759/1003/750 747/990/738 760/1005/751
f 760/1005/751 747/990/738 749/992/740
f 735/978/726 738/981/729 736/979/727
f 736/979/727 738/981/729 743/986/734
f 711/950/702 730/973/721 709/948/700
f 709/948/700 730/973/721 723/964/714
f 761/1006/752 715/954/706 762/1007/753
f 762/1007/753 715/954/706 713/952/704
f 713/952/704 710/949/701 762/1007/753
f 762/1007/753 710/949/701 763/1008/754
f 710/949/701 709/948/700 763/1008/754
f 763/1008/754 709/948/700 721/962/712
f 763/1009/754 721/960/712 764/1010/755
f 764/1010/755 721/960/712 718/957/709
f 718/957/709 717/956/708 764/1010/755
f 764/1010/755 717/956/708 765/1011/756
f 765/1011/756 761/1012/752 764/1010/755
f 764/1010/755 761/1012/752 762/1013/753
f 762/1013/753 763/1009/754 764/1010/755
f 722/963/713 723/964/714 766/1014/757
f 766/1014/757 723/964/714 728/969/719
f 766/1014/757 728/969/719 767/1015/758
f 767/1015/758 728/969/719 725/971/716
f 725/966/716 724/965/715 767/1016/758
f 767/1016/758 724/965/715 768/1017/759
f 767/1018/758 768/1019/759 769/1020/760
f 769/1020/760 768/1019/759 770/1021/761
f 770/1021/761 719/958/710 769/1020/760
f 769/1020/760 719/958/710 720/959/711
f 720/959/711 722/961/713 769/1020/760
f 769/1020/760 722/961/713 766/1022/757
f 766/1022/757 767/1018/758 769/1020/760
f 737/980/728 735/978/726 771/1023/762
f 771/1023/762 735/978/726 733/976/724
f 771/1023/762 733/976/724 772/1024/763
f 772/1024/763 733/976/724 731/974/722
f 731/974/722 715/954/706 772/1024/763
f 772/1024/763 715/954/706 761/1006/752
f 772/1025/763 761/1012/752 773/1026/764
f 773/1026/764 761/1012/752 765/1011/756
f 765/1011/756 717/956/708 773/1026/764
f 773/1026/764 717/956/708 740/983/731
f 740/983/731 737/980/728 773/1026/764
f 773/1026/764 737/980/728 771/1023/762
f 771/1023/762 772/1025/763 773/1026/764
f 768/1017/759 724/965/715 774/1027/765
f 774/1027/765 724/965/715 745/988/736
f 745/988/736 742/985/733 774/1027/765
f 774/1027/765 742/985/733 775/1028/766
f 742/985/733 738/981/729 775/1028/766
f 775/1028/766 738/981/729 739/982/730
f 775/1028/766 739/982/730 776/1029/767
f 776/1029/767 739/982/730 741/984/732
f 741/984/732 719/958/710 776/1029/767
f 776/1029/767 719/958/710 770/1021/761
f 770/1021/761 768/1019/759 776/1029/767
f 776/1029/767 768/1019/759 774/1030/765
f 774/1030/765 775/1028/766 776/1029/767
f 748/991/739 747/990/738 777/1031/768
f 777/1031/768 747/990/738 778/1032/769
f 777/1031/768 778/1032/769 779/1033/770
f 779/1033/770 778/1032/769 780/1034/771
f 780/1035/771 781/1036/772 779/1037/770
f 779/1037/770 781/1036/772 782/1038/773
f 782/1038/773 783/1039/774 779/1037/770
f 779/1037/770 783/1039/774 784/1040/775
f 783/1039/774 753/996/744 784/1040/775
f 784/1040/775 753/996/744 751/994/742
f 784/1040/775 751/994/742 777/1031/768
f 777/1031/768 751/994/742 748/991/739
f 777/1031/768 779/1033/770 784/1040/775
f 785/1041/776 786/1042/777 787/1043/778
f 787/1043/778 786/1042/777 788/1044/779
f 788/1045/779 789/1046/780 787/1047/778
f 787/1047/778 789/1046/780 790/1048/781
f 789/1046/780 749/992/740 790/1048/781
f 790/1048/781 749/992/740 750/993/741
f 750/993/741 752/995/743 790/1048/781
f 790/1048/781 752/995/743 791/1049/782
f 752/995/743 754/997/745 791/1049/782
f 791/1049/782 754/997/745 792/1050/783
f 791/1049/782 792/1050/783 787/1043/778
f 787/1043/778 792/1050/783 785/1041/776
f 787/1047/778 790/1048/781 791/1049/782
f 756/999/747 755/998/746 793/1051/784
f 793/1051/784 755/998/746 794/1052/785
f 793/1051/784 794/1052/785 795/1053/786
f 795/1053/786 794/1052/785 796/1054/787
f 796/1054/787 781/1036/772 795/1053/786
f 795/1053/786 781/1036/772 780/1035/771
f 780/1034/771 778/1032/769 795/1055/786
f 795/1055/786 778/1032/769 797/1056/788
f 778/1032/769 747/990/738 797/1056/788
f 797/1056/788 747/990/738 759/1003/750
f 759/1003/750 756/1002/747 797/1056/788
f 797/1056/788 756/1002/747 793/1057/784
f 793/1057/784 795/1055/786 797/1056/788
f 788/1044/779 786/1042/777 798/1058/789
f 798/1058/789 786/1042/777 799/1059/790
f 799/1060/790 800/1061/791 798/1062/789
f 798/1062/789 800/1061/791 801/1063/792
f 800/1061/791 757/1000/748 801/1063/792
f 801/1063/792 757/1000/748 758/1001/749
f 801/1064/792 758/1004/749 802/1065/793
f 802/1065/793 758/1004/749 760/1005/751
f 760/1005/751 749/992/740 802/1065/793
f 802/1065/793 749/992/740 789/1046/780
f 802/1065/793 789/1046/780 798/1066/789
f 798/1066/789 789/1046/780 788/1045/779
f 798/1066/789 801/1064/792 802/1065/793
f 803/1067/794 804/1068/795 783/1039/774
f 783/1039/774 804/1068/795 753/996/744
f 805/1069/796 803/1067/794 782/1038/773
f 782/1038/773 803/1067/794 783/1039/774
f 805/1069/796 782/1038/773 806/1070/797
f 806/1070/797 782/1038/773 781/1036/772
f 807/1071/798 806/1070/797 796/1054/787
f 796/1054/787 806/1070/797 781/1036/772
f 807/1071/798 796/1054/787 808/1072/799
f 808/1072/799 796/1054/787 794/1052/785
f 808/1072/799 794/1052/785 809/1073/800
f 809/1073/800 794/1052/785 755/998/746
f 755/998/746 757/1000/748 809/1073/800
f 809/1073/800 757/1000/748 810/1074/801
f 811/1075/802 810/1074/801 800/1061/791
f 800/1061/791 810/1074/801 757/1000/748
f 812/1076/803 811/1075/802 799/1060/790
f 799/1060/790 811/1075/802 800/1061/791
f 812/1077/803 799/1059/790 813/1078/804
f 813/1078/804 799/1059/790 786/1042/777
f 814/1079/805 813/1078/804 785/1041/776
f 785/1041/776 813/1078/804 786/1042/777
f 814/1079/805 785/1041/776 815/1080/806
f 815/1080/806 785/1041/776 792/1050/783
f 815/1080/806 792/1050/783 816/1081/807
f 816/1081/807 792/1050/783 754/997/745
f 804/1068/795 816/1081/807 753/996/744
f 753/996/744 816/1081/807 754/997/745
f 817/1082/808 818/1083/809 804/1068/795
f 804/1068/795 818/1083/809 816/1081/807
f 819/1084/810 815/1080/806 818/1083/809
f 818/1083/809 815/1080/806 816/1081/807
f 820/1085/811 814/1079/805 819/1084/810
f 819/1084/810 814/1079/805 815/1080/806
f 820/1085/811 821/1086/812 814/1079/805
f 814/1079/805 821/1086/812 813/1078/804
f 822/1087/813 812/1077/803 821/1086/812
f 821/1086/812 812/1077/803 813/1078/804
f 822/1088/813 823/1089/814 812/1076/803
f 812/1076/803 823/1089/814 811/1075/802
f 823/1089/814 824/1090/815 811/1075/802
f 811/1075/802 824/1090/815 810/1074/801
f 809/1073/800 810/1074/801 825/1091/816
f 825/1091/816 810/1074/801 824/1090/815
f 826/1092/817 808/1072/799 825/1091/816
f 825/1091/816 808/1072/799 809/1073/800
f 827/1093/818 807/1071/798 826/1092/817
f 826/1092/817 807/1071/798 808/1072/799
f 827/1093/818 828/1094/819 807/1071/798
f 807/1071/798 828/1094/819 806/1070/797
f 829/1095/820 805/1069/796 828/1094/819
f 828/1094/819 805/1069/796 806/1070/797
f 829/1095/820 830/1096/821 805/1069/796
f 805/1069/796 830/1096/821 803/1067/794
f 830/1096/821 817/1082/808 803/1067/794
f 803/1067/794 817/1082/808 804/1068/795
f 734/977/725 830/1096/821 732/975/723
f 732/975/723 830/1096/821 829/1095/820
f 716/955/707 732/975/723 828/1094/819
f 828/1094/819 732/975/723 829/1095/820
f 716/955/707 828/1094/819 714/953/705
f 714/953/705 828/1094/819 827/1093/818
f 712/951/703 714/953/705 826/1092/817
f 826/1092/817 714/953/705 827/1093/818
f 711/950/702 712/951/703 825/1091/816
f 825/1091/816 712/951/703 826/1092/817
f 825/1091/816 824/1090/815 711/950/702
f 711/950/702 824/1090/815 730/973/721
f 730/973/721 824/1090/815 729/970/720
f 729/970/720 824/1090/815 823/1089/814
f 729/970/720 823/1089/814 727/972/718
f 727/972/718 823/1089/814 822/1088/813
f 726/967/717 727/968/718 821/1086/812
f 821/1086/812 727/968/718 822/1087/813
f 726/967/717 821/1086/812 746/989/737
f 746/989/737 821/1086/812 820/1085/811
f 744/987/735 746/989/737 819/1084/810
f 819/1084/810 746/989/737 820/1085/811
f 743/986/734 744/987/735 818/1083/809
f 818/1083/809 744/987/735 819/1084/810
f 736/979/727 743/986/734 817/1082/808
f 817/1082/808 743/986/734 818/1083/809
f 736/979/727 817/1082/808 734/977/725
f 734/977/725 817/1082/808 830/1096/821
s off
g IchigoAme_Pot_TopSG
v 0.970723 0.320275 -0.315403
v 0.925033 0.26449 -0.300562
v 0.825749 0.320275 -0.599942
v 0.786872 0.26449 -0.571696
v 0.972625 0.26449 -7e-06
v 1.02068 0.320275 -7e-06
v 0.599954 0.320275 -0.825746
v 0.5717 0.26449 -0.786861
v 0.315414 0.320275 -0.970721
v 0.300574 0.26449 -0.925021
v 1e-05 0.320275 -1.02067
v 1e-05 0.26449 -0.972616
v -0.315383 0.320275 -0.970721
v -0.300543 0.26449 -0.925021
v -0.599923 0.320275 -0.825746
v -0.571679 0.26449 -0.786861
v -0.825726 0.320275 -0.599942
v -0.786842 0.26449 -0.571696
v -0.970702 0.320275 -0.315403
v -0.925002 0.26449 -0.300562
v -1.02065 0.320275 -7e-06
v -0.972594 0.26449 -7e-06
v -0.970702 0.320275 0.315395
v -0.925002 0.26449 0.300555
v -0.825726 0.320275 0.599934
v -0.786842 0.26449 0.571681
v -0.599923 0.320275 0.825734
v -0.571679 0.26449 0.786853
v -0.315383 0.320275 0.970706
v -0.300543 0.26449 0.925013
v 1e-05 0.320275 1.02066
v 1e-05 0.26449 0.972606
v 0.315414 0.320275 0.970706
v 0.300574 0.26449 0.925013
v 0.599954 0.320275 0.825734
v 0.5717 0.26449 0.786853
v 0.825749 0.320275 0.599934
v 0.786872 0.26449 0.571681
v 0.970723 0.320275 0.315395
v 0.925033 0.26449 0.300555
v 0.970723 0.394676 -0.315403
v 0.825749 0.394676 -0.599942
v 0.599954 0.394676 -0.825746
v 0.315414 0.394676 -0.970721
v 1e-05 0.394676 -1.02067
v -0.315383 0.394676 -0.970721
v -0.599923 0.394676 -0.825746
v -0.825726 0.394676 -0.599942
v -0.970702 0.394676 -0.315403
v -1.02065 0.394676 -7e-06
v -0.970702 0.394676 0.315395
v -0.825726 0.394676 0.599934
v -0.599923 0.394676 0.825734
v -0.315383 0.394676 0.970706
v 1e-05 0.394676 1.02066
v 0.315414 0.394676 0.970706
v 0.599954 0.394676 0.825734
v 0.825749 0.394676 0.599934
v 0.970723 0.394676 0.315395
v 1.02068 0.394676 -7e-06
v 1e-05 0.26449 -7e-06
v 0.903285 0.443052 -0.293496
v 0.64578 0.470613 -0.209827
v 0.949762 0.443054 -7e-06
v 0.679012 0.470613 -7e-06
v 0.549336 0.470613 -0.399112
v 0.768378 0.443054 -0.558258
v 0.903285 0.443052 0.293488
v 0.64578 0.470613 0.20982
v 0.399119 0.470613 -0.549326
v 0.558267 0.443055 -0.768367
v 0.209839 0.470613 -0.645771
v 0.293507 0.443053 -0.903276
v 1.2e-05 0.470613 -0.679002
v 1e-05 0.443054 -0.949753
v -0.209806 0.470613 -0.645771
v -0.293476 0.443054 -0.903276
v -0.399092 0.470613 -0.549326
v -0.558239 0.443055 -0.768367
v -0.549305 0.470613 -0.399112
v -0.768347 0.443055 -0.558258
v -0.64575 0.470613 -0.209827
v -0.903258 0.443053 -0.293496
v -0.678981 0.470613 -7e-06
v -0.949732 0.443054 -7e-06
v -0.64575 0.470613 0.20982
v -0.903258 0.443054 0.293488
v -0.549305 0.470613 0.3991
v -0.768347 0.443055 0.558248
v -0.399092 0.470613 0.549314
v -0.558239 0.443054 0.768357
v -0.209806 0.470613 0.645761
v -0.293476 0.443052 0.903266
v 1.2e-05 0.470613 0.678993
v 1e-05 0.443054 0.949743
v 0.209839 0.470613 0.645761
v 0.293507 0.443052 0.903266
v 0.399119 0.470613 0.549314
v 0.558267 0.443055 0.768357
v 0.549336 0.470613 0.3991
v 0.768376 0.443055 0.558248
v 1e-05 0.488421 -7e-06
vn 0.894151 -0.340721 -0.290523
vn 0.111659 -0.993084 -0.03628
vn 0.760604 -0.340762 -0.552597
vn 0.09498 -0.993085 -0.069007
vn 0.1174 -0.993085 0
vn 0.940165 -0.340721 0
vn 0.552601 -0.340791 -0.760588
vn 0.069007 -0.993085 -0.094978
vn 0.29051 -0.340766 -0.894138
vn 0.036279 -0.993084 -0.111659
vn 0 -0.340751 -0.940154
vn -0 -0.993085 -0.117399
vn -0.290514 -0.34076 -0.894139
vn -0.036279 -0.993084 -0.111658
vn -0.552598 -0.340781 -0.760594
vn -0.069008 -0.993084 -0.09498
vn -0.760594 -0.340782 -0.552598
vn -0.09498 -0.993085 -0.069007
vn -0.89414 -0.340762 -0.29051
vn -0.111659 -0.993084 -0.036279
vn -0.940154 -0.340751 0
vn -0.117399 -0.993085 0
vn -0.894139 -0.340766 0.290508
vn -0.111659 -0.993084 0.036279
vn -0.760589 -0.340792 0.552598
vn -0.094979 -0.993085 0.069006
vn -0.552596 -0.340771 0.7606
vn -0.069007 -0.993085 0.09498
vn -0.290519 -0.340731 0.894148
vn -0.03628 -0.993084 0.111659
vn 0 -0.340727 0.940162
vn -0 -0.993085 0.1174
vn 0.290515 -0.340737 0.894147
vn 0.03628 -0.993084 0.11166
vn 0.552599 -0.34078 0.760594
vn 0.069006 -0.993085 0.094978
vn 0.760599 -0.340772 0.552597
vn 0.094979 -0.993085 0.069006
vn 0.89415 -0.340726 0.290521
vn 0.11166 -0.993084 0.03628
vn 0.829582 0.489019 -0.269543
vn 0.705684 0.489036 -0.512692
vn 0.512697 0.489055 -0.705668
vn 0.26953 0.489048 -0.82957
vn 0 0.489041 -0.872261
vn -0.269534 0.489046 -0.829569
vn -0.512692 0.489057 -0.70567
vn -0.70567 0.489055 -0.512693
vn -0.829572 0.489043 -0.269531
vn -0.872263 0.489036 -0
vn -0.829573 0.489043 0.269529
vn -0.705668 0.489057 0.512695
vn -0.512688 0.489052 0.705676
vn -0.269538 0.489032 0.829576
vn 0 0.489028 0.872268
vn 0.269534 0.489032 0.829578
vn 0.512694 0.489048 0.705675
vn 0.705681 0.489041 0.512693
vn 0.829581 0.489022 0.269541
vn 0.872271 0.489023 0
vn 0 -1 0
vn 0.230953 0.970067 -0.07504
vn 0.062908 0.99781 -0.020439
vn 0.242821 0.970071 0
vn 0.066145 0.99781 0
vn 0.053512 0.99781 -0.038877
vn 0.196451 0.97007 -0.142726
vn 0.230955 0.970066 0.07504
vn 0.062908 0.99781 0.020439
vn 0.038877 0.99781 -0.053511
vn 0.142725 0.970072 -0.196444
vn 0.020439 0.99781 -0.062907
vn 0.075037 0.970068 -0.230949
vn 0 0.99781 -0.066144
vn 0 0.97007 -0.242823
vn -0.020438 0.99781 -0.062906
vn -0.075037 0.970069 -0.230945
vn -0.038877 0.99781 -0.05351
vn -0.142726 0.970071 -0.196447
vn -0.053511 0.99781 -0.038876
vn -0.196446 0.970071 -0.142725
vn -0.062907 0.99781 -0.020439
vn -0.230948 0.970068 -0.075037
vn -0.066144 0.99781 -0
vn -0.242822 0.970071 -0
vn -0.062906 0.99781 0.020438
vn -0.230946 0.970069 0.075035
vn -0.05351 0.99781 0.038878
vn -0.196443 0.970072 0.142725
vn -0.038877 0.99781 0.053512
vn -0.142726 0.97007 0.19645
vn -0.02044 0.99781 0.062908
vn -0.075039 0.970068 0.230949
vn 0 0.99781 0.066145
vn -0 0.970071 0.242821
vn 0.020439 0.99781 0.062908
vn 0.075039 0.970067 0.230953
vn 0.038876 0.99781 0.053511
vn 0.142724 0.970072 0.196446
vn 0.053511 0.99781 0.038876
vn 0.196447 0.970071 0.142724
vn -0 1 -0
vt 0.166055 0.006354
vt 0.167965 0.01841
vt 0.115175 0.023069
vt 0.120727 0.033892
vt 0.218122 0.018404
vt 0.220031 0.006348
vt 0.071992 0.054632
vt 0.080607 0.063202
vt 0.040664 0.097946
vt 0.051502 0.10344
vt 0.024262 0.148814
vt 0.036258 0.150693
vt 0.024342 0.202246
vt 0.036333 0.20033
vt 0.040924 0.253025
vt 0.051736 0.247502
vt 0.072366 0.296206
vt 0.080942 0.287615
vt 0.115595 0.327563
vt 0.121099 0.316746
vt 0.166392 0.344041
vt 0.168289 0.332053
vt 0.219792 0.344033
vt 0.217895 0.332046
vt 0.270585 0.327537
vt 0.265077 0.316719
vt 0.313801 0.296167
vt 0.305226 0.287579
vt 0.345229 0.252977
vt 0.334418 0.247456
vt 0.361795 0.202194
vt 0.349803 0.20028
vt 0.361861 0.148765
vt 0.349866 0.150643
vt 0.345442 0.0979
vt 0.334606 0.103398
vt 0.314104 0.054599
vt 0.305492 0.063169
vt 0.270913 0.023046
vt 0.265363 0.033871
vt 0.002811 0.327823
vt 0.002811 0.285985
vt 0.015601 0.327823
vt 0.015601 0.285985
vt 0.002811 0.229543
vt 0.015601 0.229543
vt 0.002811 0.173161
vt 0.015601 0.173161
vt 0.002811 0.116858
vt 0.015601 0.116858
vt 0.002811 0.060486
vt 0.015601 0.060486
vt 0.002811 0.003968
vt 0.015601 0.003968
vt 0.002811 0.996032
vt 0.002811 0.942754
vt 0.015601 0.996032
vt 0.015601 0.942754
vt 0.002811 0.889418
vt 0.015601 0.889418
vt 0.002811 0.835916
vt 0.015601 0.835916
vt 0.002811 0.782078
vt 0.015601 0.782078
vt 0.002811 0.727743
vt 0.015601 0.727743
vt 0.002811 0.67272
vt 0.015601 0.67272
vt 0.002811 0.616842
vt 0.015601 0.616842
vt 0.002811 0.5763
vt 0.015601 0.5763
vt 0.002811 0.535546
vt 0.015601 0.535546
vt 0.002811 0.494446
vt 0.015601 0.494446
vt 0.002811 0.453093
vt 0.015601 0.453093
vt 0.002811 0.411479
vt 0.015601 0.411479
vt 0.002811 0.369674
vt 0.015601 0.369674
vt 0.193065 0.175373
vt 0.562714 0.325278
vt 0.555672 0.281309
vt 0.608894 0.310167
vt 0.58866 0.270578
vt 0.52095 0.281319
vt 0.514038 0.325399
vt 0.648144 0.281583
vt 0.616704 0.250189
vt 0.487908 0.270545
vt 0.46751 0.310225
vt 0.459865 0.250078
vt 0.428261 0.281433
vt 0.439536 0.221967
vt 0.39985 0.242016
vt 0.428898 0.188966
vt 0.385 0.195802
vt 0.428972 0.154311
vt 0.385121 0.147264
vt 0.439752 0.121379
vt 0.400215 0.101138
vt 0.460159 0.093388
vt 0.428795 0.06193
vt 0.488218 0.07307
vt 0.468121 0.033468
vt 0.521175 0.06241
vt 0.514288 0.018523
vt 0.555813 0.062455
vt 0.562823 0.018597
vt 0.588746 0.073192
vt 0.608948 0.033645
vt 0.616754 0.093575
vt 0.648187 0.062218
vt 0.637092 0.121611
vt 0.676666 0.101476
vt 0.64777 0.154562
vt 0.691625 0.147631
vt 0.647761 0.189201
vt 0.691625 0.196148
vt 0.637061 0.222152
vt 0.676645 0.242299
vt 0.564962 0.339248
vt 0.61533 0.322746
vt 0.511878 0.33945
vt 0.460971 0.322852
vt 0.418208 0.291393
vt 0.387237 0.248382
vt 0.371047 0.197974
vt 0.371179 0.145019
vt 0.387646 0.094706
vt 0.418823 0.051927
vt 0.46173 0.020877
vt 0.5121 0.004567
vt 0.565051 0.004652
vt 0.615373 0.021071
vt 0.658179 0.052247
vt 0.689246 0.095077
vt 0.705567 0.145424
vt 0.705569 0.198358
vt 0.689234 0.248701
vt 0.658138 0.291562
vt 0.538372 0.171812
usemtl TopSG
f 831/1097/822 832/1098/823 833/1099/824
f 833/1099/824 832/1098/823 834/1100/825
f 832/1098/823 831/1097/822 835/1101/826
f 835/1101/826 831/1097/822 836/1102/827
f 833/1099/824 834/1100/825 837/1103/828
f 837/1103/828 834/1100/825 838/1104/829
f 837/1103/828 838/1104/829 839/1105/830
f 839/1105/830 838/1104/829 840/1106/831
f 839/1105/830 840/1106/831 841/1107/832
f 841/1107/832 840/1106/831 842/1108/833
f 841/1107/832 842/1108/833 843/1109/834
f 843/1109/834 842/1108/833 844/1110/835
f 843/1109/834 844/1110/835 845/1111/836
f 845/1111/836 844/1110/835 846/1112/837
f 845/1111/836 846/1112/837 847/1113/838
f 847/1113/838 846/1112/837 848/1114/839
f 847/1113/838 848/1114/839 849/1115/840
f 849/1115/840 848/1114/839 850/1116/841
f 849/1115/840 850/1116/841 851/1117/842
f 851/1117/842 850/1116/841 852/1118/843
f 851/1117/842 852/1118/843 853/1119/844
f 853/1119/844 852/1118/843 854/1120/845
f 853/1119/844 854/1120/845 855/1121/846
f 855/1121/846 854/1120/845 856/1122/847
f 855/1121/846 856/1122/847 857/1123/848
f 857/1123/848 856/1122/847 858/1124/849
f 857/1123/848 858/1124/849 859/1125/850
f 859/1125/850 858/1124/849 860/1126/851
f 859/1125/850 860/1126/851 861/1127/852
f 861/1127/852 860/1126/851 862/1128/853
f 861/1127/852 862/1128/853 863/1129/854
f 863/1129/854 862/1128/853 864/1130/855
f 863/1129/854 864/1130/855 865/1131/856
f 865/1131/856 864/1130/855 866/1132/857
f 865/1131/856 866/1132/857 867/1133/858
f 867/1133/858 866/1132/857 868/1134/859
f 867/1133/858 868/1134/859 869/1135/860
f 869/1135/860 868/1134/859 870/1136/861
f 869/1135/860 870/1136/861 836/1102/827
f 836/1102/827 870/1136/861 835/1101/826
f 831/1137/822 833/1138/824 871/1139/862
f 871/1139/862 833/1138/824 872/1140/863
f 833/1138/824 837/1141/828 872/1140/863
f 872/1140/863 837/1141/828 873/1142/864
f 837/1141/828 839/1143/830 873/1142/864
f 873/1142/864 839/1143/830 874/1144/865
f 839/1143/830 841/1145/832 874/1144/865
f 874/1144/865 841/1145/832 875/1146/866
f 841/1145/832 843/1147/834 875/1146/866
f 875/1146/866 843/1147/834 876/1148/867
f 843/1147/834 845/1149/836 876/1148/867
f 876/1148/867 845/1149/836 877/1150/868
f 845/1151/836 847/1152/838 877/1153/868
f 877/1153/868 847/1152/838 878/1154/869
f 847/1152/838 849/1155/840 878/1154/869
f 878/1154/869 849/1155/840 879/1156/870
f 849/1155/840 851/1157/842 879/1156/870
f 879/1156/870 851/1157/842 880/1158/871
f 851/1157/842 853/1159/844 880/1158/871
f 880/1158/871 853/1159/844 881/1160/872
f 853/1159/844 855/1161/846 881/1160/872
f 881/1160/872 855/1161/846 882/1162/873
f 855/1161/846 857/1163/848 882/1162/873
f 882/1162/873 857/1163/848 883/1164/874
f 857/1163/848 859/1165/850 883/1164/874
f 883/1164/874 859/1165/850 884/1166/875
f 859/1165/850 861/1167/852 884/1166/875
f 884/1166/875 861/1167/852 885/1168/876
f 861/1167/852 863/1169/854 885/1168/876
f 885/1168/876 863/1169/854 886/1170/877
f 863/1169/854 865/1171/856 886/1170/877
f 886/1170/877 865/1171/856 887/1172/878
f 865/1171/856 867/1173/858 887/1172/878
f 887/1172/878 867/1173/858 888/1174/879
f 867/1173/858 869/1175/860 888/1174/879
f 888/1174/879 869/1175/860 889/1176/880
f 869/1175/860 836/1177/827 889/1176/880
f 889/1176/880 836/1177/827 890/1178/881
f 836/1177/827 831/1137/822 890/1178/881
f 890/1178/881 831/1137/822 871/1139/862
f 834/1100/825 832/1098/823 891/1179/882
f 838/1104/829 834/1100/825 891/1179/882
f 840/1106/831 838/1104/829 891/1179/882
f 842/1108/833 840/1106/831 891/1179/882
f 844/1110/835 842/1108/833 891/1179/882
f 846/1112/837 844/1110/835 891/1179/882
f 848/1114/839 846/1112/837 891/1179/882
f 850/1116/841 848/1114/839 891/1179/882
f 852/1118/843 850/1116/841 891/1179/882
f 854/1120/845 852/1118/843 891/1179/882
f 856/1122/847 854/1120/845 891/1179/882
f 858/1124/849 856/1122/847 891/1179/882
f 860/1126/851 858/1124/849 891/1179/882
f 862/1128/853 860/1126/851 891/1179/882
f 864/1130/855 862/1128/853 891/1179/882
f 866/1132/857 864/1130/855 891/1179/882
f 868/1134/859 866/1132/857 891/1179/882
f 870/1136/861 868/1134/859 891/1179/882
f 835/1101/826 870/1136/861 891/1179/882
f 832/1098/823 835/1101/826 891/1179/882
f 892/1180/883 893/1181/884 894/1182/885
f 894/1182/885 893/1181/884 895/1183/886
f 893/1181/884 892/1180/883 896/1184/887
f 896/1184/887 892/1180/883 897/1185/888
f 894/1182/885 895/1183/886 898/1186/889
f 898/1186/889 895/1183/886 899/1187/890
f 896/1184/887 897/1185/888 900/1188/891
f 900/1188/891 897/1185/888 901/1189/892
f 900/1188/891 901/1189/892 902/1190/893
f 902/1190/893 901/1189/892 903/1191/894
f 902/1190/893 903/1191/894 904/1192/895
f 904/1192/895 903/1191/894 905/1193/896
f 904/1192/895 905/1193/896 906/1194/897
f 906/1194/897 905/1193/896 907/1195/898
f 906/1194/897 907/1195/898 908/1196/899
f 908/1196/899 907/1195/898 909/1197/900
f 908/1196/899 909/1197/900 910/1198/901
f 910/1198/901 909/1197/900 911/1199/902
f 910/1198/901 911/1199/902 912/1200/903
f 912/1200/903 911/1199/902 913/1201/904
f 912/1200/903 913/1201/904 914/1202/905
f 914/1202/905 913/1201/904 915/1203/906
f 914/1202/905 915/1203/906 916/1204/907
f 916/1204/907 915/1203/906 917/1205/908
f 916/1204/907 917/1205/908 918/1206/909
f 918/1206/909 917/1205/908 919/1207/910
f 918/1206/909 919/1207/910 920/1208/911
f 920/1208/911 919/1207/910 921/1209/912
f 920/1208/911 921/1209/912 922/1210/913
f 922/1210/913 921/1209/912 923/1211/914
f 922/1210/913 923/1211/914 924/1212/915
f 924/1212/915 923/1211/914 925/1213/916
f 924/1212/915 925/1213/916 926/1214/917
f 926/1214/917 925/1213/916 927/1215/918
f 926/1214/917 927/1215/918 928/1216/919
f 928/1216/919 927/1215/918 929/1217/920
f 928/1216/919 929/1217/920 930/1218/921
f 930/1218/921 929/1217/920 931/1219/922
f 930/1218/921 931/1219/922 899/1187/890
f 899/1187/890 931/1219/922 898/1186/889
f 871/1220/862 892/1180/883 890/1221/881
f 890/1221/881 892/1180/883 894/1182/885
f 892/1180/883 871/1220/862 897/1185/888
f 897/1185/888 871/1220/862 872/1222/863
f 897/1185/888 872/1222/863 901/1189/892
f 901/1189/892 872/1222/863 873/1223/864
f 901/1189/892 873/1223/864 903/1191/894
f 903/1191/894 873/1223/864 874/1224/865
f 903/1191/894 874/1224/865 905/1193/896
f 905/1193/896 874/1224/865 875/1225/866
f 905/1193/896 875/1225/866 907/1195/898
f 907/1195/898 875/1225/866 876/1226/867
f 907/1195/898 876/1226/867 909/1197/900
f 909/1197/900 876/1226/867 877/1227/868
f 909/1197/900 877/1227/868 911/1199/902
f 911/1199/902 877/1227/868 878/1228/869
f 911/1199/902 878/1228/869 913/1201/904
f 913/1201/904 878/1228/869 879/1229/870
f 913/1201/904 879/1229/870 915/1203/906
f 915/1203/906 879/1229/870 880/1230/871
f 915/1203/906 880/1230/871 917/1205/908
f 917/1205/908 880/1230/871 881/1231/872
f 917/1205/908 881/1231/872 919/1207/910
f 919/1207/910 881/1231/872 882/1232/873
f 919/1207/910 882/1232/873 921/1209/912
f 921/1209/912 882/1232/873 883/1233/874
f 921/1209/912 883/1233/874 923/1211/914
f 923/1211/914 883/1233/874 884/1234/875
f 923/1211/914 884/1234/875 925/1213/916
f 925/1213/916 884/1234/875 885/1235/876
f 925/1213/916 885/1235/876 927/1215/918
f 927/1215/918 885/1235/876 886/1236/877
f 927/1215/918 886/1236/877 929/1217/920
f 929/1217/920 886/1236/877 887/1237/878
f 929/1217/920 887/1237/878 931/1219/922
f 931/1219/922 887/1237/878 888/1238/879
f 931/1219/922 888/1238/879 898/1186/889
f 898/1186/889 888/1238/879 889/1239/880
f 898/1186/889 889/1239/880 894/1182/885
f 894/1182/885 889/1239/880 890/1221/881
f 893/1181/884 896/1184/887 932/1240/923
f 896/1184/887 900/1188/891 932/1240/923
f 900/1188/891 902/1190/893 932/1240/923
f 902/1190/893 904/1192/895 932/1240/923
f 904/1192/895 906/1194/897 932/1240/923
f 906/1194/897 908/1196/899 932/1240/923
f 908/1196/899 910/1198/901 932/1240/923
f 910/1198/901 912/1200/903 932/1240/923
f 912/1200/903 914/1202/905 932/1240/923
f 914/1202/905 916/1204/907 932/1240/923
f 916/1204/907 918/1206/909 932/1240/923
f 918/1206/909 920/1208/911 932/1240/923
f 920/1208/911 922/1210/913 932/1240/923
f 922/1210/913 924/1212/915 932/1240/923
f 924/1212/915 926/1214/917 932/1240/923
f 926/1214/917 928/1216/919 932/1240/923
f 928/1216/919 930/1218/921 932/1240/923
f 930/1218/921 899/1187/890 932/1240/923
f 899/1187/890 895/1183/886 932/1240/923
f 895/1183/886 893/1181/884 932/1240/923
s off
g IchigoAme_Pot_Handle_BSG
v 0.151279 0.464482 -0.109909
v 0.057792 0.464482 -0.177831
v 0.207702 0.671904 -0.150902
v 0.079342 0.671904 -0.244164
v -0.057769 0.464482 -0.177831
v -0.079317 0.671904 -0.244164
v -0.151254 0.464482 -0.109909
v -0.207679 0.671904 -0.150902
v -0.186967 0.464482 -7e-06
v -0.25671 0.671904 -7e-06
v -0.151254 0.464482 0.109895
v -0.207679 0.671904 0.150891
v -0.057769 0.464482 0.177822
v -0.079317 0.671904 0.244153
v 0.057792 0.464482 0.177822
v 0.079342 0.671904 0.244153
v 0.151279 0.464482 0.109895
v 0.207702 0.671904 0.150891
v 0.186993 0.464482 -7e-06
v 0.256735 0.671904 -7e-06
v 0.13185 0.808827 -0.095792
v 0.050371 0.808827 -0.154995
v 1e-05 0.808827 -7e-06
v -0.050346 0.808827 -0.154995
v -0.131824 0.808827 -0.095792
v -0.162953 0.808827 -7e-06
v -0.131824 0.808827 0.095781
v -0.050346 0.808827 0.154981
v 0.050371 0.808827 0.154981
v 0.13185 0.808827 0.095781
v 0.162978 0.808827 -7e-06
v 0.173089 0.785922 -0.125754
v 0.213952 0.785922 -7e-06
v 0.201348 0.740503 -0.146282
v 0.248876 0.740503 -7e-06
v 0.066121 0.785922 -0.203476
v 0.076914 0.740503 -0.236688
v -0.066098 0.785922 -0.203476
v -0.076891 0.740503 -0.236688
v -0.173064 0.785922 -0.125754
v -0.201322 0.740503 -0.146282
v -0.213929 0.785922 -7e-06
v -0.248853 0.740503 -7e-06
v -0.173064 0.785922 0.125743
v -0.201322 0.740503 0.14627
v -0.066098 0.785922 0.203467
v -0.076891 0.740503 0.236675
v 0.066121 0.785922 0.203467
v 0.076914 0.740503 0.236675
v 0.173089 0.785922 0.125743
v 0.201348 0.740503 0.14627
vn 0.766824 -0.318705 -0.557143
vn 0.292907 -0.318716 -0.901457
vn 0.791979 -0.204113 -0.575419
vn 0.302512 -0.204117 -0.931033
vn -0.29291 -0.318716 -0.901457
vn -0.302509 -0.204117 -0.931034
vn -0.766825 -0.318707 -0.55714
vn -0.791982 -0.204115 -0.575415
vn -0.947852 -0.318711 -0
vn -0.978946 -0.204121 0
vn -0.766831 -0.318708 0.557132
vn -0.791984 -0.204115 0.575412
vn -0.292918 -0.318713 0.901455
vn -0.302514 -0.204109 0.931034
vn 0.292915 -0.318713 0.901456
vn 0.302517 -0.204109 0.931033
vn 0.76683 -0.318706 0.557135
vn 0.791982 -0.204113 0.575415
vn 0.947853 -0.318707 -0
vn 0.978946 -0.204118 0
vn 0.183235 0.974013 -0.133131
vn 0.069997 0.974012 -0.215407
vn 0 1 -0
vn -0.069996 0.974012 -0.215407
vn -0.183236 0.974013 -0.133131
vn -0.226498 0.974012 -0
vn -0.183236 0.974013 0.13313
vn -0.069994 0.974014 0.2154
vn 0.069996 0.974014 0.2154
vn 0.183235 0.974013 0.13313
vn 0.226498 0.974012 -0
vn 0.543915 0.740259 -0.395188
vn 0.672317 0.740263 -0
vn 0.766793 0.318848 -0.557103
vn 0.947806 0.318848 0
vn 0.207766 0.74025 -0.639424
vn 0.292901 0.318847 -0.901413
vn -0.207769 0.740251 -0.639422
vn -0.292905 0.318847 -0.901412
vn -0.543913 0.740261 -0.395187
vn -0.766792 0.318847 -0.557106
vn -0.672314 0.740266 -0
vn -0.947806 0.318849 0
vn -0.543916 0.74026 0.395185
vn -0.766794 0.318845 0.557104
vn -0.207768 0.740244 0.63943
vn -0.292907 0.318841 0.901414
vn 0.207766 0.740243 0.639432
vn 0.292902 0.318841 0.901415
vn 0.543918 0.740257 0.395186
vn 0.766795 0.318846 0.557101
vt 0.145518 0.605714
vt 0.152482 0.528816
vt 0.284237 0.632586
vt 0.297131 0.532949
vt 0.146326 0.449763
vt 0.29407 0.42981
vt 0.126485 0.370264
vt 0.274237 0.325149
vt 0.093339 0.282916
vt 0.237518 0.220989
vt 0.054172 0.208152
vt 0.185983 0.123628
vt 0.002811 0.141343
vt 0.119141 0.03209
vt 0.002802 0.860856
vt 0.054055 0.807803
vt 0.093253 0.967299
vt 0.160408 0.894244
vt 0.095439 0.746602
vt 0.214763 0.814496
vt 0.126231 0.678803
vt 0.256407 0.726942
vt 0.598921 0.091699
vt 0.642822 0.15212
vt 0.52789 0.189465
vt 0.642822 0.226807
vt 0.598921 0.287228
vt 0.52789 0.310311
vt 0.456858 0.287228
vt 0.412958 0.226807
vt 0.412958 0.15212
vt 0.456858 0.091699
vt 0.52789 0.068616
vt 0.621139 0.061117
vt 0.52789 0.030815
vt 0.32837 0.642016
vt 0.297767 0.742863
vt 0.636361 0.040162
vt 0.52789 0.004917
vt 0.678774 0.140441
vt 0.703403 0.132437
vt 0.343285 0.535401
vt 0.678774 0.238488
vt 0.703403 0.246492
vt 0.341399 0.424827
vt 0.621139 0.31781
vt 0.636361 0.338765
vt 0.321627 0.312415
vt 0.52789 0.348113
vt 0.52789 0.374011
vt 0.283156 0.201227
vt 0.43464 0.31781
vt 0.419417 0.338765
vt 0.228358 0.097938
vt 0.377003 0.238488
vt 0.352377 0.246492
vt 0.162346 0.003968
vt 0.377003 0.140441
vt 0.352377 0.132437
vt 0.128065 0.996032
vt 0.194735 0.920777
vt 0.43464 0.061117
vt 0.419417 0.040162
vt 0.252677 0.836301
usemtl Handle_BSG
f 933/1241/924 934/1242/925 935/1243/926
f 935/1243/926 934/1242/925 936/1244/927
f 934/1242/925 937/1245/928 936/1244/927
f 936/1244/927 937/1245/928 938/1246/929
f 937/1245/928 939/1247/930 938/1246/929
f 938/1246/929 939/1247/930 940/1248/931
f 939/1247/930 941/1249/932 940/1248/931
f 940/1248/931 941/1249/932 942/1250/933
f 941/1249/932 943/1251/934 942/1250/933
f 942/1250/933 943/1251/934 944/1252/935
f 943/1251/934 945/1253/936 944/1252/935
f 944/1252/935 945/1253/936 946/1254/937
f 945/1255/936 947/1256/938 946/1257/937
f 946/1257/937 947/1256/938 948/1258/939
f 947/1256/938 949/1259/940 948/1258/939
f 948/1258/939 949/1259/940 950/1260/941
f 949/1259/940 951/1261/942 950/1260/941
f 950/1260/941 951/1261/942 952/1262/943
f 951/1261/942 933/1241/924 952/1262/943
f 952/1262/943 933/1241/924 935/1243/926
f 953/1263/944 954/1264/945 955/1265/946
f 954/1264/945 956/1266/947 955/1265/946
f 956/1266/947 957/1267/948 955/1265/946
f 957/1267/948 958/1268/949 955/1265/946
f 958/1268/949 959/1269/950 955/1265/946
f 959/1269/950 960/1270/951 955/1265/946
f 960/1270/951 961/1271/952 955/1265/946
f 961/1271/952 962/1272/953 955/1265/946
f 962/1272/953 963/1273/954 955/1265/946
f 963/1273/954 953/1263/944 955/1265/946
f 964/1274/955 953/1263/944 965/1275/956
f 965/1275/956 953/1263/944 963/1273/954
f 935/1243/926 966/1276/957 952/1262/943
f 952/1262/943 966/1276/957 967/1277/958
f 966/1278/957 964/1274/955 967/1279/958
f 967/1279/958 964/1274/955 965/1275/956
f 953/1263/944 964/1274/955 954/1264/945
f 954/1264/945 964/1274/955 968/1280/959
f 964/1274/955 966/1278/957 968/1280/959
f 968/1280/959 966/1278/957 969/1281/960
f 966/1276/957 935/1243/926 969/1282/960
f 969/1282/960 935/1243/926 936/1244/927
f 954/1264/945 968/1280/959 956/1266/947
f 956/1266/947 968/1280/959 970/1283/961
f 968/1280/959 969/1281/960 970/1283/961
f 970/1283/961 969/1281/960 971/1284/962
f 969/1282/960 936/1244/927 971/1285/962
f 971/1285/962 936/1244/927 938/1246/929
f 956/1266/947 970/1283/961 957/1267/948
f 957/1267/948 970/1283/961 972/1286/963
f 970/1283/961 971/1284/962 972/1286/963
f 972/1286/963 971/1284/962 973/1287/964
f 971/1285/962 938/1246/929 973/1288/964
f 973/1288/964 938/1246/929 940/1248/931
f 957/1267/948 972/1286/963 958/1268/949
f 958/1268/949 972/1286/963 974/1289/965
f 972/1286/963 973/1287/964 974/1289/965
f 974/1289/965 973/1287/964 975/1290/966
f 973/1288/964 940/1248/931 975/1291/966
f 975/1291/966 940/1248/931 942/1250/933
f 958/1268/949 974/1289/965 959/1269/950
f 959/1269/950 974/1289/965 976/1292/967
f 974/1289/965 975/1290/966 976/1292/967
f 976/1292/967 975/1290/966 977/1293/968
f 975/1291/966 942/1250/933 977/1294/968
f 977/1294/968 942/1250/933 944/1252/935
f 959/1269/950 976/1292/967 960/1270/951
f 960/1270/951 976/1292/967 978/1295/969
f 976/1292/967 977/1293/968 978/1295/969
f 978/1295/969 977/1293/968 979/1296/970
f 977/1294/968 944/1252/935 979/1297/970
f 979/1297/970 944/1252/935 946/1254/937
f 960/1270/951 978/1295/969 961/1271/952
f 961/1271/952 978/1295/969 980/1298/971
f 978/1295/969 979/1296/970 980/1298/971
f 980/1298/971 979/1296/970 981/1299/972
f 979/1300/970 946/1257/937 981/1301/972
f 981/1301/972 946/1257/937 948/1258/939
f 961/1271/952 980/1298/971 962/1272/953
f 962/1272/953 980/1298/971 982/1302/973
f 980/1298/971 981/1299/972 982/1302/973
f 982/1302/973 981/1299/972 983/1303/974
f 981/1301/972 948/1258/939 983/1304/974
f 983/1304/974 948/1258/939 950/1260/941
f 962/1272/953 982/1302/973 963/1273/954
f 963/1273/954 982/1302/973 965/1275/956
f 982/1302/973 983/1303/974 965/1275/956
f 965/1275/956 983/1303/974 967/1279/958
f 983/1304/974 950/1260/941 967/1277/958
f 967/1277/958 950/1260/941 952/1262/943
s off
