# Apple ModelIO OBJ File: WallShelf
mtllib WallShelf.mtl
g WallShelf_PoleSG1
v 2.68755 0.610297 -0.601021
v 2.68755 0.5651 -0.63386
v -2.69613 0.610297 -0.601021
v -2.69613 0.5651 -0.63386
v 2.68755 0.509232 -0.63386
v -2.69613 0.509232 -0.63386
v 2.68755 0.464034 -0.601021
v -2.69613 0.464034 -0.601021
v 2.68755 0.44677 -0.547888
v -2.69613 0.44677 -0.547888
v 2.68755 0.464034 -0.494755
v -2.69613 0.464034 -0.494755
v 2.68755 0.509232 -0.461916
v -2.69613 0.509232 -0.461916
v 2.68755 0.5651 -0.461916
v -2.69613 0.5651 -0.461916
v 2.68755 0.610297 -0.494755
v -2.69613 0.610297 -0.494755
v 2.68755 0.627562 -0.547888
v -2.69613 0.627562 -0.547888
vn 0 0.809017 -0.587785
vn 0 0.309017 -0.951057
vn 0 -0.309017 -0.951056
vn 0 -0.809017 -0.587785
vn 0 -1 0
vn 0 -0.809017 0.587785
vn 0 -0.309017 0.951057
vn 0 0.309017 0.951056
vn 0 0.809017 0.587785
vn 0 1 0
vt 0.000412 0.003968
vt 0.010789 0.003972
vt 0.000442 0.996032
vt 0.010737 0.996032
vt 0.021084 0.003973
vt 0.021032 0.996031
vt 0.031378 0.003973
vt 0.031327 0.996031
vt 0.041673 0.003974
vt 0.041622 0.996031
vt 0.051968 0.003974
vt 0.051916 0.99603
vt 0.062262 0.003975
vt 0.062211 0.99603
vt 0.072557 0.003975
vt 0.072506 0.99603
vt 0.082852 0.003976
vt 0.082801 0.996031
vt 0.093146 0.003976
vt 0.093096 0.996031
vt 0.103441 0.003977
vt 0.10339 0.996031
usemtl PoleSG1
f 1/1/1 2/2/2 3/3/1
f 3/3/1 2/2/2 4/4/2
f 2/2/2 5/5/3 4/4/2
f 4/4/2 5/5/3 6/6/3
f 5/5/3 7/7/4 6/6/3
f 6/6/3 7/7/4 8/8/4
f 7/7/4 9/9/5 8/8/4
f 8/8/4 9/9/5 10/10/5
f 9/9/5 11/11/6 10/10/5
f 10/10/5 11/11/6 12/12/6
f 11/11/6 13/13/7 12/12/6
f 12/12/6 13/13/7 14/14/7
f 13/13/7 15/15/8 14/14/7
f 14/14/7 15/15/8 16/16/8
f 15/15/8 17/17/9 16/16/8
f 16/16/8 17/17/9 18/18/9
f 17/17/9 19/19/10 18/18/9
f 18/18/9 19/19/10 20/20/10
f 19/19/10 1/21/1 20/20/10
f 20/20/10 1/21/1 3/22/1
s off
g WallShelf_LegSG1
v 2.66455 1.08128 0.657164
v 2.63197 1.08128 0.643671
v 2.66326 0.933418 0.657167
v 2.63158 0.933238 0.64366
v 2.61847 1.08128 0.611094
v 2.61847 0.932089 0.611094
v 2.66455 1.12735 0.611092
v 2.66463 1.11386 0.643671
v 2.92002 1.12735 0.611092
v 2.92002 1.11386 0.643671
v 2.92002 1.08128 0.657164
v 2.63197 1.11386 0.611094
v 2.61847 1.08128 0.30908
v 2.63197 1.11386 0.309044
v 2.66455 1.12735 0.30908
v 2.9526 1.08128 0.643671
v 2.9526 0.933984 0.643675
v 2.9661 1.08128 0.611094
v 2.9661 0.932089 0.611094
v 2.92002 0.93471 0.657167
v 2.9526 1.11386 0.611094
v 2.92002 1.12735 0.30908
v 2.9526 1.11386 0.309044
v 2.9661 1.08128 0.30908
v 2.66455 1.12735 -0.685312
v 2.63197 1.11386 -0.685312
v 2.66455 1.12735 -0.30282
v 2.63197 1.11386 -0.302773
v 2.61847 1.08128 -0.685312
v 2.61847 1.08128 -0.30282
v 2.66455 1.08128 -0.731388
v 2.66455 1.11386 -0.71789
v 2.92002 1.08128 -0.731388
v 2.92002 1.11386 -0.71789
v 2.92002 1.12735 -0.685312
v 2.63197 1.08128 -0.71789
v 2.61847 0.612183 -0.685312
v 2.63197 0.612122 -0.71789
v 2.66455 0.612183 -0.731388
v 2.9661 1.08128 -0.685312
v 2.9526 1.11386 -0.685312
v 2.9661 1.08128 -0.30282
v 2.9526 1.11386 -0.302773
v 2.92002 1.12735 -0.30282
v 2.9526 1.08128 -0.71789
v 2.92002 0.612183 -0.731388
v 2.9526 0.612122 -0.71789
v 2.9661 0.612183 -0.685312
v 2.66455 0.318838 -0.731388
v 2.63197 0.31887 -0.71789
v 2.66455 0.547026 -0.731388
v 2.63197 0.547019 -0.71789
v 2.61847 0.318838 -0.685312
v 2.61847 0.547026 -0.685312
v 2.66455 0.272765 -0.685312
v 2.66453 0.28626 -0.71789
v 2.92002 0.272765 -0.685312
v 2.92003 0.28626 -0.71789
v 2.92002 0.318838 -0.731388
v 2.63197 0.28626 -0.685312
v 2.63211 0.286203 -0.395761
v 2.61847 0.317863 -0.389637
v 2.66518 0.272765 -0.39683
v 2.9661 0.318838 -0.685312
v 2.9526 0.31887 -0.71789
v 2.9661 0.547026 -0.685312
v 2.9526 0.547019 -0.71789
v 2.92002 0.547026 -0.731388
v 2.9526 0.28626 -0.685312
v 2.9197 0.272765 -0.396551
v 2.95256 0.286215 -0.395596
v 2.9661 0.317863 -0.389637
v 2.66455 1.12735 0.243919
v 2.66455 1.12735 0.276499
v 2.92002 1.12735 0.243919
v 2.92002 1.12735 0.276499
v 2.61847 1.08128 0.243919
v 2.63197 1.11386 0.243874
v 2.61847 1.08128 0.131578
v 2.63197 1.11386 0.131567
v 2.66455 1.12735 0.131578
v 2.61847 1.08128 0.276499
v 2.61847 0.910402 0.309734
v 2.61847 0.908463 0.271248
v 2.61847 0.89351 0.24481
v 2.9661 1.08128 0.276499
v 2.9661 0.908463 0.271248
v 2.9661 1.08128 0.243919
v 2.9661 0.89351 0.24481
v 2.9661 0.910402 0.309734
v 2.9526 1.11386 0.243874
v 2.92002 1.12735 0.131578
v 2.9526 1.11386 0.131567
v 2.9661 1.08128 0.131578
v 2.66518 0.312745 -0.344252
v 2.66524 0.283895 -0.363808
v 2.9197 0.312474 -0.34433
v 2.91965 0.28382 -0.363747
v 2.63211 0.315297 -0.357489
v 2.61847 0.547261 -0.326679
v 2.6318 0.544938 -0.293983
v 2.66413 0.542637 -0.280493
v 2.66455 0.579604 -0.731388
v 2.92002 0.579604 -0.731388
v 2.61847 0.579604 -0.685312
v 2.61847 0.580218 -0.313723
v 2.61847 0.614595 -0.305231
v 2.9661 0.579604 -0.685312
v 2.9661 0.547261 -0.326679
v 2.9661 0.580218 -0.313723
v 2.9661 0.614595 -0.305231
v 2.66315 0.900841 0.644228
v 2.9207 0.90121 0.64423
v 2.66326 0.886015 0.612459
v 2.92131 0.886015 0.612459
v 2.63158 0.899506 0.611786
v 2.63184 0.877186 0.310808
v 2.66415 0.863439 0.311806
v 2.63191 0.850815 0.249752
v 2.6316 0.691923 0.125526
v 2.66489 0.83328 0.254086
v 2.66411 0.665961 0.120581
v 2.61847 0.754925 0.131947
v 2.66457 0.854569 0.279863
v 2.92021 0.863449 0.311956
v 2.91971 0.854518 0.27986
v 2.91933 0.833071 0.25392
v 2.61847 0.680446 0.066336
v 2.61847 0.704244 0.100077
v 2.61847 1.08128 0.066418
v 2.61847 1.08128 0.099001
v 2.63193 0.647163 0.065454
v 2.63165 0.598363 -0.235909
v 2.66444 0.633387 0.064589
v 2.66375 0.585637 -0.232683
v 2.61847 0.629365 -0.239002
v 2.66426 0.644481 0.095682
v 2.92023 0.666089 0.120682
v 2.92027 0.644518 0.09573
v 2.92024 0.6334 0.064672
v 2.66388 0.571206 -0.262827
v 2.92042 0.58569 -0.232355
v 2.92069 0.57131 -0.262712
v 2.92085 0.542971 -0.280403
v 2.61847 0.620654 -0.271822
v 2.61847 1.08128 -0.270243
v 2.61847 1.08128 -0.237659
v 2.95298 0.899506 0.611786
v 2.95266 0.877192 0.310898
v 2.95254 0.850648 0.249649
v 2.9661 0.754924 0.131947
v 2.95291 0.692027 0.125605
v 2.9661 0.704191 0.100124
v 2.9661 1.08128 0.098995
v 2.9661 0.680446 0.066336
v 2.9661 1.08128 0.066418
v 2.95267 0.647175 0.065502
v 2.9661 0.631084 -0.237921
v 2.95278 0.598927 -0.235136
v 2.9661 0.621531 -0.271257
v 2.9661 1.08128 -0.270243
v 2.9661 1.08128 -0.237659
v 2.95288 0.545123 -0.293913
v 2.95256 0.31514 -0.357548
v 2.66455 1.12735 -0.237659
v 2.63197 1.11386 -0.237635
v 2.66455 1.12735 0.066418
v 2.63197 1.11386 0.066423
v 2.66455 1.12735 -0.270243
v 2.92002 1.12735 -0.270243
v 2.92002 1.12735 -0.237659
v 2.9526 1.11386 -0.237658
v 2.9526 1.11386 0.066418
v 2.92002 1.12735 0.066418
v 2.66455 1.12735 0.099001
v 2.92002 1.12735 0.099001
v 2.63798 1.10787 0.637684
v 2.94661 1.10787 0.637684
v 2.63795 1.10787 -0.711905
v 2.94661 1.10787 -0.711905
v 2.63795 0.292254 -0.711905
v 2.94661 0.292253 -0.711905
v 2.63196 1.11386 0.276623
v 2.9526 1.11386 0.276623
v 2.63819 0.290518 -0.368841
v 2.63197 0.579579 -0.71789
v 2.9526 0.579579 -0.71789
v 2.63736 0.906624 0.638065
v 2.63183 0.869694 0.274994
v 2.63183 0.661886 0.097855
v 2.62924 0.582303 -0.27441
v 2.9469 0.90693 0.638081
v 2.95264 0.869652 0.274996
v 2.95273 0.661903 0.09791
v 2.95532 0.582669 -0.274103
v 2.94651 0.290463 -0.368801
v 2.63197 1.11386 -0.270206
v 2.9526 1.11386 -0.270218
v 2.63197 1.11386 0.098984
v 2.9526 1.11386 0.098984
v -2.92002 1.08128 0.657164
v -2.9526 1.08128 0.643671
v -2.92131 0.933418 0.657167
v -2.95298 0.933238 0.64366
v -2.96609 1.08128 0.611094
v -2.96609 0.932089 0.611094
v -2.92002 1.12735 0.611092
v -2.91993 1.11386 0.643671
v -2.66455 1.12735 0.611092
v -2.66455 1.11386 0.643671
v -2.66455 1.08128 0.657164
v -2.9526 1.11386 0.611094
v -2.96609 1.08128 0.30908
v -2.9526 1.11386 0.309044
v -2.92002 1.12735 0.30908
v -2.63196 1.08128 0.643671
v -2.63197 0.933984 0.643675
v -2.61847 1.08128 0.611094
v -2.61847 0.932089 0.611094
v -2.66455 0.93471 0.657167
v -2.63196 1.11386 0.611094
v -2.66455 1.12735 0.30908
v -2.63196 1.11386 0.309044
v -2.61847 1.08128 0.30908
v -2.92002 1.12735 -0.685312
v -2.9526 1.11386 -0.685312
v -2.92002 1.12735 -0.30282
v -2.9526 1.11386 -0.302773
v -2.96609 1.08128 -0.685312
v -2.96609 1.08128 -0.30282
v -2.92002 1.08128 -0.731388
v -2.92002 1.11386 -0.71789
v -2.66455 1.08128 -0.731388
v -2.66455 1.11386 -0.71789
v -2.66455 1.12735 -0.685312
v -2.9526 1.08128 -0.71789
v -2.96609 0.612183 -0.685312
v -2.9526 0.612122 -0.71789
v -2.92002 0.612183 -0.731388
v -2.61847 1.08128 -0.685312
v -2.63196 1.11386 -0.685312
v -2.61847 1.08128 -0.30282
v -2.63196 1.11386 -0.302773
v -2.66455 1.12735 -0.30282
v -2.63196 1.08128 -0.71789
v -2.66455 0.612183 -0.731388
v -2.63196 0.612122 -0.71789
v -2.61847 0.612183 -0.685312
v -2.92002 0.318838 -0.731388
v -2.9526 0.31887 -0.71789
v -2.92002 0.547026 -0.731388
v -2.9526 0.547019 -0.71789
v -2.96609 0.318838 -0.685312
v -2.96609 0.547026 -0.685312
v -2.92002 0.272765 -0.685312
v -2.92004 0.28626 -0.71789
v -2.66455 0.272765 -0.685312
v -2.66454 0.28626 -0.71789
v -2.66455 0.318838 -0.731388
v -2.9526 0.28626 -0.685312
v -2.95246 0.286203 -0.395761
v -2.96609 0.317863 -0.389637
v -2.91938 0.272765 -0.39683
v -2.61847 0.318838 -0.685312
v -2.63196 0.31887 -0.71789
v -2.61847 0.547026 -0.685312
v -2.63196 0.547019 -0.71789
v -2.66455 0.547026 -0.731388
v -2.63196 0.28626 -0.685312
v -2.66486 0.272765 -0.396551
v -2.632 0.286215 -0.395596
v -2.61847 0.317863 -0.389637
v -2.92002 1.12735 0.243919
v -2.92002 1.12735 0.276499
v -2.66455 1.12735 0.243919
v -2.66455 1.12735 0.276499
v -2.96609 1.08128 0.243919
v -2.9526 1.11386 0.243874
v -2.96609 1.08128 0.131578
v -2.9526 1.11386 0.131567
v -2.92002 1.12735 0.131578
v -2.96609 1.08128 0.276499
v -2.96609 0.910402 0.309734
v -2.96609 0.908463 0.271248
v -2.96609 0.89351 0.24481
v -2.61847 1.08128 0.276499
v -2.61847 0.908463 0.271248
v -2.61847 1.08128 0.243919
v -2.61847 0.89351 0.24481
v -2.61847 0.910402 0.309734
v -2.63196 1.11386 0.243874
v -2.66455 1.12735 0.131578
v -2.63196 1.11386 0.131567
v -2.61847 1.08128 0.131578
v -2.91938 0.312745 -0.344252
v -2.91932 0.283895 -0.363808
v -2.66486 0.312474 -0.34433
v -2.66491 0.28382 -0.363747
v -2.95246 0.315297 -0.357489
v -2.96609 0.547261 -0.326679
v -2.95276 0.544938 -0.293983
v -2.92043 0.542637 -0.280493
v -2.92002 0.579604 -0.731388
v -2.66455 0.579604 -0.731388
v -2.96609 0.579604 -0.685312
v -2.96609 0.580218 -0.313723
v -2.96609 0.614595 -0.305231
v -2.61847 0.579604 -0.685312
v -2.61847 0.547261 -0.326679
v -2.61847 0.580218 -0.313723
v -2.61847 0.614595 -0.305231
v -2.92141 0.900841 0.644228
v -2.66387 0.90121 0.64423
v -2.92131 0.886015 0.612459
v -2.66325 0.886015 0.612459
v -2.95298 0.899506 0.611786
v -2.95272 0.877186 0.310808
v -2.92041 0.863439 0.311806
v -2.95265 0.850815 0.249752
v -2.95296 0.691923 0.125526
v -2.91967 0.83328 0.254086
v -2.92045 0.665961 0.120581
v -2.96609 0.754925 0.131947
v -2.91999 0.854569 0.279863
v -2.66435 0.863449 0.311956
v -2.66485 0.854518 0.27986
v -2.66524 0.833071 0.25392
v -2.96609 0.680446 0.066336
v -2.96609 0.704244 0.100077
v -2.96609 1.08128 0.066418
v -2.96609 1.08128 0.099001
v -2.95264 0.647163 0.065454
v -2.95291 0.598363 -0.235909
v -2.92013 0.633387 0.064589
v -2.92082 0.585637 -0.232683
v -2.96609 0.629365 -0.239002
v -2.9203 0.644481 0.095682
v -2.66433 0.666089 0.120682
v -2.66429 0.644518 0.09573
v -2.66433 0.6334 0.064672
v -2.92068 0.571206 -0.262827
v -2.66414 0.58569 -0.232355
v -2.66389 0.57131 -0.262712
v -2.66372 0.542971 -0.280403
v -2.96609 0.620654 -0.271822
v -2.96609 1.08128 -0.270243
v -2.96609 1.08128 -0.237659
v -2.63158 0.899506 0.611786
v -2.6319 0.877192 0.310898
v -2.63202 0.850648 0.249649
v -2.61847 0.754924 0.131947
v -2.63166 0.692027 0.125605
v -2.61847 0.704191 0.100124
v -2.61847 1.08128 0.098995
v -2.61847 0.680446 0.066336
v -2.61847 1.08128 0.066418
v -2.6319 0.647175 0.065502
v -2.61847 0.631084 -0.237921
v -2.63179 0.598927 -0.235136
v -2.61847 0.621531 -0.271257
v -2.61847 1.08128 -0.270243
v -2.61847 1.08128 -0.237659
v -2.63169 0.545123 -0.293913
v -2.632 0.31514 -0.357548
v -2.92002 1.12735 -0.237659
v -2.9526 1.11386 -0.237635
v -2.92002 1.12735 0.066418
v -2.9526 1.11386 0.066423
v -2.92002 1.12735 -0.270243
v -2.66455 1.12735 -0.270243
v -2.66455 1.12735 -0.237659
v -2.63196 1.11386 -0.237658
v -2.63196 1.11386 0.066418
v -2.66455 1.12735 0.066418
v -2.92002 1.12735 0.099001
v -2.66455 1.12735 0.099001
v -2.94658 1.10787 0.637684
v -2.63795 1.10787 0.637684
v -2.94661 1.10787 -0.711905
v -2.63795 1.10787 -0.711905
v -2.94661 0.292254 -0.711905
v -2.63795 0.292253 -0.711905
v -2.9526 1.11386 0.276623
v -2.63196 1.11386 0.276623
v -2.94637 0.290518 -0.368841
v -2.9526 0.579579 -0.71789
v -2.63196 0.579579 -0.71789
v -2.9472 0.906624 0.638065
v -2.95273 0.869694 0.274994
v -2.95273 0.661886 0.097855
v -2.95532 0.582303 -0.27441
v -2.63766 0.90693 0.638081
v -2.63192 0.869652 0.274996
v -2.63183 0.661903 0.09791
v -2.62925 0.582669 -0.274103
v -2.63805 0.290463 -0.368801
v -2.9526 1.11386 -0.270206
v -2.63196 1.11386 -0.270218
v -2.9526 1.11386 0.098984
v -2.63196 1.11386 0.098984
vn -0.043816 0.072071 0.996437
vn -0.71059 0.054283 0.70151
vn -0.044334 -0.069649 0.996586
vn -0.714618 -0.047342 0.697912
vn -0.997034 0.068321 0.035423
vn -0.997294 -0.062885 0.038079
vn -0.045332 0.99822 0.038753
vn -0.032194 0.706733 0.706748
vn 0.045326 0.998219 0.03879
vn 0.032284 0.706729 0.706747
vn 0.043839 0.07213 0.996431
vn -0.706818 0.706852 0.027722
vn -0.99761 0.069095 0
vn -0.707103 0.707111 -3e-06
vn -0.04681 0.998904 -1e-06
vn 0.707173 0.052567 0.705084
vn 0.710833 -0.048714 0.701672
vn 0.997025 0.06826 0.035798
vn 0.997262 -0.063233 0.038354
vn 0.044128 -0.069337 0.996617
vn 0.706797 0.706875 0.027677
vn 0.046812 0.998904 -1e-06
vn 0.707063 0.707151 -3e-06
vn 0.997608 0.069125 -0
vn -0.045615 0.99847 -0.031265
vn -0.706925 0.70694 -0.022194
vn -0.046829 0.998903 0
vn -0.707102 0.707111 0
vn -0.999143 0.02631 -0.031951
vn -0.999633 0.027107 0
vn -0.045841 0.025867 -0.998614
vn -0.032279 0.70676 -0.706716
vn 0.04584 0.025867 -0.998614
vn 0.032278 0.706759 -0.706718
vn 0.045615 0.99847 -0.031265
vn -0.707008 0.018296 -0.706969
vn -0.999463 0 -0.032767
vn -0.707127 0 -0.707087
vn -0.046856 0 -0.998902
vn 0.999143 0.026315 -0.03196
vn 0.706865 0.707 -0.022196
vn 0.999633 0.027097 0
vn 0.707038 0.707175 0
vn 0.046828 0.998903 0
vn 0.706951 0.018301 -0.707026
vn 0.046855 0 -0.998902
vn 0.707068 0 -0.707145
vn 0.999463 0 -0.032777
vn -0.044878 -0.049829 -0.997749
vn -0.706668 -0.035722 -0.706643
vn -0.046802 0 -0.998904
vn -0.707118 0 -0.707096
vn -0.99829 -0.045801 -0.036321
vn -0.99932 1e-05 -0.036871
vn -0.04535 -0.998152 -0.040447
vn -0.032318 -0.706751 -0.706724
vn 0.045363 -0.998151 -0.040464
vn 0.032313 -0.706749 -0.706726
vn 0.044879 -0.049826 -0.997749
vn -0.702851 -0.710756 -0.028733
vn -0.71609 -0.697632 0.022902
vn -0.99856 -0.045 0.029214
vn -0.04584 -0.998404 0.033003
vn 0.998296 -0.04566 -0.036347
vn 0.706612 -0.035736 -0.706698
vn 0.99932 1e-05 -0.036881
vn 0.707058 0 -0.707155
vn 0.046801 0 -0.998904
vn 0.703822 -0.709785 -0.028971
vn 0.045859 -0.998401 0.033051
vn 0.716852 -0.696864 0.022467
vn 0.99857 -0.04489 0.029048
vn -0.046798 0.998904 1e-06
vn -0.046805 0.998904 -1e-06
vn 0.046797 0.998905 1e-06
vn 0.046802 0.998904 0
vn -0.998751 0.049959 -0
vn -0.707106 0.707107 5e-06
vn -0.99906 0.043357 0
vn -0.707096 0.707118 0
vn -0.046796 0.998905 0
vn -0.9979 0.064769 0
vn -0.99744 -0.071294 0.005556
vn -0.998677 -0.049111 0.015225
vn -0.999403 -0.02378 0.025064
vn 0.997899 0.064788 0
vn 0.998656 -0.04951 0.015337
vn 0.99875 0.049977 0
vn 0.999396 -0.023934 0.025205
vn 0.997429 -0.071443 0.00555
vn 0.707018 0.707195 8e-06
vn 0.046796 0.998905 0
vn 0.707032 0.707182 0
vn 0.999059 0.043381 0
vn -0.04543 -0.304363 0.951472
vn -0.032552 -0.79559 0.604961
vn 0.045424 -0.304448 0.951445
vn 0.031818 -0.795607 0.604977
vn -0.713344 -0.214162 0.66729
vn -0.998945 -0.01335 0.04394
vn -0.692506 -0.218366 0.687569
vn -0.047701 -0.301124 0.952391
vn -0.046794 0 -0.998905
vn 0.046793 0 -0.998905
vn -0.999457 3.6e-05 -0.032947
vn -0.99946 -0.018606 0.027095
vn -0.999998 -0.001392 0.001344
vn 0.999457 0 -0.032956
vn 0.998954 -0.013298 0.043759
vn 0.999454 -0.018665 0.027254
vn 0.999998 -0.001429 0.00139
vn -0.031134 -0.681762 0.730911
vn 0.032981 -0.682904 0.729763
vn -0.045917 -0.992775 0.110861
vn 0.046121 -0.992791 0.110627
vn -0.72114 -0.688677 0.075373
vn -0.720528 -0.690823 0.060027
vn -0.048028 -0.994457 0.093534
vn -0.763745 -0.417681 0.492176
vn -0.579037 -0.508623 0.637196
vn -0.051346 -0.643555 0.763676
vn -0.034364 -0.642714 0.765335
vn -0.994738 -0.063573 0.08034
vn -0.057027 -0.887029 0.458178
vn 0.047984 -0.994465 0.093473
vn 0.056903 -0.887105 0.458048
vn 0.051109 -0.64353 0.763712
vn -0.999648 -0.025885 0.005842
vn -0.998526 -0.036179 0.040453
vn -0.999564 0.029525 0
vn -0.999445 0.033299 0
vn -0.723557 -0.678061 0.129223
vn -0.709041 -0.692153 0.134853
vn -0.048104 -0.983113 0.176566
vn -0.04827 -0.981219 0.18676
vn -0.999481 -0.031667 0.005996
vn -0.04846 -0.861604 0.505262
vn 0.034331 -0.642699 0.765349
vn 0.048521 -0.861649 0.50518
vn 0.048837 -0.983098 0.176445
vn -0.059662 -0.744322 0.66515
vn 0.048495 -0.981199 0.186805
vn 0.060319 -0.743378 0.666146
vn 0.047908 -0.30108 0.952395
vn -0.999677 -0.021918 0.012866
vn -0.99963 0.027187 0
vn -0.999577 0.02909 0
vn 0.72032 -0.689398 0.076616
vn 0.719872 -0.691508 0.059998
vn 0.761761 -0.419187 0.493967
vn 0.994673 -0.06393 0.080864
vn 0.576894 -0.509317 0.638584
vn 0.99851 -0.036287 0.040748
vn 0.999445 0.03331 0
vn 0.999642 -0.026126 0.005801
vn 0.999561 0.029625 0
vn 0.727446 -0.674254 0.127295
vn 0.99948 -0.031704 0.005924
vn 0.711944 -0.689412 0.133595
vn 0.999665 -0.022238 0.013251
vn 0.999635 0.027022 0
vn 0.999573 0.029217 0
vn 0.694457 -0.217835 0.685768
vn 0.715439 -0.213431 0.665278
vn -0.046778 0.998905 0
vn -0.046796 0.998904 0
vn -0.707106 0.707108 0
vn -0.046792 0.998905 0
vn 0.046782 0.998905 0
vn 0.046793 0.998905 0
vn 0.707043 0.707171 0
vn 0.046794 0.998905 0
vn -0.04679 0.998905 0
vn -0.576687 0.577702 0.577662
vn 0.577225 0.577422 0.577404
vn -0.577301 0.57738 -0.577369
vn 0.577237 0.577408 -0.577406
vn -0.577554 -0.577096 -0.577401
vn 0.577427 -0.577158 -0.577466
vn -0.70715 0.707063 -3e-06
vn 0.707035 0.707178 -0
vn -0.559698 -0.659689 0.501547
vn -0.70712 0 -0.707093
vn 0.707058 0 -0.707156
vn -0.588638 -0.555025 0.587752
vn -0.776963 -0.576457 0.253034
vn -0.695542 -0.57932 0.424982
vn -0.796145 -0.44531 0.409699
vn 0.580527 -0.546725 0.603391
vn 0.774985 -0.578615 0.25417
vn 0.694189 -0.579409 0.427068
vn 0.798593 -0.443519 0.406866
vn 0.563121 -0.65784 0.500141
vn 0.707064 0.70715 0
vn -0.707098 0.707116 0
vn 0.707052 0.707162 0
vn -0.710564 0.054271 0.701536
vn -0.714589 -0.047347 0.69794
vn -0.997032 0.068356 0.035434
vn -0.997293 -0.062898 0.038093
vn -0.045333 0.99822 0.038753
vn -0.032195 0.706735 0.706745
vn 0.045323 0.998219 0.03879
vn 0.032283 0.706733 0.706744
vn 0.043839 0.072131 0.996431
vn -0.706781 0.706889 0.027724
vn -0.997608 0.069133 -0
vn -0.707062 0.707152 -5e-06
vn 0.707245 0.05255 0.705013
vn 0.710895 -0.048702 0.70161
vn 0.997028 0.068227 0.03579
vn 0.997266 -0.063174 0.038346
vn 0.706854 0.706818 0.027672
vn 0.04681 0.998904 -1e-06
vn 0.707123 0.707091 -2e-06
vn 0.99761 0.069091 0
vn -0.706891 0.706974 -0.022195
vn -0.707067 0.707146 0
vn -0.999143 0.026315 -0.03196
vn -0.999632 0.027113 0
vn -0.032279 0.70676 -0.706717
vn 0.045841 0.025867 -0.998614
vn 0.032279 0.70676 -0.706716
vn 0.045614 0.99847 -0.031265
vn -0.70698 0.018296 -0.706997
vn -0.999463 5e-06 -0.032777
vn -0.707098 0 -0.707116
vn 0.999143 0.026306 -0.031947
vn 0.706949 0.706916 -0.022194
vn 0.999633 0.027087 0
vn 0.707124 0.707089 0
vn 0.046827 0.998903 0
vn 0.707022 0.018296 -0.706954
vn 0.046856 0 -0.998902
vn 0.707141 0 -0.707072
vn 0.999463 0 -0.032763
vn -0.706642 -0.035728 -0.706669
vn -0.707088 0 -0.707125
vn -0.998289 -0.045813 -0.036331
vn -0.99932 0 -0.036882
vn -0.045348 -0.998152 -0.040447
vn -0.032318 -0.70675 -0.706724
vn 0.045363 -0.998151 -0.04046
vn 0.032305 -0.70675 -0.706726
vn 0.044881 -0.049822 -0.997749
vn -0.702841 -0.710767 -0.028737
vn -0.71608 -0.697642 0.022907
vn -0.998559 -0.045009 0.029226
vn -0.045839 -0.998404 0.033002
vn 0.998297 -0.045648 -0.036333
vn 0.706681 -0.035738 -0.70663
vn 0.99932 0 -0.036866
vn 0.707132 0 -0.707082
vn 0.046802 0 -0.998904
vn 0.703902 -0.709706 -0.028979
vn 0.045858 -0.998401 0.03305
vn 0.716944 -0.696769 0.022453
vn 0.998571 -0.044872 0.029034
vn -0.046798 0.998904 2e-06
vn -0.046804 0.998904 0
vn 0.046798 0.998904 2e-06
vn 0.046804 0.998904 1e-06
vn -0.99875 0.049981 0
vn -0.707064 0.70715 1.1e-05
vn -0.999059 0.043377 0
vn -0.707069 0.707145 0
vn -0.997899 0.064786 0
vn -0.997439 -0.071313 0.005557
vn -0.998676 -0.049136 0.015229
vn -0.999403 -0.023788 0.025072
vn 0.997902 0.064739 -0
vn 0.998657 -0.049498 0.015328
vn 0.998751 0.049956 -0
vn 0.999397 -0.023919 0.02519
vn 0.997434 -0.071381 0.005546
vn 0.7071 0.707114 6e-06
vn 0.046796 0.998904 0
vn 0.707106 0.707107 0
vn 0.999059 0.043366 0
vn -0.045431 -0.304361 0.951473
vn -0.032552 -0.795586 0.604966
vn 0.045427 -0.304451 0.951444
vn 0.031817 -0.795601 0.604984
vn -0.713318 -0.21415 0.667321
vn -0.998944 -0.013367 0.043959
vn -0.692476 -0.218366 0.6876
vn -0.047703 -0.301121 0.952392
vn -0.999457 3.6e-05 -0.032957
vn -0.999459 -0.018606 0.02711
vn -0.999998 -0.001389 0.001345
vn 0.999457 0 -0.032942
vn 0.998954 -0.013294 0.043742
vn 0.999455 -0.018659 0.027251
vn -0.031134 -0.681765 0.730908
vn 0.032982 -0.682903 0.729764
vn -0.045916 -0.992775 0.11086
vn 0.046123 -0.992791 0.110629
vn -0.721065 -0.688755 0.075376
vn -0.720454 -0.690901 0.060023
vn -0.048027 -0.994457 0.093532
vn -0.763725 -0.417689 0.4922
vn -0.579045 -0.508609 0.637201
vn -0.051349 -0.643555 0.763676
vn -0.034364 -0.642716 0.765333
vn -0.994735 -0.063591 0.080362
vn -0.057023 -0.887026 0.458185
vn 0.04799 -0.994465 0.093472
vn 0.056906 -0.887114 0.458028
vn 0.051104 -0.643534 0.76371
vn -0.999648 -0.02589 0.005843
vn -0.998526 -0.036185 0.040467
vn -0.999564 0.029543 0
vn -0.999445 0.033311 0
vn -0.723518 -0.678103 0.12922
vn -0.708995 -0.692202 0.134844
vn -0.048103 -0.983114 0.17656
vn -0.048268 -0.98122 0.186756
vn -0.99948 -0.031674 0.005997
vn -0.048457 -0.861611 0.50525
vn 0.034332 -0.642701 0.765348
vn 0.048522 -0.861651 0.505177
vn 0.048834 -0.983099 0.176442
vn -0.059656 -0.744329 0.665143
vn 0.048497 -0.981201 0.186798
vn 0.060312 -0.743409 0.666112
vn 0.047906 -0.301085 0.952393
vn -0.999677 -0.021928 0.012872
vn -0.99963 0.027189 0
vn -0.999576 0.029107 0
vn 0.720433 -0.68928 0.076617
vn 0.719979 -0.691398 0.059993
vn 0.761804 -0.419168 0.493915
vn 0.994677 -0.063911 0.080827
vn 0.576896 -0.509309 0.638589
vn 0.998511 -0.03627 0.040736
vn 0.999446 0.033298 0
vn 0.999642 -0.026108 0.005797
vn 0.999562 0.029612 0
vn 0.727506 -0.674192 0.127278
vn 0.99948 -0.031682 0.00592
vn 0.711998 -0.68936 0.13357
vn 0.999665 -0.022229 0.013244
vn 0.999635 0.02701 0
vn 0.999574 0.029204 0
vn 0.694494 -0.217814 0.685737
vn 0.715503 -0.21338 0.665225
vn -0.046781 0.998905 0
vn -0.707072 0.707141 0
vn -0.046799 0.998904 0
vn -0.707074 0.70714 0
vn 0.046783 0.998905 0
vn 0.707112 0.707101 0
vn 0.70711 0.707103 0
vn 0.046795 0.998905 0
vn -0.576699 0.577668 0.577683
vn 0.577304 0.577371 0.577376
vn -0.577288 0.577375 -0.577388
vn 0.577305 0.577375 -0.577371
vn -0.577525 -0.577114 -0.577411
vn 0.57744 -0.577162 -0.577448
vn -0.707079 0.707134 -0
vn 0.707136 0.707078 3e-06
vn -0.559678 -0.659687 0.501571
vn -0.707089 0 -0.707125
vn 0.70713 0 -0.707084
vn -0.588641 -0.555004 0.587768
vn -0.776934 -0.576489 0.25305
vn -0.695511 -0.579324 0.425027
vn -0.796101 -0.445363 0.409725
vn 0.580598 -0.546662 0.603379
vn 0.775051 -0.578549 0.254119
vn 0.694252 -0.579372 0.427016
vn 0.798617 -0.443521 0.406816
vn 0.563225 -0.657772 0.500115
vn -0.707083 0.707131 0
vn 0.707122 0.707092 0
vn -0.70708 0.707134 0
vn 0.707113 0.707101 0
vt 0.790479 0.618957
vt 0.798594 0.619015
vt 0.789854 0.652866
vt 0.79775 0.65328
vt 0.807466 0.611769
vt 0.807776 0.603098
vt 0.843219 0.611907
vt 0.843365 0.603501
vt 0.791011 0.602586
vt 0.790843 0.6108
vt 0.731406 0.601439
vt 0.731227 0.609648
vt 0.731279 0.617831
vt 0.799351 0.60295
vt 0.808769 0.531398
vt 0.800439 0.531322
vt 0.79212 0.531262
vt 0.71498 0.609481
vt 0.680237 0.609101
vt 0.714892 0.601226
vt 0.680057 0.600835
vt 0.730957 0.651586
vt 0.723119 0.617572
vt 0.722811 0.651849
vt 0.723146 0.601431
vt 0.732141 0.53069
vt 0.723877 0.530609
vt 0.715617 0.530544
vt 0.792976 0.298116
vt 0.801218 0.298051
vt 0.792768 0.387589
vt 0.801027 0.387621
vt 0.809461 0.298151
vt 0.809283 0.387631
vt 0.809477 0.281666
vt 0.80123 0.281785
vt 0.809511 0.221972
vt 0.801264 0.221847
vt 0.793118 0.289868
vt 0.733171 0.289706
vt 0.733269 0.297955
vt 0.809398 0.289912
vt 0.919166 0.298226
vt 0.919182 0.289981
vt 0.919171 0.281731
vt 0.716788 0.297908
vt 0.725026 0.297847
vt 0.71646 0.38732
vt 0.724711 0.387363
vt 0.732964 0.387384
vt 0.809444 0.213729
vt 0.919205 0.221988
vt 0.919221 0.213736
vt 0.716893 0.28967
vt 0.607169 0.28919
vt 0.607148 0.297438
vt 0.987691 0.281761
vt 0.987813 0.289999
vt 0.934399 0.281738
vt 0.934401 0.289984
vt 0.987689 0.298237
vt 0.934395 0.298228
vt 0.4628 0.297046
vt 0.462708 0.288833
vt 0.522252 0.297273
vt 0.522405 0.28906
vt 0.995927 0.281888
vt 0.995991 0.222035
vt 0.987755 0.222144
vt 0.995927 0.298124
vt 0.996032 0.365931
vt 0.987963 0.367283
vt 0.462667 0.364186
vt 0.454589 0.296909
vt 0.454352 0.364486
vt 0.538686 0.29732
vt 0.538571 0.289105
vt 0.591919 0.297392
vt 0.591926 0.289146
vt 0.987899 0.213913
vt 0.934475 0.21375
vt 0.934451 0.222007
vt 0.530469 0.297194
vt 0.521914 0.364501
vt 0.530184 0.364847
vt 0.538217 0.366186
vt 0.792256 0.515899
vt 0.792192 0.523576
vt 0.732266 0.515415
vt 0.732205 0.523052
vt 0.808889 0.516001
vt 0.800569 0.515938
vt 0.809031 0.489539
vt 0.800727 0.489499
vt 0.792427 0.489463
vt 0.808832 0.523692
vt 0.849252 0.531786
vt 0.849737 0.522602
vt 0.853257 0.516296
vt 0.715678 0.522913
vt 0.675239 0.52137
vt 0.715737 0.515283
vt 0.67179 0.515142
vt 0.67565 0.530374
vt 0.724 0.515338
vt 0.732454 0.489085
vt 0.724186 0.489025
vt 0.715922 0.488969
vt 0.784123 0.950374
vt 0.784098 0.9581
vt 0.727732 0.949707
vt 0.727558 0.957379
vt 0.46255 0.372304
vt 0.521962 0.372567
vt 0.988857 0.37541
vt 0.934378 0.382106
vt 0.935109 0.390338
vt 0.791999 0.950831
vt 0.792911 0.898107
vt 0.785267 0.897448
vt 0.926785 0.281735
vt 0.926829 0.221997
vt 0.926781 0.298228
vt 0.926667 0.385152
vt 0.918616 0.387173
vt 0.599533 0.297413
vt 0.591635 0.381149
vt 0.599317 0.384219
vt 0.607343 0.386263
vt 0.789776 0.660873
vt 0.730637 0.659828
vt 0.789449 0.668854
vt 0.730543 0.667885
vt 0.797263 0.668825
vt 0.795979 0.737376
vt 0.788073 0.737374
vt 0.851719 0.60388
vt 0.857768 0.532151
vt 0.795676 0.750609
vt 0.794625 0.795734
vt 0.787595 0.752639
vt 0.786618 0.800741
vt 0.885751 0.489649
vt 0.863709 0.517873
vt 0.900945 0.488594
vt 0.787868 0.744966
vt 0.729828 0.73645
vt 0.729821 0.744094
vt 0.729877 0.751832
vt 0.903171 0.474234
vt 0.897612 0.482142
vt 0.809069 0.474209
vt 0.809056 0.481872
vt 0.79411 0.814532
vt 0.793215 0.882491
vt 0.786236 0.815242
vt 0.78559 0.882316
vt 0.915133 0.402689
vt 0.91159 0.474155
vt 0.922999 0.40352
vt 0.78638 0.807989
vt 0.729408 0.799876
vt 0.729397 0.807157
vt 0.729303 0.814412
vt 0.78551 0.889873
vt 0.728197 0.881464
vt 0.727984 0.889066
vt 0.727935 0.89661
vt 0.917178 0.394999
vt 0.809267 0.39526
vt 0.809249 0.402894
vt 0.671855 0.601045
vt 0.667293 0.530625
vt 0.722725 0.667616
vt 0.721888 0.736221
vt 0.661367 0.516665
vt 0.639595 0.48855
vt 0.624502 0.487462
vt 0.721809 0.749546
vt 0.721513 0.79464
vt 0.627812 0.481027
vt 0.715972 0.481343
vt 0.622324 0.473116
vt 0.716025 0.473717
vt 0.613941 0.473008
vt 0.61115 0.40201
vt 0.603042 0.40273
vt 0.721462 0.813489
vt 0.720478 0.881309
vt 0.608946 0.394214
vt 0.716428 0.394939
vt 0.716393 0.402561
vt 0.590923 0.389368
vt 0.537266 0.37427
vt 0.720335 0.897105
vt 0.719887 0.949936
vt 0.792726 0.40285
vt 0.800987 0.402878
vt 0.7925 0.474148
vt 0.800786 0.474181
vt 0.792747 0.395218
vt 0.732933 0.395006
vt 0.732901 0.40263
vt 0.724646 0.402596
vt 0.724286 0.473769
vt 0.732552 0.473818
vt 0.792466 0.481804
vt 0.732504 0.481452
vt 0.800229 0.610185
vt 0.797585 0.612251
vt 0.797801 0.609799
vt 0.724431 0.610806
vt 0.72184 0.608268
vt 0.724342 0.60833
vt 0.802493 0.291149
vt 0.8 0.291155
vt 0.802505 0.288674
vt 0.726281 0.29096
vt 0.723791 0.290943
vt 0.802547 0.21496
vt 0.994682 0.291259
vt 0.994677 0.288744
vt 0.455854 0.290063
vt 0.994754 0.21518
vt 0.531722 0.290355
vt 0.529251 0.29034
vt 0.800509 0.523661
vt 0.723938 0.523011
vt 0.455658 0.371243
vt 0.790648 0.957208
vt 0.99533 0.372857
vt 0.926789 0.289982
vt 0.59955 0.289162
vt 0.926844 0.213739
vt 0.796211 0.662157
vt 0.796337 0.659905
vt 0.850137 0.610721
vt 0.859405 0.523662
vt 0.795762 0.744638
vt 0.908099 0.481959
vt 0.794458 0.805658
vt 0.926384 0.394557
vt 0.793569 0.890227
vt 0.673331 0.607836
vt 0.723994 0.658654
vt 0.724025 0.660933
vt 0.665716 0.522384
vt 0.721893 0.743527
vt 0.617383 0.480806
vt 0.721376 0.804591
vt 0.599652 0.393675
vt 0.719906 0.889154
vt 0.528823 0.371563
vt 0.530849 0.371723
vt 0.721071 0.956319
vt 0.801006 0.39525
vt 0.724679 0.394979
vt 0.800758 0.481833
vt 0.724236 0.481394
vt 0.34379 0.407013
vt 0.352099 0.406835
vt 0.343964 0.441652
vt 0.352044 0.44192
vt 0.360484 0.398192
vt 0.360347 0.390047
vt 0.394928 0.397523
vt 0.394892 0.389415
vt 0.343754 0.390379
vt 0.343888 0.398692
vt 0.283992 0.390979
vt 0.283969 0.399201
vt 0.284164 0.407409
vt 0.352067 0.390333
vt 0.359336 0.319743
vt 0.351125 0.319808
vt 0.342911 0.319885
vt 0.267731 0.399468
vt 0.232853 0.399858
vt 0.267455 0.391179
vt 0.23249 0.391555
vt 0.284396 0.441433
vt 0.275952 0.407298
vt 0.276196 0.441838
vt 0.27573 0.39118
vt 0.283267 0.320333
vt 0.275011 0.320386
vt 0.266751 0.320456
vt 0.342517 0.087981
vt 0.350739 0.087907
vt 0.342485 0.177196
vt 0.35071 0.177202
vt 0.358961 0.088004
vt 0.358934 0.177187
vt 0.358963 0.071571
vt 0.350739 0.07169
vt 0.358984 0.012067
vt 0.350764 0.011944
vt 0.342648 0.079748
vt 0.282809 0.079686
vt 0.282921 0.08792
vt 0.35889 0.079786
vt 0.468259 0.088025
vt 0.468274 0.079811
vt 0.468267 0.071591
vt 0.266458 0.087895
vt 0.274689 0.087824
vt 0.266374 0.177234
vt 0.274613 0.177243
vt 0.282852 0.177231
vt 0.358916 0.003853
vt 0.468307 0.012046
vt 0.468318 0.003819
vt 0.266545 0.079661
vt 0.156836 0.079412
vt 0.15683 0.08766
vt 0.536539 0.071635
vt 0.536656 0.079843
vt 0.48344 0.071598
vt 0.483439 0.079815
vt 0.536527 0.088049
vt 0.48343 0.088027
vt 0.012452 0.087234
vt 0.012364 0.079014
vt 0.071953 0.087499
vt 0.07211 0.079278
vt 0.544747 0.071767
vt 0.544842 0.012125
vt 0.536634 0.012227
vt 0.544733 0.087941
vt 0.544808 0.155473
vt 0.53677 0.156816
vt 0.012289 0.154429
vt 0.004234 0.087092
vt 0.003968 0.154725
vt 0.088389 0.08756
vt 0.088276 0.079349
vt 0.141609 0.087628
vt 0.141614 0.079383
vt 0.536782 0.004025
vt 0.483536 0.003832
vt 0.483508 0.012064
vt 0.080173 0.087428
vt 0.071593 0.154786
vt 0.079878 0.15514
vt 0.087923 0.156481
vt 0.342797 0.30468
vt 0.342851 0.312281
vt 0.283163 0.305084
vt 0.283211 0.312708
vt 0.359213 0.304573
vt 0.351004 0.304611
vt 0.359092 0.278413
vt 0.350878 0.27845
vt 0.342664 0.278494
vt 0.359269 0.312156
vt 0.398954 0.319588
vt 0.399378 0.310709
vt 0.402821 0.304567
vt 0.266695 0.31282
vt 0.22609 0.311829
vt 0.266645 0.305186
vt 0.222536 0.305582
vt 0.22665 0.320915
vt 0.274907 0.305126
vt 0.283027 0.278797
vt 0.274773 0.278832
vt 0.266516 0.278874
vt 0.340651 0.744445
vt 0.340654 0.752307
vt 0.283272 0.743994
vt 0.283126 0.7518
vt 0.012166 0.162553
vt 0.071633 0.162858
vt 0.537657 0.16491
vt 0.483394 0.171561
vt 0.48412 0.179761
vt 0.348669 0.744879
vt 0.349382 0.69121
vt 0.341598 0.69057
vt 0.475852 0.071595
vt 0.475907 0.012052
vt 0.475847 0.088029
vt 0.475714 0.174592
vt 0.467694 0.176601
vt 0.14922 0.087641
vt 0.141431 0.171462
vt 0.149131 0.174531
vt 0.157178 0.17657
vt 0.344023 0.449836
vt 0.284186 0.44975
vt 0.34381 0.457984
vt 0.284186 0.45788
vt 0.351737 0.457863
vt 0.351325 0.5275
vt 0.343295 0.527599
vt 0.403017 0.389591
vt 0.407212 0.319793
vt 0.351183 0.540995
vt 0.350519 0.586922
vt 0.342982 0.54314
vt 0.342414 0.592088
vt 0.435003 0.278333
vt 0.413106 0.306172
vt 0.450049 0.277324
vt 0.343176 0.535329
vt 0.284209 0.527296
vt 0.284268 0.535035
vt 0.284389 0.542873
vt 0.452288 0.263059
vt 0.446762 0.270897
vt 0.359048 0.263246
vt 0.35907 0.270831
vt 0.350151 0.606091
vt 0.349621 0.675294
vt 0.342136 0.606862
vt 0.341857 0.675158
vt 0.464214 0.192032
vt 0.460646 0.262989
vt 0.472028 0.192865
vt 0.342229 0.599472
vt 0.284257 0.591633
vt 0.284289 0.599025
vt 0.284234 0.606393
vt 0.34181 0.682854
vt 0.283461 0.674578
vt 0.283282 0.682307
vt 0.283264 0.689979
vt 0.466259 0.184384
vt 0.358938 0.184783
vt 0.35894 0.192378
vt 0.224257 0.391939
vt 0.218252 0.321328
vt 0.276276 0.457699
vt 0.276172 0.527148
vt 0.212051 0.307194
vt 0.18999 0.279042
vt 0.174819 0.278034
vt 0.276188 0.540614
vt 0.276209 0.586374
vt 0.178124 0.271558
vt 0.266491 0.271238
vt 0.172575 0.263644
vt 0.266472 0.263603
vt 0.164163 0.263573
vt 0.161036 0.192354
vt 0.152906 0.193111
vt 0.276259 0.605497
vt 0.275614 0.67446
vt 0.158806 0.184541
vt 0.266376 0.18485
vt 0.266378 0.192468
vt 0.140718 0.179696
vt 0.086974 0.164575
vt 0.275536 0.690513
vt 0.275293 0.744259
vt 0.342493 0.192395
vt 0.350718 0.192393
vt 0.34261 0.263306
vt 0.350831 0.263277
vt 0.342488 0.184795
vt 0.282854 0.184842
vt 0.282859 0.192457
vt 0.27462 0.192463
vt 0.274722 0.263577
vt 0.28297 0.263549
vt 0.342635 0.270902
vt 0.282997 0.271174
vt 0.353605 0.397215
vt 0.350833 0.399915
vt 0.350864 0.397282
vt 0.277166 0.400492
vt 0.27459 0.398091
vt 0.277077 0.398039
vt 0.352008 0.081022
vt 0.349516 0.08102
vt 0.352018 0.078558
vt 0.275936 0.080949
vt 0.273444 0.080922
vt 0.352043 0.005078
vt 0.543499 0.081105
vt 0.543494 0.078596
vt 0.005504 0.080243
vt 0.543614 0.00529
vt 0.081436 0.080598
vt 0.078962 0.080561
vt 0.351059 0.312244
vt 0.274956 0.312793
vt 0.005273 0.161487
vt 0.347313 0.751377
vt 0.544109 0.16237
vt 0.475855 0.079813
vt 0.149227 0.079392
vt 0.475924 0.003817
vt 0.350581 0.451107
vt 0.350692 0.448759
vt 0.401609 0.396294
vt 0.408754 0.311752
vt 0.351203 0.534902
vt 0.45717 0.270739
vt 0.350444 0.597034
vt 0.475419 0.183959
vt 0.350021 0.68318
vt 0.225881 0.398746
vt 0.277499 0.448676
vt 0.27753 0.450949
vt 0.216484 0.312982
vt 0.276241 0.534526
vt 0.167648 0.27138
vt 0.276132 0.596467
vt 0.149476 0.184018
vt 0.275071 0.682433
vt 0.078496 0.161862
vt 0.08056 0.162023
vt 0.27652 0.750747
vt 0.350713 0.184799
vt 0.274616 0.184854
vt 0.350854 0.270861
vt 0.274746 0.271204
usemtl LegSG1
f 21/23/11 22/24/12 23/25/13
f 23/25/13 22/24/12 24/26/14
f 22/27/12 25/28/15 24/29/14
f 24/29/14 25/28/15 26/30/16
f 27/31/17 28/32/18 29/33/19
f 29/33/19 28/32/18 30/34/20
f 28/32/18 21/23/11 30/34/20
f 30/34/20 21/23/11 31/35/21
f 25/28/15 32/36/22 33/37/23
f 33/37/23 32/36/22 34/38/24
f 32/36/22 27/31/17 34/38/24
f 34/38/24 27/31/17 35/39/25
f 36/40/26 37/41/27 38/42/28
f 38/42/28 37/41/27 39/43/29
f 31/35/21 40/44/30 36/45/26
f 36/45/26 40/44/30 37/46/27
f 29/33/19 41/47/31 42/48/32
f 42/48/32 41/47/31 43/49/33
f 41/47/31 38/42/28 43/49/33
f 43/49/33 38/42/28 44/50/34
f 45/51/35 46/52/36 47/53/37
f 47/53/37 46/52/36 48/54/38
f 46/52/36 49/55/39 48/54/38
f 48/54/38 49/55/39 50/56/40
f 51/57/41 52/58/42 53/59/43
f 53/59/43 52/58/42 54/60/44
f 52/61/42 45/51/35 54/62/44
f 54/62/44 45/51/35 55/63/45
f 49/55/39 56/64/46 57/65/47
f 57/65/47 56/64/46 58/66/48
f 56/64/46 51/57/41 58/66/48
f 58/66/48 51/57/41 59/67/49
f 60/68/50 61/69/51 62/70/52
f 62/70/52 61/69/51 63/71/53
f 61/69/51 55/63/45 63/71/53
f 63/71/53 55/63/45 64/72/54
f 53/59/43 65/73/55 66/74/56
f 66/74/56 65/73/55 67/75/57
f 65/76/55 60/68/50 67/77/57
f 67/77/57 60/68/50 68/78/58
f 69/79/59 70/80/60 71/81/61
f 71/81/61 70/80/60 72/82/62
f 70/80/60 73/83/63 72/82/62
f 72/82/62 73/83/63 74/84/64
f 75/85/65 76/86/66 77/87/67
f 77/87/67 76/86/66 78/88/68
f 76/89/66 69/79/59 78/90/68
f 78/90/68 69/79/59 79/91/69
f 80/92/70 81/93/71 73/83/63
f 73/83/63 81/93/71 82/94/72
f 75/85/65 83/95/73 80/96/70
f 80/96/70 83/95/73 81/97/71
f 84/98/74 85/99/75 86/100/76
f 86/100/76 85/99/75 87/101/77
f 85/102/75 79/91/69 87/103/77
f 87/103/77 79/91/69 88/104/78
f 77/87/67 89/105/79 90/106/80
f 90/106/80 89/105/79 91/107/81
f 89/105/79 84/98/74 91/107/81
f 91/107/81 84/98/74 92/108/82
f 93/109/83 94/110/84 95/111/85
f 95/111/85 94/110/84 96/112/86
f 94/110/84 35/39/25 96/112/86
f 96/112/86 35/39/25 42/48/32
f 97/113/87 98/114/88 99/115/89
f 99/115/89 98/114/88 100/116/90
f 98/114/88 93/109/83 100/116/90
f 100/116/90 93/109/83 101/117/91
f 33/37/23 102/118/92 103/119/93
f 103/119/93 102/118/92 104/120/94
f 102/118/92 97/113/87 104/120/94
f 104/120/94 97/113/87 105/121/95
f 106/122/96 107/123/97 108/124/98
f 108/124/98 107/123/97 109/125/99
f 44/50/34 110/126/100 106/122/96
f 106/122/96 110/126/100 107/123/97
f 95/111/85 111/127/101 112/128/102
f 112/128/102 111/127/101 113/129/103
f 111/127/101 108/124/98 113/129/103
f 113/129/103 108/124/98 114/130/104
f 115/131/105 116/132/106 117/133/107
f 117/133/107 116/132/106 118/134/108
f 116/135/106 83/95/73 118/136/108
f 118/136/108 83/95/73 90/106/80
f 82/94/72 119/137/109 120/138/110
f 120/138/110 119/137/109 121/139/111
f 119/140/109 115/131/105 121/141/111
f 121/141/111 115/131/105 122/142/112
f 71/81/61 123/143/113 88/104/78
f 88/104/78 123/143/113 124/144/114
f 123/143/113 59/67/49 124/144/114
f 124/144/114 59/67/49 66/74/56
f 125/145/115 126/146/116 57/65/47
f 57/65/47 126/146/116 127/147/117
f 74/84/64 120/138/110 125/145/115
f 125/145/115 120/138/110 126/146/116
f 86/100/76 128/148/118 129/149/119
f 129/149/119 128/148/118 130/150/120
f 128/148/118 68/78/58 130/150/120
f 130/150/120 68/78/58 131/151/121
f 23/25/13 132/152/122 40/44/30
f 40/44/30 132/152/122 133/153/123
f 132/152/122 134/154/124 133/153/123
f 133/153/123 134/154/124 135/155/125
f 136/156/126 137/157/127 134/154/124
f 134/154/124 137/157/127 138/158/128
f 26/30/16 103/119/93 136/159/126
f 136/159/126 103/119/93 137/160/127
f 139/161/129 140/162/130 141/163/131
f 141/163/131 140/162/130 142/164/132
f 105/121/95 143/165/133 139/166/129
f 139/166/129 143/165/133 140/167/130
f 138/158/128 144/168/134 145/169/135
f 145/169/135 144/168/134 146/170/136
f 144/168/134 141/163/131 146/170/136
f 146/170/136 141/163/131 147/171/137
f 148/172/138 149/173/139 150/174/140
f 150/174/140 149/173/139 151/175/141
f 149/173/139 143/165/133 151/175/141
f 151/175/141 143/165/133 99/115/89
f 152/176/142 153/177/143 154/178/144
f 154/178/144 153/177/143 155/179/145
f 148/172/138 156/180/146 152/181/142
f 152/181/142 156/180/146 153/182/143
f 142/164/132 157/183/147 158/184/148
f 158/184/148 157/183/147 159/185/149
f 157/183/147 154/178/144 159/185/149
f 159/185/149 154/178/144 160/186/150
f 155/179/145 161/187/151 162/188/152
f 162/188/152 161/187/151 163/189/153
f 161/187/151 122/142/112 163/189/153
f 163/189/153 122/142/112 164/190/154
f 127/147/117 165/191/155 50/56/40
f 50/56/40 165/191/155 166/192/156
f 165/191/155 156/180/146 166/192/156
f 166/192/156 156/180/146 167/193/157
f 39/43/29 168/194/158 110/126/100
f 110/126/100 168/194/158 169/195/159
f 168/196/158 135/155/125 169/197/159
f 169/197/159 135/155/125 145/169/135
f 109/125/99 170/198/160 171/199/161
f 171/199/161 170/198/160 172/200/162
f 170/201/160 147/171/137 172/202/162
f 172/202/162 147/171/137 158/184/148
f 173/203/163 174/204/164 171/199/161
f 171/199/161 174/204/164 114/130/104
f 175/205/165 176/206/166 173/203/163
f 173/203/163 176/206/166 174/204/164
f 175/205/165 177/207/167 178/208/168
f 178/208/168 177/207/167 179/209/169
f 177/210/167 160/186/150 179/211/169
f 179/211/169 160/186/150 162/188/152
f 180/212/170 181/213/171 178/208/168
f 178/208/168 181/213/171 182/214/172
f 131/151/121 62/70/52 180/212/170
f 180/212/170 62/70/52 181/213/171
f 183/215/173 184/216/174 129/149/119
f 129/149/119 184/216/174 92/108/82
f 164/190/154 117/133/107 183/217/173
f 183/217/173 117/133/107 184/218/174
f 185/219/175 186/220/38 187/221/176
f 187/221/176 186/220/38 188/222/177
f 186/220/38 167/193/157 188/222/177
f 188/222/177 167/193/157 150/174/140
f 47/53/37 189/223/178 64/72/54
f 64/72/54 189/223/178 190/224/179
f 189/223/178 185/219/175 190/224/179
f 190/224/179 185/219/175 191/225/180
f 182/214/172 192/226/181 176/206/166
f 176/206/166 192/226/181 193/227/53
f 192/226/181 191/225/180 193/227/53
f 193/227/53 191/225/180 194/228/182
f 187/221/176 195/229/183 194/228/182
f 194/228/182 195/229/183 196/230/182
f 195/229/183 101/117/91 196/230/182
f 196/230/182 101/117/91 112/128/102
f 47/53/37 64/72/54 45/51/35
f 45/51/35 64/72/54 55/63/45
f 71/81/61 88/104/78 69/79/59
f 69/79/59 88/104/78 79/91/69
f 120/138/110 74/84/64 82/94/72
f 82/94/72 74/84/64 73/83/63
f 138/158/128 145/169/135 134/154/124
f 134/154/124 145/169/135 135/155/125
f 141/163/131 142/164/132 147/171/137
f 147/171/137 142/164/132 158/184/148
f 155/179/145 162/188/152 154/178/144
f 154/178/144 162/188/152 160/186/150
f 122/142/112 115/131/105 164/190/154
f 164/190/154 115/131/105 117/133/107
f 75/85/65 77/87/67 83/95/73
f 83/95/73 77/87/67 90/106/80
f 31/35/21 21/23/11 40/44/30
f 40/44/30 21/23/11 23/25/13
f 129/149/119 92/108/82 86/100/76
f 86/100/76 92/108/82 84/98/74
f 156/180/146 148/172/138 167/193/157
f 167/193/157 148/172/138 150/174/140
f 187/221/176 194/228/182 185/219/175
f 185/219/175 194/228/182 191/225/180
f 178/208/168 182/214/172 175/205/165
f 175/205/165 182/214/172 176/206/166
f 143/165/133 105/121/95 99/115/89
f 99/115/89 105/121/95 97/113/87
f 93/109/83 95/111/85 101/117/91
f 101/117/91 95/111/85 112/128/102
f 171/199/161 114/130/104 109/125/99
f 109/125/99 114/130/104 108/124/98
f 103/119/93 26/30/16 33/37/23
f 33/37/23 26/30/16 25/28/15
f 27/31/17 29/33/19 35/39/25
f 35/39/25 29/33/19 42/48/32
f 110/126/100 44/50/34 39/43/29
f 39/43/29 44/50/34 38/42/28
f 57/65/47 127/147/117 49/55/39
f 49/55/39 127/147/117 50/56/40
f 51/57/41 53/59/43 59/67/49
f 59/67/49 53/59/43 66/74/56
f 62/70/52 131/151/121 60/68/50
f 60/68/50 131/151/121 68/78/58
f 32/36/22 25/28/15 197/231/184
f 197/231/184 25/28/15 22/27/12
f 22/24/12 21/23/11 197/232/184
f 197/232/184 21/23/11 28/32/18
f 28/32/18 27/31/17 197/233/184
f 197/233/184 27/31/17 32/36/22
f 30/34/20 31/35/21 198/234/185
f 198/234/185 31/35/21 36/45/26
f 36/40/26 38/42/28 198/235/185
f 198/235/185 38/42/28 41/47/31
f 41/47/31 29/33/19 198/236/185
f 198/236/185 29/33/19 30/34/20
f 56/64/46 49/55/39 199/237/186
f 199/237/186 49/55/39 46/52/36
f 46/52/36 45/51/35 199/238/186
f 199/238/186 45/51/35 52/61/42
f 52/58/42 51/57/41 199/239/186
f 199/239/186 51/57/41 56/64/46
f 54/62/44 55/63/45 200/240/187
f 200/240/187 55/63/45 61/69/51
f 61/69/51 60/68/50 200/241/187
f 200/241/187 60/68/50 65/76/55
f 65/73/55 53/59/43 200/242/187
f 200/242/187 53/59/43 54/60/44
f 80/92/70 73/83/63 201/243/188
f 201/243/188 73/83/63 70/80/60
f 70/80/60 69/79/59 201/244/188
f 201/244/188 69/79/59 76/89/66
f 76/86/66 75/85/65 201/245/188
f 201/245/188 75/85/65 80/96/70
f 78/90/68 79/91/69 202/246/189
f 202/246/189 79/91/69 85/102/75
f 85/99/75 84/98/74 202/247/189
f 202/247/189 84/98/74 89/105/79
f 89/105/79 77/87/67 202/248/189
f 202/248/189 77/87/67 78/88/68
f 34/38/24 35/39/25 203/249/190
f 203/249/190 35/39/25 94/110/84
f 93/109/83 98/114/88 94/110/84
f 94/110/84 98/114/88 203/249/190
f 97/113/87 102/118/92 98/114/88
f 98/114/88 102/118/92 203/249/190
f 102/118/92 33/37/23 203/249/190
f 203/249/190 33/37/23 34/38/24
f 43/49/33 44/50/34 204/250/191
f 204/250/191 44/50/34 106/122/96
f 108/124/98 111/127/101 106/122/96
f 106/122/96 111/127/101 204/250/191
f 95/111/85 96/112/86 111/127/101
f 111/127/101 96/112/86 204/250/191
f 96/112/86 42/48/32 204/250/191
f 204/250/191 42/48/32 43/49/33
f 81/97/71 83/95/73 205/251/192
f 205/251/192 83/95/73 116/135/106
f 116/132/106 115/131/105 205/252/192
f 205/252/192 115/131/105 119/140/109
f 119/137/109 82/94/72 205/253/192
f 205/253/192 82/94/72 81/93/71
f 59/67/49 123/143/113 58/66/48
f 58/66/48 123/143/113 206/254/193
f 123/143/113 71/81/61 206/254/193
f 206/254/193 71/81/61 72/82/62
f 72/82/62 74/84/64 206/254/193
f 206/254/193 74/84/64 125/145/115
f 57/65/47 58/66/48 125/145/115
f 125/145/115 58/66/48 206/254/193
f 68/78/58 128/148/118 67/77/57
f 67/77/57 128/148/118 207/255/194
f 128/148/118 86/100/76 207/255/194
f 207/255/194 86/100/76 87/101/77
f 87/103/77 88/104/78 207/256/194
f 207/256/194 88/104/78 124/144/114
f 66/74/56 67/75/57 124/144/114
f 124/144/114 67/75/57 207/256/194
f 136/156/126 134/154/124 208/257/195
f 208/257/195 134/154/124 132/152/122
f 132/152/122 23/25/13 208/258/195
f 208/258/195 23/25/13 24/26/14
f 24/29/14 26/30/16 208/259/195
f 208/259/195 26/30/16 136/159/126
f 103/119/93 104/120/94 137/160/127
f 137/160/127 104/120/94 209/260/196
f 104/120/94 105/121/95 209/260/196
f 209/260/196 105/121/95 139/166/129
f 141/163/131 144/168/134 139/161/129
f 139/161/129 144/168/134 209/261/196
f 144/168/134 138/158/128 209/261/196
f 209/261/196 138/158/128 137/157/127
f 143/165/133 149/173/139 140/167/130
f 140/167/130 149/173/139 210/262/197
f 149/173/139 148/172/138 210/262/197
f 210/262/197 148/172/138 152/181/142
f 154/178/144 157/183/147 152/176/142
f 152/176/142 157/183/147 210/263/197
f 157/183/147 142/164/132 210/263/197
f 210/263/197 142/164/132 140/162/130
f 165/191/155 127/147/117 211/264/198
f 211/264/198 127/147/117 126/146/116
f 120/138/110 121/139/111 126/146/116
f 126/146/116 121/139/111 211/264/198
f 122/142/112 161/187/151 121/141/111
f 121/141/111 161/187/151 211/265/198
f 155/179/145 153/177/143 161/187/151
f 161/187/151 153/177/143 211/265/198
f 156/180/146 165/191/155 153/182/143
f 153/182/143 165/191/155 211/264/198
f 168/194/158 39/43/29 212/266/199
f 212/266/199 39/43/29 37/41/27
f 37/46/27 40/44/30 212/267/199
f 212/267/199 40/44/30 133/153/123
f 133/153/123 135/155/125 212/268/199
f 212/268/199 135/155/125 168/196/158
f 170/198/160 109/125/99 213/269/200
f 213/269/200 109/125/99 107/123/97
f 110/126/100 169/195/159 107/123/97
f 107/123/97 169/195/159 213/269/200
f 169/197/159 145/169/135 213/270/200
f 213/270/200 145/169/135 146/170/136
f 147/171/137 170/201/160 146/170/136
f 146/170/136 170/201/160 213/270/200
f 177/207/167 175/205/165 214/271/201
f 214/271/201 175/205/165 173/203/163
f 171/199/161 172/200/162 173/203/163
f 173/203/163 172/200/162 214/271/201
f 172/202/162 158/184/148 214/272/201
f 214/272/201 158/184/148 159/185/149
f 160/186/150 177/210/167 159/185/149
f 159/185/149 177/210/167 214/272/201
f 129/149/119 130/150/120 183/215/173
f 183/215/173 130/150/120 215/273/202
f 130/150/120 131/151/121 215/273/202
f 215/273/202 131/151/121 180/212/170
f 178/208/168 179/209/169 180/212/170
f 180/212/170 179/209/169 215/273/202
f 162/188/152 163/189/153 179/211/169
f 179/211/169 163/189/153 215/274/202
f 164/190/154 183/217/173 163/189/153
f 163/189/153 183/217/173 215/274/202
f 118/136/108 90/106/80 216/275/203
f 216/275/203 90/106/80 91/107/81
f 91/107/81 92/108/82 216/276/203
f 216/276/203 92/108/82 184/216/174
f 184/218/174 117/133/107 216/277/203
f 216/277/203 117/133/107 118/134/108
f 166/192/156 167/193/157 217/278/38
f 217/278/38 167/193/157 186/220/38
f 186/220/38 185/219/175 217/278/38
f 217/278/38 185/219/175 189/223/178
f 47/53/37 48/54/38 189/223/178
f 189/223/178 48/54/38 217/278/38
f 50/56/40 166/192/156 48/54/38
f 48/54/38 166/192/156 217/278/38
f 190/224/179 191/225/180 218/279/204
f 218/279/204 191/225/180 192/226/181
f 192/226/181 182/214/172 218/279/204
f 218/279/204 182/214/172 181/213/171
f 62/70/52 63/71/53 181/213/171
f 181/213/171 63/71/53 218/279/204
f 64/72/54 190/224/179 63/71/53
f 63/71/53 190/224/179 218/279/204
f 151/175/141 99/115/89 219/280/205
f 219/280/205 99/115/89 100/116/90
f 100/116/90 101/117/91 219/280/205
f 219/280/205 101/117/91 195/229/183
f 195/229/183 187/221/176 219/280/205
f 219/280/205 187/221/176 188/222/177
f 188/222/177 150/174/140 219/280/205
f 219/280/205 150/174/140 151/175/141
f 196/230/182 112/128/102 220/281/206
f 220/281/206 112/128/102 113/129/103
f 113/129/103 114/130/104 220/281/206
f 220/281/206 114/130/104 174/204/164
f 174/204/164 176/206/166 220/281/206
f 220/281/206 176/206/166 193/227/53
f 193/227/53 194/228/182 220/281/206
f 220/281/206 194/228/182 196/230/182
f 221/282/11 222/283/207 223/284/13
f 223/284/13 222/283/207 224/285/208
f 222/286/207 225/287/209 224/288/208
f 224/288/208 225/287/209 226/289/210
f 227/290/211 228/291/212 229/292/213
f 229/292/213 228/291/212 230/293/214
f 228/291/212 221/282/11 230/293/214
f 230/293/214 221/282/11 231/294/215
f 225/287/209 232/295/216 233/296/217
f 233/296/217 232/295/216 234/297/218
f 232/295/216 227/290/211 234/297/218
f 234/297/218 227/290/211 235/298/25
f 236/299/219 237/300/220 238/301/221
f 238/301/221 237/300/220 239/302/222
f 231/294/215 240/303/30 236/304/219
f 236/304/219 240/303/30 237/305/220
f 229/292/213 241/306/223 242/307/224
f 242/307/224 241/306/223 243/308/225
f 241/306/223 238/301/221 243/308/225
f 243/308/225 238/301/221 244/309/226
f 245/310/35 246/311/227 247/312/37
f 247/312/37 246/311/227 248/313/228
f 246/311/227 249/314/229 248/313/228
f 248/313/228 249/314/229 250/315/230
f 251/316/41 252/317/231 253/318/232
f 253/318/232 252/317/231 254/319/233
f 252/320/231 245/310/35 254/321/233
f 254/321/233 245/310/35 255/322/234
f 249/314/229 256/323/235 257/324/236
f 257/324/236 256/323/235 258/325/237
f 256/323/235 251/316/41 258/325/237
f 258/325/237 251/316/41 259/326/49
f 260/327/238 261/328/239 262/329/240
f 262/329/240 261/328/239 263/330/241
f 261/328/239 255/322/234 263/330/241
f 263/330/241 255/322/234 264/331/242
f 253/318/232 265/332/243 266/333/244
f 266/333/244 265/332/243 267/334/245
f 265/335/243 260/327/238 267/336/245
f 267/336/245 260/327/238 268/337/246
f 269/338/59 270/339/247 271/340/61
f 271/340/61 270/339/247 272/341/248
f 270/339/247 273/342/249 272/341/248
f 272/341/248 273/342/249 274/343/250
f 275/344/251 276/345/252 277/346/253
f 277/346/253 276/345/252 278/347/254
f 276/348/252 269/338/59 278/349/254
f 278/349/254 269/338/59 279/350/255
f 280/351/256 281/352/257 273/342/249
f 273/342/249 281/352/257 282/353/258
f 275/344/251 283/354/259 280/355/256
f 280/355/256 283/354/259 281/356/257
f 284/357/260 285/358/261 286/359/262
f 286/359/262 285/358/261 287/360/263
f 285/361/261 279/350/255 287/362/263
f 287/362/263 279/350/255 288/363/264
f 277/346/253 289/364/265 290/365/266
f 290/365/266 289/364/265 291/366/267
f 289/364/265 284/357/260 291/366/267
f 291/366/267 284/357/260 292/367/268
f 293/368/269 294/369/270 295/370/271
f 295/370/271 294/369/270 296/371/272
f 294/369/270 235/298/25 296/371/272
f 296/371/272 235/298/25 242/307/224
f 297/372/273 298/373/274 299/374/275
f 299/374/275 298/373/274 300/375/276
f 298/373/274 293/368/269 300/375/276
f 300/375/276 293/368/269 301/376/176
f 233/296/217 302/377/277 303/378/278
f 303/378/278 302/377/277 304/379/279
f 302/377/277 297/372/273 304/379/279
f 304/379/279 297/372/273 305/380/280
f 306/381/281 307/382/282 308/383/283
f 308/383/283 307/382/282 309/384/284
f 244/309/226 310/385/285 306/381/281
f 306/381/281 310/385/285 307/382/282
f 295/370/271 311/386/286 312/387/287
f 312/387/287 311/386/286 313/388/288
f 311/386/286 308/383/283 313/388/288
f 313/388/288 308/383/283 314/389/289
f 315/390/290 316/391/291 317/392/292
f 317/392/292 316/391/291 318/393/293
f 316/394/291 283/354/259 318/395/293
f 318/395/293 283/354/259 290/365/266
f 282/353/258 319/396/294 320/397/295
f 320/397/295 319/396/294 321/398/296
f 319/399/294 315/390/290 321/400/296
f 321/400/296 315/390/290 322/401/297
f 271/340/61 323/402/113 288/363/264
f 288/363/264 323/402/113 324/403/114
f 323/402/113 259/326/49 324/403/114
f 324/403/114 259/326/49 266/333/244
f 325/404/298 326/405/299 257/324/236
f 257/324/236 326/405/299 327/406/300
f 274/343/250 320/397/295 325/404/298
f 325/404/298 320/397/295 326/405/299
f 286/359/262 328/407/301 329/408/302
f 329/408/302 328/407/301 330/409/303
f 328/407/301 268/337/246 330/409/303
f 330/409/303 268/337/246 331/410/121
f 223/284/13 332/411/304 240/303/30
f 240/303/30 332/411/304 333/412/305
f 332/411/304 334/413/306 333/412/305
f 333/412/305 334/413/306 335/414/307
f 336/415/308 337/416/309 334/413/306
f 334/413/306 337/416/309 338/417/310
f 226/289/210 303/378/278 336/418/308
f 336/418/308 303/378/278 337/419/309
f 339/420/311 340/421/312 341/422/313
f 341/422/313 340/421/312 342/423/314
f 305/380/280 343/424/315 339/425/311
f 339/425/311 343/424/315 340/426/312
f 338/417/310 344/427/316 345/428/317
f 345/428/317 344/427/316 346/429/318
f 344/427/316 341/422/313 346/429/318
f 346/429/318 341/422/313 347/430/319
f 348/431/320 349/432/321 350/433/322
f 350/433/322 349/432/321 351/434/323
f 349/432/321 343/424/315 351/434/323
f 351/434/323 343/424/315 299/374/275
f 352/435/324 353/436/325 354/437/326
f 354/437/326 353/436/325 355/438/327
f 348/431/320 356/439/328 352/440/324
f 352/440/324 356/439/328 353/441/325
f 342/423/314 357/442/329 358/443/330
f 358/443/330 357/442/329 359/444/331
f 357/442/329 354/437/326 359/444/331
f 359/444/331 354/437/326 360/445/332
f 355/438/327 361/446/333 362/447/334
f 362/447/334 361/446/333 363/448/335
f 361/446/333 322/401/297 363/448/335
f 363/448/335 322/401/297 364/449/336
f 327/406/300 365/450/337 250/315/230
f 250/315/230 365/450/337 366/451/338
f 365/450/337 356/439/328 366/451/338
f 366/451/338 356/439/328 367/452/339
f 239/302/222 368/453/340 310/385/285
f 310/385/285 368/453/340 369/454/341
f 368/455/340 335/414/307 369/456/341
f 369/456/341 335/414/307 345/428/317
f 309/384/284 370/457/342 371/458/343
f 371/458/343 370/457/342 372/459/344
f 370/460/342 347/430/319 372/461/344
f 372/461/344 347/430/319 358/443/330
f 373/462/345 374/463/346 371/458/343
f 371/458/343 374/463/346 314/389/289
f 375/464/347 376/465/348 373/462/345
f 373/462/345 376/465/348 374/463/346
f 375/464/347 377/466/349 378/467/350
f 378/467/350 377/466/349 379/468/351
f 377/469/349 360/445/332 379/470/351
f 379/470/351 360/445/332 362/447/334
f 380/471/352 381/472/353 378/467/350
f 378/467/350 381/472/353 382/473/354
f 331/410/121 262/329/240 380/471/352
f 380/471/352 262/329/240 381/472/353
f 383/474/355 384/475/356 329/408/302
f 329/408/302 384/475/356 292/367/268
f 364/449/336 317/392/292 383/476/355
f 383/476/355 317/392/292 384/477/356
f 385/478/357 386/479/358 387/480/359
f 387/480/359 386/479/358 388/481/360
f 386/479/358 367/452/339 388/481/360
f 388/481/360 367/452/339 350/433/322
f 247/312/37 389/482/183 264/331/242
f 264/331/242 389/482/183 390/483/361
f 389/482/183 385/478/357 390/483/361
f 390/483/361 385/478/357 391/484/180
f 382/473/354 392/485/362 376/465/348
f 376/465/348 392/485/362 393/486/363
f 392/485/362 391/484/180 393/486/363
f 393/486/363 391/484/180 394/487/364
f 387/480/359 395/488/178 394/487/364
f 394/487/364 395/488/178 396/489/180
f 395/488/178 301/376/176 396/489/180
f 396/489/180 301/376/176 312/387/287
f 247/312/37 264/331/242 245/310/35
f 245/310/35 264/331/242 255/322/234
f 271/340/61 288/363/264 269/338/59
f 269/338/59 288/363/264 279/350/255
f 320/397/295 274/343/250 282/353/258
f 282/353/258 274/343/250 273/342/249
f 338/417/310 345/428/317 334/413/306
f 334/413/306 345/428/317 335/414/307
f 341/422/313 342/423/314 347/430/319
f 347/430/319 342/423/314 358/443/330
f 355/438/327 362/447/334 354/437/326
f 354/437/326 362/447/334 360/445/332
f 322/401/297 315/390/290 364/449/336
f 364/449/336 315/390/290 317/392/292
f 275/344/251 277/346/253 283/354/259
f 283/354/259 277/346/253 290/365/266
f 231/294/215 221/282/11 240/303/30
f 240/303/30 221/282/11 223/284/13
f 329/408/302 292/367/268 286/359/262
f 286/359/262 292/367/268 284/357/260
f 356/439/328 348/431/320 367/452/339
f 367/452/339 348/431/320 350/433/322
f 387/480/359 394/487/364 385/478/357
f 385/478/357 394/487/364 391/484/180
f 378/467/350 382/473/354 375/464/347
f 375/464/347 382/473/354 376/465/348
f 343/424/315 305/380/280 299/374/275
f 299/374/275 305/380/280 297/372/273
f 293/368/269 295/370/271 301/376/176
f 301/376/176 295/370/271 312/387/287
f 371/458/343 314/389/289 309/384/284
f 309/384/284 314/389/289 308/383/283
f 303/378/278 226/289/210 233/296/217
f 233/296/217 226/289/210 225/287/209
f 227/290/211 229/292/213 235/298/25
f 235/298/25 229/292/213 242/307/224
f 310/385/285 244/309/226 239/302/222
f 239/302/222 244/309/226 238/301/221
f 257/324/236 327/406/300 249/314/229
f 249/314/229 327/406/300 250/315/230
f 251/316/41 253/318/232 259/326/49
f 259/326/49 253/318/232 266/333/244
f 262/329/240 331/410/121 260/327/238
f 260/327/238 331/410/121 268/337/246
f 232/295/216 225/287/209 397/490/365
f 397/490/365 225/287/209 222/286/207
f 222/283/207 221/282/11 397/491/365
f 397/491/365 221/282/11 228/291/212
f 228/291/212 227/290/211 397/492/365
f 397/492/365 227/290/211 232/295/216
f 230/293/214 231/294/215 398/493/366
f 398/493/366 231/294/215 236/304/219
f 236/299/219 238/301/221 398/494/366
f 398/494/366 238/301/221 241/306/223
f 241/306/223 229/292/213 398/495/366
f 398/495/366 229/292/213 230/293/214
f 256/323/235 249/314/229 399/496/367
f 399/496/367 249/314/229 246/311/227
f 246/311/227 245/310/35 399/497/367
f 399/497/367 245/310/35 252/320/231
f 252/317/231 251/316/41 399/498/367
f 399/498/367 251/316/41 256/323/235
f 254/321/233 255/322/234 400/499/368
f 400/499/368 255/322/234 261/328/239
f 261/328/239 260/327/238 400/500/368
f 400/500/368 260/327/238 265/335/243
f 265/332/243 253/318/232 400/501/368
f 400/501/368 253/318/232 254/319/233
f 280/351/256 273/342/249 401/502/369
f 401/502/369 273/342/249 270/339/247
f 270/339/247 269/338/59 401/503/369
f 401/503/369 269/338/59 276/348/252
f 276/345/252 275/344/251 401/504/369
f 401/504/369 275/344/251 280/355/256
f 278/349/254 279/350/255 402/505/370
f 402/505/370 279/350/255 285/361/261
f 285/358/261 284/357/260 402/506/370
f 402/506/370 284/357/260 289/364/265
f 289/364/265 277/346/253 402/507/370
f 402/507/370 277/346/253 278/347/254
f 234/297/218 235/298/25 403/508/371
f 403/508/371 235/298/25 294/369/270
f 293/368/269 298/373/274 294/369/270
f 294/369/270 298/373/274 403/508/371
f 297/372/273 302/377/277 298/373/274
f 298/373/274 302/377/277 403/508/371
f 302/377/277 233/296/217 403/508/371
f 403/508/371 233/296/217 234/297/218
f 243/308/225 244/309/226 404/509/372
f 404/509/372 244/309/226 306/381/281
f 308/383/283 311/386/286 306/381/281
f 306/381/281 311/386/286 404/509/372
f 295/370/271 296/371/272 311/386/286
f 311/386/286 296/371/272 404/509/372
f 296/371/272 242/307/224 404/509/372
f 404/509/372 242/307/224 243/308/225
f 281/356/257 283/354/259 405/510/373
f 405/510/373 283/354/259 316/394/291
f 316/391/291 315/390/290 405/511/373
f 405/511/373 315/390/290 319/399/294
f 319/396/294 282/353/258 405/512/373
f 405/512/373 282/353/258 281/352/257
f 259/326/49 323/402/113 258/325/237
f 258/325/237 323/402/113 406/513/374
f 323/402/113 271/340/61 406/513/374
f 406/513/374 271/340/61 272/341/248
f 272/341/248 274/343/250 406/513/374
f 406/513/374 274/343/250 325/404/298
f 257/324/236 258/325/237 325/404/298
f 325/404/298 258/325/237 406/513/374
f 268/337/246 328/407/301 267/336/245
f 267/336/245 328/407/301 407/514/375
f 328/407/301 286/359/262 407/514/375
f 407/514/375 286/359/262 287/360/263
f 287/362/263 288/363/264 407/515/375
f 407/515/375 288/363/264 324/403/114
f 266/333/244 267/334/245 324/403/114
f 324/403/114 267/334/245 407/515/375
f 336/415/308 334/413/306 408/516/376
f 408/516/376 334/413/306 332/411/304
f 332/411/304 223/284/13 408/517/376
f 408/517/376 223/284/13 224/285/208
f 224/288/208 226/289/210 408/518/376
f 408/518/376 226/289/210 336/418/308
f 303/378/278 304/379/279 337/419/309
f 337/419/309 304/379/279 409/519/377
f 304/379/279 305/380/280 409/519/377
f 409/519/377 305/380/280 339/425/311
f 341/422/313 344/427/316 339/420/311
f 339/420/311 344/427/316 409/520/377
f 344/427/316 338/417/310 409/520/377
f 409/520/377 338/417/310 337/416/309
f 343/424/315 349/432/321 340/426/312
f 340/426/312 349/432/321 410/521/378
f 349/432/321 348/431/320 410/521/378
f 410/521/378 348/431/320 352/440/324
f 354/437/326 357/442/329 352/435/324
f 352/435/324 357/442/329 410/522/378
f 357/442/329 342/423/314 410/522/378
f 410/522/378 342/423/314 340/421/312
f 365/450/337 327/406/300 411/523/379
f 411/523/379 327/406/300 326/405/299
f 320/397/295 321/398/296 326/405/299
f 326/405/299 321/398/296 411/523/379
f 322/401/297 361/446/333 321/400/296
f 321/400/296 361/446/333 411/524/379
f 355/438/327 353/436/325 361/446/333
f 361/446/333 353/436/325 411/524/379
f 356/439/328 365/450/337 353/441/325
f 353/441/325 365/450/337 411/523/379
f 368/453/340 239/302/222 412/525/380
f 412/525/380 239/302/222 237/300/220
f 237/305/220 240/303/30 412/526/380
f 412/526/380 240/303/30 333/412/305
f 333/412/305 335/414/307 412/527/380
f 412/527/380 335/414/307 368/455/340
f 370/457/342 309/384/284 413/528/381
f 413/528/381 309/384/284 307/382/282
f 310/385/285 369/454/341 307/382/282
f 307/382/282 369/454/341 413/528/381
f 369/456/341 345/428/317 413/529/381
f 413/529/381 345/428/317 346/429/318
f 347/430/319 370/460/342 346/429/318
f 346/429/318 370/460/342 413/529/381
f 377/466/349 375/464/347 414/530/382
f 414/530/382 375/464/347 373/462/345
f 371/458/343 372/459/344 373/462/345
f 373/462/345 372/459/344 414/530/382
f 372/461/344 358/443/330 414/531/382
f 414/531/382 358/443/330 359/444/331
f 360/445/332 377/469/349 359/444/331
f 359/444/331 377/469/349 414/531/382
f 329/408/302 330/409/303 383/474/355
f 383/474/355 330/409/303 415/532/383
f 330/409/303 331/410/121 415/532/383
f 415/532/383 331/410/121 380/471/352
f 378/467/350 379/468/351 380/471/352
f 380/471/352 379/468/351 415/532/383
f 362/447/334 363/448/335 379/470/351
f 379/470/351 363/448/335 415/533/383
f 364/449/336 383/476/355 363/448/335
f 363/448/335 383/476/355 415/533/383
f 318/395/293 290/365/266 416/534/384
f 416/534/384 290/365/266 291/366/267
f 291/366/267 292/367/268 416/535/384
f 416/535/384 292/367/268 384/475/356
f 384/477/356 317/392/292 416/536/384
f 416/536/384 317/392/292 318/393/293
f 366/451/338 367/452/339 417/537/385
f 417/537/385 367/452/339 386/479/358
f 386/479/358 385/478/357 417/537/385
f 417/537/385 385/478/357 389/482/183
f 247/312/37 248/313/228 389/482/183
f 389/482/183 248/313/228 417/537/385
f 250/315/230 366/451/338 248/313/228
f 248/313/228 366/451/338 417/537/385
f 390/483/361 391/484/180 418/538/386
f 418/538/386 391/484/180 392/485/362
f 392/485/362 382/473/354 418/538/386
f 418/538/386 382/473/354 381/472/353
f 262/329/240 263/330/241 381/472/353
f 381/472/353 263/330/241 418/538/386
f 264/331/242 390/483/361 263/330/241
f 263/330/241 390/483/361 418/538/386
f 351/434/323 299/374/275 419/539/387
f 419/539/387 299/374/275 300/375/276
f 300/375/276 301/376/176 419/539/387
f 419/539/387 301/376/176 395/488/178
f 395/488/178 387/480/359 419/539/387
f 419/539/387 387/480/359 388/481/360
f 388/481/360 350/433/322 419/539/387
f 419/539/387 350/433/322 351/434/323
f 396/489/180 312/387/287 420/540/388
f 420/540/388 312/387/287 313/388/288
f 313/388/288 314/389/289 420/540/388
f 420/540/388 314/389/289 374/463/346
f 374/463/346 376/465/348 420/540/388
f 420/540/388 376/465/348 393/486/363
f 393/486/363 394/487/364 420/540/388
f 420/540/388 394/487/364 396/489/180
s off
g WallShelf_TopSG1
v -2.88088 1.12735 0.656572
v -2.94113 1.15231 0.656572
v -2.88088 1.12735 -0.646173
v -2.94113 1.15231 -0.646173
v -2.9661 1.21256 0.656572
v -2.9661 1.21256 -0.646173
v -2.88088 1.21256 0.741787
v -2.88088 1.15231 0.716827
v 2.88089 1.21256 0.741787
v 2.88089 1.15231 0.716827
v 2.88089 1.12735 0.656572
v -2.94113 1.21256 0.716827
v -2.9661 1.46825 0.656572
v -2.94113 1.46825 0.716827
v -2.88088 1.46825 0.741787
v 2.9661 1.21256 0.656572
v 2.94114 1.15231 0.656572
v 2.9661 1.21256 -0.646173
v 2.94114 1.15231 -0.646173
v 2.88089 1.12735 -0.646173
v 2.94114 1.21256 0.716827
v 2.88089 1.46825 0.741787
v 2.94114 1.46825 0.716827
v 2.9661 1.46825 0.656572
v -2.94113 1.5285 0.656572
v -2.9661 1.46825 -0.646173
v -2.94113 1.5285 -0.646173
v -2.88088 1.55346 0.656572
v -2.88088 1.55346 -0.646173
v -2.88088 1.5285 0.716827
v 2.88089 1.55346 0.656572
v 2.88089 1.5285 0.716827
v 2.94114 1.5285 0.656572
v 2.88089 1.55346 -0.646173
v 2.94114 1.5285 -0.646173
v 2.9661 1.46825 -0.646173
v -2.94113 1.46825 -0.706429
v -2.94113 1.21256 -0.706429
v -2.88088 1.46825 -0.731388
v -2.88088 1.21256 -0.731388
v -2.88088 1.5285 -0.706429
v 2.88089 1.46825 -0.731388
v 2.88089 1.5285 -0.706429
v 2.94114 1.46825 -0.706429
v 2.88089 1.21256 -0.731388
v 2.94114 1.21256 -0.706429
v -2.88088 1.15231 -0.706429
v 2.88089 1.15231 -0.706429
v -2.93006 1.16338 0.705753
v 2.93006 1.16338 0.705753
v -2.93006 1.51743 0.705753
v 2.93006 1.51743 0.705753
v -2.93006 1.51743 -0.695354
v 2.93006 1.51743 -0.695354
v -2.93006 1.16338 -0.695354
v 2.93006 1.16338 -0.695354
vn -0.004153 -0.999826 0.018179
vn -0.702255 -0.711802 0.013264
vn -0.004153 -0.999826 -0.018179
vn -0.702255 -0.711802 -0.013264
vn -0.996811 -0.0779 0.017308
vn -0.996811 -0.0779 -0.017308
vn -0.004011 -0.07853 0.996904
vn -0.002678 -0.708578 0.705628
vn 0.004011 -0.07853 0.996904
vn 0.002678 -0.708578 0.705628
vn 0.004153 -0.999826 0.018179
vn -0.704065 -0.05907 0.707674
vn -0.996811 0.0779 0.017308
vn -0.704065 0.05907 0.707674
vn -0.004011 0.07853 0.996904
vn 0.996811 -0.0779 0.017308
vn 0.702255 -0.711802 0.013264
vn 0.996811 -0.0779 -0.017308
vn 0.702255 -0.711802 -0.013264
vn 0.004153 -0.999826 -0.018179
vn 0.704065 -0.05907 0.707674
vn 0.004011 0.07853 0.996904
vn 0.704065 0.05907 0.707674
vn 0.996811 0.0779 0.017308
vn -0.702255 0.711802 0.013264
vn -0.996811 0.0779 -0.017308
vn -0.702255 0.711802 -0.013264
vn -0.004153 0.999826 0.018179
vn -0.004153 0.999826 -0.018179
vn -0.002678 0.708578 0.705628
vn 0.004153 0.999826 0.018179
vn 0.002678 0.708578 0.705628
vn 0.702255 0.711802 0.013264
vn 0.004153 0.999826 -0.018179
vn 0.702255 0.711802 -0.013264
vn 0.996811 0.0779 -0.017308
vn -0.704065 0.05907 -0.707674
vn -0.704065 -0.05907 -0.707674
vn -0.004011 0.07853 -0.996904
vn -0.004011 -0.07853 -0.996904
vn -0.002678 0.708578 -0.705628
vn 0.004011 0.07853 -0.996904
vn 0.002678 0.708578 -0.705628
vn 0.704065 0.05907 -0.707674
vn 0.004011 -0.07853 -0.996904
vn 0.704065 -0.05907 -0.707674
vn -0.002678 -0.708578 -0.705628
vn 0.002678 -0.708578 -0.705628
vn -0.596468 -0.487809 0.637392
vn 0.596468 -0.487809 0.637392
vn -0.596468 0.487809 0.637392
vn 0.596468 0.487809 0.637392
vn -0.596468 0.487809 -0.637392
vn 0.596468 0.487809 -0.637392
vn -0.596468 -0.487809 -0.637392
vn 0.596468 -0.487809 -0.637392
vt 0.404189 0.824659
vt 0.404242 0.832012
vt 0.257467 0.824638
vt 0.257354 0.832022
vt 0.00177 0.838849
vt 0.009287 0.838937
vt 0.001977 0.988567
vt 0.00947 0.988517
vt 0.009182 0.824645
vt 0.00183 0.82467
vt 0.00908 0.175877
vt 0.001728 0.175854
vt 0.411662 0.824669
vt 0.411412 0.17572
vt 0.404068 0.175735
vt 0.009291 0.831779
vt 0.03857 0.838858
vt 0.038348 0.831649
vt 0.03794 0.824621
vt 0.00918 0.161526
vt 0.00164 0.161592
vt 0.009852 0.011506
vt 0.002338 0.011431
vt 0.404117 0.168388
vt 0.257233 0.168416
vt 0.257349 0.175801
vt 0.009181 0.168715
vt 0.037842 0.175898
vt 0.038272 0.168879
vt 0.038526 0.161678
vt 0.046129 0.838745
vt 0.038831 0.988477
vt 0.046326 0.988506
vt 0.052476 0.832083
vt 0.052592 0.824649
vt 0.19945 0.832029
vt 0.199333 0.82464
vt 0.045262 0.82464
vt 0.052493 0.175866
vt 0.045164 0.175878
vt 0.052375 0.168435
vt 0.199218 0.175821
vt 0.199332 0.168433
vt 0.046101 0.161817
vt 0.046814 0.011639
vt 0.039298 0.011642
vt 0.039022 0.99599
vt 0.009298 0.996032
vt 0.213548 0.832274
vt 0.213996 0.824644
vt 0.243259 0.832272
vt 0.242805 0.824643
vt 0.206664 0.82464
vt 0.213879 0.175811
vt 0.206548 0.175818
vt 0.213424 0.16818
vt 0.242687 0.175801
vt 0.243138 0.168172
vt 0.039515 0.004107
vt 0.009704 0.003968
vt 0.250137 0.824638
vt 0.250019 0.175803
vt 0.003099 0.831758
vt 0.410462 0.830878
vt 0.410271 0.16956
vt 0.002971 0.168738
vt 0.045131 0.83126
vt 0.045046 0.169278
vt 0.206459 0.830805
vt 0.04526 0.99477
vt 0.045769 0.005349
vt 0.206339 0.169653
vt 0.250347 0.830801
vt 0.003054 0.994829
vt 0.00344 0.005154
vt 0.250226 0.16964
usemtl TopSG1
f 421/541/389 422/542/390 423/543/391
f 423/543/391 422/542/390 424/544/392
f 422/545/390 425/546/393 424/547/392
f 424/547/392 425/546/393 426/548/394
f 427/549/395 428/550/396 429/551/397
f 429/551/397 428/550/396 430/552/398
f 428/553/396 421/541/389 430/554/398
f 430/554/398 421/541/389 431/555/399
f 425/546/393 432/556/400 433/557/401
f 433/557/401 432/556/400 434/558/402
f 432/556/400 427/549/395 434/558/402
f 434/558/402 427/549/395 435/559/403
f 436/560/404 437/561/405 438/562/406
f 438/562/406 437/561/405 439/563/407
f 437/564/405 431/555/399 439/565/407
f 439/565/407 431/555/399 440/566/408
f 429/551/397 441/567/409 442/568/410
f 442/568/410 441/567/409 443/569/411
f 441/567/409 436/560/404 443/569/411
f 443/569/411 436/560/404 444/570/412
f 433/557/401 445/571/413 446/572/414
f 446/572/414 445/571/413 447/573/415
f 445/574/413 448/575/416 447/576/415
f 447/576/415 448/575/416 449/577/417
f 448/575/416 450/578/418 451/579/419
f 451/579/419 450/578/418 452/580/420
f 450/578/418 435/559/403 452/580/420
f 452/580/420 435/559/403 442/568/410
f 451/579/419 453/581/421 454/582/422
f 454/582/422 453/581/421 455/583/423
f 453/584/421 444/570/412 455/585/423
f 455/585/423 444/570/412 456/586/424
f 446/572/414 457/587/425 426/548/394
f 426/548/394 457/587/425 458/588/426
f 457/589/425 459/590/427 458/591/426
f 458/591/426 459/590/427 460/592/428
f 459/590/427 461/593/429 462/594/430
f 462/594/430 461/593/429 463/595/431
f 461/593/429 449/577/417 463/595/431
f 463/595/431 449/577/417 454/582/422
f 462/594/430 464/596/432 465/597/433
f 465/597/433 464/596/432 466/598/434
f 464/599/432 456/586/424 466/600/434
f 466/600/434 456/586/424 438/562/406
f 423/543/391 467/601/435 440/566/408
f 440/566/408 467/601/435 468/602/436
f 467/601/435 460/592/428 468/602/436
f 468/602/436 460/592/428 465/597/433
f 427/549/395 429/551/397 435/559/403
f 435/559/403 429/551/397 442/568/410
f 448/575/416 451/579/419 449/577/417
f 449/577/417 451/579/419 454/582/422
f 459/590/427 462/594/430 460/592/428
f 460/592/428 462/594/430 465/597/433
f 423/543/391 440/566/408 421/541/389
f 421/541/389 440/566/408 431/555/399
f 436/560/404 438/562/406 444/570/412
f 444/570/412 438/562/406 456/586/424
f 426/548/394 425/546/393 446/572/414
f 446/572/414 425/546/393 433/557/401
f 432/556/400 425/546/393 469/603/437
f 469/603/437 425/546/393 422/545/390
f 421/541/389 428/553/396 422/542/390
f 422/542/390 428/553/396 469/604/437
f 428/550/396 427/549/395 469/603/437
f 469/603/437 427/549/395 432/556/400
f 431/555/399 437/564/405 430/554/398
f 430/554/398 437/564/405 470/605/438
f 437/561/405 436/560/404 470/606/438
f 470/606/438 436/560/404 441/567/409
f 441/567/409 429/551/397 470/606/438
f 470/606/438 429/551/397 430/552/398
f 448/575/416 445/574/413 450/578/418
f 450/578/418 445/574/413 471/607/439
f 445/571/413 433/557/401 471/607/439
f 471/607/439 433/557/401 434/558/402
f 434/558/402 435/559/403 471/607/439
f 471/607/439 435/559/403 450/578/418
f 443/569/411 444/570/412 472/608/440
f 472/608/440 444/570/412 453/584/421
f 451/579/419 452/580/420 453/581/421
f 453/581/421 452/580/420 472/608/440
f 452/580/420 442/568/410 472/608/440
f 472/608/440 442/568/410 443/569/411
f 461/593/429 459/590/427 473/609/441
f 473/609/441 459/590/427 457/589/425
f 457/587/425 446/572/414 473/610/441
f 473/610/441 446/572/414 447/573/415
f 449/577/417 461/593/429 447/576/415
f 447/576/415 461/593/429 473/609/441
f 455/585/423 456/586/424 474/611/442
f 474/611/442 456/586/424 464/599/432
f 464/596/432 462/594/430 474/612/442
f 474/612/442 462/594/430 463/595/431
f 454/582/422 455/583/423 463/595/431
f 463/595/431 455/583/423 474/612/442
f 423/543/391 424/544/392 467/601/435
f 467/601/435 424/544/392 475/613/443
f 424/547/392 426/548/394 475/614/443
f 475/614/443 426/548/394 458/588/426
f 458/591/426 460/592/428 475/613/443
f 475/613/443 460/592/428 467/601/435
f 466/600/434 438/562/406 476/615/444
f 476/615/444 438/562/406 439/563/407
f 440/566/408 468/602/436 439/565/407
f 439/565/407 468/602/436 476/616/444
f 468/602/436 465/597/433 476/616/444
f 476/616/444 465/597/433 466/598/434
s off
g WallShelf_initialShadingGroup
v -0.046421 -0.775262 -0.361492
v 0.179245 -0.771109 -0.361198
v -0.053017 -0.294581 -0.386913
v 0.169476 -0.288909 -0.356564
v 0.629185 -0.757542 -0.347008
v 0.615505 -0.274787 -0.324499
v 0.96537 -0.747726 -0.3715
v 0.949532 -0.264238 -0.349295
v 1.30206 -0.735893 -0.381712
v 1.28421 -0.252174 -0.344515
v 1.6384 -0.721269 -0.35251
v 1.6195 -0.239594 -0.340483
v 1.97665 -0.707339 -0.360662
v 1.95466 -0.225978 -0.353838
v -0.062454 0.194277 -0.373611
v 0.158201 0.200399 -0.351986
v 0.601757 0.213667 -0.335285
v 0.934258 0.223536 -0.340897
v 1.26733 0.234643 -0.33993
v 1.60058 0.246962 -0.339556
v 1.93436 0.2605 -0.346493
v -0.068977 0.437469 -0.356316
v 0.15271 0.443544 -0.35005
v 0.594891 0.456566 -0.342861
v 0.926945 0.466043 -0.348473
v 1.25918 0.476587 -0.354622
v 1.59165 0.488958 -0.36001
v 1.92487 0.501837 -0.367552
v 0.137875 0.414989 -0.735699
v 0.125977 -0.073858 -0.696112
v -0.082813 0.420532 -0.736727
v -0.093281 -0.068532 -0.698509
v 0.5777 0.401995 -0.72942
v 0.563992 -0.0875 -0.702188
v 0.90694 0.391621 -0.724339
v 0.892853 -0.097542 -0.699566
v 1.23708 0.380938 -0.724195
v 1.2222 -0.108286 -0.708092
v 1.56782 0.370061 -0.720821
v 1.55199 -0.118915 -0.703108
v 1.89825 0.358172 -0.715773
v 1.88109 -0.129869 -0.684834
v 0.112843 -0.563832 -0.674658
v -0.105921 -0.558155 -0.681883
v 0.549702 -0.577449 -0.681116
v 0.878292 -0.586952 -0.671816
v 1.20718 -0.597625 -0.688414
v 1.53698 -0.607616 -0.678062
v 1.86674 -0.617194 -0.650162
v -0.071461 0.574429 -0.393349
v 0.14991 0.580254 -0.395218
v 0.591206 0.589907 -0.399986
v 0.923061 0.593859 -0.406519
v 1.25496 0.598007 -0.413876
v 1.58709 0.607224 -0.423145
v 1.9203 0.615713 -0.433626
v -0.079853 0.567438 -0.710178
v 0.140858 0.562757 -0.712864
v 0.581146 0.551231 -0.715435
v 0.910954 0.540939 -0.717264
v 1.24144 0.531025 -0.72193
v 1.57253 0.522764 -0.725723
v 1.90356 0.512493 -0.728161
v -0.075945 0.678745 -0.541636
v -0.073587 0.650881 -0.444944
v 0.145515 0.679327 -0.548124
v 0.147694 0.65509 -0.450047
v 0.58844 0.661565 -0.460701
v 0.586023 0.678466 -0.561132
v 0.919865 0.663508 -0.470791
v 0.916868 0.675254 -0.572533
v 1.2513 0.665131 -0.481983
v 1.24789 0.67158 -0.584591
v 1.58307 0.671057 -0.49579
v 1.57932 0.670837 -0.599014
v 1.91589 0.675638 -0.511095
v 1.91143 0.667863 -0.614336
v -0.077778 0.644796 -0.661686
v 0.142969 0.641108 -0.666994
v 0.583435 0.631634 -0.675461
v 0.91367 0.62269 -0.681774
v 1.24436 0.613615 -0.690102
v 1.5756 0.60639 -0.698921
v 1.90703 0.596924 -0.706768
v -0.046421 -0.763658 -0.38887
v -0.053017 -0.300424 -0.400513
v 0.179245 -0.759655 -0.38862
v 0.169476 -0.294956 -0.385525
v 0.629185 -0.74658 -0.376715
v 0.615505 -0.281347 -0.369694
v 0.96537 -0.737122 -0.397266
v 0.949532 -0.271181 -0.381935
v 1.30206 -0.725718 -0.405834
v 1.28421 -0.259555 -0.379576
v 1.6195 -0.247431 -0.377586
v 1.6384 -0.711624 -0.381332
v 1.95466 -0.234308 -0.38418
v 1.97665 -0.6982 -0.388172
v -0.062454 0.170691 -0.392107
v 0.158201 0.176594 -0.380537
v 0.601757 0.189381 -0.371601
v 0.934258 0.198888 -0.374603
v 1.26733 0.209593 -0.374086
v 1.60058 0.221465 -0.373884
v 1.93436 0.234512 -0.377598
v -0.068977 0.405058 -0.384508
v 0.15271 0.410913 -0.381601
v 0.594891 0.42346 -0.378273
v 0.926945 0.432594 -0.380871
v 1.25918 0.442757 -0.383722
v 1.59165 0.454679 -0.386219
v 1.92487 0.467091 -0.389715
v 0.137875 0.383394 -0.69462
v -0.082813 0.388736 -0.695484
v 0.125977 -0.087711 -0.663197
v -0.093281 -0.082579 -0.665209
v 0.5777 0.370871 -0.689348
v 0.563992 -0.100857 -0.668295
v 0.90694 0.360872 -0.685087
v 0.892853 -0.110535 -0.666094
v 1.23708 0.350578 -0.684969
v 1.2222 -0.12089 -0.673246
v 1.56782 0.340096 -0.682135
v 1.55199 -0.131132 -0.669067
v 1.89825 0.328639 -0.677896
v 1.88109 -0.14169 -0.653728
v -0.105921 -0.55443 -0.644156
v 0.112843 -0.559901 -0.638096
v 0.549702 -0.573024 -0.643515
v 0.878292 -0.582183 -0.635712
v 1.20718 -0.592467 -0.649635
v 1.53698 -0.602097 -0.640955
v 1.86674 -0.611327 -0.617538
v -0.071461 0.537046 -0.424593
v 0.14991 0.54266 -0.426161
v 0.591206 0.551964 -0.430164
v 0.923061 0.555771 -0.435644
v 1.25496 0.559769 -0.441816
v 1.58709 0.568651 -0.449594
v 1.9203 0.576834 -0.458389
v -0.079853 0.530311 -0.673206
v 0.140858 0.5258 -0.675461
v 0.581146 0.51469 -0.677618
v 0.910954 0.504772 -0.679152
v 1.24144 0.495218 -0.683065
v 1.57253 0.487256 -0.686251
v 1.90356 0.477359 -0.688295
v -0.075945 0.637575 -0.53179
v 0.145515 0.638138 -0.537237
v 0.147694 0.614229 -0.471346
v -0.073587 0.610173 -0.467068
v 0.586023 0.637307 -0.548151
v 0.58844 0.620468 -0.480288
v 0.916868 0.634212 -0.557716
v 0.919865 0.622343 -0.488752
v 1.24789 0.630672 -0.567833
v 1.2513 0.623905 -0.49815
v 1.57932 0.629955 -0.579935
v 1.58307 0.629616 -0.509727
v 1.91143 0.627089 -0.592789
v 1.91589 0.634031 -0.52257
v -0.077778 0.60486 -0.632517
v 0.142969 0.601305 -0.636971
v 0.583435 0.592176 -0.644075
v 0.91367 0.583556 -0.649374
v 1.24436 0.574812 -0.656361
v 1.5756 0.567848 -0.663761
v 1.90703 0.558725 -0.670343
v -0.147215 -0.9801 -0.360565
v -0.153486 -0.986279 -0.351366
v -0.152069 -0.76366 -0.385773
v -0.158875 -0.762039 -0.378996
v -0.042435 -0.984118 -0.376469
v -0.041607 -0.990317 -0.369015
v 0.183685 -0.983232 -0.394617
v 0.184052 -0.989746 -0.387392
v -0.155983 -0.302969 -0.429972
v -0.16375 -0.302359 -0.424105
v 0.635906 -0.971139 -0.391405
v 0.636284 -0.977742 -0.384266
v 0.973598 -0.96178 -0.412371
v 0.973835 -0.968368 -0.405203
v 1.31061 -0.957587 -0.422504
v 1.31058 -0.950899 -0.429594
v 1.64703 -0.94158 -0.382675
v 1.64709 -0.9352 -0.390038
v 1.98772 -0.928198 -0.391472
v 1.9874 -0.921858 -0.398849
v 2.10132 -0.922477 -0.389423
v 2.09448 -0.91655 -0.397137
v 2.08266 -0.693406 -0.395266
v 2.08949 -0.697023 -0.388432
v 2.06664 -0.229455 -0.388809
v 2.05939 -0.230032 -0.39529
v -0.16317 0.1667 -0.424311
v -0.17099 0.166454 -0.418526
v 2.04587 0.237694 -0.36813
v 2.03897 0.237314 -0.374977
v -0.170403 0.400727 -0.417255
v -0.178188 0.400753 -0.411404
v 2.02954 0.472191 -0.394033
v 2.03657 0.474731 -0.387594
v -0.181778 0.531567 -0.427641
v -0.174599 0.529926 -0.434116
v 2.02538 0.581242 -0.460945
v 2.03226 0.586077 -0.455893
v -0.17717 0.605524 -0.472595
v -0.184265 0.610546 -0.46771
v 2.02782 0.643219 -0.525587
v 2.02094 0.63588 -0.527277
v -0.183807 0.392515 -0.705751
v -0.190395 0.393045 -0.712967
v -0.19413 -0.078673 -0.671526
v -0.200855 -0.079062 -0.678543
v -0.181931 0.5333 -0.679848
v -0.188595 0.535841 -0.686579
v -0.207188 -0.550533 -0.653366
v -0.213751 -0.550679 -0.660551
v 2.00017 0.326591 -0.667936
v 2.00724 0.325666 -0.674559
v 2.01323 0.472239 -0.692623
v 2.00641 0.472416 -0.685619
v 1.98132 -0.139507 -0.635286
v 1.98927 -0.139223 -0.641405
v 1.968 -0.611922 -0.600473
v 1.97543 -0.612553 -0.60672
v -0.239086 -1.48472 -0.639135
v -0.245682 -1.49204 -0.64607
v 1.94516 -1.54323 -0.562801
v 1.95243 -1.55152 -0.567505
v -0.136702 -1.48886 -0.627316
v -0.136497 -1.49638 -0.633492
v 1.8434 -1.54225 -0.586929
v 1.84324 -1.55022 -0.592607
v 0.083576 -1.49564 -0.621347
v 0.083332 -1.50319 -0.627483
v 0.523155 -1.5093 -0.634991
v 0.52309 -1.51684 -0.641153
v 0.852493 -1.5178 -0.609419
v 0.852116 -1.52551 -0.615374
v 1.18099 -1.52755 -0.652534
v 1.18057 -1.53505 -0.658754
v 1.51231 -1.54317 -0.636814
v 1.51248 -1.5355 -0.630777
v -0.179003 0.636274 -0.536407
v -0.185936 0.643531 -0.536097
v -0.180595 0.606766 -0.637056
v -0.187349 0.612576 -0.641792
v 2.0106 0.564156 -0.671534
v 2.01744 0.567307 -0.678095
v 2.016 0.625751 -0.597095
v 2.02285 0.632088 -0.600533
v -0.153486 -0.987264 -0.325344
v -0.145786 -0.98019 -0.321508
v -0.158716 -0.777258 -0.357014
v -0.151558 -0.775265 -0.3507
v -0.043777 -0.991228 -0.345802
v -0.042479 -0.983592 -0.339876
v 0.183453 -0.99066 -0.367531
v 0.183647 -0.983319 -0.361132
v -0.163763 -0.29809 -0.406467
v -0.157299 -0.297258 -0.399216
v 0.635868 -0.971182 -0.357166
v 0.635841 -0.978411 -0.363684
v 0.973553 -0.961539 -0.382141
v 0.973835 -0.968777 -0.388657
v 1.31054 -0.950629 -0.402575
v 1.31111 -0.957736 -0.409233
v 1.64776 -0.941401 -0.361835
v 1.64704 -0.933967 -0.35557
v 1.98735 -0.920301 -0.36603
v 1.98766 -0.927767 -0.372267
v 2.09397 -0.915195 -0.363951
v 2.10132 -0.921913 -0.369799
v 2.08981 -0.702927 -0.369467
v 2.0829 -0.702354 -0.362637
v 2.0665 -0.221457 -0.369881
v 2.05995 -0.221516 -0.362677
v -0.171253 0.19009 -0.40394
v -0.165066 0.190209 -0.396423
v 2.04543 0.263397 -0.350449
v 2.03856 0.263397 -0.343557
v -0.178555 0.43248 -0.390808
v -0.172522 0.432881 -0.383165
v 2.03627 0.505068 -0.368881
v 2.02924 0.507114 -0.362242
v -0.181988 0.564418 -0.404339
v -0.175276 0.566991 -0.397621
v 2.02525 0.620282 -0.436666
v 2.0321 0.615671 -0.441944
v -0.200649 -0.063791 -0.691996
v -0.193821 -0.064612 -0.698883
v -0.21376 -0.553153 -0.678986
v -0.206772 -0.554205 -0.68569
v -0.183174 0.424429 -0.741787
v -0.190201 0.424345 -0.734943
v -0.181576 0.57053 -0.710945
v -0.188492 0.567969 -0.704451
v 2.0078 0.346713 -0.701195
v 2.00116 0.346072 -0.708286
v 2.00687 0.507341 -0.724958
v 2.01376 0.506838 -0.718006
v 1.98927 -0.13319 -0.657732
v 1.98273 -0.130538 -0.665134
v 1.97539 -0.617352 -0.622055
v 1.96923 -0.617795 -0.62958
v -0.245682 -1.4941 -0.657412
v -0.238338 -1.48858 -0.6644
v 1.95243 -1.55346 -0.579327
v 1.94664 -1.54795 -0.588057
v -0.137234 -1.49892 -0.65
v -0.136629 -1.49278 -0.657528
v 0.083607 -1.49971 -0.650421
v 0.083435 -1.50581 -0.642839
v 0.523182 -1.5138 -0.66667
v 0.522804 -1.51993 -0.659105
v 0.852524 -1.52246 -0.636225
v 0.852594 -1.52834 -0.628418
v 1.18113 -1.53879 -0.680014
v 1.18102 -1.53261 -0.687578
v 1.51251 -1.54072 -0.661663
v 1.51231 -1.54675 -0.65395
v 1.84324 -1.55292 -0.604151
v 1.84344 -1.54725 -0.612232
v 2.02781 0.670553 -0.518925
v 2.02093 0.677557 -0.516701
v 2.01591 0.666475 -0.619465
v 2.02279 0.659731 -0.616962
v 2.01077 0.58706 -0.704409
v 2.01767 0.583107 -0.698282
v -0.184311 0.640093 -0.448927
v -0.177538 0.64604 -0.444407
v -0.180428 0.646771 -0.659956
v -0.187325 0.640844 -0.655569
v -0.185966 0.670192 -0.54015
v -0.179127 0.677392 -0.540007
vn -0.0113 0.049644 0.998703
vn -0.038548 -0.008458 0.999221
vn -0.091247 0.008916 0.995788
vn -0.066008 -0.00827 0.997785
vn 0.008515 -0.034966 0.999352
vn -0.004467 -0.015518 0.99987
vn 0.048178 -0.054339 0.99736
vn 0.030601 -0.028699 0.99912
vn -0.02237 -0.059634 0.99797
vn -0.012883 -0.033293 0.999363
vn -0.017686 -0.036681 0.99917
vn 0.002407 -0.021018 0.999776
vn 0.032296 -0.015834 0.999353
vn 0.033667 -0.013342 0.999344
vn -0.127231 -0.030047 0.991418
vn -0.06321 -0.004522 0.99799
vn -0.010883 0.009533 0.999895
vn 0.016179 0.009594 0.999823
vn -0.003016 0.013141 0.999909
vn 0.011935 0.021924 0.999688
vn 0.021404 0.020471 0.999561
vn -0.096734 0.062688 0.993334
vn -0.02981 0.120657 0.992247
vn -0.006742 0.153778 0.988083
vn 0.01044 0.179317 0.983736
vn 0.006163 0.199511 0.979876
vn 0.009913 0.222401 0.974905
vn 0.00165 0.236033 0.971744
vn 0.001762 -0.022907 -0.999736
vn -0.001356 -0.056874 -0.99838
vn 0.011432 -0.021369 -0.999706
vn 0.015946 -0.058646 -0.998152
vn 0.004221 -0.023895 -0.999706
vn 0.00072 -0.053928 -0.998545
vn -0.001381 -0.024388 -0.999702
vn -0.006766 -0.048033 -0.998823
vn -0.001768 -0.026516 -0.999647
vn -0.005095 -0.042441 -0.999086
vn 0.017279 -0.040447 -0.999032
vn 0.033628 -0.048759 -0.998244
vn 0.044275 -0.059608 -0.997239
vn 0.076748 -0.062065 -0.995117
vn -0.005847 -0.028946 -0.999564
vn 0.032086 -0.030131 -0.999031
vn 0.006181 -0.03126 -0.999492
vn -0.018353 -0.03152 -0.999335
vn -0.01925 -0.025028 -0.999501
vn 0.071205 -0.032749 -0.996924
vn 0.124885 -0.04598 -0.991105
vn -0.042853 0.382368 0.923016
vn -0.007677 0.44432 0.895835
vn 0.000906 0.484664 0.8747
vn 0.010789 0.52783 0.849281
vn 0.008507 0.560549 0.828077
vn 0.007308 0.598488 0.801099
vn 0.001805 0.626349 0.779541
vn 0.006679 0.313003 -0.949729
vn 0.002578 0.275003 -0.96144
vn 0.004944 0.236747 -0.971559
vn -0.000765 0.184315 -0.982867
vn -0.00542 0.140743 -0.990031
vn -0.002753 0.092131 -0.995743
vn 0.009705 0.056331 -0.998365
vn -0.005597 0.99942 -0.033605
vn -0.013455 0.820687 0.57122
vn 3e-06 0.996611 -0.082263
vn -0.000181 0.84869 0.528891
vn 0.004818 0.871173 0.490953
vn 0.003401 0.991809 -0.127687
vn 0.0104 0.898024 0.439824
vn 0.005542 0.981919 -0.189223
vn 0.005335 0.918887 0.394486
vn -0.001354 0.97005 -0.2429
vn 0.001314 0.940789 0.338992
vn -0.006051 0.95255 -0.304324
vn 0.001012 0.954555 0.298032
vn -0.000174 0.935372 -0.353667
vn -0.001048 0.831474 -0.555564
vn 0.000134 0.805415 -0.592712
vn 0.002799 0.777299 -0.629125
vn 0.001374 0.735194 -0.677855
vn -0.00534 0.695824 -0.718192
vn -0.007585 0.649164 -0.760611
vn 0.004647 0.61141 -0.7913
vn 0.024461 -0.028943 -0.999282
vn 0.099346 -0.003731 -0.995046
vn 0.020477 0.011867 -0.99972
vn 0.035043 0.006392 -0.999365
vn -0.008485 0.028596 -0.999555
vn 0.001146 0.010345 -0.999946
vn -0.037298 0.046759 -0.99821
vn -0.019867 0.021368 -0.999574
vn 0.017474 0.052498 -0.998468
vn 0.008498 0.025403 -0.999641
vn 0.001258 0.01536 -0.999881
vn 0.016863 0.033083 -0.99931
vn -0.028902 0.009982 -0.999532
vn -0.032471 0.016479 -0.999337
vn 0.129808 0.01882 -0.991361
vn 0.032319 0.003314 -0.999472
vn 0.005645 -0.004033 -0.999976
vn -0.008093 -0.003962 -0.999959
vn 0.001572 -0.005515 -0.999984
vn -0.006048 -0.009769 -0.999934
vn -0.017258 -0.009176 -0.999809
vn 0.103722 -0.08761 -0.99074
vn 0.016259 -0.12896 -0.991517
vn 0.004265 -0.150731 -0.988566
vn -0.004528 -0.171337 -0.985202
vn -0.001808 -0.189862 -0.981809
vn -0.003338 -0.211223 -0.977432
vn -0.005691 -0.22436 -0.97449
vn -0.001559 0.017053 0.999853
vn -0.028478 0.016048 0.999466
vn 0.001301 0.055099 0.99848
vn -0.031844 0.057121 0.997859
vn -0.003636 0.017877 0.999834
vn -0.000446 0.052562 0.998618
vn 0.001082 0.018318 0.999832
vn 0.005853 0.04743 0.998857
vn 0.001381 0.020179 0.999795
vn 0.004436 0.042561 0.999084
vn -0.014614 0.032339 0.99937
vn -0.028069 0.048066 0.99845
vn -0.045071 0.049771 0.997743
vn -0.069401 0.059322 0.995824
vn -0.04562 0.028604 0.998549
vn 0.004995 0.02708 0.999621
vn -0.005228 0.029047 0.999564
vn 0.015556 0.029279 0.99945
vn 0.016325 0.023753 0.999585
vn -0.061186 0.030775 0.997652
vn -0.110879 0.042887 0.992908
vn 0.056228 -0.365602 -0.929071
vn 0.004965 -0.417609 -0.908613
vn -0.000512 -0.451412 -0.892316
vn -0.006811 -0.495598 -0.868525
vn -0.004457 -0.534556 -0.845122
vn -0.002792 -0.578136 -0.815935
vn -0.003272 -0.606164 -0.795333
vn -0.023505 -0.275868 0.960908
vn -0.002186 -0.241603 0.970373
vn -0.004177 -0.207561 0.978213
vn 0.000648 -0.161115 0.986935
vn 0.004556 -0.12285 0.992415
vn 0.002311 -0.080291 0.996769
vn -0.008616 -0.0456 0.998923
vn 0.004419 -0.999325 0.036462
vn -0.000829 -0.994864 0.10122
vn -0.000805 -0.771875 -0.635774
vn 0.024298 -0.731875 -0.681005
vn -0.00393 -0.98759 0.157005
vn -0.005324 -0.802826 -0.596189
vn -0.005678 -0.972268 0.2338
vn -0.010512 -0.841672 -0.539888
vn 0.001063 -0.954051 0.299643
vn -0.00588 -0.872606 -0.488389
vn 0.005673 -0.927662 0.373378
vn -0.002078 -0.90572 -0.423872
vn 0.008828 -0.907772 0.41937
vn -0.001533 -0.925911 -0.377738
vn -0.00988 -0.794763 0.60684
vn -0.000118 -0.76353 0.645773
vn -0.002539 -0.732561 0.680696
vn -0.001234 -0.686531 0.7271
vn 0.004756 -0.644794 0.764342
vn 0.006716 -0.596525 0.802566
vn 0.007271 -0.555076 0.831768
vn -0.172787 -0.130952 -0.976215
vn -0.858122 -0.478428 -0.18637
vn -0.006724 -0.071203 -0.997439
vn -0.971535 -0.037032 -0.233983
vn -0.057041 -0.06952 -0.995948
vn -0.033798 -0.971613 -0.234151
vn -0.002608 -0.005844 -0.99998
vn 0.012482 -0.965975 -0.258334
vn 0.143946 -0.021409 -0.989354
vn -0.95139 -0.023736 -0.307072
vn -0.01768 0.020959 -0.999624
vn 0.020653 -0.966143 -0.257181
vn -0.051251 0.041471 -0.997824
vn 0.012584 -0.95884 -0.283669
vn 0.047415 -0.954069 -0.295809
vn 0.026426 0.047851 -0.998505
vn 0.053282 -0.972822 -0.225343
vn 0.035367 0.024796 -0.999067
vn 0.037843 -0.975268 -0.217762
vn -0.023527 0.005079 -0.99971
vn 0.887772 -0.404586 -0.219478
vn 0.061676 -0.013878 -0.998
vn 0.003276 0.011631 -0.999927
vn 0.97235 0.049102 -0.22831
vn 0.958726 0.051341 -0.27966
vn -0.001367 0.016681 -0.99986
vn 0.227544 0.024542 -0.973458
vn -0.957948 -0.011736 -0.286701
vn 0.967558 0.042609 -0.249032
vn 0.033341 -0.00093 -0.999444
vn 0.202955 -0.049677 -0.977927
vn -0.970563 -0.035824 -0.238168
vn 0.063795 -0.236761 -0.969471
vn 0.980963 -0.009967 -0.193939
vn -0.987192 -0.06665 -0.144945
vn 0.094158 -0.311265 -0.945647
vn 0.065144 -0.62445 -0.778343
vn 0.98644 -0.073275 -0.146857
vn -0.004367 -0.7144 -0.699724
vn -0.992896 -0.098506 -0.066741
vn 0.991553 -0.098196 -0.084733
vn 0.084779 -0.937892 -0.336408
vn -0.145438 0.015221 0.98925
vn -0.976291 0.023433 0.21519
vn -0.136404 0.057913 0.988959
vn -0.957985 0.040258 0.28398
vn -0.144102 -0.288145 0.946682
vn -0.987513 -0.036367 0.153284
vn -0.151111 0.029425 0.988079
vn -0.957984 0.036744 0.284458
vn -0.053031 0.071712 0.996015
vn 0.976665 -0.020503 0.213788
vn 0.986768 -0.038361 0.157535
vn 0.03154 -0.00836 0.999468
vn -0.089045 0.070664 0.993518
vn 0.954543 -0.010488 0.297888
vn -0.12575 0.052734 0.99066
vn 0.932341 -0.005746 0.361533
vn -0.181569 0.013625 0.983284
vn -0.975959 -0.06485 0.208082
vn -0.110119 0.031197 0.993429
vn 0.958078 -0.102404 0.267583
vn -0.050932 0.012506 0.998624
vn -0.05352 -0.903828 0.424536
vn -0.124335 0.021849 0.992
vn -0.091971 -0.867937 0.488084
vn 0.005635 0.008254 0.99995
vn -0.023247 -0.906921 0.420659
vn -0.009126 0.009142 0.999917
vn -0.033537 -0.908139 0.417323
vn 0.018258 0.00874 0.999795
vn -0.012711 -0.893171 0.449538
vn 0.020399 0.000765 0.999792
vn -0.011674 -0.916393 0.400109
vn -0.064003 -0.898654 0.433963
vn -0.073631 0.008183 0.997252
vn -0.069295 -0.997329 0.023073
vn -0.992438 -0.121867 0.014642
vn -0.117112 -0.794338 0.59608
vn -0.992497 -0.090881 0.081795
vn 0.092681 -0.536001 0.839114
vn 0.99098 -0.104081 0.084412
vn 0.092684 -0.894075 0.438223
vn 0.989777 -0.141953 0.013785
vn -0.860569 -0.458139 0.222552
vn 0.065149 0.08633 0.994134
vn -0.963429 0.014169 0.267587
vn -0.027193 0.091914 0.995396
vn 0.014266 -0.975819 0.218115
vn 0.076439 0.042935 0.996149
vn 0.023524 -0.973877 0.225854
vn 0.00346 -0.029157 0.999569
vn -0.967276 0.000195 0.253726
vn -0.147821 0.028775 0.988595
vn 0.022004 -0.061315 0.997876
vn 0.033445 -0.966912 0.25291
vn 0.061974 -0.086237 0.994345
vn 0.047607 -0.959519 0.277591
vn -0.029783 -0.094602 0.99507
vn 0.027507 -0.960029 0.278545
vn 0.02575 -0.951582 0.306316
vn -0.04024 -0.065836 0.997019
vn 0.022557 -0.046047 0.998685
vn 0.04573 -0.959605 0.277608
vn 0.07585 -0.046532 0.996033
vn 0.890656 -0.389124 0.23519
vn 0.964508 0.047963 0.25966
vn 0.094704 -0.004554 0.995495
vn 0.968714 0.039891 0.244954
vn 0.100471 -0.01262 0.99486
vn -0.950371 -0.029648 0.309704
vn -0.240841 -0.035317 0.969922
vn 0.957626 0.037661 0.285542
vn 0.065569 0.010889 0.997789
vn -0.964537 -0.024559 0.262802
vn -0.255 0.018268 0.966769
vn 0.964101 0.096882 0.247233
vn 0.018119 0.246205 0.969048
vn -0.973142 0.03969 0.22676
vn -0.165763 0.318127 0.933444
vn 0.039042 0.657466 0.752472
vn 0.975231 0.174148 0.136372
vn -0.960021 0.006361 -0.279857
vn -0.043977 -0.055673 -0.99748
vn -0.953815 0.022874 -0.299523
vn -0.025807 -0.025539 -0.999341
vn -0.035843 -0.0167 -0.999218
vn -0.941317 0.009114 -0.337401
vn -0.034494 0.334426 -0.94179
vn -0.969769 0.095162 -0.224704
vn 0.956129 -0.063887 -0.285896
vn 0.163374 -0.085801 -0.982826
vn 0.09994 0.021818 -0.994754
vn 0.958815 -0.034384 -0.281941
vn 0.967001 -0.053576 -0.249076
vn 0.212925 -0.079966 -0.973791
vn 0.965778 -0.039109 -0.256405
vn 0.260967 -0.057763 -0.963618
vn -0.961975 -0.083533 -0.260051
vn -0.034385 -0.033307 -0.998854
vn 0.965964 -0.142183 -0.216097
vn 0.283864 -0.058587 -0.957073
vn -0.028408 -0.987759 -0.153381
vn 0.037793 -0.03475 -0.998681
vn -0.007366 -0.030273 -0.999515
vn -0.033006 -0.990939 -0.130193
vn 0.010246 -0.031231 -0.99946
vn -0.026231 -0.988854 -0.14656
vn -0.022366 -0.031015 -0.999269
vn -0.030156 -0.995329 -0.091711
vn -0.033561 -0.991376 -0.126679
vn -0.024792 -0.021261 -0.999467
vn 0.084949 -0.029301 -0.995954
vn -0.007571 -0.99382 -0.110743
vn 0.004629 -0.993511 -0.113642
vn 0.138655 -0.043942 -0.989365
vn 0.965712 0.259101 0.016337
vn 0.050508 0.965154 0.256761
vn 0.067855 0.911208 -0.40632
vn 0.965384 0.209761 -0.155031
vn 0.091449 0.562586 -0.821666
vn 0.969389 0.094337 -0.226685
vn -0.97067 0.175626 0.16418
vn -0.09114 0.797449 0.596463
vn -0.051927 0.842795 -0.535723
vn -0.969783 0.213199 -0.118606
vn -0.970342 0.24134 0.013822
vn -0.068079 0.997636 -0.009364
vt 0.431162 0.779458
vt 0.386025 0.779225
vt 0.430824 0.682984
vt 0.38584 0.682911
vt 0.296517 0.778409
vt 0.296648 0.682313
vt 0.229582 0.778605
vt 0.229872 0.682135
vt 0.162516 0.778555
vt 0.162946 0.681632
vt 0.095153 0.777586
vt 0.095775 0.681116
vt 0.027372 0.777421
vt 0.028387 0.680548
vt 0.429694 0.584963
vt 0.385314 0.585076
vt 0.296739 0.584928
vt 0.23032 0.584599
vt 0.163599 0.584078
vt 0.096725 0.583465
vt 0.029608 0.582607
vt 0.428834 0.536309
vt 0.384845 0.536615
vt 0.296848 0.536555
vt 0.230619 0.53604
vt 0.163964 0.535396
vt 0.097159 0.534697
vt 0.030125 0.53379
vt 0.385017 0.396571
vt 0.385092 0.298037
vt 0.429337 0.396783
vt 0.429233 0.298096
vt 0.29682 0.396135
vt 0.296934 0.297573
vt 0.230629 0.395947
vt 0.230688 0.297306
vt 0.164132 0.395745
vt 0.164274 0.297087
vt 0.09752 0.395471
vt 0.097764 0.296853
vt 0.030967 0.395188
vt 0.031272 0.296505
vt 0.385315 0.199293
vt 0.429407 0.199423
vt 0.297263 0.198754
vt 0.230958 0.198451
vt 0.164486 0.198252
vt 0.097859 0.198082
vt 0.031048 0.197897
vt 0.428713 0.508211
vt 0.384756 0.507992
vt 0.296932 0.507723
vt 0.230702 0.507924
vt 0.164043 0.508198
vt 0.097249 0.507781
vt 0.030308 0.507269
vt 0.429211 0.426813
vt 0.38501 0.426476
vt 0.296937 0.426161
vt 0.230711 0.426051
vt 0.164125 0.426003
vt 0.097504 0.426182
vt 0.031119 0.426308
vt 0.428953 0.469969
vt 0.428762 0.489942
vt 0.384878 0.469458
vt 0.384825 0.48955
vt 0.297066 0.489044
vt 0.297056 0.468767
vt 0.230858 0.48892
vt 0.230839 0.468363
vt 0.164191 0.48891
vt 0.16418 0.468159
vt 0.097413 0.488368
vt 0.097453 0.467658
vt 0.030631 0.487609
vt 0.030877 0.466893
vt 0.429004 0.445099
vt 0.384932 0.444592
vt 0.296956 0.444115
vt 0.230724 0.443994
vt 0.164083 0.443861
vt 0.097421 0.443809
vt 0.0311 0.443663
vt 0.892225 0.05474
vt 0.891491 0.14746
vt 0.84725 0.054762
vt 0.846868 0.147406
vt 0.757775 0.054996
vt 0.757772 0.147647
vt 0.690808 0.054717
vt 0.691031 0.147649
vt 0.623823 0.054633
vt 0.6241 0.147837
vt 0.556925 0.147976
vt 0.556485 0.054944
vt 0.489629 0.148238
vt 0.488605 0.054977
vt 0.890614 0.241811
vt 0.846413 0.241638
vt 0.757798 0.24164
vt 0.691283 0.241696
vt 0.624491 0.241864
vt 0.557579 0.242076
vt 0.490509 0.242474
vt 0.890082 0.288576
vt 0.8461 0.288365
vt 0.757889 0.288376
vt 0.691459 0.288552
vt 0.624693 0.288772
vt 0.557826 0.288978
vt 0.490905 0.28927
vt 0.846311 0.413949
vt 0.890779 0.414019
vt 0.846004 0.508968
vt 0.890161 0.509187
vt 0.757944 0.413956
vt 0.757805 0.508958
vt 0.691694 0.413855
vt 0.691557 0.508889
vt 0.625159 0.413807
vt 0.625183 0.508827
vt 0.558539 0.413899
vt 0.558761 0.50879
vt 0.492082 0.414144
vt 0.492471 0.508855
vt 0.889945 0.604336
vt 0.845863 0.604192
vt 0.757821 0.604235
vt 0.69156 0.604139
vt 0.625165 0.604043
vt 0.558615 0.603869
vt 0.491985 0.60366
vt 0.890056 0.315891
vt 0.846027 0.316063
vt 0.757963 0.316013
vt 0.691542 0.315606
vt 0.624749 0.315099
vt 0.557869 0.315169
vt 0.490945 0.315227
vt 0.890818 0.385064
vt 0.846404 0.385124
vt 0.758127 0.385016
vt 0.691825 0.384837
vt 0.625181 0.384623
vt 0.558487 0.384284
vt 0.491941 0.384191
vt 0.890515 0.346624
vt 0.84628 0.346911
vt 0.84612 0.332929
vt 0.890161 0.332654
vt 0.758242 0.346914
vt 0.758116 0.332953
vt 0.691908 0.346792
vt 0.69174 0.332716
vt 0.625148 0.346509
vt 0.624946 0.332346
vt 0.558329 0.346495
vt 0.558076 0.332379
vt 0.491574 0.346644
vt 0.4912 0.332471
vt 0.890721 0.367881
vt 0.846362 0.368154
vt 0.758172 0.368105
vt 0.691851 0.367871
vt 0.625138 0.367669
vt 0.558382 0.367459
vt 0.491707 0.36743
vt 0.912671 0.011155
vt 0.914566 0.009461
vt 0.91341 0.054863
vt 0.915355 0.055058
vt 0.891832 0.010923
vt 0.891827 0.009031
vt 0.847367 0.010581
vt 0.847363 0.008668
vt 0.912937 0.14751
vt 0.914885 0.147619
vt 0.757738 0.010301
vt 0.757737 0.00837
vt 0.690533 0.010028
vt 0.690609 0.008101
vt 0.623954 0.007955
vt 0.623954 0.009864
vt 0.556575 0.00811
vt 0.556579 0.010065
vt 0.488355 0.008212
vt 0.488357 0.010137
vt 0.465323 0.008521
vt 0.467114 0.010054
vt 0.467191 0.055042
vt 0.465258 0.054266
vt 0.466509 0.148439
vt 0.468464 0.148339
vt 0.911845 0.241556
vt 0.913799 0.241579
vt 0.467523 0.242406
vt 0.469474 0.242368
vt 0.91143 0.288896
vt 0.913406 0.288941
vt 0.469833 0.289798
vt 0.467886 0.289936
vt 0.912935 0.315758
vt 0.910962 0.315706
vt 0.46995 0.315484
vt 0.468044 0.31555
vt 0.910981 0.333102
vt 0.912906 0.333184
vt 0.468225 0.332722
vt 0.470121 0.332628
vt 0.911229 0.413785
vt 0.913183 0.413696
vt 0.910521 0.508922
vt 0.91248 0.508963
vt 0.911286 0.385288
vt 0.913182 0.385243
vt 0.910439 0.604086
vt 0.912399 0.604116
vt 0.471533 0.414005
vt 0.469582 0.414033
vt 0.469373 0.384527
vt 0.471304 0.384548
vt 0.471999 0.507964
vt 0.469991 0.507761
vt 0.471321 0.603228
vt 0.469363 0.603232
vt 0.91151 0.792297
vt 0.913383 0.793828
vt 0.469195 0.79084
vt 0.467415 0.792452
vt 0.890761 0.79265
vt 0.890765 0.794624
vt 0.490223 0.791288
vt 0.490374 0.793267
vt 0.846353 0.792771
vt 0.846346 0.794731
vt 0.757712 0.792962
vt 0.7577 0.794924
vt 0.69116 0.792739
vt 0.691155 0.794695
vt 0.624404 0.792578
vt 0.624396 0.794541
vt 0.557564 0.793964
vt 0.557464 0.792002
vt 0.911203 0.347472
vt 0.9131 0.347433
vt 0.911447 0.368464
vt 0.913344 0.368562
vt 0.470845 0.365951
vt 0.468942 0.366017
vt 0.470687 0.346668
vt 0.468813 0.346668
vt 0.45343 0.822669
vt 0.451758 0.821171
vt 0.454356 0.779641
vt 0.452407 0.779408
vt 0.430896 0.823216
vt 0.430789 0.821304
vt 0.385785 0.823303
vt 0.385764 0.821379
vt 0.453855 0.683058
vt 0.451901 0.682994
vt 0.296265 0.82072
vt 0.296273 0.822639
vt 0.229339 0.821087
vt 0.229253 0.823014
vt 0.162353 0.821457
vt 0.162333 0.823385
vt 0.094919 0.821849
vt 0.094948 0.819918
vt 0.027198 0.820188
vt 0.027193 0.822124
vt 0.005774 0.820393
vt 0.004078 0.821997
vt 0.003968 0.777446
vt 0.005926 0.777276
vt 0.005143 0.680398
vt 0.007103 0.680348
vt 0.452771 0.585222
vt 0.450816 0.585213
vt 0.00669 0.58265
vt 0.008647 0.582619
vt 0.452188 0.536238
vt 0.450215 0.536226
vt 0.007201 0.533728
vt 0.009155 0.533633
vt 0.451602 0.508828
vt 0.449596 0.508768
vt 0.009224 0.506676
vt 0.007251 0.506673
vt 0.45145 0.298472
vt 0.449492 0.298417
vt 0.451695 0.199904
vt 0.449739 0.199755
vt 0.449538 0.397168
vt 0.451503 0.397097
vt 0.449656 0.427134
vt 0.45164 0.427096
vt 0.008076 0.393455
vt 0.010046 0.39341
vt 0.010303 0.426329
vt 0.008309 0.426323
vt 0.008416 0.296143
vt 0.010387 0.296752
vt 0.008004 0.198239
vt 0.009965 0.19819
vt 0.453595 0.010316
vt 0.451651 0.011554
vt 0.0068 0.009339
vt 0.008828 0.010563
vt 0.431213 0.009073
vt 0.431159 0.011052
vt 0.386741 0.010609
vt 0.38677 0.008643
vt 0.298129 0.01009
vt 0.298153 0.008143
vt 0.231464 0.009522
vt 0.231469 0.007537
vt 0.164472 0.00793
vt 0.164476 0.009871
vt 0.097568 0.009897
vt 0.097402 0.007927
vt 0.029859 0.008243
vt 0.030144 0.010217
vt 0.007693 0.487004
vt 0.009668 0.487059
vt 0.009977 0.466481
vt 0.008003 0.466384
vt 0.010329 0.443059
vt 0.008304 0.443121
vt 0.451485 0.490194
vt 0.449483 0.490213
vt 0.44945 0.445387
vt 0.451427 0.445481
vt 0.451518 0.470024
vt 0.449536 0.470061
vt 0.892792 0.004565
vt 0.915362 0.003964
vt 0.985798 0.196484
vt 0.987966 0.15636
vt 0.989531 0.193521
vt 0.992571 0.155868
vt 0.847603 0.004756
vt 0.757936 0.004297
vt 0.690802 0.004826
vt 0.623768 0.005352
vt 0.556236 0.003969
vt 0.488394 0.004401
vt 0.465239 0.004328
vt 0.975517 0.58566
vt 0.972431 0.631628
vt 0.968709 0.630038
vt 0.971523 0.585523
vt 0.982944 0.278829
vt 0.986179 0.279458
vt 0.96103 0.726355
vt 0.956992 0.72745
vt 0.986512 0.365228
vt 0.989325 0.369542
vt 0.942712 0.819861
vt 0.938369 0.824472
vt 0.98864 0.408978
vt 0.992582 0.414893
vt 0.938978 0.867768
vt 0.934334 0.873173
vt 0.944329 0.298029
vt 0.927909 0.398294
vt 0.922606 0.404592
vt 0.941134 0.300976
vt 0.987632 0.8433
vt 0.983136 0.750356
vt 0.992844 0.847568
vt 0.986371 0.751717
vt 0.959935 0.198985
vt 0.956163 0.197952
vt 0.982443 0.653347
vt 0.985692 0.652635
vt 0.431018 0.005694
vt 0.453579 0.007938
vt 0.990804 0.004382
vt 0.988516 0.003621
vt 0.386871 0.005505
vt 0.298072 0.00449
vt 0.23167 0.004858
vt 0.164759 0.003619
vt 0.097016 0.004402
vt 0.029436 0.005875
vt 0.993415 0.457575
vt 0.995909 0.457415
vt 0.006143 0.006934
vt 0.960385 0.903381
vt 0.974112 0.902169
vt 0.976925 0.907348
vt 0.958743 0.90831
vt 0.9488 0.891326
vt 0.945397 0.896588
vt 0.988477 0.890583
vt 0.991085 0.872174
vt 0.992258 0.893594
vt 0.996032 0.878944
vt 0.985592 0.433696
vt 0.990004 0.440017
vt 0.931205 0.429729
vt 0.92679 0.436496
vt 0.962822 0.454924
vt 0.97736 0.448679
vt 0.980965 0.454697
vt 0.961746 0.460577
vt 0.940084 0.447182
vt 0.936778 0.453245
usemtl initialShadingGroup
f 477/617/445 478/618/446 479/619/447
f 478/618/446 480/620/448 479/619/447
f 478/618/446 481/621/449 480/620/448
f 481/621/449 482/622/450 480/620/448
f 481/621/449 483/623/451 482/622/450
f 483/623/451 484/624/452 482/622/450
f 483/623/451 485/625/453 484/624/452
f 485/625/453 486/626/454 484/624/452
f 485/625/453 487/627/455 488/628/456
f 485/625/453 488/628/456 486/626/454
f 487/627/455 489/629/457 490/630/458
f 487/627/455 490/630/458 488/628/456
f 479/619/447 480/620/448 491/631/459
f 480/620/448 492/632/460 491/631/459
f 480/620/448 482/622/450 493/633/461
f 480/620/448 493/633/461 492/632/460
f 482/622/450 484/624/452 494/634/462
f 482/622/450 494/634/462 493/633/461
f 484/624/452 486/626/454 495/635/463
f 484/624/452 495/635/463 494/634/462
f 486/626/454 488/628/456 496/636/464
f 486/626/454 496/636/464 495/635/463
f 488/628/456 490/630/458 496/636/464
f 490/630/458 497/637/465 496/636/464
f 491/631/459 492/632/460 498/638/466
f 492/632/460 499/639/467 498/638/466
f 492/632/460 493/633/461 500/640/468
f 492/632/460 500/640/468 499/639/467
f 493/633/461 494/634/462 501/641/469
f 493/633/461 501/641/469 500/640/468
f 494/634/462 495/635/463 502/642/470
f 494/634/462 502/642/470 501/641/469
f 495/635/463 496/636/464 502/642/470
f 496/636/464 503/643/471 502/642/470
f 496/636/464 497/637/465 504/644/472
f 496/636/464 504/644/472 503/643/471
f 505/645/473 506/646/474 507/647/475
f 506/646/474 508/648/476 507/647/475
f 509/649/477 510/650/478 505/645/473
f 510/650/478 506/646/474 505/645/473
f 511/651/479 512/652/480 509/649/477
f 512/652/480 510/650/478 509/649/477
f 513/653/481 514/654/482 511/651/479
f 514/654/482 512/652/480 511/651/479
f 515/655/483 516/656/484 513/653/481
f 516/656/484 514/654/482 513/653/481
f 517/657/485 518/658/486 515/655/483
f 518/658/486 516/656/484 515/655/483
f 506/646/474 519/659/487 520/660/488
f 506/646/474 520/660/488 508/648/476
f 510/650/478 521/661/489 506/646/474
f 521/661/489 519/659/487 506/646/474
f 512/652/480 522/662/490 510/650/478
f 522/662/490 521/661/489 510/650/478
f 514/654/482 523/663/491 512/652/480
f 523/663/491 522/662/490 512/652/480
f 516/656/484 524/664/492 523/663/491
f 516/656/484 523/663/491 514/654/482
f 518/658/486 525/665/493 524/664/492
f 518/658/486 524/664/492 516/656/484
f 498/638/466 499/639/467 526/666/494
f 499/639/467 527/667/495 526/666/494
f 499/639/467 500/640/468 527/667/495
f 500/640/468 528/668/496 527/667/495
f 500/640/468 501/641/469 529/669/497
f 500/640/468 529/669/497 528/668/496
f 501/641/469 502/642/470 530/670/498
f 501/641/469 530/670/498 529/669/497
f 502/642/470 503/643/471 531/671/499
f 502/642/470 531/671/499 530/670/498
f 503/643/471 504/644/472 532/672/500
f 503/643/471 532/672/500 531/671/499
f 533/673/501 534/674/502 507/647/475
f 534/674/502 505/645/473 507/647/475
f 534/674/502 535/675/503 505/645/473
f 535/675/503 509/649/477 505/645/473
f 535/675/503 536/676/504 511/651/479
f 535/675/503 511/651/479 509/649/477
f 536/676/504 537/677/505 511/651/479
f 537/677/505 513/653/481 511/651/479
f 537/677/505 538/678/506 513/653/481
f 538/678/506 515/655/483 513/653/481
f 538/678/506 539/679/507 515/655/483
f 539/679/507 517/657/485 515/655/483
f 540/680/508 541/681/509 542/682/510
f 541/681/509 543/683/511 542/682/510
f 541/681/509 526/666/494 527/667/495
f 541/681/509 527/667/495 543/683/511
f 542/682/510 543/683/511 544/684/512
f 542/682/510 544/684/512 545/685/513
f 543/683/511 527/667/495 528/668/496
f 543/683/511 528/668/496 544/684/512
f 545/685/513 544/684/512 546/686/514
f 545/685/513 546/686/514 547/687/515
f 544/684/512 528/668/496 529/669/497
f 544/684/512 529/669/497 546/686/514
f 547/687/515 546/686/514 548/688/516
f 547/687/515 548/688/516 549/689/517
f 546/686/514 529/669/497 530/670/498
f 546/686/514 530/670/498 548/688/516
f 549/689/517 548/688/516 550/690/518
f 549/689/517 550/690/518 551/691/519
f 548/688/516 530/670/498 531/671/499
f 548/688/516 531/671/499 550/690/518
f 551/691/519 550/690/518 552/692/520
f 551/691/519 552/692/520 553/693/521
f 550/690/518 531/671/499 532/672/500
f 550/690/518 532/672/500 552/692/520
f 533/673/501 554/694/522 534/674/502
f 554/694/522 555/695/523 534/674/502
f 555/695/523 554/694/522 542/682/510
f 554/694/522 540/680/508 542/682/510
f 534/674/502 555/695/523 535/675/503
f 555/695/523 556/696/524 535/675/503
f 556/696/524 555/695/523 542/682/510
f 556/696/524 542/682/510 545/685/513
f 535/675/503 556/696/524 536/676/504
f 556/696/524 557/697/525 536/676/504
f 557/697/525 556/696/524 545/685/513
f 557/697/525 545/685/513 547/687/515
f 536/676/504 557/697/525 537/677/505
f 557/697/525 558/698/526 537/677/505
f 558/698/526 557/697/525 547/687/515
f 558/698/526 547/687/515 549/689/517
f 537/677/505 558/698/526 538/678/506
f 558/698/526 559/699/527 538/678/506
f 559/699/527 558/698/526 549/689/517
f 559/699/527 549/689/517 551/691/519
f 538/678/506 559/699/527 539/679/507
f 559/699/527 560/700/528 539/679/507
f 560/700/528 559/699/527 551/691/519
f 560/700/528 551/691/519 553/693/521
f 561/701/529 562/702/530 563/703/531
f 562/702/530 564/704/532 563/703/531
f 563/703/531 564/704/532 565/705/533
f 564/704/532 566/706/534 565/705/533
f 565/705/533 566/706/534 567/707/535
f 566/706/534 568/708/536 567/707/535
f 567/707/535 568/708/536 569/709/537
f 568/708/536 570/710/538 569/709/537
f 569/709/537 570/710/538 571/711/539
f 569/709/537 571/711/539 572/712/540
f 572/712/540 571/711/539 573/713/541
f 572/712/540 573/713/541 574/714/542
f 562/702/530 575/715/543 564/704/532
f 575/715/543 576/716/544 564/704/532
f 564/704/532 576/716/544 577/717/545
f 564/704/532 577/717/545 566/706/534
f 566/706/534 577/717/545 578/718/546
f 566/706/534 578/718/546 568/708/536
f 568/708/536 578/718/546 579/719/547
f 568/708/536 579/719/547 570/710/538
f 570/710/538 579/719/547 580/720/548
f 570/710/538 580/720/548 571/711/539
f 571/711/539 580/720/548 573/713/541
f 580/720/548 581/721/549 573/713/541
f 575/715/543 582/722/550 576/716/544
f 582/722/550 583/723/551 576/716/544
f 576/716/544 583/723/551 584/724/552
f 576/716/544 584/724/552 577/717/545
f 577/717/545 584/724/552 585/725/553
f 577/717/545 585/725/553 578/718/546
f 578/718/546 585/725/553 586/726/554
f 578/718/546 586/726/554 579/719/547
f 579/719/547 586/726/554 580/720/548
f 586/726/554 587/727/555 580/720/548
f 580/720/548 587/727/555 588/728/556
f 580/720/548 588/728/556 581/721/549
f 589/729/557 590/730/558 591/731/559
f 590/730/558 592/732/560 591/731/559
f 593/733/561 589/729/557 591/731/559
f 593/733/561 591/731/559 594/734/562
f 595/735/563 593/733/561 596/736/564
f 593/733/561 594/734/562 596/736/564
f 597/737/565 595/735/563 598/738/566
f 595/735/563 596/736/564 598/738/566
f 599/739/567 597/737/565 600/740/568
f 597/737/565 598/738/566 600/740/568
f 601/741/569 599/739/567 602/742/570
f 599/739/567 600/740/568 602/742/570
f 591/731/559 592/732/560 603/743/571
f 591/731/559 603/743/571 604/744/572
f 594/734/562 591/731/559 605/745/573
f 591/731/559 604/744/572 605/745/573
f 596/736/564 594/734/562 606/746/574
f 594/734/562 605/745/573 606/746/574
f 598/738/566 596/736/564 607/747/575
f 596/736/564 606/746/574 607/747/575
f 600/740/568 598/738/566 607/747/575
f 600/740/568 607/747/575 608/748/576
f 602/742/570 600/740/568 608/748/576
f 602/742/570 608/748/576 609/749/577
f 582/722/550 610/750/578 583/723/551
f 610/750/578 611/751/579 583/723/551
f 583/723/551 611/751/579 612/752/580
f 583/723/551 612/752/580 584/724/552
f 584/724/552 612/752/580 613/753/581
f 584/724/552 613/753/581 585/725/553
f 585/725/553 613/753/581 614/754/582
f 585/725/553 614/754/582 586/726/554
f 586/726/554 614/754/582 615/755/583
f 586/726/554 615/755/583 587/727/555
f 587/727/555 615/755/583 616/756/584
f 587/727/555 616/756/584 588/728/556
f 617/757/585 590/730/558 618/758/586
f 590/730/558 589/729/557 618/758/586
f 618/758/586 589/729/557 619/759/587
f 589/729/557 593/733/561 619/759/587
f 619/759/587 593/733/561 595/735/563
f 619/759/587 595/735/563 620/760/588
f 620/760/588 595/735/563 621/761/589
f 595/735/563 597/737/565 621/761/589
f 621/761/589 597/737/565 622/762/590
f 597/737/565 599/739/567 622/762/590
f 622/762/590 599/739/567 623/763/591
f 599/739/567 601/741/569 623/763/591
f 624/764/592 625/765/593 626/766/594
f 624/764/592 626/766/594 627/767/595
f 627/767/595 626/766/594 611/751/579
f 627/767/595 611/751/579 610/750/578
f 625/765/593 628/768/596 626/766/594
f 628/768/596 629/769/597 626/766/594
f 626/766/594 629/769/597 612/752/580
f 626/766/594 612/752/580 611/751/579
f 628/768/596 630/770/598 631/771/599
f 628/768/596 631/771/599 629/769/597
f 629/769/597 631/771/599 613/753/581
f 629/769/597 613/753/581 612/752/580
f 630/770/598 632/772/600 633/773/601
f 630/770/598 633/773/601 631/771/599
f 631/771/599 633/773/601 614/754/582
f 631/771/599 614/754/582 613/753/581
f 632/772/600 634/774/602 635/775/603
f 632/772/600 635/775/603 633/773/601
f 633/773/601 635/775/603 615/755/583
f 633/773/601 615/755/583 614/754/582
f 634/774/602 636/776/604 637/777/605
f 634/774/602 637/777/605 635/775/603
f 635/775/603 637/777/605 616/756/584
f 635/775/603 616/756/584 615/755/583
f 617/757/585 618/758/586 638/778/606
f 618/758/586 639/779/607 638/778/606
f 639/779/607 625/765/593 638/778/606
f 625/765/593 624/764/592 638/778/606
f 618/758/586 619/759/587 639/779/607
f 619/759/587 640/780/608 639/779/607
f 640/780/608 628/768/596 625/765/593
f 640/780/608 625/765/593 639/779/607
f 619/759/587 620/760/588 640/780/608
f 620/760/588 641/781/609 640/780/608
f 641/781/609 630/770/598 628/768/596
f 641/781/609 628/768/596 640/780/608
f 620/760/588 621/761/589 641/781/609
f 621/761/589 642/782/610 641/781/609
f 642/782/610 632/772/600 630/770/598
f 642/782/610 630/770/598 641/781/609
f 621/761/589 622/762/590 642/782/610
f 622/762/590 643/783/611 642/782/610
f 643/783/611 634/774/602 632/772/600
f 643/783/611 632/772/600 642/782/610
f 622/762/590 623/763/591 643/783/611
f 623/763/591 644/784/612 643/783/611
f 644/784/612 636/776/604 634/774/602
f 644/784/612 634/774/602 643/783/611
f 645/785/613 646/786/614 647/787/615
f 646/786/614 648/788/616 647/787/615
f 646/786/614 645/785/613 649/789/617
f 646/786/614 649/789/617 650/790/618
f 650/790/618 649/789/617 651/791/619
f 650/790/618 651/791/619 652/792/620
f 647/787/615 648/788/616 653/793/621
f 648/788/616 654/794/622 653/793/621
f 652/792/620 651/791/619 655/795/623
f 652/792/620 655/795/623 656/796/624
f 656/796/624 655/795/623 657/797/625
f 656/796/624 657/797/625 658/798/626
f 658/798/626 657/797/625 659/799/627
f 657/797/625 660/800/628 659/799/627
f 659/799/627 660/800/628 661/801/629
f 660/800/628 662/802/630 661/801/629
f 661/801/629 662/802/630 663/803/631
f 662/802/630 664/804/632 663/803/631
f 663/803/631 664/804/632 665/805/633
f 664/804/632 666/806/634 665/805/633
f 665/805/633 666/806/634 667/807/635
f 665/805/633 667/807/635 668/808/636
f 668/808/636 667/807/635 669/809/637
f 667/807/635 670/810/638 669/809/637
f 653/793/621 654/794/622 671/811/639
f 654/794/622 672/812/640 671/811/639
f 669/809/637 670/810/638 673/813/641
f 670/810/638 674/814/642 673/813/641
f 671/811/639 672/812/640 675/815/643
f 672/812/640 676/816/644 675/815/643
f 673/813/641 674/814/642 677/817/645
f 673/813/641 677/817/645 678/818/646
f 675/815/643 676/816/644 679/819/647
f 675/815/643 679/819/647 680/820/648
f 678/818/646 677/817/645 681/821/649
f 678/818/646 681/821/649 682/822/650
f 680/820/648 679/819/647 683/823/651
f 679/819/647 684/824/652 683/823/651
f 682/822/650 681/821/649 685/825/653
f 681/821/649 686/826/654 685/825/653
f 687/827/655 688/828/656 689/829/657
f 688/828/656 690/830/658 689/829/657
f 688/828/656 687/827/655 691/831/659
f 688/828/656 691/831/659 692/832/660
f 689/829/657 690/830/658 693/833/661
f 690/830/658 694/834/662 693/833/661
f 695/835/663 696/836/664 697/837/665
f 695/835/663 697/837/665 698/838/666
f 696/836/664 695/835/663 699/839/667
f 696/836/664 699/839/667 700/840/668
f 700/840/668 699/839/667 701/841/669
f 700/840/668 701/841/669 702/842/670
f 693/833/661 694/834/662 703/843/671
f 694/834/662 704/844/672 703/843/671
f 702/842/670 701/841/669 705/845/673
f 702/842/670 705/845/673 706/846/674
f 703/843/671 704/844/672 707/847/675
f 704/844/672 708/848/676 707/847/675
f 706/846/674 705/845/673 709/849/677
f 706/846/674 709/849/677 710/850/678
f 707/847/675 708/848/676 711/851/679
f 708/848/676 712/852/680 711/851/679
f 711/851/679 712/852/680 713/853/681
f 712/852/680 714/854/682 713/853/681
f 713/853/681 714/854/682 715/855/683
f 714/854/682 716/856/684 715/855/683
f 715/855/683 716/856/684 717/857/685
f 716/856/684 718/858/686 717/857/685
f 717/857/685 718/858/686 719/859/687
f 717/857/685 719/859/687 720/860/688
f 720/860/688 719/859/687 710/850/678
f 720/860/688 710/850/678 709/849/677
f 721/861/689 722/862/690 723/863/691
f 722/862/690 724/864/692 723/863/691
f 722/862/690 721/861/689 684/824/652
f 721/861/689 683/823/651 684/824/652
f 723/863/691 724/864/692 691/831/659
f 724/864/692 692/832/660 691/831/659
f 698/838/666 697/837/665 725/865/693
f 697/837/665 726/866/694 725/865/693
f 727/867/695 728/868/696 686/826/654
f 728/868/696 685/825/653 686/826/654
f 728/868/696 727/867/695 725/865/693
f 728/868/696 725/865/693 726/866/694
f 729/869/697 730/870/698 731/871/699
f 730/870/698 732/872/700 731/871/699
f 730/870/698 729/869/697 733/873/701
f 730/870/698 733/873/701 734/874/702
f 734/874/702 733/873/701 735/875/703
f 734/874/702 735/875/703 736/876/704
f 731/871/699 732/872/700 737/877/705
f 732/872/700 738/878/706 737/877/705
f 736/876/704 735/875/703 739/879/707
f 735/875/703 740/880/708 739/879/707
f 739/879/707 740/880/708 741/881/709
f 740/880/708 742/882/710 741/881/709
f 741/881/709 742/882/710 743/883/711
f 742/882/710 744/884/712 743/883/711
f 743/883/711 744/884/712 745/885/713
f 743/883/711 745/885/713 746/886/714
f 746/886/714 745/885/713 747/887/715
f 745/885/713 748/888/716 747/887/715
f 747/887/715 748/888/716 749/889/717
f 748/888/716 750/890/718 749/889/717
f 749/889/717 750/890/718 751/891/719
f 749/889/717 751/891/719 752/892/720
f 752/892/720 751/891/719 753/893/721
f 752/892/720 753/893/721 754/894/722
f 737/877/705 738/878/706 755/895/723
f 738/878/706 756/896/724 755/895/723
f 754/894/722 753/893/721 757/897/725
f 754/894/722 757/897/725 758/898/726
f 755/895/723 756/896/724 759/899/727
f 756/896/724 760/900/728 759/899/727
f 758/898/726 757/897/725 761/901/729
f 758/898/726 761/901/729 762/902/730
f 759/899/727 760/900/728 763/903/731
f 760/900/728 764/904/732 763/903/731
f 762/902/730 761/901/729 765/905/733
f 761/901/729 766/906/734 765/905/733
f 767/907/735 768/908/736 769/909/737
f 768/908/736 770/910/738 769/909/737
f 768/908/736 767/907/735 771/911/739
f 767/907/735 772/912/740 771/911/739
f 771/911/739 772/912/740 773/913/741
f 772/912/740 774/914/742 773/913/741
f 775/915/743 776/916/744 777/917/745
f 775/915/743 777/917/745 778/918/746
f 776/916/744 775/915/743 779/919/747
f 776/916/744 779/919/747 780/920/748
f 780/920/748 779/919/747 781/921/749
f 780/920/748 781/921/749 782/922/750
f 769/909/737 770/910/738 783/923/751
f 770/910/738 784/924/752 783/923/751
f 782/922/750 781/921/749 785/925/753
f 782/922/750 785/925/753 786/926/754
f 787/927/755 788/928/756 789/929/757
f 787/927/755 789/929/757 790/930/758
f 788/928/756 787/927/755 784/924/752
f 787/927/755 783/923/751 784/924/752
f 790/930/758 789/929/757 791/931/759
f 790/930/758 791/931/759 792/932/760
f 792/932/760 791/931/759 793/933/761
f 792/932/760 793/933/761 794/934/762
f 794/934/762 793/933/761 795/935/763
f 793/933/761 796/936/764 795/935/763
f 795/935/763 796/936/764 797/937/765
f 795/935/763 797/937/765 798/938/766
f 798/938/766 797/937/765 799/939/767
f 797/937/765 800/940/768 799/939/767
f 799/939/767 800/940/768 786/926/754
f 799/939/767 786/926/754 785/925/753
f 801/941/769 802/942/770 766/906/734
f 802/942/770 765/905/733 766/906/734
f 802/942/770 801/941/769 803/943/771
f 801/941/769 804/944/772 803/943/771
f 803/943/771 804/944/772 805/945/773
f 804/944/772 806/946/774 805/945/773
f 805/945/773 806/946/774 778/918/746
f 805/945/773 778/918/746 777/917/745
f 763/903/731 764/904/732 807/947/775
f 764/904/732 808/948/776 807/947/775
f 773/913/741 774/914/742 809/949/777
f 774/914/742 810/950/778 809/949/777
f 811/951/779 812/952/780 810/950/778
f 812/952/780 809/949/777 810/950/778
f 812/952/780 811/951/779 808/948/776
f 811/951/779 807/947/775 808/948/776
f 730/870/698 734/874/702 477/617/445
f 730/870/698 477/617/445 732/872/700
f 734/874/702 736/876/704 477/617/445
f 736/876/704 478/618/446 477/617/445
f 736/876/704 739/879/707 478/618/446
f 739/879/707 481/621/449 478/618/446
f 739/879/707 741/881/709 481/621/449
f 741/881/709 483/623/451 481/621/449
f 741/881/709 743/883/711 483/623/451
f 743/883/711 485/625/453 483/623/451
f 743/883/711 746/886/714 487/627/455
f 743/883/711 487/627/455 485/625/453
f 746/886/714 747/887/715 487/627/455
f 747/887/715 489/629/457 487/627/455
f 747/887/715 749/889/717 752/892/720
f 747/887/715 752/892/720 489/629/457
f 732/872/700 477/617/445 738/878/706
f 477/617/445 479/619/447 738/878/706
f 489/629/457 752/892/720 754/894/722
f 489/629/457 754/894/722 490/630/458
f 738/878/706 479/619/447 491/631/459
f 738/878/706 491/631/459 756/896/724
f 490/630/458 754/894/722 758/898/726
f 490/630/458 758/898/726 497/637/465
f 756/896/724 491/631/459 498/638/466
f 756/896/724 498/638/466 760/900/728
f 497/637/465 758/898/726 762/902/730
f 497/637/465 762/902/730 504/644/472
f 507/647/475 508/648/476 768/908/736
f 507/647/475 768/908/736 771/911/739
f 776/916/744 780/920/748 518/658/486
f 776/916/744 518/658/486 517/657/485
f 508/648/476 520/660/488 768/908/736
f 520/660/488 770/910/738 768/908/736
f 780/920/748 782/922/750 525/665/493
f 780/920/748 525/665/493 518/658/486
f 520/660/488 788/928/756 770/910/738
f 788/928/756 784/924/752 770/910/738
f 519/659/487 789/929/757 520/660/488
f 789/929/757 788/928/756 520/660/488
f 521/661/489 791/931/759 519/659/487
f 791/931/759 789/929/757 519/659/487
f 522/662/490 793/933/761 791/931/759
f 522/662/490 791/931/759 521/661/489
f 523/663/491 796/936/764 793/933/761
f 523/663/491 793/933/761 522/662/490
f 524/664/492 797/937/765 796/936/764
f 524/664/492 796/936/764 523/663/491
f 525/665/493 800/940/768 797/937/765
f 525/665/493 797/937/765 524/664/492
f 782/922/750 786/926/754 525/665/493
f 786/926/754 800/940/768 525/665/493
f 553/693/521 552/692/520 803/943/771
f 552/692/520 802/942/770 803/943/771
f 552/692/520 532/672/500 802/942/770
f 532/672/500 765/905/733 802/942/770
f 539/679/507 560/700/528 777/917/745
f 560/700/528 805/945/773 777/917/745
f 803/943/771 805/945/773 553/693/521
f 805/945/773 560/700/528 553/693/521
f 760/900/728 498/638/466 764/904/732
f 498/638/466 526/666/494 764/904/732
f 504/644/472 762/902/730 765/905/733
f 504/644/472 765/905/733 532/672/500
f 773/913/741 533/673/501 771/911/739
f 533/673/501 507/647/475 771/911/739
f 539/679/507 777/917/745 776/916/744
f 539/679/507 776/916/744 517/657/485
f 812/952/780 808/948/776 541/681/509
f 812/952/780 541/681/509 540/680/508
f 808/948/776 764/904/732 526/666/494
f 808/948/776 526/666/494 541/681/509
f 773/913/741 809/949/777 533/673/501
f 809/949/777 554/694/522 533/673/501
f 554/694/522 809/949/777 540/680/508
f 809/949/777 812/952/780 540/680/508
f 645/785/613 647/787/615 649/789/617
f 647/787/615 561/701/529 649/789/617
f 649/789/617 561/701/529 651/791/619
f 561/701/529 563/703/531 651/791/619
f 651/791/619 563/703/531 655/795/623
f 563/703/531 565/705/533 655/795/623
f 655/795/623 565/705/533 657/797/625
f 565/705/533 567/707/535 657/797/625
f 657/797/625 567/707/535 660/800/628
f 567/707/535 569/709/537 660/800/628
f 660/800/628 569/709/537 572/712/540
f 660/800/628 572/712/540 662/802/630
f 662/802/630 572/712/540 664/804/632
f 572/712/540 574/714/542 664/804/632
f 664/804/632 574/714/542 667/807/635
f 664/804/632 667/807/635 666/806/634
f 647/787/615 653/793/621 562/702/530
f 647/787/615 562/702/530 561/701/529
f 574/714/542 573/713/541 670/810/638
f 574/714/542 670/810/638 667/807/635
f 653/793/621 671/811/639 562/702/530
f 671/811/639 575/715/543 562/702/530
f 573/713/541 581/721/549 674/814/642
f 573/713/541 674/814/642 670/810/638
f 671/811/639 675/815/643 582/722/550
f 671/811/639 582/722/550 575/715/543
f 581/721/549 588/728/556 677/817/645
f 581/721/549 677/817/645 674/814/642
f 590/730/558 687/827/655 592/732/560
f 687/827/655 689/829/657 592/732/560
f 695/835/663 601/741/569 699/839/667
f 601/741/569 602/742/570 699/839/667
f 592/732/560 689/829/657 603/743/571
f 689/829/657 693/833/661 603/743/571
f 699/839/667 602/742/570 701/841/669
f 602/742/570 609/749/577 701/841/669
f 603/743/571 693/833/661 707/847/675
f 693/833/661 703/843/671 707/847/675
f 604/744/572 603/743/571 711/851/679
f 603/743/571 707/847/675 711/851/679
f 605/745/573 604/744/572 713/853/681
f 604/744/572 711/851/679 713/853/681
f 606/746/574 605/745/573 713/853/681
f 606/746/574 713/853/681 715/855/683
f 607/747/575 606/746/574 715/855/683
f 607/747/575 715/855/683 717/857/685
f 608/748/576 607/747/575 717/857/685
f 608/748/576 717/857/685 720/860/688
f 609/749/577 608/748/576 720/860/688
f 609/749/577 720/860/688 709/849/677
f 701/841/669 609/749/577 705/845/673
f 609/749/577 709/849/677 705/845/673
f 636/776/604 727/867/695 686/826/654
f 636/776/604 686/826/654 637/777/605
f 637/777/605 686/826/654 616/756/584
f 686/826/654 681/821/649 616/756/584
f 623/763/591 698/838/666 725/865/693
f 623/763/591 725/865/693 644/784/612
f 727/867/695 636/776/604 725/865/693
f 636/776/604 644/784/612 725/865/693
f 675/815/643 680/820/648 582/722/550
f 680/820/648 610/750/578 582/722/550
f 588/728/556 616/756/584 677/817/645
f 616/756/584 681/821/649 677/817/645
f 691/831/659 687/827/655 617/757/585
f 687/827/655 590/730/558 617/757/585
f 623/763/591 601/741/569 695/835/663
f 623/763/591 695/835/663 698/838/666
f 721/861/689 624/764/592 683/823/651
f 624/764/592 627/767/595 683/823/651
f 683/823/651 627/767/595 610/750/578
f 683/823/651 610/750/578 680/820/648
f 691/831/659 617/757/585 723/863/691
f 617/757/585 638/778/606 723/863/691
f 638/778/606 624/764/592 723/863/691
f 624/764/592 721/861/689 723/863/691
f 646/786/614 650/790/618 733/953/701
f 646/786/614 733/953/701 729/954/697
f 648/955/616 646/956/614 731/957/699
f 646/956/614 729/958/697 731/957/699
f 650/790/618 652/792/620 733/953/701
f 652/792/620 735/959/703 733/953/701
f 652/792/620 656/796/624 740/960/708
f 652/792/620 740/960/708 735/959/703
f 656/796/624 658/798/626 740/960/708
f 658/798/626 742/961/710 740/960/708
f 658/798/626 659/799/627 742/961/710
f 659/799/627 744/962/712 742/961/710
f 659/799/627 661/801/629 744/962/712
f 661/801/629 745/963/713 744/962/712
f 661/801/629 663/803/631 748/964/716
f 661/801/629 748/964/716 745/963/713
f 663/803/631 665/805/633 750/965/718
f 663/803/631 750/965/718 748/964/716
f 665/966/633 668/967/636 751/968/719
f 665/966/633 751/968/719 750/969/718
f 654/970/622 648/955/616 731/957/699
f 654/970/622 731/957/699 737/971/705
f 668/967/636 669/972/637 751/968/719
f 669/972/637 753/973/721 751/968/719
f 672/974/640 654/970/622 737/971/705
f 672/974/640 737/971/705 755/975/723
f 669/972/637 673/976/641 753/973/721
f 673/976/641 757/977/725 753/973/721
f 676/978/644 672/974/640 755/975/723
f 676/978/644 755/975/723 759/979/727
f 673/976/641 678/980/646 761/981/729
f 673/976/641 761/981/729 757/977/725
f 690/982/658 688/983/656 772/984/740
f 690/982/658 772/984/740 767/985/735
f 696/986/664 700/987/668 775/988/743
f 700/987/668 779/989/747 775/988/743
f 694/990/662 690/982/658 769/991/737
f 690/982/658 767/985/735 769/991/737
f 700/987/668 702/992/670 779/989/747
f 702/992/670 781/993/749 779/989/747
f 708/994/676 704/995/672 783/923/751
f 708/994/676 783/923/751 787/927/755
f 704/996/672 694/990/662 769/991/737
f 704/996/672 769/991/737 783/997/751
f 712/998/680 708/994/676 787/927/755
f 712/998/680 787/927/755 790/930/758
f 714/999/682 712/998/680 790/930/758
f 714/999/682 790/930/758 792/932/760
f 716/1000/684 714/999/682 792/932/760
f 716/1000/684 792/932/760 794/934/762
f 718/1001/686 716/1000/684 794/934/762
f 718/1001/686 794/934/762 795/935/763
f 719/1002/687 718/1001/686 798/938/766
f 718/1001/686 795/935/763 798/938/766
f 710/1003/678 719/1002/687 798/938/766
f 710/1003/678 798/938/766 799/939/767
f 702/992/670 706/1004/674 785/1005/753
f 702/992/670 785/1005/753 781/993/749
f 706/1006/674 710/1003/678 799/939/767
f 706/1006/674 799/939/767 785/925/753
f 685/1007/653 728/1008/696 804/1009/772
f 685/1007/653 804/1009/772 801/1010/769
f 682/1011/650 685/1007/653 766/1012/734
f 685/1007/653 801/1010/769 766/1012/734
f 726/1013/694 697/1014/665 806/1015/774
f 697/1014/665 778/1016/746 806/1015/774
f 728/1008/696 726/1013/694 804/1009/772
f 726/1013/694 806/1015/774 804/1009/772
f 679/1017/647 676/978/644 759/979/727
f 679/1017/647 759/979/727 763/1018/731
f 678/980/646 682/1011/650 761/981/729
f 682/1011/650 766/1012/734 761/981/729
f 688/983/656 692/1019/660 772/984/740
f 692/1019/660 774/1020/742 772/984/740
f 697/1014/665 696/986/664 775/988/743
f 697/1014/665 775/988/743 778/1016/746
f 722/1021/690 684/1022/652 807/1023/775
f 722/1021/690 807/1023/775 811/1024/779
f 684/1022/652 679/1017/647 763/1018/731
f 684/1022/652 763/1018/731 807/1023/775
f 692/1019/660 724/1025/692 774/1020/742
f 724/1025/692 810/1026/778 774/1020/742
f 724/1025/692 722/1021/690 810/1026/778
f 722/1021/690 811/1024/779 810/1026/778
s off
