# Apple ModelIO OBJ File: IchigoAme_GrapeBox
mtllib IchigoAme_GrapeBox.mtl
g IchigoAme_GrapeBox_NailSG
v 0.800209 0.847123 0.891474
v 0.800209 0.863959 0.932121
v 0.840122 0.847123 0.891474
v 0.840122 0.863959 0.932121
v 0.800209 0.847123 0.972767
v 0.840122 0.847123 0.972767
v 0.800209 0.806478 0.989603
v 0.840122 0.806478 0.989603
v 0.800209 0.765832 0.972767
v 0.840122 0.765832 0.972767
v 0.800209 0.748996 0.932121
v 0.840122 0.748996 0.932121
v 0.800209 0.765832 0.891474
v 0.840122 0.765832 0.891474
v 0.800209 0.806478 0.87464
v 0.840122 0.806478 0.87464
v 0.861362 0.830867 0.907728
v 0.861362 0.840969 0.932121
v 0.861362 0.806478 0.897627
v 0.861362 0.830867 0.956507
v 0.861362 0.806478 0.966612
v 0.861362 0.782088 0.956507
v 0.861362 0.771986 0.932121
v 0.861362 0.782088 0.907728
v 0.855141 0.842362 0.896235
v 0.855141 0.857224 0.932121
v 0.855141 0.842362 0.968006
v 0.855141 0.806478 0.982868
v 0.855141 0.770593 0.968006
v 0.855141 0.75573 0.932121
v 0.855141 0.770593 0.896235
v 0.855141 0.806478 0.881371
v 0.800209 0.26918 0.891474
v 0.800209 0.286016 0.932121
v 0.840122 0.26918 0.891474
v 0.840122 0.286016 0.932121
v 0.800209 0.26918 0.972767
v 0.840122 0.26918 0.972767
v 0.800209 0.228535 0.989603
v 0.840122 0.228535 0.989603
v 0.800209 0.187889 0.972767
v 0.840122 0.187889 0.972767
v 0.800209 0.171052 0.932121
v 0.840122 0.171052 0.932121
v 0.800209 0.187889 0.891474
v 0.840122 0.187889 0.891474
v 0.800209 0.228535 0.87464
v 0.840122 0.228535 0.87464
v 0.861362 0.252924 0.907728
v 0.861362 0.263026 0.932121
v 0.861362 0.228535 0.897627
v 0.861362 0.252924 0.956507
v 0.861362 0.228535 0.966612
v 0.861362 0.204145 0.956507
v 0.861362 0.194043 0.932121
v 0.861362 0.204145 0.907728
v 0.855141 0.264419 0.896235
v 0.855141 0.279282 0.932121
v 0.855141 0.264419 0.968006
v 0.855141 0.228535 0.982868
v 0.855141 0.19265 0.968006
v 0.855141 0.177787 0.932121
v 0.855141 0.19265 0.896235
v 0.855141 0.228535 0.881371
v 0.800209 0.847123 -0.973263
v 0.800209 0.863959 -0.932615
v 0.840122 0.847123 -0.973263
v 0.840122 0.863959 -0.932615
v 0.800209 0.847123 -0.89197
v 0.840122 0.847123 -0.89197
v 0.800209 0.806478 -0.875134
v 0.840122 0.806478 -0.875134
v 0.800209 0.765832 -0.89197
v 0.840122 0.765832 -0.89197
v 0.800209 0.748996 -0.932615
v 0.840122 0.748996 -0.932615
v 0.800209 0.765832 -0.973263
v 0.840122 0.765832 -0.973263
v 0.800209 0.806478 -0.990097
v 0.840122 0.806478 -0.990097
v 0.861362 0.830867 -0.957008
v 0.861362 0.840969 -0.932615
v 0.861362 0.806478 -0.96711
v 0.861362 0.830867 -0.90823
v 0.861362 0.806478 -0.898125
v 0.861362 0.782088 -0.90823
v 0.861362 0.771986 -0.932615
v 0.861362 0.782088 -0.957008
v 0.855141 0.842362 -0.968502
v 0.855141 0.857224 -0.932615
v 0.855141 0.842362 -0.89673
v 0.855141 0.806478 -0.881868
v 0.855141 0.770593 -0.89673
v 0.855141 0.75573 -0.932615
v 0.855141 0.770593 -0.968502
v 0.855141 0.806478 -0.983366
v 0.800209 0.26918 -0.973263
v 0.800209 0.286016 -0.932615
v 0.840122 0.26918 -0.973263
v 0.840122 0.286016 -0.932615
v 0.800209 0.26918 -0.89197
v 0.840122 0.26918 -0.89197
v 0.800209 0.228535 -0.875134
v 0.840122 0.228535 -0.875134
v 0.800209 0.187889 -0.89197
v 0.840122 0.187889 -0.89197
v 0.800209 0.171052 -0.932615
v 0.840122 0.171052 -0.932615
v 0.800209 0.187889 -0.973263
v 0.840122 0.187889 -0.973263
v 0.800209 0.228535 -0.990097
v 0.840122 0.228535 -0.990097
v 0.861362 0.252924 -0.957008
v 0.861362 0.263026 -0.932615
v 0.861362 0.228535 -0.96711
v 0.861362 0.252924 -0.90823
v 0.861362 0.228535 -0.898125
v 0.861362 0.204145 -0.90823
v 0.861362 0.194043 -0.932615
v 0.861362 0.204145 -0.957008
v 0.855141 0.264419 -0.968502
v 0.855141 0.279282 -0.932615
v 0.855141 0.264419 -0.89673
v 0.855141 0.228535 -0.881868
v 0.855141 0.19265 -0.89673
v 0.855141 0.177787 -0.932615
v 0.855141 0.19265 -0.968502
v 0.855141 0.228535 -0.983366
v 0.504463 0.847123 -1.18827
v 0.545109 0.863959 -1.18827
v 0.504463 0.847123 -1.22819
v 0.545109 0.863959 -1.22819
v 0.585758 0.847123 -1.18827
v 0.585758 0.847123 -1.22819
v 0.602592 0.806478 -1.18827
v 0.602592 0.806478 -1.22819
v 0.585758 0.765832 -1.18827
v 0.585758 0.765832 -1.22819
v 0.545109 0.748996 -1.18827
v 0.545109 0.748996 -1.22819
v 0.504463 0.765832 -1.18827
v 0.504463 0.765832 -1.22819
v 0.487629 0.806478 -1.18827
v 0.487629 0.806478 -1.22819
v 0.520718 0.830867 -1.24943
v 0.545109 0.840969 -1.24943
v 0.510616 0.806478 -1.24943
v 0.5695 0.830867 -1.24943
v 0.579601 0.806478 -1.24943
v 0.5695 0.782088 -1.24943
v 0.545109 0.771986 -1.24943
v 0.520718 0.782088 -1.24943
v 0.509228 0.842362 -1.24321
v 0.545109 0.857224 -1.24321
v 0.580997 0.842362 -1.24321
v 0.59586 0.806478 -1.24321
v 0.580997 0.770593 -1.24321
v 0.545109 0.75573 -1.24321
v 0.509228 0.770593 -1.24321
v 0.494362 0.806478 -1.24321
v 0.504463 0.26918 -1.18827
v 0.545109 0.286016 -1.18827
v 0.504463 0.26918 -1.22819
v 0.545109 0.286016 -1.22819
v 0.585758 0.26918 -1.18827
v 0.585758 0.26918 -1.22819
v 0.602592 0.228535 -1.18827
v 0.602592 0.228535 -1.22819
v 0.585758 0.187889 -1.18827
v 0.585758 0.187889 -1.22819
v 0.545109 0.171052 -1.18827
v 0.545109 0.171052 -1.22819
v 0.504463 0.187889 -1.18827
v 0.504463 0.187889 -1.22819
v 0.487629 0.228535 -1.18827
v 0.487629 0.228535 -1.22819
v 0.520718 0.252924 -1.24943
v 0.545109 0.263026 -1.24943
v 0.510616 0.228535 -1.24943
v 0.5695 0.252924 -1.24943
v 0.579601 0.228535 -1.24943
v 0.5695 0.204145 -1.24943
v 0.545109 0.194043 -1.24943
v 0.520718 0.204145 -1.24943
v 0.509228 0.264419 -1.24321
v 0.545109 0.279282 -1.24321
v 0.580997 0.264419 -1.24321
v 0.59586 0.228535 -1.24321
v 0.580997 0.19265 -1.24321
v 0.545109 0.177787 -1.24321
v 0.509228 0.19265 -1.24321
v 0.494362 0.228535 -1.24321
v -0.595976 0.847123 -1.18827
v -0.555328 0.863959 -1.18827
v -0.595976 0.847123 -1.22819
v -0.555328 0.863959 -1.22819
v -0.514683 0.847123 -1.18827
v -0.514683 0.847123 -1.22819
v -0.497845 0.806478 -1.18827
v -0.497845 0.806478 -1.22819
v -0.514683 0.765832 -1.18827
v -0.514683 0.765832 -1.22819
v -0.555328 0.748996 -1.18827
v -0.555328 0.748996 -1.22819
v -0.595976 0.765832 -1.18827
v -0.595976 0.765832 -1.22819
v -0.61281 0.806478 -1.18827
v -0.61281 0.806478 -1.22819
v -0.579721 0.830867 -1.24943
v -0.555328 0.840969 -1.24943
v -0.589823 0.806478 -1.24943
v -0.530943 0.830867 -1.24943
v -0.52084 0.806478 -1.24943
v -0.530943 0.782088 -1.24943
v -0.555328 0.771986 -1.24943
v -0.579721 0.782088 -1.24943
v -0.591215 0.842362 -1.24321
v -0.555328 0.857224 -1.24321
v -0.519444 0.842362 -1.24321
v -0.504581 0.806478 -1.24321
v -0.519444 0.770593 -1.24321
v -0.555328 0.75573 -1.24321
v -0.591215 0.770593 -1.24321
v -0.606079 0.806478 -1.24321
v -0.595976 0.26918 -1.18827
v -0.555328 0.286016 -1.18827
v -0.595976 0.26918 -1.22819
v -0.555328 0.286016 -1.22819
v -0.514683 0.26918 -1.18827
v -0.514683 0.26918 -1.22819
v -0.497845 0.228535 -1.18827
v -0.497845 0.228535 -1.22819
v -0.514683 0.187889 -1.18827
v -0.514683 0.187889 -1.22819
v -0.555328 0.171052 -1.18827
v -0.555328 0.171052 -1.22819
v -0.595976 0.187889 -1.18827
v -0.595976 0.187889 -1.22819
v -0.61281 0.228535 -1.18827
v -0.61281 0.228535 -1.22819
v -0.579721 0.252924 -1.24943
v -0.555328 0.263026 -1.24943
v -0.589823 0.228535 -1.24943
v -0.530943 0.252924 -1.24943
v -0.52084 0.228535 -1.24943
v -0.530943 0.204145 -1.24943
v -0.555328 0.194043 -1.24943
v -0.579721 0.204145 -1.24943
v -0.591215 0.264419 -1.24321
v -0.555328 0.279282 -1.24321
v -0.519444 0.264419 -1.24321
v -0.504581 0.228535 -1.24321
v -0.519444 0.19265 -1.24321
v -0.555328 0.177787 -1.24321
v -0.591215 0.19265 -1.24321
v -0.606079 0.228535 -1.24321
v -0.798859 0.847123 -0.89197
v -0.798859 0.863959 -0.932615
v -0.838768 0.847123 -0.89197
v -0.838768 0.863959 -0.932615
v -0.798859 0.847123 -0.973263
v -0.838768 0.847123 -0.973263
v -0.798859 0.806478 -0.990097
v -0.838768 0.806478 -0.990097
v -0.798859 0.765832 -0.973263
v -0.838768 0.765832 -0.973263
v -0.798859 0.748996 -0.932615
v -0.838768 0.748996 -0.932615
v -0.798859 0.765832 -0.89197
v -0.838768 0.765832 -0.89197
v -0.798859 0.806478 -0.875134
v -0.838768 0.806478 -0.875134
v -0.860012 0.830867 -0.908224
v -0.860012 0.840969 -0.932615
v -0.860012 0.806478 -0.898123
v -0.860012 0.830867 -0.957003
v -0.860012 0.806478 -0.967108
v -0.860012 0.782088 -0.957003
v -0.860012 0.771986 -0.932615
v -0.860012 0.782088 -0.908224
v -0.853788 0.842362 -0.89673
v -0.853788 0.857224 -0.932615
v -0.853788 0.842362 -0.968502
v -0.853788 0.806478 -0.983362
v -0.853788 0.770593 -0.968502
v -0.853788 0.75573 -0.932615
v -0.853788 0.770593 -0.89673
v -0.853788 0.806478 -0.881866
v -0.798859 0.26918 -0.89197
v -0.798859 0.286016 -0.932615
v -0.838768 0.26918 -0.89197
v -0.838768 0.286016 -0.932615
v -0.798859 0.26918 -0.973263
v -0.838768 0.26918 -0.973263
v -0.798859 0.228535 -0.990097
v -0.838768 0.228535 -0.990097
v -0.798859 0.187889 -0.973263
v -0.838768 0.187889 -0.973263
v -0.798859 0.171052 -0.932615
v -0.838768 0.171052 -0.932615
v -0.798859 0.187889 -0.89197
v -0.838768 0.187889 -0.89197
v -0.798859 0.228535 -0.875134
v -0.838768 0.228535 -0.875134
v -0.860012 0.252924 -0.908224
v -0.860012 0.263026 -0.932615
v -0.860012 0.228535 -0.898123
v -0.860012 0.252924 -0.957003
v -0.860012 0.228535 -0.967108
v -0.860012 0.204145 -0.957003
v -0.860012 0.194043 -0.932615
v -0.860012 0.204145 -0.908224
v -0.853788 0.264419 -0.89673
v -0.853788 0.279282 -0.932615
v -0.853788 0.264419 -0.968502
v -0.853788 0.228535 -0.983362
v -0.853788 0.19265 -0.968502
v -0.853788 0.177787 -0.932615
v -0.853788 0.19265 -0.89673
v -0.853788 0.228535 -0.881866
v -0.798859 0.847123 0.972767
v -0.798859 0.863959 0.932121
v -0.838768 0.847123 0.972767
v -0.838768 0.863959 0.932121
v -0.798859 0.847123 0.891474
v -0.838768 0.847123 0.891474
v -0.798859 0.806478 0.87464
v -0.838768 0.806478 0.87464
v -0.798859 0.765832 0.891474
v -0.838768 0.765832 0.891474
v -0.798859 0.748996 0.932121
v -0.838768 0.748996 0.932121
v -0.798859 0.765832 0.972767
v -0.838768 0.765832 0.972767
v -0.798859 0.806478 0.989603
v -0.838768 0.806478 0.989603
v -0.860012 0.830867 0.956512
v -0.860012 0.840969 0.932121
v -0.860012 0.806478 0.966614
v -0.860012 0.830867 0.907734
v -0.860012 0.806478 0.897629
v -0.860012 0.782088 0.907734
v -0.860012 0.771986 0.932121
v -0.860012 0.782088 0.956512
v -0.853788 0.842362 0.968006
v -0.853788 0.857224 0.932121
v -0.853788 0.842362 0.896235
v -0.853788 0.806478 0.881374
v -0.853788 0.770593 0.896235
v -0.853788 0.75573 0.932121
v -0.853788 0.770593 0.968006
v -0.853788 0.806478 0.98287
v -0.798859 0.26918 0.972767
v -0.798859 0.286016 0.932121
v -0.838768 0.26918 0.972767
v -0.838768 0.286016 0.932121
v -0.798859 0.26918 0.891474
v -0.838768 0.26918 0.891474
v -0.798859 0.228535 0.87464
v -0.838768 0.228535 0.87464
v -0.798859 0.187889 0.891474
v -0.838768 0.187889 0.891474
v -0.798859 0.171052 0.932121
v -0.838768 0.171052 0.932121
v -0.798859 0.187889 0.972767
v -0.838768 0.187889 0.972767
v -0.798859 0.228535 0.989603
v -0.838768 0.228535 0.989603
v -0.860012 0.252924 0.956512
v -0.860012 0.263026 0.932121
v -0.860012 0.228535 0.966614
v -0.860012 0.252924 0.907734
v -0.860012 0.228535 0.897629
v -0.860012 0.204145 0.907734
v -0.860012 0.194043 0.932121
v -0.860012 0.204145 0.956512
v -0.853788 0.264419 0.968006
v -0.853788 0.279282 0.932121
v -0.853788 0.264419 0.896235
v -0.853788 0.228535 0.881374
v -0.853788 0.19265 0.896235
v -0.853788 0.177787 0.932121
v -0.853788 0.19265 0.968006
v -0.853788 0.228535 0.98287
v -0.514683 0.847123 1.18612
v -0.555328 0.863959 1.18612
v -0.514683 0.847123 1.22603
v -0.555328 0.863959 1.22603
v -0.595976 0.847123 1.18612
v -0.595976 0.847123 1.22603
v -0.61281 0.806478 1.18612
v -0.61281 0.806478 1.22603
v -0.595976 0.765832 1.18612
v -0.595976 0.765832 1.22603
v -0.555328 0.748996 1.18612
v -0.555328 0.748996 1.22603
v -0.514683 0.765832 1.18612
v -0.514683 0.765832 1.22603
v -0.497845 0.806478 1.18612
v -0.497845 0.806478 1.22603
v -0.530937 0.830867 1.24728
v -0.555328 0.840969 1.24728
v -0.520836 0.806478 1.24728
v -0.579716 0.830867 1.24728
v -0.589821 0.806478 1.24728
v -0.579716 0.782088 1.24728
v -0.555328 0.771986 1.24728
v -0.530937 0.782088 1.24728
v -0.519444 0.842362 1.24106
v -0.555328 0.857224 1.24106
v -0.591215 0.842362 1.24106
v -0.606075 0.806478 1.24106
v -0.591215 0.770593 1.24106
v -0.555328 0.75573 1.24106
v -0.519444 0.770593 1.24106
v -0.504581 0.806478 1.24106
v -0.514683 0.26918 1.18612
v -0.555328 0.286016 1.18612
v -0.514683 0.26918 1.22603
v -0.555328 0.286016 1.22603
v -0.595976 0.26918 1.18612
v -0.595976 0.26918 1.22603
v -0.61281 0.228535 1.18612
v -0.61281 0.228535 1.22603
v -0.595976 0.187889 1.18612
v -0.595976 0.187889 1.22603
v -0.555328 0.171052 1.18612
v -0.555328 0.171052 1.22603
v -0.514683 0.187889 1.18612
v -0.514683 0.187889 1.22603
v -0.497845 0.228535 1.18612
v -0.497845 0.228535 1.22603
v -0.530937 0.252924 1.24728
v -0.555328 0.263026 1.24728
v -0.520836 0.228535 1.24728
v -0.579716 0.252924 1.24728
v -0.589821 0.228535 1.24728
v -0.579716 0.204145 1.24728
v -0.555328 0.194043 1.24728
v -0.530937 0.204145 1.24728
v -0.519444 0.264419 1.24106
v -0.555328 0.279282 1.24106
v -0.591215 0.264419 1.24106
v -0.606075 0.228535 1.24106
v -0.591215 0.19265 1.24106
v -0.555328 0.177787 1.24106
v -0.519444 0.19265 1.24106
v -0.504581 0.228535 1.24106
v 0.585758 0.847123 1.18612
v 0.545109 0.863959 1.18612
v 0.585758 0.847123 1.22603
v 0.545109 0.863959 1.22603
v 0.504463 0.847123 1.18612
v 0.504463 0.847123 1.22603
v 0.487629 0.806478 1.18612
v 0.487629 0.806478 1.22603
v 0.504463 0.765832 1.18612
v 0.504463 0.765832 1.22603
v 0.545109 0.748996 1.18612
v 0.545109 0.748996 1.22603
v 0.585758 0.765832 1.18612
v 0.585758 0.765832 1.22603
v 0.602592 0.806478 1.18612
v 0.602592 0.806478 1.22603
v 0.5695 0.830867 1.24728
v 0.545109 0.840969 1.24728
v 0.579605 0.806478 1.24728
v 0.520725 0.830867 1.24728
v 0.5695 0.782088 1.24728
v 0.510616 0.806478 1.24728
v 0.520725 0.782088 1.24728
v 0.545109 0.771986 1.24728
v 0.580997 0.842362 1.24106
v 0.545109 0.857224 1.24106
v 0.509228 0.842362 1.24106
v 0.494366 0.806478 1.24106
v 0.509228 0.770593 1.24106
v 0.545109 0.75573 1.24106
v 0.580997 0.770593 1.24106
v 0.59586 0.806478 1.24106
v 0.585758 0.26918 1.18612
v 0.545109 0.286016 1.18612
v 0.585758 0.26918 1.22603
v 0.545109 0.286016 1.22603
v 0.504463 0.26918 1.18612
v 0.504463 0.26918 1.22603
v 0.487629 0.228535 1.18612
v 0.487629 0.228535 1.22603
v 0.504463 0.187889 1.18612
v 0.504463 0.187889 1.22603
v 0.545109 0.171052 1.18612
v 0.545109 0.171052 1.22603
v 0.585758 0.187889 1.18612
v 0.585758 0.187889 1.22603
v 0.602592 0.228535 1.18612
v 0.602592 0.228535 1.22603
v 0.5695 0.252924 1.24728
v 0.545109 0.263026 1.24728
v 0.579605 0.228535 1.24728
v 0.520725 0.252924 1.24728
v 0.5695 0.204145 1.24728
v 0.510616 0.228535 1.24728
v 0.520725 0.204145 1.24728
v 0.545109 0.194043 1.24728
v 0.580997 0.264419 1.24106
v 0.545109 0.279282 1.24106
v 0.509228 0.264419 1.24106
v 0.494366 0.228535 1.24106
v 0.509228 0.19265 1.24106
v 0.545109 0.177787 1.24106
v 0.580997 0.19265 1.24106
v 0.59586 0.228535 1.24106
vn 0 0.707111 -0.707102
vn 0 1 0
vn 0.107737 0.703006 -0.702976
vn 0.107752 0.994178 -1e-06
vn 0 0.707102 0.707111
vn 0.107773 0.702983 0.702993
vn 0 0 1
vn 0.107764 -6e-06 0.994177
vn 0 -0.7071 0.707114
vn 0.107742 -0.702988 0.702993
vn 0 -1 0
vn 0.107736 -0.99418 2e-06
vn 0 -0.707109 -0.707105
vn 0.107728 -0.702996 -0.702988
vn 0 -0 -1
vn 0.10772 1e-06 -0.994181
vn 0.99728 0.052129 -0.052115
vn 0.99728 0.073706 3e-06
vn 0.997281 1.4e-05 -0.073698
vn 0.99728 0.052121 0.052107
vn 0.99728 1.4e-05 0.073705
vn 0.997282 -0.05209 0.052106
vn 0.997282 -0.073677 1e-06
vn 0.997281 -0.052103 -0.052116
vn 0.647472 0.53891 -0.538848
vn 0.6475 0.762066 1e-06
vn 0.647544 0.53882 0.53885
vn 0.647553 -1.4e-05 0.76202
vn 0.647487 -0.538864 0.538875
vn 0.647467 -0.762093 7e-06
vn 0.647448 -0.538902 -0.538884
vn 0.647427 3e-06 -0.762127
vn 0.107738 0.703005 -0.702977
vn 0.107753 0.994178 -1e-06
vn 0.107759 0.702987 0.702992
vn 0.10775 -7e-06 0.994178
vn 0 -0.707098 0.707116
vn 0.107742 -0.702986 0.702995
vn 0.107735 -0.99418 2e-06
vn 0 -0.707107 -0.707107
vn 0.107728 -0.702994 -0.70299
vn 0.107721 3e-06 -0.994181
vn 0.997282 -0.05209 0.052107
vn 0.997281 -0.052103 -0.052117
vn 0.647469 0.538907 -0.538854
vn 0.647499 0.762067 2e-06
vn 0.647527 0.538833 0.538858
vn 0.647535 -1.8e-05 0.762035
vn 0.647487 -0.538863 0.538876
vn 0.647466 -0.762094 7e-06
vn 0.647447 -0.538902 -0.538884
vn 0.647423 8e-06 -0.762131
vn 0.107744 0.703004 -0.702977
vn 0.107746 0.994178 0
vn 0.107747 0.702987 0.702993
vn 0.107752 -0.702987 0.702993
vn 0.107747 -0.994178 1e-06
vn 0.107725 -0.702998 -0.702986
vn 0.107718 6e-06 -0.994182
vn 0.997279 0.052131 -0.052116
vn 0.99728 0.073704 0
vn 0.997281 0.052116 0.052105
vn 0.99728 1.4e-05 0.073703
vn 0.997282 -0.052089 0.052106
vn 0.997282 -0.073678 0
vn 0.64745 0.53892 -0.538863
vn 0.64746 0.7621 -0
vn 0.647493 0.538853 0.538878
vn 0.647539 -1.6e-05 0.762033
vn 0.647497 -0.538857 0.538871
vn 0.647467 -0.762094 2e-06
vn 0.647444 -0.538911 -0.53888
vn 0.647417 1.6e-05 -0.762136
vn 0.107753 0.994178 0
vn 0.107742 0.702987 0.702994
vn 0.107738 -4e-06 0.994179
vn 0.107752 -0.702985 0.702995
vn 0.107746 -0.994178 1e-06
vn 0.107725 -0.702996 -0.702988
vn 0.64745 0.538918 -0.538865
vn 0.647469 0.762092 -0
vn 0.647481 0.538856 0.53889
vn 0.647516 -1.1e-05 0.762052
vn 0.647496 -0.538856 0.538871
vn 0.647466 -0.762094 2e-06
vn 0.647415 1.6e-05 -0.762138
vn -0.707121 0.707093 0
vn -0.703007 0.702971 -0.107765
vn 2e-06 0.994178 -0.107755
vn 0.707093 0.707121 0
vn 0.702973 0.703007 -0.107747
vn 1 0 0
vn 0.994179 -1e-06 -0.107741
vn 0.707093 -0.707121 0
vn 0.702981 -0.703 -0.107748
vn 5e-06 -0.994178 -0.107754
vn -0.707121 -0.707093 0
vn -0.703011 -0.702966 -0.107766
vn -1 0 0
vn -0.994175 -4e-06 -0.107775
vn -0.05213 0.052111 -0.99728
vn -0 0.073699 -0.997281
vn -0.073701 -1e-06 -0.99728
vn 0.052125 0.052115 -0.99728
vn 0.073697 -0 -0.997281
vn 0.052097 -0.052116 -0.997281
vn -6e-06 -0.073699 -0.997281
vn -0.052108 -0.052111 -0.997281
vn -0.538893 0.53891 -0.647434
vn 3e-06 0.762112 -0.647446
vn 0.538895 0.538899 -0.647441
vn 0.762097 -3e-06 -0.647463
vn 0.538874 -0.538895 -0.647461
vn 1e-06 -0.762111 -0.647446
vn -0.538879 -0.538915 -0.647441
vn -0.762126 -1.1e-05 -0.647428
vn -0.703 0.702975 -0.107777
vn 7e-06 0.994176 -0.107765
vn 0.702973 0.703008 -0.107748
vn 0.994179 -5e-06 -0.107737
vn 0.702984 -0.702997 -0.107749
vn 0 -0.994177 -0.107761
vn -0.703018 -0.702959 -0.107768
vn -0.994175 -0 -0.107779
vn 0.052125 0.052116 -0.99728
vn 0.052096 -0.052116 -0.997281
vn -0.538874 0.53891 -0.647449
vn 1.6e-05 0.762101 -0.647458
vn 0.538894 0.538893 -0.647447
vn 0.762106 -1.2e-05 -0.647452
vn 0.538885 -0.538891 -0.647456
vn -1.1e-05 -0.762102 -0.647457
vn -0.5389 -0.538898 -0.647437
vn -0.762131 -2e-06 -0.647423
vn -0.707102 0.707111 0
vn -0.702984 0.702997 -0.10774
vn 1e-06 0.994178 -0.107752
vn 0.702976 0.703002 -0.107763
vn 0.994176 -1e-06 -0.107767
vn 0.702983 -0.702996 -0.107757
vn 5e-06 -0.994179 -0.10774
vn -0.707102 -0.707111 0
vn -0.702989 -0.702993 -0.107737
vn -0.99418 -4e-06 -0.10773
vn -0.05213 0.052118 -0.997279
vn 1e-06 0.073701 -0.99728
vn -0.073703 -1e-06 -0.99728
vn 0.052123 0.052108 -0.99728
vn 0.073705 -0 -0.99728
vn 0.052094 -0.052109 -0.997282
vn -5e-06 -0.073701 -0.99728
vn -0.052108 -0.052118 -0.99728
vn -0.53891 0.538905 -0.647423
vn 3e-06 0.762111 -0.647447
vn 0.538892 0.538863 -0.647473
vn 0.762048 -3e-06 -0.647521
vn 0.538881 -0.538873 -0.647474
vn 3e-06 -0.762132 -0.647421
vn -0.538902 -0.538919 -0.647418
vn -0.762151 -1.1e-05 -0.6474
vn -0.702978 0.703002 -0.10775
vn 6e-06 0.994177 -0.10776
vn 0.702975 0.703003 -0.107764
vn 0.994176 -5e-06 -0.107765
vn 0.702986 -0.702992 -0.107765
vn -0 -0.994178 -0.107755
vn -0.702996 -0.702985 -0.107744
vn -0.99418 0 -0.107735
vn -0.05213 0.052117 -0.997279
vn 1e-06 0.0737 -0.99728
vn 0.052122 0.052109 -0.99728
vn 0.073704 -0 -0.99728
vn -0.052108 -0.052117 -0.997281
vn -0.538897 0.538912 -0.647429
vn 1.7e-05 0.762108 -0.64745
vn 0.538893 0.53886 -0.647476
vn 0.762055 -1.3e-05 -0.647512
vn 0.538884 -0.538857 -0.647486
vn -1e-05 -0.762105 -0.647453
vn -0.538917 -0.538895 -0.647426
vn -0.762154 -1e-06 -0.647396
vn 0 0.707107 0.707107
vn -0.107741 0.702989 0.702992
vn -0.10775 0.994178 -1e-06
vn 0 0.707107 -0.707107
vn -0.107747 0.70299 -0.702991
vn -0.107721 0 -0.994181
vn -0.107733 -0.702988 -0.702994
vn -0.107752 -0.994178 2e-06
vn 0 -0.707107 0.707107
vn -0.107742 -0.702989 0.702992
vn -0.107735 -0 0.99418
vn -0.997278 0.052141 0.05213
vn -0.997277 0.07374 -0
vn -0.997279 1.1e-05 0.073718
vn -0.997279 0.052133 -0.052122
vn -0.997279 9e-06 -0.073724
vn -0.99728 -0.052107 -0.05212
vn -0.99728 -0.07371 0
vn -0.997279 -0.052117 0.052132
vn -0.647416 0.538909 0.538916
vn -0.647425 0.762129 -2e-06
vn -0.647425 0.538891 -0.538922
vn -0.647426 -9e-06 -0.762128
vn -0.647426 -0.538889 -0.538924
vn -0.647427 -0.762128 9e-06
vn -0.647394 -0.538924 0.538927
vn -0.647398 -5e-06 0.762152
vn 0 0.707109 0.707105
vn -0.107729 0.702991 0.702992
vn -0.107762 0.994177 -2e-06
vn 0 0.707109 -0.707104
vn -0.107747 0.702992 -0.702988
vn 0 -0.707105 -0.707109
vn -0.107733 -0.702987 -0.702996
vn 0 -0.707104 0.707109
vn -0.107742 -0.702987 0.702994
vn -0.107711 2e-06 0.994182
vn -0.647395 0.538915 0.538935
vn -0.647445 0.762112 -5e-06
vn -0.647425 0.538889 -0.538924
vn -0.647424 -9e-06 -0.76213
vn -0.647425 -0.538889 -0.538924
vn -0.647426 -0.762128 9e-06
vn -0.647356 -1e-06 0.762187
vn -0.107767 0.702988 0.702989
vn -0.107752 0.994178 -0
vn -0.107759 0.70299 -0.702988
vn -0.107769 -2e-06 -0.994176
vn -0.107771 -0.702985 -0.702992
vn -0.107757 -0.994177 1e-06
vn -0.107761 -0.702985 0.702993
vn -0.107773 -2e-06 0.994176
vn -0.997278 0.05214 0.052127
vn -0.997278 0.07374 -1e-06
vn -0.99728 1.1e-05 0.073711
vn -0.997279 0.052133 -0.052118
vn -0.997279 6e-06 -0.073726
vn -0.99728 -0.052109 -0.052124
vn -0.99728 -0.073708 0
vn -0.99728 -0.052115 0.052128
vn -0.64743 0.538905 0.538902
vn -0.647433 0.762122 -2e-06
vn -0.647448 0.538884 -0.538901
vn -0.647464 -2e-05 -0.762096
vn -0.647456 -0.538868 -0.538908
vn -0.647452 -0.762106 4e-06
vn -0.647421 -0.538903 0.538915
vn -0.647424 -1e-05 0.76213
vn -0.107755 0.70299 0.702989
vn -0.107764 0.994177 -1e-06
vn -0.107772 0.702991 -0.702986
vn -0.107782 -0 -0.994175
vn -0.10777 -0.702983 -0.702993
vn -0.107756 -0.994177 1e-06
vn -0.107761 -0.702984 0.702995
vn -0.107749 0 0.994178
vn -0.64741 0.53891 0.538921
vn -0.647453 0.762105 -5e-06
vn -0.647464 0.53887 -0.538897
vn -0.647478 -1.6e-05 -0.762084
vn -0.647451 -0.762107 4e-06
vn -0.647382 -5e-06 0.762166
vn 0.707088 0.707125 0
vn 0.702979 0.702999 0.107762
vn -0 0.994178 0.107754
vn -0.707107 0.707107 0
vn -0.70299 0.70299 0.107757
vn -0.994178 1e-06 0.107753
vn -0.707098 -0.707116 0
vn -0.702978 -0.703002 0.107749
vn 5e-06 -0.994179 0.107742
vn 0.707079 -0.707134 0
vn 0.702972 -0.703007 0.107758
vn 0.994176 -0 0.107768
vn 0.052101 0.052114 0.997281
vn -1.5e-05 0.0737 0.99728
vn 0.073688 -0 0.997281
vn -0.05212 0.05211 0.99728
vn -0.073723 0 0.997279
vn -0.052126 -0.05211 0.99728
vn -2e-05 -0.0737 0.997281
vn 0.052102 -0.052114 0.997281
vn 0.538927 0.538914 0.647403
vn -0 0.762148 0.647403
vn -0.538923 0.53891 0.647409
vn -0.762122 3e-06 0.647433
vn -0.538921 -0.538921 0.647401
vn 4e-06 -0.762165 0.647383
vn 0.538928 -0.538918 0.647398
vn 0.762144 -1e-06 0.647408
vn 0.707079 0.707134 0
vn 0.702971 0.703007 0.107767
vn -0 0.994177 0.10776
vn -0.707098 0.707116 0
vn -0.702981 0.702997 0.10776
vn -0.994178 1e-06 0.107754
vn -0.702985 -0.702994 0.107756
vn -6e-06 -0.994177 0.107757
vn 0.702972 -0.703006 0.107766
vn 0.994176 0 0.107771
vn 0.0521 0.052113 0.997281
vn 0.073687 -0 0.997281
vn -0.052121 0.052111 0.99728
vn -2.1e-05 -0.0737 0.99728
vn 0.052101 -0.052114 0.997281
vn 0.538924 0.538907 0.647411
vn -0 0.762137 0.647416
vn -0.538922 0.538905 0.647413
vn -0.762121 3e-06 0.647435
vn -0.538935 -0.538897 0.64741
vn -2.7e-05 -0.762139 0.647414
vn 0.53892 -0.538905 0.647415
vn 0.762141 -0 0.647411
vn 0.707098 0.707116 0
vn 0.70298 0.703 0.107747
vn 0 0.994177 0.107756
vn -0.707116 0.707098 0
vn -0.703012 0.702964 0.107778
vn -0.994173 1e-06 0.107795
vn -0.707107 -0.707107 0
vn -0.703 -0.702976 0.107778
vn 6e-06 -0.994177 0.107756
vn 0.707088 -0.707125 0
vn 0.702973 -0.703007 0.10775
vn 0.994179 -0 0.107742
vn 0.052094 0.052118 0.997281
vn 0.073697 -0 0.997281
vn -0.052117 0.052104 0.997281
vn 0.052095 -0.052118 0.997281
vn -0.073737 0 0.997278
vn -0.052123 -0.052104 0.997281
vn -2.1e-05 -0.0737 0.997281
vn 0.538917 0.538937 0.647391
vn -1e-06 0.762136 0.647417
vn -0.538916 0.538885 0.647435
vn -0.762099 3e-06 0.647461
vn -0.538909 -0.538891 0.647436
vn 3e-06 -0.76214 0.647412
vn 0.538912 -0.538933 0.647399
vn 0.762153 -0 0.647397
vn 0.702972 0.703008 0.107754
vn 0 0.994176 0.107766
vn -0.703003 0.702971 0.107788
vn -0.994173 1e-06 0.1078
vn -0.703007 -0.702968 0.107782
vn -6e-06 -0.994177 0.107763
vn 0.702973 -0.703007 0.107753
vn 0.994178 0 0.107746
vn -1.5e-05 0.073701 0.99728
vn 0.073696 -0 0.997281
vn 0.052094 -0.052118 0.997281
vn -0.073736 0 0.997278
vn -0.052123 -0.052104 0.99728
vn 0.538915 0.538931 0.647398
vn -1e-06 0.762128 0.647427
vn -0.538912 0.538879 0.647444
vn -0.762094 2e-06 0.647466
vn -0.538929 -0.538873 0.647435
vn -2.7e-05 -0.762131 0.647423
vn 0.53891 -0.53893 0.647403
vn 0.76215 -0 0.6474
vt 0.003823 0.494542
vt 0.003823 0.440609
vt 0.05303 0.494542
vt 0.05303 0.440609
vt 0.003823 0.867353
vt 0.003823 0.815501
vt 0.05303 0.867353
vt 0.05303 0.815501
vt 0.003823 0.762757
vt 0.05303 0.762757
vt 0.003823 0.70956
vt 0.05303 0.70956
vt 0.003823 0.65615
vt 0.05303 0.65615
vt 0.003823 0.602519
vt 0.05303 0.602519
vt 0.003823 0.548572
vt 0.05303 0.548572
vt 0.427861 0.661894
vt 0.39815 0.648364
vt 0.458258 0.650243
vt 0.386799 0.617859
vt 0.400262 0.588443
vt 0.430482 0.577105
vt 0.45991 0.59037
vt 0.471454 0.620598
vt 0.427154 0.683678
vt 0.382167 0.663149
vt 0.07322 0.494542
vt 0.07322 0.440609
vt 0.365135 0.616987
vt 0.07322 0.867353
vt 0.07322 0.815501
vt 0.38564 0.572613
vt 0.07322 0.762757
vt 0.431181 0.555643
vt 0.07322 0.70956
vt 0.47553 0.575548
vt 0.07322 0.65615
vt 0.493067 0.621132
vt 0.07322 0.602519
vt 0.473221 0.665995
vt 0.07322 0.548572
vt 0.237171 0.057956
vt 0.237171 0.004022
vt 0.286383 0.057956
vt 0.286383 0.004022
vt 0.237171 0.430768
vt 0.237171 0.378915
vt 0.286383 0.430768
vt 0.286383 0.378915
vt 0.237171 0.326173
vt 0.286383 0.326173
vt 0.237171 0.272977
vt 0.286383 0.272977
vt 0.237171 0.219566
vt 0.286383 0.219566
vt 0.237171 0.165937
vt 0.286383 0.165937
vt 0.237171 0.111986
vt 0.286383 0.111986
vt 0.783422 0.974351
vt 0.753825 0.960803
vt 0.813713 0.963006
vt 0.742545 0.930346
vt 0.756178 0.900851
vt 0.786559 0.889681
vt 0.815984 0.903278
vt 0.827193 0.933647
vt 0.782718 0.996029
vt 0.737832 0.975623
vt 0.306565 0.057956
vt 0.306565 0.004022
vt 0.720803 0.92947
vt 0.306565 0.430768
vt 0.306565 0.378915
vt 0.741523 0.884955
vt 0.306565 0.326173
vt 0.787406 0.868062
vt 0.306565 0.272977
vt 0.831893 0.88858
vt 0.306565 0.219566
vt 0.848745 0.934496
vt 0.306565 0.165937
vt 0.828425 0.978809
vt 0.306565 0.111986
vt 0.135552 0.494541
vt 0.135552 0.440608
vt 0.184762 0.494541
vt 0.184762 0.440608
vt 0.135552 0.867353
vt 0.135552 0.815503
vt 0.184762 0.867353
vt 0.184762 0.815503
vt 0.135552 0.762757
vt 0.184762 0.762757
vt 0.135552 0.709563
vt 0.184762 0.709563
vt 0.135552 0.656145
vt 0.184762 0.656145
vt 0.135552 0.602521
vt 0.184762 0.602521
vt 0.135552 0.548569
vt 0.184762 0.548569
vt 0.505159 0.75814
vt 0.516511 0.788526
vt 0.4758 0.744702
vt 0.503012 0.818093
vt 0.472526 0.829452
vt 0.443096 0.815822
vt 0.431911 0.785402
vt 0.445449 0.755964
vt 0.520896 0.74342
vt 0.538242 0.789226
vt 0.204947 0.494541
vt 0.204947 0.440608
vt 0.517898 0.834064
vt 0.204947 0.867353
vt 0.204947 0.815503
vt 0.471631 0.851135
vt 0.204947 0.762757
vt 0.427179 0.83048
vt 0.204947 0.709563
vt 0.410299 0.784536
vt 0.204947 0.656145
vt 0.430772 0.740112
vt 0.204947 0.602521
vt 0.47658 0.723153
vt 0.204947 0.548569
vt 0.474281 0.057955
vt 0.474281 0.004022
vt 0.52349 0.057955
vt 0.52349 0.004022
vt 0.474281 0.430768
vt 0.474281 0.378916
vt 0.52349 0.430768
vt 0.52349 0.378916
vt 0.474281 0.326171
vt 0.52349 0.326171
vt 0.474281 0.272977
vt 0.52349 0.272977
vt 0.474281 0.219562
vt 0.52349 0.219562
vt 0.474281 0.165934
vt 0.52349 0.165934
vt 0.474281 0.111984
vt 0.52349 0.111984
vt 0.584331 0.90333
vt 0.57076 0.932929
vt 0.573029 0.873039
vt 0.540235 0.944173
vt 0.510734 0.930457
vt 0.499602 0.90007
vt 0.513202 0.870735
vt 0.543568 0.859533
vt 0.605966 0.904076
vt 0.58555 0.948871
vt 0.543676 0.057955
vt 0.543676 0.004022
vt 0.539337 0.965922
vt 0.543676 0.430768
vt 0.543676 0.378916
vt 0.494689 0.945081
vt 0.543676 0.326171
vt 0.478045 0.899164
vt 0.543676 0.272977
vt 0.498564 0.854894
vt 0.543676 0.219562
vt 0.544395 0.83795
vt 0.543676 0.165934
vt 0.588807 0.858314
vt 0.543676 0.111984
vt 0.214589 0.494538
vt 0.214589 0.440608
vt 0.263794 0.494538
vt 0.263794 0.440608
vt 0.214589 0.867353
vt 0.214589 0.815497
vt 0.263794 0.867353
vt 0.263794 0.815497
vt 0.214589 0.762754
vt 0.263794 0.762754
vt 0.214589 0.709557
vt 0.263794 0.709557
vt 0.214589 0.656144
vt 0.263794 0.656144
vt 0.214589 0.602517
vt 0.263794 0.602517
vt 0.214589 0.54857
vt 0.263794 0.54857
vt 0.642568 0.536228
vt 0.653876 0.566632
vt 0.613129 0.52266
vt 0.640371 0.596147
vt 0.609899 0.607389
vt 0.580431 0.593697
vt 0.569251 0.563259
vt 0.582788 0.533878
vt 0.658444 0.521541
vt 0.675475 0.567414
vt 0.283985 0.494538
vt 0.283985 0.440608
vt 0.655205 0.612068
vt 0.283985 0.867353
vt 0.283985 0.815497
vt 0.609 0.629116
vt 0.283985 0.762754
vt 0.564447 0.608334
vt 0.283985 0.709557
vt 0.547673 0.562358
vt 0.283985 0.656144
vt 0.568129 0.518032
vt 0.283985 0.602517
vt 0.613967 0.501058
vt 0.283985 0.54857
vt 0.553318 0.057951
vt 0.553318 0.004022
vt 0.602527 0.057951
vt 0.602527 0.004022
vt 0.553318 0.430768
vt 0.553318 0.37891
vt 0.602527 0.430768
vt 0.602527 0.37891
vt 0.553318 0.326169
vt 0.602527 0.326169
vt 0.553318 0.27297
vt 0.602527 0.27297
vt 0.553318 0.219557
vt 0.602527 0.219557
vt 0.553318 0.165932
vt 0.602527 0.165932
vt 0.553318 0.111982
vt 0.602527 0.111982
vt 0.580559 0.821621
vt 0.569287 0.791182
vt 0.610743 0.834913
vt 0.582719 0.761679
vt 0.612933 0.750248
vt 0.642361 0.763386
vt 0.654041 0.793447
vt 0.641059 0.823165
vt 0.564703 0.836514
vt 0.547673 0.790358
vt 0.622713 0.057951
vt 0.622713 0.004022
vt 0.568057 0.745919
vt 0.622713 0.430768
vt 0.622713 0.37891
vt 0.613594 0.728799
vt 0.622713 0.326169
vt 0.657842 0.748551
vt 0.622713 0.27297
vt 0.675633 0.793844
vt 0.622713 0.219557
vt 0.656134 0.838789
vt 0.622713 0.165932
vt 0.610174 0.856781
vt 0.622713 0.111982
vt 0.632356 0.057958
vt 0.632356 0.004022
vt 0.68156 0.057958
vt 0.68156 0.004022
vt 0.632356 0.430768
vt 0.632356 0.378916
vt 0.68156 0.430768
vt 0.68156 0.378916
vt 0.632356 0.326174
vt 0.68156 0.326174
vt 0.632356 0.272979
vt 0.68156 0.272979
vt 0.632356 0.219568
vt 0.68156 0.219568
vt 0.632356 0.165939
vt 0.68156 0.165939
vt 0.632356 0.111989
vt 0.68156 0.111989
vt 0.405565 0.866369
vt 0.391994 0.895636
vt 0.394057 0.835485
vt 0.361707 0.906833
vt 0.332324 0.893489
vt 0.320836 0.863296
vt 0.334021 0.833722
vt 0.364407 0.822088
vt 0.427235 0.867176
vt 0.406584 0.911444
vt 0.701751 0.057958
vt 0.701751 0.004022
vt 0.360935 0.928286
vt 0.701751 0.430768
vt 0.701751 0.378916
vt 0.31668 0.908203
vt 0.701751 0.326174
vt 0.299271 0.8628
vt 0.701751 0.272979
vt 0.319059 0.817975
vt 0.701751 0.219568
vt 0.365022 0.800313
vt 0.701751 0.165939
vt 0.410056 0.820628
vt 0.701751 0.111989
vt 0.709512 0.057957
vt 0.709512 0.004022
vt 0.758716 0.057957
vt 0.758716 0.004022
vt 0.709512 0.430768
vt 0.709512 0.378918
vt 0.758716 0.430768
vt 0.758716 0.378918
vt 0.709512 0.326173
vt 0.758716 0.326173
vt 0.709512 0.27298
vt 0.758716 0.27298
vt 0.709512 0.219567
vt 0.758716 0.219567
vt 0.709512 0.165936
vt 0.758716 0.165936
vt 0.709512 0.111989
vt 0.758716 0.111989
vt 0.795057 0.759419
vt 0.783727 0.729106
vt 0.824749 0.772919
vt 0.797018 0.699763
vt 0.827169 0.688226
vt 0.856785 0.70144
vt 0.868433 0.731758
vt 0.855143 0.761403
vt 0.779128 0.774199
vt 0.762204 0.728331
vt 0.778907 0.057957
vt 0.778907 0.004022
vt 0.78231 0.684099
vt 0.778907 0.430768
vt 0.778907 0.378918
vt 0.827648 0.666695
vt 0.778907 0.326173
vt 0.872513 0.686469
vt 0.778907 0.27298
vt 0.890156 0.732341
vt 0.778907 0.219567
vt 0.870073 0.777228
vt 0.778907 0.165936
vt 0.824013 0.794683
vt 0.778907 0.111989
vt 0.160016 0.057955
vt 0.160016 0.004021
vt 0.209219 0.057955
vt 0.209219 0.004021
vt 0.160016 0.430769
vt 0.160016 0.378916
vt 0.209219 0.430768
vt 0.209219 0.378916
vt 0.160016 0.326173
vt 0.209219 0.326173
vt 0.160016 0.272979
vt 0.209219 0.272979
vt 0.160016 0.219564
vt 0.209219 0.219564
vt 0.160016 0.165937
vt 0.209219 0.165937
vt 0.160016 0.111987
vt 0.209219 0.111987
vt 0.576395 0.648782
vt 0.587933 0.679219
vt 0.546936 0.635524
vt 0.574503 0.708915
vt 0.54397 0.72027
vt 0.514564 0.706692
vt 0.50331 0.676338
vt 0.516731 0.646935
vt 0.592115 0.633925
vt 0.609729 0.679856
vt 0.229409 0.057955
vt 0.229409 0.004021
vt 0.589382 0.724913
vt 0.229409 0.430768
vt 0.229409 0.378916
vt 0.543067 0.742001
vt 0.229409 0.326173
vt 0.498653 0.721327
vt 0.229409 0.272979
vt 0.481808 0.675533
vt 0.229409 0.219564
vt 0.502029 0.631207
vt 0.229409 0.165937
vt 0.547589 0.613994
vt 0.229409 0.111987
vt 0.316208 0.057954
vt 0.316208 0.004021
vt 0.365412 0.057955
vt 0.365412 0.004021
vt 0.316208 0.430768
vt 0.316208 0.378912
vt 0.365412 0.430768
vt 0.365412 0.378912
vt 0.316208 0.326171
vt 0.365412 0.326171
vt 0.316208 0.272976
vt 0.365412 0.272976
vt 0.316208 0.219565
vt 0.365412 0.219565
vt 0.316208 0.165936
vt 0.365412 0.165936
vt 0.316208 0.111986
vt 0.365412 0.111986
vt 0.493378 0.549039
vt 0.463863 0.535436
vt 0.524069 0.537111
vt 0.452548 0.505027
vt 0.465912 0.475587
vt 0.496064 0.464154
vt 0.525527 0.477239
vt 0.537254 0.507434
vt 0.492681 0.570789
vt 0.44795 0.550138
vt 0.385601 0.057954
vt 0.385601 0.004021
vt 0.430999 0.504196
vt 0.385601 0.430768
vt 0.385601 0.378912
vt 0.451249 0.459893
vt 0.385601 0.326171
vt 0.496604 0.442711
vt 0.385601 0.272976
vt 0.541114 0.462323
vt 0.385601 0.219565
vt 0.558929 0.507884
vt 0.385601 0.165936
vt 0.539102 0.552974
vt 0.385601 0.111986
vt 0.395244 0.057953
vt 0.395244 0.004021
vt 0.44445 0.057953
vt 0.44445 0.004021
vt 0.395244 0.430768
vt 0.395244 0.378914
vt 0.44445 0.430768
vt 0.44445 0.378914
vt 0.395244 0.326171
vt 0.44445 0.326171
vt 0.395244 0.272975
vt 0.44445 0.272975
vt 0.395244 0.219561
vt 0.44445 0.219561
vt 0.395244 0.165934
vt 0.44445 0.165934
vt 0.395244 0.111984
vt 0.44445 0.111984
vt 0.824967 0.547152
vt 0.795289 0.533637
vt 0.855275 0.535474
vt 0.783949 0.503076
vt 0.797577 0.473584
vt 0.827806 0.46234
vt 0.8572 0.475679
vt 0.868578 0.505929
vt 0.824356 0.568906
vt 0.779288 0.548463
vt 0.464638 0.057953
vt 0.464638 0.004021
vt 0.762204 0.502161
vt 0.464638 0.430768
vt 0.464638 0.378914
vt 0.782975 0.457729
vt 0.464638 0.326171
vt 0.8286 0.440831
vt 0.464638 0.272975
vt 0.87289 0.460941
vt 0.464638 0.219561
vt 0.890145 0.506555
vt 0.464638 0.165934
vt 0.870202 0.551187
vt 0.464638 0.111984
vt 0.786668 0.057952
vt 0.786668 0.004021
vt 0.835872 0.057952
vt 0.835872 0.004021
vt 0.786668 0.430768
vt 0.786668 0.378914
vt 0.835873 0.430768
vt 0.835873 0.378914
vt 0.786668 0.326171
vt 0.835872 0.326171
vt 0.786668 0.272975
vt 0.835872 0.272975
vt 0.786668 0.21956
vt 0.835873 0.21956
vt 0.786668 0.165931
vt 0.835873 0.165931
vt 0.786668 0.111983
vt 0.835873 0.111983
vt 0.923158 0.876071
vt 0.892758 0.887661
vt 0.93639 0.846645
vt 0.863061 0.874268
vt 0.851673 0.84372
vt 0.865254 0.814299
vt 0.895587 0.803021
vt 0.92501 0.81643
vt 0.93803 0.891757
vt 0.89217 0.909471
vt 0.856062 0.057952
vt 0.856062 0.004021
vt 0.847052 0.889171
vt 0.856062 0.430768
vt 0.856062 0.378914
vt 0.829951 0.842821
vt 0.856062 0.326171
vt 0.850591 0.798407
vt 0.856062 0.272975
vt 0.896388 0.781492
vt 0.856062 0.21956
vt 0.940754 0.801731
vt 0.856062 0.165931
vt 0.957905 0.847303
vt 0.856062 0.111983
vt 0.685048 0.49454
vt 0.685048 0.440608
vt 0.734251 0.49454
vt 0.734251 0.440608
vt 0.685048 0.867353
vt 0.685048 0.815499
vt 0.734251 0.867353
vt 0.734251 0.815499
vt 0.685048 0.762757
vt 0.734251 0.762757
vt 0.685048 0.709558
vt 0.734251 0.709558
vt 0.685048 0.656147
vt 0.734251 0.656147
vt 0.685048 0.602518
vt 0.734251 0.602518
vt 0.685048 0.548569
vt 0.734251 0.548569
vt 0.399879 0.505961
vt 0.386735 0.535528
vt 0.388589 0.475777
vt 0.356384 0.547098
vt 0.326718 0.533693
vt 0.315345 0.503151
vt 0.328909 0.473649
vt 0.359225 0.46237
vt 0.421421 0.50658
vt 0.401692 0.551214
vt 0.754444 0.49454
vt 0.754444 0.440608
vt 0.355806 0.568911
vt 0.754444 0.867353
vt 0.754444 0.815499
vt 0.310713 0.548596
vt 0.754444 0.762757
vt 0.293626 0.502284
vt 0.754444 0.709558
vt 0.314232 0.457746
vt 0.754444 0.656147
vt 0.360056 0.440827
vt 0.754444 0.602518
vt 0.404313 0.461112
vt 0.754444 0.548569
vt 0.003823 0.057908
vt 0.003823 0.003968
vt 0.052948 0.057908
vt 0.052948 0.003968
vt 0.003823 0.430821
vt 0.003823 0.379321
vt 0.052949 0.430821
vt 0.052948 0.379321
vt 0.003823 0.326654
vt 0.052948 0.326655
vt 0.003823 0.273226
vt 0.052948 0.273226
vt 0.003823 0.219513
vt 0.052948 0.219513
vt 0.003823 0.165735
vt 0.052948 0.165735
vt 0.003823 0.111844
vt 0.052948 0.111844
vt 0.355768 0.771155
vt 0.32636 0.757574
vt 0.386259 0.759936
vt 0.315147 0.727226
vt 0.32866 0.697817
vt 0.359078 0.686497
vt 0.388596 0.700032
vt 0.39984 0.730456
vt 0.354856 0.792803
vt 0.31052 0.772219
vt 0.073111 0.057908
vt 0.073111 0.003968
vt 0.293626 0.72643
vt 0.073111 0.430821
vt 0.073111 0.379321
vt 0.313897 0.681978
vt 0.073111 0.326655
vt 0.359889 0.664811
vt 0.073111 0.273226
vt 0.404488 0.68528
vt 0.073111 0.219513
vt 0.421516 0.731291
vt 0.073111 0.165735
vt 0.400985 0.775876
vt 0.073111 0.111844
vt 0.863824 0.057959
vt 0.863824 0.004022
vt 0.913025 0.057959
vt 0.913025 0.004022
vt 0.863824 0.430768
vt 0.863824 0.378919
vt 0.913025 0.430768
vt 0.913025 0.378919
vt 0.863824 0.326176
vt 0.913025 0.326176
vt 0.863824 0.272982
vt 0.913025 0.272982
vt 0.863824 0.21957
vt 0.913025 0.21957
vt 0.863824 0.16594
vt 0.913025 0.16594
vt 0.863824 0.11199
vt 0.913025 0.11199
vt 0.134517 0.962863
vt 0.104117 0.97431
vt 0.147879 0.933533
vt 0.074477 0.960805
vt 0.136595 0.903193
vt 0.06318 0.930321
vt 0.076753 0.900872
vt 0.107149 0.889667
vt 0.149285 0.9786
vt 0.103423 0.996032
vt 0.933219 0.057959
vt 0.933219 0.004022
vt 0.058528 0.975662
vt 0.933219 0.430768
vt 0.933219 0.378919
vt 0.04146 0.929403
vt 0.933219 0.326176
vt 0.062083 0.884988
vt 0.933219 0.272982
vt 0.107994 0.868059
vt 0.933219 0.21957
vt 0.152443 0.888514
vt 0.933219 0.16594
vt 0.169411 0.934287
vt 0.933219 0.11199
vt 0.08286 0.058092
vt 0.08286 0.00402
vt 0.132027 0.058092
vt 0.132027 0.00402
vt 0.08286 0.430769
vt 0.08286 0.378881
vt 0.132027 0.430769
vt 0.132027 0.378881
vt 0.08286 0.326267
vt 0.132027 0.326267
vt 0.08286 0.273259
vt 0.132027 0.273259
vt 0.08286 0.219751
vt 0.132027 0.219751
vt 0.08286 0.16594
vt 0.132027 0.16594
vt 0.08286 0.111953
vt 0.132027 0.111953
vt 0.938069 0.621305
vt 0.924465 0.650759
vt 0.926991 0.590936
vt 0.893983 0.661935
vt 0.897614 0.577277
vt 0.864504 0.648285
vt 0.853443 0.617805
vt 0.867139 0.588393
vt 0.959614 0.622167
vt 0.939238 0.666657
vt 0.152252 0.058092
vt 0.152252 0.00402
vt 0.893121 0.683672
vt 0.152252 0.430769
vt 0.152252 0.378881
vt 0.848505 0.662898
vt 0.152252 0.326267
vt 0.831833 0.616865
vt 0.152252 0.273259
vt 0.852497 0.572437
vt 0.152252 0.219751
vt 0.898576 0.555649
vt 0.152252 0.16594
vt 0.942878 0.576338
vt 0.152252 0.111953
usemtl NailSG
f 1/1/1 2/2/2 3/3/3
f 3/3/3 2/2/2 4/4/4
f 2/5/2 5/6/5 4/7/4
f 4/7/4 5/6/5 6/8/6
f 5/6/5 7/9/7 6/8/6
f 6/8/6 7/9/7 8/10/8
f 7/9/7 9/11/9 8/10/8
f 8/10/8 9/11/9 10/12/10
f 9/11/9 11/13/11 10/12/10
f 10/12/10 11/13/11 12/14/12
f 11/13/11 13/15/13 12/14/12
f 12/14/12 13/15/13 14/16/14
f 13/15/13 15/17/15 14/16/14
f 14/16/14 15/17/15 16/18/16
f 15/17/15 1/1/1 16/18/16
f 16/18/16 1/1/1 3/3/3
f 17/19/17 18/20/18 19/21/19
f 18/20/18 20/22/20 19/21/19
f 20/22/20 21/23/21 19/21/19
f 21/23/21 22/24/22 19/21/19
f 22/24/22 23/25/23 19/21/19
f 23/25/23 24/26/24 19/21/19
f 17/19/17 25/27/25 18/20/18
f 18/20/18 25/27/25 26/28/26
f 25/29/25 3/3/3 26/30/26
f 26/30/26 3/3/3 4/4/4
f 18/20/18 26/28/26 20/22/20
f 20/22/20 26/28/26 27/31/27
f 26/32/26 4/7/4 27/33/27
f 27/33/27 4/7/4 6/8/6
f 20/22/20 27/31/27 21/23/21
f 21/23/21 27/31/27 28/34/28
f 27/33/27 6/8/6 28/35/28
f 28/35/28 6/8/6 8/10/8
f 21/23/21 28/34/28 22/24/22
f 22/24/22 28/34/28 29/36/29
f 28/35/28 8/10/8 29/37/29
f 29/37/29 8/10/8 10/12/10
f 22/24/22 29/36/29 23/25/23
f 23/25/23 29/36/29 30/38/30
f 29/37/29 10/12/10 30/39/30
f 30/39/30 10/12/10 12/14/12
f 23/25/23 30/38/30 24/26/24
f 24/26/24 30/38/30 31/40/31
f 30/39/30 12/14/12 31/41/31
f 31/41/31 12/14/12 14/16/14
f 24/26/24 31/40/31 19/21/19
f 19/21/19 31/40/31 32/42/32
f 31/41/31 14/16/14 32/43/32
f 32/43/32 14/16/14 16/18/16
f 3/3/3 25/29/25 16/18/16
f 16/18/16 25/29/25 32/43/32
f 25/27/25 17/19/17 32/42/32
f 32/42/32 17/19/17 19/21/19
f 33/44/1 34/45/2 35/46/33
f 35/46/33 34/45/2 36/47/34
f 34/48/2 37/49/5 36/50/34
f 36/50/34 37/49/5 38/51/35
f 37/49/5 39/52/7 38/51/35
f 38/51/35 39/52/7 40/53/36
f 39/52/7 41/54/37 40/53/36
f 40/53/36 41/54/37 42/55/38
f 41/54/37 43/56/11 42/55/38
f 42/55/38 43/56/11 44/57/39
f 43/56/11 45/58/40 44/57/39
f 44/57/39 45/58/40 46/59/41
f 45/58/40 47/60/15 46/59/41
f 46/59/41 47/60/15 48/61/42
f 47/60/15 33/44/1 48/61/42
f 48/61/42 33/44/1 35/46/33
f 49/62/17 50/63/18 51/64/19
f 50/63/18 52/65/20 51/64/19
f 52/65/20 53/66/21 51/64/19
f 53/66/21 54/67/43 51/64/19
f 54/67/43 55/68/23 51/64/19
f 55/68/23 56/69/44 51/64/19
f 49/62/17 57/70/45 50/63/18
f 50/63/18 57/70/45 58/71/46
f 57/72/45 35/46/33 58/73/46
f 58/73/46 35/46/33 36/47/34
f 50/63/18 58/71/46 52/65/20
f 52/65/20 58/71/46 59/74/47
f 58/75/46 36/50/34 59/76/47
f 59/76/47 36/50/34 38/51/35
f 52/65/20 59/74/47 53/66/21
f 53/66/21 59/74/47 60/77/48
f 59/76/47 38/51/35 60/78/48
f 60/78/48 38/51/35 40/53/36
f 53/66/21 60/77/48 54/67/43
f 54/67/43 60/77/48 61/79/49
f 60/78/48 40/53/36 61/80/49
f 61/80/49 40/53/36 42/55/38
f 54/67/43 61/79/49 55/68/23
f 55/68/23 61/79/49 62/81/50
f 61/80/49 42/55/38 62/82/50
f 62/82/50 42/55/38 44/57/39
f 55/68/23 62/81/50 56/69/44
f 56/69/44 62/81/50 63/83/51
f 62/82/50 44/57/39 63/84/51
f 63/84/51 44/57/39 46/59/41
f 56/69/44 63/83/51 51/64/19
f 51/64/19 63/83/51 64/85/52
f 63/84/51 46/59/41 64/86/52
f 64/86/52 46/59/41 48/61/42
f 35/46/33 57/72/45 48/61/42
f 48/61/42 57/72/45 64/86/52
f 57/70/45 49/62/17 64/85/52
f 64/85/52 49/62/17 51/64/19
f 65/87/1 66/88/2 67/89/53
f 67/89/53 66/88/2 68/90/54
f 66/91/2 69/92/5 68/93/54
f 68/93/54 69/92/5 70/94/55
f 69/92/5 71/95/7 70/94/55
f 70/94/55 71/95/7 72/96/36
f 71/95/7 73/97/9 72/96/36
f 72/96/36 73/97/9 74/98/56
f 73/97/9 75/99/11 74/98/56
f 74/98/56 75/99/11 76/100/57
f 75/99/11 77/101/13 76/100/57
f 76/100/57 77/101/13 78/102/58
f 77/101/13 79/103/15 78/102/58
f 78/102/58 79/103/15 80/104/59
f 79/103/15 65/87/1 80/104/59
f 80/104/59 65/87/1 67/89/53
f 81/105/60 82/106/61 83/107/19
f 82/106/61 84/108/62 83/107/19
f 84/108/62 85/109/63 83/107/19
f 85/109/63 86/110/64 83/107/19
f 86/110/64 87/111/65 83/107/19
f 87/111/65 88/112/24 83/107/19
f 81/105/60 89/113/66 82/106/61
f 82/106/61 89/113/66 90/114/67
f 89/115/66 67/89/53 90/116/67
f 90/116/67 67/89/53 68/90/54
f 82/106/61 90/114/67 84/108/62
f 84/108/62 90/114/67 91/117/68
f 90/118/67 68/93/54 91/119/68
f 91/119/68 68/93/54 70/94/55
f 84/108/62 91/117/68 85/109/63
f 85/109/63 91/117/68 92/120/69
f 91/119/68 70/94/55 92/121/69
f 92/121/69 70/94/55 72/96/36
f 85/109/63 92/120/69 86/110/64
f 86/110/64 92/120/69 93/122/70
f 92/121/69 72/96/36 93/123/70
f 93/123/70 72/96/36 74/98/56
f 86/110/64 93/122/70 87/111/65
f 87/111/65 93/122/70 94/124/71
f 93/123/70 74/98/56 94/125/71
f 94/125/71 74/98/56 76/100/57
f 87/111/65 94/124/71 88/112/24
f 88/112/24 94/124/71 95/126/72
f 94/125/71 76/100/57 95/127/72
f 95/127/72 76/100/57 78/102/58
f 88/112/24 95/126/72 83/107/19
f 83/107/19 95/126/72 96/128/73
f 95/127/72 78/102/58 96/129/73
f 96/129/73 78/102/58 80/104/59
f 67/89/53 89/115/66 80/104/59
f 80/104/59 89/115/66 96/129/73
f 89/113/66 81/105/60 96/128/73
f 96/128/73 81/105/60 83/107/19
f 97/130/1 98/131/2 99/132/53
f 99/132/53 98/131/2 100/133/74
f 98/134/2 101/135/5 100/136/74
f 100/136/74 101/135/5 102/137/75
f 101/135/5 103/138/7 102/137/75
f 102/137/75 103/138/7 104/139/76
f 103/138/7 105/140/37 104/139/76
f 104/139/76 105/140/37 106/141/77
f 105/140/37 107/142/11 106/141/77
f 106/141/77 107/142/11 108/143/78
f 107/142/11 109/144/40 108/143/78
f 108/143/78 109/144/40 110/145/79
f 109/144/40 111/146/15 110/145/79
f 110/145/79 111/146/15 112/147/59
f 111/146/15 97/130/1 112/147/59
f 112/147/59 97/130/1 99/132/53
f 113/148/60 114/149/61 115/150/19
f 114/149/61 116/151/62 115/150/19
f 116/151/62 117/152/63 115/150/19
f 117/152/63 118/153/64 115/150/19
f 118/153/64 119/154/65 115/150/19
f 119/154/65 120/155/24 115/150/19
f 113/148/60 121/156/80 114/149/61
f 114/149/61 121/156/80 122/157/81
f 121/158/80 99/132/53 122/159/81
f 122/159/81 99/132/53 100/133/74
f 114/149/61 122/157/81 116/151/62
f 116/151/62 122/157/81 123/160/82
f 122/161/81 100/136/74 123/162/82
f 123/162/82 100/136/74 102/137/75
f 116/151/62 123/160/82 117/152/63
f 117/152/63 123/160/82 124/163/83
f 123/162/82 102/137/75 124/164/83
f 124/164/83 102/137/75 104/139/76
f 117/152/63 124/163/83 118/153/64
f 118/153/64 124/163/83 125/165/84
f 124/164/83 104/139/76 125/166/84
f 125/166/84 104/139/76 106/141/77
f 118/153/64 125/165/84 119/154/65
f 119/154/65 125/165/84 126/167/85
f 125/166/84 106/141/77 126/168/85
f 126/168/85 106/141/77 108/143/78
f 119/154/65 126/167/85 120/155/24
f 120/155/24 126/167/85 127/169/72
f 126/168/85 108/143/78 127/170/72
f 127/170/72 108/143/78 110/145/79
f 120/155/24 127/169/72 115/150/19
f 115/150/19 127/169/72 128/171/86
f 127/170/72 110/145/79 128/172/86
f 128/172/86 110/145/79 112/147/59
f 99/132/53 121/158/80 112/147/59
f 112/147/59 121/158/80 128/172/86
f 121/156/80 113/148/60 128/171/86
f 128/171/86 113/148/60 115/150/19
f 129/173/87 130/174/2 131/175/88
f 131/175/88 130/174/2 132/176/89
f 130/177/2 133/178/90 132/179/89
f 132/179/89 133/178/90 134/180/91
f 133/178/90 135/181/92 134/180/91
f 134/180/91 135/181/92 136/182/93
f 135/181/92 137/183/94 136/182/93
f 136/182/93 137/183/94 138/184/95
f 137/183/94 139/185/11 138/184/95
f 138/184/95 139/185/11 140/186/96
f 139/185/11 141/187/97 140/186/96
f 140/186/96 141/187/97 142/188/98
f 141/187/97 143/189/99 142/188/98
f 142/188/98 143/189/99 144/190/100
f 143/189/99 129/173/87 144/190/100
f 144/190/100 129/173/87 131/175/88
f 145/191/101 146/192/102 147/193/103
f 146/192/102 148/194/104 147/193/103
f 148/194/104 149/195/105 147/193/103
f 149/195/105 150/196/106 147/193/103
f 150/196/106 151/197/107 147/193/103
f 151/197/107 152/198/108 147/193/103
f 145/191/101 153/199/109 146/192/102
f 146/192/102 153/199/109 154/200/110
f 153/201/109 131/175/88 154/202/110
f 154/202/110 131/175/88 132/176/89
f 146/192/102 154/200/110 148/194/104
f 148/194/104 154/200/110 155/203/111
f 154/204/110 132/179/89 155/205/111
f 155/205/111 132/179/89 134/180/91
f 148/194/104 155/203/111 149/195/105
f 149/195/105 155/203/111 156/206/112
f 155/205/111 134/180/91 156/207/112
f 156/207/112 134/180/91 136/182/93
f 149/195/105 156/206/112 150/196/106
f 150/196/106 156/206/112 157/208/113
f 156/207/112 136/182/93 157/209/113
f 157/209/113 136/182/93 138/184/95
f 150/196/106 157/208/113 151/197/107
f 151/197/107 157/208/113 158/210/114
f 157/209/113 138/184/95 158/211/114
f 158/211/114 138/184/95 140/186/96
f 151/197/107 158/210/114 152/198/108
f 152/198/108 158/210/114 159/212/115
f 158/211/114 140/186/96 159/213/115
f 159/213/115 140/186/96 142/188/98
f 152/198/108 159/212/115 147/193/103
f 147/193/103 159/212/115 160/214/116
f 159/213/115 142/188/98 160/215/116
f 160/215/116 142/188/98 144/190/100
f 131/175/88 153/201/109 144/190/100
f 144/190/100 153/201/109 160/215/116
f 153/199/109 145/191/101 160/214/116
f 160/214/116 145/191/101 147/193/103
f 161/216/87 162/217/2 163/218/117
f 163/218/117 162/217/2 164/219/118
f 162/220/2 165/221/90 164/222/118
f 164/222/118 165/221/90 166/223/119
f 165/221/90 167/224/92 166/223/119
f 166/223/119 167/224/92 168/225/120
f 167/224/92 169/226/94 168/225/120
f 168/225/120 169/226/94 170/227/121
f 169/226/94 171/228/11 170/227/121
f 170/227/121 171/228/11 172/229/122
f 171/228/11 173/230/97 172/229/122
f 172/229/122 173/230/97 174/231/123
f 173/230/97 175/232/99 174/231/123
f 174/231/123 175/232/99 176/233/124
f 175/232/99 161/216/87 176/233/124
f 176/233/124 161/216/87 163/218/117
f 177/234/101 178/235/102 179/236/103
f 178/235/102 180/237/125 179/236/103
f 180/237/125 181/238/105 179/236/103
f 181/238/105 182/239/126 179/236/103
f 182/239/126 183/240/107 179/236/103
f 183/240/107 184/241/108 179/236/103
f 177/234/101 185/242/127 178/235/102
f 178/235/102 185/242/127 186/243/128
f 185/244/127 163/218/117 186/245/128
f 186/245/128 163/218/117 164/219/118
f 178/235/102 186/243/128 180/237/125
f 180/237/125 186/243/128 187/246/129
f 186/247/128 164/222/118 187/248/129
f 187/248/129 164/222/118 166/223/119
f 180/237/125 187/246/129 181/238/105
f 181/238/105 187/246/129 188/249/130
f 187/248/129 166/223/119 188/250/130
f 188/250/130 166/223/119 168/225/120
f 181/238/105 188/249/130 182/239/126
f 182/239/126 188/249/130 189/251/131
f 188/250/130 168/225/120 189/252/131
f 189/252/131 168/225/120 170/227/121
f 182/239/126 189/251/131 183/240/107
f 183/240/107 189/251/131 190/253/132
f 189/252/131 170/227/121 190/254/132
f 190/254/132 170/227/121 172/229/122
f 183/240/107 190/253/132 184/241/108
f 184/241/108 190/253/132 191/255/133
f 190/254/132 172/229/122 191/256/133
f 191/256/133 172/229/122 174/231/123
f 184/241/108 191/255/133 179/236/103
f 179/236/103 191/255/133 192/257/134
f 191/256/133 174/231/123 192/258/134
f 192/258/134 174/231/123 176/233/124
f 163/218/117 185/244/127 176/233/124
f 176/233/124 185/244/127 192/258/134
f 185/242/127 177/234/101 192/257/134
f 192/257/134 177/234/101 179/236/103
f 193/259/135 194/260/2 195/261/136
f 195/261/136 194/260/2 196/262/137
f 194/263/2 197/264/90 196/265/137
f 196/265/137 197/264/90 198/266/138
f 197/264/90 199/267/92 198/266/138
f 198/266/138 199/267/92 200/268/139
f 199/267/92 201/269/94 200/268/139
f 200/268/139 201/269/94 202/270/140
f 201/269/94 203/271/11 202/270/140
f 202/270/140 203/271/11 204/272/141
f 203/271/11 205/273/142 204/272/141
f 204/272/141 205/273/142 206/274/143
f 205/273/142 207/275/99 206/274/143
f 206/274/143 207/275/99 208/276/144
f 207/275/99 193/259/135 208/276/144
f 208/276/144 193/259/135 195/261/136
f 209/277/145 210/278/146 211/279/147
f 210/278/146 212/280/148 211/279/147
f 212/280/148 213/281/149 211/279/147
f 213/281/149 214/282/150 211/279/147
f 214/282/150 215/283/151 211/279/147
f 215/283/151 216/284/152 211/279/147
f 209/277/145 217/285/153 210/278/146
f 210/278/146 217/285/153 218/286/154
f 217/287/153 195/261/136 218/288/154
f 218/288/154 195/261/136 196/262/137
f 210/278/146 218/286/154 212/280/148
f 212/280/148 218/286/154 219/289/155
f 218/290/154 196/265/137 219/291/155
f 219/291/155 196/265/137 198/266/138
f 212/280/148 219/289/155 213/281/149
f 213/281/149 219/289/155 220/292/156
f 219/291/155 198/266/138 220/293/156
f 220/293/156 198/266/138 200/268/139
f 213/281/149 220/292/156 214/282/150
f 214/282/150 220/292/156 221/294/157
f 220/293/156 200/268/139 221/295/157
f 221/295/157 200/268/139 202/270/140
f 214/282/150 221/294/157 215/283/151
f 215/283/151 221/294/157 222/296/158
f 221/295/157 202/270/140 222/297/158
f 222/297/158 202/270/140 204/272/141
f 215/283/151 222/296/158 216/284/152
f 216/284/152 222/296/158 223/298/159
f 222/297/158 204/272/141 223/299/159
f 223/299/159 204/272/141 206/274/143
f 216/284/152 223/298/159 211/279/147
f 211/279/147 223/298/159 224/300/160
f 223/299/159 206/274/143 224/301/160
f 224/301/160 206/274/143 208/276/144
f 195/261/136 217/287/153 208/276/144
f 208/276/144 217/287/153 224/301/160
f 217/285/153 209/277/145 224/300/160
f 224/300/160 209/277/145 211/279/147
f 225/302/135 226/303/2 227/304/161
f 227/304/161 226/303/2 228/305/162
f 226/306/2 229/307/90 228/308/162
f 228/308/162 229/307/90 230/309/163
f 229/307/90 231/310/92 230/309/163
f 230/309/163 231/310/92 232/311/164
f 231/310/92 233/312/94 232/311/164
f 232/311/164 233/312/94 234/313/165
f 233/312/94 235/314/11 234/313/165
f 234/313/165 235/314/11 236/315/166
f 235/314/11 237/316/142 236/315/166
f 236/315/166 237/316/142 238/317/167
f 237/316/142 239/318/99 238/317/167
f 238/317/167 239/318/99 240/319/168
f 239/318/99 225/302/135 240/319/168
f 240/319/168 225/302/135 227/304/161
f 241/320/169 242/321/170 243/322/103
f 242/321/170 244/323/171 243/322/103
f 244/323/171 245/324/172 243/322/103
f 245/324/172 246/325/150 243/322/103
f 246/325/150 247/326/151 243/322/103
f 247/326/151 248/327/173 243/322/103
f 241/320/169 249/328/174 242/321/170
f 242/321/170 249/328/174 250/329/175
f 249/330/174 227/304/161 250/331/175
f 250/331/175 227/304/161 228/305/162
f 242/321/170 250/329/175 244/323/171
f 244/323/171 250/329/175 251/332/176
f 250/333/175 228/308/162 251/334/176
f 251/334/176 228/308/162 230/309/163
f 244/323/171 251/332/176 245/324/172
f 245/324/172 251/332/176 252/335/177
f 251/334/176 230/309/163 252/336/177
f 252/336/177 230/309/163 232/311/164
f 245/324/172 252/335/177 246/325/150
f 246/325/150 252/335/177 253/337/178
f 252/336/177 232/311/164 253/338/178
f 253/338/178 232/311/164 234/313/165
f 246/325/150 253/337/178 247/326/151
f 247/326/151 253/337/178 254/339/179
f 253/338/178 234/313/165 254/340/179
f 254/340/179 234/313/165 236/315/166
f 247/326/151 254/339/179 248/327/173
f 248/327/173 254/339/179 255/341/180
f 254/340/179 236/315/166 255/342/180
f 255/342/180 236/315/166 238/317/167
f 248/327/173 255/341/180 243/322/103
f 243/322/103 255/341/180 256/343/181
f 255/342/180 238/317/167 256/344/181
f 256/344/181 238/317/167 240/319/168
f 227/304/161 249/330/174 240/319/168
f 240/319/168 249/330/174 256/344/181
f 249/328/174 241/320/169 256/343/181
f 256/343/181 241/320/169 243/322/103
f 257/345/182 258/346/2 259/347/183
f 259/347/183 258/346/2 260/348/184
f 258/349/2 261/350/185 260/351/184
f 260/351/184 261/350/185 262/352/186
f 261/350/185 263/353/15 262/352/186
f 262/352/186 263/353/15 264/354/187
f 263/353/15 265/355/40 264/354/187
f 264/354/187 265/355/40 266/356/188
f 265/355/40 267/357/11 266/356/188
f 266/356/188 267/357/11 268/358/189
f 267/357/11 269/359/190 268/358/189
f 268/358/189 269/359/190 270/360/191
f 269/359/190 271/361/7 270/360/191
f 270/360/191 271/361/7 272/362/192
f 271/361/7 257/345/182 272/362/192
f 272/362/192 257/345/182 259/347/183
f 273/363/193 274/364/194 275/365/195
f 274/364/194 276/366/196 275/365/195
f 276/366/196 277/367/197 275/365/195
f 277/367/197 278/368/198 275/365/195
f 278/368/198 279/369/199 275/365/195
f 279/369/199 280/370/200 275/365/195
f 273/363/193 281/371/201 274/364/194
f 274/364/194 281/371/201 282/372/202
f 281/373/201 259/347/183 282/374/202
f 282/374/202 259/347/183 260/348/184
f 274/364/194 282/372/202 276/366/196
f 276/366/196 282/372/202 283/375/203
f 282/376/202 260/351/184 283/377/203
f 283/377/203 260/351/184 262/352/186
f 276/366/196 283/375/203 277/367/197
f 277/367/197 283/375/203 284/378/204
f 283/377/203 262/352/186 284/379/204
f 284/379/204 262/352/186 264/354/187
f 277/367/197 284/378/204 278/368/198
f 278/368/198 284/378/204 285/380/205
f 284/379/204 264/354/187 285/381/205
f 285/381/205 264/354/187 266/356/188
f 278/368/198 285/380/205 279/369/199
f 279/369/199 285/380/205 286/382/206
f 285/381/205 266/356/188 286/383/206
f 286/383/206 266/356/188 268/358/189
f 279/369/199 286/382/206 280/370/200
f 280/370/200 286/382/206 287/384/207
f 286/383/206 268/358/189 287/385/207
f 287/385/207 268/358/189 270/360/191
f 280/370/200 287/384/207 275/365/195
f 275/365/195 287/384/207 288/386/208
f 287/385/207 270/360/191 288/387/208
f 288/387/208 270/360/191 272/362/192
f 259/347/183 281/373/201 272/362/192
f 272/362/192 281/373/201 288/387/208
f 281/371/201 273/363/193 288/386/208
f 288/386/208 273/363/193 275/365/195
f 289/388/209 290/389/2 291/390/210
f 291/390/210 290/389/2 292/391/211
f 290/392/2 293/393/212 292/394/211
f 292/394/211 293/393/212 294/395/213
f 293/393/212 295/396/15 294/395/213
f 294/395/213 295/396/15 296/397/187
f 295/396/15 297/398/214 296/397/187
f 296/397/187 297/398/214 298/399/215
f 297/398/214 299/400/11 298/399/215
f 298/399/215 299/400/11 300/401/189
f 299/400/11 301/402/216 300/401/189
f 300/401/189 301/402/216 302/403/217
f 301/402/216 303/404/7 302/403/217
f 302/403/217 303/404/7 304/405/218
f 303/404/7 289/388/209 304/405/218
f 304/405/218 289/388/209 291/390/210
f 305/406/193 306/407/194 307/408/195
f 306/407/194 308/409/196 307/408/195
f 308/409/196 309/410/197 307/408/195
f 309/410/197 310/411/198 307/408/195
f 310/411/198 311/412/199 307/408/195
f 311/412/199 312/413/200 307/408/195
f 305/406/193 313/414/219 306/407/194
f 306/407/194 313/414/219 314/415/220
f 313/416/219 291/390/210 314/417/220
f 314/417/220 291/390/210 292/391/211
f 306/407/194 314/415/220 308/409/196
f 308/409/196 314/415/220 315/418/221
f 314/419/220 292/394/211 315/420/221
f 315/420/221 292/394/211 294/395/213
f 308/409/196 315/418/221 309/410/197
f 309/410/197 315/418/221 316/421/222
f 315/420/221 294/395/213 316/422/222
f 316/422/222 294/395/213 296/397/187
f 309/410/197 316/421/222 310/411/198
f 310/411/198 316/421/222 317/423/223
f 316/422/222 296/397/187 317/424/223
f 317/424/223 296/397/187 298/399/215
f 310/411/198 317/423/223 311/412/199
f 311/412/199 317/423/223 318/425/224
f 317/424/223 298/399/215 318/426/224
f 318/426/224 298/399/215 300/401/189
f 311/412/199 318/425/224 312/413/200
f 312/413/200 318/425/224 319/427/207
f 318/426/224 300/401/189 319/428/207
f 319/428/207 300/401/189 302/403/217
f 312/413/200 319/427/207 307/408/195
f 307/408/195 319/427/207 320/429/225
f 319/428/207 302/403/217 320/430/225
f 320/430/225 302/403/217 304/405/218
f 291/390/210 313/416/219 304/405/218
f 304/405/218 313/416/219 320/430/225
f 313/414/219 305/406/193 320/429/225
f 320/429/225 305/406/193 307/408/195
f 321/431/182 322/432/2 323/433/226
f 323/433/226 322/432/2 324/434/227
f 322/435/2 325/436/185 324/437/227
f 324/437/227 325/436/185 326/438/228
f 325/436/185 327/439/15 326/438/228
f 326/438/228 327/439/15 328/440/229
f 327/439/15 329/441/40 328/440/229
f 328/440/229 329/441/40 330/442/230
f 329/441/40 331/443/11 330/442/230
f 330/442/230 331/443/11 332/444/231
f 331/443/11 333/445/190 332/444/231
f 332/444/231 333/445/190 334/446/232
f 333/445/190 335/447/7 334/446/232
f 334/446/232 335/447/7 336/448/233
f 335/447/7 321/431/182 336/448/233
f 336/448/233 321/431/182 323/433/226
f 337/449/234 338/450/235 339/451/236
f 338/450/235 340/452/237 339/451/236
f 340/452/237 341/453/238 339/451/236
f 341/453/238 342/454/239 339/451/236
f 342/454/239 343/455/240 339/451/236
f 343/455/240 344/456/241 339/451/236
f 337/449/234 345/457/242 338/450/235
f 338/450/235 345/457/242 346/458/243
f 345/459/242 323/433/226 346/460/243
f 346/460/243 323/433/226 324/434/227
f 338/450/235 346/458/243 340/452/237
f 340/452/237 346/458/243 347/461/244
f 346/462/243 324/437/227 347/463/244
f 347/463/244 324/437/227 326/438/228
f 340/452/237 347/461/244 341/453/238
f 341/453/238 347/461/244 348/464/245
f 347/463/244 326/438/228 348/465/245
f 348/465/245 326/438/228 328/440/229
f 341/453/238 348/464/245 342/454/239
f 342/454/239 348/464/245 349/466/246
f 348/465/245 328/440/229 349/467/246
f 349/467/246 328/440/229 330/442/230
f 342/454/239 349/466/246 343/455/240
f 343/455/240 349/466/246 350/468/247
f 349/467/246 330/442/230 350/469/247
f 350/469/247 330/442/230 332/444/231
f 343/455/240 350/468/247 344/456/241
f 344/456/241 350/468/247 351/470/248
f 350/469/247 332/444/231 351/471/248
f 351/471/248 332/444/231 334/446/232
f 344/456/241 351/470/248 339/451/236
f 339/451/236 351/470/248 352/472/249
f 351/471/248 334/446/232 352/473/249
f 352/473/249 334/446/232 336/448/233
f 323/433/226 345/459/242 336/448/233
f 336/448/233 345/459/242 352/473/249
f 345/457/242 337/449/234 352/472/249
f 352/472/249 337/449/234 339/451/236
f 353/474/209 354/475/2 355/476/250
f 355/476/250 354/475/2 356/477/251
f 354/478/2 357/479/212 356/480/251
f 356/480/251 357/479/212 358/481/252
f 357/479/212 359/482/15 358/481/252
f 358/481/252 359/482/15 360/483/253
f 359/482/15 361/484/214 360/483/253
f 360/483/253 361/484/214 362/485/254
f 361/484/214 363/486/11 362/485/254
f 362/485/254 363/486/11 364/487/255
f 363/486/11 365/488/216 364/487/255
f 364/487/255 365/488/216 366/489/256
f 365/488/216 367/490/7 366/489/256
f 366/489/256 367/490/7 368/491/257
f 367/490/7 353/474/209 368/491/257
f 368/491/257 353/474/209 355/476/250
f 369/492/234 370/493/235 371/494/236
f 370/493/235 372/495/237 371/494/236
f 372/495/237 373/496/238 371/494/236
f 373/496/238 374/497/239 371/494/236
f 374/497/239 375/498/240 371/494/236
f 375/498/240 376/499/241 371/494/236
f 369/492/234 377/500/258 370/493/235
f 370/493/235 377/500/258 378/501/259
f 377/502/258 355/476/250 378/503/259
f 378/503/259 355/476/250 356/477/251
f 370/493/235 378/501/259 372/495/237
f 372/495/237 378/501/259 379/504/260
f 378/505/259 356/480/251 379/506/260
f 379/506/260 356/480/251 358/481/252
f 372/495/237 379/504/260 373/496/238
f 373/496/238 379/504/260 380/507/261
f 379/506/260 358/481/252 380/508/261
f 380/508/261 358/481/252 360/483/253
f 373/496/238 380/507/261 374/497/239
f 374/497/239 380/507/261 381/509/246
f 380/508/261 360/483/253 381/510/246
f 381/510/246 360/483/253 362/485/254
f 374/497/239 381/509/246 375/498/240
f 375/498/240 381/509/246 382/511/262
f 381/510/246 362/485/254 382/512/262
f 382/512/262 362/485/254 364/487/255
f 375/498/240 382/511/262 376/499/241
f 376/499/241 382/511/262 383/513/248
f 382/512/262 364/487/255 383/514/248
f 383/514/248 364/487/255 366/489/256
f 376/499/241 383/513/248 371/494/236
f 371/494/236 383/513/248 384/515/263
f 383/514/248 366/489/256 384/516/263
f 384/516/263 366/489/256 368/491/257
f 355/476/250 377/502/258 368/491/257
f 368/491/257 377/502/258 384/516/263
f 377/500/258 369/492/234 384/515/263
f 384/515/263 369/492/234 371/494/236
f 385/517/264 386/518/2 387/519/265
f 387/519/265 386/518/2 388/520/266
f 386/521/2 389/522/267 388/523/266
f 388/523/266 389/522/267 390/524/268
f 389/522/267 391/525/99 390/524/268
f 390/524/268 391/525/99 392/526/269
f 391/525/99 393/527/270 392/526/269
f 392/526/269 393/527/270 394/528/271
f 393/527/270 395/529/11 394/528/271
f 394/528/271 395/529/11 396/530/272
f 395/529/11 397/531/273 396/530/272
f 396/530/272 397/531/273 398/532/274
f 397/531/273 399/533/92 398/532/274
f 398/532/274 399/533/92 400/534/275
f 399/533/92 385/517/264 400/534/275
f 400/534/275 385/517/264 387/519/265
f 401/535/276 402/536/277 403/537/278
f 402/536/277 404/538/279 403/537/278
f 404/538/279 405/539/280 403/537/278
f 405/539/280 406/540/281 403/537/278
f 406/540/281 407/541/282 403/537/278
f 407/541/282 408/542/283 403/537/278
f 401/535/276 409/543/284 402/536/277
f 402/536/277 409/543/284 410/544/285
f 409/545/284 387/519/265 410/546/285
f 410/546/285 387/519/265 388/520/266
f 402/536/277 410/544/285 404/538/279
f 404/538/279 410/544/285 411/547/286
f 410/548/285 388/523/266 411/549/286
f 411/549/286 388/523/266 390/524/268
f 404/538/279 411/547/286 405/539/280
f 405/539/280 411/547/286 412/550/287
f 411/549/286 390/524/268 412/551/287
f 412/551/287 390/524/268 392/526/269
f 405/539/280 412/550/287 406/540/281
f 406/540/281 412/550/287 413/552/288
f 412/551/287 392/526/269 413/553/288
f 413/553/288 392/526/269 394/528/271
f 406/540/281 413/552/288 407/541/282
f 407/541/282 413/552/288 414/554/289
f 413/553/288 394/528/271 414/555/289
f 414/555/289 394/528/271 396/530/272
f 407/541/282 414/554/289 408/542/283
f 408/542/283 414/554/289 415/556/290
f 414/555/289 396/530/272 415/557/290
f 415/557/290 396/530/272 398/532/274
f 408/542/283 415/556/290 403/537/278
f 403/537/278 415/556/290 416/558/291
f 415/557/290 398/532/274 416/559/291
f 416/559/291 398/532/274 400/534/275
f 387/519/265 409/545/284 400/534/275
f 400/534/275 409/545/284 416/559/291
f 409/543/284 401/535/276 416/558/291
f 416/558/291 401/535/276 403/537/278
f 417/560/292 418/561/2 419/562/293
f 419/562/293 418/561/2 420/563/294
f 418/564/2 421/565/295 420/566/294
f 420/566/294 421/565/295 422/567/296
f 421/565/295 423/568/99 422/567/296
f 422/567/296 423/568/99 424/569/297
f 423/568/99 425/570/270 424/569/297
f 424/569/297 425/570/270 426/571/298
f 425/570/270 427/572/11 426/571/298
f 426/571/298 427/572/11 428/573/299
f 427/572/11 429/574/273 428/573/299
f 428/573/299 429/574/273 430/575/300
f 429/574/273 431/576/92 430/575/300
f 430/575/300 431/576/92 432/577/301
f 431/576/92 417/560/292 432/577/301
f 432/577/301 417/560/292 419/562/293
f 433/578/302 434/579/277 435/580/303
f 434/579/277 436/581/304 435/580/303
f 436/581/304 437/582/280 435/580/303
f 437/582/280 438/583/281 435/580/303
f 438/583/281 439/584/305 435/580/303
f 439/584/305 440/585/306 435/580/303
f 433/578/302 441/586/307 434/579/277
f 434/579/277 441/586/307 442/587/308
f 441/588/307 419/562/293 442/589/308
f 442/589/308 419/562/293 420/563/294
f 434/579/277 442/587/308 436/581/304
f 436/581/304 442/587/308 443/590/309
f 442/591/308 420/566/294 443/592/309
f 443/592/309 420/566/294 422/567/296
f 436/581/304 443/590/309 437/582/280
f 437/582/280 443/590/309 444/593/310
f 443/592/309 422/567/296 444/594/310
f 444/594/310 422/567/296 424/569/297
f 437/582/280 444/593/310 438/583/281
f 438/583/281 444/593/310 445/595/311
f 444/594/310 424/569/297 445/596/311
f 445/596/311 424/569/297 426/571/298
f 438/583/281 445/595/311 439/584/305
f 439/584/305 445/595/311 446/597/312
f 445/596/311 426/571/298 446/598/312
f 446/598/312 426/571/298 428/573/299
f 439/584/305 446/597/312 440/585/306
f 440/585/306 446/597/312 447/599/313
f 446/598/312 428/573/299 447/600/313
f 447/600/313 428/573/299 430/575/300
f 440/585/306 447/599/313 435/580/303
f 435/580/303 447/599/313 448/601/314
f 447/600/313 430/575/300 448/602/314
f 448/602/314 430/575/300 432/577/301
f 419/562/293 441/588/307 432/577/301
f 432/577/301 441/588/307 448/602/314
f 441/586/307 433/578/302 448/601/314
f 448/601/314 433/578/302 435/580/303
f 449/603/315 450/604/2 451/605/316
f 451/605/316 450/604/2 452/606/317
f 450/607/2 453/608/318 452/609/317
f 452/609/317 453/608/318 454/610/319
f 453/608/318 455/611/99 454/610/319
f 454/610/319 455/611/99 456/612/320
f 455/611/99 457/613/321 456/612/320
f 456/612/320 457/613/321 458/614/322
f 457/613/321 459/615/11 458/614/322
f 458/614/322 459/615/11 460/616/323
f 459/615/11 461/617/324 460/616/323
f 460/616/323 461/617/324 462/618/325
f 461/617/324 463/619/92 462/618/325
f 462/618/325 463/619/92 464/620/326
f 463/619/92 449/603/315 464/620/326
f 464/620/326 449/603/315 451/605/316
f 465/621/327 466/622/277 467/623/328
f 466/622/277 468/624/329 467/623/328
f 467/623/328 468/624/329 469/625/330
f 468/624/329 470/626/331 469/625/330
f 470/626/331 471/627/332 469/625/330
f 471/627/332 472/628/333 469/625/330
f 465/621/327 473/629/334 466/622/277
f 466/622/277 473/629/334 474/630/335
f 473/631/334 451/605/316 474/632/335
f 474/632/335 451/605/316 452/606/317
f 466/622/277 474/630/335 468/624/329
f 468/624/329 474/630/335 475/633/336
f 474/634/335 452/609/317 475/635/336
f 475/635/336 452/609/317 454/610/319
f 468/624/329 475/633/336 470/626/331
f 470/626/331 475/633/336 476/636/337
f 475/635/336 454/610/319 476/637/337
f 476/637/337 454/610/319 456/612/320
f 470/626/331 476/636/337 471/627/332
f 471/627/332 476/636/337 477/638/338
f 476/637/337 456/612/320 477/639/338
f 477/639/338 456/612/320 458/614/322
f 471/627/332 477/638/338 472/628/333
f 472/628/333 477/638/338 478/640/339
f 477/639/338 458/614/322 478/641/339
f 478/641/339 458/614/322 460/616/323
f 472/628/333 478/640/339 469/625/330
f 469/625/330 478/640/339 479/642/340
f 478/641/339 460/616/323 479/643/340
f 479/643/340 460/616/323 462/618/325
f 469/625/330 479/642/340 467/623/328
f 467/623/328 479/642/340 480/644/341
f 479/643/340 462/618/325 480/645/341
f 480/645/341 462/618/325 464/620/326
f 451/605/316 473/631/334 464/620/326
f 464/620/326 473/631/334 480/645/341
f 473/629/334 465/621/327 480/644/341
f 480/644/341 465/621/327 467/623/328
f 481/646/264 482/647/2 483/648/342
f 483/648/342 482/647/2 484/649/343
f 482/650/2 485/651/267 484/652/343
f 484/652/343 485/651/267 486/653/344
f 485/651/267 487/654/99 486/653/344
f 486/653/344 487/654/99 488/655/345
f 487/654/99 489/656/321 488/655/345
f 488/655/345 489/656/321 490/657/346
f 489/656/321 491/658/11 490/657/346
f 490/657/346 491/658/11 492/659/347
f 491/658/11 493/660/324 492/659/347
f 492/659/347 493/660/324 494/661/348
f 493/660/324 495/662/92 494/661/348
f 494/661/348 495/662/92 496/663/349
f 495/662/92 481/646/264 496/663/349
f 496/663/349 481/646/264 483/648/342
f 497/664/327 498/665/350 499/666/351
f 498/665/350 500/667/329 499/666/351
f 499/666/351 500/667/329 501/668/352
f 500/667/329 502/669/353 501/668/352
f 502/669/353 503/670/354 501/668/352
f 503/670/354 504/671/305 501/668/352
f 497/664/327 505/672/355 498/665/350
f 498/665/350 505/672/355 506/673/356
f 505/674/355 483/648/342 506/675/356
f 506/675/356 483/648/342 484/649/343
f 498/665/350 506/673/356 500/667/329
f 500/667/329 506/673/356 507/676/357
f 506/677/356 484/652/343 507/678/357
f 507/678/357 484/652/343 486/653/344
f 500/667/329 507/676/357 502/669/353
f 502/669/353 507/676/357 508/679/358
f 507/678/357 486/653/344 508/680/358
f 508/680/358 486/653/344 488/655/345
f 502/669/353 508/679/358 503/670/354
f 503/670/354 508/679/358 509/681/359
f 508/680/358 488/655/345 509/682/359
f 509/682/359 488/655/345 490/657/346
f 503/670/354 509/681/359 504/671/305
f 504/671/305 509/681/359 510/683/360
f 509/682/359 490/657/346 510/684/360
f 510/684/360 490/657/346 492/659/347
f 504/671/305 510/683/360 501/668/352
f 501/668/352 510/683/360 511/685/361
f 510/684/360 492/659/347 511/686/361
f 511/686/361 492/659/347 494/661/348
f 501/668/352 511/685/361 499/666/351
f 499/666/351 511/685/361 512/687/362
f 511/686/361 494/661/348 512/688/362
f 512/688/362 494/661/348 496/663/349
f 483/648/342 505/674/355 496/663/349
f 496/663/349 505/674/355 512/688/362
f 505/672/355 497/664/327 512/687/362
f 512/687/362 497/664/327 499/666/351
s off
g IchigoAme_GrapeBox_UnderSG
v 0.623837 0 1.01133
v 0.623837 0.010133 1.03579
v 0.098736 0 1.01133
v 0.098736 0.010133 1.03579
v 0.623837 0.034596 1.04593
v 0.098736 0.034596 1.04593
v 0.658432 0.034596 1.01133
v 0.6483 0.010133 1.01133
v 0.658432 0.034596 -1.01134
v 0.6483 0.010133 -1.01133
v 0.623837 0 -1.01133
v 0.6483 0.034596 1.03579
v 0.623837 0.1384 1.04593
v 0.6483 0.1384 1.03579
v 0.658432 0.1384 1.01133
v 0.623837 0.034596 -1.04593
v 0.623837 0.010133 -1.03579
v 0.098736 0.034596 -1.04593
v 0.098736 0.010133 -1.03579
v 0.098736 0 -1.01133
v 0.6483 0.034596 -1.03579
v 0.658432 0.1384 -1.01134
v 0.6483 0.1384 -1.03579
v 0.623837 0.1384 -1.04593
v 0.623837 0.162863 1.03579
v 0.098736 0.1384 1.04593
v 0.098736 0.162863 1.03579
v 0.623837 0.172996 1.01133
v 0.098736 0.172996 1.01133
v 0.6483 0.162863 1.01133
v 0.623837 0.172996 -1.01133
v 0.6483 0.162863 -1.01133
v 0.623837 0.162863 -1.03579
v 0.098736 0.172996 -1.01133
v 0.098736 0.162863 -1.03579
v 0.098736 0.1384 -1.04593
v 0.074276 0.1384 1.0358
v 0.074276 0.034596 1.0358
v 0.064144 0.1384 1.01134
v 0.064144 0.034596 1.01134
v 0.074276 0.162863 1.01133
v 0.064144 0.1384 -1.01133
v 0.074276 0.162863 -1.01133
v 0.074276 0.1384 -1.03579
v 0.064144 0.034596 -1.01133
v 0.074276 0.034596 -1.03579
v 0.074276 0.010133 1.01133
v 0.074276 0.010133 -1.01133
v 0.643803 0.014629 1.0313
v 0.643803 0.014629 -1.0313
v 0.643803 0.158367 1.0313
v 0.643803 0.158367 -1.0313
v 0.07877 0.158367 1.0313
v 0.07877 0.158367 -1.0313
v 0.07877 0.014629 1.0313
v 0.07877 0.014629 -1.0313
v -0.098736 0 1.01133
v -0.098736 0.010133 1.03579
v -0.623837 0 1.01133
v -0.623837 0.010133 1.03579
v -0.098736 0.034596 1.04593
v -0.623837 0.034596 1.04593
v -0.064144 0.034596 1.01133
v -0.074276 0.010133 1.01133
v -0.064144 0.034596 -1.01134
v -0.074276 0.010133 -1.01134
v -0.098736 0 -1.01134
v -0.074276 0.034596 1.03579
v -0.098736 0.1384 1.04593
v -0.074276 0.1384 1.03579
v -0.064144 0.1384 1.01133
v -0.098736 0.034596 -1.04593
v -0.098736 0.010133 -1.03579
v -0.623837 0.034596 -1.04593
v -0.623837 0.010133 -1.03579
v -0.623837 0 -1.01134
v -0.074276 0.034596 -1.03579
v -0.064144 0.1384 -1.01134
v -0.074276 0.1384 -1.03579
v -0.098736 0.1384 -1.04593
v -0.098736 0.162863 1.03579
v -0.623837 0.1384 1.04593
v -0.623837 0.162863 1.03579
v -0.098736 0.172996 1.01133
v -0.623837 0.172996 1.01133
v -0.074276 0.162863 1.01133
v -0.098736 0.172996 -1.01134
v -0.074276 0.162863 -1.01134
v -0.098736 0.162863 -1.03579
v -0.623837 0.172996 -1.01134
v -0.623837 0.162863 -1.03579
v -0.623837 0.1384 -1.04593
v -0.648296 0.1384 1.03579
v -0.648296 0.034596 1.03579
v -0.658428 0.1384 1.01133
v -0.658428 0.034596 1.01133
v -0.648296 0.162863 1.01133
v -0.658428 0.1384 -1.01134
v -0.648296 0.162863 -1.01134
v -0.648296 0.1384 -1.03579
v -0.658428 0.034596 -1.01134
v -0.648296 0.034596 -1.03579
v -0.648296 0.010133 1.01133
v -0.648296 0.010133 -1.01134
v -0.07877 0.014629 1.0313
v -0.07877 0.014629 -1.0313
v -0.07877 0.158367 1.0313
v -0.07877 0.158367 -1.0313
v -0.643803 0.158367 1.0313
v -0.643803 0.158367 -1.0313
v -0.643803 0.014629 1.0313
v -0.643803 0.014629 -1.0313
vn 0.018361 -0.99982 0.004873
vn 0.012476 -0.707053 0.70705
vn -0.018361 -0.99982 0.004873
vn -0.01247 -0.707054 0.707049
vn 0.017208 -0.077707 0.996828
vn -0.017202 -0.077707 0.996828
vn 0.996906 -0.078465 0.004612
vn 0.70712 -0.707086 0.003319
vn 0.996907 -0.078459 -0.004612
vn 0.707133 -0.707073 -0.003319
vn 0.018361 -0.99982 -0.004873
vn 0.706031 -0.05558 0.705997
vn 0.017208 0.077707 0.996828
vn 0.706029 0.05558 0.705999
vn 0.996906 0.078465 0.004611
vn 0.017203 -0.077699 -0.996828
vn 0.012471 -0.707044 -0.707059
vn -0.017203 -0.0777 -0.996828
vn -0.012472 -0.707043 -0.70706
vn -0.018361 -0.99982 -0.004873
vn 0.705967 -0.055581 -0.706061
vn 0.996907 0.078459 -0.004612
vn 0.705966 0.055577 -0.706061
vn 0.017203 0.077699 -0.996828
vn 0.012475 0.707057 0.707046
vn -0.017203 0.077707 0.996828
vn -0.012471 0.707059 0.707045
vn 0.018361 0.99982 0.004873
vn -0.018361 0.99982 0.004873
vn 0.70712 0.707086 0.003319
vn 0.018361 0.99982 -0.004873
vn 0.707133 0.707073 -0.003319
vn 0.012471 0.707049 -0.707055
vn -0.018361 0.99982 -0.004873
vn -0.012473 0.707048 -0.707056
vn -0.017204 0.0777 -0.996828
vn -0.706026 0.055577 0.706002
vn -0.706026 -0.055577 0.706002
vn -0.996907 0.078458 0.004611
vn -0.996907 -0.078458 0.004612
vn -0.70717 0.707036 0.003318
vn -0.996906 0.078464 -0.004611
vn -0.707156 0.707049 -0.003319
vn -0.706042 0.055579 -0.705985
vn -0.996906 -0.078464 -0.004611
vn -0.706043 -0.055579 -0.705985
vn -0.70717 -0.707036 0.003319
vn -0.707156 -0.70705 -0.003319
vn 0.577353 -0.57735 0.577348
vn 0.577311 -0.577359 -0.577381
vn 0.57735 0.577352 0.577349
vn 0.577318 0.577354 -0.57738
vn -0.577422 0.577328 0.577301
vn -0.577422 0.577329 -0.5773
vn -0.577416 -0.577322 0.577313
vn -0.577413 -0.577335 -0.577303
vn 0.012473 -0.707044 0.70706
vn -0.012473 -0.707044 0.70706
vn 0.017207 -0.0777 0.996828
vn -0.017207 -0.077699 0.996828
vn 0.996905 -0.078478 0.004611
vn 0.707138 -0.707068 0.003319
vn 0.996905 -0.078478 -0.004611
vn 0.707138 -0.707068 -0.003319
vn 0.706067 -0.055568 0.705962
vn 0.017207 0.0777 0.996828
vn 0.706065 0.055567 0.705963
vn 0.996905 0.078478 0.004611
vn 0.01247 -0.707005 -0.707098
vn -0.01247 -0.707005 -0.707099
vn 0.706001 -0.055569 -0.706027
vn 0.996905 0.078478 -0.004611
vn 0.705999 0.055571 -0.706029
vn 0.012473 0.707049 0.707055
vn -0.017207 0.077699 0.996828
vn -0.012474 0.707048 0.707055
vn 0.707138 0.707068 0.003319
vn 0.707138 0.707068 -0.003319
vn 0.01247 0.70701 -0.707094
vn -0.01247 0.707009 -0.707094
vn -0.017203 0.077699 -0.996828
vn -0.706066 0.055565 0.705963
vn -0.706066 -0.055566 0.705963
vn -0.996905 0.078478 0.004611
vn -0.996905 -0.078478 0.004611
vn -0.707138 0.707068 0.003319
vn -0.996905 0.078478 -0.004611
vn -0.707138 0.707068 -0.003319
vn -0.706 0.055569 -0.706028
vn -0.996905 -0.078478 -0.004611
vn -0.706 -0.055574 -0.706028
vn -0.707138 -0.707068 0.003319
vn -0.707138 -0.707068 -0.003319
vn 0.577427 -0.577305 0.577319
vn 0.577374 -0.577304 -0.577373
vn 0.577428 0.577304 0.577319
vn 0.577374 0.577305 -0.577371
vn -0.577437 0.577295 0.577319
vn -0.577381 0.577294 -0.577375
vn -0.577428 -0.577298 0.577325
vn -0.577373 -0.577301 -0.577376
vt 0.231373 0.919741
vt 0.231431 0.930732
vt 0.013431 0.919551
vt 0.013353 0.930538
vt 0.318292 0.995798
vt 0.318362 0.984811
vt 0.536253 0.996032
vt 0.536208 0.985046
vt 0.253361 0.919757
vt 0.242362 0.919768
vt 0.254107 0.080241
vt 0.243115 0.080215
vt 0.232124 0.080222
vt 0.307342 0.985067
vt 0.318405 0.941759
vt 0.307381 0.941483
vt 0.253361 0.93168
vt 0.296929 0.930804
vt 0.296471 0.919783
vt 0.232149 0.058237
vt 0.2322 0.069231
vt 0.014167 0.058046
vt 0.014102 0.06904
vt 0.014163 0.08003
vt 0.253846 0.069215
vt 0.297196 0.080286
vt 0.297484 0.069258
vt 0.243173 0.058512
vt 0.243202 0.0149
vt 0.232179 0.015159
vt 0.31836 0.930774
vt 0.536272 0.941994
vt 0.536348 0.931005
vt 0.318441 0.919796
vt 0.536298 0.920018
vt 0.307456 0.919805
vt 0.319177 0.080313
vt 0.308187 0.080284
vt 0.319119 0.069324
vt 0.537131 0.080533
vt 0.537213 0.069543
vt 0.232247 0.004167
vt 0.014151 0.003968
vt 0.014199 0.014962
vt 0.54728 0.941749
vt 0.54722 0.985328
vt 0.557981 0.931067
vt 0.558271 0.920045
vt 0.601601 0.931114
vt 0.601345 0.92009
vt 0.547283 0.920047
vt 0.559109 0.080553
vt 0.548119 0.080526
vt 0.558851 0.069528
vt 0.602191 0.080598
vt 0.602474 0.069575
vt 0.003168 0.014685
vt 0.003141 0.058311
vt 0.002443 0.91956
vt 0.003175 0.080002
vt 0.612334 0.920115
vt 0.613181 0.080594
vt 0.309111 0.994218
vt 0.240693 0.929039
vt 0.243692 0.929488
vt 0.241466 0.070943
vt 0.241394 0.067663
vt 0.244674 0.071004
vt 0.309106 0.929064
vt 0.309164 0.932322
vt 0.305995 0.92894
vt 0.241431 0.005744
vt 0.309853 0.071013
vt 0.306653 0.071076
vt 0.548819 0.929257
vt 0.545525 0.932599
vt 0.545607 0.929323
vt 0.004946 0.005526
vt 0.54968 0.07132
vt 0.546478 0.071251
vt 0.004092 0.928836
vt 0.54543 0.994471
vt 0.610763 0.929329
vt 0.004919 0.06747
vt 0.004832 0.070727
vt 0.611645 0.071385
vt 0.231733 0.919935
vt 0.231804 0.930928
vt 0.013691 0.919989
vt 0.013626 0.930983
vt 0.31883 0.996032
vt 0.318882 0.985029
vt 0.537119 0.995907
vt 0.537052 0.984902
vt 0.253725 0.919928
vt 0.242726 0.91995
vt 0.253461 0.080014
vt 0.242468 0.080002
vt 0.231477 0.080024
vt 0.307847 0.985307
vt 0.318856 0.941903
vt 0.307816 0.941644
vt 0.253725 0.931377
vt 0.297234 0.930907
vt 0.296859 0.919903
vt 0.231476 0.058039
vt 0.231541 0.069034
vt 0.013464 0.058121
vt 0.013407 0.069113
vt 0.013475 0.080101
vt 0.253187 0.068988
vt 0.296554 0.079995
vt 0.296824 0.068969
vt 0.242498 0.058295
vt 0.242471 0.01469
vt 0.231452 0.014961
vt 0.318791 0.930896
vt 0.537001 0.941777
vt 0.537044 0.930776
vt 0.318853 0.919893
vt 0.53696 0.91978
vt 0.307857 0.919913
vt 0.318538 0.079988
vt 0.307546 0.079975
vt 0.318464 0.068998
vt 0.536542 0.079884
vt 0.536604 0.068894
vt 0.231506 0.003968
vt 0.013399 0.004055
vt 0.01346 0.015047
vt 0.548039 0.941492
vt 0.5481 0.985159
vt 0.558682 0.930796
vt 0.558949 0.919769
vt 0.60233 0.930772
vt 0.60205 0.919745
vt 0.547953 0.919791
vt 0.558526 0.07987
vt 0.547533 0.07986
vt 0.558242 0.068841
vt 0.601623 0.079847
vt 0.601885 0.06882
vt 0.002442 0.014784
vt 0.002447 0.058392
vt 0.002699 0.920009
vt 0.002482 0.080086
vt 0.613045 0.919754
vt 0.612617 0.079826
vt 0.309632 0.994471
vt 0.241072 0.929229
vt 0.244242 0.929459
vt 0.240815 0.070725
vt 0.240733 0.067448
vt 0.244022 0.07079
vt 0.309511 0.929196
vt 0.309587 0.932476
vt 0.306343 0.929075
vt 0.240695 0.005545
vt 0.309197 0.0707
vt 0.305994 0.070767
vt 0.549512 0.928998
vt 0.546245 0.932327
vt 0.54631 0.929066
vt 0.004216 0.005639
vt 0.549069 0.070648
vt 0.545868 0.070587
vt 0.004356 0.929287
vt 0.546342 0.994338
vt 0.611497 0.928963
vt 0.004226 0.067546
vt 0.004145 0.070809
vt 0.61105 0.070611
usemtl UnderSG
f 513/689/363 514/690/364 515/691/365
f 515/691/365 514/690/364 516/692/366
f 514/693/364 517/694/367 516/695/366
f 516/695/366 517/694/367 518/696/368
f 519/697/369 520/698/370 521/699/371
f 521/699/371 520/698/370 522/700/372
f 520/698/370 513/689/363 522/700/372
f 522/700/372 513/689/363 523/701/373
f 517/694/367 524/702/374 525/703/375
f 525/703/375 524/702/374 526/704/376
f 524/705/374 519/697/369 526/706/376
f 526/706/376 519/697/369 527/707/377
f 528/708/378 529/709/379 530/710/380
f 530/710/380 529/709/379 531/711/381
f 529/709/379 523/701/373 531/711/381
f 531/711/381 523/701/373 532/712/382
f 521/699/371 533/713/383 534/714/384
f 534/714/384 533/713/383 535/715/385
f 533/716/383 528/708/378 535/717/385
f 535/717/385 528/708/378 536/718/386
f 525/703/375 537/719/387 538/720/388
f 538/720/388 537/719/387 539/721/389
f 537/719/387 540/722/390 539/721/389
f 539/721/389 540/722/390 541/723/391
f 540/722/390 542/724/392 543/725/393
f 543/725/393 542/724/392 544/726/394
f 542/724/392 527/707/377 544/726/394
f 544/726/394 527/707/377 534/714/384
f 543/725/393 545/727/395 546/728/396
f 546/728/396 545/727/395 547/729/397
f 545/730/395 536/718/386 547/731/397
f 547/731/397 536/718/386 548/732/398
f 538/720/388 549/733/399 518/696/368
f 518/696/368 549/733/399 550/734/400
f 549/735/399 551/736/401 550/737/400
f 550/737/400 551/736/401 552/738/402
f 551/736/401 553/739/403 554/740/404
f 554/740/404 553/739/403 555/741/405
f 553/739/403 541/723/391 555/741/405
f 555/741/405 541/723/391 546/728/396
f 554/740/404 556/742/406 557/743/407
f 557/743/407 556/742/406 558/744/408
f 556/745/406 548/732/398 558/746/408
f 558/746/408 548/732/398 530/710/380
f 515/691/365 559/747/409 532/712/382
f 532/712/382 559/747/409 560/748/410
f 559/749/409 552/738/402 560/750/410
f 560/750/410 552/738/402 557/743/407
f 519/697/369 521/699/371 527/707/377
f 527/707/377 521/699/371 534/714/384
f 540/722/390 543/725/393 541/723/391
f 541/723/391 543/725/393 546/728/396
f 551/736/401 554/740/404 552/738/402
f 552/738/402 554/740/404 557/743/407
f 515/691/365 532/712/382 513/689/363
f 513/689/363 532/712/382 523/701/373
f 528/708/378 530/710/380 536/718/386
f 536/718/386 530/710/380 548/732/398
f 518/696/368 517/694/367 538/720/388
f 538/720/388 517/694/367 525/703/375
f 524/702/374 517/694/367 561/751/411
f 561/751/411 517/694/367 514/693/364
f 514/690/364 513/689/363 561/752/411
f 561/752/411 513/689/363 520/698/370
f 520/698/370 519/697/369 561/753/411
f 561/753/411 519/697/369 524/705/374
f 522/700/372 523/701/373 562/754/412
f 562/754/412 523/701/373 529/709/379
f 529/709/379 528/708/378 562/755/412
f 562/755/412 528/708/378 533/716/383
f 533/713/383 521/699/371 562/756/412
f 562/756/412 521/699/371 522/700/372
f 542/724/392 540/722/390 563/757/413
f 563/757/413 540/722/390 537/719/387
f 537/719/387 525/703/375 563/758/413
f 563/758/413 525/703/375 526/704/376
f 526/706/376 527/707/377 563/759/413
f 563/759/413 527/707/377 542/724/392
f 535/717/385 536/718/386 564/760/414
f 564/760/414 536/718/386 545/730/395
f 545/727/395 543/725/393 564/761/414
f 564/761/414 543/725/393 544/726/394
f 544/726/394 534/714/384 564/762/414
f 564/762/414 534/714/384 535/715/385
f 553/739/403 551/736/401 565/763/415
f 565/763/415 551/736/401 549/735/399
f 549/733/399 538/720/388 565/764/415
f 565/764/415 538/720/388 539/721/389
f 539/721/389 541/723/391 565/765/415
f 565/765/415 541/723/391 553/739/403
f 547/731/397 548/732/398 566/766/416
f 566/766/416 548/732/398 556/745/406
f 556/742/406 554/740/404 566/767/416
f 566/767/416 554/740/404 555/741/405
f 555/741/405 546/728/396 566/768/416
f 566/768/416 546/728/396 547/729/397
f 559/747/409 515/691/365 567/769/417
f 567/769/417 515/691/365 516/692/366
f 516/695/366 518/696/368 567/770/417
f 567/770/417 518/696/368 550/734/400
f 550/737/400 552/738/402 567/771/417
f 567/771/417 552/738/402 559/749/409
f 558/746/408 530/710/380 568/772/418
f 568/772/418 530/710/380 531/711/381
f 531/711/381 532/712/382 568/773/418
f 568/773/418 532/712/382 560/748/410
f 560/750/410 557/743/407 568/774/418
f 568/774/418 557/743/407 558/744/408
f 569/775/363 570/776/419 571/777/365
f 571/777/365 570/776/419 572/778/420
f 570/779/419 573/780/421 572/781/420
f 572/781/420 573/780/421 574/782/422
f 575/783/423 576/784/424 577/785/425
f 577/785/425 576/784/424 578/786/426
f 576/784/424 569/775/363 578/786/426
f 578/786/426 569/775/363 579/787/373
f 573/780/421 580/788/427 581/789/428
f 581/789/428 580/788/427 582/790/429
f 580/791/427 575/783/423 582/792/429
f 582/792/429 575/783/423 583/793/430
f 584/794/378 585/795/431 586/796/380
f 586/796/380 585/795/431 587/797/432
f 585/795/431 579/787/373 587/797/432
f 587/797/432 579/787/373 588/798/382
f 577/785/425 589/799/433 590/800/434
f 590/800/434 589/799/433 591/801/435
f 589/802/433 584/794/378 591/803/435
f 591/803/435 584/794/378 592/804/386
f 581/789/428 593/805/436 594/806/437
f 594/806/437 593/805/436 595/807/438
f 593/805/436 596/808/390 595/807/438
f 595/807/438 596/808/390 597/809/391
f 596/808/390 598/810/439 599/811/393
f 599/811/393 598/810/439 600/812/440
f 598/810/439 583/793/430 600/812/440
f 600/812/440 583/793/430 590/800/434
f 599/811/393 601/813/441 602/814/396
f 602/814/396 601/813/441 603/815/442
f 601/816/441 592/804/386 603/817/442
f 603/817/442 592/804/386 604/818/443
f 594/806/437 605/819/444 574/782/422
f 574/782/422 605/819/444 606/820/445
f 605/821/444 607/822/446 606/823/445
f 606/823/445 607/822/446 608/824/447
f 607/822/446 609/825/448 610/826/449
f 610/826/449 609/825/448 611/827/450
f 609/825/448 597/809/391 611/827/450
f 611/827/450 597/809/391 602/814/396
f 610/826/449 612/828/451 613/829/452
f 613/829/452 612/828/451 614/830/453
f 612/831/451 604/818/443 614/832/453
f 614/832/453 604/818/443 586/796/380
f 571/777/365 615/833/454 588/798/382
f 588/798/382 615/833/454 616/834/455
f 615/835/454 608/824/447 616/836/455
f 616/836/455 608/824/447 613/829/452
f 575/783/423 577/785/425 583/793/430
f 583/793/430 577/785/425 590/800/434
f 596/808/390 599/811/393 597/809/391
f 597/809/391 599/811/393 602/814/396
f 607/822/446 610/826/449 608/824/447
f 608/824/447 610/826/449 613/829/452
f 571/777/365 588/798/382 569/775/363
f 569/775/363 588/798/382 579/787/373
f 584/794/378 586/796/380 592/804/386
f 592/804/386 586/796/380 604/818/443
f 574/782/422 573/780/421 594/806/437
f 594/806/437 573/780/421 581/789/428
f 580/788/427 573/780/421 617/837/456
f 617/837/456 573/780/421 570/779/419
f 570/776/419 569/775/363 617/838/456
f 617/838/456 569/775/363 576/784/424
f 576/784/424 575/783/423 617/839/456
f 617/839/456 575/783/423 580/791/427
f 578/786/426 579/787/373 618/840/457
f 618/840/457 579/787/373 585/795/431
f 585/795/431 584/794/378 618/841/457
f 618/841/457 584/794/378 589/802/433
f 589/799/433 577/785/425 618/842/457
f 618/842/457 577/785/425 578/786/426
f 598/810/439 596/808/390 619/843/458
f 619/843/458 596/808/390 593/805/436
f 593/805/436 581/789/428 619/844/458
f 619/844/458 581/789/428 582/790/429
f 582/792/429 583/793/430 619/845/458
f 619/845/458 583/793/430 598/810/439
f 591/803/435 592/804/386 620/846/459
f 620/846/459 592/804/386 601/816/441
f 601/813/441 599/811/393 620/847/459
f 620/847/459 599/811/393 600/812/440
f 600/812/440 590/800/434 620/848/459
f 620/848/459 590/800/434 591/801/435
f 609/825/448 607/822/446 621/849/460
f 621/849/460 607/822/446 605/821/444
f 605/819/444 594/806/437 621/850/460
f 621/850/460 594/806/437 595/807/438
f 595/807/438 597/809/391 621/851/460
f 621/851/460 597/809/391 609/825/448
f 603/817/442 604/818/443 622/852/461
f 622/852/461 604/818/443 612/831/451
f 612/828/451 610/826/449 622/853/461
f 622/853/461 610/826/449 611/827/450
f 611/827/450 602/814/396 622/854/461
f 622/854/461 602/814/396 603/815/442
f 615/833/454 571/777/365 623/855/462
f 623/855/462 571/777/365 572/778/420
f 572/781/420 574/782/422 623/856/462
f 623/856/462 574/782/422 606/820/445
f 606/823/445 608/824/447 623/857/462
f 623/857/462 608/824/447 615/835/454
f 614/832/453 586/796/380 624/858/463
f 624/858/463 586/796/380 587/797/432
f 587/797/432 588/798/382 624/859/463
f 624/859/463 588/798/382 616/834/455
f 616/836/455 613/829/452 624/860/463
f 624/860/463 613/829/452 614/830/453
s off
g IchigoAme_GrapeBox_TriangleSG
v -0.629494 0.195154 0.836426
v -0.647972 0.19504 0.832779
v -0.629494 1.1817 0.836426
v -0.647972 1.18178 0.832779
v -0.658432 0.195154 0.848444
v -0.658432 1.1817 0.848444
v -0.629807 0.179486 0.847691
v -0.460747 0.179846 1.01636
v -0.630486 0.172996 0.874887
v -0.486885 0.172996 1.01795
v -0.449921 0.196436 1.01529
v -0.650143 0.179482 0.856083
v -0.658432 0.197743 1.02118
v -0.65118 0.180243 1.02129
v -0.633686 0.172996 1.02118
v -0.633797 0.180243 1.03868
v -0.469398 0.179833 1.03744
v -0.633686 0.197743 1.04593
v -0.462574 0.196436 1.04593
v -0.651184 0.19786 1.03868
v -0.658432 1.17911 1.02118
v -0.651184 1.17895 1.03868
v -0.633686 1.17911 1.04593
v -0.650143 1.19737 0.856083
v -0.65118 1.19661 1.02129
v -0.630486 1.20386 0.874887
v -0.633686 1.20386 1.02118
v -0.629807 1.19737 0.847691
v -0.448204 1.18172 1.017
v -0.459522 1.19737 1.0173
v -0.486885 1.20386 1.01795
v -0.633797 1.19661 1.03868
v -0.467865 1.19737 1.03763
v -0.460152 1.18172 1.04593
v -0.444504 1.18181 1.03546
v -0.445999 0.196421 1.03484
v -0.644905 0.182293 0.840034
v -0.648006 0.183506 1.03551
v -0.644905 1.19455 0.840036
v -0.648006 1.19333 1.03551
v -0.451794 1.19455 1.03239
v -0.453136 0.182848 1.03184
v -0.448933 0.195154 -1.01699
v -0.445282 0.19504 -1.03547
v -0.448933 1.1817 -1.01699
v -0.445282 1.18178 -1.03547
v -0.460949 0.195154 -1.04593
v -0.460949 1.1817 -1.04593
v -0.460197 0.179486 -1.0173
v -0.62886 0.179846 -0.848242
v -0.487392 0.172996 -1.01798
v -0.630459 0.172996 -0.874384
v -0.627792 0.196436 -0.837416
v -0.46859 0.179482 -1.03764
v -0.633686 0.197743 -1.04593
v -0.633801 0.180243 -1.03868
v -0.633686 0.172996 -1.02118
v -0.651184 0.180243 -1.0213
v -0.649944 0.179833 -0.856894
v -0.658436 0.197743 -1.02118
v -0.658432 0.196436 -0.850073
v -0.651188 0.19786 -1.03868
v -0.633686 1.17911 -1.04593
v -0.651188 1.17895 -1.03868
v -0.658436 1.17911 -1.02118
v -0.46859 1.19737 -1.03764
v -0.633801 1.19661 -1.03868
v -0.487392 1.20386 -1.01798
v -0.633686 1.20386 -1.02118
v -0.460197 1.19737 -1.0173
v -0.629501 1.18172 -0.835699
v -0.62981 1.19737 -0.847017
v -0.630459 1.20386 -0.874384
v -0.651184 1.19661 -1.0213
v -0.650139 1.19737 -0.855364
v -0.658432 1.18172 -0.847651
v -0.647964 1.18181 -0.831999
v -0.647346 0.196421 -0.833498
v -0.452538 0.182293 -1.0324
v -0.648014 0.183506 -1.03551
v -0.452541 1.19455 -1.0324
v -0.64801 1.19333 -1.03551
v -0.644897 1.19455 -0.839289
v -0.644341 0.182848 -0.840631
v 0.448929 0.195154 1.01699
v 0.445282 0.19504 1.03547
v 0.448929 1.1817 1.01699
v 0.445282 1.18178 1.03547
v 0.460949 0.195154 1.04593
v 0.460949 1.1817 1.04593
v 0.460194 0.179486 1.0173
v 0.62886 0.179846 0.848242
v 0.487392 0.172996 1.01798
v 0.630459 0.172996 0.87438
v 0.627792 0.196436 0.837414
v 0.468586 0.179482 1.03764
v 0.633686 0.197743 1.04593
v 0.633797 0.180243 1.03868
v 0.633686 0.172996 1.02118
v 0.651184 0.180243 1.02129
v 0.649944 0.179833 0.856894
v 0.658432 0.197743 1.02118
v 0.658432 0.196436 0.850069
v 0.651184 0.19786 1.03868
v 0.633686 1.17911 1.04593
v 0.651184 1.17895 1.03868
v 0.658432 1.17911 1.02118
v 0.468586 1.19737 1.03764
v 0.633797 1.19661 1.03868
v 0.487392 1.20386 1.01798
v 0.633686 1.20386 1.02118
v 0.460194 1.19737 1.0173
v 0.629501 1.18172 0.835699
v 0.629807 1.19737 0.847015
v 0.630459 1.20386 0.87438
v 0.651184 1.19661 1.02129
v 0.650135 1.19737 0.855362
v 0.658432 1.18172 0.847647
v 0.647961 1.18181 0.831999
v 0.647343 0.196421 0.833494
v 0.452538 0.182293 1.0324
v 0.648014 0.183506 1.0355
v 0.452538 1.19455 1.0324
v 0.64801 1.19333 1.0355
v 0.644897 1.19455 0.839287
v 0.644341 0.182848 0.84063
v 0.629494 0.195154 -0.836424
v 0.647972 0.19504 -0.832777
v 0.629494 1.1817 -0.836424
v 0.647972 1.18178 -0.832777
v 0.658432 0.195154 -0.848444
v 0.658432 1.1817 -0.848444
v 0.629807 0.179486 -0.847692
v 0.460743 0.179846 -1.01636
v 0.630482 0.172996 -0.874887
v 0.486885 0.172996 -1.01795
v 0.449917 0.196436 -1.01529
v 0.650139 0.179482 -0.856081
v 0.658432 0.197743 -1.02118
v 0.65118 0.180243 -1.0213
v 0.633682 0.172996 -1.02118
v 0.633797 0.180243 -1.03868
v 0.469395 0.179833 -1.03744
v 0.633682 0.197743 -1.04593
v 0.462574 0.196436 -1.04593
v 0.651184 0.19786 -1.03868
v 0.658432 1.17911 -1.02118
v 0.651184 1.17895 -1.03868
v 0.633682 1.17911 -1.04593
v 0.650139 1.19737 -0.856081
v 0.65118 1.19661 -1.0213
v 0.630482 1.20386 -0.874887
v 0.633682 1.20386 -1.02118
v 0.629807 1.19737 -0.847692
v 0.448204 1.18172 -1.017
v 0.459518 1.19737 -1.0173
v 0.486885 1.20386 -1.01795
v 0.633797 1.19661 -1.03868
v 0.467865 1.19737 -1.03763
v 0.460152 1.18172 -1.04593
v 0.4445 1.18181 -1.03546
v 0.445999 0.196421 -1.03484
v 0.644901 0.182293 -0.840033
v 0.648006 0.183506 -1.03551
v 0.644905 1.19455 -0.840036
v 0.648006 1.19333 -1.03551
v 0.45179 1.19455 -1.03239
v 0.453133 0.182848 -1.03184
vn 0.67758 -0.006202 -0.735423
vn -0.383495 -0.007758 -0.92351
vn 0.677668 0.006142 -0.735342
vn -0.383495 0.007744 -0.92351
vn -0.9984 -0.006125 -0.056208
vn -0.998403 0.006126 -0.056159
vn 0.501358 -0.677759 -0.53785
vn 0.536096 -0.683937 -0.494804
vn -0.003288 -0.995326 -0.096512
vn 0.097312 -0.995237 0.005851
vn 0.733183 -0.006467 -0.680001
vn -0.744527 -0.666592 -0.036529
vn -0.999275 -0.007249 0.037381
vn -0.6797 -0.732989 0.027117
vn -0.069738 -0.994999 0.071508
vn -0.024876 -0.72611 0.687129
vn 0.042818 -0.665158 0.745474
vn -0.037576 -0.007362 0.999267
vn 0.057356 -0.006483 0.998333
vn -0.70714 -0.004793 0.707057
vn -0.999276 0.00725 0.03734
vn -0.707139 0.004782 0.707058
vn -0.037432 0.007299 0.999273
vn -0.744533 0.666583 -0.03657
vn -0.679711 0.732977 0.027158
vn -0.005777 0.995532 -0.09425
vn -0.06989 0.995086 0.070133
vn 0.494434 0.686185 -0.533559
vn 0.733446 0.006029 -0.679721
vn 0.531965 0.685597 -0.49696
vn 0.093965 0.995559 0.005756
vn -0.027041 0.733264 0.679406
vn 0.036406 0.666234 0.744854
vn 0.057971 0.006007 0.9983
vn 0.924266 0.005935 0.381702
vn 0.924242 -0.009422 0.381691
vn -0.237902 -0.782081 -0.575979
vn -0.578911 -0.57422 0.578907
vn -0.23806 0.781796 -0.576301
vn -0.5792 0.573724 0.579111
vn 0.57493 0.783391 0.236124
vn 0.605265 -0.756225 0.248551
vn 0.735428 -0.0062 0.677574
vn 0.923496 -0.007758 -0.383529
vn 0.735347 0.006142 0.677663
vn 0.923497 0.007744 -0.383527
vn 0.056189 -0.006123 -0.998401
vn 0.05614 0.006124 -0.998404
vn 0.537857 -0.677755 0.501355
vn 0.494808 -0.683944 0.536084
vn 0.096505 -0.995327 -0.003292
vn -0.00586 -0.995237 0.097309
vn 0.679999 -0.006465 0.733185
vn 0.036534 -0.666557 -0.744559
vn -0.037383 -0.007247 -0.999275
vn -0.027108 -0.732981 -0.679709
vn -0.071508 -0.994999 -0.069736
vn -0.687114 -0.726123 -0.024878
vn -0.74546 -0.665174 0.042813
vn -0.999267 -0.007364 -0.037565
vn -0.998333 -0.006484 0.057348
vn -0.707067 -0.004791 -0.70713
vn -0.037342 0.007248 -0.999276
vn -0.707068 0.00478 -0.707129
vn -0.999273 0.007301 -0.03742
vn 0.036572 0.666565 -0.744549
vn -0.027153 0.732983 -0.679705
vn 0.094244 0.995533 -0.005765
vn -0.070135 0.995087 -0.069886
vn 0.533592 0.686133 0.494471
vn 0.679719 0.00603 0.733447
vn 0.496988 0.685549 0.532001
vn -0.005758 0.995558 0.093972
vn -0.679387 0.733282 -0.027047
vn -0.74484 0.666249 0.036399
vn -0.998301 0.006008 0.057963
vn -0.381842 0.005933 0.924209
vn -0.381834 -0.009423 0.924183
vn 0.575969 -0.782099 -0.237867
vn -0.57887 -0.574226 -0.578942
vn 0.576303 0.781789 -0.238079
vn -0.579105 0.573714 -0.579215
vn -0.236254 0.783345 0.574938
vn -0.248589 -0.756201 0.60528
vn -0.735429 -0.006202 -0.677573
vn -0.923478 -0.007757 0.383572
vn -0.735348 0.006142 -0.677662
vn -0.923478 0.007742 0.383572
vn -0.056198 -0.006125 0.998401
vn -0.056149 0.006126 0.998404
vn -0.537821 -0.677808 -0.501324
vn -0.494768 -0.683999 -0.536051
vn -0.096504 -0.995327 0.003293
vn 0.005852 -0.995237 -0.09731
vn -0.679999 -0.006467 -0.733185
vn -0.03653 -0.666596 0.744524
vn 0.037385 -0.007248 0.999275
vn 0.027107 -0.733009 0.679678
vn 0.071504 -0.995 0.069732
vn 0.687158 -0.726081 0.024885
vn 0.745517 -0.66511 -0.042806
vn 0.999266 -0.007361 0.037583
vn 0.998333 -0.006482 -0.05735
vn 0.707137 -0.004791 0.70706
vn 0.037344 0.007249 0.999276
vn 0.707138 0.00478 0.70706
vn 0.999272 0.007301 0.037438
vn -0.036575 0.666609 0.74451
vn 0.027148 0.733014 0.679672
vn -0.094242 0.995533 0.005769
vn 0.070132 0.995087 0.069881
vn -0.533584 0.68615 -0.494456
vn -0.679719 0.00603 -0.733448
vn -0.496977 0.685568 -0.531987
vn 0.005759 0.995559 -0.093966
vn 0.679409 0.733261 0.027044
vn 0.744847 0.666242 -0.036402
vn 0.998301 0.006008 -0.057965
vn 0.381744 0.005937 -0.924249
vn 0.381734 -0.009422 -0.924224
vn -0.575998 -0.782073 0.237883
vn 0.578888 -0.574257 0.578894
vn -0.576329 0.781769 0.23808
vn 0.579125 0.573741 0.579168
vn 0.236237 0.783357 -0.574929
vn 0.248585 -0.756204 -0.605277
vn -0.67758 -0.006201 0.735423
vn 0.383556 -0.007759 0.923485
vn -0.677668 0.006144 0.735342
vn 0.383553 0.007745 0.923486
vn 0.9984 -0.006128 0.056208
vn 0.998403 0.006129 0.056159
vn -0.501327 -0.677805 0.537821
vn -0.536045 -0.684004 0.494766
vn 0.003284 -0.995327 0.096511
vn -0.097311 -0.995237 -0.005856
vn -0.73319 -0.006466 0.679993
vn 0.744465 -0.666662 0.036533
vn 0.999275 -0.007252 -0.037383
vn 0.679619 -0.733065 -0.027109
vn 0.069734 -0.995 -0.071507
vn 0.024881 -0.726096 -0.687143
vn -0.042807 -0.665139 -0.745491
vn 0.037585 -0.007362 -0.999266
vn -0.057325 -0.006483 -0.998335
vn 0.707068 -0.004791 -0.707129
vn 0.999276 0.007253 -0.037341
vn 0.707068 0.004781 -0.707129
vn 0.037441 0.007299 -0.999272
vn 0.744454 0.666672 0.036571
vn 0.679627 0.733055 -0.027151
vn 0.005768 0.995532 0.094248
vn 0.069886 0.995087 -0.070132
vn -0.494464 0.686122 0.533612
vn -0.733452 0.006031 0.679714
vn -0.531982 0.685559 0.496995
vn -0.093969 0.995559 -0.005758
vn 0.027045 0.733257 -0.679413
vn -0.036399 0.666227 -0.74486
vn -0.05794 0.006006 -0.998302
vn -0.92425 0.005935 -0.381742
vn -0.924224 -0.009423 -0.381734
vn 0.237939 -0.782065 0.575986
vn 0.578809 -0.574259 -0.57897
vn 0.238056 0.781818 0.576273
vn 0.579077 0.573754 -0.579203
vn -0.574881 0.783419 -0.23615
vn -0.605236 -0.756245 -0.248562
vt 0.569652 0.070015
vt 0.577105 0.069922
vt 0.570626 0.460554
vt 0.578078 0.460598
vt 0.295096 0.070251
vt 0.302575 0.070334
vt 0.294984 0.460809
vt 0.302434 0.460749
vt 0.566667 0.062985
vt 0.471965 0.063395
vt 0.559148 0.054832
vt 0.478887 0.055204
vt 0.469367 0.070792
vt 0.305456 0.063274
vt 0.370901 0.071332
vt 0.371054 0.063827
vt 0.570228 0.05441
vt 0.524135 0.007663
vt 0.518941 0.013085
vt 0.385738 0.06382
vt 0.451057 0.063395
vt 0.385889 0.071328
vt 0.453594 0.070813
vt 0.513709 0.007703
vt 0.468197 0.054501
vt 0.378395 0.071359
vt 0.370792 0.459755
vt 0.378287 0.459714
vt 0.385783 0.45976
vt 0.571316 0.476152
vt 0.52551 0.523286
vt 0.560218 0.47581
vt 0.52027 0.517892
vt 0.305316 0.46781
vt 0.370945 0.467261
vt 0.567681 0.467601
vt 0.46935 0.460789
vt 0.472351 0.467809
vt 0.479924 0.475986
vt 0.515063 0.523318
vt 0.468774 0.476349
vt 0.385625 0.467264
vt 0.45154 0.467856
vt 0.454455 0.460803
vt 0.461903 0.460865
vt 0.461481 0.070772
vt 0.297737 0.063927
vt 0.574429 0.063608
vt 0.573573 0.060815
vt 0.518889 0.004053
vt 0.379488 0.065016
vt 0.377311 0.06502
vt 0.575427 0.466929
vt 0.297603 0.467138
vt 0.574625 0.469723
vt 0.379374 0.466048
vt 0.520289 0.526943
vt 0.377198 0.466047
vt 0.459268 0.467192
vt 0.464591 0.467179
vt 0.465433 0.469948
vt 0.45889 0.064152
vt 0.464894 0.061092
vt 0.464088 0.064166
vt 0.17804 0.461161
vt 0.170587 0.461238
vt 0.17776 0.070784
vt 0.170311 0.070731
vt 0.163142 0.461168
vt 0.162863 0.070802
vt 0.180984 0.46865
vt 0.275874 0.468057
vt 0.188524 0.476803
vt 0.268961 0.476289
vt 0.278463 0.460636
vt 0.160264 0.468224
vt 0.094824 0.460195
vt 0.094671 0.467695
vt 0.177419 0.477233
vt 0.223654 0.524056
vt 0.228861 0.518613
vt 0.079998 0.467707
vt 0.014701 0.46817
vt 0.07984 0.460203
vt 0.01216 0.460754
vt 0.234117 0.524012
vt 0.279701 0.476971
vt 0.08733 0.46017
vt 0.094538 0.071894
vt 0.087045 0.071946
vt 0.079553 0.071909
vt 0.177124 0.055207
vt 0.222793 0.008178
vt 0.188181 0.055552
vt 0.228044 0.013558
vt 0.159975 0.06374
vt 0.094374 0.0644
vt 0.180713 0.063745
vt 0.27901 0.070634
vt 0.276009 0.063601
vt 0.268429 0.055414
vt 0.233244 0.008123
vt 0.279571 0.055035
vt 0.0797 0.064408
vt 0.013822 0.06391
vt 0.010916 0.07096
vt 0.286459 0.070564
vt 0.286353 0.460669
vt 0.003472 0.070905
vt 0.004275 0.4608
vt 0.167972 0.467554
vt 0.173069 0.467688
vt 0.174069 0.470825
vt 0.228901 0.527679
vt 0.08625 0.466494
vt 0.088425 0.466489
vt 0.17296 0.064393
vt 0.167678 0.064386
vt 0.1738 0.061576
vt 0.085954 0.065621
vt 0.227967 0.004516
vt 0.088126 0.065618
vt 0.006111 0.064593
vt 0.283778 0.064235
vt 0.282946 0.061408
vt 0.00686 0.46741
vt 0.282999 0.470303
vt 0.283759 0.467276
vt 0.335673 0.930203
vt 0.328214 0.930292
vt 0.335441 0.539687
vt 0.327993 0.539632
vt 0.320763 0.930217
vt 0.320546 0.539703
vt 0.339624 0.937733
vt 0.433685 0.936797
vt 0.347133 0.945784
vt 0.426863 0.944978
vt 0.436228 0.92943
vt 0.317882 0.937276
vt 0.252413 0.929211
vt 0.252258 0.936714
vt 0.336129 0.946255
vt 0.382137 0.992466
vt 0.387274 0.987054
vt 0.237578 0.936719
vt 0.172257 0.937157
vt 0.237423 0.929214
vt 0.169716 0.929738
vt 0.392501 0.992383
vt 0.437509 0.945619
vt 0.244918 0.929183
vt 0.252226 0.540768
vt 0.244735 0.540816
vt 0.237241 0.540776
vt 0.334813 0.524119
vt 0.380446 0.477095
vt 0.345864 0.524462
vt 0.385701 0.482465
vt 0.317657 0.532647
vt 0.25207 0.533272
vt 0.338395 0.532652
vt 0.436674 0.539528
vt 0.433674 0.532502
vt 0.426097 0.524317
vt 0.390902 0.477029
vt 0.437243 0.523938
vt 0.237393 0.533271
vt 0.171502 0.532749
vt 0.168591 0.5398
vt 0.444118 0.539458
vt 0.444115 0.92946
vt 0.161145 0.539743
vt 0.161828 0.929781
vt 0.325594 0.936609
vt 0.331008 0.937149
vt 0.332781 0.93992
vt 0.38735 0.996032
vt 0.243833 0.935507
vt 0.246008 0.935505
vt 0.330641 0.533301
vt 0.325365 0.533287
vt 0.331482 0.530478
vt 0.243652 0.534487
vt 0.385605 0.473422
vt 0.245822 0.534484
vt 0.163796 0.533423
vt 0.441443 0.533136
vt 0.440626 0.530336
vt 0.164413 0.936389
vt 0.440753 0.938995
vt 0.441515 0.93603
vt 0.863212 0.069919
vt 0.870665 0.069829
vt 0.864005 0.460468
vt 0.871456 0.460517
vt 0.588706 0.069972
vt 0.596212 0.070061
vt 0.588328 0.46059
vt 0.595781 0.460534
vt 0.860225 0.062886
vt 0.765546 0.063265
vt 0.852704 0.054733
vt 0.772472 0.055081
vt 0.762942 0.070663
vt 0.599096 0.063003
vt 0.664515 0.071119
vt 0.664674 0.063615
vt 0.863784 0.054309
vt 0.817692 0.007569
vt 0.812493 0.013
vt 0.679354 0.063628
vt 0.744646 0.063248
vt 0.679499 0.071131
vt 0.747173 0.070675
vt 0.807253 0.007617
vt 0.761792 0.054375
vt 0.672006 0.071154
vt 0.664151 0.459584
vt 0.671648 0.459547
vt 0.679146 0.459597
vt 0.864688 0.476062
vt 0.818885 0.523165
vt 0.853591 0.475717
vt 0.813648 0.517771
vt 0.598657 0.4676
vt 0.664301 0.467091
vt 0.861061 0.467515
vt 0.762728 0.460667
vt 0.765727 0.467687
vt 0.773302 0.475869
vt 0.808445 0.523196
vt 0.762153 0.476234
vt 0.678983 0.467104
vt 0.744908 0.467727
vt 0.747829 0.460673
vt 0.755278 0.46074
vt 0.755057 0.070639
vt 0.591367 0.06364
vt 0.867984 0.063504
vt 0.867139 0.060716
vt 0.812422 0.003968
vt 0.673095 0.064819
vt 0.670923 0.06482
vt 0.868802 0.466846
vt 0.590942 0.466924
vt 0.867998 0.469636
vt 0.67273 0.465885
vt 0.813672 0.526817
vt 0.670554 0.465884
vt 0.752641 0.467067
vt 0.757966 0.467056
vt 0.758809 0.469834
vt 0.752481 0.06401
vt 0.758475 0.060962
vt 0.757654 0.064021
usemtl TriangleSG
f 625/861/464 626/862/465 627/863/466
f 627/863/466 626/862/465 628/864/467
f 626/865/465 629/866/468 628/867/467
f 628/867/467 629/866/468 630/868/469
f 631/869/470 632/870/471 633/871/472
f 633/871/472 632/870/471 634/872/473
f 625/861/464 635/873/474 631/869/470
f 631/869/470 635/873/474 632/870/471
f 629/866/468 636/874/475 637/875/476
f 637/875/476 636/874/475 638/876/477
f 636/877/475 633/871/472 638/878/477
f 638/878/477 633/871/472 639/879/478
f 640/880/479 641/881/480 642/882/481
f 642/882/481 641/881/480 643/883/482
f 639/879/478 634/872/473 640/884/479
f 640/884/479 634/872/473 641/885/480
f 637/875/476 644/886/483 645/887/484
f 645/887/484 644/886/483 646/888/485
f 644/886/483 642/882/481 646/888/485
f 646/888/485 642/882/481 647/889/486
f 648/890/487 649/891/488 650/892/489
f 650/892/489 649/891/488 651/893/490
f 630/868/469 645/887/484 648/894/487
f 648/894/487 645/887/484 649/895/488
f 627/863/466 652/896/491 653/897/492
f 653/897/492 652/896/491 654/898/493
f 650/892/489 655/899/494 652/896/491
f 652/896/491 655/899/494 654/898/493
f 651/893/490 656/900/495 655/899/494
f 655/899/494 656/900/495 657/901/496
f 656/902/495 647/889/486 657/903/496
f 657/903/496 647/889/486 658/904/497
f 653/897/492 659/905/498 635/873/474
f 635/873/474 659/905/498 660/906/499
f 659/905/498 658/904/497 660/906/499
f 660/906/499 658/904/497 643/883/482
f 629/866/468 637/875/476 630/868/469
f 630/868/469 637/875/476 645/887/484
f 650/892/489 651/893/490 655/899/494
f 653/897/492 635/873/474 627/863/466
f 627/863/466 635/873/474 625/861/464
f 633/871/472 634/872/473 639/879/478
f 642/882/481 643/883/482 647/889/486
f 647/889/486 643/883/482 658/904/497
f 636/874/475 629/866/468 661/907/500
f 661/907/500 629/866/468 626/865/465
f 626/862/465 625/861/464 661/908/500
f 661/908/500 625/861/464 631/869/470
f 633/871/472 636/877/475 631/869/470
f 631/869/470 636/877/475 661/909/500
f 638/878/477 639/879/478 662/910/501
f 662/910/501 639/879/478 640/884/479
f 640/880/479 642/882/481 662/911/501
f 662/911/501 642/882/481 644/886/483
f 644/886/483 637/875/476 662/912/501
f 662/912/501 637/875/476 638/876/477
f 652/896/491 627/863/466 663/913/502
f 663/913/502 627/863/466 628/864/467
f 628/867/467 630/868/469 663/914/502
f 663/914/502 630/868/469 648/894/487
f 650/892/489 652/896/491 648/890/487
f 648/890/487 652/896/491 663/915/502
f 646/888/485 647/889/486 664/916/503
f 664/916/503 647/889/486 656/902/495
f 656/900/495 651/893/490 664/917/503
f 664/917/503 651/893/490 649/891/488
f 649/895/488 645/887/484 664/918/503
f 664/918/503 645/887/484 646/888/485
f 657/903/496 658/904/497 665/919/504
f 665/919/504 658/904/497 659/905/498
f 659/905/498 653/897/492 665/920/504
f 665/920/504 653/897/492 654/898/493
f 655/899/494 657/901/496 654/898/493
f 654/898/493 657/901/496 665/921/504
f 660/906/499 643/883/482 666/922/505
f 666/922/505 643/883/482 641/881/480
f 634/872/473 632/870/471 641/885/480
f 641/885/480 632/870/471 666/923/505
f 632/870/471 635/873/474 666/924/505
f 666/924/505 635/873/474 660/906/499
f 667/925/506 668/926/507 669/927/508
f 669/927/508 668/926/507 670/928/509
f 668/926/507 671/929/510 670/928/509
f 670/928/509 671/929/510 672/930/511
f 673/931/512 674/932/513 675/933/514
f 675/933/514 674/932/513 676/934/515
f 667/925/506 677/935/516 673/931/512
f 673/931/512 677/935/516 674/932/513
f 671/929/510 678/936/517 679/937/518
f 679/937/518 678/936/517 680/938/519
f 678/939/517 675/933/514 680/940/519
f 680/940/519 675/933/514 681/941/520
f 682/942/521 683/943/522 684/944/523
f 684/944/523 683/943/522 685/945/524
f 681/941/520 676/934/515 682/946/521
f 682/946/521 676/934/515 683/947/522
f 679/937/518 686/948/525 687/949/526
f 687/949/526 686/948/525 688/950/527
f 686/948/525 684/944/523 688/950/527
f 688/950/527 684/944/523 689/951/528
f 690/952/529 691/953/530 692/954/531
f 692/954/531 691/953/530 693/955/532
f 672/930/511 687/949/526 690/956/529
f 690/956/529 687/949/526 691/957/530
f 669/927/508 694/958/533 695/959/534
f 695/959/534 694/958/533 696/960/535
f 692/954/531 697/961/536 694/958/533
f 694/958/533 697/961/536 696/960/535
f 693/955/532 698/962/537 697/961/536
f 697/961/536 698/962/537 699/963/538
f 698/964/537 689/951/528 699/965/538
f 699/965/538 689/951/528 700/966/539
f 695/959/534 701/967/540 677/935/516
f 677/935/516 701/967/540 702/968/541
f 701/969/540 700/966/539 702/970/541
f 702/970/541 700/966/539 685/945/524
f 671/929/510 679/937/518 672/930/511
f 672/930/511 679/937/518 687/949/526
f 692/954/531 693/955/532 697/961/536
f 695/959/534 677/935/516 669/927/508
f 669/927/508 677/935/516 667/925/506
f 675/933/514 676/934/515 681/941/520
f 684/944/523 685/945/524 689/951/528
f 689/951/528 685/945/524 700/966/539
f 678/936/517 671/929/510 703/971/542
f 703/971/542 671/929/510 668/926/507
f 668/926/507 667/925/506 703/972/542
f 703/972/542 667/925/506 673/931/512
f 675/933/514 678/939/517 673/931/512
f 673/931/512 678/939/517 703/973/542
f 680/940/519 681/941/520 704/974/543
f 704/974/543 681/941/520 682/946/521
f 682/942/521 684/944/523 704/975/543
f 704/975/543 684/944/523 686/948/525
f 686/948/525 679/937/518 704/976/543
f 704/976/543 679/937/518 680/938/519
f 694/958/533 669/927/508 705/977/544
f 705/977/544 669/927/508 670/928/509
f 670/928/509 672/930/511 705/978/544
f 705/978/544 672/930/511 690/956/529
f 692/954/531 694/958/533 690/952/529
f 690/952/529 694/958/533 705/979/544
f 688/950/527 689/951/528 706/980/545
f 706/980/545 689/951/528 698/964/537
f 698/962/537 693/955/532 706/981/545
f 706/981/545 693/955/532 691/953/530
f 691/957/530 687/949/526 706/982/545
f 706/982/545 687/949/526 688/950/527
f 699/965/538 700/966/539 707/983/546
f 707/983/546 700/966/539 701/969/540
f 701/967/540 695/959/534 707/984/546
f 707/984/546 695/959/534 696/960/535
f 697/961/536 699/963/538 696/960/535
f 696/960/535 699/963/538 707/985/546
f 702/970/541 685/945/524 708/986/547
f 708/986/547 685/945/524 683/943/522
f 676/934/515 674/932/513 683/947/522
f 683/947/522 674/932/513 708/987/547
f 674/932/513 677/935/516 708/988/547
f 708/988/547 677/935/516 702/968/541
f 709/989/548 710/990/549 711/991/550
f 711/991/550 710/990/549 712/992/551
f 710/990/549 713/993/552 712/992/551
f 712/992/551 713/993/552 714/994/553
f 715/995/554 716/996/555 717/997/556
f 717/997/556 716/996/555 718/998/557
f 709/989/548 719/999/558 715/995/554
f 715/995/554 719/999/558 716/996/555
f 713/993/552 720/1000/559 721/1001/560
f 721/1001/560 720/1000/559 722/1002/561
f 720/1003/559 717/997/556 722/1004/561
f 722/1004/561 717/997/556 723/1005/562
f 724/1006/563 725/1007/564 726/1008/565
f 726/1008/565 725/1007/564 727/1009/566
f 723/1005/562 718/998/557 724/1010/563
f 724/1010/563 718/998/557 725/1011/564
f 721/1001/560 728/1012/567 729/1013/568
f 729/1013/568 728/1012/567 730/1014/569
f 728/1012/567 726/1008/565 730/1014/569
f 730/1014/569 726/1008/565 731/1015/570
f 732/1016/571 733/1017/572 734/1018/573
f 734/1018/573 733/1017/572 735/1019/574
f 714/994/553 729/1013/568 732/1020/571
f 732/1020/571 729/1013/568 733/1021/572
f 711/991/550 736/1022/575 737/1023/576
f 737/1023/576 736/1022/575 738/1024/577
f 734/1018/573 739/1025/578 736/1022/575
f 736/1022/575 739/1025/578 738/1024/577
f 735/1019/574 740/1026/579 739/1025/578
f 739/1025/578 740/1026/579 741/1027/580
f 740/1028/579 731/1015/570 741/1029/580
f 741/1029/580 731/1015/570 742/1030/581
f 737/1023/576 743/1031/582 719/999/558
f 719/999/558 743/1031/582 744/1032/583
f 743/1033/582 742/1030/581 744/1034/583
f 744/1034/583 742/1030/581 727/1009/566
f 713/993/552 721/1001/560 714/994/553
f 714/994/553 721/1001/560 729/1013/568
f 734/1018/573 735/1019/574 739/1025/578
f 737/1023/576 719/999/558 711/991/550
f 711/991/550 719/999/558 709/989/548
f 717/997/556 718/998/557 723/1005/562
f 726/1008/565 727/1009/566 731/1015/570
f 731/1015/570 727/1009/566 742/1030/581
f 720/1000/559 713/993/552 745/1035/584
f 745/1035/584 713/993/552 710/990/549
f 710/990/549 709/989/548 745/1036/584
f 745/1036/584 709/989/548 715/995/554
f 717/997/556 720/1003/559 715/995/554
f 715/995/554 720/1003/559 745/1037/584
f 722/1004/561 723/1005/562 746/1038/585
f 746/1038/585 723/1005/562 724/1010/563
f 724/1006/563 726/1008/565 746/1039/585
f 746/1039/585 726/1008/565 728/1012/567
f 728/1012/567 721/1001/560 746/1040/585
f 746/1040/585 721/1001/560 722/1002/561
f 736/1022/575 711/991/550 747/1041/586
f 747/1041/586 711/991/550 712/992/551
f 712/992/551 714/994/553 747/1042/586
f 747/1042/586 714/994/553 732/1020/571
f 734/1018/573 736/1022/575 732/1016/571
f 732/1016/571 736/1022/575 747/1043/586
f 730/1014/569 731/1015/570 748/1044/587
f 748/1044/587 731/1015/570 740/1028/579
f 740/1026/579 735/1019/574 748/1045/587
f 748/1045/587 735/1019/574 733/1017/572
f 733/1021/572 729/1013/568 748/1046/587
f 748/1046/587 729/1013/568 730/1014/569
f 741/1029/580 742/1030/581 749/1047/588
f 749/1047/588 742/1030/581 743/1033/582
f 743/1031/582 737/1023/576 749/1048/588
f 749/1048/588 737/1023/576 738/1024/577
f 739/1025/578 741/1027/580 738/1024/577
f 738/1024/577 741/1027/580 749/1049/588
f 744/1034/583 727/1009/566 750/1050/589
f 750/1050/589 727/1009/566 725/1007/564
f 718/998/557 716/996/555 725/1011/564
f 725/1011/564 716/996/555 750/1051/589
f 716/996/555 719/999/558 750/1052/589
f 750/1052/589 719/999/558 744/1032/583
f 751/1053/590 752/1054/591 753/1055/592
f 753/1055/592 752/1054/591 754/1056/593
f 752/1057/591 755/1058/594 754/1059/593
f 754/1059/593 755/1058/594 756/1060/595
f 757/1061/596 758/1062/597 759/1063/598
f 759/1063/598 758/1062/597 760/1064/599
f 751/1053/590 761/1065/600 757/1061/596
f 757/1061/596 761/1065/600 758/1062/597
f 755/1058/594 762/1066/601 763/1067/602
f 763/1067/602 762/1066/601 764/1068/603
f 762/1069/601 759/1063/598 764/1070/603
f 764/1070/603 759/1063/598 765/1071/604
f 766/1072/605 767/1073/606 768/1074/607
f 768/1074/607 767/1073/606 769/1075/608
f 765/1071/604 760/1064/599 766/1076/605
f 766/1076/605 760/1064/599 767/1077/606
f 763/1067/602 770/1078/609 771/1079/610
f 771/1079/610 770/1078/609 772/1080/611
f 770/1078/609 768/1074/607 772/1080/611
f 772/1080/611 768/1074/607 773/1081/612
f 774/1082/613 775/1083/614 776/1084/615
f 776/1084/615 775/1083/614 777/1085/616
f 756/1060/595 771/1079/610 774/1086/613
f 774/1086/613 771/1079/610 775/1087/614
f 753/1055/592 778/1088/617 779/1089/618
f 779/1089/618 778/1088/617 780/1090/619
f 776/1084/615 781/1091/620 778/1088/617
f 778/1088/617 781/1091/620 780/1090/619
f 777/1085/616 782/1092/621 781/1091/620
f 781/1091/620 782/1092/621 783/1093/622
f 782/1094/621 773/1081/612 783/1095/622
f 783/1095/622 773/1081/612 784/1096/623
f 779/1089/618 785/1097/624 761/1065/600
f 761/1065/600 785/1097/624 786/1098/625
f 785/1097/624 784/1096/623 786/1098/625
f 786/1098/625 784/1096/623 769/1075/608
f 755/1058/594 763/1067/602 756/1060/595
f 756/1060/595 763/1067/602 771/1079/610
f 776/1084/615 777/1085/616 781/1091/620
f 779/1089/618 761/1065/600 753/1055/592
f 753/1055/592 761/1065/600 751/1053/590
f 759/1063/598 760/1064/599 765/1071/604
f 768/1074/607 769/1075/608 773/1081/612
f 773/1081/612 769/1075/608 784/1096/623
f 762/1066/601 755/1058/594 787/1099/626
f 787/1099/626 755/1058/594 752/1057/591
f 752/1054/591 751/1053/590 787/1100/626
f 787/1100/626 751/1053/590 757/1061/596
f 759/1063/598 762/1069/601 757/1061/596
f 757/1061/596 762/1069/601 787/1101/626
f 764/1070/603 765/1071/604 788/1102/627
f 788/1102/627 765/1071/604 766/1076/605
f 766/1072/605 768/1074/607 788/1103/627
f 788/1103/627 768/1074/607 770/1078/609
f 770/1078/609 763/1067/602 788/1104/627
f 788/1104/627 763/1067/602 764/1068/603
f 778/1088/617 753/1055/592 789/1105/628
f 789/1105/628 753/1055/592 754/1056/593
f 754/1059/593 756/1060/595 789/1106/628
f 789/1106/628 756/1060/595 774/1086/613
f 776/1084/615 778/1088/617 774/1082/613
f 774/1082/613 778/1088/617 789/1107/628
f 772/1080/611 773/1081/612 790/1108/629
f 790/1108/629 773/1081/612 782/1094/621
f 782/1092/621 777/1085/616 790/1109/629
f 790/1109/629 777/1085/616 775/1083/614
f 775/1087/614 771/1079/610 790/1110/629
f 790/1110/629 771/1079/610 772/1080/611
f 783/1095/622 784/1096/623 791/1111/630
f 791/1111/630 784/1096/623 785/1097/624
f 785/1097/624 779/1089/618 791/1112/630
f 791/1112/630 779/1089/618 780/1090/619
f 781/1091/620 783/1093/622 780/1090/619
f 780/1090/619 783/1093/622 791/1113/630
f 786/1098/625 769/1075/608 792/1114/631
f 792/1114/631 769/1075/608 767/1073/606
f 760/1064/599 758/1062/597 767/1077/606
f 767/1077/606 758/1062/597 792/1115/631
f 758/1062/597 761/1065/600 792/1116/631
f 792/1116/631 761/1065/600 786/1098/625
s off
g IchigoAme_GrapeBox_LongSG
v 0.658432 0.604303 1.01133
v 0.668564 0.604303 1.03579
v 0.658432 0.994764 1.01133
v 0.668564 0.994764 1.03579
v 0.693027 0.604303 1.04593
v 0.693027 0.994764 1.04593
v 0.693027 0.569708 1.01133
v 0.668564 0.579841 1.01133
v 0.693027 0.569708 -1.01134
v 0.668564 0.579841 -1.01134
v 0.658432 0.604303 -1.01134
v 0.693027 0.579841 1.03579
v 0.796833 0.604303 1.04593
v 0.796833 0.579841 1.03579
v 0.796833 0.569708 1.01133
v 0.693027 0.604303 -1.04593
v 0.668564 0.604303 -1.03579
v 0.693027 0.994764 -1.04593
v 0.668564 0.994764 -1.03579
v 0.658432 0.994764 -1.01134
v 0.693027 0.579841 -1.03579
v 0.796833 0.569708 -1.01134
v 0.796833 0.579841 -1.03579
v 0.796833 0.604303 -1.04593
v 0.821297 0.604303 1.03579
v 0.796833 0.994764 1.04593
v 0.821297 0.994764 1.03579
v 0.831429 0.604303 1.01133
v 0.831429 0.994764 1.01133
v 0.821297 0.579841 1.01133
v 0.831429 0.604303 -1.01134
v 0.821297 0.579841 -1.01134
v 0.821297 0.604303 -1.03579
v 0.831429 0.994764 -1.01134
v 0.821297 0.994764 -1.03579
v 0.796833 0.994764 -1.04593
v 0.796833 1.01923 1.03579
v 0.693027 1.01923 1.03579
v 0.796833 1.02936 1.01133
v 0.693027 1.02936 1.01133
v 0.821297 1.01923 1.01133
v 0.796833 1.02936 -1.01134
v 0.821297 1.01923 -1.01134
v 0.796833 1.01923 -1.03579
v 0.693027 1.02936 -1.01134
v 0.693027 1.01923 -1.03579
v 0.668564 1.01923 1.01133
v 0.668564 1.01923 -1.01134
v 0.673061 0.584336 1.0313
v 0.673061 0.584336 -1.0313
v 0.816799 0.584336 1.0313
v 0.816799 0.584336 -1.0313
v 0.816799 1.01473 1.0313
v 0.816799 1.01473 -1.0313
v 0.673061 1.01473 1.0313
v 0.673061 1.01473 -1.0313
v 0.658432 0.034596 1.01133
v 0.668564 0.034596 1.03579
v 0.658432 0.425056 1.01133
v 0.668564 0.425056 1.03579
v 0.693027 0.034596 1.04593
v 0.693027 0.425056 1.04593
v 0.693027 0 1.01133
v 0.668564 0.010133 1.01133
v 0.693027 0 -1.01134
v 0.668564 0.010133 -1.01134
v 0.658432 0.034596 -1.01134
v 0.693027 0.010133 1.03579
v 0.796833 0.034596 1.04593
v 0.796833 0.010133 1.03579
v 0.796833 0 1.01133
v 0.693027 0.034596 -1.04593
v 0.668564 0.034596 -1.03579
v 0.693027 0.425056 -1.04593
v 0.668564 0.425056 -1.03579
v 0.658432 0.425056 -1.01134
v 0.693027 0.010133 -1.03579
v 0.796833 0 -1.01134
v 0.796833 0.010133 -1.03579
v 0.796833 0.034596 -1.04593
v 0.821297 0.034596 1.03579
v 0.796833 0.425056 1.04593
v 0.821297 0.425056 1.03579
v 0.831429 0.034596 1.01133
v 0.831429 0.425056 1.01133
v 0.821297 0.010133 1.01133
v 0.831429 0.034596 -1.01134
v 0.821297 0.010133 -1.01134
v 0.821297 0.034596 -1.03579
v 0.831429 0.425056 -1.01134
v 0.821297 0.425056 -1.03579
v 0.796833 0.425056 -1.04593
v 0.796833 0.449519 1.03579
v 0.693027 0.449519 1.03579
v 0.796833 0.459652 1.01133
v 0.693027 0.459652 1.01133
v 0.821297 0.449519 1.01133
v 0.796833 0.459652 -1.01134
v 0.821297 0.449519 -1.01134
v 0.796833 0.449519 -1.03579
v 0.693027 0.459652 -1.01134
v 0.693027 0.449519 -1.03579
v 0.668564 0.449519 1.01133
v 0.668564 0.449519 -1.01134
v 0.673061 0.014629 1.0313
v 0.673061 0.014629 -1.0313
v 0.816799 0.014629 1.0313
v 0.816799 0.014629 -1.0313
v 0.816799 0.445023 1.0313
v 0.816799 0.445023 -1.0313
v 0.673061 0.445023 1.0313
v 0.673061 0.445023 -1.0313
v -0.658428 0.604303 -1.01134
v -0.66856 0.604303 -1.03579
v -0.658428 0.994764 -1.01134
v -0.66856 0.994764 -1.03579
v -0.693024 0.604303 -1.04593
v -0.693024 0.994764 -1.04593
v -0.693024 0.569708 -1.01134
v -0.66856 0.579841 -1.01134
v -0.693024 0.569708 1.01133
v -0.66856 0.579841 1.01133
v -0.658428 0.604303 1.01133
v -0.693024 0.579841 -1.03579
v -0.796833 0.604303 -1.04593
v -0.796833 0.579841 -1.03579
v -0.796833 0.569708 -1.01134
v -0.693024 0.604303 1.04593
v -0.66856 0.604303 1.03579
v -0.693024 0.994764 1.04593
v -0.66856 0.994764 1.03579
v -0.658428 0.994764 1.01133
v -0.693024 0.579841 1.03579
v -0.796833 0.569708 1.01133
v -0.796833 0.579841 1.03579
v -0.796833 0.604303 1.04593
v -0.821297 0.604303 -1.03579
v -0.796833 0.994764 -1.04593
v -0.821297 0.994764 -1.03579
v -0.831425 0.604303 -1.01134
v -0.831425 0.994764 -1.01134
v -0.821297 0.579841 -1.01134
v -0.831425 0.604303 1.01133
v -0.821297 0.579841 1.01133
v -0.821297 0.604303 1.03579
v -0.831425 0.994764 1.01133
v -0.821297 0.994764 1.03579
v -0.796833 0.994764 1.04593
v -0.796833 1.01923 -1.03579
v -0.693024 1.01923 -1.03579
v -0.796833 1.02936 -1.01134
v -0.693024 1.02936 -1.01134
v -0.821297 1.01923 -1.01134
v -0.796833 1.02936 1.01133
v -0.821297 1.01923 1.01133
v -0.796833 1.01923 1.03579
v -0.693024 1.02936 1.01133
v -0.693024 1.01923 1.03579
v -0.66856 1.01923 -1.01134
v -0.66856 1.01923 1.01133
v -0.673058 0.584336 -1.0313
v -0.673058 0.584336 1.0313
v -0.816799 0.584336 -1.0313
v -0.816799 0.584336 1.0313
v -0.816799 1.01473 -1.0313
v -0.816799 1.01473 1.0313
v -0.673058 1.01473 -1.0313
v -0.673058 1.01473 1.0313
v -0.658428 0.034596 -1.01134
v -0.66856 0.034596 -1.03579
v -0.658428 0.425056 -1.01134
v -0.66856 0.425056 -1.03579
v -0.693024 0.034596 -1.04593
v -0.693024 0.425056 -1.04593
v -0.693024 0 -1.01134
v -0.66856 0.010133 -1.01134
v -0.693024 0 1.01133
v -0.66856 0.010133 1.01133
v -0.658428 0.034596 1.01133
v -0.693024 0.010133 -1.03579
v -0.796833 0.034596 -1.04593
v -0.796833 0.010133 -1.03579
v -0.796833 0 -1.01134
v -0.693024 0.034596 1.04593
v -0.66856 0.034596 1.03579
v -0.693024 0.425056 1.04593
v -0.66856 0.425056 1.03579
v -0.658428 0.425056 1.01133
v -0.693024 0.010133 1.03579
v -0.796833 0 1.01133
v -0.796833 0.010133 1.03579
v -0.796833 0.034596 1.04593
v -0.821297 0.034596 -1.03579
v -0.796833 0.425056 -1.04593
v -0.821297 0.425056 -1.03579
v -0.831425 0.034596 -1.01134
v -0.831425 0.425056 -1.01134
v -0.821297 0.010133 -1.01134
v -0.831425 0.034596 1.01133
v -0.821297 0.010133 1.01133
v -0.821297 0.034596 1.03579
v -0.831425 0.425056 1.01133
v -0.821297 0.425056 1.03579
v -0.796833 0.425056 1.04593
v -0.796833 0.449519 -1.03579
v -0.693024 0.449519 -1.03579
v -0.796833 0.459652 -1.01134
v -0.693024 0.459652 -1.01134
v -0.821297 0.449519 -1.01134
v -0.796833 0.459652 1.01133
v -0.821297 0.449519 1.01133
v -0.796833 0.449519 1.03579
v -0.693024 0.459652 1.01133
v -0.693024 0.449519 1.03579
v -0.66856 0.449519 -1.01134
v -0.66856 0.449519 1.01133
v -0.673058 0.014629 -1.0313
v -0.673058 0.014629 1.0313
v -0.816799 0.014629 -1.0313
v -0.816799 0.014629 1.0313
v -0.816799 0.445023 -1.0313
v -0.816799 0.445023 1.0313
v -0.673058 0.445023 -1.0313
v -0.673058 0.445023 1.0313
vn -0.999693 -0.024314 0.004848
vn -0.707003 -0.016583 0.707017
vn -0.999693 0.024314 0.004848
vn -0.707003 0.016583 0.707016
vn -0.077349 -0.022801 0.996743
vn -0.07735 0.022801 0.996743
vn -0.078472 -0.996906 0.004612
vn -0.707095 -0.707111 0.003319
vn -0.078472 -0.996906 -0.004612
vn -0.707095 -0.707111 -0.003319
vn -0.999693 -0.024314 -0.004848
vn -0.055582 -0.706011 0.706017
vn 0.07735 -0.022801 0.996743
vn 0.055583 -0.706013 0.706014
vn 0.078473 -0.996906 0.004612
vn -0.077348 -0.022801 -0.996743
vn -0.706954 -0.01658 -0.707066
vn -0.077348 0.022801 -0.996743
vn -0.706953 0.016581 -0.707066
vn -0.999693 0.024314 -0.004848
vn -0.055568 -0.705975 -0.706054
vn 0.078473 -0.996906 -0.004612
vn 0.055566 -0.705972 -0.706057
vn 0.077348 -0.022801 -0.996743
vn 0.707003 -0.016583 0.707016
vn 0.077349 0.022801 0.996743
vn 0.707003 0.016582 0.707016
vn 0.999693 -0.024314 0.004848
vn 0.999693 0.024314 0.004848
vn 0.707114 -0.707092 0.003319
vn 0.999693 -0.024314 -0.004848
vn 0.707114 -0.707092 -0.003319
vn 0.706953 -0.016582 -0.707066
vn 0.999693 0.024314 -0.004848
vn 0.706954 0.016582 -0.707066
vn 0.077348 0.022801 -0.996744
vn 0.055581 0.706013 0.706015
vn -0.055582 0.706011 0.706016
vn 0.078477 0.996905 0.004612
vn -0.078476 0.996905 0.004612
vn 0.707118 0.707087 0.003319
vn 0.078477 0.996905 -0.004612
vn 0.707119 0.707087 -0.003319
vn 0.055568 0.705972 -0.706056
vn -0.078476 0.996905 -0.004612
vn -0.055566 0.705974 -0.706055
vn -0.707099 0.707106 0.003319
vn -0.707099 0.707106 -0.003319
vn -0.577359 -0.577344 0.577348
vn -0.577326 -0.577315 -0.57741
vn 0.577363 -0.57735 0.577338
vn 0.577311 -0.577322 -0.577418
vn 0.577358 0.577347 0.577345
vn 0.577325 0.577315 -0.577411
vn -0.57737 0.577337 0.577344
vn -0.577311 0.57732 -0.57742
vn -0.707003 -0.016583 0.707016
vn -0.707099 -0.707106 0.003319
vn -0.7071 -0.707106 -0.003319
vn -0.055584 -0.706011 0.706016
vn 0.055584 -0.706013 0.706015
vn -0.077366 -0.022801 -0.996742
vn -0.706978 -0.01658 -0.707042
vn -0.077366 0.022801 -0.996742
vn -0.706978 0.01658 -0.707042
vn 0.055569 -0.705972 -0.706056
vn 0.077366 -0.022801 -0.996742
vn 0.07735 0.022801 0.996743
vn 0.707119 -0.707087 0.003319
vn 0.707119 -0.707087 -0.003319
vn 0.706978 -0.016581 -0.707042
vn 0.706978 0.016582 -0.707042
vn 0.077366 0.022801 -0.996742
vn 0.055583 0.706007 0.70602
vn -0.055583 0.706006 0.706022
vn 0.078473 0.996906 0.004612
vn -0.078472 0.996906 0.004612
vn 0.707119 0.707087 0.003319
vn 0.078473 0.996906 -0.004612
vn 0.055568 0.705967 -0.706062
vn -0.078472 0.996906 -0.004612
vn -0.055569 0.705969 -0.70606
vn -0.577353 -0.577341 0.577357
vn -0.577319 -0.57731 -0.577422
vn 0.577355 -0.577345 0.57735
vn 0.577314 -0.577315 -0.577422
vn 0.577352 0.577341 0.577357
vn 0.577316 0.57731 -0.577425
vn -0.577359 0.577334 0.577357
vn -0.577313 0.577312 -0.577426
vn 0.706953 -0.016585 -0.707066
vn 0.706953 0.016585 -0.707066
vn 0.077345 -0.022801 -0.996744
vn 0.077346 0.022801 -0.996744
vn 0.078471 -0.996906 -0.004612
vn 0.078471 -0.996906 0.004612
vn 0.055564 -0.705971 -0.706057
vn -0.077346 -0.022801 -0.996744
vn -0.055567 -0.705979 -0.706049
vn -0.078471 -0.996906 -0.004612
vn 0.077347 -0.022801 0.996743
vn 0.077347 0.022801 0.996743
vn 0.707003 0.016583 0.707016
vn 0.055581 -0.706011 0.706017
vn -0.078471 -0.996906 0.004612
vn -0.055579 -0.70601 0.706018
vn -0.077347 -0.022801 0.996743
vn -0.706992 -0.016582 -0.707028
vn -0.077345 0.022801 -0.996744
vn -0.706991 0.016582 -0.707028
vn -0.999693 -0.024309 -0.004846
vn -0.999693 0.024309 -0.004846
vn -0.707133 -0.707073 -0.003319
vn -0.999693 -0.024309 0.004846
vn -0.707133 -0.707073 0.003319
vn -0.707041 -0.016581 0.706978
vn -0.999693 0.024309 0.004846
vn -0.707041 0.016582 0.706978
vn -0.077347 0.022801 0.996743
vn -0.055562 0.705973 -0.706056
vn 0.055567 0.705967 -0.706062
vn 0.078475 0.996906 -0.004612
vn -0.707138 0.707068 -0.003319
vn -0.707138 0.707068 0.003319
vn -0.055581 0.706005 0.706023
vn 0.078475 0.996905 0.004612
vn 0.05558 0.706005 0.706023
vn 0.577306 -0.577331 -0.577413
vn 0.577361 -0.577357 0.577333
vn -0.577328 -0.577343 -0.57738
vn -0.577379 -0.577336 0.577335
vn -0.577315 0.577344 -0.577392
vn -0.577383 0.577337 0.577331
vn 0.577315 0.577333 -0.577403
vn 0.577355 0.577354 0.577342
vn 0.706978 -0.016584 -0.707042
vn 0.706977 0.016585 -0.707042
vn 0.077364 -0.022801 -0.996742
vn 0.077364 0.022801 -0.996742
vn 0.055567 -0.705969 -0.70606
vn -0.077364 -0.022801 -0.996742
vn -0.055567 -0.705976 -0.706052
vn 0.055582 -0.706008 0.70602
vn -0.055581 -0.706007 0.70602
vn -0.707016 -0.016582 -0.707003
vn -0.077364 0.022801 -0.996742
vn -0.707016 0.016581 -0.707003
vn -0.707138 -0.707068 -0.003319
vn -0.707138 -0.707068 0.003319
vn -0.055566 0.705978 -0.706051
vn 0.055567 0.705971 -0.706057
vn -0.078471 0.996906 -0.004612
vn 0.078471 0.996906 -0.004612
vn -0.078471 0.996906 0.004612
vn -0.055582 0.70601 0.706018
vn 0.078471 0.996906 0.004612
vn 0.055582 0.706009 0.706018
vn 0.57731 -0.577324 -0.577417
vn 0.577353 -0.577353 0.577346
vn -0.577321 -0.577339 -0.577391
vn -0.577374 -0.577334 0.577343
vn -0.57732 0.577337 -0.577394
vn -0.577375 0.577336 0.57734
vn 0.577306 0.577327 -0.577417
vn 0.577349 0.577348 0.577354
vt 0.920964 0.900147
vt 0.921135 0.910946
vt 0.762111 0.900757
vt 0.76206 0.911533
vt 0.518249 0.976236
vt 0.518279 0.965461
vt 0.677187 0.975646
vt 0.677075 0.96487
vt 0.943054 0.899452
vt 0.932286 0.89952
vt 0.938998 0.077012
vt 0.92823 0.07705
vt 0.917464 0.077119
vt 0.507486 0.965756
vt 0.518096 0.923258
vt 0.507294 0.923051
vt 0.942838 0.91026
vt 0.985597 0.910049
vt 0.985265 0.899243
vt 0.51452 0.015174
vt 0.514416 0.004413
vt 0.673171 0.014651
vt 0.673212 0.003896
vt 0.917503 0.066355
vt 0.758552 0.067109
vt 0.75869 0.077872
vt 0.938685 0.066217
vt 0.981206 0.076806
vt 0.981428 0.066006
vt 0.503739 0.014939
vt 0.503827 0.057626
vt 0.514615 0.05735
vt 0.517967 0.912482
vt 0.676914 0.922635
vt 0.676944 0.911859
vt 0.518003 0.901721
vt 0.676813 0.901088
vt 0.507233 0.901783
vt 0.514665 0.078892
vt 0.503896 0.078918
vt 0.996032 0.899205
vt 0.991972 0.076737
vt 0.514556 0.068123
vt 0.67342 0.078259
vt 0.673457 0.067514
vt 0.673334 0.056765
vt 0.687729 0.922332
vt 0.687897 0.965102
vt 0.698117 0.911807
vt 0.698351 0.901005
vt 0.740873 0.911641
vt 0.74057 0.900841
vt 0.687581 0.901063
vt 0.694953 0.078161
vt 0.684186 0.078194
vt 0.69464 0.067366
vt 0.737159 0.077969
vt 0.73739 0.067172
vt 0.68411 0.056981
vt 0.683939 0.014365
vt 0.751341 0.900816
vt 0.747925 0.077905
vt 0.509249 0.97472
vt 0.930672 0.909154
vt 0.933844 0.908545
vt 0.926586 0.067983
vt 0.505454 0.005983
vt 0.929722 0.068019
vt 0.508886 0.910854
vt 0.508983 0.914077
vt 0.994582 0.908231
vt 0.50557 0.06658
vt 0.505487 0.06982
vt 0.990409 0.06773
vt 0.689127 0.910074
vt 0.685953 0.91337
vt 0.686001 0.910148
vt 0.682431 0.065928
vt 0.685673 0.069166
vt 0.682526 0.069131
vt 0.752979 0.909885
vt 0.686179 0.974105
vt 0.749847 0.909842
vt 0.682189 0.005442
vt 0.749506 0.068828
vt 0.746373 0.068899
vt 0.240249 0.90305
vt 0.24034 0.913711
vt 0.081226 0.903561
vt 0.081176 0.914343
vt 0.323552 0.977894
vt 0.323618 0.967116
vt 0.482762 0.977751
vt 0.482682 0.966967
vt 0.259669 0.903263
vt 0.248878 0.90328
vt 0.259104 0.079562
vt 0.248321 0.079574
vt 0.237542 0.07962
vt 0.312812 0.967404
vt 0.32355 0.92483
vt 0.31274 0.924595
vt 0.259428 0.914094
vt 0.302225 0.914068
vt 0.301963 0.903247
vt 0.322862 0.015424
vt 0.322773 0.004626
vt 0.481959 0.015192
vt 0.482019 0.004395
vt 0.237595 0.068835
vt 0.078451 0.069305
vt 0.078567 0.080089
vt 0.258805 0.068715
vt 0.301379 0.079457
vt 0.301642 0.068624
vt 0.312042 0.015169
vt 0.312061 0.058026
vt 0.322899 0.057772
vt 0.32346 0.914032
vt 0.482642 0.924705
vt 0.482706 0.913919
vt 0.323539 0.903237
vt 0.482602 0.903136
vt 0.312752 0.903259
vt 0.322946 0.079411
vt 0.312163 0.079417
vt 0.322838 0.068593
vt 0.482017 0.079166
vt 0.482092 0.068356
vt 0.482004 0.057544
vt 0.493446 0.924447
vt 0.493476 0.967212
vt 0.017143 0.914579
vt 0.017392 0.903763
vt 0.05995 0.914446
vt 0.05966 0.903631
vt 0.006611 0.903813
vt 0.014748 0.080285
vt 0.003968 0.080304
vt 0.493386 0.903145
vt 0.492804 0.079139
vt 0.014442 0.069474
vt 0.057006 0.080153
vt 0.057231 0.069337
vt 0.492824 0.057777
vt 0.492803 0.014898
vt 0.070443 0.903612
vt 0.067787 0.080105
vt 0.314582 0.976366
vt 0.248308 0.911352
vt 0.250439 0.912337
vt 0.246672 0.070469
vt 0.313777 0.006148
vt 0.24979 0.070491
vt 0.31437 0.912395
vt 0.314442 0.915591
vt 0.311238 0.912309
vt 0.313792 0.067031
vt 0.31376 0.070299
vt 0.310637 0.070379
vt 0.00814 0.912835
vt 0.491717 0.915495
vt 0.491771 0.912236
vt 0.491115 0.066748
vt 0.005452 0.07126
vt 0.491187 0.069976
vt 0.072079 0.912698
vt 0.491751 0.976173
vt 0.068932 0.912655
vt 0.491061 0.005908
vt 0.06937 0.070996
vt 0.066239 0.071052
vt 0.740345 0.905791
vt 0.740426 0.916579
vt 0.581154 0.905795
vt 0.581085 0.916586
vt 0.740345 0.92737
vt 0.581176 0.92738
vt 0.762013 0.905777
vt 0.751212 0.905793
vt 0.761939 0.080691
vt 0.751137 0.080677
vt 0.740335 0.080696
vt 0.751166 0.92711
vt 0.740338 0.96964
vt 0.751155 0.969898
vt 0.761743 0.916612
vt 0.804624 0.916612
vt 0.804354 0.905775
vt 0.740342 0.059077
vt 0.740419 0.069888
vt 0.581022 0.059137
vt 0.580954 0.069939
vt 0.581049 0.080738
vt 0.76167 0.069859
vt 0.804285 0.080687
vt 0.804553 0.069847
vt 0.751179 0.059329
vt 0.751156 0.016448
vt 0.740317 0.016717
vt 0.740416 0.980431
vt 0.581217 0.969663
vt 0.581146 0.980453
vt 0.825867 0.916569
vt 0.825956 0.905771
vt 0.985322 0.916559
vt 0.985232 0.90576
vt 0.815156 0.905789
vt 0.825887 0.080687
vt 0.815087 0.08067
vt 0.825798 0.069885
vt 0.985166 0.080674
vt 0.985254 0.069874
vt 0.740388 0.005908
vt 0.580908 0.005991
vt 0.580991 0.016798
vt 0.570406 0.969928
vt 0.570362 0.927131
vt 0.516959 0.916637
vt 0.517218 0.905805
vt 0.559828 0.91663
vt 0.559556 0.9058
vt 0.506418 0.905822
vt 0.517108 0.080746
vt 0.506306 0.080733
vt 0.996032 0.905776
vt 0.995966 0.080656
vt 0.516835 0.069913
vt 0.559449 0.08074
vt 0.559715 0.069905
vt 0.570152 0.016548
vt 0.570185 0.059403
vt 0.570355 0.905813
vt 0.570249 0.080723
vt 0.749436 0.918133
vt 0.749557 0.914929
vt 0.752737 0.914844
vt 0.749525 0.071566
vt 0.74945 0.068328
vt 0.752669 0.071628
vt 0.816776 0.914893
vt 0.749422 0.978869
vt 0.813634 0.914838
vt 0.749414 0.007449
vt 0.816708 0.071568
vt 0.813568 0.071608
vt 0.507956 0.914876
vt 0.57215 0.978899
vt 0.994415 0.914882
vt 0.571879 0.007551
vt 0.507828 0.071686
vt 0.994351 0.071551
vt 0.571989 0.914922
vt 0.572085 0.91815
vt 0.568833 0.914865
vt 0.571929 0.068396
vt 0.571865 0.071624
vt 0.568724 0.071674
vt 0.014901 0.078569
vt 0.014822 0.067777
vt 0.174065 0.078617
vt 0.174147 0.067824
vt 0.014908 0.056981
vt 0.174065 0.057028
vt 0.482711 0.078595
vt 0.493511 0.078576
vt 0.48292 0.903689
vt 0.493722 0.903702
vt 0.004042 0.078548
vt 0.004009 0.903848
vt 0.014811 0.903829
vt 0.004091 0.057229
vt 0.014941 0.014698
vt 0.004132 0.014445
vt 0.482962 0.067747
vt 0.44009 0.067782
vt 0.440378 0.07861
vt 0.014808 0.925438
vt 0.014726 0.914631
vt 0.174106 0.925432
vt 0.174189 0.914618
vt 0.174107 0.903804
vt 0.483199 0.914521
vt 0.440572 0.903703
vt 0.440305 0.914541
vt 0.003968 0.925195
vt 0.004 0.968054
vt 0.014823 0.967781
vt 0.01487 0.003906
vt 0.174057 0.014737
vt 0.174137 0.003944
vt 0.41887 0.067821
vt 0.418784 0.078617
vt 0.259475 0.06783
vt 0.259565 0.078624
vt 0.429579 0.078597
vt 0.41897 0.903708
vt 0.42977 0.903723
vt 0.419066 0.914508
vt 0.259675 0.903774
vt 0.259589 0.914577
vt 0.014749 0.978585
vt 0.174158 0.97857
vt 0.174084 0.967768
vt 0.184866 0.014471
vt 0.184887 0.057288
vt 0.238241 0.067805
vt 0.237975 0.078622
vt 0.195389 0.067789
vt 0.195655 0.078618
vt 0.24877 0.078607
vt 0.238069 0.903784
vt 0.248872 0.903795
vt 0.238339 0.914633
vt 0.195714 0.903799
vt 0.19545 0.914645
vt 0.184915 0.968028
vt 0.18494 0.925178
vt 0.18486 0.078602
vt 0.18491 0.903817
vt 0.005808 0.066224
vt 0.0057 0.069427
vt 0.491954 0.06951
vt 0.005627 0.912947
vt 0.005704 0.916193
vt 0.492223 0.912739
vt 0.427931 0.069493
vt 0.005861 0.005478
vt 0.431074 0.069563
vt 0.005739 0.977032
vt 0.428152 0.912827
vt 0.431281 0.912785
vt 0.247236 0.069569
vt 0.183126 0.005512
vt 0.250371 0.069517
vt 0.183173 0.977011
vt 0.247357 0.912862
vt 0.2505 0.912905
vt 0.183235 0.069504
vt 0.183152 0.06626
vt 0.186382 0.06957
vt 0.183211 0.916185
vt 0.183292 0.91294
vt 0.186431 0.912887
usemtl LongSG
f 793/1117/632 794/1118/633 795/1119/634
f 795/1119/634 794/1118/633 796/1120/635
f 794/1121/633 797/1122/636 796/1123/635
f 796/1123/635 797/1122/636 798/1124/637
f 799/1125/638 800/1126/639 801/1127/640
f 801/1127/640 800/1126/639 802/1128/641
f 800/1126/639 793/1117/632 802/1128/641
f 802/1128/641 793/1117/632 803/1129/642
f 797/1122/636 804/1130/643 805/1131/644
f 805/1131/644 804/1130/643 806/1132/645
f 804/1133/643 799/1125/638 806/1134/645
f 806/1134/645 799/1125/638 807/1135/646
f 808/1136/647 809/1137/648 810/1138/649
f 810/1138/649 809/1137/648 811/1139/650
f 809/1140/648 803/1129/642 811/1141/650
f 811/1141/650 803/1129/642 812/1142/651
f 801/1127/640 813/1143/652 814/1144/653
f 814/1144/653 813/1143/652 815/1145/654
f 813/1146/652 808/1136/647 815/1147/654
f 815/1147/654 808/1136/647 816/1148/655
f 805/1131/644 817/1149/656 818/1150/657
f 818/1150/657 817/1149/656 819/1151/658
f 817/1149/656 820/1152/659 819/1151/658
f 819/1151/658 820/1152/659 821/1153/660
f 820/1152/659 822/1154/661 823/1155/662
f 823/1155/662 822/1154/661 824/1156/663
f 822/1157/661 807/1135/646 824/1158/663
f 824/1158/663 807/1135/646 814/1144/653
f 823/1155/662 825/1159/664 826/1160/665
f 826/1160/665 825/1159/664 827/1161/666
f 825/1159/664 816/1148/655 827/1161/666
f 827/1161/666 816/1148/655 828/1162/667
f 818/1150/657 829/1163/668 798/1124/637
f 798/1124/637 829/1163/668 830/1164/669
f 829/1165/668 831/1166/670 830/1167/669
f 830/1167/669 831/1166/670 832/1168/671
f 831/1166/670 833/1169/672 834/1170/673
f 834/1170/673 833/1169/672 835/1171/674
f 833/1169/672 821/1153/660 835/1171/674
f 835/1171/674 821/1153/660 826/1160/665
f 834/1170/673 836/1172/675 837/1173/676
f 837/1173/676 836/1172/675 838/1174/677
f 836/1175/675 828/1162/667 838/1176/677
f 838/1176/677 828/1162/667 810/1138/649
f 795/1119/634 839/1177/678 812/1142/651
f 812/1142/651 839/1177/678 840/1178/679
f 839/1177/678 832/1168/671 840/1178/679
f 840/1178/679 832/1168/671 837/1173/676
f 799/1125/638 801/1127/640 807/1135/646
f 807/1135/646 801/1127/640 814/1144/653
f 820/1152/659 823/1155/662 821/1153/660
f 821/1153/660 823/1155/662 826/1160/665
f 831/1166/670 834/1170/673 832/1168/671
f 832/1168/671 834/1170/673 837/1173/676
f 795/1119/634 812/1142/651 793/1117/632
f 793/1117/632 812/1142/651 803/1129/642
f 808/1136/647 810/1138/649 816/1148/655
f 816/1148/655 810/1138/649 828/1162/667
f 798/1124/637 797/1122/636 818/1150/657
f 818/1150/657 797/1122/636 805/1131/644
f 804/1130/643 797/1122/636 841/1179/680
f 841/1179/680 797/1122/636 794/1121/633
f 794/1118/633 793/1117/632 841/1180/680
f 841/1180/680 793/1117/632 800/1126/639
f 800/1126/639 799/1125/638 841/1181/680
f 841/1181/680 799/1125/638 804/1133/643
f 802/1128/641 803/1129/642 842/1182/681
f 842/1182/681 803/1129/642 809/1140/648
f 809/1137/648 808/1136/647 842/1183/681
f 842/1183/681 808/1136/647 813/1146/652
f 813/1143/652 801/1127/640 842/1184/681
f 842/1184/681 801/1127/640 802/1128/641
f 822/1154/661 820/1152/659 843/1185/682
f 843/1185/682 820/1152/659 817/1149/656
f 817/1149/656 805/1131/644 843/1186/682
f 843/1186/682 805/1131/644 806/1132/645
f 806/1134/645 807/1135/646 843/1187/682
f 843/1187/682 807/1135/646 822/1157/661
f 815/1147/654 816/1148/655 844/1188/683
f 844/1188/683 816/1148/655 825/1159/664
f 825/1159/664 823/1155/662 844/1189/683
f 844/1189/683 823/1155/662 824/1156/663
f 824/1158/663 814/1144/653 844/1190/683
f 844/1190/683 814/1144/653 815/1145/654
f 833/1169/672 831/1166/670 845/1191/684
f 845/1191/684 831/1166/670 829/1165/668
f 829/1163/668 818/1150/657 845/1192/684
f 845/1192/684 818/1150/657 819/1151/658
f 819/1151/658 821/1153/660 845/1193/684
f 845/1193/684 821/1153/660 833/1169/672
f 827/1161/666 828/1162/667 846/1194/685
f 846/1194/685 828/1162/667 836/1175/675
f 836/1172/675 834/1170/673 846/1195/685
f 846/1195/685 834/1170/673 835/1171/674
f 835/1171/674 826/1160/665 846/1196/685
f 846/1196/685 826/1160/665 827/1161/666
f 839/1177/678 795/1119/634 847/1197/686
f 847/1197/686 795/1119/634 796/1120/635
f 796/1123/635 798/1124/637 847/1198/686
f 847/1198/686 798/1124/637 830/1164/669
f 830/1167/669 832/1168/671 847/1199/686
f 847/1199/686 832/1168/671 839/1177/678
f 838/1176/677 810/1138/649 848/1200/687
f 848/1200/687 810/1138/649 811/1139/650
f 811/1141/650 812/1142/651 848/1201/687
f 848/1201/687 812/1142/651 840/1178/679
f 840/1178/679 837/1173/676 848/1202/687
f 848/1202/687 837/1173/676 838/1174/677
f 849/1203/632 850/1204/688 851/1205/634
f 851/1205/634 850/1204/688 852/1206/635
f 850/1207/688 853/1208/636 852/1209/635
f 852/1209/635 853/1208/636 854/1210/637
f 855/1211/638 856/1212/689 857/1213/640
f 857/1213/640 856/1212/689 858/1214/690
f 856/1212/689 849/1203/632 858/1214/690
f 858/1214/690 849/1203/632 859/1215/642
f 853/1208/636 860/1216/691 861/1217/644
f 861/1217/644 860/1216/691 862/1218/692
f 860/1219/691 855/1211/638 862/1220/692
f 862/1220/692 855/1211/638 863/1221/646
f 864/1222/693 865/1223/694 866/1224/695
f 866/1224/695 865/1223/694 867/1225/696
f 865/1226/694 859/1215/642 867/1227/696
f 867/1227/696 859/1215/642 868/1228/651
f 857/1213/640 869/1229/652 870/1230/653
f 870/1230/653 869/1229/652 871/1231/697
f 869/1232/652 864/1222/693 871/1233/697
f 871/1233/697 864/1222/693 872/1234/698
f 861/1217/644 873/1235/656 874/1236/699
f 874/1236/699 873/1235/656 875/1237/658
f 873/1235/656 876/1238/659 875/1237/658
f 875/1237/658 876/1238/659 877/1239/660
f 876/1238/659 878/1240/700 879/1241/662
f 879/1241/662 878/1240/700 880/1242/701
f 878/1240/700 863/1221/646 880/1242/701
f 880/1242/701 863/1221/646 870/1230/653
f 879/1241/662 881/1243/702 882/1244/665
f 882/1244/665 881/1243/702 883/1245/703
f 881/1243/702 872/1234/698 883/1245/703
f 883/1245/703 872/1234/698 884/1246/704
f 874/1236/699 885/1247/705 854/1210/637
f 854/1210/637 885/1247/705 886/1248/706
f 885/1249/705 887/1250/707 886/1251/706
f 886/1251/706 887/1250/707 888/1252/708
f 887/1250/707 889/1253/709 890/1254/710
f 890/1254/710 889/1253/709 891/1255/674
f 889/1256/709 877/1239/660 891/1257/674
f 891/1257/674 877/1239/660 882/1244/665
f 890/1254/710 892/1258/711 893/1259/712
f 893/1259/712 892/1258/711 894/1260/713
f 892/1261/711 884/1246/704 894/1262/713
f 894/1262/713 884/1246/704 866/1224/695
f 851/1205/634 895/1263/678 868/1228/651
f 868/1228/651 895/1263/678 896/1264/679
f 895/1263/678 888/1252/708 896/1264/679
f 896/1264/679 888/1252/708 893/1259/712
f 855/1211/638 857/1213/640 863/1221/646
f 863/1221/646 857/1213/640 870/1230/653
f 876/1238/659 879/1241/662 877/1239/660
f 877/1239/660 879/1241/662 882/1244/665
f 887/1250/707 890/1254/710 888/1252/708
f 888/1252/708 890/1254/710 893/1259/712
f 851/1205/634 868/1228/651 849/1203/632
f 849/1203/632 868/1228/651 859/1215/642
f 864/1222/693 866/1224/695 872/1234/698
f 872/1234/698 866/1224/695 884/1246/704
f 854/1210/637 853/1208/636 874/1236/699
f 874/1236/699 853/1208/636 861/1217/644
f 860/1216/691 853/1208/636 897/1265/714
f 897/1265/714 853/1208/636 850/1207/688
f 850/1204/688 849/1203/632 897/1266/714
f 897/1266/714 849/1203/632 856/1212/689
f 856/1212/689 855/1211/638 897/1267/714
f 897/1267/714 855/1211/638 860/1219/691
f 858/1214/690 859/1215/642 898/1268/715
f 898/1268/715 859/1215/642 865/1226/694
f 865/1223/694 864/1222/693 898/1269/715
f 898/1269/715 864/1222/693 869/1232/652
f 869/1229/652 857/1213/640 898/1270/715
f 898/1270/715 857/1213/640 858/1214/690
f 878/1240/700 876/1238/659 899/1271/716
f 899/1271/716 876/1238/659 873/1235/656
f 873/1235/656 861/1217/644 899/1272/716
f 899/1272/716 861/1217/644 862/1218/692
f 862/1220/692 863/1221/646 899/1273/716
f 899/1273/716 863/1221/646 878/1240/700
f 871/1233/697 872/1234/698 900/1274/717
f 900/1274/717 872/1234/698 881/1243/702
f 881/1243/702 879/1241/662 900/1275/717
f 900/1275/717 879/1241/662 880/1242/701
f 880/1242/701 870/1230/653 900/1276/717
f 900/1276/717 870/1230/653 871/1231/697
f 889/1253/709 887/1250/707 901/1277/718
f 901/1277/718 887/1250/707 885/1249/705
f 885/1247/705 874/1236/699 901/1278/718
f 901/1278/718 874/1236/699 875/1237/658
f 875/1237/658 877/1239/660 901/1279/718
f 901/1279/718 877/1239/660 889/1256/709
f 883/1245/703 884/1246/704 902/1280/719
f 902/1280/719 884/1246/704 892/1261/711
f 892/1258/711 890/1254/710 902/1281/719
f 902/1281/719 890/1254/710 891/1255/674
f 891/1257/674 882/1244/665 902/1282/719
f 902/1282/719 882/1244/665 883/1245/703
f 895/1263/678 851/1205/634 903/1283/720
f 903/1283/720 851/1205/634 852/1206/635
f 852/1209/635 854/1210/637 903/1284/720
f 903/1284/720 854/1210/637 886/1248/706
f 886/1251/706 888/1252/708 903/1285/720
f 903/1285/720 888/1252/708 895/1263/678
f 894/1262/713 866/1224/695 904/1286/721
f 904/1286/721 866/1224/695 867/1225/696
f 867/1227/696 868/1228/651 904/1287/721
f 904/1287/721 868/1228/651 896/1264/679
f 896/1264/679 893/1259/712 904/1288/721
f 904/1288/721 893/1259/712 894/1260/713
f 905/1289/662 906/1290/722 907/1291/665
f 907/1291/665 906/1290/722 908/1292/723
f 906/1290/722 909/1293/724 908/1292/723
f 908/1292/723 909/1293/724 910/1294/725
f 911/1295/726 912/1296/663 913/1297/727
f 913/1297/727 912/1296/663 914/1298/661
f 912/1296/663 905/1289/662 914/1298/661
f 914/1298/661 905/1289/662 915/1299/659
f 909/1293/724 916/1300/728 917/1301/729
f 917/1301/729 916/1300/728 918/1302/730
f 916/1303/728 911/1295/726 918/1304/730
f 918/1304/730 911/1295/726 919/1305/731
f 920/1306/732 921/1307/656 922/1308/733
f 922/1308/733 921/1307/656 923/1309/734
f 921/1307/656 915/1299/659 923/1309/734
f 923/1309/734 915/1299/659 924/1310/660
f 913/1297/727 925/1311/735 926/1312/736
f 926/1312/736 925/1311/735 927/1313/737
f 925/1314/735 920/1306/732 927/1315/737
f 927/1315/737 920/1306/732 928/1316/738
f 917/1301/729 929/1317/739 930/1318/740
f 930/1318/740 929/1317/739 931/1319/741
f 929/1320/739 932/1321/742 931/1322/741
f 931/1322/741 932/1321/742 933/1323/743
f 932/1321/742 934/1324/744 935/1325/745
f 935/1325/745 934/1324/744 936/1326/746
f 934/1324/744 919/1305/731 936/1326/746
f 936/1326/746 919/1305/731 926/1312/736
f 935/1325/745 937/1327/747 938/1328/748
f 938/1328/748 937/1327/747 939/1329/749
f 937/1330/747 928/1316/738 939/1331/749
f 939/1331/749 928/1316/738 940/1332/750
f 930/1318/740 941/1333/751 910/1294/725
f 910/1294/725 941/1333/751 942/1334/752
f 941/1335/751 943/1336/676 942/1337/752
f 942/1337/752 943/1336/676 944/1338/753
f 943/1336/676 945/1339/754 946/1340/671
f 946/1340/671 945/1339/754 947/1341/755
f 945/1342/754 933/1323/743 947/1343/755
f 947/1343/755 933/1323/743 938/1328/748
f 946/1340/671 948/1344/756 949/1345/757
f 949/1345/757 948/1344/756 950/1346/758
f 948/1347/756 940/1332/750 950/1348/758
f 950/1348/758 940/1332/750 922/1308/733
f 907/1291/665 951/1349/674 924/1310/660
f 924/1310/660 951/1349/674 952/1350/672
f 951/1349/674 944/1338/753 952/1350/672
f 952/1350/672 944/1338/753 949/1345/757
f 911/1295/726 913/1297/727 919/1305/731
f 919/1305/731 913/1297/727 926/1312/736
f 932/1321/742 935/1325/745 933/1323/743
f 933/1323/743 935/1325/745 938/1328/748
f 943/1336/676 946/1340/671 944/1338/753
f 944/1338/753 946/1340/671 949/1345/757
f 907/1291/665 924/1310/660 905/1289/662
f 905/1289/662 924/1310/660 915/1299/659
f 920/1306/732 922/1308/733 928/1316/738
f 928/1316/738 922/1308/733 940/1332/750
f 910/1294/725 909/1293/724 930/1318/740
f 930/1318/740 909/1293/724 917/1301/729
f 916/1300/728 909/1293/724 953/1351/759
f 953/1351/759 909/1293/724 906/1290/722
f 906/1290/722 905/1289/662 953/1352/759
f 953/1352/759 905/1289/662 912/1296/663
f 912/1296/663 911/1295/726 953/1353/759
f 953/1353/759 911/1295/726 916/1303/728
f 914/1298/661 915/1299/659 954/1354/760
f 954/1354/760 915/1299/659 921/1307/656
f 921/1307/656 920/1306/732 954/1355/760
f 954/1355/760 920/1306/732 925/1314/735
f 925/1311/735 913/1297/727 954/1356/760
f 954/1356/760 913/1297/727 914/1298/661
f 934/1324/744 932/1321/742 955/1357/761
f 955/1357/761 932/1321/742 929/1320/739
f 929/1317/739 917/1301/729 955/1358/761
f 955/1358/761 917/1301/729 918/1302/730
f 918/1304/730 919/1305/731 955/1359/761
f 955/1359/761 919/1305/731 934/1324/744
f 927/1315/737 928/1316/738 956/1360/762
f 956/1360/762 928/1316/738 937/1330/747
f 937/1327/747 935/1325/745 956/1361/762
f 956/1361/762 935/1325/745 936/1326/746
f 936/1326/746 926/1312/736 956/1362/762
f 956/1362/762 926/1312/736 927/1313/737
f 945/1339/754 943/1336/676 957/1363/763
f 957/1363/763 943/1336/676 941/1335/751
f 941/1333/751 930/1318/740 957/1364/763
f 957/1364/763 930/1318/740 931/1319/741
f 931/1322/741 933/1323/743 957/1365/763
f 957/1365/763 933/1323/743 945/1342/754
f 939/1331/749 940/1332/750 958/1366/764
f 958/1366/764 940/1332/750 948/1347/756
f 948/1344/756 946/1340/671 958/1367/764
f 958/1367/764 946/1340/671 947/1341/755
f 947/1343/755 938/1328/748 958/1368/764
f 958/1368/764 938/1328/748 939/1329/749
f 951/1349/674 907/1291/665 959/1369/765
f 959/1369/765 907/1291/665 908/1292/723
f 908/1292/723 910/1294/725 959/1370/765
f 959/1370/765 910/1294/725 942/1334/752
f 942/1337/752 944/1338/753 959/1371/765
f 959/1371/765 944/1338/753 951/1349/674
f 950/1348/758 922/1308/733 960/1372/766
f 960/1372/766 922/1308/733 923/1309/734
f 923/1309/734 924/1310/660 960/1373/766
f 960/1373/766 924/1310/660 952/1350/672
f 952/1350/672 949/1345/757 960/1374/766
f 960/1374/766 949/1345/757 950/1346/758
f 961/1375/662 962/1376/767 963/1377/665
f 963/1377/665 962/1376/767 964/1378/768
f 962/1376/767 965/1379/769 964/1378/768
f 964/1378/768 965/1379/769 966/1380/770
f 967/1381/726 968/1382/701 969/1383/727
f 969/1383/727 968/1382/701 970/1384/700
f 968/1385/701 961/1375/662 970/1386/700
f 970/1386/700 961/1375/662 971/1387/659
f 965/1379/769 972/1388/771 973/1389/772
f 973/1389/772 972/1388/771 974/1390/773
f 972/1391/771 967/1381/726 974/1392/773
f 974/1392/773 967/1381/726 975/1393/731
f 976/1394/732 977/1395/656 978/1396/733
f 978/1396/733 977/1395/656 979/1397/734
f 977/1395/656 971/1387/659 979/1397/734
f 979/1397/734 971/1387/659 980/1398/660
f 969/1383/727 981/1399/774 982/1400/736
f 982/1400/736 981/1399/774 983/1401/775
f 981/1402/774 976/1394/732 983/1403/775
f 983/1403/775 976/1394/732 984/1404/738
f 973/1389/772 985/1405/776 986/1406/777
f 986/1406/777 985/1405/776 987/1407/778
f 985/1408/776 988/1409/742 987/1410/778
f 987/1410/778 988/1409/742 989/1411/743
f 988/1409/742 990/1412/779 991/1413/745
f 991/1413/745 990/1412/779 992/1414/780
f 990/1412/779 975/1393/731 992/1414/780
f 992/1414/780 975/1393/731 982/1400/736
f 991/1413/745 993/1415/747 994/1416/748
f 994/1416/748 993/1415/747 995/1417/749
f 993/1418/747 984/1404/738 995/1419/749
f 995/1419/749 984/1404/738 996/1420/750
f 986/1406/777 997/1421/781 966/1380/770
f 966/1380/770 997/1421/781 998/1422/782
f 997/1423/781 999/1424/783 998/1425/782
f 998/1425/782 999/1424/783 1000/1426/784
f 999/1424/783 1001/1427/754 1002/1428/785
f 1002/1428/785 1001/1427/754 1003/1429/755
f 1001/1427/754 989/1411/743 1003/1429/755
f 1003/1429/755 989/1411/743 994/1416/748
f 1002/1428/785 1004/1430/786 1005/1431/787
f 1005/1431/787 1004/1430/786 1006/1432/788
f 1004/1433/786 996/1420/750 1006/1434/788
f 1006/1434/788 996/1420/750 978/1396/733
f 963/1377/665 1007/1435/674 980/1398/660
f 980/1398/660 1007/1435/674 1008/1436/709
f 1007/1435/674 1000/1426/784 1008/1436/709
f 1008/1436/709 1000/1426/784 1005/1431/787
f 967/1381/726 969/1383/727 975/1393/731
f 975/1393/731 969/1383/727 982/1400/736
f 988/1409/742 991/1413/745 989/1411/743
f 989/1411/743 991/1413/745 994/1416/748
f 999/1424/783 1002/1428/785 1000/1426/784
f 1000/1426/784 1002/1428/785 1005/1431/787
f 963/1377/665 980/1398/660 961/1375/662
f 961/1375/662 980/1398/660 971/1387/659
f 976/1394/732 978/1396/733 984/1404/738
f 984/1404/738 978/1396/733 996/1420/750
f 966/1380/770 965/1379/769 986/1406/777
f 986/1406/777 965/1379/769 973/1389/772
f 972/1388/771 965/1379/769 1009/1437/789
f 1009/1437/789 965/1379/769 962/1376/767
f 962/1376/767 961/1375/662 1009/1438/789
f 1009/1438/789 961/1375/662 968/1385/701
f 968/1382/701 967/1381/726 1009/1439/789
f 1009/1439/789 967/1381/726 972/1391/771
f 970/1386/700 971/1387/659 1010/1440/790
f 1010/1440/790 971/1387/659 977/1395/656
f 977/1395/656 976/1394/732 1010/1441/790
f 1010/1441/790 976/1394/732 981/1402/774
f 981/1399/774 969/1383/727 1010/1442/790
f 1010/1442/790 969/1383/727 970/1384/700
f 990/1412/779 988/1409/742 1011/1443/791
f 1011/1443/791 988/1409/742 985/1408/776
f 985/1405/776 973/1389/772 1011/1444/791
f 1011/1444/791 973/1389/772 974/1390/773
f 974/1392/773 975/1393/731 1011/1445/791
f 1011/1445/791 975/1393/731 990/1412/779
f 983/1403/775 984/1404/738 1012/1446/792
f 1012/1446/792 984/1404/738 993/1418/747
f 993/1415/747 991/1413/745 1012/1447/792
f 1012/1447/792 991/1413/745 992/1414/780
f 992/1414/780 982/1400/736 1012/1448/792
f 1012/1448/792 982/1400/736 983/1401/775
f 1001/1427/754 999/1424/783 1013/1449/793
f 1013/1449/793 999/1424/783 997/1423/781
f 997/1421/781 986/1406/777 1013/1450/793
f 1013/1450/793 986/1406/777 987/1407/778
f 987/1410/778 989/1411/743 1013/1451/793
f 1013/1451/793 989/1411/743 1001/1427/754
f 995/1419/749 996/1420/750 1014/1452/794
f 1014/1452/794 996/1420/750 1004/1433/786
f 1004/1430/786 1002/1428/785 1014/1453/794
f 1014/1453/794 1002/1428/785 1003/1429/755
f 1003/1429/755 994/1416/748 1014/1454/794
f 1014/1454/794 994/1416/748 995/1417/749
f 1007/1435/674 963/1377/665 1015/1455/795
f 1015/1455/795 963/1377/665 964/1378/768
f 964/1378/768 966/1380/770 1015/1456/795
f 1015/1456/795 966/1380/770 998/1422/782
f 998/1425/782 1000/1426/784 1015/1457/795
f 1015/1457/795 1000/1426/784 1007/1435/674
f 1006/1434/788 978/1396/733 1016/1458/796
f 1016/1458/796 978/1396/733 979/1397/734
f 979/1397/734 980/1398/660 1016/1459/796
f 1016/1459/796 980/1398/660 1008/1436/709
f 1008/1436/709 1005/1431/787 1016/1460/796
f 1016/1460/796 1005/1431/787 1006/1432/788
s off
g IchigoAme_GrapeBox_ShortSG
v -0.796833 0.604303 1.04593
v -0.821297 0.604303 1.05606
v -0.796833 0.994764 1.04593
v -0.821297 0.994764 1.05606
v -0.831425 0.604303 1.08052
v -0.831425 0.994764 1.08052
v -0.796833 0.569708 1.08052
v -0.796833 0.579841 1.05606
v 0.796833 0.569708 1.08052
v 0.796833 0.579841 1.05606
v 0.796833 0.604303 1.04593
v -0.821297 0.579841 1.08052
v -0.831425 0.604303 1.18433
v -0.821297 0.579841 1.18433
v -0.796833 0.569708 1.18433
v 0.831429 0.604303 1.08052
v 0.821297 0.604303 1.05606
v 0.831429 0.994764 1.08052
v 0.821297 0.994764 1.05606
v 0.796833 0.994764 1.04593
v 0.821297 0.579841 1.08052
v 0.796833 0.569708 1.18433
v 0.821297 0.579841 1.18433
v 0.831429 0.604303 1.18433
v -0.821297 0.604303 1.20879
v -0.831425 0.994764 1.18433
v -0.821297 0.994764 1.20879
v -0.796833 0.604303 1.21892
v -0.796833 0.994764 1.21892
v -0.796833 0.579841 1.20879
v 0.796833 0.604303 1.21892
v 0.796833 0.579841 1.20879
v 0.821297 0.604303 1.20879
v 0.796833 0.994764 1.21892
v 0.821297 0.994764 1.20879
v 0.831429 0.994764 1.18433
v -0.821297 1.01923 1.18433
v -0.821297 1.01923 1.08052
v -0.796833 1.02936 1.18433
v -0.796833 1.02936 1.08052
v -0.796833 1.01923 1.20879
v 0.796833 1.02936 1.18433
v 0.796833 1.01923 1.20879
v 0.821297 1.01923 1.18433
v 0.796833 1.02936 1.08052
v 0.821297 1.01923 1.08052
v -0.796833 1.01923 1.05606
v 0.796833 1.01923 1.05606
v -0.816799 0.584336 1.06055
v 0.816799 0.584336 1.06055
v -0.816799 0.584336 1.20429
v 0.816799 0.584336 1.20429
v -0.816799 1.01473 1.20429
v 0.816799 1.01473 1.20429
v -0.816799 1.01473 1.06055
v 0.816799 1.01473 1.06055
v -0.796833 0.034596 1.04593
v -0.821297 0.034596 1.05606
v -0.796833 0.425056 1.04593
v -0.821297 0.425056 1.05606
v -0.831425 0.034596 1.08052
v -0.831425 0.425056 1.08052
v -0.796833 0 1.08052
v -0.796833 0.010133 1.05606
v 0.796833 0 1.08052
v 0.796833 0.010133 1.05606
v 0.796833 0.034596 1.04593
v -0.821297 0.010133 1.08052
v -0.831425 0.034596 1.18433
v -0.821297 0.010133 1.18433
v -0.796833 0 1.18433
v 0.831429 0.034596 1.08052
v 0.821297 0.034596 1.05606
v 0.831429 0.425056 1.08052
v 0.821297 0.425056 1.05606
v 0.796833 0.425056 1.04593
v 0.821297 0.010133 1.08052
v 0.796833 0 1.18433
v 0.821297 0.010133 1.18433
v 0.831429 0.034596 1.18433
v -0.821297 0.034596 1.20879
v -0.831425 0.425056 1.18433
v -0.821297 0.425056 1.20879
v -0.796833 0.034596 1.21892
v -0.796833 0.425056 1.21892
v -0.796833 0.010133 1.20879
v 0.796833 0.034596 1.21892
v 0.796833 0.010133 1.20879
v 0.821297 0.034596 1.20879
v 0.796833 0.425056 1.21892
v 0.821297 0.425056 1.20879
v 0.831429 0.425056 1.18433
v -0.821297 0.449519 1.18433
v -0.821297 0.449519 1.08052
v -0.796833 0.459652 1.18433
v -0.796833 0.459652 1.08052
v -0.796833 0.449519 1.20879
v 0.796833 0.459652 1.18433
v 0.796833 0.449519 1.20879
v 0.821297 0.449519 1.18433
v 0.796833 0.459652 1.08052
v 0.821297 0.449519 1.08052
v -0.796833 0.449519 1.05606
v 0.796833 0.449519 1.05606
v -0.816799 0.014629 1.06055
v 0.816799 0.014629 1.06055
v -0.816799 0.014629 1.20429
v 0.816799 0.014629 1.20429
v -0.816799 0.445023 1.20429
v 0.816799 0.445023 1.20429
v -0.816799 0.445023 1.06055
v 0.816799 0.445023 1.06055
v 0.796829 0.604303 -1.04593
v 0.821293 0.604303 -1.05606
v 0.796829 0.994764 -1.04593
v 0.821293 0.994764 -1.05606
v 0.831425 0.604303 -1.08052
v 0.831425 0.994764 -1.08052
v 0.796829 0.569708 -1.08052
v 0.796829 0.579841 -1.05606
v -0.796829 0.569708 -1.08052
v -0.796829 0.579841 -1.05606
v -0.796829 0.604303 -1.04593
v 0.821293 0.579841 -1.08052
v 0.831425 0.604303 -1.18433
v 0.821293 0.579841 -1.18433
v 0.796829 0.569708 -1.18433
v -0.831425 0.604303 -1.08052
v -0.821293 0.604303 -1.05606
v -0.831425 0.994764 -1.08052
v -0.821293 0.994764 -1.05606
v -0.796829 0.994764 -1.04593
v -0.821293 0.579841 -1.08052
v -0.796829 0.569708 -1.18433
v -0.821293 0.579841 -1.18433
v -0.831425 0.604303 -1.18433
v 0.821293 0.604303 -1.2088
v 0.831425 0.994764 -1.18433
v 0.821293 0.994764 -1.2088
v 0.796829 0.604303 -1.21893
v 0.796829 0.994764 -1.21893
v 0.796829 0.579841 -1.2088
v -0.796829 0.604303 -1.21893
v -0.796829 0.579841 -1.2088
v -0.821293 0.604303 -1.2088
v -0.796829 0.994764 -1.21893
v -0.821293 0.994764 -1.2088
v -0.831425 0.994764 -1.18433
v 0.821293 1.01923 -1.18433
v 0.821293 1.01923 -1.08052
v 0.796829 1.02936 -1.18433
v 0.796829 1.02936 -1.08052
v 0.796829 1.01923 -1.2088
v -0.796829 1.02936 -1.18433
v -0.796829 1.01923 -1.2088
v -0.821293 1.01923 -1.18433
v -0.796829 1.02936 -1.08052
v -0.821293 1.01923 -1.08052
v 0.796829 1.01923 -1.05606
v -0.796829 1.01923 -1.05606
v 0.816795 0.584336 -1.06056
v -0.816795 0.584336 -1.06056
v 0.816795 0.584336 -1.2043
v -0.816795 0.584336 -1.2043
v 0.816795 1.01473 -1.2043
v -0.816795 1.01473 -1.2043
v 0.816795 1.01473 -1.06056
v -0.816795 1.01473 -1.06056
v 0.796829 0.034596 -1.04593
v 0.821293 0.034596 -1.05606
v 0.796829 0.425056 -1.04593
v 0.821293 0.425056 -1.05606
v 0.831425 0.034596 -1.08052
v 0.831425 0.425056 -1.08052
v 0.796829 0 -1.08052
v 0.796829 0.010133 -1.05606
v -0.796829 0 -1.08052
v -0.796829 0.010133 -1.05606
v -0.796829 0.034596 -1.04593
v 0.821293 0.010133 -1.08052
v 0.831425 0.034596 -1.18433
v 0.821293 0.010133 -1.18433
v 0.796829 0 -1.18433
v -0.831425 0.034596 -1.08052
v -0.821293 0.034596 -1.05606
v -0.831425 0.425056 -1.08052
v -0.821293 0.425056 -1.05606
v -0.796829 0.425056 -1.04593
v -0.821293 0.010133 -1.08052
v -0.796829 0 -1.18433
v -0.821293 0.010133 -1.18433
v -0.831425 0.034596 -1.18433
v 0.821293 0.034596 -1.2088
v 0.831425 0.425056 -1.18433
v 0.821293 0.425056 -1.2088
v 0.796829 0.034596 -1.21893
v 0.796829 0.425056 -1.21893
v 0.796829 0.010133 -1.2088
v -0.796829 0.034596 -1.21893
v -0.796829 0.010133 -1.2088
v -0.821293 0.034596 -1.2088
v -0.796829 0.425056 -1.21893
v -0.821293 0.425056 -1.2088
v -0.831425 0.425056 -1.18433
v 0.821293 0.449519 -1.18433
v 0.821293 0.449519 -1.08052
v 0.796829 0.459652 -1.18433
v 0.796829 0.459652 -1.08052
v 0.796829 0.449519 -1.2088
v -0.796829 0.459652 -1.18433
v -0.796829 0.449519 -1.2088
v -0.821293 0.449519 -1.18433
v -0.796829 0.459652 -1.08052
v -0.821293 0.449519 -1.08052
v 0.796829 0.449519 -1.05606
v -0.796829 0.449519 -1.05606
v 0.816795 0.014629 -1.06056
v -0.816795 0.014629 -1.06056
v 0.816795 0.014629 -1.2043
v -0.816795 0.014629 -1.2043
v 0.816795 0.445023 -1.2043
v -0.816795 0.445023 -1.2043
v 0.816795 0.445023 -1.06056
v -0.816795 0.445023 -1.06056
vn -0.006133 -0.024289 -0.999686
vn -0.70704 -0.016582 -0.706979
vn -0.006133 0.024289 -0.999686
vn -0.70704 0.016581 -0.70698
vn -0.996745 -0.02279 -0.077325
vn -0.996745 0.02279 -0.077325
vn -0.005835 -0.996905 -0.078401
vn -0.004203 -0.70708 -0.707121
vn 0.005835 -0.996905 -0.078402
vn 0.004203 -0.70708 -0.707121
vn 0.006133 -0.024289 -0.999686
vn -0.706047 -0.705981 -0.055574
vn -0.996745 -0.02279 0.077325
vn -0.706051 -0.705977 0.055574
vn -0.005835 -0.996905 0.0784
vn 0.996743 -0.022805 -0.077354
vn 0.707001 -0.016584 -0.707018
vn 0.996743 0.022805 -0.077354
vn 0.707002 0.016584 -0.707017
vn 0.006133 0.024289 -0.999686
vn 0.706003 -0.706024 -0.055577
vn 0.005835 -0.996905 0.0784
vn 0.706006 -0.706022 0.055576
vn 0.996743 -0.022804 0.077354
vn -0.70704 -0.016581 0.706979
vn -0.996745 0.02279 0.077325
vn -0.707041 0.016581 0.706978
vn -0.006133 -0.024289 0.999686
vn -0.006133 0.024289 0.999686
vn -0.004202 -0.707099 0.707102
vn 0.006133 -0.024289 0.999686
vn 0.004203 -0.707099 0.707102
vn 0.707003 -0.016582 0.707017
vn 0.006133 0.024289 0.999686
vn 0.707002 0.016582 0.707017
vn 0.996743 0.022804 0.077354
vn -0.706054 0.705974 0.055573
vn -0.706053 0.705975 -0.055574
vn -0.005836 0.996905 0.0784
vn -0.005836 0.996905 -0.078401
vn -0.004203 0.707093 0.707108
vn 0.005836 0.996905 0.0784
vn 0.004202 0.707093 0.707108
vn 0.706011 0.706017 0.055578
vn 0.005836 0.996905 -0.078402
vn 0.706009 0.706019 -0.055578
vn -0.004203 0.707074 -0.707127
vn 0.004203 0.707074 -0.707127
vn -0.577358 -0.577332 -0.577361
vn 0.577333 -0.577339 -0.577379
vn -0.577373 -0.577341 0.577337
vn 0.577358 -0.577352 0.57734
vn -0.577377 0.577341 0.577333
vn 0.577354 0.577348 0.577349
vn -0.577364 0.577326 -0.577361
vn 0.577351 0.577332 -0.577368
vn -0.707016 -0.016582 -0.707003
vn -0.707016 0.016582 -0.707003
vn -0.996745 -0.022791 -0.077327
vn -0.996745 0.02279 -0.077327
vn -0.004203 -0.707074 -0.707127
vn 0.004203 -0.707074 -0.707127
vn -0.70605 -0.705978 -0.055575
vn -0.706058 -0.70597 0.055575
vn -0.005836 -0.996905 0.0784
vn 0.706978 -0.016584 -0.707041
vn 0.706978 0.016584 -0.707041
vn 0.706006 -0.706021 -0.055582
vn 0.005836 -0.996905 0.0784
vn 0.706013 -0.706015 0.05558
vn -0.707065 -0.016581 0.706954
vn -0.707065 0.016581 0.706954
vn -0.006134 -0.024289 0.999686
vn -0.006134 0.024289 0.999686
vn -0.004202 -0.707093 0.707108
vn 0.006134 -0.024289 0.999686
vn 0.004202 -0.707093 0.707108
vn 0.707027 -0.016582 0.706992
vn 0.006134 0.024289 0.999686
vn 0.707027 0.016582 0.706992
vn 0.996743 0.022804 0.077353
vn -0.706057 0.705971 0.055576
vn -0.70605 0.705977 -0.055577
vn -0.005835 0.996905 -0.078402
vn -0.004202 0.707093 0.707108
vn 0.005836 0.996905 0.078401
vn 0.706014 0.706014 0.05558
vn 0.005835 0.996905 -0.078402
vn 0.706006 0.706022 -0.055581
vn -0.577348 -0.577332 -0.577371
vn 0.577325 -0.577337 -0.577388
vn -0.577379 -0.577331 0.577341
vn 0.577355 -0.577346 0.577351
vn -0.577374 0.577336 0.57734
vn 0.577357 0.577339 0.577356
vn -0.577345 0.577329 -0.577377
vn 0.577325 0.577337 -0.577389
vn 0.707025 -0.016587 0.706994
vn 0.707024 0.016586 0.706995
vn 0.996743 -0.022805 0.077352
vn 0.996743 0.022805 0.077352
vn 0.005835 -0.996905 0.078398
vn 0.004202 -0.707098 0.707103
vn -0.005836 -0.996905 0.078398
vn -0.004202 -0.707098 0.707103
vn 0.706018 -0.70601 0.055576
vn 0.996743 -0.022805 -0.077352
vn 0.706019 -0.706008 -0.055577
vn 0.005836 -0.996905 -0.078398
vn -0.996743 -0.0228 0.077352
vn -0.707024 -0.016585 0.706995
vn -0.996743 0.0228 0.077352
vn -0.707025 0.016586 0.706994
vn -0.706018 -0.70601 0.055575
vn -0.005835 -0.996905 -0.078398
vn -0.706019 -0.706009 -0.055576
vn -0.996743 -0.0228 -0.077352
vn 0.707024 -0.016586 -0.706995
vn 0.996743 0.022805 -0.077352
vn 0.707024 0.016587 -0.706995
vn 0.006134 -0.024289 -0.999686
vn 0.006134 0.024289 -0.999686
vn 0.004202 -0.707098 -0.707103
vn -0.006134 -0.024289 -0.999686
vn -0.004202 -0.707098 -0.707103
vn -0.707024 -0.016585 -0.706996
vn -0.006134 0.024289 -0.999686
vn -0.707024 0.016585 -0.706995
vn -0.996743 0.0228 -0.077352
vn 0.706024 0.706004 -0.055576
vn 0.706023 0.706005 0.055576
vn 0.005836 0.996905 -0.078403
vn 0.005836 0.996905 0.078403
vn 0.004202 0.707092 -0.707109
vn -0.005836 0.996905 -0.078403
vn -0.004202 0.707092 -0.707109
vn -0.706024 0.706004 -0.055576
vn -0.005836 0.996905 0.078403
vn -0.706023 0.706005 0.055578
vn 0.004202 0.707092 0.707109
vn -0.004203 0.707092 0.707109
vn 0.577328 -0.577379 0.577344
vn -0.57732 -0.577381 0.57735
vn 0.577318 -0.577382 -0.577351
vn -0.577305 -0.577387 -0.577359
vn 0.577317 0.577381 -0.577354
vn -0.57733 0.577377 -0.577343
vn 0.577335 0.577371 0.577345
vn -0.57734 0.577371 0.57734
vn 0.707003 -0.016587 0.707016
vn 0.707002 0.016587 0.707017
vn 0.005836 -0.996905 0.078396
vn 0.004203 -0.707095 0.707106
vn -0.005836 -0.996905 0.078396
vn -0.004203 -0.707095 0.707106
vn 0.706023 -0.706005 0.055579
vn 0.706024 -0.706004 -0.05558
vn 0.005836 -0.996905 -0.078396
vn -0.707002 -0.016586 0.707017
vn -0.707003 0.016586 0.707016
vn -0.706023 -0.706005 0.055578
vn -0.005836 -0.996905 -0.078396
vn -0.706024 -0.706004 -0.055579
vn 0.707026 -0.016586 -0.706993
vn 0.707025 0.016587 -0.706994
vn 0.004202 -0.707095 -0.707106
vn -0.004202 -0.707095 -0.707106
vn -0.707026 -0.016585 -0.706993
vn -0.707026 0.016585 -0.706993
vn 0.706023 0.706004 -0.055579
vn 0.706023 0.706004 0.055579
vn 0.005835 0.996905 -0.078396
vn 0.005836 0.996905 0.078396
vn 0.004202 0.707098 -0.707103
vn -0.005836 0.996905 -0.078396
vn -0.004202 0.707098 -0.707103
vn -0.706023 0.706004 -0.05558
vn -0.005836 0.996905 0.078396
vn -0.706023 0.706005 0.055581
vn 0.004203 0.707098 0.707103
vn -0.004203 0.707098 0.707103
vn 0.577356 -0.57736 0.577335
vn -0.577345 -0.577361 0.577345
vn 0.577343 -0.577362 -0.577346
vn -0.57733 -0.577368 -0.577353
vn 0.577327 0.577368 -0.577356
vn -0.57734 0.577363 -0.577347
vn 0.577345 0.577357 0.577349
vn -0.577355 0.577356 0.57734
vt 0.484819 0.731068
vt 0.484819 0.742012
vt 0.324836 0.731092
vt 0.32473 0.741944
vt 0.48475 0.752864
vt 0.32479 0.752804
vt 0.014814 0.731061
vt 0.003968 0.73108
vt 0.014836 0.078244
vt 0.003989 0.078224
vt 0.495666 0.731091
vt 0.49565 0.078217
vt 0.484804 0.078239
vt 0.495644 0.752594
vt 0.484767 0.795406
vt 0.495665 0.795666
vt 0.014545 0.741945
vt 0.057605 0.741946
vt 0.057331 0.731063
vt 0.079029 0.014066
vt 0.078951 0.003216
vt 0.239004 0.014073
vt 0.239083 0.003221
vt 0.484892 0.067394
vt 0.324771 0.067408
vt 0.324858 0.078254
vt 0.014569 0.067351
vt 0.057357 0.07825
vt 0.057633 0.067361
vt 0.068148 0.013809
vt 0.068152 0.056842
vt 0.079036 0.056573
vt 0.484843 0.806263
vt 0.324752 0.795366
vt 0.324672 0.806225
vt 0.078932 0.741904
vt 0.07902 0.731061
vt 0.239024 0.741928
vt 0.23894 0.731084
vt 0.068177 0.731082
vt 0.079048 0.078258
vt 0.068204 0.078234
vt 0.078961 0.067419
vt 0.238963 0.078267
vt 0.239054 0.067431
vt 0.238984 0.056585
vt 0.31385 0.795629
vt 0.313889 0.752532
vt 0.26036 0.741979
vt 0.26063 0.73109
vt 0.303418 0.741983
vt 0.303147 0.731094
vt 0.249784 0.731109
vt 0.260651 0.078261
vt 0.249805 0.078243
vt 0.260374 0.067374
vt 0.303167 0.078254
vt 0.303435 0.067366
vt 0.24987 0.056859
vt 0.249891 0.013817
vt 0.313992 0.731113
vt 0.314013 0.078233
vt 0.493891 0.743553
vt 0.49403 0.740297
vt 0.005497 0.740166
vt 0.494025 0.069073
vt 0.069879 0.00478
vt 0.00551 0.069112
vt 0.069816 0.740221
vt 0.493934 0.804717
vt 0.066652 0.740164
vt 0.069901 0.065879
vt 0.069849 0.069107
vt 0.066685 0.069136
vt 0.251307 0.740214
vt 0.315585 0.804685
vt 0.248148 0.740264
vt 0.248119 0.065898
vt 0.251317 0.06915
vt 0.24816 0.069123
vt 0.31562 0.740241
vt 0.31564 0.743485
vt 0.312475 0.740214
vt 0.248163 0.004782
vt 0.315646 0.069079
vt 0.312483 0.06913
vt 0.515151 0.079346
vt 0.515151 0.068443
vt 0.675146 0.079325
vt 0.675247 0.068476
vt 0.515221 0.05759
vt 0.675185 0.057619
vt 0.985185 0.079335
vt 0.99603 0.079315
vt 0.985186 0.732129
vt 0.996032 0.732149
vt 0.504306 0.079323
vt 0.504363 0.732202
vt 0.515209 0.732177
vt 0.504322 0.057863
vt 0.515195 0.015051
vt 0.504296 0.014788
vt 0.985456 0.06845
vt 0.942394 0.06845
vt 0.94267 0.079336
vt 0.921017 0.796311
vt 0.921094 0.807159
vt 0.761036 0.796315
vt 0.76096 0.807164
vt 0.515122 0.743018
vt 0.675246 0.742996
vt 0.675162 0.732148
vt 0.98545 0.74302
vt 0.942666 0.732122
vt 0.94239 0.743012
vt 0.9319 0.796564
vt 0.931884 0.753525
vt 0.920997 0.753802
vt 0.515117 0.004185
vt 0.675219 0.015066
vt 0.675295 0.004211
vt 0.921065 0.068494
vt 0.920978 0.079338
vt 0.760967 0.068483
vt 0.76105 0.079326
vt 0.931824 0.079316
vt 0.920977 0.732117
vt 0.93182 0.73214
vt 0.921066 0.742954
vt 0.761062 0.732127
vt 0.760976 0.742961
vt 0.76105 0.753807
vt 0.686115 0.014806
vt 0.686084 0.057892
vt 0.739631 0.068431
vt 0.739358 0.07932
vt 0.696566 0.068431
vt 0.696837 0.07932
vt 0.750204 0.079303
vt 0.739372 0.732136
vt 0.750218 0.732152
vt 0.73965 0.743025
vt 0.696856 0.732147
vt 0.696585 0.743037
vt 0.750164 0.753535
vt 0.750154 0.79657
vt 0.685991 0.079303
vt 0.686009 0.732168
vt 0.506078 0.066906
vt 0.505957 0.070138
vt 0.994506 0.07023
vt 0.505985 0.741342
vt 0.930173 0.805597
vt 0.994508 0.741261
vt 0.930183 0.070176
vt 0.506024 0.005736
vt 0.933349 0.070233
vt 0.930132 0.744485
vt 0.930175 0.741262
vt 0.933338 0.741236
vt 0.748686 0.070197
vt 0.684381 0.005757
vt 0.751845 0.070146
vt 0.751913 0.744494
vt 0.74871 0.741248
vt 0.75187 0.741271
vt 0.684357 0.070177
vt 0.684335 0.066939
vt 0.687508 0.0702
vt 0.751882 0.805599
vt 0.684372 0.741326
vt 0.687534 0.741275
vt 0.323554 0.078083
vt 0.323554 0.067197
vt 0.482912 0.07805
vt 0.48301 0.067238
vt 0.32362 0.056388
vt 0.482944 0.056419
vt 0.301952 0.078076
vt 0.312753 0.078058
vt 0.30198 0.728286
vt 0.312785 0.728307
vt 0.323588 0.728287
vt 0.312769 0.056659
vt 0.323594 0.014016
vt 0.312739 0.013758
vt 0.302224 0.067233
vt 0.259337 0.067232
vt 0.259604 0.078075
vt 0.23805 0.792204
vt 0.238128 0.803012
vt 0.07871 0.792204
vt 0.078632 0.803012
vt 0.3235 0.739091
vt 0.483 0.739102
vt 0.482911 0.728298
vt 0.302247 0.739133
vt 0.259627 0.728277
vt 0.259349 0.739123
vt 0.248891 0.792459
vt 0.248878 0.749592
vt 0.238037 0.749864
vt 0.323517 0.003202
vt 0.482964 0.014033
vt 0.483042 0.003219
vt 0.238086 0.067281
vt 0.238 0.078079
vt 0.078634 0.067289
vt 0.078722 0.078089
vt 0.248801 0.078056
vt 0.238023 0.728269
vt 0.248823 0.728294
vt 0.23811 0.739063
vt 0.078741 0.728268
vt 0.078652 0.739062
vt 0.078723 0.749864
vt 0.493818 0.013768
vt 0.493796 0.056684
vt 0.057394 0.067244
vt 0.057119 0.078085
vt 0.014501 0.067244
vt 0.014771 0.078085
vt 0.067922 0.078067
vt 0.057137 0.728275
vt 0.067941 0.728292
vt 0.057413 0.739121
vt 0.014786 0.728282
vt 0.01452 0.739131
vt 0.067883 0.749594
vt 0.06787 0.792458
vt 0.493715 0.078028
vt 0.493714 0.72832
vt 0.003968 0.078065
vt 0.003983 0.728302
vt 0.314516 0.065668
vt 0.314397 0.068897
vt 0.311248 0.069
vt 0.314411 0.737425
vt 0.247165 0.801454
vt 0.311263 0.737375
vt 0.247172 0.068937
vt 0.314464 0.004744
vt 0.250314 0.068985
vt 0.247135 0.740587
vt 0.247179 0.737377
vt 0.250324 0.737353
vt 0.066405 0.069019
vt 0.49208 0.004755
vt 0.069554 0.068963
vt 0.069626 0.740588
vt 0.06643 0.737352
vt 0.06958 0.737378
vt 0.492107 0.068928
vt 0.492054 0.065685
vt 0.00549 0.069015
vt 0.069596 0.801453
vt 0.492101 0.737424
vt 0.005499 0.737376
vt 0.825776 0.07869
vt 0.825776 0.06782
vt 0.985128 0.078665
vt 0.985226 0.067855
vt 0.825842 0.057011
vt 0.985159 0.057038
vt 0.804171 0.078683
vt 0.814974 0.078664
vt 0.804181 0.72889
vt 0.814985 0.728911
vt 0.825788 0.728891
vt 0.814992 0.057282
vt 0.825819 0.014642
vt 0.814965 0.014383
vt 0.804444 0.067838
vt 0.761554 0.067835
vt 0.761822 0.078679
vt 0.740245 0.792806
vt 0.740323 0.803614
vt 0.580903 0.792804
vt 0.580824 0.803612
vt 0.8257 0.739696
vt 0.9852 0.73971
vt 0.985111 0.728906
vt 0.804447 0.739737
vt 0.761826 0.72888
vt 0.761549 0.739727
vt 0.751085 0.793061
vt 0.751075 0.750195
vt 0.740234 0.750467
vt 0.825742 0.003828
vt 0.985179 0.014656
vt 0.985256 0.003842
vt 0.740302 0.067884
vt 0.740216 0.078682
vt 0.580843 0.067887
vt 0.58093 0.078687
vt 0.751018 0.078659
vt 0.740221 0.728872
vt 0.751023 0.728897
vt 0.740308 0.739665
vt 0.580939 0.728866
vt 0.580849 0.73966
vt 0.580919 0.750462
vt 0.996032 0.014391
vt 0.99601 0.057303
vt 0.5596 0.067842
vt 0.559326 0.078684
vt 0.516707 0.067841
vt 0.516977 0.078683
vt 0.570129 0.078665
vt 0.559336 0.728872
vt 0.570139 0.72889
vt 0.559611 0.739717
vt 0.516984 0.728878
vt 0.516719 0.739727
vt 0.570077 0.75019
vt 0.570062 0.793058
vt 0.99593 0.078644
vt 0.995914 0.728929
vt 0.506175 0.078663
vt 0.506181 0.728898
vt 0.816739 0.066288
vt 0.816624 0.06951
vt 0.813468 0.069606
vt 0.816612 0.73803
vt 0.749361 0.802055
vt 0.813463 0.737979
vt 0.749388 0.069541
vt 0.81669 0.00537
vt 0.752531 0.069589
vt 0.749333 0.741191
vt 0.749378 0.737981
vt 0.752525 0.737956
vt 0.56861 0.069616
vt 0.994295 0.005378
vt 0.57176 0.06956
vt 0.571821 0.741185
vt 0.568627 0.737948
vt 0.571776 0.737976
vt 0.994322 0.069545
vt 0.994268 0.066303
vt 0.507694 0.069612
vt 0.571785 0.802054
vt 0.994301 0.738034
vt 0.507698 0.737972
usemtl ShortSG
f 1017/1461/797 1018/1462/798 1019/1463/799
f 1019/1463/799 1018/1462/798 1020/1464/800
f 1018/1462/798 1021/1465/801 1020/1464/800
f 1020/1464/800 1021/1465/801 1022/1466/802
f 1023/1467/803 1024/1468/804 1025/1469/805
f 1025/1469/805 1024/1468/804 1026/1470/806
f 1024/1471/804 1017/1461/797 1026/1472/806
f 1026/1472/806 1017/1461/797 1027/1473/807
f 1021/1465/801 1028/1474/808 1029/1475/809
f 1029/1475/809 1028/1474/808 1030/1476/810
f 1028/1477/808 1023/1467/803 1030/1478/810
f 1030/1478/810 1023/1467/803 1031/1479/811
f 1032/1480/812 1033/1481/813 1034/1482/814
f 1034/1482/814 1033/1481/813 1035/1483/815
f 1033/1484/813 1027/1473/807 1035/1485/815
f 1035/1485/815 1027/1473/807 1036/1486/816
f 1025/1469/805 1037/1487/817 1038/1488/818
f 1038/1488/818 1037/1487/817 1039/1489/819
f 1037/1490/817 1032/1480/812 1039/1491/819
f 1039/1491/819 1032/1480/812 1040/1492/820
f 1029/1475/809 1041/1493/821 1042/1494/822
f 1042/1494/822 1041/1493/821 1043/1495/823
f 1041/1496/821 1044/1497/824 1043/1498/823
f 1043/1498/823 1044/1497/824 1045/1499/825
f 1044/1497/824 1046/1500/826 1047/1501/827
f 1047/1501/827 1046/1500/826 1048/1502/828
f 1046/1500/826 1031/1479/811 1048/1502/828
f 1048/1502/828 1031/1479/811 1038/1488/818
f 1047/1501/827 1049/1503/829 1050/1504/830
f 1050/1504/830 1049/1503/829 1051/1505/831
f 1049/1503/829 1040/1492/820 1051/1505/831
f 1051/1505/831 1040/1492/820 1052/1506/832
f 1042/1494/822 1053/1507/833 1022/1466/802
f 1022/1466/802 1053/1507/833 1054/1508/834
f 1053/1509/833 1055/1510/835 1054/1511/834
f 1054/1511/834 1055/1510/835 1056/1512/836
f 1055/1510/835 1057/1513/837 1058/1514/838
f 1058/1514/838 1057/1513/837 1059/1515/839
f 1057/1513/837 1045/1499/825 1059/1515/839
f 1059/1515/839 1045/1499/825 1050/1504/830
f 1058/1514/838 1060/1516/840 1061/1517/841
f 1061/1517/841 1060/1516/840 1062/1518/842
f 1060/1519/840 1052/1506/832 1062/1520/842
f 1062/1520/842 1052/1506/832 1034/1482/814
f 1019/1463/799 1063/1521/843 1036/1486/816
f 1036/1486/816 1063/1521/843 1064/1522/844
f 1063/1521/843 1056/1512/836 1064/1522/844
f 1064/1522/844 1056/1512/836 1061/1517/841
f 1023/1467/803 1025/1469/805 1031/1479/811
f 1031/1479/811 1025/1469/805 1038/1488/818
f 1044/1497/824 1047/1501/827 1045/1499/825
f 1045/1499/825 1047/1501/827 1050/1504/830
f 1055/1510/835 1058/1514/838 1056/1512/836
f 1056/1512/836 1058/1514/838 1061/1517/841
f 1019/1463/799 1036/1486/816 1017/1461/797
f 1017/1461/797 1036/1486/816 1027/1473/807
f 1032/1480/812 1034/1482/814 1040/1492/820
f 1040/1492/820 1034/1482/814 1052/1506/832
f 1022/1466/802 1021/1465/801 1042/1494/822
f 1042/1494/822 1021/1465/801 1029/1475/809
f 1028/1474/808 1021/1465/801 1065/1523/845
f 1065/1523/845 1021/1465/801 1018/1462/798
f 1018/1462/798 1017/1461/797 1065/1524/845
f 1065/1524/845 1017/1461/797 1024/1471/804
f 1024/1468/804 1023/1467/803 1065/1525/845
f 1065/1525/845 1023/1467/803 1028/1477/808
f 1026/1472/806 1027/1473/807 1066/1526/846
f 1066/1526/846 1027/1473/807 1033/1484/813
f 1033/1481/813 1032/1480/812 1066/1527/846
f 1066/1527/846 1032/1480/812 1037/1490/817
f 1037/1487/817 1025/1469/805 1066/1528/846
f 1066/1528/846 1025/1469/805 1026/1470/806
f 1046/1500/826 1044/1497/824 1067/1529/847
f 1067/1529/847 1044/1497/824 1041/1496/821
f 1041/1493/821 1029/1475/809 1067/1530/847
f 1067/1530/847 1029/1475/809 1030/1476/810
f 1030/1478/810 1031/1479/811 1067/1531/847
f 1067/1531/847 1031/1479/811 1046/1500/826
f 1039/1491/819 1040/1492/820 1068/1532/848
f 1068/1532/848 1040/1492/820 1049/1503/829
f 1049/1503/829 1047/1501/827 1068/1533/848
f 1068/1533/848 1047/1501/827 1048/1502/828
f 1048/1502/828 1038/1488/818 1068/1534/848
f 1068/1534/848 1038/1488/818 1039/1489/819
f 1057/1513/837 1055/1510/835 1069/1535/849
f 1069/1535/849 1055/1510/835 1053/1509/833
f 1053/1507/833 1042/1494/822 1069/1536/849
f 1069/1536/849 1042/1494/822 1043/1495/823
f 1043/1498/823 1045/1499/825 1069/1537/849
f 1069/1537/849 1045/1499/825 1057/1513/837
f 1051/1505/831 1052/1506/832 1070/1538/850
f 1070/1538/850 1052/1506/832 1060/1519/840
f 1060/1516/840 1058/1514/838 1070/1539/850
f 1070/1539/850 1058/1514/838 1059/1515/839
f 1059/1515/839 1050/1504/830 1070/1540/850
f 1070/1540/850 1050/1504/830 1051/1505/831
f 1063/1521/843 1019/1463/799 1071/1541/851
f 1071/1541/851 1019/1463/799 1020/1464/800
f 1020/1464/800 1022/1466/802 1071/1542/851
f 1071/1542/851 1022/1466/802 1054/1508/834
f 1054/1511/834 1056/1512/836 1071/1543/851
f 1071/1543/851 1056/1512/836 1063/1521/843
f 1062/1520/842 1034/1482/814 1072/1544/852
f 1072/1544/852 1034/1482/814 1035/1483/815
f 1035/1485/815 1036/1486/816 1072/1545/852
f 1072/1545/852 1036/1486/816 1064/1522/844
f 1064/1522/844 1061/1517/841 1072/1546/852
f 1072/1546/852 1061/1517/841 1062/1518/842
f 1073/1547/797 1074/1548/853 1075/1549/799
f 1075/1549/799 1074/1548/853 1076/1550/854
f 1074/1548/853 1077/1551/855 1076/1550/854
f 1076/1550/854 1077/1551/855 1078/1552/856
f 1079/1553/803 1080/1554/857 1081/1555/805
f 1081/1555/805 1080/1554/857 1082/1556/858
f 1080/1557/857 1073/1547/797 1082/1558/858
f 1082/1558/858 1073/1547/797 1083/1559/807
f 1077/1551/855 1084/1560/859 1085/1561/809
f 1085/1561/809 1084/1560/859 1086/1562/860
f 1084/1563/859 1079/1553/803 1086/1564/860
f 1086/1564/860 1079/1553/803 1087/1565/861
f 1088/1566/812 1089/1567/862 1090/1568/814
f 1090/1568/814 1089/1567/862 1091/1569/863
f 1089/1570/862 1083/1559/807 1091/1571/863
f 1091/1571/863 1083/1559/807 1092/1572/816
f 1081/1555/805 1093/1573/864 1094/1574/865
f 1094/1574/865 1093/1573/864 1095/1575/866
f 1093/1576/864 1088/1566/812 1095/1577/866
f 1095/1577/866 1088/1566/812 1096/1578/820
f 1085/1561/809 1097/1579/867 1098/1580/822
f 1098/1580/822 1097/1579/867 1099/1581/868
f 1097/1582/867 1100/1583/869 1099/1584/868
f 1099/1584/868 1100/1583/869 1101/1585/870
f 1100/1583/869 1102/1586/871 1103/1587/872
f 1103/1587/872 1102/1586/871 1104/1588/873
f 1102/1586/871 1087/1565/861 1104/1588/873
f 1104/1588/873 1087/1565/861 1094/1574/865
f 1103/1587/872 1105/1589/874 1106/1590/875
f 1106/1590/875 1105/1589/874 1107/1591/876
f 1105/1589/874 1096/1578/820 1107/1591/876
f 1107/1591/876 1096/1578/820 1108/1592/877
f 1098/1580/822 1109/1593/878 1078/1552/856
f 1078/1552/856 1109/1593/878 1110/1594/879
f 1109/1595/878 1111/1596/835 1110/1597/879
f 1110/1597/879 1111/1596/835 1112/1598/880
f 1111/1596/835 1113/1599/881 1114/1600/882
f 1114/1600/882 1113/1599/881 1115/1601/839
f 1113/1599/881 1101/1585/870 1115/1601/839
f 1115/1601/839 1101/1585/870 1106/1590/875
f 1114/1600/882 1116/1602/883 1117/1603/884
f 1117/1603/884 1116/1602/883 1118/1604/885
f 1116/1605/883 1108/1592/877 1118/1606/885
f 1118/1606/885 1108/1592/877 1090/1568/814
f 1075/1549/799 1119/1607/843 1092/1572/816
f 1092/1572/816 1119/1607/843 1120/1608/844
f 1119/1607/843 1112/1598/880 1120/1608/844
f 1120/1608/844 1112/1598/880 1117/1603/884
f 1079/1553/803 1081/1555/805 1087/1565/861
f 1087/1565/861 1081/1555/805 1094/1574/865
f 1100/1583/869 1103/1587/872 1101/1585/870
f 1101/1585/870 1103/1587/872 1106/1590/875
f 1111/1596/835 1114/1600/882 1112/1598/880
f 1112/1598/880 1114/1600/882 1117/1603/884
f 1075/1549/799 1092/1572/816 1073/1547/797
f 1073/1547/797 1092/1572/816 1083/1559/807
f 1088/1566/812 1090/1568/814 1096/1578/820
f 1096/1578/820 1090/1568/814 1108/1592/877
f 1078/1552/856 1077/1551/855 1098/1580/822
f 1098/1580/822 1077/1551/855 1085/1561/809
f 1084/1560/859 1077/1551/855 1121/1609/886
f 1121/1609/886 1077/1551/855 1074/1548/853
f 1074/1548/853 1073/1547/797 1121/1610/886
f 1121/1610/886 1073/1547/797 1080/1557/857
f 1080/1554/857 1079/1553/803 1121/1611/886
f 1121/1611/886 1079/1553/803 1084/1563/859
f 1082/1558/858 1083/1559/807 1122/1612/887
f 1122/1612/887 1083/1559/807 1089/1570/862
f 1089/1567/862 1088/1566/812 1122/1613/887
f 1122/1613/887 1088/1566/812 1093/1576/864
f 1093/1573/864 1081/1555/805 1122/1614/887
f 1122/1614/887 1081/1555/805 1082/1556/858
f 1102/1586/871 1100/1583/869 1123/1615/888
f 1123/1615/888 1100/1583/869 1097/1582/867
f 1097/1579/867 1085/1561/809 1123/1616/888
f 1123/1616/888 1085/1561/809 1086/1562/860
f 1086/1564/860 1087/1565/861 1123/1617/888
f 1123/1617/888 1087/1565/861 1102/1586/871
f 1095/1577/866 1096/1578/820 1124/1618/889
f 1124/1618/889 1096/1578/820 1105/1589/874
f 1105/1589/874 1103/1587/872 1124/1619/889
f 1124/1619/889 1103/1587/872 1104/1588/873
f 1104/1588/873 1094/1574/865 1124/1620/889
f 1124/1620/889 1094/1574/865 1095/1575/866
f 1113/1599/881 1111/1596/835 1125/1621/890
f 1125/1621/890 1111/1596/835 1109/1595/878
f 1109/1593/878 1098/1580/822 1125/1622/890
f 1125/1622/890 1098/1580/822 1099/1581/868
f 1099/1584/868 1101/1585/870 1125/1623/890
f 1125/1623/890 1101/1585/870 1113/1599/881
f 1107/1591/876 1108/1592/877 1126/1624/891
f 1126/1624/891 1108/1592/877 1116/1605/883
f 1116/1602/883 1114/1600/882 1126/1625/891
f 1126/1625/891 1114/1600/882 1115/1601/839
f 1115/1601/839 1106/1590/875 1126/1626/891
f 1126/1626/891 1106/1590/875 1107/1591/876
f 1119/1607/843 1075/1549/799 1127/1627/892
f 1127/1627/892 1075/1549/799 1076/1550/854
f 1076/1550/854 1078/1552/856 1127/1628/892
f 1127/1628/892 1078/1552/856 1110/1594/879
f 1110/1597/879 1112/1598/880 1127/1629/892
f 1127/1629/892 1112/1598/880 1119/1607/843
f 1118/1606/885 1090/1568/814 1128/1630/893
f 1128/1630/893 1090/1568/814 1091/1569/863
f 1091/1571/863 1092/1572/816 1128/1631/893
f 1128/1631/893 1092/1572/816 1120/1608/844
f 1120/1608/844 1117/1603/884 1128/1632/893
f 1128/1632/893 1117/1603/884 1118/1604/885
f 1129/1633/872 1130/1634/894 1131/1635/875
f 1131/1635/875 1130/1634/894 1132/1636/895
f 1130/1634/894 1133/1637/896 1132/1636/895
f 1132/1636/895 1133/1637/896 1134/1638/897
f 1135/1639/898 1136/1640/899 1137/1641/900
f 1137/1641/900 1136/1640/899 1138/1642/901
f 1136/1640/899 1129/1633/872 1138/1642/901
f 1138/1642/901 1129/1633/872 1139/1643/869
f 1133/1637/896 1140/1644/902 1141/1645/903
f 1141/1645/903 1140/1644/902 1142/1646/904
f 1140/1647/902 1135/1639/898 1142/1648/904
f 1142/1648/904 1135/1639/898 1143/1649/905
f 1144/1650/906 1145/1651/907 1146/1652/908
f 1146/1652/908 1145/1651/907 1147/1653/909
f 1145/1654/907 1139/1643/869 1147/1655/909
f 1147/1655/909 1139/1643/869 1148/1656/870
f 1137/1641/900 1149/1657/910 1150/1658/911
f 1150/1658/911 1149/1657/910 1151/1659/912
f 1149/1660/910 1144/1650/906 1151/1661/912
f 1151/1661/912 1144/1650/906 1152/1662/913
f 1141/1645/903 1153/1663/914 1154/1664/915
f 1154/1664/915 1153/1663/914 1155/1665/916
f 1153/1666/914 1156/1667/917 1155/1668/916
f 1155/1668/916 1156/1667/917 1157/1669/918
f 1156/1667/917 1158/1670/919 1159/1671/920
f 1159/1671/920 1158/1670/919 1160/1672/921
f 1158/1670/919 1143/1649/905 1160/1672/921
f 1160/1672/921 1143/1649/905 1150/1658/911
f 1159/1671/920 1161/1673/922 1162/1674/923
f 1162/1674/923 1161/1673/922 1163/1675/924
f 1161/1673/922 1152/1662/913 1163/1675/924
f 1163/1675/924 1152/1662/913 1164/1676/925
f 1154/1664/915 1165/1677/926 1134/1638/897
f 1134/1638/897 1165/1677/926 1166/1678/927
f 1165/1679/926 1167/1680/928 1166/1681/927
f 1166/1681/927 1167/1680/928 1168/1682/929
f 1167/1680/928 1169/1683/930 1170/1684/931
f 1170/1684/931 1169/1683/930 1171/1685/932
f 1169/1683/930 1157/1669/918 1171/1685/932
f 1171/1685/932 1157/1669/918 1162/1674/923
f 1170/1684/931 1172/1686/933 1173/1687/934
f 1173/1687/934 1172/1686/933 1174/1688/935
f 1172/1689/933 1164/1676/925 1174/1690/935
f 1174/1690/935 1164/1676/925 1146/1652/908
f 1131/1635/875 1175/1691/936 1148/1656/870
f 1148/1656/870 1175/1691/936 1176/1692/937
f 1175/1693/936 1168/1682/929 1176/1694/937
f 1176/1694/937 1168/1682/929 1173/1687/934
f 1135/1639/898 1137/1641/900 1143/1649/905
f 1143/1649/905 1137/1641/900 1150/1658/911
f 1156/1667/917 1159/1671/920 1157/1669/918
f 1157/1669/918 1159/1671/920 1162/1674/923
f 1167/1680/928 1170/1684/931 1168/1682/929
f 1168/1682/929 1170/1684/931 1173/1687/934
f 1131/1635/875 1148/1656/870 1129/1633/872
f 1129/1633/872 1148/1656/870 1139/1643/869
f 1144/1650/906 1146/1652/908 1152/1662/913
f 1152/1662/913 1146/1652/908 1164/1676/925
f 1134/1638/897 1133/1637/896 1154/1664/915
f 1154/1664/915 1133/1637/896 1141/1645/903
f 1140/1644/902 1133/1637/896 1177/1695/938
f 1177/1695/938 1133/1637/896 1130/1634/894
f 1130/1634/894 1129/1633/872 1177/1696/938
f 1177/1696/938 1129/1633/872 1136/1640/899
f 1136/1640/899 1135/1639/898 1177/1697/938
f 1177/1697/938 1135/1639/898 1140/1647/902
f 1138/1642/901 1139/1643/869 1178/1698/939
f 1178/1698/939 1139/1643/869 1145/1654/907
f 1145/1651/907 1144/1650/906 1178/1699/939
f 1178/1699/939 1144/1650/906 1149/1660/910
f 1149/1657/910 1137/1641/900 1178/1700/939
f 1178/1700/939 1137/1641/900 1138/1642/901
f 1158/1670/919 1156/1667/917 1179/1701/940
f 1179/1701/940 1156/1667/917 1153/1666/914
f 1153/1663/914 1141/1645/903 1179/1702/940
f 1179/1702/940 1141/1645/903 1142/1646/904
f 1142/1648/904 1143/1649/905 1179/1703/940
f 1179/1703/940 1143/1649/905 1158/1670/919
f 1151/1661/912 1152/1662/913 1180/1704/941
f 1180/1704/941 1152/1662/913 1161/1673/922
f 1161/1673/922 1159/1671/920 1180/1705/941
f 1180/1705/941 1159/1671/920 1160/1672/921
f 1160/1672/921 1150/1658/911 1180/1706/941
f 1180/1706/941 1150/1658/911 1151/1659/912
f 1169/1683/930 1167/1680/928 1181/1707/942
f 1181/1707/942 1167/1680/928 1165/1679/926
f 1165/1677/926 1154/1664/915 1181/1708/942
f 1181/1708/942 1154/1664/915 1155/1665/916
f 1155/1668/916 1157/1669/918 1181/1709/942
f 1181/1709/942 1157/1669/918 1169/1683/930
f 1163/1675/924 1164/1676/925 1182/1710/943
f 1182/1710/943 1164/1676/925 1172/1689/933
f 1172/1686/933 1170/1684/931 1182/1711/943
f 1182/1711/943 1170/1684/931 1171/1685/932
f 1171/1685/932 1162/1674/923 1182/1712/943
f 1182/1712/943 1162/1674/923 1163/1675/924
f 1175/1691/936 1131/1635/875 1183/1713/944
f 1183/1713/944 1131/1635/875 1132/1636/895
f 1132/1636/895 1134/1638/897 1183/1714/944
f 1183/1714/944 1134/1638/897 1166/1678/927
f 1166/1681/927 1168/1682/929 1183/1715/944
f 1183/1715/944 1168/1682/929 1175/1693/936
f 1174/1690/935 1146/1652/908 1184/1716/945
f 1184/1716/945 1146/1652/908 1147/1653/909
f 1147/1655/909 1148/1656/870 1184/1717/945
f 1184/1717/945 1148/1656/870 1176/1692/937
f 1176/1694/937 1173/1687/934 1184/1718/945
f 1184/1718/945 1173/1687/934 1174/1688/935
f 1185/1719/827 1186/1720/946 1187/1721/830
f 1187/1721/830 1186/1720/946 1188/1722/947
f 1186/1720/946 1189/1723/896 1188/1722/947
f 1188/1722/947 1189/1723/896 1190/1724/897
f 1191/1725/948 1192/1726/949 1193/1727/950
f 1193/1727/950 1192/1726/949 1194/1728/951
f 1192/1726/949 1185/1719/827 1194/1728/951
f 1194/1728/951 1185/1719/827 1195/1729/824
f 1189/1723/896 1196/1730/952 1197/1731/903
f 1197/1731/903 1196/1730/952 1198/1732/953
f 1196/1733/952 1191/1725/948 1198/1734/953
f 1198/1734/953 1191/1725/948 1199/1735/954
f 1200/1736/906 1201/1737/955 1202/1738/908
f 1202/1738/908 1201/1737/955 1203/1739/956
f 1201/1740/955 1195/1729/824 1203/1741/956
f 1203/1741/956 1195/1729/824 1204/1742/825
f 1193/1727/950 1205/1743/957 1206/1744/958
f 1206/1744/958 1205/1743/957 1207/1745/959
f 1205/1746/957 1200/1736/906 1207/1747/959
f 1207/1747/959 1200/1736/906 1208/1748/913
f 1197/1731/903 1209/1749/960 1210/1750/915
f 1210/1750/915 1209/1749/960 1211/1751/961
f 1209/1752/960 1212/1753/917 1211/1754/961
f 1211/1754/961 1212/1753/917 1213/1755/918
f 1212/1753/917 1214/1756/962 1215/1757/920
f 1215/1757/920 1214/1756/962 1216/1758/963
f 1214/1756/962 1199/1735/954 1216/1758/963
f 1216/1758/963 1199/1735/954 1206/1744/958
f 1215/1757/920 1217/1759/964 1218/1760/923
f 1218/1760/923 1217/1759/964 1219/1761/965
f 1217/1759/964 1208/1748/913 1219/1761/965
f 1219/1761/965 1208/1748/913 1220/1762/925
f 1210/1750/915 1221/1763/966 1190/1724/897
f 1190/1724/897 1221/1763/966 1222/1764/967
f 1221/1765/966 1223/1766/968 1222/1767/967
f 1222/1767/967 1223/1766/968 1224/1768/969
f 1223/1766/968 1225/1769/970 1226/1770/971
f 1226/1770/971 1225/1769/970 1227/1771/972
f 1225/1769/970 1213/1755/918 1227/1771/972
f 1227/1771/972 1213/1755/918 1218/1760/923
f 1226/1770/971 1228/1772/973 1229/1773/974
f 1229/1773/974 1228/1772/973 1230/1774/975
f 1228/1775/973 1220/1762/925 1230/1776/975
f 1230/1776/975 1220/1762/925 1202/1738/908
f 1187/1721/830 1231/1777/976 1204/1742/825
f 1204/1742/825 1231/1777/976 1232/1778/977
f 1231/1779/976 1224/1768/969 1232/1780/977
f 1232/1780/977 1224/1768/969 1229/1773/974
f 1191/1725/948 1193/1727/950 1199/1735/954
f 1199/1735/954 1193/1727/950 1206/1744/958
f 1212/1753/917 1215/1757/920 1213/1755/918
f 1213/1755/918 1215/1757/920 1218/1760/923
f 1223/1766/968 1226/1770/971 1224/1768/969
f 1224/1768/969 1226/1770/971 1229/1773/974
f 1187/1721/830 1204/1742/825 1185/1719/827
f 1185/1719/827 1204/1742/825 1195/1729/824
f 1200/1736/906 1202/1738/908 1208/1748/913
f 1208/1748/913 1202/1738/908 1220/1762/925
f 1190/1724/897 1189/1723/896 1210/1750/915
f 1210/1750/915 1189/1723/896 1197/1731/903
f 1196/1730/952 1189/1723/896 1233/1781/978
f 1233/1781/978 1189/1723/896 1186/1720/946
f 1186/1720/946 1185/1719/827 1233/1782/978
f 1233/1782/978 1185/1719/827 1192/1726/949
f 1192/1726/949 1191/1725/948 1233/1783/978
f 1233/1783/978 1191/1725/948 1196/1733/952
f 1194/1728/951 1195/1729/824 1234/1784/979
f 1234/1784/979 1195/1729/824 1201/1740/955
f 1201/1737/955 1200/1736/906 1234/1785/979
f 1234/1785/979 1200/1736/906 1205/1746/957
f 1205/1743/957 1193/1727/950 1234/1786/979
f 1234/1786/979 1193/1727/950 1194/1728/951
f 1214/1756/962 1212/1753/917 1235/1787/980
f 1235/1787/980 1212/1753/917 1209/1752/960
f 1209/1749/960 1197/1731/903 1235/1788/980
f 1235/1788/980 1197/1731/903 1198/1732/953
f 1198/1734/953 1199/1735/954 1235/1789/980
f 1235/1789/980 1199/1735/954 1214/1756/962
f 1207/1747/959 1208/1748/913 1236/1790/981
f 1236/1790/981 1208/1748/913 1217/1759/964
f 1217/1759/964 1215/1757/920 1236/1791/981
f 1236/1791/981 1215/1757/920 1216/1758/963
f 1216/1758/963 1206/1744/958 1236/1792/981
f 1236/1792/981 1206/1744/958 1207/1745/959
f 1225/1769/970 1223/1766/968 1237/1793/982
f 1237/1793/982 1223/1766/968 1221/1765/966
f 1221/1763/966 1210/1750/915 1237/1794/982
f 1237/1794/982 1210/1750/915 1211/1751/961
f 1211/1754/961 1213/1755/918 1237/1795/982
f 1237/1795/982 1213/1755/918 1225/1769/970
f 1219/1761/965 1220/1762/925 1238/1796/983
f 1238/1796/983 1220/1762/925 1228/1775/973
f 1228/1772/973 1226/1770/971 1238/1797/983
f 1238/1797/983 1226/1770/971 1227/1771/972
f 1227/1771/972 1218/1760/923 1238/1798/983
f 1238/1798/983 1218/1760/923 1219/1761/965
f 1231/1777/976 1187/1721/830 1239/1799/984
f 1239/1799/984 1187/1721/830 1188/1722/947
f 1188/1722/947 1190/1724/897 1239/1800/984
f 1239/1800/984 1190/1724/897 1222/1764/967
f 1222/1767/967 1224/1768/969 1239/1801/984
f 1239/1801/984 1224/1768/969 1231/1779/976
f 1230/1776/975 1202/1738/908 1240/1802/985
f 1240/1802/985 1202/1738/908 1203/1739/956
f 1203/1741/956 1204/1742/825 1240/1803/985
f 1240/1803/985 1204/1742/825 1232/1778/977
f 1232/1780/977 1229/1773/974 1240/1804/985
f 1240/1804/985 1229/1773/974 1230/1774/975
s off
