# Apple ModelIO OBJ File: Wire2
mtllib Wire2.mtl
g Wire2_Wire2SG
v -13.3531 29.3274 12.0935
v -13.3669 29.3015 12.1642
v -11.6886 28.5698 12.0935
v -11.6994 28.5426 12.1642
v -13.4002 29.2392 12.1935
v -11.7253 28.4768 12.1935
v -13.4335 29.1768 12.1642
v -11.7512 28.411 12.1642
v -13.4472 29.1509 12.0935
v -11.7619 28.3837 12.0935
v -13.4335 29.1768 12.0228
v -11.7512 28.411 12.0228
v -13.4002 29.2392 11.9935
v -11.7253 28.4768 11.9935
v -13.3669 29.3015 12.0228
v -11.6994 28.5426 12.0228
v -9.95695 27.9611 12.0935
v -9.96577 27.9332 12.1642
v -9.98707 27.8657 12.1935
v -10.0084 27.7983 12.1642
v -10.0172 27.7704 12.0935
v -10.0084 27.7983 12.0228
v -9.98707 27.8657 11.9935
v -9.96577 27.9332 12.0228
v -8.19209 27.4509 12.0935
v -8.19961 27.4226 12.1642
v -8.21777 27.3542 12.1935
v -8.23593 27.2859 12.1642
v -8.24345 27.2576 12.0935
v -8.23593 27.2859 12.0228
v -8.21777 27.3542 11.9935
v -8.19961 27.4226 12.0228
v -6.40681 27.0092 12.0935
v -6.4134 26.9807 12.1642
v -6.42932 26.9118 12.1935
v -6.44524 26.8429 12.1642
v -6.45184 26.8144 12.0935
v -6.44524 26.8429 12.0228
v -6.42932 26.9118 11.9935
v -6.4134 26.9807 12.0228
v -4.73661 26.6467 12.0935
v -4.74242 26.618 12.1642
v -4.75647 26.5487 12.1935
v -4.77051 26.4794 12.1642
v -4.77633 26.4507 12.0935
v -4.77051 26.4794 12.0228
v -4.75647 26.5487 11.9935
v -4.74242 26.618 12.0228
v -3.0569 26.3308 12.0935
v -3.06191 26.3019 12.1642
v -3.07403 26.2323 12.1935
v -3.08614 26.1626 12.1642
v -3.09116 26.1337 12.0935
v -3.08614 26.1626 12.0228
v -3.07403 26.2323 11.9935
v -3.06191 26.3019 12.0228
v -1.36881 26.0593 12.0935
v -1.37312 26.0303 12.1642
v -1.38351 25.9603 12.1935
v -1.3939 25.8904 12.1642
v -1.39821 25.8614 12.0935
v -1.3939 25.8904 12.0228
v -1.38351 25.9603 11.9935
v -1.37312 26.0303 12.0228
v 0.324882 25.8255 12.0935
v 0.321154 25.7964 12.1642
v 0.312152 25.7263 12.1935
v 0.303151 25.6561 12.1642
v 0.299423 25.6271 12.0935
v 0.303151 25.6561 12.0228
v 0.312152 25.7263 11.9935
v 0.321154 25.7964 12.0228
v 2.02377 25.6212 12.0935
v 2.02049 25.592 12.1642
v 2.01255 25.5218 12.1935
v 2.00461 25.4515 12.1642
v 2.00133 25.4224 12.0935
v 2.00461 25.4515 12.0228
v 2.01255 25.5218 11.9935
v 2.02049 25.592 12.0228
v 3.72469 25.4404 12.0935
v 3.72179 25.4112 12.1642
v 3.71479 25.3408 12.1935
v 3.70778 25.2705 12.1642
v 3.70488 25.2413 12.0935
v 3.70778 25.2705 12.0228
v 3.71479 25.3408 11.9935
v 3.72179 25.4112 12.0228
v 5.42827 25.2827 12.0935
v 5.42578 25.2536 12.1642
v 5.41977 25.1831 12.1935
v 5.41375 25.1127 12.1642
v 5.41126 25.0835 12.0935
v 5.41375 25.1127 12.0228
v 5.41977 25.1831 11.9935
v 5.42578 25.2536 12.0228
v 7.13297 25.1499 12.0935
v 7.13091 25.1207 12.1642
v 7.12596 25.0502 12.1935
v 7.121 24.9796 12.1642
v 7.11895 24.9504 12.0935
v 7.121 24.9796 12.0228
v 7.12596 25.0502 11.9935
v 7.13091 25.1207 12.0228
v 8.84076 25.0436 12.0935
v 8.83918 25.0144 12.1642
v 8.83536 24.9438 12.1935
v 8.83155 24.8731 12.1642
v 8.82997 24.8439 12.0935
v 8.83155 24.8731 12.0228
v 8.83536 24.9438 11.9935
v 8.83918 25.0144 12.0228
v 10.5496 24.9661 12.0935
v 10.5485 24.9368 12.1642
v 10.5459 24.8662 12.1935
v 10.5434 24.7955 12.1642
v 10.5423 24.7662 12.0935
v 10.5434 24.7955 12.0228
v 10.5459 24.8662 11.9935
v 10.5485 24.9368 12.0228
v 12.2583 24.9201 12.0935
v 12.2578 24.8908 12.1642
v 12.2566 24.8201 12.1935
v 12.2554 24.7494 12.1642
v 12.2549 24.7202 12.0935
v 12.2554 24.7494 12.0228
v 12.2566 24.8201 11.9935
v 12.2578 24.8908 12.0228
v 13.9691 24.9089 12.0935
v 13.9692 24.8796 12.1642
v 13.9695 24.8089 12.1935
v 13.9698 24.7382 12.1642
v 13.9699 24.7089 12.0935
v 13.9698 24.7382 12.0228
v 13.9695 24.8089 11.9935
v 13.9692 24.8796 12.0228
v 15.6787 24.9361 12.0935
v 15.6795 24.9068 12.1642
v 15.6814 24.8362 12.1935
v 15.6833 24.7655 12.1642
v 15.6841 24.7362 12.0935
v 15.6833 24.7655 12.0228
v 15.6814 24.8362 11.9935
v 15.6795 24.9068 12.0228
v 17.3873 25.0022 12.0935
v 17.3888 24.973 12.1642
v 17.3923 24.9023 12.1935
v 17.3958 24.8317 12.1642
v 17.3973 24.8025 12.0935
v 17.3958 24.8317 12.0228
v 17.3923 24.9023 11.9935
v 17.3888 24.973 12.0228
v 19.0944 25.1059 12.0935
v 19.0965 25.0767 12.1642
v 19.1016 25.0061 12.1935
v 19.1066 24.9356 12.1642
v 19.1087 24.9064 12.0935
v 19.1066 24.9356 12.0228
v 19.1016 25.0061 11.9935
v 19.0965 25.0767 12.0228
v 20.7982 25.2461 12.0935
v 20.8009 25.2169 12.1642
v 20.8075 25.1465 12.1935
v 20.814 25.0761 12.1642
v 20.8167 25.0469 12.0935
v 20.814 25.0761 12.0228
v 20.8075 25.1465 11.9935
v 20.8009 25.2169 12.0228
v 22.4991 25.4223 12.0935
v 22.5025 25.3932 12.1642
v 22.5105 25.3229 12.1935
v 22.5185 25.2527 12.1642
v 22.5218 25.2236 12.0935
v 22.5185 25.2527 12.0228
v 22.5105 25.3229 11.9935
v 22.5025 25.3932 12.0228
v 24.196 25.6342 12.0935
v 24.1999 25.6052 12.1642
v 24.2094 25.5351 12.1935
v 24.2189 25.4651 12.1642
v 24.2229 25.436 12.0935
v 24.2189 25.4651 12.0228
v 24.2094 25.5351 11.9935
v 24.1999 25.6052 12.0228
v 25.8879 25.8822 12.0935
v 25.8924 25.8532 12.1642
v 25.9034 25.7834 12.1935
v 25.9144 25.7135 12.1642
v 25.919 25.6846 12.0935
v 25.9144 25.7135 12.0228
v 25.9034 25.7834 11.9935
v 25.8924 25.8532 12.0228
v 27.5739 26.1667 12.0935
v 27.579 26.1379 12.1642
v 27.5916 26.0683 12.1935
v 27.6041 25.9987 12.1642
v 27.6093 25.9699 12.0935
v 27.6041 25.9987 12.0228
v 27.5916 26.0683 11.9935
v 27.579 26.1379 12.0228
v 29.3224 26.5036 12.0935
v 29.3283 26.4749 12.1642
v 29.3426 26.4057 12.1935
v 29.3568 26.3364 12.1642
v 29.3627 26.3077 12.0935
v 29.3568 26.3364 12.0228
v 29.3426 26.4057 11.9935
v 29.3283 26.4749 12.0228
v 31.0624 26.8844 12.0935
v 31.0691 26.8558 12.1642
v 31.0851 26.787 12.1935
v 31.1011 26.7181 12.1642
v 31.1077 26.6896 12.0935
v 31.1011 26.7181 12.0228
v 31.0851 26.787 11.9935
v 31.0691 26.8558 12.0228
v 32.7917 27.3099 12.0935
v 32.799 27.2815 12.1642
v 32.8168 27.2131 12.1935
v 32.8346 27.1446 12.1642
v 32.8419 27.1163 12.0935
v 32.8346 27.1446 12.0228
v 32.8168 27.2131 11.9935
v 32.799 27.2815 12.0228
v 34.5096 27.7794 12.0935
v 34.5177 27.7512 12.1642
v 34.5372 27.6833 12.1935
v 34.5566 27.6153 12.1642
v 34.5647 27.5871 12.0935
v 34.5566 27.6153 12.0228
v 34.5372 27.6833 11.9935
v 34.5177 27.7512 12.0228
v 36.216 28.2903 12.0935
v 36.2247 28.2624 12.1642
v 36.2458 28.1949 12.1935
v 36.2668 28.1273 12.1642
v 36.2755 28.0994 12.0935
v 36.2668 28.1273 12.0228
v 36.2458 28.1949 11.9935
v 36.2247 28.2624 12.0228
v 37.9111 28.8387 12.0935
v 37.9203 28.8109 12.1642
v 37.9428 28.7439 12.1935
v 37.9652 28.6768 12.1642
v 37.9745 28.649 12.0935
v 37.9652 28.6768 12.0228
v 37.9428 28.7439 11.9935
v 37.9203 28.8109 12.0228
v 39.5955 29.4197 12.0935
v 39.6053 29.3921 12.1642
v 39.6289 29.3255 12.1935
v 39.6525 29.2588 12.1642
v 39.6623 29.2312 12.0935
v 39.6525 29.2588 12.0228
v 39.6289 29.3255 11.9935
v 39.6053 29.3921 12.0228
v -13.3469 29.259 14.686
v -11.058 28.6957 14.686
v -13.3283 29.2817 14.6153
v -11.0469 28.722 14.6153
v -13.3918 29.2044 14.7153
v -11.085 28.6324 14.7153
v -13.4367 29.1498 14.686
v -11.112 28.569 14.686
v -13.4553 29.1272 14.6153
v -11.1231 28.5427 14.6153
v -13.4367 29.1498 14.5446
v -11.112 28.569 14.5446
v -13.3918 29.2044 14.5153
v -11.085 28.6324 14.5153
v -13.3469 29.259 14.5446
v -11.058 28.6957 14.5446
v -9.08325 28.3138 14.686
v -9.07598 28.3419 14.6153
v -9.10078 28.2462 14.7153
v -9.11831 28.1785 14.686
v -9.12557 28.1505 14.6153
v -9.11831 28.1785 14.5446
v -9.10078 28.2462 14.5153
v -9.08325 28.3138 14.5446
v -7.0919 28.0268 14.686
v -7.08871 28.0559 14.6153
v -7.09961 27.9565 14.7153
v -7.10732 27.8862 14.686
v -7.11052 27.8571 14.6153
v -7.10732 27.8862 14.5446
v -7.09961 27.9565 14.5153
v -7.0919 28.0268 14.5446
v -5.42409 27.8816 14.6153
v -5.42701 27.8524 14.686
v -5.43406 27.7821 14.7153
v -5.44111 27.7117 14.686
v -5.44403 27.6826 14.6153
v -5.44111 27.7117 14.5446
v -5.43406 27.7821 14.5153
v -5.42701 27.8524 14.5446
v -3.75691 27.7213 14.6153
v -3.75959 27.6921 14.686
v -3.76609 27.6217 14.7153
v -3.77258 27.5513 14.686
v -3.77527 27.5222 14.6153
v -3.77258 27.5513 14.5446
v -3.76609 27.6217 14.5153
v -3.75959 27.6921 14.5446
v -2.08955 27.5737 14.6153
v -2.09203 27.5445 14.686
v -2.09802 27.474 14.7153
v -2.104 27.4036 14.686
v -2.10648 27.3744 14.6153
v -2.104 27.4036 14.5446
v -2.09802 27.474 14.5153
v -2.09203 27.5445 14.5446
v -0.420208 27.4377 14.6153
v -0.422484 27.4085 14.686
v -0.427979 27.338 14.7153
v -0.433474 27.2675 14.686
v -0.43575 27.2383 14.6153
v -0.433474 27.2675 14.5446
v -0.427979 27.338 14.5153
v -0.422484 27.4085 14.5446
v 1.24873 27.3135 14.6153
v 1.24666 27.2843 14.686
v 1.24166 27.2137 14.7153
v 1.23666 27.1432 14.686
v 1.23459 27.114 14.6153
v 1.23666 27.1432 14.5446
v 1.24166 27.2137 14.5153
v 1.24666 27.2843 14.5446
v 2.92006 27.201 14.6153
v 2.9182 27.1718 14.686
v 2.91371 27.1012 14.7153
v 2.90922 27.0307 14.686
v 2.90737 27.0014 14.6153
v 2.90922 27.0307 14.5446
v 2.91371 27.1012 14.5153
v 2.9182 27.1718 14.5446
v 4.59149 27.1011 14.6153
v 4.58985 27.0719 14.686
v 4.58591 27.0013 14.7153
v 4.58196 26.9307 14.686
v 4.58033 26.9014 14.6153
v 4.58196 26.9307 14.5446
v 4.58591 27.0013 14.5153
v 4.58985 27.0719 14.5446
v 6.26345 27.0145 14.6153
v 6.26206 26.9853 14.686
v 6.25871 26.9147 14.7153
v 6.25535 26.844 14.686
v 6.25396 26.8148 14.6153
v 6.25535 26.844 14.5446
v 6.25871 26.9147 14.5153
v 6.26206 26.9853 14.5446
v 7.93602 26.9427 14.6153
v 7.9349 26.9134 14.686
v 7.9322 26.8427 14.7153
v 7.92949 26.7721 14.686
v 7.92837 26.7428 14.6153
v 7.92949 26.7721 14.5446
v 7.9322 26.8427 14.5153
v 7.9349 26.9134 14.5446
v 9.6091 26.8872 14.6153
v 9.60828 26.8579 14.686
v 9.60631 26.7872 14.7153
v 9.60434 26.7165 14.686
v 9.60353 26.6872 14.6153
v 9.60434 26.7165 14.5446
v 9.60631 26.7872 14.5153
v 9.60828 26.8579 14.5446
v 11.2826 26.8498 14.6153
v 11.2821 26.8206 14.686
v 11.2809 26.7499 14.7153
v 11.2798 26.6792 14.686
v 11.2793 26.6499 14.6153
v 11.2798 26.6792 14.5446
v 11.2809 26.7499 14.5153
v 11.2821 26.8206 14.5446
v 12.9566 26.831 14.6153
v 12.9564 26.8017 14.686
v 12.956 26.731 14.7153
v 12.9556 26.6603 14.686
v 12.9554 26.631 14.6153
v 12.9556 26.6603 14.5446
v 12.956 26.731 14.5153
v 12.9564 26.8017 14.5446
v 14.6308 26.8304 14.6153
v 14.631 26.8011 14.686
v 14.6313 26.7304 14.7153
v 14.6317 26.6597 14.686
v 14.6319 26.6304 14.6153
v 14.6317 26.6597 14.5446
v 14.6313 26.7304 14.5153
v 14.631 26.8011 14.5446
v 16.3043 26.8481 14.6153
v 16.3047 26.8188 14.686
v 16.3059 26.7481 14.7153
v 16.307 26.6774 14.686
v 16.3075 26.6482 14.6153
v 16.307 26.6774 14.5446
v 16.3059 26.7481 14.5153
v 16.3047 26.8188 14.5446
v 17.9779 26.8842 14.6153
v 17.9787 26.8549 14.686
v 17.9806 26.7842 14.7153
v 17.9825 26.7135 14.686
v 17.9833 26.6842 14.6153
v 17.9825 26.7135 14.5446
v 17.9806 26.7842 14.5153
v 17.9787 26.8549 14.5446
v 19.6511 26.9387 14.6153
v 19.6522 26.9094 14.686
v 19.6549 26.8387 14.7153
v 19.6576 26.7681 14.686
v 19.6587 26.7388 14.6153
v 19.6576 26.7681 14.5446
v 19.6549 26.8387 14.5153
v 19.6522 26.9094 14.5446
v 21.3236 27.0119 14.6153
v 21.325 26.9826 14.686
v 21.3285 26.912 14.7153
v 21.332 26.8414 14.686
v 21.3335 26.8121 14.6153
v 21.332 26.8414 14.5446
v 21.3285 26.912 14.5153
v 21.325 26.9826 14.5446
v 22.9952 27.1043 14.6153
v 22.997 27.075 14.686
v 23.0013 27.0045 14.7153
v 23.0056 26.9339 14.686
v 23.0074 26.9047 14.6153
v 23.0056 26.9339 14.5446
v 23.0013 27.0045 14.5153
v 22.997 27.075 14.5446
v 24.6646 27.2164 14.6153
v 24.6668 27.1872 14.686
v 24.6719 27.1167 14.7153
v 24.6771 27.0461 14.686
v 24.6792 27.0169 14.6153
v 24.6771 27.0461 14.5446
v 24.6719 27.1167 14.5153
v 24.6668 27.1872 14.5446
v 26.3338 27.3493 14.6153
v 26.3363 27.3201 14.686
v 26.3424 27.2497 14.7153
v 26.3485 27.1792 14.686
v 26.351 27.15 14.6153
v 26.3485 27.1792 14.5446
v 26.3424 27.2497 14.5153
v 26.3363 27.3201 14.5446
v 28 27.5042 14.6153
v 28.0029 27.475 14.686
v 28.01 27.4046 14.7153
v 28.017 27.3343 14.686
v 28.0199 27.3051 14.6153
v 28.017 27.3343 14.5446
v 28.01 27.4046 14.5153
v 28.0029 27.475 14.5446
v 29.6639 27.6827 14.6153
v 29.6672 27.6536 14.686
v 29.6753 27.5834 14.7153
v 29.6834 27.5131 14.686
v 29.6867 27.484 14.6153
v 29.6834 27.5131 14.5446
v 29.6753 27.5834 14.5153
v 29.6672 27.6536 14.5446
v 31.3246 27.8863 14.6153
v 31.3284 27.8572 14.686
v 31.3376 27.7871 14.7153
v 31.3467 27.717 14.686
v 31.3505 27.6879 14.6153
v 31.3467 27.717 14.5446
v 31.3376 27.7871 14.5153
v 31.3284 27.8572 14.5446
v 32.9826 28.1153 14.6153
v 32.9869 28.0863 14.686
v 32.9971 28.0163 14.7153
v 33.0073 27.9463 14.686
v 33.0115 27.9173 14.6153
v 33.0073 27.9463 14.5446
v 32.9971 28.0163 14.5153
v 32.9869 28.0863 14.5446
v 34.6371 28.3687 14.6153
v 34.6418 28.3397 14.686
v 34.653 28.2699 14.7153
v 34.6641 28.2001 14.686
v 34.6688 28.1712 14.6153
v 34.6641 28.2001 14.5446
v 34.653 28.2699 14.5153
v 34.6418 28.3397 14.5446
v 36.2883 28.6436 14.6153
v 36.2932 28.6147 14.686
v 36.3052 28.545 14.7153
v 36.3172 28.4753 14.686
v 36.3222 28.4465 14.6153
v 36.3172 28.4753 14.5446
v 36.3052 28.545 14.5153
v 36.2932 28.6147 14.5446
v 37.9368 28.9347 14.6153
v 37.942 28.9059 14.686
v 37.9545 28.8363 14.7153
v 37.9671 28.7667 14.686
v 37.9723 28.7379 14.6153
v 37.9671 28.7667 14.5446
v 37.9545 28.8363 14.5153
v 37.942 28.9059 14.5446
v 39.5843 29.2347 14.6153
v 39.5895 29.2059 14.686
v 39.6023 29.1363 14.7153
v 39.615 29.0668 14.686
v 39.6203 29.038 14.6153
v 39.615 29.0668 14.5446
v 39.6023 29.1363 14.5153
v 39.5895 29.2059 14.5446
v -13.5087 29.2685 8.38658
v -13.5114 29.2393 8.45729
v -11.6284 28.9921 8.38658
v -11.6318 28.963 8.45729
v -13.5178 29.1689 8.48658
v -11.64 28.8928 8.48658
v -13.5243 29.0985 8.45729
v -11.6481 28.8225 8.45729
v -13.5269 29.0693 8.38658
v -11.6515 28.7935 8.38658
v -13.5243 29.0985 8.31587
v -11.6481 28.8225 8.31587
v -13.5178 29.1689 8.28658
v -11.64 28.8928 8.28658
v -13.5114 29.2393 8.31587
v -11.6318 28.963 8.31587
v -9.74953 28.7071 8.38658
v -9.7536 28.6781 8.45729
v -9.76343 28.6081 8.48658
v -9.77326 28.5381 8.45729
v -9.77733 28.5092 8.38658
v -9.77326 28.5381 8.31587
v -9.76343 28.6081 8.28658
v -9.7536 28.6781 8.31587
v -7.97842 28.4192 8.38658
v -7.98252 28.3902 8.45729
v -7.99243 28.3202 8.48658
v -8.00233 28.2502 8.45729
v -8.00643 28.2212 8.38658
v -8.00233 28.2502 8.31587
v -7.99243 28.3202 8.28658
v -7.98252 28.3902 8.31587
v -6.24556 28.1626 8.38658
v -6.24942 28.1336 8.45729
v -6.25873 28.0635 8.48658
v -6.26805 27.9934 8.45729
v -6.2719 27.9644 8.38658
v -6.26805 27.9934 8.31587
v -6.25873 28.0635 8.28658
v -6.24942 28.1336 8.31587
v -4.58975 27.9622 8.38658
v -4.59295 27.9331 8.45729
v -4.6007 27.8628 8.48658
v -4.60844 27.7925 8.45729
v -4.61165 27.7634 8.38658
v -4.60844 27.7925 8.31587
v -4.6007 27.8628 8.28658
v -4.59295 27.9331 8.31587
v -2.93015 27.7947 8.38658
v -2.93284 27.7656 8.45729
v -2.93934 27.6951 8.48658
v -2.94584 27.6247 8.45729
v -2.94853 27.5956 8.38658
v -2.94584 27.6247 8.31587
v -2.93934 27.6951 8.28658
v -2.93284 27.7656 8.31587
v -1.26799 27.653 8.38658
v -1.27029 27.6238 8.45729
v -1.27586 27.5533 8.48658
v -1.28142 27.4828 8.45729
v -1.28373 27.4536 8.38658
v -1.28142 27.4828 8.31587
v -1.27586 27.5533 8.28658
v -1.27029 27.6238 8.31587
v 0.396802 27.5302 8.38658
v 0.394787 27.501 8.45729
v 0.389923 27.4305 8.48658
v 0.385059 27.3599 8.45729
v 0.383045 27.3307 8.38658
v 0.385059 27.3599 8.31587
v 0.389923 27.4305 8.28658
v 0.394787 27.501 8.31587
v 2.06258 27.4225 8.38658
v 2.0608 27.3932 8.45729
v 2.05652 27.3227 8.48658
v 2.05224 27.2521 8.45729
v 2.05047 27.2228 8.38658
v 2.05224 27.2521 8.31587
v 2.05652 27.3227 8.28658
v 2.0608 27.3932 8.31587
v 3.72893 27.3277 8.38658
v 3.72737 27.2985 8.45729
v 3.72361 27.2279 8.48658
v 3.71986 27.1572 8.45729
v 3.7183 27.128 8.38658
v 3.71986 27.1572 8.31587
v 3.72361 27.2279 8.28658
v 3.72737 27.2985 8.31587
v 5.39612 27.2449 8.38658
v 5.39477 27.2157 8.45729
v 5.39151 27.145 8.48658
v 5.38825 27.0744 8.45729
v 5.3869 27.0451 8.38658
v 5.38825 27.0744 8.31587
v 5.39151 27.145 8.28658
v 5.39477 27.2157 8.31587
v 7.06374 27.1737 8.38658
v 7.06259 27.1445 8.45729
v 7.05982 27.0738 8.48658
v 7.05706 27.0032 8.45729
v 7.05591 26.9739 8.38658
v 7.05706 27.0032 8.31587
v 7.05982 27.0738 8.28658
v 7.06259 27.1445 8.31587
v 8.73182 27.1143 8.38658
v 8.73088 27.0851 8.45729
v 8.72862 27.0144 8.48658
v 8.72636 26.9437 8.45729
v 8.72542 26.9144 8.38658
v 8.72636 26.9437 8.31587
v 8.72862 27.0144 8.28658
v 8.73088 27.0851 8.31587
v 10.4002 27.0673 8.38658
v 10.3995 27.038 8.45729
v 10.3978 26.9673 8.48658
v 10.3961 26.8967 8.45729
v 10.3954 26.8674 8.38658
v 10.3961 26.8967 8.31587
v 10.3978 26.9673 8.28658
v 10.3995 27.038 8.31587
v 12.0696 27.0339 8.38658
v 12.0691 27.0046 8.45729
v 12.068 26.9339 8.48658
v 12.0669 26.8632 8.45729
v 12.0665 26.8339 8.38658
v 12.0669 26.8632 8.31587
v 12.068 26.9339 8.28658
v 12.0691 27.0046 8.31587
v 13.7376 27.0159 8.38658
v 13.7374 26.9866 8.45729
v 13.737 26.9159 8.48658
v 13.7366 26.8452 8.45729
v 13.7365 26.8159 8.38658
v 13.7366 26.8452 8.31587
v 13.737 26.9159 8.28658
v 13.7374 26.9866 8.31587
v 15.4063 27.0164 8.38658
v 15.4065 26.9871 8.45729
v 15.4069 26.9164 8.48658
v 15.4074 26.8457 8.45729
v 15.4076 26.8164 8.38658
v 15.4074 26.8457 8.31587
v 15.4069 26.9164 8.28658
v 15.4065 26.9871 8.31587
v 17.0751 27.0383 8.38658
v 17.0757 27.009 8.45729
v 17.0771 26.9383 8.48658
v 17.0785 26.8676 8.45729
v 17.0791 26.8383 8.38658
v 17.0785 26.8676 8.31587
v 17.0771 26.9383 8.28658
v 17.0757 27.009 8.31587
v 18.7425 27.0834 8.38658
v 18.7435 27.0541 8.45729
v 18.7459 26.9834 8.48658
v 18.7483 26.9128 8.45729
v 18.7494 26.8835 8.38658
v 18.7483 26.9128 8.31587
v 18.7459 26.9834 8.28658
v 18.7435 27.0541 8.31587
v 20.4095 27.1532 8.38658
v 20.411 27.124 8.45729
v 20.4145 27.0533 8.48658
v 20.418 26.9827 8.45729
v 20.4194 26.9535 8.38658
v 20.418 26.9827 8.31587
v 20.4145 27.0533 8.28658
v 20.411 27.124 8.31587
v 22.0753 27.2489 8.38658
v 22.0772 27.2197 8.45729
v 22.0818 27.1491 8.48658
v 22.0864 27.0786 8.45729
v 22.0883 27.0493 8.38658
v 22.0864 27.0786 8.31587
v 22.0818 27.1491 8.28658
v 22.0772 27.2197 8.31587
v 23.7393 27.3708 8.38658
v 23.7416 27.3416 8.45729
v 23.7473 27.2711 8.48658
v 23.7531 27.2006 8.45729
v 23.7554 27.1714 8.38658
v 23.7531 27.2006 8.31587
v 23.7473 27.2711 8.28658
v 23.7416 27.3416 8.31587
v 25.401 27.5182 8.38658
v 25.4038 27.489 8.45729
v 25.4106 27.4186 8.48658
v 25.4174 27.3482 8.45729
v 25.4202 27.3191 8.38658
v 25.4174 27.3482 8.31587
v 25.4106 27.4186 8.28658
v 25.4038 27.489 8.31587
v 27.0605 27.689 8.38658
v 27.0637 27.6599 8.45729
v 27.0714 27.5896 8.48658
v 27.0791 27.5193 8.45729
v 27.0823 27.4902 8.38658
v 27.0791 27.5193 8.31587
v 27.0714 27.5896 8.28658
v 27.0637 27.6599 8.31587
v 28.718 27.8799 8.38658
v 28.7215 27.8508 8.45729
v 28.7299 27.7806 8.48658
v 28.7384 27.7104 8.45729
v 28.7419 27.6813 8.38658
v 28.7384 27.7104 8.31587
v 28.7299 27.7806 8.28658
v 28.7215 27.8508 8.31587
v 30.4288 28.093 8.38658
v 30.4326 28.064 8.45729
v 30.4415 27.9938 8.48658
v 30.4505 27.9237 8.45729
v 30.4543 27.8946 8.38658
v 30.4505 27.9237 8.31587
v 30.4415 27.9938 8.28658
v 30.4326 28.064 8.31587
v 32.1389 28.3167 8.38658
v 32.1427 28.2877 8.45729
v 32.152 28.2176 8.48658
v 32.1613 28.1475 8.45729
v 32.1652 28.1184 8.38658
v 32.1613 28.1475 8.31587
v 32.152 28.2176 8.28658
v 32.1427 28.2877 8.31587
v 33.8486 28.5448 8.38658
v 33.8525 28.5157 8.45729
v 33.8619 28.4456 8.48658
v 33.8712 28.3756 8.45729
v 33.8751 28.3465 8.38658
v 33.8712 28.3756 8.31587
v 33.8619 28.4456 8.28658
v 33.8525 28.5157 8.31587
v 35.5589 28.7709 8.38658
v 35.5627 28.7418 8.45729
v 35.5718 28.6717 8.48658
v 35.581 28.6016 8.45729
v 35.5848 28.5725 8.38658
v 35.581 28.6016 8.31587
v 35.5718 28.6717 8.28658
v 35.5627 28.7418 8.31587
v 37.2705 28.9884 8.38658
v 37.2741 28.9593 8.45729
v 37.2828 28.8891 8.48658
v 37.2914 28.8189 8.45729
v 37.295 28.7899 8.38658
v 37.2914 28.8189 8.31587
v 37.2828 28.8891 8.28658
v 37.2741 28.9593 8.31587
v 38.9843 29.1905 8.38658
v 38.9875 29.1614 8.45729
v 38.9954 29.0911 8.48658
v 39.0033 29.0209 8.45729
v 39.0065 28.9917 8.38658
v 39.0033 29.0209 8.31587
v 38.9954 29.0911 8.28658
v 38.9875 29.1614 8.31587
v 39.7993 29.2206 8.45729
v 39.7993 29.2497 8.38658
v 39.7993 29.1502 8.48658
v 39.7993 29.0798 8.45729
v 39.7993 29.0506 8.38658
v 39.7993 29.0798 8.31587
v 39.7993 29.1502 8.28658
v 39.7993 29.2206 8.31587
vn 0.414256 0.91016 -0
vn 0.289828 0.636769 0.71451
vn 0.373321 0.927702 -0
vn 0.261799 0.6507 0.712777
vn -0.006737 -0.014783 0.999868
vn -0.004411 -0.010711 0.999933
vn -0.296567 -0.651494 0.698286
vn -0.266191 -0.661405 0.701203
vn -0.41431 -0.910136 0
vn -0.373292 -0.927714 0
vn -0.296571 -0.651493 -0.698286
vn -0.26619 -0.661405 -0.701203
vn -0.006737 -0.014783 -0.999868
vn -0.004409 -0.010711 -0.999933
vn 0.289825 0.63677 -0.71451
vn 0.261799 0.6507 -0.712776
vn 0.304817 0.952411 0
vn 0.214407 0.66998 0.710744
vn -0.002267 -0.006994 0.999973
vn -0.216673 -0.676978 0.703387
vn -0.304804 -0.952415 -0
vn -0.21667 -0.676979 -0.703388
vn -0.002269 -0.006994 -0.999973
vn 0.21441 0.669979 -0.710743
vn 0.25898 0.965883 0
vn 0.182465 0.680544 0.709624
vn -0.001316 -0.004877 0.999987
vn -0.183785 -0.685434 0.70456
vn -0.258974 -0.965884 -0
vn -0.183785 -0.685434 -0.704559
vn -0.00132 -0.004877 -0.999987
vn 0.182467 0.680544 -0.709623
vn 0.226672 0.973971 -1e-06
vn 0.159853 0.686874 0.708979
vn -0.000857 -0.003661 0.999993
vn -0.16071 -0.690547 0.705207
vn -0.226666 -0.973973 0
vn -0.16071 -0.690547 -0.705207
vn -0.000856 -0.00366 -0.999993
vn 0.159854 0.686877 -0.708976
vn 0.198504 0.9801 -0
vn 0.140002 0.691259 0.708915
vn -0.000721 -0.003556 0.999994
vn -0.140725 -0.694816 0.705285
vn -0.198503 -0.9801 0
vn -0.140723 -0.694816 -0.705286
vn -0.00072 -0.003554 -0.999994
vn 0.140005 0.691257 -0.708916
vn 0.17184 0.985125 0
vn 0.121213 0.694895 0.708822
vn -0.000595 -0.003394 0.999994
vn -0.121806 -0.698283 0.705383
vn -0.171839 -0.985125 -0
vn -0.121805 -0.698283 -0.705383
vn -0.000594 -0.003394 -0.999994
vn 0.121212 0.694891 -0.708826
vn 0.147782 0.98902 -0
vn 0.104283 0.697907 0.708555
vn -0.000431 -0.002878 0.999996
vn -0.104712 -0.700778 0.705653
vn -0.147782 -0.98902 0
vn -0.104713 -0.700778 -0.705653
vn -0.000434 -0.002878 -0.999996
vn 0.104279 0.697908 -0.708555
vn 0.128072 0.991765 -0
vn 0.090416 0.700157 0.708241
vn -0.000291 -0.002261 0.999997
vn -0.090707 -0.70241 0.705969
vn -0.128072 -0.991765 0
vn -0.090707 -0.70241 -0.705969
vn -0.000296 -0.00226 -0.999997
vn 0.090413 0.700157 -0.708242
vn 0.112556 0.993645 -0
vn 0.079489 0.701721 0.708004
vn -0.000203 -0.001794 0.999998
vn -0.079691 -0.703512 0.706201
vn -0.112556 -0.993645 0
vn -0.079692 -0.703512 -0.706201
vn -0.000204 -0.001794 -0.999998
vn 0.079488 0.701721 -0.708004
vn 0.098913 0.995096 -0
vn 0.069854 0.702755 0.707995
vn -0.000177 -0.001772 0.999998
vn -0.070031 -0.704529 0.706211
vn -0.098913 -0.995096 0
vn -0.07003 -0.704529 -0.706211
vn -0.000175 -0.001772 -0.999998
vn 0.069854 0.702755 -0.707995
vn 0.084903 0.996389 0
vn 0.059954 0.703611 0.708051
vn -0.000161 -0.001884 0.999998
vn -0.060115 -0.705503 0.706153
vn -0.084901 -0.996389 0
vn -0.060115 -0.705503 -0.706153
vn -0.00016 -0.001884 -0.999998
vn 0.059955 0.703611 -0.708051
vn 0.069908 0.997554 0
vn 0.049361 0.704368 0.708117
vn -0.00014 -0.002024 0.999998
vn -0.049502 -0.706391 0.706089
vn -0.069907 -0.997554 -0
vn -0.049502 -0.706391 -0.706089
vn -0.000141 -0.002024 -0.999998
vn 0.049362 0.704368 -0.708117
vn 0.053728 0.998556 -0
vn 0.037934 0.704991 0.708201
vn -0.000116 -0.002195 0.999998
vn -0.03805 -0.70718 0.706009
vn -0.053728 -0.998556 -0
vn -0.03805 -0.70718 -0.706009
vn -0.000118 -0.002195 -0.999998
vn 0.037933 0.704991 -0.708201
vn 0.036105 0.999348 0
vn 0.025487 0.705454 0.708297
vn -8.6e-05 -0.002399 0.999997
vn -0.025573 -0.707842 0.705907
vn -0.036105 -0.999348 0
vn -0.025573 -0.707843 -0.705907
vn -8.6e-05 -0.002399 -0.999997
vn 0.025487 0.705454 -0.708297
vn 0.016721 0.99986 0
vn 0.011802 0.705688 0.708424
vn -4.4e-05 -0.002651 0.999997
vn -0.011846 -0.708339 0.705773
vn -0.016721 -0.99986 0
vn -0.011846 -0.708339 -0.705773
vn -4.4e-05 -0.002651 -0.999997
vn 0.011802 0.705688 -0.708424
vn -0.004673 0.999989 0
vn -0.003297 0.705633 0.70857
vn 1.5e-05 -0.002928 0.999996
vn 0.003312 -0.70857 0.705633
vn 0.004673 -0.999989 0
vn 0.003311 -0.70857 -0.705633
vn 1.4e-05 -0.002928 -0.999996
vn -0.003297 0.705633 -0.70857
vn -0.027282 0.999628 0
vn -0.019251 0.705365 0.708583
vn 8.1e-05 -0.002968 0.999996
vn 0.019332 -0.708327 0.705619
vn 0.027283 -0.999628 0
vn 0.019332 -0.708327 -0.705619
vn 8.1e-05 -0.002968 -0.999996
vn -0.019252 0.705365 -0.708583
vn -0.049638 0.998767 0
vn -0.035028 0.704806 0.708535
vn 0.000143 -0.002867 0.999996
vn 0.03517 -0.707668 0.705669
vn 0.049638 -0.998767 0
vn 0.035171 -0.707668 -0.705669
vn 0.000142 -0.002867 -0.999996
vn -0.035029 0.704806 -0.708535
vn -0.071311 0.997454 0
vn -0.050324 0.703911 0.708504
vn 0.000199 -0.00279 0.999996
vn 0.050524 -0.706703 0.705704
vn 0.071311 -0.997454 0
vn 0.050524 -0.706703 -0.705704
vn 0.000199 -0.00279 -0.999996
vn -0.050325 0.70391 -0.708504
vn -0.092526 0.99571 0
vn -0.065299 0.702702 0.708482
vn 0.000255 -0.002742 0.999996
vn 0.065553 -0.705447 0.705724
vn 0.092526 -0.99571 0
vn 0.065553 -0.705447 -0.705724
vn 0.000254 -0.002742 -0.999996
vn -0.065299 0.702702 -0.708482
vn -0.1135 0.993538 0
vn -0.080101 0.701169 0.708481
vn 0.000311 -0.002726 0.999996
vn 0.080413 -0.703906 0.705727
vn 0.113501 -0.993538 0
vn 0.080413 -0.703906 -0.705727
vn 0.000311 -0.002726 -0.999996
vn -0.080102 0.701169 -0.708481
vn -0.134478 0.990917 0
vn -0.094904 0.69931 0.708491
vn 0.000372 -0.002742 0.999996
vn 0.095278 -0.70206 0.705715
vn 0.13448 -0.990916 -0
vn 0.095278 -0.70206 -0.705715
vn 0.00037 -0.002742 -0.999996
vn -0.094905 0.69931 -0.708491
vn -0.15572 0.987801 -0
vn -0.109892 0.697088 0.708514
vn 0.000442 -0.002796 0.999996
vn 0.110332 -0.69988 0.705688
vn 0.15572 -0.987801 0
vn 0.110329 -0.69988 -0.705688
vn 0.000439 -0.002796 -0.999996
vn -0.109891 0.697089 -0.708514
vn -0.178058 0.98402 -0
vn -0.125637 0.694323 0.708612
vn 0.00054 -0.002969 0.999995
vn 0.126175 -0.697297 0.705589
vn 0.178055 -0.984021 0
vn 0.126175 -0.697297 -0.705589
vn 0.00054 -0.002969 -0.999996
vn -0.125635 0.694323 -0.708612
vn -0.201498 0.979489 -0
vn -0.142151 0.691012 0.708728
vn 0.000659 -0.003195 0.999995
vn 0.142808 -0.694204 0.705469
vn 0.201496 -0.979489 0
vn 0.142811 -0.694204 -0.705469
vn 0.00066 -0.003195 -0.999995
vn -0.142152 0.691012 -0.708728
vn -0.226367 0.974042 0
vn -0.159688 0.687125 0.708773
vn 0.00076 -0.003272 0.999994
vn 0.160448 -0.690386 0.705425
vn 0.226368 -0.974042 -0
vn 0.160445 -0.690386 -0.705425
vn 0.000762 -0.003272 -0.999994
vn -0.159687 0.687125 -0.708773
vn -0.251303 0.967909 0
vn -0.177282 0.68281 0.70876
vn 0.00083 -0.003212 0.999995
vn 0.178116 -0.68602 0.705444
vn 0.251306 -0.967908 -0
vn 0.178114 -0.686021 -0.705444
vn 0.000834 -0.003212 -0.999995
vn -0.177282 0.68281 -0.70876
vn -0.275254 0.961372 -0
vn -0.194203 0.678284 0.708672
vn 0.000861 -0.003021 0.999995
vn 0.195068 -0.681307 0.705528
vn 0.275256 -0.961371 -0
vn 0.195066 -0.681307 -0.705528
vn 0.000862 -0.003021 -0.999995
vn -0.194203 0.678284 -0.708672
vn -0.297337 0.954773 0
vn -0.209828 0.673768 0.708526
vn 0.000847 -0.002726 0.999996
vn 0.210675 -0.676488 0.705677
vn 0.29734 -0.954772 -0
vn 0.210671 -0.676489 -0.705678
vn 0.000845 -0.002726 -0.999996
vn -0.209826 0.673768 -0.708527
vn -0.31696 0.948439 0
vn -0.223729 0.669462 0.708355
vn 0.000795 -0.002378 0.999997
vn 0.22452 -0.671835 0.705853
vn 0.316958 -0.94844 0
vn 0.22452 -0.671835 -0.705853
vn 0.000793 -0.002378 -0.999997
vn -0.223729 0.669462 -0.708355
vn -0.326089 0.945339 0
vn -0.230214 0.667397 0.708225
vn 0.00074 -0.002141 0.999997
vn 0.230954 -0.669547 0.705951
vn 0.326083 -0.945341 0
vn 0.230954 -0.669547 -0.705951
vn 0.00074 -0.002141 -0.999997
vn -0.230214 0.667397 -0.708225
vn 0.16277 0.661104 0.732426
vn 0.156438 0.705746 0.690978
vn 0.238613 0.971115 -0
vn 0.215043 0.976605 -0
vn -0.028432 -0.113051 0.993182
vn -6.6e-05 -0.00422 0.999991
vn -0.190282 -0.761345 0.619796
vn -0.159619 -0.70963 0.686256
vn -0.242731 -0.970094 0
vn -0.220829 -0.975313 0
vn -0.190286 -0.761344 -0.619796
vn -0.159619 -0.70963 -0.686256
vn -0.028434 -0.113051 -0.993182
vn -6.6e-05 -0.00422 -0.999991
vn 0.162764 0.661104 -0.732427
vn 0.156434 0.705746 -0.690978
vn 0.11816 0.700604 0.703699
vn 0.165638 0.986187 -0
vn -0.000862 -0.007021 0.999975
vn -0.120593 -0.707322 0.696529
vn -0.168739 -0.985661 0
vn -0.120592 -0.707323 -0.696529
vn -0.00086 -0.007021 -0.999975
vn 0.118159 0.700604 -0.703699
vn 0.088391 0.700406 0.708251
vn 0.125197 0.992132 0
vn -0.000869 -0.005699 0.999983
vn -0.089621 -0.706006 0.702513
vn -0.125929 -0.992039 -0
vn -0.089621 -0.706006 -0.702513
vn -0.000869 -0.005699 -0.999983
vn 0.088392 0.700406 -0.708251
vn 0.099927 0.994995 -0
vn 0.070602 0.703008 0.707669
vn -0.000112 -0.001112 0.999999
vn -0.070715 -0.704127 0.706544
vn -0.099926 -0.994995 0
vn -0.070715 -0.704127 -0.706544
vn -0.000112 -0.001112 -0.999999
vn 0.070603 0.703008 -0.707669
vn 0.091946 0.995764 -0
vn 0.064971 0.703624 0.707596
vn -9e-05 -0.000976 1
vn -0.065061 -0.704606 0.70661
vn -0.091946 -0.995764 0
vn -0.065062 -0.704606 -0.70661
vn -9e-05 -0.000976 -1
vn 0.064971 0.703624 -0.707596
vn 0.084692 0.996407 -0
vn 0.059849 0.704113 0.707561
vn -7.7e-05 -0.000918 1
vn -0.059925 -0.705027 0.706645
vn -0.084693 -0.996407 0
vn -0.059926 -0.705026 -0.706645
vn -7.8e-05 -0.000918 -1
vn 0.059848 0.704113 -0.707562
vn 0.077702 0.996977 0
vn 0.054909 0.704518 0.707559
vn -7e-05 -0.000905 1
vn -0.054979 -0.705426 0.706648
vn -0.077702 -0.996977 0
vn -0.054979 -0.705426 -0.706648
vn -7.1e-05 -0.000905 -1
vn 0.054908 0.704518 -0.707559
vn 0.070676 0.997499 0
vn 0.049943 0.704877 0.707569
vn -6.5e-05 -0.000926 1
vn -0.05001 -0.705811 0.706633
vn -0.070677 -0.997499 -0
vn -0.05001 -0.705811 -0.706633
vn -6.5e-05 -0.000926 -1
vn 0.049944 0.704877 -0.707569
vn 0.063407 0.997988 0
vn 0.044806 0.705202 0.70759
vn -6.1e-05 -0.000973 1
vn -0.044868 -0.706179 0.706611
vn -0.063408 -0.997988 -0
vn -0.044867 -0.706179 -0.706611
vn -6.1e-05 -0.000973 -1
vn 0.044805 0.705202 -0.70759
vn 0.05569 0.998448 8e-06
vn 0.03935 0.705486 0.707631
vn -5.8e-05 -0.001043 1
vn -0.039408 -0.706529 0.706586
vn -0.055689 -0.998448 0
vn -0.039407 -0.706529 -0.706586
vn -5.8e-05 -0.001043 -0.999999
vn 0.039349 0.705486 -0.707631
vn 0.04732 0.99888 8e-06
vn 0.033433 0.70574 0.707681
vn -5.4e-05 -0.001139 0.999999
vn -0.033487 -0.706882 0.706539
vn -0.04732 -0.99888 0
vn -0.033487 -0.706882 -0.706539
vn -5.4e-05 -0.001139 -0.999999
vn 0.033433 0.705741 -0.707681
vn 0.03805 0.999276 -0
vn 0.026882 0.705957 0.707744
vn -4.8e-05 -0.001276 0.999999
vn -0.02693 -0.707239 0.706461
vn -0.038051 -0.999276 -8e-06
vn -0.02693 -0.707239 -0.706461
vn -4.8e-05 -0.001276 -0.999999
vn 0.026882 0.705957 -0.707744
vn 0.027724 0.999616 0
vn 0.019584 0.706129 0.707813
vn -3.9e-05 -0.001419 0.999999
vn -0.019624 -0.707546 0.706395
vn -0.027724 -0.999616 -1.6e-05
vn -0.019623 -0.707546 -0.706395
vn -3.9e-05 -0.001419 -0.999999
vn 0.019584 0.706129 -0.707813
vn 0.016783 0.999859 0
vn 0.011855 0.706288 0.707826
vn -2.4e-05 -0.001441 0.999999
vn -0.01188 -0.707728 0.706386
vn -0.016783 -0.999859 -8e-06
vn -0.01188 -0.707728 -0.706385
vn -2.4e-05 -0.001441 -0.999999
vn 0.011856 0.706288 -0.707826
vn 0.005803 0.999983 0
vn 0.004099 0.706382 0.707819
vn -9e-06 -0.001431 0.999999
vn -0.004107 -0.707815 0.706386
vn -0.005802 -0.999983 0
vn -0.004107 -0.707815 -0.706386
vn -8e-06 -0.001431 -0.999999
vn 0.004099 0.706382 -0.707819
vn -0.005127 0.999987 0
vn -0.003622 0.706387 0.707817
vn 7e-06 -0.001428 0.999999
vn 0.003629 -0.707811 0.706392
vn 0.005127 -0.999987 0
vn 0.003629 -0.707811 -0.706392
vn 7e-06 -0.001428 -0.999999
vn -0.003622 0.706387 -0.707817
vn -0.016058 0.999871 0
vn -0.011344 0.7063 0.707822
vn 2.3e-05 -0.001432 0.999999
vn 0.011366 -0.707731 0.70639
vn 0.016058 -0.999871 0
vn 0.011367 -0.707731 -0.70639
vn 2.3e-05 -0.001432 -0.999999
vn -0.011343 0.7063 -0.707822
vn -0.027041 0.999634 0
vn -0.019102 0.706131 0.707823
vn 3.9e-05 -0.001441 0.999999
vn 0.019141 -0.707569 0.706385
vn 0.027041 -0.999634 0
vn 0.019141 -0.707569 -0.706385
vn 3.9e-05 -0.001441 -0.999999
vn -0.019102 0.706131 -0.707823
vn -0.038148 0.999272 0
vn -0.026948 0.705871 0.707828
vn 5.6e-05 -0.001461 0.999999
vn 0.027003 -0.707326 0.706372
vn 0.038149 -0.999272 0
vn 0.027004 -0.707326 -0.706372
vn 5.5e-05 -0.001461 -0.999999
vn -0.026948 0.705871 -0.707828
vn -0.049463 0.998776 0
vn -0.034939 0.7055 0.707848
vn 7.4e-05 -0.001495 0.999999
vn 0.035013 -0.706994 0.706352
vn 0.049463 -0.998776 0
vn 0.035014 -0.706994 -0.706352
vn 7.4e-05 -0.001495 -0.999999
vn -0.034939 0.7055 -0.707848
vn -0.061092 0.998132 0
vn -0.04315 0.705014 0.707879
vn 9.5e-05 -0.001545 0.999999
vn 0.043244 -0.706556 0.706334
vn 0.061092 -0.998132 0
vn 0.043247 -0.706556 -0.706334
vn 9.6e-05 -0.001545 -0.999999
vn -0.04315 0.705014 -0.707879
vn -0.073191 0.997318 -0
vn -0.051694 0.704402 0.707917
vn 0.000119 -0.001617 0.999999
vn 0.051812 -0.706017 0.706297
vn 0.073191 -0.997318 0
vn 0.051813 -0.706017 -0.706297
vn 0.000118 -0.001617 -0.999999
vn -0.051695 0.704402 -0.707917
vn -0.085958 0.996299 0
vn -0.060707 0.70363 0.707969
vn 0.000149 -0.001721 0.999999
vn 0.060856 -0.705352 0.70624
vn 0.085958 -0.996299 0
vn 0.060856 -0.705352 -0.70624
vn 0.000148 -0.001721 -0.999999
vn -0.060708 0.70363 -0.707969
vn -0.099633 0.995024 0
vn -0.070357 0.702668 0.708031
vn 0.000186 -0.00185 0.999998
vn 0.070544 -0.704515 0.706174
vn 0.099633 -0.995024 -0
vn 0.070543 -0.704515 -0.706174
vn 0.000185 -0.00185 -0.999998
vn -0.070359 0.702668 -0.708031
vn -0.114183 0.99346 0
vn -0.080627 0.701506 0.708088
vn 0.000224 -0.001949 0.999998
vn 0.080852 -0.70346 0.706121
vn 0.114183 -0.99346 -0
vn 0.080851 -0.70346 -0.706121
vn 0.000223 -0.001949 -0.999998
vn -0.080628 0.701506 -0.708088
vn -0.129234 0.991614 -0
vn -0.091255 0.70018 0.708111
vn 0.000256 -0.00198 0.999998
vn 0.091513 -0.702175 0.706098
vn 0.129235 -0.991614 -0
vn 0.091513 -0.702175 -0.706098
vn 0.000259 -0.00198 -0.999998
vn -0.091252 0.70018 -0.708111
vn -0.144108 0.989562 -0
vn -0.101764 0.698774 0.708067
vn 0.000275 -0.001904 0.999998
vn 0.102041 -0.700675 0.706146
vn 0.144111 -0.989562 -0
vn 0.10204 -0.700675 -0.706146
vn 0.000277 -0.001904 -0.999998
vn -0.101763 0.698774 -0.708067
vn -0.157813 0.987469 -0
vn -0.111458 0.697412 0.70795
vn 0.000267 -0.001676 0.999999
vn 0.111724 -0.699069 0.706272
vn 0.157817 -0.987468 -0
vn 0.111725 -0.699069 -0.706272
vn 0.000268 -0.001676 -0.999999
vn -0.11146 0.697412 -0.70795
vn -0.169072 0.985604 0
vn -0.119444 0.696306 0.707737
vn 0.000218 -0.001266 0.999999
vn 0.119658 -0.697548 0.706476
vn 0.169072 -0.985604 0
vn 0.11966 -0.697548 -0.706476
vn 0.000217 -0.001266 -0.999999
vn -0.119446 0.696306 -0.707736
vn -0.176536 0.984294 -0
vn -0.124771 0.695672 0.707441
vn 0.000123 -0.000684 1
vn 0.124891 -0.696342 0.70676
vn 0.176537 -0.984294 0
vn 0.124892 -0.696342 -0.70676
vn 0.00012 -0.000684 -1
vn -0.124773 0.695672 -0.707441
vn -0.179157 0.98382 -0
vn -0.126662 0.695551 0.707224
vn 4.5e-05 -0.000246 1
vn 0.126707 -0.695794 0.706977
vn 0.179162 -0.98382 -0
vn 0.126709 -0.695794 -0.706977
vn 4.3e-05 -0.000246 -1
vn -0.126664 0.695551 -0.707223
vn 0.14545 0.989366 0
vn 0.1039 0.706707 0.699836
vn 0.147673 0.989036 -0
vn 0.104541 0.700045 0.706405
vn 0.001967 0.013391 0.999908
vn 0.000123 0.000725 1
vn -0.101965 -0.693337 0.713363
vn -0.104461 -0.69931 0.707144
vn -0.145505 -0.989358 -0
vn -0.14776 -0.989023 0
vn -0.101967 -0.693337 -0.713363
vn -0.104462 -0.69931 -0.707144
vn 0.001963 0.013391 -0.999908
vn 0.000121 0.000725 -1
vn 0.1039 0.706706 -0.699836
vn 0.104541 0.700045 -0.706405
vn 0.155037 0.987909 -0
vn 0.109777 0.699396 0.706253
vn 0.000216 0.001268 0.999999
vn -0.109602 -0.698109 0.707553
vn -0.155123 -0.987895 0
vn -0.109603 -0.698109 -0.707553
vn 0.000216 0.001268 -0.999999
vn 0.109777 0.699396 -0.706253
vn 0.153578 0.988137 -0
vn 0.108458 0.697929 0.707906
vn -0.000302 -0.001774 0.999998
vn -0.10874 -0.699694 0.706119
vn -0.153544 -0.988142 -0
vn -0.108739 -0.699694 -0.706119
vn -0.000301 -0.001774 -0.999998
vn 0.108458 0.697929 -0.707906
vn 0.133659 0.991027 -0
vn 0.094281 0.699091 0.70879
vn -0.000456 -0.003338 0.999994
vn -0.094728 -0.702437 0.705414
vn -0.133639 -0.99103 0
vn -0.094727 -0.702437 -0.705414
vn -0.000455 -0.003338 -0.999994
vn 0.094282 0.699091 -0.70879
vn 0.110295 0.993899 0
vn 0.077844 0.701495 0.70841
vn -0.000291 -0.002588 0.999997
vn -0.078136 -0.704092 0.705797
vn -0.110294 -0.993899 0
vn -0.078135 -0.704092 -0.705797
vn -0.000288 -0.002588 -0.999997
vn 0.077846 0.701495 -0.70841
vn 0.092664 0.995697 0
vn 0.065429 0.703056 0.708118
vn -0.00019 -0.002018 0.999998
vn -0.065618 -0.705069 0.706096
vn -0.092664 -0.995697 0
vn -0.065618 -0.705069 -0.706096
vn -0.000189 -0.002018 -0.999998
vn 0.065429 0.703056 -0.708118
vn 0.079247 0.996855 0
vn 0.055977 0.704139 0.707852
vn -0.000118 -0.001488 0.999999
vn -0.056095 -0.705621 0.706366
vn -0.079247 -0.996855 0
vn -0.056096 -0.705621 -0.706366
vn -0.000119 -0.001488 -0.999999
vn 0.055976 0.704139 -0.707852
vn 0.06906 0.997612 -0
vn 0.048793 0.704837 0.707689
vn -8.2e-05 -0.001176 0.999999
vn -0.048874 -0.706009 0.706515
vn -0.06906 -0.997613 0
vn -0.048874 -0.706009 -0.706515
vn -8.2e-05 -0.001176 -0.999999
vn 0.048792 0.704837 -0.707689
vn 0.060667 0.998158 -0
vn 0.042867 0.705306 0.707606
vn -6.2e-05 -0.001016 0.999999
vn -0.042929 -0.706316 0.706594
vn -0.060666 -0.998158 0
vn -0.042929 -0.706316 -0.706594
vn -6.2e-05 -0.001016 -0.999999
vn 0.042868 0.705306 -0.707606
vn 0.053188 0.998585 -0
vn 0.037584 0.705638 0.707575
vn -5e-05 -0.000937 1
vn -0.037634 -0.706577 0.706635
vn -0.053188 -0.998585 0
vn -0.037634 -0.706577 -0.706635
vn -5e-05 -0.000937 -1
vn 0.037585 0.705638 -0.707575
vn 0.046122 0.998936 -0
vn 0.032592 0.705902 0.707559
vn -4.2e-05 -0.000911 1
vn -0.032634 -0.706808 0.706653
vn -0.046122 -0.998936 0
vn -0.032634 -0.706808 -0.706653
vn -4.3e-05 -0.000911 -1
vn 0.032592 0.705902 -0.707559
vn 0.039119 0.999235 0
vn 0.027644 0.706115 0.707557
vn -3.6e-05 -0.000921 1
vn -0.02768 -0.707019 0.706652
vn -0.039119 -0.999235 0
vn -0.027679 -0.707019 -0.706652
vn -3.6e-05 -0.000921 -1
vn 0.027644 0.706115 -0.707557
vn 0.031881 0.999492 0
vn 0.022528 0.706268 0.707587
vn -3.1e-05 -0.000969 1
vn -0.02256 -0.70723 0.706624
vn -0.031882 -0.999492 0
vn -0.022559 -0.70723 -0.706624
vn -3.1e-05 -0.000969 -1
vn 0.022528 0.706268 -0.707586
vn 0.024098 0.99971 0
vn 0.017027 0.706366 0.707642
vn -2.5e-05 -0.001062 1
vn -0.017053 -0.707432 0.706575
vn -0.024099 -0.99971 0
vn -0.017053 -0.707432 -0.706575
vn -2.6e-05 -0.001062 -1
vn 0.017027 0.706366 -0.707642
vn 0.015396 0.999882 0
vn 0.010877 0.706418 0.707711
vn -1.8e-05 -0.001211 0.999999
vn -0.010896 -0.70763 0.706499
vn -0.015396 -0.999882 0
vn -0.010896 -0.70763 -0.706499
vn -1.9e-05 -0.001211 -0.999999
vn 0.010877 0.706418 -0.707711
vn 0.005236 0.999986 0
vn 0.003699 0.706379 0.707825
vn -7e-06 -0.001441 0.999999
vn -0.003706 -0.707816 0.706387
vn -0.005236 -0.999986 0
vn -0.003706 -0.707816 -0.706387
vn -7e-06 -0.001441 -0.999999
vn 0.003699 0.706379 -0.707825
vn -0.006699 0.999978 0
vn -0.004731 0.706255 0.707942
vn 1.1e-05 -0.001675 0.999999
vn 0.004742 -0.707924 0.706272
vn 0.006699 -0.999978 0
vn 0.004742 -0.707924 -0.706272
vn 1.2e-05 -0.001675 -0.999999
vn -0.004731 0.706255 -0.707942
vn -0.020071 0.999799 0
vn -0.014174 0.706058 0.708012
vn 3.6e-05 -0.001817 0.999998
vn 0.014211 -0.707875 0.706194
vn 0.020071 -0.999799 0
vn 0.014211 -0.707875 -0.706195
vn 3.7e-05 -0.001817 -0.999998
vn -0.014174 0.706058 -0.708012
vn -0.034449 0.999406 0
vn -0.024325 0.70572 0.708073
vn 6.7e-05 -0.001934 0.999998
vn 0.024392 -0.707654 0.706138
vn 0.034449 -0.999407 0
vn 0.024393 -0.707653 -0.706139
vn 6.7e-05 -0.001934 -0.999998
vn -0.024325 0.70572 -0.708073
vn -0.049607 0.998769 0
vn -0.035027 0.705229 0.708114
vn 0.000101 -0.002019 0.999998
vn 0.035128 -0.707245 0.706095
vn 0.049607 -0.998769 0
vn 0.035128 -0.707245 -0.706095
vn 0.000101 -0.002019 -0.999998
vn -0.035027 0.705229 -0.708114
vn -0.065203 0.997872 0
vn -0.046039 0.704575 0.708135
vn 0.000134 -0.002049 0.999998
vn 0.046173 -0.706635 0.70607
vn 0.065203 -0.997872 0
vn 0.046173 -0.706635 -0.70607
vn 0.000135 -0.002049 -0.999998
vn -0.046038 0.704575 -0.708135
vn -0.0807 0.996738 0
vn -0.056982 0.703796 0.708113
vn 0.000161 -0.001995 0.999998
vn 0.057144 -0.705808 0.706094
vn 0.080699 -0.996739 -0
vn 0.057144 -0.705808 -0.706094
vn 0.000161 -0.001995 -0.999998
vn -0.056982 0.703796 -0.708113
vn -0.09538 0.995441 -0
vn -0.067356 0.702963 0.70803
vn 0.000175 -0.001837 0.999998
vn 0.067532 -0.704807 0.706177
vn 0.09538 -0.995441 -0
vn 0.067531 -0.704807 -0.706177
vn 0.000175 -0.001837 -0.999998
vn -0.067355 0.702963 -0.70803
vn -0.108404 0.994107 -0
vn -0.076568 0.702159 0.707891
vn 0.00017 -0.001564 0.999999
vn 0.076739 -0.703722 0.706319
vn 0.108404 -0.994107 -0
vn 0.076738 -0.703722 -0.706319
vn 0.000171 -0.001564 -0.999999
vn -0.076568 0.702159 -0.707891
vn -0.119089 0.992884 0
vn -0.084136 0.701478 0.707708
vn 0.000144 -0.001204 0.999999
vn 0.084281 -0.702677 0.7065
vn 0.119089 -0.992884 -0
vn 0.08428 -0.702677 -0.7065
vn 0.000144 -0.001204 -0.999999
vn -0.084137 0.701478 -0.707708
vn -0.126665 0.991946 0
vn -0.089516 0.701021 0.7075
vn 0.0001 -0.000788 1
vn 0.089616 -0.701809 0.706706
vn 0.126664 -0.991946 -0
vn 0.089616 -0.701809 -0.706706
vn 0.0001 -0.000788 -1
vn -0.089516 0.701021 -0.7075
vn -0.130957 0.991388 -0
vn -0.092579 0.700851 0.707274
vn 4.3e-05 -0.000328 1
vn 0.092623 -0.701179 0.706944
vn 0.130957 -0.991388 0
vn 0.092623 -0.701179 -0.706944
vn 4.4e-05 -0.000328 -1
vn -0.092579 0.700851 -0.707274
vn -0.131638 0.991298 -0
vn -0.093094 0.701035 0.707025
vn -2e-05 0.000153 1
vn 0.093072 -0.700871 0.70719
vn 0.131637 -0.991298 0
vn 0.093072 -0.700871 -0.70719
vn -1.9e-05 0.000153 -1
vn -0.093092 0.701035 -0.707025
vn -0.12856 0.991702 0
vn -0.090949 0.701568 0.706775
vn -8.4e-05 0.000651 1
vn 0.090864 -0.700912 0.707436
vn 0.12856 -0.991702 -0
vn 0.090864 -0.700912 -0.707436
vn -8.3e-05 0.000651 -1
vn -0.090948 0.701568 -0.706775
vn -0.121605 0.992579 0
vn -0.086056 0.702435 0.706527
vn -0.000141 0.001163 0.999999
vn 0.085917 -0.70128 0.70769
vn 0.121605 -0.992579 -0
vn 0.085917 -0.701279 -0.70769
vn -0.000142 0.001163 -0.999999
vn -0.086058 0.702435 -0.706526
vn -0.102935 0.994688 0
vn -0.073048 0.70606 0.704374
vn -0.000348 0.004636 0.999989
vn 0.072957 -0.701421 0.709003
vn 0.103441 -0.994636 -0
vn 0.072957 -0.701421 -0.709003
vn -0.000348 0.004636 -0.999989
vn -0.073049 0.70606 -0.704374
vn -0.05221 0.716494 0.695637
vn -0.072563 0.997364 0
vn -0.001342 0.019894 0.999801
vn 0.051577 -0.696696 0.71551
vn 0.073957 -0.997261 0
vn 0.051577 -0.696696 -0.71551
vn -0.001341 0.019894 -0.999801
vn -0.052209 0.716494 -0.695637
vt 0.000215 0.005699
vt 0.001619 0.005699
vt 0.000215 0.039232
vt 0.001619 0.039232
vt 0.003022 0.005699
vt 0.003022 0.039232
vt 0.004425 0.005699
vt 0.004425 0.039232
vt 0.005829 0.005699
vt 0.005829 0.039232
vt 0.007232 0.005699
vt 0.007232 0.039232
vt 0.008635 0.005699
vt 0.008635 0.039232
vt 0.010039 0.005699
vt 0.010039 0.039232
vt 0.011442 0.005699
vt 0.011442 0.039232
vt 0.000215 0.072889
vt 0.001619 0.072889
vt 0.003022 0.072889
vt 0.004425 0.072889
vt 0.005829 0.072889
vt 0.007232 0.072889
vt 0.008635 0.072889
vt 0.010039 0.072889
vt 0.011442 0.072889
vt 0.000215 0.106575
vt 0.001619 0.106575
vt 0.003022 0.106575
vt 0.004425 0.106575
vt 0.005829 0.106575
vt 0.007232 0.106575
vt 0.008635 0.106575
vt 0.010039 0.106575
vt 0.011442 0.106575
vt 0.000215 0.140296
vt 0.001619 0.140296
vt 0.003022 0.140296
vt 0.004425 0.140296
vt 0.005829 0.140296
vt 0.007232 0.140296
vt 0.008635 0.140296
vt 0.010039 0.140296
vt 0.011442 0.140296
vt 0.000215 0.171634
vt 0.001619 0.171634
vt 0.003022 0.171634
vt 0.004425 0.171634
vt 0.005829 0.171634
vt 0.007232 0.171634
vt 0.008635 0.171634
vt 0.010039 0.171634
vt 0.011442 0.171634
vt 0.000215 0.202973
vt 0.001619 0.202973
vt 0.003022 0.202973
vt 0.004425 0.202973
vt 0.005829 0.202973
vt 0.007232 0.202973
vt 0.008635 0.202973
vt 0.010039 0.202973
vt 0.011442 0.202973
vt 0.000215 0.234324
vt 0.001619 0.234324
vt 0.003022 0.234324
vt 0.004425 0.234324
vt 0.005829 0.234324
vt 0.007232 0.234324
vt 0.008635 0.234324
vt 0.010039 0.234324
vt 0.011442 0.234324
vt 0.000215 0.265674
vt 0.001619 0.265674
vt 0.003022 0.265674
vt 0.004425 0.265674
vt 0.005829 0.265674
vt 0.007232 0.265674
vt 0.008635 0.265674
vt 0.010039 0.265674
vt 0.011442 0.265674
vt 0.000215 0.29705
vt 0.001619 0.29705
vt 0.003022 0.29705
vt 0.004425 0.29705
vt 0.005829 0.29705
vt 0.007232 0.29705
vt 0.008635 0.29705
vt 0.010039 0.29705
vt 0.011442 0.29705
vt 0.000215 0.328413
vt 0.001619 0.328413
vt 0.003022 0.328413
vt 0.004425 0.328413
vt 0.005829 0.328413
vt 0.007232 0.328413
vt 0.008635 0.328413
vt 0.010039 0.328413
vt 0.011442 0.328413
vt 0.000215 0.359784
vt 0.001619 0.359784
vt 0.003022 0.359784
vt 0.004425 0.359784
vt 0.005829 0.359784
vt 0.007232 0.359784
vt 0.008635 0.359784
vt 0.010039 0.359784
vt 0.011442 0.359784
vt 0.000215 0.391136
vt 0.001619 0.391136
vt 0.003022 0.391136
vt 0.004425 0.391136
vt 0.005829 0.391136
vt 0.007232 0.391136
vt 0.008635 0.391136
vt 0.010039 0.391136
vt 0.011442 0.391136
vt 0.000215 0.422511
vt 0.001619 0.422511
vt 0.003022 0.422511
vt 0.004425 0.422511
vt 0.005829 0.422511
vt 0.007232 0.422511
vt 0.008635 0.422511
vt 0.010039 0.422511
vt 0.011442 0.422511
vt 0.000215 0.453876
vt 0.001619 0.453876
vt 0.003022 0.453876
vt 0.004425 0.453876
vt 0.005829 0.453876
vt 0.007232 0.453876
vt 0.008635 0.453876
vt 0.010039 0.453876
vt 0.011442 0.453876
vt 0.000215 0.485219
vt 0.001619 0.485219
vt 0.003022 0.485219
vt 0.004425 0.485219
vt 0.005829 0.485219
vt 0.007232 0.485219
vt 0.008635 0.485219
vt 0.010039 0.485219
vt 0.011442 0.485219
vt 0.000215 0.516588
vt 0.001619 0.516588
vt 0.003022 0.516588
vt 0.004425 0.516588
vt 0.005829 0.516588
vt 0.007232 0.516588
vt 0.008635 0.516588
vt 0.010039 0.516588
vt 0.011442 0.516588
vt 0.000215 0.547938
vt 0.001619 0.547938
vt 0.003022 0.547938
vt 0.004425 0.547938
vt 0.005829 0.547938
vt 0.007232 0.547938
vt 0.008635 0.547938
vt 0.010039 0.547938
vt 0.011442 0.547938
vt 0.000215 0.579292
vt 0.001619 0.579292
vt 0.003022 0.579292
vt 0.004425 0.579292
vt 0.005829 0.579292
vt 0.007232 0.579292
vt 0.008635 0.579292
vt 0.010039 0.579292
vt 0.011442 0.579292
vt 0.000215 0.610651
vt 0.001619 0.610651
vt 0.003022 0.610651
vt 0.004425 0.610651
vt 0.005829 0.610651
vt 0.007232 0.610651
vt 0.008635 0.610651
vt 0.010039 0.610651
vt 0.011442 0.610651
vt 0.000215 0.641998
vt 0.001619 0.641998
vt 0.003022 0.641998
vt 0.004425 0.641998
vt 0.005829 0.641998
vt 0.007232 0.641998
vt 0.008635 0.641998
vt 0.010039 0.641998
vt 0.011442 0.641998
vt 0.000215 0.673353
vt 0.001619 0.673353
vt 0.003022 0.673353
vt 0.004425 0.673353
vt 0.005829 0.673353
vt 0.007232 0.673353
vt 0.008635 0.673353
vt 0.010039 0.673353
vt 0.011442 0.673353
vt 0.000215 0.704708
vt 0.001619 0.704708
vt 0.003022 0.704708
vt 0.004425 0.704708
vt 0.005829 0.704708
vt 0.007232 0.704708
vt 0.008635 0.704708
vt 0.010039 0.704708
vt 0.011442 0.704708
vt 0.000215 0.736062
vt 0.001619 0.736062
vt 0.003022 0.736062
vt 0.004425 0.736062
vt 0.005829 0.736062
vt 0.007232 0.736062
vt 0.008635 0.736062
vt 0.010039 0.736062
vt 0.011442 0.736062
vt 0.000215 0.767413
vt 0.001619 0.767413
vt 0.003022 0.767413
vt 0.004425 0.767413
vt 0.005829 0.767413
vt 0.007232 0.767413
vt 0.008635 0.767413
vt 0.010039 0.767413
vt 0.011442 0.767413
vt 0.000215 0.800065
vt 0.001619 0.800065
vt 0.003022 0.800065
vt 0.004425 0.800065
vt 0.005829 0.800065
vt 0.007232 0.800065
vt 0.008635 0.800065
vt 0.010039 0.800065
vt 0.011442 0.800065
vt 0.000215 0.832724
vt 0.001619 0.832724
vt 0.003022 0.832724
vt 0.004425 0.832724
vt 0.005829 0.832724
vt 0.007232 0.832724
vt 0.008635 0.832724
vt 0.010039 0.832724
vt 0.011442 0.832724
vt 0.000215 0.865377
vt 0.001619 0.865377
vt 0.003022 0.865377
vt 0.004425 0.865377
vt 0.005829 0.865377
vt 0.007232 0.865377
vt 0.008635 0.865377
vt 0.010039 0.865377
vt 0.011442 0.865377
vt 0.000215 0.898033
vt 0.001619 0.898033
vt 0.003022 0.898033
vt 0.004425 0.898033
vt 0.005829 0.898033
vt 0.007232 0.898033
vt 0.008635 0.898033
vt 0.010039 0.898033
vt 0.011442 0.898033
vt 0.000215 0.930694
vt 0.001619 0.930694
vt 0.003022 0.930694
vt 0.004425 0.930694
vt 0.005829 0.930694
vt 0.007232 0.930694
vt 0.008635 0.930694
vt 0.010039 0.930694
vt 0.011442 0.930694
vt 0.000215 0.963361
vt 0.001619 0.963361
vt 0.003022 0.963361
vt 0.004425 0.963361
vt 0.005829 0.963361
vt 0.007232 0.963361
vt 0.008635 0.963361
vt 0.010039 0.963361
vt 0.011442 0.963361
vt 0.000215 0.996032
vt 0.001619 0.996032
vt 0.003022 0.996032
vt 0.004425 0.996032
vt 0.005829 0.996032
vt 0.007232 0.996032
vt 0.008635 0.996032
vt 0.010039 0.996032
vt 0.011442 0.996032
vt 0.044201 0.003968
vt 0.044201 0.04641
vt 0.042799 0.003968
vt 0.042799 0.04641
vt 0.045602 0.003968
vt 0.045602 0.04641
vt 0.047004 0.003968
vt 0.047004 0.04641
vt 0.048406 0.003968
vt 0.048406 0.04641
vt 0.049807 0.003968
vt 0.049807 0.04641
vt 0.051209 0.003968
vt 0.051209 0.04641
vt 0.052611 0.003968
vt 0.052611 0.04641
vt 0.054012 0.003968
vt 0.054012 0.04641
vt 0.044201 0.090204
vt 0.042799 0.090204
vt 0.045602 0.090204
vt 0.047004 0.090204
vt 0.048406 0.090204
vt 0.049807 0.090204
vt 0.051209 0.090204
vt 0.052611 0.090204
vt 0.054012 0.090204
vt 0.044201 0.120845
vt 0.042799 0.120845
vt 0.045602 0.120845
vt 0.047004 0.120845
vt 0.048406 0.120845
vt 0.049807 0.120845
vt 0.051209 0.120845
vt 0.052611 0.120845
vt 0.054012 0.120845
vt 0.042799 0.151497
vt 0.044201 0.151497
vt 0.045602 0.151497
vt 0.047004 0.151497
vt 0.048406 0.151497
vt 0.049807 0.151497
vt 0.051209 0.151497
vt 0.052611 0.151497
vt 0.054012 0.151497
vt 0.042799 0.18217
vt 0.044201 0.18217
vt 0.045602 0.18217
vt 0.047004 0.18217
vt 0.048406 0.18217
vt 0.049807 0.18217
vt 0.051209 0.18217
vt 0.052611 0.18217
vt 0.054012 0.18217
vt 0.042799 0.212825
vt 0.044201 0.212825
vt 0.045602 0.212825
vt 0.047004 0.212825
vt 0.048406 0.212825
vt 0.049807 0.212825
vt 0.051209 0.212825
vt 0.052611 0.212825
vt 0.054012 0.212825
vt 0.042799 0.243497
vt 0.044201 0.243497
vt 0.045602 0.243497
vt 0.047004 0.243497
vt 0.048406 0.243497
vt 0.049807 0.243497
vt 0.051209 0.243497
vt 0.052611 0.243497
vt 0.054012 0.243497
vt 0.042799 0.274146
vt 0.044201 0.274146
vt 0.045602 0.274146
vt 0.047004 0.274146
vt 0.048406 0.274146
vt 0.049807 0.274146
vt 0.051209 0.274146
vt 0.052611 0.274146
vt 0.054012 0.274146
vt 0.042799 0.304823
vt 0.044201 0.304823
vt 0.045602 0.304823
vt 0.047004 0.304823
vt 0.048406 0.304823
vt 0.049807 0.304823
vt 0.051209 0.304823
vt 0.052611 0.304823
vt 0.054012 0.304823
vt 0.042799 0.335488
vt 0.044201 0.335488
vt 0.045602 0.335488
vt 0.047004 0.335488
vt 0.048406 0.335488
vt 0.049807 0.335488
vt 0.051209 0.335488
vt 0.052611 0.335488
vt 0.054012 0.335488
vt 0.042799 0.366148
vt 0.044201 0.366148
vt 0.045602 0.366148
vt 0.047004 0.366148
vt 0.048406 0.366148
vt 0.049807 0.366148
vt 0.051209 0.366148
vt 0.052611 0.366148
vt 0.054012 0.366148
vt 0.042799 0.396808
vt 0.044201 0.396808
vt 0.045602 0.396808
vt 0.047004 0.396808
vt 0.048406 0.396808
vt 0.049807 0.396808
vt 0.051209 0.396808
vt 0.052611 0.396808
vt 0.054012 0.396808
vt 0.042799 0.427464
vt 0.044201 0.427464
vt 0.045602 0.427464
vt 0.047004 0.427464
vt 0.048406 0.427464
vt 0.049807 0.427464
vt 0.051209 0.427464
vt 0.052611 0.427464
vt 0.054012 0.427464
vt 0.042799 0.45812
vt 0.044201 0.45812
vt 0.045602 0.45812
vt 0.047004 0.45812
vt 0.048406 0.45812
vt 0.049807 0.45812
vt 0.051209 0.45812
vt 0.052611 0.45812
vt 0.054012 0.45812
vt 0.042799 0.488778
vt 0.044201 0.488778
vt 0.045602 0.488778
vt 0.047004 0.488778
vt 0.048406 0.488778
vt 0.049807 0.488778
vt 0.051209 0.488778
vt 0.052611 0.488778
vt 0.054012 0.488778
vt 0.042799 0.51944
vt 0.044201 0.51944
vt 0.045602 0.51944
vt 0.047004 0.51944
vt 0.048406 0.51944
vt 0.049807 0.51944
vt 0.051209 0.51944
vt 0.052611 0.51944
vt 0.054012 0.51944
vt 0.042799 0.550088
vt 0.044201 0.550088
vt 0.045602 0.550088
vt 0.047004 0.550088
vt 0.048406 0.550088
vt 0.049807 0.550088
vt 0.051209 0.550088
vt 0.052611 0.550088
vt 0.054012 0.550088
vt 0.042799 0.580745
vt 0.044201 0.580745
vt 0.045602 0.580745
vt 0.047004 0.580745
vt 0.048406 0.580745
vt 0.049807 0.580745
vt 0.051209 0.580745
vt 0.052611 0.580745
vt 0.054012 0.580745
vt 0.042799 0.611403
vt 0.044201 0.611403
vt 0.045602 0.611403
vt 0.047004 0.611403
vt 0.048406 0.611403
vt 0.049807 0.611403
vt 0.051209 0.611403
vt 0.052611 0.611403
vt 0.054012 0.611403
vt 0.042799 0.642062
vt 0.044201 0.642062
vt 0.045602 0.642062
vt 0.047004 0.642062
vt 0.048406 0.642062
vt 0.049807 0.642062
vt 0.051209 0.642062
vt 0.052611 0.642062
vt 0.054012 0.642062
vt 0.042799 0.672722
vt 0.044201 0.672722
vt 0.045602 0.672722
vt 0.047004 0.672722
vt 0.048406 0.672722
vt 0.049807 0.672722
vt 0.051209 0.672722
vt 0.052611 0.672722
vt 0.054012 0.672722
vt 0.042799 0.703364
vt 0.044201 0.703364
vt 0.045602 0.703364
vt 0.047004 0.703364
vt 0.048406 0.703364
vt 0.049807 0.703364
vt 0.051209 0.703364
vt 0.052611 0.703364
vt 0.054012 0.703364
vt 0.042799 0.73403
vt 0.044201 0.73403
vt 0.045602 0.73403
vt 0.047004 0.73403
vt 0.048406 0.73403
vt 0.049807 0.73403
vt 0.051209 0.73403
vt 0.052611 0.73403
vt 0.054012 0.73403
vt 0.042799 0.764676
vt 0.044201 0.764676
vt 0.045602 0.764676
vt 0.047004 0.764676
vt 0.048406 0.764676
vt 0.049807 0.764676
vt 0.051209 0.764676
vt 0.052611 0.764676
vt 0.054012 0.764676
vt 0.042799 0.795322
vt 0.044201 0.795322
vt 0.045602 0.795322
vt 0.047004 0.795322
vt 0.048406 0.795322
vt 0.049807 0.795322
vt 0.051209 0.795322
vt 0.052611 0.795322
vt 0.054012 0.795322
vt 0.042799 0.825964
vt 0.044201 0.825964
vt 0.045602 0.825964
vt 0.047004 0.825964
vt 0.048406 0.825964
vt 0.049807 0.825964
vt 0.051209 0.825964
vt 0.052611 0.825964
vt 0.054012 0.825964
vt 0.042799 0.856616
vt 0.044201 0.856616
vt 0.045602 0.856616
vt 0.047004 0.856616
vt 0.048406 0.856616
vt 0.049807 0.856616
vt 0.051209 0.856616
vt 0.052611 0.856616
vt 0.054012 0.856616
vt 0.042799 0.887269
vt 0.044201 0.887269
vt 0.045602 0.887269
vt 0.047004 0.887269
vt 0.048406 0.887269
vt 0.049807 0.887269
vt 0.051209 0.887269
vt 0.052611 0.887269
vt 0.054012 0.887269
vt 0.042799 0.917923
vt 0.044201 0.917923
vt 0.045602 0.917923
vt 0.047004 0.917923
vt 0.048406 0.917923
vt 0.049807 0.917923
vt 0.051209 0.917923
vt 0.052611 0.917923
vt 0.054012 0.917923
vt 0.042799 0.948581
vt 0.044201 0.948581
vt 0.045602 0.948581
vt 0.047004 0.948581
vt 0.048406 0.948581
vt 0.049807 0.948581
vt 0.051209 0.948581
vt 0.052611 0.948581
vt 0.054012 0.948581
vt 0.042799 0.979248
vt 0.044201 0.979248
vt 0.045602 0.979248
vt 0.047004 0.979248
vt 0.048406 0.979248
vt 0.049807 0.979248
vt 0.051209 0.979248
vt 0.052611 0.979248
vt 0.054012 0.979248
vt 0.020581 0.006253
vt 0.021972 0.006253
vt 0.020581 0.04904
vt 0.021972 0.04904
vt 0.023362 0.006253
vt 0.023362 0.04904
vt 0.024753 0.006253
vt 0.024753 0.04904
vt 0.026143 0.006253
vt 0.026143 0.04904
vt 0.027534 0.006253
vt 0.027534 0.04904
vt 0.028924 0.006253
vt 0.028924 0.04904
vt 0.030315 0.006253
vt 0.030315 0.04904
vt 0.031705 0.006253
vt 0.031705 0.04904
vt 0.020581 0.079373
vt 0.021972 0.079373
vt 0.023362 0.079373
vt 0.024753 0.079373
vt 0.026143 0.079373
vt 0.027534 0.079373
vt 0.028924 0.079373
vt 0.030315 0.079373
vt 0.031705 0.079373
vt 0.020581 0.109659
vt 0.021972 0.109659
vt 0.023362 0.109659
vt 0.024753 0.109659
vt 0.026143 0.109659
vt 0.027534 0.109659
vt 0.028924 0.109659
vt 0.030315 0.109659
vt 0.031705 0.109659
vt 0.020581 0.139949
vt 0.021972 0.139949
vt 0.023362 0.139949
vt 0.024753 0.139949
vt 0.026143 0.139949
vt 0.027534 0.139949
vt 0.028924 0.139949
vt 0.030315 0.139949
vt 0.031705 0.139949
vt 0.020581 0.170252
vt 0.021972 0.170252
vt 0.023362 0.170252
vt 0.024753 0.170252
vt 0.026143 0.170252
vt 0.027534 0.170252
vt 0.028924 0.170252
vt 0.030315 0.170252
vt 0.031705 0.170252
vt 0.020581 0.200556
vt 0.021972 0.200556
vt 0.023362 0.200556
vt 0.024753 0.200556
vt 0.026143 0.200556
vt 0.027534 0.200556
vt 0.028924 0.200556
vt 0.030315 0.200556
vt 0.031705 0.200556
vt 0.020581 0.230864
vt 0.021972 0.230864
vt 0.023362 0.230864
vt 0.024753 0.230864
vt 0.026143 0.230864
vt 0.027534 0.230864
vt 0.028924 0.230864
vt 0.030315 0.230864
vt 0.031705 0.230864
vt 0.020581 0.261192
vt 0.021972 0.261192
vt 0.023362 0.261192
vt 0.024753 0.261192
vt 0.026143 0.261192
vt 0.027534 0.261192
vt 0.028924 0.261192
vt 0.030315 0.261192
vt 0.031705 0.261192
vt 0.020581 0.291519
vt 0.021972 0.291519
vt 0.023362 0.291519
vt 0.024753 0.291519
vt 0.026143 0.291519
vt 0.027534 0.291519
vt 0.028924 0.291519
vt 0.030315 0.291519
vt 0.031705 0.291519
vt 0.020581 0.321842
vt 0.021972 0.321842
vt 0.023362 0.321842
vt 0.024753 0.321842
vt 0.026143 0.321842
vt 0.027534 0.321842
vt 0.028924 0.321842
vt 0.030315 0.321842
vt 0.031705 0.321842
vt 0.020581 0.352169
vt 0.021972 0.352169
vt 0.023362 0.352169
vt 0.024753 0.352169
vt 0.026143 0.352169
vt 0.027534 0.352169
vt 0.028924 0.352169
vt 0.030315 0.352169
vt 0.031705 0.352169
vt 0.020581 0.382493
vt 0.021972 0.382493
vt 0.023362 0.382493
vt 0.024753 0.382493
vt 0.026143 0.382493
vt 0.027534 0.382493
vt 0.028924 0.382493
vt 0.030315 0.382493
vt 0.031705 0.382493
vt 0.020581 0.412818
vt 0.021972 0.412818
vt 0.023362 0.412818
vt 0.024753 0.412818
vt 0.026143 0.412818
vt 0.027534 0.412818
vt 0.028924 0.412818
vt 0.030315 0.412818
vt 0.031705 0.412818
vt 0.020581 0.443142
vt 0.021972 0.443142
vt 0.023362 0.443142
vt 0.024753 0.443142
vt 0.026143 0.443142
vt 0.027534 0.443142
vt 0.028924 0.443142
vt 0.030315 0.443142
vt 0.031705 0.443142
vt 0.020581 0.473477
vt 0.021972 0.473477
vt 0.023362 0.473477
vt 0.024753 0.473477
vt 0.026143 0.473477
vt 0.027534 0.473477
vt 0.028924 0.473477
vt 0.030315 0.473477
vt 0.031705 0.473477
vt 0.020581 0.503783
vt 0.021972 0.503783
vt 0.023362 0.503783
vt 0.024753 0.503783
vt 0.026143 0.503783
vt 0.027534 0.503783
vt 0.028924 0.503783
vt 0.030315 0.503783
vt 0.031705 0.503783
vt 0.020581 0.534099
vt 0.021972 0.534099
vt 0.023362 0.534099
vt 0.024753 0.534099
vt 0.026143 0.534099
vt 0.027534 0.534099
vt 0.028924 0.534099
vt 0.030315 0.534099
vt 0.031705 0.534099
vt 0.020581 0.564421
vt 0.021972 0.564421
vt 0.023362 0.564421
vt 0.024753 0.564421
vt 0.026143 0.564421
vt 0.027534 0.564421
vt 0.028924 0.564421
vt 0.030315 0.564421
vt 0.031705 0.564421
vt 0.020581 0.594725
vt 0.021972 0.594725
vt 0.023362 0.594725
vt 0.024753 0.594725
vt 0.026143 0.594725
vt 0.027534 0.594725
vt 0.028924 0.594725
vt 0.030315 0.594725
vt 0.031705 0.594725
vt 0.020581 0.625038
vt 0.021972 0.625038
vt 0.023362 0.625038
vt 0.024753 0.625038
vt 0.026143 0.625038
vt 0.027534 0.625038
vt 0.028924 0.625038
vt 0.030315 0.625038
vt 0.031705 0.625038
vt 0.020581 0.655352
vt 0.021972 0.655352
vt 0.023362 0.655352
vt 0.024753 0.655352
vt 0.026143 0.655352
vt 0.027534 0.655352
vt 0.028924 0.655352
vt 0.030315 0.655352
vt 0.031705 0.655352
vt 0.020581 0.685663
vt 0.021972 0.685663
vt 0.023362 0.685663
vt 0.024753 0.685663
vt 0.026143 0.685663
vt 0.027534 0.685663
vt 0.028924 0.685663
vt 0.030315 0.685663
vt 0.031705 0.685663
vt 0.020581 0.715973
vt 0.021972 0.715973
vt 0.023362 0.715973
vt 0.024753 0.715973
vt 0.026143 0.715973
vt 0.027534 0.715973
vt 0.028924 0.715973
vt 0.030315 0.715973
vt 0.031705 0.715973
vt 0.020581 0.746281
vt 0.021972 0.746281
vt 0.023362 0.746281
vt 0.024753 0.746281
vt 0.026143 0.746281
vt 0.027534 0.746281
vt 0.028924 0.746281
vt 0.030315 0.746281
vt 0.031705 0.746281
vt 0.020581 0.776593
vt 0.021972 0.776593
vt 0.023362 0.776593
vt 0.024753 0.776593
vt 0.026143 0.776593
vt 0.027534 0.776593
vt 0.028924 0.776593
vt 0.030315 0.776593
vt 0.031705 0.776593
vt 0.020581 0.807916
vt 0.021972 0.807916
vt 0.023362 0.807916
vt 0.024753 0.807916
vt 0.026143 0.807916
vt 0.027534 0.807916
vt 0.028924 0.807916
vt 0.030315 0.807916
vt 0.031705 0.807916
vt 0.020581 0.839248
vt 0.021972 0.839248
vt 0.023362 0.839248
vt 0.024753 0.839248
vt 0.026143 0.839248
vt 0.027534 0.839248
vt 0.028924 0.839248
vt 0.030315 0.839248
vt 0.031705 0.839248
vt 0.020581 0.870587
vt 0.021972 0.870587
vt 0.023362 0.870587
vt 0.024753 0.870587
vt 0.026143 0.870587
vt 0.027534 0.870587
vt 0.028924 0.870587
vt 0.030315 0.870587
vt 0.031705 0.870587
vt 0.020581 0.901929
vt 0.021972 0.901929
vt 0.023362 0.901929
vt 0.024753 0.901929
vt 0.026143 0.901929
vt 0.027534 0.901929
vt 0.028924 0.901929
vt 0.030315 0.901929
vt 0.031705 0.901929
vt 0.020581 0.933276
vt 0.021972 0.933276
vt 0.023362 0.933276
vt 0.024753 0.933276
vt 0.026143 0.933276
vt 0.027534 0.933276
vt 0.028924 0.933276
vt 0.030315 0.933276
vt 0.031705 0.933276
vt 0.020581 0.964627
vt 0.021972 0.964627
vt 0.023362 0.964627
vt 0.024753 0.964627
vt 0.026143 0.964627
vt 0.027534 0.964627
vt 0.028924 0.964627
vt 0.030315 0.964627
vt 0.031705 0.964627
vt 0.021972 0.995983
vt 0.020581 0.995983
vt 0.023362 0.995983
vt 0.024753 0.995983
vt 0.026143 0.995983
vt 0.027534 0.995983
vt 0.028924 0.995983
vt 0.030315 0.995983
vt 0.031705 0.995983
usemtl Wire2SG
f 1/1/1 2/2/2 3/3/3
f 3/3/3 2/2/2 4/4/4
f 2/2/2 5/5/5 4/4/4
f 4/4/4 5/5/5 6/6/6
f 5/5/5 7/7/7 6/6/6
f 6/6/6 7/7/7 8/8/8
f 7/7/7 9/9/9 8/8/8
f 8/8/8 9/9/9 10/10/10
f 9/9/9 11/11/11 10/10/10
f 10/10/10 11/11/11 12/12/12
f 11/11/11 13/13/13 12/12/12
f 12/12/12 13/13/13 14/14/14
f 13/13/13 15/15/15 14/14/14
f 14/14/14 15/15/15 16/16/16
f 15/15/15 1/17/1 16/16/16
f 16/16/16 1/17/1 3/18/3
f 3/3/3 4/4/4 17/19/17
f 17/19/17 4/4/4 18/20/18
f 4/4/4 6/6/6 18/20/18
f 18/20/18 6/6/6 19/21/19
f 6/6/6 8/8/8 19/21/19
f 19/21/19 8/8/8 20/22/20
f 8/8/8 10/10/10 20/22/20
f 20/22/20 10/10/10 21/23/21
f 10/10/10 12/12/12 21/23/21
f 21/23/21 12/12/12 22/24/22
f 12/12/12 14/14/14 22/24/22
f 22/24/22 14/14/14 23/25/23
f 14/14/14 16/16/16 23/25/23
f 23/25/23 16/16/16 24/26/24
f 16/16/16 3/18/3 24/26/24
f 24/26/24 3/18/3 17/27/17
f 17/19/17 18/20/18 25/28/25
f 25/28/25 18/20/18 26/29/26
f 18/20/18 19/21/19 26/29/26
f 26/29/26 19/21/19 27/30/27
f 19/21/19 20/22/20 27/30/27
f 27/30/27 20/22/20 28/31/28
f 20/22/20 21/23/21 28/31/28
f 28/31/28 21/23/21 29/32/29
f 21/23/21 22/24/22 29/32/29
f 29/32/29 22/24/22 30/33/30
f 22/24/22 23/25/23 30/33/30
f 30/33/30 23/25/23 31/34/31
f 23/25/23 24/26/24 31/34/31
f 31/34/31 24/26/24 32/35/32
f 24/26/24 17/27/17 32/35/32
f 32/35/32 17/27/17 25/36/25
f 25/28/25 26/29/26 33/37/33
f 33/37/33 26/29/26 34/38/34
f 26/29/26 27/30/27 34/38/34
f 34/38/34 27/30/27 35/39/35
f 27/30/27 28/31/28 35/39/35
f 35/39/35 28/31/28 36/40/36
f 28/31/28 29/32/29 36/40/36
f 36/40/36 29/32/29 37/41/37
f 29/32/29 30/33/30 37/41/37
f 37/41/37 30/33/30 38/42/38
f 30/33/30 31/34/31 38/42/38
f 38/42/38 31/34/31 39/43/39
f 31/34/31 32/35/32 39/43/39
f 39/43/39 32/35/32 40/44/40
f 32/35/32 25/36/25 40/44/40
f 40/44/40 25/36/25 33/45/33
f 33/37/33 34/38/34 41/46/41
f 41/46/41 34/38/34 42/47/42
f 34/38/34 35/39/35 42/47/42
f 42/47/42 35/39/35 43/48/43
f 35/39/35 36/40/36 43/48/43
f 43/48/43 36/40/36 44/49/44
f 36/40/36 37/41/37 44/49/44
f 44/49/44 37/41/37 45/50/45
f 37/41/37 38/42/38 45/50/45
f 45/50/45 38/42/38 46/51/46
f 38/42/38 39/43/39 46/51/46
f 46/51/46 39/43/39 47/52/47
f 39/43/39 40/44/40 47/52/47
f 47/52/47 40/44/40 48/53/48
f 40/44/40 33/45/33 48/53/48
f 48/53/48 33/45/33 41/54/41
f 41/46/41 42/47/42 49/55/49
f 49/55/49 42/47/42 50/56/50
f 42/47/42 43/48/43 50/56/50
f 50/56/50 43/48/43 51/57/51
f 43/48/43 44/49/44 51/57/51
f 51/57/51 44/49/44 52/58/52
f 44/49/44 45/50/45 52/58/52
f 52/58/52 45/50/45 53/59/53
f 45/50/45 46/51/46 53/59/53
f 53/59/53 46/51/46 54/60/54
f 46/51/46 47/52/47 54/60/54
f 54/60/54 47/52/47 55/61/55
f 47/52/47 48/53/48 55/61/55
f 55/61/55 48/53/48 56/62/56
f 48/53/48 41/54/41 56/62/56
f 56/62/56 41/54/41 49/63/49
f 49/55/49 50/56/50 57/64/57
f 57/64/57 50/56/50 58/65/58
f 50/56/50 51/57/51 58/65/58
f 58/65/58 51/57/51 59/66/59
f 51/57/51 52/58/52 59/66/59
f 59/66/59 52/58/52 60/67/60
f 52/58/52 53/59/53 60/67/60
f 60/67/60 53/59/53 61/68/61
f 53/59/53 54/60/54 61/68/61
f 61/68/61 54/60/54 62/69/62
f 54/60/54 55/61/55 62/69/62
f 62/69/62 55/61/55 63/70/63
f 55/61/55 56/62/56 63/70/63
f 63/70/63 56/62/56 64/71/64
f 56/62/56 49/63/49 64/71/64
f 64/71/64 49/63/49 57/72/57
f 57/64/57 58/65/58 65/73/65
f 65/73/65 58/65/58 66/74/66
f 58/65/58 59/66/59 66/74/66
f 66/74/66 59/66/59 67/75/67
f 59/66/59 60/67/60 67/75/67
f 67/75/67 60/67/60 68/76/68
f 60/67/60 61/68/61 68/76/68
f 68/76/68 61/68/61 69/77/69
f 61/68/61 62/69/62 69/77/69
f 69/77/69 62/69/62 70/78/70
f 62/69/62 63/70/63 70/78/70
f 70/78/70 63/70/63 71/79/71
f 63/70/63 64/71/64 71/79/71
f 71/79/71 64/71/64 72/80/72
f 64/71/64 57/72/57 72/80/72
f 72/80/72 57/72/57 65/81/65
f 65/73/65 66/74/66 73/82/73
f 73/82/73 66/74/66 74/83/74
f 66/74/66 67/75/67 74/83/74
f 74/83/74 67/75/67 75/84/75
f 67/75/67 68/76/68 75/84/75
f 75/84/75 68/76/68 76/85/76
f 68/76/68 69/77/69 76/85/76
f 76/85/76 69/77/69 77/86/77
f 69/77/69 70/78/70 77/86/77
f 77/86/77 70/78/70 78/87/78
f 70/78/70 71/79/71 78/87/78
f 78/87/78 71/79/71 79/88/79
f 71/79/71 72/80/72 79/88/79
f 79/88/79 72/80/72 80/89/80
f 72/80/72 65/81/65 80/89/80
f 80/89/80 65/81/65 73/90/73
f 73/82/73 74/83/74 81/91/81
f 81/91/81 74/83/74 82/92/82
f 74/83/74 75/84/75 82/92/82
f 82/92/82 75/84/75 83/93/83
f 75/84/75 76/85/76 83/93/83
f 83/93/83 76/85/76 84/94/84
f 76/85/76 77/86/77 84/94/84
f 84/94/84 77/86/77 85/95/85
f 77/86/77 78/87/78 85/95/85
f 85/95/85 78/87/78 86/96/86
f 78/87/78 79/88/79 86/96/86
f 86/96/86 79/88/79 87/97/87
f 79/88/79 80/89/80 87/97/87
f 87/97/87 80/89/80 88/98/88
f 80/89/80 73/90/73 88/98/88
f 88/98/88 73/90/73 81/99/81
f 81/91/81 82/92/82 89/100/89
f 89/100/89 82/92/82 90/101/90
f 82/92/82 83/93/83 90/101/90
f 90/101/90 83/93/83 91/102/91
f 83/93/83 84/94/84 91/102/91
f 91/102/91 84/94/84 92/103/92
f 84/94/84 85/95/85 92/103/92
f 92/103/92 85/95/85 93/104/93
f 85/95/85 86/96/86 93/104/93
f 93/104/93 86/96/86 94/105/94
f 86/96/86 87/97/87 94/105/94
f 94/105/94 87/97/87 95/106/95
f 87/97/87 88/98/88 95/106/95
f 95/106/95 88/98/88 96/107/96
f 88/98/88 81/99/81 96/107/96
f 96/107/96 81/99/81 89/108/89
f 89/100/89 90/101/90 97/109/97
f 97/109/97 90/101/90 98/110/98
f 90/101/90 91/102/91 98/110/98
f 98/110/98 91/102/91 99/111/99
f 91/102/91 92/103/92 99/111/99
f 99/111/99 92/103/92 100/112/100
f 92/103/92 93/104/93 100/112/100
f 100/112/100 93/104/93 101/113/101
f 93/104/93 94/105/94 101/113/101
f 101/113/101 94/105/94 102/114/102
f 94/105/94 95/106/95 102/114/102
f 102/114/102 95/106/95 103/115/103
f 95/106/95 96/107/96 103/115/103
f 103/115/103 96/107/96 104/116/104
f 96/107/96 89/108/89 104/116/104
f 104/116/104 89/108/89 97/117/97
f 97/109/97 98/110/98 105/118/105
f 105/118/105 98/110/98 106/119/106
f 98/110/98 99/111/99 106/119/106
f 106/119/106 99/111/99 107/120/107
f 99/111/99 100/112/100 107/120/107
f 107/120/107 100/112/100 108/121/108
f 100/112/100 101/113/101 108/121/108
f 108/121/108 101/113/101 109/122/109
f 101/113/101 102/114/102 109/122/109
f 109/122/109 102/114/102 110/123/110
f 102/114/102 103/115/103 110/123/110
f 110/123/110 103/115/103 111/124/111
f 103/115/103 104/116/104 111/124/111
f 111/124/111 104/116/104 112/125/112
f 104/116/104 97/117/97 112/125/112
f 112/125/112 97/117/97 105/126/105
f 105/118/105 106/119/106 113/127/113
f 113/127/113 106/119/106 114/128/114
f 106/119/106 107/120/107 114/128/114
f 114/128/114 107/120/107 115/129/115
f 107/120/107 108/121/108 115/129/115
f 115/129/115 108/121/108 116/130/116
f 108/121/108 109/122/109 116/130/116
f 116/130/116 109/122/109 117/131/117
f 109/122/109 110/123/110 117/131/117
f 117/131/117 110/123/110 118/132/118
f 110/123/110 111/124/111 118/132/118
f 118/132/118 111/124/111 119/133/119
f 111/124/111 112/125/112 119/133/119
f 119/133/119 112/125/112 120/134/120
f 112/125/112 105/126/105 120/134/120
f 120/134/120 105/126/105 113/135/113
f 113/127/113 114/128/114 121/136/121
f 121/136/121 114/128/114 122/137/122
f 114/128/114 115/129/115 122/137/122
f 122/137/122 115/129/115 123/138/123
f 115/129/115 116/130/116 123/138/123
f 123/138/123 116/130/116 124/139/124
f 116/130/116 117/131/117 124/139/124
f 124/139/124 117/131/117 125/140/125
f 117/131/117 118/132/118 125/140/125
f 125/140/125 118/132/118 126/141/126
f 118/132/118 119/133/119 126/141/126
f 126/141/126 119/133/119 127/142/127
f 119/133/119 120/134/120 127/142/127
f 127/142/127 120/134/120 128/143/128
f 120/134/120 113/135/113 128/143/128
f 128/143/128 113/135/113 121/144/121
f 121/136/121 122/137/122 129/145/129
f 129/145/129 122/137/122 130/146/130
f 122/137/122 123/138/123 130/146/130
f 130/146/130 123/138/123 131/147/131
f 123/138/123 124/139/124 131/147/131
f 131/147/131 124/139/124 132/148/132
f 124/139/124 125/140/125 132/148/132
f 132/148/132 125/140/125 133/149/133
f 125/140/125 126/141/126 133/149/133
f 133/149/133 126/141/126 134/150/134
f 126/141/126 127/142/127 134/150/134
f 134/150/134 127/142/127 135/151/135
f 127/142/127 128/143/128 135/151/135
f 135/151/135 128/143/128 136/152/136
f 128/143/128 121/144/121 136/152/136
f 136/152/136 121/144/121 129/153/129
f 129/145/129 130/146/130 137/154/137
f 137/154/137 130/146/130 138/155/138
f 130/146/130 131/147/131 138/155/138
f 138/155/138 131/147/131 139/156/139
f 131/147/131 132/148/132 139/156/139
f 139/156/139 132/148/132 140/157/140
f 132/148/132 133/149/133 140/157/140
f 140/157/140 133/149/133 141/158/141
f 133/149/133 134/150/134 141/158/141
f 141/158/141 134/150/134 142/159/142
f 134/150/134 135/151/135 142/159/142
f 142/159/142 135/151/135 143/160/143
f 135/151/135 136/152/136 143/160/143
f 143/160/143 136/152/136 144/161/144
f 136/152/136 129/153/129 144/161/144
f 144/161/144 129/153/129 137/162/137
f 137/154/137 138/155/138 145/163/145
f 145/163/145 138/155/138 146/164/146
f 138/155/138 139/156/139 146/164/146
f 146/164/146 139/156/139 147/165/147
f 139/156/139 140/157/140 147/165/147
f 147/165/147 140/157/140 148/166/148
f 140/157/140 141/158/141 148/166/148
f 148/166/148 141/158/141 149/167/149
f 141/158/141 142/159/142 149/167/149
f 149/167/149 142/159/142 150/168/150
f 142/159/142 143/160/143 150/168/150
f 150/168/150 143/160/143 151/169/151
f 143/160/143 144/161/144 151/169/151
f 151/169/151 144/161/144 152/170/152
f 144/161/144 137/162/137 152/170/152
f 152/170/152 137/162/137 145/171/145
f 145/163/145 146/164/146 153/172/153
f 153/172/153 146/164/146 154/173/154
f 146/164/146 147/165/147 154/173/154
f 154/173/154 147/165/147 155/174/155
f 147/165/147 148/166/148 155/174/155
f 155/174/155 148/166/148 156/175/156
f 148/166/148 149/167/149 156/175/156
f 156/175/156 149/167/149 157/176/157
f 149/167/149 150/168/150 157/176/157
f 157/176/157 150/168/150 158/177/158
f 150/168/150 151/169/151 158/177/158
f 158/177/158 151/169/151 159/178/159
f 151/169/151 152/170/152 159/178/159
f 159/178/159 152/170/152 160/179/160
f 152/170/152 145/171/145 160/179/160
f 160/179/160 145/171/145 153/180/153
f 153/172/153 154/173/154 161/181/161
f 161/181/161 154/173/154 162/182/162
f 154/173/154 155/174/155 162/182/162
f 162/182/162 155/174/155 163/183/163
f 155/174/155 156/175/156 163/183/163
f 163/183/163 156/175/156 164/184/164
f 156/175/156 157/176/157 164/184/164
f 164/184/164 157/176/157 165/185/165
f 157/176/157 158/177/158 165/185/165
f 165/185/165 158/177/158 166/186/166
f 158/177/158 159/178/159 166/186/166
f 166/186/166 159/178/159 167/187/167
f 159/178/159 160/179/160 167/187/167
f 167/187/167 160/179/160 168/188/168
f 160/179/160 153/180/153 168/188/168
f 168/188/168 153/180/153 161/189/161
f 161/181/161 162/182/162 169/190/169
f 169/190/169 162/182/162 170/191/170
f 162/182/162 163/183/163 170/191/170
f 170/191/170 163/183/163 171/192/171
f 163/183/163 164/184/164 171/192/171
f 171/192/171 164/184/164 172/193/172
f 164/184/164 165/185/165 172/193/172
f 172/193/172 165/185/165 173/194/173
f 165/185/165 166/186/166 173/194/173
f 173/194/173 166/186/166 174/195/174
f 166/186/166 167/187/167 174/195/174
f 174/195/174 167/187/167 175/196/175
f 167/187/167 168/188/168 175/196/175
f 175/196/175 168/188/168 176/197/176
f 168/188/168 161/189/161 176/197/176
f 176/197/176 161/189/161 169/198/169
f 169/190/169 170/191/170 177/199/177
f 177/199/177 170/191/170 178/200/178
f 170/191/170 171/192/171 178/200/178
f 178/200/178 171/192/171 179/201/179
f 171/192/171 172/193/172 179/201/179
f 179/201/179 172/193/172 180/202/180
f 172/193/172 173/194/173 180/202/180
f 180/202/180 173/194/173 181/203/181
f 173/194/173 174/195/174 181/203/181
f 181/203/181 174/195/174 182/204/182
f 174/195/174 175/196/175 182/204/182
f 182/204/182 175/196/175 183/205/183
f 175/196/175 176/197/176 183/205/183
f 183/205/183 176/197/176 184/206/184
f 176/197/176 169/198/169 184/206/184
f 184/206/184 169/198/169 177/207/177
f 177/199/177 178/200/178 185/208/185
f 185/208/185 178/200/178 186/209/186
f 178/200/178 179/201/179 186/209/186
f 186/209/186 179/201/179 187/210/187
f 179/201/179 180/202/180 187/210/187
f 187/210/187 180/202/180 188/211/188
f 180/202/180 181/203/181 188/211/188
f 188/211/188 181/203/181 189/212/189
f 181/203/181 182/204/182 189/212/189
f 189/212/189 182/204/182 190/213/190
f 182/204/182 183/205/183 190/213/190
f 190/213/190 183/205/183 191/214/191
f 183/205/183 184/206/184 191/214/191
f 191/214/191 184/206/184 192/215/192
f 184/206/184 177/207/177 192/215/192
f 192/215/192 177/207/177 185/216/185
f 185/208/185 186/209/186 193/217/193
f 193/217/193 186/209/186 194/218/194
f 186/209/186 187/210/187 194/218/194
f 194/218/194 187/210/187 195/219/195
f 187/210/187 188/211/188 195/219/195
f 195/219/195 188/211/188 196/220/196
f 188/211/188 189/212/189 196/220/196
f 196/220/196 189/212/189 197/221/197
f 189/212/189 190/213/190 197/221/197
f 197/221/197 190/213/190 198/222/198
f 190/213/190 191/214/191 198/222/198
f 198/222/198 191/214/191 199/223/199
f 191/214/191 192/215/192 199/223/199
f 199/223/199 192/215/192 200/224/200
f 192/215/192 185/216/185 200/224/200
f 200/224/200 185/216/185 193/225/193
f 193/217/193 194/218/194 201/226/201
f 201/226/201 194/218/194 202/227/202
f 194/218/194 195/219/195 202/227/202
f 202/227/202 195/219/195 203/228/203
f 195/219/195 196/220/196 203/228/203
f 203/228/203 196/220/196 204/229/204
f 196/220/196 197/221/197 204/229/204
f 204/229/204 197/221/197 205/230/205
f 197/221/197 198/222/198 205/230/205
f 205/230/205 198/222/198 206/231/206
f 198/222/198 199/223/199 206/231/206
f 206/231/206 199/223/199 207/232/207
f 199/223/199 200/224/200 207/232/207
f 207/232/207 200/224/200 208/233/208
f 200/224/200 193/225/193 208/233/208
f 208/233/208 193/225/193 201/234/201
f 201/226/201 202/227/202 209/235/209
f 209/235/209 202/227/202 210/236/210
f 202/227/202 203/228/203 210/236/210
f 210/236/210 203/228/203 211/237/211
f 203/228/203 204/229/204 211/237/211
f 211/237/211 204/229/204 212/238/212
f 204/229/204 205/230/205 212/238/212
f 212/238/212 205/230/205 213/239/213
f 205/230/205 206/231/206 213/239/213
f 213/239/213 206/231/206 214/240/214
f 206/231/206 207/232/207 214/240/214
f 214/240/214 207/232/207 215/241/215
f 207/232/207 208/233/208 215/241/215
f 215/241/215 208/233/208 216/242/216
f 208/233/208 201/234/201 216/242/216
f 216/242/216 201/234/201 209/243/209
f 209/235/209 210/236/210 217/244/217
f 217/244/217 210/236/210 218/245/218
f 210/236/210 211/237/211 218/245/218
f 218/245/218 211/237/211 219/246/219
f 211/237/211 212/238/212 219/246/219
f 219/246/219 212/238/212 220/247/220
f 212/238/212 213/239/213 220/247/220
f 220/247/220 213/239/213 221/248/221
f 213/239/213 214/240/214 221/248/221
f 221/248/221 214/240/214 222/249/222
f 214/240/214 215/241/215 222/249/222
f 222/249/222 215/241/215 223/250/223
f 215/241/215 216/242/216 223/250/223
f 223/250/223 216/242/216 224/251/224
f 216/242/216 209/243/209 224/251/224
f 224/251/224 209/243/209 217/252/217
f 217/244/217 218/245/218 225/253/225
f 225/253/225 218/245/218 226/254/226
f 218/245/218 219/246/219 226/254/226
f 226/254/226 219/246/219 227/255/227
f 219/246/219 220/247/220 227/255/227
f 227/255/227 220/247/220 228/256/228
f 220/247/220 221/248/221 228/256/228
f 228/256/228 221/248/221 229/257/229
f 221/248/221 222/249/222 229/257/229
f 229/257/229 222/249/222 230/258/230
f 222/249/222 223/250/223 230/258/230
f 230/258/230 223/250/223 231/259/231
f 223/250/223 224/251/224 231/259/231
f 231/259/231 224/251/224 232/260/232
f 224/251/224 217/252/217 232/260/232
f 232/260/232 217/252/217 225/261/225
f 225/253/225 226/254/226 233/262/233
f 233/262/233 226/254/226 234/263/234
f 226/254/226 227/255/227 234/263/234
f 234/263/234 227/255/227 235/264/235
f 227/255/227 228/256/228 235/264/235
f 235/264/235 228/256/228 236/265/236
f 228/256/228 229/257/229 236/265/236
f 236/265/236 229/257/229 237/266/237
f 229/257/229 230/258/230 237/266/237
f 237/266/237 230/258/230 238/267/238
f 230/258/230 231/259/231 238/267/238
f 238/267/238 231/259/231 239/268/239
f 231/259/231 232/260/232 239/268/239
f 239/268/239 232/260/232 240/269/240
f 232/260/232 225/261/225 240/269/240
f 240/269/240 225/261/225 233/270/233
f 233/262/233 234/263/234 241/271/241
f 241/271/241 234/263/234 242/272/242
f 234/263/234 235/264/235 242/272/242
f 242/272/242 235/264/235 243/273/243
f 235/264/235 236/265/236 243/273/243
f 243/273/243 236/265/236 244/274/244
f 236/265/236 237/266/237 244/274/244
f 244/274/244 237/266/237 245/275/245
f 237/266/237 238/267/238 245/275/245
f 245/275/245 238/267/238 246/276/246
f 238/267/238 239/268/239 246/276/246
f 246/276/246 239/268/239 247/277/247
f 239/268/239 240/269/240 247/277/247
f 247/277/247 240/269/240 248/278/248
f 240/269/240 233/270/233 248/278/248
f 248/278/248 233/270/233 241/279/241
f 241/271/241 242/272/242 249/280/249
f 249/280/249 242/272/242 250/281/250
f 242/272/242 243/273/243 250/281/250
f 250/281/250 243/273/243 251/282/251
f 243/273/243 244/274/244 251/282/251
f 251/282/251 244/274/244 252/283/252
f 244/274/244 245/275/245 252/283/252
f 252/283/252 245/275/245 253/284/253
f 245/275/245 246/276/246 253/284/253
f 253/284/253 246/276/246 254/285/254
f 246/276/246 247/277/247 254/285/254
f 254/285/254 247/277/247 255/286/255
f 247/277/247 248/278/248 255/286/255
f 255/286/255 248/278/248 256/287/256
f 248/278/248 241/279/241 256/287/256
f 256/287/256 241/279/241 249/288/249
f 257/289/257 258/290/258 259/291/259
f 259/291/259 258/290/258 260/292/260
f 261/293/261 262/294/262 257/289/257
f 257/289/257 262/294/262 258/290/258
f 263/295/263 264/296/264 261/293/261
f 261/293/261 264/296/264 262/294/262
f 265/297/265 266/298/266 263/295/263
f 263/295/263 266/298/266 264/296/264
f 265/297/265 267/299/267 266/298/266
f 266/298/266 267/299/267 268/300/268
f 267/299/267 269/301/269 268/300/268
f 268/300/268 269/301/269 270/302/270
f 269/301/269 271/303/271 270/302/270
f 270/302/270 271/303/271 272/304/272
f 271/303/271 259/305/259 272/304/272
f 272/304/272 259/305/259 260/306/260
f 258/290/258 273/307/273 260/292/260
f 260/292/260 273/307/273 274/308/274
f 262/294/262 275/309/275 258/290/258
f 258/290/258 275/309/275 273/307/273
f 264/296/264 276/310/276 262/294/262
f 262/294/262 276/310/276 275/309/275
f 266/298/266 277/311/277 264/296/264
f 264/296/264 277/311/277 276/310/276
f 266/298/266 268/300/268 277/311/277
f 277/311/277 268/300/268 278/312/278
f 268/300/268 270/302/270 278/312/278
f 278/312/278 270/302/270 279/313/279
f 270/302/270 272/304/272 279/313/279
f 279/313/279 272/304/272 280/314/280
f 272/304/272 260/306/260 280/314/280
f 280/314/280 260/306/260 274/315/274
f 273/307/273 281/316/281 274/308/274
f 274/308/274 281/316/281 282/317/282
f 275/309/275 283/318/283 273/307/273
f 273/307/273 283/318/283 281/316/281
f 276/310/276 284/319/284 275/309/275
f 275/309/275 284/319/284 283/318/283
f 277/311/277 285/320/285 276/310/276
f 276/310/276 285/320/285 284/319/284
f 277/311/277 278/312/278 285/320/285
f 285/320/285 278/312/278 286/321/286
f 278/312/278 279/313/279 286/321/286
f 286/321/286 279/313/279 287/322/287
f 279/313/279 280/314/280 287/322/287
f 287/322/287 280/314/280 288/323/288
f 280/314/280 274/315/274 288/323/288
f 288/323/288 274/315/274 282/324/282
f 282/317/282 281/316/281 289/325/289
f 289/325/289 281/316/281 290/326/290
f 281/316/281 283/318/283 290/326/290
f 290/326/290 283/318/283 291/327/291
f 283/318/283 284/319/284 291/327/291
f 291/327/291 284/319/284 292/328/292
f 284/319/284 285/320/285 292/328/292
f 292/328/292 285/320/285 293/329/293
f 285/320/285 286/321/286 293/329/293
f 293/329/293 286/321/286 294/330/294
f 286/321/286 287/322/287 294/330/294
f 294/330/294 287/322/287 295/331/295
f 287/322/287 288/323/288 295/331/295
f 295/331/295 288/323/288 296/332/296
f 288/323/288 282/324/282 296/332/296
f 296/332/296 282/324/282 289/333/289
f 289/325/289 290/326/290 297/334/297
f 297/334/297 290/326/290 298/335/298
f 290/326/290 291/327/291 298/335/298
f 298/335/298 291/327/291 299/336/299
f 291/327/291 292/328/292 299/336/299
f 299/336/299 292/328/292 300/337/300
f 292/328/292 293/329/293 300/337/300
f 300/337/300 293/329/293 301/338/301
f 293/329/293 294/330/294 301/338/301
f 301/338/301 294/330/294 302/339/302
f 294/330/294 295/331/295 302/339/302
f 302/339/302 295/331/295 303/340/303
f 295/331/295 296/332/296 303/340/303
f 303/340/303 296/332/296 304/341/304
f 296/332/296 289/333/289 304/341/304
f 304/341/304 289/333/289 297/342/297
f 297/334/297 298/335/298 305/343/305
f 305/343/305 298/335/298 306/344/306
f 298/335/298 299/336/299 306/344/306
f 306/344/306 299/336/299 307/345/307
f 299/336/299 300/337/300 307/345/307
f 307/345/307 300/337/300 308/346/308
f 300/337/300 301/338/301 308/346/308
f 308/346/308 301/338/301 309/347/309
f 301/338/301 302/339/302 309/347/309
f 309/347/309 302/339/302 310/348/310
f 302/339/302 303/340/303 310/348/310
f 310/348/310 303/340/303 311/349/311
f 303/340/303 304/341/304 311/349/311
f 311/349/311 304/341/304 312/350/312
f 304/341/304 297/342/297 312/350/312
f 312/350/312 297/342/297 305/351/305
f 305/343/305 306/344/306 313/352/313
f 313/352/313 306/344/306 314/353/314
f 306/344/306 307/345/307 314/353/314
f 314/353/314 307/345/307 315/354/315
f 307/345/307 308/346/308 315/354/315
f 315/354/315 308/346/308 316/355/316
f 308/346/308 309/347/309 316/355/316
f 316/355/316 309/347/309 317/356/317
f 309/347/309 310/348/310 317/356/317
f 317/356/317 310/348/310 318/357/318
f 310/348/310 311/349/311 318/357/318
f 318/357/318 311/349/311 319/358/319
f 311/349/311 312/350/312 319/358/319
f 319/358/319 312/350/312 320/359/320
f 312/350/312 305/351/305 320/359/320
f 320/359/320 305/351/305 313/360/313
f 313/352/313 314/353/314 321/361/321
f 321/361/321 314/353/314 322/362/322
f 314/353/314 315/354/315 322/362/322
f 322/362/322 315/354/315 323/363/323
f 315/354/315 316/355/316 323/363/323
f 323/363/323 316/355/316 324/364/324
f 316/355/316 317/356/317 324/364/324
f 324/364/324 317/356/317 325/365/325
f 317/356/317 318/357/318 325/365/325
f 325/365/325 318/357/318 326/366/326
f 318/357/318 319/358/319 326/366/326
f 326/366/326 319/358/319 327/367/327
f 319/358/319 320/359/320 327/367/327
f 327/367/327 320/359/320 328/368/328
f 320/359/320 313/360/313 328/368/328
f 328/368/328 313/360/313 321/369/321
f 321/361/321 322/362/322 329/370/329
f 329/370/329 322/362/322 330/371/330
f 322/362/322 323/363/323 330/371/330
f 330/371/330 323/363/323 331/372/331
f 323/363/323 324/364/324 331/372/331
f 331/372/331 324/364/324 332/373/332
f 324/364/324 325/365/325 332/373/332
f 332/373/332 325/365/325 333/374/333
f 325/365/325 326/366/326 333/374/333
f 333/374/333 326/366/326 334/375/334
f 326/366/326 327/367/327 334/375/334
f 334/375/334 327/367/327 335/376/335
f 327/367/327 328/368/328 335/376/335
f 335/376/335 328/368/328 336/377/336
f 328/368/328 321/369/321 336/377/336
f 336/377/336 321/369/321 329/378/329
f 329/370/329 330/371/330 337/379/337
f 337/379/337 330/371/330 338/380/338
f 330/371/330 331/372/331 338/380/338
f 338/380/338 331/372/331 339/381/339
f 331/372/331 332/373/332 339/381/339
f 339/381/339 332/373/332 340/382/340
f 332/373/332 333/374/333 340/382/340
f 340/382/340 333/374/333 341/383/341
f 333/374/333 334/375/334 341/383/341
f 341/383/341 334/375/334 342/384/342
f 334/375/334 335/376/335 342/384/342
f 342/384/342 335/376/335 343/385/343
f 335/376/335 336/377/336 343/385/343
f 343/385/343 336/377/336 344/386/344
f 336/377/336 329/378/329 344/386/344
f 344/386/344 329/378/329 337/387/337
f 337/379/337 338/380/338 345/388/345
f 345/388/345 338/380/338 346/389/346
f 338/380/338 339/381/339 346/389/346
f 346/389/346 339/381/339 347/390/347
f 339/381/339 340/382/340 347/390/347
f 347/390/347 340/382/340 348/391/348
f 340/382/340 341/383/341 348/391/348
f 348/391/348 341/383/341 349/392/349
f 341/383/341 342/384/342 349/392/349
f 349/392/349 342/384/342 350/393/350
f 342/384/342 343/385/343 350/393/350
f 350/393/350 343/385/343 351/394/351
f 343/385/343 344/386/344 351/394/351
f 351/394/351 344/386/344 352/395/352
f 344/386/344 337/387/337 352/395/352
f 352/395/352 337/387/337 345/396/345
f 345/388/345 346/389/346 353/397/353
f 353/397/353 346/389/346 354/398/354
f 346/389/346 347/390/347 354/398/354
f 354/398/354 347/390/347 355/399/355
f 347/390/347 348/391/348 355/399/355
f 355/399/355 348/391/348 356/400/356
f 348/391/348 349/392/349 356/400/356
f 356/400/356 349/392/349 357/401/357
f 349/392/349 350/393/350 357/401/357
f 357/401/357 350/393/350 358/402/358
f 350/393/350 351/394/351 358/402/358
f 358/402/358 351/394/351 359/403/359
f 351/394/351 352/395/352 359/403/359
f 359/403/359 352/395/352 360/404/360
f 352/395/352 345/396/345 360/404/360
f 360/404/360 345/396/345 353/405/353
f 353/397/353 354/398/354 361/406/361
f 361/406/361 354/398/354 362/407/362
f 354/398/354 355/399/355 362/407/362
f 362/407/362 355/399/355 363/408/363
f 355/399/355 356/400/356 363/408/363
f 363/408/363 356/400/356 364/409/364
f 356/400/356 357/401/357 364/409/364
f 364/409/364 357/401/357 365/410/365
f 357/401/357 358/402/358 365/410/365
f 365/410/365 358/402/358 366/411/366
f 358/402/358 359/403/359 366/411/366
f 366/411/366 359/403/359 367/412/367
f 359/403/359 360/404/360 367/412/367
f 367/412/367 360/404/360 368/413/368
f 360/404/360 353/405/353 368/413/368
f 368/413/368 353/405/353 361/414/361
f 361/406/361 362/407/362 369/415/369
f 369/415/369 362/407/362 370/416/370
f 362/407/362 363/408/363 370/416/370
f 370/416/370 363/408/363 371/417/371
f 363/408/363 364/409/364 371/417/371
f 371/417/371 364/409/364 372/418/372
f 364/409/364 365/410/365 372/418/372
f 372/418/372 365/410/365 373/419/373
f 365/410/365 366/411/366 373/419/373
f 373/419/373 366/411/366 374/420/374
f 366/411/366 367/412/367 374/420/374
f 374/420/374 367/412/367 375/421/375
f 367/412/367 368/413/368 375/421/375
f 375/421/375 368/413/368 376/422/376
f 368/413/368 361/414/361 376/422/376
f 376/422/376 361/414/361 369/423/369
f 369/415/369 370/416/370 377/424/377
f 377/424/377 370/416/370 378/425/378
f 370/416/370 371/417/371 378/425/378
f 378/425/378 371/417/371 379/426/379
f 371/417/371 372/418/372 379/426/379
f 379/426/379 372/418/372 380/427/380
f 372/418/372 373/419/373 380/427/380
f 380/427/380 373/419/373 381/428/381
f 373/419/373 374/420/374 381/428/381
f 381/428/381 374/420/374 382/429/382
f 374/420/374 375/421/375 382/429/382
f 382/429/382 375/421/375 383/430/383
f 375/421/375 376/422/376 383/430/383
f 383/430/383 376/422/376 384/431/384
f 376/422/376 369/423/369 384/431/384
f 384/431/384 369/423/369 377/432/377
f 377/424/377 378/425/378 385/433/385
f 385/433/385 378/425/378 386/434/386
f 378/425/378 379/426/379 386/434/386
f 386/434/386 379/426/379 387/435/387
f 379/426/379 380/427/380 387/435/387
f 387/435/387 380/427/380 388/436/388
f 380/427/380 381/428/381 388/436/388
f 388/436/388 381/428/381 389/437/389
f 381/428/381 382/429/382 389/437/389
f 389/437/389 382/429/382 390/438/390
f 382/429/382 383/430/383 390/438/390
f 390/438/390 383/430/383 391/439/391
f 383/430/383 384/431/384 391/439/391
f 391/439/391 384/431/384 392/440/392
f 384/431/384 377/432/377 392/440/392
f 392/440/392 377/432/377 385/441/385
f 385/433/385 386/434/386 393/442/393
f 393/442/393 386/434/386 394/443/394
f 386/434/386 387/435/387 394/443/394
f 394/443/394 387/435/387 395/444/395
f 387/435/387 388/436/388 395/444/395
f 395/444/395 388/436/388 396/445/396
f 388/436/388 389/437/389 396/445/396
f 396/445/396 389/437/389 397/446/397
f 389/437/389 390/438/390 397/446/397
f 397/446/397 390/438/390 398/447/398
f 390/438/390 391/439/391 398/447/398
f 398/447/398 391/439/391 399/448/399
f 391/439/391 392/440/392 399/448/399
f 399/448/399 392/440/392 400/449/400
f 392/440/392 385/441/385 400/449/400
f 400/449/400 385/441/385 393/450/393
f 393/442/393 394/443/394 401/451/401
f 401/451/401 394/443/394 402/452/402
f 394/443/394 395/444/395 402/452/402
f 402/452/402 395/444/395 403/453/403
f 395/444/395 396/445/396 403/453/403
f 403/453/403 396/445/396 404/454/404
f 396/445/396 397/446/397 404/454/404
f 404/454/404 397/446/397 405/455/405
f 397/446/397 398/447/398 405/455/405
f 405/455/405 398/447/398 406/456/406
f 398/447/398 399/448/399 406/456/406
f 406/456/406 399/448/399 407/457/407
f 399/448/399 400/449/400 407/457/407
f 407/457/407 400/449/400 408/458/408
f 400/449/400 393/450/393 408/458/408
f 408/458/408 393/450/393 401/459/401
f 401/451/401 402/452/402 409/460/409
f 409/460/409 402/452/402 410/461/410
f 402/452/402 403/453/403 410/461/410
f 410/461/410 403/453/403 411/462/411
f 403/453/403 404/454/404 411/462/411
f 411/462/411 404/454/404 412/463/412
f 404/454/404 405/455/405 412/463/412
f 412/463/412 405/455/405 413/464/413
f 405/455/405 406/456/406 413/464/413
f 413/464/413 406/456/406 414/465/414
f 406/456/406 407/457/407 414/465/414
f 414/465/414 407/457/407 415/466/415
f 407/457/407 408/458/408 415/466/415
f 415/466/415 408/458/408 416/467/416
f 408/458/408 401/459/401 416/467/416
f 416/467/416 401/459/401 409/468/409
f 409/460/409 410/461/410 417/469/417
f 417/469/417 410/461/410 418/470/418
f 410/461/410 411/462/411 418/470/418
f 418/470/418 411/462/411 419/471/419
f 411/462/411 412/463/412 419/471/419
f 419/471/419 412/463/412 420/472/420
f 412/463/412 413/464/413 420/472/420
f 420/472/420 413/464/413 421/473/421
f 413/464/413 414/465/414 421/473/421
f 421/473/421 414/465/414 422/474/422
f 414/465/414 415/466/415 422/474/422
f 422/474/422 415/466/415 423/475/423
f 415/466/415 416/467/416 423/475/423
f 423/475/423 416/467/416 424/476/424
f 416/467/416 409/468/409 424/476/424
f 424/476/424 409/468/409 417/477/417
f 417/469/417 418/470/418 425/478/425
f 425/478/425 418/470/418 426/479/426
f 418/470/418 419/471/419 426/479/426
f 426/479/426 419/471/419 427/480/427
f 419/471/419 420/472/420 427/480/427
f 427/480/427 420/472/420 428/481/428
f 420/472/420 421/473/421 428/481/428
f 428/481/428 421/473/421 429/482/429
f 421/473/421 422/474/422 429/482/429
f 429/482/429 422/474/422 430/483/430
f 422/474/422 423/475/423 430/483/430
f 430/483/430 423/475/423 431/484/431
f 423/475/423 424/476/424 431/484/431
f 431/484/431 424/476/424 432/485/432
f 424/476/424 417/477/417 432/485/432
f 432/485/432 417/477/417 425/486/425
f 425/478/425 426/479/426 433/487/433
f 433/487/433 426/479/426 434/488/434
f 426/479/426 427/480/427 434/488/434
f 434/488/434 427/480/427 435/489/435
f 427/480/427 428/481/428 435/489/435
f 435/489/435 428/481/428 436/490/436
f 428/481/428 429/482/429 436/490/436
f 436/490/436 429/482/429 437/491/437
f 429/482/429 430/483/430 437/491/437
f 437/491/437 430/483/430 438/492/438
f 430/483/430 431/484/431 438/492/438
f 438/492/438 431/484/431 439/493/439
f 431/484/431 432/485/432 439/493/439
f 439/493/439 432/485/432 440/494/440
f 432/485/432 425/486/425 440/494/440
f 440/494/440 425/486/425 433/495/433
f 433/487/433 434/488/434 441/496/441
f 441/496/441 434/488/434 442/497/442
f 434/488/434 435/489/435 442/497/442
f 442/497/442 435/489/435 443/498/443
f 435/489/435 436/490/436 443/498/443
f 443/498/443 436/490/436 444/499/444
f 436/490/436 437/491/437 444/499/444
f 444/499/444 437/491/437 445/500/445
f 437/491/437 438/492/438 445/500/445
f 445/500/445 438/492/438 446/501/446
f 438/492/438 439/493/439 446/501/446
f 446/501/446 439/493/439 447/502/447
f 439/493/439 440/494/440 447/502/447
f 447/502/447 440/494/440 448/503/448
f 440/494/440 433/495/433 448/503/448
f 448/503/448 433/495/433 441/504/441
f 441/496/441 442/497/442 449/505/449
f 449/505/449 442/497/442 450/506/450
f 442/497/442 443/498/443 450/506/450
f 450/506/450 443/498/443 451/507/451
f 443/498/443 444/499/444 451/507/451
f 451/507/451 444/499/444 452/508/452
f 444/499/444 445/500/445 452/508/452
f 452/508/452 445/500/445 453/509/453
f 445/500/445 446/501/446 453/509/453
f 453/509/453 446/501/446 454/510/454
f 446/501/446 447/502/447 454/510/454
f 454/510/454 447/502/447 455/511/455
f 447/502/447 448/503/448 455/511/455
f 455/511/455 448/503/448 456/512/456
f 448/503/448 441/504/441 456/512/456
f 456/512/456 441/504/441 449/513/449
f 449/505/449 450/506/450 457/514/457
f 457/514/457 450/506/450 458/515/458
f 450/506/450 451/507/451 458/515/458
f 458/515/458 451/507/451 459/516/459
f 451/507/451 452/508/452 459/516/459
f 459/516/459 452/508/452 460/517/460
f 452/508/452 453/509/453 460/517/460
f 460/517/460 453/509/453 461/518/461
f 453/509/453 454/510/454 461/518/461
f 461/518/461 454/510/454 462/519/462
f 454/510/454 455/511/455 462/519/462
f 462/519/462 455/511/455 463/520/463
f 455/511/455 456/512/456 463/520/463
f 463/520/463 456/512/456 464/521/464
f 456/512/456 449/513/449 464/521/464
f 464/521/464 449/513/449 457/522/457
f 457/514/457 458/515/458 465/523/465
f 465/523/465 458/515/458 466/524/466
f 458/515/458 459/516/459 466/524/466
f 466/524/466 459/516/459 467/525/467
f 459/516/459 460/517/460 467/525/467
f 467/525/467 460/517/460 468/526/468
f 460/517/460 461/518/461 468/526/468
f 468/526/468 461/518/461 469/527/469
f 461/518/461 462/519/462 469/527/469
f 469/527/469 462/519/462 470/528/470
f 462/519/462 463/520/463 470/528/470
f 470/528/470 463/520/463 471/529/471
f 463/520/463 464/521/464 471/529/471
f 471/529/471 464/521/464 472/530/472
f 464/521/464 457/522/457 472/530/472
f 472/530/472 457/522/457 465/531/465
f 465/523/465 466/524/466 473/532/473
f 473/532/473 466/524/466 474/533/474
f 466/524/466 467/525/467 474/533/474
f 474/533/474 467/525/467 475/534/475
f 467/525/467 468/526/468 475/534/475
f 475/534/475 468/526/468 476/535/476
f 468/526/468 469/527/469 476/535/476
f 476/535/476 469/527/469 477/536/477
f 469/527/469 470/528/470 477/536/477
f 477/536/477 470/528/470 478/537/478
f 470/528/470 471/529/471 478/537/478
f 478/537/478 471/529/471 479/538/479
f 471/529/471 472/530/472 479/538/479
f 479/538/479 472/530/472 480/539/480
f 472/530/472 465/531/465 480/539/480
f 480/539/480 465/531/465 473/540/473
f 473/532/473 474/533/474 481/541/481
f 481/541/481 474/533/474 482/542/482
f 474/533/474 475/534/475 482/542/482
f 482/542/482 475/534/475 483/543/483
f 475/534/475 476/535/476 483/543/483
f 483/543/483 476/535/476 484/544/484
f 476/535/476 477/536/477 484/544/484
f 484/544/484 477/536/477 485/545/485
f 477/536/477 478/537/478 485/545/485
f 485/545/485 478/537/478 486/546/486
f 478/537/478 479/538/479 486/546/486
f 486/546/486 479/538/479 487/547/487
f 479/538/479 480/539/480 487/547/487
f 487/547/487 480/539/480 488/548/488
f 480/539/480 473/540/473 488/548/488
f 488/548/488 473/540/473 481/549/481
f 481/541/481 482/542/482 489/550/489
f 489/550/489 482/542/482 490/551/490
f 482/542/482 483/543/483 490/551/490
f 490/551/490 483/543/483 491/552/491
f 483/543/483 484/544/484 491/552/491
f 491/552/491 484/544/484 492/553/492
f 484/544/484 485/545/485 492/553/492
f 492/553/492 485/545/485 493/554/493
f 485/545/485 486/546/486 493/554/493
f 493/554/493 486/546/486 494/555/494
f 486/546/486 487/547/487 494/555/494
f 494/555/494 487/547/487 495/556/495
f 487/547/487 488/548/488 495/556/495
f 495/556/495 488/548/488 496/557/496
f 488/548/488 481/549/481 496/557/496
f 496/557/496 481/549/481 489/558/489
f 489/550/489 490/551/490 497/559/497
f 497/559/497 490/551/490 498/560/498
f 490/551/490 491/552/491 498/560/498
f 498/560/498 491/552/491 499/561/499
f 491/552/491 492/553/492 499/561/499
f 499/561/499 492/553/492 500/562/500
f 492/553/492 493/554/493 500/562/500
f 500/562/500 493/554/493 501/563/501
f 493/554/493 494/555/494 501/563/501
f 501/563/501 494/555/494 502/564/502
f 494/555/494 495/556/495 502/564/502
f 502/564/502 495/556/495 503/565/503
f 495/556/495 496/557/496 503/565/503
f 503/565/503 496/557/496 504/566/504
f 496/557/496 489/558/489 504/566/504
f 504/566/504 489/558/489 497/567/497
f 497/559/497 498/560/498 505/568/505
f 505/568/505 498/560/498 506/569/506
f 498/560/498 499/561/499 506/569/506
f 506/569/506 499/561/499 507/570/507
f 499/561/499 500/562/500 507/570/507
f 507/570/507 500/562/500 508/571/508
f 500/562/500 501/563/501 508/571/508
f 508/571/508 501/563/501 509/572/509
f 501/563/501 502/564/502 509/572/509
f 509/572/509 502/564/502 510/573/510
f 502/564/502 503/565/503 510/573/510
f 510/573/510 503/565/503 511/574/511
f 503/565/503 504/566/504 511/574/511
f 511/574/511 504/566/504 512/575/512
f 504/566/504 497/567/497 512/575/512
f 512/575/512 497/567/497 505/576/505
f 513/577/513 514/578/514 515/579/515
f 515/579/515 514/578/514 516/580/516
f 514/578/514 517/581/517 516/580/516
f 516/580/516 517/581/517 518/582/518
f 517/581/517 519/583/519 518/582/518
f 518/582/518 519/583/519 520/584/520
f 519/583/519 521/585/521 520/584/520
f 520/584/520 521/585/521 522/586/522
f 523/587/523 524/588/524 521/585/521
f 521/585/521 524/588/524 522/586/522
f 525/589/525 526/590/526 523/587/523
f 523/587/523 526/590/526 524/588/524
f 527/591/527 528/592/528 525/589/525
f 525/589/525 528/592/528 526/590/526
f 513/593/513 515/594/515 527/591/527
f 527/591/527 515/594/515 528/592/528
f 515/579/515 516/580/516 529/595/529
f 529/595/529 516/580/516 530/596/530
f 516/580/516 518/582/518 530/596/530
f 530/596/530 518/582/518 531/597/531
f 518/582/518 520/584/520 531/597/531
f 531/597/531 520/584/520 532/598/532
f 520/584/520 522/586/522 532/598/532
f 532/598/532 522/586/522 533/599/533
f 524/588/524 534/600/534 522/586/522
f 522/586/522 534/600/534 533/599/533
f 526/590/526 535/601/535 524/588/524
f 524/588/524 535/601/535 534/600/534
f 528/592/528 536/602/536 526/590/526
f 526/590/526 536/602/536 535/601/535
f 515/594/515 529/603/529 528/592/528
f 528/592/528 529/603/529 536/602/536
f 529/595/529 530/596/530 537/604/537
f 537/604/537 530/596/530 538/605/538
f 530/596/530 531/597/531 538/605/538
f 538/605/538 531/597/531 539/606/539
f 531/597/531 532/598/532 539/606/539
f 539/606/539 532/598/532 540/607/540
f 532/598/532 533/599/533 540/607/540
f 540/607/540 533/599/533 541/608/541
f 534/600/534 542/609/542 533/599/533
f 533/599/533 542/609/542 541/608/541
f 535/601/535 543/610/543 534/600/534
f 534/600/534 543/610/543 542/609/542
f 536/602/536 544/611/544 535/601/535
f 535/601/535 544/611/544 543/610/543
f 529/603/529 537/612/537 536/602/536
f 536/602/536 537/612/537 544/611/544
f 537/604/537 538/605/538 545/613/545
f 545/613/545 538/605/538 546/614/546
f 538/605/538 539/606/539 546/614/546
f 546/614/546 539/606/539 547/615/547
f 539/606/539 540/607/540 547/615/547
f 547/615/547 540/607/540 548/616/548
f 540/607/540 541/608/541 548/616/548
f 548/616/548 541/608/541 549/617/549
f 541/608/541 542/609/542 549/617/549
f 549/617/549 542/609/542 550/618/550
f 543/610/543 551/619/551 542/609/542
f 542/609/542 551/619/551 550/618/550
f 544/611/544 552/620/552 543/610/543
f 543/610/543 552/620/552 551/619/551
f 544/611/544 537/612/537 552/620/552
f 552/620/552 537/612/537 545/621/545
f 545/613/545 546/614/546 553/622/553
f 553/622/553 546/614/546 554/623/554
f 546/614/546 547/615/547 554/623/554
f 554/623/554 547/615/547 555/624/555
f 547/615/547 548/616/548 555/624/555
f 555/624/555 548/616/548 556/625/556
f 548/616/548 549/617/549 556/625/556
f 556/625/556 549/617/549 557/626/557
f 549/617/549 550/618/550 557/626/557
f 557/626/557 550/618/550 558/627/558
f 550/618/550 551/619/551 558/627/558
f 558/627/558 551/619/551 559/628/559
f 551/619/551 552/620/552 559/628/559
f 559/628/559 552/620/552 560/629/560
f 552/620/552 545/621/545 560/629/560
f 560/629/560 545/621/545 553/630/553
f 553/622/553 554/623/554 561/631/561
f 561/631/561 554/623/554 562/632/562
f 554/623/554 555/624/555 562/632/562
f 562/632/562 555/624/555 563/633/563
f 555/624/555 556/625/556 563/633/563
f 563/633/563 556/625/556 564/634/564
f 556/625/556 557/626/557 564/634/564
f 564/634/564 557/626/557 565/635/565
f 557/626/557 558/627/558 565/635/565
f 565/635/565 558/627/558 566/636/566
f 558/627/558 559/628/559 566/636/566
f 566/636/566 559/628/559 567/637/567
f 559/628/559 560/629/560 567/637/567
f 567/637/567 560/629/560 568/638/568
f 560/629/560 553/630/553 568/638/568
f 568/638/568 553/630/553 561/639/561
f 561/631/561 562/632/562 569/640/569
f 569/640/569 562/632/562 570/641/570
f 562/632/562 563/633/563 570/641/570
f 570/641/570 563/633/563 571/642/571
f 563/633/563 564/634/564 571/642/571
f 571/642/571 564/634/564 572/643/572
f 564/634/564 565/635/565 572/643/572
f 572/643/572 565/635/565 573/644/573
f 565/635/565 566/636/566 573/644/573
f 573/644/573 566/636/566 574/645/574
f 566/636/566 567/637/567 574/645/574
f 574/645/574 567/637/567 575/646/575
f 567/637/567 568/638/568 575/646/575
f 575/646/575 568/638/568 576/647/576
f 568/638/568 561/639/561 576/647/576
f 576/647/576 561/639/561 569/648/569
f 569/640/569 570/641/570 577/649/577
f 577/649/577 570/641/570 578/650/578
f 570/641/570 571/642/571 578/650/578
f 578/650/578 571/642/571 579/651/579
f 571/642/571 572/643/572 579/651/579
f 579/651/579 572/643/572 580/652/580
f 572/643/572 573/644/573 580/652/580
f 580/652/580 573/644/573 581/653/581
f 573/644/573 574/645/574 581/653/581
f 581/653/581 574/645/574 582/654/582
f 574/645/574 575/646/575 582/654/582
f 582/654/582 575/646/575 583/655/583
f 575/646/575 576/647/576 583/655/583
f 583/655/583 576/647/576 584/656/584
f 576/647/576 569/648/569 584/656/584
f 584/656/584 569/648/569 577/657/577
f 577/649/577 578/650/578 585/658/585
f 585/658/585 578/650/578 586/659/586
f 578/650/578 579/651/579 586/659/586
f 586/659/586 579/651/579 587/660/587
f 579/651/579 580/652/580 587/660/587
f 587/660/587 580/652/580 588/661/588
f 580/652/580 581/653/581 588/661/588
f 588/661/588 581/653/581 589/662/589
f 581/653/581 582/654/582 589/662/589
f 589/662/589 582/654/582 590/663/590
f 582/654/582 583/655/583 590/663/590
f 590/663/590 583/655/583 591/664/591
f 583/655/583 584/656/584 591/664/591
f 591/664/591 584/656/584 592/665/592
f 584/656/584 577/657/577 592/665/592
f 592/665/592 577/657/577 585/666/585
f 585/658/585 586/659/586 593/667/593
f 593/667/593 586/659/586 594/668/594
f 586/659/586 587/660/587 594/668/594
f 594/668/594 587/660/587 595/669/595
f 587/660/587 588/661/588 595/669/595
f 595/669/595 588/661/588 596/670/596
f 588/661/588 589/662/589 596/670/596
f 596/670/596 589/662/589 597/671/597
f 589/662/589 590/663/590 597/671/597
f 597/671/597 590/663/590 598/672/598
f 590/663/590 591/664/591 598/672/598
f 598/672/598 591/664/591 599/673/599
f 591/664/591 592/665/592 599/673/599
f 599/673/599 592/665/592 600/674/600
f 592/665/592 585/666/585 600/674/600
f 600/674/600 585/666/585 593/675/593
f 593/667/593 594/668/594 601/676/601
f 601/676/601 594/668/594 602/677/602
f 594/668/594 595/669/595 602/677/602
f 602/677/602 595/669/595 603/678/603
f 595/669/595 596/670/596 603/678/603
f 603/678/603 596/670/596 604/679/604
f 596/670/596 597/671/597 604/679/604
f 604/679/604 597/671/597 605/680/605
f 597/671/597 598/672/598 605/680/605
f 605/680/605 598/672/598 606/681/606
f 598/672/598 599/673/599 606/681/606
f 606/681/606 599/673/599 607/682/607
f 599/673/599 600/674/600 607/682/607
f 607/682/607 600/674/600 608/683/608
f 600/674/600 593/675/593 608/683/608
f 608/683/608 593/675/593 601/684/601
f 601/676/601 602/677/602 609/685/609
f 609/685/609 602/677/602 610/686/610
f 602/677/602 603/678/603 610/686/610
f 610/686/610 603/678/603 611/687/611
f 603/678/603 604/679/604 611/687/611
f 611/687/611 604/679/604 612/688/612
f 604/679/604 605/680/605 612/688/612
f 612/688/612 605/680/605 613/689/613
f 605/680/605 606/681/606 613/689/613
f 613/689/613 606/681/606 614/690/614
f 606/681/606 607/682/607 614/690/614
f 614/690/614 607/682/607 615/691/615
f 607/682/607 608/683/608 615/691/615
f 615/691/615 608/683/608 616/692/616
f 608/683/608 601/684/601 616/692/616
f 616/692/616 601/684/601 609/693/609
f 609/685/609 610/686/610 617/694/617
f 617/694/617 610/686/610 618/695/618
f 610/686/610 611/687/611 618/695/618
f 618/695/618 611/687/611 619/696/619
f 611/687/611 612/688/612 619/696/619
f 619/696/619 612/688/612 620/697/620
f 612/688/612 613/689/613 620/697/620
f 620/697/620 613/689/613 621/698/621
f 613/689/613 614/690/614 621/698/621
f 621/698/621 614/690/614 622/699/622
f 614/690/614 615/691/615 622/699/622
f 622/699/622 615/691/615 623/700/623
f 615/691/615 616/692/616 623/700/623
f 623/700/623 616/692/616 624/701/624
f 616/692/616 609/693/609 624/701/624
f 624/701/624 609/693/609 617/702/617
f 617/694/617 618/695/618 625/703/625
f 625/703/625 618/695/618 626/704/626
f 618/695/618 619/696/619 626/704/626
f 626/704/626 619/696/619 627/705/627
f 619/696/619 620/697/620 627/705/627
f 627/705/627 620/697/620 628/706/628
f 620/697/620 621/698/621 628/706/628
f 628/706/628 621/698/621 629/707/629
f 621/698/621 622/699/622 629/707/629
f 629/707/629 622/699/622 630/708/630
f 622/699/622 623/700/623 630/708/630
f 630/708/630 623/700/623 631/709/631
f 623/700/623 624/701/624 631/709/631
f 631/709/631 624/701/624 632/710/632
f 624/701/624 617/702/617 632/710/632
f 632/710/632 617/702/617 625/711/625
f 625/703/625 626/704/626 633/712/633
f 633/712/633 626/704/626 634/713/634
f 626/704/626 627/705/627 634/713/634
f 634/713/634 627/705/627 635/714/635
f 627/705/627 628/706/628 635/714/635
f 635/714/635 628/706/628 636/715/636
f 628/706/628 629/707/629 636/715/636
f 636/715/636 629/707/629 637/716/637
f 629/707/629 630/708/630 637/716/637
f 637/716/637 630/708/630 638/717/638
f 630/708/630 631/709/631 638/717/638
f 638/717/638 631/709/631 639/718/639
f 631/709/631 632/710/632 639/718/639
f 639/718/639 632/710/632 640/719/640
f 632/710/632 625/711/625 640/719/640
f 640/719/640 625/711/625 633/720/633
f 633/712/633 634/713/634 641/721/641
f 641/721/641 634/713/634 642/722/642
f 634/713/634 635/714/635 642/722/642
f 642/722/642 635/714/635 643/723/643
f 635/714/635 636/715/636 643/723/643
f 643/723/643 636/715/636 644/724/644
f 636/715/636 637/716/637 644/724/644
f 644/724/644 637/716/637 645/725/645
f 637/716/637 638/717/638 645/725/645
f 645/725/645 638/717/638 646/726/646
f 638/717/638 639/718/639 646/726/646
f 646/726/646 639/718/639 647/727/647
f 639/718/639 640/719/640 647/727/647
f 647/727/647 640/719/640 648/728/648
f 640/719/640 633/720/633 648/728/648
f 648/728/648 633/720/633 641/729/641
f 641/721/641 642/722/642 649/730/649
f 649/730/649 642/722/642 650/731/650
f 642/722/642 643/723/643 650/731/650
f 650/731/650 643/723/643 651/732/651
f 643/723/643 644/724/644 651/732/651
f 651/732/651 644/724/644 652/733/652
f 644/724/644 645/725/645 652/733/652
f 652/733/652 645/725/645 653/734/653
f 645/725/645 646/726/646 653/734/653
f 653/734/653 646/726/646 654/735/654
f 646/726/646 647/727/647 654/735/654
f 654/735/654 647/727/647 655/736/655
f 647/727/647 648/728/648 655/736/655
f 655/736/655 648/728/648 656/737/656
f 648/728/648 641/729/641 656/737/656
f 656/737/656 641/729/641 649/738/649
f 649/730/649 650/731/650 657/739/657
f 657/739/657 650/731/650 658/740/658
f 650/731/650 651/732/651 658/740/658
f 658/740/658 651/732/651 659/741/659
f 651/732/651 652/733/652 659/741/659
f 659/741/659 652/733/652 660/742/660
f 652/733/652 653/734/653 660/742/660
f 660/742/660 653/734/653 661/743/661
f 653/734/653 654/735/654 661/743/661
f 661/743/661 654/735/654 662/744/662
f 654/735/654 655/736/655 662/744/662
f 662/744/662 655/736/655 663/745/663
f 655/736/655 656/737/656 663/745/663
f 663/745/663 656/737/656 664/746/664
f 656/737/656 649/738/649 664/746/664
f 664/746/664 649/738/649 657/747/657
f 657/739/657 658/740/658 665/748/665
f 665/748/665 658/740/658 666/749/666
f 658/740/658 659/741/659 666/749/666
f 666/749/666 659/741/659 667/750/667
f 659/741/659 660/742/660 667/750/667
f 667/750/667 660/742/660 668/751/668
f 660/742/660 661/743/661 668/751/668
f 668/751/668 661/743/661 669/752/669
f 661/743/661 662/744/662 669/752/669
f 669/752/669 662/744/662 670/753/670
f 662/744/662 663/745/663 670/753/670
f 670/753/670 663/745/663 671/754/671
f 663/745/663 664/746/664 671/754/671
f 671/754/671 664/746/664 672/755/672
f 664/746/664 657/747/657 672/755/672
f 672/755/672 657/747/657 665/756/665
f 665/748/665 666/749/666 673/757/673
f 673/757/673 666/749/666 674/758/674
f 666/749/666 667/750/667 674/758/674
f 674/758/674 667/750/667 675/759/675
f 667/750/667 668/751/668 675/759/675
f 675/759/675 668/751/668 676/760/676
f 668/751/668 669/752/669 676/760/676
f 676/760/676 669/752/669 677/761/677
f 669/752/669 670/753/670 677/761/677
f 677/761/677 670/753/670 678/762/678
f 670/753/670 671/754/671 678/762/678
f 678/762/678 671/754/671 679/763/679
f 671/754/671 672/755/672 679/763/679
f 679/763/679 672/755/672 680/764/680
f 672/755/672 665/756/665 680/764/680
f 680/764/680 665/756/665 673/765/673
f 673/757/673 674/758/674 681/766/681
f 681/766/681 674/758/674 682/767/682
f 674/758/674 675/759/675 682/767/682
f 682/767/682 675/759/675 683/768/683
f 675/759/675 676/760/676 683/768/683
f 683/768/683 676/760/676 684/769/684
f 676/760/676 677/761/677 684/769/684
f 684/769/684 677/761/677 685/770/685
f 677/761/677 678/762/678 685/770/685
f 685/770/685 678/762/678 686/771/686
f 678/762/678 679/763/679 686/771/686
f 686/771/686 679/763/679 687/772/687
f 679/763/679 680/764/680 687/772/687
f 687/772/687 680/764/680 688/773/688
f 680/764/680 673/765/673 688/773/688
f 688/773/688 673/765/673 681/774/681
f 681/766/681 682/767/682 689/775/689
f 689/775/689 682/767/682 690/776/690
f 682/767/682 683/768/683 690/776/690
f 690/776/690 683/768/683 691/777/691
f 683/768/683 684/769/684 691/777/691
f 691/777/691 684/769/684 692/778/692
f 684/769/684 685/770/685 692/778/692
f 692/778/692 685/770/685 693/779/693
f 685/770/685 686/771/686 693/779/693
f 693/779/693 686/771/686 694/780/694
f 686/771/686 687/772/687 694/780/694
f 694/780/694 687/772/687 695/781/695
f 687/772/687 688/773/688 695/781/695
f 695/781/695 688/773/688 696/782/696
f 688/773/688 681/774/681 696/782/696
f 696/782/696 681/774/681 689/783/689
f 689/775/689 690/776/690 697/784/697
f 697/784/697 690/776/690 698/785/698
f 690/776/690 691/777/691 698/785/698
f 698/785/698 691/777/691 699/786/699
f 691/777/691 692/778/692 699/786/699
f 699/786/699 692/778/692 700/787/700
f 692/778/692 693/779/693 700/787/700
f 700/787/700 693/779/693 701/788/701
f 693/779/693 694/780/694 701/788/701
f 701/788/701 694/780/694 702/789/702
f 694/780/694 695/781/695 702/789/702
f 702/789/702 695/781/695 703/790/703
f 695/781/695 696/782/696 703/790/703
f 703/790/703 696/782/696 704/791/704
f 696/782/696 689/783/689 704/791/704
f 704/791/704 689/783/689 697/792/697
f 697/784/697 698/785/698 705/793/705
f 705/793/705 698/785/698 706/794/706
f 698/785/698 699/786/699 706/794/706
f 706/794/706 699/786/699 707/795/707
f 699/786/699 700/787/700 707/795/707
f 707/795/707 700/787/700 708/796/708
f 700/787/700 701/788/701 708/796/708
f 708/796/708 701/788/701 709/797/709
f 701/788/701 702/789/702 709/797/709
f 709/797/709 702/789/702 710/798/710
f 702/789/702 703/790/703 710/798/710
f 710/798/710 703/790/703 711/799/711
f 703/790/703 704/791/704 711/799/711
f 711/799/711 704/791/704 712/800/712
f 704/791/704 697/792/697 712/800/712
f 712/800/712 697/792/697 705/801/705
f 705/793/705 706/794/706 713/802/713
f 713/802/713 706/794/706 714/803/714
f 706/794/706 707/795/707 714/803/714
f 714/803/714 707/795/707 715/804/715
f 707/795/707 708/796/708 715/804/715
f 715/804/715 708/796/708 716/805/716
f 708/796/708 709/797/709 716/805/716
f 716/805/716 709/797/709 717/806/717
f 709/797/709 710/798/710 717/806/717
f 717/806/717 710/798/710 718/807/718
f 710/798/710 711/799/711 718/807/718
f 718/807/718 711/799/711 719/808/719
f 711/799/711 712/800/712 719/808/719
f 719/808/719 712/800/712 720/809/720
f 712/800/712 705/801/705 720/809/720
f 720/809/720 705/801/705 713/810/713
f 713/802/713 714/803/714 721/811/721
f 721/811/721 714/803/714 722/812/722
f 714/803/714 715/804/715 722/812/722
f 722/812/722 715/804/715 723/813/723
f 715/804/715 716/805/716 723/813/723
f 723/813/723 716/805/716 724/814/724
f 716/805/716 717/806/717 724/814/724
f 724/814/724 717/806/717 725/815/725
f 717/806/717 718/807/718 725/815/725
f 725/815/725 718/807/718 726/816/726
f 718/807/718 719/808/719 726/816/726
f 726/816/726 719/808/719 727/817/727
f 719/808/719 720/809/720 727/817/727
f 727/817/727 720/809/720 728/818/728
f 720/809/720 713/810/713 728/818/728
f 728/818/728 713/810/713 721/819/721
f 721/811/721 722/812/722 729/820/729
f 729/820/729 722/812/722 730/821/730
f 722/812/722 723/813/723 730/821/730
f 730/821/730 723/813/723 731/822/731
f 723/813/723 724/814/724 731/822/731
f 731/822/731 724/814/724 732/823/732
f 724/814/724 725/815/725 732/823/732
f 732/823/732 725/815/725 733/824/733
f 725/815/725 726/816/726 733/824/733
f 733/824/733 726/816/726 734/825/734
f 726/816/726 727/817/727 734/825/734
f 734/825/734 727/817/727 735/826/735
f 727/817/727 728/818/728 735/826/735
f 735/826/735 728/818/728 736/827/736
f 728/818/728 721/819/721 736/827/736
f 736/827/736 721/819/721 729/828/729
f 729/820/729 730/821/730 737/829/737
f 737/829/737 730/821/730 738/830/738
f 730/821/730 731/822/731 738/830/738
f 738/830/738 731/822/731 739/831/739
f 731/822/731 732/823/732 739/831/739
f 739/831/739 732/823/732 740/832/740
f 732/823/732 733/824/733 740/832/740
f 740/832/740 733/824/733 741/833/741
f 733/824/733 734/825/734 741/833/741
f 741/833/741 734/825/734 742/834/742
f 734/825/734 735/826/735 742/834/742
f 742/834/742 735/826/735 743/835/743
f 735/826/735 736/827/736 743/835/743
f 743/835/743 736/827/736 744/836/744
f 736/827/736 729/828/729 744/836/744
f 744/836/744 729/828/729 737/837/737
f 737/829/737 738/830/738 745/838/745
f 745/838/745 738/830/738 746/839/746
f 738/830/738 739/831/739 746/839/746
f 746/839/746 739/831/739 747/840/747
f 739/831/739 740/832/740 747/840/747
f 747/840/747 740/832/740 748/841/748
f 740/832/740 741/833/741 748/841/748
f 748/841/748 741/833/741 749/842/749
f 741/833/741 742/834/742 749/842/749
f 749/842/749 742/834/742 750/843/750
f 742/834/742 743/835/743 750/843/750
f 750/843/750 743/835/743 751/844/751
f 743/835/743 744/836/744 751/844/751
f 751/844/751 744/836/744 752/845/752
f 744/836/744 737/837/737 752/845/752
f 752/845/752 737/837/737 745/846/745
f 745/838/745 746/839/746 753/847/753
f 753/847/753 746/839/746 754/848/754
f 746/839/746 747/840/747 754/848/754
f 754/848/754 747/840/747 755/849/755
f 747/840/747 748/841/748 755/849/755
f 755/849/755 748/841/748 756/850/756
f 748/841/748 749/842/749 756/850/756
f 756/850/756 749/842/749 757/851/757
f 749/842/749 750/843/750 757/851/757
f 757/851/757 750/843/750 758/852/758
f 750/843/750 751/844/751 758/852/758
f 758/852/758 751/844/751 759/853/759
f 751/844/751 752/845/752 759/853/759
f 759/853/759 752/845/752 760/854/760
f 752/845/752 745/846/745 760/854/760
f 760/854/760 745/846/745 753/855/753
f 753/847/753 754/848/754 761/856/761
f 761/856/761 754/848/754 762/857/762
f 754/848/754 755/849/755 762/857/762
f 762/857/762 755/849/755 763/858/763
f 755/849/755 756/850/756 763/858/763
f 763/858/763 756/850/756 764/859/764
f 756/850/756 757/851/757 764/859/764
f 764/859/764 757/851/757 765/860/765
f 757/851/757 758/852/758 765/860/765
f 765/860/765 758/852/758 766/861/766
f 758/852/758 759/853/759 766/861/766
f 766/861/766 759/853/759 767/862/767
f 759/853/759 760/854/760 767/862/767
f 767/862/767 760/854/760 768/863/768
f 760/854/760 753/855/753 768/863/768
f 768/863/768 753/855/753 761/864/761
f 762/857/762 769/865/769 761/856/761
f 761/856/761 769/865/769 770/866/770
f 763/858/763 771/867/771 762/857/762
f 762/857/762 771/867/771 769/865/769
f 764/859/764 772/868/772 763/858/763
f 763/858/763 772/868/772 771/867/771
f 765/860/765 773/869/773 764/859/764
f 764/859/764 773/869/773 772/868/772
f 765/860/765 766/861/766 773/869/773
f 773/869/773 766/861/766 774/870/774
f 766/861/766 767/862/767 774/870/774
f 774/870/774 767/862/767 775/871/775
f 767/862/767 768/863/768 775/871/775
f 775/871/775 768/863/768 776/872/776
f 768/863/768 761/864/761 776/872/776
f 776/872/776 761/864/761 770/873/770
s off
