# Apple ModelIO OBJ File: Window
mtllib Window.mtl
g Window_Frame1SG
v 17.317 5.94734 -0.137962
v 17.2655 5.96114 -0.137962
v 17.317 5.94734 -0.565282
v 17.2655 5.96114 -0.565282
v 17.2278 5.99884 -0.137962
v 17.2278 5.99884 -0.565282
v 17.214 6.05033 -0.137962
v 17.214 6.05033 -0.565282
v 17.317 6.05033 -0.056537
v 17.317 5.99884 -0.067446
v 17.661 6.05033 -0.056537
v 17.6612 5.99884 -0.067445
v 17.317 5.96114 -0.09725
v 17.6612 5.96114 -0.097249
v 17.661 5.94734 -0.137962
v 17.2278 6.05033 -0.09725
v 17.214 6.5461 -0.137962
v 17.2278 6.54641 -0.097248
v 17.2655 6.05033 -0.067446
v 17.2655 6.54641 -0.067444
v 17.317 6.5461 -0.056537
v 17.8066 5.94734 -0.137962
v 17.7581 5.94734 -0.137962
v 17.8066 5.94734 -0.565282
v 17.7581 5.94734 -0.565282
v 17.7095 5.94734 -0.137962
v 17.7095 5.94734 -0.565282
v 17.661 5.94734 -0.565282
v 17.8066 6.05033 -0.056537
v 17.8066 5.99884 -0.067446
v 20.7216 6.05033 -0.056537
v 20.7215 5.99884 -0.067446
v 17.8066 5.96114 -0.09725
v 20.7215 5.96114 -0.097249
v 20.7216 5.94734 -0.137962
v 17.7095 6.05033 -0.056537
v 17.7061 6.53205 -0.056537
v 17.6555 6.54059 -0.056537
v 17.7581 6.05033 -0.056537
v 17.7567 6.52352 -0.056537
v 17.8073 6.51498 -0.056537
v 20.8673 5.94734 -0.137962
v 20.8187 5.94734 -0.137962
v 20.8673 5.94734 -0.565282
v 20.8187 5.94734 -0.565282
v 20.7702 5.94734 -0.137962
v 20.7702 5.94734 -0.565282
v 20.7216 5.94734 -0.565282
v 20.8673 6.05033 -0.056537
v 20.8671 5.99884 -0.067445
v 21.3876 6.05033 -0.056537
v 21.3878 5.99884 -0.067445
v 20.8671 5.96114 -0.097249
v 21.3878 5.96114 -0.097249
v 21.3876 5.94734 -0.137962
v 20.7702 6.05033 -0.056537
v 20.7241 6.51936 -0.056537
v 20.7736 6.52644 -0.056537
v 20.8187 6.05033 -0.056537
v 20.8232 6.53351 -0.056537
v 20.8728 6.54059 -0.056537
v 21.5332 5.94734 -0.137962
v 21.4847 5.94734 -0.137962
v 21.5332 5.94734 -0.565282
v 21.4847 5.94734 -0.565282
v 21.4361 5.94734 -0.137962
v 21.4361 5.94734 -0.565282
v 21.3876 5.94734 -0.565282
v 21.5332 6.05033 -0.056537
v 21.5332 5.99884 -0.067446
v 24.2994 6.05033 -0.056537
v 24.2993 5.99884 -0.067446
v 21.5332 5.96114 -0.09725
v 24.2993 5.96114 -0.097249
v 24.2994 5.94734 -0.137962
v 21.4361 6.05033 -0.056537
v 21.4327 6.53205 -0.056537
v 21.3821 6.54059 -0.056537
v 21.4847 6.05033 -0.056537
v 21.4833 6.52352 -0.056537
v 21.5339 6.51498 -0.056537
v 24.445 5.94734 -0.137962
v 24.3965 5.94734 -0.137962
v 24.445 5.94734 -0.565282
v 24.3965 5.94734 -0.565282
v 24.3479 5.94734 -0.137962
v 24.3479 5.94734 -0.565282
v 24.2994 5.94734 -0.565282
v 24.445 6.05033 -0.056537
v 24.4448 5.99884 -0.067445
v 24.9103 6.05033 -0.056537
v 24.9103 5.99884 -0.067446
v 24.4448 5.96114 -0.097249
v 24.9103 5.96114 -0.09725
v 24.9103 5.94734 -0.137962
v 24.3479 6.05033 -0.056537
v 24.3018 6.51936 -0.056537
v 24.3514 6.52644 -0.056537
v 24.3965 6.05033 -0.056537
v 24.401 6.53351 -0.056537
v 24.4506 6.54059 -0.056537
v 25.0133 6.05033 -0.137962
v 24.9995 5.99884 -0.137962
v 25.0133 6.05033 -0.565282
v 24.9995 5.99884 -0.565282
v 24.9618 5.96114 -0.137962
v 24.9618 5.96114 -0.565282
v 24.9103 5.94734 -0.565282
v 24.9618 6.05033 -0.067446
v 24.9103 6.5461 -0.056537
v 24.9618 6.54633 -0.067445
v 24.9995 6.05033 -0.09725
v 24.9995 6.54633 -0.097249
v 25.0133 6.5461 -0.137962
v 17.214 6.59465 -0.137962
v 17.214 6.5461 -0.565282
v 17.214 6.59465 -0.565282
v 17.214 6.6432 -0.137962
v 17.214 6.6432 -0.565282
v 17.214 6.69175 -0.137962
v 17.214 6.69175 -0.565282
v 17.317 6.69175 -0.056537
v 17.317 6.6432 -0.056537
v 17.6342 6.68933 -0.056537
v 17.6413 6.63975 -0.056537
v 17.317 6.59465 -0.056537
v 17.6484 6.59017 -0.056537
v 17.2278 6.6919 -0.097249
v 17.214 10.2098 -0.137962
v 17.2278 10.2098 -0.09725
v 17.2655 6.6919 -0.067445
v 17.2655 10.2098 -0.067446
v 17.317 10.2098 -0.056537
v 17.7338 6.7181 -0.134942
v 17.7471 6.66851 -0.134942
v 17.7338 6.7181 -0.568302
v 17.7471 6.66851 -0.568302
v 17.7834 6.63221 -0.134942
v 17.7834 6.63221 -0.568302
v 17.833 6.61893 -0.134942
v 17.833 6.61893 -0.568302
v 17.6846 6.6983 -0.066465
v 17.6299 10.2091 -0.056537
v 17.6823 10.2008 -0.066611
v 17.7212 6.70885 -0.09524
v 17.7204 10.1914 -0.095366
v 17.7338 10.1834 -0.134942
v 17.825 6.60552 -0.095364
v 20.6953 6.61893 -0.134942
v 20.7045 6.60628 -0.095248
v 17.8156 6.56741 -0.066608
v 20.715 6.56974 -0.066475
v 20.7449 6.63221 -0.134942
v 20.6953 6.61893 -0.568302
v 20.7449 6.63221 -0.568302
v 20.7812 6.66851 -0.134942
v 20.7812 6.66851 -0.568302
v 20.7945 6.7181 -0.134942
v 20.7945 6.7181 -0.568302
v 20.8899 6.64181 -0.056537
v 21.3679 6.63975 -0.056537
v 20.8984 6.69243 -0.056537
v 21.3608 6.68933 -0.056537
v 20.8813 6.5912 -0.056537
v 21.375 6.59017 -0.056537
v 20.8079 6.71021 -0.09538
v 20.7945 10.1834 -0.134942
v 20.8071 10.1927 -0.095243
v 20.846 6.70079 -0.066626
v 20.8437 10.2032 -0.066469
v 20.894 10.2122 -0.056537
v 21.4604 6.7181 -0.134942
v 21.4737 6.66851 -0.134942
v 21.4604 6.7181 -0.568302
v 21.4737 6.66851 -0.568302
v 21.51 6.63221 -0.134942
v 21.51 6.63221 -0.568302
v 21.5596 6.61893 -0.134942
v 21.5596 6.61893 -0.568302
v 21.4112 6.69831 -0.066469
v 21.3565 10.2091 -0.056537
v 21.4089 10.2007 -0.066626
v 21.4477 6.70887 -0.095243
v 21.447 10.1913 -0.09538
v 21.4604 10.1834 -0.134942
v 21.5516 6.60552 -0.095364
v 24.273 6.61893 -0.134942
v 24.2822 6.60628 -0.095248
v 21.5422 6.56741 -0.066608
v 24.2928 6.56974 -0.066475
v 24.3226 6.63221 -0.134942
v 24.273 6.61893 -0.568302
v 24.3226 6.63221 -0.568302
v 24.3589 6.66851 -0.134942
v 24.3589 6.66851 -0.568302
v 24.3722 6.7181 -0.134942
v 24.3722 6.7181 -0.568302
v 24.4676 6.64181 -0.056537
v 24.9103 6.6432 -0.056537
v 24.4762 6.69243 -0.056537
v 24.9103 6.69175 -0.056537
v 24.4591 6.5912 -0.056537
v 24.9103 6.59465 -0.056537
v 24.3856 6.7101 -0.095364
v 24.3722 10.1834 -0.134942
v 24.3849 10.1926 -0.095247
v 24.4237 6.70069 -0.066609
v 24.4214 10.2032 -0.066473
v 24.4718 10.2122 -0.056537
v 25.0133 6.69175 -0.137962
v 25.0133 6.6432 -0.137962
v 25.0133 6.69175 -0.565282
v 25.0133 6.6432 -0.565282
v 25.0133 6.59465 -0.137962
v 25.0133 6.59465 -0.565282
v 25.0133 6.5461 -0.565282
v 24.9618 6.69172 -0.067446
v 24.9103 10.2098 -0.056537
v 24.9618 10.2097 -0.067445
v 24.9995 6.69172 -0.09725
v 24.9995 10.2097 -0.097249
v 25.0133 10.2098 -0.137962
v 17.214 10.2583 -0.137962
v 17.214 10.2098 -0.565282
v 17.214 10.2583 -0.565282
v 17.214 10.3069 -0.137962
v 17.214 10.3069 -0.565282
v 17.214 10.3554 -0.137962
v 17.214 10.3554 -0.565282
v 17.317 10.3069 -0.056537
v 17.6469 10.3103 -0.056537
v 17.317 10.3554 -0.056537
v 17.6555 10.361 -0.056537
v 17.317 10.2583 -0.056537
v 17.6384 10.2597 -0.056537
v 17.2278 10.3551 -0.097248
v 17.214 10.8902 -0.137962
v 17.2278 10.8905 -0.097248
v 17.2655 10.3551 -0.067444
v 17.2655 10.8905 -0.067444
v 17.317 10.8902 -0.056537
v 17.833 10.2826 -0.134942
v 17.7834 10.2693 -0.134942
v 17.833 10.2826 -0.568302
v 17.7834 10.2693 -0.568302
v 17.7471 10.233 -0.134942
v 17.7471 10.233 -0.568302
v 17.7338 10.1834 -0.568302
v 17.8042 10.3822 -0.056537
v 17.8132 10.3318 -0.06647
v 20.721 10.3866 -0.056537
v 20.7126 10.3341 -0.066626
v 17.8238 10.2953 -0.095244
v 20.7032 10.296 -0.095379
v 20.6953 10.2826 -0.134942
v 17.705 10.368 -0.056537
v 17.7061 10.8761 -0.056537
v 17.6555 10.8846 -0.056537
v 17.7546 10.3751 -0.056537
v 17.7567 10.8676 -0.056537
v 17.8073 10.859 -0.056537
v 20.7812 10.233 -0.134942
v 20.7945 10.1834 -0.568302
v 20.7812 10.233 -0.568302
v 20.7449 10.2693 -0.134942
v 20.7449 10.2693 -0.568302
v 20.6953 10.2826 -0.568302
v 20.8799 10.3114 -0.056537
v 21.3735 10.3103 -0.056537
v 20.8728 10.361 -0.056537
v 21.3821 10.361 -0.056537
v 20.8869 10.2618 -0.056537
v 21.365 10.2597 -0.056537
v 20.7716 10.378 -0.056537
v 20.7241 10.8634 -0.056537
v 20.7736 10.8705 -0.056537
v 20.8222 10.3695 -0.056537
v 20.8232 10.8776 -0.056537
v 20.8728 10.8846 -0.056537
v 21.5596 10.2826 -0.134942
v 21.51 10.2693 -0.134942
v 21.5596 10.2826 -0.568302
v 21.51 10.2693 -0.568302
v 21.4737 10.233 -0.134942
v 21.4737 10.233 -0.568302
v 21.4604 10.1834 -0.568302
v 21.5308 10.3822 -0.056537
v 21.5398 10.3318 -0.06647
v 24.2987 10.3866 -0.056537
v 24.2903 10.3341 -0.066626
v 21.5503 10.2953 -0.095244
v 24.2809 10.296 -0.095379
v 24.273 10.2826 -0.134942
v 21.4316 10.368 -0.056537
v 21.4327 10.8761 -0.056537
v 21.3821 10.8846 -0.056537
v 21.4812 10.3751 -0.056537
v 21.4833 10.8676 -0.056537
v 21.5339 10.859 -0.056537
v 24.3589 10.233 -0.134942
v 24.3722 10.1834 -0.568302
v 24.3589 10.233 -0.568302
v 24.3226 10.2693 -0.134942
v 24.3226 10.2693 -0.568302
v 24.273 10.2826 -0.568302
v 24.4506 10.361 -0.056537
v 24.4576 10.3114 -0.056537
v 24.9103 10.3554 -0.056537
v 24.9103 10.3069 -0.056537
v 24.4647 10.2618 -0.056537
v 24.9103 10.2583 -0.056537
v 24.3493 10.378 -0.056537
v 24.3018 10.8634 -0.056537
v 24.3514 10.8705 -0.056537
v 24.3999 10.3695 -0.056537
v 24.401 10.8776 -0.056537
v 24.4506 10.8846 -0.056537
v 25.0133 10.3554 -0.137962
v 25.0133 10.3069 -0.137962
v 25.0133 10.3554 -0.565282
v 25.0133 10.3069 -0.565282
v 25.0133 10.2583 -0.137962
v 25.0133 10.2583 -0.565282
v 25.0133 10.2098 -0.565282
v 24.9618 10.3552 -0.067445
v 24.9103 10.8902 -0.056537
v 24.9618 10.8904 -0.067445
v 24.9995 10.3552 -0.097249
v 24.9995 10.8904 -0.097249
v 25.0133 10.8902 -0.137962
v 17.214 10.9387 -0.137962
v 17.214 10.8902 -0.565282
v 17.214 10.9387 -0.565282
v 17.214 10.9873 -0.137962
v 17.214 10.9873 -0.565282
v 17.214 11.0358 -0.137962
v 17.214 11.0358 -0.565282
v 17.317 11.0358 -0.056537
v 17.317 10.9873 -0.056537
v 17.6342 11.0334 -0.056537
v 17.6413 10.9838 -0.056537
v 17.317 10.9387 -0.056537
v 17.6484 10.9342 -0.056537
v 17.2278 11.036 -0.097249
v 17.214 14.5385 -0.137962
v 17.2278 14.5385 -0.09725
v 17.2655 11.036 -0.067445
v 17.2655 14.5385 -0.067446
v 17.317 14.5385 -0.056537
v 17.7338 11.0622 -0.134942
v 17.7471 11.0126 -0.134942
v 17.7338 11.0622 -0.568302
v 17.7471 11.0126 -0.568302
v 17.7834 10.9763 -0.134942
v 17.7834 10.9763 -0.568302
v 17.833 10.963 -0.134942
v 17.833 10.963 -0.568302
v 17.6846 11.0424 -0.066465
v 17.6299 14.5378 -0.056537
v 17.6823 14.5295 -0.066611
v 17.7212 11.0529 -0.09524
v 17.7204 14.5201 -0.095366
v 17.7338 14.5121 -0.134942
v 17.8251 10.9496 -0.095379
v 20.6953 10.963 -0.134942
v 20.7045 10.9503 -0.095244
v 17.8157 10.9115 -0.066626
v 20.7151 10.9138 -0.06647
v 20.7449 10.9763 -0.134942
v 20.6953 10.963 -0.568302
v 20.7449 10.9763 -0.568302
v 20.7812 11.0126 -0.134942
v 20.7812 11.0126 -0.568302
v 20.7945 11.0622 -0.134942
v 20.7945 11.0622 -0.568302
v 20.8899 10.9859 -0.056537
v 21.3679 10.9838 -0.056537
v 20.8984 11.0365 -0.056537
v 21.3608 11.0334 -0.056537
v 20.8813 10.9353 -0.056537
v 21.375 10.9342 -0.056537
v 20.8079 11.0543 -0.09538
v 20.7945 14.5121 -0.134942
v 20.8071 14.5214 -0.095243
v 20.846 11.0448 -0.066626
v 20.8437 14.5319 -0.066469
v 20.894 14.5409 -0.056537
v 21.4604 11.0622 -0.134942
v 21.4737 11.0126 -0.134942
v 21.4604 11.0622 -0.568302
v 21.4737 11.0126 -0.568302
v 21.51 10.9763 -0.134942
v 21.51 10.9763 -0.568302
v 21.5596 10.963 -0.134942
v 21.5596 10.963 -0.568302
v 21.4112 11.0424 -0.066469
v 21.3565 14.5378 -0.056537
v 21.4089 14.5294 -0.066626
v 21.4477 11.0529 -0.095243
v 21.447 14.52 -0.09538
v 21.4604 14.5121 -0.134942
v 21.5517 10.9496 -0.095379
v 24.273 10.963 -0.134942
v 24.2823 10.9503 -0.095244
v 21.5423 10.9115 -0.066626
v 24.2928 10.9138 -0.06647
v 24.3226 10.9763 -0.134942
v 24.273 10.963 -0.568302
v 24.3226 10.9763 -0.568302
v 24.3589 11.0126 -0.134942
v 24.3589 11.0126 -0.568302
v 24.3722 11.0622 -0.134942
v 24.3722 11.0622 -0.568302
v 24.4676 10.9859 -0.056537
v 24.9103 10.9873 -0.056537
v 24.4762 11.0365 -0.056537
v 24.9103 11.0358 -0.056537
v 24.4591 10.9353 -0.056537
v 24.9103 10.9387 -0.056537
v 24.3856 11.0542 -0.095364
v 24.3722 14.5121 -0.134942
v 24.3849 14.5213 -0.095247
v 24.4237 11.0447 -0.066609
v 24.4214 14.5319 -0.066473
v 24.4718 14.5409 -0.056537
v 25.0133 11.0358 -0.137962
v 25.0133 10.9873 -0.137962
v 25.0133 11.0358 -0.565282
v 25.0133 10.9873 -0.565282
v 25.0133 10.9387 -0.137962
v 25.0133 10.9387 -0.565282
v 25.0133 10.8902 -0.565282
v 24.9618 11.0358 -0.067446
v 24.9103 14.5385 -0.056537
v 24.9618 14.5384 -0.067445
v 24.9995 11.0358 -0.09725
v 24.9995 14.5384 -0.097249
v 25.0133 14.5385 -0.137962
v 17.214 14.587 -0.137962
v 17.214 14.5385 -0.565282
v 17.214 14.587 -0.565282
v 17.214 14.6356 -0.137962
v 17.214 14.6356 -0.565282
v 17.214 14.6841 -0.137962
v 17.214 14.6841 -0.565282
v 17.317 14.6356 -0.056537
v 17.6469 14.639 -0.056537
v 17.317 14.6841 -0.056537
v 17.6555 14.6896 -0.056537
v 17.317 14.587 -0.056537
v 17.6384 14.5884 -0.056537
v 17.2278 14.6838 -0.097248
v 17.214 15.1799 -0.137962
v 17.2278 15.1799 -0.09725
v 17.2655 14.6838 -0.067444
v 17.2655 15.1799 -0.067446
v 17.317 15.1799 -0.056537
v 17.833 14.6113 -0.134942
v 17.7834 14.598 -0.134942
v 17.833 14.6113 -0.568302
v 17.7834 14.598 -0.568302
v 17.7471 14.5617 -0.134942
v 17.7471 14.5617 -0.568302
v 17.7338 14.5121 -0.568302
v 17.8042 14.7109 -0.056537
v 17.8132 14.6605 -0.066475
v 20.721 14.7152 -0.056537
v 20.7127 14.6628 -0.066608
v 17.8238 14.6239 -0.095248
v 20.7033 14.6247 -0.095364
v 20.6953 14.6113 -0.134942
v 17.705 14.6967 -0.056537
v 17.661 15.1799 -0.056537
v 17.7095 15.1799 -0.056537
v 17.7546 14.7038 -0.056537
v 17.7581 15.1799 -0.056537
v 17.8066 15.1799 -0.056537
v 20.7812 14.5617 -0.134942
v 20.7945 14.5121 -0.568302
v 20.7812 14.5617 -0.568302
v 20.7449 14.598 -0.134942
v 20.7449 14.598 -0.568302
v 20.6953 14.6113 -0.568302
v 20.8799 14.6401 -0.056537
v 21.3735 14.639 -0.056537
v 20.8728 14.6896 -0.056537
v 21.3821 14.6896 -0.056537
v 20.8869 14.5905 -0.056537
v 21.365 14.5884 -0.056537
v 20.7716 14.7067 -0.056537
v 20.7702 15.1799 -0.056537
v 20.7216 15.1799 -0.056537
v 20.8222 14.6982 -0.056537
v 20.8187 15.1799 -0.056537
v 20.8673 15.1799 -0.056537
v 21.5596 14.6113 -0.134942
v 21.51 14.598 -0.134942
v 21.5596 14.6113 -0.568302
v 21.51 14.598 -0.568302
v 21.4737 14.5617 -0.134942
v 21.4737 14.5617 -0.568302
v 21.4604 14.5121 -0.568302
v 21.5308 14.7109 -0.056537
v 21.5398 14.6605 -0.066475
v 24.2987 14.7152 -0.056537
v 24.2904 14.6628 -0.066608
v 21.5504 14.6239 -0.095248
v 24.281 14.6247 -0.095364
v 24.273 14.6113 -0.134942
v 21.4316 14.6967 -0.056537
v 21.3876 15.1799 -0.056537
v 21.4361 15.1799 -0.056537
v 21.4812 14.7038 -0.056537
v 21.4847 15.1799 -0.056537
v 21.5332 15.1799 -0.056537
v 24.3589 14.5617 -0.134942
v 24.3722 14.5121 -0.568302
v 24.3589 14.5617 -0.568302
v 24.3226 14.598 -0.134942
v 24.3226 14.598 -0.568302
v 24.273 14.6113 -0.568302
v 24.4506 14.6896 -0.056537
v 24.4576 14.6401 -0.056537
v 24.9103 14.6841 -0.056537
v 24.9103 14.6356 -0.056537
v 24.4647 14.5905 -0.056537
v 24.9103 14.587 -0.056537
v 24.3493 14.7067 -0.056537
v 24.3479 15.1799 -0.056537
v 24.2994 15.1799 -0.056537
v 24.3999 14.6982 -0.056537
v 24.3965 15.1799 -0.056537
v 24.445 15.1799 -0.056537
v 25.0133 14.6841 -0.137962
v 25.0133 14.6356 -0.137962
v 25.0133 14.6841 -0.565282
v 25.0133 14.6356 -0.565282
v 25.0133 14.587 -0.137962
v 25.0133 14.587 -0.565282
v 25.0133 14.5385 -0.565282
v 24.9618 14.6839 -0.067445
v 24.9103 15.1799 -0.056537
v 24.9618 15.1799 -0.067446
v 24.9995 14.6839 -0.097249
v 24.9995 15.1799 -0.09725
v 25.0133 15.1799 -0.137962
v 17.2278 15.2314 -0.137962
v 17.214 15.1799 -0.565282
v 17.2278 15.2314 -0.565282
v 17.2655 15.2691 -0.137962
v 17.2655 15.2691 -0.565282
v 17.317 15.2829 -0.137962
v 17.317 15.2829 -0.565282
v 17.317 15.2691 -0.09725
v 17.661 15.2829 -0.137962
v 17.6612 15.2691 -0.097249
v 17.317 15.2314 -0.067446
v 17.6612 15.2314 -0.067445
v 17.7095 15.2829 -0.137962
v 17.661 15.2829 -0.565282
v 17.7095 15.2829 -0.565282
v 17.7581 15.2829 -0.137962
v 17.7581 15.2829 -0.565282
v 17.8066 15.2829 -0.137962
v 17.8066 15.2829 -0.565282
v 17.8067 15.2691 -0.097249
v 20.7216 15.2829 -0.137962
v 20.7217 15.2691 -0.09725
v 17.8067 15.2314 -0.067446
v 20.7217 15.2314 -0.067446
v 20.7702 15.2829 -0.137962
v 20.7216 15.2829 -0.565282
v 20.7702 15.2829 -0.565282
v 20.8187 15.2829 -0.137962
v 20.8187 15.2829 -0.565282
v 20.8673 15.2829 -0.137962
v 20.8673 15.2829 -0.565282
v 20.8671 15.2691 -0.097249
v 21.3876 15.2829 -0.137962
v 21.3878 15.2691 -0.097249
v 20.8671 15.2314 -0.067445
v 21.3878 15.2314 -0.067445
v 21.4361 15.2829 -0.137962
v 21.3876 15.2829 -0.565282
v 21.4361 15.2829 -0.565282
v 21.4847 15.2829 -0.137962
v 21.4847 15.2829 -0.565282
v 21.5332 15.2829 -0.137962
v 21.5332 15.2829 -0.565282
v 21.5333 15.2691 -0.097249
v 24.2994 15.2829 -0.137962
v 24.2994 15.2691 -0.09725
v 21.5333 15.2314 -0.067446
v 24.2994 15.2314 -0.067446
v 24.3479 15.2829 -0.137962
v 24.2994 15.2829 -0.565282
v 24.3479 15.2829 -0.565282
v 24.3965 15.2829 -0.137962
v 24.3965 15.2829 -0.565282
v 24.445 15.2829 -0.137962
v 24.445 15.2829 -0.565282
v 24.4448 15.2691 -0.097249
v 24.9103 15.2829 -0.137962
v 24.9103 15.2691 -0.09725
v 24.4448 15.2314 -0.067445
v 24.9103 15.2314 -0.067446
v 24.9618 15.2691 -0.137962
v 24.9103 15.2829 -0.565282
v 24.9618 15.2691 -0.565282
v 24.9995 15.2314 -0.137962
v 24.9995 15.2314 -0.565282
v 25.0133 15.1799 -0.565282
v 17.2278 15.1799 -0.605995
v 17.2278 14.6838 -0.605996
v 17.2655 15.1799 -0.635799
v 17.2655 14.6838 -0.6358
v 17.317 15.1799 -0.646708
v 17.317 14.6841 -0.646708
v 17.317 15.2314 -0.635799
v 17.661 15.1799 -0.646708
v 17.6612 15.2314 -0.6358
v 17.317 15.2691 -0.605995
v 17.6612 15.2691 -0.605996
v 17.7095 15.1799 -0.646708
v 17.7061 14.6982 -0.646708
v 17.6555 14.6896 -0.646708
v 17.7581 15.1799 -0.646708
v 17.7567 14.7067 -0.646708
v 17.8066 15.1799 -0.646708
v 17.8073 14.7152 -0.646708
v 17.8066 15.2314 -0.635799
v 20.7216 15.1799 -0.646708
v 20.7215 15.2314 -0.635799
v 17.8066 15.2691 -0.605995
v 20.7215 15.2691 -0.605995
v 20.7702 15.1799 -0.646708
v 20.7241 14.7109 -0.646708
v 20.7736 14.7038 -0.646708
v 20.8187 15.1799 -0.646708
v 20.8232 14.6967 -0.646708
v 20.8673 15.1799 -0.646708
v 20.8728 14.6896 -0.646708
v 20.8671 15.2314 -0.6358
v 21.3876 15.1799 -0.646708
v 21.3878 15.2314 -0.6358
v 20.8671 15.2691 -0.605996
v 21.3878 15.2691 -0.605996
v 21.4361 15.1799 -0.646708
v 21.4327 14.6982 -0.646708
v 21.3821 14.6896 -0.646708
v 21.4847 15.1799 -0.646708
v 21.4833 14.7067 -0.646708
v 21.5332 15.1799 -0.646708
v 21.5339 14.7152 -0.646708
v 21.5332 15.2314 -0.635799
v 24.2994 15.1799 -0.646708
v 24.2993 15.2314 -0.635799
v 21.5332 15.2691 -0.605995
v 24.2993 15.2691 -0.605995
v 24.3479 15.1799 -0.646708
v 24.3018 14.7109 -0.646708
v 24.3514 14.7038 -0.646708
v 24.3965 15.1799 -0.646708
v 24.401 14.6967 -0.646708
v 24.445 15.1799 -0.646708
v 24.4506 14.6896 -0.646708
v 24.4448 15.2314 -0.6358
v 24.9103 15.1799 -0.646708
v 24.9103 15.2314 -0.635799
v 24.4448 15.2691 -0.605996
v 24.9103 15.2691 -0.605995
v 24.9618 15.1799 -0.635799
v 24.9103 14.6841 -0.646708
v 24.9618 14.6839 -0.6358
v 24.9995 15.1799 -0.605995
v 24.9995 14.6839 -0.605996
v 17.317 14.5385 -0.646708
v 17.317 14.587 -0.646708
v 17.6342 14.5409 -0.646708
v 17.6413 14.5905 -0.646708
v 17.317 14.6356 -0.646708
v 17.6484 14.6401 -0.646708
v 17.2278 14.5383 -0.605995
v 17.2278 11.0358 -0.605995
v 17.2655 14.5383 -0.635799
v 17.2655 11.0358 -0.635799
v 17.317 11.0358 -0.646708
v 17.6846 14.5319 -0.636779
v 17.6299 11.0365 -0.646708
v 17.6823 11.0448 -0.636634
v 17.7212 14.5214 -0.608004
v 17.7204 11.0542 -0.607878
v 17.825 14.6247 -0.607881
v 20.7045 14.6239 -0.607996
v 17.8156 14.6628 -0.636636
v 20.715 14.6605 -0.63677
v 20.8899 14.5884 -0.646708
v 21.3679 14.5905 -0.646708
v 20.8984 14.5378 -0.646708
v 21.3608 14.5409 -0.646708
v 20.8813 14.639 -0.646708
v 21.375 14.6401 -0.646708
v 20.8079 14.52 -0.607865
v 20.8071 11.0529 -0.608001
v 20.846 14.5294 -0.636618
v 20.8437 11.0424 -0.636775
v 20.894 11.0334 -0.646708
v 21.4112 14.5319 -0.636775
v 21.3565 11.0365 -0.646708
v 21.4089 11.0448 -0.636618
v 21.4477 14.5214 -0.608001
v 21.447 11.0543 -0.607865
v 21.5516 14.6247 -0.607881
v 24.2822 14.6239 -0.607996
v 21.5422 14.6628 -0.636636
v 24.2928 14.6605 -0.63677
v 24.4676 14.5884 -0.646708
v 24.9103 14.587 -0.646708
v 24.4762 14.5378 -0.646708
v 24.9103 14.5385 -0.646708
v 24.4591 14.639 -0.646708
v 24.9103 14.6356 -0.646708
v 24.3856 14.5201 -0.60788
v 24.3849 11.0529 -0.607997
v 24.4237 14.5295 -0.636636
v 24.4214 11.0424 -0.636771
v 24.4718 11.0334 -0.646708
v 24.9618 14.5385 -0.635799
v 24.9103 11.0358 -0.646708
v 24.9618 11.0359 -0.635799
v 24.9995 14.5385 -0.605995
v 24.9995 11.0359 -0.605995
v 17.317 10.9387 -0.646708
v 17.6469 10.9353 -0.646708
v 17.317 10.8902 -0.646708
v 17.6555 10.8846 -0.646708
v 17.317 10.9873 -0.646708
v 17.6384 10.9859 -0.646708
v 17.2278 10.8905 -0.605996
v 17.2278 10.3551 -0.605996
v 17.2655 10.8905 -0.6358
v 17.2655 10.3551 -0.6358
v 17.317 10.3554 -0.646708
v 17.8042 10.8634 -0.646708
v 17.8132 10.9138 -0.636775
v 20.721 10.859 -0.646708
v 20.7126 10.9115 -0.636618
v 17.8238 10.9503 -0.608
v 20.7032 10.9496 -0.607865
v 17.705 10.8776 -0.646708
v 17.7061 10.3695 -0.646708
v 17.6555 10.361 -0.646708
v 17.7546 10.8705 -0.646708
v 17.7567 10.378 -0.646708
v 17.8073 10.3866 -0.646708
v 20.8799 10.9342 -0.646708
v 21.3735 10.9353 -0.646708
v 20.8728 10.8846 -0.646708
v 21.3821 10.8846 -0.646708
v 20.8869 10.9838 -0.646708
v 21.365 10.9859 -0.646708
v 20.7716 10.8676 -0.646708
v 20.7241 10.3822 -0.646708
v 20.7736 10.3751 -0.646708
v 20.8222 10.8761 -0.646708
v 20.8232 10.368 -0.646708
v 20.8728 10.361 -0.646708
v 21.5308 10.8634 -0.646708
v 21.5398 10.9138 -0.636775
v 24.2987 10.859 -0.646708
v 24.2903 10.9115 -0.636618
v 21.5503 10.9503 -0.608
v 24.2809 10.9496 -0.607865
v 21.4316 10.8776 -0.646708
v 21.4327 10.3695 -0.646708
v 21.3821 10.361 -0.646708
v 21.4812 10.8705 -0.646708
v 21.4833 10.378 -0.646708
v 21.5339 10.3866 -0.646708
v 24.4506 10.8846 -0.646708
v 24.4576 10.9342 -0.646708
v 24.9103 10.8902 -0.646708
v 24.9103 10.9387 -0.646708
v 24.4647 10.9838 -0.646708
v 24.9103 10.9873 -0.646708
v 24.3493 10.8676 -0.646708
v 24.3018 10.3822 -0.646708
v 24.3514 10.3751 -0.646708
v 24.3999 10.8761 -0.646708
v 24.401 10.368 -0.646708
v 24.4506 10.361 -0.646708
v 24.9618 10.8904 -0.6358
v 24.9103 10.3554 -0.646708
v 24.9618 10.3552 -0.6358
v 24.9995 10.8904 -0.605996
v 24.9995 10.3552 -0.605996
v 17.317 10.2098 -0.646708
v 17.317 10.2583 -0.646708
v 17.6342 10.2122 -0.646708
v 17.6413 10.2618 -0.646708
v 17.317 10.3069 -0.646708
v 17.6484 10.3114 -0.646708
v 17.2278 10.2096 -0.605995
v 17.2278 6.69171 -0.605995
v 17.2655 10.2096 -0.635799
v 17.2655 6.69171 -0.635799
v 17.317 6.69175 -0.646708
v 17.6846 10.2032 -0.636779
v 17.6299 6.69243 -0.646708
v 17.6823 6.7007 -0.636634
v 17.7212 10.1927 -0.608004
v 17.7204 6.71012 -0.607878
v 17.8251 10.296 -0.607865
v 20.7045 10.2953 -0.608
v 17.8157 10.3341 -0.636618
v 20.7151 10.3318 -0.636775
v 20.8899 10.2597 -0.646708
v 21.3679 10.2618 -0.646708
v 20.8984 10.2091 -0.646708
v 21.3608 10.2122 -0.646708
v 20.8813 10.3103 -0.646708
v 21.375 10.3114 -0.646708
v 20.8079 10.1913 -0.607865
v 20.8071 6.70887 -0.608001
v 20.846 10.2007 -0.636618
v 20.8437 6.69831 -0.636775
v 20.894 6.68933 -0.646708
v 21.4112 10.2032 -0.636775
v 21.3565 6.69243 -0.646708
v 21.4089 6.70079 -0.636618
v 21.4477 10.1927 -0.608001
v 21.447 6.71021 -0.607865
v 21.5517 10.296 -0.607865
v 24.2823 10.2953 -0.608
v 21.5423 10.3341 -0.636618
v 24.2928 10.3318 -0.636775
v 24.4676 10.2597 -0.646708
v 24.9103 10.2583 -0.646708
v 24.4762 10.2091 -0.646708
v 24.9103 10.2098 -0.646708
v 24.4591 10.3103 -0.646708
v 24.9103 10.3069 -0.646708
v 24.3856 10.1914 -0.60788
v 24.3849 6.70889 -0.607997
v 24.4237 10.2008 -0.636636
v 24.4214 6.69834 -0.636771
v 24.4718 6.68933 -0.646708
v 24.9618 10.2098 -0.635799
v 24.9103 6.69175 -0.646708
v 24.9618 6.69185 -0.635799
v 24.9995 10.2098 -0.605995
v 24.9995 6.69185 -0.605995
v 17.317 6.59465 -0.646708
v 17.6469 6.5912 -0.646708
v 17.317 6.5461 -0.646708
v 17.6555 6.54059 -0.646708
v 17.317 6.6432 -0.646708
v 17.6384 6.64181 -0.646708
v 17.2278 6.54641 -0.605996
v 17.2278 6.05033 -0.605995
v 17.2655 6.54641 -0.6358
v 17.2655 6.05033 -0.635799
v 17.317 6.05033 -0.646708
v 17.8042 6.51936 -0.646708
v 17.8132 6.56974 -0.63677
v 20.721 6.51498 -0.646708
v 20.7127 6.56741 -0.636636
v 17.8238 6.60628 -0.607996
v 20.7033 6.60552 -0.607881
v 17.705 6.53351 -0.646708
v 17.661 6.05033 -0.646708
v 17.7095 6.05033 -0.646708
v 17.7546 6.52644 -0.646708
v 17.7581 6.05033 -0.646708
v 17.8066 6.05033 -0.646708
v 20.8799 6.59017 -0.646708
v 21.3735 6.5912 -0.646708
v 20.8728 6.54059 -0.646708
v 21.3821 6.54059 -0.646708
v 20.8869 6.63975 -0.646708
v 21.365 6.64181 -0.646708
v 20.7716 6.52352 -0.646708
v 20.7702 6.05033 -0.646708
v 20.7216 6.05033 -0.646708
v 20.8222 6.53205 -0.646708
v 20.8187 6.05033 -0.646708
v 20.8673 6.05033 -0.646708
v 21.5308 6.51936 -0.646708
v 21.5398 6.56974 -0.63677
v 24.2987 6.51498 -0.646708
v 24.2904 6.56741 -0.636636
v 21.5504 6.60628 -0.607996
v 24.281 6.60552 -0.607881
v 21.4316 6.53351 -0.646708
v 21.3876 6.05033 -0.646708
v 21.4361 6.05033 -0.646708
v 21.4812 6.52644 -0.646708
v 21.4847 6.05033 -0.646708
v 21.5332 6.05033 -0.646708
v 24.4506 6.54059 -0.646708
v 24.4576 6.59017 -0.646708
v 24.9103 6.5461 -0.646708
v 24.9103 6.59465 -0.646708
v 24.4647 6.63975 -0.646708
v 24.9103 6.6432 -0.646708
v 24.3493 6.52352 -0.646708
v 24.3479 6.05033 -0.646708
v 24.2994 6.05033 -0.646708
v 24.3999 6.53205 -0.646708
v 24.3965 6.05033 -0.646708
v 24.445 6.05033 -0.646708
v 24.9618 6.54633 -0.6358
v 24.9103 6.05033 -0.646708
v 24.9618 6.05033 -0.635799
v 24.9995 6.54633 -0.605996
v 24.9995 6.05033 -0.605995
v 17.317 5.96114 -0.605995
v 17.6612 5.96114 -0.605996
v 17.317 5.99884 -0.635799
v 17.6612 5.99884 -0.6358
v 17.8067 5.96114 -0.605995
v 20.7217 5.96114 -0.605995
v 17.8067 5.99884 -0.635799
v 20.7217 5.99884 -0.635799
v 20.8671 5.96114 -0.605996
v 21.3878 5.96114 -0.605996
v 20.8671 5.99884 -0.6358
v 21.3878 5.99884 -0.6358
v 21.5333 5.96114 -0.605995
v 24.2994 5.96114 -0.605995
v 21.5333 5.99884 -0.635799
v 24.2994 5.99884 -0.635799
v 24.4448 5.96114 -0.605996
v 24.9103 5.96114 -0.605995
v 24.4448 5.99884 -0.6358
v 24.9103 5.99884 -0.635799
v 17.2356 6.00583 -0.10278
v 17.2725 5.96889 -0.10278
v 17.2725 6.00583 -0.073569
v 17.7097 5.96114 -0.097249
v 17.7581 5.96114 -0.097249
v 17.7581 5.99884 -0.067446
v 17.7097 5.99884 -0.067445
v 20.77 5.96114 -0.097249
v 20.8186 5.96114 -0.097249
v 20.8186 5.99884 -0.067445
v 20.77 5.99884 -0.067445
v 21.4363 5.96114 -0.097249
v 21.4847 5.96114 -0.097249
v 21.4847 5.99884 -0.067446
v 21.4363 5.99884 -0.067445
v 24.3478 5.96114 -0.097249
v 24.3963 5.96114 -0.097249
v 24.3963 5.99884 -0.067445
v 24.3478 5.99884 -0.067445
v 24.9548 5.96889 -0.10278
v 24.9917 6.00583 -0.10278
v 24.9548 6.00583 -0.073569
v 17.2278 6.6434 -0.097249
v 17.2278 6.59491 -0.097248
v 17.2655 6.59491 -0.067444
v 17.2655 6.6434 -0.067445
v 17.7677 6.61866 -0.091859
v 17.7343 6.65183 -0.091788
v 17.6996 6.64156 -0.066239
v 17.7062 6.58959 -0.061336
v 17.7582 6.58317 -0.066342
v 20.7947 6.65296 -0.09188
v 20.7615 6.61944 -0.091801
v 20.7718 6.58472 -0.066251
v 20.8238 6.5913 -0.061341
v 20.8302 6.64344 -0.066364
v 21.4943 6.61866 -0.09186
v 21.4609 6.65191 -0.091804
v 21.4262 6.64165 -0.066257
v 21.4328 6.5896 -0.061337
v 21.4848 6.58317 -0.066342
v 24.3725 6.65285 -0.09186
v 24.3393 6.61943 -0.091798
v 24.3495 6.58472 -0.066251
v 24.4015 6.59128 -0.061338
v 24.408 6.64332 -0.066342
v 24.9995 6.5948 -0.097249
v 24.9995 6.64326 -0.097249
v 24.9618 6.64326 -0.067445
v 24.9618 6.5948 -0.067445
v 17.2278 10.3067 -0.097249
v 17.2278 10.2583 -0.097249
v 17.2655 10.2583 -0.067445
v 17.2655 10.3067 -0.067445
v 17.7335 10.2487 -0.091857
v 17.7668 10.2821 -0.091805
v 17.7565 10.3168 -0.066258
v 17.7045 10.3103 -0.061337
v 17.698 10.2582 -0.066339
v 20.7604 10.2829 -0.091879
v 20.7939 10.2496 -0.091807
v 20.8287 10.2599 -0.066257
v 20.8221 10.3119 -0.06134
v 20.7699 10.3184 -0.066364
v 21.4601 10.2486 -0.09188
v 21.4934 10.2821 -0.091807
v 21.4831 10.3168 -0.066258
v 21.4311 10.3102 -0.06134
v 21.4246 10.2581 -0.066364
v 24.3382 10.2829 -0.09188
v 24.3717 10.2497 -0.0918
v 24.4064 10.2599 -0.066249
v 24.3998 10.3119 -0.06134
v 24.3477 10.3184 -0.066364
v 24.9995 10.2582 -0.097249
v 24.9995 10.3067 -0.097249
v 24.9618 10.3067 -0.067445
v 24.9618 10.2582 -0.067445
v 17.2278 10.9875 -0.097249
v 17.2278 10.939 -0.097248
v 17.2655 10.939 -0.067444
v 17.2655 10.9875 -0.067445
v 17.7678 10.9627 -0.091879
v 17.7343 10.9959 -0.091791
v 17.6996 10.9856 -0.066239
v 17.7062 10.9337 -0.061339
v 17.7583 10.9272 -0.066364
v 20.7947 10.997 -0.09188
v 20.7615 10.9635 -0.091807
v 20.7717 10.9288 -0.066258
v 20.8238 10.9354 -0.06134
v 20.8302 10.9875 -0.066364
v 21.4944 10.9627 -0.091879
v 21.4609 10.996 -0.091807
v 21.4262 10.9857 -0.066257
v 21.4328 10.9337 -0.06134
v 21.4849 10.9272 -0.066364
v 24.3725 10.9969 -0.091859
v 24.3392 10.9635 -0.091804
v 24.3495 10.9288 -0.066258
v 24.4015 10.9353 -0.061337
v 24.408 10.9874 -0.066342
v 24.9995 10.9389 -0.097249
v 24.9995 10.9873 -0.097249
v 24.9618 10.9873 -0.067445
v 24.9618 10.9389 -0.067445
v 17.2278 14.6354 -0.097249
v 17.2278 14.5869 -0.097249
v 17.2655 14.5869 -0.067445
v 17.2655 14.6354 -0.067445
v 17.7335 14.5774 -0.091858
v 17.7668 14.6108 -0.091799
v 17.7565 14.6455 -0.066251
v 17.7045 14.6389 -0.061338
v 17.698 14.5869 -0.066339
v 20.7605 14.6116 -0.09186
v 20.794 14.5783 -0.091804
v 20.8287 14.5886 -0.066257
v 20.8221 14.6406 -0.061337
v 20.7701 14.6471 -0.066342
v 21.4601 14.5773 -0.09188
v 21.4933 14.6108 -0.091801
v 21.4831 14.6455 -0.066251
v 21.4311 14.6389 -0.061341
v 21.4246 14.5868 -0.066364
v 24.3383 14.6116 -0.09186
v 24.3717 14.5784 -0.091797
v 24.4064 14.5886 -0.066249
v 24.3999 14.6406 -0.061337
v 24.3478 14.6471 -0.066342
v 24.9995 14.5869 -0.097249
v 24.9995 14.6354 -0.097249
v 24.9618 14.6354 -0.067445
v 24.9618 14.5869 -0.067445
v 17.2725 15.2613 -0.10278
v 17.2356 15.2244 -0.10278
v 17.2725 15.2244 -0.073569
v 17.7582 15.2691 -0.097249
v 17.7097 15.2691 -0.097249
v 17.7097 15.2314 -0.067445
v 17.7582 15.2314 -0.067445
v 20.8186 15.2691 -0.097249
v 20.7701 15.2691 -0.097249
v 20.7701 15.2314 -0.067446
v 20.8186 15.2314 -0.067445
v 21.4848 15.2691 -0.097249
v 21.4363 15.2691 -0.097249
v 21.4363 15.2314 -0.067445
v 21.4848 15.2314 -0.067445
v 24.3963 15.2691 -0.097249
v 24.3479 15.2691 -0.097249
v 24.3479 15.2314 -0.067446
v 24.3963 15.2314 -0.067445
v 24.9917 15.2244 -0.10278
v 24.9548 15.2613 -0.10278
v 24.9548 15.2244 -0.073569
v 17.2725 15.2244 -0.629675
v 17.2356 15.2244 -0.600465
v 17.2725 15.2613 -0.600465
v 17.7581 15.2314 -0.635799
v 17.7097 15.2314 -0.635799
v 17.7097 15.2691 -0.605995
v 17.7581 15.2691 -0.605995
v 20.8186 15.2314 -0.635799
v 20.77 15.2314 -0.635799
v 20.77 15.2691 -0.605995
v 20.8186 15.2691 -0.605995
v 21.4847 15.2314 -0.635799
v 21.4363 15.2314 -0.635799
v 21.4363 15.2691 -0.605995
v 21.4847 15.2691 -0.605995
v 24.3963 15.2314 -0.635799
v 24.3478 15.2314 -0.635799
v 24.3478 15.2691 -0.605995
v 24.3963 15.2691 -0.605995
v 24.9917 15.2244 -0.600465
v 24.9548 15.2244 -0.629675
v 24.9548 15.2613 -0.600465
v 17.2278 14.5868 -0.605995
v 17.2278 14.6353 -0.605996
v 17.2655 14.6353 -0.6358
v 17.2655 14.5868 -0.635799
v 17.7677 14.6116 -0.611385
v 17.7343 14.5784 -0.611456
v 17.6996 14.5887 -0.637005
v 17.7062 14.6406 -0.641908
v 17.7582 14.6471 -0.636902
v 20.7947 14.5773 -0.611364
v 20.7615 14.6108 -0.611443
v 20.7718 14.6455 -0.636994
v 20.8238 14.6389 -0.641904
v 20.8302 14.5868 -0.63688
v 21.4943 14.6116 -0.611385
v 21.4609 14.5783 -0.61144
v 21.4262 14.5886 -0.636987
v 21.4328 14.6406 -0.641908
v 21.4848 14.6471 -0.636902
v 24.3725 14.5774 -0.611384
v 24.3393 14.6108 -0.611446
v 24.3495 14.6455 -0.636994
v 24.4015 14.6389 -0.641907
v 24.408 14.5869 -0.636903
v 24.9995 14.6354 -0.605995
v 24.9995 14.587 -0.605995
v 24.9618 14.587 -0.635799
v 24.9618 14.6354 -0.635799
v 17.2278 10.9389 -0.605996
v 17.2278 10.9873 -0.605995
v 17.2655 10.9873 -0.635799
v 17.2655 10.9389 -0.6358
v 17.7335 10.9969 -0.611387
v 17.7668 10.9635 -0.61144
v 17.7565 10.9288 -0.636987
v 17.7045 10.9353 -0.641907
v 17.698 10.9874 -0.636905
v 20.7604 10.9627 -0.611365
v 20.7939 10.996 -0.611438
v 20.8287 10.9857 -0.636987
v 20.8221 10.9337 -0.641905
v 20.7699 10.9272 -0.63688
v 21.4601 10.997 -0.611365
v 21.4934 10.9635 -0.611437
v 21.4831 10.9288 -0.636987
v 21.4311 10.9354 -0.641904
v 21.4246 10.9875 -0.63688
v 24.3382 10.9627 -0.611364
v 24.3717 10.9959 -0.611444
v 24.4064 10.9857 -0.636995
v 24.3998 10.9337 -0.641904
v 24.3477 10.9272 -0.63688
v 24.9995 10.9874 -0.605995
v 24.9995 10.9389 -0.605995
v 24.9618 10.9389 -0.635799
v 24.9618 10.9874 -0.635799
v 17.2278 10.2581 -0.605995
v 17.2278 10.3066 -0.605996
v 17.2655 10.3066 -0.6358
v 17.2655 10.2581 -0.635799
v 17.7678 10.2829 -0.611366
v 17.7343 10.2497 -0.611453
v 17.6996 10.26 -0.637005
v 17.7062 10.3119 -0.641905
v 17.7583 10.3184 -0.63688
v 20.7947 10.2486 -0.611365
v 20.7615 10.2821 -0.611437
v 20.7717 10.3168 -0.636987
v 20.8238 10.3102 -0.641904
v 20.8302 10.2581 -0.63688
v 21.4944 10.2829 -0.611365
v 21.4609 10.2496 -0.611438
v 21.4262 10.2599 -0.636987
v 21.4328 10.3119 -0.641905
v 21.4849 10.3184 -0.63688
v 24.3725 10.2487 -0.611385
v 24.3392 10.2821 -0.61144
v 24.3495 10.3168 -0.636987
v 24.4015 10.3103 -0.641908
v 24.408 10.2582 -0.636903
v 24.9995 10.3067 -0.605995
v 24.9995 10.2583 -0.605995
v 24.9618 10.2583 -0.635799
v 24.9618 10.3067 -0.635799
v 17.2278 6.59485 -0.605996
v 17.2278 6.64328 -0.605995
v 17.2655 6.64328 -0.635799
v 17.2655 6.59485 -0.6358
v 17.7335 6.65284 -0.611386
v 17.7668 6.61943 -0.611446
v 17.7565 6.58472 -0.636994
v 17.7045 6.59129 -0.641906
v 17.698 6.64331 -0.636905
v 20.7605 6.61866 -0.611385
v 20.794 6.65191 -0.611441
v 20.8287 6.64165 -0.636987
v 20.8221 6.5896 -0.641908
v 20.7701 6.58317 -0.636902
v 21.4601 6.65296 -0.611364
v 21.4933 6.61944 -0.611443
v 21.4831 6.58472 -0.636994
v 21.4311 6.5913 -0.641904
v 21.4246 6.64344 -0.63688
v 24.3383 6.61866 -0.611384
v 24.3717 6.65187 -0.611447
v 24.4064 6.64161 -0.636995
v 24.3999 6.5896 -0.641907
v 24.3478 6.58317 -0.636902
v 24.9995 6.64335 -0.605995
v 24.9995 6.59484 -0.605995
v 24.9618 6.59484 -0.635799
v 24.9618 6.64335 -0.635799
v 17.2725 5.96889 -0.600465
v 17.2356 6.00583 -0.600465
v 17.2725 6.00583 -0.629675
v 17.7582 5.96114 -0.605995
v 17.7097 5.96114 -0.605995
v 17.7097 5.99884 -0.635799
v 17.7582 5.99884 -0.635799
v 20.8186 5.96114 -0.605995
v 20.7701 5.96114 -0.605995
v 20.7701 5.99884 -0.635799
v 20.8186 5.99884 -0.635799
v 21.4848 5.96114 -0.605995
v 21.4363 5.96114 -0.605995
v 21.4363 5.99884 -0.635799
v 21.4848 5.99884 -0.635799
v 24.3963 5.96114 -0.605995
v 24.3479 5.96114 -0.605995
v 24.3479 5.99884 -0.635799
v 24.3963 5.99884 -0.635799
v 24.9917 6.00583 -0.600465
v 24.9548 5.96889 -0.600465
v 24.9548 6.00583 -0.629675
vn -0.034236 -0.999003 0.028657
vn -0.49921 -0.866172 0.023159
vn -0.034236 -0.999003 -0.028657
vn -0.499209 -0.866172 -0.023159
vn -0.866319 -0.498956 0.023101
vn -0.866319 -0.498956 -0.023102
vn -0.999277 -0.024724 0.028874
vn -0.999277 -0.024724 -0.028874
vn -0.026197 -0.018398 0.999488
vn -0.022533 -0.400309 0.916103
vn -0 -0.020344 0.999793
vn 0 -0.41537 0.909653
vn -0.025549 -0.797171 0.603213
vn 2e-06 -0.807552 0.589797
vn 0 -0.999565 0.029481
vn -0.798012 -0.018165 0.602368
vn -0.999565 0 0.029484
vn -0.807534 3e-06 0.589821
vn -0.40323 -0.015377 0.91497
vn -0.415344 1e-06 0.909664
vn -0.028051 -0 0.999607
vn 0 -0.999566 0.029465
vn -1e-06 -0.999566 0.029444
vn -0 -0.999566 -0.02946
vn -1e-06 -0.999566 -0.029456
vn -1e-06 -0.999566 0.029446
vn -1e-06 -0.999566 -0.029458
vn 0 -0.999565 -0.029482
vn -0 -0.021061 0.999778
vn 0 -0.415262 0.909702
vn -0 -0.02091 0.999781
vn -0 -0.415184 0.909738
vn 0 -0.807599 0.589732
vn 0 -0.807616 0.589708
vn 0 -0.999566 0.02946
vn 0 -0.020066 0.999799
vn 0.006388 0.009674 0.999933
vn 0.000806 0.0008 0.999999
vn 0 -0.020386 0.999792
vn 0.006196 0.017164 0.999834
vn 6.4e-05 0.018292 0.999833
vn 0 -0.999565 0.029488
vn 1e-06 -0.999566 0.029458
vn 0 -0.999565 -0.029487
vn 1e-06 -0.999566 -0.029446
vn 1e-06 -0.999566 0.029456
vn 1e-06 -0.999566 -0.029444
vn -0 -0.999566 -0.029465
vn 0 -0.020529 0.999789
vn 0 -0.415402 0.909638
vn -0 -0.020513 0.99979
vn -1e-06 -0.415398 0.90964
vn 1e-06 -0.807531 0.589826
vn -1e-06 -0.807534 0.589822
vn -0 -0.999565 0.029487
vn -0 -0.020479 0.99979
vn -0.000102 0.018333 0.999832
vn -0.005818 0.016904 0.99984
vn -0 -0.02021 0.999796
vn -0.006245 0.009673 0.999934
vn -0.000568 0.000572 1
vn -1e-06 -0.999566 0.029447
vn -0 -0.02106 0.999778
vn -0 -0.020909 0.999781
vn 0 -0.807617 0.589708
vn 0.006388 0.009675 0.999933
vn 0.000562 0.000558 1
vn 0.006196 0.017165 0.999834
vn 6.7e-05 0.018291 0.999833
vn -0 -0.999565 0.029479
vn -0 -0.999565 -0.029478
vn 1e-06 -0.999566 -0.029447
vn 0 -0.020348 0.999793
vn -0 -0.415377 0.90965
vn 0.019983 -0.018787 0.999624
vn 0.017176 -0.40389 0.914646
vn -2e-06 -0.807554 0.589794
vn 0.019485 -0.799717 0.600061
vn 0.026198 -0.999241 0.028849
vn -0.000107 0.018332 0.999832
vn -0.005817 0.016902 0.99984
vn -0.006244 0.00967 0.999934
vn -0.000621 0.000625 1
vn 0.999277 -0.024726 0.028873
vn 0.866295 -0.498999 0.023099
vn 0.999277 -0.024726 -0.028873
vn 0.866295 -0.498998 -0.023099
vn 0.499219 -0.866166 0.023155
vn 0.49922 -0.866166 -0.023155
vn 0.026198 -0.999241 -0.028849
vn 0.403227 -0.015377 0.914971
vn 0.02139 -0 0.999771
vn 0.415325 -0 0.909673
vn 0.797991 -0.018164 0.602396
vn 0.807526 1e-06 0.589831
vn 0.999565 0 0.029481
vn -0.999566 -0 0.02946
vn -0.999565 0 -0.029483
vn -0.999567 -0 -0.029443
vn -0.999566 -0 0.029458
vn -0.999567 -2e-06 -0.029439
vn -0.999566 -0 0.029466
vn -0.999566 0 -0.02947
vn -0.029655 0 0.99956
vn -0.028758 0 0.999586
vn 0.026569 0.000112 0.999647
vn 0.023844 0.00794 0.999684
vn -0.028231 0 0.999601
vn 0.013951 0.008779 0.999864
vn -0.807601 -0 0.589729
vn -0.999566 -0 0.02947
vn -0.807587 0 0.589748
vn -0.415196 -0 0.909732
vn -0.415256 0 0.909705
vn -0.029755 0 0.999557
vn 0.999602 0.00381 0.027941
vn 0.865798 0.498801 0.039884
vn 0.999603 0.003792 -0.027927
vn 0.865826 0.498708 -0.040449
vn 0.498188 0.866135 0.040228
vn 0.498276 0.866113 -0.039613
vn 0.004569 0.999594 0.028112
vn 0.00459 0.999593 -0.028143
vn 0.394448 0.001904 0.918916
vn 0.026458 -6.4e-05 0.99965
vn 0.394817 -0.001492 0.918759
vn 0.803535 0.003817 0.595246
vn 0.803795 -0.003412 0.594897
vn 0.999603 -0.003792 0.027928
vn 0.003988 0.801923 0.597415
vn -0.00459 0.999593 0.028143
vn -0.004471 0.801556 0.597904
vn 0.001768 0.391102 0.920346
vn -0.002266 0.390314 0.920679
vn -0.498305 0.866098 0.039582
vn -0.004569 0.999594 -0.028112
vn -0.498205 0.866127 -0.040208
vn -0.865834 0.498698 0.040386
vn -0.8658 0.498801 -0.039844
vn -0.999603 0.003792 0.027926
vn -0.999602 0.00381 -0.027941
vn -0.017108 0.005964 0.999836
vn 0.01671 0.005564 0.999845
vn -0.018823 4.5e-05 0.999823
vn 0.01893 7.9e-05 0.999821
vn -0.00985 0.006316 0.999932
vn 0.009675 0.006091 0.999935
vn -0.803784 0.003408 0.594912
vn -0.999602 -0.00381 0.027941
vn -0.803505 -0.003818 0.595286
vn -0.394868 0.001487 0.918737
vn -0.394503 -0.001902 0.918893
vn -0.01893 -7.9e-05 0.999821
vn 0.999602 0.00381 0.027937
vn 0.8658 0.498801 0.03984
vn 0.999603 0.003792 -0.027922
vn 0.865835 0.498698 -0.040384
vn 0.4982 0.86613 0.040206
vn 0.498299 0.866101 -0.039581
vn 0.004815 0.999593 0.028124
vn 0.004837 0.999592 -0.028154
vn 0.3945 0.001902 0.918894
vn 0.018823 -4.5e-05 0.999823
vn 0.394865 -0.001487 0.918738
vn 0.803519 0.003817 0.595266
vn 0.803798 -0.003409 0.594892
vn 0.999603 -0.003792 0.027922
vn 0.004201 0.801918 0.59742
vn -0.004837 0.999592 0.028154
vn -0.004709 0.801556 0.597901
vn 0.001861 0.391046 0.920369
vn -0.002385 0.390265 0.9207
vn -0.498281 0.866111 0.039606
vn -0.004815 0.999593 -0.028124
vn -0.4982 0.866129 -0.040214
vn -0.865836 0.498692 0.040435
vn -0.865813 0.498778 -0.039858
vn -0.999603 0.003792 0.027925
vn -0.999602 0.00381 -0.027937
vn -0.018468 0.006435 0.999809
vn 0.021647 0 0.999766
vn -0.019869 4.8e-05 0.999803
vn 0.022358 0 0.99975
vn -0.010767 0.006901 0.999918
vn 0.021286 0 0.999773
vn -0.803783 0.003414 0.594913
vn -0.999602 -0.00381 0.027937
vn -0.803538 -0.003816 0.595241
vn -0.394829 0.001492 0.918753
vn -0.394459 -0.001902 0.918912
vn -0.019937 -8.4e-05 0.999801
vn 0.999566 -0 0.02947
vn 0.999566 -1e-06 0.029447
vn 0.999566 -0 -0.029467
vn 0.999566 -1e-06 -0.02946
vn 0.999566 -1e-06 0.029451
vn 0.999566 -1e-06 -0.029463
vn 0.999565 0 -0.029482
vn 0.415259 0 0.909703
vn 0.022302 -0 0.999751
vn 0.415215 -0 0.909723
vn 0.807556 -0 0.589792
vn 0.807566 -0 0.589778
vn 0.999566 -0 0.029467
vn -0.999567 2e-06 0.029439
vn -0.999566 0 -0.029466
vn -0.999566 0 -0.029458
vn -0.999567 0 0.029443
vn -0.999566 0 -0.02946
vn -0.999565 -0 0.029494
vn -0.999565 -0 -0.029495
vn -0.028067 -1e-06 0.999606
vn 0.014111 -0.009043 0.99986
vn -0.028326 -0 0.999599
vn 0.000773 -0.000779 0.999999
vn -0.028697 -0 0.999588
vn 0.024303 -0.00847 0.999669
vn -0.807515 -1e-06 0.589846
vn -0.999565 0 0.029495
vn -0.807512 0 0.589851
vn -0.415373 -1e-06 0.909651
vn -0.41538 1e-06 0.909648
vn -0.028344 0 0.999598
vn 0.00459 -0.999593 0.028144
vn 0.498294 -0.866103 0.0396
vn 0.004569 -0.999595 -0.028107
vn 0.49819 -0.866137 -0.040171
vn 0.865818 -0.498722 0.040444
vn 0.865779 -0.498837 -0.039854
vn 0.999602 -0.00381 -0.027941
vn 0.0001 -0.018008 0.999838
vn 0.002266 -0.390361 0.920659
vn -6.2e-05 -0.017844 0.999841
vn -0.001762 -0.391101 0.920346
vn 0.004473 -0.801534 0.597933
vn -0.003983 -0.801936 0.597397
vn -0.004569 -0.999595 0.028107
vn 0.005858 -0.00907 0.999942
vn 0.006043 0.009147 0.99994
vn 0.000768 0.000762 0.999999
vn 0.005536 -0.016086 0.999855
vn 0.005937 0.016435 0.999847
vn 6.2e-05 0.017844 0.999841
vn -0.865782 -0.498836 0.039814
vn -0.999603 -0.003792 -0.027926
vn -0.865826 -0.498713 -0.040381
vn -0.498207 -0.866128 0.040152
vn -0.498323 -0.866088 -0.039567
vn -0.00459 -0.999593 -0.028143
vn -0.009677 -0.006092 0.999935
vn 0.00985 -0.006316 0.999932
vn -0.000539 -0.000535 1
vn 0.000544 -0.000548 1
vn -0.016711 -0.005564 0.999845
vn 0.017108 -0.005964 0.999836
vn -0.005937 -0.016435 0.999847
vn -0.0001 0.018008 0.999838
vn -0.005535 0.016086 0.999855
vn -0.006043 -0.009148 0.99994
vn -0.005859 0.009073 0.999942
vn -0.000544 0.000548 1
vn 0.004837 -0.999592 0.028154
vn 0.498318 -0.866091 0.039566
vn 0.004815 -0.999593 -0.028119
vn 0.498202 -0.866131 -0.040151
vn 0.865827 -0.498712 0.040377
vn 0.865782 -0.498836 -0.039813
vn 0.999602 -0.00381 -0.027937
vn 0.000105 -0.018007 0.999838
vn 0.002387 -0.390312 0.92068
vn -6.5e-05 -0.017842 0.999841
vn -0.001855 -0.391046 0.920369
vn 0.004712 -0.801534 0.59793
vn -0.004196 -0.801935 0.597397
vn -0.004815 -0.999593 0.028118
vn 0.005859 -0.009072 0.999942
vn 0.006043 0.009148 0.99994
vn 0.000539 0.000535 1
vn 0.005536 -0.016087 0.999855
vn 0.005937 0.016436 0.999847
vn 6.5e-05 0.017842 0.999841
vn -0.865794 -0.498814 0.039827
vn -0.999603 -0.003792 -0.027925
vn -0.865828 -0.498706 -0.040437
vn -0.498201 -0.866131 0.040154
vn -0.498297 -0.866102 -0.039596
vn -0.004837 -0.999592 -0.028154
vn -0.000585 -0.000581 1
vn -0.010661 -0.00671 0.999921
vn 0.021599 -0 0.999767
vn 0.021435 -0 0.99977
vn -0.018148 -0.006044 0.999817
vn 0.021737 -0 0.999764
vn -0.005937 -0.016436 0.999847
vn -0.000105 0.018007 0.999838
vn -0.006043 -0.009149 0.99994
vn -0.005858 0.00907 0.999942
vn -0.000589 0.000594 1
vn 0.999565 0 0.02949
vn 0.999566 1e-06 0.029463
vn 0.999565 -0 -0.029489
vn 0.999566 1e-06 -0.029451
vn 0.999566 1e-06 0.02946
vn 0.999566 1e-06 -0.029447
vn 0.999566 0 -0.02947
vn 0.415355 -0 0.90966
vn 0.021584 0 0.999767
vn 0.415351 0 0.909661
vn 0.807512 -0 0.589851
vn 0.807515 -0 0.589847
vn 0.999565 -0 0.029489
vn -0.999565 0 -0.029494
vn -0.999567 -2e-06 -0.02944
vn 0.023845 0.00794 0.999684
vn 0.013955 0.008781 0.999864
vn 0.999602 0.003827 0.027942
vn 0.865787 0.498823 0.039854
vn 0.999603 0.003809 -0.027928
vn 0.865826 0.498708 -0.040443
vn 0.498165 0.866151 0.04017
vn 0.498269 0.866118 -0.039601
vn 0.004568 0.999594 0.028112
vn 0.004589 0.999593 -0.028148
vn 0.394443 0.001913 0.918918
vn 0.026457 -6.4e-05 0.99965
vn 0.394811 -0.001498 0.918761
vn 0.803535 0.003835 0.595245
vn 0.803796 -0.003427 0.594896
vn 0.999603 -0.003809 0.027928
vn 0.003982 0.801921 0.597417
vn -0.004589 0.999593 0.028148
vn -0.004473 0.801518 0.597955
vn 0.001762 0.391106 0.920344
vn -0.002267 0.390365 0.920657
vn -0.498298 0.866103 0.039566
vn -0.004568 0.999594 -0.028112
vn -0.498182 0.866142 -0.040153
vn -0.865834 0.498699 0.040379
vn -0.86579 0.498822 -0.039814
vn -0.999603 0.003808 0.027927
vn -0.999602 0.003827 -0.027942
vn -0.017107 0.005964 0.999836
vn 0.016711 0.005564 0.999845
vn -0.018822 4.6e-05 0.999823
vn 0.01893 8e-05 0.999821
vn 0.009677 0.006093 0.999935
vn -0.803785 0.003423 0.594909
vn -0.999602 -0.003827 0.027942
vn -0.803507 -0.003834 0.595283
vn -0.394863 0.001493 0.918739
vn -0.394498 -0.00191 0.918895
vn -0.01893 -8e-05 0.999821
vn 0.999602 0.003827 0.027938
vn 0.86579 0.498822 0.039813
vn 0.999603 0.003809 -0.027923
vn 0.865835 0.498699 -0.040375
vn 0.498176 0.866146 0.040152
vn 0.498293 0.866105 -0.039565
vn 0.004814 0.999593 0.028124
vn 0.004836 0.999592 -0.028159
vn 0.394496 0.00191 0.918896
vn 0.018822 -4.6e-05 0.999823
vn 0.39486 -0.001493 0.91874
vn 0.80352 0.003834 0.595265
vn 0.8038 -0.003424 0.59489
vn 0.999603 -0.003809 0.027923
vn 0.004195 0.801919 0.597417
vn -0.004836 0.999592 0.028159
vn -0.004711 0.80152 0.59795
vn 0.001855 0.391052 0.920367
vn -0.002386 0.390316 0.920678
vn -0.498273 0.866116 0.039597
vn -0.004814 0.999593 -0.028123
vn -0.498177 0.866145 -0.040154
vn -0.865836 0.498692 0.040436
vn -0.865802 0.4988 -0.039825
vn -0.999603 0.003809 0.027926
vn -0.999602 0.003827 -0.027938
vn -0.018468 0.006436 0.999809
vn -0.019868 4.8e-05 0.999803
vn -0.010766 0.0069 0.999918
vn 0.021286 0 0.999774
vn -0.803785 0.003428 0.594911
vn -0.999602 -0.003827 0.027938
vn -0.80354 -0.003832 0.595238
vn -0.394824 0.001498 0.918756
vn -0.394454 -0.00191 0.918914
vn 0.999566 -1e-06 0.029448
vn 0.999566 -1e-06 0.02945
vn 0.999566 -1e-06 -0.029462
vn 0.999565 -0 -0.02949
vn 0.807556 -0 0.589791
vn -0.999566 0 0.029444
vn -0.999565 -0 0.029483
vn -0.999565 -0 -0.029484
vn 0.014112 -0.009043 0.99986
vn -0.028032 0 0.999607
vn 0.000814 -0.00082 0.999999
vn -0.807538 -3e-06 0.589815
vn -0.999277 0.024724 0.028874
vn -0.798012 0.018165 0.602368
vn -0.415337 -1e-06 0.909668
vn -0.403229 0.015377 0.91497
vn -0.026197 0.018398 0.999488
vn 0.00459 -0.999593 0.028143
vn 0.498288 -0.866106 0.039613
vn 0.004569 -0.999594 -0.028112
vn 0.498201 -0.866128 -0.040228
vn 0.865823 -0.498713 0.040449
vn 0.865795 -0.498806 -0.039884
vn 0.999602 -0.003827 -0.027942
vn 0.000102 -0.018333 0.999832
vn 0.002265 -0.390313 0.92068
vn -6.4e-05 -0.018292 0.999833
vn -0.001768 -0.391101 0.920346
vn 0.004471 -0.801559 0.597899
vn -0.003988 -0.801925 0.597411
vn -0.004569 -0.999594 0.028112
vn 0.006244 -0.00967 0.999934
vn -0 0.020366 0.999793
vn 0 0.02021 0.999796
vn 0.005818 -0.016902 0.99984
vn 0 0.020479 0.99979
vn 0 0.02091 0.999781
vn -0.865798 -0.498805 0.039845
vn -0.999603 -0.003809 -0.027927
vn -0.865832 -0.498703 -0.040387
vn -0.498218 -0.866119 0.04021
vn -0.498317 -0.866091 -0.039582
vn -0.009674 -0.006091 0.999935
vn -0.000562 -0.000558 1
vn 0.000568 -0.000572 1
vn -0.01671 -0.005564 0.999845
vn -0.006196 -0.017165 0.999834
vn -0 0.020386 0.999792
vn 0 0.021061 0.999778
vn -0.006388 -0.009675 0.999933
vn -0 0.020066 0.999799
vn -0 0.020513 0.99979
vn 0.498312 -0.866094 0.039581
vn 0.004815 -0.999593 -0.028124
vn 0.498213 -0.866122 -0.040207
vn 0.865832 -0.498702 0.040385
vn 0.865798 -0.498806 -0.039841
vn 0.999602 -0.003827 -0.027938
vn 0.000107 -0.018332 0.999832
vn 0.002386 -0.390264 0.9207
vn -6.7e-05 -0.018291 0.999833
vn -0.001862 -0.391045 0.92037
vn 0.00471 -0.801561 0.597895
vn -0.004201 -0.801924 0.597412
vn -0.004815 -0.999593 0.028124
vn 0.006245 -0.009672 0.999934
vn 0 0.020529 0.999789
vn 0.005818 -0.016904 0.99984
vn -0.86581 -0.498782 0.039858
vn -0.999603 -0.003809 -0.027926
vn -0.865833 -0.498696 -0.040436
vn -0.498212 -0.866122 0.040213
vn -0.498293 -0.866104 -0.039606
vn -0.000615 -0.000611 1
vn -0.010658 -0.006708 0.999921
vn 0.021406 0 0.999771
vn -0.018147 -0.006044 0.999817
vn -0.006196 -0.017165 0.999833
vn 0 0.02106 0.999778
vn -0.006389 -0.009676 0.999933
vn 0 0.020331 0.999793
vn 0.999565 -0 0.029482
vn 0.999565 -0 -0.029481
vn 0.415329 0 0.909671
vn 0.019983 0.018787 0.999624
vn 0.403226 0.015377 0.914971
vn 0.807524 -1e-06 0.589835
vn 0.79799 0.018164 0.602397
vn 0.999277 0.024726 0.028873
vn -0.86632 0.498956 0.023101
vn -0.999277 0.024724 -0.028874
vn -0.866319 0.498956 -0.023101
vn -0.499222 0.866165 0.023158
vn -0.499222 0.866165 -0.023158
vn -0.034239 0.999003 0.028658
vn -0.034239 0.999003 -0.028658
vn -0.025549 0.797166 0.60322
vn -0 0.999565 0.029483
vn -0 0.807543 0.589809
vn -0.022534 0.400307 0.916104
vn -0 0.415373 0.909651
vn -1e-06 0.999566 0.029458
vn -0 0.999565 -0.029482
vn -1e-06 0.999566 -0.029446
vn 0 0.999566 0.029456
vn 0 0.999566 -0.029445
vn 0 0.999566 0.029461
vn -0 0.999566 -0.029466
vn -0 0.807611 0.589716
vn 0 0.999566 0.029466
vn 0 0.807593 0.58974
vn 0 0.415181 0.909739
vn -0 0.41526 0.909703
vn -0 0.999566 0.029445
vn -0 0.999566 -0.029461
vn -0 0.999566 -0.029456
vn 1e-06 0.999566 0.029446
vn 1e-06 0.999566 -0.029457
vn 0 0.999565 0.029489
vn 0 0.999565 -0.02949
vn 1e-06 0.807533 0.589822
vn -0 0.999565 0.02949
vn -1e-06 0.80753 0.589826
vn 0 0.415397 0.90964
vn -0 0.415401 0.909639
vn -1e-06 0.999566 0.029457
vn -0 0.999565 -0.029489
vn 0 0.999566 0.029457
vn 0 0.999566 0.029462
vn -0 0.807607 0.589721
vn 0 0.999566 0.029467
vn 0 0.807591 0.589743
vn 0 0.415184 0.909738
vn -0 0.415259 0.909703
vn 1e-06 0.999566 0.029447
vn 0 0.999565 0.029482
vn 0 0.999565 -0.029483
vn 0 0.807548 0.589802
vn 0.0262 0.99924 0.028852
vn 0.019485 0.799708 0.600073
vn 0 0.415371 0.909652
vn 0.017176 0.403889 0.914647
vn 0.499231 0.866159 0.023154
vn 0.0262 0.99924 -0.028852
vn 0.499232 0.866159 -0.023154
vn 0.866295 0.498998 0.023098
vn 0.866295 0.498998 -0.023098
vn 0.999277 0.024726 -0.028873
vn -0.798012 0.018165 -0.602367
vn -0.807534 -3e-06 -0.589821
vn -0.403229 0.015377 -0.91497
vn -0.415342 -1e-06 -0.909665
vn -0.026197 0.018398 -0.999488
vn -0.028051 0 -0.999606
vn -0.022534 0.400307 -0.916104
vn -0 0.020344 -0.999793
vn -0 0.415366 -0.909654
vn -0.025549 0.797166 -0.60322
vn -0 0.807546 -0.589804
vn 0 0.020066 -0.999799
vn 0.006388 -0.009674 -0.999933
vn 0.000806 -0.0008 -0.999999
vn 0 0.020386 -0.999792
vn 0.006196 -0.017165 -0.999834
vn -0 0.021061 -0.999778
vn 6.4e-05 -0.018292 -0.999833
vn 0 0.415259 -0.909703
vn -0 0.02091 -0.999781
vn 0 0.415181 -0.909739
vn 0 0.80759 -0.589744
vn 0 0.807608 -0.58972
vn -0 0.020479 -0.99979
vn -0.000102 -0.018333 -0.999832
vn -0.005818 -0.016904 -0.99984
vn -0 0.02021 -0.999796
vn -0.006245 -0.009672 -0.999934
vn -0 0.020529 -0.999789
vn -0.000568 -0.000572 -1
vn 0 0.4154 -0.909639
vn 0 0.020513 -0.99979
vn -0 0.415396 -0.909641
vn 1e-06 0.80753 -0.589826
vn -1e-06 0.807533 -0.589822
vn 0.006388 -0.009675 -0.999933
vn 0.000562 -0.000558 -1
vn -0 0.02106 -0.999778
vn 6.7e-05 -0.018291 -0.999833
vn 0 0.415261 -0.909702
vn -0 0.020909 -0.999781
vn 0 0.807592 -0.589742
vn 0 0.807609 -0.589718
vn -0.000107 -0.018332 -0.999832
vn -0.005817 -0.016902 -0.99984
vn -0.006243 -0.009669 -0.999934
vn 0 0.020348 -0.999793
vn -0.000621 -0.000625 -1
vn 0 0.415374 -0.909651
vn 0.019983 0.018787 -0.999624
vn 0.017176 0.403889 -0.914647
vn 0 0.807545 -0.589806
vn 0.019485 0.799708 -0.600073
vn 0.403226 0.015377 -0.914971
vn 0.02139 0 -0.999771
vn 0.415325 -0 -0.909673
vn 0.79799 0.018164 -0.602397
vn 0.807526 -2e-06 -0.589832
vn -0.029655 -0 -0.99956
vn -0.028758 -0 -0.999586
vn 0.026569 -0.000112 -0.999647
vn 0.023844 -0.00794 -0.999684
vn -0.028231 -0 -0.999601
vn 0.013951 -0.008779 -0.999864
vn -0.807601 0 -0.589729
vn -0.807587 -0 -0.589748
vn -0.415195 0 -0.909732
vn -0.415255 -0 -0.909705
vn -0.029755 -0 -0.999557
vn 0.394443 -0.001912 -0.918918
vn 0.026457 6.4e-05 -0.99965
vn 0.394812 0.001498 -0.918761
vn 0.803536 -0.003834 -0.595244
vn 0.803796 0.003427 -0.594896
vn 0.003988 -0.801925 -0.597411
vn -0.004471 -0.801558 -0.5979
vn 0.001768 -0.3911 -0.920347
vn -0.002266 -0.390312 -0.92068
vn -0.017108 -0.005964 -0.999836
vn 0.01671 -0.005564 -0.999845
vn -0.018822 -4.6e-05 -0.999823
vn 0.01893 -8e-05 -0.999821
vn -0.00985 -0.006316 -0.999932
vn 0.009675 -0.006091 -0.999935
vn -0.803785 -0.003423 -0.59491
vn -0.803506 0.003834 -0.595285
vn -0.394862 -0.001493 -0.918739
vn -0.394498 0.00191 -0.918895
vn -0.01893 8e-05 -0.999821
vn 0.394495 -0.00191 -0.918896
vn 0.018822 4.6e-05 -0.999823
vn 0.39486 0.001493 -0.91874
vn 0.803521 -0.003834 -0.595264
vn 0.803799 0.003424 -0.594891
vn 0.004201 -0.801925 -0.597409
vn -0.004709 -0.801564 -0.597891
vn 0.001861 -0.391046 -0.920369
vn -0.002386 -0.390265 -0.9207
vn -0.018468 -0.006436 -0.999809
vn 0.021647 -0 -0.999766
vn -0.019868 -4.8e-05 -0.999803
vn 0.022358 -0 -0.99975
vn -0.010767 -0.006901 -0.999918
vn 0.021286 -0 -0.999773
vn -0.803784 -0.003429 -0.594911
vn -0.803539 0.003833 -0.59524
vn -0.394824 -0.001499 -0.918756
vn -0.394454 0.00191 -0.918914
vn -0.019937 8.4e-05 -0.999801
vn 0.415258 -0 -0.909704
vn 0.022302 0 -0.999751
vn 0.415215 0 -0.909723
vn 0.807556 0 -0.589792
vn 0.807566 0 -0.589777
vn -0.028067 1e-06 -0.999606
vn 0.014111 0.009043 -0.99986
vn -0.028326 0 -0.999599
vn 0.000773 0.000779 -0.999999
vn -0.028698 0 -0.999588
vn 0.024303 0.00847 -0.999669
vn -0.807515 1e-06 -0.589847
vn -0.807512 -1e-06 -0.589851
vn -0.415372 1e-06 -0.909652
vn -0.415379 -1e-06 -0.909649
vn -0.028344 -0 -0.999598
vn 0.0001 0.018008 -0.999838
vn 0.002266 0.390365 -0.920657
vn -6.2e-05 0.017844 -0.999841
vn -0.001762 0.391106 -0.920344
vn 0.004472 0.801518 -0.597954
vn -0.003982 0.80192 -0.597418
vn 0.005858 0.00907 -0.999942
vn 0.006043 -0.009147 -0.99994
vn 0.000768 -0.000762 -0.999999
vn 0.005535 0.016085 -0.999855
vn 0.005937 -0.016435 -0.999847
vn 6.2e-05 -0.017844 -0.999841
vn -0.009677 0.006092 -0.999935
vn 0.009849 0.006316 -0.999932
vn -0.000539 0.000535 -1
vn 0.000544 0.000548 -1
vn -0.016712 0.005564 -0.999845
vn 0.017108 0.005964 -0.999836
vn -0.005937 0.016436 -0.999847
vn -0.0001 -0.018008 -0.999838
vn -0.005536 -0.016087 -0.999855
vn -0.006043 0.009148 -0.99994
vn -0.005859 -0.009072 -0.999942
vn -0.000544 -0.000548 -1
vn 0.000105 0.018007 -0.999838
vn 0.002387 0.390316 -0.920678
vn -6.5e-05 0.017842 -0.999841
vn -0.001855 0.39105 -0.920368
vn 0.004712 0.801518 -0.597952
vn -0.004195 0.801919 -0.597419
vn 0.005859 0.009072 -0.999942
vn 0.006043 -0.009148 -0.99994
vn 0.000539 -0.000535 -1
vn 0.005937 -0.016436 -0.999847
vn 6.5e-05 -0.017842 -0.999841
vn -0.000585 0.000581 -1
vn -0.010661 0.006709 -0.999921
vn 0.0216 0 -0.999767
vn 0.021434 0 -0.99977
vn -0.018148 0.006044 -0.999817
vn 0.021737 0 -0.999764
vn -0.000105 -0.018007 -0.999838
vn -0.005535 -0.016085 -0.999855
vn -0.006043 0.009149 -0.99994
vn -0.005857 -0.00907 -0.999942
vn -0.000589 -0.000594 -1
vn 0.415355 0 -0.90966
vn 0.021584 -0 -0.999767
vn 0.41535 -1e-06 -0.909662
vn 0.807512 -0 -0.589851
vn 0.807515 -1e-06 -0.589848
vn 0.023845 -0.00794 -0.999684
vn 0.013955 -0.008781 -0.999864
vn 0.394448 -0.001904 -0.918916
vn 0.394817 0.001492 -0.918759
vn 0.803534 -0.003818 -0.595247
vn 0.803794 0.003412 -0.594898
vn 0.003983 -0.801936 -0.597397
vn -0.004473 -0.801533 -0.597934
vn 0.001762 -0.391101 -0.920346
vn -0.002267 -0.39036 -0.920659
vn -0.017107 -0.005964 -0.999836
vn 0.016711 -0.005564 -0.999845
vn -0.018823 -4.5e-05 -0.999823
vn 0.01893 -7.9e-05 -0.999821
vn 0.009677 -0.006093 -0.999935
vn -0.803784 -0.003408 -0.594912
vn -0.803505 0.003817 -0.595286
vn -0.394868 -0.001487 -0.918737
vn -0.394502 0.001902 -0.918893
vn -0.01893 7.9e-05 -0.999821
vn 0.3945 -0.001902 -0.918894
vn 0.018823 4.5e-05 -0.999823
vn 0.394865 0.001487 -0.918738
vn 0.803519 -0.003818 -0.595267
vn 0.803798 0.003409 -0.594893
vn 0.004195 -0.801935 -0.597397
vn -0.004712 -0.801535 -0.597929
vn 0.001855 -0.391047 -0.920369
vn -0.002387 -0.390311 -0.92068
vn -0.019869 -4.8e-05 -0.999803
vn -0.010767 -0.0069 -0.999918
vn -0.803784 -0.003413 -0.594912
vn -0.803538 0.003815 -0.595241
vn -0.394829 -0.001492 -0.918753
vn -0.394458 0.001902 -0.918912
vn 0.014112 0.009043 -0.99986
vn -0.028032 -0 -0.999607
vn 0.000814 0.00082 -0.999999
vn 0.024304 0.00847 -0.999669
vn -0.807538 3e-06 -0.589816
vn -0.798012 -0.018165 -0.602367
vn -0.415336 1e-06 -0.909668
vn -0.40323 -0.015377 -0.91497
vn -0.026197 -0.018398 -0.999488
vn 0.000102 0.018333 -0.999832
vn 0.002265 0.390313 -0.920679
vn -6.4e-05 0.018292 -0.999833
vn -0.001768 0.391101 -0.920346
vn 0.004471 0.801556 -0.597903
vn -0.003988 0.801922 -0.597415
vn 0.006244 0.00967 -0.999934
vn -0 -0.020366 -0.999793
vn 0 -0.02021 -0.999796
vn 0.005817 0.016902 -0.99984
vn 0 -0.020479 -0.99979
vn 0 -0.02091 -0.999781
vn -0.009674 0.006091 -0.999935
vn 0.00985 0.006316 -0.999932
vn -0.000562 0.000558 -1
vn 0.000568 0.000572 -1
vn -0.01671 0.005564 -0.999845
vn -0.006196 0.017165 -0.999834
vn -0 -0.020386 -0.999792
vn 0 -0.021061 -0.999778
vn -0.006388 0.009675 -0.999933
vn -0 -0.020066 -0.999799
vn 0 -0.020513 -0.99979
vn 0.000107 0.018332 -0.999832
vn 0.002386 0.390264 -0.9207
vn -6.7e-05 0.018291 -0.999833
vn -0.001862 0.391046 -0.920369
vn 0.00471 0.801557 -0.597899
vn -0.004201 0.80192 -0.597416
vn 0.006245 0.009672 -0.999934
vn -0 -0.020529 -0.999789
vn 0.005818 0.016903 -0.99984
vn 0 -0.020909 -0.999781
vn -0.000615 0.000611 -1
vn -0.010658 0.006708 -0.999921
vn 0.021406 -0 -0.999771
vn 0.021435 0 -0.99977
vn -0.018147 0.006044 -0.999817
vn 0 -0.021059 -0.999778
vn -0.006389 0.009676 -0.999933
vn 0 -0.020331 -0.999793
vn 0.415329 0 -0.909671
vn 0.019983 -0.018787 -0.999624
vn 0.403226 -0.015377 -0.914971
vn 0.807523 1e-06 -0.589836
vn 0.79799 -0.018164 -0.602397
vn -0.025549 -0.797171 -0.603213
vn 2e-06 -0.807547 -0.589803
vn -0.022534 -0.400309 -0.916103
vn 0 -0.415375 -0.90965
vn -0 -0.807616 -0.589708
vn -0 -0.807599 -0.589732
vn -0 -0.415182 -0.909738
vn -0 -0.415261 -0.909702
vn 1e-06 -0.807534 -0.589821
vn -1e-06 -0.807531 -0.589826
vn 0 -0.415398 -0.90964
vn -0 -0.415402 -0.909638
vn -0 -0.807618 -0.589706
vn -0 -0.807601 -0.589729
vn -0 -0.415183 -0.909738
vn -0 -0.415259 -0.909703
vn -2e-06 -0.807557 -0.58979
vn 0.019485 -0.799717 -0.600061
vn -0 -0.415371 -0.909652
vn 0.017176 -0.40389 -0.914646
vn -0.813314 -0.413207 0.40961
vn -0.413257 -0.800233 0.434564
vn -0.394407 -0.380734 0.836352
vn -1.1e-05 -0.807669 0.589636
vn -8e-06 -0.807674 0.589629
vn -2e-06 -0.415163 0.909747
vn -5e-06 -0.415166 0.909746
vn 7e-06 -0.807634 0.589684
vn 1.1e-05 -0.807631 0.589689
vn 5e-06 -0.41521 0.909726
vn 3e-06 -0.415207 0.909727
vn -1.1e-05 -0.807668 0.589638
vn -8e-06 -0.807673 0.58963
vn -2e-06 -0.415162 0.909747
vn 7e-06 -0.807632 0.589686
vn 1.1e-05 -0.807628 0.589692
vn 5e-06 -0.415209 0.909726
vn 3e-06 -0.415204 0.909728
vn 0.413275 -0.800237 0.434539
vn 0.813319 -0.413211 0.409596
vn 0.394419 -0.380711 0.836357
vn -0.807634 -5e-06 0.589684
vn -0.807627 -5e-06 0.589693
vn -0.415188 -1e-06 0.909736
vn 0.351822 0.581542 0.733505
vn 0.565019 0.347992 0.748101
vn 0.331931 0.214076 0.918691
vn 0.143066 0.143642 0.979234
vn 0.202651 0.321077 0.925117
vn -0.563426 0.347403 0.749574
vn -0.352679 0.583001 0.731934
vn -0.20385 0.324745 0.923572
vn -0.142917 0.143969 0.979208
vn -0.328567 0.213146 0.920115
vn 0.351849 0.581174 0.733784
vn 0.565366 0.348173 0.747755
vn 0.332185 0.214157 0.91858
vn 0.143134 0.143629 0.979226
vn 0.202763 0.321002 0.925119
vn -0.562993 0.3473 0.749948
vn -0.352606 0.583441 0.731618
vn -0.203688 0.324844 0.923573
vn -0.142791 0.143966 0.979227
vn -0.328336 0.213126 0.920203
vn 0.807634 -9e-06 0.589684
vn 0.807636 -6e-06 0.589681
vn 0.41516 1e-06 0.909749
vn 0.415166 -0 0.909746
vn -0.807682 2e-06 0.589619
vn -0.807693 1.8e-05 0.589603
vn -0.415126 8e-06 0.909764
vn -0.415126 -2e-06 0.909764
vn 0.562767 -0.347256 0.750138
vn 0.352733 -0.583659 0.731384
vn 0.203729 -0.324971 0.923519
vn 0.142769 -0.143992 0.979226
vn 0.328257 -0.213161 0.920223
vn -0.351943 -0.581597 0.733404
vn -0.564947 -0.348252 0.748035
vn -0.33207 -0.214317 0.918585
vn -0.143139 -0.143757 0.979206
vn -0.202776 -0.321201 0.925047
vn 0.563264 -0.347406 0.749695
vn 0.352819 -0.583144 0.731752
vn 0.203914 -0.324848 0.923522
vn 0.142899 -0.143981 0.979209
vn 0.328536 -0.213196 0.920115
vn -0.351934 -0.581794 0.733252
vn -0.564774 -0.348122 0.748226
vn -0.331894 -0.214245 0.918665
vn -0.14311 -0.143766 0.979209
vn -0.202714 -0.32123 0.925051
vn 0.807595 6e-06 0.589738
vn 0.807594 5e-06 0.589739
vn 0.415213 -2e-06 0.909724
vn 0.415206 1e-06 0.909728
vn -0.807633 -5e-06 0.589685
vn -0.807629 -5e-06 0.589692
vn -0.415186 -1e-06 0.909737
vn 0.351904 0.581961 0.733134
vn 0.564603 0.348076 0.748376
vn 0.33181 0.214232 0.918698
vn 0.143069 0.143766 0.979215
vn 0.202658 0.321267 0.92505
vn -0.563252 0.347413 0.749701
vn -0.352805 0.583144 0.731759
vn -0.203908 0.32485 0.923523
vn -0.142899 0.143985 0.979208
vn -0.328531 0.213201 0.920116
vn 0.351932 0.581601 0.733406
vn 0.564956 0.348251 0.748028
vn 0.332073 0.214316 0.918584
vn 0.143138 0.143755 0.979207
vn 0.202772 0.321201 0.925048
vn -0.562832 0.347301 0.750068
vn -0.352732 0.583594 0.731436
vn -0.20375 0.324961 0.923519
vn -0.142776 0.143985 0.979226
vn -0.328316 0.213188 0.920195
vn 0.807636 -9e-06 0.589682
vn 0.807635 -6e-06 0.589682
vn 0.415161 1e-06 0.909748
vn 0.415165 -0 0.909746
vn -0.807681 2e-06 0.58962
vn 0.562935 -0.347256 0.750011
vn 0.352605 -0.583512 0.731562
vn 0.203672 -0.324866 0.923569
vn 0.142786 -0.143976 0.979226
vn 0.328286 -0.213107 0.920225
vn -0.351853 -0.581173 0.733783
vn -0.565365 -0.348167 0.747758
vn -0.332192 -0.214159 0.918577
vn -0.143139 -0.143631 0.979225
vn -0.202767 -0.321006 0.925117
vn 0.563436 -0.347403 0.749567
vn 0.352685 -0.583006 0.731927
vn 0.203853 -0.324748 0.923571
vn 0.142916 -0.143967 0.979208
vn 0.328571 -0.213146 0.920114
vn -0.35185 -0.581369 0.733629
vn -0.565201 -0.348033 0.747945
vn -0.332022 -0.214086 0.918656
vn -0.143111 -0.143639 0.979228
vn -0.20271 -0.321038 0.925118
vn 0.415205 1e-06 0.909728
vn -0.413261 0.800232 0.434563
vn -0.813316 0.413205 0.409608
vn -0.394401 0.38073 0.836356
vn 0 0.807623 0.589699
vn -7e-06 0.807622 0.589701
vn -0 0.415203 0.909729
vn 0 0.415201 0.90973
vn 8e-06 0.80766 0.589649
vn -0 0.807664 0.589643
vn -1e-06 0.415158 0.909749
vn 1e-06 0.415158 0.909749
vn 0 0.807622 0.589701
vn 0 0.4152 0.90973
vn 8e-06 0.80766 0.589648
vn -0 0.807665 0.589642
vn -1e-06 0.41516 0.909749
vn 1e-06 0.415162 0.909747
vn 0.813321 0.413209 0.409594
vn 0.41328 0.800237 0.434535
vn 0.394412 0.380708 0.836362
vn -0.394401 0.380731 -0.836357
vn -0.813316 0.413206 -0.409607
vn -0.41326 0.800231 -0.434565
vn -0 0.415159 -0.909749
vn -1e-06 0.41516 -0.909749
vn -8e-06 0.80766 -0.589648
vn -0 0.807665 -0.589642
vn 0 0.415201 -0.90973
vn -1e-06 0.4152 -0.90973
vn -0 0.807622 -0.589701
vn 7e-06 0.807625 -0.589696
vn -8e-06 0.807658 -0.589651
vn -0 0.807664 -0.589643
vn -1e-06 0.415202 -0.909729
vn -0 0.807623 -0.589699
vn 7e-06 0.807623 -0.589699
vn 0.813321 0.413209 -0.409593
vn 0.394412 0.380708 -0.836362
vn 0.413282 0.800235 -0.434537
vn -0.807633 5e-06 -0.589686
vn -0.807626 4e-06 -0.589695
vn -0.415189 1e-06 -0.909735
vn -0.415187 1e-06 -0.909736
vn 0.351826 -0.581542 -0.733504
vn 0.565016 -0.34799 -0.748104
vn 0.331928 -0.214074 -0.918692
vn 0.143066 -0.143642 -0.979234
vn 0.202649 -0.321076 -0.925118
vn -0.56343 -0.347405 -0.749571
vn -0.352683 -0.583 -0.731933
vn -0.203853 -0.324747 -0.923571
vn -0.142917 -0.14397 -0.979208
vn -0.328568 -0.213146 -0.920115
vn 0.351857 -0.581174 -0.733781
vn 0.565372 -0.348171 -0.747751
vn 0.332192 -0.214156 -0.918578
vn 0.143138 -0.143628 -0.979226
vn 0.202768 -0.321003 -0.925117
vn -0.56299 -0.347302 -0.749949
vn -0.35261 -0.583441 -0.731616
vn -0.203689 -0.324844 -0.923573
vn -0.142789 -0.143966 -0.979227
vn -0.328333 -0.213127 -0.920204
vn 0.807635 7e-06 -0.589682
vn 0.807639 1e-05 -0.589678
vn 0.415166 1e-06 -0.909746
vn 0.415162 -2e-06 -0.909748
vn -0.807685 -2e-06 -0.589614
vn -0.807692 -1.8e-05 -0.589605
vn -0.415125 -8e-06 -0.909764
vn -0.415126 3e-06 -0.909764
vn 0.562767 0.347254 -0.750139
vn 0.352728 0.583658 -0.731387
vn 0.20373 0.324974 -0.923518
vn 0.142771 0.143992 -0.979226
vn 0.328257 0.213161 -0.920223
vn -0.351931 0.581599 -0.733408
vn -0.564947 0.34825 -0.748035
vn -0.332071 0.214317 -0.918584
vn -0.143139 0.143757 -0.979206
vn -0.202772 0.321202 -0.925047
vn 0.563262 0.347409 -0.749695
vn 0.352813 0.583143 -0.731756
vn 0.203913 0.324849 -0.923522
vn 0.142899 0.143981 -0.979209
vn 0.328533 0.213199 -0.920116
vn -0.351932 0.581785 -0.73326
vn -0.564777 0.348123 -0.748223
vn -0.331893 0.214243 -0.918666
vn -0.143113 0.143764 -0.979209
vn -0.202716 0.321224 -0.925052
vn 0.807592 -7e-06 -0.589742
vn 0.807598 -8e-06 -0.589733
vn 0.415209 0 -0.909726
vn 0.415204 -0 -0.909728
vn -0.807627 4e-06 -0.589694
vn -0.415188 1e-06 -0.909736
vn 0.351912 -0.581961 -0.73313
vn 0.564601 -0.348074 -0.748378
vn 0.331808 -0.214231 -0.918699
vn 0.143067 -0.143767 -0.979215
vn 0.202657 -0.321269 -0.925049
vn -0.563257 -0.347411 -0.749699
vn -0.352811 -0.583146 -0.731755
vn -0.203911 -0.32485 -0.923522
vn -0.142898 -0.143984 -0.979208
vn -0.328534 -0.2132 -0.920115
vn 0.351944 -0.581599 -0.733402
vn 0.564954 -0.348253 -0.748029
vn 0.332073 -0.214316 -0.918584
vn 0.143138 -0.143754 -0.979207
vn 0.202776 -0.3212 -0.925047
vn -0.562827 -0.347301 -0.750072
vn -0.352732 -0.583596 -0.731434
vn -0.203748 -0.324958 -0.92352
vn -0.142773 -0.143983 -0.979227
vn -0.328312 -0.213184 -0.920198
vn 0.807635 7e-06 -0.589683
vn 0.415165 1e-06 -0.909746
vn -0.807684 -2e-06 -0.589615
vn -0.807694 -1.8e-05 -0.589602
vn -0.415124 -8e-06 -0.909765
vn -0.415127 3e-06 -0.909763
vn 0.562933 0.347253 -0.750014
vn 0.352597 0.583512 -0.731566
vn 0.203669 0.324862 -0.923571
vn 0.142787 0.143976 -0.979226
vn 0.328287 0.213105 -0.920225
vn -0.351846 0.581175 -0.733785
vn -0.565358 0.348169 -0.747763
vn -0.332185 0.214159 -0.91858
vn -0.143134 0.143631 -0.979226
vn -0.202763 0.321006 -0.925118
vn 0.563432 0.347404 -0.749569
vn 0.352678 0.583001 -0.731934
vn 0.203849 0.324743 -0.923573
vn 0.142915 0.143967 -0.979208
vn 0.328567 0.213146 -0.920115
vn -0.351847 0.581365 -0.733634
vn -0.565201 0.348032 -0.747945
vn -0.332021 0.214084 -0.918657
vn -0.143111 0.143638 -0.979228
vn -0.202712 0.321037 -0.925118
vn 0.807595 -8e-06 -0.589737
vn 0.415211 0 -0.909725
vn 0.415204 -0 -0.909729
vn -0.413256 -0.800233 -0.434566
vn -0.813313 -0.413208 -0.409611
vn -0.394407 -0.380733 -0.836353
vn -7e-06 -0.807632 -0.589686
vn -1.1e-05 -0.807632 -0.589687
vn -5e-06 -0.41521 -0.909726
vn -2e-06 -0.415208 -0.909727
vn 1.1e-05 -0.807669 -0.589636
vn 9e-06 -0.807675 -0.589628
vn 3e-06 -0.415164 -0.909747
vn 5e-06 -0.415167 -0.909745
vn -7e-06 -0.807631 -0.589688
vn -1.1e-05 -0.807631 -0.589689
vn -5e-06 -0.415208 -0.909727
vn -2e-06 -0.415207 -0.909727
vn 1.1e-05 -0.807666 -0.58964
vn 9e-06 -0.807674 -0.589629
vn 5e-06 -0.415166 -0.909746
vn 0.813319 -0.41321 -0.409597
vn 0.413277 -0.800235 -0.434541
vn 0.394418 -0.38071 -0.836358
vt 0.604588 0.010574
vt 0.604588 0.007759
vt 0.627569 0.010574
vt 0.627569 0.007759
vt 0.604588 0.004924
vt 0.627569 0.004924
vt 0.154884 0.498743
vt 0.15492 0.495917
vt 0.177516 0.498714
vt 0.17752 0.495954
vt 0.588274 0.99319
vt 0.588292 0.995964
vt 0.569988 0.993215
vt 0.569983 0.996015
vt 0.599839 0.010574
vt 0.602446 0.010574
vt 0.599839 0.029908
vt 0.602446 0.029908
vt 0.604588 0.029908
vt 0.152661 0.495928
vt 0.154893 0.469675
vt 0.152614 0.469664
vt 0.150114 0.495958
vt 0.150067 0.46967
vt 0.58834 0.966867
vt 0.590884 0.99319
vt 0.591137 0.966875
vt 0.604588 0.038007
vt 0.604588 0.035339
vt 0.627569 0.038007
vt 0.627569 0.035339
vt 0.604588 0.032647
vt 0.627569 0.032647
vt 0.627569 0.029908
vt 0.562228 0.993226
vt 0.562228 0.996032
vt 0.406883 0.993156
vt 0.406886 0.995961
vt 0.599839 0.038007
vt 0.602446 0.038007
vt 0.599839 0.198768
vt 0.602446 0.198768
vt 0.604588 0.198768
vt 0.567403 0.993219
vt 0.567601 0.967567
vt 0.570301 0.967116
vt 0.564816 0.993223
vt 0.564902 0.968019
vt 0.5622 0.968472
vt 0.604588 0.206739
vt 0.604588 0.204128
vt 0.627569 0.206739
vt 0.627569 0.204128
vt 0.604588 0.201467
vt 0.627569 0.201467
vt 0.627569 0.198768
vt 0.399113 0.993157
vt 0.399124 0.995967
vt 0.37134 0.993137
vt 0.371325 0.995947
vt 0.599839 0.206739
vt 0.602446 0.206739
vt 0.599839 0.234475
vt 0.602446 0.234475
vt 0.604588 0.234475
vt 0.404293 0.993157
vt 0.406772 0.968161
vt 0.404125 0.967777
vt 0.401703 0.993157
vt 0.401479 0.967393
vt 0.398834 0.967012
vt 0.604588 0.241989
vt 0.604588 0.239541
vt 0.627569 0.241989
vt 0.627569 0.239541
vt 0.604588 0.23704
vt 0.627569 0.23704
vt 0.627569 0.234475
vt 0.363583 0.993114
vt 0.363585 0.995914
vt 0.216438 0.993154
vt 0.216444 0.995955
vt 0.599839 0.241989
vt 0.602446 0.241989
vt 0.599839 0.383293
vt 0.602446 0.383293
vt 0.604588 0.383293
vt 0.368752 0.99313
vt 0.368948 0.967457
vt 0.371651 0.966995
vt 0.366166 0.993122
vt 0.366246 0.96792
vt 0.363542 0.968384
vt 0.604588 0.390766
vt 0.604588 0.388254
vt 0.627569 0.390766
vt 0.627569 0.388254
vt 0.604588 0.385763
vt 0.627569 0.385763
vt 0.627569 0.383293
vt 0.208671 0.993157
vt 0.208677 0.995965
vt 0.183881 0.993103
vt 0.183849 0.995923
vt 0.599839 0.390766
vt 0.602446 0.390766
vt 0.599839 0.414754
vt 0.602446 0.414754
vt 0.604588 0.414754
vt 0.21385 0.993156
vt 0.216316 0.9682
vt 0.213677 0.967815
vt 0.21126 0.993157
vt 0.211039 0.967431
vt 0.208399 0.967047
vt 0.176293 0.993086
vt 0.176347 0.995939
vt 0.153594 0.993167
vt 0.153567 0.996008
vt 0.604588 0.419979
vt 0.604588 0.417341
vt 0.627569 0.419979
vt 0.627569 0.417341
vt 0.627569 0.414754
vt 0.181094 0.993091
vt 0.183886 0.966725
vt 0.18108 0.966712
vt 0.178554 0.993083
vt 0.178519 0.966712
vt 0.176228 0.966725
vt 0.154886 0.467097
vt 0.177567 0.469678
vt 0.17757 0.467104
vt 0.154878 0.464518
vt 0.177574 0.464529
vt 0.154871 0.461937
vt 0.177577 0.461954
vt 0.588382 0.959057
vt 0.588373 0.961662
vt 0.571443 0.959185
vt 0.571062 0.961831
vt 0.588358 0.964266
vt 0.570681 0.964474
vt 0.152585 0.461928
vt 0.154997 0.274887
vt 0.152711 0.274883
vt 0.15003 0.461927
vt 0.150156 0.274881
vt 0.591194 0.959048
vt 0.591087 0.771149
vt 0.588276 0.771153
vt 0.028827 0.192193
vt 0.028827 0.194888
vt 0.005859 0.192193
vt 0.005859 0.194888
vt 0.028827 0.197256
vt 0.005859 0.197256
vt 0.028827 0.199938
vt 0.005859 0.199938
vt 0.568702 0.958707
vt 0.571573 0.771202
vt 0.568723 0.771646
vt 0.566221 0.958141
vt 0.566176 0.772152
vt 0.031115 0.192193
vt 0.031115 0.007513
vt 0.028827 0.007513
vt 0.031115 0.199938
vt 0.028827 0.352199
vt 0.031115 0.352199
vt 0.561257 0.963087
vt 0.56176 0.965629
vt 0.407822 0.962952
vt 0.407255 0.965426
vt 0.028827 0.354885
vt 0.005859 0.352199
vt 0.005859 0.354885
vt 0.028827 0.35725
vt 0.005859 0.35725
vt 0.028827 0.35992
vt 0.005859 0.35992
vt 0.397926 0.961606
vt 0.372414 0.961692
vt 0.397472 0.958901
vt 0.372798 0.959037
vt 0.39838 0.964309
vt 0.372031 0.964344
vt 0.031115 0.35992
vt 0.028827 0.543597
vt 0.031115 0.543597
vt 0.402865 0.957957
vt 0.40032 0.958458
vt 0.403182 0.772181
vt 0.400705 0.771612
vt 0.397967 0.771128
vt 0.101095 0.193486
vt 0.101095 0.196202
vt 0.078107 0.193486
vt 0.078107 0.196202
vt 0.101095 0.198574
vt 0.078107 0.198574
vt 0.101095 0.201249
vt 0.078107 0.201249
vt 0.37006 0.958553
vt 0.37331 0.771263
vt 0.370462 0.771706
vt 0.367582 0.957983
vt 0.367917 0.772206
vt 0.103372 0.193486
vt 0.103372 0.007521
vt 0.101095 0.007521
vt 0.103372 0.201249
vt 0.101095 0.345413
vt 0.103372 0.345413
vt 0.362595 0.963009
vt 0.3631 0.965545
vt 0.217361 0.963001
vt 0.216797 0.96547
vt 0.101095 0.348094
vt 0.078107 0.345413
vt 0.078107 0.348094
vt 0.101095 0.350455
vt 0.078107 0.350455
vt 0.101095 0.353123
vt 0.078107 0.353123
vt 0.207501 0.961644
vt 0.183884 0.961552
vt 0.207049 0.958939
vt 0.183885 0.958965
vt 0.20795 0.964346
vt 0.183885 0.964138
vt 0.103372 0.353123
vt 0.101095 0.536576
vt 0.103372 0.536575
vt 0.212444 0.957995
vt 0.209898 0.958498
vt 0.212574 0.772119
vt 0.210095 0.771553
vt 0.207356 0.771071
vt 0.176218 0.958965
vt 0.176221 0.961552
vt 0.153413 0.958968
vt 0.153421 0.961572
vt 0.176224 0.964139
vt 0.153432 0.964174
vt 0.153444 0.966774
vt 0.181076 0.958967
vt 0.183976 0.771191
vt 0.18117 0.771194
vt 0.178512 0.958966
vt 0.178608 0.771193
vt 0.176315 0.771185
vt 0.154999 0.272311
vt 0.177715 0.274895
vt 0.177716 0.272315
vt 0.155001 0.269736
vt 0.177716 0.269737
vt 0.155001 0.267163
vt 0.177717 0.267159
vt 0.588255 0.765967
vt 0.570666 0.7658
vt 0.588243 0.763377
vt 0.570213 0.763103
vt 0.588266 0.768559
vt 0.571119 0.768498
vt 0.152721 0.267182
vt 0.15491 0.238789
vt 0.152627 0.238784
vt 0.150173 0.267187
vt 0.150077 0.238797
vt 0.591044 0.763385
vt 0.590954 0.73491
vt 0.588157 0.734938
vt 0.028827 0.703286
vt 0.028827 0.706024
vt 0.005859 0.703286
vt 0.005859 0.706024
vt 0.028827 0.708513
vt 0.005859 0.708513
vt 0.028827 0.004663
vt 0.005859 0.004664
vt 0.005859 0.007513
vt 0.56229 0.761967
vt 0.561811 0.764697
vt 0.407176 0.761794
vt 0.407624 0.764632
vt 0.561248 0.767167
vt 0.408128 0.767167
vt 0.031115 0.703286
vt 0.031115 0.551309
vt 0.028827 0.551309
vt 0.567572 0.762725
vt 0.567516 0.735701
vt 0.570209 0.735249
vt 0.564932 0.762346
vt 0.56482 0.736153
vt 0.562121 0.736605
vt 0.028827 0.546269
vt 0.005859 0.543597
vt 0.005859 0.546269
vt 0.028827 0.548632
vt 0.005859 0.548631
vt 0.005859 0.55131
vt 0.398718 0.765828
vt 0.372414 0.765862
vt 0.399092 0.763181
vt 0.371966 0.763164
vt 0.398344 0.768476
vt 0.372861 0.768561
vt 0.404481 0.762257
vt 0.406988 0.736427
vt 0.404338 0.736051
vt 0.401787 0.76272
vt 0.401692 0.735678
vt 0.399049 0.735304
vt 0.101095 0.687971
vt 0.101095 0.690702
vt 0.078107 0.687971
vt 0.078107 0.690702
vt 0.101095 0.693185
vt 0.078107 0.693185
vt 0.101095 0.004653
vt 0.078107 0.004653
vt 0.078107 0.007521
vt 0.364047 0.762019
vt 0.363566 0.764754
vt 0.216523 0.761771
vt 0.21697 0.764615
vt 0.362999 0.767229
vt 0.217474 0.767155
vt 0.103372 0.687971
vt 0.103372 0.544273
vt 0.101095 0.544273
vt 0.369327 0.762783
vt 0.369325 0.735717
vt 0.372029 0.735272
vt 0.366688 0.762401
vt 0.366617 0.736161
vt 0.363906 0.736608
vt 0.101095 0.539245
vt 0.078107 0.536576
vt 0.078107 0.539245
vt 0.101095 0.541603
vt 0.078107 0.541603
vt 0.078107 0.544273
vt 0.208454 0.76314
vt 0.208089 0.765781
vt 0.183984 0.763439
vt 0.183981 0.766022
vt 0.207723 0.768424
vt 0.183978 0.768606
vt 0.213833 0.762227
vt 0.216334 0.736368
vt 0.213679 0.736004
vt 0.211144 0.762684
vt 0.21103 0.735642
vt 0.208384 0.735281
vt 0.176334 0.763432
vt 0.176328 0.766015
vt 0.153587 0.763372
vt 0.153566 0.765966
vt 0.176322 0.768599
vt 0.153545 0.768562
vt 0.153526 0.771159
vt 0.181182 0.763449
vt 0.184015 0.735026
vt 0.181229 0.735013
vt 0.178623 0.763446
vt 0.178684 0.735012
vt 0.176408 0.735023
vt 0.154887 0.2362
vt 0.177716 0.238764
vt 0.177714 0.236178
vt 0.154861 0.233607
vt 0.177713 0.233592
vt 0.154836 0.23101
vt 0.177712 0.231004
vt 0.588106 0.72724
vt 0.588123 0.729802
vt 0.571375 0.727366
vt 0.570985 0.729993
vt 0.58814 0.732367
vt 0.570596 0.73262
vt 0.152531 0.231003
vt 0.154824 0.043208
vt 0.152518 0.043206
vt 0.149955 0.231004
vt 0.149941 0.043206
vt 0.59088 0.727233
vt 0.590897 0.542627
vt 0.588123 0.542628
vt 0.041977 0.486528
vt 0.041977 0.483415
vt 0.065294 0.486528
vt 0.065294 0.483415
vt 0.041977 0.480764
vt 0.065294 0.480764
vt 0.041977 0.477988
vt 0.065294 0.477988
vt 0.568669 0.726891
vt 0.571626 0.542665
vt 0.568812 0.543103
vt 0.56622 0.726331
vt 0.566299 0.543601
vt 0.039712 0.486528
vt 0.039712 0.695849
vt 0.041977 0.695849
vt 0.039712 0.477988
vt 0.041977 0.319375
vt 0.039712 0.319375
vt 0.561171 0.731229
vt 0.561675 0.733766
vt 0.408029 0.731226
vt 0.407465 0.733696
vt 0.041977 0.316526
vt 0.065294 0.319375
vt 0.065294 0.316526
vt 0.041977 0.314181
vt 0.065294 0.314181
vt 0.041977 0.311761
vt 0.065294 0.311761
vt 0.398106 0.729933
vt 0.372831 0.730011
vt 0.397632 0.727249
vt 0.373236 0.727383
vt 0.398578 0.732617
vt 0.372428 0.73264
vt 0.039712 0.311761
vt 0.041977 0.144192
vt 0.039712 0.144192
vt 0.402957 0.726313
vt 0.400445 0.726809
vt 0.403225 0.543717
vt 0.400779 0.543155
vt 0.398075 0.542677
vt 0.137209 0.191137
vt 0.137209 0.193839
vt 0.114269 0.191137
vt 0.114269 0.193839
vt 0.137209 0.196256
vt 0.114269 0.196256
vt 0.137209 0.198936
vt 0.114269 0.198936
vt 0.370532 0.726904
vt 0.373685 0.54282
vt 0.370873 0.54326
vt 0.368086 0.726341
vt 0.368361 0.543756
vt 0.139534 0.191137
vt 0.139534 0.006825
vt 0.137209 0.006825
vt 0.139534 0.198936
vt 0.137209 0.34321
vt 0.139534 0.34321
vt 0.362955 0.731218
vt 0.36346 0.733761
vt 0.217379 0.731154
vt 0.216813 0.733631
vt 0.137209 0.345893
vt 0.114269 0.34321
vt 0.114269 0.345893
vt 0.137209 0.348298
vt 0.114269 0.348298
vt 0.137209 0.350971
vt 0.114269 0.350971
vt 0.207424 0.729925
vt 0.184013 0.729877
vt 0.206942 0.727251
vt 0.184013 0.727304
vt 0.207906 0.732601
vt 0.184014 0.732451
vt 0.139534 0.350971
vt 0.137209 0.533751
vt 0.139534 0.533751
vt 0.212271 0.726312
vt 0.209757 0.726812
vt 0.212315 0.543492
vt 0.209866 0.542932
vt 0.20716 0.542455
vt 0.176424 0.727305
vt 0.176419 0.729877
vt 0.153861 0.72729
vt 0.153839 0.729849
vt 0.176414 0.73245
vt 0.153815 0.73241
vt 0.153791 0.734974
vt 0.181233 0.727306
vt 0.184012 0.542571
vt 0.181234 0.542576
vt 0.178694 0.727307
vt 0.178697 0.542576
vt 0.176428 0.54257
vt 0.154842 0.040591
vt 0.177721 0.043231
vt 0.177729 0.040638
vt 0.154863 0.037976
vt 0.177738 0.038047
vt 0.154885 0.035366
vt 0.17775 0.035457
vt 0.588142 0.537498
vt 0.5707 0.537312
vt 0.58815 0.534929
vt 0.570237 0.534634
vt 0.588133 0.540064
vt 0.571163 0.539988
vt 0.152585 0.03536
vt 0.155088 0.008906
vt 0.152811 0.00888
vt 0.150016 0.035334
vt 0.150243 0.008833
vt 0.590941 0.534949
vt 0.590962 0.508626
vt 0.58817 0.508634
vt 0.041977 0.009115
vt 0.041977 0.006805
vt 0.065294 0.009115
vt 0.065294 0.006805
vt 0.041977 0.004728
vt 0.065294 0.004728
vt 0.041977 0.69912
vt 0.065294 0.69912
vt 0.065294 0.695849
vt 0.562337 0.53352
vt 0.56186 0.536248
vt 0.407355 0.53343
vt 0.407797 0.536266
vt 0.561298 0.538717
vt 0.408303 0.5388
vt 0.039712 0.009115
vt 0.039712 0.137351
vt 0.041977 0.137351
vt 0.567607 0.534263
vt 0.569923 0.508612
vt 0.567345 0.50861
vt 0.564974 0.533892
vt 0.564767 0.508609
vt 0.562188 0.508607
vt 0.041977 0.141701
vt 0.065294 0.144192
vt 0.065294 0.141701
vt 0.041977 0.139588
vt 0.065294 0.139588
vt 0.065294 0.137351
vt 0.398868 0.537418
vt 0.372744 0.537466
vt 0.399259 0.534786
vt 0.372276 0.534783
vt 0.398473 0.540047
vt 0.373214 0.540143
vt 0.404654 0.533884
vt 0.404736 0.508742
vt 0.407309 0.508742
vt 0.401955 0.534336
vt 0.402163 0.508741
vt 0.399588 0.508739
vt 0.137209 0.685053
vt 0.137209 0.687782
vt 0.114269 0.685053
vt 0.114269 0.687782
vt 0.137209 0.690261
vt 0.114269 0.690261
vt 0.137209 0.003968
vt 0.114269 0.003968
vt 0.114269 0.006825
vt 0.364335 0.533683
vt 0.36385 0.536425
vt 0.216438 0.53328
vt 0.216876 0.536132
vt 0.36328 0.538906
vt 0.217378 0.53868
vt 0.139534 0.685053
vt 0.139534 0.541496
vt 0.137209 0.541496
vt 0.369633 0.534418
vt 0.371983 0.508692
vt 0.369401 0.508678
vt 0.366987 0.534051
vt 0.366817 0.508664
vt 0.364229 0.508648
vt 0.137209 0.536426
vt 0.114269 0.533751
vt 0.114269 0.536426
vt 0.137209 0.538827
vt 0.114269 0.538827
vt 0.114269 0.541496
vt 0.208344 0.534595
vt 0.207952 0.537218
vt 0.184014 0.534868
vt 0.184013 0.537437
vt 0.207557 0.539837
vt 0.184012 0.540005
vt 0.213735 0.533719
vt 0.213833 0.508494
vt 0.216425 0.508482
vt 0.211038 0.534157
vt 0.211244 0.508507
vt 0.208658 0.508519
vt 0.176422 0.53487
vt 0.176424 0.537437
vt 0.153839 0.534876
vt 0.15385 0.537444
vt 0.176426 0.540004
vt 0.153862 0.54001
vt 0.153874 0.542574
vt 0.181233 0.534881
vt 0.183974 0.508608
vt 0.181199 0.508624
vt 0.178693 0.534882
vt 0.178669 0.508636
vt 0.176416 0.508638
vt 0.155067 0.006048
vt 0.177911 0.009067
vt 0.177978 0.006197
vt 0.650645 0.426319
vt 0.650645 0.423754
vt 0.673113 0.426319
vt 0.673113 0.423754
vt 0.650645 0.42122
vt 0.673113 0.42122
vt 0.648507 0.42122
vt 0.650645 0.403672
vt 0.648507 0.403672
vt 0.645947 0.42122
vt 0.645947 0.403672
vt 0.588188 0.505841
vt 0.569914 0.505817
vt 0.650645 0.401181
vt 0.673113 0.403672
vt 0.673113 0.401181
vt 0.650645 0.398673
vt 0.673113 0.398673
vt 0.650645 0.396148
vt 0.673113 0.396148
vt 0.648507 0.396148
vt 0.650645 0.245638
vt 0.648507 0.245638
vt 0.645947 0.396148
vt 0.645947 0.245638
vt 0.56218 0.50581
vt 0.407305 0.505945
vt 0.650645 0.243173
vt 0.673113 0.245638
vt 0.673113 0.243173
vt 0.650645 0.240662
vt 0.673113 0.240662
vt 0.650645 0.238099
vt 0.673113 0.238099
vt 0.648507 0.238099
vt 0.650645 0.210227
vt 0.648507 0.210227
vt 0.645947 0.238099
vt 0.645947 0.210227
vt 0.399604 0.505946
vt 0.371978 0.505898
vt 0.650645 0.207599
vt 0.673113 0.210227
vt 0.673113 0.207599
vt 0.650645 0.20488
vt 0.673113 0.20488
vt 0.650645 0.202098
vt 0.673113 0.202098
vt 0.648507 0.202098
vt 0.650645 0.0455
vt 0.648507 0.0455
vt 0.645947 0.202098
vt 0.645947 0.0455
vt 0.364228 0.505836
vt 0.216426 0.505669
vt 0.650645 0.042746
vt 0.673113 0.0455
vt 0.673113 0.042746
vt 0.650645 0.039985
vt 0.673113 0.039985
vt 0.650645 0.037225
vt 0.673113 0.037225
vt 0.648507 0.037225
vt 0.650645 0.010892
vt 0.648507 0.010892
vt 0.645947 0.037225
vt 0.645947 0.010892
vt 0.208659 0.505723
vt 0.183939 0.505801
vt 0.650645 0.008055
vt 0.673113 0.010892
vt 0.673113 0.008055
vt 0.650645 0.005151
vt 0.673113 0.005151
vt 0.176462 0.505795
vt 0.153768 0.505801
vt 0.153808 0.508634
vt 0.180183 0.009089
vt 0.180047 0.035477
vt 0.182733 0.009105
vt 0.182614 0.03548
vt 0.185526 0.009123
vt 0.185426 0.035464
vt 0.18552 0.006305
vt 0.20378 0.009264
vt 0.203821 0.006472
vt 0.677792 0.42122
vt 0.675332 0.42122
vt 0.677792 0.403672
vt 0.675332 0.403672
vt 0.206336 0.009295
vt 0.20616 0.034661
vt 0.203478 0.035138
vt 0.208885 0.009324
vt 0.208833 0.034181
vt 0.211428 0.009351
vt 0.211502 0.033699
vt 0.211423 0.006599
vt 0.363868 0.009091
vt 0.363857 0.006338
vt 0.677792 0.396148
vt 0.675332 0.396148
vt 0.677792 0.245638
vt 0.675332 0.245638
vt 0.366418 0.009055
vt 0.364026 0.033675
vt 0.366635 0.034078
vt 0.368975 0.009019
vt 0.369248 0.034481
vt 0.371539 0.008985
vt 0.371868 0.034881
vt 0.371506 0.006188
vt 0.399204 0.008818
vt 0.399199 0.006017
vt 0.677792 0.238099
vt 0.675332 0.238099
vt 0.677792 0.210227
vt 0.675332 0.210227
vt 0.401789 0.008809
vt 0.401725 0.034376
vt 0.399039 0.03485
vt 0.404372 0.008802
vt 0.404407 0.033899
vt 0.406956 0.008797
vt 0.407089 0.033423
vt 0.406946 0.006007
vt 0.553512 0.008341
vt 0.553497 0.005552
vt 0.677792 0.202098
vt 0.675332 0.202098
vt 0.677792 0.0455
vt 0.675332 0.0455
vt 0.556091 0.008319
vt 0.553705 0.033215
vt 0.55634 0.033601
vt 0.558675 0.008298
vt 0.558977 0.033987
vt 0.56126 0.008277
vt 0.561618 0.034372
vt 0.561234 0.005466
vt 0.586106 0.00817
vt 0.586106 0.005359
vt 0.677792 0.037225
vt 0.675332 0.037225
vt 0.677792 0.010892
vt 0.675332 0.010892
vt 0.588916 0.008147
vt 0.586233 0.034634
vt 0.589045 0.03463
vt 0.148997 0.508601
vt 0.151547 0.508626
vt 0.149013 0.534894
vt 0.151561 0.53489
vt 0.185418 0.043234
vt 0.185419 0.040643
vt 0.202409 0.043102
vt 0.202769 0.04044
vt 0.185422 0.038053
vt 0.203123 0.037785
vt 0.180024 0.04324
vt 0.180013 0.231008
vt 0.182598 0.043241
vt 0.182585 0.231009
vt 0.185403 0.231009
vt 0.205162 0.043583
vt 0.202155 0.230994
vt 0.205016 0.230552
vt 0.207653 0.044151
vt 0.207575 0.230047
vt 0.067563 0.695849
vt 0.067563 0.486528
vt 0.067563 0.009115
vt 0.067563 0.137351
vt 0.212444 0.038983
vt 0.211943 0.036491
vt 0.363002 0.038789
vt 0.363555 0.03636
vt 0.372734 0.040295
vt 0.398335 0.040153
vt 0.373168 0.043014
vt 0.397982 0.042811
vt 0.372302 0.037584
vt 0.398686 0.0375
vt 0.067563 0.144192
vt 0.067563 0.311761
vt 0.367736 0.043979
vt 0.3703 0.043468
vt 0.368017 0.230358
vt 0.370516 0.230922
vt 0.373275 0.231399
vt 0.400742 0.043289
vt 0.398082 0.231184
vt 0.40095 0.230729
vt 0.40324 0.043854
vt 0.403512 0.230217
vt 0.111987 0.006825
vt 0.111987 0.191137
vt 0.111987 0.685053
vt 0.111987 0.541496
vt 0.408049 0.038771
vt 0.407539 0.036248
vt 0.552677 0.038397
vt 0.553233 0.035936
vt 0.56251 0.039789
vt 0.586273 0.039849
vt 0.562956 0.042505
vt 0.586293 0.042462
vt 0.562064 0.037078
vt 0.586253 0.037239
vt 0.111987 0.533751
vt 0.111987 0.350971
vt 0.557518 0.043458
vt 0.560085 0.04295
vt 0.557447 0.23004
vt 0.559948 0.230611
vt 0.56271 0.231095
vt 0.589126 0.04246
vt 0.586284 0.230963
vt 0.589117 0.230958
vt 0.149072 0.542573
vt 0.151607 0.542573
vt 0.14906 0.727283
vt 0.151594 0.727284
vt 0.185391 0.236187
vt 0.203 0.23644
vt 0.185385 0.238775
vt 0.203421 0.239149
vt 0.185397 0.233598
vt 0.202579 0.233722
vt 0.180011 0.23875
vt 0.180003 0.267174
vt 0.182576 0.238753
vt 0.182558 0.267173
vt 0.185357 0.267156
vt 0.211273 0.240374
vt 0.211752 0.237683
vt 0.364233 0.24081
vt 0.363793 0.23801
vt 0.212314 0.235249
vt 0.363299 0.23551
vt 0.067563 0.477988
vt 0.067563 0.319375
vt 0.206044 0.239555
vt 0.206027 0.266377
vt 0.203344 0.266842
vt 0.208661 0.239964
vt 0.208707 0.265909
vt 0.211386 0.265439
vt 0.372584 0.236716
vt 0.398955 0.236606
vt 0.372236 0.239364
vt 0.399392 0.23931
vt 0.37293 0.234061
vt 0.398519 0.233898
vt 0.366896 0.240328
vt 0.364386 0.265874
vt 0.367014 0.266273
vt 0.369563 0.239845
vt 0.369644 0.26667
vt 0.372275 0.267063
vt 0.407269 0.240481
vt 0.407744 0.237768
vt 0.553543 0.240524
vt 0.553094 0.237703
vt 0.408303 0.235314
vt 0.552589 0.235185
vt 0.111987 0.198936
vt 0.111987 0.34321
vt 0.402021 0.239699
vt 0.402056 0.266636
vt 0.399362 0.267096
vt 0.404646 0.240089
vt 0.40475 0.266174
vt 0.407444 0.265709
vt 0.561622 0.239089
vt 0.561984 0.23643
vt 0.586238 0.238773
vt 0.586252 0.236171
vt 0.562345 0.233765
vt 0.586268 0.233568
vt 0.556233 0.240044
vt 0.553738 0.265773
vt 0.556372 0.266166
vt 0.558925 0.239565
vt 0.559008 0.266558
vt 0.561645 0.266949
vt 0.589049 0.238768
vt 0.586163 0.267307
vt 0.588972 0.267328
vt 0.148962 0.734926
vt 0.151512 0.734946
vt 0.148746 0.763346
vt 0.151301 0.763367
vt 0.185355 0.274897
vt 0.185355 0.272317
vt 0.202223 0.274774
vt 0.202599 0.272125
vt 0.185356 0.269736
vt 0.202972 0.269481
vt 0.180001 0.274904
vt 0.179861 0.461959
vt 0.182556 0.274904
vt 0.182415 0.461962
vt 0.185212 0.461963
vt 0.204953 0.275254
vt 0.20184 0.461952
vt 0.204679 0.461514
vt 0.207423 0.27582
vt 0.207217 0.461014
vt 0.003575 0.007513
vt 0.003575 0.192193
vt 0.003575 0.703286
vt 0.003575 0.55131
vt 0.212318 0.270743
vt 0.211824 0.268241
vt 0.363347 0.271003
vt 0.363909 0.268567
vt 0.373178 0.272454
vt 0.398598 0.272376
vt 0.373631 0.275154
vt 0.398213 0.275019
vt 0.372726 0.269757
vt 0.398981 0.269736
vt 0.003575 0.543597
vt 0.003575 0.35992
vt 0.368258 0.276096
vt 0.370793 0.275596
vt 0.368016 0.461157
vt 0.370484 0.461723
vt 0.373212 0.462204
vt 0.40094 0.275501
vt 0.397769 0.462063
vt 0.400606 0.461622
vt 0.403408 0.276068
vt 0.403141 0.461122
vt 0.07585 0.007521
vt 0.075849 0.193486
vt 0.07585 0.687971
vt 0.075849 0.544273
vt 0.408395 0.271051
vt 0.407891 0.268531
vt 0.552703 0.270943
vt 0.553263 0.268488
vt 0.562543 0.272354
vt 0.586146 0.272482
vt 0.562993 0.275061
vt 0.586138 0.275068
vt 0.562094 0.26965
vt 0.586154 0.269895
vt 0.07585 0.536575
vt 0.075849 0.353123
vt 0.557603 0.275997
vt 0.560147 0.275498
vt 0.557226 0.46165
vt 0.559702 0.46222
vt 0.562437 0.462705
vt 0.588944 0.275071
vt 0.585803 0.462622
vt 0.588609 0.462622
vt 0.148665 0.771154
vt 0.151231 0.771156
vt 0.148551 0.95896
vt 0.151117 0.958961
vt 0.185198 0.467116
vt 0.202712 0.467355
vt 0.185191 0.469693
vt 0.203145 0.470049
vt 0.185205 0.464539
vt 0.202277 0.464657
vt 0.179848 0.469665
vt 0.17978 0.495952
vt 0.182398 0.46967
vt 0.182324 0.495962
vt 0.185116 0.495972
vt 0.210988 0.471238
vt 0.211465 0.468543
vt 0.364099 0.471496
vt 0.363663 0.468694
vt 0.212024 0.466106
vt 0.363166 0.466191
vt 0.003575 0.199938
vt 0.003575 0.352199
vt 0.205763 0.470444
vt 0.2034 0.495954
vt 0.20597 0.495937
vt 0.208377 0.47084
vt 0.208535 0.495918
vt 0.211097 0.495899
vt 0.372477 0.467471
vt 0.398653 0.467442
vt 0.37211 0.470101
vt 0.399094 0.470128
vt 0.372843 0.464839
vt 0.398212 0.464754
vt 0.366768 0.471029
vt 0.366689 0.495928
vt 0.364136 0.495914
vt 0.369437 0.470564
vt 0.369243 0.495943
vt 0.3718 0.495957
vt 0.406962 0.471291
vt 0.407449 0.46858
vt 0.55325 0.471982
vt 0.55282 0.46916
vt 0.408019 0.466128
vt 0.552328 0.466639
vt 0.07585 0.201249
vt 0.07585 0.345413
vt 0.401717 0.470514
vt 0.399299 0.496056
vt 0.401867 0.496066
vt 0.404339 0.470902
vt 0.404435 0.496075
vt 0.407003 0.496084
vt 0.561306 0.470619
vt 0.561682 0.467983
vt 0.585761 0.470381
vt 0.585775 0.467797
vt 0.562059 0.465346
vt 0.585789 0.46521
vt 0.555935 0.471527
vt 0.555783 0.496575
vt 0.553213 0.496558
vt 0.558619 0.471072
vt 0.558355 0.496593
vt 0.56093 0.496609
vt 0.588558 0.470382
vt 0.585643 0.49671
vt 0.588438 0.496732
vt 0.148586 0.966797
vt 0.15115 0.966778
vt 0.148768 0.993235
vt 0.151327 0.99319
vt 0.629708 0.010574
vt 0.629708 0.029908
vt 0.632153 0.010574
vt 0.632153 0.029908
vt 0.185084 0.498794
vt 0.203422 0.498755
vt 0.629708 0.038007
vt 0.629708 0.198768
vt 0.632153 0.038007
vt 0.632153 0.198768
vt 0.211102 0.498663
vt 0.364137 0.498677
vt 0.629708 0.206739
vt 0.629708 0.234475
vt 0.632153 0.206739
vt 0.632153 0.234475
vt 0.371778 0.498738
vt 0.3993 0.498839
vt 0.629708 0.241989
vt 0.629708 0.383293
vt 0.632153 0.241989
vt 0.632153 0.383293
vt 0.406999 0.498866
vt 0.553205 0.49934
vt 0.629708 0.390766
vt 0.629708 0.414754
vt 0.632153 0.390766
vt 0.632153 0.414754
vt 0.560905 0.499406
vt 0.585643 0.499505
vt 0.152793 0.498385
vt 0.602446 0.004924
vt 0.602446 0.007759
vt 0.599839 0.007759
vt 0.590623 0.995547
vt 0.150155 0.498513
vt 0.602446 0.032647
vt 0.602446 0.035339
vt 0.599839 0.035339
vt 0.564818 0.996029
vt 0.567401 0.99602
vt 0.599839 0.032647
vt 0.602446 0.201467
vt 0.602446 0.204128
vt 0.599839 0.204128
vt 0.401715 0.995963
vt 0.4043 0.995962
vt 0.599839 0.201467
vt 0.602446 0.23704
vt 0.602446 0.239541
vt 0.599839 0.239541
vt 0.366152 0.995923
vt 0.368731 0.995938
vt 0.599839 0.23704
vt 0.602446 0.385763
vt 0.602446 0.388254
vt 0.599839 0.388254
vt 0.211269 0.995968
vt 0.21386 0.995965
vt 0.599839 0.385763
vt 0.602446 0.417341
vt 0.602446 0.419979
vt 0.178509 0.995579
vt 0.181292 0.995575
vt 0.599839 0.417341
vt 0.152593 0.46451
vt 0.152604 0.467091
vt 0.150052 0.467102
vt 0.591177 0.964275
vt 0.591197 0.96166
vt 0.150034 0.464517
vt 0.031115 0.197256
vt 0.031115 0.194888
vt 0.565767 0.961005
vt 0.567912 0.961731
vt 0.567593 0.964494
vt 0.564823 0.964802
vt 0.564136 0.962617
vt 0.031115 0.35725
vt 0.031115 0.354885
vt 0.404965 0.962482
vt 0.404232 0.964629
vt 0.40146 0.964303
vt 0.401153 0.961524
vt 0.403344 0.960838
vt 0.103372 0.198574
vt 0.103372 0.196202
vt 0.367099 0.960863
vt 0.369256 0.961592
vt 0.368936 0.964375
vt 0.36616 0.964698
vt 0.36546 0.96251
vt 0.103372 0.350455
vt 0.103372 0.348094
vt 0.214523 0.962532
vt 0.213787 0.964673
vt 0.211026 0.964345
vt 0.210725 0.961572
vt 0.212917 0.960889
vt 0.178515 0.964131
vt 0.178513 0.961549
vt 0.181078 0.961549
vt 0.181077 0.964131
vt 0.152721 0.269743
vt 0.152717 0.272312
vt 0.150168 0.272306
vt 0.591075 0.768555
vt 0.591061 0.765968
vt 0.150177 0.269741
vt 0.031115 0.004664
vt 0.031115 0.708513
vt 0.031115 0.706024
vt 0.5641 0.76763
vt 0.564828 0.765487
vt 0.567593 0.765808
vt 0.567899 0.768577
vt 0.565713 0.769261
vt 0.031115 0.548632
vt 0.031115 0.546269
vt 0.403655 0.769301
vt 0.401497 0.768576
vt 0.401807 0.765797
vt 0.40458 0.765475
vt 0.405282 0.767655
vt 0.103372 0.004653
vt 0.103372 0.693185
vt 0.103372 0.690702
vt 0.365846 0.767689
vt 0.366578 0.765546
vt 0.369342 0.765869
vt 0.369642 0.768643
vt 0.367456 0.769327
vt 0.103372 0.541603
vt 0.103372 0.539246
vt 0.213016 0.769235
vt 0.210867 0.768517
vt 0.211168 0.765753
vt 0.213929 0.765439
vt 0.214623 0.767612
vt 0.178613 0.768609
vt 0.178617 0.766027
vt 0.181177 0.766029
vt 0.181175 0.768611
vt 0.152562 0.23361
vt 0.152596 0.236205
vt 0.150038 0.236236
vt 0.590925 0.732331
vt 0.590895 0.729774
vt 0.149986 0.233637
vt 0.039712 0.480764
vt 0.039712 0.483415
vt 0.56573 0.729144
vt 0.567859 0.729885
vt 0.567519 0.732637
vt 0.564744 0.732937
vt 0.564066 0.730747
vt 0.039712 0.314181
vt 0.039712 0.316526
vt 0.405145 0.730739
vt 0.404427 0.732901
vt 0.401648 0.732595
vt 0.401308 0.729829
vt 0.403476 0.729117
vt 0.139534 0.196256
vt 0.139534 0.193839
vt 0.367569 0.729125
vt 0.369698 0.729883
vt 0.369341 0.732644
vt 0.366549 0.732934
vt 0.365875 0.730728
vt 0.139534 0.348298
vt 0.139534 0.345893
vt 0.214463 0.730683
vt 0.213758 0.732851
vt 0.210975 0.732565
vt 0.210624 0.729815
vt 0.212784 0.729094
vt 0.178688 0.732443
vt 0.178693 0.729874
vt 0.181233 0.729875
vt 0.18123 0.732444
vt 0.152554 0.037961
vt 0.152529 0.040582
vt 0.149931 0.040564
vt 0.590908 0.540077
vt 0.590924 0.53752
vt 0.149968 0.037929
vt 0.039712 0.69912
vt 0.039712 0.004728
vt 0.039712 0.006805
vt 0.564177 0.539174
vt 0.564887 0.537027
vt 0.567644 0.537331
vt 0.567972 0.540078
vt 0.565812 0.540774
vt 0.039712 0.139588
vt 0.039712 0.141701
vt 0.403733 0.54091
vt 0.401603 0.540164
vt 0.401948 0.537404
vt 0.404723 0.537102
vt 0.405404 0.539297
vt 0.139534 0.003968
vt 0.139534 0.690261
vt 0.139534 0.687782
vt 0.366195 0.539365
vt 0.366902 0.537202
vt 0.369677 0.537496
vt 0.370017 0.54025
vt 0.367858 0.540961
vt 0.139534 0.538827
vt 0.139534 0.536426
vt 0.212794 0.540707
vt 0.210678 0.539959
vt 0.211026 0.537218
vt 0.213795 0.536939
vt 0.214458 0.539134
vt 0.178697 0.540013
vt 0.178694 0.537447
vt 0.181233 0.537447
vt 0.181235 0.540012
vt 0.648507 0.423754
vt 0.648507 0.426319
vt 0.152956 0.006407
vt 0.150305 0.006262
vt 0.590617 0.506196
vt 0.645947 0.423754
vt 0.648507 0.398673
vt 0.648507 0.401181
vt 0.645947 0.401181
vt 0.567337 0.505816
vt 0.56476 0.505811
vt 0.645947 0.398673
vt 0.648507 0.240662
vt 0.648507 0.243173
vt 0.645947 0.243173
vt 0.404741 0.50595
vt 0.402175 0.505949
vt 0.645947 0.240662
vt 0.648507 0.20488
vt 0.648507 0.207599
vt 0.645947 0.207599
vt 0.369408 0.505882
vt 0.366826 0.505856
vt 0.645947 0.20488
vt 0.648507 0.039985
vt 0.648507 0.042746
vt 0.645947 0.042746
vt 0.213824 0.505682
vt 0.211236 0.505704
vt 0.645947 0.039985
vt 0.17862 0.506148
vt 0.648507 0.005151
vt 0.648507 0.008055
vt 0.645947 0.008055
vt 0.181394 0.506149
vt 0.182961 0.006616
vt 0.180161 0.006576
vt 0.675332 0.426319
vt 0.675332 0.423754
vt 0.677792 0.423754
vt 0.208917 0.006577
vt 0.206387 0.00653
vt 0.677792 0.401181
vt 0.675332 0.401181
vt 0.675332 0.398673
vt 0.677792 0.398673
vt 0.368923 0.006237
vt 0.366371 0.006293
vt 0.677792 0.243173
vt 0.675332 0.243173
vt 0.675332 0.240662
vt 0.677792 0.240662
vt 0.404372 0.006003
vt 0.401788 0.006006
vt 0.677792 0.207599
vt 0.675332 0.207599
vt 0.675332 0.20488
vt 0.677792 0.20488
vt 0.558641 0.005494
vt 0.556061 0.005525
vt 0.677792 0.042746
vt 0.675332 0.042746
vt 0.675332 0.039985
vt 0.677792 0.039985
vt 0.151674 0.506161
vt 0.149029 0.506036
vt 0.588554 0.005702
vt 0.677792 0.008055
vt 0.675332 0.008055
vt 0.675332 0.005151
vt 0.180029 0.040654
vt 0.180035 0.038063
vt 0.182605 0.038065
vt 0.182601 0.040654
vt 0.067563 0.006805
vt 0.067563 0.004728
vt 0.067563 0.69912
vt 0.208117 0.041211
vt 0.205936 0.040511
vt 0.206209 0.037727
vt 0.208959 0.037368
vt 0.209696 0.039518
vt 0.067563 0.141701
vt 0.067563 0.139588
vt 0.365736 0.03929
vt 0.366501 0.037187
vt 0.369236 0.037557
vt 0.369499 0.040347
vt 0.367284 0.040997
vt 0.111987 0.687782
vt 0.111987 0.690261
vt 0.111987 0.003968
vt 0.403666 0.040923
vt 0.401497 0.040228
vt 0.401772 0.037446
vt 0.404523 0.0371
vt 0.405243 0.039259
vt 0.111987 0.536426
vt 0.111987 0.538827
vt 0.555491 0.038872
vt 0.55623 0.036738
vt 0.558986 0.037075
vt 0.559276 0.039855
vt 0.557076 0.040526
vt 0.151574 0.537458
vt 0.15159 0.540021
vt 0.149052 0.540035
vt 0.589106 0.039834
vt 0.589074 0.037223
vt 0.149027 0.53747
vt 0.18001 0.236171
vt 0.180013 0.23359
vt 0.182584 0.233593
vt 0.182579 0.236174
vt 0.067563 0.483415
vt 0.067563 0.480764
vt 0.209582 0.234741
vt 0.208809 0.236849
vt 0.206068 0.236474
vt 0.205814 0.233682
vt 0.208034 0.233032
vt 0.067563 0.316526
vt 0.067563 0.314181
vt 0.367595 0.233319
vt 0.369771 0.234001
vt 0.36951 0.236784
vt 0.366772 0.237148
vt 0.366042 0.23501
vt 0.111987 0.193839
vt 0.111987 0.196256
vt 0.405523 0.234842
vt 0.404772 0.236962
vt 0.402024 0.236615
vt 0.401751 0.233829
vt 0.403957 0.233165
vt 0.111987 0.345893
vt 0.111987 0.348298
vt 0.556992 0.232987
vt 0.559173 0.233691
vt 0.558887 0.236484
vt 0.556118 0.236837
vt 0.555393 0.234671
vt 0.151573 0.729828
vt 0.151544 0.732384
vt 0.149008 0.732355
vt 0.589071 0.236175
vt 0.589095 0.233572
vt 0.149048 0.729808
vt 0.180002 0.272327
vt 0.180001 0.26975
vt 0.182556 0.269749
vt 0.182558 0.272327
vt 0.003575 0.706024
vt 0.003575 0.708513
vt 0.003575 0.004663
vt 0.207907 0.272927
vt 0.205747 0.27221
vt 0.20605 0.269439
vt 0.20881 0.269101
vt 0.209522 0.271263
vt 0.003575 0.546268
vt 0.003575 0.548631
vt 0.366142 0.271527
vt 0.366893 0.269397
vt 0.369656 0.269747
vt 0.369957 0.272528
vt 0.36776 0.273207
vt 0.075849 0.690702
vt 0.07585 0.693185
vt 0.075849 0.004653
vt 0.4039 0.273215
vt 0.401748 0.272482
vt 0.40207 0.269708
vt 0.404845 0.269386
vt 0.405548 0.271568
vt 0.07585 0.539245
vt 0.075849 0.541603
vt 0.555518 0.271437
vt 0.556259 0.269302
vt 0.559022 0.269643
vt 0.55932 0.272422
vt 0.557126 0.2731
vt 0.151273 0.765957
vt 0.151249 0.768556
vt 0.148675 0.768541
vt 0.588946 0.272495
vt 0.588958 0.269917
vt 0.148706 0.765932
vt 0.179852 0.467095
vt 0.179859 0.464525
vt 0.182412 0.46453
vt 0.182403 0.467099
vt 0.003575 0.194888
vt 0.003575 0.197256
vt 0.209257 0.465609
vt 0.208505 0.467724
vt 0.205768 0.467372
vt 0.205491 0.464601
vt 0.207685 0.463938
vt 0.003575 0.354885
vt 0.003575 0.35725
vt 0.367557 0.464044
vt 0.369706 0.464751
vt 0.369411 0.467512
vt 0.366669 0.467846
vt 0.365963 0.465694
vt 0.07585 0.196202
vt 0.07585 0.198574
vt 0.405191 0.465648
vt 0.404455 0.467777
vt 0.40171 0.467444
vt 0.401417 0.464679
vt 0.403596 0.464006
vt 0.075849 0.348094
vt 0.075849 0.350455
vt 0.55677 0.464532
vt 0.558916 0.465249
vt 0.558606 0.46801
vt 0.555853 0.468329
vt 0.555161 0.466163
vt 0.151119 0.961569
vt 0.151131 0.964179
vt 0.148552 0.964198
vt 0.588576 0.467802
vt 0.588595 0.465216
vt 0.148535 0.961574
vt 0.629708 0.007759
vt 0.629708 0.004924
vt 0.179697 0.498434
vt 0.182511 0.498453
vt 0.632153 0.007759
vt 0.629708 0.035339
vt 0.629708 0.032647
vt 0.632153 0.032647
vt 0.206004 0.498722
vt 0.208562 0.49869
vt 0.632153 0.035339
vt 0.629708 0.204128
vt 0.629708 0.201467
vt 0.632153 0.201467
vt 0.366671 0.498693
vt 0.369217 0.498714
vt 0.632153 0.204128
vt 0.629708 0.239541
vt 0.629708 0.23704
vt 0.632153 0.23704
vt 0.401866 0.498851
vt 0.404435 0.498861
vt 0.632153 0.239541
vt 0.629708 0.388254
vt 0.629708 0.385763
vt 0.632153 0.385763
vt 0.555761 0.49936
vt 0.558326 0.499383
vt 0.632153 0.388254
vt 0.151478 0.995652
vt 0.629708 0.419979
vt 0.629708 0.417341
vt 0.632153 0.417341
vt 0.588077 0.499162
vt 0.148841 0.995804
usemtl Frame1SG
f 1/1/1 2/2/2 3/3/3
f 3/3/3 2/2/2 4/4/4
f 2/2/2 5/5/5 4/4/4
f 4/4/4 5/5/5 6/6/6
f 5/7/5 7/8/7 6/9/6
f 6/9/6 7/8/7 8/10/8
f 9/11/9 10/12/10 11/13/11
f 11/13/11 10/12/10 12/14/12
f 10/15/10 13/16/13 12/17/12
f 12/17/12 13/16/13 14/18/14
f 13/16/13 1/1/1 14/18/14
f 14/18/14 1/1/1 15/19/15
f 7/8/7 16/20/16 17/21/17
f 17/21/17 16/20/16 18/22/18
f 16/20/16 19/23/19 18/22/18
f 18/22/18 19/23/19 20/24/20
f 9/11/9 21/25/21 19/26/19
f 19/26/19 21/25/21 20/27/20
f 22/28/22 23/29/23 24/30/24
f 24/30/24 23/29/23 25/31/25
f 23/29/23 26/32/26 25/31/25
f 25/31/25 26/32/26 27/33/27
f 26/32/26 15/19/15 27/33/27
f 27/33/27 15/19/15 28/34/28
f 29/35/29 30/36/30 31/37/31
f 31/37/31 30/36/30 32/38/32
f 30/39/30 33/40/33 32/41/32
f 32/41/32 33/40/33 34/42/34
f 33/40/33 22/28/22 34/42/34
f 34/42/34 22/28/22 35/43/35
f 36/44/36 37/45/37 11/13/11
f 11/13/11 37/45/37 38/46/38
f 39/47/39 40/48/40 36/44/36
f 36/44/36 40/48/40 37/45/37
f 29/35/29 41/49/41 39/47/39
f 39/47/39 41/49/41 40/48/40
f 42/50/42 43/51/43 44/52/44
f 44/52/44 43/51/43 45/53/45
f 43/51/43 46/54/46 45/53/45
f 45/53/45 46/54/46 47/55/47
f 46/54/46 35/43/35 47/55/47
f 47/55/47 35/43/35 48/56/48
f 49/57/49 50/58/50 51/59/51
f 51/59/51 50/58/50 52/60/52
f 50/61/50 53/62/53 52/63/52
f 52/63/52 53/62/53 54/64/54
f 53/62/53 42/50/42 54/64/54
f 54/64/54 42/50/42 55/65/55
f 31/37/31 56/66/56 57/67/57
f 57/67/57 56/66/56 58/68/58
f 56/66/56 59/69/59 58/68/58
f 58/68/58 59/69/59 60/70/60
f 59/69/59 49/57/49 60/70/60
f 60/70/60 49/57/49 61/71/61
f 62/72/22 63/73/23 64/74/24
f 64/74/24 63/73/23 65/75/25
f 63/73/23 66/76/62 65/75/25
f 65/75/25 66/76/62 67/77/27
f 66/76/62 55/65/55 67/77/27
f 67/77/27 55/65/55 68/78/44
f 69/79/63 70/80/30 71/81/64
f 71/81/64 70/80/30 72/82/32
f 70/83/30 73/84/33 72/85/32
f 72/85/32 73/84/33 74/86/65
f 73/84/33 62/72/22 74/86/65
f 74/86/65 62/72/22 75/87/35
f 76/88/36 77/89/66 51/59/51
f 51/59/51 77/89/66 78/90/67
f 79/91/39 80/92/68 76/88/36
f 76/88/36 80/92/68 77/89/66
f 69/79/63 81/93/69 79/91/39
f 79/91/39 81/93/69 80/92/68
f 82/94/70 83/95/43 84/96/71
f 84/96/71 83/95/43 85/97/72
f 83/95/43 86/98/46 85/97/72
f 85/97/72 86/98/46 87/99/47
f 86/98/46 75/87/35 87/99/47
f 87/99/47 75/87/35 88/100/48
f 89/101/73 90/102/74 91/103/75
f 91/103/75 90/102/74 92/104/76
f 90/105/74 93/106/77 92/107/76
f 92/107/76 93/106/77 94/108/78
f 93/106/77 82/94/70 94/108/78
f 94/108/78 82/94/70 95/109/79
f 71/81/64 96/110/56 97/111/80
f 97/111/80 96/110/56 98/112/81
f 96/110/56 99/113/59 98/112/81
f 98/112/81 99/113/59 100/114/82
f 99/113/59 89/101/73 100/114/82
f 100/114/82 89/101/73 101/115/83
f 102/116/84 103/117/85 104/118/86
f 104/118/86 103/117/85 105/119/87
f 103/120/85 106/121/88 105/122/87
f 105/122/87 106/121/88 107/123/89
f 106/121/88 95/109/79 107/123/89
f 107/123/89 95/109/79 108/124/90
f 91/103/75 109/125/91 110/126/92
f 110/126/92 109/125/91 111/127/93
f 109/125/91 112/128/94 111/127/93
f 111/127/93 112/128/94 113/129/95
f 112/128/94 102/116/84 113/129/95
f 113/129/95 102/116/84 114/130/96
f 17/21/17 115/131/97 116/132/98
f 116/132/98 115/131/97 117/133/99
f 115/131/97 118/134/100 117/133/99
f 117/133/99 118/134/100 119/135/101
f 118/134/100 120/136/102 119/135/101
f 119/135/101 120/136/102 121/137/103
f 122/138/104 123/139/105 124/140/106
f 124/140/106 123/139/105 125/141/107
f 123/139/105 126/142/108 125/141/107
f 125/141/107 126/142/108 127/143/109
f 126/142/108 21/25/21 127/143/109
f 127/143/109 21/25/21 38/46/38
f 120/136/102 128/144/110 129/145/111
f 129/145/111 128/144/110 130/146/112
f 128/144/110 131/147/113 130/146/112
f 130/146/112 131/147/113 132/148/114
f 131/149/113 122/138/104 132/150/114
f 132/150/114 122/138/104 133/151/115
f 134/152/116 135/153/117 136/154/118
f 136/154/118 135/153/117 137/155/119
f 135/153/117 138/156/120 137/155/119
f 137/155/119 138/156/120 139/157/121
f 138/156/120 140/158/122 139/157/121
f 139/157/121 140/158/122 141/159/123
f 124/140/106 142/160/124 143/161/125
f 143/161/125 142/160/124 144/162/126
f 142/160/124 145/163/127 144/162/126
f 144/162/126 145/163/127 146/164/128
f 145/165/127 134/152/116 146/166/128
f 146/166/128 134/152/116 147/167/129
f 140/158/122 148/168/130 149/169/131
f 149/169/131 148/168/130 150/170/132
f 148/171/130 151/172/133 150/173/132
f 150/173/132 151/172/133 152/174/134
f 151/172/133 41/49/41 152/174/134
f 152/174/134 41/49/41 57/67/57
f 149/169/131 153/175/135 154/176/136
f 154/176/136 153/175/135 155/177/137
f 153/175/135 156/178/138 155/177/137
f 155/177/137 156/178/138 157/179/139
f 156/178/138 158/180/140 157/179/139
f 157/179/139 158/180/140 159/181/141
f 160/182/142 161/183/143 162/184/144
f 162/184/144 161/183/143 163/185/145
f 164/186/146 165/187/147 160/182/142
f 160/182/142 165/187/147 161/183/143
f 61/71/61 78/90/67 164/186/146
f 164/186/146 78/90/67 165/187/147
f 158/180/140 166/188/148 167/189/149
f 167/189/149 166/188/148 168/190/150
f 166/191/148 169/192/151 168/193/150
f 168/193/150 169/192/151 170/194/152
f 169/192/151 162/184/144 170/194/152
f 170/194/152 162/184/144 171/195/153
f 172/196/154 173/197/155 174/198/156
f 174/198/156 173/197/155 175/199/157
f 173/197/155 176/200/158 175/199/157
f 175/199/157 176/200/158 177/201/159
f 176/200/158 178/202/160 177/201/159
f 177/201/159 178/202/160 179/203/161
f 163/185/145 180/204/162 181/205/163
f 181/205/163 180/204/162 182/206/164
f 180/204/162 183/207/165 182/206/164
f 182/206/164 183/207/165 184/208/166
f 183/209/165 172/196/154 184/210/166
f 184/210/166 172/196/154 185/211/167
f 178/202/160 186/212/168 187/213/169
f 187/213/169 186/212/168 188/214/170
f 186/215/168 189/216/171 188/217/170
f 188/217/170 189/216/171 190/218/172
f 189/216/171 81/93/69 190/218/172
f 190/218/172 81/93/69 97/111/80
f 187/213/169 191/219/173 192/220/174
f 192/220/174 191/219/173 193/221/175
f 191/219/173 194/222/176 193/221/175
f 193/221/175 194/222/176 195/223/177
f 194/222/176 196/224/178 195/223/177
f 195/223/177 196/224/178 197/225/179
f 198/226/180 199/227/181 200/228/182
f 200/228/182 199/227/181 201/229/183
f 202/230/184 203/231/185 198/226/180
f 198/226/180 203/231/185 199/227/181
f 101/115/83 110/126/92 202/230/184
f 202/230/184 110/126/92 203/231/185
f 196/224/178 204/232/186 205/233/187
f 205/233/187 204/232/186 206/234/188
f 204/235/186 207/236/189 206/237/188
f 206/237/188 207/236/189 208/238/190
f 207/236/189 200/228/182 208/238/190
f 208/238/190 200/228/182 209/239/191
f 210/240/192 211/241/193 212/242/194
f 212/242/194 211/241/193 213/243/195
f 211/241/193 214/244/196 213/243/195
f 213/243/195 214/244/196 215/245/197
f 214/244/196 114/130/96 215/245/197
f 215/245/197 114/130/96 216/246/198
f 201/229/183 217/247/199 218/248/200
f 218/248/200 217/247/199 219/249/201
f 217/247/199 220/250/202 219/249/201
f 219/249/201 220/250/202 221/251/203
f 220/250/202 210/240/192 221/251/203
f 221/251/203 210/240/192 222/252/204
f 129/145/111 223/253/205 224/254/206
f 224/254/206 223/253/205 225/255/207
f 223/253/205 226/256/208 225/255/207
f 225/255/207 226/256/208 227/257/209
f 226/256/208 228/258/210 227/257/209
f 227/257/209 228/258/210 229/259/211
f 230/260/212 231/261/213 232/262/214
f 232/262/214 231/261/213 233/263/215
f 234/264/216 235/265/217 230/260/212
f 230/260/212 235/265/217 231/261/213
f 133/151/115 143/161/125 234/264/216
f 234/264/216 143/161/125 235/265/217
f 228/258/210 236/266/218 237/267/219
f 237/267/219 236/266/218 238/268/220
f 236/266/218 239/269/221 238/268/220
f 238/268/220 239/269/221 240/270/222
f 239/271/221 232/262/214 240/272/222
f 240/272/222 232/262/214 241/273/223
f 242/274/224 243/275/225 244/276/226
f 244/276/226 243/275/225 245/277/227
f 243/275/225 246/278/228 245/277/227
f 245/277/227 246/278/228 247/279/229
f 246/280/228 147/167/129 247/281/229
f 247/281/229 147/167/129 248/282/230
f 249/283/231 250/284/232 251/285/233
f 251/285/233 250/284/232 252/286/234
f 250/284/232 253/287/235 252/286/234
f 252/286/234 253/287/235 254/288/236
f 253/289/235 242/274/224 254/290/236
f 254/290/236 242/274/224 255/291/237
f 256/292/238 257/293/239 233/263/215
f 233/263/215 257/293/239 258/294/240
f 259/295/241 260/296/242 256/292/238
f 256/292/238 260/296/242 257/293/239
f 259/295/241 249/283/231 260/296/242
f 260/296/242 249/283/231 261/297/243
f 167/189/149 262/298/244 263/299/245
f 263/299/245 262/298/244 264/300/246
f 262/298/244 265/301/247 264/300/246
f 264/300/246 265/301/247 266/302/248
f 265/301/247 255/291/237 266/302/248
f 266/302/248 255/291/237 267/303/249
f 268/304/250 269/305/251 270/306/252
f 270/306/252 269/305/251 271/307/253
f 272/308/254 273/309/255 268/304/250
f 268/304/250 273/309/255 269/305/251
f 171/195/153 181/205/163 272/308/254
f 272/308/254 181/205/163 273/309/255
f 251/285/233 274/310/256 275/311/257
f 275/311/257 274/310/256 276/312/258
f 277/313/259 278/314/260 274/310/256
f 274/310/256 278/314/260 276/312/258
f 270/306/252 279/315/261 277/313/259
f 277/313/259 279/315/261 278/314/260
f 280/316/262 281/317/263 282/318/264
f 282/318/264 281/317/263 283/319/265
f 281/317/263 284/320/266 283/319/265
f 283/319/265 284/320/266 285/321/267
f 284/322/266 185/211/167 285/323/267
f 285/323/267 185/211/167 286/324/268
f 287/325/269 288/326/270 289/327/271
f 289/327/271 288/326/270 290/328/272
f 288/326/270 291/329/273 290/328/272
f 290/328/272 291/329/273 292/330/274
f 291/331/273 280/316/262 292/332/274
f 292/332/274 280/316/262 293/333/275
f 294/334/276 295/335/277 271/307/253
f 271/307/253 295/335/277 296/336/278
f 297/337/279 298/338/280 294/334/276
f 294/334/276 298/338/280 295/335/277
f 297/337/279 287/325/269 298/338/280
f 298/338/280 287/325/269 299/339/281
f 205/233/187 300/340/282 301/341/283
f 301/341/283 300/340/282 302/342/284
f 300/340/282 303/343/285 302/342/284
f 302/342/284 303/343/285 304/344/286
f 303/343/285 293/333/275 304/344/286
f 304/344/286 293/333/275 305/345/287
f 306/346/288 307/347/289 308/348/290
f 308/348/290 307/347/289 309/349/291
f 307/347/289 310/350/292 309/349/291
f 309/349/291 310/350/292 311/351/293
f 310/350/292 209/239/191 311/351/293
f 311/351/293 209/239/191 218/248/200
f 289/327/271 312/352/294 313/353/295
f 313/353/295 312/352/294 314/354/258
f 315/355/296 316/356/297 312/352/294
f 312/352/294 316/356/297 314/354/258
f 306/346/288 317/357/298 315/355/296
f 315/355/296 317/357/298 316/356/297
f 318/358/299 319/359/300 320/360/301
f 320/360/301 319/359/300 321/361/302
f 319/359/300 322/362/303 321/361/302
f 321/361/302 322/362/303 323/363/304
f 322/362/303 222/252/204 323/363/304
f 323/363/304 222/252/204 324/364/305
f 308/348/290 325/365/306 326/366/307
f 326/366/307 325/365/306 327/367/308
f 325/365/306 328/368/309 327/367/308
f 327/367/308 328/368/309 329/369/310
f 328/368/309 318/358/299 329/369/310
f 329/369/310 318/358/299 330/370/311
f 237/267/219 331/371/97 332/372/312
f 332/372/312 331/371/97 333/373/99
f 331/371/97 334/374/100 333/373/99
f 333/373/99 334/374/100 335/375/313
f 334/374/100 336/376/102 335/375/313
f 335/375/313 336/376/102 337/377/103
f 338/378/104 339/379/105 340/380/106
f 340/380/106 339/379/105 341/381/314
f 339/379/105 342/382/108 341/381/314
f 341/381/314 342/382/108 343/383/315
f 342/382/108 241/273/223 343/383/315
f 343/383/315 241/273/223 258/294/240
f 336/376/102 344/384/110 345/385/111
f 345/385/111 344/384/110 346/386/112
f 344/384/110 347/387/113 346/386/112
f 346/386/112 347/387/113 348/388/114
f 347/389/113 338/378/104 348/390/114
f 348/390/114 338/378/104 349/391/115
f 350/392/316 351/393/317 352/394/318
f 352/394/318 351/393/317 353/395/319
f 351/393/317 354/396/320 353/395/319
f 353/395/319 354/396/320 355/397/321
f 354/396/320 356/398/322 355/397/321
f 355/397/321 356/398/322 357/399/323
f 340/380/106 358/400/324 359/401/325
f 359/401/325 358/400/324 360/402/326
f 358/400/324 361/403/327 360/402/326
f 360/402/326 361/403/327 362/404/328
f 361/405/327 350/392/316 362/406/328
f 362/406/328 350/392/316 363/407/329
f 356/398/322 364/408/330 365/409/331
f 365/409/331 364/408/330 366/410/332
f 364/411/330 367/412/333 366/413/332
f 366/413/332 367/412/333 368/414/334
f 367/412/333 261/297/243 368/414/334
f 368/414/334 261/297/243 275/311/257
f 365/409/331 369/415/335 370/416/336
f 370/416/336 369/415/335 371/417/337
f 369/415/335 372/418/338 371/417/337
f 371/417/337 372/418/338 373/419/339
f 372/418/338 374/420/340 373/419/339
f 373/419/339 374/420/340 375/421/341
f 376/422/342 377/423/343 378/424/344
f 378/424/344 377/423/343 379/425/345
f 380/426/146 381/427/346 376/422/342
f 376/422/342 381/427/346 377/423/343
f 279/315/261 296/336/278 380/426/146
f 380/426/146 296/336/278 381/427/346
f 374/420/340 382/428/347 383/429/348
f 383/429/348 382/428/347 384/430/349
f 382/431/347 385/432/350 384/433/349
f 384/433/349 385/432/350 386/434/351
f 385/432/350 378/424/344 386/434/351
f 386/434/351 378/424/344 387/435/352
f 388/436/353 389/437/354 390/438/355
f 390/438/355 389/437/354 391/439/356
f 389/437/354 392/440/357 391/439/356
f 391/439/356 392/440/357 393/441/358
f 392/440/357 394/442/359 393/441/358
f 393/441/358 394/442/359 395/443/360
f 379/425/345 396/444/361 397/445/362
f 397/445/362 396/444/361 398/446/363
f 396/444/361 399/447/364 398/446/363
f 398/446/363 399/447/364 400/448/365
f 399/449/364 388/436/353 400/450/365
f 400/450/365 388/436/353 401/451/366
f 394/442/359 402/452/367 403/453/368
f 403/453/368 402/452/367 404/454/369
f 402/455/367 405/456/370 404/457/369
f 404/457/369 405/456/370 406/458/371
f 405/456/370 299/339/281 406/458/371
f 406/458/371 299/339/281 313/353/295
f 403/453/368 407/459/372 408/460/373
f 408/460/373 407/459/372 409/461/374
f 407/459/372 410/462/375 409/461/374
f 409/461/374 410/462/375 411/463/376
f 410/462/375 412/464/377 411/463/376
f 411/463/376 412/464/377 413/465/378
f 414/466/379 415/467/181 416/468/380
f 416/468/380 415/467/181 417/469/183
f 418/470/381 419/471/382 414/466/379
f 414/466/379 419/471/382 415/467/181
f 317/357/298 326/366/307 418/470/381
f 418/470/381 326/366/307 419/471/382
f 412/464/377 420/472/383 421/473/384
f 421/473/384 420/472/383 422/474/385
f 420/475/383 423/476/386 422/477/385
f 422/477/385 423/476/386 424/478/387
f 423/476/386 416/468/380 424/478/387
f 424/478/387 416/468/380 425/479/191
f 426/480/192 427/481/388 428/482/194
f 428/482/194 427/481/388 429/483/195
f 427/481/388 430/484/389 429/483/195
f 429/483/195 430/484/389 431/485/390
f 430/484/389 330/370/311 431/485/390
f 431/485/390 330/370/311 432/486/391
f 417/469/183 433/487/199 434/488/200
f 434/488/200 433/487/199 435/489/201
f 433/487/199 436/490/392 435/489/201
f 435/489/201 436/490/392 437/491/203
f 436/490/392 426/480/192 437/491/203
f 437/491/203 426/480/192 438/492/204
f 345/385/111 439/493/205 440/494/206
f 440/494/206 439/493/205 441/495/207
f 439/493/205 442/496/393 441/495/207
f 441/495/207 442/496/393 443/497/209
f 442/496/393 444/498/394 443/497/209
f 443/497/209 444/498/394 445/499/395
f 446/500/212 447/501/396 448/502/397
f 448/502/397 447/501/396 449/503/398
f 450/504/216 451/505/217 446/500/212
f 446/500/212 451/505/217 447/501/396
f 349/391/115 359/401/325 450/504/216
f 450/504/216 359/401/325 451/505/217
f 444/498/394 452/506/399 453/507/400
f 453/507/400 452/506/399 454/508/401
f 452/506/399 455/509/402 454/508/401
f 454/508/401 455/509/402 456/510/403
f 455/511/402 448/502/397 456/512/403
f 456/512/403 448/502/397 457/513/404
f 458/514/405 459/515/406 460/516/407
f 460/516/407 459/515/406 461/517/408
f 459/515/406 462/518/409 461/517/408
f 461/517/408 462/518/409 463/519/410
f 462/520/409 363/407/329 463/521/410
f 463/521/410 363/407/329 464/522/411
f 465/523/412 466/524/413 467/525/414
f 467/525/414 466/524/413 468/526/415
f 466/524/413 469/527/416 468/526/415
f 468/526/415 469/527/416 470/528/417
f 469/529/416 458/514/405 470/530/417
f 470/530/417 458/514/405 471/531/418
f 449/503/398 472/532/419 473/533/420
f 473/533/420 472/532/419 474/534/421
f 472/532/419 475/535/422 474/534/421
f 474/534/421 475/535/422 476/536/423
f 475/535/422 465/523/412 476/536/423
f 476/536/423 465/523/412 477/537/424
f 383/429/348 478/538/425 479/539/426
f 479/539/426 478/538/425 480/540/427
f 478/538/425 481/541/428 480/540/427
f 480/540/427 481/541/428 482/542/429
f 481/541/428 471/531/418 482/542/429
f 482/542/429 471/531/418 483/543/249
f 484/544/430 485/545/251 486/546/431
f 486/546/431 485/545/251 487/547/432
f 488/548/433 489/549/255 484/544/430
f 484/544/430 489/549/255 485/545/251
f 387/435/352 397/445/362 488/548/433
f 488/548/433 397/445/362 489/549/255
f 490/550/434 491/551/435 467/525/414
f 467/525/414 491/551/435 492/552/436
f 493/553/437 494/554/438 490/550/434
f 490/550/434 494/554/438 491/551/435
f 486/546/431 495/555/439 493/553/437
f 493/553/437 495/555/439 494/554/438
f 496/556/262 497/557/440 498/558/441
f 498/558/441 497/557/440 499/559/442
f 497/557/440 500/560/443 499/559/442
f 499/559/442 500/560/443 501/561/444
f 500/562/443 401/451/366 501/563/444
f 501/563/444 401/451/366 502/564/445
f 503/565/446 504/566/447 505/567/448
f 505/567/448 504/566/447 506/568/449
f 504/566/447 507/569/450 506/568/449
f 506/568/449 507/569/450 508/570/451
f 507/571/450 496/556/262 508/572/451
f 508/572/451 496/556/262 509/573/452
f 487/547/432 510/574/453 511/575/454
f 511/575/454 510/574/453 512/576/421
f 510/574/453 513/577/455 512/576/421
f 512/576/421 513/577/455 514/578/423
f 513/577/455 503/565/446 514/578/423
f 514/578/423 503/565/446 515/579/424
f 421/473/384 516/580/456 517/581/457
f 517/581/457 516/580/456 518/582/458
f 516/580/456 519/583/459 518/582/458
f 518/582/458 519/583/459 520/584/460
f 519/583/459 509/573/452 520/584/460
f 520/584/460 509/573/452 521/585/287
f 522/586/461 523/587/462 524/588/463
f 524/588/463 523/587/462 525/589/291
f 523/587/462 526/590/464 525/589/291
f 525/589/291 526/590/464 527/591/293
f 526/590/464 425/479/191 527/591/293
f 527/591/293 425/479/191 434/488/200
f 528/592/465 529/593/435 505/567/448
f 505/567/448 529/593/435 530/594/466
f 531/595/467 532/596/438 528/592/465
f 528/592/465 532/596/438 529/593/435
f 522/586/461 533/597/468 531/595/467
f 531/595/467 533/597/468 532/596/438
f 534/598/469 535/599/300 536/600/470
f 536/600/470 535/599/300 537/601/302
f 535/599/300 538/602/303 537/601/302
f 537/601/302 538/602/303 539/603/304
f 538/602/303 438/492/204 539/603/304
f 539/603/304 438/492/204 540/604/305
f 524/588/463 541/605/471 542/606/472
f 542/606/472 541/605/471 543/607/473
f 541/605/471 544/608/474 543/607/473
f 543/607/473 544/608/474 545/609/475
f 544/608/474 534/598/469 545/609/475
f 545/609/475 534/598/469 546/610/476
f 453/507/400 547/611/477 548/612/478
f 548/612/478 547/611/477 549/613/479
f 547/614/477 550/615/480 549/616/479
f 549/616/479 550/615/480 551/617/481
f 550/615/480 552/618/482 551/617/481
f 551/617/481 552/618/482 553/619/483
f 552/618/482 554/620/484 555/621/485
f 555/621/485 554/620/484 556/622/486
f 554/620/484 557/623/487 556/622/486
f 556/622/486 557/623/487 558/624/488
f 457/513/404 473/533/420 557/625/487
f 557/625/487 473/533/420 558/626/488
f 555/621/485 559/627/489 560/628/490
f 560/628/490 559/627/489 561/629/491
f 559/627/489 562/630/492 561/629/491
f 561/629/491 562/630/492 563/631/493
f 562/630/492 564/632/494 563/631/493
f 563/631/493 564/632/494 565/633/495
f 564/632/494 566/634/496 567/635/497
f 567/635/497 566/634/496 568/636/498
f 566/634/496 569/637/499 568/636/498
f 568/636/498 569/637/499 570/638/500
f 569/639/499 477/537/424 570/640/500
f 570/640/500 477/537/424 492/552/436
f 567/635/497 571/641/501 572/642/502
f 572/642/502 571/641/501 573/643/503
f 571/641/501 574/644/504 573/643/503
f 573/643/503 574/644/504 575/645/505
f 574/644/504 576/646/506 575/645/505
f 575/645/505 576/646/506 577/647/507
f 576/646/506 578/648/508 579/649/509
f 579/649/509 578/648/508 580/650/510
f 578/648/508 581/651/511 580/650/510
f 580/650/510 581/651/511 582/652/512
f 581/653/511 495/555/439 582/654/512
f 582/654/512 495/555/439 511/575/454
f 579/649/509 583/655/513 584/656/514
f 584/656/514 583/655/513 585/657/491
f 583/655/513 586/658/515 585/657/491
f 585/657/491 586/658/515 587/659/493
f 586/658/515 588/660/516 587/659/493
f 587/659/493 588/660/516 589/661/495
f 588/660/516 590/662/517 591/663/518
f 591/663/518 590/662/517 592/664/519
f 590/662/517 593/665/520 592/664/519
f 592/664/519 593/665/520 594/666/521
f 593/667/520 515/579/424 594/668/521
f 594/668/521 515/579/424 530/594/466
f 591/663/518 595/669/501 596/670/502
f 596/670/502 595/669/501 597/671/503
f 595/669/501 598/672/522 597/671/503
f 597/671/503 598/672/522 599/673/505
f 598/672/522 600/674/523 599/673/505
f 599/673/505 600/674/523 601/675/524
f 600/674/523 602/676/525 603/677/526
f 603/677/526 602/676/525 604/678/527
f 602/676/525 605/679/528 604/678/527
f 604/678/527 605/679/528 606/680/529
f 605/681/528 533/597/468 606/682/529
f 606/682/529 533/597/468 542/606/472
f 603/677/526 607/683/530 608/684/531
f 608/684/531 607/683/530 609/685/532
f 607/683/530 610/686/533 609/685/532
f 609/685/532 610/686/533 611/687/534
f 610/688/533 546/610/476 611/689/534
f 611/689/534 546/610/476 612/690/535
f 548/612/478 613/691/536 445/499/395
f 445/499/395 613/691/536 614/692/537
f 613/691/536 615/693/538 614/692/537
f 614/692/537 615/693/538 616/694/539
f 617/695/540 618/696/541 615/693/538
f 615/693/538 618/696/541 616/694/539
f 617/695/540 619/697/542 620/698/543
f 620/698/543 619/697/542 621/699/544
f 619/700/542 622/701/545 621/702/544
f 621/702/544 622/701/545 623/703/546
f 622/701/545 553/619/483 623/703/546
f 623/703/546 553/619/483 560/628/490
f 624/704/547 625/705/548 620/698/543
f 620/698/543 625/705/548 626/706/549
f 627/707/550 628/708/551 624/704/547
f 624/704/547 628/708/551 625/705/548
f 629/709/552 630/710/553 627/707/550
f 627/707/550 630/710/553 628/708/551
f 629/709/552 631/711/554 632/712/555
f 632/712/555 631/711/554 633/713/556
f 631/714/554 634/715/557 633/716/556
f 633/716/556 634/715/557 635/717/558
f 634/715/557 565/633/495 635/717/558
f 635/717/558 565/633/495 572/642/502
f 632/712/555 636/718/559 637/719/560
f 637/719/560 636/718/559 638/720/561
f 636/718/559 639/721/562 638/720/561
f 638/720/561 639/721/562 640/722/563
f 639/721/562 641/723/564 640/722/563
f 640/722/563 641/723/564 642/724/565
f 641/723/564 643/725/566 644/726/567
f 644/726/567 643/725/566 645/727/568
f 643/728/566 646/729/569 645/730/568
f 645/730/568 646/729/569 647/731/570
f 646/729/569 577/647/507 647/731/570
f 647/731/570 577/647/507 584/656/514
f 648/732/547 649/733/571 644/726/567
f 644/726/567 649/733/571 650/734/572
f 651/735/550 652/736/551 648/732/547
f 648/732/547 652/736/551 649/733/571
f 653/737/573 654/738/574 651/735/550
f 651/735/550 654/738/574 652/736/551
f 653/737/573 655/739/575 656/740/576
f 656/740/576 655/739/575 657/741/556
f 655/742/575 658/743/577 657/744/556
f 657/744/556 658/743/577 659/745/578
f 658/743/577 589/661/495 659/745/578
f 659/745/578 589/661/495 596/670/502
f 656/740/576 660/746/559 661/747/579
f 661/747/579 660/746/559 662/748/580
f 660/746/559 663/749/562 662/748/580
f 662/748/580 663/749/562 664/750/581
f 663/749/562 665/751/582 664/750/581
f 664/750/581 665/751/582 666/752/583
f 665/751/582 667/753/584 668/754/585
f 668/754/585 667/753/584 669/755/586
f 667/756/584 670/757/587 669/758/586
f 669/758/586 670/757/587 671/759/588
f 670/757/587 601/675/524 671/759/588
f 671/759/588 601/675/524 608/684/531
f 668/754/585 672/760/589 673/761/590
f 673/761/590 672/760/589 674/762/591
f 672/763/589 675/764/592 674/765/591
f 674/765/591 675/764/592 676/766/593
f 675/764/592 612/690/535 676/766/593
f 676/766/593 612/690/535 536/600/470
f 677/767/594 678/768/595 679/769/596
f 679/769/596 678/768/595 680/770/597
f 678/768/595 681/771/598 680/770/597
f 680/770/597 681/771/598 682/772/599
f 681/771/598 618/696/541 682/772/599
f 682/772/599 618/696/541 626/706/549
f 440/494/206 683/773/600 337/377/103
f 337/377/103 683/773/600 684/774/601
f 683/773/600 685/775/602 684/774/601
f 684/774/601 685/775/602 686/776/603
f 685/775/602 677/767/594 686/776/603
f 686/776/603 677/767/594 687/777/604
f 679/769/596 688/778/605 689/779/606
f 689/779/606 688/778/605 690/780/607
f 688/778/605 691/781/608 690/780/607
f 690/780/607 691/781/608 692/782/609
f 691/783/608 464/522/411 692/784/609
f 692/784/609 464/522/411 352/394/318
f 460/516/407 693/785/610 483/543/249
f 483/543/249 693/785/610 694/786/611
f 693/787/610 695/788/612 694/789/611
f 694/789/611 695/788/612 696/790/613
f 695/788/612 630/710/553 696/790/613
f 696/790/613 630/710/553 637/719/560
f 697/791/614 698/792/615 699/793/616
f 699/793/616 698/792/615 700/794/617
f 701/795/618 702/796/619 697/791/614
f 697/791/614 702/796/619 698/792/615
f 642/724/565 650/734/572 701/795/618
f 701/795/618 650/734/572 702/796/619
f 479/539/426 703/797/620 375/421/341
f 375/421/341 703/797/620 704/798/621
f 703/799/620 705/800/622 704/801/621
f 704/801/621 705/800/622 706/802/623
f 705/800/622 699/793/616 706/802/623
f 706/802/623 699/793/616 707/803/624
f 700/794/617 708/804/625 709/805/626
f 709/805/626 708/804/625 710/806/627
f 708/804/625 711/807/628 710/806/627
f 710/806/627 711/807/628 712/808/629
f 711/809/628 502/564/445 712/810/629
f 712/810/629 502/564/445 390/438/355
f 498/558/441 713/811/630 521/585/287
f 521/585/287 713/811/630 714/812/631
f 713/813/630 715/814/632 714/815/631
f 714/815/631 715/814/632 716/816/633
f 715/814/632 654/738/574 716/816/633
f 716/816/633 654/738/574 661/747/579
f 717/817/634 718/818/635 719/819/636
f 719/819/636 718/818/635 720/820/637
f 721/821/638 722/822/639 717/817/634
f 717/817/634 722/822/639 718/818/635
f 666/752/583 673/761/590 721/821/638
f 721/821/638 673/761/590 722/822/639
f 517/581/457 723/823/640 413/465/378
f 413/465/378 723/823/640 724/824/641
f 723/825/640 725/826/642 724/827/641
f 724/827/641 725/826/642 726/828/643
f 725/826/642 719/819/636 726/828/643
f 726/828/643 719/819/636 727/829/644
f 720/820/637 728/830/645 729/831/646
f 729/831/646 728/830/645 730/832/647
f 728/833/645 731/834/648 730/835/647
f 730/835/647 731/834/648 732/836/649
f 731/834/648 540/604/305 732/836/649
f 732/836/649 540/604/305 428/482/194
f 733/837/650 734/838/651 735/839/652
f 735/839/652 734/838/651 736/840/653
f 737/841/654 738/842/655 733/837/650
f 733/837/650 738/842/655 734/838/651
f 687/777/604 689/779/606 737/841/654
f 737/841/654 689/779/606 738/842/655
f 332/372/312 739/843/656 229/259/211
f 229/259/211 739/843/656 740/844/657
f 739/843/656 741/845/658 740/844/657
f 740/844/657 741/845/658 742/846/659
f 741/845/658 735/839/652 742/846/659
f 742/846/659 735/839/652 743/847/660
f 744/848/661 745/849/662 746/850/663
f 746/850/663 745/849/662 747/851/664
f 745/849/662 748/852/665 747/851/664
f 747/851/664 748/852/665 749/853/666
f 748/854/665 357/399/323 749/855/666
f 749/855/666 357/399/323 370/416/336
f 750/856/667 751/857/668 736/840/653
f 736/840/653 751/857/668 752/858/669
f 753/859/670 754/860/671 750/856/667
f 750/856/667 754/860/671 751/857/668
f 753/859/670 744/848/661 754/860/671
f 754/860/671 744/848/661 755/861/672
f 756/862/673 757/863/674 758/864/675
f 758/864/675 757/863/674 759/865/676
f 760/866/677 761/867/678 756/862/673
f 756/862/673 761/867/678 757/863/674
f 707/803/624 709/805/626 760/866/677
f 760/866/677 709/805/626 761/867/678
f 746/850/663 762/868/679 763/869/680
f 763/869/680 762/868/679 764/870/681
f 765/871/682 766/872/683 762/868/679
f 762/868/679 766/872/683 764/870/681
f 758/864/675 767/873/684 765/871/682
f 765/871/682 767/873/684 766/872/683
f 768/874/685 769/875/686 770/876/687
f 770/876/687 769/875/686 771/877/688
f 769/875/686 772/878/689 771/877/688
f 771/877/688 772/878/689 773/879/690
f 772/880/689 395/443/360 773/881/690
f 773/881/690 395/443/360 408/460/373
f 774/882/691 775/883/692 759/865/676
f 759/865/676 775/883/692 776/884/693
f 777/885/670 778/886/694 774/882/691
f 774/882/691 778/886/694 775/883/692
f 777/885/670 768/874/685 778/886/694
f 778/886/694 768/874/685 779/887/695
f 780/888/696 781/889/697 782/890/698
f 782/890/698 781/889/697 783/891/699
f 781/889/697 784/892/700 783/891/699
f 783/891/699 784/892/700 785/893/701
f 784/892/700 727/829/644 785/893/701
f 785/893/701 727/829/644 729/831/646
f 770/876/687 786/894/679 787/895/702
f 787/895/702 786/894/679 788/896/703
f 789/897/704 790/898/705 786/894/679
f 786/894/679 790/898/705 788/896/703
f 780/888/696 791/899/706 789/897/704
f 789/897/704 791/899/706 790/898/705
f 782/890/698 792/900/707 793/901/708
f 793/901/708 792/900/707 794/902/709
f 792/903/707 795/904/710 794/905/709
f 794/905/709 795/904/710 796/906/711
f 795/904/710 432/486/391 796/906/711
f 796/906/711 432/486/391 320/360/301
f 797/907/594 798/908/595 799/909/596
f 799/909/596 798/908/595 800/910/712
f 798/908/595 801/911/598 800/910/712
f 800/910/712 801/911/598 802/912/713
f 801/911/598 743/847/660 802/912/713
f 802/912/713 743/847/660 752/858/669
f 224/254/206 803/913/600 121/137/103
f 121/137/103 803/913/600 804/914/601
f 803/913/600 805/915/602 804/914/601
f 804/914/601 805/915/602 806/916/603
f 805/915/602 797/907/594 806/916/603
f 806/916/603 797/907/594 807/917/604
f 799/909/596 808/918/714 809/919/606
f 809/919/606 808/918/714 810/920/715
f 808/918/714 811/921/716 810/920/715
f 810/920/715 811/921/716 812/922/717
f 811/923/716 248/282/230 812/924/717
f 812/924/717 248/282/230 136/154/118
f 244/276/226 813/925/718 267/303/249
f 267/303/249 813/925/718 814/926/719
f 813/927/718 815/928/720 814/929/719
f 814/929/719 815/928/720 816/930/721
f 815/928/720 755/861/672 816/930/721
f 816/930/721 755/861/672 763/869/680
f 817/931/722 818/932/723 819/933/724
f 819/933/724 818/932/723 820/934/725
f 821/935/618 822/936/726 817/931/722
f 817/931/722 822/936/726 818/932/723
f 767/873/684 776/884/693 821/935/618
f 821/935/618 776/884/693 822/936/726
f 263/299/245 823/937/727 159/181/141
f 159/181/141 823/937/727 824/938/728
f 823/939/727 825/940/729 824/941/728
f 824/941/728 825/940/729 826/942/730
f 825/940/729 819/933/724 826/942/730
f 826/942/730 819/933/724 827/943/731
f 820/934/725 828/944/732 829/945/733
f 829/945/733 828/944/732 830/946/734
f 828/944/732 831/947/735 830/946/734
f 830/946/734 831/947/735 832/948/736
f 831/949/735 286/324/268 832/950/736
f 832/950/736 286/324/268 174/198/156
f 282/318/264 833/951/737 305/345/287
f 305/345/287 833/951/737 834/952/738
f 833/953/737 835/954/739 834/955/738
f 834/955/738 835/954/739 836/956/740
f 835/954/739 779/887/695 836/956/740
f 836/956/740 779/887/695 787/895/702
f 837/957/634 838/958/635 839/959/741
f 839/959/741 838/958/635 840/960/637
f 841/961/742 842/962/639 837/957/634
f 837/957/634 842/962/639 838/958/635
f 791/899/706 793/901/708 841/961/742
f 841/961/742 793/901/708 842/962/639
f 301/341/283 843/963/743 197/225/179
f 197/225/179 843/963/743 844/964/744
f 843/965/743 845/966/745 844/967/744
f 844/967/744 845/966/745 846/968/746
f 845/966/745 839/959/741 846/968/746
f 846/968/746 839/959/741 847/969/644
f 840/960/637 848/970/645 849/971/646
f 849/971/646 848/970/645 850/972/647
f 848/973/645 851/974/648 850/975/647
f 850/975/647 851/974/648 852/976/649
f 851/974/648 324/364/305 852/976/649
f 852/976/649 324/364/305 212/242/194
f 853/977/650 854/978/747 855/979/748
f 855/979/748 854/978/747 856/980/749
f 857/981/654 858/982/750 853/977/650
f 853/977/650 858/982/750 854/978/747
f 807/917/604 809/919/606 857/981/654
f 857/981/654 809/919/606 858/982/750
f 116/132/98 859/983/751 8/10/8
f 8/10/8 859/983/751 860/984/752
f 859/983/751 861/985/753 860/984/752
f 860/984/752 861/985/753 862/986/754
f 861/985/753 855/979/748 862/986/754
f 862/986/754 855/979/748 863/987/755
f 864/988/756 865/989/757 866/990/758
f 866/990/758 865/989/757 867/991/759
f 865/989/757 868/992/760 867/991/759
f 867/991/759 868/992/760 869/993/761
f 868/994/760 141/159/123 869/995/761
f 869/995/761 141/159/123 154/176/136
f 856/980/749 870/996/762 871/997/763
f 871/997/763 870/996/762 872/998/764
f 870/996/762 873/999/765 872/998/764
f 872/998/764 873/999/765 874/1000/766
f 873/999/765 864/988/756 874/1000/766
f 874/1000/766 864/988/756 875/1001/767
f 876/1002/768 877/1003/769 878/1004/770
f 878/1004/770 877/1003/769 879/1005/771
f 880/1006/772 881/1007/678 876/1002/768
f 876/1002/768 881/1007/678 877/1003/769
f 827/943/731 829/945/733 880/1006/772
f 880/1006/772 829/945/733 881/1007/678
f 882/1008/773 883/1009/774 866/990/758
f 866/990/758 883/1009/774 884/1010/775
f 885/1011/776 886/1012/777 882/1008/773
f 882/1008/773 886/1012/777 883/1009/774
f 878/1004/770 887/1013/778 885/1011/776
f 885/1011/776 887/1013/778 886/1012/777
f 888/1014/779 889/1015/780 890/1016/781
f 890/1016/781 889/1015/780 891/1017/782
f 889/1015/780 892/1018/783 891/1017/782
f 891/1017/782 892/1018/783 893/1019/784
f 892/1020/783 179/203/161 893/1021/784
f 893/1021/784 179/203/161 192/220/174
f 879/1005/771 894/1022/785 895/1023/786
f 895/1023/786 894/1022/785 896/1024/764
f 894/1022/785 897/1025/787 896/1024/764
f 896/1024/764 897/1025/787 898/1026/766
f 897/1025/787 888/1014/779 898/1026/766
f 898/1026/766 888/1014/779 899/1027/788
f 900/1028/789 901/1029/790 902/1030/791
f 902/1030/791 901/1029/790 903/1031/792
f 901/1029/790 904/1032/793 903/1031/792
f 903/1031/792 904/1032/793 905/1033/701
f 904/1032/793 847/969/644 905/1033/701
f 905/1033/701 847/969/644 849/971/646
f 906/1034/773 907/1035/774 890/1016/781
f 890/1016/781 907/1035/774 908/1036/794
f 909/1037/795 910/1038/777 906/1034/773
f 906/1034/773 910/1038/777 907/1035/774
f 900/1028/789 911/1039/796 909/1037/795
f 909/1037/795 911/1039/796 910/1038/777
f 902/1030/791 912/1040/797 913/1041/798
f 913/1041/798 912/1040/797 914/1042/799
f 912/1043/797 915/1044/800 914/1045/799
f 914/1045/799 915/1044/800 916/1046/801
f 915/1044/800 216/246/198 916/1046/801
f 916/1046/801 216/246/198 104/118/86
f 3/3/3 917/1047/802 28/34/28
f 28/34/28 917/1047/802 918/1048/803
f 917/1047/802 919/1049/804 918/1048/803
f 918/1048/803 919/1049/804 920/1050/805
f 863/987/755 871/997/763 919/1051/804
f 919/1051/804 871/997/763 920/1052/805
f 24/30/24 921/1053/806 48/56/48
f 48/56/48 921/1053/806 922/1054/807
f 921/1053/806 923/1055/808 922/1054/807
f 922/1054/807 923/1055/808 924/1056/809
f 923/1057/808 875/1001/767 924/1058/809
f 924/1058/809 875/1001/767 884/1010/775
f 44/52/44 925/1059/810 68/78/44
f 68/78/44 925/1059/810 926/1060/811
f 925/1059/810 927/1061/812 926/1060/811
f 926/1060/811 927/1061/812 928/1062/813
f 927/1063/812 887/1013/778 928/1064/813
f 928/1064/813 887/1013/778 895/1023/786
f 64/74/24 929/1065/814 88/100/48
f 88/100/48 929/1065/814 930/1066/815
f 929/1065/814 931/1067/816 930/1066/815
f 930/1066/815 931/1067/816 932/1068/817
f 931/1069/816 899/1027/788 932/1070/817
f 932/1070/817 899/1027/788 908/1036/794
f 84/96/71 933/1071/818 108/124/90
f 108/124/90 933/1071/818 934/1072/819
f 933/1071/818 935/1073/820 934/1072/819
f 934/1072/819 935/1073/820 936/1074/821
f 935/1075/820 911/1039/796 936/1076/821
f 936/1076/821 911/1039/796 913/1041/798
f 11/13/11 38/46/38 9/11/9
f 9/11/9 38/46/38 21/25/21
f 29/35/29 31/37/31 41/49/41
f 41/49/41 31/37/31 57/67/57
f 49/57/49 51/59/51 61/71/61
f 61/71/61 51/59/51 78/90/67
f 69/79/63 71/81/64 81/93/69
f 81/93/69 71/81/64 97/111/80
f 89/101/73 91/103/75 101/115/83
f 101/115/83 91/103/75 110/126/92
f 124/140/106 143/161/125 122/138/104
f 122/138/104 143/161/125 133/151/115
f 163/185/145 181/205/163 162/184/144
f 162/184/144 181/205/163 171/195/153
f 201/229/183 218/248/200 200/228/182
f 200/228/182 218/248/200 209/239/191
f 232/262/214 233/263/215 241/273/223
f 241/273/223 233/263/215 258/294/240
f 249/283/231 251/285/233 261/297/243
f 261/297/243 251/285/233 275/311/257
f 270/306/252 271/307/253 279/315/261
f 279/315/261 271/307/253 296/336/278
f 287/325/269 289/327/271 299/339/281
f 299/339/281 289/327/271 313/353/295
f 306/346/288 308/348/290 317/357/298
f 317/357/298 308/348/290 326/366/307
f 340/380/106 359/401/325 338/378/104
f 338/378/104 359/401/325 349/391/115
f 379/425/345 397/445/362 378/424/344
f 378/424/344 397/445/362 387/435/352
f 417/469/183 434/488/200 416/468/380
f 416/468/380 434/488/200 425/479/191
f 448/502/397 449/503/398 457/513/404
f 457/513/404 449/503/398 473/533/420
f 465/523/412 467/525/414 477/537/424
f 477/537/424 467/525/414 492/552/436
f 486/546/431 487/547/432 495/555/439
f 495/555/439 487/547/432 511/575/454
f 503/565/446 505/567/448 515/579/424
f 515/579/424 505/567/448 530/594/466
f 524/588/463 542/606/472 522/586/461
f 522/586/461 542/606/472 533/597/468
f 552/618/482 555/621/485 553/619/483
f 553/619/483 555/621/485 560/628/490
f 564/632/494 567/635/497 565/633/495
f 565/633/495 567/635/497 572/642/502
f 576/646/506 579/649/509 577/647/507
f 577/647/507 579/649/509 584/656/514
f 588/660/516 591/663/518 589/661/495
f 589/661/495 591/663/518 596/670/502
f 600/674/523 603/677/526 601/675/524
f 601/675/524 603/677/526 608/684/531
f 620/698/543 626/706/549 617/695/540
f 617/695/540 626/706/549 618/696/541
f 629/709/552 632/712/555 630/710/553
f 630/710/553 632/712/555 637/719/560
f 641/723/564 644/726/567 642/724/565
f 642/724/565 644/726/567 650/734/572
f 653/737/573 656/740/576 654/738/574
f 654/738/574 656/740/576 661/747/579
f 665/751/582 668/754/585 666/752/583
f 666/752/583 668/754/585 673/761/590
f 679/769/596 689/779/606 677/767/594
f 677/767/594 689/779/606 687/777/604
f 700/794/617 709/805/626 699/793/616
f 699/793/616 709/805/626 707/803/624
f 720/820/637 729/831/646 719/819/636
f 719/819/636 729/831/646 727/829/644
f 735/839/652 736/840/653 743/847/660
f 743/847/660 736/840/653 752/858/669
f 744/848/661 746/850/663 755/861/672
f 755/861/672 746/850/663 763/869/680
f 758/864/675 759/865/676 767/873/684
f 767/873/684 759/865/676 776/884/693
f 768/874/685 770/876/687 779/887/695
f 779/887/695 770/876/687 787/895/702
f 780/888/696 782/890/698 791/899/706
f 791/899/706 782/890/698 793/901/708
f 799/909/596 809/919/606 797/907/594
f 797/907/594 809/919/606 807/917/604
f 820/934/725 829/945/733 819/933/724
f 819/933/724 829/945/733 827/943/731
f 840/960/637 849/971/646 839/959/741
f 839/959/741 849/971/646 847/969/644
f 855/979/748 856/980/749 863/987/755
f 863/987/755 856/980/749 871/997/763
f 864/988/756 866/990/758 875/1001/767
f 875/1001/767 866/990/758 884/1010/775
f 878/1004/770 879/1005/771 887/1013/778
f 887/1013/778 879/1005/771 895/1023/786
f 888/1014/779 890/1016/781 899/1027/788
f 899/1027/788 890/1016/781 908/1036/794
f 902/1030/791 913/1041/798 900/1028/789
f 900/1028/789 913/1041/798 911/1039/796
f 3/3/3 28/34/28 1/1/1
f 1/1/1 28/34/28 15/19/15
f 24/30/24 48/56/48 22/28/22
f 22/28/22 48/56/48 35/43/35
f 44/52/44 68/78/44 42/50/42
f 42/50/42 68/78/44 55/65/55
f 64/74/24 88/100/48 62/72/22
f 62/72/22 88/100/48 75/87/35
f 84/96/71 108/124/90 82/94/70
f 82/94/70 108/124/90 95/109/79
f 102/116/84 104/118/86 114/130/96
f 114/130/96 104/118/86 216/246/198
f 210/240/192 212/242/194 222/252/204
f 222/252/204 212/242/194 324/364/305
f 318/358/299 320/360/301 330/370/311
f 330/370/311 320/360/301 432/486/391
f 426/480/192 428/482/194 438/492/204
f 438/492/204 428/482/194 540/604/305
f 534/598/469 536/600/470 546/610/476
f 546/610/476 536/600/470 612/690/535
f 8/10/8 7/8/7 116/132/98
f 116/132/98 7/8/7 17/21/17
f 121/137/103 120/136/102 224/254/206
f 224/254/206 120/136/102 129/145/111
f 229/259/211 228/258/210 332/372/312
f 332/372/312 228/258/210 237/267/219
f 337/377/103 336/376/102 440/494/206
f 440/494/206 336/376/102 345/385/111
f 445/499/395 444/498/394 548/612/478
f 548/612/478 444/498/394 453/507/400
f 471/531/418 458/514/405 483/543/249
f 483/543/249 458/514/405 460/516/407
f 509/573/452 496/556/262 521/585/287
f 521/585/287 496/556/262 498/558/441
f 293/333/275 280/316/262 305/345/287
f 305/345/287 280/316/262 282/318/264
f 255/291/237 242/274/224 267/303/249
f 267/303/249 242/274/224 244/276/226
f 363/407/329 350/392/316 464/522/411
f 464/522/411 350/392/316 352/394/318
f 147/167/129 134/152/116 248/282/230
f 248/282/230 134/152/116 136/154/118
f 412/464/377 421/473/384 413/465/378
f 413/465/378 421/473/384 517/581/457
f 196/224/178 205/233/187 197/225/179
f 197/225/179 205/233/187 301/341/283
f 401/451/366 388/436/353 502/564/445
f 502/564/445 388/436/353 390/438/355
f 185/211/167 172/196/154 286/324/268
f 286/324/268 172/196/154 174/198/156
f 374/420/340 383/429/348 375/421/341
f 375/421/341 383/429/348 479/539/426
f 158/180/140 167/189/149 159/181/141
f 159/181/141 167/189/149 263/299/245
f 356/398/322 365/409/331 357/399/323
f 357/399/323 365/409/331 370/416/336
f 394/442/359 403/453/368 395/443/360
f 395/443/360 403/453/368 408/460/373
f 178/202/160 187/213/169 179/203/161
f 179/203/161 187/213/169 192/220/174
f 140/158/122 149/169/131 141/159/123
f 141/159/123 149/169/131 154/176/136
f 16/20/16 7/8/7 937/1077/822
f 937/1077/822 7/8/7 5/7/5
f 5/5/5 2/2/2 937/1078/822
f 937/1078/822 2/2/2 938/1079/823
f 2/2/2 1/1/1 938/1079/823
f 938/1079/823 1/1/1 13/16/13
f 938/1079/823 13/16/13 939/1080/824
f 939/1080/824 13/16/13 10/15/10
f 9/11/9 19/26/19 10/12/10
f 10/12/10 19/26/19 939/1081/824
f 19/23/19 16/20/16 939/1082/824
f 939/1082/824 16/20/16 937/1077/822
f 937/1078/822 938/1079/823 939/1080/824
f 14/18/14 15/19/15 940/1083/825
f 940/1083/825 15/19/15 26/32/26
f 940/1083/825 26/32/26 941/1084/826
f 941/1084/826 26/32/26 23/29/23
f 23/29/23 22/28/22 941/1084/826
f 941/1084/826 22/28/22 33/40/33
f 941/1084/826 33/40/33 942/1085/827
f 942/1085/827 33/40/33 30/39/30
f 30/36/30 29/35/29 942/1086/827
f 942/1086/827 29/35/29 39/47/39
f 942/1086/827 39/47/39 943/1087/828
f 943/1087/828 39/47/39 36/44/36
f 11/13/11 12/14/12 36/44/36
f 36/44/36 12/14/12 943/1087/828
f 943/1088/828 12/17/12 940/1083/825
f 940/1083/825 12/17/12 14/18/14
f 940/1083/825 941/1084/826 943/1088/828
f 943/1088/828 941/1084/826 942/1085/827
f 34/42/34 35/43/35 944/1089/829
f 944/1089/829 35/43/35 46/54/46
f 944/1089/829 46/54/46 945/1090/830
f 945/1090/830 46/54/46 43/51/43
f 43/51/43 42/50/42 945/1090/830
f 945/1090/830 42/50/42 53/62/53
f 945/1090/830 53/62/53 946/1091/831
f 946/1091/831 53/62/53 50/61/50
f 49/57/49 59/69/59 50/58/50
f 50/58/50 59/69/59 946/1092/831
f 59/69/59 56/66/56 946/1092/831
f 946/1092/831 56/66/56 947/1093/832
f 56/66/56 31/37/31 947/1093/832
f 947/1093/832 31/37/31 32/38/32
f 947/1094/832 32/41/32 944/1089/829
f 944/1089/829 32/41/32 34/42/34
f 944/1089/829 945/1090/830 947/1094/832
f 947/1094/832 945/1090/830 946/1091/831
f 54/64/54 55/65/55 948/1095/833
f 948/1095/833 55/65/55 66/76/62
f 948/1095/833 66/76/62 949/1096/834
f 949/1096/834 66/76/62 63/73/23
f 63/73/23 62/72/22 949/1096/834
f 949/1096/834 62/72/22 73/84/33
f 949/1096/834 73/84/33 950/1097/835
f 950/1097/835 73/84/33 70/83/30
f 70/80/30 69/79/63 950/1098/835
f 950/1098/835 69/79/63 79/91/39
f 950/1098/835 79/91/39 951/1099/828
f 951/1099/828 79/91/39 76/88/36
f 51/59/51 52/60/52 76/88/36
f 76/88/36 52/60/52 951/1099/828
f 951/1100/828 52/63/52 948/1095/833
f 948/1095/833 52/63/52 54/64/54
f 948/1095/833 949/1096/834 951/1100/828
f 951/1100/828 949/1096/834 950/1097/835
f 74/86/65 75/87/35 952/1101/836
f 952/1101/836 75/87/35 86/98/46
f 952/1101/836 86/98/46 953/1102/837
f 953/1102/837 86/98/46 83/95/43
f 83/95/43 82/94/70 953/1102/837
f 953/1102/837 82/94/70 93/106/77
f 953/1102/837 93/106/77 954/1103/838
f 954/1103/838 93/106/77 90/105/74
f 89/101/73 99/113/59 90/102/74
f 90/102/74 99/113/59 954/1104/838
f 99/113/59 96/110/56 954/1104/838
f 954/1104/838 96/110/56 955/1105/839
f 96/110/56 71/81/64 955/1105/839
f 955/1105/839 71/81/64 72/82/32
f 955/1106/839 72/85/32 952/1101/836
f 952/1101/836 72/85/32 74/86/65
f 952/1101/836 953/1102/837 955/1106/839
f 955/1106/839 953/1102/837 954/1103/838
f 94/108/78 95/109/79 956/1107/840
f 956/1107/840 95/109/79 106/121/88
f 956/1107/840 106/121/88 957/1108/841
f 957/1108/841 106/121/88 103/120/85
f 103/117/85 102/116/84 957/1109/841
f 957/1109/841 102/116/84 112/128/94
f 957/1109/841 112/128/94 958/1110/842
f 958/1110/842 112/128/94 109/125/91
f 91/103/75 92/104/76 109/125/91
f 109/125/91 92/104/76 958/1110/842
f 92/107/76 94/108/78 958/1111/842
f 958/1111/842 94/108/78 956/1107/840
f 956/1107/840 957/1108/841 958/1111/842
f 128/144/110 120/136/102 959/1112/843
f 959/1112/843 120/136/102 118/134/100
f 959/1112/843 118/134/100 960/1113/844
f 960/1113/844 118/134/100 115/131/97
f 115/131/97 17/21/17 960/1113/844
f 960/1113/844 17/21/17 18/22/18
f 960/1113/844 18/22/18 961/1114/845
f 961/1114/845 18/22/18 20/24/20
f 21/25/21 126/142/108 20/27/20
f 20/27/20 126/142/108 961/1115/845
f 126/142/108 123/139/105 961/1115/845
f 961/1115/845 123/139/105 962/1116/845
f 123/139/105 122/138/104 962/1116/845
f 962/1116/845 122/138/104 131/149/113
f 962/1117/845 131/147/113 959/1112/843
f 959/1112/843 131/147/113 128/144/110
f 959/1112/843 960/1113/844 962/1117/845
f 962/1117/845 960/1113/844 961/1114/845
f 140/158/122 138/156/120 148/168/130
f 148/168/130 138/156/120 963/1118/846
f 138/156/120 135/153/117 963/1118/846
f 963/1118/846 135/153/117 964/1119/847
f 134/152/116 145/165/127 135/153/117
f 135/153/117 145/165/127 964/1119/847
f 145/163/127 142/160/124 964/1120/847
f 964/1120/847 142/160/124 965/1121/848
f 124/140/106 125/141/107 142/160/124
f 142/160/124 125/141/107 965/1121/848
f 965/1121/848 125/141/107 966/1122/849
f 966/1122/849 125/141/107 127/143/109
f 38/46/38 37/45/37 127/143/109
f 127/143/109 37/45/37 966/1122/849
f 37/45/37 40/48/40 966/1122/849
f 966/1122/849 40/48/40 967/1123/850
f 40/48/40 41/49/41 967/1123/850
f 967/1123/850 41/49/41 151/172/133
f 967/1123/850 151/172/133 963/1124/846
f 963/1124/846 151/172/133 148/171/130
f 966/1122/849 967/1123/850 965/1121/848
f 965/1121/848 967/1123/850 964/1120/847
f 963/1124/846 964/1120/847 967/1123/850
f 158/180/140 156/178/138 166/188/148
f 166/188/148 156/178/138 968/1125/851
f 968/1125/851 156/178/138 969/1126/852
f 969/1126/852 156/178/138 153/175/135
f 149/169/131 150/170/132 153/175/135
f 153/175/135 150/170/132 969/1126/852
f 150/173/132 152/174/134 969/1127/852
f 969/1127/852 152/174/134 970/1128/853
f 152/174/134 57/67/57 970/1128/853
f 970/1128/853 57/67/57 58/68/58
f 970/1128/853 58/68/58 971/1129/854
f 971/1129/854 58/68/58 60/70/60
f 61/71/61 164/186/146 60/70/60
f 60/70/60 164/186/146 971/1129/854
f 164/186/146 160/182/142 971/1129/854
f 971/1129/854 160/182/142 972/1130/855
f 162/184/144 169/192/151 160/182/142
f 160/182/142 169/192/151 972/1130/855
f 972/1130/855 169/192/151 968/1131/851
f 968/1131/851 169/192/151 166/191/148
f 971/1129/854 972/1130/855 970/1128/853
f 972/1130/855 968/1131/851 970/1128/853
f 968/1131/851 969/1127/852 970/1128/853
f 178/202/160 176/200/158 186/212/168
f 186/212/168 176/200/158 973/1132/856
f 176/200/158 173/197/155 973/1132/856
f 973/1132/856 173/197/155 974/1133/857
f 172/196/154 183/209/165 173/197/155
f 173/197/155 183/209/165 974/1133/857
f 183/207/165 180/204/162 974/1134/857
f 974/1134/857 180/204/162 975/1135/858
f 163/185/145 161/183/143 180/204/162
f 180/204/162 161/183/143 975/1135/858
f 975/1135/858 161/183/143 976/1136/859
f 976/1136/859 161/183/143 165/187/147
f 78/90/67 77/89/66 165/187/147
f 165/187/147 77/89/66 976/1136/859
f 77/89/66 80/92/68 976/1136/859
f 976/1136/859 80/92/68 977/1137/860
f 80/92/68 81/93/69 977/1137/860
f 977/1137/860 81/93/69 189/216/171
f 977/1137/860 189/216/171 973/1138/856
f 973/1138/856 189/216/171 186/215/168
f 976/1136/859 977/1137/860 975/1135/858
f 975/1135/858 977/1137/860 974/1134/857
f 973/1138/856 974/1134/857 977/1137/860
f 196/224/178 194/222/176 204/232/186
f 204/232/186 194/222/176 978/1139/861
f 978/1139/861 194/222/176 979/1140/862
f 979/1140/862 194/222/176 191/219/173
f 187/213/169 188/214/170 191/219/173
f 191/219/173 188/214/170 979/1140/862
f 188/217/170 190/218/172 979/1141/862
f 979/1141/862 190/218/172 980/1142/863
f 190/218/172 97/111/80 980/1142/863
f 980/1142/863 97/111/80 98/112/81
f 980/1142/863 98/112/81 981/1143/864
f 981/1143/864 98/112/81 100/114/82
f 101/115/83 202/230/184 100/114/82
f 100/114/82 202/230/184 981/1143/864
f 202/230/184 198/226/180 981/1143/864
f 981/1143/864 198/226/180 982/1144/865
f 200/228/182 207/236/189 198/226/180
f 198/226/180 207/236/189 982/1144/865
f 982/1144/865 207/236/189 978/1145/861
f 978/1145/861 207/236/189 204/235/186
f 981/1143/864 982/1144/865 980/1142/863
f 982/1144/865 978/1145/861 980/1142/863
f 978/1145/861 979/1141/862 980/1142/863
f 113/129/95 114/130/96 983/1146/866
f 983/1146/866 114/130/96 214/244/196
f 983/1146/866 214/244/196 984/1147/867
f 984/1147/867 214/244/196 211/241/193
f 211/241/193 210/240/192 984/1147/867
f 984/1147/867 210/240/192 220/250/202
f 984/1147/867 220/250/202 985/1148/868
f 985/1148/868 220/250/202 217/247/199
f 217/247/199 201/229/183 985/1148/868
f 985/1148/868 201/229/183 199/227/181
f 985/1148/868 199/227/181 986/1149/869
f 986/1149/869 199/227/181 203/231/185
f 203/231/185 110/126/92 986/1149/869
f 986/1149/869 110/126/92 111/127/93
f 986/1149/869 111/127/93 983/1146/866
f 983/1146/866 111/127/93 113/129/95
f 983/1146/866 984/1147/867 986/1149/869
f 986/1149/869 984/1147/867 985/1148/868
f 236/266/218 228/258/210 987/1150/870
f 987/1150/870 228/258/210 226/256/208
f 987/1150/870 226/256/208 988/1151/871
f 988/1151/871 226/256/208 223/253/205
f 223/253/205 129/145/111 988/1151/871
f 988/1151/871 129/145/111 130/146/112
f 988/1151/871 130/146/112 989/1152/872
f 989/1152/872 130/146/112 132/148/114
f 132/150/114 133/151/115 989/1153/872
f 989/1153/872 133/151/115 234/264/216
f 989/1153/872 234/264/216 990/1154/873
f 990/1154/873 234/264/216 230/260/212
f 232/262/214 239/271/221 230/260/212
f 230/260/212 239/271/221 990/1154/873
f 990/1155/873 239/269/221 987/1150/870
f 987/1150/870 239/269/221 236/266/218
f 987/1150/870 988/1151/871 990/1155/873
f 990/1155/873 988/1151/871 989/1152/872
f 147/167/129 246/280/228 146/166/128
f 146/166/128 246/280/228 991/1156/874
f 991/1157/874 246/278/228 992/1158/875
f 992/1158/875 246/278/228 243/275/225
f 242/274/224 253/289/235 243/275/225
f 243/275/225 253/289/235 992/1158/875
f 253/287/235 250/284/232 992/1159/875
f 992/1159/875 250/284/232 993/1160/876
f 250/284/232 249/283/231 993/1160/876
f 993/1160/876 249/283/231 259/295/241
f 993/1160/876 259/295/241 994/1161/877
f 994/1161/877 259/295/241 256/292/238
f 233/263/215 231/261/213 256/292/238
f 256/292/238 231/261/213 994/1161/877
f 231/261/213 235/265/217 994/1161/877
f 994/1161/877 235/265/217 995/1162/878
f 143/161/125 144/162/126 235/265/217
f 235/265/217 144/162/126 995/1162/878
f 995/1162/878 144/162/126 991/1163/874
f 991/1163/874 144/162/126 146/164/128
f 994/1161/877 995/1162/878 993/1160/876
f 995/1162/878 991/1163/874 993/1160/876
f 991/1163/874 992/1159/875 993/1160/876
f 255/291/237 265/301/247 254/290/236
f 254/290/236 265/301/247 996/1164/879
f 265/301/247 262/298/244 996/1164/879
f 996/1164/879 262/298/244 997/1165/880
f 167/189/149 168/190/150 262/298/244
f 262/298/244 168/190/150 997/1165/880
f 168/193/150 170/194/152 997/1166/880
f 997/1166/880 170/194/152 998/1167/881
f 171/195/153 272/308/254 170/194/152
f 170/194/152 272/308/254 998/1167/881
f 998/1167/881 272/308/254 999/1168/882
f 999/1168/882 272/308/254 268/304/250
f 270/306/252 277/313/259 268/304/250
f 268/304/250 277/313/259 999/1168/882
f 277/313/259 274/310/256 999/1168/882
f 999/1168/882 274/310/256 1000/1169/883
f 274/310/256 251/285/233 1000/1169/883
f 1000/1169/883 251/285/233 252/286/234
f 1000/1169/883 252/286/234 996/1170/879
f 996/1170/879 252/286/234 254/288/236
f 999/1168/882 1000/1169/883 998/1167/881
f 998/1167/881 1000/1169/883 997/1166/880
f 996/1170/879 997/1166/880 1000/1169/883
f 185/211/167 284/322/266 184/210/166
f 184/210/166 284/322/266 1001/1171/884
f 1001/1172/884 284/320/266 1002/1173/885
f 1002/1173/885 284/320/266 281/317/263
f 280/316/262 291/331/273 281/317/263
f 281/317/263 291/331/273 1002/1173/885
f 291/329/273 288/326/270 1002/1174/885
f 1002/1174/885 288/326/270 1003/1175/886
f 288/326/270 287/325/269 1003/1175/886
f 1003/1175/886 287/325/269 297/337/279
f 1003/1175/886 297/337/279 1004/1176/887
f 1004/1176/887 297/337/279 294/334/276
f 271/307/253 269/305/251 294/334/276
f 294/334/276 269/305/251 1004/1176/887
f 269/305/251 273/309/255 1004/1176/887
f 1004/1176/887 273/309/255 1005/1177/888
f 181/205/163 182/206/164 273/309/255
f 273/309/255 182/206/164 1005/1177/888
f 1005/1177/888 182/206/164 1001/1178/884
f 1001/1178/884 182/206/164 184/208/166
f 1004/1176/887 1005/1177/888 1003/1175/886
f 1005/1177/888 1001/1178/884 1003/1175/886
f 1001/1178/884 1002/1174/885 1003/1175/886
f 293/333/275 303/343/285 292/332/274
f 292/332/274 303/343/285 1006/1179/889
f 303/343/285 300/340/282 1006/1179/889
f 1006/1179/889 300/340/282 1007/1180/890
f 205/233/187 206/234/188 300/340/282
f 300/340/282 206/234/188 1007/1180/890
f 206/237/188 208/238/190 1007/1181/890
f 1007/1181/890 208/238/190 1008/1182/891
f 209/239/191 310/350/292 208/238/190
f 208/238/190 310/350/292 1008/1182/891
f 1008/1182/891 310/350/292 1009/1183/892
f 1009/1183/892 310/350/292 307/347/289
f 306/346/288 315/355/296 307/347/289
f 307/347/289 315/355/296 1009/1183/892
f 315/355/296 312/352/294 1009/1183/892
f 1009/1183/892 312/352/294 1010/1184/893
f 312/352/294 289/327/271 1010/1184/893
f 1010/1184/893 289/327/271 290/328/272
f 1010/1184/893 290/328/272 1006/1185/889
f 1006/1185/889 290/328/272 292/330/274
f 1009/1183/892 1010/1184/893 1008/1182/891
f 1008/1182/891 1010/1184/893 1007/1181/890
f 1006/1185/889 1007/1181/890 1010/1184/893
f 221/251/203 222/252/204 1011/1186/894
f 1011/1186/894 222/252/204 322/362/303
f 1011/1186/894 322/362/303 1012/1187/895
f 1012/1187/895 322/362/303 319/359/300
f 319/359/300 318/358/299 1012/1187/895
f 1012/1187/895 318/358/299 328/368/309
f 1012/1187/895 328/368/309 1013/1188/896
f 1013/1188/896 328/368/309 325/365/306
f 325/365/306 308/348/290 1013/1188/896
f 1013/1188/896 308/348/290 309/349/291
f 1013/1188/896 309/349/291 1014/1189/897
f 1014/1189/897 309/349/291 311/351/293
f 311/351/293 218/248/200 1014/1189/897
f 1014/1189/897 218/248/200 219/249/201
f 1014/1189/897 219/249/201 1011/1186/894
f 1011/1186/894 219/249/201 221/251/203
f 1011/1186/894 1012/1187/895 1014/1189/897
f 1014/1189/897 1012/1187/895 1013/1188/896
f 344/384/110 336/376/102 1015/1190/898
f 1015/1190/898 336/376/102 334/374/100
f 1015/1190/898 334/374/100 1016/1191/899
f 1016/1191/899 334/374/100 331/371/97
f 331/371/97 237/267/219 1016/1191/899
f 1016/1191/899 237/267/219 238/268/220
f 1016/1191/899 238/268/220 1017/1192/900
f 1017/1192/900 238/268/220 240/270/222
f 241/273/223 342/382/108 240/272/222
f 240/272/222 342/382/108 1017/1193/900
f 342/382/108 339/379/105 1017/1193/900
f 1017/1193/900 339/379/105 1018/1194/845
f 339/379/105 338/378/104 1018/1194/845
f 1018/1194/845 338/378/104 347/389/113
f 1018/1195/845 347/387/113 1015/1190/898
f 1015/1190/898 347/387/113 344/384/110
f 1015/1190/898 1016/1191/899 1018/1195/845
f 1018/1195/845 1016/1191/899 1017/1192/900
f 356/398/322 354/396/320 364/408/330
f 364/408/330 354/396/320 1019/1196/901
f 354/396/320 351/393/317 1019/1196/901
f 1019/1196/901 351/393/317 1020/1197/902
f 350/392/316 361/405/327 351/393/317
f 351/393/317 361/405/327 1020/1197/902
f 361/403/327 358/400/324 1020/1198/902
f 1020/1198/902 358/400/324 1021/1199/903
f 340/380/106 341/381/314 358/400/324
f 358/400/324 341/381/314 1021/1199/903
f 1021/1199/903 341/381/314 1022/1200/904
f 1022/1200/904 341/381/314 343/383/315
f 258/294/240 257/293/239 343/383/315
f 343/383/315 257/293/239 1022/1200/904
f 257/293/239 260/296/242 1022/1200/904
f 1022/1200/904 260/296/242 1023/1201/905
f 260/296/242 261/297/243 1023/1201/905
f 1023/1201/905 261/297/243 367/412/333
f 1023/1201/905 367/412/333 1019/1202/901
f 1019/1202/901 367/412/333 364/411/330
f 1022/1200/904 1023/1201/905 1021/1199/903
f 1021/1199/903 1023/1201/905 1020/1198/902
f 1019/1202/901 1020/1198/902 1023/1201/905
f 374/420/340 372/418/338 382/428/347
f 382/428/347 372/418/338 1024/1203/906
f 1024/1203/906 372/418/338 1025/1204/907
f 1025/1204/907 372/418/338 369/415/335
f 365/409/331 366/410/332 369/415/335
f 369/415/335 366/410/332 1025/1204/907
f 366/413/332 368/414/334 1025/1205/907
f 1025/1205/907 368/414/334 1026/1206/908
f 368/414/334 275/311/257 1026/1206/908
f 1026/1206/908 275/311/257 276/312/258
f 1026/1206/908 276/312/258 1027/1207/909
f 1027/1207/909 276/312/258 278/314/260
f 279/315/261 380/426/146 278/314/260
f 278/314/260 380/426/146 1027/1207/909
f 380/426/146 376/422/342 1027/1207/909
f 1027/1207/909 376/422/342 1028/1208/910
f 378/424/344 385/432/350 376/422/342
f 376/422/342 385/432/350 1028/1208/910
f 1028/1208/910 385/432/350 1024/1209/906
f 1024/1209/906 385/432/350 382/431/347
f 1027/1207/909 1028/1208/910 1026/1206/908
f 1028/1208/910 1024/1209/906 1026/1206/908
f 1024/1209/906 1025/1205/907 1026/1206/908
f 394/442/359 392/440/357 402/452/367
f 402/452/367 392/440/357 1029/1210/911
f 392/440/357 389/437/354 1029/1210/911
f 1029/1210/911 389/437/354 1030/1211/912
f 388/436/353 399/449/364 389/437/354
f 389/437/354 399/449/364 1030/1211/912
f 399/447/364 396/444/361 1030/1212/912
f 1030/1212/912 396/444/361 1031/1213/913
f 379/425/345 377/423/343 396/444/361
f 396/444/361 377/423/343 1031/1213/913
f 1031/1213/913 377/423/343 1032/1214/914
f 1032/1214/914 377/423/343 381/427/346
f 296/336/278 295/335/277 381/427/346
f 381/427/346 295/335/277 1032/1214/914
f 295/335/277 298/338/280 1032/1214/914
f 1032/1214/914 298/338/280 1033/1215/915
f 298/338/280 299/339/281 1033/1215/915
f 1033/1215/915 299/339/281 405/456/370
f 1033/1215/915 405/456/370 1029/1216/911
f 1029/1216/911 405/456/370 402/455/367
f 1032/1214/914 1033/1215/915 1031/1213/913
f 1031/1213/913 1033/1215/915 1030/1212/912
f 1029/1216/911 1030/1212/912 1033/1215/915
f 412/464/377 410/462/375 420/472/383
f 420/472/383 410/462/375 1034/1217/916
f 1034/1217/916 410/462/375 1035/1218/917
f 1035/1218/917 410/462/375 407/459/372
f 403/453/368 404/454/369 407/459/372
f 407/459/372 404/454/369 1035/1218/917
f 404/457/369 406/458/371 1035/1219/917
f 1035/1219/917 406/458/371 1036/1220/918
f 406/458/371 313/353/295 1036/1220/918
f 1036/1220/918 313/353/295 314/354/258
f 1036/1220/918 314/354/258 1037/1221/919
f 1037/1221/919 314/354/258 316/356/297
f 317/357/298 418/470/381 316/356/297
f 316/356/297 418/470/381 1037/1221/919
f 418/470/381 414/466/379 1037/1221/919
f 1037/1221/919 414/466/379 1038/1222/920
f 416/468/380 423/476/386 414/466/379
f 414/466/379 423/476/386 1038/1222/920
f 1038/1222/920 423/476/386 1034/1223/916
f 1034/1223/916 423/476/386 420/475/383
f 1037/1221/919 1038/1222/920 1036/1220/918
f 1038/1222/920 1034/1223/916 1036/1220/918
f 1034/1223/916 1035/1219/917 1036/1220/918
f 329/369/310 330/370/311 1039/1224/921
f 1039/1224/921 330/370/311 430/484/389
f 1039/1224/921 430/484/389 1040/1225/922
f 1040/1225/922 430/484/389 427/481/388
f 427/481/388 426/480/192 1040/1225/922
f 1040/1225/922 426/480/192 436/490/392
f 1040/1225/922 436/490/392 1041/1226/923
f 1041/1226/923 436/490/392 433/487/199
f 433/487/199 417/469/183 1041/1226/923
f 1041/1226/923 417/469/183 415/467/181
f 1041/1226/923 415/467/181 1042/1227/924
f 1042/1227/924 415/467/181 419/471/382
f 419/471/382 326/366/307 1042/1227/924
f 1042/1227/924 326/366/307 327/367/308
f 1042/1227/924 327/367/308 1039/1224/921
f 1039/1224/921 327/367/308 329/369/310
f 1039/1224/921 1040/1225/922 1042/1227/924
f 1042/1227/924 1040/1225/922 1041/1226/923
f 452/506/399 444/498/394 1043/1228/925
f 1043/1228/925 444/498/394 442/496/393
f 1043/1228/925 442/496/393 1044/1229/871
f 1044/1229/871 442/496/393 439/493/205
f 439/493/205 345/385/111 1044/1229/871
f 1044/1229/871 345/385/111 346/386/112
f 1044/1229/871 346/386/112 1045/1230/872
f 1045/1230/872 346/386/112 348/388/114
f 348/390/114 349/391/115 1045/1231/872
f 1045/1231/872 349/391/115 450/504/216
f 1045/1231/872 450/504/216 1046/1232/873
f 1046/1232/873 450/504/216 446/500/212
f 448/502/397 455/511/402 446/500/212
f 446/500/212 455/511/402 1046/1232/873
f 1046/1233/873 455/509/402 1043/1228/925
f 1043/1228/925 455/509/402 452/506/399
f 1043/1228/925 1044/1229/871 1046/1233/873
f 1046/1233/873 1044/1229/871 1045/1230/872
f 363/407/329 462/520/409 362/406/328
f 362/406/328 462/520/409 1047/1234/926
f 1047/1235/926 462/518/409 1048/1236/927
f 1048/1236/927 462/518/409 459/515/406
f 458/514/405 469/529/416 459/515/406
f 459/515/406 469/529/416 1048/1236/927
f 469/527/416 466/524/413 1048/1237/927
f 1048/1237/927 466/524/413 1049/1238/928
f 466/524/413 465/523/412 1049/1238/928
f 1049/1238/928 465/523/412 475/535/422
f 1049/1238/928 475/535/422 1050/1239/929
f 1050/1239/929 475/535/422 472/532/419
f 449/503/398 447/501/396 472/532/419
f 472/532/419 447/501/396 1050/1239/929
f 447/501/396 451/505/217 1050/1239/929
f 1050/1239/929 451/505/217 1051/1240/930
f 359/401/325 360/402/326 451/505/217
f 451/505/217 360/402/326 1051/1240/930
f 1051/1240/930 360/402/326 1047/1241/926
f 1047/1241/926 360/402/326 362/404/328
f 1050/1239/929 1051/1240/930 1049/1238/928
f 1051/1240/930 1047/1241/926 1049/1238/928
f 1047/1241/926 1048/1237/927 1049/1238/928
f 471/531/418 481/541/428 470/530/417
f 470/530/417 481/541/428 1052/1242/931
f 481/541/428 478/538/425 1052/1242/931
f 1052/1242/931 478/538/425 1053/1243/932
f 383/429/348 384/430/349 478/538/425
f 478/538/425 384/430/349 1053/1243/932
f 384/433/349 386/434/351 1053/1244/932
f 1053/1244/932 386/434/351 1054/1245/933
f 387/435/352 488/548/433 386/434/351
f 386/434/351 488/548/433 1054/1245/933
f 1054/1245/933 488/548/433 1055/1246/934
f 1055/1246/934 488/548/433 484/544/430
f 486/546/431 493/553/437 484/544/430
f 484/544/430 493/553/437 1055/1246/934
f 493/553/437 490/550/434 1055/1246/934
f 1055/1246/934 490/550/434 1056/1247/935
f 490/550/434 467/525/414 1056/1247/935
f 1056/1247/935 467/525/414 468/526/415
f 1056/1247/935 468/526/415 1052/1248/931
f 1052/1248/931 468/526/415 470/528/417
f 1055/1246/934 1056/1247/935 1054/1245/933
f 1054/1245/933 1056/1247/935 1053/1244/932
f 1052/1248/931 1053/1244/932 1056/1247/935
f 401/451/366 500/562/443 400/450/365
f 400/450/365 500/562/443 1057/1249/936
f 1057/1250/936 500/560/443 1058/1251/937
f 1058/1251/937 500/560/443 497/557/440
f 496/556/262 507/571/450 497/557/440
f 497/557/440 507/571/450 1058/1251/937
f 507/569/450 504/566/447 1058/1252/937
f 1058/1252/937 504/566/447 1059/1253/938
f 504/566/447 503/565/446 1059/1253/938
f 1059/1253/938 503/565/446 513/577/455
f 1059/1253/938 513/577/455 1060/1254/939
f 1060/1254/939 513/577/455 510/574/453
f 487/547/432 485/545/251 510/574/453
f 510/574/453 485/545/251 1060/1254/939
f 485/545/251 489/549/255 1060/1254/939
f 1060/1254/939 489/549/255 1061/1255/940
f 397/445/362 398/446/363 489/549/255
f 489/549/255 398/446/363 1061/1255/940
f 1061/1255/940 398/446/363 1057/1256/936
f 1057/1256/936 398/446/363 400/448/365
f 1060/1254/939 1061/1255/940 1059/1253/938
f 1061/1255/940 1057/1256/936 1059/1253/938
f 1057/1256/936 1058/1252/937 1059/1253/938
f 509/573/452 519/583/459 508/572/451
f 508/572/451 519/583/459 1062/1257/941
f 519/583/459 516/580/456 1062/1257/941
f 1062/1257/941 516/580/456 1063/1258/942
f 421/473/384 422/474/385 516/580/456
f 516/580/456 422/474/385 1063/1258/942
f 422/477/385 424/478/387 1063/1259/942
f 1063/1259/942 424/478/387 1064/1260/943
f 425/479/191 526/590/464 424/478/387
f 424/478/387 526/590/464 1064/1260/943
f 1064/1260/943 526/590/464 1065/1261/944
f 1065/1261/944 526/590/464 523/587/462
f 522/586/461 531/595/467 523/587/462
f 523/587/462 531/595/467 1065/1261/944
f 531/595/467 528/592/465 1065/1261/944
f 1065/1261/944 528/592/465 1066/1262/945
f 528/592/465 505/567/448 1066/1262/945
f 1066/1262/945 505/567/448 506/568/449
f 1066/1262/945 506/568/449 1062/1263/941
f 1062/1263/941 506/568/449 508/570/451
f 1065/1261/944 1066/1262/945 1064/1260/943
f 1064/1260/943 1066/1262/945 1063/1259/942
f 1062/1263/941 1063/1259/942 1066/1262/945
f 437/491/203 438/492/204 1067/1264/894
f 1067/1264/894 438/492/204 538/602/303
f 1067/1264/894 538/602/303 1068/1265/895
f 1068/1265/895 538/602/303 535/599/300
f 535/599/300 534/598/469 1068/1265/895
f 1068/1265/895 534/598/469 544/608/474
f 1068/1265/895 544/608/474 1069/1266/896
f 1069/1266/896 544/608/474 541/605/471
f 541/605/471 524/588/463 1069/1266/896
f 1069/1266/896 524/588/463 525/589/291
f 1069/1266/896 525/589/291 1070/1267/946
f 1070/1267/946 525/589/291 527/591/293
f 527/591/293 434/488/200 1070/1267/946
f 1070/1267/946 434/488/200 435/489/201
f 1070/1267/946 435/489/201 1067/1264/894
f 1067/1264/894 435/489/201 437/491/203
f 1067/1264/894 1068/1265/895 1070/1267/946
f 1070/1267/946 1068/1265/895 1069/1266/896
f 554/620/484 552/618/482 1071/1268/947
f 1071/1268/947 552/618/482 550/615/480
f 1071/1268/947 550/615/480 1072/1269/948
f 1072/1269/948 550/615/480 547/614/477
f 547/611/477 453/507/400 1072/1270/948
f 1072/1270/948 453/507/400 454/508/401
f 1072/1270/948 454/508/401 1073/1271/949
f 1073/1271/949 454/508/401 456/510/403
f 457/513/404 557/625/487 456/512/403
f 456/512/403 557/625/487 1073/1272/949
f 557/623/487 554/620/484 1073/1273/949
f 1073/1273/949 554/620/484 1071/1268/947
f 1071/1268/947 1072/1269/948 1073/1273/949
f 566/634/496 564/632/494 1074/1274/950
f 1074/1274/950 564/632/494 562/630/492
f 1074/1274/950 562/630/492 1075/1275/951
f 1075/1275/951 562/630/492 559/627/489
f 559/627/489 555/621/485 1075/1275/951
f 1075/1275/951 555/621/485 556/622/486
f 1075/1275/951 556/622/486 1076/1276/952
f 1076/1276/952 556/622/486 558/624/488
f 473/533/420 474/534/421 558/626/488
f 558/626/488 474/534/421 1076/1277/952
f 474/534/421 476/536/423 1076/1277/952
f 1076/1277/952 476/536/423 1077/1278/953
f 476/536/423 477/537/424 1077/1278/953
f 1077/1278/953 477/537/424 569/639/499
f 1077/1279/953 569/637/499 1074/1274/950
f 1074/1274/950 569/637/499 566/634/496
f 1074/1274/950 1075/1275/951 1077/1279/953
f 1077/1279/953 1075/1275/951 1076/1276/952
f 578/648/508 576/646/506 1078/1280/954
f 1078/1280/954 576/646/506 574/644/504
f 1078/1280/954 574/644/504 1079/1281/955
f 1079/1281/955 574/644/504 571/641/501
f 571/641/501 567/635/497 1079/1281/955
f 1079/1281/955 567/635/497 568/636/498
f 1079/1281/955 568/636/498 1080/1282/956
f 1080/1282/956 568/636/498 570/638/500
f 570/640/500 492/552/436 1080/1283/956
f 1080/1283/956 492/552/436 491/551/435
f 1080/1283/956 491/551/435 1081/1284/957
f 1081/1284/957 491/551/435 494/554/438
f 495/555/439 581/653/511 494/554/438
f 494/554/438 581/653/511 1081/1284/957
f 1081/1285/957 581/651/511 1078/1280/954
f 1078/1280/954 581/651/511 578/648/508
f 1078/1280/954 1079/1281/955 1081/1285/957
f 1081/1285/957 1079/1281/955 1080/1282/956
f 590/662/517 588/660/516 1082/1286/958
f 1082/1286/958 588/660/516 586/658/515
f 1082/1286/958 586/658/515 1083/1287/951
f 1083/1287/951 586/658/515 583/655/513
f 583/655/513 579/649/509 1083/1287/951
f 1083/1287/951 579/649/509 580/650/510
f 1083/1287/951 580/650/510 1084/1288/953
f 1084/1288/953 580/650/510 582/652/512
f 511/575/454 512/576/421 582/654/512
f 582/654/512 512/576/421 1084/1289/953
f 512/576/421 514/578/423 1084/1289/953
f 1084/1289/953 514/578/423 1085/1290/959
f 514/578/423 515/579/424 1085/1290/959
f 1085/1290/959 515/579/424 593/667/520
f 1085/1291/959 593/665/520 1082/1286/958
f 1082/1286/958 593/665/520 590/662/517
f 1082/1286/958 1083/1287/951 1085/1291/959
f 1085/1291/959 1083/1287/951 1084/1288/953
f 602/676/525 600/674/523 1086/1292/960
f 1086/1292/960 600/674/523 598/672/522
f 1086/1292/960 598/672/522 1087/1293/961
f 1087/1293/961 598/672/522 595/669/501
f 595/669/501 591/663/518 1087/1293/961
f 1087/1293/961 591/663/518 592/664/519
f 1087/1293/961 592/664/519 1088/1294/962
f 1088/1294/962 592/664/519 594/666/521
f 594/668/521 530/594/466 1088/1295/962
f 1088/1295/962 530/594/466 529/593/435
f 1088/1295/962 529/593/435 1089/1296/963
f 1089/1296/963 529/593/435 532/596/438
f 533/597/468 605/681/528 532/596/438
f 532/596/438 605/681/528 1089/1296/963
f 1089/1297/963 605/679/528 1086/1292/960
f 1086/1292/960 605/679/528 602/676/525
f 1086/1292/960 1087/1293/961 1089/1297/963
f 1089/1297/963 1087/1293/961 1088/1294/962
f 545/609/475 546/610/476 1090/1298/964
f 1090/1298/964 546/610/476 610/688/533
f 610/686/533 607/683/530 1090/1299/964
f 1090/1299/964 607/683/530 1091/1300/965
f 607/683/530 603/677/526 1091/1300/965
f 1091/1300/965 603/677/526 604/678/527
f 1091/1300/965 604/678/527 1092/1301/966
f 1092/1301/966 604/678/527 606/680/529
f 542/606/472 543/607/473 606/682/529
f 606/682/529 543/607/473 1092/1302/966
f 543/607/473 545/609/475 1092/1302/966
f 1092/1302/966 545/609/475 1090/1298/964
f 1090/1299/964 1091/1300/965 1092/1301/966
f 617/695/540 615/693/538 619/697/542
f 619/697/542 615/693/538 1093/1303/967
f 615/693/538 613/691/536 1093/1303/967
f 1093/1303/967 613/691/536 1094/1304/968
f 613/691/536 548/612/478 1094/1304/968
f 1094/1304/968 548/612/478 549/613/479
f 549/616/479 551/617/481 1094/1305/968
f 1094/1305/968 551/617/481 1095/1306/969
f 551/617/481 553/619/483 1095/1306/969
f 1095/1306/969 553/619/483 622/701/545
f 1095/1306/969 622/701/545 1093/1307/967
f 1093/1307/967 622/701/545 619/700/542
f 1093/1307/967 1094/1305/968 1095/1306/969
f 631/711/554 629/709/552 1096/1308/970
f 1096/1308/970 629/709/552 627/707/550
f 1096/1308/970 627/707/550 1097/1309/971
f 1097/1309/971 627/707/550 624/704/547
f 620/698/543 621/699/544 624/704/547
f 624/704/547 621/699/544 1097/1309/971
f 1097/1310/971 621/702/544 1098/1311/972
f 1098/1311/972 621/702/544 623/703/546
f 623/703/546 560/628/490 1098/1311/972
f 1098/1311/972 560/628/490 561/629/491
f 1098/1311/972 561/629/491 1099/1312/973
f 1099/1312/973 561/629/491 563/631/493
f 563/631/493 565/633/495 1099/1312/973
f 1099/1312/973 565/633/495 634/715/557
f 1099/1312/973 634/715/557 1096/1313/970
f 1096/1313/970 634/715/557 631/714/554
f 1096/1313/970 1097/1310/971 1099/1312/973
f 1099/1312/973 1097/1310/971 1098/1311/972
f 641/723/564 639/721/562 643/725/566
f 643/725/566 639/721/562 1100/1314/974
f 639/721/562 636/718/559 1100/1314/974
f 1100/1314/974 636/718/559 1101/1315/975
f 636/718/559 632/712/555 1101/1315/975
f 1101/1315/975 632/712/555 633/713/556
f 1101/1316/975 633/716/556 1102/1317/976
f 1102/1317/976 633/716/556 635/717/558
f 635/717/558 572/642/502 1102/1317/976
f 1102/1317/976 572/642/502 573/643/503
f 1102/1317/976 573/643/503 1103/1318/977
f 1103/1318/977 573/643/503 575/645/505
f 575/645/505 577/647/507 1103/1318/977
f 1103/1318/977 577/647/507 646/729/569
f 1103/1318/977 646/729/569 1100/1319/974
f 1100/1319/974 646/729/569 643/728/566
f 1100/1319/974 1101/1316/975 1103/1318/977
f 1103/1318/977 1101/1316/975 1102/1317/976
f 655/739/575 653/737/573 1104/1320/970
f 1104/1320/970 653/737/573 651/735/550
f 1104/1320/970 651/735/550 1105/1321/971
f 1105/1321/971 651/735/550 648/732/547
f 644/726/567 645/727/568 648/732/547
f 648/732/547 645/727/568 1105/1321/971
f 1105/1322/971 645/730/568 1106/1323/978
f 1106/1323/978 645/730/568 647/731/570
f 647/731/570 584/656/514 1106/1323/978
f 1106/1323/978 584/656/514 585/657/491
f 1106/1323/978 585/657/491 1107/1324/979
f 1107/1324/979 585/657/491 587/659/493
f 587/659/493 589/661/495 1107/1324/979
f 1107/1324/979 589/661/495 658/743/577
f 1107/1324/979 658/743/577 1104/1325/970
f 1104/1325/970 658/743/577 655/742/575
f 1104/1325/970 1105/1322/971 1107/1324/979
f 1107/1324/979 1105/1322/971 1106/1323/978
f 665/751/582 663/749/562 667/753/584
f 667/753/584 663/749/562 1108/1326/974
f 663/749/562 660/746/559 1108/1326/974
f 1108/1326/974 660/746/559 1109/1327/980
f 660/746/559 656/740/576 1109/1327/980
f 1109/1327/980 656/740/576 657/741/556
f 1109/1328/980 657/744/556 1110/1329/981
f 1110/1329/981 657/744/556 659/745/578
f 659/745/578 596/670/502 1110/1329/981
f 1110/1329/981 596/670/502 597/671/503
f 1110/1329/981 597/671/503 1111/1330/982
f 1111/1330/982 597/671/503 599/673/505
f 599/673/505 601/675/524 1111/1330/982
f 1111/1330/982 601/675/524 670/757/587
f 1111/1330/982 670/757/587 1108/1331/974
f 1108/1331/974 670/757/587 667/756/584
f 1108/1331/974 1109/1328/980 1111/1330/982
f 1111/1330/982 1109/1328/980 1110/1329/981
f 611/689/534 612/690/535 1112/1332/983
f 1112/1332/983 612/690/535 675/764/592
f 1112/1332/983 675/764/592 1113/1333/984
f 1113/1333/984 675/764/592 672/763/589
f 668/754/585 669/755/586 672/760/589
f 672/760/589 669/755/586 1113/1334/984
f 669/758/586 671/759/588 1113/1335/984
f 1113/1335/984 671/759/588 1114/1336/985
f 671/759/588 608/684/531 1114/1336/985
f 1114/1336/985 608/684/531 609/685/532
f 1114/1336/985 609/685/532 1112/1337/983
f 1112/1337/983 609/685/532 611/687/534
f 1112/1337/983 1113/1335/984 1114/1336/985
f 683/773/600 440/494/206 1115/1338/986
f 1115/1338/986 440/494/206 441/495/207
f 1115/1338/986 441/495/207 1116/1339/987
f 1116/1339/987 441/495/207 443/497/209
f 443/497/209 445/499/395 1116/1339/987
f 1116/1339/987 445/499/395 614/692/537
f 1116/1339/987 614/692/537 1117/1340/988
f 1117/1340/988 614/692/537 616/694/539
f 618/696/541 681/771/598 616/694/539
f 616/694/539 681/771/598 1117/1340/988
f 681/771/598 678/768/595 1117/1340/988
f 1117/1340/988 678/768/595 1118/1341/989
f 678/768/595 677/767/594 1118/1341/989
f 1118/1341/989 677/767/594 685/775/602
f 1118/1341/989 685/775/602 1115/1338/986
f 1115/1338/986 685/775/602 683/773/600
f 1115/1338/986 1116/1339/987 1118/1341/989
f 1118/1341/989 1116/1339/987 1117/1340/988
f 460/516/407 461/517/408 693/785/610
f 693/785/610 461/517/408 1119/1342/990
f 461/517/408 463/519/410 1119/1342/990
f 1119/1342/990 463/519/410 1120/1343/991
f 464/522/411 691/783/608 463/521/410
f 463/521/410 691/783/608 1120/1344/991
f 691/781/608 688/778/605 1120/1345/991
f 1120/1345/991 688/778/605 1121/1346/992
f 679/769/596 680/770/597 688/778/605
f 688/778/605 680/770/597 1121/1346/992
f 1121/1346/992 680/770/597 1122/1347/993
f 1122/1347/993 680/770/597 682/772/599
f 626/706/549 625/705/548 682/772/599
f 682/772/599 625/705/548 1122/1347/993
f 625/705/548 628/708/551 1122/1347/993
f 1122/1347/993 628/708/551 1123/1348/994
f 628/708/551 630/710/553 1123/1348/994
f 1123/1348/994 630/710/553 695/788/612
f 1123/1348/994 695/788/612 1119/1349/990
f 1119/1349/990 695/788/612 693/787/610
f 1122/1347/993 1123/1348/994 1121/1346/992
f 1121/1346/992 1123/1348/994 1120/1345/991
f 1119/1349/990 1120/1345/991 1123/1348/994
f 479/539/426 480/540/427 703/797/620
f 703/797/620 480/540/427 1124/1350/995
f 1124/1350/995 480/540/427 1125/1351/996
f 1125/1351/996 480/540/427 482/542/429
f 483/543/249 694/786/611 482/542/429
f 482/542/429 694/786/611 1125/1351/996
f 694/789/611 696/790/613 1125/1352/996
f 1125/1352/996 696/790/613 1126/1353/997
f 696/790/613 637/719/560 1126/1353/997
f 1126/1353/997 637/719/560 638/720/561
f 1126/1353/997 638/720/561 1127/1354/998
f 1127/1354/998 638/720/561 640/722/563
f 642/724/565 701/795/618 640/722/563
f 640/722/563 701/795/618 1127/1354/998
f 701/795/618 697/791/614 1127/1354/998
f 1127/1354/998 697/791/614 1128/1355/999
f 699/793/616 705/800/622 697/791/614
f 697/791/614 705/800/622 1128/1355/999
f 1128/1355/999 705/800/622 1124/1356/995
f 1124/1356/995 705/800/622 703/799/620
f 1127/1354/998 1128/1355/999 1126/1353/997
f 1128/1355/999 1124/1356/995 1126/1353/997
f 1124/1356/995 1125/1352/996 1126/1353/997
f 498/558/441 499/559/442 713/811/630
f 713/811/630 499/559/442 1129/1357/1000
f 499/559/442 501/561/444 1129/1357/1000
f 1129/1357/1000 501/561/444 1130/1358/1001
f 502/564/445 711/809/628 501/563/444
f 501/563/444 711/809/628 1130/1359/1001
f 711/807/628 708/804/625 1130/1360/1001
f 1130/1360/1001 708/804/625 1131/1361/1002
f 700/794/617 698/792/615 708/804/625
f 708/804/625 698/792/615 1131/1361/1002
f 1131/1361/1002 698/792/615 1132/1362/1003
f 1132/1362/1003 698/792/615 702/796/619
f 650/734/572 649/733/571 702/796/619
f 702/796/619 649/733/571 1132/1362/1003
f 649/733/571 652/736/551 1132/1362/1003
f 1132/1362/1003 652/736/551 1133/1363/1004
f 652/736/551 654/738/574 1133/1363/1004
f 1133/1363/1004 654/738/574 715/814/632
f 1133/1363/1004 715/814/632 1129/1364/1000
f 1129/1364/1000 715/814/632 713/813/630
f 1132/1362/1003 1133/1363/1004 1131/1361/1002
f 1131/1361/1002 1133/1363/1004 1130/1360/1001
f 1129/1364/1000 1130/1360/1001 1133/1363/1004
f 517/581/457 518/582/458 723/823/640
f 723/823/640 518/582/458 1134/1365/1005
f 1134/1365/1005 518/582/458 1135/1366/1006
f 1135/1366/1006 518/582/458 520/584/460
f 521/585/287 714/812/631 520/584/460
f 520/584/460 714/812/631 1135/1366/1006
f 714/815/631 716/816/633 1135/1367/1006
f 1135/1367/1006 716/816/633 1136/1368/1007
f 716/816/633 661/747/579 1136/1368/1007
f 1136/1368/1007 661/747/579 662/748/580
f 1136/1368/1007 662/748/580 1137/1369/1008
f 1137/1369/1008 662/748/580 664/750/581
f 666/752/583 721/821/638 664/750/581
f 664/750/581 721/821/638 1137/1369/1008
f 721/821/638 717/817/634 1137/1369/1008
f 1137/1369/1008 717/817/634 1138/1370/1009
f 719/819/636 725/826/642 717/817/634
f 717/817/634 725/826/642 1138/1370/1009
f 1138/1370/1009 725/826/642 1134/1371/1005
f 1134/1371/1005 725/826/642 723/825/640
f 1137/1369/1008 1138/1370/1009 1136/1368/1007
f 1138/1370/1009 1134/1371/1005 1136/1368/1007
f 1134/1371/1005 1135/1367/1006 1136/1368/1007
f 676/766/593 536/600/470 1139/1372/1010
f 1139/1372/1010 536/600/470 537/601/302
f 1139/1372/1010 537/601/302 1140/1373/1011
f 1140/1373/1011 537/601/302 539/603/304
f 539/603/304 540/604/305 1140/1373/1011
f 1140/1373/1011 540/604/305 731/834/648
f 1140/1373/1011 731/834/648 1141/1374/1012
f 1141/1374/1012 731/834/648 728/833/645
f 728/830/645 720/820/637 1141/1375/1012
f 1141/1375/1012 720/820/637 718/818/635
f 1141/1375/1012 718/818/635 1142/1376/1013
f 1142/1376/1013 718/818/635 722/822/639
f 722/822/639 673/761/590 1142/1376/1013
f 1142/1376/1013 673/761/590 674/762/591
f 1142/1377/1013 674/765/591 1139/1372/1010
f 1139/1372/1010 674/765/591 676/766/593
f 1139/1372/1010 1140/1373/1011 1142/1377/1013
f 1142/1377/1013 1140/1373/1011 1141/1374/1012
f 739/843/656 332/372/312 1143/1378/1014
f 1143/1378/1014 332/372/312 333/373/99
f 1143/1378/1014 333/373/99 1144/1379/1015
f 1144/1379/1015 333/373/99 335/375/313
f 335/375/313 337/377/103 1144/1379/1015
f 1144/1379/1015 337/377/103 684/774/601
f 1144/1379/1015 684/774/601 1145/1380/1016
f 1145/1380/1016 684/774/601 686/776/603
f 686/776/603 687/777/604 1145/1380/1016
f 1145/1380/1016 687/777/604 737/841/654
f 1145/1380/1016 737/841/654 1146/1381/1017
f 1146/1381/1017 737/841/654 733/837/650
f 735/839/652 741/845/658 733/837/650
f 733/837/650 741/845/658 1146/1381/1017
f 1146/1381/1017 741/845/658 1143/1378/1014
f 1143/1378/1014 741/845/658 739/843/656
f 1143/1378/1014 1144/1379/1015 1146/1381/1017
f 1146/1381/1017 1144/1379/1015 1145/1380/1016
f 352/394/318 353/395/319 692/784/609
f 692/784/609 353/395/319 1147/1382/1018
f 1147/1382/1018 353/395/319 1148/1383/1019
f 1148/1383/1019 353/395/319 355/397/321
f 357/399/323 748/854/665 355/397/321
f 355/397/321 748/854/665 1148/1383/1019
f 748/852/665 745/849/662 1148/1384/1019
f 1148/1384/1019 745/849/662 1149/1385/1020
f 745/849/662 744/848/661 1149/1385/1020
f 1149/1385/1020 744/848/661 753/859/670
f 1149/1385/1020 753/859/670 1150/1386/1021
f 1150/1386/1021 753/859/670 750/856/667
f 736/840/653 734/838/651 750/856/667
f 750/856/667 734/838/651 1150/1386/1021
f 734/838/651 738/842/655 1150/1386/1021
f 1150/1386/1021 738/842/655 1151/1387/1022
f 689/779/606 690/780/607 738/842/655
f 738/842/655 690/780/607 1151/1387/1022
f 1151/1387/1022 690/780/607 1147/1388/1018
f 1147/1388/1018 690/780/607 692/782/609
f 1150/1386/1021 1151/1387/1022 1149/1385/1020
f 1151/1387/1022 1147/1388/1018 1149/1385/1020
f 1147/1388/1018 1148/1384/1019 1149/1385/1020
f 370/416/336 371/417/337 749/855/666
f 749/855/666 371/417/337 1152/1389/1023
f 371/417/337 373/419/339 1152/1389/1023
f 1152/1389/1023 373/419/339 1153/1390/1024
f 375/421/341 704/798/621 373/419/339
f 373/419/339 704/798/621 1153/1390/1024
f 704/801/621 706/802/623 1153/1391/1024
f 1153/1391/1024 706/802/623 1154/1392/1025
f 707/803/624 760/866/677 706/802/623
f 706/802/623 760/866/677 1154/1392/1025
f 1154/1392/1025 760/866/677 1155/1393/1026
f 1155/1393/1026 760/866/677 756/862/673
f 758/864/675 765/871/682 756/862/673
f 756/862/673 765/871/682 1155/1393/1026
f 765/871/682 762/868/679 1155/1393/1026
f 1155/1393/1026 762/868/679 1156/1394/1027
f 762/868/679 746/850/663 1156/1394/1027
f 1156/1394/1027 746/850/663 747/851/664
f 1156/1394/1027 747/851/664 1152/1395/1023
f 1152/1395/1023 747/851/664 749/853/666
f 1155/1393/1026 1156/1394/1027 1154/1392/1025
f 1154/1392/1025 1156/1394/1027 1153/1391/1024
f 1152/1395/1023 1153/1391/1024 1156/1394/1027
f 390/438/355 391/439/356 712/810/629
f 712/810/629 391/439/356 1157/1396/1028
f 1157/1396/1028 391/439/356 1158/1397/1029
f 1158/1397/1029 391/439/356 393/441/358
f 395/443/360 772/880/689 393/441/358
f 393/441/358 772/880/689 1158/1397/1029
f 772/878/689 769/875/686 1158/1398/1029
f 1158/1398/1029 769/875/686 1159/1399/1030
f 769/875/686 768/874/685 1159/1399/1030
f 1159/1399/1030 768/874/685 777/885/670
f 1159/1399/1030 777/885/670 1160/1400/1031
f 1160/1400/1031 777/885/670 774/882/691
f 759/865/676 757/863/674 774/882/691
f 774/882/691 757/863/674 1160/1400/1031
f 757/863/674 761/867/678 1160/1400/1031
f 1160/1400/1031 761/867/678 1161/1401/1032
f 709/805/626 710/806/627 761/867/678
f 761/867/678 710/806/627 1161/1401/1032
f 1161/1401/1032 710/806/627 1157/1402/1028
f 1157/1402/1028 710/806/627 712/808/629
f 1160/1400/1031 1161/1401/1032 1159/1399/1030
f 1161/1401/1032 1157/1402/1028 1159/1399/1030
f 1157/1402/1028 1158/1398/1029 1159/1399/1030
f 408/460/373 409/461/374 773/881/690
f 773/881/690 409/461/374 1162/1403/1033
f 409/461/374 411/463/376 1162/1403/1033
f 1162/1403/1033 411/463/376 1163/1404/1034
f 413/465/378 724/824/641 411/463/376
f 411/463/376 724/824/641 1163/1404/1034
f 724/827/641 726/828/643 1163/1405/1034
f 1163/1405/1034 726/828/643 1164/1406/1035
f 727/829/644 784/892/700 726/828/643
f 726/828/643 784/892/700 1164/1406/1035
f 1164/1406/1035 784/892/700 1165/1407/1036
f 1165/1407/1036 784/892/700 781/889/697
f 780/888/696 789/897/704 781/889/697
f 781/889/697 789/897/704 1165/1407/1036
f 789/897/704 786/894/679 1165/1407/1036
f 1165/1407/1036 786/894/679 1166/1408/1037
f 786/894/679 770/876/687 1166/1408/1037
f 1166/1408/1037 770/876/687 771/877/688
f 1166/1408/1037 771/877/688 1162/1409/1033
f 1162/1409/1033 771/877/688 773/879/690
f 1165/1407/1036 1166/1408/1037 1164/1406/1035
f 1164/1406/1035 1166/1408/1037 1163/1405/1034
f 1162/1409/1033 1163/1405/1034 1166/1408/1037
f 732/836/649 428/482/194 1167/1410/1038
f 1167/1410/1038 428/482/194 429/483/195
f 1167/1410/1038 429/483/195 1168/1411/1039
f 1168/1411/1039 429/483/195 431/485/390
f 431/485/390 432/486/391 1168/1411/1039
f 1168/1411/1039 432/486/391 795/904/710
f 1168/1411/1039 795/904/710 1169/1412/1040
f 1169/1412/1040 795/904/710 792/903/707
f 792/900/707 782/890/698 1169/1413/1040
f 1169/1413/1040 782/890/698 783/891/699
f 1169/1413/1040 783/891/699 1170/1414/1041
f 1170/1414/1041 783/891/699 785/893/701
f 785/893/701 729/831/646 1170/1414/1041
f 1170/1414/1041 729/831/646 730/832/647
f 1170/1415/1041 730/835/647 1167/1410/1038
f 1167/1410/1038 730/835/647 732/836/649
f 1167/1410/1038 1168/1411/1039 1170/1415/1041
f 1170/1415/1041 1168/1411/1039 1169/1412/1040
f 803/913/600 224/254/206 1171/1416/986
f 1171/1416/986 224/254/206 225/255/207
f 1171/1416/986 225/255/207 1172/1417/1042
f 1172/1417/1042 225/255/207 227/257/209
f 227/257/209 229/259/211 1172/1417/1042
f 1172/1417/1042 229/259/211 740/844/657
f 1172/1417/1042 740/844/657 1173/1418/1043
f 1173/1418/1043 740/844/657 742/846/659
f 743/847/660 801/911/598 742/846/659
f 742/846/659 801/911/598 1173/1418/1043
f 801/911/598 798/908/595 1173/1418/1043
f 1173/1418/1043 798/908/595 1174/1419/1043
f 798/908/595 797/907/594 1174/1419/1043
f 1174/1419/1043 797/907/594 805/915/602
f 1174/1419/1043 805/915/602 1171/1416/986
f 1171/1416/986 805/915/602 803/913/600
f 1171/1416/986 1172/1417/1042 1174/1419/1043
f 1174/1419/1043 1172/1417/1042 1173/1418/1043
f 244/276/226 245/277/227 813/925/718
f 813/925/718 245/277/227 1175/1420/1044
f 245/277/227 247/279/229 1175/1420/1044
f 1175/1420/1044 247/279/229 1176/1421/1045
f 248/282/230 811/923/716 247/281/229
f 247/281/229 811/923/716 1176/1422/1045
f 811/921/716 808/918/714 1176/1423/1045
f 1176/1423/1045 808/918/714 1177/1424/1046
f 799/909/596 800/910/712 808/918/714
f 808/918/714 800/910/712 1177/1424/1046
f 1177/1424/1046 800/910/712 1178/1425/1047
f 1178/1425/1047 800/910/712 802/912/713
f 752/858/669 751/857/668 802/912/713
f 802/912/713 751/857/668 1178/1425/1047
f 751/857/668 754/860/671 1178/1425/1047
f 1178/1425/1047 754/860/671 1179/1426/1048
f 754/860/671 755/861/672 1179/1426/1048
f 1179/1426/1048 755/861/672 815/928/720
f 1179/1426/1048 815/928/720 1175/1427/1044
f 1175/1427/1044 815/928/720 813/927/718
f 1178/1425/1047 1179/1426/1048 1177/1424/1046
f 1177/1424/1046 1179/1426/1048 1176/1423/1045
f 1175/1427/1044 1176/1423/1045 1179/1426/1048
f 263/299/245 264/300/246 823/937/727
f 823/937/727 264/300/246 1180/1428/1049
f 1180/1428/1049 264/300/246 1181/1429/1050
f 1181/1429/1050 264/300/246 266/302/248
f 267/303/249 814/926/719 266/302/248
f 266/302/248 814/926/719 1181/1429/1050
f 814/929/719 816/930/721 1181/1430/1050
f 1181/1430/1050 816/930/721 1182/1431/1051
f 816/930/721 763/869/680 1182/1431/1051
f 1182/1431/1051 763/869/680 764/870/681
f 1182/1431/1051 764/870/681 1183/1432/1052
f 1183/1432/1052 764/870/681 766/872/683
f 767/873/684 821/935/618 766/872/683
f 766/872/683 821/935/618 1183/1432/1052
f 821/935/618 817/931/722 1183/1432/1052
f 1183/1432/1052 817/931/722 1184/1433/1053
f 819/933/724 825/940/729 817/931/722
f 817/931/722 825/940/729 1184/1433/1053
f 1184/1433/1053 825/940/729 1180/1434/1049
f 1180/1434/1049 825/940/729 823/939/727
f 1183/1432/1052 1184/1433/1053 1182/1431/1051
f 1184/1433/1053 1180/1434/1049 1182/1431/1051
f 1180/1434/1049 1181/1430/1050 1182/1431/1051
f 282/318/264 283/319/265 833/951/737
f 833/951/737 283/319/265 1185/1435/1054
f 283/319/265 285/321/267 1185/1435/1054
f 1185/1435/1054 285/321/267 1186/1436/1055
f 286/324/268 831/949/735 285/323/267
f 285/323/267 831/949/735 1186/1437/1055
f 831/947/735 828/944/732 1186/1438/1055
f 1186/1438/1055 828/944/732 1187/1439/1056
f 820/934/725 818/932/723 828/944/732
f 828/944/732 818/932/723 1187/1439/1056
f 1187/1439/1056 818/932/723 1188/1440/1057
f 1188/1440/1057 818/932/723 822/936/726
f 776/884/693 775/883/692 822/936/726
f 822/936/726 775/883/692 1188/1440/1057
f 775/883/692 778/886/694 1188/1440/1057
f 1188/1440/1057 778/886/694 1189/1441/1058
f 778/886/694 779/887/695 1189/1441/1058
f 1189/1441/1058 779/887/695 835/954/739
f 1189/1441/1058 835/954/739 1185/1442/1054
f 1185/1442/1054 835/954/739 833/953/737
f 1188/1440/1057 1189/1441/1058 1187/1439/1056
f 1187/1439/1056 1189/1441/1058 1186/1438/1055
f 1185/1442/1054 1186/1438/1055 1189/1441/1058
f 301/341/283 302/342/284 843/963/743
f 843/963/743 302/342/284 1190/1443/1059
f 1190/1443/1059 302/342/284 1191/1444/1060
f 1191/1444/1060 302/342/284 304/344/286
f 305/345/287 834/952/738 304/344/286
f 304/344/286 834/952/738 1191/1444/1060
f 834/955/738 836/956/740 1191/1445/1060
f 1191/1445/1060 836/956/740 1192/1446/1061
f 836/956/740 787/895/702 1192/1446/1061
f 1192/1446/1061 787/895/702 788/896/703
f 1192/1446/1061 788/896/703 1193/1447/1062
f 1193/1447/1062 788/896/703 790/898/705
f 791/899/706 841/961/742 790/898/705
f 790/898/705 841/961/742 1193/1447/1062
f 841/961/742 837/957/634 1193/1447/1062
f 1193/1447/1062 837/957/634 1194/1448/1063
f 839/959/741 845/966/745 837/957/634
f 837/957/634 845/966/745 1194/1448/1063
f 1194/1448/1063 845/966/745 1190/1449/1059
f 1190/1449/1059 845/966/745 843/965/743
f 1193/1447/1062 1194/1448/1063 1192/1446/1061
f 1194/1448/1063 1190/1449/1059 1192/1446/1061
f 1190/1449/1059 1191/1445/1060 1192/1446/1061
f 796/906/711 320/360/301 1195/1450/1064
f 1195/1450/1064 320/360/301 321/361/302
f 1195/1450/1064 321/361/302 1196/1451/1011
f 1196/1451/1011 321/361/302 323/363/304
f 323/363/304 324/364/305 1196/1451/1011
f 1196/1451/1011 324/364/305 851/974/648
f 1196/1451/1011 851/974/648 1197/1452/1065
f 1197/1452/1065 851/974/648 848/973/645
f 848/970/645 840/960/637 1197/1453/1065
f 1197/1453/1065 840/960/637 838/958/635
f 1197/1453/1065 838/958/635 1198/1454/1013
f 1198/1454/1013 838/958/635 842/962/639
f 842/962/639 793/901/708 1198/1454/1013
f 1198/1454/1013 793/901/708 794/902/709
f 1198/1455/1013 794/905/709 1195/1450/1064
f 1195/1450/1064 794/905/709 796/906/711
f 1195/1450/1064 1196/1451/1011 1198/1455/1013
f 1198/1455/1013 1196/1451/1011 1197/1452/1065
f 859/983/751 116/132/98 1199/1456/1066
f 1199/1456/1066 116/132/98 117/133/99
f 1199/1456/1066 117/133/99 1200/1457/1067
f 1200/1457/1067 117/133/99 119/135/101
f 119/135/101 121/137/103 1200/1457/1067
f 1200/1457/1067 121/137/103 804/914/601
f 1200/1457/1067 804/914/601 1201/1458/1068
f 1201/1458/1068 804/914/601 806/916/603
f 806/916/603 807/917/604 1201/1458/1068
f 1201/1458/1068 807/917/604 857/981/654
f 1201/1458/1068 857/981/654 1202/1459/1069
f 1202/1459/1069 857/981/654 853/977/650
f 855/979/748 861/985/753 853/977/650
f 853/977/650 861/985/753 1202/1459/1069
f 1202/1459/1069 861/985/753 1199/1456/1066
f 1199/1456/1066 861/985/753 859/983/751
f 1199/1456/1066 1200/1457/1067 1202/1459/1069
f 1202/1459/1069 1200/1457/1067 1201/1458/1068
f 136/154/118 137/155/119 812/924/717
f 812/924/717 137/155/119 1203/1460/1070
f 1203/1460/1070 137/155/119 1204/1461/1071
f 1204/1461/1071 137/155/119 139/157/121
f 141/159/123 868/994/760 139/157/121
f 139/157/121 868/994/760 1204/1461/1071
f 868/992/760 865/989/757 1204/1462/1071
f 1204/1462/1071 865/989/757 1205/1463/1072
f 865/989/757 864/988/756 1205/1463/1072
f 1205/1463/1072 864/988/756 873/999/765
f 1205/1463/1072 873/999/765 1206/1464/1073
f 1206/1464/1073 873/999/765 870/996/762
f 856/980/749 854/978/747 870/996/762
f 870/996/762 854/978/747 1206/1464/1073
f 854/978/747 858/982/750 1206/1464/1073
f 1206/1464/1073 858/982/750 1207/1465/1074
f 809/919/606 810/920/715 858/982/750
f 858/982/750 810/920/715 1207/1465/1074
f 1207/1465/1074 810/920/715 1203/1466/1070
f 1203/1466/1070 810/920/715 812/922/717
f 1206/1464/1073 1207/1465/1074 1205/1463/1072
f 1207/1465/1074 1203/1466/1070 1205/1463/1072
f 1203/1466/1070 1204/1462/1071 1205/1463/1072
f 154/176/136 155/177/137 869/995/761
f 869/995/761 155/177/137 1208/1467/1075
f 155/177/137 157/179/139 1208/1467/1075
f 1208/1467/1075 157/179/139 1209/1468/1076
f 159/181/141 824/938/728 157/179/139
f 157/179/139 824/938/728 1209/1468/1076
f 824/941/728 826/942/730 1209/1469/1076
f 1209/1469/1076 826/942/730 1210/1470/1077
f 827/943/731 880/1006/772 826/942/730
f 826/942/730 880/1006/772 1210/1470/1077
f 1210/1470/1077 880/1006/772 1211/1471/1078
f 1211/1471/1078 880/1006/772 876/1002/768
f 878/1004/770 885/1011/776 876/1002/768
f 876/1002/768 885/1011/776 1211/1471/1078
f 885/1011/776 882/1008/773 1211/1471/1078
f 1211/1471/1078 882/1008/773 1212/1472/1079
f 882/1008/773 866/990/758 1212/1472/1079
f 1212/1472/1079 866/990/758 867/991/759
f 1212/1472/1079 867/991/759 1208/1473/1075
f 1208/1473/1075 867/991/759 869/993/761
f 1211/1471/1078 1212/1472/1079 1210/1470/1077
f 1210/1470/1077 1212/1472/1079 1209/1469/1076
f 1208/1473/1075 1209/1469/1076 1212/1472/1079
f 174/198/156 175/199/157 832/950/736
f 832/950/736 175/199/157 1213/1474/1080
f 1213/1474/1080 175/199/157 1214/1475/1081
f 1214/1475/1081 175/199/157 177/201/159
f 179/203/161 892/1020/783 177/201/159
f 177/201/159 892/1020/783 1214/1475/1081
f 892/1018/783 889/1015/780 1214/1476/1081
f 1214/1476/1081 889/1015/780 1215/1477/1082
f 889/1015/780 888/1014/779 1215/1477/1082
f 1215/1477/1082 888/1014/779 897/1025/787
f 1215/1477/1082 897/1025/787 1216/1478/1083
f 1216/1478/1083 897/1025/787 894/1022/785
f 879/1005/771 877/1003/769 894/1022/785
f 894/1022/785 877/1003/769 1216/1478/1083
f 877/1003/769 881/1007/678 1216/1478/1083
f 1216/1478/1083 881/1007/678 1217/1479/1084
f 829/945/733 830/946/734 881/1007/678
f 881/1007/678 830/946/734 1217/1479/1084
f 1217/1479/1084 830/946/734 1213/1480/1080
f 1213/1480/1080 830/946/734 832/948/736
f 1216/1478/1083 1217/1479/1084 1215/1477/1082
f 1217/1479/1084 1213/1480/1080 1215/1477/1082
f 1213/1480/1080 1214/1476/1081 1215/1477/1082
f 192/220/174 193/221/175 893/1021/784
f 893/1021/784 193/221/175 1218/1481/1085
f 193/221/175 195/223/177 1218/1481/1085
f 1218/1481/1085 195/223/177 1219/1482/1086
f 197/225/179 844/964/744 195/223/177
f 195/223/177 844/964/744 1219/1482/1086
f 844/967/744 846/968/746 1219/1483/1086
f 1219/1483/1086 846/968/746 1220/1484/1087
f 847/969/644 904/1032/793 846/968/746
f 846/968/746 904/1032/793 1220/1484/1087
f 1220/1484/1087 904/1032/793 1221/1485/1088
f 1221/1485/1088 904/1032/793 901/1029/790
f 900/1028/789 909/1037/795 901/1029/790
f 901/1029/790 909/1037/795 1221/1485/1088
f 909/1037/795 906/1034/773 1221/1485/1088
f 1221/1485/1088 906/1034/773 1222/1486/1089
f 906/1034/773 890/1016/781 1222/1486/1089
f 1222/1486/1089 890/1016/781 891/1017/782
f 1222/1486/1089 891/1017/782 1218/1487/1085
f 1218/1487/1085 891/1017/782 893/1019/784
f 1221/1485/1088 1222/1486/1089 1220/1484/1087
f 1220/1484/1087 1222/1486/1089 1219/1483/1086
f 1218/1487/1085 1219/1483/1086 1222/1486/1089
f 852/976/649 212/242/194 1223/1488/1038
f 1223/1488/1038 212/242/194 213/243/195
f 1223/1488/1038 213/243/195 1224/1489/1090
f 1224/1489/1090 213/243/195 215/245/197
f 215/245/197 216/246/198 1224/1489/1090
f 1224/1489/1090 216/246/198 915/1044/800
f 1224/1489/1090 915/1044/800 1225/1490/1091
f 1225/1490/1091 915/1044/800 912/1043/797
f 912/1040/797 902/1030/791 1225/1491/1091
f 1225/1491/1091 902/1030/791 903/1031/792
f 1225/1491/1091 903/1031/792 1226/1492/1092
f 1226/1492/1092 903/1031/792 905/1033/701
f 905/1033/701 849/971/646 1226/1492/1092
f 1226/1492/1092 849/971/646 850/972/647
f 1226/1493/1092 850/975/647 1223/1488/1038
f 1223/1488/1038 850/975/647 852/976/649
f 1223/1488/1038 1224/1489/1090 1226/1493/1092
f 1226/1493/1092 1224/1489/1090 1225/1490/1091
f 917/1047/802 3/3/3 1227/1494/1093
f 1227/1494/1093 3/3/3 4/4/4
f 1227/1494/1093 4/4/4 1228/1495/1094
f 1228/1495/1094 4/4/4 6/6/6
f 6/9/6 8/10/8 1228/1496/1094
f 1228/1496/1094 8/10/8 860/984/752
f 1228/1496/1094 860/984/752 1229/1497/1095
f 1229/1497/1095 860/984/752 862/986/754
f 863/987/755 919/1051/804 862/986/754
f 862/986/754 919/1051/804 1229/1497/1095
f 919/1049/804 917/1047/802 1229/1498/1095
f 1229/1498/1095 917/1047/802 1227/1494/1093
f 1227/1494/1093 1228/1495/1094 1229/1498/1095
f 921/1053/806 24/30/24 1230/1499/1096
f 1230/1499/1096 24/30/24 25/31/25
f 1230/1499/1096 25/31/25 1231/1500/1097
f 1231/1500/1097 25/31/25 27/33/27
f 27/33/27 28/34/28 1231/1500/1097
f 1231/1500/1097 28/34/28 918/1048/803
f 1231/1500/1097 918/1048/803 1232/1501/1098
f 1232/1501/1098 918/1048/803 920/1050/805
f 871/997/763 872/998/764 920/1052/805
f 920/1052/805 872/998/764 1232/1502/1098
f 872/998/764 874/1000/766 1232/1502/1098
f 1232/1502/1098 874/1000/766 1233/1503/1099
f 874/1000/766 875/1001/767 1233/1503/1099
f 1233/1503/1099 875/1001/767 923/1057/808
f 1233/1504/1099 923/1055/808 1230/1499/1096
f 1230/1499/1096 923/1055/808 921/1053/806
f 1230/1499/1096 1231/1500/1097 1233/1504/1099
f 1233/1504/1099 1231/1500/1097 1232/1501/1098
f 925/1059/810 44/52/44 1234/1505/1100
f 1234/1505/1100 44/52/44 45/53/45
f 1234/1505/1100 45/53/45 1235/1506/1101
f 1235/1506/1101 45/53/45 47/55/47
f 47/55/47 48/56/48 1235/1506/1101
f 1235/1506/1101 48/56/48 922/1054/807
f 1235/1506/1101 922/1054/807 1236/1507/1102
f 1236/1507/1102 922/1054/807 924/1056/809
f 924/1058/809 884/1010/775 1236/1508/1102
f 1236/1508/1102 884/1010/775 883/1009/774
f 1236/1508/1102 883/1009/774 1237/1509/1103
f 1237/1509/1103 883/1009/774 886/1012/777
f 887/1013/778 927/1063/812 886/1012/777
f 886/1012/777 927/1063/812 1237/1509/1103
f 1237/1510/1103 927/1061/812 1234/1505/1100
f 1234/1505/1100 927/1061/812 925/1059/810
f 1234/1505/1100 1235/1506/1101 1237/1510/1103
f 1237/1510/1103 1235/1506/1101 1236/1507/1102
f 929/1065/814 64/74/24 1238/1511/1104
f 1238/1511/1104 64/74/24 65/75/25
f 1238/1511/1104 65/75/25 1239/1512/1105
f 1239/1512/1105 65/75/25 67/77/27
f 67/77/27 68/78/44 1239/1512/1105
f 1239/1512/1105 68/78/44 926/1060/811
f 1239/1512/1105 926/1060/811 1240/1513/1106
f 1240/1513/1106 926/1060/811 928/1062/813
f 895/1023/786 896/1024/764 928/1064/813
f 928/1064/813 896/1024/764 1240/1514/1106
f 896/1024/764 898/1026/766 1240/1514/1106
f 1240/1514/1106 898/1026/766 1241/1515/1107
f 898/1026/766 899/1027/788 1241/1515/1107
f 1241/1515/1107 899/1027/788 931/1069/816
f 1241/1516/1107 931/1067/816 1238/1511/1104
f 1238/1511/1104 931/1067/816 929/1065/814
f 1238/1511/1104 1239/1512/1105 1241/1516/1107
f 1241/1516/1107 1239/1512/1105 1240/1513/1106
f 933/1071/818 84/96/71 1242/1517/1108
f 1242/1517/1108 84/96/71 85/97/72
f 1242/1517/1108 85/97/72 1243/1518/1109
f 1243/1518/1109 85/97/72 87/99/47
f 87/99/47 88/100/48 1243/1518/1109
f 1243/1518/1109 88/100/48 930/1066/815
f 1243/1518/1109 930/1066/815 1244/1519/1102
f 1244/1519/1102 930/1066/815 932/1068/817
f 932/1070/817 908/1036/794 1244/1520/1102
f 1244/1520/1102 908/1036/794 907/1035/774
f 1244/1520/1102 907/1035/774 1245/1521/1110
f 1245/1521/1110 907/1035/774 910/1038/777
f 911/1039/796 935/1075/820 910/1038/777
f 910/1038/777 935/1075/820 1245/1521/1110
f 1245/1522/1110 935/1073/820 1242/1517/1108
f 1242/1517/1108 935/1073/820 933/1071/818
f 1242/1517/1108 1243/1518/1109 1245/1522/1110
f 1245/1522/1110 1243/1518/1109 1244/1519/1102
f 916/1046/801 104/118/86 1246/1523/1111
f 1246/1523/1111 104/118/86 105/119/87
f 105/122/87 107/123/89 1246/1524/1111
f 1246/1524/1111 107/123/89 1247/1525/1112
f 107/123/89 108/124/90 1247/1525/1112
f 1247/1525/1112 108/124/90 934/1072/819
f 1247/1525/1112 934/1072/819 1248/1526/1113
f 1248/1526/1113 934/1072/819 936/1074/821
f 913/1041/798 914/1042/799 936/1076/821
f 936/1076/821 914/1042/799 1248/1527/1113
f 914/1045/799 916/1046/801 1248/1528/1113
f 1248/1528/1113 916/1046/801 1246/1523/1111
f 1246/1524/1111 1247/1525/1112 1248/1526/1113
s off
g Window_Frame2SG
v 24.6596 5.94734 0.4413
v 24.6081 5.96114 0.4413
v 24.6596 5.94734 0.01398
v 24.6081 5.96114 0.01398
v 24.5704 5.99884 0.4413
v 24.5704 5.99884 0.01398
v 24.5566 6.05033 0.4413
v 24.5566 6.05033 0.01398
v 24.6596 6.05033 0.522725
v 24.6596 5.99884 0.511816
v 25.0036 6.05033 0.522725
v 25.0038 5.99884 0.511817
v 24.6596 5.96114 0.482012
v 25.0038 5.96114 0.482013
v 25.0036 5.94734 0.4413
v 24.5704 6.05033 0.482012
v 24.5566 6.5461 0.4413
v 24.5704 6.54641 0.482014
v 24.6081 6.05033 0.511816
v 24.6081 6.54641 0.511818
v 24.6596 6.5461 0.522725
v 25.1492 5.94734 0.4413
v 25.1007 5.94734 0.4413
v 25.1492 5.94734 0.01398
v 25.1007 5.94734 0.01398
v 25.0521 5.94734 0.4413
v 25.0521 5.94734 0.01398
v 25.0036 5.94734 0.01398
v 25.1492 6.05033 0.522725
v 25.1492 5.99884 0.511816
v 28.0642 6.05033 0.522725
v 28.0641 5.99884 0.511816
v 25.1492 5.96114 0.482012
v 28.0641 5.96114 0.482013
v 28.0642 5.94734 0.4413
v 25.0521 6.05033 0.522725
v 25.0487 6.53205 0.522725
v 24.9981 6.54059 0.522725
v 25.1007 6.05033 0.522725
v 25.0993 6.52352 0.522725
v 25.1499 6.51498 0.522725
v 28.2099 5.94734 0.4413
v 28.1613 5.94734 0.4413
v 28.2099 5.94734 0.01398
v 28.1613 5.94734 0.01398
v 28.1128 5.94734 0.4413
v 28.1128 5.94734 0.01398
v 28.0642 5.94734 0.01398
v 28.2099 6.05033 0.522725
v 28.2097 5.99884 0.511817
v 28.7302 6.05033 0.522725
v 28.7304 5.99884 0.511817
v 28.2097 5.96114 0.482013
v 28.7304 5.96114 0.482013
v 28.7302 5.94734 0.4413
v 28.1128 6.05033 0.522725
v 28.0667 6.51936 0.522725
v 28.1162 6.52644 0.522725
v 28.1613 6.05033 0.522725
v 28.1658 6.53351 0.522725
v 28.2154 6.54059 0.522725
v 28.8758 5.94734 0.4413
v 28.8273 5.94734 0.4413
v 28.8758 5.94734 0.01398
v 28.8273 5.94734 0.01398
v 28.7787 5.94734 0.4413
v 28.7787 5.94734 0.01398
v 28.7302 5.94734 0.01398
v 28.8758 6.05033 0.522725
v 28.8758 5.99884 0.511816
v 31.642 6.05033 0.522725
v 31.6419 5.99884 0.511816
v 28.8758 5.96114 0.482012
v 31.6419 5.96114 0.482013
v 31.642 5.94734 0.4413
v 28.7787 6.05033 0.522725
v 28.7753 6.53205 0.522725
v 28.7247 6.54059 0.522725
v 28.8273 6.05033 0.522725
v 28.8259 6.52352 0.522725
v 28.8765 6.51498 0.522725
v 31.7876 5.94734 0.4413
v 31.7391 5.94734 0.4413
v 31.7876 5.94734 0.01398
v 31.7391 5.94734 0.01398
v 31.6905 5.94734 0.4413
v 31.6905 5.94734 0.01398
v 31.642 5.94734 0.01398
v 31.7876 6.05033 0.522725
v 31.7874 5.99884 0.511817
v 32.2529 6.05033 0.522725
v 32.2529 5.99884 0.511816
v 31.7874 5.96114 0.482013
v 32.2529 5.96114 0.482012
v 32.2529 5.94734 0.4413
v 31.6905 6.05033 0.522725
v 31.6444 6.51936 0.522725
v 31.694 6.52644 0.522725
v 31.7391 6.05033 0.522725
v 31.7436 6.53351 0.522725
v 31.7932 6.54059 0.522725
v 32.3559 6.05033 0.4413
v 32.3421 5.99884 0.4413
v 32.3559 6.05033 0.01398
v 32.3421 5.99884 0.01398
v 32.3044 5.96114 0.4413
v 32.3044 5.96114 0.01398
v 32.2529 5.94734 0.01398
v 32.3044 6.05033 0.511816
v 32.2529 6.5461 0.522725
v 32.3044 6.54633 0.511817
v 32.3421 6.05033 0.482012
v 32.3421 6.54633 0.482013
v 32.3559 6.5461 0.4413
v 24.5566 6.59465 0.4413
v 24.5566 6.5461 0.01398
v 24.5566 6.59465 0.01398
v 24.5566 6.6432 0.4413
v 24.5566 6.6432 0.01398
v 24.5566 6.69175 0.4413
v 24.5566 6.69175 0.01398
v 24.6596 6.69175 0.522725
v 24.6596 6.6432 0.522725
v 24.9768 6.68933 0.522725
v 24.9839 6.63975 0.522725
v 24.6596 6.59465 0.522725
v 24.991 6.59017 0.522725
v 24.5704 6.6919 0.482013
v 24.5566 10.2098 0.4413
v 24.5704 10.2098 0.482012
v 24.6081 6.6919 0.511817
v 24.6081 10.2098 0.511816
v 24.6596 10.2098 0.522725
v 25.0764 6.7181 0.44432
v 25.0897 6.66851 0.44432
v 25.0764 6.7181 0.01096
v 25.0897 6.66851 0.01096
v 25.126 6.63221 0.44432
v 25.126 6.63221 0.01096
v 25.1756 6.61893 0.44432
v 25.1756 6.61893 0.01096
v 25.0272 6.6983 0.512797
v 24.9725 10.2091 0.522725
v 25.0249 10.2008 0.512651
v 25.0638 6.70885 0.484022
v 25.063 10.1914 0.483896
v 25.0764 10.1834 0.44432
v 25.1676 6.60552 0.483898
v 28.0379 6.61893 0.44432
v 28.0471 6.60628 0.484013
v 25.1582 6.56741 0.512654
v 28.0577 6.56974 0.512787
v 28.0875 6.63221 0.44432
v 28.0379 6.61893 0.01096
v 28.0875 6.63221 0.01096
v 28.1238 6.66851 0.44432
v 28.1238 6.66851 0.01096
v 28.1371 6.7181 0.44432
v 28.1371 6.7181 0.01096
v 28.2325 6.64181 0.522725
v 28.7105 6.63975 0.522725
v 28.241 6.69243 0.522725
v 28.7034 6.68933 0.522725
v 28.2239 6.5912 0.522725
v 28.7176 6.59017 0.522725
v 28.1505 6.71021 0.483882
v 28.1371 10.1834 0.44432
v 28.1497 10.1927 0.484018
v 28.1886 6.70079 0.512635
v 28.1863 10.2032 0.512793
v 28.2366 10.2122 0.522725
v 28.803 6.7181 0.44432
v 28.8163 6.66851 0.44432
v 28.803 6.7181 0.01096
v 28.8163 6.66851 0.01096
v 28.8526 6.63221 0.44432
v 28.8526 6.63221 0.01096
v 28.9022 6.61893 0.44432
v 28.9022 6.61893 0.01096
v 28.7538 6.69831 0.512793
v 28.6991 10.2091 0.522725
v 28.7515 10.2007 0.512635
v 28.7904 6.70887 0.484019
v 28.7896 10.1913 0.483882
v 28.803 10.1834 0.44432
v 28.8942 6.60552 0.483898
v 31.6156 6.61893 0.44432
v 31.6248 6.60628 0.484013
v 28.8848 6.56741 0.512654
v 31.6354 6.56974 0.512787
v 31.6652 6.63221 0.44432
v 31.6156 6.61893 0.01096
v 31.6652 6.63221 0.01096
v 31.7015 6.66851 0.44432
v 31.7015 6.66851 0.01096
v 31.7148 6.7181 0.44432
v 31.7148 6.7181 0.01096
v 31.8102 6.64181 0.522725
v 32.2529 6.6432 0.522725
v 31.8188 6.69243 0.522725
v 32.2529 6.69175 0.522725
v 31.8017 6.5912 0.522725
v 32.2529 6.59465 0.522725
v 31.7282 6.7101 0.483898
v 31.7148 10.1834 0.44432
v 31.7275 10.1926 0.484015
v 31.7663 6.70069 0.512653
v 31.764 10.2032 0.512789
v 31.8144 10.2122 0.522725
v 32.3559 6.69175 0.4413
v 32.3559 6.6432 0.4413
v 32.3559 6.69175 0.01398
v 32.3559 6.6432 0.01398
v 32.3559 6.59465 0.4413
v 32.3559 6.59465 0.01398
v 32.3559 6.5461 0.01398
v 32.3044 6.69172 0.511816
v 32.2529 10.2098 0.522725
v 32.3044 10.2097 0.511816
v 32.3421 6.69172 0.482012
v 32.3421 10.2097 0.482013
v 32.3559 10.2098 0.4413
v 24.5566 10.2583 0.4413
v 24.5566 10.2098 0.01398
v 24.5566 10.2583 0.01398
v 24.5566 10.3069 0.4413
v 24.5566 10.3069 0.01398
v 24.5566 10.3554 0.4413
v 24.5566 10.3554 0.01398
v 24.6596 10.3069 0.522725
v 24.9895 10.3103 0.522725
v 24.6596 10.3554 0.522725
v 24.9981 10.361 0.522725
v 24.6596 10.2583 0.522725
v 24.981 10.2597 0.522725
v 24.5704 10.3551 0.482014
v 24.5566 10.8902 0.4413
v 24.5704 10.8905 0.482014
v 24.6081 10.3551 0.511818
v 24.6081 10.8905 0.511818
v 24.6596 10.8902 0.522725
v 25.1756 10.2826 0.44432
v 25.126 10.2693 0.44432
v 25.1756 10.2826 0.01096
v 25.126 10.2693 0.01096
v 25.0897 10.233 0.44432
v 25.0897 10.233 0.01096
v 25.0764 10.1834 0.01096
v 25.1468 10.3822 0.522725
v 25.1558 10.3318 0.512792
v 28.0636 10.3866 0.522725
v 28.0552 10.3341 0.512636
v 25.1664 10.2953 0.484018
v 28.0458 10.296 0.483883
v 28.0379 10.2826 0.44432
v 25.0477 10.368 0.522725
v 25.0487 10.8761 0.522725
v 24.9981 10.8846 0.522725
v 25.0972 10.3751 0.522725
v 25.0993 10.8676 0.522725
v 25.1499 10.859 0.522725
v 28.1238 10.233 0.44432
v 28.1371 10.1834 0.01096
v 28.1238 10.233 0.01096
v 28.0875 10.2693 0.44432
v 28.0875 10.2693 0.01096
v 28.0379 10.2826 0.01096
v 28.2225 10.3114 0.522725
v 28.7161 10.3103 0.522725
v 28.2154 10.361 0.522725
v 28.7247 10.361 0.522725
v 28.2296 10.2618 0.522725
v 28.7076 10.2597 0.522725
v 28.1142 10.378 0.522725
v 28.0667 10.8634 0.522725
v 28.1162 10.8705 0.522725
v 28.1648 10.3695 0.522725
v 28.1658 10.8776 0.522725
v 28.2154 10.8846 0.522725
v 28.9022 10.2826 0.44432
v 28.8526 10.2693 0.44432
v 28.9022 10.2826 0.01096
v 28.8526 10.2693 0.01096
v 28.8163 10.233 0.44432
v 28.8163 10.233 0.01096
v 28.803 10.1834 0.01096
v 28.8734 10.3822 0.522725
v 28.8824 10.3318 0.512792
v 31.6413 10.3866 0.522725
v 31.633 10.3341 0.512636
v 28.893 10.2953 0.484018
v 31.6235 10.296 0.483883
v 31.6156 10.2826 0.44432
v 28.7742 10.368 0.522725
v 28.7753 10.8761 0.522725
v 28.7247 10.8846 0.522725
v 28.8238 10.3751 0.522725
v 28.8259 10.8676 0.522725
v 28.8765 10.859 0.522725
v 31.7015 10.233 0.44432
v 31.7148 10.1834 0.01096
v 31.7015 10.233 0.01096
v 31.6652 10.2693 0.44432
v 31.6652 10.2693 0.01096
v 31.6156 10.2826 0.01096
v 31.7932 10.361 0.522725
v 31.8002 10.3114 0.522725
v 32.2529 10.3554 0.522725
v 32.2529 10.3069 0.522725
v 31.8073 10.2618 0.522725
v 32.2529 10.2583 0.522725
v 31.6919 10.378 0.522725
v 31.6444 10.8634 0.522725
v 31.694 10.8705 0.522725
v 31.7425 10.3695 0.522725
v 31.7436 10.8776 0.522725
v 31.7932 10.8846 0.522725
v 32.3559 10.3554 0.4413
v 32.3559 10.3069 0.4413
v 32.3559 10.3554 0.01398
v 32.3559 10.3069 0.01398
v 32.3559 10.2583 0.4413
v 32.3559 10.2583 0.01398
v 32.3559 10.2098 0.01398
v 32.3044 10.3552 0.511817
v 32.2529 10.8902 0.522725
v 32.3044 10.8904 0.511817
v 32.3421 10.3552 0.482013
v 32.3421 10.8904 0.482013
v 32.3559 10.8902 0.4413
v 24.5566 10.9387 0.4413
v 24.5566 10.8902 0.01398
v 24.5566 10.9387 0.01398
v 24.5566 10.9873 0.4413
v 24.5566 10.9873 0.01398
v 24.5566 11.0358 0.4413
v 24.5566 11.0358 0.01398
v 24.6596 11.0358 0.522725
v 24.6596 10.9873 0.522725
v 24.9768 11.0334 0.522725
v 24.9839 10.9838 0.522725
v 24.6596 10.9387 0.522725
v 24.991 10.9342 0.522725
v 24.5704 11.036 0.482013
v 24.5566 14.5385 0.4413
v 24.5704 14.5385 0.482012
v 24.6081 11.036 0.511817
v 24.6081 14.5385 0.511816
v 24.6596 14.5385 0.522725
v 25.0764 11.0622 0.44432
v 25.0897 11.0126 0.44432
v 25.0764 11.0622 0.01096
v 25.0897 11.0126 0.01096
v 25.126 10.9763 0.44432
v 25.126 10.9763 0.01096
v 25.1756 10.963 0.44432
v 25.1756 10.963 0.01096
v 25.0272 11.0424 0.512797
v 24.9725 14.5378 0.522725
v 25.0249 14.5295 0.512651
v 25.0638 11.0529 0.484022
v 25.063 14.5201 0.483896
v 25.0764 14.5121 0.44432
v 25.1677 10.9496 0.483883
v 28.0379 10.963 0.44432
v 28.0471 10.9503 0.484018
v 25.1583 10.9115 0.512636
v 28.0577 10.9138 0.512792
v 28.0875 10.9763 0.44432
v 28.0379 10.963 0.01096
v 28.0875 10.9763 0.01096
v 28.1238 11.0126 0.44432
v 28.1238 11.0126 0.01096
v 28.1371 11.0622 0.44432
v 28.1371 11.0622 0.01096
v 28.2325 10.9859 0.522725
v 28.7105 10.9838 0.522725
v 28.241 11.0365 0.522725
v 28.7034 11.0334 0.522725
v 28.2239 10.9353 0.522725
v 28.7176 10.9342 0.522725
v 28.1505 11.0543 0.483882
v 28.1371 14.5121 0.44432
v 28.1497 14.5214 0.484018
v 28.1886 11.0448 0.512635
v 28.1863 14.5319 0.512793
v 28.2366 14.5409 0.522725
v 28.803 11.0622 0.44432
v 28.8163 11.0126 0.44432
v 28.803 11.0622 0.01096
v 28.8163 11.0126 0.01096
v 28.8526 10.9763 0.44432
v 28.8526 10.9763 0.01096
v 28.9022 10.963 0.44432
v 28.9022 10.963 0.01096
v 28.7538 11.0424 0.512793
v 28.6991 14.5378 0.522725
v 28.7515 14.5294 0.512635
v 28.7904 11.0529 0.484018
v 28.7896 14.52 0.483882
v 28.803 14.5121 0.44432
v 28.8943 10.9496 0.483883
v 31.6156 10.963 0.44432
v 31.6249 10.9503 0.484018
v 28.8849 10.9115 0.512636
v 31.6354 10.9138 0.512792
v 31.6652 10.9763 0.44432
v 31.6156 10.963 0.01096
v 31.6652 10.9763 0.01096
v 31.7015 11.0126 0.44432
v 31.7015 11.0126 0.01096
v 31.7148 11.0622 0.44432
v 31.7148 11.0622 0.01096
v 31.8102 10.9859 0.522725
v 32.2529 10.9873 0.522725
v 31.8188 11.0365 0.522725
v 32.2529 11.0358 0.522725
v 31.8017 10.9353 0.522725
v 32.2529 10.9387 0.522725
v 31.7282 11.0542 0.483898
v 31.7148 14.5121 0.44432
v 31.7275 14.5213 0.484015
v 31.7663 11.0447 0.512653
v 31.764 14.5319 0.512789
v 31.8144 14.5409 0.522725
v 32.3559 11.0358 0.4413
v 32.3559 10.9873 0.4413
v 32.3559 11.0358 0.01398
v 32.3559 10.9873 0.01398
v 32.3559 10.9387 0.4413
v 32.3559 10.9387 0.01398
v 32.3559 10.8902 0.01398
v 32.3044 11.0358 0.511816
v 32.2529 14.5385 0.522725
v 32.3044 14.5384 0.511816
v 32.3421 11.0358 0.482012
v 32.3421 14.5384 0.482013
v 32.3559 14.5385 0.4413
v 24.5566 14.587 0.4413
v 24.5566 14.5385 0.01398
v 24.5566 14.587 0.01398
v 24.5566 14.6356 0.4413
v 24.5566 14.6356 0.01398
v 24.5566 14.6841 0.4413
v 24.5566 14.6841 0.01398
v 24.6596 14.6356 0.522725
v 24.9895 14.639 0.522725
v 24.6596 14.6841 0.522725
v 24.9981 14.6896 0.522725
v 24.6596 14.587 0.522725
v 24.981 14.5884 0.522725
v 24.5704 14.6838 0.482014
v 24.5566 15.1799 0.4413
v 24.5704 15.1799 0.482012
v 24.6081 14.6838 0.511818
v 24.6081 15.1799 0.511816
v 24.6596 15.1799 0.522725
v 25.1756 14.6113 0.44432
v 25.126 14.598 0.44432
v 25.1756 14.6113 0.01096
v 25.126 14.598 0.01096
v 25.0897 14.5617 0.44432
v 25.0897 14.5617 0.01096
v 25.0764 14.5121 0.01096
v 25.1468 14.7109 0.522725
v 25.1558 14.6605 0.512787
v 28.0636 14.7152 0.522725
v 28.0553 14.6628 0.512654
v 25.1664 14.6239 0.484013
v 28.0459 14.6247 0.483898
v 28.0379 14.6113 0.44432
v 25.0477 14.6967 0.522725
v 25.0036 15.1799 0.522725
v 25.0521 15.1799 0.522725
v 25.0972 14.7038 0.522725
v 25.1007 15.1799 0.522725
v 25.1492 15.1799 0.522725
v 28.1238 14.5617 0.44432
v 28.1371 14.5121 0.01096
v 28.1238 14.5617 0.01096
v 28.0875 14.598 0.44432
v 28.0875 14.598 0.01096
v 28.0379 14.6113 0.01096
v 28.2225 14.6401 0.522725
v 28.7161 14.639 0.522725
v 28.2154 14.6896 0.522725
v 28.7247 14.6896 0.522725
v 28.2296 14.5905 0.522725
v 28.7076 14.5884 0.522725
v 28.1142 14.7067 0.522725
v 28.1128 15.1799 0.522725
v 28.0642 15.1799 0.522725
v 28.1648 14.6982 0.522725
v 28.1613 15.1799 0.522725
v 28.2099 15.1799 0.522725
v 28.9022 14.6113 0.44432
v 28.8526 14.598 0.44432
v 28.9022 14.6113 0.01096
v 28.8526 14.598 0.01096
v 28.8163 14.5617 0.44432
v 28.8163 14.5617 0.01096
v 28.803 14.5121 0.01096
v 28.8734 14.7109 0.522725
v 28.8824 14.6605 0.512787
v 31.6413 14.7152 0.522725
v 31.6331 14.6628 0.512654
v 28.893 14.6239 0.484013
v 31.6236 14.6247 0.483898
v 31.6156 14.6113 0.44432
v 28.7742 14.6967 0.522725
v 28.7302 15.1799 0.522725
v 28.7787 15.1799 0.522725
v 28.8238 14.7038 0.522725
v 28.8273 15.1799 0.522725
v 28.8758 15.1799 0.522725
v 31.7015 14.5617 0.44432
v 31.7148 14.5121 0.01096
v 31.7015 14.5617 0.01096
v 31.6652 14.598 0.44432
v 31.6652 14.598 0.01096
v 31.6156 14.6113 0.01096
v 31.7932 14.6896 0.522725
v 31.8002 14.6401 0.522725
v 32.2529 14.6841 0.522725
v 32.2529 14.6356 0.522725
v 31.8073 14.5905 0.522725
v 32.2529 14.587 0.522725
v 31.6919 14.7067 0.522725
v 31.6905 15.1799 0.522725
v 31.642 15.1799 0.522725
v 31.7425 14.6982 0.522725
v 31.7391 15.1799 0.522725
v 31.7876 15.1799 0.522725
v 32.3559 14.6841 0.4413
v 32.3559 14.6356 0.4413
v 32.3559 14.6841 0.01398
v 32.3559 14.6356 0.01398
v 32.3559 14.587 0.4413
v 32.3559 14.587 0.01398
v 32.3559 14.5385 0.01398
v 32.3044 14.6839 0.511817
v 32.2529 15.1799 0.522725
v 32.3044 15.1799 0.511816
v 32.3421 14.6839 0.482013
v 32.3421 15.1799 0.482012
v 32.3559 15.1799 0.4413
v 24.5704 15.2314 0.4413
v 24.5566 15.1799 0.01398
v 24.5704 15.2314 0.01398
v 24.6081 15.2691 0.4413
v 24.6081 15.2691 0.01398
v 24.6596 15.2829 0.4413
v 24.6596 15.2829 0.01398
v 24.6596 15.2691 0.482012
v 25.0036 15.2829 0.4413
v 25.0038 15.2691 0.482013
v 24.6596 15.2314 0.511816
v 25.0038 15.2314 0.511817
v 25.0521 15.2829 0.4413
v 25.0036 15.2829 0.01398
v 25.0521 15.2829 0.01398
v 25.1007 15.2829 0.4413
v 25.1007 15.2829 0.01398
v 25.1492 15.2829 0.4413
v 25.1492 15.2829 0.01398
v 25.1493 15.2691 0.482013
v 28.0642 15.2829 0.4413
v 28.0643 15.2691 0.482012
v 25.1493 15.2314 0.511816
v 28.0643 15.2314 0.511816
v 28.1128 15.2829 0.4413
v 28.0642 15.2829 0.01398
v 28.1128 15.2829 0.01398
v 28.1613 15.2829 0.4413
v 28.1613 15.2829 0.01398
v 28.2099 15.2829 0.4413
v 28.2099 15.2829 0.01398
v 28.2097 15.2691 0.482013
v 28.7302 15.2829 0.4413
v 28.7304 15.2691 0.482013
v 28.2097 15.2314 0.511817
v 28.7304 15.2314 0.511817
v 28.7787 15.2829 0.4413
v 28.7302 15.2829 0.01398
v 28.7787 15.2829 0.01398
v 28.8273 15.2829 0.4413
v 28.8273 15.2829 0.01398
v 28.8758 15.2829 0.4413
v 28.8758 15.2829 0.01398
v 28.8759 15.2691 0.482013
v 31.642 15.2829 0.4413
v 31.642 15.2691 0.482012
v 28.8759 15.2314 0.511816
v 31.642 15.2314 0.511816
v 31.6905 15.2829 0.4413
v 31.642 15.2829 0.01398
v 31.6905 15.2829 0.01398
v 31.7391 15.2829 0.4413
v 31.7391 15.2829 0.01398
v 31.7876 15.2829 0.4413
v 31.7876 15.2829 0.01398
v 31.7874 15.2691 0.482013
v 32.2529 15.2829 0.4413
v 32.2529 15.2691 0.482012
v 31.7874 15.2314 0.511817
v 32.2529 15.2314 0.511816
v 32.3044 15.2691 0.4413
v 32.2529 15.2829 0.01398
v 32.3044 15.2691 0.01398
v 32.3421 15.2314 0.4413
v 32.3421 15.2314 0.01398
v 32.3559 15.1799 0.01398
v 24.5704 15.1799 -0.026733
v 24.5704 14.6838 -0.026734
v 24.6081 15.1799 -0.056537
v 24.6081 14.6838 -0.056539
v 24.6596 15.1799 -0.067446
v 24.6596 14.6841 -0.067446
v 24.6596 15.2314 -0.056537
v 25.0036 15.1799 -0.067446
v 25.0038 15.2314 -0.056538
v 24.6596 15.2691 -0.026733
v 25.0038 15.2691 -0.026734
v 25.0521 15.1799 -0.067446
v 25.0487 14.6982 -0.067446
v 24.9981 14.6896 -0.067446
v 25.1007 15.1799 -0.067446
v 25.0993 14.7067 -0.067446
v 25.1492 15.1799 -0.067446
v 25.1499 14.7152 -0.067446
v 25.1492 15.2314 -0.056537
v 28.0642 15.1799 -0.067446
v 28.0641 15.2314 -0.056537
v 25.1492 15.2691 -0.026733
v 28.0641 15.2691 -0.026733
v 28.1128 15.1799 -0.067446
v 28.0667 14.7109 -0.067446
v 28.1162 14.7038 -0.067446
v 28.1613 15.1799 -0.067446
v 28.1658 14.6967 -0.067446
v 28.2099 15.1799 -0.067446
v 28.2154 14.6896 -0.067446
v 28.2097 15.2314 -0.056538
v 28.7302 15.1799 -0.067446
v 28.7304 15.2314 -0.056538
v 28.2097 15.2691 -0.026734
v 28.7304 15.2691 -0.026734
v 28.7787 15.1799 -0.067446
v 28.7753 14.6982 -0.067446
v 28.7247 14.6896 -0.067446
v 28.8273 15.1799 -0.067446
v 28.8259 14.7067 -0.067446
v 28.8758 15.1799 -0.067446
v 28.8765 14.7152 -0.067446
v 28.8758 15.2314 -0.056537
v 31.642 15.1799 -0.067446
v 31.6419 15.2314 -0.056537
v 28.8758 15.2691 -0.026733
v 31.6419 15.2691 -0.026733
v 31.6905 15.1799 -0.067446
v 31.6444 14.7109 -0.067446
v 31.694 14.7038 -0.067446
v 31.7391 15.1799 -0.067446
v 31.7436 14.6967 -0.067446
v 31.7876 15.1799 -0.067446
v 31.7932 14.6896 -0.067446
v 31.7874 15.2314 -0.056538
v 32.2529 15.1799 -0.067446
v 32.2529 15.2314 -0.056537
v 31.7874 15.2691 -0.026734
v 32.2529 15.2691 -0.026733
v 32.3044 15.1799 -0.056537
v 32.2529 14.6841 -0.067446
v 32.3044 14.6839 -0.056538
v 32.3421 15.1799 -0.026733
v 32.3421 14.6839 -0.026734
v 24.6596 14.5385 -0.067446
v 24.6596 14.587 -0.067446
v 24.9768 14.5409 -0.067446
v 24.9839 14.5905 -0.067446
v 24.6596 14.6356 -0.067446
v 24.991 14.6401 -0.067446
v 24.5704 14.5383 -0.026733
v 24.5704 11.0358 -0.026733
v 24.6081 14.5383 -0.056537
v 24.6081 11.0358 -0.056537
v 24.6596 11.0358 -0.067446
v 25.0272 14.5319 -0.057517
v 24.9725 11.0365 -0.067446
v 25.0249 11.0448 -0.057372
v 25.0638 14.5214 -0.028742
v 25.063 11.0542 -0.028616
v 25.1676 14.6247 -0.028619
v 28.0471 14.6239 -0.028734
v 25.1582 14.6628 -0.057374
v 28.0577 14.6605 -0.057508
v 28.2325 14.5884 -0.067446
v 28.7105 14.5905 -0.067446
v 28.241 14.5378 -0.067446
v 28.7034 14.5409 -0.067446
v 28.2239 14.639 -0.067446
v 28.7176 14.6401 -0.067446
v 28.1505 14.52 -0.028603
v 28.1497 11.0529 -0.028739
v 28.1886 14.5294 -0.057356
v 28.1863 11.0424 -0.057513
v 28.2366 11.0334 -0.067446
v 28.7538 14.5319 -0.057513
v 28.6991 11.0365 -0.067446
v 28.7515 11.0448 -0.057356
v 28.7904 14.5214 -0.028739
v 28.7896 11.0543 -0.028603
v 28.8942 14.6247 -0.028619
v 31.6248 14.6239 -0.028734
v 28.8848 14.6628 -0.057374
v 31.6354 14.6605 -0.057508
v 31.8102 14.5884 -0.067446
v 32.2529 14.587 -0.067446
v 31.8188 14.5378 -0.067446
v 32.2529 14.5385 -0.067446
v 31.8017 14.639 -0.067446
v 32.2529 14.6356 -0.067446
v 31.7282 14.5201 -0.028618
v 31.7275 11.0529 -0.028735
v 31.7663 14.5295 -0.057374
v 31.764 11.0424 -0.057509
v 31.8144 11.0334 -0.067446
v 32.3044 14.5385 -0.056537
v 32.2529 11.0358 -0.067446
v 32.3044 11.0359 -0.056537
v 32.3421 14.5385 -0.026733
v 32.3421 11.0359 -0.026733
v 24.6596 10.9387 -0.067446
v 24.9895 10.9353 -0.067446
v 24.6596 10.8902 -0.067446
v 24.9981 10.8846 -0.067446
v 24.6596 10.9873 -0.067446
v 24.981 10.9859 -0.067446
v 24.5704 10.8905 -0.026734
v 24.5704 10.3551 -0.026734
v 24.6081 10.8905 -0.056539
v 24.6081 10.3551 -0.056539
v 24.6596 10.3554 -0.067446
v 25.1468 10.8634 -0.067446
v 25.1558 10.9138 -0.057513
v 28.0636 10.859 -0.067446
v 28.0552 10.9115 -0.057357
v 25.1664 10.9503 -0.028738
v 28.0458 10.9496 -0.028603
v 25.0477 10.8776 -0.067446
v 25.0487 10.3695 -0.067446
v 24.9981 10.361 -0.067446
v 25.0972 10.8705 -0.067446
v 25.0993 10.378 -0.067446
v 25.1499 10.3866 -0.067446
v 28.2225 10.9342 -0.067446
v 28.7161 10.9353 -0.067446
v 28.2154 10.8846 -0.067446
v 28.7247 10.8846 -0.067446
v 28.2296 10.9838 -0.067446
v 28.7076 10.9859 -0.067446
v 28.1142 10.8676 -0.067446
v 28.0667 10.3822 -0.067446
v 28.1162 10.3751 -0.067446
v 28.1648 10.8761 -0.067446
v 28.1658 10.368 -0.067446
v 28.2154 10.361 -0.067446
v 28.8734 10.8634 -0.067446
v 28.8824 10.9138 -0.057513
v 31.6413 10.859 -0.067446
v 31.633 10.9115 -0.057357
v 28.893 10.9503 -0.028738
v 31.6235 10.9496 -0.028603
v 28.7742 10.8776 -0.067446
v 28.7753 10.3695 -0.067446
v 28.7247 10.361 -0.067446
v 28.8238 10.8705 -0.067446
v 28.8259 10.378 -0.067446
v 28.8765 10.3866 -0.067446
v 31.7932 10.8846 -0.067446
v 31.8002 10.9342 -0.067446
v 32.2529 10.8902 -0.067446
v 32.2529 10.9387 -0.067446
v 31.8073 10.9838 -0.067446
v 32.2529 10.9873 -0.067446
v 31.6919 10.8676 -0.067446
v 31.6444 10.3822 -0.067446
v 31.694 10.3751 -0.067446
v 31.7425 10.8761 -0.067446
v 31.7436 10.368 -0.067446
v 31.7932 10.361 -0.067446
v 32.3044 10.8904 -0.056538
v 32.2529 10.3554 -0.067446
v 32.3044 10.3552 -0.056538
v 32.3421 10.8904 -0.026734
v 32.3421 10.3552 -0.026734
v 24.6596 10.2098 -0.067446
v 24.6596 10.2583 -0.067446
v 24.9768 10.2122 -0.067446
v 24.9839 10.2618 -0.067446
v 24.6596 10.3069 -0.067446
v 24.991 10.3114 -0.067446
v 24.5704 10.2096 -0.026733
v 24.5704 6.69171 -0.026733
v 24.6081 10.2096 -0.056537
v 24.6081 6.69171 -0.056537
v 24.6596 6.69175 -0.067446
v 25.0272 10.2032 -0.057517
v 24.9725 6.69243 -0.067446
v 25.0249 6.7007 -0.057372
v 25.0638 10.1927 -0.028742
v 25.063 6.71012 -0.028616
v 25.1677 10.296 -0.028603
v 28.0471 10.2953 -0.028738
v 25.1583 10.3341 -0.057357
v 28.0577 10.3318 -0.057513
v 28.2325 10.2597 -0.067446
v 28.7105 10.2618 -0.067446
v 28.241 10.2091 -0.067446
v 28.7034 10.2122 -0.067446
v 28.2239 10.3103 -0.067446
v 28.7176 10.3114 -0.067446
v 28.1505 10.1913 -0.028603
v 28.1497 6.70887 -0.028739
v 28.1886 10.2007 -0.057356
v 28.1863 6.69831 -0.057513
v 28.2366 6.68933 -0.067446
v 28.7538 10.2032 -0.057513
v 28.6991 6.69243 -0.067446
v 28.7515 6.70079 -0.057356
v 28.7904 10.1927 -0.028739
v 28.7896 6.71021 -0.028603
v 28.8943 10.296 -0.028603
v 31.6249 10.2953 -0.028738
v 28.8849 10.3341 -0.057357
v 31.6354 10.3318 -0.057513
v 31.8102 10.2597 -0.067446
v 32.2529 10.2583 -0.067446
v 31.8188 10.2091 -0.067446
v 32.2529 10.2098 -0.067446
v 31.8017 10.3103 -0.067446
v 32.2529 10.3069 -0.067446
v 31.7282 10.1914 -0.028618
v 31.7275 6.70889 -0.028735
v 31.7663 10.2008 -0.057374
v 31.764 6.69834 -0.057509
v 31.8144 6.68933 -0.067446
v 32.3044 10.2098 -0.056537
v 32.2529 6.69175 -0.067446
v 32.3044 6.69185 -0.056537
v 32.3421 10.2098 -0.026733
v 32.3421 6.69185 -0.026733
v 24.6596 6.59465 -0.067446
v 24.9895 6.5912 -0.067446
v 24.6596 6.5461 -0.067446
v 24.9981 6.54059 -0.067446
v 24.6596 6.6432 -0.067446
v 24.981 6.64181 -0.067446
v 24.5704 6.54641 -0.026734
v 24.5704 6.05033 -0.026733
v 24.6081 6.54641 -0.056539
v 24.6081 6.05033 -0.056537
v 24.6596 6.05033 -0.067446
v 25.1468 6.51936 -0.067446
v 25.1558 6.56974 -0.057508
v 28.0636 6.51498 -0.067446
v 28.0553 6.56741 -0.057374
v 25.1664 6.60628 -0.028734
v 28.0459 6.60552 -0.028619
v 25.0477 6.53351 -0.067446
v 25.0036 6.05033 -0.067446
v 25.0521 6.05033 -0.067446
v 25.0972 6.52644 -0.067446
v 25.1007 6.05033 -0.067446
v 25.1492 6.05033 -0.067446
v 28.2225 6.59017 -0.067446
v 28.7161 6.5912 -0.067446
v 28.2154 6.54059 -0.067446
v 28.7247 6.54059 -0.067446
v 28.2296 6.63975 -0.067446
v 28.7076 6.64181 -0.067446
v 28.1142 6.52352 -0.067446
v 28.1128 6.05033 -0.067446
v 28.0642 6.05033 -0.067446
v 28.1648 6.53205 -0.067446
v 28.1613 6.05033 -0.067446
v 28.2099 6.05033 -0.067446
v 28.8734 6.51936 -0.067446
v 28.8824 6.56974 -0.057508
v 31.6413 6.51498 -0.067446
v 31.6331 6.56741 -0.057374
v 28.893 6.60628 -0.028734
v 31.6236 6.60552 -0.028619
v 28.7742 6.53351 -0.067446
v 28.7302 6.05033 -0.067446
v 28.7787 6.05033 -0.067446
v 28.8238 6.52644 -0.067446
v 28.8273 6.05033 -0.067446
v 28.8758 6.05033 -0.067446
v 31.7932 6.54059 -0.067446
v 31.8002 6.59017 -0.067446
v 32.2529 6.5461 -0.067446
v 32.2529 6.59465 -0.067446
v 31.8073 6.63975 -0.067446
v 32.2529 6.6432 -0.067446
v 31.6919 6.52352 -0.067446
v 31.6905 6.05033 -0.067446
v 31.642 6.05033 -0.067446
v 31.7425 6.53205 -0.067446
v 31.7391 6.05033 -0.067446
v 31.7876 6.05033 -0.067446
v 32.3044 6.54633 -0.056538
v 32.2529 6.05033 -0.067446
v 32.3044 6.05033 -0.056537
v 32.3421 6.54633 -0.026734
v 32.3421 6.05033 -0.026733
v 24.6596 5.96114 -0.026733
v 25.0038 5.96114 -0.026734
v 24.6596 5.99884 -0.056537
v 25.0038 5.99884 -0.056538
v 25.1493 5.96114 -0.026733
v 28.0643 5.96114 -0.026733
v 25.1493 5.99884 -0.056537
v 28.0643 5.99884 -0.056537
v 28.2097 5.96114 -0.026734
v 28.7304 5.96114 -0.026734
v 28.2097 5.99884 -0.056538
v 28.7304 5.99884 -0.056538
v 28.8759 5.96114 -0.026733
v 31.642 5.96114 -0.026733
v 28.8759 5.99884 -0.056537
v 31.642 5.99884 -0.056537
v 31.7874 5.96114 -0.026734
v 32.2529 5.96114 -0.026733
v 31.7874 5.99884 -0.056538
v 32.2529 5.99884 -0.056537
v 24.5782 6.00583 0.476482
v 24.6151 5.96889 0.476482
v 24.6151 6.00583 0.505693
v 25.0523 5.96114 0.482013
v 25.1007 5.96114 0.482013
v 25.1007 5.99884 0.511816
v 25.0523 5.99884 0.511817
v 28.1127 5.96114 0.482013
v 28.1612 5.96114 0.482013
v 28.1612 5.99884 0.511817
v 28.1127 5.99884 0.511817
v 28.7789 5.96114 0.482013
v 28.8273 5.96114 0.482013
v 28.8273 5.99884 0.511816
v 28.7789 5.99884 0.511817
v 31.6904 5.96114 0.482013
v 31.7389 5.96114 0.482013
v 31.7389 5.99884 0.511817
v 31.6904 5.99884 0.511817
v 32.2974 5.96889 0.476482
v 32.3343 6.00583 0.476482
v 32.2974 6.00583 0.505693
v 24.5704 6.6434 0.482013
v 24.5704 6.59491 0.482013
v 24.6081 6.59491 0.511818
v 24.6081 6.6434 0.511817
v 25.1103 6.61866 0.487403
v 25.0769 6.65183 0.487474
v 25.0422 6.64156 0.513023
v 25.0488 6.58959 0.517926
v 25.1008 6.58317 0.51292
v 28.1373 6.65296 0.487382
v 28.1041 6.61944 0.487461
v 28.1144 6.58472 0.513011
v 28.1664 6.5913 0.517921
v 28.1728 6.64344 0.512897
v 28.8369 6.61866 0.487402
v 28.8035 6.65191 0.487458
v 28.7688 6.64165 0.513005
v 28.7754 6.5896 0.517925
v 28.8274 6.58317 0.51292
v 31.7151 6.65285 0.487402
v 31.6819 6.61943 0.487464
v 31.6921 6.58472 0.513011
v 31.7441 6.59128 0.517924
v 31.7506 6.64332 0.51292
v 32.3421 6.5948 0.482013
v 32.3421 6.64326 0.482013
v 32.3044 6.64326 0.511816
v 32.3044 6.5948 0.511817
v 24.5704 10.3067 0.482013
v 24.5704 10.2583 0.482013
v 24.6081 10.2583 0.511817
v 24.6081 10.3067 0.511817
v 25.0761 10.2487 0.487405
v 25.1094 10.2821 0.487457
v 25.0991 10.3168 0.513004
v 25.0471 10.3103 0.517925
v 25.0407 10.2582 0.512923
v 28.103 10.2829 0.487383
v 28.1366 10.2496 0.487455
v 28.1713 10.2599 0.513005
v 28.1647 10.3119 0.517922
v 28.1126 10.3184 0.512898
v 28.8027 10.2486 0.487382
v 28.836 10.2821 0.487455
v 28.8257 10.3168 0.513004
v 28.7737 10.3102 0.517922
v 28.7673 10.2581 0.512897
v 31.6808 10.2829 0.487382
v 31.7143 10.2497 0.487462
v 31.749 10.2599 0.513013
v 31.7424 10.3119 0.517922
v 31.6903 10.3184 0.512898
v 32.3421 10.2582 0.482013
v 32.3421 10.3067 0.482013
v 32.3044 10.3067 0.511817
v 32.3044 10.2582 0.511817
v 24.5704 10.9875 0.482013
v 24.5704 10.939 0.482013
v 24.6081 10.939 0.511818
v 24.6081 10.9875 0.511817
v 25.1104 10.9627 0.487383
v 25.0769 10.9959 0.487471
v 25.0422 10.9856 0.513023
v 25.0488 10.9337 0.517923
v 25.1009 10.9272 0.512898
v 28.1373 10.997 0.487382
v 28.1041 10.9635 0.487455
v 28.1143 10.9288 0.513004
v 28.1664 10.9354 0.517922
v 28.1728 10.9875 0.512897
v 28.837 10.9627 0.487383
v 28.8035 10.996 0.487455
v 28.7688 10.9857 0.513005
v 28.7754 10.9337 0.517922
v 28.8275 10.9272 0.512898
v 31.7151 10.9969 0.487403
v 31.6818 10.9635 0.487458
v 31.6921 10.9288 0.513004
v 31.7441 10.9353 0.517925
v 31.7506 10.9874 0.51292
v 32.3421 10.9389 0.482013
v 32.3421 10.9873 0.482013
v 32.3044 10.9873 0.511816
v 32.3044 10.9389 0.511817
v 24.5704 14.6354 0.482013
v 24.5704 14.5869 0.482013
v 24.6081 14.5869 0.511817
v 24.6081 14.6354 0.511817
v 25.0761 14.5774 0.487404
v 25.1094 14.6108 0.487463
v 25.0991 14.6455 0.513011
v 25.0471 14.6389 0.517924
v 25.0407 14.5869 0.512923
v 28.1031 14.6116 0.487402
v 28.1366 14.5783 0.487458
v 28.1713 14.5886 0.513005
v 28.1647 14.6406 0.517925
v 28.1127 14.6471 0.51292
v 28.8027 14.5773 0.487382
v 28.836 14.6108 0.487461
v 28.8257 14.6455 0.513011
v 28.7737 14.6389 0.517921
v 28.7673 14.5868 0.512897
v 31.6809 14.6116 0.487402
v 31.7143 14.5784 0.487465
v 31.749 14.5886 0.513013
v 31.7425 14.6406 0.517925
v 31.6904 14.6471 0.51292
v 32.3421 14.5869 0.482013
v 32.3421 14.6354 0.482013
v 32.3044 14.6354 0.511817
v 32.3044 14.5869 0.511817
v 24.6151 15.2613 0.476482
v 24.5782 15.2244 0.476482
v 24.6151 15.2244 0.505693
v 25.1008 15.2691 0.482013
v 25.0523 15.2691 0.482013
v 25.0523 15.2314 0.511817
v 25.1008 15.2314 0.511817
v 28.1612 15.2691 0.482013
v 28.1127 15.2691 0.482013
v 28.1127 15.2314 0.511816
v 28.1612 15.2314 0.511817
v 28.8274 15.2691 0.482013
v 28.7789 15.2691 0.482013
v 28.7789 15.2314 0.511817
v 28.8274 15.2314 0.511817
v 31.739 15.2691 0.482013
v 31.6905 15.2691 0.482013
v 31.6905 15.2314 0.511816
v 31.739 15.2314 0.511817
v 32.3343 15.2244 0.476482
v 32.2974 15.2613 0.476482
v 32.2974 15.2244 0.505693
v 24.6151 15.2244 -0.050413
v 24.5782 15.2244 -0.021203
v 24.6151 15.2613 -0.021203
v 25.1007 15.2314 -0.056537
v 25.0523 15.2314 -0.056537
v 25.0523 15.2691 -0.026733
v 25.1007 15.2691 -0.026733
v 28.1612 15.2314 -0.056537
v 28.1127 15.2314 -0.056537
v 28.1127 15.2691 -0.026733
v 28.1612 15.2691 -0.026733
v 28.8273 15.2314 -0.056537
v 28.7789 15.2314 -0.056537
v 28.7789 15.2691 -0.026733
v 28.8273 15.2691 -0.026733
v 31.7389 15.2314 -0.056537
v 31.6904 15.2314 -0.056537
v 31.6904 15.2691 -0.026733
v 31.7389 15.2691 -0.026733
v 32.3343 15.2244 -0.021203
v 32.2974 15.2244 -0.050413
v 32.2974 15.2613 -0.021203
v 24.5704 14.5868 -0.026734
v 24.5704 14.6353 -0.026734
v 24.6081 14.6353 -0.056538
v 24.6081 14.5868 -0.056538
v 25.1103 14.6116 -0.032123
v 25.0769 14.5784 -0.032194
v 25.0422 14.5887 -0.057743
v 25.0488 14.6406 -0.062646
v 25.1008 14.6471 -0.05764
v 28.1373 14.5773 -0.032102
v 28.1041 14.6108 -0.032181
v 28.1144 14.6455 -0.057732
v 28.1664 14.6389 -0.062642
v 28.1728 14.5868 -0.057618
v 28.8369 14.6116 -0.032123
v 28.8035 14.5783 -0.032179
v 28.7688 14.5886 -0.057725
v 28.7754 14.6406 -0.062646
v 28.8274 14.6471 -0.05764
v 31.7151 14.5774 -0.032122
v 31.6819 14.6108 -0.032184
v 31.6921 14.6455 -0.057732
v 31.7441 14.6389 -0.062645
v 31.7506 14.5869 -0.057641
v 32.3421 14.6354 -0.026733
v 32.3421 14.587 -0.026733
v 32.3044 14.587 -0.056537
v 32.3044 14.6354 -0.056537
v 24.5704 10.9389 -0.026734
v 24.5704 10.9873 -0.026733
v 24.6081 10.9873 -0.056537
v 24.6081 10.9389 -0.056538
v 25.0761 10.9969 -0.032125
v 25.1094 10.9635 -0.032178
v 25.0991 10.9288 -0.057725
v 25.0471 10.9353 -0.062645
v 25.0407 10.9874 -0.057643
v 28.103 10.9627 -0.032103
v 28.1366 10.996 -0.032176
v 28.1713 10.9857 -0.057725
v 28.1647 10.9337 -0.062643
v 28.1126 10.9272 -0.057618
v 28.8027 10.997 -0.032103
v 28.836 10.9635 -0.032175
v 28.8257 10.9288 -0.057725
v 28.7737 10.9354 -0.062643
v 28.7673 10.9875 -0.057618
v 31.6808 10.9627 -0.032102
v 31.7143 10.9959 -0.032182
v 31.749 10.9857 -0.057733
v 31.7424 10.9337 -0.062642
v 31.6903 10.9272 -0.057618
v 32.3421 10.9874 -0.026733
v 32.3421 10.9389 -0.026733
v 32.3044 10.9389 -0.056537
v 32.3044 10.9874 -0.056537
v 24.5704 10.2581 -0.026734
v 24.5704 10.3066 -0.026734
v 24.6081 10.3066 -0.056538
v 24.6081 10.2581 -0.056538
v 25.1104 10.2829 -0.032104
v 25.0769 10.2497 -0.032191
v 25.0422 10.26 -0.057743
v 25.0488 10.3119 -0.062643
v 25.1009 10.3184 -0.057618
v 28.1373 10.2486 -0.032103
v 28.1041 10.2821 -0.032175
v 28.1143 10.3168 -0.057725
v 28.1664 10.3102 -0.062643
v 28.1728 10.2581 -0.057618
v 28.837 10.2829 -0.032103
v 28.8035 10.2496 -0.032176
v 28.7688 10.2599 -0.057725
v 28.7754 10.3119 -0.062643
v 28.8275 10.3184 -0.057618
v 31.7151 10.2487 -0.032123
v 31.6818 10.2821 -0.032178
v 31.6921 10.3168 -0.057725
v 31.7441 10.3103 -0.062646
v 31.7506 10.2582 -0.057641
v 32.3421 10.3067 -0.026733
v 32.3421 10.2583 -0.026733
v 32.3044 10.2583 -0.056537
v 32.3044 10.3067 -0.056537
v 24.5704 6.59485 -0.026734
v 24.5704 6.64328 -0.026733
v 24.6081 6.64328 -0.056537
v 24.6081 6.59485 -0.056538
v 25.0761 6.65284 -0.032124
v 25.1094 6.61943 -0.032184
v 25.0991 6.58472 -0.057732
v 25.0471 6.59129 -0.062644
v 25.0407 6.64331 -0.057643
v 28.1031 6.61866 -0.032123
v 28.1366 6.65191 -0.032179
v 28.1713 6.64165 -0.057725
v 28.1647 6.5896 -0.062646
v 28.1127 6.58317 -0.05764
v 28.8027 6.65296 -0.032102
v 28.836 6.61944 -0.032181
v 28.8257 6.58472 -0.057732
v 28.7737 6.5913 -0.062642
v 28.7673 6.64344 -0.057618
v 31.6809 6.61866 -0.032122
v 31.7143 6.65187 -0.032185
v 31.749 6.64161 -0.057733
v 31.7425 6.5896 -0.062645
v 31.6904 6.58317 -0.05764
v 32.3421 6.64335 -0.026733
v 32.3421 6.59484 -0.026733
v 32.3044 6.59484 -0.056537
v 32.3044 6.64335 -0.056537
v 24.6151 5.96889 -0.021203
v 24.5782 6.00583 -0.021203
v 24.6151 6.00583 -0.050413
v 25.1008 5.96114 -0.026733
v 25.0523 5.96114 -0.026733
v 25.0523 5.99884 -0.056537
v 25.1008 5.99884 -0.056537
v 28.1612 5.96114 -0.026733
v 28.1127 5.96114 -0.026733
v 28.1127 5.99884 -0.056537
v 28.1612 5.99884 -0.056537
v 28.8274 5.96114 -0.026733
v 28.7789 5.96114 -0.026733
v 28.7789 5.99884 -0.056537
v 28.8274 5.99884 -0.056537
v 31.739 5.96114 -0.026733
v 31.6905 5.96114 -0.026733
v 31.6905 5.99884 -0.056537
v 31.739 5.99884 -0.056537
v 32.3343 6.00583 -0.021203
v 32.2974 5.96889 -0.021203
v 32.2974 6.00583 -0.050413
vn -0.034236 -0.999003 0.028657
vn -0.49921 -0.866172 0.023159
vn -0.034236 -0.999003 -0.028657
vn -0.499209 -0.866172 -0.023159
vn -0.866319 -0.498956 0.023101
vn -0.866319 -0.498956 -0.023102
vn -0.999277 -0.024724 0.028874
vn -0.999277 -0.024724 -0.028874
vn -0.026197 -0.018398 0.999488
vn -0.022533 -0.400309 0.916103
vn -0 -0.020344 0.999793
vn 0 -0.41537 0.909653
vn -0.025549 -0.797171 0.603213
vn 2e-06 -0.807552 0.589797
vn 0 -0.999565 0.029481
vn -0.798012 -0.018165 0.602368
vn -0.999565 0 0.029484
vn -0.807534 3e-06 0.589821
vn -0.40323 -0.015377 0.91497
vn -0.415344 1e-06 0.909665
vn -0.028051 -0 0.999607
vn 0 -0.999566 0.029465
vn -1e-06 -0.999566 0.029444
vn -0 -0.999566 -0.02946
vn -1e-06 -0.999566 -0.029456
vn -1e-06 -0.999566 0.029446
vn -1e-06 -0.999566 -0.029458
vn 0 -0.999565 -0.029482
vn -0 -0.021061 0.999778
vn 0 -0.415262 0.909702
vn -0 -0.02091 0.999781
vn -0 -0.415184 0.909738
vn 0 -0.807599 0.589732
vn 0 -0.807616 0.589708
vn 0 -0.999566 0.02946
vn 0 -0.020066 0.999799
vn 0.006388 0.009674 0.999933
vn 0.000806 0.0008 0.999999
vn 0 -0.020386 0.999792
vn 0.006196 0.017164 0.999834
vn 6.4e-05 0.018292 0.999833
vn 0 -0.999565 0.029488
vn 1e-06 -0.999566 0.029458
vn 0 -0.999565 -0.029487
vn 1e-06 -0.999566 -0.029446
vn 1e-06 -0.999566 0.029456
vn 1e-06 -0.999566 -0.029444
vn -0 -0.999566 -0.029465
vn 0 -0.020529 0.999789
vn 0 -0.415402 0.909638
vn -0 -0.020513 0.99979
vn -1e-06 -0.415398 0.90964
vn 1e-06 -0.807531 0.589826
vn -1e-06 -0.807534 0.589822
vn -0 -0.999565 0.029487
vn -0 -0.020479 0.99979
vn -0.000102 0.018333 0.999832
vn -0.005818 0.016904 0.99984
vn -0 -0.02021 0.999796
vn -0.006245 0.009673 0.999934
vn -0.000568 0.000572 1
vn -1e-06 -0.999566 0.029447
vn -0 -0.02106 0.999778
vn -0 -0.020909 0.999781
vn 0 -0.807617 0.589707
vn 0.006388 0.009675 0.999933
vn 0.000562 0.000558 1
vn 0.006196 0.017165 0.999834
vn 6.7e-05 0.018291 0.999833
vn -0 -0.999565 0.029479
vn -0 -0.999565 -0.029478
vn 1e-06 -0.999566 -0.029447
vn 0 -0.020348 0.999793
vn -0 -0.415377 0.909649
vn 0.019983 -0.018787 0.999624
vn 0.017176 -0.40389 0.914646
vn -2e-06 -0.807554 0.589794
vn 0.019485 -0.799717 0.600061
vn 0.026198 -0.99924 0.028849
vn -0.000107 0.018332 0.999832
vn -0.005817 0.016902 0.99984
vn -0.006244 0.00967 0.999934
vn -0.000621 0.000625 1
vn 0.999277 -0.024726 0.028873
vn 0.866295 -0.498998 0.023099
vn 0.999277 -0.024726 -0.028873
vn 0.866295 -0.498998 -0.023099
vn 0.499219 -0.866166 0.023155
vn 0.49922 -0.866166 -0.023155
vn 0.026198 -0.99924 -0.028849
vn 0.403227 -0.015377 0.914971
vn 0.02139 -0 0.999771
vn 0.415325 -0 0.909673
vn 0.797991 -0.018164 0.602396
vn 0.807526 1e-06 0.589832
vn 0.999565 0 0.029481
vn -0.999566 -0 0.02946
vn -0.999565 0 -0.029483
vn -0.999567 -0 -0.029443
vn -0.999566 -0 0.029458
vn -0.999567 -2e-06 -0.029439
vn -0.999566 -0 0.029466
vn -0.999566 0 -0.02947
vn -0.029655 0 0.99956
vn -0.028758 0 0.999586
vn 0.026569 0.000112 0.999647
vn 0.023844 0.00794 0.999684
vn -0.028231 0 0.999601
vn 0.013951 0.008779 0.999864
vn -0.807601 -0 0.589729
vn -0.999566 -0 0.02947
vn -0.807587 0 0.589748
vn -0.415196 -0 0.909732
vn -0.415256 0 0.909705
vn -0.029755 0 0.999557
vn 0.999602 0.00381 0.027941
vn 0.865798 0.498801 0.039885
vn 0.999603 0.003792 -0.027927
vn 0.865826 0.498708 -0.040449
vn 0.498188 0.866135 0.040228
vn 0.498276 0.866113 -0.039613
vn 0.004569 0.999594 0.028112
vn 0.00459 0.999593 -0.028143
vn 0.394448 0.001904 0.918916
vn 0.026458 -6.4e-05 0.99965
vn 0.394817 -0.001492 0.918759
vn 0.803535 0.003817 0.595246
vn 0.803795 -0.003412 0.594897
vn 0.999603 -0.003792 0.027928
vn 0.003988 0.801923 0.597415
vn -0.00459 0.999593 0.028143
vn -0.004471 0.801556 0.597904
vn 0.001768 0.391102 0.920346
vn -0.002266 0.390314 0.920679
vn -0.498305 0.866098 0.039582
vn -0.004569 0.999594 -0.028112
vn -0.498205 0.866127 -0.040208
vn -0.865834 0.498698 0.040386
vn -0.8658 0.498801 -0.039844
vn -0.999603 0.003792 0.027926
vn -0.999602 0.00381 -0.027941
vn -0.017108 0.005964 0.999836
vn 0.01671 0.005564 0.999845
vn -0.018823 4.5e-05 0.999823
vn 0.01893 7.9e-05 0.999821
vn -0.00985 0.006316 0.999932
vn 0.009675 0.006091 0.999935
vn -0.803784 0.003408 0.594912
vn -0.999602 -0.00381 0.027941
vn -0.803505 -0.003818 0.595286
vn -0.394868 0.001487 0.918737
vn -0.394503 -0.001902 0.918893
vn -0.01893 -7.9e-05 0.999821
vn 0.999602 0.00381 0.027937
vn 0.8658 0.498801 0.03984
vn 0.999603 0.003792 -0.027922
vn 0.865835 0.498698 -0.040384
vn 0.4982 0.86613 0.040206
vn 0.498299 0.866101 -0.039581
vn 0.004815 0.999593 0.028124
vn 0.004837 0.999592 -0.028154
vn 0.3945 0.001902 0.918894
vn 0.018823 -4.5e-05 0.999823
vn 0.394865 -0.001487 0.918738
vn 0.803519 0.003817 0.595266
vn 0.803799 -0.003409 0.594892
vn 0.999603 -0.003792 0.027922
vn 0.004201 0.801918 0.59742
vn -0.004837 0.999592 0.028154
vn -0.004709 0.801556 0.597901
vn 0.001861 0.391046 0.920369
vn -0.002385 0.390265 0.9207
vn -0.498281 0.866111 0.039606
vn -0.004815 0.999593 -0.028124
vn -0.4982 0.866129 -0.040214
vn -0.865836 0.498692 0.040435
vn -0.865813 0.498778 -0.039858
vn -0.999603 0.003792 0.027925
vn -0.999602 0.00381 -0.027937
vn -0.018468 0.006435 0.999809
vn 0.021647 0 0.999766
vn -0.019869 4.8e-05 0.999803
vn 0.022358 0 0.99975
vn -0.010768 0.006901 0.999918
vn 0.021286 0 0.999773
vn -0.803783 0.003414 0.594913
vn -0.999602 -0.00381 0.027937
vn -0.803538 -0.003816 0.595241
vn -0.394829 0.001492 0.918753
vn -0.394459 -0.001902 0.918912
vn -0.019937 -8.4e-05 0.999801
vn 0.999566 -0 0.02947
vn 0.999566 -1e-06 0.029447
vn 0.999566 -0 -0.029467
vn 0.999566 -1e-06 -0.02946
vn 0.999566 -1e-06 0.029451
vn 0.999566 -1e-06 -0.029463
vn 0.999565 0 -0.029482
vn 0.415259 0 0.909703
vn 0.022302 -0 0.999751
vn 0.415215 -0 0.909723
vn 0.807556 -0 0.589791
vn 0.807566 -0 0.589778
vn 0.999566 -0 0.029467
vn -0.999567 2e-06 0.029439
vn -0.999566 0 -0.029466
vn -0.999566 0 -0.029458
vn -0.999567 0 0.029443
vn -0.999566 0 -0.02946
vn -0.999565 -0 0.029494
vn -0.999565 -0 -0.029495
vn -0.028067 -1e-06 0.999606
vn 0.014111 -0.009043 0.99986
vn -0.028326 -0 0.999599
vn 0.000773 -0.000779 0.999999
vn -0.028697 -0 0.999588
vn 0.024303 -0.00847 0.999669
vn -0.807515 -1e-06 0.589846
vn -0.999565 0 0.029495
vn -0.807512 0 0.589851
vn -0.415373 -1e-06 0.909651
vn -0.41538 1e-06 0.909648
vn -0.028344 0 0.999598
vn 0.00459 -0.999593 0.028144
vn 0.498294 -0.866103 0.0396
vn 0.004569 -0.999595 -0.028107
vn 0.49819 -0.866137 -0.040171
vn 0.865818 -0.498722 0.040444
vn 0.865779 -0.498837 -0.039854
vn 0.999602 -0.00381 -0.027941
vn 0.0001 -0.018008 0.999838
vn 0.002266 -0.390361 0.920659
vn -6.2e-05 -0.017844 0.999841
vn -0.001762 -0.391101 0.920346
vn 0.004473 -0.801534 0.597933
vn -0.003983 -0.801936 0.597397
vn -0.004569 -0.999595 0.028107
vn 0.005858 -0.00907 0.999942
vn 0.006043 0.009147 0.99994
vn 0.000768 0.000762 0.999999
vn 0.005536 -0.016086 0.999855
vn 0.005937 0.016435 0.999847
vn 6.2e-05 0.017844 0.999841
vn -0.865782 -0.498836 0.039814
vn -0.999603 -0.003792 -0.027926
vn -0.865826 -0.498713 -0.040381
vn -0.498207 -0.866128 0.040152
vn -0.498323 -0.866088 -0.039567
vn -0.00459 -0.999593 -0.028143
vn -0.009677 -0.006092 0.999935
vn 0.00985 -0.006316 0.999932
vn -0.000539 -0.000535 1
vn 0.000544 -0.000548 1
vn -0.016711 -0.005564 0.999845
vn 0.017108 -0.005964 0.999836
vn -0.005937 -0.016435 0.999847
vn -0.0001 0.018008 0.999838
vn -0.005535 0.016086 0.999855
vn -0.006043 -0.009148 0.99994
vn -0.005859 0.009073 0.999942
vn -0.000544 0.000548 1
vn 0.004837 -0.999592 0.028154
vn 0.498318 -0.866091 0.039566
vn 0.004815 -0.999593 -0.028119
vn 0.498202 -0.866131 -0.040151
vn 0.865827 -0.498712 0.040377
vn 0.865782 -0.498836 -0.039813
vn 0.999602 -0.00381 -0.027937
vn 0.000105 -0.018007 0.999838
vn 0.002387 -0.390312 0.92068
vn -6.5e-05 -0.017842 0.999841
vn -0.001855 -0.391046 0.920369
vn 0.004712 -0.801535 0.59793
vn -0.004196 -0.801935 0.597397
vn -0.004815 -0.999593 0.028118
vn 0.005859 -0.009072 0.999942
vn 0.006043 0.009148 0.99994
vn 0.000539 0.000535 1
vn 0.005536 -0.016087 0.999855
vn 0.005937 0.016436 0.999847
vn 6.5e-05 0.017842 0.999841
vn -0.865793 -0.498814 0.039827
vn -0.999603 -0.003792 -0.027925
vn -0.865828 -0.498706 -0.040437
vn -0.498201 -0.866131 0.040154
vn -0.498297 -0.866102 -0.039596
vn -0.004837 -0.999592 -0.028154
vn -0.000585 -0.000581 1
vn -0.010661 -0.00671 0.999921
vn 0.021599 -0 0.999767
vn 0.021435 -0 0.99977
vn -0.018148 -0.006044 0.999817
vn 0.021737 -0 0.999764
vn -0.005937 -0.016436 0.999847
vn -0.000105 0.018007 0.999838
vn -0.006043 -0.009149 0.99994
vn -0.005858 0.00907 0.999942
vn -0.000589 0.000594 1
vn 0.999565 0 0.02949
vn 0.999566 1e-06 0.029463
vn 0.999565 -0 -0.029489
vn 0.999566 1e-06 -0.029451
vn 0.999566 1e-06 0.02946
vn 0.999566 1e-06 -0.029447
vn 0.999566 0 -0.02947
vn 0.415355 -0 0.90966
vn 0.021584 0 0.999767
vn 0.415351 0 0.909661
vn 0.807512 -0 0.589851
vn 0.807515 -0 0.589847
vn 0.999565 -0 0.029489
vn -0.999565 0 -0.029494
vn -0.999567 -2e-06 -0.02944
vn 0.023845 0.00794 0.999684
vn 0.013955 0.008781 0.999864
vn 0.999602 0.003827 0.027942
vn 0.865788 0.498823 0.039854
vn 0.999603 0.003809 -0.027928
vn 0.865826 0.498708 -0.040443
vn 0.498165 0.866151 0.04017
vn 0.498269 0.866118 -0.039601
vn 0.004568 0.999594 0.028112
vn 0.004589 0.999593 -0.028148
vn 0.394443 0.001913 0.918918
vn 0.026457 -6.4e-05 0.99965
vn 0.394812 -0.001498 0.918761
vn 0.803535 0.003835 0.595245
vn 0.803796 -0.003427 0.594896
vn 0.999603 -0.003809 0.027928
vn 0.003982 0.801921 0.597417
vn -0.004589 0.999593 0.028148
vn -0.004473 0.801517 0.597955
vn 0.001762 0.391106 0.920344
vn -0.002267 0.390365 0.920657
vn -0.498298 0.866103 0.039566
vn -0.004568 0.999594 -0.028112
vn -0.498182 0.866142 -0.040153
vn -0.865834 0.498699 0.040379
vn -0.86579 0.498822 -0.039814
vn -0.999603 0.003808 0.027927
vn -0.999602 0.003827 -0.027942
vn -0.017107 0.005964 0.999836
vn 0.016711 0.005564 0.999845
vn -0.018822 4.6e-05 0.999823
vn 0.01893 8e-05 0.999821
vn 0.009677 0.006093 0.999935
vn -0.803785 0.003423 0.594909
vn -0.999602 -0.003827 0.027942
vn -0.803507 -0.003834 0.595283
vn -0.394863 0.001493 0.918739
vn -0.394498 -0.00191 0.918895
vn -0.01893 -8e-05 0.999821
vn 0.999602 0.003827 0.027938
vn 0.86579 0.498822 0.039813
vn 0.999603 0.003809 -0.027923
vn 0.865835 0.498699 -0.040375
vn 0.498176 0.866146 0.040152
vn 0.498293 0.866105 -0.039565
vn 0.004814 0.999593 0.028124
vn 0.004836 0.999592 -0.028159
vn 0.394496 0.00191 0.918896
vn 0.018822 -4.6e-05 0.999823
vn 0.39486 -0.001493 0.91874
vn 0.80352 0.003834 0.595265
vn 0.8038 -0.003424 0.59489
vn 0.999603 -0.003809 0.027923
vn 0.004195 0.801919 0.597417
vn -0.004836 0.999592 0.028159
vn -0.004711 0.80152 0.59795
vn 0.001855 0.391052 0.920367
vn -0.002386 0.390316 0.920678
vn -0.498273 0.866116 0.039597
vn -0.004814 0.999593 -0.028123
vn -0.498177 0.866145 -0.040154
vn -0.865836 0.498692 0.040436
vn -0.865802 0.4988 -0.039825
vn -0.999603 0.003809 0.027926
vn -0.999602 0.003827 -0.027938
vn -0.018468 0.006436 0.999809
vn -0.019868 4.8e-05 0.999803
vn -0.010766 0.0069 0.999918
vn -0.803785 0.003428 0.594911
vn -0.999602 -0.003827 0.027938
vn -0.80354 -0.003832 0.595238
vn -0.394824 0.001498 0.918756
vn -0.394454 -0.00191 0.918914
vn 0.999566 -1e-06 0.029448
vn 0.999566 -1e-06 0.02945
vn 0.999566 -1e-06 -0.029462
vn 0.999565 -0 -0.02949
vn -0.999566 0 0.029444
vn -0.999565 -0 0.029483
vn -0.999565 -0 -0.029484
vn 0.014112 -0.009043 0.99986
vn -0.028032 0 0.999607
vn 0.000814 -0.00082 0.999999
vn -0.807538 -3e-06 0.589815
vn -0.999277 0.024724 0.028874
vn -0.798012 0.018165 0.602368
vn -0.415337 -1e-06 0.909668
vn -0.403229 0.015377 0.91497
vn -0.026197 0.018398 0.999488
vn 0.00459 -0.999593 0.028143
vn 0.498288 -0.866106 0.039613
vn 0.004569 -0.999594 -0.028112
vn 0.498201 -0.866128 -0.040228
vn 0.865823 -0.498713 0.040449
vn 0.865795 -0.498806 -0.039884
vn 0.999602 -0.003827 -0.027942
vn 0.000102 -0.018333 0.999832
vn 0.002265 -0.390313 0.92068
vn -6.4e-05 -0.018292 0.999833
vn -0.001768 -0.391101 0.920346
vn 0.004471 -0.801559 0.597899
vn -0.003988 -0.801925 0.597411
vn -0.004569 -0.999594 0.028112
vn 0.006244 -0.00967 0.999934
vn -0 0.020366 0.999793
vn 0 0.02021 0.999796
vn 0.005818 -0.016902 0.99984
vn 0 0.020479 0.99979
vn 0 0.02091 0.999781
vn -0.865798 -0.498805 0.039845
vn -0.999603 -0.003809 -0.027927
vn -0.865832 -0.498703 -0.040387
vn -0.498218 -0.866119 0.04021
vn -0.498317 -0.866091 -0.039582
vn -0.009674 -0.006091 0.999935
vn -0.000562 -0.000558 1
vn 0.000568 -0.000572 1
vn -0.01671 -0.005564 0.999845
vn -0.006196 -0.017165 0.999834
vn -0 0.020386 0.999792
vn 0 0.021061 0.999778
vn -0.006388 -0.009675 0.999933
vn -0 0.020066 0.999799
vn -0 0.020513 0.99979
vn 0.498312 -0.866094 0.039581
vn 0.004815 -0.999593 -0.028124
vn 0.498213 -0.866122 -0.040207
vn 0.865832 -0.498702 0.040385
vn 0.865798 -0.498805 -0.039841
vn 0.999602 -0.003827 -0.027938
vn 0.000107 -0.018332 0.999832
vn 0.002386 -0.390264 0.9207
vn -6.7e-05 -0.018291 0.999833
vn -0.001862 -0.391045 0.92037
vn 0.00471 -0.801561 0.597895
vn -0.004201 -0.801924 0.597412
vn -0.004815 -0.999593 0.028124
vn 0.006245 -0.009672 0.999934
vn 0 0.020529 0.999789
vn 0.005818 -0.016904 0.99984
vn -0.86581 -0.498782 0.039858
vn -0.999603 -0.003809 -0.027926
vn -0.865833 -0.498696 -0.040436
vn -0.498212 -0.866122 0.040213
vn -0.498293 -0.866104 -0.039606
vn -0.000615 -0.000611 1
vn -0.010658 -0.006708 0.999921
vn 0.021406 0 0.999771
vn -0.018147 -0.006044 0.999817
vn -0.006196 -0.017165 0.999833
vn 0 0.02106 0.999778
vn -0.006389 -0.009676 0.999933
vn 0 0.020331 0.999793
vn 0.999565 -0 0.029482
vn 0.999565 -0 -0.029481
vn 0.415329 0 0.909671
vn 0.019983 0.018787 0.999624
vn 0.403226 0.015377 0.914971
vn 0.807523 -1e-06 0.589836
vn 0.79799 0.018164 0.602397
vn 0.999277 0.024726 0.028873
vn -0.86632 0.498956 0.023101
vn -0.999277 0.024724 -0.028874
vn -0.866319 0.498956 -0.023101
vn -0.499222 0.866165 0.023158
vn -0.499222 0.866165 -0.023158
vn -0.034239 0.999003 0.028658
vn -0.034239 0.999003 -0.028658
vn -0.025549 0.797166 0.60322
vn -0 0.999565 0.029483
vn -0 0.807543 0.589809
vn -0.022534 0.400307 0.916104
vn -0 0.415373 0.909651
vn -1e-06 0.999566 0.029458
vn -0 0.999565 -0.029482
vn -1e-06 0.999566 -0.029446
vn 0 0.999566 0.029456
vn 0 0.999566 -0.029445
vn 0 0.999566 0.029461
vn -0 0.999566 -0.029466
vn -0 0.807611 0.589716
vn 0 0.999566 0.029466
vn 0 0.807593 0.58974
vn 0 0.415181 0.909739
vn -0 0.41526 0.909703
vn -0 0.999566 0.029445
vn -0 0.999566 -0.029461
vn -0 0.999566 -0.029456
vn 1e-06 0.999566 0.029446
vn 1e-06 0.999566 -0.029457
vn 0 0.999565 0.029489
vn 0 0.999565 -0.02949
vn 1e-06 0.807533 0.589823
vn -0 0.999565 0.02949
vn -1e-06 0.80753 0.589826
vn 0 0.415397 0.90964
vn -0 0.415401 0.909639
vn -1e-06 0.999566 0.029457
vn -0 0.999565 -0.029489
vn 0 0.999566 0.029457
vn 0 0.999566 0.029462
vn -0 0.807607 0.589721
vn 0 0.999566 0.029467
vn 0 0.807591 0.589743
vn 0 0.415184 0.909738
vn -0 0.415259 0.909703
vn 1e-06 0.999566 0.029447
vn 0 0.999565 0.029482
vn 0 0.999565 -0.029483
vn 0 0.807548 0.589802
vn 0.0262 0.99924 0.028852
vn 0.019485 0.799708 0.600073
vn 0 0.415371 0.909652
vn 0.017176 0.403889 0.914647
vn 0.499231 0.866159 0.023154
vn 0.0262 0.99924 -0.028852
vn 0.499232 0.866159 -0.023154
vn 0.866295 0.498998 0.023098
vn 0.866295 0.498998 -0.023098
vn 0.999277 0.024726 -0.028873
vn -0.798012 0.018165 -0.602367
vn -0.807534 -3e-06 -0.589821
vn -0.403229 0.015377 -0.91497
vn -0.415342 -1e-06 -0.909665
vn -0.026197 0.018398 -0.999488
vn -0.028051 0 -0.999607
vn -0.022534 0.400307 -0.916104
vn -0 0.020344 -0.999793
vn -0 0.415366 -0.909654
vn -0.025549 0.797166 -0.60322
vn -0 0.807546 -0.589804
vn 0 0.020066 -0.999799
vn 0.006388 -0.009674 -0.999933
vn 0.000806 -0.0008 -0.999999
vn 0 0.020386 -0.999792
vn 0.006196 -0.017165 -0.999834
vn -0 0.021061 -0.999778
vn 6.4e-05 -0.018292 -0.999833
vn 0 0.415259 -0.909703
vn -0 0.02091 -0.999781
vn 0 0.415181 -0.909739
vn 0 0.80759 -0.589744
vn 0 0.807608 -0.58972
vn -0 0.020479 -0.99979
vn -0.000102 -0.018333 -0.999832
vn -0.005818 -0.016904 -0.99984
vn -0 0.02021 -0.999796
vn -0.006245 -0.009672 -0.999934
vn -0 0.020529 -0.999789
vn -0.000568 -0.000572 -1
vn 0 0.4154 -0.909639
vn 0 0.020513 -0.99979
vn -0 0.415396 -0.909641
vn 1e-06 0.80753 -0.589826
vn -1e-06 0.807533 -0.589822
vn 0.006388 -0.009675 -0.999933
vn 0.000562 -0.000558 -1
vn -0 0.02106 -0.999778
vn 6.7e-05 -0.018291 -0.999833
vn 0 0.415261 -0.909702
vn -0 0.020909 -0.999781
vn 0 0.807592 -0.589742
vn 0 0.807609 -0.589718
vn -0.000107 -0.018332 -0.999832
vn -0.005817 -0.016902 -0.99984
vn -0.006243 -0.009669 -0.999934
vn 0 0.020348 -0.999793
vn -0.000621 -0.000625 -1
vn 0 0.415374 -0.909651
vn 0.019983 0.018787 -0.999624
vn 0.017176 0.403889 -0.914647
vn 0 0.807545 -0.589806
vn 0.019485 0.799708 -0.600073
vn 0.403226 0.015377 -0.914971
vn 0.02139 0 -0.999771
vn 0.415325 -0 -0.909673
vn 0.79799 0.018164 -0.602397
vn 0.807526 -2e-06 -0.589832
vn -0.029655 -0 -0.99956
vn -0.028758 -0 -0.999586
vn 0.026569 -0.000112 -0.999647
vn 0.023844 -0.00794 -0.999684
vn -0.028231 -0 -0.999601
vn 0.013951 -0.008779 -0.999864
vn -0.807601 0 -0.589729
vn -0.807587 -0 -0.589748
vn -0.415195 0 -0.909733
vn -0.415255 -0 -0.909705
vn -0.029755 -0 -0.999557
vn 0.394443 -0.001912 -0.918918
vn 0.026457 6.4e-05 -0.99965
vn 0.394812 0.001498 -0.918761
vn 0.803536 -0.003834 -0.595244
vn 0.803796 0.003427 -0.594896
vn 0.003988 -0.801925 -0.597411
vn -0.004471 -0.801559 -0.5979
vn 0.001768 -0.3911 -0.920347
vn -0.002266 -0.390312 -0.92068
vn -0.017108 -0.005964 -0.999836
vn 0.01671 -0.005564 -0.999845
vn -0.018822 -4.6e-05 -0.999823
vn 0.01893 -8e-05 -0.999821
vn -0.00985 -0.006316 -0.999932
vn 0.009675 -0.006091 -0.999935
vn -0.803785 -0.003423 -0.59491
vn -0.803506 0.003834 -0.595285
vn -0.394862 -0.001493 -0.918739
vn -0.394498 0.00191 -0.918895
vn -0.01893 8e-05 -0.999821
vn 0.394495 -0.00191 -0.918896
vn 0.018822 4.6e-05 -0.999823
vn 0.39486 0.001493 -0.91874
vn 0.803521 -0.003834 -0.595264
vn 0.803799 0.003424 -0.594891
vn 0.004201 -0.801925 -0.597409
vn -0.004709 -0.801564 -0.597891
vn 0.001861 -0.391046 -0.920369
vn -0.002386 -0.390265 -0.9207
vn -0.018468 -0.006436 -0.999809
vn 0.021647 -0 -0.999766
vn -0.019868 -4.8e-05 -0.999803
vn 0.022358 -0 -0.99975
vn -0.010767 -0.006901 -0.999918
vn 0.021286 -0 -0.999773
vn -0.803784 -0.003429 -0.594911
vn -0.803539 0.003833 -0.59524
vn -0.394824 -0.001499 -0.918756
vn -0.394454 0.00191 -0.918914
vn -0.019937 8.4e-05 -0.999801
vn 0.415258 -0 -0.909704
vn 0.022302 0 -0.999751
vn 0.415215 0 -0.909723
vn 0.807556 0 -0.589792
vn 0.807566 0 -0.589777
vn -0.028067 1e-06 -0.999606
vn 0.014111 0.009043 -0.99986
vn -0.028326 0 -0.999599
vn 0.000773 0.000779 -0.999999
vn -0.028698 0 -0.999588
vn 0.024303 0.00847 -0.999669
vn -0.807515 1e-06 -0.589847
vn -0.807512 -1e-06 -0.589851
vn -0.415372 1e-06 -0.909651
vn -0.415379 -1e-06 -0.909649
vn -0.028344 -0 -0.999598
vn 0.0001 0.018008 -0.999838
vn 0.002266 0.390365 -0.920657
vn -6.2e-05 0.017844 -0.999841
vn -0.001762 0.391106 -0.920344
vn 0.004472 0.801518 -0.597954
vn -0.003982 0.80192 -0.597418
vn 0.005858 0.00907 -0.999942
vn 0.006043 -0.009147 -0.99994
vn 0.000768 -0.000762 -0.999999
vn 0.005535 0.016085 -0.999855
vn 0.005937 -0.016435 -0.999847
vn 6.2e-05 -0.017844 -0.999841
vn -0.009677 0.006092 -0.999935
vn 0.009849 0.006316 -0.999932
vn -0.000539 0.000535 -1
vn 0.000544 0.000548 -1
vn -0.016712 0.005564 -0.999845
vn 0.017108 0.005964 -0.999836
vn -0.005937 0.016436 -0.999847
vn -0.0001 -0.018008 -0.999838
vn -0.005536 -0.016087 -0.999855
vn -0.006043 0.009148 -0.99994
vn -0.005859 -0.009072 -0.999942
vn -0.000544 -0.000548 -1
vn 0.000105 0.018007 -0.999838
vn 0.002387 0.390316 -0.920678
vn -6.5e-05 0.017842 -0.999841
vn -0.001855 0.39105 -0.920368
vn 0.004712 0.801518 -0.597952
vn -0.004195 0.801919 -0.597419
vn 0.005859 0.009072 -0.999942
vn 0.006043 -0.009148 -0.99994
vn 0.000539 -0.000535 -1
vn 0.005937 -0.016436 -0.999847
vn 6.5e-05 -0.017842 -0.999841
vn -0.000585 0.000581 -1
vn -0.010661 0.006709 -0.999921
vn 0.0216 0 -0.999767
vn 0.021434 0 -0.99977
vn -0.018148 0.006044 -0.999817
vn 0.021737 0 -0.999764
vn -0.000105 -0.018007 -0.999838
vn -0.005535 -0.016085 -0.999855
vn -0.006043 0.009149 -0.99994
vn -0.005857 -0.00907 -0.999942
vn -0.000589 -0.000594 -1
vn 0.415355 0 -0.90966
vn 0.021584 -0 -0.999767
vn 0.41535 -1e-06 -0.909662
vn 0.807512 -0 -0.589851
vn 0.807515 -1e-06 -0.589848
vn 0.023845 -0.00794 -0.999684
vn 0.013955 -0.008781 -0.999864
vn -0.415195 0 -0.909732
vn 0.394448 -0.001904 -0.918916
vn 0.394817 0.001492 -0.918759
vn 0.803534 -0.003818 -0.595247
vn 0.803794 0.003412 -0.594898
vn 0.003983 -0.801936 -0.597397
vn -0.004473 -0.801533 -0.597934
vn 0.001762 -0.391101 -0.920346
vn -0.002267 -0.39036 -0.920659
vn -0.017107 -0.005964 -0.999836
vn 0.016711 -0.005564 -0.999845
vn -0.018823 -4.5e-05 -0.999823
vn 0.01893 -7.9e-05 -0.999821
vn 0.009677 -0.006093 -0.999935
vn -0.803784 -0.003408 -0.594912
vn -0.803505 0.003817 -0.595286
vn -0.394868 -0.001487 -0.918737
vn -0.394502 0.001902 -0.918893
vn -0.01893 7.9e-05 -0.999821
vn 0.3945 -0.001902 -0.918894
vn 0.018823 4.5e-05 -0.999823
vn 0.394865 0.001487 -0.918738
vn 0.803519 -0.003818 -0.595267
vn 0.803798 0.003409 -0.594893
vn 0.004195 -0.801935 -0.597397
vn -0.004712 -0.801535 -0.597929
vn 0.001855 -0.391047 -0.920369
vn -0.002387 -0.390311 -0.92068
vn -0.019869 -4.8e-05 -0.999803
vn -0.010767 -0.0069 -0.999918
vn -0.803784 -0.003413 -0.594912
vn -0.803538 0.003815 -0.595241
vn -0.394829 -0.001492 -0.918753
vn -0.394458 0.001902 -0.918912
vn 0.014112 0.009043 -0.99986
vn -0.028032 -0 -0.999607
vn 0.000814 0.00082 -0.999999
vn 0.024304 0.00847 -0.999669
vn -0.807538 3e-06 -0.589816
vn -0.798012 -0.018165 -0.602367
vn -0.415336 1e-06 -0.909668
vn -0.40323 -0.015377 -0.91497
vn -0.026197 -0.018398 -0.999488
vn 0.000102 0.018333 -0.999832
vn 0.002265 0.390313 -0.920679
vn -6.4e-05 0.018292 -0.999833
vn -0.001768 0.391101 -0.920346
vn 0.004471 0.801556 -0.597903
vn -0.003988 0.801922 -0.597415
vn 0.006244 0.00967 -0.999934
vn -0 -0.020366 -0.999793
vn 0 -0.02021 -0.999796
vn 0.005817 0.016902 -0.99984
vn 0 -0.020479 -0.99979
vn 0 -0.02091 -0.999781
vn -0.009674 0.006091 -0.999935
vn 0.00985 0.006316 -0.999932
vn -0.000562 0.000558 -1
vn 0.000568 0.000572 -1
vn -0.01671 0.005564 -0.999845
vn -0.006196 0.017165 -0.999834
vn -0 -0.020386 -0.999792
vn 0 -0.021061 -0.999778
vn -0.006388 0.009675 -0.999933
vn -0 -0.020066 -0.999799
vn 0 -0.020513 -0.99979
vn 0.000107 0.018332 -0.999832
vn 0.002386 0.390264 -0.9207
vn -6.7e-05 0.018291 -0.999833
vn -0.001862 0.391046 -0.920369
vn 0.00471 0.801557 -0.597899
vn -0.004201 0.80192 -0.597416
vn 0.006245 0.009672 -0.999934
vn -0 -0.020529 -0.999789
vn 0.005818 0.016903 -0.99984
vn 0 -0.020909 -0.999781
vn -0.000615 0.000611 -1
vn -0.010658 0.006708 -0.999921
vn 0.021406 -0 -0.999771
vn 0.021435 0 -0.99977
vn -0.018147 0.006044 -0.999817
vn 0 -0.021059 -0.999778
vn -0.006389 0.009676 -0.999933
vn 0 -0.020331 -0.999793
vn 0.415329 0 -0.909671
vn 0.019983 -0.018787 -0.999624
vn 0.403226 -0.015377 -0.914971
vn 0.807523 1e-06 -0.589836
vn 0.79799 -0.018164 -0.602397
vn -0.025549 -0.797171 -0.603213
vn 2e-06 -0.807547 -0.589803
vn -0.022534 -0.400309 -0.916103
vn 0 -0.415375 -0.90965
vn -0 -0.807617 -0.589708
vn -0 -0.807599 -0.589732
vn -0 -0.415182 -0.909738
vn -0 -0.415261 -0.909702
vn 1e-06 -0.807534 -0.589821
vn -1e-06 -0.807531 -0.589826
vn 0 -0.415398 -0.90964
vn -0 -0.415402 -0.909638
vn -0 -0.807618 -0.589706
vn -0 -0.807601 -0.589729
vn -0 -0.415183 -0.909738
vn -0 -0.415259 -0.909703
vn -2e-06 -0.807557 -0.58979
vn 0.019485 -0.799717 -0.600061
vn -0 -0.415372 -0.909652
vn 0.017176 -0.40389 -0.914646
vn -0.813314 -0.413207 0.40961
vn -0.413257 -0.800233 0.434564
vn -0.394407 -0.380734 0.836352
vn -1.1e-05 -0.807669 0.589636
vn -8e-06 -0.807674 0.589629
vn -2e-06 -0.415163 0.909747
vn -5e-06 -0.415166 0.909746
vn 7e-06 -0.807634 0.589684
vn 1.1e-05 -0.807631 0.589689
vn 5e-06 -0.41521 0.909726
vn 3e-06 -0.415207 0.909727
vn -1.1e-05 -0.807668 0.589638
vn -8e-06 -0.807673 0.58963
vn -2e-06 -0.415162 0.909747
vn 7e-06 -0.807633 0.589686
vn 1.1e-05 -0.807628 0.589692
vn 5e-06 -0.415209 0.909726
vn 3e-06 -0.415204 0.909728
vn 0.413275 -0.800237 0.434539
vn 0.813319 -0.413211 0.409596
vn 0.394419 -0.380711 0.836357
vn -0.807634 -5e-06 0.589684
vn -0.807627 -5e-06 0.589693
vn -0.415188 -1e-06 0.909736
vn 0.351822 0.581542 0.733505
vn 0.565019 0.347992 0.748101
vn 0.331931 0.214076 0.918691
vn 0.143066 0.143642 0.979234
vn 0.202651 0.321078 0.925117
vn -0.563426 0.347403 0.749574
vn -0.352679 0.583001 0.731934
vn -0.20385 0.324745 0.923572
vn -0.142917 0.143969 0.979208
vn -0.328567 0.213146 0.920115
vn 0.351849 0.581174 0.733784
vn 0.565366 0.348173 0.747755
vn 0.332185 0.214157 0.91858
vn 0.143134 0.143629 0.979226
vn 0.202763 0.321002 0.925119
vn -0.562993 0.3473 0.749948
vn -0.352606 0.583441 0.731618
vn -0.203688 0.324844 0.923573
vn -0.142791 0.143966 0.979227
vn -0.328336 0.213126 0.920203
vn 0.807634 -9e-06 0.589684
vn 0.807636 -6e-06 0.589681
vn 0.41516 1e-06 0.909749
vn 0.415166 -0 0.909746
vn -0.807682 2e-06 0.589619
vn -0.807693 1.8e-05 0.589603
vn -0.415126 8e-06 0.909764
vn -0.415126 -2e-06 0.909764
vn 0.562767 -0.347256 0.750138
vn 0.352733 -0.583659 0.731384
vn 0.203729 -0.324971 0.923519
vn 0.142769 -0.143992 0.979226
vn 0.328257 -0.213161 0.920223
vn -0.351943 -0.581597 0.733404
vn -0.564947 -0.348252 0.748035
vn -0.33207 -0.214317 0.918585
vn -0.143139 -0.143757 0.979206
vn -0.202776 -0.321201 0.925047
vn 0.563264 -0.347406 0.749695
vn 0.352819 -0.583144 0.731752
vn 0.203914 -0.324848 0.923522
vn 0.142899 -0.143981 0.979209
vn 0.328536 -0.213196 0.920115
vn -0.351934 -0.581794 0.733252
vn -0.564774 -0.348122 0.748226
vn -0.331894 -0.214245 0.918665
vn -0.14311 -0.143766 0.979209
vn -0.202714 -0.32123 0.925051
vn 0.807595 6e-06 0.589738
vn 0.807594 5e-06 0.589739
vn 0.415213 -2e-06 0.909724
vn 0.415206 1e-06 0.909728
vn -0.807633 -5e-06 0.589685
vn -0.807629 -5e-06 0.589692
vn -0.415186 -1e-06 0.909737
vn 0.351904 0.581961 0.733134
vn 0.564603 0.348076 0.748376
vn 0.33181 0.214232 0.918698
vn 0.143069 0.143766 0.979215
vn 0.202658 0.321267 0.92505
vn -0.563252 0.347413 0.749701
vn -0.352806 0.583144 0.731759
vn -0.203908 0.32485 0.923523
vn -0.142899 0.143985 0.979208
vn -0.328531 0.213201 0.920116
vn 0.351932 0.581601 0.733406
vn 0.564956 0.348251 0.748028
vn 0.332073 0.214316 0.918584
vn 0.143138 0.143755 0.979207
vn 0.202772 0.321201 0.925048
vn -0.562832 0.347301 0.750068
vn -0.352732 0.583594 0.731436
vn -0.203749 0.324961 0.923519
vn -0.142776 0.143985 0.979226
vn -0.328316 0.213188 0.920195
vn 0.807636 -9e-06 0.589682
vn 0.807635 -6e-06 0.589682
vn 0.415161 1e-06 0.909748
vn 0.415165 -0 0.909746
vn -0.807681 2e-06 0.58962
vn 0.562935 -0.347256 0.750011
vn 0.352605 -0.583512 0.731562
vn 0.203672 -0.324866 0.923569
vn 0.142786 -0.143976 0.979226
vn 0.328286 -0.213107 0.920225
vn -0.351853 -0.581173 0.733783
vn -0.565365 -0.348167 0.747758
vn -0.332192 -0.214159 0.918577
vn -0.143139 -0.143631 0.979225
vn -0.202767 -0.321006 0.925117
vn 0.563436 -0.347403 0.749567
vn 0.352685 -0.583006 0.731927
vn 0.203853 -0.324748 0.923571
vn 0.142916 -0.143967 0.979208
vn 0.328571 -0.213146 0.920114
vn -0.35185 -0.581369 0.733629
vn -0.5652 -0.348033 0.747945
vn -0.332022 -0.214086 0.918656
vn -0.143111 -0.143639 0.979228
vn -0.20271 -0.321038 0.925118
vn 0.415205 1e-06 0.909728
vn -0.413261 0.800232 0.434563
vn -0.813316 0.413205 0.409608
vn -0.394402 0.38073 0.836356
vn 0 0.807623 0.589699
vn -7e-06 0.807622 0.589701
vn -0 0.415203 0.909729
vn 0 0.415201 0.90973
vn 8e-06 0.80766 0.589649
vn -0 0.807664 0.589643
vn -1e-06 0.415158 0.909749
vn 1e-06 0.415158 0.909749
vn 0 0.807622 0.589701
vn 0 0.4152 0.90973
vn 8e-06 0.80766 0.589648
vn -0 0.807665 0.589642
vn -1e-06 0.41516 0.909749
vn 1e-06 0.415162 0.909747
vn 0.813321 0.413209 0.409594
vn 0.41328 0.800237 0.434535
vn 0.394412 0.380708 0.836362
vn -0.394401 0.380731 -0.836357
vn -0.813316 0.413206 -0.409607
vn -0.41326 0.800231 -0.434565
vn -0 0.415159 -0.909749
vn -1e-06 0.41516 -0.909748
vn -8e-06 0.80766 -0.589648
vn -0 0.807665 -0.589642
vn 0 0.415201 -0.90973
vn -1e-06 0.4152 -0.90973
vn -0 0.807622 -0.589701
vn 7e-06 0.807625 -0.589696
vn -8e-06 0.807658 -0.589651
vn -0 0.807664 -0.589643
vn -1e-06 0.415202 -0.909729
vn -0 0.807623 -0.589699
vn 7e-06 0.807623 -0.589699
vn 0.813321 0.41321 -0.409593
vn 0.394412 0.380708 -0.836362
vn 0.413282 0.800235 -0.434537
vn -0.807633 5e-06 -0.589686
vn -0.807626 4e-06 -0.589695
vn -0.415189 1e-06 -0.909735
vn -0.415187 1e-06 -0.909736
vn 0.351826 -0.581542 -0.733504
vn 0.565016 -0.34799 -0.748104
vn 0.331928 -0.214074 -0.918692
vn 0.143066 -0.143642 -0.979234
vn 0.202649 -0.321076 -0.925118
vn -0.56343 -0.347405 -0.749571
vn -0.352683 -0.583 -0.731933
vn -0.203853 -0.324747 -0.923571
vn -0.142917 -0.14397 -0.979208
vn -0.328568 -0.213146 -0.920115
vn 0.351857 -0.581174 -0.733781
vn 0.565372 -0.348171 -0.747751
vn 0.332192 -0.214156 -0.918578
vn 0.143138 -0.143628 -0.979226
vn 0.202768 -0.321003 -0.925117
vn -0.56299 -0.347302 -0.749949
vn -0.35261 -0.583441 -0.731616
vn -0.203689 -0.324844 -0.923573
vn -0.142789 -0.143966 -0.979227
vn -0.328333 -0.213127 -0.920204
vn 0.807635 7e-06 -0.589682
vn 0.807639 1e-05 -0.589678
vn 0.415166 1e-06 -0.909746
vn 0.415162 -2e-06 -0.909748
vn -0.807685 -2e-06 -0.589614
vn -0.807692 -1.8e-05 -0.589605
vn -0.415125 -8e-06 -0.909764
vn -0.415126 3e-06 -0.909764
vn 0.562767 0.347254 -0.750139
vn 0.352728 0.583658 -0.731387
vn 0.20373 0.324974 -0.923518
vn 0.142771 0.143992 -0.979226
vn 0.328257 0.213161 -0.920223
vn -0.351931 0.581599 -0.733408
vn -0.564947 0.34825 -0.748035
vn -0.332071 0.214317 -0.918584
vn -0.143139 0.143757 -0.979206
vn -0.202772 0.321202 -0.925047
vn 0.563262 0.347409 -0.749695
vn 0.352813 0.583143 -0.731756
vn 0.203913 0.324849 -0.923522
vn 0.142899 0.143981 -0.979209
vn 0.328532 0.213199 -0.920116
vn -0.351932 0.581785 -0.73326
vn -0.564777 0.348123 -0.748223
vn -0.331893 0.214243 -0.918666
vn -0.143113 0.143764 -0.979209
vn -0.202716 0.321224 -0.925052
vn 0.807592 -7e-06 -0.589742
vn 0.807598 -8e-06 -0.589733
vn 0.415209 0 -0.909726
vn 0.415204 -0 -0.909728
vn -0.807627 4e-06 -0.589694
vn -0.415188 1e-06 -0.909736
vn 0.351912 -0.581961 -0.73313
vn 0.564601 -0.348074 -0.748378
vn 0.331808 -0.214231 -0.918699
vn 0.143067 -0.143767 -0.979215
vn 0.202657 -0.321269 -0.925049
vn -0.563257 -0.347411 -0.749699
vn -0.352811 -0.583146 -0.731755
vn -0.203911 -0.32485 -0.923522
vn -0.142898 -0.143984 -0.979208
vn -0.328534 -0.2132 -0.920115
vn 0.351944 -0.581599 -0.733402
vn 0.564954 -0.348253 -0.748029
vn 0.332073 -0.214316 -0.918584
vn 0.143138 -0.143754 -0.979207
vn 0.202776 -0.3212 -0.925047
vn -0.562827 -0.347301 -0.750072
vn -0.352732 -0.583596 -0.731434
vn -0.203748 -0.324958 -0.92352
vn -0.142773 -0.143983 -0.979227
vn -0.328312 -0.213184 -0.920198
vn 0.807635 7e-06 -0.589683
vn 0.415164 1e-06 -0.909746
vn -0.807684 -2e-06 -0.589615
vn -0.807694 -1.8e-05 -0.589602
vn -0.415124 -8e-06 -0.909765
vn -0.415127 3e-06 -0.909763
vn 0.562933 0.347253 -0.750014
vn 0.352597 0.583512 -0.731566
vn 0.203669 0.324862 -0.923571
vn 0.142787 0.143976 -0.979226
vn 0.328287 0.213105 -0.920225
vn -0.351846 0.581175 -0.733785
vn -0.565358 0.348169 -0.747763
vn -0.332185 0.214159 -0.91858
vn -0.143134 0.143631 -0.979226
vn -0.202763 0.321006 -0.925118
vn 0.563432 0.347404 -0.749569
vn 0.352678 0.583001 -0.731934
vn 0.203849 0.324743 -0.923573
vn 0.142915 0.143967 -0.979208
vn 0.328567 0.213146 -0.920115
vn -0.351847 0.581365 -0.733634
vn -0.565201 0.348032 -0.747945
vn -0.332021 0.214084 -0.918657
vn -0.143111 0.143638 -0.979228
vn -0.202712 0.321037 -0.925118
vn 0.807595 -8e-06 -0.589737
vn 0.415211 0 -0.909725
vn 0.415204 -0 -0.909729
vn -0.413256 -0.800233 -0.434566
vn -0.813313 -0.413208 -0.409611
vn -0.394407 -0.380733 -0.836353
vn -7e-06 -0.807633 -0.589686
vn -1.1e-05 -0.807632 -0.589687
vn -5e-06 -0.41521 -0.909726
vn -2e-06 -0.415208 -0.909727
vn 1.1e-05 -0.807669 -0.589636
vn 9e-06 -0.807675 -0.589628
vn 3e-06 -0.415164 -0.909747
vn 5e-06 -0.415167 -0.909745
vn -7e-06 -0.807631 -0.589688
vn -1.1e-05 -0.807631 -0.589689
vn -5e-06 -0.415208 -0.909727
vn -2e-06 -0.415207 -0.909727
vn 1.1e-05 -0.807666 -0.58964
vn 9e-06 -0.807674 -0.589629
vn 5e-06 -0.415166 -0.909746
vn 0.813319 -0.41321 -0.409597
vn 0.413277 -0.800235 -0.434541
vn 0.394418 -0.38071 -0.836358
vt 0.604588 0.010574
vt 0.604588 0.007759
vt 0.627569 0.010574
vt 0.627569 0.007759
vt 0.604588 0.004924
vt 0.627569 0.004924
vt 0.154884 0.498743
vt 0.15492 0.495917
vt 0.177516 0.498714
vt 0.17752 0.495954
vt 0.588274 0.99319
vt 0.588292 0.995964
vt 0.569988 0.993215
vt 0.569983 0.996015
vt 0.599839 0.010574
vt 0.602446 0.010574
vt 0.599839 0.029908
vt 0.602446 0.029908
vt 0.604588 0.029908
vt 0.152661 0.495928
vt 0.154893 0.469675
vt 0.152614 0.469664
vt 0.150114 0.495958
vt 0.150067 0.46967
vt 0.58834 0.966867
vt 0.590884 0.99319
vt 0.591137 0.966875
vt 0.604588 0.038007
vt 0.604588 0.035339
vt 0.627569 0.038007
vt 0.627569 0.035339
vt 0.604588 0.032647
vt 0.627569 0.032647
vt 0.627569 0.029908
vt 0.562228 0.993226
vt 0.562228 0.996032
vt 0.406883 0.993156
vt 0.406886 0.995961
vt 0.599839 0.038007
vt 0.602446 0.038007
vt 0.599839 0.198768
vt 0.602446 0.198768
vt 0.604588 0.198768
vt 0.567403 0.993219
vt 0.567601 0.967567
vt 0.570301 0.967116
vt 0.564816 0.993223
vt 0.564902 0.968019
vt 0.5622 0.968472
vt 0.604588 0.206739
vt 0.604588 0.204128
vt 0.627569 0.206739
vt 0.627569 0.204128
vt 0.604588 0.201467
vt 0.627569 0.201467
vt 0.627569 0.198768
vt 0.399113 0.993157
vt 0.399124 0.995967
vt 0.37134 0.993137
vt 0.371325 0.995947
vt 0.599839 0.206739
vt 0.602446 0.206739
vt 0.599839 0.234475
vt 0.602446 0.234475
vt 0.604588 0.234475
vt 0.404293 0.993157
vt 0.406772 0.968161
vt 0.404125 0.967777
vt 0.401703 0.993157
vt 0.401479 0.967393
vt 0.398834 0.967012
vt 0.604588 0.241989
vt 0.604588 0.239541
vt 0.627569 0.241989
vt 0.627569 0.239541
vt 0.604588 0.23704
vt 0.627569 0.23704
vt 0.627569 0.234475
vt 0.363583 0.993114
vt 0.363585 0.995914
vt 0.216438 0.993154
vt 0.216444 0.995955
vt 0.599839 0.241989
vt 0.602446 0.241989
vt 0.599839 0.383293
vt 0.602446 0.383293
vt 0.604588 0.383293
vt 0.368752 0.99313
vt 0.368948 0.967457
vt 0.371651 0.966995
vt 0.366166 0.993122
vt 0.366246 0.96792
vt 0.363542 0.968384
vt 0.604588 0.390766
vt 0.604588 0.388254
vt 0.627569 0.390766
vt 0.627569 0.388254
vt 0.604588 0.385763
vt 0.627569 0.385763
vt 0.627569 0.383293
vt 0.208671 0.993157
vt 0.208677 0.995965
vt 0.183881 0.993103
vt 0.183849 0.995923
vt 0.599839 0.390766
vt 0.602446 0.390766
vt 0.599839 0.414754
vt 0.602446 0.414754
vt 0.604588 0.414754
vt 0.21385 0.993156
vt 0.216316 0.9682
vt 0.213677 0.967815
vt 0.21126 0.993157
vt 0.211039 0.967431
vt 0.208399 0.967047
vt 0.176293 0.993086
vt 0.176347 0.995939
vt 0.153594 0.993167
vt 0.153567 0.996008
vt 0.604588 0.419979
vt 0.604588 0.417341
vt 0.627569 0.419979
vt 0.627569 0.417341
vt 0.627569 0.414754
vt 0.181094 0.993091
vt 0.183886 0.966725
vt 0.18108 0.966712
vt 0.178554 0.993083
vt 0.178519 0.966712
vt 0.176228 0.966725
vt 0.154886 0.467097
vt 0.177567 0.469678
vt 0.17757 0.467104
vt 0.154878 0.464518
vt 0.177574 0.464529
vt 0.154871 0.461937
vt 0.177577 0.461954
vt 0.588382 0.959057
vt 0.588373 0.961662
vt 0.571443 0.959185
vt 0.571062 0.961831
vt 0.588358 0.964266
vt 0.570681 0.964474
vt 0.152585 0.461928
vt 0.154997 0.274887
vt 0.152711 0.274883
vt 0.15003 0.461927
vt 0.150156 0.274881
vt 0.591194 0.959048
vt 0.591087 0.771149
vt 0.588276 0.771153
vt 0.028827 0.192193
vt 0.028827 0.194888
vt 0.005859 0.192193
vt 0.005859 0.194888
vt 0.028827 0.197256
vt 0.005859 0.197256
vt 0.028827 0.199938
vt 0.005859 0.199938
vt 0.568702 0.958707
vt 0.571573 0.771202
vt 0.568723 0.771646
vt 0.566221 0.958141
vt 0.566176 0.772152
vt 0.031115 0.192193
vt 0.031115 0.007513
vt 0.028827 0.007513
vt 0.031115 0.199938
vt 0.028827 0.352199
vt 0.031115 0.352199
vt 0.561257 0.963087
vt 0.56176 0.965629
vt 0.407822 0.962952
vt 0.407255 0.965426
vt 0.028827 0.354885
vt 0.005859 0.352199
vt 0.005859 0.354885
vt 0.028827 0.35725
vt 0.005859 0.35725
vt 0.028827 0.35992
vt 0.005859 0.35992
vt 0.397926 0.961606
vt 0.372414 0.961692
vt 0.397472 0.958901
vt 0.372798 0.959037
vt 0.39838 0.964309
vt 0.372031 0.964344
vt 0.031115 0.35992
vt 0.028827 0.543597
vt 0.031115 0.543597
vt 0.402865 0.957957
vt 0.40032 0.958458
vt 0.403182 0.772181
vt 0.400705 0.771612
vt 0.397967 0.771128
vt 0.101095 0.193486
vt 0.101095 0.196202
vt 0.078107 0.193486
vt 0.078107 0.196202
vt 0.101095 0.198574
vt 0.078107 0.198574
vt 0.101095 0.201249
vt 0.078107 0.201249
vt 0.37006 0.958553
vt 0.37331 0.771263
vt 0.370462 0.771706
vt 0.367582 0.957983
vt 0.367917 0.772206
vt 0.103372 0.193486
vt 0.103372 0.007521
vt 0.101095 0.007521
vt 0.103372 0.201249
vt 0.101095 0.345413
vt 0.103372 0.345413
vt 0.362595 0.963009
vt 0.3631 0.965545
vt 0.217361 0.963001
vt 0.216797 0.96547
vt 0.101095 0.348094
vt 0.078107 0.345413
vt 0.078107 0.348094
vt 0.101095 0.350455
vt 0.078107 0.350455
vt 0.101095 0.353123
vt 0.078107 0.353123
vt 0.207501 0.961644
vt 0.183884 0.961552
vt 0.207049 0.958939
vt 0.183885 0.958965
vt 0.20795 0.964346
vt 0.183885 0.964138
vt 0.103372 0.353123
vt 0.101095 0.536576
vt 0.103372 0.536575
vt 0.212444 0.957995
vt 0.209898 0.958498
vt 0.212574 0.772119
vt 0.210095 0.771553
vt 0.207356 0.771071
vt 0.176218 0.958965
vt 0.176221 0.961552
vt 0.153413 0.958968
vt 0.153421 0.961572
vt 0.176224 0.964139
vt 0.153432 0.964174
vt 0.153444 0.966774
vt 0.181076 0.958967
vt 0.183976 0.771191
vt 0.18117 0.771194
vt 0.178512 0.958966
vt 0.178608 0.771193
vt 0.176315 0.771185
vt 0.154999 0.272311
vt 0.177715 0.274895
vt 0.177716 0.272315
vt 0.155001 0.269736
vt 0.177716 0.269737
vt 0.155001 0.267163
vt 0.177717 0.267159
vt 0.588255 0.765967
vt 0.570666 0.7658
vt 0.588243 0.763377
vt 0.570213 0.763103
vt 0.588266 0.768559
vt 0.571119 0.768498
vt 0.152721 0.267182
vt 0.15491 0.238789
vt 0.152627 0.238784
vt 0.150173 0.267187
vt 0.150077 0.238797
vt 0.591044 0.763385
vt 0.590954 0.73491
vt 0.588157 0.734938
vt 0.028827 0.703286
vt 0.028827 0.706024
vt 0.005859 0.703286
vt 0.005859 0.706024
vt 0.028827 0.708513
vt 0.005859 0.708513
vt 0.028827 0.004663
vt 0.005859 0.004664
vt 0.005859 0.007513
vt 0.56229 0.761967
vt 0.561811 0.764697
vt 0.407176 0.761794
vt 0.407624 0.764632
vt 0.561248 0.767167
vt 0.408128 0.767167
vt 0.031115 0.703286
vt 0.031115 0.551309
vt 0.028827 0.551309
vt 0.567572 0.762725
vt 0.567516 0.735701
vt 0.570209 0.735249
vt 0.564932 0.762346
vt 0.56482 0.736153
vt 0.562121 0.736605
vt 0.028827 0.546269
vt 0.005859 0.543597
vt 0.005859 0.546269
vt 0.028827 0.548632
vt 0.005859 0.548631
vt 0.005859 0.55131
vt 0.398718 0.765828
vt 0.372414 0.765862
vt 0.399092 0.763181
vt 0.371966 0.763164
vt 0.398344 0.768476
vt 0.372861 0.768561
vt 0.404481 0.762257
vt 0.406988 0.736427
vt 0.404338 0.736051
vt 0.401787 0.76272
vt 0.401692 0.735678
vt 0.399049 0.735304
vt 0.101095 0.687971
vt 0.101095 0.690702
vt 0.078107 0.687971
vt 0.078107 0.690702
vt 0.101095 0.693185
vt 0.078107 0.693185
vt 0.101095 0.004653
vt 0.078107 0.004653
vt 0.078107 0.007521
vt 0.364047 0.762019
vt 0.363566 0.764754
vt 0.216523 0.761771
vt 0.21697 0.764615
vt 0.362999 0.767229
vt 0.217474 0.767155
vt 0.103372 0.687971
vt 0.103372 0.544273
vt 0.101095 0.544273
vt 0.369327 0.762783
vt 0.369325 0.735717
vt 0.372029 0.735272
vt 0.366688 0.762401
vt 0.366617 0.736161
vt 0.363906 0.736608
vt 0.101095 0.539245
vt 0.078107 0.536576
vt 0.078107 0.539245
vt 0.101095 0.541603
vt 0.078107 0.541603
vt 0.078107 0.544273
vt 0.208454 0.76314
vt 0.208089 0.765781
vt 0.183984 0.763439
vt 0.183981 0.766022
vt 0.207723 0.768424
vt 0.183978 0.768606
vt 0.213833 0.762227
vt 0.216334 0.736368
vt 0.213679 0.736004
vt 0.211144 0.762684
vt 0.21103 0.735642
vt 0.208384 0.735281
vt 0.176334 0.763432
vt 0.176328 0.766015
vt 0.153587 0.763372
vt 0.153566 0.765966
vt 0.176322 0.768599
vt 0.153545 0.768562
vt 0.153526 0.771159
vt 0.181182 0.763449
vt 0.184015 0.735026
vt 0.181229 0.735013
vt 0.178623 0.763446
vt 0.178684 0.735012
vt 0.176408 0.735023
vt 0.154887 0.2362
vt 0.177716 0.238764
vt 0.177714 0.236178
vt 0.154861 0.233607
vt 0.177713 0.233592
vt 0.154836 0.23101
vt 0.177712 0.231004
vt 0.588106 0.72724
vt 0.588123 0.729802
vt 0.571375 0.727366
vt 0.570985 0.729993
vt 0.58814 0.732367
vt 0.570596 0.73262
vt 0.152531 0.231003
vt 0.154824 0.043208
vt 0.152518 0.043206
vt 0.149955 0.231004
vt 0.149941 0.043206
vt 0.59088 0.727233
vt 0.590897 0.542627
vt 0.588123 0.542628
vt 0.041977 0.486528
vt 0.041977 0.483415
vt 0.065294 0.486528
vt 0.065294 0.483415
vt 0.041977 0.480764
vt 0.065294 0.480764
vt 0.041977 0.477988
vt 0.065294 0.477988
vt 0.568669 0.726891
vt 0.571626 0.542665
vt 0.568812 0.543103
vt 0.56622 0.726331
vt 0.566299 0.543601
vt 0.039712 0.486528
vt 0.039712 0.695849
vt 0.041977 0.695849
vt 0.039712 0.477988
vt 0.041977 0.319375
vt 0.039712 0.319375
vt 0.561171 0.731229
vt 0.561675 0.733766
vt 0.408029 0.731226
vt 0.407465 0.733696
vt 0.041977 0.316526
vt 0.065294 0.319375
vt 0.065294 0.316526
vt 0.041977 0.314181
vt 0.065294 0.314181
vt 0.041977 0.311761
vt 0.065294 0.311761
vt 0.398106 0.729933
vt 0.372831 0.730011
vt 0.397632 0.727249
vt 0.373236 0.727383
vt 0.398578 0.732617
vt 0.372428 0.73264
vt 0.039712 0.311761
vt 0.041977 0.144192
vt 0.039712 0.144192
vt 0.402957 0.726313
vt 0.400445 0.726809
vt 0.403225 0.543717
vt 0.400779 0.543155
vt 0.398075 0.542677
vt 0.137209 0.191137
vt 0.137209 0.193839
vt 0.114269 0.191137
vt 0.114269 0.193839
vt 0.137209 0.196256
vt 0.114269 0.196256
vt 0.137209 0.198936
vt 0.114269 0.198936
vt 0.370532 0.726904
vt 0.373685 0.54282
vt 0.370873 0.54326
vt 0.368086 0.726341
vt 0.368361 0.543756
vt 0.139534 0.191137
vt 0.139534 0.006825
vt 0.137209 0.006825
vt 0.139534 0.198936
vt 0.137209 0.34321
vt 0.139534 0.34321
vt 0.362955 0.731218
vt 0.36346 0.733761
vt 0.217379 0.731154
vt 0.216813 0.733631
vt 0.137209 0.345893
vt 0.114269 0.34321
vt 0.114269 0.345893
vt 0.137209 0.348298
vt 0.114269 0.348298
vt 0.137209 0.350971
vt 0.114269 0.350971
vt 0.207424 0.729925
vt 0.184013 0.729877
vt 0.206942 0.727251
vt 0.184013 0.727304
vt 0.207906 0.732601
vt 0.184014 0.732451
vt 0.139534 0.350971
vt 0.137209 0.533751
vt 0.139534 0.533751
vt 0.212271 0.726312
vt 0.209757 0.726812
vt 0.212315 0.543492
vt 0.209866 0.542932
vt 0.20716 0.542455
vt 0.176424 0.727305
vt 0.176419 0.729877
vt 0.153861 0.72729
vt 0.153839 0.729849
vt 0.176414 0.73245
vt 0.153815 0.73241
vt 0.153791 0.734974
vt 0.181233 0.727306
vt 0.184012 0.542571
vt 0.181234 0.542576
vt 0.178694 0.727307
vt 0.178697 0.542576
vt 0.176428 0.54257
vt 0.154842 0.040591
vt 0.177721 0.043231
vt 0.177729 0.040638
vt 0.154863 0.037976
vt 0.177738 0.038047
vt 0.154885 0.035366
vt 0.17775 0.035457
vt 0.588142 0.537498
vt 0.5707 0.537312
vt 0.58815 0.534929
vt 0.570237 0.534634
vt 0.588133 0.540064
vt 0.571163 0.539988
vt 0.152585 0.03536
vt 0.155088 0.008906
vt 0.152811 0.00888
vt 0.150016 0.035334
vt 0.150243 0.008833
vt 0.590941 0.534949
vt 0.590962 0.508626
vt 0.58817 0.508634
vt 0.041977 0.009115
vt 0.041977 0.006805
vt 0.065294 0.009115
vt 0.065294 0.006805
vt 0.041977 0.004728
vt 0.065294 0.004728
vt 0.041977 0.69912
vt 0.065294 0.69912
vt 0.065294 0.695849
vt 0.562337 0.53352
vt 0.56186 0.536248
vt 0.407355 0.53343
vt 0.407797 0.536266
vt 0.561298 0.538717
vt 0.408303 0.5388
vt 0.039712 0.009115
vt 0.039712 0.137351
vt 0.041977 0.137351
vt 0.567607 0.534263
vt 0.569923 0.508612
vt 0.567345 0.50861
vt 0.564974 0.533892
vt 0.564767 0.508609
vt 0.562188 0.508607
vt 0.041977 0.141701
vt 0.065294 0.144192
vt 0.065294 0.141701
vt 0.041977 0.139588
vt 0.065294 0.139588
vt 0.065294 0.137351
vt 0.398868 0.537418
vt 0.372744 0.537466
vt 0.399259 0.534786
vt 0.372276 0.534783
vt 0.398473 0.540047
vt 0.373214 0.540143
vt 0.404654 0.533884
vt 0.404736 0.508742
vt 0.407309 0.508742
vt 0.401955 0.534336
vt 0.402163 0.508741
vt 0.399588 0.508739
vt 0.137209 0.685053
vt 0.137209 0.687782
vt 0.114269 0.685053
vt 0.114269 0.687782
vt 0.137209 0.690261
vt 0.114269 0.690261
vt 0.137209 0.003968
vt 0.114269 0.003968
vt 0.114269 0.006825
vt 0.364335 0.533683
vt 0.36385 0.536425
vt 0.216438 0.53328
vt 0.216876 0.536132
vt 0.36328 0.538906
vt 0.217378 0.53868
vt 0.139534 0.685053
vt 0.139534 0.541496
vt 0.137209 0.541496
vt 0.369633 0.534418
vt 0.371983 0.508692
vt 0.369401 0.508678
vt 0.366987 0.534051
vt 0.366817 0.508664
vt 0.364229 0.508648
vt 0.137209 0.536426
vt 0.114269 0.533751
vt 0.114269 0.536426
vt 0.137209 0.538827
vt 0.114269 0.538827
vt 0.114269 0.541496
vt 0.208344 0.534595
vt 0.207952 0.537218
vt 0.184014 0.534868
vt 0.184013 0.537437
vt 0.207557 0.539837
vt 0.184012 0.540005
vt 0.213735 0.533719
vt 0.213833 0.508494
vt 0.216425 0.508482
vt 0.211038 0.534157
vt 0.211244 0.508507
vt 0.208658 0.508519
vt 0.176422 0.53487
vt 0.176424 0.537437
vt 0.153839 0.534876
vt 0.15385 0.537444
vt 0.176426 0.540004
vt 0.153862 0.54001
vt 0.153874 0.542574
vt 0.181233 0.534881
vt 0.183974 0.508608
vt 0.181199 0.508624
vt 0.178693 0.534882
vt 0.178669 0.508636
vt 0.176416 0.508638
vt 0.155067 0.006048
vt 0.177911 0.009067
vt 0.177978 0.006197
vt 0.650645 0.426319
vt 0.650645 0.423754
vt 0.673113 0.426319
vt 0.673113 0.423754
vt 0.650645 0.42122
vt 0.673113 0.42122
vt 0.648507 0.42122
vt 0.650645 0.403672
vt 0.648507 0.403672
vt 0.645947 0.42122
vt 0.645947 0.403672
vt 0.588188 0.505841
vt 0.569914 0.505817
vt 0.650645 0.401181
vt 0.673113 0.403672
vt 0.673113 0.401181
vt 0.650645 0.398673
vt 0.673113 0.398673
vt 0.650645 0.396148
vt 0.673113 0.396148
vt 0.648507 0.396148
vt 0.650645 0.245638
vt 0.648507 0.245638
vt 0.645947 0.396148
vt 0.645947 0.245638
vt 0.56218 0.50581
vt 0.407305 0.505945
vt 0.650645 0.243173
vt 0.673113 0.245638
vt 0.673113 0.243173
vt 0.650645 0.240662
vt 0.673113 0.240662
vt 0.650645 0.238099
vt 0.673113 0.238099
vt 0.648507 0.238099
vt 0.650645 0.210227
vt 0.648507 0.210227
vt 0.645947 0.238099
vt 0.645947 0.210227
vt 0.399604 0.505946
vt 0.371978 0.505898
vt 0.650645 0.207599
vt 0.673113 0.210227
vt 0.673113 0.207599
vt 0.650645 0.20488
vt 0.673113 0.20488
vt 0.650645 0.202098
vt 0.673113 0.202098
vt 0.648507 0.202098
vt 0.650645 0.0455
vt 0.648507 0.0455
vt 0.645947 0.202098
vt 0.645947 0.0455
vt 0.364228 0.505836
vt 0.216426 0.505669
vt 0.650645 0.042746
vt 0.673113 0.0455
vt 0.673113 0.042746
vt 0.650645 0.039985
vt 0.673113 0.039985
vt 0.650645 0.037225
vt 0.673113 0.037225
vt 0.648507 0.037225
vt 0.650645 0.010892
vt 0.648507 0.010892
vt 0.645947 0.037225
vt 0.645947 0.010892
vt 0.208659 0.505723
vt 0.183939 0.505801
vt 0.650645 0.008055
vt 0.673113 0.010892
vt 0.673113 0.008055
vt 0.650645 0.005151
vt 0.673113 0.005151
vt 0.176462 0.505795
vt 0.153768 0.505801
vt 0.153808 0.508634
vt 0.180183 0.009089
vt 0.180047 0.035477
vt 0.182733 0.009105
vt 0.182614 0.03548
vt 0.185526 0.009123
vt 0.185426 0.035464
vt 0.18552 0.006305
vt 0.20378 0.009264
vt 0.203821 0.006472
vt 0.677792 0.42122
vt 0.675332 0.42122
vt 0.677792 0.403672
vt 0.675332 0.403672
vt 0.206336 0.009295
vt 0.20616 0.034661
vt 0.203478 0.035138
vt 0.208885 0.009324
vt 0.208833 0.034181
vt 0.211428 0.009351
vt 0.211502 0.033699
vt 0.211423 0.006599
vt 0.363868 0.009091
vt 0.363857 0.006338
vt 0.677792 0.396148
vt 0.675332 0.396148
vt 0.677792 0.245638
vt 0.675332 0.245638
vt 0.366418 0.009055
vt 0.364026 0.033675
vt 0.366635 0.034078
vt 0.368975 0.009019
vt 0.369248 0.034481
vt 0.371539 0.008985
vt 0.371868 0.034881
vt 0.371506 0.006188
vt 0.399204 0.008818
vt 0.399199 0.006017
vt 0.677792 0.238099
vt 0.675332 0.238099
vt 0.677792 0.210227
vt 0.675332 0.210227
vt 0.401789 0.008809
vt 0.401725 0.034376
vt 0.399039 0.03485
vt 0.404372 0.008802
vt 0.404407 0.033899
vt 0.406956 0.008797
vt 0.407089 0.033423
vt 0.406946 0.006007
vt 0.553512 0.008341
vt 0.553497 0.005552
vt 0.677792 0.202098
vt 0.675332 0.202098
vt 0.677792 0.0455
vt 0.675332 0.0455
vt 0.556091 0.008319
vt 0.553705 0.033215
vt 0.55634 0.033601
vt 0.558675 0.008298
vt 0.558977 0.033987
vt 0.56126 0.008277
vt 0.561618 0.034372
vt 0.561234 0.005466
vt 0.586106 0.00817
vt 0.586106 0.005359
vt 0.677792 0.037225
vt 0.675332 0.037225
vt 0.677792 0.010892
vt 0.675332 0.010892
vt 0.588916 0.008147
vt 0.586233 0.034634
vt 0.589045 0.03463
vt 0.148997 0.508601
vt 0.151547 0.508626
vt 0.149013 0.534894
vt 0.151561 0.53489
vt 0.185418 0.043234
vt 0.185419 0.040643
vt 0.202409 0.043102
vt 0.202769 0.04044
vt 0.185422 0.038053
vt 0.203123 0.037785
vt 0.180024 0.04324
vt 0.180013 0.231008
vt 0.182598 0.043241
vt 0.182585 0.231009
vt 0.185403 0.231009
vt 0.205162 0.043583
vt 0.202155 0.230994
vt 0.205016 0.230552
vt 0.207653 0.044151
vt 0.207575 0.230047
vt 0.067563 0.695849
vt 0.067563 0.486528
vt 0.067563 0.009115
vt 0.067563 0.137351
vt 0.212444 0.038983
vt 0.211943 0.036491
vt 0.363002 0.038789
vt 0.363555 0.03636
vt 0.372734 0.040295
vt 0.398335 0.040153
vt 0.373168 0.043014
vt 0.397982 0.042811
vt 0.372302 0.037584
vt 0.398686 0.0375
vt 0.067563 0.144192
vt 0.067563 0.311761
vt 0.367736 0.043979
vt 0.3703 0.043468
vt 0.368017 0.230358
vt 0.370516 0.230922
vt 0.373275 0.231399
vt 0.400742 0.043289
vt 0.398082 0.231184
vt 0.40095 0.230729
vt 0.40324 0.043854
vt 0.403512 0.230217
vt 0.111987 0.006825
vt 0.111987 0.191137
vt 0.111987 0.685053
vt 0.111987 0.541496
vt 0.408049 0.038771
vt 0.407539 0.036248
vt 0.552677 0.038397
vt 0.553233 0.035936
vt 0.56251 0.039789
vt 0.586273 0.039849
vt 0.562956 0.042505
vt 0.586293 0.042462
vt 0.562064 0.037078
vt 0.586253 0.037239
vt 0.111987 0.533751
vt 0.111987 0.350971
vt 0.557518 0.043458
vt 0.560085 0.04295
vt 0.557447 0.23004
vt 0.559948 0.230611
vt 0.56271 0.231095
vt 0.589126 0.04246
vt 0.586284 0.230963
vt 0.589117 0.230958
vt 0.149072 0.542573
vt 0.151607 0.542573
vt 0.14906 0.727283
vt 0.151594 0.727284
vt 0.185391 0.236187
vt 0.203 0.23644
vt 0.185385 0.238775
vt 0.203421 0.239149
vt 0.185397 0.233598
vt 0.202579 0.233722
vt 0.180011 0.23875
vt 0.180003 0.267174
vt 0.182576 0.238753
vt 0.182558 0.267173
vt 0.185357 0.267156
vt 0.211273 0.240374
vt 0.211752 0.237683
vt 0.364233 0.24081
vt 0.363793 0.23801
vt 0.212314 0.235249
vt 0.363299 0.23551
vt 0.067563 0.477988
vt 0.067563 0.319375
vt 0.206044 0.239555
vt 0.206027 0.266377
vt 0.203344 0.266842
vt 0.208661 0.239964
vt 0.208707 0.265909
vt 0.211386 0.265439
vt 0.372584 0.236716
vt 0.398955 0.236606
vt 0.372236 0.239364
vt 0.399392 0.23931
vt 0.37293 0.234061
vt 0.398519 0.233898
vt 0.366896 0.240328
vt 0.364386 0.265874
vt 0.367014 0.266273
vt 0.369563 0.239845
vt 0.369644 0.26667
vt 0.372275 0.267063
vt 0.407269 0.240481
vt 0.407744 0.237768
vt 0.553543 0.240524
vt 0.553094 0.237703
vt 0.408303 0.235314
vt 0.552589 0.235185
vt 0.111987 0.198936
vt 0.111987 0.34321
vt 0.402021 0.239699
vt 0.402056 0.266636
vt 0.399362 0.267096
vt 0.404646 0.240089
vt 0.40475 0.266174
vt 0.407444 0.265709
vt 0.561622 0.239089
vt 0.561984 0.23643
vt 0.586238 0.238773
vt 0.586252 0.236171
vt 0.562345 0.233765
vt 0.586268 0.233568
vt 0.556233 0.240044
vt 0.553738 0.265773
vt 0.556372 0.266166
vt 0.558925 0.239565
vt 0.559008 0.266558
vt 0.561645 0.266949
vt 0.589049 0.238768
vt 0.586163 0.267307
vt 0.588972 0.267328
vt 0.148962 0.734926
vt 0.151512 0.734946
vt 0.148746 0.763346
vt 0.151301 0.763367
vt 0.185355 0.274897
vt 0.185355 0.272317
vt 0.202223 0.274774
vt 0.202599 0.272125
vt 0.185356 0.269736
vt 0.202972 0.269481
vt 0.180001 0.274904
vt 0.179861 0.461959
vt 0.182556 0.274904
vt 0.182415 0.461962
vt 0.185212 0.461963
vt 0.204953 0.275254
vt 0.20184 0.461952
vt 0.204679 0.461514
vt 0.207423 0.27582
vt 0.207217 0.461014
vt 0.003575 0.007513
vt 0.003575 0.192193
vt 0.003575 0.703286
vt 0.003575 0.55131
vt 0.212318 0.270743
vt 0.211824 0.268241
vt 0.363347 0.271003
vt 0.363909 0.268567
vt 0.373178 0.272454
vt 0.398598 0.272376
vt 0.373631 0.275154
vt 0.398213 0.275019
vt 0.372726 0.269757
vt 0.398981 0.269736
vt 0.003575 0.543597
vt 0.003575 0.35992
vt 0.368258 0.276096
vt 0.370793 0.275596
vt 0.368016 0.461157
vt 0.370484 0.461723
vt 0.373212 0.462204
vt 0.40094 0.275501
vt 0.397769 0.462063
vt 0.400606 0.461622
vt 0.403408 0.276068
vt 0.403141 0.461122
vt 0.07585 0.007521
vt 0.075849 0.193486
vt 0.07585 0.687971
vt 0.075849 0.544273
vt 0.408395 0.271051
vt 0.407891 0.268531
vt 0.552703 0.270943
vt 0.553263 0.268488
vt 0.562543 0.272354
vt 0.586146 0.272482
vt 0.562993 0.275061
vt 0.586138 0.275068
vt 0.562094 0.26965
vt 0.586154 0.269895
vt 0.07585 0.536575
vt 0.075849 0.353123
vt 0.557603 0.275997
vt 0.560147 0.275498
vt 0.557226 0.46165
vt 0.559702 0.46222
vt 0.562437 0.462705
vt 0.588944 0.275071
vt 0.585803 0.462622
vt 0.588609 0.462622
vt 0.148665 0.771154
vt 0.151231 0.771156
vt 0.148551 0.95896
vt 0.151117 0.958961
vt 0.185198 0.467116
vt 0.202712 0.467355
vt 0.185191 0.469693
vt 0.203145 0.470049
vt 0.185205 0.464539
vt 0.202277 0.464657
vt 0.179848 0.469665
vt 0.17978 0.495952
vt 0.182398 0.46967
vt 0.182324 0.495962
vt 0.185116 0.495972
vt 0.210988 0.471238
vt 0.211465 0.468543
vt 0.364099 0.471496
vt 0.363663 0.468694
vt 0.212024 0.466106
vt 0.363166 0.466191
vt 0.003575 0.199938
vt 0.003575 0.352199
vt 0.205763 0.470444
vt 0.2034 0.495954
vt 0.20597 0.495937
vt 0.208377 0.47084
vt 0.208535 0.495918
vt 0.211097 0.495899
vt 0.372477 0.467471
vt 0.398653 0.467442
vt 0.37211 0.470101
vt 0.399094 0.470128
vt 0.372843 0.464839
vt 0.398212 0.464754
vt 0.366768 0.471029
vt 0.366689 0.495928
vt 0.364136 0.495914
vt 0.369437 0.470564
vt 0.369243 0.495943
vt 0.3718 0.495957
vt 0.406962 0.471291
vt 0.407449 0.46858
vt 0.55325 0.471982
vt 0.55282 0.46916
vt 0.408019 0.466128
vt 0.552328 0.466639
vt 0.07585 0.201249
vt 0.07585 0.345413
vt 0.401717 0.470514
vt 0.399299 0.496056
vt 0.401867 0.496066
vt 0.404339 0.470902
vt 0.404435 0.496075
vt 0.407003 0.496084
vt 0.561306 0.470619
vt 0.561682 0.467983
vt 0.585761 0.470381
vt 0.585775 0.467797
vt 0.562059 0.465346
vt 0.585789 0.46521
vt 0.555935 0.471527
vt 0.555783 0.496575
vt 0.553213 0.496558
vt 0.558619 0.471072
vt 0.558355 0.496593
vt 0.56093 0.496609
vt 0.588558 0.470382
vt 0.585643 0.49671
vt 0.588438 0.496732
vt 0.148586 0.966797
vt 0.15115 0.966778
vt 0.148768 0.993235
vt 0.151327 0.99319
vt 0.629708 0.010574
vt 0.629708 0.029908
vt 0.632153 0.010574
vt 0.632153 0.029908
vt 0.185084 0.498794
vt 0.203422 0.498755
vt 0.629708 0.038007
vt 0.629708 0.198768
vt 0.632153 0.038007
vt 0.632153 0.198768
vt 0.211102 0.498663
vt 0.364137 0.498677
vt 0.629708 0.206739
vt 0.629708 0.234475
vt 0.632153 0.206739
vt 0.632153 0.234475
vt 0.371778 0.498738
vt 0.3993 0.498839
vt 0.629708 0.241989
vt 0.629708 0.383293
vt 0.632153 0.241989
vt 0.632153 0.383293
vt 0.406999 0.498866
vt 0.553205 0.49934
vt 0.629708 0.390766
vt 0.629708 0.414754
vt 0.632153 0.390766
vt 0.632153 0.414754
vt 0.560905 0.499406
vt 0.585643 0.499505
vt 0.152793 0.498385
vt 0.602446 0.004924
vt 0.602446 0.007759
vt 0.599839 0.007759
vt 0.590623 0.995547
vt 0.150155 0.498513
vt 0.602446 0.032647
vt 0.602446 0.035339
vt 0.599839 0.035339
vt 0.564818 0.996029
vt 0.567401 0.99602
vt 0.599839 0.032647
vt 0.602446 0.201467
vt 0.602446 0.204128
vt 0.599839 0.204128
vt 0.401715 0.995963
vt 0.4043 0.995962
vt 0.599839 0.201467
vt 0.602446 0.23704
vt 0.602446 0.239541
vt 0.599839 0.239541
vt 0.366152 0.995923
vt 0.368731 0.995938
vt 0.599839 0.23704
vt 0.602446 0.385763
vt 0.602446 0.388254
vt 0.599839 0.388254
vt 0.211269 0.995968
vt 0.21386 0.995965
vt 0.599839 0.385763
vt 0.602446 0.417341
vt 0.602446 0.419979
vt 0.178509 0.995579
vt 0.181292 0.995575
vt 0.599839 0.417341
vt 0.152593 0.46451
vt 0.152604 0.467091
vt 0.150052 0.467102
vt 0.591177 0.964275
vt 0.591197 0.96166
vt 0.150034 0.464517
vt 0.031115 0.197256
vt 0.031115 0.194888
vt 0.565767 0.961005
vt 0.567912 0.961731
vt 0.567593 0.964494
vt 0.564823 0.964802
vt 0.564136 0.962617
vt 0.031115 0.35725
vt 0.031115 0.354885
vt 0.404965 0.962482
vt 0.404232 0.964629
vt 0.40146 0.964303
vt 0.401153 0.961524
vt 0.403344 0.960838
vt 0.103372 0.198574
vt 0.103372 0.196202
vt 0.367099 0.960863
vt 0.369256 0.961592
vt 0.368936 0.964375
vt 0.36616 0.964698
vt 0.36546 0.96251
vt 0.103372 0.350455
vt 0.103372 0.348094
vt 0.214523 0.962532
vt 0.213787 0.964673
vt 0.211026 0.964345
vt 0.210725 0.961572
vt 0.212917 0.960889
vt 0.178515 0.964131
vt 0.178513 0.961549
vt 0.181078 0.961549
vt 0.181077 0.964131
vt 0.152721 0.269743
vt 0.152717 0.272312
vt 0.150168 0.272306
vt 0.591075 0.768555
vt 0.591061 0.765968
vt 0.150177 0.269741
vt 0.031115 0.004664
vt 0.031115 0.708513
vt 0.031115 0.706024
vt 0.5641 0.76763
vt 0.564828 0.765487
vt 0.567593 0.765808
vt 0.567899 0.768577
vt 0.565713 0.769261
vt 0.031115 0.548632
vt 0.031115 0.546269
vt 0.403655 0.769301
vt 0.401497 0.768576
vt 0.401807 0.765797
vt 0.40458 0.765475
vt 0.405282 0.767655
vt 0.103372 0.004653
vt 0.103372 0.693185
vt 0.103372 0.690702
vt 0.365846 0.767689
vt 0.366578 0.765546
vt 0.369342 0.765869
vt 0.369642 0.768643
vt 0.367456 0.769327
vt 0.103372 0.541603
vt 0.103372 0.539246
vt 0.213016 0.769235
vt 0.210867 0.768517
vt 0.211168 0.765753
vt 0.213929 0.765439
vt 0.214623 0.767612
vt 0.178613 0.768609
vt 0.178617 0.766027
vt 0.181177 0.766029
vt 0.181175 0.768611
vt 0.152562 0.23361
vt 0.152596 0.236205
vt 0.150038 0.236236
vt 0.590925 0.732331
vt 0.590895 0.729774
vt 0.149986 0.233637
vt 0.039712 0.480764
vt 0.039712 0.483415
vt 0.56573 0.729144
vt 0.567859 0.729885
vt 0.567519 0.732637
vt 0.564744 0.732937
vt 0.564066 0.730747
vt 0.039712 0.314181
vt 0.039712 0.316526
vt 0.405145 0.730739
vt 0.404427 0.732901
vt 0.401648 0.732595
vt 0.401308 0.729829
vt 0.403476 0.729117
vt 0.139534 0.196256
vt 0.139534 0.193839
vt 0.367569 0.729125
vt 0.369698 0.729883
vt 0.369341 0.732644
vt 0.366549 0.732934
vt 0.365875 0.730728
vt 0.139534 0.348298
vt 0.139534 0.345893
vt 0.214463 0.730683
vt 0.213758 0.732851
vt 0.210975 0.732565
vt 0.210624 0.729815
vt 0.212784 0.729094
vt 0.178688 0.732443
vt 0.178693 0.729874
vt 0.181233 0.729875
vt 0.18123 0.732444
vt 0.152554 0.037961
vt 0.152529 0.040582
vt 0.149931 0.040564
vt 0.590908 0.540077
vt 0.590924 0.53752
vt 0.149968 0.037929
vt 0.039712 0.69912
vt 0.039712 0.004728
vt 0.039712 0.006805
vt 0.564177 0.539174
vt 0.564887 0.537027
vt 0.567644 0.537331
vt 0.567972 0.540078
vt 0.565812 0.540774
vt 0.039712 0.139588
vt 0.039712 0.141701
vt 0.403733 0.54091
vt 0.401603 0.540164
vt 0.401948 0.537404
vt 0.404723 0.537102
vt 0.405404 0.539297
vt 0.139534 0.003968
vt 0.139534 0.690261
vt 0.139534 0.687782
vt 0.366195 0.539365
vt 0.366902 0.537202
vt 0.369677 0.537496
vt 0.370017 0.54025
vt 0.367858 0.540961
vt 0.139534 0.538827
vt 0.139534 0.536426
vt 0.212794 0.540707
vt 0.210678 0.539959
vt 0.211026 0.537218
vt 0.213795 0.536939
vt 0.214458 0.539134
vt 0.178697 0.540013
vt 0.178694 0.537447
vt 0.181233 0.537447
vt 0.181235 0.540012
vt 0.648507 0.423754
vt 0.648507 0.426319
vt 0.152956 0.006407
vt 0.150305 0.006262
vt 0.590617 0.506196
vt 0.645947 0.423754
vt 0.648507 0.398673
vt 0.648507 0.401181
vt 0.645947 0.401181
vt 0.567337 0.505816
vt 0.56476 0.505811
vt 0.645947 0.398673
vt 0.648507 0.240662
vt 0.648507 0.243173
vt 0.645947 0.243173
vt 0.404741 0.50595
vt 0.402175 0.505949
vt 0.645947 0.240662
vt 0.648507 0.20488
vt 0.648507 0.207599
vt 0.645947 0.207599
vt 0.369408 0.505882
vt 0.366826 0.505856
vt 0.645947 0.20488
vt 0.648507 0.039985
vt 0.648507 0.042746
vt 0.645947 0.042746
vt 0.213824 0.505682
vt 0.211236 0.505704
vt 0.645947 0.039985
vt 0.17862 0.506148
vt 0.648507 0.005151
vt 0.648507 0.008055
vt 0.645947 0.008055
vt 0.181394 0.506149
vt 0.182961 0.006616
vt 0.180161 0.006576
vt 0.675332 0.426319
vt 0.675332 0.423754
vt 0.677792 0.423754
vt 0.208917 0.006577
vt 0.206387 0.00653
vt 0.677792 0.401181
vt 0.675332 0.401181
vt 0.675332 0.398673
vt 0.677792 0.398673
vt 0.368923 0.006237
vt 0.366371 0.006293
vt 0.677792 0.243173
vt 0.675332 0.243173
vt 0.675332 0.240662
vt 0.677792 0.240662
vt 0.404372 0.006003
vt 0.401788 0.006006
vt 0.677792 0.207599
vt 0.675332 0.207599
vt 0.675332 0.20488
vt 0.677792 0.20488
vt 0.558641 0.005494
vt 0.556061 0.005525
vt 0.677792 0.042746
vt 0.675332 0.042746
vt 0.675332 0.039985
vt 0.677792 0.039985
vt 0.151674 0.506161
vt 0.149029 0.506036
vt 0.588554 0.005702
vt 0.677792 0.008055
vt 0.675332 0.008055
vt 0.675332 0.005151
vt 0.180029 0.040654
vt 0.180035 0.038063
vt 0.182605 0.038065
vt 0.182601 0.040654
vt 0.067563 0.006805
vt 0.067563 0.004728
vt 0.067563 0.69912
vt 0.208117 0.041211
vt 0.205936 0.040511
vt 0.206209 0.037727
vt 0.208959 0.037368
vt 0.209696 0.039518
vt 0.067563 0.141701
vt 0.067563 0.139588
vt 0.365736 0.03929
vt 0.366501 0.037187
vt 0.369236 0.037557
vt 0.369499 0.040347
vt 0.367284 0.040997
vt 0.111987 0.687782
vt 0.111987 0.690261
vt 0.111987 0.003968
vt 0.403666 0.040923
vt 0.401497 0.040228
vt 0.401772 0.037446
vt 0.404523 0.0371
vt 0.405243 0.039259
vt 0.111987 0.536426
vt 0.111987 0.538827
vt 0.555491 0.038872
vt 0.55623 0.036738
vt 0.558986 0.037075
vt 0.559276 0.039855
vt 0.557076 0.040526
vt 0.151574 0.537458
vt 0.15159 0.540021
vt 0.149052 0.540035
vt 0.589106 0.039834
vt 0.589074 0.037223
vt 0.149027 0.53747
vt 0.18001 0.236171
vt 0.180013 0.23359
vt 0.182584 0.233593
vt 0.182579 0.236174
vt 0.067563 0.483415
vt 0.067563 0.480764
vt 0.209582 0.234741
vt 0.208809 0.236849
vt 0.206068 0.236474
vt 0.205814 0.233682
vt 0.208034 0.233032
vt 0.067563 0.316526
vt 0.067563 0.314181
vt 0.367595 0.233319
vt 0.369771 0.234001
vt 0.36951 0.236784
vt 0.366772 0.237148
vt 0.366042 0.23501
vt 0.111987 0.193839
vt 0.111987 0.196256
vt 0.405523 0.234842
vt 0.404772 0.236962
vt 0.402024 0.236615
vt 0.401751 0.233829
vt 0.403957 0.233165
vt 0.111987 0.345893
vt 0.111987 0.348298
vt 0.556992 0.232987
vt 0.559173 0.233691
vt 0.558887 0.236484
vt 0.556118 0.236837
vt 0.555393 0.234671
vt 0.151573 0.729828
vt 0.151544 0.732384
vt 0.149008 0.732355
vt 0.589071 0.236175
vt 0.589095 0.233572
vt 0.149048 0.729808
vt 0.180002 0.272327
vt 0.180001 0.26975
vt 0.182556 0.269749
vt 0.182558 0.272327
vt 0.003575 0.706024
vt 0.003575 0.708513
vt 0.003575 0.004663
vt 0.207907 0.272927
vt 0.205747 0.27221
vt 0.20605 0.269439
vt 0.20881 0.269101
vt 0.209522 0.271263
vt 0.003575 0.546268
vt 0.003575 0.548631
vt 0.366142 0.271527
vt 0.366893 0.269397
vt 0.369656 0.269747
vt 0.369957 0.272528
vt 0.36776 0.273207
vt 0.075849 0.690702
vt 0.07585 0.693185
vt 0.075849 0.004653
vt 0.4039 0.273215
vt 0.401748 0.272482
vt 0.40207 0.269708
vt 0.404845 0.269386
vt 0.405548 0.271568
vt 0.07585 0.539245
vt 0.075849 0.541603
vt 0.555518 0.271437
vt 0.556259 0.269302
vt 0.559022 0.269643
vt 0.55932 0.272422
vt 0.557126 0.2731
vt 0.151273 0.765957
vt 0.151249 0.768556
vt 0.148675 0.768541
vt 0.588946 0.272495
vt 0.588958 0.269917
vt 0.148706 0.765932
vt 0.179852 0.467095
vt 0.179859 0.464525
vt 0.182412 0.46453
vt 0.182403 0.467099
vt 0.003575 0.194888
vt 0.003575 0.197256
vt 0.209257 0.465609
vt 0.208505 0.467724
vt 0.205768 0.467372
vt 0.205491 0.464601
vt 0.207685 0.463938
vt 0.003575 0.354885
vt 0.003575 0.35725
vt 0.367557 0.464044
vt 0.369706 0.464751
vt 0.369411 0.467512
vt 0.366669 0.467846
vt 0.365963 0.465694
vt 0.07585 0.196202
vt 0.07585 0.198574
vt 0.405191 0.465648
vt 0.404455 0.467777
vt 0.40171 0.467444
vt 0.401417 0.464679
vt 0.403596 0.464006
vt 0.075849 0.348094
vt 0.075849 0.350455
vt 0.55677 0.464532
vt 0.558916 0.465249
vt 0.558606 0.46801
vt 0.555853 0.468329
vt 0.555161 0.466163
vt 0.151119 0.961569
vt 0.151131 0.964179
vt 0.148552 0.964198
vt 0.588576 0.467802
vt 0.588595 0.465216
vt 0.148535 0.961574
vt 0.629708 0.007759
vt 0.629708 0.004924
vt 0.179697 0.498434
vt 0.182511 0.498453
vt 0.632153 0.007759
vt 0.629708 0.035339
vt 0.629708 0.032647
vt 0.632153 0.032647
vt 0.206004 0.498722
vt 0.208562 0.49869
vt 0.632153 0.035339
vt 0.629708 0.204128
vt 0.629708 0.201467
vt 0.632153 0.201467
vt 0.366671 0.498693
vt 0.369217 0.498714
vt 0.632153 0.204128
vt 0.629708 0.239541
vt 0.629708 0.23704
vt 0.632153 0.23704
vt 0.401866 0.498851
vt 0.404435 0.498861
vt 0.632153 0.239541
vt 0.629708 0.388254
vt 0.629708 0.385763
vt 0.632153 0.385763
vt 0.555761 0.49936
vt 0.558326 0.499383
vt 0.632153 0.388254
vt 0.151478 0.995652
vt 0.629708 0.419979
vt 0.629708 0.417341
vt 0.632153 0.417341
vt 0.588077 0.499162
vt 0.148841 0.995804
usemtl Frame2SG
f 1249/1529/1114 1250/1530/1115 1251/1531/1116
f 1251/1531/1116 1250/1530/1115 1252/1532/1117
f 1250/1530/1115 1253/1533/1118 1252/1532/1117
f 1252/1532/1117 1253/1533/1118 1254/1534/1119
f 1253/1535/1118 1255/1536/1120 1254/1537/1119
f 1254/1537/1119 1255/1536/1120 1256/1538/1121
f 1257/1539/1122 1258/1540/1123 1259/1541/1124
f 1259/1541/1124 1258/1540/1123 1260/1542/1125
f 1258/1543/1123 1261/1544/1126 1260/1545/1125
f 1260/1545/1125 1261/1544/1126 1262/1546/1127
f 1261/1544/1126 1249/1529/1114 1262/1546/1127
f 1262/1546/1127 1249/1529/1114 1263/1547/1128
f 1255/1536/1120 1264/1548/1129 1265/1549/1130
f 1265/1549/1130 1264/1548/1129 1266/1550/1131
f 1264/1548/1129 1267/1551/1132 1266/1550/1131
f 1266/1550/1131 1267/1551/1132 1268/1552/1133
f 1257/1539/1122 1269/1553/1134 1267/1554/1132
f 1267/1554/1132 1269/1553/1134 1268/1555/1133
f 1270/1556/1135 1271/1557/1136 1272/1558/1137
f 1272/1558/1137 1271/1557/1136 1273/1559/1138
f 1271/1557/1136 1274/1560/1139 1273/1559/1138
f 1273/1559/1138 1274/1560/1139 1275/1561/1140
f 1274/1560/1139 1263/1547/1128 1275/1561/1140
f 1275/1561/1140 1263/1547/1128 1276/1562/1141
f 1277/1563/1142 1278/1564/1143 1279/1565/1144
f 1279/1565/1144 1278/1564/1143 1280/1566/1145
f 1278/1567/1143 1281/1568/1146 1280/1569/1145
f 1280/1569/1145 1281/1568/1146 1282/1570/1147
f 1281/1568/1146 1270/1556/1135 1282/1570/1147
f 1282/1570/1147 1270/1556/1135 1283/1571/1148
f 1284/1572/1149 1285/1573/1150 1259/1541/1124
f 1259/1541/1124 1285/1573/1150 1286/1574/1151
f 1287/1575/1152 1288/1576/1153 1284/1572/1149
f 1284/1572/1149 1288/1576/1153 1285/1573/1150
f 1277/1563/1142 1289/1577/1154 1287/1575/1152
f 1287/1575/1152 1289/1577/1154 1288/1576/1153
f 1290/1578/1155 1291/1579/1156 1292/1580/1157
f 1292/1580/1157 1291/1579/1156 1293/1581/1158
f 1291/1579/1156 1294/1582/1159 1293/1581/1158
f 1293/1581/1158 1294/1582/1159 1295/1583/1160
f 1294/1582/1159 1283/1571/1148 1295/1583/1160
f 1295/1583/1160 1283/1571/1148 1296/1584/1161
f 1297/1585/1162 1298/1586/1163 1299/1587/1164
f 1299/1587/1164 1298/1586/1163 1300/1588/1165
f 1298/1589/1163 1301/1590/1166 1300/1591/1165
f 1300/1591/1165 1301/1590/1166 1302/1592/1167
f 1301/1590/1166 1290/1578/1155 1302/1592/1167
f 1302/1592/1167 1290/1578/1155 1303/1593/1168
f 1279/1565/1144 1304/1594/1169 1305/1595/1170
f 1305/1595/1170 1304/1594/1169 1306/1596/1171
f 1304/1594/1169 1307/1597/1172 1306/1596/1171
f 1306/1596/1171 1307/1597/1172 1308/1598/1173
f 1307/1597/1172 1297/1585/1162 1308/1598/1173
f 1308/1598/1173 1297/1585/1162 1309/1599/1174
f 1310/1600/1135 1311/1601/1136 1312/1602/1137
f 1312/1602/1137 1311/1601/1136 1313/1603/1138
f 1311/1601/1136 1314/1604/1175 1313/1603/1138
f 1313/1603/1138 1314/1604/1175 1315/1605/1140
f 1314/1604/1175 1303/1593/1168 1315/1605/1140
f 1315/1605/1140 1303/1593/1168 1316/1606/1157
f 1317/1607/1176 1318/1608/1143 1319/1609/1177
f 1319/1609/1177 1318/1608/1143 1320/1610/1145
f 1318/1611/1143 1321/1612/1146 1320/1613/1145
f 1320/1613/1145 1321/1612/1146 1322/1614/1178
f 1321/1612/1146 1310/1600/1135 1322/1614/1178
f 1322/1614/1178 1310/1600/1135 1323/1615/1148
f 1324/1616/1149 1325/1617/1179 1299/1587/1164
f 1299/1587/1164 1325/1617/1179 1326/1618/1180
f 1327/1619/1152 1328/1620/1181 1324/1616/1149
f 1324/1616/1149 1328/1620/1181 1325/1617/1179
f 1317/1607/1176 1329/1621/1182 1327/1619/1152
f 1327/1619/1152 1329/1621/1182 1328/1620/1181
f 1330/1622/1183 1331/1623/1156 1332/1624/1184
f 1332/1624/1184 1331/1623/1156 1333/1625/1185
f 1331/1623/1156 1334/1626/1159 1333/1625/1185
f 1333/1625/1185 1334/1626/1159 1335/1627/1160
f 1334/1626/1159 1323/1615/1148 1335/1627/1160
f 1335/1627/1160 1323/1615/1148 1336/1628/1161
f 1337/1629/1186 1338/1630/1187 1339/1631/1188
f 1339/1631/1188 1338/1630/1187 1340/1632/1189
f 1338/1633/1187 1341/1634/1190 1340/1635/1189
f 1340/1635/1189 1341/1634/1190 1342/1636/1191
f 1341/1634/1190 1330/1622/1183 1342/1636/1191
f 1342/1636/1191 1330/1622/1183 1343/1637/1192
f 1319/1609/1177 1344/1638/1169 1345/1639/1193
f 1345/1639/1193 1344/1638/1169 1346/1640/1194
f 1344/1638/1169 1347/1641/1172 1346/1640/1194
f 1346/1640/1194 1347/1641/1172 1348/1642/1195
f 1347/1641/1172 1337/1629/1186 1348/1642/1195
f 1348/1642/1195 1337/1629/1186 1349/1643/1196
f 1350/1644/1197 1351/1645/1198 1352/1646/1199
f 1352/1646/1199 1351/1645/1198 1353/1647/1200
f 1351/1648/1198 1354/1649/1201 1353/1650/1200
f 1353/1650/1200 1354/1649/1201 1355/1651/1202
f 1354/1649/1201 1343/1637/1192 1355/1651/1202
f 1355/1651/1202 1343/1637/1192 1356/1652/1203
f 1339/1631/1188 1357/1653/1204 1358/1654/1205
f 1358/1654/1205 1357/1653/1204 1359/1655/1206
f 1357/1653/1204 1360/1656/1207 1359/1655/1206
f 1359/1655/1206 1360/1656/1207 1361/1657/1208
f 1360/1656/1207 1350/1644/1197 1361/1657/1208
f 1361/1657/1208 1350/1644/1197 1362/1658/1209
f 1265/1549/1130 1363/1659/1210 1364/1660/1211
f 1364/1660/1211 1363/1659/1210 1365/1661/1212
f 1363/1659/1210 1366/1662/1213 1365/1661/1212
f 1365/1661/1212 1366/1662/1213 1367/1663/1214
f 1366/1662/1213 1368/1664/1215 1367/1663/1214
f 1367/1663/1214 1368/1664/1215 1369/1665/1216
f 1370/1666/1217 1371/1667/1218 1372/1668/1219
f 1372/1668/1219 1371/1667/1218 1373/1669/1220
f 1371/1667/1218 1374/1670/1221 1373/1669/1220
f 1373/1669/1220 1374/1670/1221 1375/1671/1222
f 1374/1670/1221 1269/1553/1134 1375/1671/1222
f 1375/1671/1222 1269/1553/1134 1286/1574/1151
f 1368/1664/1215 1376/1672/1223 1377/1673/1224
f 1377/1673/1224 1376/1672/1223 1378/1674/1225
f 1376/1672/1223 1379/1675/1226 1378/1674/1225
f 1378/1674/1225 1379/1675/1226 1380/1676/1227
f 1379/1677/1226 1370/1666/1217 1380/1678/1227
f 1380/1678/1227 1370/1666/1217 1381/1679/1228
f 1382/1680/1229 1383/1681/1230 1384/1682/1231
f 1384/1682/1231 1383/1681/1230 1385/1683/1232
f 1383/1681/1230 1386/1684/1233 1385/1683/1232
f 1385/1683/1232 1386/1684/1233 1387/1685/1234
f 1386/1684/1233 1388/1686/1235 1387/1685/1234
f 1387/1685/1234 1388/1686/1235 1389/1687/1236
f 1372/1668/1219 1390/1688/1237 1391/1689/1238
f 1391/1689/1238 1390/1688/1237 1392/1690/1239
f 1390/1688/1237 1393/1691/1240 1392/1690/1239
f 1392/1690/1239 1393/1691/1240 1394/1692/1241
f 1393/1693/1240 1382/1680/1229 1394/1694/1241
f 1394/1694/1241 1382/1680/1229 1395/1695/1242
f 1388/1686/1235 1396/1696/1243 1397/1697/1244
f 1397/1697/1244 1396/1696/1243 1398/1698/1245
f 1396/1699/1243 1399/1700/1246 1398/1701/1245
f 1398/1701/1245 1399/1700/1246 1400/1702/1247
f 1399/1700/1246 1289/1577/1154 1400/1702/1247
f 1400/1702/1247 1289/1577/1154 1305/1595/1170
f 1397/1697/1244 1401/1703/1248 1402/1704/1249
f 1402/1704/1249 1401/1703/1248 1403/1705/1250
f 1401/1703/1248 1404/1706/1251 1403/1705/1250
f 1403/1705/1250 1404/1706/1251 1405/1707/1252
f 1404/1706/1251 1406/1708/1253 1405/1707/1252
f 1405/1707/1252 1406/1708/1253 1407/1709/1254
f 1408/1710/1255 1409/1711/1256 1410/1712/1257
f 1410/1712/1257 1409/1711/1256 1411/1713/1258
f 1412/1714/1259 1413/1715/1260 1408/1710/1255
f 1408/1710/1255 1413/1715/1260 1409/1711/1256
f 1309/1599/1174 1326/1618/1180 1412/1714/1259
f 1412/1714/1259 1326/1618/1180 1413/1715/1260
f 1406/1708/1253 1414/1716/1261 1415/1717/1262
f 1415/1717/1262 1414/1716/1261 1416/1718/1263
f 1414/1719/1261 1417/1720/1264 1416/1721/1263
f 1416/1721/1263 1417/1720/1264 1418/1722/1265
f 1417/1720/1264 1410/1712/1257 1418/1722/1265
f 1418/1722/1265 1410/1712/1257 1419/1723/1266
f 1420/1724/1267 1421/1725/1268 1422/1726/1269
f 1422/1726/1269 1421/1725/1268 1423/1727/1270
f 1421/1725/1268 1424/1728/1271 1423/1727/1270
f 1423/1727/1270 1424/1728/1271 1425/1729/1272
f 1424/1728/1271 1426/1730/1273 1425/1729/1272
f 1425/1729/1272 1426/1730/1273 1427/1731/1274
f 1411/1713/1258 1428/1732/1275 1429/1733/1276
f 1429/1733/1276 1428/1732/1275 1430/1734/1277
f 1428/1732/1275 1431/1735/1278 1430/1734/1277
f 1430/1734/1277 1431/1735/1278 1432/1736/1279
f 1431/1737/1278 1420/1724/1267 1432/1738/1279
f 1432/1738/1279 1420/1724/1267 1433/1739/1280
f 1426/1730/1273 1434/1740/1281 1435/1741/1282
f 1435/1741/1282 1434/1740/1281 1436/1742/1283
f 1434/1743/1281 1437/1744/1284 1436/1745/1283
f 1436/1745/1283 1437/1744/1284 1438/1746/1285
f 1437/1744/1284 1329/1621/1182 1438/1746/1285
f 1438/1746/1285 1329/1621/1182 1345/1639/1193
f 1435/1741/1282 1439/1747/1286 1440/1748/1287
f 1440/1748/1287 1439/1747/1286 1441/1749/1288
f 1439/1747/1286 1442/1750/1289 1441/1749/1288
f 1441/1749/1288 1442/1750/1289 1443/1751/1290
f 1442/1750/1289 1444/1752/1291 1443/1751/1290
f 1443/1751/1290 1444/1752/1291 1445/1753/1292
f 1446/1754/1293 1447/1755/1294 1448/1756/1295
f 1448/1756/1295 1447/1755/1294 1449/1757/1296
f 1450/1758/1297 1451/1759/1298 1446/1754/1293
f 1446/1754/1293 1451/1759/1298 1447/1755/1294
f 1349/1643/1196 1358/1654/1205 1450/1758/1297
f 1450/1758/1297 1358/1654/1205 1451/1759/1298
f 1444/1752/1291 1452/1760/1299 1453/1761/1300
f 1453/1761/1300 1452/1760/1299 1454/1762/1301
f 1452/1763/1299 1455/1764/1302 1454/1765/1301
f 1454/1765/1301 1455/1764/1302 1456/1766/1303
f 1455/1764/1302 1448/1756/1295 1456/1766/1303
f 1456/1766/1303 1448/1756/1295 1457/1767/1304
f 1458/1768/1305 1459/1769/1306 1460/1770/1307
f 1460/1770/1307 1459/1769/1306 1461/1771/1308
f 1459/1769/1306 1462/1772/1309 1461/1771/1308
f 1461/1771/1308 1462/1772/1309 1463/1773/1310
f 1462/1772/1309 1362/1658/1209 1463/1773/1310
f 1463/1773/1310 1362/1658/1209 1464/1774/1311
f 1449/1757/1296 1465/1775/1312 1466/1776/1313
f 1466/1776/1313 1465/1775/1312 1467/1777/1314
f 1465/1775/1312 1468/1778/1315 1467/1777/1314
f 1467/1777/1314 1468/1778/1315 1469/1779/1316
f 1468/1778/1315 1458/1768/1305 1469/1779/1316
f 1469/1779/1316 1458/1768/1305 1470/1780/1317
f 1377/1673/1224 1471/1781/1318 1472/1782/1319
f 1472/1782/1319 1471/1781/1318 1473/1783/1320
f 1471/1781/1318 1474/1784/1321 1473/1783/1320
f 1473/1783/1320 1474/1784/1321 1475/1785/1322
f 1474/1784/1321 1476/1786/1323 1475/1785/1322
f 1475/1785/1322 1476/1786/1323 1477/1787/1324
f 1478/1788/1325 1479/1789/1326 1480/1790/1327
f 1480/1790/1327 1479/1789/1326 1481/1791/1328
f 1482/1792/1329 1483/1793/1330 1478/1788/1325
f 1478/1788/1325 1483/1793/1330 1479/1789/1326
f 1381/1679/1228 1391/1689/1238 1482/1792/1329
f 1482/1792/1329 1391/1689/1238 1483/1793/1330
f 1476/1786/1323 1484/1794/1331 1485/1795/1332
f 1485/1795/1332 1484/1794/1331 1486/1796/1333
f 1484/1794/1331 1487/1797/1334 1486/1796/1333
f 1486/1796/1333 1487/1797/1334 1488/1798/1335
f 1487/1799/1334 1480/1790/1327 1488/1800/1335
f 1488/1800/1335 1480/1790/1327 1489/1801/1336
f 1490/1802/1337 1491/1803/1338 1492/1804/1339
f 1492/1804/1339 1491/1803/1338 1493/1805/1340
f 1491/1803/1338 1494/1806/1341 1493/1805/1340
f 1493/1805/1340 1494/1806/1341 1495/1807/1342
f 1494/1808/1341 1395/1695/1242 1495/1809/1342
f 1495/1809/1342 1395/1695/1242 1496/1810/1343
f 1497/1811/1344 1498/1812/1345 1499/1813/1346
f 1499/1813/1346 1498/1812/1345 1500/1814/1347
f 1498/1812/1345 1501/1815/1348 1500/1814/1347
f 1500/1814/1347 1501/1815/1348 1502/1816/1349
f 1501/1817/1348 1490/1802/1337 1502/1818/1349
f 1502/1818/1349 1490/1802/1337 1503/1819/1350
f 1504/1820/1351 1505/1821/1352 1481/1791/1328
f 1481/1791/1328 1505/1821/1352 1506/1822/1353
f 1507/1823/1354 1508/1824/1355 1504/1820/1351
f 1504/1820/1351 1508/1824/1355 1505/1821/1352
f 1507/1823/1354 1497/1811/1344 1508/1824/1355
f 1508/1824/1355 1497/1811/1344 1509/1825/1356
f 1415/1717/1262 1510/1826/1357 1511/1827/1358
f 1511/1827/1358 1510/1826/1357 1512/1828/1359
f 1510/1826/1357 1513/1829/1360 1512/1828/1359
f 1512/1828/1359 1513/1829/1360 1514/1830/1361
f 1513/1829/1360 1503/1819/1350 1514/1830/1361
f 1514/1830/1361 1503/1819/1350 1515/1831/1362
f 1516/1832/1363 1517/1833/1364 1518/1834/1365
f 1518/1834/1365 1517/1833/1364 1519/1835/1366
f 1520/1836/1367 1521/1837/1368 1516/1832/1363
f 1516/1832/1363 1521/1837/1368 1517/1833/1364
f 1419/1723/1266 1429/1733/1276 1520/1836/1367
f 1520/1836/1367 1429/1733/1276 1521/1837/1368
f 1499/1813/1346 1522/1838/1369 1523/1839/1370
f 1523/1839/1370 1522/1838/1369 1524/1840/1371
f 1525/1841/1372 1526/1842/1373 1522/1838/1369
f 1522/1838/1369 1526/1842/1373 1524/1840/1371
f 1518/1834/1365 1527/1843/1374 1525/1841/1372
f 1525/1841/1372 1527/1843/1374 1526/1842/1373
f 1528/1844/1375 1529/1845/1376 1530/1846/1377
f 1530/1846/1377 1529/1845/1376 1531/1847/1378
f 1529/1845/1376 1532/1848/1379 1531/1847/1378
f 1531/1847/1378 1532/1848/1379 1533/1849/1380
f 1532/1850/1379 1433/1739/1280 1533/1851/1380
f 1533/1851/1380 1433/1739/1280 1534/1852/1381
f 1535/1853/1382 1536/1854/1383 1537/1855/1384
f 1537/1855/1384 1536/1854/1383 1538/1856/1385
f 1536/1854/1383 1539/1857/1386 1538/1856/1385
f 1538/1856/1385 1539/1857/1386 1540/1858/1387
f 1539/1859/1386 1528/1844/1375 1540/1860/1387
f 1540/1860/1387 1528/1844/1375 1541/1861/1388
f 1542/1862/1389 1543/1863/1390 1519/1835/1366
f 1519/1835/1366 1543/1863/1390 1544/1864/1391
f 1545/1865/1392 1546/1866/1393 1542/1862/1389
f 1542/1862/1389 1546/1866/1393 1543/1863/1390
f 1545/1865/1392 1535/1853/1382 1546/1866/1393
f 1546/1866/1393 1535/1853/1382 1547/1867/1394
f 1453/1761/1300 1548/1868/1395 1549/1869/1396
f 1549/1869/1396 1548/1868/1395 1550/1870/1397
f 1548/1868/1395 1551/1871/1398 1550/1870/1397
f 1550/1870/1397 1551/1871/1398 1552/1872/1399
f 1551/1871/1398 1541/1861/1388 1552/1872/1399
f 1552/1872/1399 1541/1861/1388 1553/1873/1400
f 1554/1874/1401 1555/1875/1402 1556/1876/1403
f 1556/1876/1403 1555/1875/1402 1557/1877/1404
f 1555/1875/1402 1558/1878/1405 1557/1877/1404
f 1557/1877/1404 1558/1878/1405 1559/1879/1406
f 1558/1878/1405 1457/1767/1304 1559/1879/1406
f 1559/1879/1406 1457/1767/1304 1466/1776/1313
f 1537/1855/1384 1560/1880/1407 1561/1881/1408
f 1561/1881/1408 1560/1880/1407 1562/1882/1371
f 1563/1883/1409 1564/1884/1410 1560/1880/1407
f 1560/1880/1407 1564/1884/1410 1562/1882/1371
f 1554/1874/1401 1565/1885/1411 1563/1883/1409
f 1563/1883/1409 1565/1885/1411 1564/1884/1410
f 1566/1886/1412 1567/1887/1413 1568/1888/1414
f 1568/1888/1414 1567/1887/1413 1569/1889/1415
f 1567/1887/1413 1570/1890/1416 1569/1889/1415
f 1569/1889/1415 1570/1890/1416 1571/1891/1417
f 1570/1890/1416 1470/1780/1317 1571/1891/1417
f 1571/1891/1417 1470/1780/1317 1572/1892/1418
f 1556/1876/1403 1573/1893/1419 1574/1894/1420
f 1574/1894/1420 1573/1893/1419 1575/1895/1421
f 1573/1893/1419 1576/1896/1422 1575/1895/1421
f 1575/1895/1421 1576/1896/1422 1577/1897/1423
f 1576/1896/1422 1566/1886/1412 1577/1897/1423
f 1577/1897/1423 1566/1886/1412 1578/1898/1424
f 1485/1795/1332 1579/1899/1210 1580/1900/1425
f 1580/1900/1425 1579/1899/1210 1581/1901/1212
f 1579/1899/1210 1582/1902/1213 1581/1901/1212
f 1581/1901/1212 1582/1902/1213 1583/1903/1426
f 1582/1902/1213 1584/1904/1215 1583/1903/1426
f 1583/1903/1426 1584/1904/1215 1585/1905/1216
f 1586/1906/1217 1587/1907/1218 1588/1908/1219
f 1588/1908/1219 1587/1907/1218 1589/1909/1427
f 1587/1907/1218 1590/1910/1221 1589/1909/1427
f 1589/1909/1427 1590/1910/1221 1591/1911/1428
f 1590/1910/1221 1489/1801/1336 1591/1911/1428
f 1591/1911/1428 1489/1801/1336 1506/1822/1353
f 1584/1904/1215 1592/1912/1223 1593/1913/1224
f 1593/1913/1224 1592/1912/1223 1594/1914/1225
f 1592/1912/1223 1595/1915/1226 1594/1914/1225
f 1594/1914/1225 1595/1915/1226 1596/1916/1227
f 1595/1917/1226 1586/1906/1217 1596/1918/1227
f 1596/1918/1227 1586/1906/1217 1597/1919/1228
f 1598/1920/1429 1599/1921/1430 1600/1922/1431
f 1600/1922/1431 1599/1921/1430 1601/1923/1432
f 1599/1921/1430 1602/1924/1433 1601/1923/1432
f 1601/1923/1432 1602/1924/1433 1603/1925/1434
f 1602/1924/1433 1604/1926/1435 1603/1925/1434
f 1603/1925/1434 1604/1926/1435 1605/1927/1436
f 1588/1908/1219 1606/1928/1437 1607/1929/1438
f 1607/1929/1438 1606/1928/1437 1608/1930/1439
f 1606/1928/1437 1609/1931/1440 1608/1930/1439
f 1608/1930/1439 1609/1931/1440 1610/1932/1441
f 1609/1933/1440 1598/1920/1429 1610/1934/1441
f 1610/1934/1441 1598/1920/1429 1611/1935/1442
f 1604/1926/1435 1612/1936/1443 1613/1937/1444
f 1613/1937/1444 1612/1936/1443 1614/1938/1445
f 1612/1939/1443 1615/1940/1446 1614/1941/1445
f 1614/1941/1445 1615/1940/1446 1616/1942/1447
f 1615/1940/1446 1509/1825/1356 1616/1942/1447
f 1616/1942/1447 1509/1825/1356 1523/1839/1370
f 1613/1937/1444 1617/1943/1448 1618/1944/1449
f 1618/1944/1449 1617/1943/1448 1619/1945/1450
f 1617/1943/1448 1620/1946/1451 1619/1945/1450
f 1619/1945/1450 1620/1946/1451 1621/1947/1452
f 1620/1946/1451 1622/1948/1453 1621/1947/1452
f 1621/1947/1452 1622/1948/1453 1623/1949/1454
f 1624/1950/1455 1625/1951/1456 1626/1952/1457
f 1626/1952/1457 1625/1951/1456 1627/1953/1458
f 1628/1954/1259 1629/1955/1459 1624/1950/1455
f 1624/1950/1455 1629/1955/1459 1625/1951/1456
f 1527/1843/1374 1544/1864/1391 1628/1954/1259
f 1628/1954/1259 1544/1864/1391 1629/1955/1459
f 1622/1948/1453 1630/1956/1460 1631/1957/1461
f 1631/1957/1461 1630/1956/1460 1632/1958/1462
f 1630/1959/1460 1633/1960/1463 1632/1961/1462
f 1632/1961/1462 1633/1960/1463 1634/1962/1464
f 1633/1960/1463 1626/1952/1457 1634/1962/1464
f 1634/1962/1464 1626/1952/1457 1635/1963/1465
f 1636/1964/1466 1637/1965/1467 1638/1966/1468
f 1638/1966/1468 1637/1965/1467 1639/1967/1469
f 1637/1965/1467 1640/1968/1470 1639/1967/1469
f 1639/1967/1469 1640/1968/1470 1641/1969/1471
f 1640/1968/1470 1642/1970/1472 1641/1969/1471
f 1641/1969/1471 1642/1970/1472 1643/1971/1473
f 1627/1953/1458 1644/1972/1474 1645/1973/1475
f 1645/1973/1475 1644/1972/1474 1646/1974/1476
f 1644/1972/1474 1647/1975/1477 1646/1974/1476
f 1646/1974/1476 1647/1975/1477 1648/1976/1478
f 1647/1977/1477 1636/1964/1466 1648/1978/1478
f 1648/1978/1478 1636/1964/1466 1649/1979/1479
f 1642/1970/1472 1650/1980/1480 1651/1981/1481
f 1651/1981/1481 1650/1980/1480 1652/1982/1482
f 1650/1983/1480 1653/1984/1483 1652/1985/1482
f 1652/1985/1482 1653/1984/1483 1654/1986/1484
f 1653/1984/1483 1547/1867/1394 1654/1986/1484
f 1654/1986/1484 1547/1867/1394 1561/1881/1408
f 1651/1981/1481 1655/1987/1485 1656/1988/1486
f 1656/1988/1486 1655/1987/1485 1657/1989/1487
f 1655/1987/1485 1658/1990/1488 1657/1989/1487
f 1657/1989/1487 1658/1990/1488 1659/1991/1489
f 1658/1990/1488 1660/1992/1490 1659/1991/1489
f 1659/1991/1489 1660/1992/1490 1661/1993/1491
f 1662/1994/1492 1663/1995/1294 1664/1996/1493
f 1664/1996/1493 1663/1995/1294 1665/1997/1296
f 1666/1998/1494 1667/1999/1298 1662/1994/1492
f 1662/1994/1492 1667/1999/1298 1663/1995/1294
f 1565/1885/1411 1574/1894/1420 1666/1998/1494
f 1666/1998/1494 1574/1894/1420 1667/1999/1298
f 1660/1992/1490 1668/2000/1495 1669/2001/1496
f 1669/2001/1496 1668/2000/1495 1670/2002/1497
f 1668/2003/1495 1671/2004/1498 1670/2005/1497
f 1670/2005/1497 1671/2004/1498 1672/2006/1499
f 1671/2004/1498 1664/1996/1493 1672/2006/1499
f 1672/2006/1499 1664/1996/1493 1673/2007/1304
f 1674/2008/1305 1675/2009/1500 1676/2010/1307
f 1676/2010/1307 1675/2009/1500 1677/2011/1308
f 1675/2009/1500 1678/2012/1501 1677/2011/1308
f 1677/2011/1308 1678/2012/1501 1679/2013/1502
f 1678/2012/1501 1578/1898/1424 1679/2013/1502
f 1679/2013/1502 1578/1898/1424 1680/2014/1503
f 1665/1997/1296 1681/2015/1312 1682/2016/1313
f 1682/2016/1313 1681/2015/1312 1683/2017/1314
f 1681/2015/1312 1684/2018/1315 1683/2017/1314
f 1683/2017/1314 1684/2018/1315 1685/2019/1316
f 1684/2018/1315 1674/2008/1305 1685/2019/1316
f 1685/2019/1316 1674/2008/1305 1686/2020/1317
f 1593/1913/1224 1687/2021/1318 1688/2022/1319
f 1688/2022/1319 1687/2021/1318 1689/2023/1320
f 1687/2021/1318 1690/2024/1504 1689/2023/1320
f 1689/2023/1320 1690/2024/1504 1691/2025/1322
f 1690/2024/1504 1692/2026/1505 1691/2025/1322
f 1691/2025/1322 1692/2026/1505 1693/2027/1506
f 1694/2028/1325 1695/2029/1507 1696/2030/1508
f 1696/2030/1508 1695/2029/1507 1697/2031/1509
f 1698/2032/1329 1699/2033/1330 1694/2028/1325
f 1694/2028/1325 1699/2033/1330 1695/2029/1507
f 1597/1919/1228 1607/1929/1438 1698/2032/1329
f 1698/2032/1329 1607/1929/1438 1699/2033/1330
f 1692/2026/1505 1700/2034/1510 1701/2035/1511
f 1701/2035/1511 1700/2034/1510 1702/2036/1512
f 1700/2034/1510 1703/2037/1513 1702/2036/1512
f 1702/2036/1512 1703/2037/1513 1704/2038/1514
f 1703/2039/1513 1696/2030/1508 1704/2040/1514
f 1704/2040/1514 1696/2030/1508 1705/2041/1515
f 1706/2042/1516 1707/2043/1517 1708/2044/1518
f 1708/2044/1518 1707/2043/1517 1709/2045/1519
f 1707/2043/1517 1710/2046/1520 1709/2045/1519
f 1709/2045/1519 1710/2046/1520 1711/2047/1521
f 1710/2048/1520 1611/1935/1442 1711/2049/1521
f 1711/2049/1521 1611/1935/1442 1712/2050/1522
f 1713/2051/1523 1714/2052/1524 1715/2053/1525
f 1715/2053/1525 1714/2052/1524 1716/2054/1526
f 1714/2052/1524 1717/2055/1527 1716/2054/1526
f 1716/2054/1526 1717/2055/1527 1718/2056/1528
f 1717/2057/1527 1706/2042/1516 1718/2058/1528
f 1718/2058/1528 1706/2042/1516 1719/2059/1529
f 1697/2031/1509 1720/2060/1530 1721/2061/1531
f 1721/2061/1531 1720/2060/1530 1722/2062/1532
f 1720/2060/1530 1723/2063/1533 1722/2062/1532
f 1722/2062/1532 1723/2063/1533 1724/2064/1534
f 1723/2063/1533 1713/2051/1523 1724/2064/1534
f 1724/2064/1534 1713/2051/1523 1725/2065/1535
f 1631/1957/1461 1726/2066/1536 1727/2067/1537
f 1727/2067/1537 1726/2066/1536 1728/2068/1538
f 1726/2066/1536 1729/2069/1539 1728/2068/1538
f 1728/2068/1538 1729/2069/1539 1730/2070/1540
f 1729/2069/1539 1719/2059/1529 1730/2070/1540
f 1730/2070/1540 1719/2059/1529 1731/2071/1362
f 1732/2072/1541 1733/2073/1364 1734/2074/1542
f 1734/2074/1542 1733/2073/1364 1735/2075/1543
f 1736/2076/1544 1737/2077/1368 1732/2072/1541
f 1732/2072/1541 1737/2077/1368 1733/2073/1364
f 1635/1963/1465 1645/1973/1475 1736/2076/1544
f 1736/2076/1544 1645/1973/1475 1737/2077/1368
f 1738/2078/1545 1739/2079/1546 1715/2053/1525
f 1715/2053/1525 1739/2079/1546 1740/2080/1547
f 1741/2081/1548 1742/2082/1549 1738/2078/1545
f 1738/2078/1545 1742/2082/1549 1739/2079/1546
f 1734/2074/1542 1743/2083/1550 1741/2081/1548
f 1741/2081/1548 1743/2083/1550 1742/2082/1549
f 1744/2084/1375 1745/2085/1551 1746/2086/1552
f 1746/2086/1552 1745/2085/1551 1747/2087/1553
f 1745/2085/1551 1748/2088/1554 1747/2087/1553
f 1747/2087/1553 1748/2088/1554 1749/2089/1555
f 1748/2090/1554 1649/1979/1479 1749/2091/1555
f 1749/2091/1555 1649/1979/1479 1750/2092/1556
f 1751/2093/1557 1752/2094/1558 1753/2095/1559
f 1753/2095/1559 1752/2094/1558 1754/2096/1560
f 1752/2094/1558 1755/2097/1561 1754/2096/1560
f 1754/2096/1560 1755/2097/1561 1756/2098/1562
f 1755/2099/1561 1744/2084/1375 1756/2100/1562
f 1756/2100/1562 1744/2084/1375 1757/2101/1563
f 1735/2075/1543 1758/2102/1564 1759/2103/1565
f 1759/2103/1565 1758/2102/1564 1760/2104/1532
f 1758/2102/1564 1761/2105/1566 1760/2104/1532
f 1760/2104/1532 1761/2105/1566 1762/2106/1534
f 1761/2105/1566 1751/2093/1557 1762/2106/1534
f 1762/2106/1534 1751/2093/1557 1763/2107/1535
f 1669/2001/1496 1764/2108/1567 1765/2109/1568
f 1765/2109/1568 1764/2108/1567 1766/2110/1569
f 1764/2108/1567 1767/2111/1570 1766/2110/1569
f 1766/2110/1569 1767/2111/1570 1768/2112/1571
f 1767/2111/1570 1757/2101/1563 1768/2112/1571
f 1768/2112/1571 1757/2101/1563 1769/2113/1400
f 1770/2114/1572 1771/2115/1573 1772/2116/1574
f 1772/2116/1574 1771/2115/1573 1773/2117/1404
f 1771/2115/1573 1774/2118/1575 1773/2117/1404
f 1773/2117/1404 1774/2118/1575 1775/2119/1406
f 1774/2118/1575 1673/2007/1304 1775/2119/1406
f 1775/2119/1406 1673/2007/1304 1682/2016/1313
f 1776/2120/1576 1777/2121/1546 1753/2095/1559
f 1753/2095/1559 1777/2121/1546 1778/2122/1577
f 1779/2123/1578 1780/2124/1549 1776/2120/1576
f 1776/2120/1576 1780/2124/1549 1777/2121/1546
f 1770/2114/1572 1781/2125/1579 1779/2123/1578
f 1779/2123/1578 1781/2125/1579 1780/2124/1549
f 1782/2126/1580 1783/2127/1413 1784/2128/1581
f 1784/2128/1581 1783/2127/1413 1785/2129/1415
f 1783/2127/1413 1786/2130/1416 1785/2129/1415
f 1785/2129/1415 1786/2130/1416 1787/2131/1417
f 1786/2130/1416 1686/2020/1317 1787/2131/1417
f 1787/2131/1417 1686/2020/1317 1788/2132/1418
f 1772/2116/1574 1789/2133/1582 1790/2134/1583
f 1790/2134/1583 1789/2133/1582 1791/2135/1584
f 1789/2133/1582 1792/2136/1585 1791/2135/1584
f 1791/2135/1584 1792/2136/1585 1793/2137/1586
f 1792/2136/1585 1782/2126/1580 1793/2137/1586
f 1793/2137/1586 1782/2126/1580 1794/2138/1587
f 1701/2035/1511 1795/2139/1588 1796/2140/1589
f 1796/2140/1589 1795/2139/1588 1797/2141/1590
f 1795/2142/1588 1798/2143/1591 1797/2144/1590
f 1797/2144/1590 1798/2143/1591 1799/2145/1592
f 1798/2143/1591 1800/2146/1593 1799/2145/1592
f 1799/2145/1592 1800/2146/1593 1801/2147/1594
f 1800/2146/1593 1802/2148/1595 1803/2149/1596
f 1803/2149/1596 1802/2148/1595 1804/2150/1597
f 1802/2148/1595 1805/2151/1598 1804/2150/1597
f 1804/2150/1597 1805/2151/1598 1806/2152/1599
f 1705/2041/1515 1721/2061/1531 1805/2153/1598
f 1805/2153/1598 1721/2061/1531 1806/2154/1599
f 1803/2149/1596 1807/2155/1600 1808/2156/1601
f 1808/2156/1601 1807/2155/1600 1809/2157/1602
f 1807/2155/1600 1810/2158/1603 1809/2157/1602
f 1809/2157/1602 1810/2158/1603 1811/2159/1604
f 1810/2158/1603 1812/2160/1605 1811/2159/1604
f 1811/2159/1604 1812/2160/1605 1813/2161/1606
f 1812/2160/1605 1814/2162/1607 1815/2163/1608
f 1815/2163/1608 1814/2162/1607 1816/2164/1609
f 1814/2162/1607 1817/2165/1610 1816/2164/1609
f 1816/2164/1609 1817/2165/1610 1818/2166/1611
f 1817/2167/1610 1725/2065/1535 1818/2168/1611
f 1818/2168/1611 1725/2065/1535 1740/2080/1547
f 1815/2163/1608 1819/2169/1612 1820/2170/1613
f 1820/2170/1613 1819/2169/1612 1821/2171/1614
f 1819/2169/1612 1822/2172/1615 1821/2171/1614
f 1821/2171/1614 1822/2172/1615 1823/2173/1616
f 1822/2172/1615 1824/2174/1617 1823/2173/1616
f 1823/2173/1616 1824/2174/1617 1825/2175/1618
f 1824/2174/1617 1826/2176/1619 1827/2177/1620
f 1827/2177/1620 1826/2176/1619 1828/2178/1621
f 1826/2176/1619 1829/2179/1622 1828/2178/1621
f 1828/2178/1621 1829/2179/1622 1830/2180/1623
f 1829/2181/1622 1743/2083/1550 1830/2182/1623
f 1830/2182/1623 1743/2083/1550 1759/2103/1565
f 1827/2177/1620 1831/2183/1624 1832/2184/1625
f 1832/2184/1625 1831/2183/1624 1833/2185/1602
f 1831/2183/1624 1834/2186/1626 1833/2185/1602
f 1833/2185/1602 1834/2186/1626 1835/2187/1604
f 1834/2186/1626 1836/2188/1627 1835/2187/1604
f 1835/2187/1604 1836/2188/1627 1837/2189/1606
f 1836/2188/1627 1838/2190/1628 1839/2191/1629
f 1839/2191/1629 1838/2190/1628 1840/2192/1630
f 1838/2190/1628 1841/2193/1631 1840/2192/1630
f 1840/2192/1630 1841/2193/1631 1842/2194/1632
f 1841/2195/1631 1763/2107/1535 1842/2196/1632
f 1842/2196/1632 1763/2107/1535 1778/2122/1577
f 1839/2191/1629 1843/2197/1612 1844/2198/1613
f 1844/2198/1613 1843/2197/1612 1845/2199/1614
f 1843/2197/1612 1846/2200/1633 1845/2199/1614
f 1845/2199/1614 1846/2200/1633 1847/2201/1616
f 1846/2200/1633 1848/2202/1634 1847/2201/1616
f 1847/2201/1616 1848/2202/1634 1849/2203/1635
f 1848/2202/1634 1850/2204/1636 1851/2205/1637
f 1851/2205/1637 1850/2204/1636 1852/2206/1638
f 1850/2204/1636 1853/2207/1639 1852/2206/1638
f 1852/2206/1638 1853/2207/1639 1854/2208/1640
f 1853/2209/1639 1781/2125/1579 1854/2210/1640
f 1854/2210/1640 1781/2125/1579 1790/2134/1583
f 1851/2205/1637 1855/2211/1641 1856/2212/1642
f 1856/2212/1642 1855/2211/1641 1857/2213/1643
f 1855/2211/1641 1858/2214/1644 1857/2213/1643
f 1857/2213/1643 1858/2214/1644 1859/2215/1645
f 1858/2216/1644 1794/2138/1587 1859/2217/1645
f 1859/2217/1645 1794/2138/1587 1860/2218/1646
f 1796/2140/1589 1861/2219/1647 1693/2027/1506
f 1693/2027/1506 1861/2219/1647 1862/2220/1648
f 1861/2219/1647 1863/2221/1649 1862/2220/1648
f 1862/2220/1648 1863/2221/1649 1864/2222/1650
f 1865/2223/1651 1866/2224/1652 1863/2221/1649
f 1863/2221/1649 1866/2224/1652 1864/2222/1650
f 1865/2223/1651 1867/2225/1653 1868/2226/1654
f 1868/2226/1654 1867/2225/1653 1869/2227/1655
f 1867/2228/1653 1870/2229/1656 1869/2230/1655
f 1869/2230/1655 1870/2229/1656 1871/2231/1657
f 1870/2229/1656 1801/2147/1594 1871/2231/1657
f 1871/2231/1657 1801/2147/1594 1808/2156/1601
f 1872/2232/1658 1873/2233/1659 1868/2226/1654
f 1868/2226/1654 1873/2233/1659 1874/2234/1660
f 1875/2235/1661 1876/2236/1662 1872/2232/1658
f 1872/2232/1658 1876/2236/1662 1873/2233/1659
f 1877/2237/1663 1878/2238/1664 1875/2235/1661
f 1875/2235/1661 1878/2238/1664 1876/2236/1662
f 1877/2237/1663 1879/2239/1665 1880/2240/1666
f 1880/2240/1666 1879/2239/1665 1881/2241/1667
f 1879/2242/1665 1882/2243/1668 1881/2244/1667
f 1881/2244/1667 1882/2243/1668 1883/2245/1669
f 1882/2243/1668 1813/2161/1606 1883/2245/1669
f 1883/2245/1669 1813/2161/1606 1820/2170/1613
f 1880/2240/1666 1884/2246/1670 1885/2247/1671
f 1885/2247/1671 1884/2246/1670 1886/2248/1672
f 1884/2246/1670 1887/2249/1673 1886/2248/1672
f 1886/2248/1672 1887/2249/1673 1888/2250/1674
f 1887/2249/1673 1889/2251/1675 1888/2250/1674
f 1888/2250/1674 1889/2251/1675 1890/2252/1676
f 1889/2251/1675 1891/2253/1677 1892/2254/1678
f 1892/2254/1678 1891/2253/1677 1893/2255/1679
f 1891/2256/1677 1894/2257/1680 1893/2258/1679
f 1893/2258/1679 1894/2257/1680 1895/2259/1681
f 1894/2257/1680 1825/2175/1618 1895/2259/1681
f 1895/2259/1681 1825/2175/1618 1832/2184/1625
f 1896/2260/1658 1897/2261/1682 1892/2254/1678
f 1892/2254/1678 1897/2261/1682 1898/2262/1683
f 1899/2263/1661 1900/2264/1662 1896/2260/1658
f 1896/2260/1658 1900/2264/1662 1897/2261/1682
f 1901/2265/1684 1902/2266/1685 1899/2263/1661
f 1899/2263/1661 1902/2266/1685 1900/2264/1662
f 1901/2265/1684 1903/2267/1686 1904/2268/1687
f 1904/2268/1687 1903/2267/1686 1905/2269/1667
f 1903/2270/1686 1906/2271/1688 1905/2272/1667
f 1905/2272/1667 1906/2271/1688 1907/2273/1689
f 1906/2271/1688 1837/2189/1606 1907/2273/1689
f 1907/2273/1689 1837/2189/1606 1844/2198/1613
f 1904/2268/1687 1908/2274/1670 1909/2275/1690
f 1909/2275/1690 1908/2274/1670 1910/2276/1691
f 1908/2274/1670 1911/2277/1673 1910/2276/1691
f 1910/2276/1691 1911/2277/1673 1912/2278/1692
f 1911/2277/1673 1913/2279/1693 1912/2278/1692
f 1912/2278/1692 1913/2279/1693 1914/2280/1694
f 1913/2279/1693 1915/2281/1695 1916/2282/1696
f 1916/2282/1696 1915/2281/1695 1917/2283/1697
f 1915/2284/1695 1918/2285/1698 1917/2286/1697
f 1917/2286/1697 1918/2285/1698 1919/2287/1699
f 1918/2285/1698 1849/2203/1635 1919/2287/1699
f 1919/2287/1699 1849/2203/1635 1856/2212/1642
f 1916/2282/1696 1920/2288/1700 1921/2289/1701
f 1921/2289/1701 1920/2288/1700 1922/2290/1702
f 1920/2291/1700 1923/2292/1703 1922/2293/1702
f 1922/2293/1702 1923/2292/1703 1924/2294/1704
f 1923/2292/1703 1860/2218/1646 1924/2294/1704
f 1924/2294/1704 1860/2218/1646 1784/2128/1581
f 1925/2295/1705 1926/2296/1706 1927/2297/1707
f 1927/2297/1707 1926/2296/1706 1928/2298/1708
f 1926/2296/1706 1929/2299/1709 1928/2298/1708
f 1928/2298/1708 1929/2299/1709 1930/2300/1710
f 1929/2299/1709 1866/2224/1652 1930/2300/1710
f 1930/2300/1710 1866/2224/1652 1874/2234/1660
f 1688/2022/1319 1931/2301/1711 1585/1905/1216
f 1585/1905/1216 1931/2301/1711 1932/2302/1712
f 1931/2301/1711 1933/2303/1713 1932/2302/1712
f 1932/2302/1712 1933/2303/1713 1934/2304/1714
f 1933/2303/1713 1925/2295/1705 1934/2304/1714
f 1934/2304/1714 1925/2295/1705 1935/2305/1715
f 1927/2297/1707 1936/2306/1716 1937/2307/1717
f 1937/2307/1717 1936/2306/1716 1938/2308/1718
f 1936/2306/1716 1939/2309/1719 1938/2308/1718
f 1938/2308/1718 1939/2309/1719 1940/2310/1720
f 1939/2311/1719 1712/2050/1522 1940/2312/1720
f 1940/2312/1720 1712/2050/1522 1600/1922/1431
f 1708/2044/1518 1941/2313/1721 1731/2071/1362
f 1731/2071/1362 1941/2313/1721 1942/2314/1722
f 1941/2315/1721 1943/2316/1723 1942/2317/1722
f 1942/2317/1722 1943/2316/1723 1944/2318/1724
f 1943/2316/1723 1878/2238/1664 1944/2318/1724
f 1944/2318/1724 1878/2238/1664 1885/2247/1671
f 1945/2319/1725 1946/2320/1726 1947/2321/1727
f 1947/2321/1727 1946/2320/1726 1948/2322/1728
f 1949/2323/1729 1950/2324/1730 1945/2319/1725
f 1945/2319/1725 1950/2324/1730 1946/2320/1726
f 1890/2252/1676 1898/2262/1683 1949/2323/1729
f 1949/2323/1729 1898/2262/1683 1950/2324/1730
f 1727/2067/1537 1951/2325/1731 1623/1949/1454
f 1623/1949/1454 1951/2325/1731 1952/2326/1732
f 1951/2327/1731 1953/2328/1733 1952/2329/1732
f 1952/2329/1732 1953/2328/1733 1954/2330/1734
f 1953/2328/1733 1947/2321/1727 1954/2330/1734
f 1954/2330/1734 1947/2321/1727 1955/2331/1735
f 1948/2322/1728 1956/2332/1736 1957/2333/1737
f 1957/2333/1737 1956/2332/1736 1958/2334/1738
f 1956/2332/1736 1959/2335/1739 1958/2334/1738
f 1958/2334/1738 1959/2335/1739 1960/2336/1740
f 1959/2337/1739 1750/2092/1556 1960/2338/1740
f 1960/2338/1740 1750/2092/1556 1638/1966/1468
f 1746/2086/1552 1961/2339/1741 1769/2113/1400
f 1769/2113/1400 1961/2339/1741 1962/2340/1742
f 1961/2341/1741 1963/2342/1743 1962/2343/1742
f 1962/2343/1742 1963/2342/1743 1964/2344/1744
f 1963/2342/1743 1902/2266/1685 1964/2344/1744
f 1964/2344/1744 1902/2266/1685 1909/2275/1690
f 1965/2345/1745 1966/2346/1746 1967/2347/1747
f 1967/2347/1747 1966/2346/1746 1968/2348/1748
f 1969/2349/1749 1970/2350/1750 1965/2345/1745
f 1965/2345/1745 1970/2350/1750 1966/2346/1746
f 1914/2280/1694 1921/2289/1701 1969/2349/1749
f 1969/2349/1749 1921/2289/1701 1970/2350/1750
f 1765/2109/1568 1971/2351/1751 1661/1993/1491
f 1661/1993/1491 1971/2351/1751 1972/2352/1752
f 1971/2353/1751 1973/2354/1753 1972/2355/1752
f 1972/2355/1752 1973/2354/1753 1974/2356/1754
f 1973/2354/1753 1967/2347/1747 1974/2356/1754
f 1974/2356/1754 1967/2347/1747 1975/2357/1755
f 1968/2348/1748 1976/2358/1756 1977/2359/1757
f 1977/2359/1757 1976/2358/1756 1978/2360/1758
f 1976/2361/1756 1979/2362/1759 1978/2363/1758
f 1978/2363/1758 1979/2362/1759 1980/2364/1760
f 1979/2362/1759 1788/2132/1418 1980/2364/1760
f 1980/2364/1760 1788/2132/1418 1676/2010/1307
f 1981/2365/1761 1982/2366/1762 1983/2367/1763
f 1983/2367/1763 1982/2366/1762 1984/2368/1764
f 1985/2369/1765 1986/2370/1766 1981/2365/1761
f 1981/2365/1761 1986/2370/1766 1982/2366/1762
f 1935/2305/1715 1937/2307/1717 1985/2369/1765
f 1985/2369/1765 1937/2307/1717 1986/2370/1766
f 1580/1900/1425 1987/2371/1767 1477/1787/1324
f 1477/1787/1324 1987/2371/1767 1988/2372/1768
f 1987/2371/1767 1989/2373/1769 1988/2372/1768
f 1988/2372/1768 1989/2373/1769 1990/2374/1770
f 1989/2373/1769 1983/2367/1763 1990/2374/1770
f 1990/2374/1770 1983/2367/1763 1991/2375/1771
f 1992/2376/1772 1993/2377/1773 1994/2378/1774
f 1994/2378/1774 1993/2377/1773 1995/2379/1775
f 1993/2377/1773 1996/2380/1776 1995/2379/1775
f 1995/2379/1775 1996/2380/1776 1997/2381/1777
f 1996/2382/1776 1605/1927/1436 1997/2383/1777
f 1997/2383/1777 1605/1927/1436 1618/1944/1449
f 1998/2384/1778 1999/2385/1779 1984/2368/1764
f 1984/2368/1764 1999/2385/1779 2000/2386/1780
f 2001/2387/1781 2002/2388/1782 1998/2384/1778
f 1998/2384/1778 2002/2388/1782 1999/2385/1779
f 2001/2387/1781 1992/2376/1772 2002/2388/1782
f 2002/2388/1782 1992/2376/1772 2003/2389/1783
f 2004/2390/1784 2005/2391/1785 2006/2392/1786
f 2006/2392/1786 2005/2391/1785 2007/2393/1787
f 2008/2394/1788 2009/2395/1789 2004/2390/1784
f 2004/2390/1784 2009/2395/1789 2005/2391/1785
f 1955/2331/1735 1957/2333/1737 2008/2394/1788
f 2008/2394/1788 1957/2333/1737 2009/2395/1789
f 1994/2378/1774 2010/2396/1790 2011/2397/1791
f 2011/2397/1791 2010/2396/1790 2012/2398/1792
f 2013/2399/1793 2014/2400/1794 2010/2396/1790
f 2010/2396/1790 2014/2400/1794 2012/2398/1792
f 2006/2392/1786 2015/2401/1795 2013/2399/1793
f 2013/2399/1793 2015/2401/1795 2014/2400/1794
f 2016/2402/1796 2017/2403/1797 2018/2404/1798
f 2018/2404/1798 2017/2403/1797 2019/2405/1799
f 2017/2403/1797 2020/2406/1800 2019/2405/1799
f 2019/2405/1799 2020/2406/1800 2021/2407/1801
f 2020/2408/1800 1643/1971/1473 2021/2409/1801
f 2021/2409/1801 1643/1971/1473 1656/1988/1486
f 2022/2410/1802 2023/2411/1803 2007/2393/1787
f 2007/2393/1787 2023/2411/1803 2024/2412/1804
f 2025/2413/1781 2026/2414/1805 2022/2410/1802
f 2022/2410/1802 2026/2414/1805 2023/2411/1803
f 2025/2413/1781 2016/2402/1796 2026/2414/1805
f 2026/2414/1805 2016/2402/1796 2027/2415/1806
f 2028/2416/1807 2029/2417/1808 2030/2418/1809
f 2030/2418/1809 2029/2417/1808 2031/2419/1810
f 2029/2417/1808 2032/2420/1811 2031/2419/1810
f 2031/2419/1810 2032/2420/1811 2033/2421/1812
f 2032/2420/1811 1975/2357/1755 2033/2421/1812
f 2033/2421/1812 1975/2357/1755 1977/2359/1757
f 2018/2404/1798 2034/2422/1790 2035/2423/1813
f 2035/2423/1813 2034/2422/1790 2036/2424/1814
f 2037/2425/1815 2038/2426/1816 2034/2422/1790
f 2034/2422/1790 2038/2426/1816 2036/2424/1814
f 2028/2416/1807 2039/2427/1817 2037/2425/1815
f 2037/2425/1815 2039/2427/1817 2038/2426/1816
f 2030/2418/1809 2040/2428/1818 2041/2429/1819
f 2041/2429/1819 2040/2428/1818 2042/2430/1820
f 2040/2431/1818 2043/2432/1821 2042/2433/1820
f 2042/2433/1820 2043/2432/1821 2044/2434/1822
f 2043/2432/1821 1680/2014/1503 2044/2434/1822
f 2044/2434/1822 1680/2014/1503 1568/1888/1414
f 2045/2435/1705 2046/2436/1706 2047/2437/1707
f 2047/2437/1707 2046/2436/1706 2048/2438/1823
f 2046/2436/1706 2049/2439/1709 2048/2438/1823
f 2048/2438/1823 2049/2439/1709 2050/2440/1824
f 2049/2439/1709 1991/2375/1771 2050/2440/1824
f 2050/2440/1824 1991/2375/1771 2000/2386/1780
f 1472/1782/1319 2051/2441/1711 1369/1665/1216
f 1369/1665/1216 2051/2441/1711 2052/2442/1712
f 2051/2441/1711 2053/2443/1825 2052/2442/1712
f 2052/2442/1712 2053/2443/1825 2054/2444/1714
f 2053/2443/1825 2045/2435/1705 2054/2444/1714
f 2054/2444/1714 2045/2435/1705 2055/2445/1715
f 2047/2437/1707 2056/2446/1826 2057/2447/1717
f 2057/2447/1717 2056/2446/1826 2058/2448/1827
f 2056/2446/1826 2059/2449/1828 2058/2448/1827
f 2058/2448/1827 2059/2449/1828 2060/2450/1829
f 2059/2451/1828 1496/1810/1343 2060/2452/1829
f 2060/2452/1829 1496/1810/1343 1384/1682/1231
f 1492/1804/1339 2061/2453/1830 1515/1831/1362
f 1515/1831/1362 2061/2453/1830 2062/2454/1831
f 2061/2455/1830 2063/2456/1832 2062/2457/1831
f 2062/2457/1831 2063/2456/1832 2064/2458/1833
f 2063/2456/1832 2003/2389/1783 2064/2458/1833
f 2064/2458/1833 2003/2389/1783 2011/2397/1791
f 2065/2459/1834 2066/2460/1835 2067/2461/1836
f 2067/2461/1836 2066/2460/1835 2068/2462/1837
f 2069/2463/1729 2070/2464/1838 2065/2459/1834
f 2065/2459/1834 2070/2464/1838 2066/2460/1835
f 2015/2401/1795 2024/2412/1804 2069/2463/1729
f 2069/2463/1729 2024/2412/1804 2070/2464/1838
f 1511/1827/1358 2071/2465/1839 1407/1709/1254
f 1407/1709/1254 2071/2465/1839 2072/2466/1840
f 2071/2467/1839 2073/2468/1841 2072/2469/1840
f 2072/2469/1840 2073/2468/1841 2074/2470/1842
f 2073/2468/1841 2067/2461/1836 2074/2470/1842
f 2074/2470/1842 2067/2461/1836 2075/2471/1843
f 2068/2462/1837 2076/2472/1844 2077/2473/1845
f 2077/2473/1845 2076/2472/1844 2078/2474/1846
f 2076/2472/1844 2079/2475/1847 2078/2474/1846
f 2078/2474/1846 2079/2475/1847 2080/2476/1848
f 2079/2477/1847 1534/1852/1381 2080/2478/1848
f 2080/2478/1848 1534/1852/1381 1422/1726/1269
f 1530/1846/1377 2081/2479/1849 1553/1873/1400
f 1553/1873/1400 2081/2479/1849 2082/2480/1850
f 2081/2481/1849 2083/2482/1851 2082/2483/1850
f 2082/2483/1850 2083/2482/1851 2084/2484/1852
f 2083/2482/1851 2027/2415/1806 2084/2484/1852
f 2084/2484/1852 2027/2415/1806 2035/2423/1813
f 2085/2485/1745 2086/2486/1746 2087/2487/1853
f 2087/2487/1853 2086/2486/1746 2088/2488/1748
f 2089/2489/1854 2090/2490/1750 2085/2485/1745
f 2085/2485/1745 2090/2490/1750 2086/2486/1746
f 2039/2427/1817 2041/2429/1819 2089/2489/1854
f 2089/2489/1854 2041/2429/1819 2090/2490/1750
f 1549/1869/1396 2091/2491/1855 1445/1753/1292
f 1445/1753/1292 2091/2491/1855 2092/2492/1856
f 2091/2493/1855 2093/2494/1857 2092/2495/1856
f 2092/2495/1856 2093/2494/1857 2094/2496/1858
f 2093/2494/1857 2087/2487/1853 2094/2496/1858
f 2094/2496/1858 2087/2487/1853 2095/2497/1755
f 2088/2488/1748 2096/2498/1756 2097/2499/1757
f 2097/2499/1757 2096/2498/1756 2098/2500/1758
f 2096/2501/1756 2099/2502/1759 2098/2503/1758
f 2098/2503/1758 2099/2502/1759 2100/2504/1760
f 2099/2502/1759 1572/1892/1418 2100/2504/1760
f 2100/2504/1760 1572/1892/1418 1460/1770/1307
f 2101/2505/1761 2102/2506/1859 2103/2507/1860
f 2103/2507/1860 2102/2506/1859 2104/2508/1861
f 2105/2509/1765 2106/2510/1862 2101/2505/1761
f 2101/2505/1761 2106/2510/1862 2102/2506/1859
f 2055/2445/1715 2057/2447/1717 2105/2509/1765
f 2105/2509/1765 2057/2447/1717 2106/2510/1862
f 1364/1660/1211 2107/2511/1863 1256/1538/1121
f 1256/1538/1121 2107/2511/1863 2108/2512/1864
f 2107/2511/1863 2109/2513/1865 2108/2512/1864
f 2108/2512/1864 2109/2513/1865 2110/2514/1866
f 2109/2513/1865 2103/2507/1860 2110/2514/1866
f 2110/2514/1866 2103/2507/1860 2111/2515/1867
f 2112/2516/1868 2113/2517/1869 2114/2518/1870
f 2114/2518/1870 2113/2517/1869 2115/2519/1871
f 2113/2517/1869 2116/2520/1872 2115/2519/1871
f 2115/2519/1871 2116/2520/1872 2117/2521/1873
f 2116/2522/1872 1389/1687/1236 2117/2523/1873
f 2117/2523/1873 1389/1687/1236 1402/1704/1249
f 2104/2508/1861 2118/2524/1874 2119/2525/1875
f 2119/2525/1875 2118/2524/1874 2120/2526/1876
f 2118/2524/1874 2121/2527/1877 2120/2526/1876
f 2120/2526/1876 2121/2527/1877 2122/2528/1878
f 2121/2527/1877 2112/2516/1868 2122/2528/1878
f 2122/2528/1878 2112/2516/1868 2123/2529/1879
f 2124/2530/1880 2125/2531/1881 2126/2532/1882
f 2126/2532/1882 2125/2531/1881 2127/2533/1883
f 2128/2534/1884 2129/2535/1789 2124/2530/1880
f 2124/2530/1880 2129/2535/1789 2125/2531/1881
f 2075/2471/1843 2077/2473/1845 2128/2534/1884
f 2128/2534/1884 2077/2473/1845 2129/2535/1789
f 2130/2536/1885 2131/2537/1886 2114/2518/1870
f 2114/2518/1870 2131/2537/1886 2132/2538/1887
f 2133/2539/1888 2134/2540/1889 2130/2536/1885
f 2130/2536/1885 2134/2540/1889 2131/2537/1886
f 2126/2532/1882 2135/2541/1890 2133/2539/1888
f 2133/2539/1888 2135/2541/1890 2134/2540/1889
f 2136/2542/1891 2137/2543/1892 2138/2544/1893
f 2138/2544/1893 2137/2543/1892 2139/2545/1894
f 2137/2543/1892 2140/2546/1895 2139/2545/1894
f 2139/2545/1894 2140/2546/1895 2141/2547/1896
f 2140/2548/1895 1427/1731/1274 2141/2549/1896
f 2141/2549/1896 1427/1731/1274 1440/1748/1287
f 2127/2533/1883 2142/2550/1897 2143/2551/1898
f 2143/2551/1898 2142/2550/1897 2144/2552/1876
f 2142/2550/1897 2145/2553/1899 2144/2552/1876
f 2144/2552/1876 2145/2553/1899 2146/2554/1878
f 2145/2553/1899 2136/2542/1891 2146/2554/1878
f 2146/2554/1878 2136/2542/1891 2147/2555/1900
f 2148/2556/1901 2149/2557/1902 2150/2558/1903
f 2150/2558/1903 2149/2557/1902 2151/2559/1904
f 2149/2557/1902 2152/2560/1905 2151/2559/1904
f 2151/2559/1904 2152/2560/1905 2153/2561/1812
f 2152/2560/1905 2095/2497/1755 2153/2561/1812
f 2153/2561/1812 2095/2497/1755 2097/2499/1757
f 2154/2562/1885 2155/2563/1886 2138/2544/1893
f 2138/2544/1893 2155/2563/1886 2156/2564/1906
f 2157/2565/1907 2158/2566/1889 2154/2562/1885
f 2154/2562/1885 2158/2566/1889 2155/2563/1886
f 2148/2556/1901 2159/2567/1908 2157/2565/1907
f 2157/2565/1907 2159/2567/1908 2158/2566/1889
f 2150/2558/1903 2160/2568/1909 2161/2569/1910
f 2161/2569/1910 2160/2568/1909 2162/2570/1911
f 2160/2571/1909 2163/2572/1912 2162/2573/1911
f 2162/2573/1911 2163/2572/1912 2164/2574/1913
f 2163/2572/1912 1464/1774/1311 2164/2574/1913
f 2164/2574/1913 1464/1774/1311 1352/1646/1199
f 1251/1531/1116 2165/2575/1914 1276/1562/1141
f 1276/1562/1141 2165/2575/1914 2166/2576/1915
f 2165/2575/1914 2167/2577/1916 2166/2576/1915
f 2166/2576/1915 2167/2577/1916 2168/2578/1917
f 2111/2515/1867 2119/2525/1875 2167/2579/1916
f 2167/2579/1916 2119/2525/1875 2168/2580/1917
f 1272/1558/1137 2169/2581/1918 1296/1584/1161
f 1296/1584/1161 2169/2581/1918 2170/2582/1919
f 2169/2581/1918 2171/2583/1920 2170/2582/1919
f 2170/2582/1919 2171/2583/1920 2172/2584/1921
f 2171/2585/1920 2123/2529/1879 2172/2586/1921
f 2172/2586/1921 2123/2529/1879 2132/2538/1887
f 1292/1580/1157 2173/2587/1922 1316/1606/1157
f 1316/1606/1157 2173/2587/1922 2174/2588/1923
f 2173/2587/1922 2175/2589/1924 2174/2588/1923
f 2174/2588/1923 2175/2589/1924 2176/2590/1925
f 2175/2591/1924 2135/2541/1890 2176/2592/1925
f 2176/2592/1925 2135/2541/1890 2143/2551/1898
f 1312/1602/1137 2177/2593/1926 1336/1628/1161
f 1336/1628/1161 2177/2593/1926 2178/2594/1927
f 2177/2593/1926 2179/2595/1928 2178/2594/1927
f 2178/2594/1927 2179/2595/1928 2180/2596/1929
f 2179/2597/1928 2147/2555/1900 2180/2598/1929
f 2180/2598/1929 2147/2555/1900 2156/2564/1906
f 1332/1624/1184 2181/2599/1930 1356/1652/1203
f 1356/1652/1203 2181/2599/1930 2182/2600/1931
f 2181/2599/1930 2183/2601/1932 2182/2600/1931
f 2182/2600/1931 2183/2601/1932 2184/2602/1933
f 2183/2603/1932 2159/2567/1908 2184/2604/1933
f 2184/2604/1933 2159/2567/1908 2161/2569/1910
f 1259/1541/1124 1286/1574/1151 1257/1539/1122
f 1257/1539/1122 1286/1574/1151 1269/1553/1134
f 1277/1563/1142 1279/1565/1144 1289/1577/1154
f 1289/1577/1154 1279/1565/1144 1305/1595/1170
f 1297/1585/1162 1299/1587/1164 1309/1599/1174
f 1309/1599/1174 1299/1587/1164 1326/1618/1180
f 1317/1607/1176 1319/1609/1177 1329/1621/1182
f 1329/1621/1182 1319/1609/1177 1345/1639/1193
f 1337/1629/1186 1339/1631/1188 1349/1643/1196
f 1349/1643/1196 1339/1631/1188 1358/1654/1205
f 1372/1668/1219 1391/1689/1238 1370/1666/1217
f 1370/1666/1217 1391/1689/1238 1381/1679/1228
f 1411/1713/1258 1429/1733/1276 1410/1712/1257
f 1410/1712/1257 1429/1733/1276 1419/1723/1266
f 1449/1757/1296 1466/1776/1313 1448/1756/1295
f 1448/1756/1295 1466/1776/1313 1457/1767/1304
f 1480/1790/1327 1481/1791/1328 1489/1801/1336
f 1489/1801/1336 1481/1791/1328 1506/1822/1353
f 1497/1811/1344 1499/1813/1346 1509/1825/1356
f 1509/1825/1356 1499/1813/1346 1523/1839/1370
f 1518/1834/1365 1519/1835/1366 1527/1843/1374
f 1527/1843/1374 1519/1835/1366 1544/1864/1391
f 1535/1853/1382 1537/1855/1384 1547/1867/1394
f 1547/1867/1394 1537/1855/1384 1561/1881/1408
f 1554/1874/1401 1556/1876/1403 1565/1885/1411
f 1565/1885/1411 1556/1876/1403 1574/1894/1420
f 1588/1908/1219 1607/1929/1438 1586/1906/1217
f 1586/1906/1217 1607/1929/1438 1597/1919/1228
f 1627/1953/1458 1645/1973/1475 1626/1952/1457
f 1626/1952/1457 1645/1973/1475 1635/1963/1465
f 1665/1997/1296 1682/2016/1313 1664/1996/1493
f 1664/1996/1493 1682/2016/1313 1673/2007/1304
f 1696/2030/1508 1697/2031/1509 1705/2041/1515
f 1705/2041/1515 1697/2031/1509 1721/2061/1531
f 1713/2051/1523 1715/2053/1525 1725/2065/1535
f 1725/2065/1535 1715/2053/1525 1740/2080/1547
f 1734/2074/1542 1735/2075/1543 1743/2083/1550
f 1743/2083/1550 1735/2075/1543 1759/2103/1565
f 1751/2093/1557 1753/2095/1559 1763/2107/1535
f 1763/2107/1535 1753/2095/1559 1778/2122/1577
f 1772/2116/1574 1790/2134/1583 1770/2114/1572
f 1770/2114/1572 1790/2134/1583 1781/2125/1579
f 1800/2146/1593 1803/2149/1596 1801/2147/1594
f 1801/2147/1594 1803/2149/1596 1808/2156/1601
f 1812/2160/1605 1815/2163/1608 1813/2161/1606
f 1813/2161/1606 1815/2163/1608 1820/2170/1613
f 1824/2174/1617 1827/2177/1620 1825/2175/1618
f 1825/2175/1618 1827/2177/1620 1832/2184/1625
f 1836/2188/1627 1839/2191/1629 1837/2189/1606
f 1837/2189/1606 1839/2191/1629 1844/2198/1613
f 1848/2202/1634 1851/2205/1637 1849/2203/1635
f 1849/2203/1635 1851/2205/1637 1856/2212/1642
f 1868/2226/1654 1874/2234/1660 1865/2223/1651
f 1865/2223/1651 1874/2234/1660 1866/2224/1652
f 1877/2237/1663 1880/2240/1666 1878/2238/1664
f 1878/2238/1664 1880/2240/1666 1885/2247/1671
f 1889/2251/1675 1892/2254/1678 1890/2252/1676
f 1890/2252/1676 1892/2254/1678 1898/2262/1683
f 1901/2265/1684 1904/2268/1687 1902/2266/1685
f 1902/2266/1685 1904/2268/1687 1909/2275/1690
f 1913/2279/1693 1916/2282/1696 1914/2280/1694
f 1914/2280/1694 1916/2282/1696 1921/2289/1701
f 1927/2297/1707 1937/2307/1717 1925/2295/1705
f 1925/2295/1705 1937/2307/1717 1935/2305/1715
f 1948/2322/1728 1957/2333/1737 1947/2321/1727
f 1947/2321/1727 1957/2333/1737 1955/2331/1735
f 1968/2348/1748 1977/2359/1757 1967/2347/1747
f 1967/2347/1747 1977/2359/1757 1975/2357/1755
f 1983/2367/1763 1984/2368/1764 1991/2375/1771
f 1991/2375/1771 1984/2368/1764 2000/2386/1780
f 1992/2376/1772 1994/2378/1774 2003/2389/1783
f 2003/2389/1783 1994/2378/1774 2011/2397/1791
f 2006/2392/1786 2007/2393/1787 2015/2401/1795
f 2015/2401/1795 2007/2393/1787 2024/2412/1804
f 2016/2402/1796 2018/2404/1798 2027/2415/1806
f 2027/2415/1806 2018/2404/1798 2035/2423/1813
f 2028/2416/1807 2030/2418/1809 2039/2427/1817
f 2039/2427/1817 2030/2418/1809 2041/2429/1819
f 2047/2437/1707 2057/2447/1717 2045/2435/1705
f 2045/2435/1705 2057/2447/1717 2055/2445/1715
f 2068/2462/1837 2077/2473/1845 2067/2461/1836
f 2067/2461/1836 2077/2473/1845 2075/2471/1843
f 2088/2488/1748 2097/2499/1757 2087/2487/1853
f 2087/2487/1853 2097/2499/1757 2095/2497/1755
f 2103/2507/1860 2104/2508/1861 2111/2515/1867
f 2111/2515/1867 2104/2508/1861 2119/2525/1875
f 2112/2516/1868 2114/2518/1870 2123/2529/1879
f 2123/2529/1879 2114/2518/1870 2132/2538/1887
f 2126/2532/1882 2127/2533/1883 2135/2541/1890
f 2135/2541/1890 2127/2533/1883 2143/2551/1898
f 2136/2542/1891 2138/2544/1893 2147/2555/1900
f 2147/2555/1900 2138/2544/1893 2156/2564/1906
f 2150/2558/1903 2161/2569/1910 2148/2556/1901
f 2148/2556/1901 2161/2569/1910 2159/2567/1908
f 1251/1531/1116 1276/1562/1141 1249/1529/1114
f 1249/1529/1114 1276/1562/1141 1263/1547/1128
f 1272/1558/1137 1296/1584/1161 1270/1556/1135
f 1270/1556/1135 1296/1584/1161 1283/1571/1148
f 1292/1580/1157 1316/1606/1157 1290/1578/1155
f 1290/1578/1155 1316/1606/1157 1303/1593/1168
f 1312/1602/1137 1336/1628/1161 1310/1600/1135
f 1310/1600/1135 1336/1628/1161 1323/1615/1148
f 1332/1624/1184 1356/1652/1203 1330/1622/1183
f 1330/1622/1183 1356/1652/1203 1343/1637/1192
f 1350/1644/1197 1352/1646/1199 1362/1658/1209
f 1362/1658/1209 1352/1646/1199 1464/1774/1311
f 1458/1768/1305 1460/1770/1307 1470/1780/1317
f 1470/1780/1317 1460/1770/1307 1572/1892/1418
f 1566/1886/1412 1568/1888/1414 1578/1898/1424
f 1578/1898/1424 1568/1888/1414 1680/2014/1503
f 1674/2008/1305 1676/2010/1307 1686/2020/1317
f 1686/2020/1317 1676/2010/1307 1788/2132/1418
f 1782/2126/1580 1784/2128/1581 1794/2138/1587
f 1794/2138/1587 1784/2128/1581 1860/2218/1646
f 1256/1538/1121 1255/1536/1120 1364/1660/1211
f 1364/1660/1211 1255/1536/1120 1265/1549/1130
f 1369/1665/1216 1368/1664/1215 1472/1782/1319
f 1472/1782/1319 1368/1664/1215 1377/1673/1224
f 1477/1787/1324 1476/1786/1323 1580/1900/1425
f 1580/1900/1425 1476/1786/1323 1485/1795/1332
f 1585/1905/1216 1584/1904/1215 1688/2022/1319
f 1688/2022/1319 1584/1904/1215 1593/1913/1224
f 1693/2027/1506 1692/2026/1505 1796/2140/1589
f 1796/2140/1589 1692/2026/1505 1701/2035/1511
f 1719/2059/1529 1706/2042/1516 1731/2071/1362
f 1731/2071/1362 1706/2042/1516 1708/2044/1518
f 1757/2101/1563 1744/2084/1375 1769/2113/1400
f 1769/2113/1400 1744/2084/1375 1746/2086/1552
f 1541/1861/1388 1528/1844/1375 1553/1873/1400
f 1553/1873/1400 1528/1844/1375 1530/1846/1377
f 1503/1819/1350 1490/1802/1337 1515/1831/1362
f 1515/1831/1362 1490/1802/1337 1492/1804/1339
f 1611/1935/1442 1598/1920/1429 1712/2050/1522
f 1712/2050/1522 1598/1920/1429 1600/1922/1431
f 1395/1695/1242 1382/1680/1229 1496/1810/1343
f 1496/1810/1343 1382/1680/1229 1384/1682/1231
f 1660/1992/1490 1669/2001/1496 1661/1993/1491
f 1661/1993/1491 1669/2001/1496 1765/2109/1568
f 1444/1752/1291 1453/1761/1300 1445/1753/1292
f 1445/1753/1292 1453/1761/1300 1549/1869/1396
f 1649/1979/1479 1636/1964/1466 1750/2092/1556
f 1750/2092/1556 1636/1964/1466 1638/1966/1468
f 1433/1739/1280 1420/1724/1267 1534/1852/1381
f 1534/1852/1381 1420/1724/1267 1422/1726/1269
f 1622/1948/1453 1631/1957/1461 1623/1949/1454
f 1623/1949/1454 1631/1957/1461 1727/2067/1537
f 1406/1708/1253 1415/1717/1262 1407/1709/1254
f 1407/1709/1254 1415/1717/1262 1511/1827/1358
f 1604/1926/1435 1613/1937/1444 1605/1927/1436
f 1605/1927/1436 1613/1937/1444 1618/1944/1449
f 1642/1970/1472 1651/1981/1481 1643/1971/1473
f 1643/1971/1473 1651/1981/1481 1656/1988/1486
f 1426/1730/1273 1435/1741/1282 1427/1731/1274
f 1427/1731/1274 1435/1741/1282 1440/1748/1287
f 1388/1686/1235 1397/1697/1244 1389/1687/1236
f 1389/1687/1236 1397/1697/1244 1402/1704/1249
f 1264/1548/1129 1255/1536/1120 2185/2605/1934
f 2185/2605/1934 1255/1536/1120 1253/1535/1118
f 1253/1533/1118 1250/1530/1115 2185/2606/1934
f 2185/2606/1934 1250/1530/1115 2186/2607/1935
f 1250/1530/1115 1249/1529/1114 2186/2607/1935
f 2186/2607/1935 1249/1529/1114 1261/1544/1126
f 2186/2607/1935 1261/1544/1126 2187/2608/1936
f 2187/2608/1936 1261/1544/1126 1258/1543/1123
f 1257/1539/1122 1267/1554/1132 1258/1540/1123
f 1258/1540/1123 1267/1554/1132 2187/2609/1936
f 1267/1551/1132 1264/1548/1129 2187/2610/1936
f 2187/2610/1936 1264/1548/1129 2185/2605/1934
f 2185/2606/1934 2186/2607/1935 2187/2608/1936
f 1262/1546/1127 1263/1547/1128 2188/2611/1937
f 2188/2611/1937 1263/1547/1128 1274/1560/1139
f 2188/2611/1937 1274/1560/1139 2189/2612/1938
f 2189/2612/1938 1274/1560/1139 1271/1557/1136
f 1271/1557/1136 1270/1556/1135 2189/2612/1938
f 2189/2612/1938 1270/1556/1135 1281/1568/1146
f 2189/2612/1938 1281/1568/1146 2190/2613/1939
f 2190/2613/1939 1281/1568/1146 1278/1567/1143
f 1278/1564/1143 1277/1563/1142 2190/2614/1939
f 2190/2614/1939 1277/1563/1142 1287/1575/1152
f 2190/2614/1939 1287/1575/1152 2191/2615/1940
f 2191/2615/1940 1287/1575/1152 1284/1572/1149
f 1259/1541/1124 1260/1542/1125 1284/1572/1149
f 1284/1572/1149 1260/1542/1125 2191/2615/1940
f 2191/2616/1940 1260/1545/1125 2188/2611/1937
f 2188/2611/1937 1260/1545/1125 1262/1546/1127
f 2188/2611/1937 2189/2612/1938 2191/2616/1940
f 2191/2616/1940 2189/2612/1938 2190/2613/1939
f 1282/1570/1147 1283/1571/1148 2192/2617/1941
f 2192/2617/1941 1283/1571/1148 1294/1582/1159
f 2192/2617/1941 1294/1582/1159 2193/2618/1942
f 2193/2618/1942 1294/1582/1159 1291/1579/1156
f 1291/1579/1156 1290/1578/1155 2193/2618/1942
f 2193/2618/1942 1290/1578/1155 1301/1590/1166
f 2193/2618/1942 1301/1590/1166 2194/2619/1943
f 2194/2619/1943 1301/1590/1166 1298/1589/1163
f 1297/1585/1162 1307/1597/1172 1298/1586/1163
f 1298/1586/1163 1307/1597/1172 2194/2620/1943
f 1307/1597/1172 1304/1594/1169 2194/2620/1943
f 2194/2620/1943 1304/1594/1169 2195/2621/1944
f 1304/1594/1169 1279/1565/1144 2195/2621/1944
f 2195/2621/1944 1279/1565/1144 1280/1566/1145
f 2195/2622/1944 1280/1569/1145 2192/2617/1941
f 2192/2617/1941 1280/1569/1145 1282/1570/1147
f 2192/2617/1941 2193/2618/1942 2195/2622/1944
f 2195/2622/1944 2193/2618/1942 2194/2619/1943
f 1302/1592/1167 1303/1593/1168 2196/2623/1945
f 2196/2623/1945 1303/1593/1168 1314/1604/1175
f 2196/2623/1945 1314/1604/1175 2197/2624/1946
f 2197/2624/1946 1314/1604/1175 1311/1601/1136
f 1311/1601/1136 1310/1600/1135 2197/2624/1946
f 2197/2624/1946 1310/1600/1135 1321/1612/1146
f 2197/2624/1946 1321/1612/1146 2198/2625/1947
f 2198/2625/1947 1321/1612/1146 1318/1611/1143
f 1318/1608/1143 1317/1607/1176 2198/2626/1947
f 2198/2626/1947 1317/1607/1176 1327/1619/1152
f 2198/2626/1947 1327/1619/1152 2199/2627/1940
f 2199/2627/1940 1327/1619/1152 1324/1616/1149
f 1299/1587/1164 1300/1588/1165 1324/1616/1149
f 1324/1616/1149 1300/1588/1165 2199/2627/1940
f 2199/2628/1940 1300/1591/1165 2196/2623/1945
f 2196/2623/1945 1300/1591/1165 1302/1592/1167
f 2196/2623/1945 2197/2624/1946 2199/2628/1940
f 2199/2628/1940 2197/2624/1946 2198/2625/1947
f 1322/1614/1178 1323/1615/1148 2200/2629/1948
f 2200/2629/1948 1323/1615/1148 1334/1626/1159
f 2200/2629/1948 1334/1626/1159 2201/2630/1949
f 2201/2630/1949 1334/1626/1159 1331/1623/1156
f 1331/1623/1156 1330/1622/1183 2201/2630/1949
f 2201/2630/1949 1330/1622/1183 1341/1634/1190
f 2201/2630/1949 1341/1634/1190 2202/2631/1950
f 2202/2631/1950 1341/1634/1190 1338/1633/1187
f 1337/1629/1186 1347/1641/1172 1338/1630/1187
f 1338/1630/1187 1347/1641/1172 2202/2632/1950
f 1347/1641/1172 1344/1638/1169 2202/2632/1950
f 2202/2632/1950 1344/1638/1169 2203/2633/1951
f 1344/1638/1169 1319/1609/1177 2203/2633/1951
f 2203/2633/1951 1319/1609/1177 1320/1610/1145
f 2203/2634/1951 1320/1613/1145 2200/2629/1948
f 2200/2629/1948 1320/1613/1145 1322/1614/1178
f 2200/2629/1948 2201/2630/1949 2203/2634/1951
f 2203/2634/1951 2201/2630/1949 2202/2631/1950
f 1342/1636/1191 1343/1637/1192 2204/2635/1952
f 2204/2635/1952 1343/1637/1192 1354/1649/1201
f 2204/2635/1952 1354/1649/1201 2205/2636/1953
f 2205/2636/1953 1354/1649/1201 1351/1648/1198
f 1351/1645/1198 1350/1644/1197 2205/2637/1953
f 2205/2637/1953 1350/1644/1197 1360/1656/1207
f 2205/2637/1953 1360/1656/1207 2206/2638/1954
f 2206/2638/1954 1360/1656/1207 1357/1653/1204
f 1339/1631/1188 1340/1632/1189 1357/1653/1204
f 1357/1653/1204 1340/1632/1189 2206/2638/1954
f 1340/1635/1189 1342/1636/1191 2206/2639/1954
f 2206/2639/1954 1342/1636/1191 2204/2635/1952
f 2204/2635/1952 2205/2636/1953 2206/2639/1954
f 1376/1672/1223 1368/1664/1215 2207/2640/1955
f 2207/2640/1955 1368/1664/1215 1366/1662/1213
f 2207/2640/1955 1366/1662/1213 2208/2641/1956
f 2208/2641/1956 1366/1662/1213 1363/1659/1210
f 1363/1659/1210 1265/1549/1130 2208/2641/1956
f 2208/2641/1956 1265/1549/1130 1266/1550/1131
f 2208/2641/1956 1266/1550/1131 2209/2642/1957
f 2209/2642/1957 1266/1550/1131 1268/1552/1133
f 1269/1553/1134 1374/1670/1221 1268/1555/1133
f 1268/1555/1133 1374/1670/1221 2209/2643/1957
f 1374/1670/1221 1371/1667/1218 2209/2643/1957
f 2209/2643/1957 1371/1667/1218 2210/2644/1957
f 1371/1667/1218 1370/1666/1217 2210/2644/1957
f 2210/2644/1957 1370/1666/1217 1379/1677/1226
f 2210/2645/1957 1379/1675/1226 2207/2640/1955
f 2207/2640/1955 1379/1675/1226 1376/1672/1223
f 2207/2640/1955 2208/2641/1956 2210/2645/1957
f 2210/2645/1957 2208/2641/1956 2209/2642/1957
f 1388/1686/1235 1386/1684/1233 1396/1696/1243
f 1396/1696/1243 1386/1684/1233 2211/2646/1958
f 1386/1684/1233 1383/1681/1230 2211/2646/1958
f 2211/2646/1958 1383/1681/1230 2212/2647/1959
f 1382/1680/1229 1393/1693/1240 1383/1681/1230
f 1383/1681/1230 1393/1693/1240 2212/2647/1959
f 1393/1691/1240 1390/1688/1237 2212/2648/1959
f 2212/2648/1959 1390/1688/1237 2213/2649/1960
f 1372/1668/1219 1373/1669/1220 1390/1688/1237
f 1390/1688/1237 1373/1669/1220 2213/2649/1960
f 2213/2649/1960 1373/1669/1220 2214/2650/1961
f 2214/2650/1961 1373/1669/1220 1375/1671/1222
f 1286/1574/1151 1285/1573/1150 1375/1671/1222
f 1375/1671/1222 1285/1573/1150 2214/2650/1961
f 1285/1573/1150 1288/1576/1153 2214/2650/1961
f 2214/2650/1961 1288/1576/1153 2215/2651/1962
f 1288/1576/1153 1289/1577/1154 2215/2651/1962
f 2215/2651/1962 1289/1577/1154 1399/1700/1246
f 2215/2651/1962 1399/1700/1246 2211/2652/1958
f 2211/2652/1958 1399/1700/1246 1396/1699/1243
f 2214/2650/1961 2215/2651/1962 2213/2649/1960
f 2213/2649/1960 2215/2651/1962 2212/2648/1959
f 2211/2652/1958 2212/2648/1959 2215/2651/1962
f 1406/1708/1253 1404/1706/1251 1414/1716/1261
f 1414/1716/1261 1404/1706/1251 2216/2653/1963
f 2216/2653/1963 1404/1706/1251 2217/2654/1964
f 2217/2654/1964 1404/1706/1251 1401/1703/1248
f 1397/1697/1244 1398/1698/1245 1401/1703/1248
f 1401/1703/1248 1398/1698/1245 2217/2654/1964
f 1398/1701/1245 1400/1702/1247 2217/2655/1964
f 2217/2655/1964 1400/1702/1247 2218/2656/1965
f 1400/1702/1247 1305/1595/1170 2218/2656/1965
f 2218/2656/1965 1305/1595/1170 1306/1596/1171
f 2218/2656/1965 1306/1596/1171 2219/2657/1966
f 2219/2657/1966 1306/1596/1171 1308/1598/1173
f 1309/1599/1174 1412/1714/1259 1308/1598/1173
f 1308/1598/1173 1412/1714/1259 2219/2657/1966
f 1412/1714/1259 1408/1710/1255 2219/2657/1966
f 2219/2657/1966 1408/1710/1255 2220/2658/1967
f 1410/1712/1257 1417/1720/1264 1408/1710/1255
f 1408/1710/1255 1417/1720/1264 2220/2658/1967
f 2220/2658/1967 1417/1720/1264 2216/2659/1963
f 2216/2659/1963 1417/1720/1264 1414/1719/1261
f 2219/2657/1966 2220/2658/1967 2218/2656/1965
f 2220/2658/1967 2216/2659/1963 2218/2656/1965
f 2216/2659/1963 2217/2655/1964 2218/2656/1965
f 1426/1730/1273 1424/1728/1271 1434/1740/1281
f 1434/1740/1281 1424/1728/1271 2221/2660/1968
f 1424/1728/1271 1421/1725/1268 2221/2660/1968
f 2221/2660/1968 1421/1725/1268 2222/2661/1969
f 1420/1724/1267 1431/1737/1278 1421/1725/1268
f 1421/1725/1268 1431/1737/1278 2222/2661/1969
f 1431/1735/1278 1428/1732/1275 2222/2662/1969
f 2222/2662/1969 1428/1732/1275 2223/2663/1970
f 1411/1713/1258 1409/1711/1256 1428/1732/1275
f 1428/1732/1275 1409/1711/1256 2223/2663/1970
f 2223/2663/1970 1409/1711/1256 2224/2664/1971
f 2224/2664/1971 1409/1711/1256 1413/1715/1260
f 1326/1618/1180 1325/1617/1179 1413/1715/1260
f 1413/1715/1260 1325/1617/1179 2224/2664/1971
f 1325/1617/1179 1328/1620/1181 2224/2664/1971
f 2224/2664/1971 1328/1620/1181 2225/2665/1972
f 1328/1620/1181 1329/1621/1182 2225/2665/1972
f 2225/2665/1972 1329/1621/1182 1437/1744/1284
f 2225/2665/1972 1437/1744/1284 2221/2666/1968
f 2221/2666/1968 1437/1744/1284 1434/1743/1281
f 2224/2664/1971 2225/2665/1972 2223/2663/1970
f 2223/2663/1970 2225/2665/1972 2222/2662/1969
f 2221/2666/1968 2222/2662/1969 2225/2665/1972
f 1444/1752/1291 1442/1750/1289 1452/1760/1299
f 1452/1760/1299 1442/1750/1289 2226/2667/1973
f 2226/2667/1973 1442/1750/1289 2227/2668/1974
f 2227/2668/1974 1442/1750/1289 1439/1747/1286
f 1435/1741/1282 1436/1742/1283 1439/1747/1286
f 1439/1747/1286 1436/1742/1283 2227/2668/1974
f 1436/1745/1283 1438/1746/1285 2227/2669/1974
f 2227/2669/1974 1438/1746/1285 2228/2670/1975
f 1438/1746/1285 1345/1639/1193 2228/2670/1975
f 2228/2670/1975 1345/1639/1193 1346/1640/1194
f 2228/2670/1975 1346/1640/1194 2229/2671/1976
f 2229/2671/1976 1346/1640/1194 1348/1642/1195
f 1349/1643/1196 1450/1758/1297 1348/1642/1195
f 1348/1642/1195 1450/1758/1297 2229/2671/1976
f 1450/1758/1297 1446/1754/1293 2229/2671/1976
f 2229/2671/1976 1446/1754/1293 2230/2672/1977
f 1448/1756/1295 1455/1764/1302 1446/1754/1293
f 1446/1754/1293 1455/1764/1302 2230/2672/1977
f 2230/2672/1977 1455/1764/1302 2226/2673/1973
f 2226/2673/1973 1455/1764/1302 1452/1763/1299
f 2229/2671/1976 2230/2672/1977 2228/2670/1975
f 2230/2672/1977 2226/2673/1973 2228/2670/1975
f 2226/2673/1973 2227/2669/1974 2228/2670/1975
f 1361/1657/1208 1362/1658/1209 2231/2674/1978
f 2231/2674/1978 1362/1658/1209 1462/1772/1309
f 2231/2674/1978 1462/1772/1309 2232/2675/1979
f 2232/2675/1979 1462/1772/1309 1459/1769/1306
f 1459/1769/1306 1458/1768/1305 2232/2675/1979
f 2232/2675/1979 1458/1768/1305 1468/1778/1315
f 2232/2675/1979 1468/1778/1315 2233/2676/1980
f 2233/2676/1980 1468/1778/1315 1465/1775/1312
f 1465/1775/1312 1449/1757/1296 2233/2676/1980
f 2233/2676/1980 1449/1757/1296 1447/1755/1294
f 2233/2676/1980 1447/1755/1294 2234/2677/1981
f 2234/2677/1981 1447/1755/1294 1451/1759/1298
f 1451/1759/1298 1358/1654/1205 2234/2677/1981
f 2234/2677/1981 1358/1654/1205 1359/1655/1206
f 2234/2677/1981 1359/1655/1206 2231/2674/1978
f 2231/2674/1978 1359/1655/1206 1361/1657/1208
f 2231/2674/1978 2232/2675/1979 2234/2677/1981
f 2234/2677/1981 2232/2675/1979 2233/2676/1980
f 1484/1794/1331 1476/1786/1323 2235/2678/1982
f 2235/2678/1982 1476/1786/1323 1474/1784/1321
f 2235/2678/1982 1474/1784/1321 2236/2679/1983
f 2236/2679/1983 1474/1784/1321 1471/1781/1318
f 1471/1781/1318 1377/1673/1224 2236/2679/1983
f 2236/2679/1983 1377/1673/1224 1378/1674/1225
f 2236/2679/1983 1378/1674/1225 2237/2680/1984
f 2237/2680/1984 1378/1674/1225 1380/1676/1227
f 1380/1678/1227 1381/1679/1228 2237/2681/1984
f 2237/2681/1984 1381/1679/1228 1482/1792/1329
f 2237/2681/1984 1482/1792/1329 2238/2682/1985
f 2238/2682/1985 1482/1792/1329 1478/1788/1325
f 1480/1790/1327 1487/1799/1334 1478/1788/1325
f 1478/1788/1325 1487/1799/1334 2238/2682/1985
f 2238/2683/1985 1487/1797/1334 2235/2678/1982
f 2235/2678/1982 1487/1797/1334 1484/1794/1331
f 2235/2678/1982 2236/2679/1983 2238/2683/1985
f 2238/2683/1985 2236/2679/1983 2237/2680/1984
f 1395/1695/1242 1494/1808/1341 1394/1694/1241
f 1394/1694/1241 1494/1808/1341 2239/2684/1986
f 2239/2685/1986 1494/1806/1341 2240/2686/1987
f 2240/2686/1987 1494/1806/1341 1491/1803/1338
f 1490/1802/1337 1501/1817/1348 1491/1803/1338
f 1491/1803/1338 1501/1817/1348 2240/2686/1987
f 1501/1815/1348 1498/1812/1345 2240/2687/1987
f 2240/2687/1987 1498/1812/1345 2241/2688/1988
f 1498/1812/1345 1497/1811/1344 2241/2688/1988
f 2241/2688/1988 1497/1811/1344 1507/1823/1354
f 2241/2688/1988 1507/1823/1354 2242/2689/1989
f 2242/2689/1989 1507/1823/1354 1504/1820/1351
f 1481/1791/1328 1479/1789/1326 1504/1820/1351
f 1504/1820/1351 1479/1789/1326 2242/2689/1989
f 1479/1789/1326 1483/1793/1330 2242/2689/1989
f 2242/2689/1989 1483/1793/1330 2243/2690/1990
f 1391/1689/1238 1392/1690/1239 1483/1793/1330
f 1483/1793/1330 1392/1690/1239 2243/2690/1990
f 2243/2690/1990 1392/1690/1239 2239/2691/1986
f 2239/2691/1986 1392/1690/1239 1394/1692/1241
f 2242/2689/1989 2243/2690/1990 2241/2688/1988
f 2243/2690/1990 2239/2691/1986 2241/2688/1988
f 2239/2691/1986 2240/2687/1987 2241/2688/1988
f 1503/1819/1350 1513/1829/1360 1502/1818/1349
f 1502/1818/1349 1513/1829/1360 2244/2692/1991
f 1513/1829/1360 1510/1826/1357 2244/2692/1991
f 2244/2692/1991 1510/1826/1357 2245/2693/1992
f 1415/1717/1262 1416/1718/1263 1510/1826/1357
f 1510/1826/1357 1416/1718/1263 2245/2693/1992
f 1416/1721/1263 1418/1722/1265 2245/2694/1992
f 2245/2694/1992 1418/1722/1265 2246/2695/1993
f 1419/1723/1266 1520/1836/1367 1418/1722/1265
f 1418/1722/1265 1520/1836/1367 2246/2695/1993
f 2246/2695/1993 1520/1836/1367 2247/2696/1994
f 2247/2696/1994 1520/1836/1367 1516/1832/1363
f 1518/1834/1365 1525/1841/1372 1516/1832/1363
f 1516/1832/1363 1525/1841/1372 2247/2696/1994
f 1525/1841/1372 1522/1838/1369 2247/2696/1994
f 2247/2696/1994 1522/1838/1369 2248/2697/1995
f 1522/1838/1369 1499/1813/1346 2248/2697/1995
f 2248/2697/1995 1499/1813/1346 1500/1814/1347
f 2248/2697/1995 1500/1814/1347 2244/2698/1991
f 2244/2698/1991 1500/1814/1347 1502/1816/1349
f 2247/2696/1994 2248/2697/1995 2246/2695/1993
f 2246/2695/1993 2248/2697/1995 2245/2694/1992
f 2244/2698/1991 2245/2694/1992 2248/2697/1995
f 1433/1739/1280 1532/1850/1379 1432/1738/1279
f 1432/1738/1279 1532/1850/1379 2249/2699/1996
f 2249/2700/1996 1532/1848/1379 2250/2701/1997
f 2250/2701/1997 1532/1848/1379 1529/1845/1376
f 1528/1844/1375 1539/1859/1386 1529/1845/1376
f 1529/1845/1376 1539/1859/1386 2250/2701/1997
f 1539/1857/1386 1536/1854/1383 2250/2702/1997
f 2250/2702/1997 1536/1854/1383 2251/2703/1998
f 1536/1854/1383 1535/1853/1382 2251/2703/1998
f 2251/2703/1998 1535/1853/1382 1545/1865/1392
f 2251/2703/1998 1545/1865/1392 2252/2704/1999
f 2252/2704/1999 1545/1865/1392 1542/1862/1389
f 1519/1835/1366 1517/1833/1364 1542/1862/1389
f 1542/1862/1389 1517/1833/1364 2252/2704/1999
f 1517/1833/1364 1521/1837/1368 2252/2704/1999
f 2252/2704/1999 1521/1837/1368 2253/2705/2000
f 1429/1733/1276 1430/1734/1277 1521/1837/1368
f 1521/1837/1368 1430/1734/1277 2253/2705/2000
f 2253/2705/2000 1430/1734/1277 2249/2706/1996
f 2249/2706/1996 1430/1734/1277 1432/1736/1279
f 2252/2704/1999 2253/2705/2000 2251/2703/1998
f 2253/2705/2000 2249/2706/1996 2251/2703/1998
f 2249/2706/1996 2250/2702/1997 2251/2703/1998
f 1541/1861/1388 1551/1871/1398 1540/1860/1387
f 1540/1860/1387 1551/1871/1398 2254/2707/2001
f 1551/1871/1398 1548/1868/1395 2254/2707/2001
f 2254/2707/2001 1548/1868/1395 2255/2708/2002
f 1453/1761/1300 1454/1762/1301 1548/1868/1395
f 1548/1868/1395 1454/1762/1301 2255/2708/2002
f 1454/1765/1301 1456/1766/1303 2255/2709/2002
f 2255/2709/2002 1456/1766/1303 2256/2710/2003
f 1457/1767/1304 1558/1878/1405 1456/1766/1303
f 1456/1766/1303 1558/1878/1405 2256/2710/2003
f 2256/2710/2003 1558/1878/1405 2257/2711/2004
f 2257/2711/2004 1558/1878/1405 1555/1875/1402
f 1554/1874/1401 1563/1883/1409 1555/1875/1402
f 1555/1875/1402 1563/1883/1409 2257/2711/2004
f 1563/1883/1409 1560/1880/1407 2257/2711/2004
f 2257/2711/2004 1560/1880/1407 2258/2712/2005
f 1560/1880/1407 1537/1855/1384 2258/2712/2005
f 2258/2712/2005 1537/1855/1384 1538/1856/1385
f 2258/2712/2005 1538/1856/1385 2254/2713/2001
f 2254/2713/2001 1538/1856/1385 1540/1858/1387
f 2257/2711/2004 2258/2712/2005 2256/2710/2003
f 2256/2710/2003 2258/2712/2005 2255/2709/2002
f 2254/2713/2001 2255/2709/2002 2258/2712/2005
f 1469/1779/1316 1470/1780/1317 2259/2714/2006
f 2259/2714/2006 1470/1780/1317 1570/1890/1416
f 2259/2714/2006 1570/1890/1416 2260/2715/2007
f 2260/2715/2007 1570/1890/1416 1567/1887/1413
f 1567/1887/1413 1566/1886/1412 2260/2715/2007
f 2260/2715/2007 1566/1886/1412 1576/1896/1422
f 2260/2715/2007 1576/1896/1422 2261/2716/2008
f 2261/2716/2008 1576/1896/1422 1573/1893/1419
f 1573/1893/1419 1556/1876/1403 2261/2716/2008
f 2261/2716/2008 1556/1876/1403 1557/1877/1404
f 2261/2716/2008 1557/1877/1404 2262/2717/2009
f 2262/2717/2009 1557/1877/1404 1559/1879/1406
f 1559/1879/1406 1466/1776/1313 2262/2717/2009
f 2262/2717/2009 1466/1776/1313 1467/1777/1314
f 2262/2717/2009 1467/1777/1314 2259/2714/2006
f 2259/2714/2006 1467/1777/1314 1469/1779/1316
f 2259/2714/2006 2260/2715/2007 2262/2717/2009
f 2262/2717/2009 2260/2715/2007 2261/2716/2008
f 1592/1912/1223 1584/1904/1215 2263/2718/2010
f 2263/2718/2010 1584/1904/1215 1582/1902/1213
f 2263/2718/2010 1582/1902/1213 2264/2719/2011
f 2264/2719/2011 1582/1902/1213 1579/1899/1210
f 1579/1899/1210 1485/1795/1332 2264/2719/2011
f 2264/2719/2011 1485/1795/1332 1486/1796/1333
f 2264/2719/2011 1486/1796/1333 2265/2720/2012
f 2265/2720/2012 1486/1796/1333 1488/1798/1335
f 1489/1801/1336 1590/1910/1221 1488/1800/1335
f 1488/1800/1335 1590/1910/1221 2265/2721/2012
f 1590/1910/1221 1587/1907/1218 2265/2721/2012
f 2265/2721/2012 1587/1907/1218 2266/2722/1957
f 1587/1907/1218 1586/1906/1217 2266/2722/1957
f 2266/2722/1957 1586/1906/1217 1595/1917/1226
f 2266/2723/1957 1595/1915/1226 2263/2718/2010
f 2263/2718/2010 1595/1915/1226 1592/1912/1223
f 2263/2718/2010 2264/2719/2011 2266/2723/1957
f 2266/2723/1957 2264/2719/2011 2265/2720/2012
f 1604/1926/1435 1602/1924/1433 1612/1936/1443
f 1612/1936/1443 1602/1924/1433 2267/2724/2013
f 1602/1924/1433 1599/1921/1430 2267/2724/2013
f 2267/2724/2013 1599/1921/1430 2268/2725/2014
f 1598/1920/1429 1609/1933/1440 1599/1921/1430
f 1599/1921/1430 1609/1933/1440 2268/2725/2014
f 1609/1931/1440 1606/1928/1437 2268/2726/2014
f 2268/2726/2014 1606/1928/1437 2269/2727/2015
f 1588/1908/1219 1589/1909/1427 1606/1928/1437
f 1606/1928/1437 1589/1909/1427 2269/2727/2015
f 2269/2727/2015 1589/1909/1427 2270/2728/2016
f 2270/2728/2016 1589/1909/1427 1591/1911/1428
f 1506/1822/1353 1505/1821/1352 1591/1911/1428
f 1591/1911/1428 1505/1821/1352 2270/2728/2016
f 1505/1821/1352 1508/1824/1355 2270/2728/2016
f 2270/2728/2016 1508/1824/1355 2271/2729/2017
f 1508/1824/1355 1509/1825/1356 2271/2729/2017
f 2271/2729/2017 1509/1825/1356 1615/1940/1446
f 2271/2729/2017 1615/1940/1446 2267/2730/2013
f 2267/2730/2013 1615/1940/1446 1612/1939/1443
f 2270/2728/2016 2271/2729/2017 2269/2727/2015
f 2269/2727/2015 2271/2729/2017 2268/2726/2014
f 2267/2730/2013 2268/2726/2014 2271/2729/2017
f 1622/1948/1453 1620/1946/1451 1630/1956/1460
f 1630/1956/1460 1620/1946/1451 2272/2731/2018
f 2272/2731/2018 1620/1946/1451 2273/2732/2019
f 2273/2732/2019 1620/1946/1451 1617/1943/1448
f 1613/1937/1444 1614/1938/1445 1617/1943/1448
f 1617/1943/1448 1614/1938/1445 2273/2732/2019
f 1614/1941/1445 1616/1942/1447 2273/2733/2019
f 2273/2733/2019 1616/1942/1447 2274/2734/2020
f 1616/1942/1447 1523/1839/1370 2274/2734/2020
f 2274/2734/2020 1523/1839/1370 1524/1840/1371
f 2274/2734/2020 1524/1840/1371 2275/2735/2021
f 2275/2735/2021 1524/1840/1371 1526/1842/1373
f 1527/1843/1374 1628/1954/1259 1526/1842/1373
f 1526/1842/1373 1628/1954/1259 2275/2735/2021
f 1628/1954/1259 1624/1950/1455 2275/2735/2021
f 2275/2735/2021 1624/1950/1455 2276/2736/2022
f 1626/1952/1457 1633/1960/1463 1624/1950/1455
f 1624/1950/1455 1633/1960/1463 2276/2736/2022
f 2276/2736/2022 1633/1960/1463 2272/2737/2018
f 2272/2737/2018 1633/1960/1463 1630/1959/1460
f 2275/2735/2021 2276/2736/2022 2274/2734/2020
f 2276/2736/2022 2272/2737/2018 2274/2734/2020
f 2272/2737/2018 2273/2733/2019 2274/2734/2020
f 1642/1970/1472 1640/1968/1470 1650/1980/1480
f 1650/1980/1480 1640/1968/1470 2277/2738/2023
f 1640/1968/1470 1637/1965/1467 2277/2738/2023
f 2277/2738/2023 1637/1965/1467 2278/2739/2024
f 1636/1964/1466 1647/1977/1477 1637/1965/1467
f 1637/1965/1467 1647/1977/1477 2278/2739/2024
f 1647/1975/1477 1644/1972/1474 2278/2740/2024
f 2278/2740/2024 1644/1972/1474 2279/2741/2025
f 1627/1953/1458 1625/1951/1456 1644/1972/1474
f 1644/1972/1474 1625/1951/1456 2279/2741/2025
f 2279/2741/2025 1625/1951/1456 2280/2742/2026
f 2280/2742/2026 1625/1951/1456 1629/1955/1459
f 1544/1864/1391 1543/1863/1390 1629/1955/1459
f 1629/1955/1459 1543/1863/1390 2280/2742/2026
f 1543/1863/1390 1546/1866/1393 2280/2742/2026
f 2280/2742/2026 1546/1866/1393 2281/2743/2027
f 1546/1866/1393 1547/1867/1394 2281/2743/2027
f 2281/2743/2027 1547/1867/1394 1653/1984/1483
f 2281/2743/2027 1653/1984/1483 2277/2744/2023
f 2277/2744/2023 1653/1984/1483 1650/1983/1480
f 2280/2742/2026 2281/2743/2027 2279/2741/2025
f 2279/2741/2025 2281/2743/2027 2278/2740/2024
f 2277/2744/2023 2278/2740/2024 2281/2743/2027
f 1660/1992/1490 1658/1990/1488 1668/2000/1495
f 1668/2000/1495 1658/1990/1488 2282/2745/2028
f 2282/2745/2028 1658/1990/1488 2283/2746/2029
f 2283/2746/2029 1658/1990/1488 1655/1987/1485
f 1651/1981/1481 1652/1982/1482 1655/1987/1485
f 1655/1987/1485 1652/1982/1482 2283/2746/2029
f 1652/1985/1482 1654/1986/1484 2283/2747/2029
f 2283/2747/2029 1654/1986/1484 2284/2748/2030
f 1654/1986/1484 1561/1881/1408 2284/2748/2030
f 2284/2748/2030 1561/1881/1408 1562/1882/1371
f 2284/2748/2030 1562/1882/1371 2285/2749/2031
f 2285/2749/2031 1562/1882/1371 1564/1884/1410
f 1565/1885/1411 1666/1998/1494 1564/1884/1410
f 1564/1884/1410 1666/1998/1494 2285/2749/2031
f 1666/1998/1494 1662/1994/1492 2285/2749/2031
f 2285/2749/2031 1662/1994/1492 2286/2750/2032
f 1664/1996/1493 1671/2004/1498 1662/1994/1492
f 1662/1994/1492 1671/2004/1498 2286/2750/2032
f 2286/2750/2032 1671/2004/1498 2282/2751/2028
f 2282/2751/2028 1671/2004/1498 1668/2003/1495
f 2285/2749/2031 2286/2750/2032 2284/2748/2030
f 2286/2750/2032 2282/2751/2028 2284/2748/2030
f 2282/2751/2028 2283/2747/2029 2284/2748/2030
f 1577/1897/1423 1578/1898/1424 2287/2752/2033
f 2287/2752/2033 1578/1898/1424 1678/2012/1501
f 2287/2752/2033 1678/2012/1501 2288/2753/2034
f 2288/2753/2034 1678/2012/1501 1675/2009/1500
f 1675/2009/1500 1674/2008/1305 2288/2753/2034
f 2288/2753/2034 1674/2008/1305 1684/2018/1315
f 2288/2753/2034 1684/2018/1315 2289/2754/2035
f 2289/2754/2035 1684/2018/1315 1681/2015/1312
f 1681/2015/1312 1665/1997/1296 2289/2754/2035
f 2289/2754/2035 1665/1997/1296 1663/1995/1294
f 2289/2754/2035 1663/1995/1294 2290/2755/2036
f 2290/2755/2036 1663/1995/1294 1667/1999/1298
f 1667/1999/1298 1574/1894/1420 2290/2755/2036
f 2290/2755/2036 1574/1894/1420 1575/1895/1421
f 2290/2755/2036 1575/1895/1421 2287/2752/2033
f 2287/2752/2033 1575/1895/1421 1577/1897/1423
f 2287/2752/2033 2288/2753/2034 2290/2755/2036
f 2290/2755/2036 2288/2753/2034 2289/2754/2035
f 1700/2034/1510 1692/2026/1505 2291/2756/2037
f 2291/2756/2037 1692/2026/1505 1690/2024/1504
f 2291/2756/2037 1690/2024/1504 2292/2757/1983
f 2292/2757/1983 1690/2024/1504 1687/2021/1318
f 1687/2021/1318 1593/1913/1224 2292/2757/1983
f 2292/2757/1983 1593/1913/1224 1594/1914/1225
f 2292/2757/1983 1594/1914/1225 2293/2758/1984
f 2293/2758/1984 1594/1914/1225 1596/1916/1227
f 1596/1918/1227 1597/1919/1228 2293/2759/1984
f 2293/2759/1984 1597/1919/1228 1698/2032/1329
f 2293/2759/1984 1698/2032/1329 2294/2760/1985
f 2294/2760/1985 1698/2032/1329 1694/2028/1325
f 1696/2030/1508 1703/2039/1513 1694/2028/1325
f 1694/2028/1325 1703/2039/1513 2294/2760/1985
f 2294/2761/1985 1703/2037/1513 2291/2756/2037
f 2291/2756/2037 1703/2037/1513 1700/2034/1510
f 2291/2756/2037 2292/2757/1983 2294/2761/1985
f 2294/2761/1985 2292/2757/1983 2293/2758/1984
f 1611/1935/1442 1710/2048/1520 1610/1934/1441
f 1610/1934/1441 1710/2048/1520 2295/2762/2038
f 2295/2763/2038 1710/2046/1520 2296/2764/2039
f 2296/2764/2039 1710/2046/1520 1707/2043/1517
f 1706/2042/1516 1717/2057/1527 1707/2043/1517
f 1707/2043/1517 1717/2057/1527 2296/2764/2039
f 1717/2055/1527 1714/2052/1524 2296/2765/2039
f 2296/2765/2039 1714/2052/1524 2297/2766/2040
f 1714/2052/1524 1713/2051/1523 2297/2766/2040
f 2297/2766/2040 1713/2051/1523 1723/2063/1533
f 2297/2766/2040 1723/2063/1533 2298/2767/2041
f 2298/2767/2041 1723/2063/1533 1720/2060/1530
f 1697/2031/1509 1695/2029/1507 1720/2060/1530
f 1720/2060/1530 1695/2029/1507 2298/2767/2041
f 1695/2029/1507 1699/2033/1330 2298/2767/2041
f 2298/2767/2041 1699/2033/1330 2299/2768/2042
f 1607/1929/1438 1608/1930/1439 1699/2033/1330
f 1699/2033/1330 1608/1930/1439 2299/2768/2042
f 2299/2768/2042 1608/1930/1439 2295/2769/2038
f 2295/2769/2038 1608/1930/1439 1610/1932/1441
f 2298/2767/2041 2299/2768/2042 2297/2766/2040
f 2299/2768/2042 2295/2769/2038 2297/2766/2040
f 2295/2769/2038 2296/2765/2039 2297/2766/2040
f 1719/2059/1529 1729/2069/1539 1718/2058/1528
f 1718/2058/1528 1729/2069/1539 2300/2770/2043
f 1729/2069/1539 1726/2066/1536 2300/2770/2043
f 2300/2770/2043 1726/2066/1536 2301/2771/2044
f 1631/1957/1461 1632/1958/1462 1726/2066/1536
f 1726/2066/1536 1632/1958/1462 2301/2771/2044
f 1632/1961/1462 1634/1962/1464 2301/2772/2044
f 2301/2772/2044 1634/1962/1464 2302/2773/2045
f 1635/1963/1465 1736/2076/1544 1634/1962/1464
f 1634/1962/1464 1736/2076/1544 2302/2773/2045
f 2302/2773/2045 1736/2076/1544 2303/2774/2046
f 2303/2774/2046 1736/2076/1544 1732/2072/1541
f 1734/2074/1542 1741/2081/1548 1732/2072/1541
f 1732/2072/1541 1741/2081/1548 2303/2774/2046
f 1741/2081/1548 1738/2078/1545 2303/2774/2046
f 2303/2774/2046 1738/2078/1545 2304/2775/2047
f 1738/2078/1545 1715/2053/1525 2304/2775/2047
f 2304/2775/2047 1715/2053/1525 1716/2054/1526
f 2304/2775/2047 1716/2054/1526 2300/2776/2043
f 2300/2776/2043 1716/2054/1526 1718/2056/1528
f 2303/2774/2046 2304/2775/2047 2302/2773/2045
f 2302/2773/2045 2304/2775/2047 2301/2772/2044
f 2300/2776/2043 2301/2772/2044 2304/2775/2047
f 1649/1979/1479 1748/2090/1554 1648/1978/1478
f 1648/1978/1478 1748/2090/1554 2305/2777/2048
f 2305/2778/2048 1748/2088/1554 2306/2779/2049
f 2306/2779/2049 1748/2088/1554 1745/2085/1551
f 1744/2084/1375 1755/2099/1561 1745/2085/1551
f 1745/2085/1551 1755/2099/1561 2306/2779/2049
f 1755/2097/1561 1752/2094/1558 2306/2780/2049
f 2306/2780/2049 1752/2094/1558 2307/2781/2050
f 1752/2094/1558 1751/2093/1557 2307/2781/2050
f 2307/2781/2050 1751/2093/1557 1761/2105/1566
f 2307/2781/2050 1761/2105/1566 2308/2782/2051
f 2308/2782/2051 1761/2105/1566 1758/2102/1564
f 1735/2075/1543 1733/2073/1364 1758/2102/1564
f 1758/2102/1564 1733/2073/1364 2308/2782/2051
f 1733/2073/1364 1737/2077/1368 2308/2782/2051
f 2308/2782/2051 1737/2077/1368 2309/2783/2052
f 1645/1973/1475 1646/1974/1476 1737/2077/1368
f 1737/2077/1368 1646/1974/1476 2309/2783/2052
f 2309/2783/2052 1646/1974/1476 2305/2784/2048
f 2305/2784/2048 1646/1974/1476 1648/1976/1478
f 2308/2782/2051 2309/2783/2052 2307/2781/2050
f 2309/2783/2052 2305/2784/2048 2307/2781/2050
f 2305/2784/2048 2306/2780/2049 2307/2781/2050
f 1757/2101/1563 1767/2111/1570 1756/2100/1562
f 1756/2100/1562 1767/2111/1570 2310/2785/2053
f 1767/2111/1570 1764/2108/1567 2310/2785/2053
f 2310/2785/2053 1764/2108/1567 2311/2786/2054
f 1669/2001/1496 1670/2002/1497 1764/2108/1567
f 1764/2108/1567 1670/2002/1497 2311/2786/2054
f 1670/2005/1497 1672/2006/1499 2311/2787/2054
f 2311/2787/2054 1672/2006/1499 2312/2788/2055
f 1673/2007/1304 1774/2118/1575 1672/2006/1499
f 1672/2006/1499 1774/2118/1575 2312/2788/2055
f 2312/2788/2055 1774/2118/1575 2313/2789/2056
f 2313/2789/2056 1774/2118/1575 1771/2115/1573
f 1770/2114/1572 1779/2123/1578 1771/2115/1573
f 1771/2115/1573 1779/2123/1578 2313/2789/2056
f 1779/2123/1578 1776/2120/1576 2313/2789/2056
f 2313/2789/2056 1776/2120/1576 2314/2790/2057
f 1776/2120/1576 1753/2095/1559 2314/2790/2057
f 2314/2790/2057 1753/2095/1559 1754/2096/1560
f 2314/2790/2057 1754/2096/1560 2310/2791/2053
f 2310/2791/2053 1754/2096/1560 1756/2098/1562
f 2313/2789/2056 2314/2790/2057 2312/2788/2055
f 2312/2788/2055 2314/2790/2057 2311/2787/2054
f 2310/2791/2053 2311/2787/2054 2314/2790/2057
f 1685/2019/1316 1686/2020/1317 2315/2792/2006
f 2315/2792/2006 1686/2020/1317 1786/2130/1416
f 2315/2792/2006 1786/2130/1416 2316/2793/2007
f 2316/2793/2007 1786/2130/1416 1783/2127/1413
f 1783/2127/1413 1782/2126/1580 2316/2793/2007
f 2316/2793/2007 1782/2126/1580 1792/2136/1585
f 2316/2793/2007 1792/2136/1585 2317/2794/2008
f 2317/2794/2008 1792/2136/1585 1789/2133/1582
f 1789/2133/1582 1772/2116/1574 2317/2794/2008
f 2317/2794/2008 1772/2116/1574 1773/2117/1404
f 2317/2794/2008 1773/2117/1404 2318/2795/2058
f 2318/2795/2058 1773/2117/1404 1775/2119/1406
f 1775/2119/1406 1682/2016/1313 2318/2795/2058
f 2318/2795/2058 1682/2016/1313 1683/2017/1314
f 2318/2795/2058 1683/2017/1314 2315/2792/2006
f 2315/2792/2006 1683/2017/1314 1685/2019/1316
f 2315/2792/2006 2316/2793/2007 2318/2795/2058
f 2318/2795/2058 2316/2793/2007 2317/2794/2008
f 1802/2148/1595 1800/2146/1593 2319/2796/2059
f 2319/2796/2059 1800/2146/1593 1798/2143/1591
f 2319/2796/2059 1798/2143/1591 2320/2797/2060
f 2320/2797/2060 1798/2143/1591 1795/2142/1588
f 1795/2139/1588 1701/2035/1511 2320/2798/2060
f 2320/2798/2060 1701/2035/1511 1702/2036/1512
f 2320/2798/2060 1702/2036/1512 2321/2799/2061
f 2321/2799/2061 1702/2036/1512 1704/2038/1514
f 1705/2041/1515 1805/2153/1598 1704/2040/1514
f 1704/2040/1514 1805/2153/1598 2321/2800/2061
f 1805/2151/1598 1802/2148/1595 2321/2801/2061
f 2321/2801/2061 1802/2148/1595 2319/2796/2059
f 2319/2796/2059 2320/2797/2060 2321/2801/2061
f 1814/2162/1607 1812/2160/1605 2322/2802/2062
f 2322/2802/2062 1812/2160/1605 1810/2158/1603
f 2322/2802/2062 1810/2158/1603 2323/2803/2063
f 2323/2803/2063 1810/2158/1603 1807/2155/1600
f 1807/2155/1600 1803/2149/1596 2323/2803/2063
f 2323/2803/2063 1803/2149/1596 1804/2150/1597
f 2323/2803/2063 1804/2150/1597 2324/2804/2064
f 2324/2804/2064 1804/2150/1597 1806/2152/1599
f 1721/2061/1531 1722/2062/1532 1806/2154/1599
f 1806/2154/1599 1722/2062/1532 2324/2805/2064
f 1722/2062/1532 1724/2064/1534 2324/2805/2064
f 2324/2805/2064 1724/2064/1534 2325/2806/2065
f 1724/2064/1534 1725/2065/1535 2325/2806/2065
f 2325/2806/2065 1725/2065/1535 1817/2167/1610
f 2325/2807/2065 1817/2165/1610 2322/2802/2062
f 2322/2802/2062 1817/2165/1610 1814/2162/1607
f 2322/2802/2062 2323/2803/2063 2325/2807/2065
f 2325/2807/2065 2323/2803/2063 2324/2804/2064
f 1826/2176/1619 1824/2174/1617 2326/2808/2066
f 2326/2808/2066 1824/2174/1617 1822/2172/1615
f 2326/2808/2066 1822/2172/1615 2327/2809/2067
f 2327/2809/2067 1822/2172/1615 1819/2169/1612
f 1819/2169/1612 1815/2163/1608 2327/2809/2067
f 2327/2809/2067 1815/2163/1608 1816/2164/1609
f 2327/2809/2067 1816/2164/1609 2328/2810/2068
f 2328/2810/2068 1816/2164/1609 1818/2166/1611
f 1818/2168/1611 1740/2080/1547 2328/2811/2068
f 2328/2811/2068 1740/2080/1547 1739/2079/1546
f 2328/2811/2068 1739/2079/1546 2329/2812/2069
f 2329/2812/2069 1739/2079/1546 1742/2082/1549
f 1743/2083/1550 1829/2181/1622 1742/2082/1549
f 1742/2082/1549 1829/2181/1622 2329/2812/2069
f 2329/2813/2069 1829/2179/1622 2326/2808/2066
f 2326/2808/2066 1829/2179/1622 1826/2176/1619
f 2326/2808/2066 2327/2809/2067 2329/2813/2069
f 2329/2813/2069 2327/2809/2067 2328/2810/2068
f 1838/2190/1628 1836/2188/1627 2330/2814/2070
f 2330/2814/2070 1836/2188/1627 1834/2186/1626
f 2330/2814/2070 1834/2186/1626 2331/2815/2063
f 2331/2815/2063 1834/2186/1626 1831/2183/1624
f 1831/2183/1624 1827/2177/1620 2331/2815/2063
f 2331/2815/2063 1827/2177/1620 1828/2178/1621
f 2331/2815/2063 1828/2178/1621 2332/2816/2065
f 2332/2816/2065 1828/2178/1621 1830/2180/1623
f 1759/2103/1565 1760/2104/1532 1830/2182/1623
f 1830/2182/1623 1760/2104/1532 2332/2817/2065
f 1760/2104/1532 1762/2106/1534 2332/2817/2065
f 2332/2817/2065 1762/2106/1534 2333/2818/2071
f 1762/2106/1534 1763/2107/1535 2333/2818/2071
f 2333/2818/2071 1763/2107/1535 1841/2195/1631
f 2333/2819/2071 1841/2193/1631 2330/2814/2070
f 2330/2814/2070 1841/2193/1631 1838/2190/1628
f 2330/2814/2070 2331/2815/2063 2333/2819/2071
f 2333/2819/2071 2331/2815/2063 2332/2816/2065
f 1850/2204/1636 1848/2202/1634 2334/2820/2072
f 2334/2820/2072 1848/2202/1634 1846/2200/1633
f 2334/2820/2072 1846/2200/1633 2335/2821/2073
f 2335/2821/2073 1846/2200/1633 1843/2197/1612
f 1843/2197/1612 1839/2191/1629 2335/2821/2073
f 2335/2821/2073 1839/2191/1629 1840/2192/1630
f 2335/2821/2073 1840/2192/1630 2336/2822/2074
f 2336/2822/2074 1840/2192/1630 1842/2194/1632
f 1842/2196/1632 1778/2122/1577 2336/2823/2074
f 2336/2823/2074 1778/2122/1577 1777/2121/1546
f 2336/2823/2074 1777/2121/1546 2337/2824/2075
f 2337/2824/2075 1777/2121/1546 1780/2124/1549
f 1781/2125/1579 1853/2209/1639 1780/2124/1549
f 1780/2124/1549 1853/2209/1639 2337/2824/2075
f 2337/2825/2075 1853/2207/1639 2334/2820/2072
f 2334/2820/2072 1853/2207/1639 1850/2204/1636
f 2334/2820/2072 2335/2821/2073 2337/2825/2075
f 2337/2825/2075 2335/2821/2073 2336/2822/2074
f 1793/2137/1586 1794/2138/1587 2338/2826/2076
f 2338/2826/2076 1794/2138/1587 1858/2216/1644
f 1858/2214/1644 1855/2211/1641 2338/2827/2076
f 2338/2827/2076 1855/2211/1641 2339/2828/2077
f 1855/2211/1641 1851/2205/1637 2339/2828/2077
f 2339/2828/2077 1851/2205/1637 1852/2206/1638
f 2339/2828/2077 1852/2206/1638 2340/2829/2078
f 2340/2829/2078 1852/2206/1638 1854/2208/1640
f 1790/2134/1583 1791/2135/1584 1854/2210/1640
f 1854/2210/1640 1791/2135/1584 2340/2830/2078
f 1791/2135/1584 1793/2137/1586 2340/2830/2078
f 2340/2830/2078 1793/2137/1586 2338/2826/2076
f 2338/2827/2076 2339/2828/2077 2340/2829/2078
f 1865/2223/1651 1863/2221/1649 1867/2225/1653
f 1867/2225/1653 1863/2221/1649 2341/2831/2079
f 1863/2221/1649 1861/2219/1647 2341/2831/2079
f 2341/2831/2079 1861/2219/1647 2342/2832/2080
f 1861/2219/1647 1796/2140/1589 2342/2832/2080
f 2342/2832/2080 1796/2140/1589 1797/2141/1590
f 1797/2144/1590 1799/2145/1592 2342/2833/2080
f 2342/2833/2080 1799/2145/1592 2343/2834/2081
f 1799/2145/1592 1801/2147/1594 2343/2834/2081
f 2343/2834/2081 1801/2147/1594 1870/2229/1656
f 2343/2834/2081 1870/2229/1656 2341/2835/2079
f 2341/2835/2079 1870/2229/1656 1867/2228/1653
f 2341/2835/2079 2342/2833/2080 2343/2834/2081
f 1879/2239/1665 1877/2237/1663 2344/2836/2082
f 2344/2836/2082 1877/2237/1663 1875/2235/1661
f 2344/2836/2082 1875/2235/1661 2345/2837/2083
f 2345/2837/2083 1875/2235/1661 1872/2232/1658
f 1868/2226/1654 1869/2227/1655 1872/2232/1658
f 1872/2232/1658 1869/2227/1655 2345/2837/2083
f 2345/2838/2083 1869/2230/1655 2346/2839/2084
f 2346/2839/2084 1869/2230/1655 1871/2231/1657
f 1871/2231/1657 1808/2156/1601 2346/2839/2084
f 2346/2839/2084 1808/2156/1601 1809/2157/1602
f 2346/2839/2084 1809/2157/1602 2347/2840/2085
f 2347/2840/2085 1809/2157/1602 1811/2159/1604
f 1811/2159/1604 1813/2161/1606 2347/2840/2085
f 2347/2840/2085 1813/2161/1606 1882/2243/1668
f 2347/2840/2085 1882/2243/1668 2344/2841/2082
f 2344/2841/2082 1882/2243/1668 1879/2242/1665
f 2344/2841/2082 2345/2838/2083 2347/2840/2085
f 2347/2840/2085 2345/2838/2083 2346/2839/2084
f 1889/2251/1675 1887/2249/1673 1891/2253/1677
f 1891/2253/1677 1887/2249/1673 2348/2842/2086
f 1887/2249/1673 1884/2246/1670 2348/2842/2086
f 2348/2842/2086 1884/2246/1670 2349/2843/2087
f 1884/2246/1670 1880/2240/1666 2349/2843/2087
f 2349/2843/2087 1880/2240/1666 1881/2241/1667
f 2349/2844/2087 1881/2244/1667 2350/2845/2088
f 2350/2845/2088 1881/2244/1667 1883/2245/1669
f 1883/2245/1669 1820/2170/1613 2350/2845/2088
f 2350/2845/2088 1820/2170/1613 1821/2171/1614
f 2350/2845/2088 1821/2171/1614 2351/2846/2089
f 2351/2846/2089 1821/2171/1614 1823/2173/1616
f 1823/2173/1616 1825/2175/1618 2351/2846/2089
f 2351/2846/2089 1825/2175/1618 1894/2257/1680
f 2351/2846/2089 1894/2257/1680 2348/2847/2086
f 2348/2847/2086 1894/2257/1680 1891/2256/1677
f 2348/2847/2086 2349/2844/2087 2351/2846/2089
f 2351/2846/2089 2349/2844/2087 2350/2845/2088
f 1903/2267/1686 1901/2265/1684 2352/2848/2082
f 2352/2848/2082 1901/2265/1684 1899/2263/1661
f 2352/2848/2082 1899/2263/1661 2353/2849/2083
f 2353/2849/2083 1899/2263/1661 1896/2260/1658
f 1892/2254/1678 1893/2255/1679 1896/2260/1658
f 1896/2260/1658 1893/2255/1679 2353/2849/2083
f 2353/2850/2083 1893/2258/1679 2354/2851/2090
f 2354/2851/2090 1893/2258/1679 1895/2259/1681
f 1895/2259/1681 1832/2184/1625 2354/2851/2090
f 2354/2851/2090 1832/2184/1625 1833/2185/1602
f 2354/2851/2090 1833/2185/1602 2355/2852/2091
f 2355/2852/2091 1833/2185/1602 1835/2187/1604
f 1835/2187/1604 1837/2189/1606 2355/2852/2091
f 2355/2852/2091 1837/2189/1606 1906/2271/1688
f 2355/2852/2091 1906/2271/1688 2352/2853/2082
f 2352/2853/2082 1906/2271/1688 1903/2270/1686
f 2352/2853/2082 2353/2850/2083 2355/2852/2091
f 2355/2852/2091 2353/2850/2083 2354/2851/2090
f 1913/2279/1693 1911/2277/1673 1915/2281/1695
f 1915/2281/1695 1911/2277/1673 2356/2854/2086
f 1911/2277/1673 1908/2274/1670 2356/2854/2086
f 2356/2854/2086 1908/2274/1670 2357/2855/2092
f 1908/2274/1670 1904/2268/1687 2357/2855/2092
f 2357/2855/2092 1904/2268/1687 1905/2269/1667
f 2357/2856/2092 1905/2272/1667 2358/2857/2093
f 2358/2857/2093 1905/2272/1667 1907/2273/1689
f 1907/2273/1689 1844/2198/1613 2358/2857/2093
f 2358/2857/2093 1844/2198/1613 1845/2199/1614
f 2358/2857/2093 1845/2199/1614 2359/2858/2094
f 2359/2858/2094 1845/2199/1614 1847/2201/1616
f 1847/2201/1616 1849/2203/1635 2359/2858/2094
f 2359/2858/2094 1849/2203/1635 1918/2285/1698
f 2359/2858/2094 1918/2285/1698 2356/2859/2086
f 2356/2859/2086 1918/2285/1698 1915/2284/1695
f 2356/2859/2086 2357/2856/2092 2359/2858/2094
f 2359/2858/2094 2357/2856/2092 2358/2857/2093
f 1859/2217/1645 1860/2218/1646 2360/2860/2095
f 2360/2860/2095 1860/2218/1646 1923/2292/1703
f 2360/2860/2095 1923/2292/1703 2361/2861/2096
f 2361/2861/2096 1923/2292/1703 1920/2291/1700
f 1916/2282/1696 1917/2283/1697 1920/2288/1700
f 1920/2288/1700 1917/2283/1697 2361/2862/2096
f 1917/2286/1697 1919/2287/1699 2361/2863/2096
f 2361/2863/2096 1919/2287/1699 2362/2864/2097
f 1919/2287/1699 1856/2212/1642 2362/2864/2097
f 2362/2864/2097 1856/2212/1642 1857/2213/1643
f 2362/2864/2097 1857/2213/1643 2360/2865/2095
f 2360/2865/2095 1857/2213/1643 1859/2215/1645
f 2360/2865/2095 2361/2863/2096 2362/2864/2097
f 1931/2301/1711 1688/2022/1319 2363/2866/2098
f 2363/2866/2098 1688/2022/1319 1689/2023/1320
f 2363/2866/2098 1689/2023/1320 2364/2867/2099
f 2364/2867/2099 1689/2023/1320 1691/2025/1322
f 1691/2025/1322 1693/2027/1506 2364/2867/2099
f 2364/2867/2099 1693/2027/1506 1862/2220/1648
f 2364/2867/2099 1862/2220/1648 2365/2868/2100
f 2365/2868/2100 1862/2220/1648 1864/2222/1650
f 1866/2224/1652 1929/2299/1709 1864/2222/1650
f 1864/2222/1650 1929/2299/1709 2365/2868/2100
f 1929/2299/1709 1926/2296/1706 2365/2868/2100
f 2365/2868/2100 1926/2296/1706 2366/2869/2101
f 1926/2296/1706 1925/2295/1705 2366/2869/2101
f 2366/2869/2101 1925/2295/1705 1933/2303/1713
f 2366/2869/2101 1933/2303/1713 2363/2866/2098
f 2363/2866/2098 1933/2303/1713 1931/2301/1711
f 2363/2866/2098 2364/2867/2099 2366/2869/2101
f 2366/2869/2101 2364/2867/2099 2365/2868/2100
f 1708/2044/1518 1709/2045/1519 1941/2313/1721
f 1941/2313/1721 1709/2045/1519 2367/2870/2102
f 1709/2045/1519 1711/2047/1521 2367/2870/2102
f 2367/2870/2102 1711/2047/1521 2368/2871/2103
f 1712/2050/1522 1939/2311/1719 1711/2049/1521
f 1711/2049/1521 1939/2311/1719 2368/2872/2103
f 1939/2309/1719 1936/2306/1716 2368/2873/2103
f 2368/2873/2103 1936/2306/1716 2369/2874/2104
f 1927/2297/1707 1928/2298/1708 1936/2306/1716
f 1936/2306/1716 1928/2298/1708 2369/2874/2104
f 2369/2874/2104 1928/2298/1708 2370/2875/2105
f 2370/2875/2105 1928/2298/1708 1930/2300/1710
f 1874/2234/1660 1873/2233/1659 1930/2300/1710
f 1930/2300/1710 1873/2233/1659 2370/2875/2105
f 1873/2233/1659 1876/2236/1662 2370/2875/2105
f 2370/2875/2105 1876/2236/1662 2371/2876/2106
f 1876/2236/1662 1878/2238/1664 2371/2876/2106
f 2371/2876/2106 1878/2238/1664 1943/2316/1723
f 2371/2876/2106 1943/2316/1723 2367/2877/2102
f 2367/2877/2102 1943/2316/1723 1941/2315/1721
f 2370/2875/2105 2371/2876/2106 2369/2874/2104
f 2369/2874/2104 2371/2876/2106 2368/2873/2103
f 2367/2877/2102 2368/2873/2103 2371/2876/2106
f 1727/2067/1537 1728/2068/1538 1951/2325/1731
f 1951/2325/1731 1728/2068/1538 2372/2878/2107
f 2372/2878/2107 1728/2068/1538 2373/2879/2108
f 2373/2879/2108 1728/2068/1538 1730/2070/1540
f 1731/2071/1362 1942/2314/1722 1730/2070/1540
f 1730/2070/1540 1942/2314/1722 2373/2879/2108
f 1942/2317/1722 1944/2318/1724 2373/2880/2108
f 2373/2880/2108 1944/2318/1724 2374/2881/2109
f 1944/2318/1724 1885/2247/1671 2374/2881/2109
f 2374/2881/2109 1885/2247/1671 1886/2248/1672
f 2374/2881/2109 1886/2248/1672 2375/2882/2110
f 2375/2882/2110 1886/2248/1672 1888/2250/1674
f 1890/2252/1676 1949/2323/1729 1888/2250/1674
f 1888/2250/1674 1949/2323/1729 2375/2882/2110
f 1949/2323/1729 1945/2319/1725 2375/2882/2110
f 2375/2882/2110 1945/2319/1725 2376/2883/2111
f 1947/2321/1727 1953/2328/1733 1945/2319/1725
f 1945/2319/1725 1953/2328/1733 2376/2883/2111
f 2376/2883/2111 1953/2328/1733 2372/2884/2107
f 2372/2884/2107 1953/2328/1733 1951/2327/1731
f 2375/2882/2110 2376/2883/2111 2374/2881/2109
f 2376/2883/2111 2372/2884/2107 2374/2881/2109
f 2372/2884/2107 2373/2880/2108 2374/2881/2109
f 1746/2086/1552 1747/2087/1553 1961/2339/1741
f 1961/2339/1741 1747/2087/1553 2377/2885/2112
f 1747/2087/1553 1749/2089/1555 2377/2885/2112
f 2377/2885/2112 1749/2089/1555 2378/2886/2113
f 1750/2092/1556 1959/2337/1739 1749/2091/1555
f 1749/2091/1555 1959/2337/1739 2378/2887/2113
f 1959/2335/1739 1956/2332/1736 2378/2888/2113
f 2378/2888/2113 1956/2332/1736 2379/2889/2114
f 1948/2322/1728 1946/2320/1726 1956/2332/1736
f 1956/2332/1736 1946/2320/1726 2379/2889/2114
f 2379/2889/2114 1946/2320/1726 2380/2890/2115
f 2380/2890/2115 1946/2320/1726 1950/2324/1730
f 1898/2262/1683 1897/2261/1682 1950/2324/1730
f 1950/2324/1730 1897/2261/1682 2380/2890/2115
f 1897/2261/1682 1900/2264/1662 2380/2890/2115
f 2380/2890/2115 1900/2264/1662 2381/2891/2116
f 1900/2264/1662 1902/2266/1685 2381/2891/2116
f 2381/2891/2116 1902/2266/1685 1963/2342/1743
f 2381/2891/2116 1963/2342/1743 2377/2892/2112
f 2377/2892/2112 1963/2342/1743 1961/2341/1741
f 2380/2890/2115 2381/2891/2116 2379/2889/2114
f 2379/2889/2114 2381/2891/2116 2378/2888/2113
f 2377/2892/2112 2378/2888/2113 2381/2891/2116
f 1765/2109/1568 1766/2110/1569 1971/2351/1751
f 1971/2351/1751 1766/2110/1569 2382/2893/2117
f 2382/2893/2117 1766/2110/1569 2383/2894/2118
f 2383/2894/2118 1766/2110/1569 1768/2112/1571
f 1769/2113/1400 1962/2340/1742 1768/2112/1571
f 1768/2112/1571 1962/2340/1742 2383/2894/2118
f 1962/2343/1742 1964/2344/1744 2383/2895/2118
f 2383/2895/2118 1964/2344/1744 2384/2896/2119
f 1964/2344/1744 1909/2275/1690 2384/2896/2119
f 2384/2896/2119 1909/2275/1690 1910/2276/1691
f 2384/2896/2119 1910/2276/1691 2385/2897/2120
f 2385/2897/2120 1910/2276/1691 1912/2278/1692
f 1914/2280/1694 1969/2349/1749 1912/2278/1692
f 1912/2278/1692 1969/2349/1749 2385/2897/2120
f 1969/2349/1749 1965/2345/1745 2385/2897/2120
f 2385/2897/2120 1965/2345/1745 2386/2898/2121
f 1967/2347/1747 1973/2354/1753 1965/2345/1745
f 1965/2345/1745 1973/2354/1753 2386/2898/2121
f 2386/2898/2121 1973/2354/1753 2382/2899/2117
f 2382/2899/2117 1973/2354/1753 1971/2353/1751
f 2385/2897/2120 2386/2898/2121 2384/2896/2119
f 2386/2898/2121 2382/2899/2117 2384/2896/2119
f 2382/2899/2117 2383/2895/2118 2384/2896/2119
f 1924/2294/1704 1784/2128/1581 2387/2900/2122
f 2387/2900/2122 1784/2128/1581 1785/2129/1415
f 2387/2900/2122 1785/2129/1415 2388/2901/2123
f 2388/2901/2123 1785/2129/1415 1787/2131/1417
f 1787/2131/1417 1788/2132/1418 2388/2901/2123
f 2388/2901/2123 1788/2132/1418 1979/2362/1759
f 2388/2901/2123 1979/2362/1759 2389/2902/2124
f 2389/2902/2124 1979/2362/1759 1976/2361/1756
f 1976/2358/1756 1968/2348/1748 2389/2903/2124
f 2389/2903/2124 1968/2348/1748 1966/2346/1746
f 2389/2903/2124 1966/2346/1746 2390/2904/2125
f 2390/2904/2125 1966/2346/1746 1970/2350/1750
f 1970/2350/1750 1921/2289/1701 2390/2904/2125
f 2390/2904/2125 1921/2289/1701 1922/2290/1702
f 2390/2905/2125 1922/2293/1702 2387/2900/2122
f 2387/2900/2122 1922/2293/1702 1924/2294/1704
f 2387/2900/2122 2388/2901/2123 2390/2905/2125
f 2390/2905/2125 2388/2901/2123 2389/2902/2124
f 1987/2371/1767 1580/1900/1425 2391/2906/2126
f 2391/2906/2126 1580/1900/1425 1581/1901/1212
f 2391/2906/2126 1581/1901/1212 2392/2907/2127
f 2392/2907/2127 1581/1901/1212 1583/1903/1426
f 1583/1903/1426 1585/1905/1216 2392/2907/2127
f 2392/2907/2127 1585/1905/1216 1932/2302/1712
f 2392/2907/2127 1932/2302/1712 2393/2908/2128
f 2393/2908/2128 1932/2302/1712 1934/2304/1714
f 1934/2304/1714 1935/2305/1715 2393/2908/2128
f 2393/2908/2128 1935/2305/1715 1985/2369/1765
f 2393/2908/2128 1985/2369/1765 2394/2909/2129
f 2394/2909/2129 1985/2369/1765 1981/2365/1761
f 1983/2367/1763 1989/2373/1769 1981/2365/1761
f 1981/2365/1761 1989/2373/1769 2394/2909/2129
f 2394/2909/2129 1989/2373/1769 2391/2906/2126
f 2391/2906/2126 1989/2373/1769 1987/2371/1767
f 2391/2906/2126 2392/2907/2127 2394/2909/2129
f 2394/2909/2129 2392/2907/2127 2393/2908/2128
f 1600/1922/1431 1601/1923/1432 1940/2312/1720
f 1940/2312/1720 1601/1923/1432 2395/2910/2130
f 2395/2910/2130 1601/1923/1432 2396/2911/2131
f 2396/2911/2131 1601/1923/1432 1603/1925/1434
f 1605/1927/1436 1996/2382/1776 1603/1925/1434
f 1603/1925/1434 1996/2382/1776 2396/2911/2131
f 1996/2380/1776 1993/2377/1773 2396/2912/2131
f 2396/2912/2131 1993/2377/1773 2397/2913/2132
f 1993/2377/1773 1992/2376/1772 2397/2913/2132
f 2397/2913/2132 1992/2376/1772 2001/2387/1781
f 2397/2913/2132 2001/2387/1781 2398/2914/2133
f 2398/2914/2133 2001/2387/1781 1998/2384/1778
f 1984/2368/1764 1982/2366/1762 1998/2384/1778
f 1998/2384/1778 1982/2366/1762 2398/2914/2133
f 1982/2366/1762 1986/2370/1766 2398/2914/2133
f 2398/2914/2133 1986/2370/1766 2399/2915/2134
f 1937/2307/1717 1938/2308/1718 1986/2370/1766
f 1986/2370/1766 1938/2308/1718 2399/2915/2134
f 2399/2915/2134 1938/2308/1718 2395/2916/2130
f 2395/2916/2130 1938/2308/1718 1940/2310/1720
f 2398/2914/2133 2399/2915/2134 2397/2913/2132
f 2399/2915/2134 2395/2916/2130 2397/2913/2132
f 2395/2916/2130 2396/2912/2131 2397/2913/2132
f 1618/1944/1449 1619/1945/1450 1997/2383/1777
f 1997/2383/1777 1619/1945/1450 2400/2917/2135
f 1619/1945/1450 1621/1947/1452 2400/2917/2135
f 2400/2917/2135 1621/1947/1452 2401/2918/2136
f 1623/1949/1454 1952/2326/1732 1621/1947/1452
f 1621/1947/1452 1952/2326/1732 2401/2918/2136
f 1952/2329/1732 1954/2330/1734 2401/2919/2136
f 2401/2919/2136 1954/2330/1734 2402/2920/2137
f 1955/2331/1735 2008/2394/1788 1954/2330/1734
f 1954/2330/1734 2008/2394/1788 2402/2920/2137
f 2402/2920/2137 2008/2394/1788 2403/2921/2138
f 2403/2921/2138 2008/2394/1788 2004/2390/1784
f 2006/2392/1786 2013/2399/1793 2004/2390/1784
f 2004/2390/1784 2013/2399/1793 2403/2921/2138
f 2013/2399/1793 2010/2396/1790 2403/2921/2138
f 2403/2921/2138 2010/2396/1790 2404/2922/2139
f 2010/2396/1790 1994/2378/1774 2404/2922/2139
f 2404/2922/2139 1994/2378/1774 1995/2379/1775
f 2404/2922/2139 1995/2379/1775 2400/2923/2135
f 2400/2923/2135 1995/2379/1775 1997/2381/1777
f 2403/2921/2138 2404/2922/2139 2402/2920/2137
f 2402/2920/2137 2404/2922/2139 2401/2919/2136
f 2400/2923/2135 2401/2919/2136 2404/2922/2139
f 1638/1966/1468 1639/1967/1469 1960/2338/1740
f 1960/2338/1740 1639/1967/1469 2405/2924/2140
f 2405/2924/2140 1639/1967/1469 2406/2925/2141
f 2406/2925/2141 1639/1967/1469 1641/1969/1471
f 1643/1971/1473 2020/2408/1800 1641/1969/1471
f 1641/1969/1471 2020/2408/1800 2406/2925/2141
f 2020/2406/1800 2017/2403/1797 2406/2926/2141
f 2406/2926/2141 2017/2403/1797 2407/2927/2142
f 2017/2403/1797 2016/2402/1796 2407/2927/2142
f 2407/2927/2142 2016/2402/1796 2025/2413/1781
f 2407/2927/2142 2025/2413/1781 2408/2928/2143
f 2408/2928/2143 2025/2413/1781 2022/2410/1802
f 2007/2393/1787 2005/2391/1785 2022/2410/1802
f 2022/2410/1802 2005/2391/1785 2408/2928/2143
f 2005/2391/1785 2009/2395/1789 2408/2928/2143
f 2408/2928/2143 2009/2395/1789 2409/2929/2144
f 1957/2333/1737 1958/2334/1738 2009/2395/1789
f 2009/2395/1789 1958/2334/1738 2409/2929/2144
f 2409/2929/2144 1958/2334/1738 2405/2930/2140
f 2405/2930/2140 1958/2334/1738 1960/2336/1740
f 2408/2928/2143 2409/2929/2144 2407/2927/2142
f 2409/2929/2144 2405/2930/2140 2407/2927/2142
f 2405/2930/2140 2406/2926/2141 2407/2927/2142
f 1656/1988/1486 1657/1989/1487 2021/2409/1801
f 2021/2409/1801 1657/1989/1487 2410/2931/2145
f 1657/1989/1487 1659/1991/1489 2410/2931/2145
f 2410/2931/2145 1659/1991/1489 2411/2932/2146
f 1661/1993/1491 1972/2352/1752 1659/1991/1489
f 1659/1991/1489 1972/2352/1752 2411/2932/2146
f 1972/2355/1752 1974/2356/1754 2411/2933/2146
f 2411/2933/2146 1974/2356/1754 2412/2934/2147
f 1975/2357/1755 2032/2420/1811 1974/2356/1754
f 1974/2356/1754 2032/2420/1811 2412/2934/2147
f 2412/2934/2147 2032/2420/1811 2413/2935/2148
f 2413/2935/2148 2032/2420/1811 2029/2417/1808
f 2028/2416/1807 2037/2425/1815 2029/2417/1808
f 2029/2417/1808 2037/2425/1815 2413/2935/2148
f 2037/2425/1815 2034/2422/1790 2413/2935/2148
f 2413/2935/2148 2034/2422/1790 2414/2936/2149
f 2034/2422/1790 2018/2404/1798 2414/2936/2149
f 2414/2936/2149 2018/2404/1798 2019/2405/1799
f 2414/2936/2149 2019/2405/1799 2410/2937/2145
f 2410/2937/2145 2019/2405/1799 2021/2407/1801
f 2413/2935/2148 2414/2936/2149 2412/2934/2147
f 2412/2934/2147 2414/2936/2149 2411/2933/2146
f 2410/2937/2145 2411/2933/2146 2414/2936/2149
f 1980/2364/1760 1676/2010/1307 2415/2938/2150
f 2415/2938/2150 1676/2010/1307 1677/2011/1308
f 2415/2938/2150 1677/2011/1308 2416/2939/2151
f 2416/2939/2151 1677/2011/1308 1679/2013/1502
f 1679/2013/1502 1680/2014/1503 2416/2939/2151
f 2416/2939/2151 1680/2014/1503 2043/2432/1821
f 2416/2939/2151 2043/2432/1821 2417/2940/2152
f 2417/2940/2152 2043/2432/1821 2040/2431/1818
f 2040/2428/1818 2030/2418/1809 2417/2941/2152
f 2417/2941/2152 2030/2418/1809 2031/2419/1810
f 2417/2941/2152 2031/2419/1810 2418/2942/2153
f 2418/2942/2153 2031/2419/1810 2033/2421/1812
f 2033/2421/1812 1977/2359/1757 2418/2942/2153
f 2418/2942/2153 1977/2359/1757 1978/2360/1758
f 2418/2943/2153 1978/2363/1758 2415/2938/2150
f 2415/2938/2150 1978/2363/1758 1980/2364/1760
f 2415/2938/2150 2416/2939/2151 2418/2943/2153
f 2418/2943/2153 2416/2939/2151 2417/2940/2152
f 2051/2441/1711 1472/1782/1319 2419/2944/2098
f 2419/2944/2098 1472/1782/1319 1473/1783/1320
f 2419/2944/2098 1473/1783/1320 2420/2945/2154
f 2420/2945/2154 1473/1783/1320 1475/1785/1322
f 1475/1785/1322 1477/1787/1324 2420/2945/2154
f 2420/2945/2154 1477/1787/1324 1988/2372/1768
f 2420/2945/2154 1988/2372/1768 2421/2946/2100
f 2421/2946/2100 1988/2372/1768 1990/2374/1770
f 1991/2375/1771 2049/2439/1709 1990/2374/1770
f 1990/2374/1770 2049/2439/1709 2421/2946/2100
f 2049/2439/1709 2046/2436/1706 2421/2946/2100
f 2421/2946/2100 2046/2436/1706 2422/2947/2155
f 2046/2436/1706 2045/2435/1705 2422/2947/2155
f 2422/2947/2155 2045/2435/1705 2053/2443/1825
f 2422/2947/2155 2053/2443/1825 2419/2944/2098
f 2419/2944/2098 2053/2443/1825 2051/2441/1711
f 2419/2944/2098 2420/2945/2154 2422/2947/2155
f 2422/2947/2155 2420/2945/2154 2421/2946/2100
f 1492/1804/1339 1493/1805/1340 2061/2453/1830
f 2061/2453/1830 1493/1805/1340 2423/2948/2156
f 1493/1805/1340 1495/1807/1342 2423/2948/2156
f 2423/2948/2156 1495/1807/1342 2424/2949/2157
f 1496/1810/1343 2059/2451/1828 1495/1809/1342
f 1495/1809/1342 2059/2451/1828 2424/2950/2157
f 2059/2449/1828 2056/2446/1826 2424/2951/2157
f 2424/2951/2157 2056/2446/1826 2425/2952/2158
f 2047/2437/1707 2048/2438/1823 2056/2446/1826
f 2056/2446/1826 2048/2438/1823 2425/2952/2158
f 2425/2952/2158 2048/2438/1823 2426/2953/2159
f 2426/2953/2159 2048/2438/1823 2050/2440/1824
f 2000/2386/1780 1999/2385/1779 2050/2440/1824
f 2050/2440/1824 1999/2385/1779 2426/2953/2159
f 1999/2385/1779 2002/2388/1782 2426/2953/2159
f 2426/2953/2159 2002/2388/1782 2427/2954/2160
f 2002/2388/1782 2003/2389/1783 2427/2954/2160
f 2427/2954/2160 2003/2389/1783 2063/2456/1832
f 2427/2954/2160 2063/2456/1832 2423/2955/2156
f 2423/2955/2156 2063/2456/1832 2061/2455/1830
f 2426/2953/2159 2427/2954/2160 2425/2952/2158
f 2425/2952/2158 2427/2954/2160 2424/2951/2157
f 2423/2955/2156 2424/2951/2157 2427/2954/2160
f 1511/1827/1358 1512/1828/1359 2071/2465/1839
f 2071/2465/1839 1512/1828/1359 2428/2956/2161
f 2428/2956/2161 1512/1828/1359 2429/2957/2162
f 2429/2957/2162 1512/1828/1359 1514/1830/1361
f 1515/1831/1362 2062/2454/1831 1514/1830/1361
f 1514/1830/1361 2062/2454/1831 2429/2957/2162
f 2062/2457/1831 2064/2458/1833 2429/2958/2162
f 2429/2958/2162 2064/2458/1833 2430/2959/2163
f 2064/2458/1833 2011/2397/1791 2430/2959/2163
f 2430/2959/2163 2011/2397/1791 2012/2398/1792
f 2430/2959/2163 2012/2398/1792 2431/2960/2164
f 2431/2960/2164 2012/2398/1792 2014/2400/1794
f 2015/2401/1795 2069/2463/1729 2014/2400/1794
f 2014/2400/1794 2069/2463/1729 2431/2960/2164
f 2069/2463/1729 2065/2459/1834 2431/2960/2164
f 2431/2960/2164 2065/2459/1834 2432/2961/2165
f 2067/2461/1836 2073/2468/1841 2065/2459/1834
f 2065/2459/1834 2073/2468/1841 2432/2961/2165
f 2432/2961/2165 2073/2468/1841 2428/2962/2161
f 2428/2962/2161 2073/2468/1841 2071/2467/1839
f 2431/2960/2164 2432/2961/2165 2430/2959/2163
f 2432/2961/2165 2428/2962/2161 2430/2959/2163
f 2428/2962/2161 2429/2958/2162 2430/2959/2163
f 1530/1846/1377 1531/1847/1378 2081/2479/1849
f 2081/2479/1849 1531/1847/1378 2433/2963/2166
f 1531/1847/1378 1533/1849/1380 2433/2963/2166
f 2433/2963/2166 1533/1849/1380 2434/2964/2167
f 1534/1852/1381 2079/2477/1847 1533/1851/1380
f 1533/1851/1380 2079/2477/1847 2434/2965/2167
f 2079/2475/1847 2076/2472/1844 2434/2966/2167
f 2434/2966/2167 2076/2472/1844 2435/2967/2168
f 2068/2462/1837 2066/2460/1835 2076/2472/1844
f 2076/2472/1844 2066/2460/1835 2435/2967/2168
f 2435/2967/2168 2066/2460/1835 2436/2968/2169
f 2436/2968/2169 2066/2460/1835 2070/2464/1838
f 2024/2412/1804 2023/2411/1803 2070/2464/1838
f 2070/2464/1838 2023/2411/1803 2436/2968/2169
f 2023/2411/1803 2026/2414/1805 2436/2968/2169
f 2436/2968/2169 2026/2414/1805 2437/2969/2170
f 2026/2414/1805 2027/2415/1806 2437/2969/2170
f 2437/2969/2170 2027/2415/1806 2083/2482/1851
f 2437/2969/2170 2083/2482/1851 2433/2970/2166
f 2433/2970/2166 2083/2482/1851 2081/2481/1849
f 2436/2968/2169 2437/2969/2170 2435/2967/2168
f 2435/2967/2168 2437/2969/2170 2434/2966/2167
f 2433/2970/2166 2434/2966/2167 2437/2969/2170
f 1549/1869/1396 1550/1870/1397 2091/2491/1855
f 2091/2491/1855 1550/1870/1397 2438/2971/2171
f 2438/2971/2171 1550/1870/1397 2439/2972/2172
f 2439/2972/2172 1550/1870/1397 1552/1872/1399
f 1553/1873/1400 2082/2480/1850 1552/1872/1399
f 1552/1872/1399 2082/2480/1850 2439/2972/2172
f 2082/2483/1850 2084/2484/1852 2439/2973/2172
f 2439/2973/2172 2084/2484/1852 2440/2974/2173
f 2084/2484/1852 2035/2423/1813 2440/2974/2173
f 2440/2974/2173 2035/2423/1813 2036/2424/1814
f 2440/2974/2173 2036/2424/1814 2441/2975/2174
f 2441/2975/2174 2036/2424/1814 2038/2426/1816
f 2039/2427/1817 2089/2489/1854 2038/2426/1816
f 2038/2426/1816 2089/2489/1854 2441/2975/2174
f 2089/2489/1854 2085/2485/1745 2441/2975/2174
f 2441/2975/2174 2085/2485/1745 2442/2976/2175
f 2087/2487/1853 2093/2494/1857 2085/2485/1745
f 2085/2485/1745 2093/2494/1857 2442/2976/2175
f 2442/2976/2175 2093/2494/1857 2438/2977/2171
f 2438/2977/2171 2093/2494/1857 2091/2493/1855
f 2441/2975/2174 2442/2976/2175 2440/2974/2173
f 2442/2976/2175 2438/2977/2171 2440/2974/2173
f 2438/2977/2171 2439/2973/2172 2440/2974/2173
f 2044/2434/1822 1568/1888/1414 2443/2978/2176
f 2443/2978/2176 1568/1888/1414 1569/1889/1415
f 2443/2978/2176 1569/1889/1415 2444/2979/2123
f 2444/2979/2123 1569/1889/1415 1571/1891/1417
f 1571/1891/1417 1572/1892/1418 2444/2979/2123
f 2444/2979/2123 1572/1892/1418 2099/2502/1759
f 2444/2979/2123 2099/2502/1759 2445/2980/2177
f 2445/2980/2177 2099/2502/1759 2096/2501/1756
f 2096/2498/1756 2088/2488/1748 2445/2981/2177
f 2445/2981/2177 2088/2488/1748 2086/2486/1746
f 2445/2981/2177 2086/2486/1746 2446/2982/2125
f 2446/2982/2125 2086/2486/1746 2090/2490/1750
f 2090/2490/1750 2041/2429/1819 2446/2982/2125
f 2446/2982/2125 2041/2429/1819 2042/2430/1820
f 2446/2983/2125 2042/2433/1820 2443/2978/2176
f 2443/2978/2176 2042/2433/1820 2044/2434/1822
f 2443/2978/2176 2444/2979/2123 2446/2983/2125
f 2446/2983/2125 2444/2979/2123 2445/2980/2177
f 2107/2511/1863 1364/1660/1211 2447/2984/2178
f 2447/2984/2178 1364/1660/1211 1365/1661/1212
f 2447/2984/2178 1365/1661/1212 2448/2985/2179
f 2448/2985/2179 1365/1661/1212 1367/1663/1214
f 1367/1663/1214 1369/1665/1216 2448/2985/2179
f 2448/2985/2179 1369/1665/1216 2052/2442/1712
f 2448/2985/2179 2052/2442/1712 2449/2986/2180
f 2449/2986/2180 2052/2442/1712 2054/2444/1714
f 2054/2444/1714 2055/2445/1715 2449/2986/2180
f 2449/2986/2180 2055/2445/1715 2105/2509/1765
f 2449/2986/2180 2105/2509/1765 2450/2987/2181
f 2450/2987/2181 2105/2509/1765 2101/2505/1761
f 2103/2507/1860 2109/2513/1865 2101/2505/1761
f 2101/2505/1761 2109/2513/1865 2450/2987/2181
f 2450/2987/2181 2109/2513/1865 2447/2984/2178
f 2447/2984/2178 2109/2513/1865 2107/2511/1863
f 2447/2984/2178 2448/2985/2179 2450/2987/2181
f 2450/2987/2181 2448/2985/2179 2449/2986/2180
f 1384/1682/1231 1385/1683/1232 2060/2452/1829
f 2060/2452/1829 1385/1683/1232 2451/2988/2182
f 2451/2988/2182 1385/1683/1232 2452/2989/2183
f 2452/2989/2183 1385/1683/1232 1387/1685/1234
f 1389/1687/1236 2116/2522/1872 1387/1685/1234
f 1387/1685/1234 2116/2522/1872 2452/2989/2183
f 2116/2520/1872 2113/2517/1869 2452/2990/2183
f 2452/2990/2183 2113/2517/1869 2453/2991/2184
f 2113/2517/1869 2112/2516/1868 2453/2991/2184
f 2453/2991/2184 2112/2516/1868 2121/2527/1877
f 2453/2991/2184 2121/2527/1877 2454/2992/2185
f 2454/2992/2185 2121/2527/1877 2118/2524/1874
f 2104/2508/1861 2102/2506/1859 2118/2524/1874
f 2118/2524/1874 2102/2506/1859 2454/2992/2185
f 2102/2506/1859 2106/2510/1862 2454/2992/2185
f 2454/2992/2185 2106/2510/1862 2455/2993/2186
f 2057/2447/1717 2058/2448/1827 2106/2510/1862
f 2106/2510/1862 2058/2448/1827 2455/2993/2186
f 2455/2993/2186 2058/2448/1827 2451/2994/2182
f 2451/2994/2182 2058/2448/1827 2060/2450/1829
f 2454/2992/2185 2455/2993/2186 2453/2991/2184
f 2455/2993/2186 2451/2994/2182 2453/2991/2184
f 2451/2994/2182 2452/2990/2183 2453/2991/2184
f 1402/1704/1249 1403/1705/1250 2117/2523/1873
f 2117/2523/1873 1403/1705/1250 2456/2995/2187
f 1403/1705/1250 1405/1707/1252 2456/2995/2187
f 2456/2995/2187 1405/1707/1252 2457/2996/2188
f 1407/1709/1254 2072/2466/1840 1405/1707/1252
f 1405/1707/1252 2072/2466/1840 2457/2996/2188
f 2072/2469/1840 2074/2470/1842 2457/2997/2188
f 2457/2997/2188 2074/2470/1842 2458/2998/2189
f 2075/2471/1843 2128/2534/1884 2074/2470/1842
f 2074/2470/1842 2128/2534/1884 2458/2998/2189
f 2458/2998/2189 2128/2534/1884 2459/2999/2190
f 2459/2999/2190 2128/2534/1884 2124/2530/1880
f 2126/2532/1882 2133/2539/1888 2124/2530/1880
f 2124/2530/1880 2133/2539/1888 2459/2999/2190
f 2133/2539/1888 2130/2536/1885 2459/2999/2190
f 2459/2999/2190 2130/2536/1885 2460/3000/2191
f 2130/2536/1885 2114/2518/1870 2460/3000/2191
f 2460/3000/2191 2114/2518/1870 2115/2519/1871
f 2460/3000/2191 2115/2519/1871 2456/3001/2187
f 2456/3001/2187 2115/2519/1871 2117/2521/1873
f 2459/2999/2190 2460/3000/2191 2458/2998/2189
f 2458/2998/2189 2460/3000/2191 2457/2997/2188
f 2456/3001/2187 2457/2997/2188 2460/3000/2191
f 1422/1726/1269 1423/1727/1270 2080/2478/1848
f 2080/2478/1848 1423/1727/1270 2461/3002/2192
f 2461/3002/2192 1423/1727/1270 2462/3003/2193
f 2462/3003/2193 1423/1727/1270 1425/1729/1272
f 1427/1731/1274 2140/2548/1895 1425/1729/1272
f 1425/1729/1272 2140/2548/1895 2462/3003/2193
f 2140/2546/1895 2137/2543/1892 2462/3004/2193
f 2462/3004/2193 2137/2543/1892 2463/3005/2194
f 2137/2543/1892 2136/2542/1891 2463/3005/2194
f 2463/3005/2194 2136/2542/1891 2145/2553/1899
f 2463/3005/2194 2145/2553/1899 2464/3006/2195
f 2464/3006/2195 2145/2553/1899 2142/2550/1897
f 2127/2533/1883 2125/2531/1881 2142/2550/1897
f 2142/2550/1897 2125/2531/1881 2464/3006/2195
f 2125/2531/1881 2129/2535/1789 2464/3006/2195
f 2464/3006/2195 2129/2535/1789 2465/3007/2196
f 2077/2473/1845 2078/2474/1846 2129/2535/1789
f 2129/2535/1789 2078/2474/1846 2465/3007/2196
f 2465/3007/2196 2078/2474/1846 2461/3008/2192
f 2461/3008/2192 2078/2474/1846 2080/2476/1848
f 2464/3006/2195 2465/3007/2196 2463/3005/2194
f 2465/3007/2196 2461/3008/2192 2463/3005/2194
f 2461/3008/2192 2462/3004/2193 2463/3005/2194
f 1440/1748/1287 1441/1749/1288 2141/2549/1896
f 2141/2549/1896 1441/1749/1288 2466/3009/2197
f 1441/1749/1288 1443/1751/1290 2466/3009/2197
f 2466/3009/2197 1443/1751/1290 2467/3010/2198
f 1445/1753/1292 2092/2492/1856 1443/1751/1290
f 1443/1751/1290 2092/2492/1856 2467/3010/2198
f 2092/2495/1856 2094/2496/1858 2467/3011/2198
f 2467/3011/2198 2094/2496/1858 2468/3012/2199
f 2095/2497/1755 2152/2560/1905 2094/2496/1858
f 2094/2496/1858 2152/2560/1905 2468/3012/2199
f 2468/3012/2199 2152/2560/1905 2469/3013/2200
f 2469/3013/2200 2152/2560/1905 2149/2557/1902
f 2148/2556/1901 2157/2565/1907 2149/2557/1902
f 2149/2557/1902 2157/2565/1907 2469/3013/2200
f 2157/2565/1907 2154/2562/1885 2469/3013/2200
f 2469/3013/2200 2154/2562/1885 2470/3014/2201
f 2154/2562/1885 2138/2544/1893 2470/3014/2201
f 2470/3014/2201 2138/2544/1893 2139/2545/1894
f 2470/3014/2201 2139/2545/1894 2466/3015/2197
f 2466/3015/2197 2139/2545/1894 2141/2547/1896
f 2469/3013/2200 2470/3014/2201 2468/3012/2199
f 2468/3012/2199 2470/3014/2201 2467/3011/2198
f 2466/3015/2197 2467/3011/2198 2470/3014/2201
f 2100/2504/1760 1460/1770/1307 2471/3016/2150
f 2471/3016/2150 1460/1770/1307 1461/1771/1308
f 2471/3016/2150 1461/1771/1308 2472/3017/2202
f 2472/3017/2202 1461/1771/1308 1463/1773/1310
f 1463/1773/1310 1464/1774/1311 2472/3017/2202
f 2472/3017/2202 1464/1774/1311 2163/2572/1912
f 2472/3017/2202 2163/2572/1912 2473/3018/2203
f 2473/3018/2203 2163/2572/1912 2160/2571/1909
f 2160/2568/1909 2150/2558/1903 2473/3019/2203
f 2473/3019/2203 2150/2558/1903 2151/2559/1904
f 2473/3019/2203 2151/2559/1904 2474/3020/2204
f 2474/3020/2204 2151/2559/1904 2153/2561/1812
f 2153/2561/1812 2097/2499/1757 2474/3020/2204
f 2474/3020/2204 2097/2499/1757 2098/2500/1758
f 2474/3021/2204 2098/2503/1758 2471/3016/2150
f 2471/3016/2150 2098/2503/1758 2100/2504/1760
f 2471/3016/2150 2472/3017/2202 2474/3021/2204
f 2474/3021/2204 2472/3017/2202 2473/3018/2203
f 2165/2575/1914 1251/1531/1116 2475/3022/2205
f 2475/3022/2205 1251/1531/1116 1252/1532/1117
f 2475/3022/2205 1252/1532/1117 2476/3023/2206
f 2476/3023/2206 1252/1532/1117 1254/1534/1119
f 1254/1537/1119 1256/1538/1121 2476/3024/2206
f 2476/3024/2206 1256/1538/1121 2108/2512/1864
f 2476/3024/2206 2108/2512/1864 2477/3025/2207
f 2477/3025/2207 2108/2512/1864 2110/2514/1866
f 2111/2515/1867 2167/2579/1916 2110/2514/1866
f 2110/2514/1866 2167/2579/1916 2477/3025/2207
f 2167/2577/1916 2165/2575/1914 2477/3026/2207
f 2477/3026/2207 2165/2575/1914 2475/3022/2205
f 2475/3022/2205 2476/3023/2206 2477/3026/2207
f 2169/2581/1918 1272/1558/1137 2478/3027/2208
f 2478/3027/2208 1272/1558/1137 1273/1559/1138
f 2478/3027/2208 1273/1559/1138 2479/3028/2209
f 2479/3028/2209 1273/1559/1138 1275/1561/1140
f 1275/1561/1140 1276/1562/1141 2479/3028/2209
f 2479/3028/2209 1276/1562/1141 2166/2576/1915
f 2479/3028/2209 2166/2576/1915 2480/3029/2210
f 2480/3029/2210 2166/2576/1915 2168/2578/1917
f 2119/2525/1875 2120/2526/1876 2168/2580/1917
f 2168/2580/1917 2120/2526/1876 2480/3030/2210
f 2120/2526/1876 2122/2528/1878 2480/3030/2210
f 2480/3030/2210 2122/2528/1878 2481/3031/2211
f 2122/2528/1878 2123/2529/1879 2481/3031/2211
f 2481/3031/2211 2123/2529/1879 2171/2585/1920
f 2481/3032/2211 2171/2583/1920 2478/3027/2208
f 2478/3027/2208 2171/2583/1920 2169/2581/1918
f 2478/3027/2208 2479/3028/2209 2481/3032/2211
f 2481/3032/2211 2479/3028/2209 2480/3029/2210
f 2173/2587/1922 1292/1580/1157 2482/3033/2212
f 2482/3033/2212 1292/1580/1157 1293/1581/1158
f 2482/3033/2212 1293/1581/1158 2483/3034/2213
f 2483/3034/2213 1293/1581/1158 1295/1583/1160
f 1295/1583/1160 1296/1584/1161 2483/3034/2213
f 2483/3034/2213 1296/1584/1161 2170/2582/1919
f 2483/3034/2213 2170/2582/1919 2484/3035/2214
f 2484/3035/2214 2170/2582/1919 2172/2584/1921
f 2172/2586/1921 2132/2538/1887 2484/3036/2214
f 2484/3036/2214 2132/2538/1887 2131/2537/1886
f 2484/3036/2214 2131/2537/1886 2485/3037/2215
f 2485/3037/2215 2131/2537/1886 2134/2540/1889
f 2135/2541/1890 2175/2591/1924 2134/2540/1889
f 2134/2540/1889 2175/2591/1924 2485/3037/2215
f 2485/3038/2215 2175/2589/1924 2482/3033/2212
f 2482/3033/2212 2175/2589/1924 2173/2587/1922
f 2482/3033/2212 2483/3034/2213 2485/3038/2215
f 2485/3038/2215 2483/3034/2213 2484/3035/2214
f 2177/2593/1926 1312/1602/1137 2486/3039/2216
f 2486/3039/2216 1312/1602/1137 1313/1603/1138
f 2486/3039/2216 1313/1603/1138 2487/3040/2217
f 2487/3040/2217 1313/1603/1138 1315/1605/1140
f 1315/1605/1140 1316/1606/1157 2487/3040/2217
f 2487/3040/2217 1316/1606/1157 2174/2588/1923
f 2487/3040/2217 2174/2588/1923 2488/3041/2218
f 2488/3041/2218 2174/2588/1923 2176/2590/1925
f 2143/2551/1898 2144/2552/1876 2176/2592/1925
f 2176/2592/1925 2144/2552/1876 2488/3042/2218
f 2144/2552/1876 2146/2554/1878 2488/3042/2218
f 2488/3042/2218 2146/2554/1878 2489/3043/2219
f 2146/2554/1878 2147/2555/1900 2489/3043/2219
f 2489/3043/2219 2147/2555/1900 2179/2597/1928
f 2489/3044/2219 2179/2595/1928 2486/3039/2216
f 2486/3039/2216 2179/2595/1928 2177/2593/1926
f 2486/3039/2216 2487/3040/2217 2489/3044/2219
f 2489/3044/2219 2487/3040/2217 2488/3041/2218
f 2181/2599/1930 1332/1624/1184 2490/3045/2220
f 2490/3045/2220 1332/1624/1184 1333/1625/1185
f 2490/3045/2220 1333/1625/1185 2491/3046/2221
f 2491/3046/2221 1333/1625/1185 1335/1627/1160
f 1335/1627/1160 1336/1628/1161 2491/3046/2221
f 2491/3046/2221 1336/1628/1161 2178/2594/1927
f 2491/3046/2221 2178/2594/1927 2492/3047/2214
f 2492/3047/2214 2178/2594/1927 2180/2596/1929
f 2180/2598/1929 2156/2564/1906 2492/3048/2214
f 2492/3048/2214 2156/2564/1906 2155/2563/1886
f 2492/3048/2214 2155/2563/1886 2493/3049/2222
f 2493/3049/2222 2155/2563/1886 2158/2566/1889
f 2159/2567/1908 2183/2603/1932 2158/2566/1889
f 2158/2566/1889 2183/2603/1932 2493/3049/2222
f 2493/3050/2222 2183/2601/1932 2490/3045/2220
f 2490/3045/2220 2183/2601/1932 2181/2599/1930
f 2490/3045/2220 2491/3046/2221 2493/3050/2222
f 2493/3050/2222 2491/3046/2221 2492/3047/2214
f 2164/2574/1913 1352/1646/1199 2494/3051/2223
f 2494/3051/2223 1352/1646/1199 1353/1647/1200
f 1353/1650/1200 1355/1651/1202 2494/3052/2223
f 2494/3052/2223 1355/1651/1202 2495/3053/2224
f 1355/1651/1202 1356/1652/1203 2495/3053/2224
f 2495/3053/2224 1356/1652/1203 2182/2600/1931
f 2495/3053/2224 2182/2600/1931 2496/3054/2225
f 2496/3054/2225 2182/2600/1931 2184/2602/1933
f 2161/2569/1910 2162/2570/1911 2184/2604/1933
f 2184/2604/1933 2162/2570/1911 2496/3055/2225
f 2162/2573/1911 2164/2574/1913 2496/3056/2225
f 2496/3056/2225 2164/2574/1913 2494/3051/2223
f 2494/3052/2223 2495/3053/2224 2496/3054/2225
s off
g Window_Glass1SG
v 17.6724 6.53074 -0.327193
v 24.528 6.53074 -0.327193
v 17.6724 14.6902 -0.327193
v 24.528 14.6902 -0.327193
vn 0 0 1
vt 0.003334 0.003968
vt 0.836858 0.003968
vt 0.003334 0.996032
vt 0.836858 0.996032
usemtl Glass1SG
f 2497/3057/2226 2498/3058/2226 2499/3059/2226
f 2499/3059/2226 2498/3058/2226 2500/3060/2226
s off
g Window_Glass2SG
v 25.0275 6.53074 0.261479
v 31.8831 6.53074 0.261479
v 25.0275 14.6902 0.261479
v 31.8831 14.6902 0.261479
vn 0 0 1
vt 0.003334 0.003968
vt 0.836858 0.003968
vt 0.003334 0.996032
vt 0.836858 0.996032
usemtl Glass2SG
f 2501/3061/2227 2502/3062/2227 2503/3063/2227
f 2503/3063/2227 2502/3062/2227 2504/3064/2227
s off
g Window_OutFrameSG
v 16.2982 4.98329 0.579374
v 16.2027 5.00888 0.579374
v 16.2982 4.98329 -0.749402
v 16.2027 5.00888 -0.749402
v 16.1328 5.0788 0.579374
v 16.1328 5.0788 -0.749402
v 16.1072 5.17431 0.579374
v 16.1072 5.17431 -0.749402
v 16.2982 5.17431 0.770395
v 16.2982 5.0788 0.744803
v 17.0543 5.17431 0.770395
v 17.0549 5.07881 0.744807
v 16.2982 5.00888 0.674884
v 17.0549 5.00889 0.674888
v 17.0543 4.98329 0.579374
v 16.1328 5.17431 0.674884
v 16.1072 5.81228 0.579374
v 16.1328 5.81276 0.674887
v 16.2027 5.17431 0.744803
v 16.2027 5.81276 0.744806
v 16.2982 5.81227 0.770395
v 17.3245 4.98329 0.579374
v 17.2344 4.98329 0.579374
v 17.3245 4.98329 -0.749402
v 17.2344 4.98329 -0.749402
v 17.1444 4.98329 0.579374
v 17.1444 4.98329 -0.749402
v 17.0543 4.98329 -0.749402
v 17.3245 5.17431 0.770395
v 17.3244 5.0788 0.744803
v 32.2208 5.17431 0.770395
v 32.2205 5.0788 0.744804
v 17.3244 5.00888 0.674884
v 32.2205 5.00888 0.674885
v 32.2208 4.98329 0.579374
v 17.1444 5.17431 0.770395
v 17.138 5.78621 0.770395
v 17.0441 5.80204 0.770395
v 17.2344 5.17431 0.770395
v 17.2318 5.77038 0.770395
v 17.3257 5.75455 0.770395
v 32.4909 4.98329 0.579374
v 32.4009 4.98329 0.579374
v 32.4909 4.98329 -0.749402
v 32.4009 4.98329 -0.749402
v 32.3108 4.98329 0.579374
v 32.3108 4.98329 -0.749402
v 32.2208 4.98329 -0.749402
v 32.4904 5.07881 0.744807
v 33.2471 5.0788 0.744803
v 32.4909 5.17431 0.770395
v 33.2471 5.17431 0.770395
v 32.4904 5.00889 0.674888
v 33.2471 5.00888 0.674884
v 33.2471 4.98329 0.579374
v 32.3108 5.17431 0.770395
v 32.2253 5.76267 0.770395
v 32.3172 5.77579 0.770395
v 32.4009 5.17431 0.770395
v 32.4092 5.78892 0.770395
v 32.5012 5.80204 0.770395
v 33.4381 5.17431 0.579374
v 33.4125 5.0788 0.579374
v 33.4381 5.17431 -0.749402
v 33.4125 5.0788 -0.749402
v 33.3426 5.00888 0.579374
v 33.3426 5.00888 -0.749402
v 33.2471 4.98329 -0.749402
v 33.3426 5.17431 0.744803
v 33.2471 5.81227 0.770395
v 33.3426 5.81276 0.744806
v 33.4125 5.17431 0.674884
v 33.4125 5.81276 0.674887
v 33.4381 5.81228 0.579374
v 16.1072 5.90232 0.579374
v 16.1072 5.81228 -0.749402
v 16.1072 5.90232 -0.749402
v 16.1072 5.99237 0.579374
v 16.1072 5.99237 -0.749402
v 16.1072 6.08242 0.579374
v 16.1072 6.08242 -0.749402
v 16.2982 6.08242 0.770395
v 16.2982 5.99237 0.770395
v 17.0047 6.07793 0.770395
v 17.0178 5.98596 0.770395
v 16.2982 5.90232 0.770395
v 17.031 5.894 0.770395
v 16.1328 6.08264 0.674885
v 16.1072 15.1478 0.579374
v 16.1328 15.1479 0.674884
v 16.2027 6.08264 0.744803
v 16.2027 15.1479 0.744803
v 16.2982 15.1478 0.770395
v 17.1894 6.13128 0.586459
v 17.214 6.03931 0.586459
v 17.1894 6.13128 -0.756487
v 17.214 6.03931 -0.756487
v 17.2814 5.97198 0.586459
v 17.2814 5.97198 -0.756487
v 17.3733 5.94734 0.586459
v 17.3733 5.94734 -0.756487
v 17.0981 6.0946 0.747092
v 16.9966 15.1466 0.770395
v 17.0938 15.1312 0.746765
v 17.1659 6.11418 0.679588
v 17.1645 15.1138 0.679306
v 17.1894 15.0989 0.586459
v 17.3585 5.92248 0.679304
v 32.1719 5.94734 0.586459
v 32.1891 5.92387 0.679598
v 17.3411 5.85179 0.746762
v 32.2086 5.8561 0.747103
v 32.2639 5.97198 0.586459
v 32.1719 5.94734 -0.756487
v 32.2639 5.97198 -0.756487
v 32.3312 6.03931 0.586459
v 32.3312 6.03931 -0.756487
v 32.3559 6.13128 0.586459
v 32.3559 6.13128 -0.756487
v 32.5328 5.98979 0.770395
v 33.2471 5.99237 0.770395
v 32.5487 6.08367 0.770395
v 33.2471 6.08242 0.770395
v 32.517 5.89592 0.770395
v 33.2471 5.90232 0.770395
v 32.3807 6.11647 0.679306
v 32.3559 15.0989 0.586459
v 32.3793 15.116 0.679588
v 32.4514 6.09901 0.746765
v 32.4471 15.1356 0.747092
v 32.5405 15.1523 0.770395
v 33.4381 6.08242 0.579374
v 33.4381 5.99237 0.579374
v 33.4381 6.08242 -0.749402
v 33.4381 5.99237 -0.749402
v 33.4381 5.90232 0.579374
v 33.4381 5.90232 -0.749402
v 33.4381 5.81228 -0.749402
v 33.3426 6.08236 0.744803
v 33.2471 15.1478 0.770395
v 33.3426 15.1476 0.744803
v 33.4125 6.08236 0.674884
v 33.4125 15.1476 0.674885
v 33.4381 15.1478 0.579374
v 16.1072 15.2378 0.579374
v 16.1072 15.1478 -0.749402
v 16.1072 15.2378 -0.749402
v 16.1072 15.3279 0.579374
v 16.1072 15.3279 -0.749402
v 16.1072 15.4179 0.579374
v 16.1072 15.4179 -0.749402
v 16.2982 15.3279 0.770395
v 17.0283 15.3343 0.770395
v 16.2982 15.4179 0.770395
v 17.0441 15.4282 0.770395
v 16.2982 15.2378 0.770395
v 17.0124 15.2404 0.770395
v 16.1328 15.4175 0.674887
v 16.1072 16.0559 0.579374
v 16.1328 16.0559 0.674884
v 16.2027 15.4175 0.744806
v 16.2027 16.0559 0.744803
v 16.2982 16.0559 0.770395
v 17.3733 15.2829 0.586459
v 17.2814 15.2582 0.586459
v 17.3733 15.2829 -0.756487
v 17.2814 15.2582 -0.756487
v 17.214 15.1909 0.586459
v 17.214 15.1909 -0.756487
v 17.1894 15.0989 -0.756487
v 17.32 15.4675 0.770395
v 17.3366 15.3741 0.747103
v 32.2195 15.4757 0.770395
v 32.2042 15.3784 0.746762
v 17.3562 15.3063 0.679598
v 32.1867 15.3077 0.679304
v 32.1719 15.2829 0.586459
v 17.136 15.4413 0.770395
v 17.0543 16.0559 0.770395
v 17.1444 16.0559 0.770395
v 17.228 15.4544 0.770395
v 17.2344 16.0559 0.770395
v 17.3245 16.0559 0.770395
v 32.3312 15.1909 0.586459
v 32.3559 15.0989 -0.756487
v 32.3312 15.1909 -0.756487
v 32.2639 15.2582 0.586459
v 32.2639 15.2582 -0.756487
v 32.1719 15.2829 -0.756487
v 32.5012 15.4282 0.770395
v 32.5143 15.3362 0.770395
v 33.2471 15.4179 0.770395
v 33.2471 15.3279 0.770395
v 32.5274 15.2443 0.770395
v 33.2471 15.2378 0.770395
v 32.3134 15.4598 0.770395
v 32.3108 16.0559 0.770395
v 32.2208 16.0559 0.770395
v 32.4073 15.444 0.770395
v 32.4009 16.0559 0.770395
v 32.4909 16.0559 0.770395
v 33.4381 15.4179 0.579374
v 33.4381 15.3279 0.579374
v 33.4381 15.4179 -0.749402
v 33.4381 15.3279 -0.749402
v 33.4381 15.2378 0.579374
v 33.4381 15.2378 -0.749402
v 33.4381 15.1478 -0.749402
v 33.3426 15.4175 0.744806
v 33.3426 16.0559 0.744803
v 33.2471 16.0559 0.770395
v 33.4125 15.4175 0.674887
v 33.4125 16.0559 0.674884
v 33.4381 16.0559 0.579374
v 16.1328 16.1514 0.579374
v 16.1072 16.0559 -0.749402
v 16.1328 16.1514 -0.749402
v 16.2027 16.2213 0.579374
v 16.2027 16.2213 -0.749402
v 16.2982 16.2469 0.579374
v 16.2982 16.2469 -0.749402
v 16.2982 16.2213 0.674884
v 17.0543 16.2469 0.579374
v 17.0549 16.2213 0.674888
v 16.2982 16.1514 0.744803
v 17.0549 16.1514 0.744807
v 17.1444 16.2469 0.579374
v 17.0543 16.2469 -0.749402
v 17.1444 16.2469 -0.749402
v 17.2344 16.2469 0.579374
v 17.2344 16.2469 -0.749402
v 17.3245 16.2469 0.579374
v 17.3245 16.2469 -0.749402
v 17.3247 16.2213 0.674885
v 32.2208 16.2469 0.579374
v 32.2209 16.2213 0.674884
v 17.3247 16.1514 0.744804
v 32.2209 16.1514 0.744803
v 32.3108 16.2469 0.579374
v 32.2208 16.2469 -0.749402
v 32.3108 16.2469 -0.749402
v 32.4009 16.2469 0.579374
v 32.4009 16.2469 -0.749402
v 32.4909 16.2469 0.579374
v 32.4909 16.2469 -0.749402
v 32.4904 16.2213 0.674888
v 33.2471 16.2469 0.579374
v 33.2471 16.2213 0.674884
v 32.4904 16.1514 0.744807
v 33.2471 16.1514 0.744803
v 33.3426 16.2213 0.579374
v 33.2471 16.2469 -0.749402
v 33.3426 16.2213 -0.749402
v 33.4125 16.1514 0.579374
v 33.4125 16.1514 -0.749402
v 33.4381 16.0559 -0.749402
v 16.1328 16.0559 -0.844912
v 16.1328 15.4175 -0.844915
v 16.2027 16.0559 -0.91483
v 16.2027 15.4175 -0.914833
v 16.2982 16.0559 -0.940422
v 16.2982 15.4179 -0.940422
v 16.2982 16.1514 -0.91483
v 17.0543 16.0559 -0.940422
v 17.0549 16.1514 -0.914835
v 16.2982 16.2213 -0.844912
v 17.0549 16.2213 -0.844916
v 17.1444 16.0559 -0.940422
v 17.138 15.444 -0.940423
v 17.0441 15.4282 -0.940423
v 17.2344 16.0559 -0.940422
v 17.2318 15.4598 -0.940423
v 17.3245 16.0559 -0.940422
v 17.3257 15.4757 -0.940423
v 17.3244 16.1514 -0.914831
v 32.2208 16.0559 -0.940422
v 32.2205 16.1514 -0.914831
v 17.3244 16.2213 -0.844912
v 32.2205 16.2213 -0.844913
v 32.3108 16.0559 -0.940422
v 32.2253 15.4675 -0.940423
v 32.3172 15.4544 -0.940423
v 32.4009 16.0559 -0.940422
v 32.4092 15.4413 -0.940423
v 32.4909 16.0559 -0.940422
v 32.5012 15.4282 -0.940423
v 32.4904 16.1514 -0.914835
v 33.2471 16.1514 -0.91483
v 33.2471 16.0559 -0.940422
v 32.4904 16.2213 -0.844916
v 33.2471 16.2213 -0.844912
v 33.3426 16.0559 -0.91483
v 33.2471 15.4179 -0.940422
v 33.3426 15.4175 -0.914833
v 33.4125 16.0559 -0.844912
v 33.4125 15.4175 -0.844915
v 16.2982 15.1478 -0.940422
v 16.2982 15.2378 -0.940422
v 17.0047 15.1523 -0.940423
v 17.0178 15.2443 -0.940423
v 16.2982 15.3279 -0.940422
v 17.031 15.3362 -0.940423
v 16.1328 15.1476 -0.844912
v 16.1328 6.08236 -0.844912
v 16.2027 15.1476 -0.914831
v 16.2027 6.08236 -0.914831
v 16.2982 6.08242 -0.940422
v 17.0981 15.1356 -0.917119
v 16.9966 6.08367 -0.940423
v 17.0938 6.09901 -0.916792
v 17.1659 15.116 -0.849616
v 17.1645 6.11647 -0.849334
v 17.3585 15.3077 -0.849331
v 32.1891 15.3063 -0.849626
v 17.3411 15.3784 -0.916789
v 32.2086 15.3741 -0.917131
v 32.5328 15.2404 -0.940423
v 33.2471 15.2378 -0.940422
v 32.5487 15.1466 -0.940423
v 33.2471 15.1478 -0.940422
v 32.517 15.3343 -0.940423
v 33.2471 15.3279 -0.940422
v 32.3807 15.1138 -0.849334
v 32.3793 6.11418 -0.849616
v 32.4514 15.1312 -0.916792
v 32.4471 6.0946 -0.917119
v 32.5405 6.07793 -0.940423
v 33.3426 15.1479 -0.914831
v 33.2471 6.08242 -0.940422
v 33.3426 6.08264 -0.914831
v 33.4125 15.1479 -0.844912
v 33.4125 6.08264 -0.844912
v 16.2982 5.90232 -0.940422
v 17.0283 5.89592 -0.940423
v 16.2982 5.81227 -0.940422
v 17.0441 5.80204 -0.940423
v 16.2982 5.99237 -0.940422
v 17.0124 5.98979 -0.940423
v 16.1328 5.81276 -0.844915
v 16.1328 5.17431 -0.844912
v 16.2027 5.81276 -0.914833
v 16.2027 5.17431 -0.91483
v 16.2982 5.17431 -0.940422
v 17.32 5.76267 -0.940423
v 17.3366 5.8561 -0.917131
v 32.2195 5.75455 -0.940423
v 32.2042 5.85179 -0.916789
v 17.3562 5.92387 -0.849626
v 32.1867 5.92248 -0.849331
v 17.136 5.78892 -0.940423
v 17.0543 5.17431 -0.940422
v 17.1444 5.17431 -0.940422
v 17.228 5.77579 -0.940423
v 17.2344 5.17431 -0.940422
v 17.3245 5.17431 -0.940422
v 32.5012 5.80204 -0.940423
v 32.5143 5.894 -0.940423
v 33.2471 5.81227 -0.940422
v 33.2471 5.90232 -0.940422
v 32.5274 5.98596 -0.940423
v 33.2471 5.99237 -0.940422
v 32.3134 5.77038 -0.940423
v 32.3108 5.17431 -0.940422
v 32.2208 5.17431 -0.940422
v 32.4073 5.78621 -0.940423
v 32.4009 5.17431 -0.940422
v 32.4909 5.17431 -0.940422
v 33.3426 5.81276 -0.914833
v 33.3426 5.17431 -0.91483
v 33.2471 5.17431 -0.940422
v 33.4125 5.81276 -0.844915
v 33.4125 5.17431 -0.844912
v 16.2982 5.00888 -0.844912
v 17.0549 5.00889 -0.844916
v 16.2982 5.0788 -0.91483
v 17.0549 5.07881 -0.914835
v 17.3247 5.00888 -0.844913
v 32.2209 5.00888 -0.844912
v 17.3247 5.0788 -0.914831
v 32.2209 5.0788 -0.914831
v 32.4904 5.00889 -0.844916
v 33.2471 5.00888 -0.844912
v 32.4904 5.07881 -0.914835
v 33.2471 5.0788 -0.91483
v 16.1471 5.09177 0.661911
v 16.2157 5.02325 0.661911
v 16.2157 5.09177 0.730438
v 17.1447 5.00889 0.674886
v 17.2346 5.00888 0.674885
v 17.2346 5.0788 0.744803
v 17.1447 5.0788 0.744805
v 32.3105 5.00888 0.674886
v 32.4004 5.00889 0.674887
v 32.4004 5.07881 0.744806
v 32.3105 5.0788 0.744805
v 33.3296 5.02325 0.661911
v 33.3981 5.09177 0.661911
v 33.3296 5.09177 0.730438
v 16.1328 5.99268 0.674885
v 16.1328 5.90272 0.674886
v 16.2027 5.90272 0.744805
v 16.2027 5.99268 0.744804
v 17.2523 5.94685 0.687535
v 17.1903 6.00842 0.687683
v 17.126 5.98938 0.747619
v 17.1381 5.89295 0.759133
v 17.2346 5.88102 0.747399
v 32.3564 6.01025 0.687533
v 32.2948 5.94827 0.687696
v 32.3139 5.8839 0.747633
v 32.4103 5.89607 0.759136
v 32.4222 5.99258 0.747395
v 33.4125 5.90263 0.674886
v 33.4125 5.99249 0.674885
v 33.3426 5.99249 0.744803
v 33.3426 5.90263 0.744804
v 16.1328 15.3276 0.674886
v 16.1328 15.2377 0.674885
v 16.2027 15.2377 0.744803
v 16.2027 15.3276 0.744804
v 17.1889 15.22 0.687533
v 17.2504 15.2819 0.687696
v 17.2314 15.3463 0.747633
v 17.135 15.3341 0.759136
v 17.1231 15.2376 0.747396
v 32.293 15.2834 0.687535
v 32.3549 15.2218 0.687683
v 32.4193 15.2408 0.747619
v 32.4071 15.3373 0.759133
v 32.3106 15.3492 0.747399
v 33.4125 15.2375 0.674885
v 33.4125 15.3275 0.674886
v 33.3426 15.3275 0.744805
v 33.3426 15.2375 0.744804
v 16.2157 16.207 0.661911
v 16.1471 16.1384 0.661911
v 16.2157 16.1384 0.730438
v 17.2348 16.2213 0.674886
v 17.1448 16.2213 0.674887
v 17.1448 16.1514 0.744806
v 17.2348 16.1514 0.744805
v 32.4005 16.2213 0.674886
v 32.3107 16.2213 0.674885
v 32.3107 16.1514 0.744803
v 32.4005 16.1514 0.744805
v 33.3981 16.1384 0.661911
v 33.3296 16.207 0.661911
v 33.3296 16.1384 0.730438
v 16.2157 16.1384 -0.900465
v 16.1471 16.1384 -0.831939
v 16.2157 16.207 -0.831939
v 17.2346 16.1514 -0.914831
v 17.1447 16.1514 -0.914833
v 17.1447 16.2213 -0.844914
v 17.2346 16.2213 -0.844913
v 32.4004 16.1514 -0.914833
v 32.3105 16.1514 -0.914832
v 32.3105 16.2213 -0.844914
v 32.4004 16.2213 -0.844915
v 33.3981 16.1384 -0.831939
v 33.3296 16.1384 -0.900465
v 33.3296 16.207 -0.831939
v 16.1328 15.2375 -0.844913
v 16.1328 15.3275 -0.844914
v 16.2027 15.3275 -0.914833
v 16.2027 15.2375 -0.914832
v 17.2523 15.2834 -0.857563
v 17.1903 15.2218 -0.857711
v 17.126 15.2408 -0.917647
v 17.1381 15.3373 -0.929161
v 17.2346 15.3492 -0.917427
v 32.3564 15.22 -0.857561
v 32.2948 15.2819 -0.857723
v 32.3139 15.3463 -0.917661
v 32.4103 15.3341 -0.929163
v 32.4222 15.2376 -0.917423
v 33.4125 15.3276 -0.844913
v 33.4125 15.2377 -0.844912
v 33.3426 15.2377 -0.914831
v 33.3426 15.3276 -0.914832
v 16.1328 5.90263 -0.844913
v 16.1328 5.99249 -0.844912
v 16.2027 5.99249 -0.914831
v 16.2027 5.90263 -0.914832
v 17.1889 6.01025 -0.857561
v 17.2504 5.94827 -0.857723
v 17.2314 5.8839 -0.917661
v 17.135 5.89607 -0.929163
v 17.1231 5.99258 -0.917423
v 32.293 5.94685 -0.857563
v 32.3549 6.00842 -0.857711
v 32.4193 5.98938 -0.917647
v 32.4071 5.89295 -0.929161
v 32.3106 5.88102 -0.917427
v 33.4125 5.99268 -0.844913
v 33.4125 5.90272 -0.844914
v 33.3426 5.90272 -0.914833
v 33.3426 5.99268 -0.914832
v 16.2157 5.02325 -0.831939
v 16.1471 5.09177 -0.831939
v 16.2157 5.09177 -0.900465
v 17.2348 5.00888 -0.844914
v 17.1448 5.00889 -0.844915
v 17.1448 5.07881 -0.914833
v 17.2348 5.0788 -0.914832
v 32.4005 5.00889 -0.844914
v 32.3107 5.00888 -0.844913
v 32.3107 5.0788 -0.914831
v 32.4005 5.0788 -0.914833
v 33.3981 5.09177 -0.831939
v 33.3296 5.02325 -0.831939
v 33.3296 5.09177 -0.900465
vn -0.029608 -0.999408 0.017529
vn -0.499332 -0.866297 0.014027
vn -0.029608 -0.999408 -0.017529
vn -0.499332 -0.866297 -0.014027
vn -0.866238 -0.499435 0.014048
vn -0.866238 -0.499435 -0.014048
vn -0.999256 -0.034391 0.017464
vn -0.999256 -0.034391 -0.017464
vn -0.027977 -0.032916 0.999067
vn -0.02244 -0.486576 0.87335
vn -0 -0.035547 0.999368
vn 0 -0.500154 0.865937
vn -0.02343 -0.858691 0.511958
vn 1e-06 -0.86598 0.500079
vn 0 -0.999838 0.017976
vn -0.858355 -0.027415 0.512323
vn -0.999838 -0 0.017979
vn -0.865972 -1e-06 0.500092
vn -0.485087 -0.026744 0.874057
vn -0.500176 -1e-06 0.865924
vn -0.03069 -0 0.999529
vn -0 -0.999839 0.017966
vn -0 -0.999839 0.017946
vn -0 -0.999839 -0.017962
vn -1e-06 -0.999839 -0.017957
vn -1e-06 -0.999839 0.017947
vn -1e-06 -0.999839 -0.017958
vn 0 -0.999838 -0.017978
vn -0 -0.037651 0.999291
vn -0 -0.500022 0.866013
vn -0 -0.037463 0.999298
vn -0 -0.499918 0.866073
vn -0 -0.866022 0.500006
vn 0 -0.86604 0.499974
vn 0 -0.999839 0.017961
vn 1e-06 -0.035492 0.99937
vn 0.011361 0.017544 0.999782
vn 0.001204 0.001195 0.999999
vn 0 -0.036289 0.999341
vn 0.010787 0.030599 0.999474
vn 3.8e-05 0.033139 0.999451
vn -0 -0.999838 0.017978
vn 1e-06 -0.999839 0.017958
vn -0 -0.999838 -0.017977
vn 1e-06 -0.999839 -0.017947
vn 1e-06 -0.999839 0.017957
vn 0 -0.999839 -0.017945
vn 0 -0.999839 -0.017966
vn -0 -0.500163 0.865931
vn 0.02244 -0.486575 0.873351
vn 0 -0.035576 0.999367
vn 0.027977 -0.032916 0.999067
vn -2e-06 -0.865976 0.500086
vn 0.02343 -0.858691 0.511958
vn 0.029608 -0.999408 0.017529
vn -0 -0.036366 0.999339
vn -6.4e-05 0.033186 0.999449
vn -0.010109 0.030031 0.999498
vn -0 -0.035699 0.999363
vn -0.011049 0.017399 0.999788
vn -0.001188 0.001197 0.999999
vn 0.999256 -0.034395 0.017466
vn 0.866227 -0.499453 0.014048
vn 0.999256 -0.034395 -0.017466
vn 0.866227 -0.499453 -0.014048
vn 0.499329 -0.866299 0.014027
vn 0.499329 -0.866299 -0.014027
vn 0.029608 -0.999408 -0.017529
vn 0.485081 -0.026744 0.87406
vn 0.030659 -0 0.99953
vn 0.500162 0 0.865932
vn 0.858345 -0.027416 0.51234
vn 0.865965 0 0.500105
vn 0.999838 -0 0.01798
vn -0.999839 -0 0.017961
vn -0.999838 -0 -0.017978
vn -0.999839 -0 -0.017952
vn -0.999839 0 0.01796
vn -0.999839 0 -0.017951
vn -0.999839 0 0.017964
vn -0.999839 0 -0.017969
vn -0.031883 0 0.999492
vn -0.031093 0 0.999517
vn 0.027902 9.2e-05 0.999611
vn 0.025644 0.008754 0.999633
vn -0.030605 0 0.999532
vn 0.014747 0.009457 0.999847
vn -0.866032 0 0.499989
vn -0.999839 0 0.017969
vn -0.866013 0 0.500021
vn -0.49992 -0 0.866072
vn -0.500029 0 0.866009
vn -0.032087 0 0.999485
vn 0.999849 0.002733 0.01718
vn 0.866335 0.498871 0.024338
vn 0.999849 0.002724 -0.017151
vn 0.86636 0.498809 -0.024709
vn 0.499001 0.866247 0.024781
vn 0.499065 0.86622 -0.024428
vn 0.001658 0.999853 0.017072
vn 0.001664 0.999852 -0.017097
vn 0.472512 0.001645 0.881323
vn 0.027869 -5.7e-05 0.999612
vn 0.47345 -0.001283 0.88082
vn 0.861049 0.002873 0.508514
vn 0.861384 -0.002563 0.507948
vn 0.999849 -0.002724 0.017151
vn 0.001582 0.862013 0.506883
vn -0.001664 0.999852 0.017097
vn -0.001771 0.861726 0.507371
vn 0.000787 0.475757 0.879576
vn -0.001008 0.475017 0.879976
vn -0.499068 0.866219 0.024428
vn -0.001658 0.999853 -0.017072
vn -0.499005 0.866245 -0.024781
vn -0.86636 0.498809 0.024709
vn -0.866335 0.49887 -0.024335
vn -0.999849 0.002724 0.017147
vn -0.999849 0.002734 -0.017175
vn -0.026084 0.009332 0.999616
vn 0.030989 -0 0.99952
vn -0.027868 5.7e-05 0.999612
vn 0.032087 0 0.999485
vn -0.014803 0.009696 0.999843
vn 0.030407 0 0.999538
vn -0.861396 0.002563 0.507927
vn -0.999849 -0.002734 0.017176
vn -0.86106 -0.002873 0.508495
vn -0.473446 0.001283 0.880822
vn -0.472507 -0.001645 0.881325
vn -0.027902 -9.2e-05 0.999611
vn 0.999839 0 0.017971
vn 0.999839 0 0.017953
vn 0.999839 -0 -0.017967
vn 0.999839 0 -0.017962
vn 0.999839 0 0.017954
vn 0.999839 1e-06 -0.017963
vn 0.999838 0 -0.017981
vn 0.500027 -0 0.86601
vn 0.031883 -0 0.999492
vn 0.499916 -0 0.866074
vn 0.866006 0 0.500034
vn 0.866024 -0 0.500002
vn 0.999839 -0 0.017967
vn -0.999839 -0 0.017951
vn -0.999839 0 -0.017964
vn -0.999839 -0 -0.01796
vn -0.999839 -0 0.017952
vn -0.999838 0 0.017978
vn -0.999838 0 -0.017979
vn -0.030407 -1e-06 0.999538
vn 0.014803 -0.009696 0.999843
vn -0.030659 0 0.99953
vn 0.001188 -0.001197 0.999999
vn -0.030989 -0 0.99952
vn 0.026083 -0.009332 0.999616
vn -0.865976 0 0.500086
vn -0.999256 0.034391 0.017464
vn -0.858355 0.027415 0.512323
vn -0.500168 0 0.865928
vn -0.485087 0.026744 0.874057
vn -0.027977 0.032916 0.999066
vn 0.001664 -0.999852 0.017096
vn 0.49907 -0.866217 0.024428
vn 0.001658 -0.999853 -0.017071
vn 0.499006 -0.866244 -0.024781
vn 0.866362 -0.498806 0.024709
vn 0.866336 -0.498868 -0.024338
vn 0.999849 -0.002733 -0.01718
vn 6.4e-05 -0.033185 0.999449
vn 0.001008 -0.475015 0.879977
vn -3.8e-05 -0.033139 0.999451
vn -0.000787 -0.475757 0.879577
vn 0.001771 -0.861731 0.507363
vn -0.001582 -0.862019 0.506874
vn -0.001658 -0.999853 0.017071
vn 0.011049 -0.017398 0.999788
vn -0 0.035576 0.999367
vn 0 0.035699 0.999363
vn 0.01011 -0.030031 0.999498
vn -0 0.036366 0.999339
vn 0 0.037463 0.999298
vn -0.866337 -0.498867 0.024335
vn -0.999849 -0.002724 -0.017147
vn -0.866361 -0.498806 -0.024709
vn -0.49901 -0.866242 0.02478
vn -0.499073 -0.866216 -0.024428
vn -0.001664 -0.999852 -0.017096
vn -0.001204 -0.001195 0.999999
vn -0.014747 -0.009456 0.999847
vn 0.03069 0 0.999529
vn 0.030605 -0 0.999532
vn -0.025645 -0.008754 0.999633
vn 0.031093 0 0.999516
vn -0.010787 -0.030598 0.999474
vn 0 0.036288 0.999341
vn 0 0.037651 0.999291
vn -0.011361 -0.017544 0.999782
vn -1e-06 0.035493 0.99937
vn 0 0.035547 0.999368
vn 0.999838 -0 0.017981
vn 0.999839 -0 0.017963
vn 0.999838 0 -0.01798
vn 0.999839 -0 -0.017954
vn 0.999839 -0 -0.017971
vn 0.500171 0 0.865927
vn 0.485082 0.026744 0.87406
vn 0.027977 0.032916 0.999066
vn 0.865961 -0 0.500112
vn 0.858345 0.027416 0.51234
vn 0.999256 0.034396 0.017466
vn -0.866237 0.499436 0.014048
vn -0.999256 0.034391 -0.017464
vn -0.866237 0.499437 -0.014048
vn -0.49934 0.866292 0.014027
vn -0.49934 0.866292 -0.014027
vn -0.02961 0.999408 0.017529
vn -0.02961 0.999408 -0.017529
vn -0.023431 0.858686 0.511966
vn 0 0.999838 0.017978
vn 2e-06 0.865972 0.500093
vn -0.02244 0.486575 0.873351
vn -0 0.500161 0.865933
vn 0 0.999839 0.017959
vn 0 0.999838 -0.017977
vn -1e-06 0.999839 -0.017948
vn -1e-06 0.999839 0.017958
vn -1e-06 0.999839 -0.017946
vn -0 0.999839 0.017962
vn -0 0.999839 -0.017966
vn -0 0.866037 0.499979
vn 0 0.999839 0.017966
vn 0 0.866019 0.500011
vn 0 0.499919 0.866073
vn 0 0.500021 0.866013
vn 1e-06 0.999839 0.017946
vn 0 0.999839 -0.017962
vn 1e-06 0.999839 -0.017958
vn 1e-06 0.999839 0.017948
vn -0 0.999839 -0.017959
vn -0 0.999838 0.017977
vn -0 0.999838 -0.017978
vn -2e-06 0.865975 0.500087
vn 0.02961 0.999408 0.017529
vn 0.023431 0.858686 0.511966
vn -0 0.500153 0.865937
vn 0.02244 0.486574 0.873351
vn 0.499337 0.866294 0.014027
vn 0.02961 0.999408 -0.017529
vn 0.499337 0.866294 -0.014027
vn 0.866226 0.499455 0.014048
vn 0.866226 0.499455 -0.014048
vn 0.999256 0.034396 -0.017466
vn -0.858355 0.027415 -0.512323
vn -0.865972 1e-06 -0.500092
vn -0.485087 0.026744 -0.874057
vn -0.500176 1e-06 -0.865924
vn -0.027977 0.032916 -0.999066
vn -0.03069 0 -0.999529
vn -0.02244 0.486574 -0.873351
vn -0 0.035547 -0.999368
vn 0 0.500152 -0.865937
vn -0.023431 0.858686 -0.511967
vn 2e-06 0.865976 -0.500086
vn 1e-06 0.035492 -0.99937
vn 0.011361 -0.017544 -0.999782
vn 0.001204 -0.001195 -0.999999
vn 0 0.036289 -0.999341
vn 0.010788 -0.030598 -0.999474
vn -0 0.037651 -0.999291
vn 3.8e-05 -0.033139 -0.999451
vn -0 0.500021 -0.866013
vn -0 0.037463 -0.999298
vn -0 0.499917 -0.866073
vn -0 0.866019 -0.500011
vn 0 0.866037 -0.499979
vn -0 0.036366 -0.999339
vn -6.4e-05 -0.033185 -0.999449
vn -0.01011 -0.030031 -0.999498
vn -0 0.035699 -0.999363
vn -0.011049 -0.017398 -0.999788
vn 0 0.035576 -0.999367
vn -0.001188 -0.001197 -0.999999
vn 0 0.500161 -0.865932
vn 0.02244 0.486574 -0.873351
vn 0.027977 0.032916 -0.999066
vn -1e-06 0.865972 -0.500093
vn 0.023431 0.858686 -0.511966
vn 0.485081 0.026744 -0.87406
vn 0.030659 0 -0.99953
vn 0.500162 0 -0.865932
vn 0.858345 0.027416 -0.51234
vn 0.865965 -0 -0.500105
vn -0.031882 -0 -0.999492
vn -0.031093 -1e-06 -0.999516
vn 0.027902 -9.2e-05 -0.999611
vn 0.025644 -0.008754 -0.999633
vn -0.030605 -1e-06 -0.999532
vn 0.014747 -0.009457 -0.999847
vn -0.866032 0 -0.499989
vn -0.866013 -0 -0.500021
vn -0.499919 0 -0.866072
vn -0.50003 -0 -0.866008
vn -0.032087 -0 -0.999485
vn 0.472511 -0.001645 -0.881323
vn 0.027868 5.7e-05 -0.999612
vn 0.47345 0.001283 -0.88082
vn 0.861049 -0.002873 -0.508514
vn 0.861385 0.002563 -0.507947
vn 0.001582 -0.862018 -0.506875
vn -0.001771 -0.861731 -0.507362
vn 0.000787 -0.475756 -0.879577
vn -0.001008 -0.475016 -0.879976
vn -0.026084 -0.009333 -0.999616
vn 0.030989 -0 -0.99952
vn -0.027869 -5.7e-05 -0.999612
vn 0.032086 0 -0.999485
vn -0.014802 -0.009696 -0.999843
vn 0.030407 -0 -0.999538
vn -0.861396 -0.002563 -0.507928
vn -0.86106 0.002873 -0.508495
vn -0.473446 -0.001283 -0.880822
vn -0.472507 0.001645 -0.881325
vn -0.027902 9.2e-05 -0.999611
vn 0.500025 -0 -0.866011
vn 0.031882 0 -0.999492
vn 0.499915 -0 -0.866074
vn 0.866006 -0 -0.500034
vn 0.866024 -0 -0.500002
vn -0.030407 1e-06 -0.999538
vn 0.014803 0.009697 -0.999843
vn -0.030659 -0 -0.99953
vn 0.001188 0.001197 -0.999999
vn -0.030989 0 -0.99952
vn 0.026083 0.009332 -0.999616
vn -0.865976 -0 -0.500086
vn -0.858355 -0.027415 -0.512323
vn -0.500168 -0 -0.865928
vn -0.485087 -0.026744 -0.874057
vn -0.027977 -0.032916 -0.999066
vn 6.4e-05 0.033185 -0.999449
vn 0.001008 0.475016 -0.879977
vn -3.8e-05 0.033139 -0.999451
vn -0.000787 0.475758 -0.879576
vn 0.001771 0.861725 -0.507372
vn -0.001582 0.862013 -0.506884
vn 0.011049 0.017398 -0.999788
vn -0 -0.035576 -0.999367
vn 1e-06 -0.035699 -0.999363
vn 0.01011 0.030031 -0.999498
vn 1e-06 -0.036366 -0.999339
vn 0 -0.037463 -0.999298
vn -0.001204 0.001195 -0.999999
vn -0.014747 0.009457 -0.999847
vn 0.03069 -0 -0.999529
vn 0.030605 0 -0.999532
vn -0.025645 0.008754 -0.999633
vn 0.031093 0 -0.999516
vn -0.010788 0.030598 -0.999474
vn -1e-06 -0.036288 -0.999341
vn 0 -0.037651 -0.999291
vn -0.011361 0.017544 -0.999782
vn -1e-06 -0.035493 -0.99937
vn 0 -0.035547 -0.999368
vn 0.50017 -1e-06 -0.865927
vn 0.485081 -0.026744 -0.87406
vn 0.027977 -0.032916 -0.999066
vn 0.865961 0 -0.500112
vn 0.858345 -0.027416 -0.51234
vn -0.02343 -0.858691 -0.511959
vn 2e-06 -0.865976 -0.500085
vn -0.02244 -0.486576 -0.87335
vn 0 -0.500162 -0.865932
vn -0 -0.86604 -0.499974
vn 0 -0.866022 -0.500006
vn 0 -0.499918 -0.866073
vn 0 -0.500021 -0.866014
vn -1e-06 -0.86598 -0.50008
vn 0.02343 -0.858691 -0.511958
vn -0 -0.500154 -0.865936
vn 0.02244 -0.486575 -0.873351
vn -0.828701 -0.428245 0.360361
vn -0.427514 -0.832919 0.351394
vn -0.442073 -0.448616 0.776734
vn -7e-06 -0.866105 0.499861
vn -2e-06 -0.866106 0.49986
vn 2e-06 -0.499866 0.866103
vn 1e-06 -0.499865 0.866104
vn 6e-06 -0.866062 0.499937
vn 5e-06 -0.866061 0.499938
vn -1e-06 -0.499933 0.866064
vn -0 -0.499936 0.866063
vn 0.427513 -0.832921 0.35139
vn 0.828697 -0.428252 0.360364
vn 0.442069 -0.448618 0.776735
vn -0.866046 5e-06 0.499964
vn -0.866047 -3e-06 0.499962
vn -0.499949 2e-06 0.866055
vn -0.499948 5e-06 0.866055
vn 0.393338 0.643976 0.656186
vn 0.652545 0.395123 0.646578
vn 0.391985 0.24432 0.886936
vn 0.18684 0.186041 0.964614
vn 0.247921 0.391087 0.886333
vn -0.650594 0.394313 0.649034
vn -0.39413 0.646011 0.653705
vn -0.248799 0.395107 0.884301
vn -0.186506 0.186401 0.964609
vn -0.387871 0.243379 0.889001
vn 0.866072 4e-06 0.499919
vn 0.866076 1e-06 0.499912
vn 0.499888 0 0.86609
vn 0.499887 4e-06 0.866091
vn -0.866082 -2e-06 0.499902
vn -0.866083 -1e-06 0.499901
vn -0.499891 0 0.866088
vn -0.499892 -5e-06 0.866088
vn 0.650584 -0.394301 0.649051
vn 0.394128 -0.646002 0.653715
vn 0.248792 -0.395097 0.884308
vn 0.186508 -0.186398 0.964609
vn 0.387863 -0.243369 0.889007
vn -0.393348 -0.643978 0.656179
vn -0.652558 -0.395115 0.64657
vn -0.391986 -0.244314 0.886937
vn -0.186839 -0.186039 0.964614
vn -0.247925 -0.391088 0.886331
vn 0.866036 -3e-06 0.499982
vn 0.866036 -6e-06 0.499983
vn 0.499945 -6e-06 0.866057
vn 0.499945 -2e-06 0.866057
vn -0.427521 0.832912 0.351402
vn -0.8287 0.428247 0.360362
vn -0.442068 0.448621 0.776733
vn -9e-06 0.86606 0.499941
vn 1e-06 0.866058 0.499944
vn 2e-06 0.499933 0.866064
vn -3e-06 0.499939 0.86606
vn 6e-06 0.8661 0.49987
vn 9e-06 0.866103 0.499866
vn 2e-06 0.499864 0.866104
vn -2e-06 0.499863 0.866104
vn 0.828696 0.428253 0.360364
vn 0.42752 0.832914 0.351399
vn 0.442065 0.448622 0.776735
vn -0.442068 0.448621 -0.776734
vn -0.8287 0.428248 -0.360362
vn -0.427521 0.832912 -0.351403
vn -2e-06 0.499865 -0.866103
vn 1e-06 0.499863 -0.866104
vn -7e-06 0.8661 -0.499871
vn -9e-06 0.866101 -0.499868
vn -2e-06 0.499931 -0.866065
vn 3e-06 0.499937 -0.866062
vn 9e-06 0.866061 -0.499939
vn -1e-06 0.866056 -0.499947
vn 0.828696 0.428254 -0.360364
vn 0.442065 0.448621 -0.776735
vn 0.42752 0.832914 -0.351398
vn -0.866046 -4e-06 -0.499964
vn -0.866047 1e-06 -0.499963
vn -0.499947 -2e-06 -0.866056
vn -0.499951 -5e-06 -0.866054
vn 0.393339 -0.643977 -0.656185
vn 0.652542 -0.395121 -0.646582
vn 0.391983 -0.244319 -0.886937
vn 0.186838 -0.186042 -0.964614
vn 0.24792 -0.391086 -0.886334
vn -0.650593 -0.394311 -0.649035
vn -0.394131 -0.646015 -0.653701
vn -0.248796 -0.395107 -0.884303
vn -0.186506 -0.186401 -0.964609
vn -0.387869 -0.243379 -0.889002
vn 0.866072 -3e-06 -0.49992
vn 0.866076 -0 -0.499913
vn 0.499889 -1e-06 -0.86609
vn 0.499885 -3e-06 -0.866092
vn -0.866082 1e-06 -0.499903
vn -0.866084 -0 -0.499898
vn -0.49989 -1e-06 -0.866089
vn -0.499891 5e-06 -0.866088
vn 0.650585 0.3943 -0.64905
vn 0.394129 0.646002 -0.653716
vn 0.248794 0.395098 -0.884307
vn 0.186509 0.186399 -0.964609
vn 0.387864 0.243367 -0.889007
vn -0.393349 0.643978 -0.656178
vn -0.652559 0.39511 -0.646571
vn -0.391988 0.244312 -0.886937
vn -0.186843 0.186039 -0.964614
vn -0.247926 0.391088 -0.886331
vn 0.866037 1e-06 -0.49998
vn 0.866035 8e-06 -0.499983
vn 0.499942 6e-06 -0.866059
vn 0.499945 2e-06 -0.866057
vn -0.427514 -0.832919 -0.351394
vn -0.828701 -0.428246 -0.360361
vn -0.442072 -0.448618 -0.776733
vn -6e-06 -0.866062 -0.499936
vn -5e-06 -0.866059 -0.499941
vn 1e-06 -0.499933 -0.866064
vn 0 -0.499934 -0.866063
vn 7e-06 -0.866106 -0.499861
vn 2e-06 -0.866106 -0.49986
vn -2e-06 -0.499862 -0.866105
vn -1e-06 -0.499864 -0.866104
vn 0.828697 -0.428252 -0.360363
vn 0.427512 -0.832921 -0.351391
vn 0.442069 -0.448619 -0.776734
vt 0.454094 0.545732
vt 0.453977 0.543445
vt 0.49011 0.544641
vt 0.490023 0.541971
vt 0.453685 0.540865
vt 0.489954 0.539264
vt 0.40412 0.531637
vt 0.401517 0.531645
vt 0.403865 0.496654
vt 0.401372 0.496654
vt 0.449125 0.548196
vt 0.451537 0.548532
vt 0.448558 0.566242
vt 0.451038 0.566189
vt 0.454094 0.548758
vt 0.453499 0.566087
vt 0.455926 0.565915
vt 0.401552 0.534252
vt 0.384708 0.531746
vt 0.384711 0.534356
vt 0.44967 0.543122
vt 0.449384 0.545683
vt 0.433091 0.541532
vt 0.432854 0.544142
vt 0.432674 0.546752
vt 0.456262 0.572928
vt 0.456159 0.570594
vt 0.49104 0.572774
vt 0.49102 0.570293
vt 0.456049 0.568258
vt 0.490992 0.567809
vt 0.490952 0.565325
vt 0.448534 0.572952
vt 0.45111 0.572943
vt 0.448113 0.962603
vt 0.4507 0.962599
vt 0.453685 0.572935
vt 0.453288 0.962601
vt 0.455876 0.962611
vt 0.448543 0.568469
vt 0.432828 0.568294
vt 0.432509 0.565939
vt 0.448536 0.570707
vt 0.433131 0.570641
vt 0.433422 0.572993
vt 0.455875 0.969671
vt 0.455875 0.967319
vt 0.490624 0.969731
vt 0.490632 0.967372
vt 0.455876 0.964965
vt 0.49064 0.965012
vt 0.490647 0.962652
vt 0.450704 0.969667
vt 0.450813 0.989484
vt 0.448117 0.969687
vt 0.448248 0.989521
vt 0.45329 0.969661
vt 0.453358 0.989412
vt 0.45587 0.989379
vt 0.448113 0.964965
vt 0.432715 0.9627
vt 0.432341 0.965127
vt 0.448114 0.967327
vt 0.431974 0.967555
vt 0.431613 0.969986
vt 0.401395 0.008125
vt 0.404008 0.008119
vt 0.401337 0.043217
vt 0.403959 0.043244
vt 0.455756 0.994547
vt 0.45582 0.991943
vt 0.490565 0.994637
vt 0.490524 0.992043
vt 0.490506 0.989483
vt 0.448344 0.992146
vt 0.431411 0.989726
vt 0.431424 0.992352
vt 0.448406 0.994792
vt 0.431452 0.994979
vt 0.401419 0.005513
vt 0.384537 0.00548
vt 0.384546 0.008095
vt 0.38233 0.531757
vt 0.384657 0.496722
vt 0.382294 0.496728
vt 0.379951 0.531768
vt 0.379931 0.496734
vt 0.377571 0.531776
vt 0.377566 0.496739
vt 0.425321 0.546333
vt 0.427789 0.546459
vt 0.425547 0.565087
vt 0.427874 0.565359
vt 0.430243 0.546598
vt 0.430191 0.565641
vt 0.377565 0.534385
vt 0.138402 0.531725
vt 0.1384 0.534334
vt 0.42527 0.541052
vt 0.425294 0.543694
vt 0.183337 0.543555
vt 0.183365 0.546194
vt 0.183394 0.548832
vt 0.01032 0.404139
vt 0.01032 0.401669
vt 0.045476 0.404139
vt 0.045476 0.401669
vt 0.01032 0.399493
vt 0.045476 0.399493
vt 0.01032 0.39705
vt 0.045476 0.39705
vt 0.425129 0.567652
vt 0.183617 0.567448
vt 0.184054 0.570113
vt 0.424634 0.570202
vt 0.18455 0.572713
vt 0.00753 0.404139
vt 0.00753 0.640751
vt 0.01032 0.640751
vt 0.00753 0.39705
vt 0.01032 0.01077
vt 0.00753 0.01077
vt 0.428257 0.573843
vt 0.43081 0.573391
vt 0.427697 0.961743
vt 0.430197 0.962261
vt 0.01032 0.008255
vt 0.045476 0.01077
vt 0.045476 0.008255
vt 0.01032 0.005976
vt 0.045476 0.005976
vt 0.100518 0.004428
vt 0.100518 0.007167
vt 0.06524 0.004428
vt 0.06524 0.007167
vt 0.426633 0.970829
vt 0.426633 0.98977
vt 0.424135 0.971254
vt 0.424244 0.98979
vt 0.429125 0.970408
vt 0.429023 0.989749
vt 0.103098 0.007167
vt 0.100518 0.244792
vt 0.103098 0.244792
vt 0.423239 0.96601
vt 0.423716 0.968599
vt 0.184303 0.966924
vt 0.183791 0.969462
vt 0.183358 0.972019
vt 0.377406 0.008092
vt 0.379786 0.008092
vt 0.377415 0.043158
vt 0.379788 0.043161
vt 0.382165 0.008093
vt 0.38216 0.043166
vt 0.384532 0.04317
vt 0.424256 0.992416
vt 0.183542 0.990766
vt 0.183557 0.993391
vt 0.424267 0.995041
vt 0.183568 0.996017
vt 0.377407 0.005482
vt 0.13816 0.005598
vt 0.138156 0.008208
vt 0.136021 0.531722
vt 0.138422 0.496673
vt 0.136051 0.496666
vt 0.13364 0.531719
vt 0.13368 0.49666
vt 0.131259 0.531714
vt 0.13131 0.496652
vt 0.178617 0.548929
vt 0.178604 0.568295
vt 0.176235 0.548976
vt 0.176111 0.568714
vt 0.181004 0.548881
vt 0.181106 0.567874
vt 0.131264 0.53433
vt 0.114409 0.531657
vt 0.11438 0.534268
vt 0.176149 0.543768
vt 0.176201 0.54637
vt 0.159372 0.544075
vt 0.159451 0.546668
vt 0.159503 0.549237
vt 0.100518 0.637438
vt 0.100518 0.63994
vt 0.06524 0.637438
vt 0.06524 0.63994
vt 0.100518 0.64223
vt 0.06524 0.64223
vt 0.01032 0.643391
vt 0.045476 0.643391
vt 0.045476 0.640751
vt 0.174997 0.575976
vt 0.177502 0.57641
vt 0.174768 0.963646
vt 0.177371 0.963246
vt 0.179989 0.576922
vt 0.179912 0.96279
vt 0.103098 0.637438
vt 0.103098 0.251874
vt 0.100518 0.251874
vt 0.175746 0.57114
vt 0.159661 0.569028
vt 0.159667 0.571383
vt 0.175374 0.57356
vt 0.159673 0.573737
vt 0.159678 0.57609
vt 0.100518 0.247293
vt 0.06524 0.244792
vt 0.06524 0.247293
vt 0.100518 0.24946
vt 0.06524 0.24946
vt 0.06524 0.251874
vt 0.176077 0.971022
vt 0.178499 0.971355
vt 0.176358 0.990727
vt 0.178749 0.990742
vt 0.180925 0.971686
vt 0.181144 0.990755
vt 0.175207 0.966103
vt 0.159658 0.966036
vt 0.159664 0.963682
vt 0.175643 0.96856
vt 0.159654 0.968392
vt 0.159649 0.970748
vt 0.131012 0.008222
vt 0.133394 0.008217
vt 0.131068 0.043293
vt 0.133439 0.043285
vt 0.135775 0.008212
vt 0.135811 0.043278
vt 0.138183 0.043271
vt 0.176348 0.993346
vt 0.159516 0.993166
vt 0.159551 0.990582
vt 0.176319 0.995964
vt 0.159455 0.995776
vt 0.131016 0.005606
vt 0.114129 0.005669
vt 0.114158 0.00828
vt 0.111797 0.531659
vt 0.114516 0.496585
vt 0.111896 0.496554
vt 0.151883 0.544306
vt 0.151838 0.546882
vt 0.117335 0.544336
vt 0.117384 0.546913
vt 0.151817 0.549423
vt 0.11741 0.549455
vt 0.154337 0.549354
vt 0.151926 0.569059
vt 0.154502 0.569064
vt 0.156917 0.549242
vt 0.15708 0.569053
vt 0.151936 0.571402
vt 0.117375 0.569076
vt 0.117376 0.571417
vt 0.151946 0.573747
vt 0.117377 0.573758
vt 0.151956 0.576091
vt 0.11738 0.576098
vt 0.15453 0.576098
vt 0.151943 0.963682
vt 0.154516 0.963684
vt 0.157104 0.576097
vt 0.15709 0.963684
vt 0.151934 0.966029
vt 0.117375 0.963672
vt 0.117376 0.966009
vt 0.151924 0.968376
vt 0.117378 0.968345
vt 0.151915 0.970722
vt 0.11738 0.970681
vt 0.154491 0.970717
vt 0.151809 0.990396
vt 0.154345 0.990471
vt 0.157069 0.970726
vt 0.156945 0.990586
vt 0.151821 0.99294
vt 0.117392 0.990252
vt 0.117355 0.992791
vt 0.151857 0.995516
vt 0.117295 0.995364
vt 0.111546 0.008279
vt 0.111647 0.043394
vt 0.114268 0.043363
vt 0.11454 0.493997
vt 0.131325 0.494049
vt 0.114556 0.491407
vt 0.131327 0.491446
vt 0.114563 0.488822
vt 0.131317 0.488843
vt 0.111945 0.48885
vt 0.114641 0.468945
vt 0.112042 0.468913
vt 0.112294 0.549308
vt 0.114883 0.549401
vt 0.112213 0.569077
vt 0.114795 0.569085
vt 0.114672 0.466594
vt 0.130591 0.466768
vt 0.131029 0.469221
vt 0.114706 0.464253
vt 0.130148 0.464321
vt 0.11474 0.461919
vt 0.129704 0.461876
vt 0.112192 0.461922
vt 0.114506 0.078046
vt 0.111958 0.078055
vt 0.112234 0.576096
vt 0.114807 0.576096
vt 0.112229 0.963665
vt 0.114802 0.963665
vt 0.114469 0.075711
vt 0.129679 0.077923
vt 0.130053 0.075529
vt 0.114433 0.073367
vt 0.130425 0.073133
vt 0.114401 0.071016
vt 0.130792 0.07073
vt 0.1118 0.071049
vt 0.111695 0.051104
vt 0.114315 0.051131
vt 0.112238 0.970681
vt 0.11481 0.970673
vt 0.112299 0.990383
vt 0.114875 0.990297
vt 0.114307 0.048544
vt 0.131076 0.051104
vt 0.131087 0.048501
vt 0.114291 0.045952
vt 0.131084 0.045897
vt 0.138425 0.488851
vt 0.136055 0.488848
vt 0.138308 0.470222
vt 0.135876 0.469886
vt 0.133685 0.488846
vt 0.13345 0.469554
vt 0.138429 0.494065
vt 0.377569 0.494133
vt 0.13843 0.491458
vt 0.377571 0.491527
vt 0.377571 0.488921
vt 0.138749 0.467682
vt 0.377556 0.470512
vt 0.377153 0.467873
vt 0.139269 0.465162
vt 0.376692 0.465297
vt 0.048081 0.640751
vt 0.048081 0.404139
vt 0.062567 0.637438
vt 0.062567 0.251874
vt 0.134799 0.461024
vt 0.132283 0.461477
vt 0.134624 0.078858
vt 0.132161 0.078352
vt 0.135741 0.069922
vt 0.135816 0.051098
vt 0.138224 0.069516
vt 0.138187 0.051096
vt 0.133263 0.070326
vt 0.133446 0.051101
vt 0.062567 0.244792
vt 0.062567 0.007167
vt 0.139095 0.074732
vt 0.138631 0.072156
vt 0.376595 0.074681
vt 0.377113 0.072159
vt 0.377552 0.069619
vt 0.138185 0.048488
vt 0.37742 0.050982
vt 0.377412 0.048374
vt 0.138183 0.045879
vt 0.377411 0.045766
vt 0.382301 0.488925
vt 0.382524 0.469722
vt 0.384665 0.488927
vt 0.384997 0.469327
vt 0.379937 0.488923
vt 0.380045 0.470116
vt 0.384646 0.494124
vt 0.401358 0.494097
vt 0.384649 0.491525
vt 0.401361 0.491523
vt 0.401371 0.488948
vt 0.386124 0.462152
vt 0.383641 0.461723
vt 0.386168 0.077967
vt 0.383588 0.078366
vt 0.381176 0.461216
vt 0.381071 0.078819
vt 0.048081 0.39705
vt 0.048081 0.01077
vt 0.38537 0.466931
vt 0.401383 0.469084
vt 0.401362 0.466727
vt 0.385747 0.46454
vt 0.401335 0.464377
vt 0.401305 0.462034
vt 0.384837 0.070617
vt 0.382415 0.070285
vt 0.384532 0.050984
vt 0.382162 0.050984
vt 0.379987 0.069953
vt 0.379791 0.050983
vt 0.385723 0.075521
vt 0.401177 0.07559
vt 0.401142 0.077927
vt 0.385278 0.073072
vt 0.401211 0.073244
vt 0.401241 0.07089
vt 0.384519 0.048381
vt 0.401305 0.048402
vt 0.401301 0.050991
vt 0.384519 0.045776
vt 0.401317 0.045808
vt 0.492772 0.54448
vt 0.493671 0.56526
vt 0.495499 0.544275
vt 0.49641 0.565163
vt 0.403987 0.488991
vt 0.403984 0.469064
vt 0.49363 0.572782
vt 0.493235 0.962657
vt 0.49622 0.572785
vt 0.495823 0.962659
vt 0.403855 0.462026
vt 0.403691 0.077924
vt 0.493221 0.969734
vt 0.493048 0.989547
vt 0.495821 0.969753
vt 0.49565 0.989651
vt 0.403844 0.07092
vt 0.403922 0.05096
vt 0.403833 0.533933
vt 0.45088 0.54289
vt 0.452686 0.545519
vt 0.45018 0.546341
vt 0.451561 0.546169
vt 0.451986 0.543507
vt 0.453557 0.568356
vt 0.453622 0.570643
vt 0.45108 0.570681
vt 0.451055 0.568427
vt 0.453291 0.964956
vt 0.45329 0.967307
vt 0.450702 0.96731
vt 0.450701 0.964956
vt 0.453588 0.991575
vt 0.453045 0.994272
vt 0.403707 0.005826
vt 0.450837 0.994707
vt 0.450779 0.99193
vt 0.379948 0.534384
vt 0.382332 0.534374
vt 0.430575 0.541184
vt 0.430374 0.543928
vt 0.42784 0.543775
vt 0.427916 0.541001
vt 0.00753 0.399493
vt 0.00753 0.401669
vt 0.427145 0.570134
vt 0.427785 0.568155
vt 0.430145 0.56834
vt 0.430296 0.570703
vt 0.428291 0.571307
vt 0.103098 0.004428
vt 0.00753 0.005976
vt 0.00753 0.008255
vt 0.427327 0.964247
vt 0.429429 0.965017
vt 0.429124 0.967563
vt 0.426558 0.967827
vt 0.425853 0.965659
vt 0.382158 0.005478
vt 0.37978 0.00548
vt 0.426665 0.995032
vt 0.426646 0.992399
vt 0.429036 0.992377
vt 0.429062 0.995008
vt 0.133644 0.534335
vt 0.136024 0.534337
vt 0.180905 0.54361
vt 0.180965 0.546249
vt 0.178576 0.546311
vt 0.178507 0.543694
vt 0.00753 0.643391
vt 0.103098 0.64223
vt 0.103098 0.63994
vt 0.180364 0.574462
vt 0.178275 0.573678
vt 0.178597 0.57114
vt 0.181176 0.570889
vt 0.181872 0.573076
vt 0.103098 0.24946
vt 0.103098 0.247293
vt 0.181704 0.966649
vt 0.180995 0.968769
vt 0.178457 0.968524
vt 0.178156 0.966005
vt 0.180261 0.965277
vt 0.135782 0.005597
vt 0.1334 0.0056
vt 0.17872 0.99601
vt 0.178744 0.993371
vt 0.181149 0.993387
vt 0.181144 0.996032
vt 0.153991 0.547201
vt 0.154451 0.544592
vt 0.112092 0.53395
vt 0.157048 0.544256
vt 0.157215 0.546907
vt 0.15659 0.5467
vt 0.154521 0.573753
vt 0.154512 0.571409
vt 0.157089 0.571402
vt 0.157097 0.57375
vt 0.154498 0.968372
vt 0.154507 0.966029
vt 0.157082 0.966031
vt 0.157074 0.968378
vt 0.111842 0.005988
vt 0.15442 0.995251
vt 0.153982 0.992637
vt 0.156588 0.993164
vt 0.157261 0.992939
vt 0.15711 0.995618
vt 0.112255 0.491258
vt 0.112226 0.494107
vt 0.114769 0.544616
vt 0.115226 0.547234
vt 0.112614 0.546733
vt 0.112149 0.464218
vt 0.112093 0.466549
vt 0.112218 0.571427
vt 0.114798 0.571425
vt 0.114802 0.573763
vt 0.112226 0.573768
vt 0.111851 0.073419
vt 0.111911 0.075756
vt 0.112236 0.966003
vt 0.114806 0.966
vt 0.114808 0.968337
vt 0.112238 0.968341
vt 0.111976 0.045841
vt 0.112003 0.048693
vt 0.112611 0.992926
vt 0.115206 0.99245
vt 0.114727 0.99505
vt 0.13606 0.49406
vt 0.133692 0.494054
vt 0.133694 0.49145
vt 0.136062 0.491454
vt 0.062567 0.63994
vt 0.062567 0.64223
vt 0.048081 0.643391
vt 0.136656 0.464849
vt 0.135945 0.466974
vt 0.133401 0.46673
vt 0.133086 0.464216
vt 0.135182 0.463476
vt 0.062567 0.247293
vt 0.062567 0.24946
vt 0.134989 0.07642
vt 0.132927 0.075647
vt 0.133247 0.073138
vt 0.135794 0.0729
vt 0.136471 0.075055
vt 0.13345 0.045891
vt 0.135816 0.045885
vt 0.135818 0.048492
vt 0.133452 0.048496
vt 0.382289 0.494126
vt 0.379931 0.49413
vt 0.379933 0.491526
vt 0.382292 0.491526
vt 0.048081 0.401669
vt 0.048081 0.399493
vt 0.380825 0.463641
vt 0.382878 0.464417
vt 0.382551 0.466916
vt 0.380003 0.467143
vt 0.379337 0.464985
vt 0.048081 0.008255
vt 0.048081 0.005976
vt 0.062567 0.004428
vt 0.37921 0.074994
vt 0.37992 0.072867
vt 0.382467 0.073111
vt 0.382784 0.075626
vt 0.380687 0.076368
vt 0.379781 0.045769
vt 0.38215 0.045773
vt 0.38215 0.048379
vt 0.379782 0.048377
vt 0.492312 0.542216
vt 0.492676 0.539444
vt 0.40363 0.49425
vt 0.403657 0.491403
vt 0.49504 0.541575
vt 0.493682 0.570308
vt 0.4937 0.567792
vt 0.496468 0.567781
vt 0.403951 0.466687
vt 0.403901 0.464338
vt 0.496385 0.570357
vt 0.493229 0.967374
vt 0.493232 0.965013
vt 0.495827 0.965016
vt 0.403737 0.075628
vt 0.403796 0.073292
vt 0.495828 0.967384
vt 0.403634 0.045694
vt 0.49315 0.994354
vt 0.492695 0.991723
vt 0.495316 0.992233
vt 0.40361 0.048549
usemtl OutFrameSG
f 2505/3065/2228 2506/3066/2229 2507/3067/2230
f 2507/3067/2230 2506/3066/2229 2508/3068/2231
f 2506/3066/2229 2509/3069/2232 2508/3068/2231
f 2508/3068/2231 2509/3069/2232 2510/3070/2233
f 2509/3071/2232 2511/3072/2234 2510/3073/2233
f 2510/3073/2233 2511/3072/2234 2512/3074/2235
f 2513/3075/2236 2514/3076/2237 2515/3077/2238
f 2515/3077/2238 2514/3076/2237 2516/3078/2239
f 2514/3076/2237 2517/3079/2240 2516/3078/2239
f 2516/3078/2239 2517/3079/2240 2518/3080/2241
f 2517/3079/2240 2505/3065/2228 2518/3080/2241
f 2518/3080/2241 2505/3065/2228 2519/3081/2242
f 2511/3072/2234 2520/3082/2243 2521/3083/2244
f 2521/3083/2244 2520/3082/2243 2522/3084/2245
f 2520/3085/2243 2523/3086/2246 2522/3087/2245
f 2522/3087/2245 2523/3086/2246 2524/3088/2247
f 2513/3075/2236 2525/3089/2248 2523/3086/2246
f 2523/3086/2246 2525/3089/2248 2524/3088/2247
f 2526/3090/2249 2527/3091/2250 2528/3092/2251
f 2528/3092/2251 2527/3091/2250 2529/3093/2252
f 2527/3091/2250 2530/3094/2253 2529/3093/2252
f 2529/3093/2252 2530/3094/2253 2531/3095/2254
f 2530/3094/2253 2519/3081/2242 2531/3095/2254
f 2531/3095/2254 2519/3081/2242 2532/3096/2255
f 2533/3097/2256 2534/3098/2257 2535/3099/2258
f 2535/3099/2258 2534/3098/2257 2536/3100/2259
f 2534/3098/2257 2537/3101/2260 2536/3100/2259
f 2536/3100/2259 2537/3101/2260 2538/3102/2261
f 2537/3101/2260 2526/3090/2249 2538/3102/2261
f 2538/3102/2261 2526/3090/2249 2539/3103/2262
f 2540/3104/2263 2541/3105/2264 2515/3077/2238
f 2515/3077/2238 2541/3105/2264 2542/3106/2265
f 2543/3107/2266 2544/3108/2267 2540/3104/2263
f 2540/3104/2263 2544/3108/2267 2541/3105/2264
f 2533/3097/2256 2545/3109/2268 2543/3107/2266
f 2543/3107/2266 2545/3109/2268 2544/3108/2267
f 2546/3110/2269 2547/3111/2270 2548/3112/2271
f 2548/3112/2271 2547/3111/2270 2549/3113/2272
f 2547/3111/2270 2550/3114/2273 2549/3113/2272
f 2549/3113/2272 2550/3114/2273 2551/3115/2274
f 2550/3114/2273 2539/3103/2262 2551/3115/2274
f 2551/3115/2274 2539/3103/2262 2552/3116/2275
f 2553/3117/2276 2554/3118/2277 2555/3119/2278
f 2555/3119/2278 2554/3118/2277 2556/3120/2279
f 2553/3117/2276 2557/3121/2280 2554/3118/2277
f 2554/3118/2277 2557/3121/2280 2558/3122/2281
f 2557/3121/2280 2546/3110/2269 2558/3122/2281
f 2558/3122/2281 2546/3110/2269 2559/3123/2282
f 2535/3099/2258 2560/3124/2283 2561/3125/2284
f 2561/3125/2284 2560/3124/2283 2562/3126/2285
f 2560/3124/2283 2563/3127/2286 2562/3126/2285
f 2562/3126/2285 2563/3127/2286 2564/3128/2287
f 2563/3127/2286 2555/3119/2278 2564/3128/2287
f 2564/3128/2287 2555/3119/2278 2565/3129/2288
f 2566/3130/2289 2567/3131/2290 2568/3132/2291
f 2568/3132/2291 2567/3131/2290 2569/3133/2292
f 2567/3134/2290 2570/3135/2293 2569/3136/2292
f 2569/3136/2292 2570/3135/2293 2571/3137/2294
f 2570/3135/2293 2559/3123/2282 2571/3137/2294
f 2571/3137/2294 2559/3123/2282 2572/3138/2295
f 2556/3120/2279 2573/3139/2296 2574/3140/2297
f 2574/3140/2297 2573/3139/2296 2575/3141/2298
f 2573/3139/2296 2576/3142/2299 2575/3141/2298
f 2575/3141/2298 2576/3142/2299 2577/3143/2300
f 2576/3144/2299 2566/3130/2289 2577/3145/2300
f 2577/3145/2300 2566/3130/2289 2578/3146/2301
f 2521/3083/2244 2579/3147/2302 2580/3148/2303
f 2580/3148/2303 2579/3147/2302 2581/3149/2304
f 2579/3147/2302 2582/3150/2305 2581/3149/2304
f 2581/3149/2304 2582/3150/2305 2583/3151/2306
f 2582/3150/2305 2584/3152/2307 2583/3151/2306
f 2583/3151/2306 2584/3152/2307 2585/3153/2308
f 2586/3154/2309 2587/3155/2310 2588/3156/2311
f 2588/3156/2311 2587/3155/2310 2589/3157/2312
f 2587/3155/2310 2590/3158/2313 2589/3157/2312
f 2589/3157/2312 2590/3158/2313 2591/3159/2314
f 2590/3158/2313 2525/3089/2248 2591/3159/2314
f 2591/3159/2314 2525/3089/2248 2542/3106/2265
f 2584/3152/2307 2592/3160/2315 2593/3161/2316
f 2593/3161/2316 2592/3160/2315 2594/3162/2317
f 2592/3163/2315 2595/3164/2318 2594/3165/2317
f 2594/3165/2317 2595/3164/2318 2596/3166/2319
f 2595/3164/2318 2586/3154/2309 2596/3166/2319
f 2596/3166/2319 2586/3154/2309 2597/3167/2320
f 2598/3168/2321 2599/3169/2322 2600/3170/2323
f 2600/3170/2323 2599/3169/2322 2601/3171/2324
f 2599/3169/2322 2602/3172/2325 2601/3171/2324
f 2601/3171/2324 2602/3172/2325 2603/3173/2326
f 2602/3172/2325 2604/3174/2327 2603/3173/2326
f 2603/3173/2326 2604/3174/2327 2605/3175/2328
f 2588/3156/2311 2606/3176/2329 2607/3177/2330
f 2607/3177/2330 2606/3176/2329 2608/3178/2331
f 2606/3176/2329 2609/3179/2332 2608/3178/2331
f 2608/3178/2331 2609/3179/2332 2610/3180/2333
f 2609/3181/2332 2598/3168/2321 2610/3182/2333
f 2610/3182/2333 2598/3168/2321 2611/3183/2334
f 2604/3174/2327 2612/3184/2335 2613/3185/2336
f 2613/3185/2336 2612/3184/2335 2614/3186/2337
f 2612/3187/2335 2615/3188/2338 2614/3189/2337
f 2614/3189/2337 2615/3188/2338 2616/3190/2339
f 2615/3188/2338 2545/3109/2268 2616/3190/2339
f 2616/3190/2339 2545/3109/2268 2561/3125/2284
f 2613/3185/2336 2617/3191/2340 2618/3192/2341
f 2618/3192/2341 2617/3191/2340 2619/3193/2342
f 2617/3191/2340 2620/3194/2343 2619/3193/2342
f 2619/3193/2342 2620/3194/2343 2621/3195/2344
f 2620/3196/2343 2622/3197/2345 2621/3198/2344
f 2621/3198/2344 2622/3197/2345 2623/3199/2346
f 2624/3200/2347 2625/3201/2348 2626/3202/2349
f 2626/3202/2349 2625/3201/2348 2627/3203/2350
f 2628/3204/2351 2629/3205/2352 2624/3200/2347
f 2624/3200/2347 2629/3205/2352 2625/3201/2348
f 2565/3129/2288 2574/3140/2297 2628/3204/2351
f 2628/3204/2351 2574/3140/2297 2629/3205/2352
f 2622/3197/2345 2630/3206/2353 2631/3207/2354
f 2631/3207/2354 2630/3206/2353 2632/3208/2355
f 2630/3209/2353 2633/3210/2356 2632/3211/2355
f 2632/3211/2355 2633/3210/2356 2634/3212/2357
f 2633/3210/2356 2626/3202/2349 2634/3212/2357
f 2634/3212/2357 2626/3202/2349 2635/3213/2358
f 2636/3214/2359 2637/3215/2360 2638/3216/2361
f 2638/3216/2361 2637/3215/2360 2639/3217/2362
f 2637/3215/2360 2640/3218/2363 2639/3217/2362
f 2639/3217/2362 2640/3218/2363 2641/3219/2364
f 2640/3218/2363 2578/3146/2301 2641/3219/2364
f 2641/3219/2364 2578/3146/2301 2642/3220/2365
f 2627/3203/2350 2643/3221/2366 2644/3222/2367
f 2644/3222/2367 2643/3221/2366 2645/3223/2368
f 2643/3221/2366 2646/3224/2369 2645/3223/2368
f 2645/3223/2368 2646/3224/2369 2647/3225/2370
f 2646/3226/2369 2636/3214/2359 2647/3227/2370
f 2647/3227/2370 2636/3214/2359 2648/3228/2371
f 2593/3161/2316 2649/3229/2372 2650/3230/2373
f 2650/3230/2373 2649/3229/2372 2651/3231/2374
f 2649/3229/2372 2652/3232/2375 2651/3231/2374
f 2651/3231/2374 2652/3232/2375 2653/3233/2374
f 2652/3232/2375 2654/3234/2376 2653/3233/2374
f 2653/3233/2374 2654/3234/2376 2655/3235/2377
f 2656/3236/2378 2657/3237/2379 2658/3238/2380
f 2658/3238/2380 2657/3237/2379 2659/3239/2381
f 2660/3240/2382 2661/3241/2383 2656/3236/2378
f 2656/3236/2378 2661/3241/2383 2657/3237/2379
f 2597/3167/2320 2607/3177/2330 2660/3240/2382
f 2660/3240/2382 2607/3177/2330 2661/3241/2383
f 2654/3234/2376 2662/3242/2384 2663/3243/2385
f 2663/3243/2385 2662/3242/2384 2664/3244/2386
f 2662/3245/2384 2665/3246/2387 2664/3247/2386
f 2664/3247/2386 2665/3246/2387 2666/3248/2388
f 2665/3246/2387 2658/3238/2380 2666/3248/2388
f 2666/3248/2388 2658/3238/2380 2667/3249/2389
f 2668/3250/2390 2669/3251/2391 2670/3252/2392
f 2670/3252/2392 2669/3251/2391 2671/3253/2393
f 2669/3251/2391 2672/3254/2394 2671/3253/2393
f 2671/3253/2393 2672/3254/2394 2673/3255/2395
f 2672/3256/2394 2611/3183/2334 2673/3257/2395
f 2673/3257/2395 2611/3183/2334 2674/3258/2396
f 2675/3259/2397 2676/3260/2398 2677/3261/2399
f 2677/3261/2399 2676/3260/2398 2678/3262/2400
f 2676/3260/2398 2679/3263/2401 2678/3262/2400
f 2678/3262/2400 2679/3263/2401 2680/3264/2402
f 2679/3265/2401 2668/3250/2390 2680/3266/2402
f 2680/3266/2402 2668/3250/2390 2681/3267/2403
f 2659/3239/2381 2682/3268/2404 2683/3269/2405
f 2683/3269/2405 2682/3268/2404 2684/3270/2406
f 2682/3268/2404 2685/3271/2407 2684/3270/2406
f 2684/3270/2406 2685/3271/2407 2686/3272/2408
f 2685/3271/2407 2675/3259/2397 2686/3272/2408
f 2686/3272/2408 2675/3259/2397 2687/3273/2409
f 2631/3207/2354 2688/3274/2410 2689/3275/2411
f 2689/3275/2411 2688/3274/2410 2690/3276/2412
f 2688/3274/2410 2691/3277/2413 2690/3276/2412
f 2690/3276/2412 2691/3277/2413 2692/3278/2414
f 2691/3277/2413 2681/3267/2403 2692/3278/2414
f 2692/3278/2414 2681/3267/2403 2693/3279/2415
f 2694/3280/2416 2695/3281/2417 2696/3282/2418
f 2696/3282/2418 2695/3281/2417 2697/3283/2419
f 2695/3281/2417 2698/3284/2420 2697/3283/2419
f 2697/3283/2419 2698/3284/2420 2699/3285/2421
f 2698/3284/2420 2635/3213/2358 2699/3285/2421
f 2699/3285/2421 2635/3213/2358 2644/3222/2367
f 2700/3286/2422 2701/3287/2423 2677/3261/2399
f 2677/3261/2399 2701/3287/2423 2702/3288/2424
f 2703/3289/2425 2704/3290/2426 2700/3286/2422
f 2700/3286/2422 2704/3290/2426 2701/3287/2423
f 2694/3280/2416 2705/3291/2427 2703/3289/2425
f 2703/3289/2425 2705/3291/2427 2704/3290/2426
f 2706/3292/2428 2707/3293/2429 2708/3294/2430
f 2708/3294/2430 2707/3293/2429 2709/3295/2431
f 2707/3293/2429 2710/3296/2429 2709/3295/2431
f 2709/3295/2431 2710/3296/2429 2711/3297/2431
f 2710/3296/2429 2648/3228/2371 2711/3297/2431
f 2711/3297/2431 2648/3228/2371 2712/3298/2432
f 2713/3299/2433 2714/3300/2434 2696/3282/2418
f 2696/3282/2418 2714/3300/2434 2715/3301/2435
f 2713/3299/2433 2716/3302/2436 2714/3300/2434
f 2714/3300/2434 2716/3302/2436 2717/3303/2437
f 2716/3304/2436 2706/3292/2428 2717/3305/2437
f 2717/3305/2437 2706/3292/2428 2718/3306/2438
f 2663/3243/2385 2719/3307/2439 2720/3308/2440
f 2720/3308/2440 2719/3307/2439 2721/3309/2441
f 2719/3310/2439 2722/3311/2442 2721/3312/2441
f 2721/3312/2441 2722/3311/2442 2723/3313/2443
f 2722/3311/2442 2724/3314/2444 2723/3313/2443
f 2723/3313/2443 2724/3314/2444 2725/3315/2445
f 2724/3314/2444 2726/3316/2446 2727/3317/2447
f 2727/3317/2447 2726/3316/2446 2728/3318/2448
f 2726/3316/2446 2729/3319/2449 2728/3318/2448
f 2728/3318/2448 2729/3319/2449 2730/3320/2450
f 2667/3249/2389 2683/3269/2405 2729/3319/2449
f 2729/3319/2449 2683/3269/2405 2730/3320/2450
f 2727/3317/2447 2731/3321/2451 2732/3322/2452
f 2732/3322/2452 2731/3321/2451 2733/3323/2453
f 2731/3321/2451 2734/3324/2454 2733/3323/2453
f 2733/3323/2453 2734/3324/2454 2735/3325/2455
f 2734/3324/2454 2736/3326/2456 2735/3325/2455
f 2735/3325/2455 2736/3326/2456 2737/3327/2457
f 2736/3326/2456 2738/3328/2458 2739/3329/2459
f 2739/3329/2459 2738/3328/2458 2740/3330/2460
f 2738/3328/2458 2741/3331/2461 2740/3330/2460
f 2740/3330/2460 2741/3331/2461 2742/3332/2462
f 2741/3331/2461 2687/3273/2409 2742/3332/2462
f 2742/3332/2462 2687/3273/2409 2702/3288/2424
f 2739/3329/2459 2743/3333/2463 2744/3334/2464
f 2744/3334/2464 2743/3333/2463 2745/3335/2465
f 2743/3333/2463 2746/3336/2466 2745/3335/2465
f 2745/3335/2465 2746/3336/2466 2747/3337/2467
f 2746/3336/2466 2748/3338/2468 2747/3337/2467
f 2747/3337/2467 2748/3338/2468 2749/3339/2469
f 2748/3338/2468 2750/3340/2470 2751/3341/2471
f 2751/3341/2471 2750/3340/2470 2752/3342/2472
f 2750/3340/2470 2753/3343/2473 2752/3342/2472
f 2752/3342/2472 2753/3343/2473 2754/3344/2474
f 2753/3343/2473 2705/3291/2427 2754/3344/2474
f 2754/3344/2474 2705/3291/2427 2715/3301/2435
f 2751/3341/2471 2755/3345/2475 2756/3346/2476
f 2756/3346/2476 2755/3345/2475 2757/3347/2477
f 2755/3345/2475 2758/3348/2478 2757/3347/2477
f 2757/3347/2477 2758/3348/2478 2759/3349/2479
f 2758/3350/2478 2718/3306/2438 2759/3351/2479
f 2759/3351/2479 2718/3306/2438 2760/3352/2480
f 2720/3308/2440 2761/3353/2481 2655/3235/2377
f 2655/3235/2377 2761/3353/2481 2762/3354/2482
f 2761/3353/2481 2763/3355/2483 2762/3354/2482
f 2762/3354/2482 2763/3355/2483 2764/3356/2484
f 2765/3357/2485 2766/3358/2486 2763/3355/2483
f 2763/3355/2483 2766/3358/2486 2764/3356/2484
f 2765/3357/2485 2767/3359/2487 2768/3360/2488
f 2768/3360/2488 2767/3359/2487 2769/3361/2489
f 2767/3362/2487 2770/3363/2490 2769/3364/2489
f 2769/3364/2489 2770/3363/2490 2771/3365/2491
f 2770/3363/2490 2725/3315/2445 2771/3365/2491
f 2771/3365/2491 2725/3315/2445 2732/3322/2452
f 2772/3366/2492 2773/3367/2493 2768/3360/2488
f 2768/3360/2488 2773/3367/2493 2774/3368/2494
f 2775/3369/2495 2776/3370/2496 2772/3366/2492
f 2772/3366/2492 2776/3370/2496 2773/3367/2493
f 2777/3371/2497 2778/3372/2498 2775/3369/2495
f 2775/3369/2495 2778/3372/2498 2776/3370/2496
f 2777/3371/2497 2779/3373/2499 2780/3374/2500
f 2780/3374/2500 2779/3373/2499 2781/3375/2501
f 2779/3376/2499 2782/3377/2502 2781/3378/2501
f 2781/3378/2501 2782/3377/2502 2783/3379/2503
f 2782/3377/2502 2737/3327/2457 2783/3379/2503
f 2783/3379/2503 2737/3327/2457 2744/3334/2464
f 2780/3374/2500 2784/3380/2504 2785/3381/2505
f 2785/3381/2505 2784/3380/2504 2786/3382/2506
f 2784/3380/2504 2787/3383/2507 2786/3382/2506
f 2786/3382/2506 2787/3383/2507 2788/3384/2508
f 2787/3383/2507 2789/3385/2509 2788/3384/2508
f 2788/3384/2508 2789/3385/2509 2790/3386/2510
f 2791/3387/2511 2792/3388/2512 2789/3385/2509
f 2789/3385/2509 2792/3388/2512 2793/3389/2513
f 2791/3390/2511 2794/3391/2514 2792/3392/2512
f 2792/3392/2512 2794/3391/2514 2795/3393/2515
f 2794/3391/2514 2749/3339/2469 2795/3393/2515
f 2795/3393/2515 2749/3339/2469 2756/3346/2476
f 2793/3389/2513 2796/3394/2516 2797/3395/2517
f 2797/3395/2517 2796/3394/2516 2798/3396/2518
f 2796/3394/2516 2799/3397/2519 2798/3396/2518
f 2798/3396/2518 2799/3397/2519 2800/3398/2520
f 2799/3397/2519 2760/3352/2480 2800/3398/2520
f 2800/3398/2520 2760/3352/2480 2708/3294/2430
f 2801/3399/2521 2802/3400/2522 2803/3401/2523
f 2803/3401/2523 2802/3400/2522 2804/3402/2524
f 2802/3400/2522 2805/3403/2525 2804/3402/2524
f 2804/3402/2524 2805/3403/2525 2806/3404/2526
f 2805/3403/2525 2766/3358/2486 2806/3404/2526
f 2806/3404/2526 2766/3358/2486 2774/3368/2494
f 2650/3230/2373 2807/3405/2527 2585/3153/2308
f 2585/3153/2308 2807/3405/2527 2808/3406/2528
f 2807/3405/2527 2809/3407/2529 2808/3406/2528
f 2808/3406/2528 2809/3407/2529 2810/3408/2530
f 2809/3407/2529 2801/3399/2521 2810/3408/2530
f 2810/3408/2530 2801/3399/2521 2811/3409/2531
f 2803/3401/2523 2812/3410/2532 2813/3411/2533
f 2813/3411/2533 2812/3410/2532 2814/3412/2534
f 2812/3410/2532 2815/3413/2535 2814/3412/2534
f 2814/3412/2534 2815/3413/2535 2816/3414/2536
f 2815/3415/2535 2674/3258/2396 2816/3416/2536
f 2816/3416/2536 2674/3258/2396 2600/3170/2323
f 2670/3252/2392 2817/3417/2537 2693/3279/2415
f 2693/3279/2415 2817/3417/2537 2818/3418/2538
f 2817/3419/2537 2819/3420/2539 2818/3421/2538
f 2818/3421/2538 2819/3420/2539 2820/3422/2540
f 2819/3420/2539 2778/3372/2498 2820/3422/2540
f 2820/3422/2540 2778/3372/2498 2785/3381/2505
f 2821/3423/2541 2822/3424/2542 2823/3425/2543
f 2823/3425/2543 2822/3424/2542 2824/3426/2544
f 2825/3427/2545 2826/3428/2546 2821/3423/2541
f 2821/3423/2541 2826/3428/2546 2822/3424/2542
f 2790/3386/2510 2797/3395/2517 2825/3427/2545
f 2825/3427/2545 2797/3395/2517 2826/3428/2546
f 2689/3275/2411 2827/3429/2547 2623/3199/2346
f 2623/3199/2346 2827/3429/2547 2828/3430/2548
f 2827/3431/2547 2829/3432/2549 2828/3433/2548
f 2828/3433/2548 2829/3432/2549 2830/3434/2550
f 2829/3432/2549 2823/3425/2543 2830/3434/2550
f 2830/3434/2550 2823/3425/2543 2831/3435/2551
f 2824/3426/2544 2832/3436/2552 2833/3437/2553
f 2833/3437/2553 2832/3436/2552 2834/3438/2554
f 2832/3436/2552 2835/3439/2555 2834/3438/2554
f 2834/3438/2554 2835/3439/2555 2836/3440/2556
f 2835/3439/2555 2712/3298/2432 2836/3440/2556
f 2836/3440/2556 2712/3298/2432 2638/3216/2361
f 2837/3441/2557 2838/3442/2558 2839/3443/2559
f 2839/3443/2559 2838/3442/2558 2840/3444/2560
f 2841/3445/2561 2842/3446/2562 2837/3441/2557
f 2837/3441/2557 2842/3446/2562 2838/3442/2558
f 2811/3409/2531 2813/3411/2533 2841/3445/2561
f 2841/3445/2561 2813/3411/2533 2842/3446/2562
f 2580/3148/2303 2843/3447/2563 2512/3074/2235
f 2512/3074/2235 2843/3447/2563 2844/3448/2564
f 2843/3447/2563 2845/3449/2565 2844/3448/2564
f 2844/3448/2564 2845/3449/2565 2846/3450/2566
f 2845/3449/2565 2839/3443/2559 2846/3450/2566
f 2846/3450/2566 2839/3443/2559 2847/3451/2567
f 2848/3452/2568 2849/3453/2569 2850/3454/2570
f 2850/3454/2570 2849/3453/2569 2851/3455/2571
f 2849/3453/2569 2852/3456/2572 2851/3455/2571
f 2851/3455/2571 2852/3456/2572 2853/3457/2573
f 2852/3458/2572 2605/3175/2328 2853/3459/2573
f 2853/3459/2573 2605/3175/2328 2618/3192/2341
f 2840/3444/2560 2854/3460/2574 2855/3461/2575
f 2855/3461/2575 2854/3460/2574 2856/3462/2576
f 2854/3460/2574 2857/3463/2577 2856/3462/2576
f 2856/3462/2576 2857/3463/2577 2858/3464/2578
f 2857/3463/2577 2848/3452/2568 2858/3464/2578
f 2858/3464/2578 2848/3452/2568 2859/3465/2579
f 2860/3466/2580 2861/3467/2581 2862/3468/2582
f 2862/3468/2582 2861/3467/2581 2863/3469/2583
f 2861/3467/2581 2864/3470/2584 2863/3469/2583
f 2863/3469/2583 2864/3470/2584 2865/3471/2585
f 2864/3470/2584 2831/3435/2551 2865/3471/2585
f 2865/3471/2585 2831/3435/2551 2833/3437/2553
f 2866/3472/2586 2867/3473/2587 2850/3454/2570
f 2850/3454/2570 2867/3473/2587 2868/3474/2588
f 2869/3475/2589 2870/3476/2590 2866/3472/2586
f 2866/3472/2586 2870/3476/2590 2867/3473/2587
f 2860/3466/2580 2871/3477/2591 2869/3475/2589
f 2869/3475/2589 2871/3477/2591 2870/3476/2590
f 2872/3478/2592 2873/3479/2593 2862/3468/2582
f 2862/3468/2582 2873/3479/2593 2874/3480/2594
f 2872/3478/2592 2875/3481/2595 2873/3479/2593
f 2873/3479/2593 2875/3481/2595 2876/3482/2596
f 2875/3481/2595 2642/3220/2365 2876/3482/2596
f 2876/3482/2596 2642/3220/2365 2568/3132/2291
f 2507/3067/2230 2877/3483/2597 2532/3096/2255
f 2532/3096/2255 2877/3483/2597 2878/3484/2598
f 2877/3483/2597 2879/3485/2599 2878/3484/2598
f 2878/3484/2598 2879/3485/2599 2880/3486/2600
f 2847/3451/2567 2855/3461/2575 2879/3487/2599
f 2879/3487/2599 2855/3461/2575 2880/3488/2600
f 2528/3092/2251 2881/3489/2601 2552/3116/2275
f 2552/3116/2275 2881/3489/2601 2882/3490/2602
f 2881/3489/2601 2883/3491/2603 2882/3490/2602
f 2882/3490/2602 2883/3491/2603 2884/3492/2604
f 2883/3493/2603 2859/3465/2579 2884/3494/2604
f 2884/3494/2604 2859/3465/2579 2868/3474/2588
f 2548/3112/2271 2885/3495/2605 2572/3138/2295
f 2572/3138/2295 2885/3495/2605 2886/3496/2606
f 2885/3495/2605 2887/3497/2607 2886/3496/2606
f 2886/3496/2606 2887/3497/2607 2888/3498/2608
f 2887/3499/2607 2871/3477/2591 2888/3500/2608
f 2888/3500/2608 2871/3477/2591 2874/3480/2594
f 2515/3077/2238 2542/3106/2265 2513/3075/2236
f 2513/3075/2236 2542/3106/2265 2525/3089/2248
f 2533/3097/2256 2535/3099/2258 2545/3109/2268
f 2545/3109/2268 2535/3099/2258 2561/3125/2284
f 2555/3119/2278 2556/3120/2279 2565/3129/2288
f 2565/3129/2288 2556/3120/2279 2574/3140/2297
f 2588/3156/2311 2607/3177/2330 2586/3154/2309
f 2586/3154/2309 2607/3177/2330 2597/3167/2320
f 2627/3203/2350 2644/3222/2367 2626/3202/2349
f 2626/3202/2349 2644/3222/2367 2635/3213/2358
f 2658/3238/2380 2659/3239/2381 2667/3249/2389
f 2667/3249/2389 2659/3239/2381 2683/3269/2405
f 2675/3259/2397 2677/3261/2399 2687/3273/2409
f 2687/3273/2409 2677/3261/2399 2702/3288/2424
f 2696/3282/2418 2715/3301/2435 2694/3280/2416
f 2694/3280/2416 2715/3301/2435 2705/3291/2427
f 2724/3314/2444 2727/3317/2447 2725/3315/2445
f 2725/3315/2445 2727/3317/2447 2732/3322/2452
f 2736/3326/2456 2739/3329/2459 2737/3327/2457
f 2737/3327/2457 2739/3329/2459 2744/3334/2464
f 2748/3338/2468 2751/3341/2471 2749/3339/2469
f 2749/3339/2469 2751/3341/2471 2756/3346/2476
f 2768/3360/2488 2774/3368/2494 2765/3357/2485
f 2765/3357/2485 2774/3368/2494 2766/3358/2486
f 2777/3371/2497 2780/3374/2500 2778/3372/2498
f 2778/3372/2498 2780/3374/2500 2785/3381/2505
f 2789/3385/2509 2793/3389/2513 2790/3386/2510
f 2790/3386/2510 2793/3389/2513 2797/3395/2517
f 2803/3401/2523 2813/3411/2533 2801/3399/2521
f 2801/3399/2521 2813/3411/2533 2811/3409/2531
f 2824/3426/2544 2833/3437/2553 2823/3425/2543
f 2823/3425/2543 2833/3437/2553 2831/3435/2551
f 2839/3443/2559 2840/3444/2560 2847/3451/2567
f 2847/3451/2567 2840/3444/2560 2855/3461/2575
f 2848/3452/2568 2850/3454/2570 2859/3465/2579
f 2859/3465/2579 2850/3454/2570 2868/3474/2588
f 2862/3468/2582 2874/3480/2594 2860/3466/2580
f 2860/3466/2580 2874/3480/2594 2871/3477/2591
f 2507/3067/2230 2532/3096/2255 2505/3065/2228
f 2505/3065/2228 2532/3096/2255 2519/3081/2242
f 2528/3092/2251 2552/3116/2275 2526/3090/2249
f 2526/3090/2249 2552/3116/2275 2539/3103/2262
f 2548/3112/2271 2572/3138/2295 2546/3110/2269
f 2546/3110/2269 2572/3138/2295 2559/3123/2282
f 2566/3130/2289 2568/3132/2291 2578/3146/2301
f 2578/3146/2301 2568/3132/2291 2642/3220/2365
f 2636/3214/2359 2638/3216/2361 2648/3228/2371
f 2648/3228/2371 2638/3216/2361 2712/3298/2432
f 2706/3292/2428 2708/3294/2430 2718/3306/2438
f 2718/3306/2438 2708/3294/2430 2760/3352/2480
f 2512/3074/2235 2511/3072/2234 2580/3148/2303
f 2580/3148/2303 2511/3072/2234 2521/3083/2244
f 2585/3153/2308 2584/3152/2307 2650/3230/2373
f 2650/3230/2373 2584/3152/2307 2593/3161/2316
f 2655/3235/2377 2654/3234/2376 2720/3308/2440
f 2720/3308/2440 2654/3234/2376 2663/3243/2385
f 2681/3267/2403 2668/3250/2390 2693/3279/2415
f 2693/3279/2415 2668/3250/2390 2670/3252/2392
f 2604/3174/2327 2613/3185/2336 2605/3175/2328
f 2605/3175/2328 2613/3185/2336 2618/3192/2341
f 2611/3183/2334 2598/3168/2321 2674/3258/2396
f 2674/3258/2396 2598/3168/2321 2600/3170/2323
f 2622/3197/2345 2631/3207/2354 2623/3199/2346
f 2623/3199/2346 2631/3207/2354 2689/3275/2411
f 2520/3082/2243 2511/3072/2234 2889/3501/2609
f 2889/3501/2609 2511/3072/2234 2509/3071/2232
f 2889/3502/2609 2509/3069/2232 2890/3503/2610
f 2890/3503/2610 2509/3069/2232 2506/3066/2229
f 2506/3066/2229 2505/3065/2228 2890/3503/2610
f 2890/3503/2610 2505/3065/2228 2517/3079/2240
f 2890/3503/2610 2517/3079/2240 2891/3504/2611
f 2891/3504/2611 2517/3079/2240 2514/3076/2237
f 2513/3075/2236 2523/3086/2246 2514/3076/2237
f 2514/3076/2237 2523/3086/2246 2891/3505/2611
f 2523/3086/2246 2520/3085/2243 2891/3505/2611
f 2891/3505/2611 2520/3085/2243 2889/3506/2609
f 2889/3502/2609 2890/3503/2610 2891/3504/2611
f 2518/3080/2241 2519/3081/2242 2892/3507/2612
f 2892/3507/2612 2519/3081/2242 2530/3094/2253
f 2892/3507/2612 2530/3094/2253 2893/3508/2613
f 2893/3508/2613 2530/3094/2253 2527/3091/2250
f 2527/3091/2250 2526/3090/2249 2893/3508/2613
f 2893/3508/2613 2526/3090/2249 2537/3101/2260
f 2893/3508/2613 2537/3101/2260 2894/3509/2614
f 2894/3509/2614 2537/3101/2260 2534/3098/2257
f 2534/3098/2257 2533/3097/2256 2894/3509/2614
f 2894/3509/2614 2533/3097/2256 2543/3107/2266
f 2894/3509/2614 2543/3107/2266 2895/3510/2615
f 2895/3510/2615 2543/3107/2266 2540/3104/2263
f 2515/3077/2238 2516/3078/2239 2540/3104/2263
f 2540/3104/2263 2516/3078/2239 2895/3510/2615
f 2895/3510/2615 2516/3078/2239 2892/3507/2612
f 2892/3507/2612 2516/3078/2239 2518/3080/2241
f 2892/3507/2612 2893/3508/2613 2895/3510/2615
f 2895/3510/2615 2893/3508/2613 2894/3509/2614
f 2538/3102/2261 2539/3103/2262 2896/3511/2616
f 2896/3511/2616 2539/3103/2262 2550/3114/2273
f 2896/3511/2616 2550/3114/2273 2897/3512/2617
f 2897/3512/2617 2550/3114/2273 2547/3111/2270
f 2547/3111/2270 2546/3110/2269 2897/3512/2617
f 2897/3512/2617 2546/3110/2269 2557/3121/2280
f 2897/3512/2617 2557/3121/2280 2898/3513/2618
f 2898/3513/2618 2557/3121/2280 2553/3117/2276
f 2555/3119/2278 2563/3127/2286 2553/3117/2276
f 2553/3117/2276 2563/3127/2286 2898/3513/2618
f 2563/3127/2286 2560/3124/2283 2898/3513/2618
f 2898/3513/2618 2560/3124/2283 2899/3514/2619
f 2560/3124/2283 2535/3099/2258 2899/3514/2619
f 2899/3514/2619 2535/3099/2258 2536/3100/2259
f 2899/3514/2619 2536/3100/2259 2896/3511/2616
f 2896/3511/2616 2536/3100/2259 2538/3102/2261
f 2896/3511/2616 2897/3512/2617 2899/3514/2619
f 2899/3514/2619 2897/3512/2617 2898/3513/2618
f 2558/3122/2281 2559/3123/2282 2900/3515/2620
f 2900/3515/2620 2559/3123/2282 2570/3135/2293
f 2570/3135/2293 2567/3134/2290 2900/3515/2620
f 2900/3515/2620 2567/3134/2290 2901/3516/2621
f 2567/3131/2290 2566/3130/2289 2901/3517/2621
f 2901/3517/2621 2566/3130/2289 2576/3144/2299
f 2901/3518/2621 2576/3142/2299 2902/3519/2622
f 2902/3519/2622 2576/3142/2299 2573/3139/2296
f 2556/3120/2279 2554/3118/2277 2573/3139/2296
f 2573/3139/2296 2554/3118/2277 2902/3519/2622
f 2554/3118/2277 2558/3122/2281 2902/3519/2622
f 2902/3519/2622 2558/3122/2281 2900/3515/2620
f 2900/3515/2620 2901/3516/2621 2902/3519/2622
f 2592/3160/2315 2584/3152/2307 2903/3520/2623
f 2903/3520/2623 2584/3152/2307 2582/3150/2305
f 2903/3520/2623 2582/3150/2305 2904/3521/2624
f 2904/3521/2624 2582/3150/2305 2579/3147/2302
f 2579/3147/2302 2521/3083/2244 2904/3521/2624
f 2904/3521/2624 2521/3083/2244 2522/3084/2245
f 2904/3522/2624 2522/3087/2245 2905/3523/2625
f 2905/3523/2625 2522/3087/2245 2524/3088/2247
f 2525/3089/2248 2590/3158/2313 2524/3088/2247
f 2524/3088/2247 2590/3158/2313 2905/3523/2625
f 2590/3158/2313 2587/3155/2310 2905/3523/2625
f 2905/3523/2625 2587/3155/2310 2906/3524/2626
f 2587/3155/2310 2586/3154/2309 2906/3524/2626
f 2906/3524/2626 2586/3154/2309 2595/3164/2318
f 2906/3524/2626 2595/3164/2318 2903/3525/2623
f 2903/3525/2623 2595/3164/2318 2592/3163/2315
f 2903/3525/2623 2904/3522/2624 2906/3524/2626
f 2906/3524/2626 2904/3522/2624 2905/3523/2625
f 2604/3174/2327 2602/3172/2325 2612/3184/2335
f 2612/3184/2335 2602/3172/2325 2907/3526/2627
f 2907/3526/2627 2602/3172/2325 2908/3527/2628
f 2908/3527/2628 2602/3172/2325 2599/3169/2322
f 2598/3168/2321 2609/3181/2332 2599/3169/2322
f 2599/3169/2322 2609/3181/2332 2908/3527/2628
f 2609/3179/2332 2606/3176/2329 2908/3528/2628
f 2908/3528/2628 2606/3176/2329 2909/3529/2629
f 2588/3156/2311 2589/3157/2312 2606/3176/2329
f 2606/3176/2329 2589/3157/2312 2909/3529/2629
f 2909/3529/2629 2589/3157/2312 2910/3530/2630
f 2910/3530/2630 2589/3157/2312 2591/3159/2314
f 2542/3106/2265 2541/3105/2264 2591/3159/2314
f 2591/3159/2314 2541/3105/2264 2910/3530/2630
f 2541/3105/2264 2544/3108/2267 2910/3530/2630
f 2910/3530/2630 2544/3108/2267 2911/3531/2631
f 2545/3109/2268 2615/3188/2338 2544/3108/2267
f 2544/3108/2267 2615/3188/2338 2911/3531/2631
f 2911/3531/2631 2615/3188/2338 2907/3532/2627
f 2907/3532/2627 2615/3188/2338 2612/3187/2335
f 2910/3530/2630 2911/3531/2631 2909/3529/2629
f 2911/3531/2631 2907/3532/2627 2909/3529/2629
f 2907/3532/2627 2908/3528/2628 2909/3529/2629
f 2622/3197/2345 2620/3196/2343 2630/3206/2353
f 2630/3206/2353 2620/3196/2343 2912/3533/2632
f 2620/3194/2343 2617/3191/2340 2912/3534/2632
f 2912/3534/2632 2617/3191/2340 2913/3535/2633
f 2613/3185/2336 2614/3186/2337 2617/3191/2340
f 2617/3191/2340 2614/3186/2337 2913/3535/2633
f 2614/3189/2337 2616/3190/2339 2913/3536/2633
f 2913/3536/2633 2616/3190/2339 2914/3537/2634
f 2561/3125/2284 2562/3126/2285 2616/3190/2339
f 2616/3190/2339 2562/3126/2285 2914/3537/2634
f 2914/3537/2634 2562/3126/2285 2915/3538/2635
f 2915/3538/2635 2562/3126/2285 2564/3128/2287
f 2565/3129/2288 2628/3204/2351 2564/3128/2287
f 2564/3128/2287 2628/3204/2351 2915/3538/2635
f 2628/3204/2351 2624/3200/2347 2915/3538/2635
f 2915/3538/2635 2624/3200/2347 2916/3539/2636
f 2626/3202/2349 2633/3210/2356 2624/3200/2347
f 2624/3200/2347 2633/3210/2356 2916/3539/2636
f 2916/3539/2636 2633/3210/2356 2912/3540/2632
f 2912/3540/2632 2633/3210/2356 2630/3209/2353
f 2915/3538/2635 2916/3539/2636 2914/3537/2634
f 2914/3537/2634 2916/3539/2636 2913/3536/2633
f 2912/3540/2632 2913/3536/2633 2916/3539/2636
f 2577/3145/2300 2578/3146/2301 2917/3541/2637
f 2917/3541/2637 2578/3146/2301 2640/3218/2363
f 2917/3541/2637 2640/3218/2363 2918/3542/2638
f 2918/3542/2638 2640/3218/2363 2637/3215/2360
f 2637/3215/2360 2636/3214/2359 2918/3542/2638
f 2918/3542/2638 2636/3214/2359 2646/3226/2369
f 2918/3543/2638 2646/3224/2369 2919/3544/2639
f 2919/3544/2639 2646/3224/2369 2643/3221/2366
f 2643/3221/2366 2627/3203/2350 2919/3544/2639
f 2919/3544/2639 2627/3203/2350 2625/3201/2348
f 2919/3544/2639 2625/3201/2348 2920/3545/2640
f 2920/3545/2640 2625/3201/2348 2629/3205/2352
f 2574/3140/2297 2575/3141/2298 2629/3205/2352
f 2629/3205/2352 2575/3141/2298 2920/3545/2640
f 2920/3545/2640 2575/3141/2298 2917/3546/2637
f 2917/3546/2637 2575/3141/2298 2577/3143/2300
f 2917/3546/2637 2918/3543/2638 2920/3545/2640
f 2920/3545/2640 2918/3543/2638 2919/3544/2639
f 2662/3242/2384 2654/3234/2376 2921/3547/2641
f 2921/3547/2641 2654/3234/2376 2652/3232/2375
f 2921/3547/2641 2652/3232/2375 2922/3548/2642
f 2922/3548/2642 2652/3232/2375 2649/3229/2372
f 2649/3229/2372 2593/3161/2316 2922/3548/2642
f 2922/3548/2642 2593/3161/2316 2594/3162/2317
f 2922/3549/2642 2594/3165/2317 2923/3550/2643
f 2923/3550/2643 2594/3165/2317 2596/3166/2319
f 2596/3166/2319 2597/3167/2320 2923/3550/2643
f 2923/3550/2643 2597/3167/2320 2660/3240/2382
f 2923/3550/2643 2660/3240/2382 2924/3551/2644
f 2924/3551/2644 2660/3240/2382 2656/3236/2378
f 2658/3238/2380 2665/3246/2387 2656/3236/2378
f 2656/3236/2378 2665/3246/2387 2924/3551/2644
f 2924/3551/2644 2665/3246/2387 2921/3552/2641
f 2921/3552/2641 2665/3246/2387 2662/3245/2384
f 2921/3552/2641 2922/3549/2642 2924/3551/2644
f 2924/3551/2644 2922/3549/2642 2923/3550/2643
f 2611/3183/2334 2672/3256/2394 2610/3182/2333
f 2610/3182/2333 2672/3256/2394 2925/3553/2645
f 2672/3254/2394 2669/3251/2391 2925/3554/2645
f 2925/3554/2645 2669/3251/2391 2926/3555/2646
f 2668/3250/2390 2679/3265/2401 2669/3251/2391
f 2669/3251/2391 2679/3265/2401 2926/3555/2646
f 2679/3263/2401 2676/3260/2398 2926/3556/2646
f 2926/3556/2646 2676/3260/2398 2927/3557/2647
f 2675/3259/2397 2685/3271/2407 2676/3260/2398
f 2676/3260/2398 2685/3271/2407 2927/3557/2647
f 2927/3557/2647 2685/3271/2407 2928/3558/2648
f 2928/3558/2648 2685/3271/2407 2682/3268/2404
f 2659/3239/2381 2657/3237/2379 2682/3268/2404
f 2682/3268/2404 2657/3237/2379 2928/3558/2648
f 2657/3237/2379 2661/3241/2383 2928/3558/2648
f 2928/3558/2648 2661/3241/2383 2929/3559/2649
f 2607/3177/2330 2608/3178/2331 2661/3241/2383
f 2661/3241/2383 2608/3178/2331 2929/3559/2649
f 2929/3559/2649 2608/3178/2331 2925/3560/2645
f 2925/3560/2645 2608/3178/2331 2610/3180/2333
f 2928/3558/2648 2929/3559/2649 2927/3557/2647
f 2927/3557/2647 2929/3559/2649 2926/3556/2646
f 2925/3560/2645 2926/3556/2646 2929/3559/2649
f 2681/3267/2403 2691/3277/2413 2680/3266/2402
f 2680/3266/2402 2691/3277/2413 2930/3561/2650
f 2930/3561/2650 2691/3277/2413 2931/3562/2651
f 2931/3562/2651 2691/3277/2413 2688/3274/2410
f 2631/3207/2354 2632/3208/2355 2688/3274/2410
f 2688/3274/2410 2632/3208/2355 2931/3562/2651
f 2632/3211/2355 2634/3212/2357 2931/3563/2651
f 2931/3563/2651 2634/3212/2357 2932/3564/2652
f 2635/3213/2358 2698/3284/2420 2634/3212/2357
f 2634/3212/2357 2698/3284/2420 2932/3564/2652
f 2932/3564/2652 2698/3284/2420 2933/3565/2653
f 2933/3565/2653 2698/3284/2420 2695/3281/2417
f 2694/3280/2416 2703/3289/2425 2695/3281/2417
f 2695/3281/2417 2703/3289/2425 2933/3565/2653
f 2703/3289/2425 2700/3286/2422 2933/3565/2653
f 2933/3565/2653 2700/3286/2422 2934/3566/2654
f 2677/3261/2399 2678/3262/2400 2700/3286/2422
f 2700/3286/2422 2678/3262/2400 2934/3566/2654
f 2934/3566/2654 2678/3262/2400 2930/3567/2650
f 2930/3567/2650 2678/3262/2400 2680/3264/2402
f 2933/3565/2653 2934/3566/2654 2932/3564/2652
f 2934/3566/2654 2930/3567/2650 2932/3564/2652
f 2930/3567/2650 2931/3563/2651 2932/3564/2652
f 2647/3227/2370 2648/3228/2371 2935/3568/2655
f 2935/3568/2655 2648/3228/2371 2710/3296/2429
f 2935/3568/2655 2710/3296/2429 2936/3569/2656
f 2936/3569/2656 2710/3296/2429 2707/3293/2429
f 2707/3293/2429 2706/3292/2428 2936/3569/2656
f 2936/3569/2656 2706/3292/2428 2716/3304/2436
f 2936/3570/2656 2716/3302/2436 2937/3571/2657
f 2937/3571/2657 2716/3302/2436 2713/3299/2433
f 2696/3282/2418 2697/3283/2419 2713/3299/2433
f 2713/3299/2433 2697/3283/2419 2937/3571/2657
f 2697/3283/2419 2699/3285/2421 2937/3571/2657
f 2937/3571/2657 2699/3285/2421 2938/3572/2658
f 2699/3285/2421 2644/3222/2367 2938/3572/2658
f 2938/3572/2658 2644/3222/2367 2645/3223/2368
f 2938/3572/2658 2645/3223/2368 2935/3573/2655
f 2935/3573/2655 2645/3223/2368 2647/3225/2370
f 2935/3573/2655 2936/3570/2656 2938/3572/2658
f 2938/3572/2658 2936/3570/2656 2937/3571/2657
f 2726/3316/2446 2724/3314/2444 2939/3574/2659
f 2939/3574/2659 2724/3314/2444 2722/3311/2442
f 2722/3311/2442 2719/3310/2439 2939/3574/2659
f 2939/3574/2659 2719/3310/2439 2940/3575/2660
f 2719/3307/2439 2663/3243/2385 2940/3576/2660
f 2940/3576/2660 2663/3243/2385 2664/3244/2386
f 2940/3577/2660 2664/3247/2386 2941/3578/2661
f 2941/3578/2661 2664/3247/2386 2666/3248/2388
f 2667/3249/2389 2729/3319/2449 2666/3248/2388
f 2666/3248/2388 2729/3319/2449 2941/3578/2661
f 2729/3319/2449 2726/3316/2446 2941/3579/2661
f 2941/3579/2661 2726/3316/2446 2939/3574/2659
f 2939/3574/2659 2940/3575/2660 2941/3579/2661
f 2738/3328/2458 2736/3326/2456 2942/3580/2662
f 2942/3580/2662 2736/3326/2456 2734/3324/2454
f 2942/3580/2662 2734/3324/2454 2943/3581/2663
f 2943/3581/2663 2734/3324/2454 2731/3321/2451
f 2731/3321/2451 2727/3317/2447 2943/3581/2663
f 2943/3581/2663 2727/3317/2447 2728/3318/2448
f 2943/3581/2663 2728/3318/2448 2944/3582/2664
f 2944/3582/2664 2728/3318/2448 2730/3320/2450
f 2683/3269/2405 2684/3270/2406 2730/3320/2450
f 2730/3320/2450 2684/3270/2406 2944/3582/2664
f 2684/3270/2406 2686/3272/2408 2944/3582/2664
f 2944/3582/2664 2686/3272/2408 2945/3583/2665
f 2686/3272/2408 2687/3273/2409 2945/3583/2665
f 2945/3583/2665 2687/3273/2409 2741/3331/2461
f 2945/3583/2665 2741/3331/2461 2942/3580/2662
f 2942/3580/2662 2741/3331/2461 2738/3328/2458
f 2942/3580/2662 2943/3581/2663 2945/3583/2665
f 2945/3583/2665 2943/3581/2663 2944/3582/2664
f 2750/3340/2470 2748/3338/2468 2946/3584/2666
f 2946/3584/2666 2748/3338/2468 2746/3336/2466
f 2946/3584/2666 2746/3336/2466 2947/3585/2667
f 2947/3585/2667 2746/3336/2466 2743/3333/2463
f 2743/3333/2463 2739/3329/2459 2947/3585/2667
f 2947/3585/2667 2739/3329/2459 2740/3330/2460
f 2947/3585/2667 2740/3330/2460 2948/3586/2668
f 2948/3586/2668 2740/3330/2460 2742/3332/2462
f 2742/3332/2462 2702/3288/2424 2948/3586/2668
f 2948/3586/2668 2702/3288/2424 2701/3287/2423
f 2948/3586/2668 2701/3287/2423 2949/3587/2669
f 2949/3587/2669 2701/3287/2423 2704/3290/2426
f 2705/3291/2427 2753/3343/2473 2704/3290/2426
f 2704/3290/2426 2753/3343/2473 2949/3587/2669
f 2949/3587/2669 2753/3343/2473 2946/3584/2666
f 2946/3584/2666 2753/3343/2473 2750/3340/2470
f 2946/3584/2666 2947/3585/2667 2949/3587/2669
f 2949/3587/2669 2947/3585/2667 2948/3586/2668
f 2717/3305/2437 2718/3306/2438 2950/3588/2670
f 2950/3588/2670 2718/3306/2438 2758/3350/2478
f 2950/3589/2670 2758/3348/2478 2951/3590/2671
f 2951/3590/2671 2758/3348/2478 2755/3345/2475
f 2755/3345/2475 2751/3341/2471 2951/3590/2671
f 2951/3590/2671 2751/3341/2471 2752/3342/2472
f 2951/3590/2671 2752/3342/2472 2952/3591/2672
f 2952/3591/2672 2752/3342/2472 2754/3344/2474
f 2715/3301/2435 2714/3300/2434 2754/3344/2474
f 2754/3344/2474 2714/3300/2434 2952/3592/2672
f 2714/3300/2434 2717/3303/2437 2952/3592/2672
f 2952/3592/2672 2717/3303/2437 2950/3593/2670
f 2950/3589/2670 2951/3590/2671 2952/3591/2672
f 2765/3357/2485 2763/3355/2483 2767/3359/2487
f 2767/3359/2487 2763/3355/2483 2953/3594/2673
f 2763/3355/2483 2761/3353/2481 2953/3594/2673
f 2953/3594/2673 2761/3353/2481 2954/3595/2674
f 2761/3353/2481 2720/3308/2440 2954/3595/2674
f 2954/3595/2674 2720/3308/2440 2721/3309/2441
f 2954/3596/2674 2721/3312/2441 2955/3597/2675
f 2955/3597/2675 2721/3312/2441 2723/3313/2443
f 2723/3313/2443 2725/3315/2445 2955/3597/2675
f 2955/3597/2675 2725/3315/2445 2770/3363/2490
f 2955/3597/2675 2770/3363/2490 2953/3598/2673
f 2953/3598/2673 2770/3363/2490 2767/3362/2487
f 2953/3598/2673 2954/3596/2674 2955/3597/2675
f 2779/3373/2499 2777/3371/2497 2956/3599/2676
f 2956/3599/2676 2777/3371/2497 2775/3369/2495
f 2956/3599/2676 2775/3369/2495 2957/3600/2677
f 2957/3600/2677 2775/3369/2495 2772/3366/2492
f 2768/3360/2488 2769/3361/2489 2772/3366/2492
f 2772/3366/2492 2769/3361/2489 2957/3600/2677
f 2957/3601/2677 2769/3364/2489 2958/3602/2678
f 2958/3602/2678 2769/3364/2489 2771/3365/2491
f 2771/3365/2491 2732/3322/2452 2958/3602/2678
f 2958/3602/2678 2732/3322/2452 2733/3323/2453
f 2958/3602/2678 2733/3323/2453 2959/3603/2679
f 2959/3603/2679 2733/3323/2453 2735/3325/2455
f 2735/3325/2455 2737/3327/2457 2959/3603/2679
f 2959/3603/2679 2737/3327/2457 2782/3377/2502
f 2959/3603/2679 2782/3377/2502 2956/3604/2676
f 2956/3604/2676 2782/3377/2502 2779/3376/2499
f 2956/3604/2676 2957/3601/2677 2959/3603/2679
f 2959/3603/2679 2957/3601/2677 2958/3602/2678
f 2789/3385/2509 2787/3383/2507 2791/3387/2511
f 2791/3387/2511 2787/3383/2507 2960/3605/2680
f 2787/3383/2507 2784/3380/2504 2960/3605/2680
f 2960/3605/2680 2784/3380/2504 2961/3606/2681
f 2784/3380/2504 2780/3374/2500 2961/3606/2681
f 2961/3606/2681 2780/3374/2500 2781/3375/2501
f 2961/3607/2681 2781/3378/2501 2962/3608/2682
f 2962/3608/2682 2781/3378/2501 2783/3379/2503
f 2783/3379/2503 2744/3334/2464 2962/3608/2682
f 2962/3608/2682 2744/3334/2464 2745/3335/2465
f 2962/3608/2682 2745/3335/2465 2963/3609/2683
f 2963/3609/2683 2745/3335/2465 2747/3337/2467
f 2747/3337/2467 2749/3339/2469 2963/3609/2683
f 2963/3609/2683 2749/3339/2469 2794/3391/2514
f 2963/3609/2683 2794/3391/2514 2960/3610/2680
f 2960/3610/2680 2794/3391/2514 2791/3390/2511
f 2960/3610/2680 2961/3607/2681 2963/3609/2683
f 2963/3609/2683 2961/3607/2681 2962/3608/2682
f 2759/3351/2479 2760/3352/2480 2964/3611/2684
f 2964/3611/2684 2760/3352/2480 2799/3397/2519
f 2964/3611/2684 2799/3397/2519 2965/3612/2685
f 2965/3612/2685 2799/3397/2519 2796/3394/2516
f 2793/3389/2513 2792/3388/2512 2796/3394/2516
f 2796/3394/2516 2792/3388/2512 2965/3612/2685
f 2792/3392/2512 2795/3393/2515 2965/3613/2685
f 2965/3613/2685 2795/3393/2515 2966/3614/2686
f 2795/3393/2515 2756/3346/2476 2966/3614/2686
f 2966/3614/2686 2756/3346/2476 2757/3347/2477
f 2757/3347/2477 2759/3349/2479 2966/3614/2686
f 2966/3614/2686 2759/3349/2479 2964/3615/2684
f 2964/3615/2684 2965/3613/2685 2966/3614/2686
f 2807/3405/2527 2650/3230/2373 2967/3616/2687
f 2967/3616/2687 2650/3230/2373 2651/3231/2374
f 2967/3616/2687 2651/3231/2374 2968/3617/2688
f 2968/3617/2688 2651/3231/2374 2653/3233/2374
f 2653/3233/2374 2655/3235/2377 2968/3617/2688
f 2968/3617/2688 2655/3235/2377 2762/3354/2482
f 2968/3617/2688 2762/3354/2482 2969/3618/2689
f 2969/3618/2689 2762/3354/2482 2764/3356/2484
f 2766/3358/2486 2805/3403/2525 2764/3356/2484
f 2764/3356/2484 2805/3403/2525 2969/3618/2689
f 2805/3403/2525 2802/3400/2522 2969/3618/2689
f 2969/3618/2689 2802/3400/2522 2970/3619/2690
f 2802/3400/2522 2801/3399/2521 2970/3619/2690
f 2970/3619/2690 2801/3399/2521 2809/3407/2529
f 2970/3619/2690 2809/3407/2529 2967/3616/2687
f 2967/3616/2687 2809/3407/2529 2807/3405/2527
f 2967/3616/2687 2968/3617/2688 2970/3619/2690
f 2970/3619/2690 2968/3617/2688 2969/3618/2689
f 2670/3252/2392 2671/3253/2393 2817/3417/2537
f 2817/3417/2537 2671/3253/2393 2971/3620/2691
f 2971/3620/2691 2671/3253/2393 2972/3621/2692
f 2972/3621/2692 2671/3253/2393 2673/3255/2395
f 2674/3258/2396 2815/3415/2535 2673/3257/2395
f 2673/3257/2395 2815/3415/2535 2972/3622/2692
f 2815/3413/2535 2812/3410/2532 2972/3623/2692
f 2972/3623/2692 2812/3410/2532 2973/3624/2693
f 2803/3401/2523 2804/3402/2524 2812/3410/2532
f 2812/3410/2532 2804/3402/2524 2973/3624/2693
f 2973/3624/2693 2804/3402/2524 2974/3625/2694
f 2974/3625/2694 2804/3402/2524 2806/3404/2526
f 2774/3368/2494 2773/3367/2493 2806/3404/2526
f 2806/3404/2526 2773/3367/2493 2974/3625/2694
f 2773/3367/2493 2776/3370/2496 2974/3625/2694
f 2974/3625/2694 2776/3370/2496 2975/3626/2695
f 2778/3372/2498 2819/3420/2539 2776/3370/2496
f 2776/3370/2496 2819/3420/2539 2975/3626/2695
f 2975/3626/2695 2819/3420/2539 2971/3627/2691
f 2971/3627/2691 2819/3420/2539 2817/3419/2537
f 2974/3625/2694 2975/3626/2695 2973/3624/2693
f 2975/3626/2695 2971/3627/2691 2973/3624/2693
f 2971/3627/2691 2972/3623/2692 2973/3624/2693
f 2689/3275/2411 2690/3276/2412 2827/3429/2547
f 2827/3429/2547 2690/3276/2412 2976/3628/2696
f 2690/3276/2412 2692/3278/2414 2976/3628/2696
f 2976/3628/2696 2692/3278/2414 2977/3629/2697
f 2693/3279/2415 2818/3418/2538 2692/3278/2414
f 2692/3278/2414 2818/3418/2538 2977/3629/2697
f 2818/3421/2538 2820/3422/2540 2977/3630/2697
f 2977/3630/2697 2820/3422/2540 2978/3631/2698
f 2785/3381/2505 2786/3382/2506 2820/3422/2540
f 2820/3422/2540 2786/3382/2506 2978/3631/2698
f 2978/3631/2698 2786/3382/2506 2979/3632/2699
f 2979/3632/2699 2786/3382/2506 2788/3384/2508
f 2790/3386/2510 2825/3427/2545 2788/3384/2508
f 2788/3384/2508 2825/3427/2545 2979/3632/2699
f 2825/3427/2545 2821/3423/2541 2979/3632/2699
f 2979/3632/2699 2821/3423/2541 2980/3633/2700
f 2823/3425/2543 2829/3432/2549 2821/3423/2541
f 2821/3423/2541 2829/3432/2549 2980/3633/2700
f 2980/3633/2700 2829/3432/2549 2976/3634/2696
f 2976/3634/2696 2829/3432/2549 2827/3431/2547
f 2979/3632/2699 2980/3633/2700 2978/3631/2698
f 2978/3631/2698 2980/3633/2700 2977/3630/2697
f 2976/3634/2696 2977/3630/2697 2980/3633/2700
f 2800/3398/2520 2708/3294/2430 2981/3635/2701
f 2981/3635/2701 2708/3294/2430 2709/3295/2431
f 2981/3635/2701 2709/3295/2431 2982/3636/2702
f 2982/3636/2702 2709/3295/2431 2711/3297/2431
f 2711/3297/2431 2712/3298/2432 2982/3636/2702
f 2982/3636/2702 2712/3298/2432 2835/3439/2555
f 2982/3636/2702 2835/3439/2555 2983/3637/2703
f 2983/3637/2703 2835/3439/2555 2832/3436/2552
f 2832/3436/2552 2824/3426/2544 2983/3637/2703
f 2983/3637/2703 2824/3426/2544 2822/3424/2542
f 2983/3637/2703 2822/3424/2542 2984/3638/2704
f 2984/3638/2704 2822/3424/2542 2826/3428/2546
f 2797/3395/2517 2798/3396/2518 2826/3428/2546
f 2826/3428/2546 2798/3396/2518 2984/3638/2704
f 2984/3638/2704 2798/3396/2518 2981/3635/2701
f 2981/3635/2701 2798/3396/2518 2800/3398/2520
f 2981/3635/2701 2982/3636/2702 2984/3638/2704
f 2984/3638/2704 2982/3636/2702 2983/3637/2703
f 2843/3447/2563 2580/3148/2303 2985/3639/2705
f 2985/3639/2705 2580/3148/2303 2581/3149/2304
f 2985/3639/2705 2581/3149/2304 2986/3640/2706
f 2986/3640/2706 2581/3149/2304 2583/3151/2306
f 2583/3151/2306 2585/3153/2308 2986/3640/2706
f 2986/3640/2706 2585/3153/2308 2808/3406/2528
f 2986/3640/2706 2808/3406/2528 2987/3641/2707
f 2987/3641/2707 2808/3406/2528 2810/3408/2530
f 2810/3408/2530 2811/3409/2531 2987/3641/2707
f 2987/3641/2707 2811/3409/2531 2841/3445/2561
f 2987/3641/2707 2841/3445/2561 2988/3642/2708
f 2988/3642/2708 2841/3445/2561 2837/3441/2557
f 2839/3443/2559 2845/3449/2565 2837/3441/2557
f 2837/3441/2557 2845/3449/2565 2988/3642/2708
f 2988/3642/2708 2845/3449/2565 2985/3639/2705
f 2985/3639/2705 2845/3449/2565 2843/3447/2563
f 2985/3639/2705 2986/3640/2706 2988/3642/2708
f 2988/3642/2708 2986/3640/2706 2987/3641/2707
f 2600/3170/2323 2601/3171/2324 2816/3416/2536
f 2816/3416/2536 2601/3171/2324 2989/3643/2709
f 2601/3171/2324 2603/3173/2326 2989/3643/2709
f 2989/3643/2709 2603/3173/2326 2990/3644/2710
f 2605/3175/2328 2852/3458/2572 2603/3173/2326
f 2603/3173/2326 2852/3458/2572 2990/3644/2710
f 2852/3456/2572 2849/3453/2569 2990/3645/2710
f 2990/3645/2710 2849/3453/2569 2991/3646/2711
f 2848/3452/2568 2857/3463/2577 2849/3453/2569
f 2849/3453/2569 2857/3463/2577 2991/3646/2711
f 2991/3646/2711 2857/3463/2577 2992/3647/2712
f 2992/3647/2712 2857/3463/2577 2854/3460/2574
f 2840/3444/2560 2838/3442/2558 2854/3460/2574
f 2854/3460/2574 2838/3442/2558 2992/3647/2712
f 2838/3442/2558 2842/3446/2562 2992/3647/2712
f 2992/3647/2712 2842/3446/2562 2993/3648/2713
f 2813/3411/2533 2814/3412/2534 2842/3446/2562
f 2842/3446/2562 2814/3412/2534 2993/3648/2713
f 2993/3648/2713 2814/3412/2534 2989/3649/2709
f 2989/3649/2709 2814/3412/2534 2816/3414/2536
f 2992/3647/2712 2993/3648/2713 2991/3646/2711
f 2991/3646/2711 2993/3648/2713 2990/3645/2710
f 2989/3649/2709 2990/3645/2710 2993/3648/2713
f 2618/3192/2341 2619/3193/2342 2853/3459/2573
f 2853/3459/2573 2619/3193/2342 2994/3650/2714
f 2994/3650/2714 2619/3193/2342 2995/3651/2715
f 2995/3651/2715 2619/3193/2342 2621/3195/2344
f 2623/3199/2346 2828/3430/2548 2621/3198/2344
f 2621/3198/2344 2828/3430/2548 2995/3652/2715
f 2828/3433/2548 2830/3434/2550 2995/3653/2715
f 2995/3653/2715 2830/3434/2550 2996/3654/2716
f 2831/3435/2551 2864/3470/2584 2830/3434/2550
f 2830/3434/2550 2864/3470/2584 2996/3654/2716
f 2996/3654/2716 2864/3470/2584 2997/3655/2717
f 2997/3655/2717 2864/3470/2584 2861/3467/2581
f 2860/3466/2580 2869/3475/2589 2861/3467/2581
f 2861/3467/2581 2869/3475/2589 2997/3655/2717
f 2869/3475/2589 2866/3472/2586 2997/3655/2717
f 2997/3655/2717 2866/3472/2586 2998/3656/2718
f 2850/3454/2570 2851/3455/2571 2866/3472/2586
f 2866/3472/2586 2851/3455/2571 2998/3656/2718
f 2998/3656/2718 2851/3455/2571 2994/3657/2714
f 2994/3657/2714 2851/3455/2571 2853/3457/2573
f 2997/3655/2717 2998/3656/2718 2996/3654/2716
f 2998/3656/2718 2994/3657/2714 2996/3654/2716
f 2994/3657/2714 2995/3653/2715 2996/3654/2716
f 2836/3440/2556 2638/3216/2361 2999/3658/2719
f 2999/3658/2719 2638/3216/2361 2639/3217/2362
f 2999/3658/2719 2639/3217/2362 3000/3659/2720
f 3000/3659/2720 2639/3217/2362 2641/3219/2364
f 2641/3219/2364 2642/3220/2365 3000/3659/2720
f 3000/3659/2720 2642/3220/2365 2875/3481/2595
f 3000/3659/2720 2875/3481/2595 3001/3660/2721
f 3001/3660/2721 2875/3481/2595 2872/3478/2592
f 2862/3468/2582 2863/3469/2583 2872/3478/2592
f 2872/3478/2592 2863/3469/2583 3001/3660/2721
f 2863/3469/2583 2865/3471/2585 3001/3660/2721
f 3001/3660/2721 2865/3471/2585 3002/3661/2722
f 2865/3471/2585 2833/3437/2553 3002/3661/2722
f 3002/3661/2722 2833/3437/2553 2834/3438/2554
f 3002/3661/2722 2834/3438/2554 2999/3658/2719
f 2999/3658/2719 2834/3438/2554 2836/3440/2556
f 2999/3658/2719 3000/3659/2720 3002/3661/2722
f 3002/3661/2722 3000/3659/2720 3001/3660/2721
f 2877/3483/2597 2507/3067/2230 3003/3662/2723
f 3003/3662/2723 2507/3067/2230 2508/3068/2231
f 2508/3068/2231 2510/3070/2233 3003/3662/2723
f 3003/3662/2723 2510/3070/2233 3004/3663/2724
f 2510/3073/2233 2512/3074/2235 3004/3664/2724
f 3004/3664/2724 2512/3074/2235 2844/3448/2564
f 3004/3664/2724 2844/3448/2564 3005/3665/2725
f 3005/3665/2725 2844/3448/2564 2846/3450/2566
f 2847/3451/2567 2879/3487/2599 2846/3450/2566
f 2846/3450/2566 2879/3487/2599 3005/3665/2725
f 2879/3485/2599 2877/3483/2597 3005/3666/2725
f 3005/3666/2725 2877/3483/2597 3003/3662/2723
f 3003/3662/2723 3004/3663/2724 3005/3666/2725
f 2881/3489/2601 2528/3092/2251 3006/3667/2726
f 3006/3667/2726 2528/3092/2251 2529/3093/2252
f 3006/3667/2726 2529/3093/2252 3007/3668/2727
f 3007/3668/2727 2529/3093/2252 2531/3095/2254
f 2531/3095/2254 2532/3096/2255 3007/3668/2727
f 3007/3668/2727 2532/3096/2255 2878/3484/2598
f 3007/3668/2727 2878/3484/2598 3008/3669/2728
f 3008/3669/2728 2878/3484/2598 2880/3486/2600
f 2855/3461/2575 2856/3462/2576 2880/3488/2600
f 2880/3488/2600 2856/3462/2576 3008/3670/2728
f 2856/3462/2576 2858/3464/2578 3008/3670/2728
f 3008/3670/2728 2858/3464/2578 3009/3671/2729
f 2858/3464/2578 2859/3465/2579 3009/3671/2729
f 3009/3671/2729 2859/3465/2579 2883/3493/2603
f 3009/3672/2729 2883/3491/2603 3006/3667/2726
f 3006/3667/2726 2883/3491/2603 2881/3489/2601
f 3006/3667/2726 3007/3668/2727 3009/3672/2729
f 3009/3672/2729 3007/3668/2727 3008/3669/2728
f 2885/3495/2605 2548/3112/2271 3010/3673/2730
f 3010/3673/2730 2548/3112/2271 2549/3113/2272
f 3010/3673/2730 2549/3113/2272 3011/3674/2731
f 3011/3674/2731 2549/3113/2272 2551/3115/2274
f 2551/3115/2274 2552/3116/2275 3011/3674/2731
f 3011/3674/2731 2552/3116/2275 2882/3490/2602
f 3011/3674/2731 2882/3490/2602 3012/3675/2732
f 3012/3675/2732 2882/3490/2602 2884/3492/2604
f 2884/3494/2604 2868/3474/2588 3012/3676/2732
f 3012/3676/2732 2868/3474/2588 2867/3473/2587
f 3012/3676/2732 2867/3473/2587 3013/3677/2733
f 3013/3677/2733 2867/3473/2587 2870/3476/2590
f 2871/3477/2591 2887/3499/2607 2870/3476/2590
f 2870/3476/2590 2887/3499/2607 3013/3677/2733
f 3013/3678/2733 2887/3497/2607 3010/3673/2730
f 3010/3673/2730 2887/3497/2607 2885/3495/2605
f 3010/3673/2730 3011/3674/2731 3013/3678/2733
f 3013/3678/2733 3011/3674/2731 3012/3675/2732
f 2876/3482/2596 2568/3132/2291 3014/3679/2734
f 3014/3679/2734 2568/3132/2291 2569/3133/2292
f 3014/3680/2734 2569/3136/2292 3015/3681/2735
f 3015/3681/2735 2569/3136/2292 2571/3137/2294
f 2571/3137/2294 2572/3138/2295 3015/3681/2735
f 3015/3681/2735 2572/3138/2295 2886/3496/2606
f 3015/3681/2735 2886/3496/2606 3016/3682/2736
f 3016/3682/2736 2886/3496/2606 2888/3498/2608
f 2874/3480/2594 2873/3479/2593 2888/3500/2608
f 2888/3500/2608 2873/3479/2593 3016/3683/2736
f 2873/3479/2593 2876/3482/2596 3016/3683/2736
f 3016/3683/2736 2876/3482/2596 3014/3679/2734
f 3014/3680/2734 3015/3681/2735 3016/3682/2736
s off
