# Apple ModelIO OBJ File: Car
mtllib Car.mtl
g Car_MainSG
v -11.9942 -1.80853 5.01692
v -11.9942 -0.52241 5.01692
v -12.306 -1.80853 2.54878
v -12.306 -0.52241 2.54878
v -12.3779 -0.52241 2.23319
v -12.3779 -0.52241 8e-06
v -12.3779 -1.80853 2.23319
v -12.3779 -1.80853 8e-06
v 12.4893 -1.75485 1.04984
v 12.4893 -1.75485 8e-06
v 12.4893 -0.789356 1.04984
v 12.4893 -0.789356 8e-06
v 2.37635 -2.88679 1.74984
v 2.37635 -2.88679 8e-06
v 7.98138 -2.88679 1.74984
v 7.98138 -2.88679 8e-06
v -3.94031 -2.88679 1.74984
v -3.94031 -2.88679 8e-06
v -12.0407 0.032985 5.41165
v -12.4823 0.032446 2.36692
v -12.1123 -0.002332 5.41217
v -12.5535 -0.002636 2.37222
v -12.5822 -0.076646 2.41467
v -12.1412 -0.076286 5.41268
v -4.33299 0.73167 5.48023
v -4.33581 0.76203 5.40405
v -12.0287 0.002526 5.48253
v -12.1409 -2.789 5.41496
v -12.1013 -0.075684 5.48355
v -12.103 -2.78906 5.48418
v -12.0291 -2.789 5.51173
v -12.023 -0.07105 5.51173
v -4.22119 0.858384 1.74984
v -4.26234 0.79251 1.75163
v -4.22082 0.859833 5.37347
v -4.2631 0.792112 5.39335
v -4.33391 0.762637 1.75636
v -4.18814 0.866531 5.44115
v -2.95547 4.4791 4.64692
v -2.9839 4.47998 4.57898
v 12.529 0.417579 5.51173
v 12.529 -2.78221 5.51173
v 12.6029 0.415003 5.48191
v 12.603 -2.78221 5.4811
v 12.6336 0.414766 5.40989
v 12.6336 -2.78221 5.40715
v 12.5319 0.522155 5.40989
v 8.07486 0.765331 5.40411
v 12.5305 0.491532 5.48191
v 8.0732 0.734612 5.48021
v 7.98138 -2.78221 5.51173
v 12.529 -2.85616 5.4811
v 7.98138 -2.85616 5.4811
v 12.529 -2.88679 5.40715
v 7.98138 -2.88679 5.40715
v 12.529 -2.88679 1.74984
v 12.603 -2.85616 5.40714
v 12.603 -2.85616 1.74984
v 12.6336 -2.78221 1.74984
v 8.07296 0.765435 1.74984
v 8.00117 0.793465 5.39314
v 8.00044 0.793642 1.74984
v 7.95823 0.860912 5.37297
v 7.95865 0.85928 1.74984
v 7.02497 4.47998 4.57898
v 6.99497 4.47562 4.64819
v 7.92503 0.867297 5.44025
v 7.95865 0.85928 8e-06
v 8.00044 0.793642 8e-06
v 8.07296 0.765435 8e-06
v -4.33391 0.762637 8e-06
v -4.26234 0.79251 8e-06
v -4.22119 0.858384 8e-06
v 7.02497 4.47998 1.74984
v 6.98205 4.54525 4.5655
v 6.9821 4.54534 1.74984
v 6.90815 4.57067 4.56074
v 6.90815 4.57067 1.74984
v 2.33682 4.57067 4.55968
v -2.86708 4.57067 4.56074
v 2.33682 4.54474 4.63363
v -2.87185 4.54448 4.6341
v 2.33682 4.47832 4.67519
v -2.88683 4.47823 4.67506
v -2.86708 4.57067 1.74984
v -2.94103 4.54534 1.74984
v -2.94097 4.54525 4.5655
v -2.9839 4.47998 1.74984
v 7.80571 1.03515 8e-06
v 7.80571 1.03515 1.74984
v 7.88494 1.0238 8e-06
v 7.88494 1.0238 1.74984
v 7.93294 0.959756 8e-06
v 7.93294 0.959756 1.74984
v 6.97482 4.25411 4.41246
v 7.03887 4.30212 4.43712
v 7.80564 1.03513 5.13967
v 7.88492 1.0238 5.17772
v 7.05021 4.38135 4.49663
v 7.93294 0.959755 5.26959
v -4.19525 0.959756 8e-06
v -4.19525 0.959756 1.74984
v -4.14725 1.0238 8e-06
v -4.14725 1.0238 1.74984
v -4.06802 1.03515 8e-06
v -4.06802 1.03515 1.74984
v -4.19525 0.959755 5.26959
v -3.00914 4.38135 4.49663
v -4.14723 1.0238 5.17772
v -2.99779 4.30212 4.43712
v -4.06796 1.03513 5.13967
v -2.93374 4.25411 4.41246
v -3.94031 -2.78221 5.51173
v -4.16135 0.674186 5.51173
v -4.32642 0.65912 5.51173
v 7.89838 0.669749 5.51173
v 8.06916 0.660449 5.51173
v 2.37635 -2.78221 5.51173
v 2.37635 0.770432 5.51173
v 2.17906 0.961035 5.46905
v -3.99376 0.961133 5.46903
v -2.80784 4.3799 4.69707
v 2.14335 4.37997 4.69706
v 7.16919 0.961013 5.46905
v 2.56983 0.961133 5.46903
v 2.53431 4.37988 4.69708
v 6.28656 4.37997 4.69706
v 6.9223 4.47123 4.67673
v 7.71326 1.0115 5.13967
v 6.88237 4.23046 4.41246
v -2.8413 4.23046 4.41246
v -3.97557 1.0115 5.13967
v -3.94031 -2.88679 5.40715
v 2.37635 -2.88679 5.40715
v 12.6336 0.414766 1.74984
v 12.5319 0.522155 1.74984
v 7.71326 1.0115 1.74984
v 6.97482 4.25411 1.74984
v 6.88237 4.23046 1.74984
v 7.05021 4.38135 1.74984
v 2.33682 4.57067 1.74984
v -3.00914 4.38135 1.74984
v -2.8413 4.23046 1.74984
v -2.93374 4.25411 1.74984
v -3.97557 1.0115 1.74984
v -3.97557 1.0115 8e-06
v 7.71326 1.0115 8e-06
v 12.5319 0.522155 8e-06
v 12.529 -2.88679 8e-06
v -12.4778 -2.88679 2.36659
v -12.0364 -2.88679 5.40715
v -12.4777 -2.88679 8e-06
v -12.4823 0.032444 8e-06
v -12.0297 -2.85821 5.48092
v -3.94031 -2.85616 5.4811
v 12.6041 0.488714 8e-06
v 12.6041 0.488714 1.74984
v 12.6336 0.414766 8e-06
v -12.5823 -2.78218 2.41442
v -12.1103 -2.85821 5.41113
v -12.5517 -2.85614 2.37201
v 12.603 -2.85616 8e-06
v 12.6336 -2.78221 8e-06
v 2.37635 -2.85616 5.4811
v 6.90986 4.54221 4.63489
v 7.03887 4.30212 1.74984
v -2.99779 4.30212 1.74984
v -3.89888 1.0266 5.42296
v 2.10429 1.02656 5.42296
v 2.07332 1.01948 5.25101
v -3.85959 1.01948 5.25101
v 2.07015 4.30112 4.68333
v 2.03983 4.23422 4.52474
v -2.75024 4.3011 4.68335
v -2.72639 4.23422 4.52474
v 7.0742 1.02656 5.42297
v 2.64303 1.0266 5.42298
v 7.03486 1.01948 5.25101
v 2.67335 1.01948 5.25101
v 6.22892 4.30112 4.68333
v 6.20505 4.23422 4.52474
v 2.60894 4.3011 4.68336
v 2.63986 4.23422 4.52474
v -12.5535 -0.002631 8e-06
v -12.5823 -2.78216 8e-06
v -12.5517 -2.85614 8e-06
v 12.6041 0.488714 5.40993
v -12.0904 -0.015217 5.47022
v -4.24244 0.773701 5.46743
v -12.0904 -2.84552 5.46959
v 12.5902 0.475499 5.46869
v 12.5894 -2.84257 5.4675
v 7.98062 0.774404 5.46703
v 6.97036 4.53164 4.6244
v -2.93059 4.53323 4.62365
v -12.5822 -0.07662 8e-06
v 6.88237 4.23046 8e-06
v 6.97482 4.25411 8e-06
v 7.03887 4.30212 8e-06
v 7.05021 4.38135 8e-06
v 7.02497 4.47998 8e-06
v 6.9821 4.54534 8e-06
v 6.90815 4.57067 8e-06
v 2.33682 4.57067 8e-06
v -2.86708 4.57067 8e-06
v -2.94103 4.54534 8e-06
v -2.9839 4.47998 8e-06
v -3.00914 4.38135 8e-06
v -2.99779 4.30212 8e-06
v -2.93374 4.25411 8e-06
v -2.8413 4.23046 8e-06
v -11.9942 -1.80853 -5.0169
v -12.306 -1.80853 -2.54877
v -11.9942 -0.52241 -5.0169
v -12.306 -0.52241 -2.54877
v -12.3779 -0.52241 -2.23318
v -12.3779 -1.80853 -2.23318
v 12.4893 -1.75485 -1.04982
v 12.4893 -0.789356 -1.04982
v 2.37635 -2.88679 -1.74982
v 7.98138 -2.88679 -1.74982
v -3.94031 -2.88679 -1.74982
v -12.0407 0.032985 -5.41164
v -12.1123 -0.002332 -5.41216
v -12.4823 0.032446 -2.3669
v -12.5535 -0.002636 -2.3722
v -12.1412 -0.076286 -5.41267
v -12.5822 -0.076646 -2.41466
v -4.33581 0.76203 -5.40403
v -12.0287 0.002526 -5.48251
v -4.33299 0.73167 -5.48021
v -12.1013 -0.075684 -5.48354
v -12.1409 -2.789 -5.41494
v -12.103 -2.78906 -5.48416
v -12.023 -0.07105 -5.51171
v -12.0291 -2.789 -5.51171
v -4.2631 0.792112 -5.39334
v -4.26234 0.79251 -1.75162
v -4.22082 0.859833 -5.37346
v -4.22119 0.858384 -1.74982
v -4.33391 0.762637 -1.75634
v -4.18814 0.866531 -5.44113
v -2.95547 4.4791 -4.6469
v -2.9839 4.47998 -4.57896
v 12.529 0.417579 -5.51171
v 12.6029 0.415003 -5.48189
v 12.529 -2.78221 -5.51171
v 12.603 -2.78221 -5.48109
v 12.6336 0.414766 -5.40987
v 12.6336 -2.78221 -5.40714
v 12.5319 0.522155 -5.40987
v 12.5305 0.491532 -5.48189
v 8.07486 0.765331 -5.4041
v 8.0732 0.734612 -5.48019
v 12.529 -2.85616 -5.48109
v 7.98138 -2.78221 -5.51171
v 7.98138 -2.85616 -5.48109
v 12.529 -2.88679 -5.40714
v 7.98138 -2.88679 -5.40714
v 12.603 -2.85616 -5.40712
v 12.529 -2.88679 -1.74982
v 12.603 -2.85616 -1.74982
v 12.6336 -2.78221 -1.74982
v 8.00117 0.793465 -5.39313
v 8.07296 0.765435 -1.74982
v 8.00044 0.793642 -1.74982
v 7.95823 0.860912 -5.37295
v 7.95865 0.85928 -1.74982
v 7.92503 0.867297 -5.44023
v 6.99497 4.47562 -4.64817
v 7.02497 4.47998 -4.57896
v 6.98205 4.54525 -4.56548
v 7.02497 4.47998 -1.74982
v 6.9821 4.54534 -1.74982
v 6.90815 4.57067 -4.56072
v 6.90815 4.57067 -1.74982
v 2.33682 4.57067 -4.55966
v 2.33682 4.54474 -4.63361
v -2.86708 4.57067 -4.56072
v -2.87185 4.54448 -4.63409
v 2.33682 4.47832 -4.67518
v -2.88683 4.47823 -4.67504
v -2.94097 4.54525 -4.56548
v -2.94103 4.54534 -1.74982
v -2.86708 4.57067 -1.74982
v -2.9839 4.47998 -1.74982
v 7.80571 1.03515 -1.74982
v 7.88494 1.0238 -1.74982
v 7.93294 0.959756 -1.74982
v 7.88492 1.0238 -5.17771
v 7.03887 4.30212 -4.4371
v 7.80564 1.03513 -5.13965
v 6.97482 4.25411 -4.41245
v 7.93294 0.959755 -5.26958
v 7.05021 4.38135 -4.49662
v -4.19525 0.959756 -1.74982
v -4.14725 1.0238 -1.74982
v -4.06802 1.03515 -1.74982
v -4.19525 0.959755 -5.26958
v -4.14723 1.0238 -5.17771
v -3.00914 4.38135 -4.49662
v -2.99779 4.30212 -4.4371
v -4.06796 1.03513 -5.13965
v -2.93374 4.25411 -4.41245
v -3.94031 -2.78221 -5.51171
v -4.16135 0.674186 -5.51171
v -4.32642 0.65912 -5.51171
v 7.89838 0.669749 -5.51171
v 8.06916 0.660449 -5.51171
v 2.37635 0.770432 -5.51171
v 2.37635 -2.78221 -5.51171
v 2.17906 0.961035 -5.46903
v -3.99376 0.961133 -5.46901
v -2.80784 4.3799 -4.69706
v 2.14335 4.37997 -4.69704
v 7.16919 0.961013 -5.46904
v 2.56983 0.961133 -5.46901
v 2.53431 4.37988 -4.69706
v 6.9223 4.47123 -4.67672
v 6.28656 4.37997 -4.69704
v 7.71326 1.0115 -5.13965
v 6.88237 4.23046 -4.41245
v -3.97557 1.0115 -5.13965
v -2.8413 4.23046 -4.41245
v -3.94031 -2.88679 -5.40714
v 2.37635 -2.88679 -5.40714
v 12.6336 0.414766 -1.74982
v 12.5319 0.522155 -1.74982
v 7.71326 1.0115 -1.74982
v 6.97482 4.25411 -1.74982
v 6.88237 4.23046 -1.74982
v 7.05021 4.38135 -1.74982
v 2.33682 4.57067 -1.74982
v -3.00914 4.38135 -1.74982
v -2.8413 4.23046 -1.74982
v -2.93374 4.25411 -1.74982
v -3.97557 1.0115 -1.74982
v -12.0364 -2.88679 -5.40714
v -12.4778 -2.88679 -2.36658
v -12.0297 -2.85821 -5.48091
v -3.94031 -2.85616 -5.48109
v 12.6041 0.488714 -1.74982
v -12.1103 -2.85821 -5.41111
v -12.5823 -2.78218 -2.41441
v -12.5517 -2.85614 -2.372
v 2.37635 -2.85616 -5.48109
v 6.90986 4.54221 -4.63488
v 7.03887 4.30212 -1.74982
v -2.99779 4.30212 -1.74982
v -3.89888 1.0266 -5.42294
v 2.10429 1.02656 -5.42294
v -3.85959 1.01948 -5.25099
v 2.07332 1.01948 -5.25099
v 2.07015 4.30112 -4.68331
v 2.03983 4.23422 -4.52473
v -2.75024 4.3011 -4.68334
v -2.72639 4.23422 -4.52473
v 2.64303 1.0266 -5.42296
v 7.0742 1.02656 -5.42295
v 7.03486 1.01948 -5.25099
v 2.67335 1.01948 -5.25099
v 6.22892 4.30112 -4.68331
v 6.20505 4.23422 -4.52473
v 2.60894 4.3011 -4.68335
v 2.63986 4.23422 -4.52473
v 12.6041 0.488714 -5.40992
v -12.0904 -0.015217 -5.4702
v -4.24244 0.773701 -5.46741
v -12.0904 -2.84552 -5.46957
v 12.5902 0.475499 -5.46868
v 12.5894 -2.84257 -5.46749
v 7.98062 0.774404 -5.46701
v 6.97036 4.53164 -4.62438
v -2.93059 4.53323 -4.62363
v -12.5823 -1.89589 2.32055
v -12.5568 -1.83412 2.25878
v -12.5824 -1.89586 8e-06
v -12.5568 -1.83411 8e-06
v -12.495 -1.80853 2.23319
v -12.495 -1.80853 8e-06
v -12.495 -0.52241 -2.23318
v -12.5567 -0.496808 -2.25878
v -12.495 -1.80853 -2.23318
v -12.5568 -1.83412 -2.25877
v -12.5822 -0.43502 -2.32057
v -12.5823 -1.89589 -2.32054
v -12.1073 -1.80853 5.01692
v -12.4083 -1.80853 2.54878
v -12.4184 -0.52241 2.54878
v -12.1043 -0.52241 5.01692
v -12.495 -0.52241 2.23319
v -12.495 -0.52241 8e-06
v -12.5823 -0.435065 8e-06
v -12.5822 -0.43502 2.32058
v -12.1851 -1.90288 5.1103
v -12.5185 -1.90618 2.52538
v -12.5252 -0.430867 2.51302
v -12.186 -0.433182 5.10588
v -12.411 -1.80853 -2.54877
v -12.1073 -1.80853 -5.0169
v -12.4184 -0.52241 -2.54877
v -12.1056 -0.52241 -5.0169
v -12.186 -1.897 -5.10447
v -12.5178 -1.9079 -2.53097
v -12.5252 -0.430867 -2.51301
v -12.186 -0.434451 -5.10458
v -12.5567 -0.496808 2.25879
v -12.5568 -0.496825 8e-06
v -12.1672 -1.83683 5.04493
v -12.1666 -0.495677 5.04357
v -12.4833 -1.83668 2.54204
v -12.4885 -0.49637 2.53861
v -12.1675 -1.83505 -5.04315
v -12.4839 -1.83721 -2.54363
v -12.4885 -0.49637 -2.5386
v -12.167 -0.496048 -5.04318
v 12.6336 -1.81256 1.10755
v 12.6167 -1.77175 1.06674
v 12.6336 -0.731643 1.10755
v 12.6167 -0.772452 1.06674
v 12.5759 -1.75485 1.04984
v 12.5759 -0.789356 1.04984
v 12.5759 -0.789356 8e-06
v 12.5759 -1.75485 8e-06
v 12.6336 -1.81256 8e-06
v 12.6336 -0.731643 8e-06
v 12.5759 -1.75485 -1.04982
v 12.5759 -0.789356 -1.04982
v 12.6336 -1.81256 -1.10754
v 12.6336 -0.731643 -1.10754
v 12.6167 -1.77175 8e-06
v 12.6167 -0.772452 8e-06
v 12.6167 -1.77175 -1.06673
v 12.6167 -0.772452 -1.06673
vn -0.992113 0 0.12535
vn -1 0 0
vn 1 0 0
vn 0 -1 0
vn -0.094173 0.99546 0.013842
vn -0.094395 0.995527 0.00404
vn -0.706748 0.699019 0.108993
vn -0.734548 0.676782 0.049038
vn -0.994124 0.061155 0.089321
vn -0.977938 0.053885 0.201827
vn -0.067549 0.70072 0.710231
vn -0.094344 0.995432 0.014622
vn -0.069305 0.710994 0.699775
vn -0.985278 -0.021325 0.169624
vn -0.642551 0.007175 0.76621
vn -0.648119 -0.006748 0.76151
vn -0.003027 -0.009889 0.999947
vn -0.003569 0.008642 0.999956
vn -0.927537 0.373732 -3.6e-05
vn -0.649567 0.760304 -4.9e-05
vn -0.905879 0.407106 0.116826
vn -0.616582 0.78723 0.0098
vn -0.093455 0.995617 0.003517
vn -0.537611 0.353334 0.765591
vn -0.599904 0.363736 0.712609
vn -0.912781 0.388363 0.126513
vn 0.006328 0.00828 0.999946
vn 0.006198 -0.008891 0.999941
vn 0.699151 0.005717 0.714952
vn 0.702468 -0.006511 0.711685
vn 0.999927 0.008949 0.008171
vn 0.999924 -0.009299 0.00814
vn 0.060915 0.998109 0.00821
vn 0.059335 0.998204 0.008254
vn 0.04224 0.702249 0.710678
vn 0.040427 0.701354 0.711666
vn 0 -0.008777 0.999961
vn 0.00445 -0.707098 0.707101
vn 0 -0.707105 0.707109
vn 0.006581 -0.999945 0.008164
vn 0 -0.999966 0.008209
vn 0.006627 -0.999978 0
vn 0.707097 -0.707095 0.005514
vn 0.707108 -0.707106 0
vn 0.999925 -0.012289 0
vn 0.059789 0.998211 -1e-06
vn 0.601069 0.799135 0.009921
vn 0.633965 0.773362 -8.5e-05
vn 0.91501 0.382776 0.127432
vn 0.925657 0.378364 -4.3e-05
vn 0.926732 0.351905 0.131644
vn 0.634101 0.32142 0.703282
vn 0.550856 0.314576 0.773046
vn 0.926442 0.376437 0
vn 0.634533 0.772896 0
vn 0.059804 0.99821 0
vn -0.091656 0.995791 0
vn -0.647172 0.762344 0
vn -0.928094 0.372345 0
vn 0.923222 0.384267 4e-06
vn 0.631445 0.775395 0.006347
vn 0.613511 0.789686 1.1e-05
vn 0.005618 0.999939 0.009499
vn 0.005463 0.999985 0
vn 2e-06 0.999958 0.00922
vn -0.004936 0.999944 0.009324
vn 0.000124 0.774821 0.632181
vn -0.002883 0.7625 0.646982
vn 0.000102 0.447691 0.894188
vn -0.102009 0.348991 0.931558
vn -0.004809 0.999988 0
vn -0.613507 0.78969 1.1e-05
vn -0.631519 0.77534 0.005607
vn -0.923223 0.384265 4e-06
vn -0.071502 0.99744 0
vn -0.07113 0.997467 2e-06
vn 0.509775 0.860308 0
vn 0.51191 0.859039 3e-06
vn 0.912597 0.408861 0
vn 0.913105 0.407724 1e-06
vn 0.410435 -0.608346 -0.679307
vn 0.916189 -0.151437 -0.371031
vn 0.157127 0.652303 -0.741493
vn 0.816277 0.476672 -0.326307
vn 0.979157 0.195827 -0.053889
vn 0.960487 0.275986 -0.036004
vn -0.912948 0.408077 0
vn -0.913482 0.40688 1e-06
vn -0.50977 0.860311 0
vn -0.511904 0.859042 3e-06
vn 0.071502 0.99744 0
vn 0.07113 0.997467 2e-06
vn -0.948724 0.31417 -0.034928
vn -0.969245 0.239724 -0.055649
vn -0.799839 0.509267 -0.317654
vn -0.914559 -0.11096 -0.388934
vn -0.15932 0.656552 -0.737263
vn -0.402591 -0.594974 -0.695648
vn 3e-06 -0.009173 0.999958
vn -0.000809 0.00475 0.999988
vn -0.000454 0.0048 0.999988
vn 0.0014 0.011003 0.999939
vn 0.000251 0.004603 0.999989
vn 0 -0.008512 0.999964
vn 2e-06 0.005783 0.999983
vn -0.00121 0.217265 0.976112
vn -0.001215 0.2159 0.976415
vn -0.040426 0.230293 0.972281
vn 0.024544 0.209315 0.97754
vn -1e-05 0.124499 0.99222
vn -1.1e-05 0.144696 0.989476
vn -0.05241 0.219356 0.974236
vn -0.045531 0.219496 0.97455
vn 0 0.220163 0.975463
vn 0.001642 0.205404 0.978676
vn 0.001602 0.215699 0.976459
vn 0.045944 0.220399 0.974327
vn 0.051291 0.220396 0.974061
vn 6e-06 0.147959 0.988994
vn 6e-06 0.146303 0.98924
vn 0.043638 0.25994 0.964638
vn -0.01067 0.2148 0.9766
vn 0.002604 0.217978 0.97595
vn 0.052966 -0.207024 -0.976901
vn -0.178918 -0.699294 -0.692081
vn 0.146303 0.571843 -0.807212
vn 1e-06 -0.999965 0.008314
vn 0.999932 0.011674 0
vn 0.060961 0.99814 0
vn -0.247862 0.968795 0
vn -0.247861 0.968796 0
vn 0.247878 -0.968791 0
vn 0.416574 -0.909102 0
vn 0.996843 0.079396 0
vn -0 1 0
vn -0.996843 0.079398 -0
vn -0.247874 -0.968792 -0
vn -0.416573 -0.909102 -0
vn 0.247864 0.968795 0
vn 0.247866 0.968794 0
vn -0.247864 0.968795 0
vn 0.060957 0.99814 0
vn -0.003868 -0.999992 0.000309
vn -0.002765 -0.999967 0.007696
vn -0.004092 -0.999992 -0
vn -0.093212 0.995646 0
vn -0.001935 -0.726868 0.686775
vn 9.6e-05 -0.713599 0.700555
vn 0.726113 0.687576 0
vn 0.726115 0.687574 0
vn 0.999575 0.029153 0
vn -0.996595 -0.026101 0.078219
vn -0.669056 -0.7361 0.102571
vn -0.699714 -0.712981 0.045375
vn 0.707107 -0.707107 0
vn 0.999375 -0.035364 0
vn 0 -0.707105 0.707108
vn 0.003501 0.758341 0.651849
vn 0.861309 -0.508081 0
vn -0.861311 -0.508079 -0
vn 4e-06 0.914169 0.405332
vn 4e-06 0.923102 0.384555
vn 3e-06 0.999148 -0.041264
vn -0.814748 0.119637 0.567338
vn -0.816339 0.119128 0.565154
vn -0.983974 0.029471 0.175862
vn 0.759083 -0.121934 0.639472
vn 0.931632 -0.273553 0.239228
vn 0.796128 -0.146881 0.587032
vn 3e-06 -0.921397 0.388622
vn 5e-06 -0.687891 0.725814
vn 5e-06 -0.672744 0.739876
vn 7e-06 0.913366 0.407139
vn 7e-06 0.923097 0.384566
vn 4e-06 0.999149 -0.041257
vn -0.777277 -0.059179 0.626369
vn -0.803202 -0.073832 0.591114
vn -0.954312 -0.195237 0.226209
vn 0.816062 0.135393 0.561882
vn 0.984 0.048945 0.171312
vn 0.815515 0.135558 0.562636
vn 8e-06 -0.670129 0.742245
vn 5e-06 -0.921408 0.388597
vn 8e-06 -0.686648 0.72699
vn -0.738939 0.673772 3e-06
vn -0.999481 -0.032212 0
vn -0.70896 -0.705249 -3e-06
vn 0.726104 0.687562 0.005527
vn -0.557003 0.5331 0.636829
vn -0.256238 0.548515 0.79591
vn -0.521807 -0.603523 0.60289
vn 0.587559 0.556385 0.587546
vn 0.577392 -0.57738 0.577279
vn 0.232648 0.545256 0.805339
vn 0.471991 0.697592 0.539064
vn -0.488618 0.711196 0.505423
vn -0.997751 0.06703 -0
vn 0.247877 -0.968792 0
vn 0.416323 -0.909217 0
vn 0.860312 -0.509768 0
vn 0.996964 0.077861 0
vn 0.923514 0.383566 -0
vn 0.613243 0.789895 -0
vn 0.005453 0.999985 0
vn -0.0048 0.999989 0
vn -0.613239 0.789898 0
vn -0.923515 0.383562 0
vn -0.996964 0.077862 0
vn -0.860312 -0.509768 0
vn -0.416323 -0.909217 0
vn -0.247877 -0.968791 0
vn -0.992113 0 -0.12535
vn -0.094173 0.99546 -0.013842
vn -0.706745 0.699022 -0.108993
vn -0.094394 0.995527 -0.00404
vn -0.734546 0.676785 -0.049038
vn -0.977999 0.053634 -0.201596
vn -0.994129 0.06099 -0.089379
vn -0.094344 0.995432 -0.014622
vn -0.069305 0.710994 -0.699774
vn -0.06755 0.700721 -0.71023
vn -0.642553 0.007175 -0.766208
vn -0.985272 -0.021527 -0.169633
vn -0.648121 -0.006748 -0.761508
vn -0.003569 0.008642 -0.999956
vn -0.003027 -0.009889 -0.999947
vn -0.616581 0.78723 -0.0098
vn -0.649567 0.760305 4.9e-05
vn -0.905879 0.407105 -0.116827
vn -0.927537 0.373732 3.6e-05
vn -0.093455 0.995617 -0.003517
vn -0.537612 0.353334 -0.76559
vn -0.599905 0.363736 -0.712608
vn -0.912781 0.388362 -0.126513
vn 0.006328 0.00828 -0.999946
vn 0.699151 0.005717 -0.714952
vn 0.006198 -0.008891 -0.999941
vn 0.702468 -0.006511 -0.711686
vn 0.999927 0.008949 -0.008171
vn 0.999924 -0.009299 -0.00814
vn 0.060915 0.998109 -0.00821
vn 0.04224 0.702248 -0.710678
vn 0.059335 0.998204 -0.008254
vn 0.040427 0.701354 -0.711666
vn 0.00445 -0.707098 -0.707101
vn 0 -0.008777 -0.999961
vn 0 -0.707105 -0.707109
vn 0.006581 -0.999945 -0.008164
vn 0 -0.999966 -0.008209
vn 0.707096 -0.707096 -0.005514
vn 0.601068 0.799137 -0.009921
vn 0.059789 0.998211 1e-06
vn 0.633964 0.773363 8.5e-05
vn 0.91501 0.382777 -0.127432
vn 0.925657 0.378365 4.3e-05
vn 0.550854 0.314576 -0.773047
vn 0.6341 0.32142 -0.703283
vn 0.926732 0.351906 -0.131644
vn 0.631444 0.775396 -0.006347
vn 0.923222 0.384268 -4e-06
vn 0.61351 0.789687 -1.1e-05
vn 0.005618 0.999939 -0.009499
vn 2e-06 0.999958 -0.00922
vn 0.000124 0.77482 -0.632182
vn -0.004936 0.999944 -0.009324
vn -0.002883 0.7625 -0.646981
vn 5.1e-05 0.339077 -0.940759
vn -0.102009 0.348991 -0.931558
vn -0.631519 0.77534 -0.005607
vn -0.613507 0.78969 -1.1e-05
vn -0.923223 0.384266 -4e-06
vn -0.071129 0.997467 -2e-06
vn 0.51191 0.859039 -3e-06
vn 0.913105 0.407724 -1e-06
vn 0.816276 0.476673 0.326307
vn 0.916189 -0.151437 0.371032
vn 0.157128 0.652303 0.741493
vn 0.410434 -0.608347 0.679307
vn 0.960487 0.275986 0.036004
vn 0.979157 0.195828 0.053889
vn -0.913482 0.40688 -1e-06
vn -0.511904 0.859042 -3e-06
vn 0.07113 0.997467 -2e-06
vn -0.948724 0.31417 0.034928
vn -0.799839 0.509267 0.317654
vn -0.969245 0.239724 0.055649
vn -0.914559 -0.11096 0.388933
vn -0.159319 0.656552 0.737263
vn -0.402591 -0.594974 0.695648
vn 3e-06 -0.009173 -0.999958
vn -0.000809 0.00475 -0.999988
vn -0.000454 0.0048 -0.999988
vn 0.0014 0.011003 -0.999939
vn 0.000251 0.004603 -0.999989
vn 1e-06 0.00929 -0.999957
vn 0 -0.008512 -0.999964
vn -0.015424 0.218027 -0.975821
vn -0.010905 0.219493 -0.975553
vn 0.009836 0.158629 -0.987289
vn -0.026219 0.182191 -0.982913
vn 0.002224 0.213017 -0.977046
vn 0.018246 0.217513 -0.975887
vn 0.028847 0.188845 -0.981583
vn 0.043639 0.25994 -0.964638
vn -0.007697 0.195801 -0.980614
vn 0.052965 -0.207024 0.976901
vn 0.146304 0.571844 0.807211
vn -0.178918 -0.699295 0.69208
vn 1e-06 -0.999965 -0.008314
vn -0.002765 -0.999967 -0.007696
vn -0.003868 -0.999992 -0.000309
vn -0.001935 -0.726868 -0.686775
vn 9.6e-05 -0.713599 -0.700554
vn 0.726116 0.687572 0
vn -0.669058 -0.736099 -0.102571
vn -0.996592 -0.026278 -0.078188
vn -0.699716 -0.712979 -0.045375
vn 0.003501 0.758339 -0.651851
vn 4e-06 0.914169 -0.405332
vn 4e-06 0.923102 -0.384556
vn 3e-06 0.999148 0.041263
vn -0.81475 0.119637 -0.567336
vn -0.816341 0.119127 -0.565152
vn -0.983974 0.029471 -0.175862
vn 0.759084 -0.121934 -0.639471
vn 0.796129 -0.146881 -0.587031
vn 0.931632 -0.273553 -0.239228
vn 5e-06 -0.672744 -0.739876
vn 3e-06 -0.921397 -0.388623
vn 5e-06 -0.687891 -0.725814
vn 7e-06 0.923097 -0.384566
vn 7e-06 0.913366 -0.407139
vn 4e-06 0.999149 0.041257
vn -0.777279 -0.059179 -0.626367
vn -0.803204 -0.073832 -0.591112
vn -0.954312 -0.195237 -0.226209
vn 0.816064 0.135392 -0.561879
vn 0.481937 -0.346353 -0.804845
vn 0.984 0.048945 -0.171311
vn 0.661127 -0.636404 -0.397368
vn 8e-06 -0.686648 -0.72699
vn 5e-06 -0.921407 -0.388598
vn -0.738939 0.673772 -3e-06
vn -0.708961 -0.705248 3e-06
vn 0.726106 0.68756 -0.005527
vn -0.557001 0.5331 -0.636831
vn -0.256238 0.548515 -0.795911
vn -0.521806 -0.603523 -0.602892
vn 0.58756 0.556385 -0.587545
vn 0.577394 -0.577379 -0.577278
vn 0.232648 0.545256 -0.805339
vn 0.471992 0.697592 -0.539063
vn -0.488617 0.711197 -0.505422
vn -0.999915 0.011162 -0.006732
vn -0.795112 0.606463 1.8e-05
vn -0.999661 0.02604 0
vn -0.710086 0.704116 -0
vn -0.1616 0.986856 3e-06
vn -0.142092 0.989853 -0
vn -0.163027 6e-06 0.986622
vn -0.800314 3e-05 0.59958
vn -0.800301 3e-05 0.599598
vn -0.999707 -0.020674 0.012577
vn -0.999915 0.011162 0.006732
vn -0.167516 0.98565 0.02081
vn -0.177489 0.983876 0.022049
vn 0 0 1
vn -0.053129 0.000285 0.998588
vn -0.053575 0.000287 0.998564
vn -0.168146 -0.985526 0.021567
vn -0.153567 -0.987942 0.019697
vn -0.179826 4e-05 -0.983698
vn 0 0 -1
vn -0.181848 4e-05 -0.983327
vn -0.163027 6e-06 -0.986622
vn -0.161681 -0.986843 5e-06
vn -0.142161 -0.989844 -0
vn -0.998279 -0.058649 -0
vn -0.999707 -0.020674 -0.012577
vn -0.99054 0.027714 0.134395
vn -0.979887 0.040174 0.195469
vn -0.967423 -0.071614 0.242824
vn -0.990006 -0.048717 0.132341
vn -0.172577 0.984765 -0.021362
vn -0.162409 0.986519 -0.020103
vn -0.048395 0.000645 -0.998828
vn -0.048448 0.000645 -0.998825
vn -0.166908 -0.985742 -0.02132
vn -0.152476 -0.988115 -0.019476
vn -0.172839 0.000146 0.98495
vn -0.173511 0.000147 0.984832
vn -0.161601 0.986856 -3e-06
vn -0.161681 -0.986843 -5e-06
vn -0.990552 0.027545 -0.134345
vn -0.980102 0.040371 -0.194343
vn -0.967705 -0.070818 -0.241935
vn -0.990008 -0.048465 -0.132423
vn -0.795319 -0.606192 2.7e-05
vn -0.710273 -0.703926 -0
vn -0.800314 3e-05 -0.59958
vn -0.800301 3e-05 -0.599598
vn -0.851843 -0.000449 -0.523797
vn -0.848727 -0.000444 -0.528831
vn -0.773846 0.625727 0.098123
vn -0.738988 0.667186 0.093593
vn -0.345623 0.001833 0.938371
vn -0.342855 0.001818 0.939387
vn -0.733905 -0.672593 0.094879
vn -0.752875 -0.650924 0.097356
vn -0.795318 -0.606192 -2.7e-05
vn -0.795112 0.606463 -1.8e-05
vn -0.768633 0.632303 -0.096938
vn -0.73035 0.676849 -0.092001
vn -0.323634 0.003616 -0.946175
vn -0.318451 0.003563 -0.947933
vn -0.734185 -0.672309 -0.094724
vn -0.753208 -0.65056 -0.097209
vn -0.84031 0.000258 0.542107
vn -0.839336 0.000259 0.543612
vn 0.999995 0.002307 -0.002207
vn 0.799059 0 -0.601253
vn 0.999996 -0.002136 -0.002044
vn 0.152096 0 -0.988366
vn 0.151231 -0.988499 0
vn 0.132243 -0.991217 0
vn 0.151231 0.988499 0
vn 0.132243 0.991217 0
vn 0.999917 0.012852 0
vn 0.99994 -0.010923 0
vn 0.152096 0 0.988366
vn 0.999995 0.002307 0.002207
vn 0.999996 -0.002136 0.002044
vn 0.795772 0.605596 0
vn 0.711038 0.703154 0
vn 0.795772 -0.605596 0
vn 0.711038 -0.703154 0
vn 0.795772 0.605597 0
vn 0.799059 0 0.601252
vn 0.795772 -0.605597 0
vt 0.316647 0.077133
vt 0.349226 0.077133
vt 0.316647 0.140151
vt 0.349226 0.140151
vt 0.031328 0.160455
vt 0.031328 0.103885
vt 0.063907 0.160455
vt 0.063907 0.103885
vt 0.074321 0.12036
vt 0.074321 0.093766
vt 0.098778 0.12036
vt 0.098778 0.093766
vt 0.542764 0.714395
vt 0.542756 0.758739
vt 0.400811 0.714346
vt 0.400753 0.758685
vt 0.702771 0.714458
vt 0.702776 0.758777
vt 0.395674 0.232277
vt 0.339456 0.282865
vt 0.394098 0.230895
vt 0.33812 0.281567
vt 0.337461 0.279556
vt 0.392621 0.22943
vt 0.540977 0.357333
vt 0.539638 0.358862
vt 0.397112 0.230971
vt 0.335784 0.179227
vt 0.394144 0.227781
vt 0.3372 0.177573
vt 0.33864 0.175918
vt 0.395789 0.226144
vt 0.968897 0.499334
vt 0.971494 0.498894
vt 0.991322 0.617905
vt 0.994116 0.618088
vt 0.48143 0.428155
vt 0.480066 0.426797
vt 0.540925 0.36035
vt 0.991903 0.619985
vt 0.886145 0.65488
vt 0.885335 0.652939
vt 0.670541 0.122173
vt 0.751651 0.122186
vt 0.670617 0.124184
vt 0.751643 0.124204
vt 0.670641 0.126154
vt 0.751626 0.126216
vt 0.666631 0.126131
vt 0.553578 0.126241
vt 0.666646 0.124139
vt 0.553582 0.124162
vt 0.751673 0.006946
vt 0.753689 0.122196
vt 0.753701 0.006946
vt 0.755654 0.12415
vt 0.870906 0.124105
vt 0.755664 0.126189
vt 0.870907 0.126134
vt 0.755683 0.218849
vt 0.753643 0.1262
vt 0.753655 0.218849
vt 0.751627 0.218849
vt 0.553544 0.218792
vt 0.551581 0.126524
vt 0.551574 0.218792
vt 0.983792 0.035492
vt 0.961772 0.150638
vt 0.979373 0.035158
vt 0.959323 0.150193
vt 0.879473 0.005811
vt 0.880337 0.003944
vt 0.979933 0.033143
vt 0.950521 0.205171
vt 0.952742 0.205521
vt 0.551568 0.26309
vt 0.553538 0.263092
vt 0.451169 0.459324
vt 0.452602 0.460603
vt 0.959553 0.438481
vt 0.957175 0.438967
vt 0.377218 0.830277
vt 0.305678 0.830249
vt 0.37685 0.828303
vt 0.305679 0.828273
vt 0.376712 0.826347
vt 0.30568 0.826297
vt 0.376957 0.710794
vt 0.377343 0.578935
vt 0.378941 0.710799
vt 0.379323 0.578781
vt 0.380925 0.710805
vt 0.381322 0.578357
vt 0.30606 0.578734
vt 0.306066 0.57675
vt 0.377469 0.577021
vt 0.306073 0.574766
vt 0.377841 0.575083
vt 0.94295 0.204124
vt 0.951018 0.148743
vt 0.945255 0.20442
vt 0.953543 0.14918
vt 0.947553 0.204734
vt 0.956061 0.149615
vt 0.88186 0.013854
vt 0.881812 0.011609
vt 0.970212 0.040307
vt 0.972452 0.038991
vt 0.880853 0.009087
vt 0.975542 0.037019
vt 0.953963 0.43958
vt 0.965415 0.499995
vt 0.951498 0.440017
vt 0.962754 0.500497
vt 0.949025 0.440426
vt 0.960092 0.501009
vt 0.98724 0.616042
vt 0.886666 0.649457
vt 0.983935 0.614114
vt 0.8875 0.646754
vt 0.981487 0.612853
vt 0.887291 0.64441
vt 0.488667 0.006225
vt 0.557154 0.07489
vt 0.553779 0.078076
vt 0.6642 0.004821
vt 0.664433 0.009148
vt 0.400925 0.617701
vt 0.403088 0.53031
vt 0.54287 0.617814
vt 0.542894 0.527861
vt 0.702784 0.617804
vt 0.708381 0.530301
vt 0.874373 0.708188
vt 0.867964 0.702846
vt 0.874234 0.5402
vt 0.867009 0.543342
vt 0.782152 0.552554
vt 0.78408 0.554671
vt 0.383871 0.580367
vt 0.383493 0.705907
vt 0.775151 0.729574
vt 0.773943 0.735378
vt 0.99446 0.823473
vt 0.985476 0.804161
vt 0.987551 0.679864
vt 0.982455 0.684247
vt 0.904442 0.659569
vt 0.905636 0.664385
vt 0.38346 0.715805
vt 0.383199 0.810676
vt 0.380791 0.826744
vt 0.893152 0.806644
vt 0.893662 0.824085
vt 0.968315 0.041276
vt 0.881154 0.016298
vt 0.886252 0.641943
vt 0.97935 0.611912
vt 0.702784 0.621858
vt 0.54287 0.621869
vt 0.400922 0.621753
vt 0.870946 0.218811
vt 0.670646 0.218839
vt 0.666615 0.218836
vt 0.948005 0.148221
vt 0.373001 0.836895
vt 0.373 0.839308
vt 0.305675 0.836869
vt 0.305675 0.839282
vt 0.375133 0.83285
vt 0.305677 0.832822
vt 0.305815 0.710661
vt 0.306081 0.572182
vt 0.375765 0.572491
vt 0.306104 0.565697
vt 0.373659 0.565999
vt 0.306096 0.568119
vt 0.373648 0.56842
vt 0.956916 0.501623
vt 0.946064 0.440879
vt 0.940192 0.203797
vt 0.666601 0.26314
vt 0.870928 0.263267
vt 0.755673 0.263177
vt 0.288416 0.237912
vt 0.123048 0.107774
vt 0.332599 0.176641
vt 0.184399 0.040818
vt 0.250209 0.28015
vt 0.093218 0.14108
vt 0.301514 0.325807
vt 0.869804 0.538667
vt 0.782265 0.550877
vt 0.397335 0.227753
vt 0.555305 0.079692
vt 0.333813 0.175076
vt 0.185742 0.039352
vt 0.337028 0.174528
vt 0.486987 0.004742
vt 0.668615 0.263141
vt 0.668631 0.218838
vt 0.670629 0.263141
vt 0.291894 0.239575
vt 0.334192 0.178014
vt 0.289839 0.239117
vt 0.753646 0.263176
vt 0.751621 0.263175
vt 0.662392 0.009258
vt 0.66851 0.122226
vt 0.893695 0.826238
vt 0.989565 0.82555
vt 0.400923 0.619727
vt 0.54287 0.619841
vt 0.702784 0.619831
vt 0.378709 0.826407
vt 0.305676 0.834846
vt 0.373626 0.834872
vt 0.374264 0.570454
vt 0.306088 0.570151
vt 0.864953 0.545627
vt 0.865361 0.700757
vt 0.861097 0.698606
vt 0.862031 0.547749
vt 0.776506 0.726942
vt 0.776043 0.722287
vt 0.785511 0.556332
vt 0.786569 0.559993
vt 0.390257 0.582452
vt 0.389893 0.703303
vt 0.385894 0.581834
vt 0.385527 0.704058
vt 0.9831 0.801722
vt 0.980399 0.68597
vt 0.979855 0.799139
vt 0.977175 0.688047
vt 0.894901 0.804572
vt 0.895889 0.799975
vt 0.906838 0.666528
vt 0.906571 0.670381
vt 0.385476 0.717697
vt 0.389825 0.718491
vt 0.385226 0.809223
vt 0.389579 0.808631
vt 0.300085 0.324534
vt 0.253068 0.282699
vt 0.251639 0.281424
vt 0.668638 0.126137
vt 0.395518 0.229386
vt 0.542422 0.359229
vt 0.994712 0.619988
vt 0.872199 0.537898
vt 0.557906 0.078622
vt 0.335533 0.176435
vt 0.668725 0.124283
vt 0.75355 0.124301
vt 0.984223 0.032415
vt 0.551162 0.124643
vt 0.661325 0.006915
vt 0.992277 0.826242
vt 0.378384 0.827978
vt 0.379712 0.829252
vt 0.379146 0.576666
vt 0.378722 0.577461
vt 0.298657 0.323261
vt 0.261444 0.839291
vt 0.261442 0.836878
vt 0.261441 0.834854
vt 0.26144 0.832829
vt 0.261439 0.830254
vt 0.261437 0.828278
vt 0.261436 0.826301
vt 0.261496 0.710619
vt 0.261628 0.578652
vt 0.261631 0.576664
vt 0.261634 0.574676
vt 0.261637 0.572087
vt 0.26164 0.570052
vt 0.261642 0.568017
vt 0.261645 0.565592
vt 0.566792 0.112897
vt 0.566792 0.049879
vt 0.599371 0.112897
vt 0.599371 0.049879
vt 0.031328 0.047315
vt 0.063907 0.047315
vt 0.074321 0.067172
vt 0.098778 0.067172
vt 0.542749 0.803084
vt 0.400711 0.803046
vt 0.702787 0.803106
vt 0.219332 0.429921
vt 0.217783 0.42851
vt 0.263184 0.368364
vt 0.261744 0.367184
vt 0.216161 0.427208
vt 0.259672 0.36676
vt 0.361398 0.55858
vt 0.218199 0.431497
vt 0.36003 0.560084
vt 0.2147 0.428905
vt 0.159852 0.37654
vt 0.158369 0.378133
vt 0.213265 0.430723
vt 0.156888 0.379751
vt 0.943099 0.337089
vt 0.948964 0.391719
vt 0.941936 0.337506
vt 0.947578 0.39196
vt 0.422126 0.491713
vt 0.363021 0.55969
vt 0.423629 0.492915
vt 0.941951 0.336553
vt 0.892841 0.333513
vt 0.892711 0.334434
vt 0.670487 0.404074
vt 0.670565 0.402065
vt 0.751521 0.404114
vt 0.751512 0.402097
vt 0.67059 0.400096
vt 0.751497 0.400085
vt 0.666582 0.400117
vt 0.666596 0.402108
vt 0.553558 0.399955
vt 0.553562 0.402033
vt 0.753558 0.404105
vt 0.751483 0.519304
vt 0.753511 0.519304
vt 0.755518 0.402153
vt 0.755531 0.400115
vt 0.870782 0.40229
vt 0.870785 0.400262
vt 0.753512 0.400102
vt 0.755635 0.307492
vt 0.753607 0.30749
vt 0.75158 0.307488
vt 0.551561 0.399672
vt 0.553531 0.307401
vt 0.55156 0.3074
vt 0.940058 0.317719
vt 0.938615 0.317235
vt 0.945666 0.250448
vt 0.944045 0.250272
vt 0.938763 0.318404
vt 0.879857 0.32683
vt 0.879519 0.325699
vt 0.145478 0.830256
vt 0.14585 0.828278
vt 0.217158 0.830283
vt 0.217157 0.828304
vt 0.145993 0.826316
vt 0.217156 0.826324
vt 0.145993 0.710621
vt 0.144009 0.710622
vt 0.145834 0.578738
vt 0.143867 0.57861
vt 0.142024 0.710624
vt 0.141891 0.578217
vt 0.145689 0.576772
vt 0.217175 0.57667
vt 0.217177 0.578654
vt 0.145315 0.574788
vt 0.217173 0.574685
vt 0.938508 0.249748
vt 0.940195 0.249889
vt 0.941875 0.250049
vt 0.935182 0.314348
vt 0.881316 0.322594
vt 0.934049 0.313342
vt 0.881522 0.321321
vt 0.936686 0.315792
vt 0.880568 0.32395
vt 0.945688 0.392221
vt 0.944235 0.392401
vt 0.942772 0.392559
vt 0.940416 0.338775
vt 0.939236 0.339985
vt 0.893668 0.335773
vt 0.894327 0.336835
vt 0.938337 0.340814
vt 0.894499 0.337859
vt 0.005654 0.548114
vt 0.081686 0.608205
vt 0.084461 0.604489
vt 0.663986 0.521415
vt 0.664223 0.517084
vt 0.542755 0.98987
vt 0.4028 0.987344
vt 0.542745 0.899835
vt 0.40068 0.899842
vt 0.708414 0.987413
vt 0.702798 0.899829
vt 0.033218 0.79628
vt 0.003968 0.633242
vt 0.037084 0.790797
vt 0.013156 0.634779
vt 0.12176 0.618517
vt 0.119751 0.622241
vt 0.139466 0.705723
vt 0.139338 0.580223
vt 0.115942 0.796286
vt 0.11381 0.792084
vt 0.83159 0.744665
vt 0.804878 0.876686
vt 0.820342 0.761347
vt 0.800639 0.871939
vt 0.722617 0.888086
vt 0.72425 0.883542
vt 0.141906 0.826706
vt 0.13953 0.810613
vt 0.139475 0.715625
vt 0.718781 0.74264
vt 0.717269 0.760597
vt 0.933043 0.312547
vt 0.881312 0.319873
vt 0.937527 0.341474
vt 0.894331 0.339029
vt 0.702798 0.895773
vt 0.542744 0.895779
vt 0.40068 0.895783
vt 0.870874 0.307603
vt 0.67063 0.307441
vt 0.666599 0.30744
vt 0.936491 0.249602
vt 0.149694 0.836894
vt 0.21716 0.836916
vt 0.149694 0.839312
vt 0.21716 0.839333
vt 0.147563 0.832837
vt 0.217158 0.832862
vt 0.21717 0.710604
vt 0.21717 0.5721
vt 0.147402 0.5722
vt 0.217164 0.56561
vt 0.217166 0.568034
vt 0.149528 0.565708
vt 0.149532 0.568131
vt 0.941024 0.392716
vt 0.005268 0.242242
vt 0.06462 0.17373
vt 0.156928 0.373678
vt 0.21267 0.322869
vt 0.121034 0.616246
vt 0.008936 0.62991
vt 0.215039 0.432072
vt 0.08624 0.605819
vt 0.155515 0.37506
vt 0.003968 0.243741
vt 0.155323 0.378311
vt 0.003989 0.546616
vt 0.668614 0.30744
vt 0.15847 0.375099
vt 0.214716 0.326128
vt 0.214028 0.324142
vt 0.668457 0.404019
vt 0.66218 0.516971
vt 0.824357 0.741459
vt 0.719013 0.740492
vt 0.40068 0.897813
vt 0.542745 0.897807
vt 0.702798 0.897801
vt 0.143992 0.826373
vt 0.14907 0.834866
vt 0.217159 0.834889
vt 0.14891 0.570164
vt 0.217168 0.570067
vt 0.015859 0.63677
vt 0.038671 0.788632
vt 0.019308 0.638796
vt 0.041553 0.786095
vt 0.112226 0.79035
vt 0.111616 0.786683
vt 0.118297 0.625144
vt 0.118078 0.630792
vt 0.137435 0.70387
vt 0.133071 0.703107
vt 0.137311 0.581684
vt 0.132948 0.582293
vt 0.798926 0.870057
vt 0.817792 0.763466
vt 0.814886 0.76576
vt 0.796153 0.867622
vt 0.718951 0.762838
vt 0.719709 0.767625
vt 0.725618 0.881589
vt 0.725739 0.87782
vt 0.137452 0.717516
vt 0.137502 0.809155
vt 0.133095 0.718301
vt 0.133145 0.808553
vt 0.668589 0.400111
vt 0.216445 0.430089
vt 0.362083 0.561301
vt 0.943132 0.336221
vt 0.00575 0.629705
vt 0.085502 0.60853
vt 0.157053 0.376598
vt 0.668682 0.401961
vt 0.75341 0.402001
vt 0.940144 0.318763
vt 0.551158 0.401549
vt 0.661085 0.519334
vt 0.828399 0.740484
vt 0.144312 0.82795
vt 0.142974 0.829225
vt 0.142893 0.575794
vt 0.144163 0.57708
vt 0.305482 0.254359
vt 0.305656 0.256477
vt 0.268883 0.296805
vt 0.270086 0.297878
vt 0.764171 0.564391
vt 0.765737 0.564391
vt 0.764171 0.623681
vt 0.765737 0.623681
vt 0.765737 0.711947
vt 0.764171 0.713583
vt 0.765737 0.681993
vt 0.764171 0.681993
vt 0.254921 0.357583
vt 0.255068 0.359707
vt 0.23308 0.337843
vt 0.230959 0.337914
vt 0.024262 0.113634
vt 0.024262 0.177951
vt 0.02152 0.113634
vt 0.02152 0.177951
vt 0.024262 0.211376
vt 0.02152 0.211376
vt 0.02152 0.022926
vt 0.024262 0.022926
vt 0.02152 0.083341
vt 0.024262 0.083341
vt 0.765737 0.530255
vt 0.768657 0.530255
vt 0.768657 0.564391
vt 0.768657 0.623681
vt 0.768657 0.469781
vt 0.765737 0.469781
vt 0.292197 0.317502
vt 0.32992 0.275789
vt 0.34889 0.201116
vt 0.308781 0.25031
vt 0.333301 0.272158
vt 0.380163 0.228528
vt 0.005687 0.107252
vt 0.008307 0.107252
vt 0.005687 0.176927
vt 0.008307 0.176927
vt 0.005687 0.076199
vt 0.008307 0.076199
vt 0.005687 0.022518
vt 0.008307 0.022518
vt 0.005687 0.225369
vt 0.008307 0.225369
vt 0.768657 0.711947
vt 0.768657 0.681993
vt 0.768657 0.408474
vt 0.765737 0.408474
vt 0.183284 0.387041
vt 0.227206 0.341726
vt 0.251851 0.363479
vt 0.213842 0.414898
vt 0.764171 0.530255
vt 0.764171 0.469781
vt 0.327792 0.275886
vt 0.290989 0.316425
vt 0.019602 0.113634
vt 0.019602 0.083341
vt 0.349189 0.203536
vt 0.377834 0.228461
vt 0.310527 0.250875
vt 0.019602 0.177951
vt 0.332735 0.2704
vt 0.019602 0.212854
vt 0.019602 0.022926
vt 0.764171 0.408474
vt 0.003968 0.176927
vt 0.003968 0.107252
vt 0.185576 0.387065
vt 0.228031 0.343354
vt 0.003968 0.076199
vt 0.250041 0.363119
vt 0.003968 0.022518
vt 0.213515 0.412627
vt 0.003968 0.225369
vt 0.727057 0.23512
vt 0.725981 0.236195
vt 0.699683 0.235117
vt 0.700758 0.236192
vt 0.996032 0.428529
vt 0.994942 0.428529
vt 0.996032 0.402896
vt 0.994942 0.402896
vt 0.992819 0.428529
vt 0.992819 0.402896
vt 0.992819 0.563611
vt 0.992819 0.53787
vt 0.994942 0.563611
vt 0.994942 0.53787
vt 0.992819 0.458645
vt 0.994942 0.458645
vt 0.72709 0.263164
vt 0.699623 0.263157
vt 0.994942 0.487737
vt 0.994942 0.512782
vt 0.992819 0.487737
vt 0.992819 0.512782
vt 0.727029 0.291206
vt 0.699665 0.291189
vt 0.996032 0.458645
vt 0.725972 0.263164
vt 0.700739 0.263158
vt 0.996032 0.563611
vt 0.996032 0.53787
vt 0.996032 0.487737
vt 0.725954 0.290131
vt 0.996032 0.512782
vt 0.700741 0.290116
usemtl MainSG
f 1/1/1 2/2/1 3/3/1
f 3/3/1 2/2/1 4/4/1
f 5/5/2 6/6/2 7/7/2
f 7/7/2 6/6/2 8/8/2
f 9/9/3 10/10/3 11/11/3
f 11/11/3 10/10/3 12/12/3
f 13/13/4 14/14/4 15/15/4
f 15/15/4 14/14/4 16/16/4
f 17/17/4 18/18/4 13/13/4
f 13/13/4 18/18/4 14/14/4
f 19/19/5 20/20/6 21/21/7
f 21/21/7 20/20/6 22/22/8
f 22/22/8 23/23/9 21/21/7
f 21/21/7 23/23/9 24/24/10
f 25/25/11 26/26/12 27/27/13
f 27/27/13 26/26/12 19/19/5
f 24/24/10 28/28/14 29/29/15
f 29/29/15 28/28/14 30/30/16
f 30/30/16 31/31/17 29/29/15
f 29/29/15 31/31/17 32/32/18
f 33/33/19 34/34/20 35/35/21
f 35/35/21 34/34/20 36/36/22
f 34/37/20 37/38/23 36/39/22
f 36/39/22 37/38/23 26/26/12
f 38/40/24 39/41/25 35/35/21
f 35/35/21 39/41/25 40/42/26
f 41/43/27 42/44/28 43/45/29
f 43/45/29 42/44/28 44/46/30
f 43/45/29 44/46/30 45/47/31
f 45/47/31 44/46/30 46/48/32
f 47/49/33 48/50/34 49/51/35
f 49/51/35 48/50/34 50/52/36
f 42/44/28 51/53/37 52/54/38
f 52/54/38 51/53/37 53/55/39
f 52/56/38 53/57/39 54/58/40
f 54/58/40 53/57/39 55/59/41
f 54/58/40 56/60/42 57/61/43
f 57/61/43 56/60/42 58/62/44
f 57/61/43 58/62/44 46/48/32
f 46/48/32 58/62/44 59/63/45
f 48/50/34 60/64/46 61/65/47
f 61/65/47 60/64/46 62/66/48
f 61/67/47 62/68/48 63/69/49
f 63/69/49 62/68/48 64/70/50
f 65/71/51 66/72/52 63/69/49
f 63/69/49 66/72/52 67/73/53
f 68/74/54 64/70/50 69/75/55
f 69/75/55 64/70/50 62/68/48
f 69/76/55 62/66/48 70/77/56
f 70/77/56 62/66/48 60/64/46
f 37/38/23 34/37/20 71/78/57
f 71/78/57 34/37/20 72/79/58
f 34/34/20 33/33/19 72/80/58
f 72/80/58 33/33/19 73/81/59
f 65/82/51 74/83/60 75/84/61
f 75/84/61 74/83/60 76/85/62
f 75/84/61 76/85/62 77/86/63
f 77/86/63 76/85/62 78/87/64
f 79/88/65 80/89/66 81/90/67
f 81/90/67 80/89/66 82/91/68
f 81/90/67 82/91/68 83/92/69
f 83/92/69 82/91/68 84/93/70
f 85/94/71 86/95/72 80/89/66
f 80/89/66 86/95/72 87/96/73
f 86/95/72 88/97/74 87/96/73
f 87/96/73 88/97/74 40/98/26
f 89/99/75 90/100/76 91/101/77
f 91/101/77 90/100/76 92/102/78
f 91/101/77 92/102/78 93/103/79
f 93/103/79 92/102/78 94/104/80
f 95/105/81 96/106/82 97/107/83
f 97/107/83 96/106/82 98/108/84
f 96/106/82 99/109/85 98/108/84
f 98/108/84 99/109/85 100/110/86
f 101/111/87 102/112/88 103/113/89
f 103/113/89 102/112/88 104/114/90
f 103/113/89 104/114/90 105/115/91
f 105/115/91 104/114/90 106/116/92
f 107/117/93 108/118/94 109/119/95
f 109/119/95 108/118/94 110/120/96
f 109/119/95 110/120/96 111/121/97
f 111/121/97 110/120/96 112/122/98
f 113/123/99 114/124/100 31/31/17
f 114/124/100 115/125/101 31/31/17
f 32/32/18 31/31/17 115/125/101
f 116/126/102 51/53/37 117/127/103
f 51/53/37 42/44/28 117/127/103
f 42/44/28 41/43/27 117/127/103
f 51/128/37 116/129/102 118/130/104
f 118/130/104 116/129/102 119/131/105
f 118/130/104 119/131/105 113/132/99
f 113/132/99 119/131/105 114/133/100
f 63/69/49 100/110/86 65/71/51
f 65/71/51 100/110/86 99/109/85
f 108/118/94 107/117/93 40/42/26
f 40/42/26 107/117/93 35/35/21
f 119/134/105 120/135/106 114/136/100
f 114/136/100 120/135/106 121/137/107
f 114/136/100 121/137/108 84/138/70
f 84/138/70 121/137/108 122/139/109
f 122/140/110 123/141/111 84/93/70
f 84/93/70 123/141/111 83/92/69
f 123/142/112 120/135/113 83/143/114
f 83/143/114 120/135/113 119/134/114
f 116/144/102 124/145/115 119/146/105
f 119/146/105 124/145/115 125/147/116
f 119/146/114 125/147/117 83/148/114
f 83/148/114 125/147/117 126/149/118
f 126/150/119 127/151/120 83/92/69
f 83/92/69 127/151/120 128/152/121
f 127/153/122 124/145/123 128/154/121
f 128/154/121 124/145/123 116/144/102
f 97/107/83 129/155/124 95/105/81
f 95/105/81 129/155/124 130/156/124
f 131/157/125 132/158/126 112/122/98
f 112/122/98 132/158/126 111/121/97
f 17/17/4 13/13/4 133/159/127
f 133/159/127 13/13/4 134/160/41
f 15/15/4 55/161/41 13/13/4
f 13/13/4 55/161/41 134/160/41
f 56/60/42 54/58/40 15/162/4
f 15/162/4 54/58/40 55/59/41
f 135/163/128 45/47/31 59/63/45
f 59/63/45 45/47/31 46/48/32
f 60/64/46 48/50/34 136/164/129
f 136/164/129 48/50/34 47/49/33
f 94/104/80 100/110/86 64/70/50
f 64/70/50 100/110/86 63/69/49
f 137/165/130 129/155/131 90/100/76
f 90/100/76 129/155/131 97/107/83
f 95/166/81 130/167/132 138/168/133
f 138/168/133 130/167/132 139/169/132
f 65/82/51 99/170/85 74/83/60
f 74/83/60 99/170/85 140/171/134
f 141/172/135 79/88/65 78/87/64
f 78/87/64 79/88/65 77/86/63
f 85/94/71 80/89/66 141/172/135
f 141/172/135 80/89/66 79/88/65
f 142/173/136 108/174/94 88/97/74
f 88/97/74 108/174/94 40/98/26
f 143/175/137 131/176/125 144/177/138
f 144/177/138 131/176/125 112/178/98
f 111/121/97 132/158/126 106/116/92
f 106/116/92 132/158/126 145/179/139
f 35/35/21 107/117/93 33/33/19
f 33/33/19 107/117/93 102/112/88
f 101/111/87 73/81/59 102/112/88
f 102/112/88 73/81/59 33/33/19
f 146/180/140 105/115/91 145/179/139
f 145/179/139 105/115/91 106/116/92
f 89/99/75 147/181/141 90/100/76
f 90/100/76 147/181/141 137/165/130
f 68/74/54 93/103/79 64/70/50
f 64/70/50 93/103/79 94/104/80
f 148/182/142 70/77/56 136/164/129
f 136/164/129 70/77/56 60/64/46
f 15/162/4 16/183/4 56/60/42
f 56/60/42 16/183/4 149/184/42
f 150/185/143 17/186/4 151/187/144
f 151/187/144 17/186/4 133/188/127
f 150/185/143 152/189/145 17/186/4
f 17/186/4 152/189/145 18/190/4
f 71/78/57 153/191/146 37/38/23
f 37/38/23 153/191/146 20/20/6
f 20/20/6 19/19/5 37/38/23
f 37/38/23 19/19/5 26/26/12
f 114/136/100 84/138/70 38/192/24
f 38/192/24 84/138/70 39/193/25
f 32/32/18 115/125/101 27/194/13
f 27/194/13 115/125/101 25/195/11
f 151/187/144 133/188/127 154/196/147
f 154/196/147 133/188/127 155/197/148
f 154/198/147 155/199/148 31/31/17
f 31/31/17 155/199/148 113/123/99
f 148/182/142 136/164/129 156/200/149
f 156/200/149 136/164/129 157/201/150
f 156/200/149 157/201/150 158/202/151
f 158/202/151 157/201/150 135/163/128
f 28/28/14 159/203/152 160/204/153
f 160/204/153 159/203/152 161/205/154
f 161/205/154 150/185/143 160/204/153
f 160/204/153 150/185/143 151/187/144
f 56/60/42 149/184/42 58/62/44
f 58/62/44 149/184/42 162/206/155
f 58/62/44 162/206/155 59/63/45
f 59/63/45 162/206/155 163/207/156
f 50/208/36 117/127/103 49/209/35
f 49/209/35 117/127/103 41/43/27
f 66/210/52 128/154/121 67/211/53
f 67/211/53 128/154/121 116/144/102
f 51/128/37 118/130/104 53/212/39
f 53/212/39 118/130/104 164/213/157
f 53/212/39 164/213/157 55/161/41
f 55/161/41 164/213/157 134/160/41
f 133/159/127 134/160/41 155/214/148
f 155/214/148 134/160/41 164/213/157
f 155/214/148 164/213/157 113/132/99
f 113/132/99 164/213/157 118/130/104
f 77/86/63 79/88/65 165/215/158
f 165/215/158 79/88/65 81/90/67
f 81/90/67 83/92/69 165/215/158
f 165/215/158 83/92/69 128/152/121
f 100/110/86 94/104/80 98/108/84
f 98/108/84 94/104/80 92/102/78
f 98/108/84 92/102/78 97/107/83
f 97/107/83 92/102/78 90/100/76
f 138/168/133 166/216/159 95/166/81
f 95/166/81 166/216/159 96/217/82
f 166/216/159 140/171/134 96/217/82
f 96/217/82 140/171/134 99/170/85
f 106/116/92 104/114/90 111/121/97
f 111/121/97 104/114/90 109/119/95
f 104/114/90 102/112/88 109/119/95
f 109/119/95 102/112/88 107/117/93
f 108/174/94 142/173/136 110/218/96
f 110/218/96 142/173/136 167/219/160
f 110/218/96 167/219/160 112/178/98
f 112/178/98 167/219/160 144/177/138
f 121/137/107 120/135/106 168/220/161
f 168/220/161 120/135/106 169/221/162
f 170/222/163 171/223/163 169/221/162
f 169/221/162 171/223/163 168/220/161
f 120/135/113 123/142/112 169/221/164
f 169/221/164 123/142/112 172/224/165
f 172/224/165 173/225/166 169/221/164
f 169/221/164 173/225/166 170/222/166
f 168/220/167 171/223/168 174/226/169
f 174/226/169 171/223/168 175/227/168
f 174/226/169 122/139/109 168/220/167
f 168/220/167 122/139/109 121/137/108
f 175/228/170 173/229/170 174/230/171
f 174/230/171 173/229/170 172/231/172
f 174/230/171 172/231/172 122/140/110
f 122/140/110 172/231/172 123/141/111
f 124/145/115 176/232/173 125/147/116
f 125/147/116 176/232/173 177/233/174
f 176/232/173 178/234/175 177/233/174
f 177/233/174 178/234/175 179/235/175
f 124/145/123 127/153/122 176/232/176
f 176/232/176 127/153/122 180/236/177
f 181/237/178 178/234/178 180/236/177
f 180/236/177 178/234/178 176/232/176
f 177/233/179 179/235/180 182/238/181
f 182/238/181 179/235/180 183/239/180
f 177/233/179 182/238/181 125/147/117
f 125/147/117 182/238/181 126/149/118
f 182/240/182 183/241/183 180/242/184
f 180/242/184 183/241/183 181/243/183
f 180/242/184 127/151/120 182/240/182
f 182/240/182 127/151/120 126/150/119
f 22/22/8 20/20/6 184/244/185
f 184/244/185 20/20/6 153/191/146
f 159/203/152 185/245/186 161/205/154
f 161/205/154 185/245/186 186/246/187
f 161/205/154 186/246/187 150/185/143
f 150/185/143 186/246/187 152/189/145
f 45/47/31 135/163/128 187/247/188
f 187/247/188 135/163/128 157/201/150
f 187/247/188 157/201/150 47/49/33
f 47/49/33 157/201/150 136/164/129
f 29/29/15 188/248/189 24/24/10
f 24/24/10 188/248/189 21/21/7
f 21/21/7 188/248/189 19/19/5
f 19/19/5 188/248/189 27/27/13
f 27/194/13 188/248/189 32/32/18
f 32/32/18 188/248/189 29/29/15
f 25/25/11 189/249/190 26/26/12
f 26/26/12 189/249/190 36/39/22
f 189/250/190 38/40/24 36/36/22
f 36/36/22 38/40/24 35/35/21
f 38/192/24 189/251/190 114/136/100
f 114/124/100 189/252/190 115/125/101
f 115/125/101 189/252/190 25/195/11
f 160/204/153 190/253/191 28/28/14
f 28/28/14 190/253/191 30/30/16
f 30/30/16 190/253/191 31/31/17
f 31/31/17 190/253/191 154/198/147
f 154/196/147 190/253/191 151/187/144
f 151/187/144 190/253/191 160/204/153
f 49/51/35 191/254/192 47/49/33
f 47/49/33 191/254/192 187/247/188
f 187/247/188 191/254/192 45/47/31
f 45/47/31 191/254/192 43/45/29
f 43/45/29 191/254/192 41/43/27
f 41/43/27 191/254/192 49/209/35
f 57/61/43 192/255/193 54/58/40
f 54/58/40 192/255/193 52/56/38
f 52/54/38 192/255/193 42/44/28
f 42/44/28 192/255/193 44/46/30
f 44/46/30 192/255/193 46/48/32
f 46/48/32 192/255/193 57/61/43
f 193/256/194 61/67/47 67/73/53
f 67/73/53 61/67/47 63/69/49
f 61/65/47 193/257/194 48/50/34
f 48/50/34 193/257/194 50/52/36
f 50/208/36 193/258/194 117/127/103
f 117/127/103 193/258/194 116/126/102
f 116/144/102 193/259/194 67/211/53
f 165/215/158 194/260/195 77/86/63
f 77/86/63 194/260/195 75/84/61
f 75/84/61 194/260/195 65/82/51
f 65/82/51 194/260/195 66/261/52
f 66/261/52 194/260/195 128/152/121
f 128/152/121 194/260/195 165/215/158
f 39/262/25 195/263/196 40/98/26
f 40/98/26 195/263/196 87/96/73
f 87/96/73 195/263/196 80/89/66
f 80/89/66 195/263/196 82/91/68
f 82/91/68 195/263/196 84/93/70
f 84/93/70 195/263/196 39/262/25
f 184/244/185 196/264/197 22/22/8
f 22/22/8 196/264/197 23/23/9
f 197/265/198 198/266/199 139/169/132
f 139/169/132 198/266/199 138/168/133
f 199/267/200 166/216/159 198/266/199
f 198/266/199 166/216/159 138/168/133
f 200/268/201 140/171/134 199/267/200
f 199/267/200 140/171/134 166/216/159
f 201/269/202 74/83/60 200/268/201
f 200/268/201 74/83/60 140/171/134
f 202/270/203 76/85/62 201/269/202
f 201/269/202 76/85/62 74/83/60
f 203/271/204 78/87/64 202/270/203
f 202/270/203 78/87/64 76/85/62
f 204/272/135 141/172/135 203/271/204
f 203/271/204 141/172/135 78/87/64
f 205/273/205 85/94/71 204/272/135
f 204/272/135 85/94/71 141/172/135
f 206/274/206 86/95/72 205/273/205
f 205/273/205 86/95/72 85/94/71
f 207/275/207 88/97/74 206/274/206
f 206/274/206 88/97/74 86/95/72
f 208/276/208 142/173/136 207/275/207
f 207/275/207 142/173/136 88/97/74
f 209/277/209 167/219/160 208/276/208
f 208/276/208 167/219/160 142/173/136
f 210/278/210 144/177/138 209/277/209
f 209/277/209 144/177/138 167/219/160
f 211/279/211 143/175/137 210/278/210
f 210/278/210 143/175/137 144/177/138
f 212/280/212 213/281/212 214/282/212
f 214/282/212 213/281/212 215/283/212
f 216/284/2 217/285/2 6/6/2
f 6/6/2 217/285/2 8/8/2
f 218/286/3 219/287/3 10/10/3
f 10/10/3 219/287/3 12/12/3
f 220/288/4 221/289/4 14/14/4
f 14/14/4 221/289/4 16/16/4
f 222/290/4 220/288/4 18/18/4
f 18/18/4 220/288/4 14/14/4
f 223/291/213 224/292/214 225/293/215
f 225/293/215 224/292/214 226/294/216
f 227/295/217 228/296/218 224/292/214
f 224/292/214 228/296/218 226/294/216
f 223/291/213 229/297/219 230/298/220
f 230/298/220 229/297/219 231/299/221
f 227/295/217 232/300/222 233/301/223
f 233/301/223 232/300/222 234/302/224
f 235/303/225 236/304/226 232/300/222
f 232/300/222 236/304/226 234/302/224
f 237/305/227 238/306/228 239/307/229
f 239/307/229 238/306/228 240/308/230
f 229/297/219 241/309/231 237/310/227
f 237/310/227 241/309/231 238/311/228
f 242/312/232 239/307/229 243/313/233
f 243/313/233 239/307/229 244/314/234
f 245/315/235 246/316/236 247/317/237
f 247/317/237 246/316/236 248/318/238
f 246/316/236 249/319/239 248/318/238
f 248/318/238 249/319/239 250/320/240
f 251/321/241 252/322/242 253/323/243
f 253/323/243 252/322/242 254/324/244
f 247/317/237 255/325/245 256/326/246
f 256/326/246 255/325/245 257/327/247
f 255/328/245 258/329/248 257/330/247
f 257/330/247 258/329/248 259/331/249
f 258/329/248 260/332/250 261/333/42
f 261/333/42 260/332/250 262/334/155
f 260/332/250 250/320/240 262/334/155
f 262/334/155 250/320/240 263/335/45
f 253/323/243 264/336/251 265/337/252
f 265/337/252 264/336/251 266/338/253
f 264/339/251 267/340/254 266/341/253
f 266/341/253 267/340/254 268/342/255
f 269/343/256 270/344/257 267/340/254
f 267/340/254 270/344/257 271/345/258
f 68/74/54 69/75/55 268/342/255
f 268/342/255 69/75/55 266/341/253
f 69/76/55 70/77/56 266/338/253
f 266/338/253 70/77/56 265/337/252
f 72/79/58 238/311/228 71/78/57
f 71/78/57 238/311/228 241/309/231
f 73/81/59 240/308/230 72/80/58
f 72/80/58 240/308/230 238/306/228
f 271/346/258 272/347/259 273/348/260
f 273/348/260 272/347/259 274/349/261
f 272/347/259 275/350/262 274/349/261
f 274/349/261 275/350/262 276/351/64
f 277/352/263 278/353/264 279/354/265
f 279/354/265 278/353/264 280/355/266
f 278/353/264 281/356/267 280/355/266
f 280/355/266 281/356/267 282/357/268
f 283/358/269 284/359/270 279/354/265
f 279/354/265 284/359/270 285/360/71
f 244/361/234 286/362/271 283/358/269
f 283/358/269 286/362/271 284/359/270
f 89/99/75 91/101/77 287/363/272
f 287/363/272 91/101/77 288/364/273
f 91/101/77 93/103/79 288/364/273
f 288/364/273 93/103/79 289/365/274
f 290/366/275 291/367/276 292/368/277
f 292/368/277 291/367/276 293/369/278
f 294/370/279 295/371/280 290/366/275
f 290/366/275 295/371/280 291/367/276
f 101/111/87 103/113/89 296/372/281
f 296/372/281 103/113/89 297/373/282
f 103/113/89 105/115/91 297/373/282
f 297/373/282 105/115/91 298/374/283
f 299/375/284 300/376/285 301/377/286
f 301/377/286 300/376/285 302/378/287
f 300/376/285 303/379/288 302/378/287
f 302/378/287 303/379/288 304/380/289
f 305/381/290 236/304/226 306/382/291
f 306/382/291 236/304/226 307/383/292
f 235/303/225 307/383/292 236/304/226
f 308/384/293 309/385/294 256/326/246
f 256/326/246 309/385/294 247/317/237
f 309/385/294 245/315/235 247/317/237
f 310/386/295 308/387/293 311/388/296
f 311/388/296 308/387/293 256/389/246
f 306/390/291 310/386/295 305/391/290
f 305/391/290 310/386/295 311/388/296
f 267/340/254 271/345/258 294/370/279
f 294/370/279 271/345/258 295/371/280
f 239/307/229 299/375/284 244/314/234
f 244/314/234 299/375/284 301/377/286
f 310/392/295 306/393/291 312/394/297
f 312/394/297 306/393/291 313/395/298
f 306/393/291 282/396/268 313/395/298
f 313/395/298 282/396/268 314/397/299
f 281/356/267 315/398/300 282/357/268
f 282/357/268 315/398/300 314/399/299
f 310/392/295 312/394/297 281/400/267
f 281/400/267 312/394/297 315/401/300
f 308/402/293 310/403/295 316/404/301
f 316/404/301 310/403/295 317/405/302
f 310/403/295 281/406/267 317/405/302
f 317/405/302 281/406/267 318/407/303
f 319/408/304 320/409/305 281/356/267
f 281/356/267 320/409/305 318/410/303
f 308/402/293 316/404/301 319/411/304
f 319/411/304 316/404/301 320/412/305
f 292/368/277 293/369/278 321/413/306
f 321/413/306 293/369/278 322/414/306
f 303/379/288 323/415/307 304/380/289
f 304/380/289 323/415/307 324/416/308
f 222/290/4 325/417/309 220/288/4
f 220/288/4 325/417/309 326/418/249
f 221/289/4 220/288/4 259/419/249
f 259/419/249 220/288/4 326/418/249
f 261/333/42 221/420/4 258/329/248
f 258/329/248 221/420/4 259/331/249
f 327/421/128 263/335/45 249/319/239
f 249/319/239 263/335/45 250/320/240
f 265/337/252 328/422/129 253/323/243
f 253/323/243 328/422/129 251/321/241
f 289/365/274 268/342/255 294/370/279
f 294/370/279 268/342/255 267/340/254
f 329/423/130 287/363/272 321/413/131
f 321/413/131 287/363/272 292/368/277
f 293/424/278 330/425/133 322/426/132
f 322/426/132 330/425/133 331/427/132
f 271/346/258 273/348/260 295/428/280
f 295/428/280 273/348/260 332/429/134
f 333/430/135 276/351/64 277/352/263
f 277/352/263 276/351/64 275/350/262
f 285/360/71 333/430/135 279/354/265
f 279/354/265 333/430/135 277/352/263
f 334/431/136 286/362/271 301/432/286
f 301/432/286 286/362/271 244/361/234
f 335/433/137 336/434/138 324/435/308
f 324/435/308 336/434/138 304/436/289
f 303/379/288 298/374/283 323/415/307
f 323/415/307 298/374/283 337/437/139
f 239/307/229 240/308/230 299/375/284
f 299/375/284 240/308/230 296/372/281
f 101/111/87 296/372/281 73/81/59
f 73/81/59 296/372/281 240/308/230
f 146/180/140 337/437/139 105/115/91
f 105/115/91 337/437/139 298/374/283
f 89/99/75 287/363/272 147/181/141
f 147/181/141 287/363/272 329/423/130
f 68/74/54 268/342/255 93/103/79
f 93/103/79 268/342/255 289/365/274
f 148/182/142 328/422/129 70/77/56
f 70/77/56 328/422/129 265/337/252
f 221/420/4 261/333/42 16/183/4
f 16/183/4 261/333/42 149/184/42
f 325/438/309 222/439/4 338/440/310
f 338/440/310 222/439/4 339/441/311
f 339/441/311 222/439/4 152/189/145
f 152/189/145 222/439/4 18/190/4
f 71/78/57 241/309/231 153/191/146
f 153/191/146 241/309/231 225/293/215
f 225/293/215 241/309/231 223/291/213
f 223/291/213 241/309/231 229/297/219
f 243/442/233 282/396/268 242/443/232
f 242/443/232 282/396/268 306/393/291
f 235/303/225 230/444/220 307/383/292
f 307/383/292 230/444/220 231/445/221
f 338/440/310 340/446/312 325/438/309
f 325/438/309 340/446/312 341/447/313
f 340/448/312 236/304/226 341/449/313
f 341/449/313 236/304/226 305/381/290
f 148/182/142 156/200/149 328/422/129
f 328/422/129 156/200/149 342/450/314
f 156/200/149 158/202/151 342/450/314
f 342/450/314 158/202/151 327/421/128
f 233/301/223 343/451/315 344/452/316
f 344/452/316 343/451/315 345/453/317
f 338/440/310 339/441/311 343/451/315
f 343/451/315 339/441/311 345/453/317
f 261/333/42 262/334/155 149/184/42
f 149/184/42 262/334/155 162/206/155
f 262/334/155 263/335/45 162/206/155
f 162/206/155 263/335/45 163/207/156
f 245/315/235 309/385/294 252/454/242
f 252/454/242 309/385/294 254/455/244
f 308/402/293 319/411/304 269/456/256
f 269/456/256 319/411/304 270/457/257
f 256/389/246 257/458/247 311/388/296
f 311/388/296 257/458/247 346/459/247
f 257/458/247 259/419/249 346/459/247
f 346/459/247 259/419/249 326/418/249
f 325/417/309 341/460/313 326/418/249
f 326/418/249 341/460/313 346/459/247
f 341/460/313 305/391/290 346/459/247
f 346/459/247 305/391/290 311/388/296
f 275/350/262 347/461/318 277/352/263
f 277/352/263 347/461/318 278/353/264
f 319/408/304 281/356/267 347/461/318
f 347/461/318 281/356/267 278/353/264
f 294/370/279 290/366/275 289/365/274
f 289/365/274 290/366/275 288/364/273
f 290/366/275 292/368/277 288/364/273
f 288/364/273 292/368/277 287/363/272
f 291/462/276 348/463/159 293/424/278
f 293/424/278 348/463/159 330/425/133
f 295/428/280 332/429/134 291/462/276
f 291/462/276 332/429/134 348/463/159
f 300/376/285 297/373/282 303/379/288
f 303/379/288 297/373/282 298/374/283
f 299/375/284 296/372/281 300/376/285
f 300/376/285 296/372/281 297/373/282
f 301/432/286 302/464/287 334/431/136
f 334/431/136 302/464/287 349/465/160
f 302/464/287 304/436/289 349/465/160
f 349/465/160 304/436/289 336/434/138
f 313/395/298 350/466/319 312/394/297
f 312/394/297 350/466/319 351/467/320
f 350/466/319 352/468/321 351/467/320
f 351/467/320 352/468/321 353/469/321
f 312/394/297 351/467/322 315/401/300
f 315/401/300 351/467/322 354/470/323
f 354/470/323 351/467/322 355/471/324
f 355/471/324 351/467/322 353/469/324
f 350/466/325 356/472/326 352/468/327
f 352/468/327 356/472/326 357/473/327
f 313/395/298 314/397/299 350/466/325
f 350/466/325 314/397/299 356/472/326
f 354/474/328 355/475/329 356/476/330
f 356/476/330 355/475/329 357/477/329
f 356/476/330 314/399/299 354/474/328
f 354/474/328 314/399/299 315/398/300
f 358/478/331 359/479/332 317/405/302
f 317/405/302 359/479/332 316/404/301
f 359/479/332 358/478/331 360/480/333
f 360/480/333 358/478/331 361/481/333
f 316/404/301 359/479/334 320/412/305
f 320/412/305 359/479/334 362/482/335
f 359/479/334 360/480/336 362/482/335
f 362/482/335 360/480/336 363/483/336
f 358/478/337 364/484/338 361/481/339
f 361/481/339 364/484/338 365/485/340
f 358/478/337 317/405/302 364/484/338
f 364/484/338 317/405/302 318/407/303
f 364/486/338 362/487/341 365/488/340
f 365/488/340 362/487/341 363/489/342
f 318/410/303 320/409/305 364/486/338
f 364/486/338 320/409/305 362/487/341
f 153/191/146 225/293/215 184/244/343
f 184/244/343 225/293/215 226/294/216
f 186/246/344 185/245/186 345/453/317
f 345/453/317 185/245/186 344/452/316
f 152/189/145 186/246/344 339/441/311
f 339/441/311 186/246/344 345/453/317
f 249/319/239 366/490/345 327/421/128
f 327/421/128 366/490/345 342/450/314
f 366/490/345 251/321/241 342/450/314
f 342/450/314 251/321/241 328/422/129
f 232/300/222 227/295/217 367/491/346
f 367/491/346 227/295/217 224/292/214
f 224/292/214 223/291/213 367/491/346
f 367/491/346 223/291/213 230/298/220
f 230/444/220 235/303/225 367/491/346
f 367/491/346 235/303/225 232/300/222
f 231/299/221 229/297/219 368/492/347
f 368/492/347 229/297/219 237/310/227
f 239/307/229 242/312/232 237/305/227
f 237/305/227 242/312/232 368/493/347
f 242/443/232 306/393/291 368/494/347
f 306/382/291 307/383/292 368/495/347
f 368/495/347 307/383/292 231/445/221
f 343/451/315 233/301/223 369/496/348
f 369/496/348 233/301/223 234/302/224
f 234/302/224 236/304/226 369/496/348
f 369/496/348 236/304/226 340/448/312
f 340/446/312 338/440/310 369/496/348
f 369/496/348 338/440/310 343/451/315
f 252/322/242 251/321/241 370/497/349
f 370/497/349 251/321/241 366/490/345
f 366/490/345 249/319/239 370/497/349
f 370/497/349 249/319/239 246/316/236
f 246/316/236 245/315/235 370/497/349
f 370/497/349 245/315/235 252/454/242
f 260/332/250 258/329/248 371/498/350
f 371/498/350 258/329/248 255/328/245
f 255/325/245 247/317/237 371/498/350
f 371/498/350 247/317/237 248/318/238
f 248/318/238 250/320/240 371/498/350
f 371/498/350 250/320/240 260/332/250
f 267/340/254 264/339/251 269/343/256
f 269/343/256 264/339/251 372/499/351
f 264/336/251 253/323/243 372/500/351
f 372/500/351 253/323/243 254/324/244
f 254/455/244 309/385/294 372/501/351
f 372/501/351 309/385/294 308/384/293
f 308/402/293 269/456/256 372/502/351
f 347/461/318 275/350/262 373/503/352
f 373/503/352 275/350/262 272/347/259
f 272/347/259 271/346/258 373/503/352
f 373/503/352 271/346/258 270/504/257
f 270/504/257 319/408/304 373/503/352
f 373/503/352 319/408/304 347/461/318
f 243/505/233 244/361/234 374/506/353
f 374/506/353 244/361/234 283/358/269
f 283/358/269 279/354/265 374/506/353
f 374/506/353 279/354/265 280/355/266
f 280/355/266 282/357/268 374/506/353
f 374/506/353 282/357/268 243/505/233
f 228/296/218 196/264/197 226/294/216
f 226/294/216 196/264/197 184/244/343
f 197/265/198 331/427/132 198/266/199
f 198/266/199 331/427/132 330/425/133
f 199/267/200 198/266/199 348/463/159
f 348/463/159 198/266/199 330/425/133
f 200/268/201 199/267/200 332/429/134
f 332/429/134 199/267/200 348/463/159
f 201/269/202 200/268/201 273/348/260
f 273/348/260 200/268/201 332/429/134
f 202/270/203 201/269/202 274/349/261
f 274/349/261 201/269/202 273/348/260
f 203/271/204 202/270/203 276/351/64
f 276/351/64 202/270/203 274/349/261
f 204/272/135 203/271/204 333/430/135
f 333/430/135 203/271/204 276/351/64
f 205/273/205 204/272/135 285/360/71
f 285/360/71 204/272/135 333/430/135
f 206/274/206 205/273/205 284/359/270
f 284/359/270 205/273/205 285/360/71
f 207/275/207 206/274/206 286/362/271
f 286/362/271 206/274/206 284/359/270
f 208/276/208 207/275/207 334/431/136
f 334/431/136 207/275/207 286/362/271
f 209/277/209 208/276/208 349/465/160
f 349/465/160 208/276/208 334/431/136
f 210/278/210 209/277/209 336/434/138
f 336/434/138 209/277/209 349/465/160
f 211/279/211 210/278/210 335/433/137
f 335/433/137 210/278/210 336/434/138
f 375/507/354 376/508/355 377/509/356
f 377/509/356 376/508/355 378/510/357
f 376/511/355 379/512/358 378/513/357
f 378/513/357 379/512/358 380/514/359
f 381/515/360 382/516/361 383/517/360
f 383/517/360 382/516/361 384/518/362
f 382/519/361 385/520/363 384/521/362
f 384/521/362 385/520/363 386/522/364
f 1/523/135 3/524/135 387/525/365
f 387/525/365 3/524/135 388/526/366
f 3/524/367 4/527/367 388/526/368
f 388/526/368 4/527/367 389/528/369
f 389/529/370 4/530/4 390/531/371
f 390/531/371 4/530/4 2/532/4
f 390/531/372 2/532/373 387/525/374
f 387/525/374 2/532/373 1/523/373
f 391/533/375 5/534/373 379/512/375
f 379/512/375 5/534/373 7/535/373
f 7/535/135 8/536/135 379/512/358
f 379/512/358 8/536/135 380/514/359
f 5/534/4 391/533/376 6/537/4
f 6/537/4 391/533/376 392/538/377
f 393/539/378 394/540/379 196/264/197
f 196/264/197 394/540/379 23/23/9
f 394/540/379 375/507/354 23/23/9
f 23/23/9 375/507/354 159/203/152
f 377/509/356 185/245/186 375/507/354
f 375/507/354 185/245/186 159/203/152
f 28/28/14 395/541/380 159/203/152
f 159/203/152 395/541/380 396/542/381
f 159/203/152 396/542/381 23/23/9
f 23/23/9 396/542/381 397/543/382
f 397/543/382 398/544/383 23/23/9
f 23/23/9 398/544/383 24/24/10
f 398/544/383 395/541/380 24/24/10
f 24/24/10 395/541/380 28/28/14
f 399/545/384 213/546/135 400/547/385
f 400/547/385 213/546/135 212/548/135
f 399/545/386 401/549/387 213/546/373
f 213/546/373 401/549/387 215/550/373
f 401/549/388 402/551/389 215/550/4
f 215/550/4 402/551/389 214/552/4
f 402/553/390 400/547/391 214/554/367
f 214/554/367 400/547/391 212/548/367
f 381/515/360 383/517/360 216/555/367
f 216/555/367 383/517/360 217/556/367
f 217/556/135 383/517/392 8/536/135
f 8/536/135 383/517/392 380/514/359
f 216/557/4 6/537/4 381/558/393
f 381/558/393 6/537/4 392/538/377
f 228/296/218 385/520/363 196/264/197
f 196/264/197 385/520/363 393/539/378
f 344/452/316 386/522/364 228/296/218
f 228/296/218 386/522/364 385/520/363
f 344/452/316 185/245/186 386/522/364
f 386/522/364 185/245/186 377/509/356
f 233/301/223 344/452/316 403/559/394
f 403/559/394 344/452/316 404/560/395
f 344/452/316 228/296/218 404/560/395
f 404/560/395 228/296/218 405/561/396
f 227/295/217 406/562/397 228/296/218
f 228/296/218 406/562/397 405/561/396
f 233/301/223 403/559/394 227/295/217
f 227/295/217 403/559/394 406/562/397
f 407/563/398 408/564/399 391/533/376
f 391/533/376 408/564/399 392/538/377
f 394/540/379 393/539/378 407/565/398
f 407/565/398 393/539/378 408/566/399
f 394/540/379 407/565/400 375/507/354
f 375/507/354 407/565/400 376/508/401
f 407/563/400 391/533/375 376/511/401
f 376/511/401 391/533/375 379/512/375
f 409/567/402 410/568/403 387/525/374
f 387/525/374 410/568/403 390/531/372
f 395/541/380 398/544/383 409/569/402
f 409/569/402 398/544/383 410/570/403
f 395/541/380 409/569/404 396/542/381
f 396/542/381 409/569/404 411/571/405
f 409/567/404 387/525/365 411/572/405
f 411/572/405 387/525/365 388/526/366
f 396/542/381 411/571/406 397/543/382
f 397/543/382 411/571/406 412/573/407
f 411/572/406 388/526/368 412/574/407
f 412/574/407 388/526/368 389/528/369
f 412/573/408 410/570/409 397/543/382
f 397/543/382 410/570/409 398/544/383
f 412/575/408 389/529/370 410/568/409
f 410/568/409 389/529/370 390/531/371
f 392/538/377 408/564/399 381/558/393
f 381/558/393 408/564/399 382/576/410
f 408/566/399 393/539/378 382/519/410
f 382/519/410 393/539/378 385/520/363
f 378/510/357 384/521/411 377/509/356
f 377/509/356 384/521/411 386/522/364
f 380/514/359 383/517/392 378/513/357
f 378/513/357 383/517/392 384/518/411
f 413/577/412 414/578/413 400/547/385
f 400/547/385 414/578/413 399/545/384
f 403/559/394 404/560/395 413/579/412
f 413/579/412 404/560/395 414/580/413
f 414/578/414 415/581/415 399/545/386
f 399/545/386 415/581/415 401/549/387
f 404/560/395 405/561/396 414/580/414
f 414/580/414 405/561/396 415/582/415
f 401/549/388 415/581/416 402/551/389
f 402/551/389 415/581/416 416/583/417
f 415/582/416 405/561/396 416/584/417
f 416/584/417 405/561/396 406/562/397
f 403/559/394 413/579/418 406/562/397
f 406/562/397 413/579/418 416/584/419
f 413/577/418 400/547/391 416/585/419
f 416/585/419 400/547/391 402/553/390
f 417/586/420 418/587/421 419/588/422
f 419/588/422 418/587/421 420/589/421
f 418/590/421 421/591/423 420/592/421
f 420/592/421 421/591/423 422/593/423
f 421/591/423 9/594/373 422/593/423
f 422/593/423 9/594/373 11/595/373
f 11/596/4 12/597/4 422/598/424
f 422/598/424 12/597/4 423/599/425
f 9/594/135 421/591/426 10/600/135
f 10/600/135 421/591/426 424/601/427
f 59/63/45 163/207/156 417/586/420
f 417/586/420 163/207/156 425/602/428
f 417/586/420 419/588/422 59/63/45
f 59/63/45 419/588/422 135/163/128
f 426/603/429 158/202/151 419/588/422
f 419/588/422 158/202/151 135/163/128
f 427/604/430 428/605/430 218/606/367
f 218/606/367 428/605/430 219/607/367
f 219/607/4 428/605/424 12/597/4
f 12/597/4 428/605/424 423/599/425
f 218/606/135 10/600/135 427/604/426
f 427/604/426 10/600/135 424/601/427
f 263/335/45 429/608/431 163/207/156
f 163/207/156 429/608/431 425/602/428
f 327/421/128 430/609/432 263/335/45
f 263/335/45 430/609/432 429/608/431
f 327/421/128 158/202/151 430/609/432
f 430/609/432 158/202/151 426/603/429
f 418/590/433 431/610/434 421/591/426
f 421/591/426 431/610/434 424/601/427
f 417/586/420 425/602/428 418/587/433
f 418/587/433 425/602/428 431/611/434
f 419/588/422 420/589/435 426/603/429
f 426/603/429 420/589/435 432/612/436
f 420/613/435 422/598/424 432/614/436
f 432/614/436 422/598/424 423/599/425
f 424/601/427 431/610/434 427/604/426
f 427/604/426 431/610/434 433/615/437
f 431/611/434 425/602/428 433/616/437
f 433/616/437 425/602/428 429/608/431
f 427/604/430 433/615/438 428/605/430
f 428/605/430 433/615/438 434/617/438
f 433/616/438 429/608/431 434/618/438
f 434/618/438 429/608/431 430/609/432
f 432/612/436 434/618/439 426/603/429
f 426/603/429 434/618/439 430/609/432
f 423/599/425 428/605/424 432/614/436
f 432/614/436 428/605/424 434/617/439
s off
g Car_Glass13SG
v 7.03485 1.01948 5.251
v 6.20505 4.23422 4.52473
v 2.67335 1.01948 5.251
v 2.63986 4.23422 4.52473
v 7.71326 1.0115 5.13966
v 7.71326 1.0115 1.74983
v 6.88237 4.23046 4.41245
v 6.88237 4.23046 1.74983
v 6.88237 4.23046 -1.74982
v 7.71326 1.0115 -1.74982
v 6.88237 4.23046 -4.41245
v 7.71326 1.0115 -5.13965
v 6.88237 4.23046 4e-06
v 7.71326 1.0115 4e-06
v 7.03486 1.01948 -5.25099
v 2.67335 1.01948 -5.25099
v 6.20505 4.23422 -4.52473
v 2.63986 4.23422 -4.52473
v -3.85959 1.01948 5.251
v 2.07332 1.01948 5.251
v -2.72639 4.23422 4.52473
v 2.03983 4.23422 4.52473
v -3.85959 1.01948 -5.25099
v -2.72639 4.23422 -4.52473
v 2.07332 1.01948 -5.25099
v 2.03983 4.23422 -4.52473
v -3.97557 1.0115 5.13966
v -2.8413 4.23046 4.41245
v -3.97557 1.0115 1.74983
v -2.8413 4.23046 1.74983
v -3.97557 1.0115 -5.13965
v -3.97557 1.0115 -1.74982
v -2.8413 4.23046 -4.41245
v -2.8413 4.23046 -1.74982
v -2.8413 4.23046 4e-06
v -3.97557 1.0115 4e-06
vn -0 0.220365 0.975417
vn -0 0.220365 0.975418
vn 0.968264 0.249931 0
vn 0 0.220364 -0.975418
vn -0.943158 0.332344 0
vt 0.003625 0.684291
vt 0.234504 0.742421
vt 0.003625 0.989828
vt 0.234503 0.992174
vt 0.499176 0.003968
vt 0.494176 0.240987
vt 0.265543 0.049882
vt 0.261507 0.236212
vt 0.25638 0.481548
vt 0.48937 0.486239
vt 0.252636 0.668173
vt 0.484578 0.7238
vt 0.258891 0.358851
vt 0.491814 0.363607
vt 0.671615 0.688148
vt 0.671615 0.993685
vt 0.440737 0.746279
vt 0.440737 0.996032
vt 0.507022 0.423593
vt 0.507022 0.007975
vt 0.7379 0.34421
vt 0.737899 0.010321
vt 0.90988 0.787829
vt 0.679002 0.708446
vt 0.90988 0.372211
vt 0.679002 0.374557
vt 0.242714 0.724978
vt 0.003625 0.674035
vt 0.242714 0.487509
vt 0.003625 0.48751
vt 0.242714 0.00488
vt 0.242714 0.242349
vt 0.003625 0.055823
vt 0.003625 0.242349
vt 0.003625 0.364929
vt 0.242714 0.364929
usemtl Glass13SG
f 435/619/440 436/620/440 437/621/441
f 437/621/441 436/620/440 438/622/440
f 439/623/442 440/624/442 441/625/442
f 441/625/442 440/624/442 442/626/442
f 443/627/442 444/628/442 445/629/442
f 445/629/442 444/628/442 446/630/442
f 447/631/442 448/632/442 443/627/442
f 443/627/442 448/632/442 444/628/442
f 442/626/442 440/624/442 447/631/442
f 447/631/442 440/624/442 448/632/442
f 449/633/443 450/634/443 451/635/443
f 451/635/443 450/634/443 452/636/443
f 453/637/440 454/638/440 455/639/440
f 455/639/440 454/638/440 456/640/441
f 457/641/443 458/642/443 459/643/443
f 459/643/443 458/642/443 460/644/443
f 461/645/444 462/646/444 463/647/444
f 463/647/444 462/646/444 464/648/444
f 465/649/444 466/650/444 467/651/444
f 467/651/444 466/650/444 468/652/444
f 468/652/444 466/650/444 469/653/444
f 469/653/444 466/650/444 470/654/444
f 469/653/444 470/654/444 464/648/444
f 464/648/444 470/654/444 463/647/444
s off
g Car_FrontSG
v -12.5895 -2.2383 -5.51234
v -12.3971 -2.2383 -5.51507
v -12.4871 -2.2383 -5.70093
v -12.3094 -2.2383 -5.70724
v -12.6576 -2.37109 -5.68644
v -12.4764 -2.37459 -5.95891
v -12.3472 -2.2383 -5.92184
v -12.7235 -2.37133 -5.5104
v -12.7235 -2.76652 -5.5104
v -12.6576 -2.76677 -5.68644
v -12.1313 -2.36219 -5.60618
v -12.2716 -2.36496 -5.48058
v -12.1287 -2.77302 -5.60618
v -12.2713 -2.77542 -5.48308
v -11.0286 -2.37141 -5.60618
v -12.0596 -2.2383 -5.73536
v -11.0286 -2.2383 -5.73929
v -12.1641 -2.2383 -5.91517
v -11.9359 -2.2383 -5.91888
v -12.4764 -2.76326 -5.95891
v -12.4872 -2.89956 -5.70087
v -12.3472 -2.89956 -5.92184
v -12.5892 -2.89956 -5.51211
v -12.3971 -2.89956 -5.51507
v -12.3093 -2.89956 -5.70716
v -12.0596 -2.89956 -5.73536
v -11.0286 -2.76644 -5.60618
v -11.0286 -2.89956 -5.73929
v -12.1632 -2.89956 -5.91574
v -11.9359 -2.89956 -5.91888
v -12.3065 -2.37459 -6.04994
v -12.3065 -2.76326 -6.04994
v -12.0539 -2.37107 -6.04994
v -11.0286 -2.2383 -5.91682
v -11.8654 -2.37198 -6.04994
v -11.0286 -2.37141 -6.04994
v -12.054 -2.76661 -6.04994
v -11.8654 -2.76588 -6.04994
v -11.0286 -2.89956 -5.91682
v -11.0286 -2.76644 -6.04994
v -10.8955 -2.37141 -5.73929
v -10.8955 -2.37141 -5.91682
v -10.8955 -2.76644 -5.73929
v -10.8955 -2.76644 -5.91682
v -13.0344 -2.2383 4e-06
v -13.0017 -2.2383 -1.51407
v -13.1675 -2.37141 4e-06
v -13.135 -2.37141 -1.52734
v -12.9036 -2.2383 -3.02507
v -13.0375 -2.3714 -3.02914
v -12.7404 -2.2383 -4.53044
v -12.8751 -2.37138 -4.52534
v -12.6791 -2.37108 -1.52734
v -12.8118 -2.2383 -1.53128
v -12.7117 -2.37141 4e-06
v -12.8448 -2.2383 4e-06
v -12.5816 -2.37008 -3.02914
v -12.7131 -2.2383 -3.04231
v -12.4193 -2.36841 -4.52534
v -12.5486 -2.2383 -4.54763
v -13.135 -2.76645 -1.52734
v -13.0017 -2.89956 -1.51406
v -13.1675 -2.76644 4e-06
v -13.0344 -2.89956 4e-06
v -13.0375 -2.76646 -3.02914
v -12.9036 -2.89956 -3.02507
v -12.8751 -2.76648 -4.52534
v -12.7403 -2.89956 -4.53043
v -12.8448 -2.89956 4e-06
v -12.8118 -2.89956 -1.53128
v -12.7117 -2.76644 4e-06
v -12.6791 -2.76691 -1.52734
v -12.7131 -2.89956 -3.04231
v -12.5816 -2.7683 -3.02914
v -12.5486 -2.89956 -4.54763
v -12.4193 -2.77062 -4.52534
v -12.3094 -2.2383 5.70725
v -12.3971 -2.2383 5.51508
v -12.4871 -2.2383 5.70093
v -12.5895 -2.2383 5.51234
v -12.6576 -2.37109 5.68645
v -12.4764 -2.37459 5.95892
v -12.3472 -2.2383 5.92184
v -12.7235 -2.37133 5.51041
v -12.7235 -2.76652 5.51041
v -12.6576 -2.76677 5.68645
v -12.1313 -2.36219 5.60619
v -12.1287 -2.77302 5.60619
v -12.2716 -2.36496 5.48059
v -12.2713 -2.77542 5.48309
v -11.0286 -2.2383 5.7393
v -11.0286 -2.37141 5.60619
v -12.0596 -2.2383 5.73537
v -12.1641 -2.2383 5.91518
v -11.9359 -2.2383 5.91889
v -12.3472 -2.89956 5.92184
v -12.4764 -2.76326 5.95892
v -12.4872 -2.89956 5.70088
v -12.5892 -2.89956 5.51212
v -12.3971 -2.89956 5.51508
v -12.3093 -2.89956 5.70717
v -11.0286 -2.76644 5.60619
v -12.0596 -2.89956 5.73537
v -11.0286 -2.89956 5.7393
v -11.9359 -2.89956 5.91889
v -12.1632 -2.89956 5.91575
v -12.3065 -2.37459 6.04995
v -12.3065 -2.76326 6.04995
v -12.0539 -2.37107 6.04995
v -11.0286 -2.37141 6.04995
v -11.0286 -2.2383 5.91684
v -11.8654 -2.37198 6.04995
v -12.054 -2.76661 6.04995
v -11.8654 -2.76588 6.04995
v -11.0286 -2.89956 5.91684
v -11.0286 -2.76644 6.04995
v -10.8955 -2.37141 5.7393
v -10.8955 -2.37141 5.91684
v -10.8955 -2.76644 5.7393
v -10.8955 -2.76644 5.91684
v -13.0017 -2.2383 1.51407
v -13.135 -2.37141 1.52735
v -12.9036 -2.2383 3.02508
v -13.0375 -2.3714 3.02915
v -12.8751 -2.37138 4.52534
v -12.7404 -2.2383 4.53045
v -12.8118 -2.2383 1.53129
v -12.6791 -2.37108 1.52735
v -12.5816 -2.37008 3.02915
v -12.7131 -2.2383 3.04232
v -12.4193 -2.36841 4.52534
v -12.5486 -2.2383 4.54764
v -13.0017 -2.89956 1.51407
v -13.135 -2.76645 1.52735
v -13.0375 -2.76646 3.02915
v -12.9036 -2.89956 3.02508
v -12.8751 -2.76648 4.52534
v -12.7403 -2.89956 4.53044
v -12.8118 -2.89956 1.53129
v -12.6791 -2.76691 1.52735
v -12.7131 -2.89956 3.04232
v -12.5816 -2.7683 3.02915
v -12.4193 -2.77062 4.52534
v -12.5486 -2.89956 4.54764
vn -0.364378 0.927971 -0.078089
vn 0.341709 0.93271 0.115266
vn -0.386208 0.892529 -0.232886
vn 0.16684 0.958313 0.231949
vn -0.854475 0.222629 -0.46937
vn -0.721408 0.194937 -0.664507
vn -0.248548 0.883039 -0.398077
vn -0.950996 0.25184 -0.179396
vn -0.950917 -0.252154 -0.179373
vn -0.854498 -0.222803 -0.469247
vn 0.1245 0.263027 0.956722
vn 0.916504 0.294568 0.270646
vn 0.123196 -0.26019 0.957666
vn 0.914948 -0.298012 0.272138
vn 0.089878 0.219938 0.971364
vn 0.038218 0.892057 0.450305
vn 0.081235 0.92059 0.381987
vn 0.001059 0.929006 -0.370063
vn -0.000375 0.953155 -0.302482
vn -0.721402 -0.194905 -0.664524
vn -0.386271 -0.892527 -0.23279
vn -0.248382 -0.883272 -0.397665
vn -0.364319 -0.928003 -0.077983
vn 0.339924 -0.933429 0.114724
vn 0.167173 -0.958143 0.232412
vn 0.038423 -0.891104 0.45217
vn 0.089537 -0.219701 0.97145
vn 0.080716 -0.919436 0.384867
vn 0.000943 -0.928639 -0.370983
vn -0.000295 -0.953186 -0.302385
vn -0.183355 0.180439 -0.966345
vn -0.183463 -0.180263 -0.966357
vn -0.000444 0.23817 -0.971223
vn 0.086264 0.93071 -0.35544
vn -3.5e-05 0.274922 -0.961466
vn 0.112151 0.231911 -0.96625
vn -0.000366 -0.237482 -0.971392
vn -1e-06 -0.274865 -0.961483
vn 0.086264 -0.930711 -0.355437
vn 0.112151 -0.231911 -0.96625
vn 0.918541 0.178208 0.352879
vn 0.918543 0.178208 -0.352876
vn 0.918541 -0.178208 0.35288
vn 0.918543 -0.178208 -0.352876
vn -0.385389 0.922717 -0.008264
vn -0.384956 0.92279 -0.016371
vn -0.969969 0.242347 -0.020691
vn -0.969018 0.243433 -0.041767
vn -0.384275 0.922611 -0.0335
vn -0.966116 0.2442 -0.083588
vn -0.375968 0.925381 -0.048144
vn -0.961796 0.245452 -0.121252
vn 0.968543 0.245321 0.04173
vn 0.376357 0.926332 0.016236
vn 0.969104 0.245782 0.020689
vn 0.377505 0.925972 0.008121
vn 0.966219 0.243675 0.083929
vn 0.37342 0.927088 0.032646
vn 0.962584 0.241901 0.122133
vn 0.372529 0.926787 0.047821
vn -0.969006 -0.243479 -0.04177
vn -0.384953 -0.922791 -0.016375
vn -0.969965 -0.242362 -0.020692
vn -0.385386 -0.922718 -0.008267
vn -0.966083 -0.244329 -0.083591
vn -0.384268 -0.922613 -0.033508
vn -0.961729 -0.245712 -0.121256
vn -0.375958 -0.925384 -0.048164
vn 0.377351 -0.926035 0.008134
vn 0.375908 -0.926515 0.016241
vn 0.969101 -0.245795 0.020699
vn 0.968525 -0.245392 0.041746
vn 0.372055 -0.927639 0.032576
vn 0.966155 -0.243918 0.083958
vn 0.369701 -0.927931 0.047585
vn 0.962426 -0.242496 0.122197
vn 0.166841 0.958313 -0.23195
vn 0.341709 0.93271 -0.115266
vn -0.386206 0.89253 0.232883
vn -0.364377 0.927972 0.078088
vn -0.854477 0.222631 0.469365
vn -0.721408 0.194941 0.664507
vn -0.248549 0.88304 0.398074
vn -0.950996 0.251842 0.179395
vn -0.950917 -0.252156 0.179372
vn -0.8545 -0.222803 0.469242
vn 0.124499 0.263027 -0.956722
vn 0.123196 -0.260192 -0.957665
vn 0.916505 0.294568 -0.270644
vn 0.914948 -0.298013 -0.272137
vn 0.081236 0.920591 -0.381987
vn 0.089878 0.219938 -0.971365
vn 0.038218 0.892056 -0.450305
vn 0.001059 0.929006 0.370063
vn -0.000375 0.953155 0.302481
vn -0.248383 -0.88327 0.397668
vn -0.721401 -0.194905 0.664524
vn -0.386273 -0.892525 0.232791
vn -0.364318 -0.928004 0.077982
vn 0.339924 -0.933429 -0.114723
vn 0.167172 -0.958144 -0.23241
vn 0.089537 -0.219701 -0.97145
vn 0.038423 -0.891105 -0.452168
vn 0.080717 -0.919437 -0.384864
vn -0.000296 -0.953186 0.302384
vn 0.000942 -0.928639 0.370984
vn -0.183348 0.180439 0.966346
vn -0.183456 -0.180263 0.966359
vn -0.000444 0.23817 0.971223
vn 0.112147 0.231907 0.966252
vn 0.086265 0.93071 0.355441
vn -3.5e-05 0.274919 0.961467
vn -0.000367 -0.237482 0.971392
vn -1e-06 -0.274862 0.961484
vn 0.086264 -0.930711 0.355438
vn 0.112147 -0.231908 0.966251
vn 0.918543 0.178209 -0.352875
vn 0.918543 0.178209 0.352875
vn 0.918543 -0.178209 -0.352875
vn 0.918542 -0.178209 0.352876
vn -0.385388 0.922718 0.008264
vn -0.969969 0.242347 0.020691
vn -0.384956 0.92279 0.016371
vn -0.969018 0.243434 0.041768
vn -0.384275 0.922611 0.0335
vn -0.966115 0.244201 0.083588
vn -0.961795 0.245454 0.121252
vn -0.375968 0.925381 0.048144
vn 0.377505 0.925972 -0.008121
vn 0.376359 0.926332 -0.016236
vn 0.969105 0.245779 -0.020689
vn 0.968544 0.245318 -0.04173
vn 0.966219 0.243673 -0.08393
vn 0.373422 0.927087 -0.032646
vn 0.962584 0.2419 -0.122133
vn 0.37253 0.926787 -0.047821
vn -0.385385 -0.922719 0.008267
vn -0.384952 -0.922791 0.016375
vn -0.969965 -0.242364 0.020692
vn -0.969006 -0.243479 0.04177
vn -0.966084 -0.244326 0.083591
vn -0.384269 -0.922613 0.033508
vn -0.961729 -0.24571 0.121256
vn -0.375958 -0.925384 0.048164
vn 0.377352 -0.926034 -0.008134
vn 0.969102 -0.245792 -0.020699
vn 0.375909 -0.926514 -0.016241
vn 0.968525 -0.245389 -0.041746
vn 0.372055 -0.927639 -0.032576
vn 0.966155 -0.243916 -0.083958
vn 0.962426 -0.242495 -0.122197
vn 0.369701 -0.927932 -0.047585
vt 0.302799 0.829645
vt 0.314656 0.829339
vt 0.309537 0.840563
vt 0.320136 0.840673
vt 0.296405 0.842099
vt 0.308704 0.85754
vt 0.317904 0.852309
vt 0.06756 0.906722
vt 0.069859 0.915976
vt 0.045533 0.912952
vt 0.049935 0.923536
vt 0.191311 0.852484
vt 0.186412 0.844784
vt 0.207256 0.842579
vt 0.203087 0.835558
vt 0.33158 0.834414
vt 0.38468 0.840558
vt 0.333837 0.84373
vt 0.383102 0.849311
vt 0.327356 0.852571
vt 0.338967 0.853468
vt 0.495392 0.831216
vt 0.484481 0.846382
vt 0.482827 0.830153
vt 0.475367 0.84192
vt 0.488949 0.81952
vt 0.477518 0.819355
vt 0.472519 0.830666
vt 0.460543 0.824799
vt 0.459145 0.834499
vt 0.407397 0.835996
vt 0.409828 0.84472
vt 0.46615 0.842882
vt 0.454819 0.844752
vt 0.07546 0.930621
vt 0.079322 0.938048
vt 0.058358 0.939468
vt 0.063975 0.94785
vt 0.318891 0.862357
vt 0.332446 0.862657
vt 0.382308 0.857293
vt 0.341682 0.862925
vt 0.382238 0.866159
vt 0.085419 0.946764
vt 0.090205 0.952791
vt 0.071447 0.957584
vt 0.077387 0.964086
vt 0.452983 0.854506
vt 0.411409 0.852726
vt 0.412342 0.86168
vt 0.462104 0.853215
vt 0.475158 0.851691
vt 0.391935 0.849015
vt 0.390974 0.859191
vt 0.224002 0.901281
vt 0.219298 0.894225
vt 0.238929 0.891541
vt 0.23428 0.884416
vt 0.400838 0.845308
vt 0.402843 0.855524
vt 0.107842 0.996032
vt 0.102194 0.990327
vt 0.119884 0.984438
vt 0.114411 0.978754
vt 0.22836 0.907953
vt 0.243271 0.898256
vt 0.291006 0.830875
vt 0.325332 0.826344
vt 0.500262 0.820637
vt 0.467166 0.816671
vt 0.26482 0.471253
vt 0.268313 0.572383
vt 0.252012 0.471438
vt 0.255857 0.57363
vt 0.276673 0.67123
vt 0.264401 0.672137
vt 0.290521 0.768186
vt 0.278368 0.768775
vt 0.293277 0.572757
vt 0.280895 0.573331
vt 0.290494 0.471035
vt 0.277708 0.471117
vt 0.301119 0.670581
vt 0.289094 0.67203
vt 0.314423 0.766619
vt 0.302832 0.768845
vt 0.539151 0.572913
vt 0.526939 0.571154
vt 0.548075 0.471412
vt 0.535165 0.470698
vt 0.527228 0.668599
vt 0.515358 0.667411
vt 0.512394 0.761189
vt 0.500723 0.760515
vt 0.522193 0.470063
vt 0.514505 0.571595
vt 0.509341 0.469522
vt 0.502311 0.570572
vt 0.503291 0.667902
vt 0.491655 0.666239
vt 0.488876 0.761057
vt 0.477761 0.758829
vt 0.030297 0.854291
vt 0.054389 0.849497
vt 0.164536 0.803734
vt 0.18242 0.796528
vt 0.029743 0.550442
vt 0.030417 0.655691
vt 0.002196 0.549599
vt 0.003454 0.657029
vt 0.039119 0.755412
vt 0.013457 0.758742
vt 0.140718 0.732304
vt 0.160242 0.72798
vt 0.129762 0.653
vt 0.151587 0.652296
vt 0.132884 0.561752
vt 0.15744 0.564166
vt 0.306185 0.059343
vt 0.301987 0.074119
vt 0.293853 0.061727
vt 0.288097 0.075293
vt 0.278857 0.062402
vt 0.28894 0.042914
vt 0.300483 0.04635
vt 0.086873 0.166715
vt 0.058843 0.1608
vt 0.089915 0.153308
vt 0.061561 0.147295
vt 0.177378 0.139088
vt 0.214267 0.140774
vt 0.177494 0.155405
vt 0.212671 0.157807
vt 0.380816 0.025672
vt 0.386243 0.035959
vt 0.321801 0.051826
vt 0.322267 0.064379
vt 0.311217 0.043166
vt 0.324522 0.037908
vt 0.499612 0.036683
vt 0.511191 0.032287
vt 0.507431 0.05188
vt 0.522866 0.051811
vt 0.513913 0.065509
vt 0.499816 0.064693
vt 0.494831 0.050169
vt 0.479265 0.056088
vt 0.414912 0.035103
vt 0.478787 0.043858
vt 0.419087 0.024628
vt 0.474782 0.030597
vt 0.488461 0.034379
vt 0.094803 0.129625
vt 0.066735 0.123646
vt 0.097774 0.115652
vt 0.069712 0.10962
vt 0.313417 0.029644
vt 0.298525 0.034825
vt 0.373004 0.005106
vt 0.376638 0.016065
vt 0.324132 0.025289
vt 0.101868 0.097488
vt 0.073512 0.091267
vt 0.104647 0.084057
vt 0.0767 0.077769
vt 0.422109 0.014929
vt 0.473821 0.018287
vt 0.424457 0.003968
vt 0.484869 0.021176
vt 0.500554 0.024761
vt 0.391921 0.022452
vt 0.386604 0.010195
vt 0.182675 0.021007
vt 0.219231 0.022387
vt 0.182175 0.038414
vt 0.218444 0.039923
vt 0.408059 0.022703
vt 0.411879 0.01034
vt 0.093293 0.005478
vt 0.121048 0.011848
vt 0.090221 0.018707
vt 0.118041 0.025065
vt 0.183209 0.004509
vt 0.219862 0.005839
vt 0.27444 0.0753
vt 0.31513 0.076392
vt 0.527896 0.065149
vt 0.486775 0.0671
vt 0.26582 0.366508
vt 0.252551 0.365617
vt 0.271133 0.258225
vt 0.25746 0.257889
vt 0.266356 0.147959
vt 0.280245 0.147633
vt 0.27917 0.365137
vt 0.292386 0.365479
vt 0.298422 0.257777
vt 0.284923 0.256706
vt 0.307788 0.147595
vt 0.294285 0.145904
vt 0.537649 0.36392
vt 0.551274 0.363301
vt 0.547354 0.252143
vt 0.533292 0.252457
vt 0.537574 0.139282
vt 0.52334 0.139101
vt 0.524022 0.362235
vt 0.510533 0.362323
vt 0.519147 0.250867
vt 0.505347 0.251933
vt 0.495293 0.139331
vt 0.508984 0.13748
vt 0.044234 0.231321
vt 0.071865 0.236795
vt 0.171909 0.235895
vt 0.204143 0.239276
vt 0.037315 0.444475
vt 0.009781 0.441588
vt 0.051897 0.340913
vt 0.024466 0.336394
vt 0.159191 0.352719
vt 0.188975 0.356466
vt 0.145966 0.460819
vt 0.173151 0.464626
usemtl FrontSG
f 471/655/445 472/656/446 473/657/447
f 473/657/447 472/656/446 474/658/448
f 475/659/449 473/657/447 476/660/450
f 476/660/450 473/657/447 477/661/451
f 478/662/452 475/663/449 479/664/453
f 479/664/453 475/663/449 480/665/454
f 481/666/455 482/667/456 483/668/457
f 483/668/457 482/667/456 484/669/458
f 481/670/455 485/671/459 486/672/460
f 486/672/460 485/671/459 487/673/461
f 474/658/448 486/672/460 488/674/462
f 488/674/462 486/672/460 489/675/463
f 480/676/454 490/677/464 491/678/465
f 491/678/465 490/677/464 492/679/466
f 493/680/467 491/678/465 494/681/468
f 494/681/468 491/678/465 495/682/469
f 483/683/457 496/684/470 497/685/471
f 497/685/471 496/684/470 498/686/472
f 495/682/469 499/687/473 496/684/470
f 496/684/470 499/687/473 500/688/474
f 476/689/450 501/690/475 490/691/464
f 490/691/464 501/690/475 502/692/476
f 477/661/451 488/674/462 501/693/475
f 501/693/475 488/674/462 503/694/477
f 489/675/463 504/695/478 505/696/479
f 505/696/479 504/695/478 506/697/480
f 503/698/477 505/699/479 507/700/481
f 507/700/481 505/699/479 508/701/482
f 500/688/474 508/702/482 509/703/483
f 509/703/483 508/702/482 510/704/484
f 507/705/481 499/687/473 502/706/476
f 502/706/476 499/687/473 492/679/466
f 487/673/461 511/707/485 504/695/478
f 504/695/478 511/707/485 512/708/486
f 511/709/485 485/710/459 513/711/487
f 513/711/487 485/710/459 497/712/471
f 513/713/487 498/686/472 514/714/488
f 514/714/488 498/686/472 509/703/483
f 514/715/488 510/716/484 512/717/486
f 512/717/486 510/716/484 506/718/480
f 501/690/475 503/698/477 502/692/476
f 502/692/476 503/698/477 507/700/481
f 473/657/447 474/658/448 477/661/451
f 477/661/451 474/658/448 488/674/462
f 511/709/485 513/711/487 512/719/486
f 512/719/486 513/711/487 514/720/488
f 491/678/465 492/679/466 495/682/469
f 495/682/469 492/679/466 499/687/473
f 480/665/454 475/663/449 490/691/464
f 490/691/464 475/663/449 476/689/450
f 481/666/455 483/668/457 485/710/459
f 485/710/459 483/668/457 497/712/471
f 496/684/470 500/688/474 498/686/472
f 498/686/472 500/688/474 509/703/483
f 508/701/482 505/699/479 510/716/484
f 510/716/484 505/699/479 506/718/480
f 486/672/460 487/673/461 489/675/463
f 489/675/463 487/673/461 504/695/478
f 473/657/447 475/659/449 471/655/445
f 471/655/445 475/659/449 478/721/452
f 486/672/460 474/658/448 481/670/455
f 481/670/455 474/658/448 482/722/456
f 482/722/456 474/658/448 472/656/446
f 491/678/465 493/680/467 480/676/454
f 480/676/454 493/680/467 479/723/453
f 494/681/468 495/682/469 484/724/458
f 484/724/458 495/682/469 483/683/457
f 483/683/457 495/682/469 496/684/470
f 476/660/450 477/661/451 501/693/475
f 505/696/479 503/694/477 489/675/463
f 489/675/463 503/694/477 488/674/462
f 499/687/473 507/705/481 500/688/474
f 500/688/474 507/705/481 508/702/482
f 502/706/476 492/679/466 490/677/464
f 487/673/461 485/671/459 511/707/485
f 513/713/487 497/685/471 498/686/472
f 514/714/488 509/703/483 510/704/484
f 512/708/486 506/697/480 504/695/478
f 515/725/489 516/726/490 517/727/491
f 517/727/491 516/726/490 518/728/492
f 516/726/490 519/729/493 518/728/492
f 518/728/492 519/729/493 520/730/494
f 521/731/495 522/732/496 519/729/493
f 519/729/493 522/732/496 520/730/494
f 523/733/497 524/734/498 525/735/499
f 525/735/499 524/734/498 526/736/500
f 523/733/497 527/737/501 524/734/498
f 524/734/498 527/737/501 528/738/502
f 527/737/501 529/739/503 528/738/502
f 528/738/502 529/739/503 530/740/504
f 531/741/505 532/742/506 533/743/507
f 533/743/507 532/742/506 534/744/508
f 531/741/505 535/745/509 532/742/506
f 532/742/506 535/745/509 536/746/510
f 535/745/509 537/747/511 536/746/510
f 536/746/510 537/747/511 538/748/512
f 539/749/513 540/750/514 541/751/515
f 541/751/515 540/750/514 542/752/516
f 540/750/514 543/753/517 542/752/516
f 542/752/516 543/753/517 544/754/518
f 545/755/519 546/756/520 543/753/517
f 543/753/517 546/756/520 544/754/518
f 471/655/445 478/721/452 521/731/495
f 521/731/495 478/721/452 522/732/496
f 472/656/446 530/740/504 482/722/456
f 482/722/456 530/740/504 529/739/503
f 493/680/467 538/748/512 479/723/453
f 479/723/453 538/748/512 537/747/511
f 494/681/468 484/724/458 545/755/519
f 545/755/519 484/724/458 546/756/520
f 479/664/453 537/757/511 478/662/452
f 478/662/452 537/757/511 522/758/496
f 494/681/468 545/755/519 493/680/467
f 493/680/467 545/755/519 538/748/512
f 529/759/503 546/760/520 482/667/456
f 482/667/456 546/760/520 484/669/458
f 521/731/495 530/740/504 471/655/445
f 471/655/445 530/740/504 472/656/446
f 519/729/493 528/738/502 521/731/495
f 521/731/495 528/738/502 530/740/504
f 516/726/490 524/734/498 519/729/493
f 519/729/493 524/734/498 528/738/502
f 515/725/489 526/736/500 516/726/490
f 516/726/490 526/736/500 524/734/498
f 517/761/491 518/762/492 533/763/507
f 533/763/507 518/762/492 531/764/505
f 518/762/492 520/765/494 531/764/505
f 531/764/505 520/765/494 535/766/509
f 520/765/494 522/758/496 535/766/509
f 535/766/509 522/758/496 537/757/511
f 534/744/508 532/742/506 539/749/513
f 539/749/513 532/742/506 540/750/514
f 532/742/506 536/746/510 540/750/514
f 540/750/514 536/746/510 543/753/517
f 536/746/510 538/748/512 543/753/517
f 543/753/517 538/748/512 545/755/519
f 529/759/503 527/767/501 546/760/520
f 546/760/520 527/767/501 544/768/518
f 527/767/501 523/769/497 544/768/518
f 544/768/518 523/769/497 542/770/516
f 523/769/497 525/771/499 542/770/516
f 542/770/516 525/771/499 541/772/515
f 547/773/521 548/774/522 549/775/523
f 549/775/523 548/774/522 550/776/524
f 551/777/525 552/778/526 549/775/523
f 549/775/523 552/778/526 553/779/527
f 554/780/528 555/781/529 551/782/525
f 551/782/525 555/781/529 556/783/530
f 557/784/531 558/785/532 559/786/533
f 559/786/533 558/785/532 560/787/534
f 561/788/535 562/789/536 563/790/537
f 563/790/537 562/789/536 557/791/531
f 547/773/521 564/792/538 563/790/537
f 563/790/537 564/792/538 565/793/539
f 566/794/540 567/795/541 568/796/542
f 568/796/542 567/795/541 556/797/530
f 569/798/543 570/799/544 568/796/542
f 568/796/542 570/799/544 571/800/545
f 558/801/532 572/802/546 573/803/547
f 573/803/547 572/802/546 574/804/548
f 575/805/549 576/806/550 573/803/547
f 573/803/547 576/806/550 571/800/545
f 552/807/526 567/808/541 577/809/551
f 577/809/551 567/808/541 578/810/552
f 579/811/553 564/792/538 577/812/551
f 577/812/551 564/792/538 553/779/527
f 580/813/554 581/814/555 582/815/556
f 582/815/556 581/814/555 565/793/539
f 579/816/553 583/817/557 582/818/556
f 582/818/556 583/817/557 584/819/558
f 575/805/549 585/820/559 584/821/558
f 584/821/558 585/820/559 586/822/560
f 583/823/557 578/824/552 576/806/550
f 576/806/550 578/824/552 566/794/540
f 561/788/535 581/814/555 587/825/561
f 587/825/561 581/814/555 588/826/562
f 587/827/561 589/828/563 562/829/536
f 562/829/536 589/828/563 572/830/546
f 589/831/563 590/832/564 574/804/548
f 574/804/548 590/832/564 585/820/559
f 590/833/564 588/834/562 586/835/560
f 586/835/560 588/834/562 580/836/554
f 577/809/551 578/810/552 579/816/553
f 579/816/553 578/810/552 583/817/557
f 549/775/523 553/779/527 547/773/521
f 547/773/521 553/779/527 564/792/538
f 587/827/561 588/837/562 589/828/563
f 589/828/563 588/837/562 590/838/564
f 576/806/550 566/794/540 571/800/545
f 571/800/545 566/794/540 568/796/542
f 556/783/530 567/808/541 551/782/525
f 551/782/525 567/808/541 552/807/526
f 557/784/531 562/829/536 558/785/532
f 558/785/532 562/829/536 572/830/546
f 573/803/547 574/804/548 575/805/549
f 575/805/549 574/804/548 585/820/559
f 584/819/558 586/835/560 582/818/556
f 582/818/556 586/835/560 580/836/554
f 581/814/555 561/788/535 565/793/539
f 565/793/539 561/788/535 563/790/537
f 554/839/528 551/777/525 550/776/524
f 550/776/524 551/777/525 549/775/523
f 563/790/537 557/791/531 547/773/521
f 557/791/531 559/840/533 547/773/521
f 559/840/533 548/774/522 547/773/521
f 568/796/542 556/797/530 569/798/543
f 569/798/543 556/797/530 555/841/529
f 570/799/544 560/842/534 571/800/545
f 560/842/534 558/801/532 571/800/545
f 558/801/532 573/803/547 571/800/545
f 552/778/526 577/812/551 553/779/527
f 582/815/556 565/793/539 579/811/553
f 579/811/553 565/793/539 564/792/538
f 584/821/558 583/823/557 575/805/549
f 575/805/549 583/823/557 576/806/550
f 578/824/552 567/795/541 566/794/540
f 561/788/535 587/825/561 562/789/536
f 589/831/563 574/804/548 572/802/546
f 590/832/564 586/822/560 585/820/559
f 588/826/562 581/814/555 580/813/554
f 515/725/565 517/727/566 591/843/567
f 591/843/567 517/727/566 592/844/568
f 591/843/567 592/844/568 593/845/569
f 593/845/569 592/844/568 594/846/570
f 594/846/570 595/847/571 593/845/569
f 593/845/569 595/847/571 596/848/572
f 526/736/573 597/849/574 525/735/575
f 525/735/575 597/849/574 598/850/576
f 598/850/576 597/849/574 599/851/577
f 599/851/577 597/849/574 600/852/578
f 599/851/577 600/852/578 601/853/579
f 601/853/579 600/852/578 602/854/580
f 534/744/581 603/855/582 533/743/583
f 533/743/583 603/855/582 604/856/584
f 604/856/584 603/855/582 605/857/585
f 605/857/585 603/855/582 606/858/586
f 605/857/585 606/858/586 607/859/587
f 607/859/587 606/858/586 608/860/588
f 539/749/589 541/751/590 609/861/591
f 609/861/591 541/751/590 610/862/592
f 609/861/591 610/862/592 611/863/593
f 611/863/593 610/862/592 612/864/594
f 612/864/594 613/865/595 611/863/593
f 611/863/593 613/865/595 614/866/596
f 550/776/524 596/848/572 554/839/528
f 554/839/528 596/848/572 595/847/571
f 601/853/579 602/854/580 559/840/533
f 559/840/533 602/854/580 548/774/522
f 607/859/587 608/860/588 555/841/529
f 555/841/529 608/860/588 569/798/543
f 570/799/544 614/866/596 560/842/534
f 560/842/534 614/866/596 613/865/595
f 555/781/529 554/780/528 607/867/587
f 607/867/587 554/780/528 595/868/571
f 608/860/588 614/866/596 569/798/543
f 569/798/543 614/866/596 570/799/544
f 601/869/579 559/786/533 613/870/595
f 613/870/595 559/786/533 560/787/534
f 596/848/572 550/776/524 602/854/580
f 602/854/580 550/776/524 548/774/522
f 602/854/580 600/852/578 596/848/572
f 596/848/572 600/852/578 593/845/569
f 600/852/578 597/849/574 593/845/569
f 593/845/569 597/849/574 591/843/567
f 597/849/574 526/736/573 591/843/567
f 591/843/567 526/736/573 515/725/565
f 517/761/566 533/763/583 592/871/568
f 592/871/568 533/763/583 604/872/584
f 592/871/568 604/872/584 594/873/570
f 594/873/570 604/872/584 605/874/585
f 594/873/570 605/874/585 595/868/571
f 595/868/571 605/874/585 607/867/587
f 534/744/581 539/749/589 603/855/582
f 603/855/582 539/749/589 609/861/591
f 603/855/582 609/861/591 606/858/586
f 606/858/586 609/861/591 611/863/593
f 606/858/586 611/863/593 608/860/588
f 608/860/588 611/863/593 614/866/596
f 601/869/579 613/870/595 599/875/577
f 599/875/577 613/870/595 612/876/594
f 599/875/577 612/876/594 598/877/576
f 598/877/576 612/876/594 610/878/592
f 598/877/576 610/878/592 525/771/575
f 525/771/575 610/878/592 541/772/590
s off
g Car_BackSG
v 13.0087 -2.90165 -5.49202
v 13.1675 -2.74284 -5.49202
v 13.0087 -2.90165 5.47874
v 13.1675 -2.74284 5.47874
v 12.8672 -2.90165 -5.4956
v 13.0087 -2.90165 -5.70769
v 12.8345 -2.90165 -5.71586
v 13.1675 -2.74284 -5.70769
v 13.1675 -2.74284 -5.91182
v 13.0087 -2.90165 -5.91182
v 13.1675 -2.39356 -5.49202
v 13.1675 -2.39356 -5.70769
v 12.7137 -2.74578 -5.45018
v 12.7137 -2.74578 5.4369
v 12.8672 -2.90165 5.48232
v 12.5608 -2.74873 -5.59985
v 12.5578 -2.39062 -5.59985
v 12.7137 -2.39062 -5.45018
v 12.6051 -2.90165 -5.74728
v 11.8702 -2.90165 -5.75235
v 11.8702 -2.74284 -5.59985
v 12.826 -2.90165 -5.91182
v 12.6014 -2.90165 -5.91182
v 13.0087 -2.23475 -5.49202
v 13.1675 -2.39356 5.47874
v 13.0087 -2.23475 5.47874
v 13.0087 -2.23475 -5.70769
v 13.0087 -2.23475 -5.91182
v 13.1675 -2.39356 -5.91182
v 12.8672 -2.23475 -5.4956
v 12.8345 -2.23475 -5.71586
v 12.8672 -2.23475 5.48232
v 12.7137 -2.39062 5.4369
v 12.826 -2.23475 -5.91182
v 12.6004 -2.23475 -5.75377
v 12.6014 -2.23475 -5.91182
v 11.8702 -2.23475 -5.75235
v 11.8702 -2.39356 -5.59985
v 13.0087 -2.74284 -6.06432
v 13.0087 -2.39356 -6.06432
v 12.826 -2.74284 -6.06432
v 12.6014 -2.74284 -6.06432
v 11.8702 -2.74284 -6.06432
v 11.8702 -2.90165 -5.91182
v 12.826 -2.39356 -6.06432
v 12.6014 -2.39356 -6.06432
v 11.8702 -2.23475 -5.91182
v 11.8702 -2.39356 -6.06432
v 11.7114 -2.74284 -5.75235
v 11.7114 -2.74284 -5.91182
v 11.7114 -2.39356 -5.75235
v 11.7114 -2.39356 -5.91182
v 12.8345 -2.90165 5.70258
v 13.0087 -2.90165 5.69441
v 13.1675 -2.74284 5.69441
v 13.1675 -2.74284 5.89853
v 13.0087 -2.90165 5.89853
v 13.1675 -2.39356 5.69441
v 12.5608 -2.74873 5.58657
v 12.5578 -2.39062 5.58657
v 12.6051 -2.90165 5.734
v 11.8702 -2.90165 5.73907
v 11.8702 -2.74284 5.58657
v 12.826 -2.90165 5.89853
v 12.6014 -2.90165 5.89853
v 13.0087 -2.23475 5.69441
v 13.0087 -2.23475 5.89853
v 13.1675 -2.39356 5.89853
v 12.8345 -2.23475 5.70258
v 12.6014 -2.23475 5.89853
v 12.826 -2.23475 5.89853
v 12.6004 -2.23475 5.74048
v 11.8702 -2.39356 5.58657
v 11.8702 -2.23475 5.73907
v 13.0087 -2.74284 6.05103
v 13.0087 -2.39356 6.05103
v 12.826 -2.74284 6.05103
v 12.6014 -2.74284 6.05103
v 11.8702 -2.74284 6.05103
v 11.8702 -2.90165 5.89853
v 12.826 -2.39356 6.05103
v 12.6014 -2.39356 6.05103
v 11.8702 -2.23475 5.89853
v 11.8702 -2.39356 6.05103
v 11.7114 -2.74284 5.73907
v 11.7114 -2.74284 5.89853
v 11.7114 -2.39356 5.73907
v 11.7114 -2.39356 5.89853
vn 0.464426 -0.885612 0
vn 0.954462 -0.298333 0
vn -0.439708 -0.898086 0.009939
vn 0.438593 -0.898686 0
vn -0.193943 -0.95991 0.202384
vn 0.909288 -0.222694 -0.351572
vn 0.343564 -0.883864 -0.31741
vn 0.954462 0.298333 0
vn 0.954462 0.298332 0
vn -0.947853 -0.318341 0.015274
vn -0.947853 -0.318341 -0.015274
vn -0.439708 -0.898086 -0.009938
vn -0.179375 -0.392105 0.902263
vn -0.178748 0.393334 0.901852
vn -0.94776 0.318613 0.015398
vn -0.096106 -0.922485 0.373879
vn -0.11886 -0.902352 0.414287
vn -0.141849 -0.261118 0.954828
vn 0 -0.906353 -0.422521
vn 0 -0.896102 -0.443849
vn 0.464427 0.885611 0
vn 0.438593 0.898686 0
vn 0.343564 0.883863 -0.31741
vn 0.909288 0.222694 -0.351572
vn -0.439744 0.898066 0.010168
vn -0.199763 0.957716 0.20706
vn -0.439744 0.898066 -0.010168
vn -0.94776 0.318613 -0.015398
vn 0 0.906007 -0.423262
vn -0.094706 0.922315 0.374653
vn 0 0.893475 -0.449114
vn -0.11673 0.900546 0.418798
vn -0.14008 0.265081 0.953997
vn 0.356957 -0.209541 -0.910315
vn 0.356957 0.209541 -0.910315
vn 0 -0.287478 -0.957787
vn -0.134935 -0.262686 -0.9554
vn -0.11354 -0.898437 -0.42417
vn 0 0.287478 -0.957787
vn 0 0.287477 -0.957787
vn -0.114503 0.896606 -0.42777
vn -0.134935 0.262685 -0.9554
vn -0.89236 -0.208915 0.40006
vn -0.89236 -0.208915 -0.40006
vn -0.89236 0.208915 0.40006
vn -0.89236 0.208915 -0.40006
vn -0.193944 -0.959909 -0.202386
vn 0.909287 -0.222693 0.351576
vn 0.343563 -0.883863 0.317413
vn -0.179375 -0.392103 -0.902264
vn -0.178748 0.393332 -0.901853
vn -0.096106 -0.922484 -0.373882
vn -0.118859 -0.902349 -0.414292
vn -0.141845 -0.261115 -0.954829
vn 0 -0.906351 0.422526
vn 0 -0.8961 0.443852
vn 0.343563 0.883863 0.317414
vn 0.909287 0.222693 0.351576
vn -0.199765 0.957716 -0.207063
vn 0 0.893473 0.449116
vn 0 0.906005 0.423266
vn -0.094707 0.922314 -0.374656
vn -0.140076 0.265078 -0.953998
vn -0.116729 0.900544 -0.418802
vn 0.356957 -0.209541 0.910315
vn 0.356957 0.209541 0.910315
vn 0 -0.287478 0.957787
vn -0.134935 -0.262686 0.9554
vn -0.11354 -0.898436 0.424171
vn 0 0.287478 0.957787
vn 0 0.287477 0.957787
vn -0.114504 0.896605 0.427772
vn -0.134935 0.262685 0.9554
vn -0.892358 -0.208916 -0.400063
vn -0.892358 0.208916 -0.400063
vt 0.101168 0.81097
vt 0.085779 0.811123
vt 0.094225 0.057049
vt 0.078828 0.057191
vt 0.110871 0.811153
vt 0.100894 0.824235
vt 0.111255 0.825462
vt 0.08718 0.825088
vt 0.088774 0.837046
vt 0.100821 0.835126
vt 0.007284 0.144014
vt 0.006674 0.129581
vt 0.030554 0.143766
vt 0.030407 0.128951
vt 0.125825 0.807902
vt 0.118955 0.059667
vt 0.103931 0.056685
vt 0.04548 0.823355
vt 0.045675 0.8092
vt 0.069177 0.823489
vt 0.069168 0.809193
vt 0.124883 0.83004
vt 0.132142 0.819749
vt 0.161029 0.843876
vt 0.166279 0.834013
vt 0.110162 0.836531
vt 0.122347 0.839002
vt 0.270505 0.810007
vt 0.25514 0.810018
vt 0.269645 0.05732
vt 0.254274 0.057341
vt 0.255634 0.823369
vt 0.269421 0.823962
vt 0.25593 0.834395
vt 0.26816 0.836036
vt 0.245454 0.810301
vt 0.245204 0.824757
vt 0.23049 0.807208
vt 0.244583 0.05708
vt 0.229622 0.060212
vt 0.246455 0.836011
vt 0.231224 0.82996
vt 0.233995 0.838693
vt 0.194208 0.843754
vt 0.223801 0.819055
vt 0.188855 0.833598
vt 0.006201 0.115668
vt 0.005728 0.100531
vt 0.030128 0.115029
vt 0.029768 0.099864
vt 0.097704 0.846167
vt 0.107568 0.848097
vt 0.119134 0.850435
vt 0.156073 0.861817
vt 0.158451 0.850969
vt 0.005332 0.087937
vt 0.004862 0.07236
vt 0.02947 0.087275
vt 0.029076 0.071683
vt 0.237373 0.850449
vt 0.196848 0.851054
vt 0.199291 0.862237
vt 0.249324 0.847831
vt 0.259377 0.84557
vt 0.171932 0.84663
vt 0.168497 0.855943
vt 0.046013 0.883628
vt 0.045983 0.869051
vt 0.069138 0.883572
vt 0.069098 0.868994
vt 0.182974 0.846535
vt 0.186475 0.856146
vt 0.02727 0.005595
vt 0.027691 0.020908
vt 0.003003 0.00627
vt 0.00343 0.021568
vt 0.068921 0.089035
vt 0.045423 0.089041
vt 0.01457 0.874283
vt 0.03779 0.874087
vt 0.046039 0.894185
vt 0.069162 0.89413
vt 0.104093 0.042041
vt 0.093572 0.043556
vt 0.079626 0.043124
vt 0.08076 0.030839
vt 0.093164 0.032397
vt 0.014686 0.887834
vt 0.03711 0.888618
vt 0.045254 0.074904
vt 0.068916 0.074763
vt 0.117947 0.03711
vt 0.1554 0.02261
vt 0.125435 0.047647
vt 0.160862 0.03285
vt 0.102729 0.030679
vt 0.115255 0.027871
vt 0.254735 0.043905
vt 0.254988 0.032775
vt 0.268615 0.043309
vt 0.267329 0.031082
vt 0.244242 0.042538
vt 0.232857 0.028575
vt 0.245427 0.03119
vt 0.230158 0.037396
vt 0.187427 0.034258
vt 0.19269 0.023943
vt 0.222824 0.048421
vt 0.014202 0.90028
vt 0.036019 0.901873
vt 0.01317 0.913467
vt 0.034457 0.915752
vt 0.089582 0.021101
vt 0.099754 0.018754
vt 0.111797 0.016028
vt 0.15018 0.003968
vt 0.1527 0.015246
vt 0.012003 0.924191
vt 0.032856 0.926938
vt 0.010189 0.93724
vt 0.030709 0.940441
vt 0.195264 0.016548
vt 0.236144 0.016691
vt 0.1976 0.005238
vt 0.248235 0.019245
vt 0.258408 0.021466
vt 0.166739 0.019745
vt 0.163152 0.010054
vt 0.045705 0.014729
vt 0.068891 0.014761
vt 0.045725 0.029314
vt 0.068832 0.029358
vt 0.181317 0.021274
vt 0.184739 0.011527
vt 0.021438 0.996032
vt 0.001078 0.99264
vt 0.023602 0.983198
vt 0.003236 0.979831
vt 0.045704 0.004139
vt 0.068916 0.004171
usemtl BackSG
f 615/879/597 616/880/598 617/881/597
f 617/881/597 616/880/598 618/882/598
f 615/879/597 619/883/599 620/884/600
f 620/884/600 619/883/599 621/885/601
f 622/886/598 620/884/600 623/887/602
f 623/887/602 620/884/600 624/888/603
f 616/889/598 622/890/598 625/891/604
f 625/891/604 622/890/598 626/892/605
f 627/893/606 619/883/599 628/894/607
f 628/894/607 619/883/599 629/895/608
f 630/896/609 627/897/606 631/898/610
f 631/898/610 627/897/606 632/899/611
f 633/900/612 630/901/609 634/902/613
f 634/902/613 630/901/609 635/903/614
f 621/885/601 633/900/612 636/904/615
f 636/904/615 633/900/612 637/905/616
f 625/906/604 638/907/617 639/908/604
f 639/908/604 638/907/617 640/909/617
f 641/910/618 626/911/605 642/912/619
f 642/912/619 626/911/605 643/913/620
f 638/907/617 641/910/618 644/914/621
f 644/914/621 641/910/618 645/915/622
f 644/914/621 632/916/611 646/917/623
f 646/917/623 632/916/611 647/918/624
f 645/915/622 648/919/625 649/920/626
f 649/920/626 648/919/625 650/921/627
f 649/920/626 651/922/628 631/923/610
f 631/923/610 651/922/628 652/924/629
f 623/925/602 653/926/630 643/927/620
f 643/927/620 653/926/630 654/928/631
f 653/929/630 624/888/603 655/930/632
f 655/930/632 624/888/603 636/904/615
f 656/931/632 637/905/616 657/932/633
f 657/932/633 637/905/616 658/933/634
f 655/934/632 656/935/632 659/936/635
f 659/936/635 656/935/632 660/937/636
f 650/921/627 660/938/636 661/939/637
f 661/939/637 660/938/636 662/940/638
f 659/941/635 648/919/625 654/942/631
f 654/942/631 648/919/625 642/912/619
f 634/902/613 663/943/639 658/933/634
f 658/933/634 663/943/639 664/944/640
f 663/945/639 635/946/614 665/947/641
f 665/947/641 635/946/614 652/948/629
f 665/949/641 651/922/628 666/950/642
f 666/950/642 651/922/628 661/939/637
f 666/951/642 662/952/638 664/953/640
f 664/953/640 662/952/638 657/954/633
f 653/926/630 655/934/632 654/928/631
f 654/928/631 655/934/632 659/936/635
f 638/907/617 644/914/621 640/909/617
f 640/909/617 644/914/621 646/917/623
f 619/883/599 615/879/597 629/895/608
f 629/895/608 615/879/597 617/881/597
f 632/899/611 627/897/606 647/955/624
f 647/955/624 627/897/606 628/956/607
f 616/889/598 625/891/604 618/957/598
f 618/957/598 625/891/604 639/958/604
f 620/884/600 621/885/601 624/888/603
f 624/888/603 621/885/601 636/904/615
f 663/945/639 665/947/641 664/959/640
f 664/959/640 665/947/641 666/960/642
f 641/910/618 642/912/619 645/915/622
f 645/915/622 642/912/619 648/919/625
f 626/892/605 622/890/598 643/927/620
f 643/927/620 622/890/598 623/925/602
f 630/896/609 631/898/610 635/946/614
f 635/946/614 631/898/610 652/948/629
f 650/921/627 661/939/637 649/920/626
f 649/920/626 661/939/637 651/922/628
f 660/937/636 656/935/632 662/952/638
f 662/952/638 656/935/632 657/954/633
f 633/900/612 634/902/613 637/905/616
f 637/905/616 634/902/613 658/933/634
f 615/879/597 620/884/600 616/880/598
f 616/880/598 620/884/600 622/886/598
f 621/885/601 619/883/599 633/900/612
f 633/900/612 619/883/599 630/901/609
f 627/893/606 630/901/609 619/883/599
f 625/906/604 626/911/605 638/907/617
f 638/907/617 626/911/605 641/910/618
f 645/915/622 649/920/626 644/914/621
f 649/920/626 631/923/610 644/914/621
f 644/914/621 631/923/610 632/916/611
f 623/887/602 624/888/603 653/929/630
f 656/931/632 655/930/632 637/905/616
f 637/905/616 655/930/632 636/904/615
f 650/921/627 648/919/625 660/938/636
f 660/938/636 648/919/625 659/941/635
f 654/942/631 642/912/619 643/913/620
f 634/902/613 635/903/614 663/943/639
f 665/949/641 652/924/629 651/922/628
f 666/950/642 661/939/637 662/940/638
f 664/944/640 657/932/633 658/933/634
f 667/961/643 629/895/608 668/962/600
f 668/962/600 629/895/608 617/881/597
f 669/963/598 670/964/644 668/962/600
f 668/962/600 670/964/644 671/965/645
f 618/957/598 639/958/604 669/966/598
f 669/966/598 639/958/604 672/967/605
f 673/968/646 674/969/647 628/956/607
f 628/956/607 674/969/647 647/955/624
f 675/970/648 676/971/649 673/972/646
f 673/972/646 676/971/649 677/973/650
f 667/961/643 678/974/651 675/970/648
f 675/970/648 678/974/651 679/975/652
f 680/976/618 681/977/653 672/978/605
f 672/978/605 681/977/653 682/979/654
f 640/909/617 646/917/623 680/976/618
f 680/976/618 646/917/623 683/980/655
f 684/981/656 685/982/657 686/983/658
f 686/983/658 685/982/657 683/980/655
f 687/984/659 688/985/660 674/986/647
f 674/986/647 688/985/660 686/983/658
f 670/987/644 682/988/654 689/989/661
f 689/989/661 682/988/654 690/990/662
f 689/991/661 691/992/663 671/965/645
f 671/965/645 691/992/663 678/974/651
f 692/993/663 693/994/664 679/975/652
f 679/975/652 693/994/664 694/995/665
f 691/996/663 695/997/666 692/998/663
f 692/998/663 695/997/666 696/999/667
f 684/981/656 697/1000/668 696/1001/667
f 696/1001/667 697/1000/668 698/1002/669
f 695/1003/666 690/1004/662 685/982/657
f 685/982/657 690/1004/662 681/977/653
f 676/971/649 694/995/665 699/1005/670
f 699/1005/670 694/995/665 700/1006/639
f 699/1007/670 701/1008/671 677/1009/650
f 677/1009/650 701/1008/671 687/1010/659
f 701/1011/671 702/1012/641 688/985/660
f 688/985/660 702/1012/641 697/1000/668
f 702/1013/641 700/1014/639 698/1015/669
f 698/1015/669 700/1014/639 693/1016/664
f 689/989/661 690/990/662 691/996/663
f 691/996/663 690/990/662 695/997/666
f 668/962/600 671/965/645 667/961/643
f 667/961/643 671/965/645 678/974/651
f 699/1007/670 700/1017/639 701/1008/671
f 701/1008/671 700/1017/639 702/1018/641
f 685/982/657 681/977/653 683/980/655
f 683/980/655 681/977/653 680/976/618
f 672/967/605 682/988/654 669/966/598
f 669/966/598 682/988/654 670/987/644
f 673/968/646 677/1009/650 674/969/647
f 674/969/647 677/1009/650 687/1010/659
f 688/985/660 697/1000/668 686/983/658
f 686/983/658 697/1000/668 684/981/656
f 696/999/667 698/1015/669 692/998/663
f 692/998/663 698/1015/669 693/1016/664
f 694/995/665 676/971/649 679/975/652
f 679/975/652 676/971/649 675/970/648
f 617/881/597 618/882/598 668/962/600
f 668/962/600 618/882/598 669/963/598
f 667/961/643 675/970/648 629/895/608
f 675/970/648 673/972/646 629/895/608
f 628/894/607 629/895/608 673/972/646
f 639/908/604 640/909/617 672/978/605
f 672/978/605 640/909/617 680/976/618
f 683/980/655 646/917/623 686/983/658
f 686/983/658 646/917/623 674/986/647
f 646/917/623 647/918/624 674/986/647
f 670/964/644 689/991/661 671/965/645
f 692/993/663 679/975/652 691/992/663
f 691/992/663 679/975/652 678/974/651
f 684/981/656 696/1001/667 685/982/657
f 685/982/657 696/1001/667 695/1003/666
f 690/1004/662 682/979/654 681/977/653
f 676/971/649 699/1005/670 677/973/650
f 701/1011/671 688/985/660 687/984/659
f 702/1012/641 698/1002/669 697/1000/668
f 700/1006/639 694/995/665 693/994/664
s off
g Car_Wheel2SG
v 8.80506 -2.43859 4.2761
v 8.84356 -2.51415 4.2761
v 8.58576 -2.59792 4.2761
v 8.74509 -2.37862 4.2761
v 8.66953 -2.34012 4.2761
v 8.58577 -2.32685 4.2761
v 8.502 -2.34012 4.2761
v 8.42643 -2.37862 4.2761
v 8.36647 -2.43859 4.2761
v 8.32796 -2.51415 4.2761
v 8.31469 -2.59792 4.2761
v 8.32796 -2.68168 4.2761
v 8.36647 -2.75725 4.2761
v 8.42643 -2.81722 4.2761
v 8.502 -2.85572 4.2761
v 8.58576 -2.86899 4.2761
v 8.66953 -2.85572 4.2761
v 8.74509 -2.81722 4.2761
v 8.80506 -2.75725 4.2761
v 8.84356 -2.68169 4.2761
v 8.85683 -2.59792 4.2761
v 8.84356 -2.51415 6.06818
v 8.80507 -2.43859 6.06818
v 8.58576 -2.59792 6.06818
v 8.74509 -2.37862 6.06818
v 8.66953 -2.34012 6.06818
v 8.58577 -2.32685 6.06818
v 8.502 -2.34012 6.06818
v 8.42643 -2.37862 6.06818
v 8.36646 -2.43859 6.06818
v 8.32796 -2.51415 6.06818
v 8.31469 -2.59792 6.06818
v 8.32796 -2.68169 6.06818
v 8.36646 -2.75725 6.06818
v 8.42643 -2.81722 6.06818
v 8.502 -2.85572 6.06818
v 8.58576 -2.86899 6.06818
v 8.66953 -2.85572 6.06818
v 8.74509 -2.81722 6.06818
v 8.80506 -2.75725 6.06818
v 8.84356 -2.68169 6.06818
v 8.85683 -2.59792 6.06818
v 9.38673 -2.01598 4.47752
v 9.52736 -2.29198 4.47752
v 8.93106 -2.34705 4.47752
v 8.99168 -2.46603 4.47752
v 9.1677 -1.79695 4.47752
v 8.83664 -2.25262 4.47752
v 8.8917 -1.65632 4.47752
v 8.71766 -2.192 4.47752
v 8.58577 -1.60787 4.47752
v 8.58577 -2.17111 4.47752
v 8.27982 -1.65632 4.47752
v 8.45387 -2.192 4.47752
v 8.00383 -1.79695 4.47752
v 8.33489 -2.25262 4.47752
v 7.78479 -2.01598 4.47752
v 8.24047 -2.34705 4.47752
v 7.64417 -2.29198 4.47752
v 8.17984 -2.46603 4.47752
v 7.59572 -2.59792 4.47752
v 8.15895 -2.59792 4.47752
v 7.64417 -2.90386 4.47752
v 8.17984 -2.72981 4.47752
v 7.7848 -3.17986 4.47752
v 8.24047 -2.84879 4.47752
v 8.00383 -3.39889 4.47752
v 8.33489 -2.94321 4.47752
v 8.27982 -3.53951 4.47752
v 8.45387 -3.00384 4.47752
v 8.58576 -3.58797 4.47752
v 8.58576 -3.02473 4.47752
v 8.8917 -3.53951 4.47752
v 8.71766 -3.00384 4.47752
v 9.1677 -3.39889 4.47752
v 8.83664 -2.94321 4.47752
v 9.38673 -3.17986 4.47752
v 8.93106 -2.84879 4.47752
v 9.52736 -2.90386 4.47752
v 8.99168 -2.72981 4.47752
v 9.57581 -2.59792 4.47752
v 9.01257 -2.59792 4.47752
v 9.52736 -2.29198 5.86676
v 9.38673 -2.01598 5.86676
v 8.99168 -2.46603 5.86676
v 8.93106 -2.34705 5.86676
v 9.1677 -1.79695 5.86676
v 8.83664 -2.25262 5.86676
v 8.8917 -1.65632 5.86676
v 8.71766 -2.192 5.86676
v 8.58576 -1.60787 5.86676
v 8.58577 -2.17111 5.86676
v 8.27982 -1.65632 5.86676
v 8.45387 -2.192 5.86676
v 8.00383 -1.79695 5.86676
v 8.33489 -2.25262 5.86676
v 7.78479 -2.01598 5.86676
v 8.24047 -2.34705 5.86676
v 7.64417 -2.29198 5.86676
v 8.17984 -2.46603 5.86676
v 7.59572 -2.59792 5.86676
v 8.15895 -2.59792 5.86676
v 7.64417 -2.90386 5.86676
v 8.17984 -2.72981 5.86676
v 7.78479 -3.17986 5.86676
v 8.24047 -2.84879 5.86676
v 8.00383 -3.39889 5.86676
v 8.33489 -2.94321 5.86676
v 8.27982 -3.53951 5.86676
v 8.45387 -3.00384 5.86676
v 8.58576 -3.58797 5.86676
v 8.58576 -3.02473 5.86676
v 8.8917 -3.53951 5.86676
v 8.71766 -3.00384 5.86676
v 9.1677 -3.39889 5.86676
v 8.83664 -2.94321 5.86676
v 9.38673 -3.17986 5.86676
v 8.93106 -2.84879 5.86676
v 9.52736 -2.90386 5.86676
v 8.99168 -2.72981 5.86676
v 9.57581 -2.59792 5.86676
v 9.01257 -2.59792 5.86676
v 8.89608 -2.37246 4.38559
v 8.95056 -2.47939 4.38559
v 8.81122 -2.2876 4.38559
v 8.7043 -2.23312 4.38559
v 8.58577 -2.21435 4.38559
v 8.46724 -2.23312 4.38559
v 8.36031 -2.2876 4.38559
v 8.27545 -2.37246 4.38559
v 8.22097 -2.47939 4.38559
v 8.20219 -2.59792 4.38559
v 8.22097 -2.71645 4.38559
v 8.27545 -2.82338 4.38559
v 8.36031 -2.90823 4.38559
v 8.46723 -2.96272 4.38559
v 8.58576 -2.98149 4.38559
v 8.7043 -2.96272 4.38559
v 8.81122 -2.90823 4.38559
v 8.89608 -2.82338 4.38559
v 8.95056 -2.71645 4.38559
v 8.96933 -2.59792 4.38559
v 8.95056 -2.47939 5.95869
v 8.89608 -2.37246 5.95868
v 8.81122 -2.2876 5.95868
v 8.7043 -2.23312 5.95869
v 8.58577 -2.21435 5.95869
v 8.46724 -2.23312 5.95869
v 8.36031 -2.2876 5.95869
v 8.27545 -2.37246 5.95868
v 8.22097 -2.47939 5.95868
v 8.20219 -2.59792 5.95869
v 8.22097 -2.71645 5.95869
v 8.27545 -2.82338 5.95869
v 8.36031 -2.90823 5.95869
v 8.46723 -2.96272 5.95869
v 8.58576 -2.98149 5.95869
v 8.7043 -2.96272 5.95869
v 8.81122 -2.90823 5.95869
v 8.89608 -2.82338 5.95869
v 8.95056 -2.71645 5.95869
v 8.96933 -2.59792 5.95869
v 10.462 -1.9883 4.37644
v 10.1818 -1.43836 4.37644
v 10.462 -1.9883 5.96784
v 10.1818 -1.43836 5.96784
v 9.74532 -1.00192 4.37644
v 9.74532 -1.00192 5.96784
v 9.19538 -0.721715 4.37644
v 9.19538 -0.721715 5.96784
v 8.58576 -0.625162 4.37644
v 8.58576 -0.625162 5.96784
v 7.97615 -0.721715 4.37644
v 7.97615 -0.721715 5.96784
v 7.42621 -1.00192 4.37644
v 7.42621 -1.00192 5.96784
v 6.98977 -1.43836 4.37644
v 6.98977 -1.43836 5.96784
v 6.70956 -1.9883 4.37644
v 6.70956 -1.9883 5.96784
v 6.61301 -2.59792 4.37644
v 6.61301 -2.59792 5.96784
v 6.70956 -3.20753 4.37644
v 6.70956 -3.20753 5.96784
v 6.98977 -3.75747 4.37644
v 6.98977 -3.75747 5.96784
v 7.42621 -4.19391 4.37644
v 7.42621 -4.19391 5.96784
v 7.97615 -4.47412 4.37644
v 7.97615 -4.47412 5.96784
v 8.58576 -4.57067 4.37644
v 8.58576 -4.57067 5.96784
v 9.19538 -4.47412 4.37644
v 9.19538 -4.47412 5.96784
v 9.74532 -4.19391 4.37644
v 9.74532 -4.19391 5.96784
v 10.1818 -3.75747 4.37644
v 10.1818 -3.75747 5.96784
v 10.462 -3.20753 4.37644
v 10.462 -3.20753 5.96784
v 10.5585 -2.59792 4.37644
v 10.5585 -2.59792 5.96784
v 10.0576 -1.52857 4.22486
v 10.316 -2.03573 4.22486
v 9.51089 -1.92577 4.22486
v 9.67332 -2.24455 4.22486
v 9.65511 -1.12608 4.22486
v 9.25791 -1.67279 4.22486
v 9.14795 -0.867673 4.22486
v 8.93913 -1.51037 4.22486
v 8.58576 -0.778632 4.22486
v 8.58576 -1.4544 4.22486
v 8.02357 -0.867674 4.22486
v 8.2324 -1.51037 4.22486
v 7.51642 -1.12608 4.22486
v 7.91362 -1.67279 4.22486
v 7.11393 -1.52857 4.22486
v 7.66064 -1.92577 4.22486
v 6.85552 -2.03573 4.22486
v 7.49821 -2.24455 4.22486
v 6.76648 -2.59792 4.22486
v 7.44225 -2.59792 4.22486
v 6.85552 -3.16011 4.22486
v 7.49821 -2.95129 4.22486
v 7.11393 -3.66727 4.22486
v 7.66064 -3.27006 4.22486
v 7.51642 -4.06975 4.22486
v 7.91362 -3.52305 4.22486
v 8.02357 -4.32816 4.22486
v 8.2324 -3.68547 4.22486
v 8.58576 -4.4172 4.22486
v 8.58577 -3.74144 4.22486
v 9.14795 -4.32816 4.22486
v 8.93913 -3.68547 4.22486
v 9.65511 -4.06975 4.22486
v 9.25791 -3.52305 4.22486
v 10.0576 -3.66727 4.22486
v 9.51089 -3.27006 4.22486
v 10.316 -3.16011 4.22486
v 9.67332 -2.95129 4.22486
v 10.405 -2.59792 4.22486
v 9.72928 -2.59792 4.22486
v 10.316 -2.03573 6.11942
v 10.0576 -1.52857 6.11942
v 9.67332 -2.24455 6.11942
v 9.51089 -1.92577 6.11942
v 9.65511 -1.12608 6.11942
v 9.25791 -1.67279 6.11942
v 9.14795 -0.867673 6.11942
v 8.93913 -1.51037 6.11942
v 8.58576 -0.778632 6.11942
v 8.58576 -1.4544 6.11942
v 8.02357 -0.867674 6.11942
v 8.2324 -1.51037 6.11942
v 7.51642 -1.12608 6.11942
v 7.91362 -1.67279 6.11942
v 7.11393 -1.52857 6.11942
v 7.66064 -1.92577 6.11942
v 6.85552 -2.03573 6.11942
v 7.49821 -2.24455 6.11942
v 6.76648 -2.59792 6.11942
v 7.44225 -2.59792 6.11942
v 6.85552 -3.16011 6.11942
v 7.49821 -2.95129 6.11942
v 7.11393 -3.66727 6.11942
v 7.66064 -3.27006 6.11942
v 7.51642 -4.06975 6.11942
v 7.91362 -3.52305 6.11942
v 8.02357 -4.32816 6.11942
v 8.2324 -3.68547 6.11942
v 8.58576 -4.4172 6.11942
v 8.58577 -3.74144 6.11942
v 9.14795 -4.32816 6.11942
v 8.93913 -3.68547 6.11942
v 9.65511 -4.06975 6.11942
v 9.25791 -3.52305 6.11942
v 10.0576 -3.66727 6.11942
v 9.51089 -3.27006 6.11942
v 10.316 -3.16011 6.11942
v 9.67332 -2.95129 6.11942
v 10.405 -2.59792 6.11942
v 9.72928 -2.59792 6.11942
v 9.38673 -2.01598 4.37644
v 9.52736 -2.29198 4.37644
v 9.1677 -1.79695 4.37644
v 8.8917 -1.65632 4.37644
v 8.58577 -1.60787 4.37644
v 8.27982 -1.65632 4.37644
v 8.00383 -1.79695 4.37644
v 7.78479 -2.01598 4.37644
v 7.64417 -2.29198 4.37644
v 7.59572 -2.59792 4.37644
v 7.64417 -2.90386 4.37644
v 7.7848 -3.17986 4.37644
v 8.00383 -3.39889 4.37644
v 8.27982 -3.53951 4.37644
v 8.58576 -3.58797 4.37644
v 8.8917 -3.53951 4.37644
v 9.1677 -3.39889 4.37644
v 9.38673 -3.17986 4.37644
v 9.52736 -2.90386 4.37644
v 9.57581 -2.59792 4.37644
v 9.52736 -2.29198 5.96784
v 9.38673 -2.01598 5.96784
v 9.1677 -1.79695 5.96784
v 8.8917 -1.65632 5.96784
v 8.58576 -1.60787 5.96784
v 8.27982 -1.65632 5.96784
v 8.00383 -1.79695 5.96784
v 7.78479 -2.01598 5.96784
v 7.64417 -2.29198 5.96784
v 7.59572 -2.59792 5.96784
v 7.64417 -2.90386 5.96784
v 7.78479 -3.17986 5.96784
v 8.00383 -3.39889 5.96784
v 8.27982 -3.53951 5.96784
v 8.58576 -3.58797 5.96784
v 8.8917 -3.53951 5.96784
v 9.1677 -3.39889 5.96784
v 9.38673 -3.17986 5.96784
v 9.52736 -2.90386 5.96784
v 9.57581 -2.59792 5.96784
v 10.4192 -2.00219 4.26925
v 10.1454 -1.46478 4.26925
v 9.7189 -1.03829 4.26925
v 9.18149 -0.764466 4.26925
v 8.58576 -0.670112 4.26925
v 7.99004 -0.764466 4.26925
v 7.45262 -1.03829 4.26925
v 7.02613 -1.46478 4.26925
v 6.75231 -2.00219 4.26925
v 6.65796 -2.59792 4.26925
v 6.75231 -3.19365 4.26925
v 7.02613 -3.73106 4.26925
v 7.45262 -4.15755 4.26925
v 7.99004 -4.43137 4.26925
v 8.58576 -4.52572 4.26925
v 9.18149 -4.43137 4.26925
v 9.7189 -4.15755 4.26925
v 10.1454 -3.73106 4.26925
v 10.4192 -3.19365 4.26925
v 10.5136 -2.59792 4.26925
v 10.4192 -2.00219 6.07502
v 10.5136 -2.59792 6.07502
v 10.1454 -1.46478 6.07502
v 9.7189 -1.03829 6.07502
v 9.18149 -0.764466 6.07502
v 8.58576 -0.670112 6.07502
v 7.99004 -0.764466 6.07502
v 7.45262 -1.03829 6.07502
v 7.02613 -1.46478 6.07502
v 6.75231 -2.00219 6.07502
v 6.65796 -2.59792 6.07502
v 6.75231 -3.19365 6.07502
v 7.02613 -3.73106 6.07502
v 7.45262 -4.15755 6.07502
v 7.99004 -4.43137 6.07502
v 8.58576 -4.52572 6.07502
v 9.18149 -4.43137 6.07502
v 9.7189 -4.15755 6.07502
v 10.1454 -3.73106 6.07502
v 10.4192 -3.19365 6.07502
v 9.57011 -2.27808 4.26925
v 9.4231 -1.98956 4.26925
v 9.19412 -1.76059 4.26925
v 8.9056 -1.61357 4.26925
v 8.58576 -1.56292 4.26925
v 8.26593 -1.61357 4.26925
v 7.97741 -1.76059 4.26925
v 7.74843 -1.98956 4.26925
v 7.60142 -2.27809 4.26925
v 7.55076 -2.59792 4.26925
v 7.60142 -2.91775 4.26925
v 7.74843 -3.20628 4.26925
v 7.97741 -3.43525 4.26925
v 8.26593 -3.58226 4.26925
v 8.58576 -3.63292 4.26925
v 8.9056 -3.58226 4.26925
v 9.19412 -3.43525 4.26925
v 9.4231 -3.20628 4.26925
v 9.57011 -2.91775 4.26925
v 9.62076 -2.59792 4.26925
v 9.57011 -2.27808 6.07502
v 9.62076 -2.59792 6.07502
v 9.4231 -1.98956 6.07502
v 9.19412 -1.76059 6.07502
v 8.9056 -1.61357 6.07502
v 8.58576 -1.56292 6.07502
v 8.26593 -1.61357 6.07502
v 7.97741 -1.76059 6.07502
v 7.74843 -1.98956 6.07502
v 7.60142 -2.27808 6.07502
v 7.55076 -2.59792 6.07502
v 7.60142 -2.91775 6.07502
v 7.74843 -3.20628 6.07502
v 7.97741 -3.43525 6.07502
v 8.26593 -3.58226 6.07502
v 8.58576 -3.63292 6.07502
v 8.9056 -3.58226 6.07502
v 9.19412 -3.43525 6.07502
v 9.4231 -3.20628 6.07502
v 9.57011 -2.91775 6.07502
vn 0.378579 0.275057 -0.883754
vn 0.445048 0.144604 -0.883755
vn 0 4e-06 -1
vn 0.275061 0.378589 -0.883749
vn 0.144613 0.445056 -0.883749
vn 6e-06 0.467953 -0.883753
vn -0.144605 0.445045 -0.883756
vn -0.275055 0.37858 -0.883754
vn -0.378575 0.275055 -0.883757
vn -0.44505 0.144605 -0.883754
vn -0.467952 -0 -0.883754
vn -0.445057 -0.144596 -0.883751
vn -0.378587 -0.275045 -0.883754
vn -0.275049 -0.378589 -0.883752
vn -0.144593 -0.445057 -0.883752
vn 2e-06 -0.467951 -0.883755
vn 0.144592 -0.445056 -0.883752
vn 0.275045 -0.378587 -0.883755
vn 0.378593 -0.275044 -0.883752
vn 0.445068 -0.144596 -0.883746
vn 0.467951 -4e-06 -0.883754
vn 0.445048 0.144608 0.883754
vn 0.378581 0.275068 0.88375
vn 0 0 1
vn 0.275065 0.378583 0.88375
vn 0.14461 0.445048 0.883753
vn 1e-06 0.467946 0.883757
vn -0.144604 0.445048 0.883754
vn -0.275061 0.378577 0.883754
vn -0.378587 0.27506 0.88375
vn -0.445056 0.144614 0.883749
vn -0.46795 6e-06 0.883755
vn -0.445049 -0.144604 0.883754
vn -0.378575 -0.275057 0.883756
vn -0.275055 -0.37858 0.883755
vn -0.144607 -0.44505 0.883753
vn 0 -0.467948 0.883756
vn 0.144602 -0.445048 0.883755
vn 0.275057 -0.378579 0.883754
vn 0.378581 -0.275054 0.883754
vn 0.445047 -0.144602 0.883755
vn 0.467947 -4e-06 0.883757
vn -0.217169 -0.157783 -0.963297
vn -0.255299 -0.082951 -0.963297
vn -0 0 -1
vn -0.157782 -0.217169 -0.963298
vn -0.082951 -0.255298 -0.963298
vn 1e-06 0 -1
vn 0 -0.268435 -0.963298
vn 0.082951 -0.255298 -0.963298
vn -1e-06 0 -1
vn 0.157782 -0.217169 -0.963298
vn 0.217169 -0.157783 -0.963298
vn 0.255297 -0.082951 -0.963298
vn 0.268436 -1e-06 -0.963298
vn 0.255298 0.082952 -0.963297
vn 0.217168 0.157782 -0.963298
vn 0.157783 0.217169 -0.963298
vn 0.082951 0.255299 -0.963297
vn -1e-06 0.268435 -0.963298
vn -0.082952 0.255298 -0.963297
vn -0.157784 0.21717 -0.963297
vn -0.217169 0.157783 -0.963297
vn -0.255298 0.082951 -0.963298
vn -0.268434 0 -0.963298
vn -0.2553 -0.082952 0.963297
vn -0.217169 -0.157784 0.963298
vn 1e-06 0 1
vn -0.157782 -0.217168 0.963298
vn -0.082951 -0.255298 0.963297
vn 0 -0.268435 0.963298
vn 0.082951 -0.255298 0.963298
vn -1e-06 0 1
vn 0.157782 -0.217169 0.963298
vn 0.21717 -0.157783 0.963297
vn 0.255299 -0.082951 0.963297
vn 0.268434 0 0.963298
vn 0.255298 0.082951 0.963297
vn 0.217168 0.157783 0.963298
vn 0.157783 0.217169 0.963298
vn 0.082952 0.2553 0.963297
vn -1e-06 0.268435 0.963298
vn -0.082951 0.255298 0.963298
vn -0.157783 0.21717 0.963297
vn -0.217169 0.157783 0.963297
vn -0.255298 0.082951 0.963298
vn -0.268433 1e-06 0.963298
vn 0.654213 0.475319 -0.588283
vn 0.769079 0.249887 -0.588281
vn 0.47532 0.654216 -0.58828
vn 0.249893 0.769079 -0.588279
vn 3e-06 0.808655 -0.588283
vn -0.249888 0.769079 -0.58828
vn -0.475316 0.654218 -0.588281
vn -0.654214 0.47532 -0.588282
vn -0.769078 0.249888 -0.588281
vn -0.808657 2e-06 -0.58828
vn -0.769079 -0.249888 -0.58828
vn -0.654219 -0.475318 -0.588278
vn -0.475318 -0.654219 -0.588277
vn -0.249884 -0.769081 -0.588279
vn 3e-06 -0.808656 -0.588281
vn 0.249882 -0.769081 -0.58828
vn 0.475316 -0.65422 -0.588278
vn 0.654223 -0.475311 -0.588279
vn 0.769085 -0.249882 -0.588274
vn 0.808657 -5e-06 -0.588281
vn 0.769076 0.249888 0.588284
vn 0.65421 0.475326 0.588281
vn 0.475323 0.654213 0.58828
vn 0.249891 0.769076 0.588283
vn 1e-06 0.808656 0.588282
vn -0.249887 0.769079 0.588281
vn -0.475321 0.654212 0.588283
vn -0.654215 0.475318 0.588282
vn -0.769076 0.249893 0.588281
vn -0.808655 6e-06 0.588284
vn -0.769079 -0.249886 0.588281
vn -0.654213 -0.475322 0.588281
vn -0.475319 -0.654216 0.58828
vn -0.249889 -0.76908 0.588279
vn 3e-06 -0.808656 0.588281
vn 0.249883 -0.76908 0.588281
vn 0.475318 -0.654216 0.588281
vn 0.654217 -0.475316 0.588282
vn 0.769079 -0.249886 0.588281
vn 0.808656 -7e-06 0.588282
vn 0.950754 0.308917 -0.025224
vn 0.80876 0.587598 -0.025224
vn 0.950754 0.308917 0.025224
vn 0.80876 0.587598 0.025224
vn 0.587597 0.80876 -0.025224
vn 0.587597 0.80876 0.025224
vn 0.308918 0.950754 -0.025224
vn 0.308918 0.950754 0.025224
vn 0 0.999682 -0.025224
vn 0 0.999682 0.025224
vn -0.308918 0.950754 -0.025224
vn -0.308918 0.950754 0.025224
vn -0.587598 0.80876 -0.025224
vn -0.587598 0.80876 0.025224
vn -0.808761 0.587597 -0.025224
vn -0.808761 0.587597 0.025225
vn -0.950754 0.308919 -0.025225
vn -0.950754 0.308919 0.025224
vn -0.999682 0 -0.025224
vn -0.999682 -0 0.025224
vn -0.950754 -0.308919 -0.025224
vn -0.950754 -0.308919 0.025224
vn -0.808759 -0.587599 -0.025224
vn -0.808759 -0.587599 0.025224
vn -0.587598 -0.80876 -0.025224
vn -0.587598 -0.80876 0.025224
vn -0.308919 -0.950754 -0.025224
vn -0.308919 -0.950754 0.025224
vn -0 -0.999682 -0.025224
vn 0 -0.999682 0.025224
vn 0.308918 -0.950754 -0.025224
vn 0.308918 -0.950754 0.025224
vn 0.587599 -0.808759 -0.025224
vn 0.587599 -0.808759 0.025224
vn 0.80876 -0.587598 -0.025224
vn 0.80876 -0.587598 0.025224
vn 0.950754 -0.308919 -0.025224
vn 0.950754 -0.308919 0.025224
vn 0.999682 -1e-06 -0.025224
vn 0.999682 -1e-06 0.025224
vn 0.065245 0.047403 -0.996743
vn 0.0767 0.024921 -0.996743
vn -0.02936 -0.021331 -0.999341
vn -0.034515 -0.011214 -0.999341
vn 0.047403 0.065245 -0.996743
vn -0.021331 -0.02936 -0.999341
vn 0.024921 0.0767 -0.996743
vn -0.011214 -0.034515 -0.999341
vn -0 0.080647 -0.996743
vn 0 -0.036291 -0.999341
vn -0.024921 0.0767 -0.996743
vn 0.011215 -0.034515 -0.999341
vn -0.047403 0.065245 -0.996743
vn 0.021331 -0.02936 -0.999341
vn -0.065245 0.047403 -0.996743
vn 0.02936 -0.021331 -0.999341
vn -0.0767 0.024921 -0.996743
vn 0.034515 -0.011214 -0.999341
vn -0.080647 0 -0.996743
vn 0.036291 -0 -0.999341
vn -0.0767 -0.024921 -0.996743
vn 0.034515 0.011214 -0.999341
vn -0.065245 -0.047403 -0.996743
vn 0.02936 0.021331 -0.999341
vn -0.047403 -0.065245 -0.996743
vn 0.021331 0.02936 -0.999341
vn -0.024922 -0.0767 -0.996743
vn 0.011214 0.034514 -0.999341
vn 0 -0.080647 -0.996743
vn -0 0.036291 -0.999341
vn 0.024922 -0.0767 -0.996743
vn -0.011214 0.034515 -0.999341
vn 0.047403 -0.065245 -0.996743
vn -0.021331 0.02936 -0.999341
vn 0.065245 -0.047403 -0.996743
vn -0.02936 0.021331 -0.999341
vn 0.0767 -0.024921 -0.996743
vn -0.034515 0.011214 -0.999341
vn 0.080647 -0 -0.996743
vn -0.036292 0 -0.999341
vn 0.0767 0.024921 0.996743
vn 0.065245 0.047403 0.996743
vn -0.034515 -0.011214 0.999341
vn -0.02936 -0.021331 0.999341
vn 0.047403 0.065245 0.996743
vn -0.021331 -0.02936 0.999341
vn 0.024921 0.0767 0.996743
vn -0.011214 -0.034514 0.999341
vn 0 0.080647 0.996743
vn 0 -0.036291 0.999341
vn -0.024921 0.0767 0.996743
vn 0.011214 -0.034515 0.999341
vn -0.047403 0.065245 0.996743
vn 0.021331 -0.02936 0.999341
vn -0.065245 0.047403 0.996743
vn 0.02936 -0.021331 0.999341
vn -0.0767 0.024921 0.996743
vn 0.034514 -0.011214 0.999341
vn -0.080647 0 0.996743
vn 0.036291 0 0.999341
vn -0.0767 -0.024921 0.996743
vn 0.034515 0.011214 0.999341
vn -0.065245 -0.047403 0.996743
vn 0.02936 0.021331 0.999341
vn -0.047403 -0.065245 0.996743
vn 0.021332 0.02936 0.999341
vn -0.024921 -0.0767 0.996743
vn 0.011214 0.034514 0.999341
vn 0 -0.080647 0.996743
vn 0 0.036291 0.999341
vn 0.024921 -0.0767 0.996743
vn -0.011214 0.034515 0.999341
vn 0.047403 -0.065245 0.996743
vn -0.021332 0.02936 0.999341
vn 0.065245 -0.047403 0.996743
vn -0.02936 0.021331 0.999341
vn 0.0767 -0.024921 0.996743
vn -0.034515 0.011214 0.999341
vn 0.080647 -0 0.996743
vn -0.036292 0 0.999341
vn -0.789764 -0.573801 -0.216855
vn -0.928425 -0.301662 -0.216856
vn -0.573799 -0.789765 -0.216854
vn -0.301664 -0.928425 -0.216854
vn 0 -0.976204 -0.216854
vn 0.301664 -0.928425 -0.216853
vn 0.573798 -0.789767 -0.21685
vn 0.789766 -0.5738 -0.216849
vn 0.928427 -0.301663 -0.216849
vn 0.976205 -2e-06 -0.216851
vn 0.928426 0.301663 -0.216853
vn 0.789765 0.573799 -0.216854
vn 0.5738 0.789764 -0.216855
vn 0.301662 0.928425 -0.216855
vn -3e-06 0.976204 -0.216856
vn -0.301662 0.928425 -0.216858
vn -0.573798 0.789766 -0.216856
vn -0.789766 0.573798 -0.216854
vn -0.928426 0.301662 -0.216853
vn -0.976204 1e-06 -0.216854
vn -0.928426 -0.301661 0.216853
vn -0.789764 -0.573801 0.216853
vn -0.5738 -0.789765 0.216853
vn -0.301664 -0.928425 0.216854
vn 1e-06 -0.976204 0.216854
vn 0.301666 -0.928425 0.216852
vn 0.573799 -0.789767 0.21685
vn 0.789766 -0.5738 0.216849
vn 0.928427 -0.301662 0.21685
vn 0.976205 0 0.216852
vn 0.928426 0.301662 0.216852
vn 0.789764 0.5738 0.216853
vn 0.573799 0.789765 0.216853
vn 0.301663 0.928425 0.216855
vn -3e-06 0.976204 0.216856
vn -0.301662 0.928425 0.216858
vn -0.573798 0.789766 0.216856
vn -0.789766 0.573798 0.216854
vn -0.928426 0.301662 0.216854
vn -0.976204 3e-06 0.216852
vn 0.692344 0.224954 -0.685605
vn 0.588942 0.427892 -0.685606
vn 0.427891 0.588942 -0.685607
vn 0.224956 0.692343 -0.685607
vn 0 0.727972 -0.685607
vn -0.224955 0.692342 -0.685608
vn -0.427891 0.58894 -0.685608
vn -0.588941 0.427889 -0.685609
vn -0.692341 0.224955 -0.685609
vn -0.72797 0 -0.685609
vn -0.692341 -0.224956 -0.685608
vn -0.588941 -0.427892 -0.685607
vn -0.427891 -0.588942 -0.685607
vn -0.224955 -0.692342 -0.685607
vn -0 -0.727972 -0.685607
vn 0.224955 -0.692343 -0.685607
vn 0.427891 -0.588941 -0.685607
vn 0.588941 -0.427893 -0.685607
vn 0.692343 -0.224956 -0.685607
vn 0.727973 -1e-06 -0.685606
vn 0.692344 0.224954 0.685605
vn 0.727972 -1e-06 0.685607
vn 0.588943 0.427892 0.685606
vn 0.42789 0.588943 0.685607
vn 0.224955 0.692343 0.685607
vn 0 0.727972 0.685607
vn -0.224956 0.692342 0.685607
vn -0.427891 0.58894 0.685608
vn -0.588941 0.427888 0.685609
vn -0.692341 0.224955 0.685609
vn -0.72797 -0 0.685609
vn -0.692341 -0.224956 0.685608
vn -0.588941 -0.427892 0.685606
vn -0.42789 -0.588942 0.685607
vn -0.224955 -0.692343 0.685607
vn 0 -0.727972 0.685607
vn 0.224955 -0.692343 0.685607
vn 0.427891 -0.588942 0.685607
vn 0.588942 -0.427892 0.685606
vn 0.692343 -0.224956 0.685607
vn -0.639738 -0.207862 -0.739952
vn -0.544194 -0.395381 -0.739951
vn -0.395381 -0.544193 -0.739951
vn -0.207865 -0.639738 -0.739951
vn 1e-06 -0.672662 -0.73995
vn 0.207865 -0.63974 -0.739949
vn 0.395381 -0.544197 -0.739949
vn 0.544195 -0.395381 -0.739949
vn 0.63974 -0.207864 -0.739949
vn 0.672662 -1e-06 -0.73995
vn 0.639738 0.207864 -0.739951
vn 0.544194 0.395382 -0.73995
vn 0.39538 0.544193 -0.739952
vn 0.207862 0.639735 -0.739954
vn -1e-06 0.672659 -0.739953
vn -0.207863 0.639736 -0.739953
vn -0.39538 0.544194 -0.739951
vn -0.544192 0.395381 -0.739952
vn -0.639737 0.207862 -0.739953
vn -0.672662 1e-06 -0.73995
vn -0.639741 -0.207862 0.739949
vn -0.672663 2e-06 0.739949
vn -0.544195 -0.395382 0.73995
vn -0.39538 -0.544194 0.739951
vn -0.207863 -0.639738 0.739951
vn 0 -0.672662 0.73995
vn 0.207865 -0.63974 0.73995
vn 0.395381 -0.544196 0.739949
vn 0.544195 -0.395383 0.739949
vn 0.639741 -0.207864 0.739949
vn 0.672664 0 0.739949
vn 0.639739 0.207864 0.73995
vn 0.544193 0.395383 0.73995
vn 0.39538 0.544194 0.739951
vn 0.207862 0.639735 0.739954
vn -1e-06 0.672659 0.739953
vn -0.207862 0.639737 0.739953
vn -0.395379 0.544194 0.739952
vn -0.544192 0.39538 0.739953
vn -0.639737 0.207862 0.739953
vn 0.73208 0.53189 -0.42562
vn 0.860615 0.279628 -0.425617
vn 0.531891 0.732076 -0.425625
vn 0.279629 0.86061 -0.425626
vn 0 0.904902 -0.42562
vn -0.27963 0.860616 -0.425614
vn -0.531889 0.732084 -0.425614
vn -0.73208 0.531891 -0.425617
vn -0.860614 0.27963 -0.425617
vn -0.904903 4e-06 -0.425617
vn -0.860614 -0.279632 -0.425617
vn -0.73208 -0.531892 -0.425617
vn -0.531892 -0.73208 -0.425617
vn -0.27963 -0.860615 -0.425616
vn 2e-06 -0.904904 -0.425616
vn 0.279626 -0.860616 -0.425616
vn 0.531891 -0.732081 -0.425616
vn 0.732083 -0.531884 -0.425622
vn 0.860613 -0.279624 -0.425624
vn 0.904903 -4e-06 -0.425617
vn 0.860613 0.279627 0.425622
vn 0.732074 0.531892 0.425628
vn 0.531891 0.732076 0.425626
vn 0.279629 0.860613 0.42562
vn -1e-06 0.904904 0.425616
vn -0.279629 0.860616 0.425615
vn -0.531891 0.73208 0.425619
vn -0.732075 0.53189 0.425628
vn -0.860609 0.27963 0.425629
vn -0.904902 2e-06 0.42562
vn -0.860615 -0.279628 0.425618
vn -0.732077 -0.531895 0.425618
vn -0.531891 -0.732081 0.425616
vn -0.27963 -0.860615 0.425616
vn 2e-06 -0.904904 0.425616
vn 0.279624 -0.860617 0.425616
vn 0.531891 -0.732081 0.425617
vn 0.732083 -0.531887 0.425618
vn 0.860614 -0.27963 0.425618
vn 0.904903 -7e-06 0.425617
vt 0.810445 0.089108
vt 0.812455 0.083436
vt 0.830209 0.093251
vt 0.810459 0.097463
vt 0.812488 0.103121
vt 0.816294 0.107941
vt 0.82144 0.111357
vt 0.827388 0.113023
vt 0.833544 0.112802
vt 0.839313 0.110737
vt 0.844164 0.107026
vt 0.847659 0.102037
vt 0.849485 0.096252
vt 0.849473 0.090191
vt 0.847631 0.084403
vt 0.844119 0.079431
vt 0.839255 0.075745
vt 0.833474 0.073688
vt 0.827322 0.073485
vt 0.821381 0.07518
vt 0.816245 0.078615
vt 0.915591 0.165265
vt 0.911647 0.169991
vt 0.898234 0.154705
vt 0.906332 0.173267
vt 0.900242 0.174731
vt 0.894016 0.174231
vt 0.888282 0.171863
vt 0.883587 0.167883
vt 0.880344 0.162716
vt 0.878838 0.156854
vt 0.879152 0.150837
vt 0.881253 0.14521
vt 0.884935 0.140464
vt 0.889885 0.137028
vt 0.895677 0.135235
vt 0.901781 0.135266
vt 0.907632 0.13717
vt 0.912657 0.140783
vt 0.916326 0.1458
vt 0.918256 0.151694
vt 0.918205 0.157822
vt 0.43662 0.28738
vt 0.461573 0.279913
vt 0.458359 0.330143
vt 0.468838 0.326366
vt 0.413009 0.305885
vt 0.449344 0.337209
vt 0.399795 0.328332
vt 0.443173 0.346485
vt 0.394452 0.353274
vt 0.440331 0.35699
vt 0.396968 0.378152
vt 0.440966 0.367675
vt 0.406756 0.400699
vt 0.444886 0.377498
vt 0.422706 0.418986
vt 0.451629 0.385551
vt 0.443227 0.4315
vt 0.460498 0.391111
vt 0.46639 0.43724
vt 0.470634 0.393703
vt 0.490109 0.435809
vt 0.481085 0.393116
vt 0.512263 0.427396
vt 0.49088 0.389417
vt 0.530897 0.412792
vt 0.499123 0.382955
vt 0.544359 0.393287
vt 0.505057 0.374327
vt 0.551415 0.370596
vt 0.508125 0.36432
vt 0.551377 0.346733
vt 0.508034 0.35386
vt 0.54413 0.323817
vt 0.504753 0.343921
vt 0.530181 0.303962
vt 0.498545 0.335446
vt 0.510623 0.289071
vt 0.489943 0.329292
vt 0.48707 0.280682
vt 0.47972 0.326124
vt 0.891941 0.354241
vt 0.867135 0.3621
vt 0.869633 0.312085
vt 0.859289 0.315894
vt 0.841519 0.361719
vt 0.848449 0.316173
vt 0.817694 0.353568
vt 0.838214 0.313016
vt 0.797806 0.338692
vt 0.829556 0.306832
vt 0.783583 0.318661
vt 0.823291 0.298283
vt 0.776182 0.295453
vt 0.819973 0.288229
vt 0.776147 0.271273
vt 0.819873 0.277644
vt 0.783347 0.2483
vt 0.822965 0.267539
vt 0.797066 0.228638
vt 0.828942 0.258844
vt 0.815981 0.214037
vt 0.837231 0.252368
vt 0.838372 0.205793
vt 0.847038 0.248695
vt 0.862187 0.204665
vt 0.857465 0.248189
vt 0.885285 0.210759
vt 0.867527 0.250892
vt 0.905545 0.223573
vt 0.876302 0.256568
vt 0.921136 0.24201
vt 0.882922 0.264706
vt 0.930553 0.264518
vt 0.886735 0.27457
vt 0.932762 0.289182
vt 0.887308 0.285268
vt 0.927257 0.313792
vt 0.884484 0.29576
vt 0.914113 0.335847
vt 0.878431 0.30502
vt 0.797902 0.087811
vt 0.801346 0.077841
vt 0.797909 0.098797
vt 0.801393 0.108766
vt 0.807769 0.116863
vt 0.816233 0.122444
vt 0.82592 0.125091
vt 0.835835 0.124632
vt 0.84503 0.121236
vt 0.852755 0.11528
vt 0.858322 0.107286
vt 0.861192 0.09803
vt 0.861167 0.088369
vt 0.85827 0.079131
vt 0.852698 0.071154
vt 0.844934 0.065212
vt 0.835716 0.061862
vt 0.825825 0.061435
vt 0.81614 0.0641
vt 0.807679 0.06972
vt 0.926857 0.170977
vt 0.920159 0.179227
vt 0.911283 0.18474
vt 0.901249 0.187088
vt 0.891118 0.186165
vt 0.8819 0.182188
vt 0.874446 0.17567
vt 0.869398 0.167318
vt 0.867121 0.157958
vt 0.867714 0.148427
vt 0.871055 0.139524
vt 0.876854 0.131986
vt 0.88466 0.126463
vt 0.893848 0.123483
vt 0.903629 0.123397
vt 0.913097 0.126311
vt 0.921325 0.132079
vt 0.927433 0.14025
vt 0.930682 0.150098
vt 0.930557 0.160684
vt 0.141437 0.305035
vt 0.141437 0.355228
vt 0.013186 0.305035
vt 0.013186 0.355228
vt 0.141437 0.4052
vt 0.013186 0.4052
vt 0.141437 0.454985
vt 0.013186 0.454985
vt 0.141437 0.50459
vt 0.013186 0.50459
vt 0.141437 0.554055
vt 0.013186 0.554056
vt 0.141437 0.60341
vt 0.013186 0.60341
vt 0.141437 0.652672
vt 0.013186 0.652672
vt 0.141437 0.701846
vt 0.013186 0.701846
vt 0.141437 0.750947
vt 0.013186 0.750947
vt 0.141437 0.800006
vt 0.013186 0.800006
vt 0.141437 0.849058
vt 0.013186 0.849058
vt 0.141437 0.898118
vt 0.013186 0.898118
vt 0.141437 0.947145
vt 0.013186 0.947145
vt 0.141437 0.996032
vt 0.013186 0.996032
vt 0.141437 0.003968
vt 0.141437 0.053806
vt 0.013186 0.003968
vt 0.013186 0.053806
vt 0.141437 0.103814
vt 0.013186 0.103814
vt 0.141437 0.153902
vt 0.013186 0.153902
vt 0.141437 0.204038
vt 0.013186 0.204038
vt 0.141437 0.254287
vt 0.013186 0.254287
vt 0.383459 0.031499
vt 0.420589 0.060369
vt 0.356741 0.080804
vt 0.380219 0.098583
vt 0.337694 0.015856
vt 0.328646 0.071202
vt 0.29066 0.015961
vt 0.299191 0.070885
vt 0.246396 0.030547
vt 0.271345 0.079688
vt 0.209101 0.057874
vt 0.247797 0.096618
vt 0.182212 0.095152
vt 0.23075 0.119934
vt 0.168143 0.138688
vt 0.221782 0.147279
vt 0.168125 0.184301
vt 0.221701 0.176004
vt 0.182055 0.227645
vt 0.230445 0.203356
vt 0.208512 0.264594
vt 0.24713 0.226703
vt 0.244969 0.291689
vt 0.270161 0.24382
vt 0.287939 0.306377
vt 0.297321 0.253107
vt 0.333354 0.307266
vt 0.32601 0.253664
vt 0.376895 0.294246
vt 0.353499 0.245409
vt 0.414445 0.2685
vt 0.377159 0.229136
vt 0.44235 0.232417
vt 0.394676 0.206376
vt 0.457877 0.189373
vt 0.404321 0.17926
vt 0.459434 0.143437
vt 0.405116 0.150394
vt 0.446665 0.099001
vt 0.396853 0.122594
vt 0.738097 0.26291
vt 0.699642 0.29103
vt 0.69813 0.223655
vt 0.674347 0.241221
vt 0.654942 0.305125
vt 0.646473 0.250392
vt 0.608471 0.304665
vt 0.617353 0.250407
vt 0.564738 0.289945
vt 0.589827 0.24141
vt 0.527919 0.262629
vt 0.566567 0.224399
vt 0.501396 0.225541
vt 0.54976 0.201099
vt 0.487493 0.182226
vt 0.540942 0.173796
vt 0.487493 0.136793
vt 0.540921 0.145128
vt 0.501391 0.093555
vt 0.549692 0.11783
vt 0.527803 0.056666
vt 0.566381 0.094497
vt 0.564157 0.029576
vt 0.589371 0.077365
vt 0.60705 0.014815
vt 0.616497 0.068068
vt 0.652509 0.013825
vt 0.645176 0.067505
vt 0.696205 0.026869
vt 0.672653 0.075793
vt 0.733854 0.052818
vt 0.696274 0.092184
vt 0.761767 0.089175
vt 0.713724 0.115124
vt 0.777231 0.132534
vt 0.723245 0.142432
vt 0.778632 0.178877
vt 0.723809 0.171516
vt 0.765486 0.22385
vt 0.715222 0.19954
vt 0.432114 0.279175
vt 0.460446 0.271173
vt 0.406116 0.29955
vt 0.391576 0.325151
vt 0.385914 0.352817
vt 0.388864 0.380277
vt 0.39978 0.40511
vt 0.417447 0.425227
vt 0.440113 0.43897
vt 0.465659 0.445251
vt 0.491794 0.443645
vt 0.516196 0.434366
vt 0.536725 0.418276
vt 0.551566 0.396796
vt 0.55937 0.371801
vt 0.559375 0.345494
vt 0.551445 0.320201
vt 0.536132 0.298242
vt 0.51462 0.281708
vt 0.488667 0.27228
vt 0.896458 0.362187
vt 0.868422 0.370811
vt 0.840035 0.370187
vt 0.813736 0.361044
vt 0.791828 0.344522
vt 0.776182 0.322349
vt 0.76808 0.29672
vt 0.768084 0.270039
vt 0.776066 0.244723
vt 0.791214 0.223053
vt 0.812083 0.206973
vt 0.836766 0.197892
vt 0.863046 0.196638
vt 0.888512 0.203344
vt 0.910883 0.217441
vt 0.928124 0.237725
vt 0.938614 0.262508
vt 0.9412 0.289716
vt 0.935323 0.316971
vt 0.920958 0.341932
vt 0.150879 0.305035
vt 0.150879 0.355228
vt 0.427666 0.053766
vt 0.388126 0.022827
vt 0.150879 0.4052
vt 0.339312 0.006141
vt 0.150879 0.454985
vt 0.289103 0.006406
vt 0.150879 0.50459
vt 0.242003 0.022032
vt 0.150879 0.554055
vt 0.202343 0.05117
vt 0.150879 0.60341
vt 0.173764 0.090879
vt 0.150879 0.652672
vt 0.15883 0.137222
vt 0.150879 0.701846
vt 0.158832 0.185757
vt 0.150879 0.750947
vt 0.173665 0.231866
vt 0.150879 0.800006
vt 0.201825 0.271164
vt 0.150879 0.849058
vt 0.240607 0.299982
vt 0.150879 0.898118
vt 0.286311 0.315609
vt 0.150879 0.947145
vt 0.33462 0.316559
vt 0.150879 0.996032
vt 0.380942 0.302716
vt 0.150878 0.003968
vt 0.150879 0.053806
vt 0.4209 0.275341
vt 0.150879 0.103814
vt 0.450617 0.236958
vt 0.150879 0.153901
vt 0.46717 0.191165
vt 0.150878 0.204038
vt 0.468879 0.142275
vt 0.150879 0.254287
vt 0.455354 0.094954
vt 0.00375 0.305035
vt 0.00375 0.254287
vt 0.745862 0.270525
vt 0.774366 0.22801
vt 0.703984 0.299817
vt 0.00375 0.355228
vt 0.656348 0.314661
vt 0.00375 0.4052
vt 0.606873 0.314093
vt 0.00375 0.454985
vt 0.560334 0.298359
vt 0.00375 0.50459
vt 0.521185 0.26924
vt 0.00375 0.554055
vt 0.493 0.229757
vt 0.00375 0.60341
vt 0.478225 0.183679
vt 0.00375 0.652672
vt 0.478227 0.135341
vt 0.00375 0.701846
vt 0.493021 0.089344
vt 0.00375 0.750947
vt 0.521127 0.050109
vt 0.00375 0.800006
vt 0.559784 0.021303
vt 0.00375 0.849058
vt 0.605401 0.005587
vt 0.00375 0.898118
vt 0.65376 0.004508
vt 0.00375 0.947145
vt 0.700279 0.018365
vt 0.00375 0.996032
vt 0.740364 0.045964
vt 0.00375 0.003968
vt 0.00375 0.053806
vt 0.770093 0.084641
vt 0.00375 0.103814
vt 0.786599 0.130759
vt 0.00375 0.153902
vt 0.788178 0.18008
vt 0.00375 0.204038
vt 0.373304 0.10522
vt 0.352199 0.089316
vt 0.366779 0.111531
vt 0.347918 0.097392
vt 0.327028 0.080718
vt 0.325474 0.089727
vt 0.300596 0.080368
vt 0.301893 0.089354
vt 0.275593 0.088186
vt 0.279595 0.096245
vt 0.254449 0.103329
vt 0.260742 0.109696
vt 0.239125 0.124246
vt 0.247059 0.128339
vt 0.231048 0.14878
vt 0.239832 0.150203
vt 0.230982 0.174567
vt 0.239782 0.173205
vt 0.238833 0.19915
vt 0.246799 0.195159
vt 0.253824 0.220131
vt 0.260178 0.213897
vt 0.274528 0.235514
vt 0.278678 0.227622
vt 0.298956 0.243868
vt 0.300506 0.235092
vt 0.324734 0.244372
vt 0.323524 0.235553
vt 0.349438 0.236949
vt 0.345584 0.228915
vt 0.370699 0.222321
vt 0.364575 0.215862
vt 0.386425 0.201888
vt 0.378601 0.197639
vt 0.39506 0.177538
vt 0.386278 0.175911
vt 0.395752 0.151627
vt 0.386885 0.152808
vt 0.388292 0.126717
vt 0.3802 0.130641
vt 0.691256 0.216895
vt 0.706602 0.195299
vt 0.684737 0.210491
vt 0.698457 0.191262
vt 0.66573 0.22459
vt 0.669935 0.232673
vt 0.643487 0.232057
vt 0.644955 0.240971
vt 0.62023 0.232169
vt 0.618839 0.241041
vt 0.598187 0.225045
vt 0.594128 0.233011
vt 0.57954 0.211491
vt 0.573229 0.217778
vt 0.566062 0.192838
vt 0.558126 0.196863
vt 0.558984 0.17094
vt 0.5502 0.172329
vt 0.558963 0.147945
vt 0.550177 0.146573
vt 0.566019 0.126038
vt 0.558066 0.12204
vt 0.579429 0.107286
vt 0.573071 0.101057
vt 0.59789 0.093521
vt 0.593741 0.085651
vt 0.619681 0.086063
vt 0.618131 0.077299
vt 0.642695 0.085596
vt 0.643903 0.076791
vt 0.664687 0.092244
vt 0.668565 0.084241
vt 0.683585 0.105407
vt 0.689763 0.098974
vt 0.697537 0.1238
vt 0.705416 0.119583
vt 0.705094 0.14565
vt 0.713922 0.144096
vt 0.705432 0.168901
vt 0.714367 0.170185
vt 0.788388 0.086266
vt 0.793053 0.073332
vt 0.788388 0.100365
vt 0.793112 0.113317
vt 0.801518 0.123685
vt 0.812488 0.130745
vt 0.82495 0.13404
vt 0.837625 0.133335
vt 0.849292 0.128923
vt 0.859104 0.121313
vt 0.866182 0.111115
vt 0.869796 0.099311
vt 0.869751 0.087048
vt 0.866113 0.075295
vt 0.859034 0.065092
vt 0.849163 0.057498
vt 0.837472 0.05316
vt 0.824839 0.052495
vt 0.812373 0.055794
vt 0.801391 0.062918
vt 0.935304 0.175699
vt 0.926474 0.186388
vt 0.914869 0.19343
vt 0.901866 0.196337
vt 0.88883 0.195009
vt 0.877062 0.18977
vt 0.867628 0.181319
vt 0.861318 0.170599
vt 0.858544 0.158688
vt 0.859369 0.146628
vt 0.863611 0.135383
vt 0.870916 0.125828
vt 0.880758 0.118759
vt 0.892404 0.114861
vt 0.90487 0.114621
vt 0.917018 0.118205
vt 0.927676 0.125483
vt 0.935681 0.135927
vt 0.940063 0.148641
vt 0.94006 0.162436
usemtl Wheel2SG
f 703/1019/672 704/1020/673 705/1021/674
f 706/1022/675 703/1019/672 705/1021/674
f 707/1023/676 706/1022/675 705/1021/674
f 708/1024/677 707/1023/676 705/1021/674
f 709/1025/678 708/1024/677 705/1021/674
f 710/1026/679 709/1025/678 705/1021/674
f 711/1027/680 710/1026/679 705/1021/674
f 712/1028/681 711/1027/680 705/1021/674
f 713/1029/682 712/1028/681 705/1021/674
f 714/1030/683 713/1029/682 705/1021/674
f 715/1031/684 714/1030/683 705/1021/674
f 716/1032/685 715/1031/684 705/1021/674
f 717/1033/686 716/1032/685 705/1021/674
f 718/1034/687 717/1033/686 705/1021/674
f 719/1035/688 718/1034/687 705/1021/674
f 720/1036/689 719/1035/688 705/1021/674
f 721/1037/690 720/1036/689 705/1021/674
f 722/1038/691 721/1037/690 705/1021/674
f 723/1039/692 722/1038/691 705/1021/674
f 704/1020/673 723/1039/692 705/1021/674
f 724/1040/693 725/1041/694 726/1042/695
f 725/1041/694 727/1043/696 726/1042/695
f 727/1043/696 728/1044/697 726/1042/695
f 728/1044/697 729/1045/698 726/1042/695
f 729/1045/698 730/1046/699 726/1042/695
f 730/1046/699 731/1047/700 726/1042/695
f 731/1047/700 732/1048/701 726/1042/695
f 732/1048/701 733/1049/702 726/1042/695
f 733/1049/702 734/1050/703 726/1042/695
f 734/1050/703 735/1051/704 726/1042/695
f 735/1051/704 736/1052/705 726/1042/695
f 736/1052/705 737/1053/706 726/1042/695
f 737/1053/706 738/1054/707 726/1042/695
f 738/1054/707 739/1055/708 726/1042/695
f 739/1055/708 740/1056/709 726/1042/695
f 740/1056/709 741/1057/710 726/1042/695
f 741/1057/710 742/1058/711 726/1042/695
f 742/1058/711 743/1059/712 726/1042/695
f 743/1059/712 744/1060/713 726/1042/695
f 744/1060/713 724/1040/693 726/1042/695
f 745/1061/714 746/1062/715 747/1063/716
f 747/1063/716 746/1062/715 748/1064/716
f 749/1065/717 745/1061/714 750/1066/716
f 750/1066/716 745/1061/714 747/1063/716
f 751/1067/718 749/1065/717 752/1068/719
f 752/1068/719 749/1065/717 750/1066/716
f 753/1069/720 751/1067/718 754/1070/716
f 754/1070/716 751/1067/718 752/1068/719
f 755/1071/721 753/1069/720 756/1072/722
f 756/1072/722 753/1069/720 754/1070/716
f 757/1073/723 755/1071/721 758/1074/716
f 758/1074/716 755/1071/721 756/1072/722
f 759/1075/724 757/1073/723 760/1076/716
f 760/1076/716 757/1073/723 758/1074/716
f 761/1077/725 759/1075/724 762/1078/716
f 762/1078/716 759/1075/724 760/1076/716
f 763/1079/726 761/1077/725 764/1080/716
f 764/1080/716 761/1077/725 762/1078/716
f 765/1081/727 763/1079/726 766/1082/716
f 766/1082/716 763/1079/726 764/1080/716
f 767/1083/728 765/1081/727 768/1084/716
f 768/1084/716 765/1081/727 766/1082/716
f 769/1085/729 767/1083/728 770/1086/716
f 770/1086/716 767/1083/728 768/1084/716
f 771/1087/730 769/1085/729 772/1088/716
f 772/1088/716 769/1085/729 770/1086/716
f 773/1089/731 771/1087/730 774/1090/716
f 774/1090/716 771/1087/730 772/1088/716
f 775/1091/732 773/1089/731 776/1092/722
f 776/1092/722 773/1089/731 774/1090/716
f 777/1093/733 775/1091/732 778/1094/722
f 778/1094/722 775/1091/732 776/1092/722
f 779/1095/734 777/1093/733 780/1096/716
f 780/1096/716 777/1093/733 778/1094/722
f 781/1097/735 779/1095/734 782/1098/716
f 782/1098/716 779/1095/734 780/1096/716
f 783/1099/736 781/1097/735 784/1100/716
f 784/1100/716 781/1097/735 782/1098/716
f 746/1062/715 783/1099/736 748/1064/716
f 748/1064/716 783/1099/736 784/1100/716
f 785/1101/737 786/1102/738 787/1103/739
f 787/1103/739 786/1102/738 788/1104/695
f 786/1102/738 789/1105/740 788/1104/695
f 788/1104/695 789/1105/740 790/1106/739
f 789/1105/740 791/1107/741 790/1106/739
f 790/1106/739 791/1107/741 792/1108/739
f 791/1107/741 793/1109/742 792/1108/739
f 792/1108/739 793/1109/742 794/1110/695
f 793/1109/742 795/1111/743 794/1110/695
f 794/1110/695 795/1111/743 796/1112/744
f 795/1111/743 797/1113/745 796/1112/744
f 796/1112/744 797/1113/745 798/1114/695
f 797/1113/745 799/1115/746 798/1114/695
f 798/1114/695 799/1115/746 800/1116/739
f 799/1115/746 801/1117/747 800/1116/739
f 800/1116/739 801/1117/747 802/1118/695
f 801/1117/747 803/1119/748 802/1118/695
f 802/1118/695 803/1119/748 804/1120/695
f 803/1119/748 805/1121/749 804/1120/695
f 804/1120/695 805/1121/749 806/1122/695
f 805/1121/749 807/1123/750 806/1122/695
f 806/1122/695 807/1123/750 808/1124/695
f 807/1123/750 809/1125/751 808/1124/695
f 808/1124/695 809/1125/751 810/1126/695
f 809/1125/751 811/1127/752 810/1126/695
f 810/1126/695 811/1127/752 812/1128/739
f 811/1127/752 813/1129/753 812/1128/739
f 812/1128/739 813/1129/753 814/1130/695
f 813/1129/753 815/1131/754 814/1130/695
f 814/1130/695 815/1131/754 816/1132/695
f 815/1131/754 817/1133/755 816/1132/695
f 816/1132/695 817/1133/755 818/1134/695
f 817/1133/755 819/1135/756 818/1134/695
f 818/1134/695 819/1135/756 820/1136/695
f 819/1135/756 821/1137/757 820/1136/695
f 820/1136/695 821/1137/757 822/1138/695
f 821/1137/757 823/1139/758 822/1138/695
f 822/1138/695 823/1139/758 824/1140/695
f 823/1139/758 785/1101/737 824/1140/695
f 824/1140/695 785/1101/737 787/1103/739
f 825/1141/759 826/1142/760 703/1019/672
f 703/1019/672 826/1142/760 704/1020/673
f 827/1143/761 825/1141/759 706/1022/675
f 706/1022/675 825/1141/759 703/1019/672
f 828/1144/762 827/1143/761 707/1023/676
f 707/1023/676 827/1143/761 706/1022/675
f 829/1145/763 828/1144/762 708/1024/677
f 708/1024/677 828/1144/762 707/1023/676
f 830/1146/764 829/1145/763 709/1025/678
f 709/1025/678 829/1145/763 708/1024/677
f 831/1147/765 830/1146/764 710/1026/679
f 710/1026/679 830/1146/764 709/1025/678
f 832/1148/766 831/1147/765 711/1027/680
f 711/1027/680 831/1147/765 710/1026/679
f 833/1149/767 832/1148/766 712/1028/681
f 712/1028/681 832/1148/766 711/1027/680
f 834/1150/768 833/1149/767 713/1029/682
f 713/1029/682 833/1149/767 712/1028/681
f 835/1151/769 834/1150/768 714/1030/683
f 714/1030/683 834/1150/768 713/1029/682
f 836/1152/770 835/1151/769 715/1031/684
f 715/1031/684 835/1151/769 714/1030/683
f 837/1153/771 836/1152/770 716/1032/685
f 716/1032/685 836/1152/770 715/1031/684
f 838/1154/772 837/1153/771 717/1033/686
f 717/1033/686 837/1153/771 716/1032/685
f 839/1155/773 838/1154/772 718/1034/687
f 718/1034/687 838/1154/772 717/1033/686
f 840/1156/774 839/1155/773 719/1035/688
f 719/1035/688 839/1155/773 718/1034/687
f 841/1157/775 840/1156/774 720/1036/689
f 720/1036/689 840/1156/774 719/1035/688
f 842/1158/776 841/1157/775 721/1037/690
f 721/1037/690 841/1157/775 720/1036/689
f 843/1159/777 842/1158/776 722/1038/691
f 722/1038/691 842/1158/776 721/1037/690
f 844/1160/778 843/1159/777 723/1039/692
f 723/1039/692 843/1159/777 722/1038/691
f 826/1142/760 844/1160/778 704/1020/673
f 704/1020/673 844/1160/778 723/1039/692
f 845/1161/779 846/1162/780 724/1040/693
f 724/1040/693 846/1162/780 725/1041/694
f 846/1162/780 847/1163/781 725/1041/694
f 725/1041/694 847/1163/781 727/1043/696
f 847/1163/781 848/1164/782 727/1043/696
f 727/1043/696 848/1164/782 728/1044/697
f 848/1164/782 849/1165/783 728/1044/697
f 728/1044/697 849/1165/783 729/1045/698
f 849/1165/783 850/1166/784 729/1045/698
f 729/1045/698 850/1166/784 730/1046/699
f 850/1166/784 851/1167/785 730/1046/699
f 730/1046/699 851/1167/785 731/1047/700
f 851/1167/785 852/1168/786 731/1047/700
f 731/1047/700 852/1168/786 732/1048/701
f 852/1168/786 853/1169/787 732/1048/701
f 732/1048/701 853/1169/787 733/1049/702
f 853/1169/787 854/1170/788 733/1049/702
f 733/1049/702 854/1170/788 734/1050/703
f 854/1170/788 855/1171/789 734/1050/703
f 734/1050/703 855/1171/789 735/1051/704
f 855/1171/789 856/1172/790 735/1051/704
f 735/1051/704 856/1172/790 736/1052/705
f 856/1172/790 857/1173/791 736/1052/705
f 736/1052/705 857/1173/791 737/1053/706
f 857/1173/791 858/1174/792 737/1053/706
f 737/1053/706 858/1174/792 738/1054/707
f 858/1174/792 859/1175/793 738/1054/707
f 738/1054/707 859/1175/793 739/1055/708
f 859/1175/793 860/1176/794 739/1055/708
f 739/1055/708 860/1176/794 740/1056/709
f 860/1176/794 861/1177/795 740/1056/709
f 740/1056/709 861/1177/795 741/1057/710
f 861/1177/795 862/1178/796 741/1057/710
f 741/1057/710 862/1178/796 742/1058/711
f 862/1178/796 863/1179/797 742/1058/711
f 742/1058/711 863/1179/797 743/1059/712
f 863/1179/797 864/1180/798 743/1059/712
f 743/1059/712 864/1180/798 744/1060/713
f 864/1180/798 845/1161/779 744/1060/713
f 744/1060/713 845/1161/779 724/1040/693
f 865/1181/799 866/1182/800 867/1183/801
f 867/1183/801 866/1182/800 868/1184/802
f 866/1182/800 869/1185/803 868/1184/802
f 868/1184/802 869/1185/803 870/1186/804
f 869/1185/803 871/1187/805 870/1186/804
f 870/1186/804 871/1187/805 872/1188/806
f 871/1187/805 873/1189/807 872/1188/806
f 872/1188/806 873/1189/807 874/1190/808
f 873/1189/807 875/1191/809 874/1190/808
f 874/1190/808 875/1191/809 876/1192/810
f 875/1191/809 877/1193/811 876/1192/810
f 876/1192/810 877/1193/811 878/1194/812
f 877/1193/811 879/1195/813 878/1194/812
f 878/1194/812 879/1195/813 880/1196/814
f 879/1195/813 881/1197/815 880/1196/814
f 880/1196/814 881/1197/815 882/1198/816
f 881/1197/815 883/1199/817 882/1198/816
f 882/1198/816 883/1199/817 884/1200/818
f 883/1199/817 885/1201/819 884/1200/818
f 884/1200/818 885/1201/819 886/1202/820
f 885/1201/819 887/1203/821 886/1202/820
f 886/1202/820 887/1203/821 888/1204/822
f 887/1203/821 889/1205/823 888/1204/822
f 888/1204/822 889/1205/823 890/1206/824
f 889/1205/823 891/1207/825 890/1206/824
f 890/1206/824 891/1207/825 892/1208/826
f 891/1207/825 893/1209/827 892/1208/826
f 892/1208/826 893/1209/827 894/1210/828
f 893/1211/827 895/1212/829 894/1213/828
f 894/1213/828 895/1212/829 896/1214/830
f 895/1212/829 897/1215/831 896/1214/830
f 896/1214/830 897/1215/831 898/1216/832
f 897/1215/831 899/1217/833 898/1216/832
f 898/1216/832 899/1217/833 900/1218/834
f 899/1217/833 901/1219/835 900/1218/834
f 900/1218/834 901/1219/835 902/1220/836
f 901/1219/835 903/1221/837 902/1220/836
f 902/1220/836 903/1221/837 904/1222/838
f 903/1221/837 865/1181/799 904/1222/838
f 904/1222/838 865/1181/799 867/1183/801
f 905/1223/839 906/1224/840 907/1225/841
f 907/1225/841 906/1224/840 908/1226/842
f 909/1227/843 905/1223/839 910/1228/844
f 910/1228/844 905/1223/839 907/1225/841
f 911/1229/845 909/1227/843 912/1230/846
f 912/1230/846 909/1227/843 910/1228/844
f 913/1231/847 911/1229/845 914/1232/848
f 914/1232/848 911/1229/845 912/1230/846
f 915/1233/849 913/1231/847 916/1234/850
f 916/1234/850 913/1231/847 914/1232/848
f 917/1235/851 915/1233/849 918/1236/852
f 918/1236/852 915/1233/849 916/1234/850
f 919/1237/853 917/1235/851 920/1238/854
f 920/1238/854 917/1235/851 918/1236/852
f 921/1239/855 919/1237/853 922/1240/856
f 922/1240/856 919/1237/853 920/1238/854
f 923/1241/857 921/1239/855 924/1242/858
f 924/1242/858 921/1239/855 922/1240/856
f 925/1243/859 923/1241/857 926/1244/860
f 926/1244/860 923/1241/857 924/1242/858
f 927/1245/861 925/1243/859 928/1246/862
f 928/1246/862 925/1243/859 926/1244/860
f 929/1247/863 927/1245/861 930/1248/864
f 930/1248/864 927/1245/861 928/1246/862
f 931/1249/865 929/1247/863 932/1250/866
f 932/1250/866 929/1247/863 930/1248/864
f 933/1251/867 931/1249/865 934/1252/868
f 934/1252/868 931/1249/865 932/1250/866
f 935/1253/869 933/1251/867 936/1254/870
f 936/1254/870 933/1251/867 934/1252/868
f 937/1255/871 935/1253/869 938/1256/872
f 938/1256/872 935/1253/869 936/1254/870
f 939/1257/873 937/1255/871 940/1258/874
f 940/1258/874 937/1255/871 938/1256/872
f 941/1259/875 939/1257/873 942/1260/876
f 942/1260/876 939/1257/873 940/1258/874
f 943/1261/877 941/1259/875 944/1262/878
f 944/1262/878 941/1259/875 942/1260/876
f 906/1224/840 943/1261/877 908/1226/842
f 908/1226/842 943/1261/877 944/1262/878
f 945/1263/879 946/1264/880 947/1265/881
f 947/1265/881 946/1264/880 948/1266/882
f 946/1264/880 949/1267/883 948/1266/882
f 948/1266/882 949/1267/883 950/1268/884
f 949/1267/883 951/1269/885 950/1268/884
f 950/1268/884 951/1269/885 952/1270/886
f 951/1269/885 953/1271/887 952/1270/886
f 952/1270/886 953/1271/887 954/1272/888
f 953/1271/887 955/1273/889 954/1272/888
f 954/1272/888 955/1273/889 956/1274/890
f 955/1273/889 957/1275/891 956/1274/890
f 956/1274/890 957/1275/891 958/1276/892
f 957/1275/891 959/1277/893 958/1276/892
f 958/1276/892 959/1277/893 960/1278/894
f 959/1277/893 961/1279/895 960/1278/894
f 960/1278/894 961/1279/895 962/1280/896
f 961/1279/895 963/1281/897 962/1280/896
f 962/1280/896 963/1281/897 964/1282/898
f 963/1281/897 965/1283/899 964/1282/898
f 964/1282/898 965/1283/899 966/1284/900
f 965/1283/899 967/1285/901 966/1284/900
f 966/1284/900 967/1285/901 968/1286/902
f 967/1285/901 969/1287/903 968/1286/902
f 968/1286/902 969/1287/903 970/1288/904
f 969/1287/903 971/1289/905 970/1288/904
f 970/1288/904 971/1289/905 972/1290/906
f 971/1289/905 973/1291/907 972/1290/906
f 972/1290/906 973/1291/907 974/1292/908
f 973/1291/907 975/1293/909 974/1292/908
f 974/1292/908 975/1293/909 976/1294/910
f 975/1293/909 977/1295/911 976/1294/910
f 976/1294/910 977/1295/911 978/1296/912
f 977/1295/911 979/1297/913 978/1296/912
f 978/1296/912 979/1297/913 980/1298/914
f 979/1297/913 981/1299/915 980/1298/914
f 980/1298/914 981/1299/915 982/1300/916
f 981/1299/915 983/1301/917 982/1300/916
f 982/1300/916 983/1301/917 984/1302/918
f 983/1301/917 945/1263/879 984/1302/918
f 984/1302/918 945/1263/879 947/1265/881
f 985/1303/919 986/1304/920 745/1061/714
f 745/1061/714 986/1304/920 746/1062/715
f 987/1305/921 985/1303/919 749/1065/717
f 749/1065/717 985/1303/919 745/1061/714
f 988/1306/922 987/1305/921 751/1067/718
f 751/1067/718 987/1305/921 749/1065/717
f 989/1307/923 988/1306/922 753/1069/720
f 753/1069/720 988/1306/922 751/1067/718
f 990/1308/924 989/1307/923 755/1071/721
f 755/1071/721 989/1307/923 753/1069/720
f 991/1309/925 990/1308/924 757/1073/723
f 757/1073/723 990/1308/924 755/1071/721
f 992/1310/926 991/1309/925 759/1075/724
f 759/1075/724 991/1309/925 757/1073/723
f 993/1311/927 992/1310/926 761/1077/725
f 761/1077/725 992/1310/926 759/1075/724
f 994/1312/928 993/1311/927 763/1079/726
f 763/1079/726 993/1311/927 761/1077/725
f 995/1313/929 994/1312/928 765/1081/727
f 765/1081/727 994/1312/928 763/1079/726
f 996/1314/930 995/1313/929 767/1083/728
f 767/1083/728 995/1313/929 765/1081/727
f 997/1315/931 996/1314/930 769/1085/729
f 769/1085/729 996/1314/930 767/1083/728
f 998/1316/932 997/1315/931 771/1087/730
f 771/1087/730 997/1315/931 769/1085/729
f 999/1317/933 998/1316/932 773/1089/731
f 773/1089/731 998/1316/932 771/1087/730
f 1000/1318/934 999/1317/933 775/1091/732
f 775/1091/732 999/1317/933 773/1089/731
f 1001/1319/935 1000/1318/934 777/1093/733
f 777/1093/733 1000/1318/934 775/1091/732
f 1002/1320/936 1001/1319/935 779/1095/734
f 779/1095/734 1001/1319/935 777/1093/733
f 1003/1321/937 1002/1320/936 781/1097/735
f 781/1097/735 1002/1320/936 779/1095/734
f 1004/1322/938 1003/1321/937 783/1099/736
f 783/1099/736 1003/1321/937 781/1097/735
f 986/1304/920 1004/1322/938 746/1062/715
f 746/1062/715 1004/1322/938 783/1099/736
f 1005/1323/939 1006/1324/940 785/1101/737
f 785/1101/737 1006/1324/940 786/1102/738
f 1006/1324/940 1007/1325/941 786/1102/738
f 786/1102/738 1007/1325/941 789/1105/740
f 1007/1325/941 1008/1326/942 789/1105/740
f 789/1105/740 1008/1326/942 791/1107/741
f 1008/1326/942 1009/1327/943 791/1107/741
f 791/1107/741 1009/1327/943 793/1109/742
f 1009/1327/943 1010/1328/944 793/1109/742
f 793/1109/742 1010/1328/944 795/1111/743
f 1010/1328/944 1011/1329/945 795/1111/743
f 795/1111/743 1011/1329/945 797/1113/745
f 1011/1329/945 1012/1330/946 797/1113/745
f 797/1113/745 1012/1330/946 799/1115/746
f 1012/1330/946 1013/1331/947 799/1115/746
f 799/1115/746 1013/1331/947 801/1117/747
f 1013/1331/947 1014/1332/948 801/1117/747
f 801/1117/747 1014/1332/948 803/1119/748
f 1014/1332/948 1015/1333/949 803/1119/748
f 803/1119/748 1015/1333/949 805/1121/749
f 1015/1333/949 1016/1334/950 805/1121/749
f 805/1121/749 1016/1334/950 807/1123/750
f 1016/1334/950 1017/1335/951 807/1123/750
f 807/1123/750 1017/1335/951 809/1125/751
f 1017/1335/951 1018/1336/952 809/1125/751
f 809/1125/751 1018/1336/952 811/1127/752
f 1018/1336/952 1019/1337/953 811/1127/752
f 811/1127/752 1019/1337/953 813/1129/753
f 1019/1337/953 1020/1338/954 813/1129/753
f 813/1129/753 1020/1338/954 815/1131/754
f 1020/1338/954 1021/1339/955 815/1131/754
f 815/1131/754 1021/1339/955 817/1133/755
f 1021/1339/955 1022/1340/956 817/1133/755
f 817/1133/755 1022/1340/956 819/1135/756
f 1022/1340/956 1023/1341/957 819/1135/756
f 819/1135/756 1023/1341/957 821/1137/757
f 1023/1341/957 1024/1342/958 821/1137/757
f 821/1137/757 1024/1342/958 823/1139/758
f 1024/1342/958 1005/1323/939 823/1139/758
f 823/1139/758 1005/1323/939 785/1101/737
f 865/1181/799 1025/1343/959 866/1182/800
f 866/1182/800 1025/1343/959 1026/1344/960
f 1025/1345/959 906/1224/840 1026/1346/960
f 1026/1346/960 906/1224/840 905/1223/839
f 866/1182/800 1026/1344/960 869/1185/803
f 869/1185/803 1026/1344/960 1027/1347/961
f 1026/1346/960 905/1223/839 1027/1348/961
f 1027/1348/961 905/1223/839 909/1227/843
f 869/1185/803 1027/1347/961 871/1187/805
f 871/1187/805 1027/1347/961 1028/1349/962
f 1027/1348/961 909/1227/843 1028/1350/962
f 1028/1350/962 909/1227/843 911/1229/845
f 871/1187/805 1028/1349/962 873/1189/807
f 873/1189/807 1028/1349/962 1029/1351/963
f 1028/1350/962 911/1229/845 1029/1352/963
f 1029/1352/963 911/1229/845 913/1231/847
f 873/1189/807 1029/1351/963 875/1191/809
f 875/1191/809 1029/1351/963 1030/1353/964
f 1029/1352/963 913/1231/847 1030/1354/964
f 1030/1354/964 913/1231/847 915/1233/849
f 875/1191/809 1030/1353/964 877/1193/811
f 877/1193/811 1030/1353/964 1031/1355/965
f 1030/1354/964 915/1233/849 1031/1356/965
f 1031/1356/965 915/1233/849 917/1235/851
f 877/1193/811 1031/1355/965 879/1195/813
f 879/1195/813 1031/1355/965 1032/1357/966
f 1031/1356/965 917/1235/851 1032/1358/966
f 1032/1358/966 917/1235/851 919/1237/853
f 879/1195/813 1032/1357/966 881/1197/815
f 881/1197/815 1032/1357/966 1033/1359/967
f 1032/1358/966 919/1237/853 1033/1360/967
f 1033/1360/967 919/1237/853 921/1239/855
f 881/1197/815 1033/1359/967 883/1199/817
f 883/1199/817 1033/1359/967 1034/1361/968
f 1033/1360/967 921/1239/855 1034/1362/968
f 1034/1362/968 921/1239/855 923/1241/857
f 883/1199/817 1034/1361/968 885/1201/819
f 885/1201/819 1034/1361/968 1035/1363/969
f 1034/1362/968 923/1241/857 1035/1364/969
f 1035/1364/969 923/1241/857 925/1243/859
f 885/1201/819 1035/1363/969 887/1203/821
f 887/1203/821 1035/1363/969 1036/1365/970
f 1035/1364/969 925/1243/859 1036/1366/970
f 1036/1366/970 925/1243/859 927/1245/861
f 887/1203/821 1036/1365/970 889/1205/823
f 889/1205/823 1036/1365/970 1037/1367/971
f 1036/1366/970 927/1245/861 1037/1368/971
f 1037/1368/971 927/1245/861 929/1247/863
f 889/1205/823 1037/1367/971 891/1207/825
f 891/1207/825 1037/1367/971 1038/1369/972
f 1037/1368/971 929/1247/863 1038/1370/972
f 1038/1370/972 929/1247/863 931/1249/865
f 891/1207/825 1038/1369/972 893/1209/827
f 893/1209/827 1038/1369/972 1039/1371/973
f 1038/1370/972 931/1249/865 1039/1372/973
f 1039/1372/973 931/1249/865 933/1251/867
f 893/1211/827 1039/1373/973 895/1212/829
f 895/1212/829 1039/1373/973 1040/1374/974
f 1039/1372/973 933/1251/867 1040/1375/974
f 1040/1375/974 933/1251/867 935/1253/869
f 895/1212/829 1040/1374/974 897/1215/831
f 897/1215/831 1040/1374/974 1041/1376/975
f 1040/1375/974 935/1253/869 1041/1377/975
f 1041/1377/975 935/1253/869 937/1255/871
f 897/1215/831 1041/1376/975 899/1217/833
f 899/1217/833 1041/1376/975 1042/1378/976
f 1041/1377/975 937/1255/871 1042/1379/976
f 1042/1379/976 937/1255/871 939/1257/873
f 899/1217/833 1042/1378/976 901/1219/835
f 901/1219/835 1042/1378/976 1043/1380/977
f 1042/1379/976 939/1257/873 1043/1381/977
f 1043/1381/977 939/1257/873 941/1259/875
f 901/1219/835 1043/1380/977 903/1221/837
f 903/1221/837 1043/1380/977 1044/1382/978
f 1043/1381/977 941/1259/875 1044/1383/978
f 1044/1383/978 941/1259/875 943/1261/877
f 906/1224/840 1025/1345/959 943/1261/877
f 943/1261/877 1025/1345/959 1044/1383/978
f 1025/1343/959 865/1181/799 1044/1382/978
f 1044/1382/978 865/1181/799 903/1221/837
f 867/1183/801 1045/1384/979 904/1222/838
f 904/1222/838 1045/1384/979 1046/1385/980
f 1045/1386/979 945/1263/879 1046/1387/980
f 1046/1387/980 945/1263/879 983/1301/917
f 945/1263/879 1045/1386/979 946/1264/880
f 946/1264/880 1045/1386/979 1047/1388/981
f 1045/1384/979 867/1183/801 1047/1389/981
f 1047/1389/981 867/1183/801 868/1184/802
f 946/1264/880 1047/1388/981 949/1267/883
f 949/1267/883 1047/1388/981 1048/1390/982
f 1047/1389/981 868/1184/802 1048/1391/982
f 1048/1391/982 868/1184/802 870/1186/804
f 949/1267/883 1048/1390/982 951/1269/885
f 951/1269/885 1048/1390/982 1049/1392/983
f 1048/1391/982 870/1186/804 1049/1393/983
f 1049/1393/983 870/1186/804 872/1188/806
f 951/1269/885 1049/1392/983 953/1271/887
f 953/1271/887 1049/1392/983 1050/1394/984
f 1049/1393/983 872/1188/806 1050/1395/984
f 1050/1395/984 872/1188/806 874/1190/808
f 953/1271/887 1050/1394/984 955/1273/889
f 955/1273/889 1050/1394/984 1051/1396/985
f 1050/1395/984 874/1190/808 1051/1397/985
f 1051/1397/985 874/1190/808 876/1192/810
f 955/1273/889 1051/1396/985 957/1275/891
f 957/1275/891 1051/1396/985 1052/1398/986
f 1051/1397/985 876/1192/810 1052/1399/986
f 1052/1399/986 876/1192/810 878/1194/812
f 957/1275/891 1052/1398/986 959/1277/893
f 959/1277/893 1052/1398/986 1053/1400/987
f 1052/1399/986 878/1194/812 1053/1401/987
f 1053/1401/987 878/1194/812 880/1196/814
f 959/1277/893 1053/1400/987 961/1279/895
f 961/1279/895 1053/1400/987 1054/1402/988
f 1053/1401/987 880/1196/814 1054/1403/988
f 1054/1403/988 880/1196/814 882/1198/816
f 961/1279/895 1054/1402/988 963/1281/897
f 963/1281/897 1054/1402/988 1055/1404/989
f 1054/1403/988 882/1198/816 1055/1405/989
f 1055/1405/989 882/1198/816 884/1200/818
f 963/1281/897 1055/1404/989 965/1283/899
f 965/1283/899 1055/1404/989 1056/1406/990
f 1055/1405/989 884/1200/818 1056/1407/990
f 1056/1407/990 884/1200/818 886/1202/820
f 965/1283/899 1056/1406/990 967/1285/901
f 967/1285/901 1056/1406/990 1057/1408/991
f 1056/1407/990 886/1202/820 1057/1409/991
f 1057/1409/991 886/1202/820 888/1204/822
f 967/1285/901 1057/1408/991 969/1287/903
f 969/1287/903 1057/1408/991 1058/1410/992
f 1057/1409/991 888/1204/822 1058/1411/992
f 1058/1411/992 888/1204/822 890/1206/824
f 969/1287/903 1058/1410/992 971/1289/905
f 971/1289/905 1058/1410/992 1059/1412/993
f 1058/1411/992 890/1206/824 1059/1413/993
f 1059/1413/993 890/1206/824 892/1208/826
f 971/1289/905 1059/1412/993 973/1291/907
f 973/1291/907 1059/1412/993 1060/1414/994
f 1059/1413/993 892/1208/826 1060/1415/994
f 1060/1415/994 892/1208/826 894/1210/828
f 973/1291/907 1060/1414/994 975/1293/909
f 975/1293/909 1060/1414/994 1061/1416/995
f 1060/1417/994 894/1213/828 1061/1418/995
f 1061/1418/995 894/1213/828 896/1214/830
f 975/1293/909 1061/1416/995 977/1295/911
f 977/1295/911 1061/1416/995 1062/1419/996
f 1061/1418/995 896/1214/830 1062/1420/996
f 1062/1420/996 896/1214/830 898/1216/832
f 977/1295/911 1062/1419/996 979/1297/913
f 979/1297/913 1062/1419/996 1063/1421/997
f 1062/1420/996 898/1216/832 1063/1422/997
f 1063/1422/997 898/1216/832 900/1218/834
f 979/1297/913 1063/1421/997 981/1299/915
f 981/1299/915 1063/1421/997 1064/1423/998
f 1063/1422/997 900/1218/834 1064/1424/998
f 1064/1424/998 900/1218/834 902/1220/836
f 981/1299/915 1064/1423/998 983/1301/917
f 983/1301/917 1064/1423/998 1046/1387/980
f 1064/1424/998 902/1220/836 1046/1385/980
f 1046/1385/980 902/1220/836 904/1222/838
f 908/1226/842 1065/1425/999 907/1225/841
f 907/1225/841 1065/1425/999 1066/1426/1000
f 1065/1425/999 986/1427/920 1066/1426/1000
f 1066/1426/1000 986/1427/920 985/1428/919
f 907/1225/841 1066/1426/1000 910/1228/844
f 910/1228/844 1066/1426/1000 1067/1429/1001
f 1066/1426/1000 985/1428/919 1067/1429/1001
f 1067/1429/1001 985/1428/919 987/1430/921
f 910/1228/844 1067/1429/1001 912/1230/846
f 912/1230/846 1067/1429/1001 1068/1431/1002
f 1067/1429/1001 987/1430/921 1068/1431/1002
f 1068/1431/1002 987/1430/921 988/1432/922
f 912/1230/846 1068/1431/1002 914/1232/848
f 914/1232/848 1068/1431/1002 1069/1433/1003
f 1068/1431/1002 988/1432/922 1069/1433/1003
f 1069/1433/1003 988/1432/922 989/1434/923
f 914/1232/848 1069/1433/1003 916/1234/850
f 916/1234/850 1069/1433/1003 1070/1435/1004
f 1069/1433/1003 989/1434/923 1070/1435/1004
f 1070/1435/1004 989/1434/923 990/1436/924
f 916/1234/850 1070/1435/1004 918/1236/852
f 918/1236/852 1070/1435/1004 1071/1437/1005
f 1070/1435/1004 990/1436/924 1071/1437/1005
f 1071/1437/1005 990/1436/924 991/1438/925
f 918/1236/852 1071/1437/1005 920/1238/854
f 920/1238/854 1071/1437/1005 1072/1439/1006
f 1071/1437/1005 991/1438/925 1072/1439/1006
f 1072/1439/1006 991/1438/925 992/1440/926
f 920/1238/854 1072/1439/1006 922/1240/856
f 922/1240/856 1072/1439/1006 1073/1441/1007
f 1072/1439/1006 992/1440/926 1073/1441/1007
f 1073/1441/1007 992/1440/926 993/1442/927
f 922/1240/856 1073/1441/1007 924/1242/858
f 924/1242/858 1073/1441/1007 1074/1443/1008
f 1073/1441/1007 993/1442/927 1074/1443/1008
f 1074/1443/1008 993/1442/927 994/1444/928
f 924/1242/858 1074/1443/1008 926/1244/860
f 926/1244/860 1074/1443/1008 1075/1445/1009
f 1074/1443/1008 994/1444/928 1075/1445/1009
f 1075/1445/1009 994/1444/928 995/1446/929
f 926/1244/860 1075/1445/1009 928/1246/862
f 928/1246/862 1075/1445/1009 1076/1447/1010
f 1075/1445/1009 995/1446/929 1076/1447/1010
f 1076/1447/1010 995/1446/929 996/1448/930
f 928/1246/862 1076/1447/1010 930/1248/864
f 930/1248/864 1076/1447/1010 1077/1449/1011
f 1076/1447/1010 996/1448/930 1077/1449/1011
f 1077/1449/1011 996/1448/930 997/1450/931
f 930/1248/864 1077/1449/1011 932/1250/866
f 932/1250/866 1077/1449/1011 1078/1451/1012
f 1077/1449/1011 997/1450/931 1078/1451/1012
f 1078/1451/1012 997/1450/931 998/1452/932
f 932/1250/866 1078/1451/1012 934/1252/868
f 934/1252/868 1078/1451/1012 1079/1453/1013
f 1078/1451/1012 998/1452/932 1079/1453/1013
f 1079/1453/1013 998/1452/932 999/1454/933
f 934/1252/868 1079/1453/1013 936/1254/870
f 936/1254/870 1079/1453/1013 1080/1455/1014
f 1079/1453/1013 999/1454/933 1080/1455/1014
f 1080/1455/1014 999/1454/933 1000/1456/934
f 936/1254/870 1080/1455/1014 938/1256/872
f 938/1256/872 1080/1455/1014 1081/1457/1015
f 1080/1455/1014 1000/1456/934 1081/1457/1015
f 1081/1457/1015 1000/1456/934 1001/1458/935
f 938/1256/872 1081/1457/1015 940/1258/874
f 940/1258/874 1081/1457/1015 1082/1459/1016
f 1081/1457/1015 1001/1458/935 1082/1459/1016
f 1082/1459/1016 1001/1458/935 1002/1460/936
f 940/1258/874 1082/1459/1016 942/1260/876
f 942/1260/876 1082/1459/1016 1083/1461/1017
f 1082/1459/1016 1002/1460/936 1083/1461/1017
f 1083/1461/1017 1002/1460/936 1003/1462/937
f 942/1260/876 1083/1461/1017 944/1262/878
f 944/1262/878 1083/1461/1017 1084/1463/1018
f 1083/1461/1017 1003/1462/937 1084/1463/1018
f 1084/1463/1018 1003/1462/937 1004/1464/938
f 986/1427/920 1065/1425/999 1004/1464/938
f 1004/1464/938 1065/1425/999 1084/1463/1018
f 1065/1425/999 908/1226/842 1084/1463/1018
f 1084/1463/1018 908/1226/842 944/1262/878
f 947/1265/881 1085/1465/1019 984/1302/918
f 984/1302/918 1085/1465/1019 1086/1466/1020
f 1085/1465/1019 1005/1467/939 1086/1466/1020
f 1086/1466/1020 1005/1467/939 1024/1468/958
f 1005/1467/939 1085/1465/1019 1006/1469/940
f 1006/1469/940 1085/1465/1019 1087/1470/1021
f 1085/1465/1019 947/1265/881 1087/1470/1021
f 1087/1470/1021 947/1265/881 948/1266/882
f 1006/1469/940 1087/1470/1021 1007/1471/941
f 1007/1471/941 1087/1470/1021 1088/1472/1022
f 1087/1470/1021 948/1266/882 1088/1472/1022
f 1088/1472/1022 948/1266/882 950/1268/884
f 1007/1471/941 1088/1472/1022 1008/1473/942
f 1008/1473/942 1088/1472/1022 1089/1474/1023
f 1088/1472/1022 950/1268/884 1089/1474/1023
f 1089/1474/1023 950/1268/884 952/1270/886
f 1008/1473/942 1089/1474/1023 1009/1475/943
f 1009/1475/943 1089/1474/1023 1090/1476/1024
f 1089/1474/1023 952/1270/886 1090/1476/1024
f 1090/1476/1024 952/1270/886 954/1272/888
f 1009/1475/943 1090/1476/1024 1010/1477/944
f 1010/1477/944 1090/1476/1024 1091/1478/1025
f 1090/1476/1024 954/1272/888 1091/1478/1025
f 1091/1478/1025 954/1272/888 956/1274/890
f 1010/1477/944 1091/1478/1025 1011/1479/945
f 1011/1479/945 1091/1478/1025 1092/1480/1026
f 1091/1478/1025 956/1274/890 1092/1480/1026
f 1092/1480/1026 956/1274/890 958/1276/892
f 1011/1479/945 1092/1480/1026 1012/1481/946
f 1012/1481/946 1092/1480/1026 1093/1482/1027
f 1092/1480/1026 958/1276/892 1093/1482/1027
f 1093/1482/1027 958/1276/892 960/1278/894
f 1012/1481/946 1093/1482/1027 1013/1483/947
f 1013/1483/947 1093/1482/1027 1094/1484/1028
f 1093/1482/1027 960/1278/894 1094/1484/1028
f 1094/1484/1028 960/1278/894 962/1280/896
f 1013/1483/947 1094/1484/1028 1014/1485/948
f 1014/1485/948 1094/1484/1028 1095/1486/1029
f 1094/1484/1028 962/1280/896 1095/1486/1029
f 1095/1486/1029 962/1280/896 964/1282/898
f 1014/1485/948 1095/1486/1029 1015/1487/949
f 1015/1487/949 1095/1486/1029 1096/1488/1030
f 1095/1486/1029 964/1282/898 1096/1488/1030
f 1096/1488/1030 964/1282/898 966/1284/900
f 1015/1487/949 1096/1488/1030 1016/1489/950
f 1016/1489/950 1096/1488/1030 1097/1490/1031
f 1096/1488/1030 966/1284/900 1097/1490/1031
f 1097/1490/1031 966/1284/900 968/1286/902
f 1016/1489/950 1097/1490/1031 1017/1491/951
f 1017/1491/951 1097/1490/1031 1098/1492/1032
f 1097/1490/1031 968/1286/902 1098/1492/1032
f 1098/1492/1032 968/1286/902 970/1288/904
f 1017/1491/951 1098/1492/1032 1018/1493/952
f 1018/1493/952 1098/1492/1032 1099/1494/1033
f 1098/1492/1032 970/1288/904 1099/1494/1033
f 1099/1494/1033 970/1288/904 972/1290/906
f 1018/1493/952 1099/1494/1033 1019/1495/953
f 1019/1495/953 1099/1494/1033 1100/1496/1034
f 1099/1494/1033 972/1290/906 1100/1496/1034
f 1100/1496/1034 972/1290/906 974/1292/908
f 1019/1495/953 1100/1496/1034 1020/1497/954
f 1020/1497/954 1100/1496/1034 1101/1498/1035
f 1100/1496/1034 974/1292/908 1101/1498/1035
f 1101/1498/1035 974/1292/908 976/1294/910
f 1020/1497/954 1101/1498/1035 1021/1499/955
f 1021/1499/955 1101/1498/1035 1102/1500/1036
f 1101/1498/1035 976/1294/910 1102/1500/1036
f 1102/1500/1036 976/1294/910 978/1296/912
f 1021/1499/955 1102/1500/1036 1022/1501/956
f 1022/1501/956 1102/1500/1036 1103/1502/1037
f 1102/1500/1036 978/1296/912 1103/1502/1037
f 1103/1502/1037 978/1296/912 980/1298/914
f 1022/1501/956 1103/1502/1037 1023/1503/957
f 1023/1503/957 1103/1502/1037 1104/1504/1038
f 1103/1502/1037 980/1298/914 1104/1504/1038
f 1104/1504/1038 980/1298/914 982/1300/916
f 1023/1503/957 1104/1504/1038 1024/1468/958
f 1024/1468/958 1104/1504/1038 1086/1466/1020
f 1104/1504/1038 982/1300/916 1086/1466/1020
f 1086/1466/1020 982/1300/916 984/1302/918
f 747/1505/1039 748/1506/1040 825/1141/759
f 825/1141/759 748/1506/1040 826/1142/760
f 750/1507/1041 747/1505/1039 827/1143/761
f 827/1143/761 747/1505/1039 825/1141/759
f 752/1508/1042 750/1507/1041 828/1144/762
f 828/1144/762 750/1507/1041 827/1143/761
f 754/1509/1043 752/1508/1042 829/1145/763
f 829/1145/763 752/1508/1042 828/1144/762
f 756/1510/1044 754/1509/1043 830/1146/764
f 830/1146/764 754/1509/1043 829/1145/763
f 758/1511/1045 756/1510/1044 831/1147/765
f 831/1147/765 756/1510/1044 830/1146/764
f 760/1512/1046 758/1511/1045 832/1148/766
f 832/1148/766 758/1511/1045 831/1147/765
f 762/1513/1047 760/1512/1046 833/1149/767
f 833/1149/767 760/1512/1046 832/1148/766
f 764/1514/1048 762/1513/1047 834/1150/768
f 834/1150/768 762/1513/1047 833/1149/767
f 766/1515/1049 764/1514/1048 835/1151/769
f 835/1151/769 764/1514/1048 834/1150/768
f 768/1516/1050 766/1515/1049 836/1152/770
f 836/1152/770 766/1515/1049 835/1151/769
f 770/1517/1051 768/1516/1050 837/1153/771
f 837/1153/771 768/1516/1050 836/1152/770
f 772/1518/1052 770/1517/1051 838/1154/772
f 838/1154/772 770/1517/1051 837/1153/771
f 774/1519/1053 772/1518/1052 839/1155/773
f 839/1155/773 772/1518/1052 838/1154/772
f 776/1520/1054 774/1519/1053 840/1156/774
f 840/1156/774 774/1519/1053 839/1155/773
f 778/1521/1055 776/1520/1054 841/1157/775
f 841/1157/775 776/1520/1054 840/1156/774
f 780/1522/1056 778/1521/1055 842/1158/776
f 842/1158/776 778/1521/1055 841/1157/775
f 782/1523/1057 780/1522/1056 843/1159/777
f 843/1159/777 780/1522/1056 842/1158/776
f 784/1524/1058 782/1523/1057 844/1160/778
f 844/1160/778 782/1523/1057 843/1159/777
f 748/1506/1040 784/1524/1058 826/1142/760
f 826/1142/760 784/1524/1058 844/1160/778
f 787/1525/1059 788/1526/1060 845/1161/779
f 845/1161/779 788/1526/1060 846/1162/780
f 788/1526/1060 790/1527/1061 846/1162/780
f 846/1162/780 790/1527/1061 847/1163/781
f 790/1527/1061 792/1528/1062 847/1163/781
f 847/1163/781 792/1528/1062 848/1164/782
f 792/1528/1062 794/1529/1063 848/1164/782
f 848/1164/782 794/1529/1063 849/1165/783
f 794/1529/1063 796/1530/1064 849/1165/783
f 849/1165/783 796/1530/1064 850/1166/784
f 796/1530/1064 798/1531/1065 850/1166/784
f 850/1166/784 798/1531/1065 851/1167/785
f 798/1531/1065 800/1532/1066 851/1167/785
f 851/1167/785 800/1532/1066 852/1168/786
f 800/1532/1066 802/1533/1067 852/1168/786
f 852/1168/786 802/1533/1067 853/1169/787
f 802/1533/1067 804/1534/1068 853/1169/787
f 853/1169/787 804/1534/1068 854/1170/788
f 804/1534/1068 806/1535/1069 854/1170/788
f 854/1170/788 806/1535/1069 855/1171/789
f 806/1535/1069 808/1536/1070 855/1171/789
f 855/1171/789 808/1536/1070 856/1172/790
f 808/1536/1070 810/1537/1071 856/1172/790
f 856/1172/790 810/1537/1071 857/1173/791
f 810/1537/1071 812/1538/1072 857/1173/791
f 857/1173/791 812/1538/1072 858/1174/792
f 812/1538/1072 814/1539/1073 858/1174/792
f 858/1174/792 814/1539/1073 859/1175/793
f 814/1539/1073 816/1540/1074 859/1175/793
f 859/1175/793 816/1540/1074 860/1176/794
f 816/1540/1074 818/1541/1075 860/1176/794
f 860/1176/794 818/1541/1075 861/1177/795
f 818/1541/1075 820/1542/1076 861/1177/795
f 861/1177/795 820/1542/1076 862/1178/796
f 820/1542/1076 822/1543/1077 862/1178/796
f 862/1178/796 822/1543/1077 863/1179/797
f 822/1543/1077 824/1544/1078 863/1179/797
f 863/1179/797 824/1544/1078 864/1180/798
f 824/1544/1078 787/1525/1059 864/1180/798
f 864/1180/798 787/1525/1059 845/1161/779
s off
g Car_Wheel1SG
v -7.88293 -2.43859 4.2761
v -7.84443 -2.51415 4.2761
v -8.10223 -2.59792 4.2761
v -7.94289 -2.37862 4.2761
v -8.01846 -2.34012 4.2761
v -8.10222 -2.32685 4.2761
v -8.18599 -2.34012 4.2761
v -8.26155 -2.37862 4.2761
v -8.32152 -2.43859 4.2761
v -8.36003 -2.51415 4.2761
v -8.37329 -2.59792 4.2761
v -8.36003 -2.68168 4.2761
v -8.32152 -2.75725 4.2761
v -8.26155 -2.81722 4.2761
v -8.18599 -2.85572 4.2761
v -8.10223 -2.86899 4.2761
v -8.01846 -2.85572 4.2761
v -7.94289 -2.81722 4.2761
v -7.88293 -2.75725 4.2761
v -7.84443 -2.68169 4.2761
v -7.83116 -2.59792 4.2761
v -7.84443 -2.51415 6.06818
v -7.88292 -2.43859 6.06818
v -8.10223 -2.59792 6.06818
v -7.94289 -2.37862 6.06818
v -8.01846 -2.34012 6.06818
v -8.10222 -2.32685 6.06818
v -8.18599 -2.34012 6.06818
v -8.26155 -2.37862 6.06818
v -8.32153 -2.43859 6.06818
v -8.36003 -2.51415 6.06818
v -8.37329 -2.59792 6.06818
v -8.36003 -2.68169 6.06818
v -8.32153 -2.75725 6.06818
v -8.26155 -2.81722 6.06818
v -8.18599 -2.85572 6.06818
v -8.10223 -2.86899 6.06818
v -8.01846 -2.85572 6.06818
v -7.94289 -2.81722 6.06818
v -7.88293 -2.75725 6.06818
v -7.84443 -2.68169 6.06818
v -7.83116 -2.59792 6.06818
v -7.30126 -2.01598 4.47752
v -7.16063 -2.29198 4.47752
v -7.75693 -2.34705 4.47752
v -7.69631 -2.46603 4.47752
v -7.52029 -1.79695 4.47752
v -7.85135 -2.25262 4.47752
v -7.79628 -1.65632 4.47752
v -7.97033 -2.192 4.47752
v -8.10222 -1.60787 4.47752
v -8.10222 -2.17111 4.47752
v -8.40817 -1.65632 4.47752
v -8.23412 -2.192 4.47752
v -8.68416 -1.79695 4.47752
v -8.3531 -2.25262 4.47752
v -8.90319 -2.01598 4.47752
v -8.44752 -2.34705 4.47752
v -9.04382 -2.29198 4.47752
v -8.50814 -2.46603 4.47752
v -9.09227 -2.59792 4.47752
v -8.52903 -2.59792 4.47752
v -9.04382 -2.90386 4.47752
v -8.50814 -2.72981 4.47752
v -8.90319 -3.17986 4.47752
v -8.44752 -2.84879 4.47752
v -8.68416 -3.39889 4.47752
v -8.3531 -2.94321 4.47752
v -8.40816 -3.53951 4.47752
v -8.23412 -3.00384 4.47752
v -8.10223 -3.58797 4.47752
v -8.10223 -3.02473 4.47752
v -7.79628 -3.53951 4.47752
v -7.97033 -3.00384 4.47752
v -7.52029 -3.39889 4.47752
v -7.85135 -2.94321 4.47752
v -7.30126 -3.17986 4.47752
v -7.75693 -2.84879 4.47752
v -7.16063 -2.90386 4.47752
v -7.69631 -2.72981 4.47752
v -7.11217 -2.59792 4.47752
v -7.67542 -2.59792 4.47752
v -7.16063 -2.29198 5.86676
v -7.30126 -2.01598 5.86676
v -7.6963 -2.46603 5.86676
v -7.75693 -2.34705 5.86676
v -7.52029 -1.79695 5.86676
v -7.85135 -2.25262 5.86676
v -7.79628 -1.65632 5.86676
v -7.97033 -2.192 5.86676
v -8.10223 -1.60787 5.86676
v -8.10222 -2.17111 5.86676
v -8.40817 -1.65632 5.86676
v -8.23412 -2.192 5.86676
v -8.68416 -1.79695 5.86676
v -8.3531 -2.25262 5.86676
v -8.90319 -2.01598 5.86676
v -8.44752 -2.34705 5.86676
v -9.04382 -2.29198 5.86676
v -8.50814 -2.46603 5.86676
v -9.09227 -2.59792 5.86676
v -8.52903 -2.59792 5.86676
v -9.04382 -2.90386 5.86676
v -8.50814 -2.72981 5.86676
v -8.90319 -3.17986 5.86676
v -8.44752 -2.84879 5.86676
v -8.68416 -3.39889 5.86676
v -8.3531 -2.94321 5.86676
v -8.40817 -3.53951 5.86676
v -8.23412 -3.00384 5.86676
v -8.10223 -3.58797 5.86676
v -8.10223 -3.02473 5.86676
v -7.79628 -3.53951 5.86676
v -7.97033 -3.00384 5.86676
v -7.52029 -3.39889 5.86676
v -7.85135 -2.94321 5.86676
v -7.30126 -3.17986 5.86676
v -7.75693 -2.84879 5.86676
v -7.16063 -2.90386 5.86676
v -7.69631 -2.72981 5.86676
v -7.11217 -2.59792 5.86676
v -7.67542 -2.59792 5.86676
v -7.79191 -2.37246 4.38559
v -7.73743 -2.47939 4.38559
v -7.87677 -2.2876 4.38559
v -7.98369 -2.23312 4.38559
v -8.10222 -2.21435 4.38559
v -8.22075 -2.23312 4.38559
v -8.32768 -2.2876 4.38559
v -8.41254 -2.37246 4.38559
v -8.46702 -2.47939 4.38559
v -8.4858 -2.59792 4.38559
v -8.46702 -2.71645 4.38559
v -8.41254 -2.82338 4.38559
v -8.32768 -2.90823 4.38559
v -8.22076 -2.96272 4.38559
v -8.10223 -2.98149 4.38559
v -7.98369 -2.96272 4.38559
v -7.87677 -2.90823 4.38559
v -7.79191 -2.82338 4.38559
v -7.73743 -2.71645 4.38559
v -7.71866 -2.59792 4.38559
v -7.73743 -2.47939 5.95869
v -7.79191 -2.37246 5.95868
v -7.87677 -2.2876 5.95868
v -7.98369 -2.23312 5.95869
v -8.10222 -2.21435 5.95869
v -8.22075 -2.23312 5.95869
v -8.32768 -2.2876 5.95869
v -8.41254 -2.37246 5.95868
v -8.46702 -2.47939 5.95868
v -8.4858 -2.59792 5.95869
v -8.46702 -2.71645 5.95869
v -8.41254 -2.82338 5.95869
v -8.32768 -2.90823 5.95869
v -8.22076 -2.96272 5.95869
v -8.10223 -2.98149 5.95869
v -7.98369 -2.96272 5.95869
v -7.87677 -2.90823 5.95869
v -7.79191 -2.82338 5.95869
v -7.73743 -2.71645 5.95869
v -7.71866 -2.59792 5.95869
v -6.22602 -1.9883 4.37644
v -6.50623 -1.43836 4.37644
v -6.22602 -1.9883 5.96784
v -6.50623 -1.43836 5.96784
v -6.94267 -1.00192 4.37644
v -6.94267 -1.00192 5.96784
v -7.49261 -0.721715 4.37644
v -7.49261 -0.721715 5.96784
v -8.10223 -0.625162 4.37644
v -8.10223 -0.625162 5.96784
v -8.71184 -0.721715 4.37644
v -8.71184 -0.721715 5.96784
v -9.26178 -1.00192 4.37644
v -9.26178 -1.00192 5.96784
v -9.69822 -1.43836 4.37644
v -9.69822 -1.43836 5.96784
v -9.97843 -1.9883 4.37644
v -9.97843 -1.9883 5.96784
v -10.075 -2.59792 4.37644
v -10.075 -2.59792 5.96784
v -9.97843 -3.20753 4.37644
v -9.97843 -3.20753 5.96784
v -9.69822 -3.75747 4.37644
v -9.69822 -3.75747 5.96784
v -9.26178 -4.19391 4.37644
v -9.26178 -4.19391 5.96784
v -8.71184 -4.47412 4.37644
v -8.71184 -4.47412 5.96784
v -8.10223 -4.57067 4.37644
v -8.10223 -4.57067 5.96784
v -7.49261 -4.47412 4.37644
v -7.49261 -4.47412 5.96784
v -6.94267 -4.19391 4.37644
v -6.94267 -4.19391 5.96784
v -6.50623 -3.75747 4.37644
v -6.50623 -3.75747 5.96784
v -6.22603 -3.20753 4.37644
v -6.22603 -3.20753 5.96784
v -6.12947 -2.59792 4.37644
v -6.12947 -2.59792 5.96784
v -6.63039 -1.52857 4.22486
v -6.37198 -2.03573 4.22486
v -7.1771 -1.92577 4.22486
v -7.01467 -2.24455 4.22486
v -7.03288 -1.12608 4.22486
v -7.43008 -1.67279 4.22486
v -7.54003 -0.867673 4.22486
v -7.74886 -1.51037 4.22486
v -8.10223 -0.778632 4.22486
v -8.10223 -1.4544 4.22486
v -8.66442 -0.867674 4.22486
v -8.45559 -1.51037 4.22486
v -9.17157 -1.12608 4.22486
v -8.77437 -1.67279 4.22486
v -9.57406 -1.52857 4.22486
v -9.02735 -1.92577 4.22486
v -9.83247 -2.03573 4.22486
v -9.18978 -2.24455 4.22486
v -9.92151 -2.59792 4.22486
v -9.24574 -2.59792 4.22486
v -9.83247 -3.16011 4.22486
v -9.18978 -2.95129 4.22486
v -9.57406 -3.66727 4.22486
v -9.02735 -3.27006 4.22486
v -9.17157 -4.06975 4.22486
v -8.77437 -3.52305 4.22486
v -8.66441 -4.32816 4.22486
v -8.45559 -3.68547 4.22486
v -8.10223 -4.4172 4.22486
v -8.10222 -3.74144 4.22486
v -7.54003 -4.32816 4.22486
v -7.74886 -3.68547 4.22486
v -7.03288 -4.06975 4.22486
v -7.43008 -3.52305 4.22486
v -6.63039 -3.66727 4.22486
v -7.1771 -3.27006 4.22486
v -6.37198 -3.16011 4.22486
v -7.01467 -2.95129 4.22486
v -6.28294 -2.59792 4.22486
v -6.95871 -2.59792 4.22486
v -6.37198 -2.03573 6.11942
v -6.63039 -1.52857 6.11942
v -7.01467 -2.24455 6.11942
v -7.1771 -1.92577 6.11942
v -7.03288 -1.12608 6.11942
v -7.43008 -1.67279 6.11942
v -7.54003 -0.867673 6.11942
v -7.74886 -1.51037 6.11942
v -8.10223 -0.778632 6.11942
v -8.10223 -1.4544 6.11942
v -8.66442 -0.867674 6.11942
v -8.45559 -1.51037 6.11942
v -9.17157 -1.12608 6.11942
v -8.77437 -1.67279 6.11942
v -9.57406 -1.52857 6.11942
v -9.02735 -1.92577 6.11942
v -9.83247 -2.03573 6.11942
v -9.18978 -2.24455 6.11942
v -9.92151 -2.59792 6.11942
v -9.24574 -2.59792 6.11942
v -9.83247 -3.16011 6.11942
v -9.18978 -2.95129 6.11942
v -9.57406 -3.66727 6.11942
v -9.02735 -3.27006 6.11942
v -9.17157 -4.06975 6.11942
v -8.77437 -3.52305 6.11942
v -8.66441 -4.32816 6.11942
v -8.45559 -3.68547 6.11942
v -8.10223 -4.4172 6.11942
v -8.10222 -3.74144 6.11942
v -7.54003 -4.32816 6.11942
v -7.74886 -3.68547 6.11942
v -7.03288 -4.06975 6.11942
v -7.43008 -3.52305 6.11942
v -6.63039 -3.66727 6.11942
v -7.1771 -3.27006 6.11942
v -6.37198 -3.16011 6.11942
v -7.01467 -2.95129 6.11942
v -6.28294 -2.59792 6.11942
v -6.95871 -2.59792 6.11942
v -7.30126 -2.01598 4.37644
v -7.16063 -2.29198 4.37644
v -7.52029 -1.79695 4.37644
v -7.79628 -1.65632 4.37644
v -8.10222 -1.60787 4.37644
v -8.40817 -1.65632 4.37644
v -8.68416 -1.79695 4.37644
v -8.90319 -2.01598 4.37644
v -9.04382 -2.29198 4.37644
v -9.09227 -2.59792 4.37644
v -9.04382 -2.90386 4.37644
v -8.90319 -3.17986 4.37644
v -8.68416 -3.39889 4.37644
v -8.40816 -3.53951 4.37644
v -8.10223 -3.58797 4.37644
v -7.79628 -3.53951 4.37644
v -7.52029 -3.39889 4.37644
v -7.30126 -3.17986 4.37644
v -7.16063 -2.90386 4.37644
v -7.11217 -2.59792 4.37644
v -7.16063 -2.29198 5.96784
v -7.30126 -2.01598 5.96784
v -7.52029 -1.79695 5.96784
v -7.79628 -1.65632 5.96784
v -8.10223 -1.60787 5.96784
v -8.40817 -1.65632 5.96784
v -8.68416 -1.79695 5.96784
v -8.90319 -2.01598 5.96784
v -9.04382 -2.29198 5.96784
v -9.09227 -2.59792 5.96784
v -9.04382 -2.90386 5.96784
v -8.90319 -3.17986 5.96784
v -8.68416 -3.39889 5.96784
v -8.40817 -3.53951 5.96784
v -8.10223 -3.58797 5.96784
v -7.79628 -3.53951 5.96784
v -7.52029 -3.39889 5.96784
v -7.30126 -3.17986 5.96784
v -7.16063 -2.90386 5.96784
v -7.11217 -2.59792 5.96784
v -6.26877 -2.00219 4.26925
v -6.54259 -1.46478 4.26925
v -6.96909 -1.03829 4.26925
v -7.5065 -0.764466 4.26925
v -8.10223 -0.670112 4.26925
v -8.69795 -0.764466 4.26925
v -9.23536 -1.03829 4.26925
v -9.66185 -1.46478 4.26925
v -9.93568 -2.00219 4.26925
v -10.03 -2.59792 4.26925
v -9.93568 -3.19365 4.26925
v -9.66185 -3.73106 4.26925
v -9.23536 -4.15755 4.26925
v -8.69795 -4.43137 4.26925
v -8.10223 -4.52572 4.26925
v -7.5065 -4.43137 4.26925
v -6.96909 -4.15755 4.26925
v -6.5426 -3.73106 4.26925
v -6.26877 -3.19365 4.26925
v -6.17442 -2.59792 4.26925
v -6.26877 -2.00219 6.07502
v -6.17442 -2.59792 6.07502
v -6.54259 -1.46478 6.07502
v -6.96909 -1.03829 6.07502
v -7.5065 -0.764466 6.07502
v -8.10223 -0.670112 6.07502
v -8.69795 -0.764466 6.07502
v -9.23536 -1.03829 6.07502
v -9.66185 -1.46478 6.07502
v -9.93568 -2.00219 6.07502
v -10.03 -2.59792 6.07502
v -9.93568 -3.19365 6.07502
v -9.66185 -3.73106 6.07502
v -9.23536 -4.15755 6.07502
v -8.69795 -4.43137 6.07502
v -8.10223 -4.52572 6.07502
v -7.5065 -4.43137 6.07502
v -6.96909 -4.15755 6.07502
v -6.5426 -3.73106 6.07502
v -6.26877 -3.19365 6.07502
v -7.11788 -2.27808 4.26925
v -7.26489 -1.98956 4.26925
v -7.49387 -1.76059 4.26925
v -7.78239 -1.61357 4.26925
v -8.10223 -1.56292 4.26925
v -8.42206 -1.61357 4.26925
v -8.71058 -1.76059 4.26925
v -8.93956 -1.98956 4.26925
v -9.08657 -2.27809 4.26925
v -9.13723 -2.59792 4.26925
v -9.08657 -2.91775 4.26925
v -8.93956 -3.20628 4.26925
v -8.71058 -3.43525 4.26925
v -8.42206 -3.58226 4.26925
v -8.10223 -3.63292 4.26925
v -7.78239 -3.58226 4.26925
v -7.49387 -3.43525 4.26925
v -7.26489 -3.20628 4.26925
v -7.11788 -2.91775 4.26925
v -7.06723 -2.59792 4.26925
v -7.11788 -2.27808 6.07502
v -7.06723 -2.59792 6.07502
v -7.26489 -1.98956 6.07502
v -7.49387 -1.76059 6.07502
v -7.78239 -1.61357 6.07502
v -8.10223 -1.56292 6.07502
v -8.42206 -1.61357 6.07502
v -8.71058 -1.76059 6.07502
v -8.93956 -1.98956 6.07502
v -9.08657 -2.27808 6.07502
v -9.13723 -2.59792 6.07502
v -9.08657 -2.91775 6.07502
v -8.93956 -3.20628 6.07502
v -8.71058 -3.43525 6.07502
v -8.42206 -3.58226 6.07502
v -8.10223 -3.63292 6.07502
v -7.78239 -3.58226 6.07502
v -7.49387 -3.43525 6.07502
v -7.26489 -3.20628 6.07502
v -7.11788 -2.91775 6.07502
vn 0.378579 0.275057 -0.883754
vn 0.445048 0.144604 -0.883755
vn 0 4e-06 -1
vn 0.275061 0.378589 -0.883749
vn 0.144613 0.445056 -0.883749
vn 6e-06 0.467953 -0.883753
vn -0.144605 0.445045 -0.883756
vn -0.275055 0.37858 -0.883754
vn -0.378575 0.275055 -0.883757
vn -0.44505 0.144605 -0.883754
vn -0.467952 -0 -0.883754
vn -0.445057 -0.144596 -0.883751
vn -0.378587 -0.275045 -0.883754
vn -0.275049 -0.378589 -0.883752
vn -0.144593 -0.445057 -0.883752
vn 2e-06 -0.467951 -0.883755
vn 0.144592 -0.445056 -0.883752
vn 0.275045 -0.378587 -0.883755
vn 0.378593 -0.275044 -0.883752
vn 0.445068 -0.144596 -0.883746
vn 0.467951 -4e-06 -0.883754
vn 0.445048 0.144608 0.883754
vn 0.378581 0.275068 0.88375
vn 0 0 1
vn 0.275065 0.378583 0.88375
vn 0.14461 0.445048 0.883753
vn 1e-06 0.467946 0.883757
vn -0.144604 0.445048 0.883754
vn -0.275061 0.378577 0.883754
vn -0.378587 0.27506 0.88375
vn -0.445056 0.144614 0.883749
vn -0.46795 6e-06 0.883755
vn -0.445049 -0.144604 0.883754
vn -0.378575 -0.275057 0.883756
vn -0.275055 -0.37858 0.883755
vn -0.144607 -0.44505 0.883753
vn 0 -0.467948 0.883756
vn 0.144602 -0.445048 0.883755
vn 0.275057 -0.378579 0.883754
vn 0.378581 -0.275054 0.883754
vn 0.445047 -0.144602 0.883755
vn 0.467947 -4e-06 0.883757
vn -0.217169 -0.157783 -0.963297
vn -0.255299 -0.082951 -0.963297
vn -0 0 -1
vn -0.157782 -0.217169 -0.963298
vn -0.082951 -0.255298 -0.963298
vn 1e-06 0 -1
vn 0 -0.268435 -0.963298
vn 0.082951 -0.255298 -0.963298
vn -1e-06 0 -1
vn 0.157782 -0.217169 -0.963298
vn 0.217169 -0.157783 -0.963298
vn 0.255297 -0.082951 -0.963298
vn 0.268436 -1e-06 -0.963298
vn 0.255298 0.082952 -0.963297
vn 0.217168 0.157782 -0.963298
vn 0.157783 0.217169 -0.963298
vn 0.082951 0.255299 -0.963297
vn -1e-06 0.268435 -0.963298
vn -0.082952 0.255298 -0.963297
vn -0.157784 0.21717 -0.963297
vn -0.217169 0.157783 -0.963297
vn -0.255298 0.082951 -0.963298
vn -0.268434 0 -0.963298
vn -0.2553 -0.082952 0.963297
vn -0.217169 -0.157784 0.963298
vn 1e-06 0 1
vn -0.157782 -0.217168 0.963298
vn -0.082951 -0.255298 0.963297
vn 0 -0.268435 0.963298
vn 0.082951 -0.255298 0.963298
vn -1e-06 0 1
vn 0.157782 -0.217169 0.963298
vn 0.21717 -0.157783 0.963297
vn 0.255299 -0.082951 0.963297
vn 0.268434 0 0.963298
vn 0.255298 0.082951 0.963297
vn 0.217168 0.157783 0.963298
vn 0.157783 0.217169 0.963298
vn 0.082952 0.2553 0.963297
vn -1e-06 0.268435 0.963298
vn -0.082951 0.255298 0.963298
vn -0.157783 0.21717 0.963297
vn -0.217169 0.157783 0.963297
vn -0.255298 0.082951 0.963298
vn -0.268433 1e-06 0.963298
vn 0.654213 0.475319 -0.588283
vn 0.769079 0.249887 -0.588281
vn 0.47532 0.654216 -0.58828
vn 0.249893 0.769079 -0.588279
vn 3e-06 0.808655 -0.588283
vn -0.249888 0.769079 -0.58828
vn -0.475316 0.654218 -0.588281
vn -0.654214 0.47532 -0.588282
vn -0.769078 0.249888 -0.588281
vn -0.808657 2e-06 -0.58828
vn -0.769079 -0.249888 -0.58828
vn -0.654219 -0.475318 -0.588278
vn -0.475318 -0.654219 -0.588277
vn -0.249884 -0.769081 -0.588279
vn 3e-06 -0.808656 -0.588281
vn 0.249882 -0.769081 -0.58828
vn 0.475316 -0.65422 -0.588278
vn 0.654223 -0.475311 -0.588279
vn 0.769085 -0.249882 -0.588274
vn 0.808657 -5e-06 -0.588281
vn 0.769076 0.249888 0.588284
vn 0.65421 0.475326 0.588281
vn 0.475323 0.654213 0.58828
vn 0.249891 0.769076 0.588283
vn 1e-06 0.808656 0.588282
vn -0.249887 0.769079 0.588281
vn -0.475321 0.654212 0.588283
vn -0.654215 0.475318 0.588282
vn -0.769076 0.249893 0.588281
vn -0.808655 6e-06 0.588284
vn -0.769079 -0.249886 0.588281
vn -0.654213 -0.475322 0.588281
vn -0.475319 -0.654216 0.58828
vn -0.249889 -0.76908 0.588279
vn 3e-06 -0.808656 0.588281
vn 0.249883 -0.76908 0.588281
vn 0.475318 -0.654216 0.588281
vn 0.654217 -0.475316 0.588282
vn 0.769079 -0.249886 0.588281
vn 0.808656 -7e-06 0.588282
vn 0.950754 0.308917 -0.025224
vn 0.80876 0.587598 -0.025224
vn 0.950754 0.308917 0.025224
vn 0.80876 0.587598 0.025224
vn 0.587597 0.80876 -0.025224
vn 0.587597 0.80876 0.025224
vn 0.308918 0.950754 -0.025224
vn 0.308918 0.950754 0.025224
vn 0 0.999682 -0.025224
vn 0 0.999682 0.025224
vn -0.308918 0.950754 -0.025224
vn -0.308918 0.950754 0.025224
vn -0.587598 0.80876 -0.025224
vn -0.587598 0.80876 0.025224
vn -0.808761 0.587597 -0.025224
vn -0.808761 0.587597 0.025225
vn -0.950754 0.308919 -0.025225
vn -0.950754 0.308919 0.025224
vn -0.999682 0 -0.025224
vn -0.999682 -0 0.025224
vn -0.950754 -0.308919 -0.025224
vn -0.950754 -0.308919 0.025224
vn -0.808759 -0.587599 -0.025224
vn -0.808759 -0.587599 0.025224
vn -0.587598 -0.80876 -0.025224
vn -0.587598 -0.80876 0.025224
vn -0.308919 -0.950754 -0.025224
vn -0.308919 -0.950754 0.025224
vn -0 -0.999682 -0.025224
vn 0 -0.999682 0.025224
vn 0.308918 -0.950754 -0.025224
vn 0.308918 -0.950754 0.025224
vn 0.587599 -0.808759 -0.025224
vn 0.587599 -0.808759 0.025224
vn 0.80876 -0.587598 -0.025224
vn 0.80876 -0.587598 0.025224
vn 0.950754 -0.308919 -0.025224
vn 0.950754 -0.308919 0.025224
vn 0.999682 -1e-06 -0.025224
vn 0.999682 -1e-06 0.025224
vn 0.065245 0.047403 -0.996743
vn 0.0767 0.024921 -0.996743
vn -0.02936 -0.021331 -0.999341
vn -0.034515 -0.011214 -0.999341
vn 0.047403 0.065245 -0.996743
vn -0.021331 -0.02936 -0.999341
vn 0.024921 0.0767 -0.996743
vn -0.011214 -0.034515 -0.999341
vn -0 0.080647 -0.996743
vn 0 -0.036291 -0.999341
vn -0.024921 0.0767 -0.996743
vn 0.011215 -0.034515 -0.999341
vn -0.047403 0.065245 -0.996743
vn 0.021331 -0.02936 -0.999341
vn -0.065245 0.047403 -0.996743
vn 0.02936 -0.021331 -0.999341
vn -0.0767 0.024921 -0.996743
vn 0.034515 -0.011214 -0.999341
vn -0.080647 0 -0.996743
vn 0.036291 -0 -0.999341
vn -0.0767 -0.024921 -0.996743
vn 0.034515 0.011214 -0.999341
vn -0.065245 -0.047403 -0.996743
vn 0.02936 0.021331 -0.999341
vn -0.047403 -0.065245 -0.996743
vn 0.021331 0.02936 -0.999341
vn -0.024922 -0.0767 -0.996743
vn 0.011214 0.034514 -0.999341
vn 0 -0.080647 -0.996743
vn -0 0.036291 -0.999341
vn 0.024922 -0.0767 -0.996743
vn -0.011214 0.034515 -0.999341
vn 0.047403 -0.065245 -0.996743
vn -0.021331 0.02936 -0.999341
vn 0.065245 -0.047403 -0.996743
vn -0.02936 0.021331 -0.999341
vn 0.0767 -0.024921 -0.996743
vn -0.034515 0.011214 -0.999341
vn 0.080647 -0 -0.996743
vn -0.036292 0 -0.999341
vn 0.0767 0.024921 0.996743
vn 0.065245 0.047403 0.996743
vn -0.034515 -0.011214 0.999341
vn -0.02936 -0.021331 0.999341
vn 0.047403 0.065245 0.996743
vn -0.021331 -0.02936 0.999341
vn 0.024921 0.0767 0.996743
vn -0.011214 -0.034514 0.999341
vn 0 0.080647 0.996743
vn 0 -0.036291 0.999341
vn -0.024921 0.0767 0.996743
vn 0.011214 -0.034515 0.999341
vn -0.047403 0.065245 0.996743
vn 0.021331 -0.02936 0.999341
vn -0.065245 0.047403 0.996743
vn 0.02936 -0.021331 0.999341
vn -0.0767 0.024921 0.996743
vn 0.034514 -0.011214 0.999341
vn -0.080647 0 0.996743
vn 0.036291 0 0.999341
vn -0.0767 -0.024921 0.996743
vn 0.034515 0.011214 0.999341
vn -0.065245 -0.047403 0.996743
vn 0.02936 0.021331 0.999341
vn -0.047403 -0.065245 0.996743
vn 0.021332 0.02936 0.999341
vn -0.024921 -0.0767 0.996743
vn 0.011214 0.034514 0.999341
vn 0 -0.080647 0.996743
vn 0 0.036291 0.999341
vn 0.024921 -0.0767 0.996743
vn -0.011214 0.034515 0.999341
vn 0.047403 -0.065245 0.996743
vn -0.021332 0.02936 0.999341
vn 0.065245 -0.047403 0.996743
vn -0.02936 0.021331 0.999341
vn 0.0767 -0.024921 0.996743
vn -0.034515 0.011214 0.999341
vn 0.080647 -0 0.996743
vn -0.036292 0 0.999341
vn -0.789764 -0.573801 -0.216855
vn -0.928425 -0.301662 -0.216856
vn -0.573799 -0.789765 -0.216854
vn -0.301664 -0.928425 -0.216854
vn 0 -0.976204 -0.216854
vn 0.301664 -0.928425 -0.216853
vn 0.573798 -0.789767 -0.21685
vn 0.789766 -0.5738 -0.216849
vn 0.928427 -0.301663 -0.216849
vn 0.976205 -2e-06 -0.216851
vn 0.928426 0.301663 -0.216853
vn 0.789765 0.573799 -0.216854
vn 0.5738 0.789764 -0.216855
vn 0.301662 0.928425 -0.216855
vn -3e-06 0.976204 -0.216856
vn -0.301662 0.928425 -0.216858
vn -0.573798 0.789766 -0.216856
vn -0.789766 0.573798 -0.216854
vn -0.928426 0.301662 -0.216853
vn -0.976204 1e-06 -0.216854
vn -0.928426 -0.301661 0.216853
vn -0.789764 -0.573801 0.216853
vn -0.5738 -0.789765 0.216853
vn -0.301664 -0.928425 0.216854
vn 1e-06 -0.976204 0.216854
vn 0.301666 -0.928425 0.216852
vn 0.573799 -0.789767 0.21685
vn 0.789766 -0.5738 0.216849
vn 0.928427 -0.301662 0.21685
vn 0.976205 0 0.216852
vn 0.928426 0.301662 0.216852
vn 0.789764 0.5738 0.216853
vn 0.573799 0.789765 0.216853
vn 0.301663 0.928425 0.216855
vn -3e-06 0.976204 0.216856
vn -0.301662 0.928425 0.216858
vn -0.573798 0.789766 0.216856
vn -0.789766 0.573798 0.216854
vn -0.928426 0.301662 0.216854
vn -0.976204 3e-06 0.216852
vn 0.692344 0.224954 -0.685605
vn 0.588942 0.427892 -0.685606
vn 0.427891 0.588942 -0.685607
vn 0.224956 0.692343 -0.685607
vn 0 0.727972 -0.685607
vn -0.224955 0.692342 -0.685608
vn -0.427891 0.58894 -0.685608
vn -0.588941 0.427889 -0.685609
vn -0.692341 0.224955 -0.685609
vn -0.72797 0 -0.685609
vn -0.692341 -0.224956 -0.685608
vn -0.588941 -0.427892 -0.685607
vn -0.427891 -0.588942 -0.685607
vn -0.224955 -0.692342 -0.685607
vn -0 -0.727972 -0.685607
vn 0.224955 -0.692343 -0.685607
vn 0.427891 -0.588941 -0.685607
vn 0.588941 -0.427893 -0.685607
vn 0.692343 -0.224956 -0.685607
vn 0.727973 -1e-06 -0.685606
vn 0.692344 0.224954 0.685605
vn 0.727972 -1e-06 0.685607
vn 0.588943 0.427892 0.685606
vn 0.42789 0.588943 0.685607
vn 0.224955 0.692343 0.685607
vn 0 0.727972 0.685607
vn -0.224956 0.692342 0.685607
vn -0.427891 0.58894 0.685608
vn -0.588941 0.427888 0.685609
vn -0.692341 0.224955 0.685609
vn -0.72797 -0 0.685609
vn -0.692341 -0.224956 0.685608
vn -0.588941 -0.427892 0.685606
vn -0.42789 -0.588942 0.685607
vn -0.224955 -0.692343 0.685607
vn 0 -0.727972 0.685607
vn 0.224955 -0.692343 0.685607
vn 0.427891 -0.588942 0.685607
vn 0.588942 -0.427892 0.685606
vn 0.692343 -0.224956 0.685607
vn -0.639738 -0.207862 -0.739952
vn -0.544194 -0.395381 -0.739951
vn -0.395381 -0.544193 -0.739951
vn -0.207865 -0.639738 -0.739951
vn 1e-06 -0.672662 -0.73995
vn 0.207865 -0.63974 -0.739949
vn 0.395381 -0.544197 -0.739949
vn 0.544195 -0.395381 -0.739949
vn 0.63974 -0.207864 -0.739949
vn 0.672662 -1e-06 -0.73995
vn 0.639738 0.207864 -0.739951
vn 0.544194 0.395382 -0.73995
vn 0.39538 0.544193 -0.739952
vn 0.207862 0.639735 -0.739954
vn -1e-06 0.672659 -0.739953
vn -0.207863 0.639736 -0.739953
vn -0.39538 0.544194 -0.739951
vn -0.544192 0.395381 -0.739952
vn -0.639737 0.207862 -0.739953
vn -0.672662 1e-06 -0.73995
vn -0.639741 -0.207862 0.739949
vn -0.672663 2e-06 0.739949
vn -0.544195 -0.395382 0.73995
vn -0.39538 -0.544194 0.739951
vn -0.207863 -0.639738 0.739951
vn 0 -0.672662 0.73995
vn 0.207865 -0.63974 0.73995
vn 0.395381 -0.544196 0.739949
vn 0.544195 -0.395383 0.739949
vn 0.639741 -0.207864 0.739949
vn 0.672664 0 0.739949
vn 0.639739 0.207864 0.73995
vn 0.544193 0.395383 0.73995
vn 0.39538 0.544194 0.739951
vn 0.207862 0.639735 0.739954
vn -1e-06 0.672659 0.739953
vn -0.207862 0.639737 0.739953
vn -0.395379 0.544194 0.739952
vn -0.544192 0.39538 0.739953
vn -0.639737 0.207862 0.739953
vn 0.73208 0.53189 -0.42562
vn 0.860615 0.279628 -0.425617
vn 0.531891 0.732076 -0.425625
vn 0.279629 0.86061 -0.425626
vn 0 0.904902 -0.42562
vn -0.27963 0.860616 -0.425614
vn -0.531889 0.732084 -0.425614
vn -0.73208 0.531891 -0.425617
vn -0.860614 0.27963 -0.425617
vn -0.904903 4e-06 -0.425617
vn -0.860614 -0.279632 -0.425617
vn -0.73208 -0.531892 -0.425617
vn -0.531892 -0.73208 -0.425617
vn -0.27963 -0.860615 -0.425616
vn 2e-06 -0.904904 -0.425616
vn 0.279626 -0.860616 -0.425616
vn 0.531891 -0.732081 -0.425616
vn 0.732083 -0.531884 -0.425622
vn 0.860613 -0.279624 -0.425624
vn 0.904903 -4e-06 -0.425617
vn 0.860613 0.279627 0.425622
vn 0.732074 0.531892 0.425628
vn 0.531891 0.732076 0.425626
vn 0.279629 0.860613 0.42562
vn -1e-06 0.904904 0.425616
vn -0.279629 0.860616 0.425615
vn -0.531891 0.73208 0.425619
vn -0.732075 0.53189 0.425628
vn -0.860609 0.27963 0.425629
vn -0.904902 2e-06 0.42562
vn -0.860615 -0.279628 0.425618
vn -0.732077 -0.531895 0.425618
vn -0.531891 -0.732081 0.425616
vn -0.27963 -0.860615 0.425616
vn 2e-06 -0.904904 0.425616
vn 0.279624 -0.860617 0.425616
vn 0.531891 -0.732081 0.425617
vn 0.732083 -0.531887 0.425618
vn 0.860614 -0.27963 0.425618
vn 0.904903 -7e-06 0.425617
vt 0.810445 0.089108
vt 0.812455 0.083436
vt 0.830209 0.093251
vt 0.810459 0.097463
vt 0.812488 0.103121
vt 0.816294 0.107941
vt 0.82144 0.111357
vt 0.827388 0.113023
vt 0.833544 0.112802
vt 0.839313 0.110737
vt 0.844164 0.107026
vt 0.847659 0.102037
vt 0.849485 0.096252
vt 0.849473 0.090191
vt 0.847631 0.084403
vt 0.844119 0.079431
vt 0.839255 0.075745
vt 0.833474 0.073688
vt 0.827322 0.073485
vt 0.821381 0.07518
vt 0.816245 0.078615
vt 0.915591 0.165265
vt 0.911647 0.169991
vt 0.898234 0.154705
vt 0.906332 0.173267
vt 0.900242 0.174731
vt 0.894016 0.174231
vt 0.888282 0.171863
vt 0.883587 0.167883
vt 0.880344 0.162716
vt 0.878838 0.156854
vt 0.879152 0.150837
vt 0.881253 0.14521
vt 0.884935 0.140464
vt 0.889885 0.137028
vt 0.895677 0.135235
vt 0.901781 0.135266
vt 0.907632 0.13717
vt 0.912657 0.140783
vt 0.916326 0.1458
vt 0.918256 0.151694
vt 0.918205 0.157822
vt 0.43662 0.28738
vt 0.461573 0.279913
vt 0.458359 0.330143
vt 0.468838 0.326366
vt 0.413009 0.305885
vt 0.449344 0.337209
vt 0.399795 0.328332
vt 0.443173 0.346485
vt 0.394452 0.353274
vt 0.440331 0.35699
vt 0.396968 0.378152
vt 0.440966 0.367675
vt 0.406756 0.400699
vt 0.444886 0.377498
vt 0.422706 0.418986
vt 0.451629 0.385551
vt 0.443227 0.4315
vt 0.460498 0.391111
vt 0.46639 0.43724
vt 0.470634 0.393703
vt 0.490109 0.435809
vt 0.481085 0.393116
vt 0.512263 0.427396
vt 0.49088 0.389417
vt 0.530897 0.412792
vt 0.499123 0.382955
vt 0.544359 0.393287
vt 0.505057 0.374327
vt 0.551415 0.370596
vt 0.508125 0.36432
vt 0.551377 0.346733
vt 0.508034 0.35386
vt 0.54413 0.323817
vt 0.504753 0.343921
vt 0.530181 0.303962
vt 0.498545 0.335446
vt 0.510623 0.289071
vt 0.489943 0.329292
vt 0.48707 0.280682
vt 0.47972 0.326124
vt 0.891941 0.354241
vt 0.867135 0.3621
vt 0.869633 0.312085
vt 0.859289 0.315894
vt 0.841519 0.361719
vt 0.848449 0.316173
vt 0.817694 0.353568
vt 0.838214 0.313016
vt 0.797806 0.338692
vt 0.829556 0.306832
vt 0.783583 0.318661
vt 0.823291 0.298283
vt 0.776182 0.295453
vt 0.819973 0.288229
vt 0.776147 0.271273
vt 0.819873 0.277644
vt 0.783347 0.2483
vt 0.822965 0.267539
vt 0.797066 0.228638
vt 0.828942 0.258844
vt 0.815981 0.214037
vt 0.837231 0.252368
vt 0.838372 0.205793
vt 0.847038 0.248695
vt 0.862187 0.204665
vt 0.857465 0.248189
vt 0.885285 0.210759
vt 0.867527 0.250892
vt 0.905545 0.223573
vt 0.876302 0.256568
vt 0.921136 0.24201
vt 0.882922 0.264706
vt 0.930553 0.264518
vt 0.886735 0.27457
vt 0.932762 0.289182
vt 0.887308 0.285268
vt 0.927257 0.313792
vt 0.884484 0.29576
vt 0.914113 0.335847
vt 0.878431 0.30502
vt 0.797902 0.087811
vt 0.801346 0.077841
vt 0.797909 0.098797
vt 0.801393 0.108766
vt 0.807769 0.116863
vt 0.816233 0.122444
vt 0.82592 0.125091
vt 0.835835 0.124632
vt 0.84503 0.121236
vt 0.852755 0.11528
vt 0.858322 0.107286
vt 0.861192 0.09803
vt 0.861167 0.088369
vt 0.85827 0.079131
vt 0.852698 0.071154
vt 0.844934 0.065212
vt 0.835716 0.061862
vt 0.825825 0.061435
vt 0.81614 0.0641
vt 0.807679 0.06972
vt 0.926857 0.170977
vt 0.920159 0.179227
vt 0.911283 0.18474
vt 0.901249 0.187088
vt 0.891118 0.186165
vt 0.8819 0.182188
vt 0.874446 0.17567
vt 0.869398 0.167318
vt 0.867121 0.157958
vt 0.867714 0.148427
vt 0.871055 0.139524
vt 0.876854 0.131986
vt 0.88466 0.126463
vt 0.893848 0.123483
vt 0.903629 0.123397
vt 0.913097 0.126311
vt 0.921325 0.132079
vt 0.927433 0.14025
vt 0.930682 0.150098
vt 0.930557 0.160684
vt 0.141437 0.305035
vt 0.141437 0.355228
vt 0.013186 0.305035
vt 0.013186 0.355228
vt 0.141437 0.4052
vt 0.013186 0.4052
vt 0.141437 0.454985
vt 0.013186 0.454985
vt 0.141437 0.50459
vt 0.013186 0.50459
vt 0.141437 0.554055
vt 0.013186 0.554056
vt 0.141437 0.60341
vt 0.013186 0.60341
vt 0.141437 0.652672
vt 0.013186 0.652672
vt 0.141437 0.701846
vt 0.013186 0.701846
vt 0.141437 0.750947
vt 0.013186 0.750947
vt 0.141437 0.800006
vt 0.013186 0.800006
vt 0.141437 0.849058
vt 0.013186 0.849058
vt 0.141437 0.898118
vt 0.013186 0.898118
vt 0.141437 0.947145
vt 0.013186 0.947145
vt 0.141437 0.996032
vt 0.013186 0.996032
vt 0.141437 0.003968
vt 0.141437 0.053806
vt 0.013186 0.003968
vt 0.013186 0.053806
vt 0.141437 0.103814
vt 0.013186 0.103814
vt 0.141437 0.153902
vt 0.013186 0.153902
vt 0.141437 0.204038
vt 0.013186 0.204038
vt 0.141437 0.254287
vt 0.013186 0.254287
vt 0.383459 0.031499
vt 0.420589 0.060369
vt 0.356741 0.080804
vt 0.380219 0.098583
vt 0.337694 0.015856
vt 0.328646 0.071202
vt 0.29066 0.015961
vt 0.299191 0.070885
vt 0.246396 0.030547
vt 0.271345 0.079688
vt 0.209101 0.057874
vt 0.247797 0.096618
vt 0.182212 0.095152
vt 0.23075 0.119934
vt 0.168143 0.138688
vt 0.221782 0.147279
vt 0.168125 0.184301
vt 0.221701 0.176004
vt 0.182055 0.227645
vt 0.230445 0.203356
vt 0.208512 0.264594
vt 0.24713 0.226703
vt 0.244969 0.291689
vt 0.270161 0.24382
vt 0.287939 0.306377
vt 0.297321 0.253107
vt 0.333354 0.307266
vt 0.32601 0.253664
vt 0.376895 0.294246
vt 0.353499 0.245409
vt 0.414445 0.2685
vt 0.377159 0.229136
vt 0.44235 0.232417
vt 0.394676 0.206376
vt 0.457877 0.189373
vt 0.404321 0.17926
vt 0.459434 0.143437
vt 0.405116 0.150394
vt 0.446665 0.099001
vt 0.396853 0.122594
vt 0.738097 0.26291
vt 0.699642 0.29103
vt 0.69813 0.223655
vt 0.674347 0.241221
vt 0.654942 0.305125
vt 0.646473 0.250392
vt 0.608471 0.304665
vt 0.617353 0.250407
vt 0.564738 0.289945
vt 0.589827 0.24141
vt 0.527919 0.262629
vt 0.566567 0.224399
vt 0.501396 0.225541
vt 0.54976 0.201099
vt 0.487493 0.182226
vt 0.540942 0.173796
vt 0.487493 0.136793
vt 0.540921 0.145128
vt 0.501391 0.093555
vt 0.549692 0.11783
vt 0.527803 0.056666
vt 0.566381 0.094497
vt 0.564157 0.029576
vt 0.589371 0.077365
vt 0.60705 0.014815
vt 0.616497 0.068068
vt 0.652509 0.013825
vt 0.645176 0.067505
vt 0.696205 0.026869
vt 0.672653 0.075793
vt 0.733854 0.052818
vt 0.696274 0.092184
vt 0.761767 0.089175
vt 0.713724 0.115124
vt 0.777231 0.132534
vt 0.723245 0.142432
vt 0.778632 0.178877
vt 0.723809 0.171516
vt 0.765486 0.22385
vt 0.715222 0.19954
vt 0.432114 0.279175
vt 0.460446 0.271173
vt 0.406116 0.29955
vt 0.391576 0.325151
vt 0.385914 0.352817
vt 0.388864 0.380277
vt 0.39978 0.40511
vt 0.417447 0.425227
vt 0.440113 0.43897
vt 0.465659 0.445251
vt 0.491794 0.443645
vt 0.516196 0.434366
vt 0.536725 0.418276
vt 0.551566 0.396796
vt 0.55937 0.371801
vt 0.559375 0.345494
vt 0.551445 0.320201
vt 0.536132 0.298242
vt 0.51462 0.281708
vt 0.488667 0.27228
vt 0.896458 0.362187
vt 0.868422 0.370811
vt 0.840035 0.370187
vt 0.813736 0.361044
vt 0.791828 0.344522
vt 0.776182 0.322349
vt 0.76808 0.29672
vt 0.768084 0.270039
vt 0.776066 0.244723
vt 0.791214 0.223053
vt 0.812083 0.206973
vt 0.836766 0.197892
vt 0.863046 0.196638
vt 0.888512 0.203344
vt 0.910883 0.217441
vt 0.928124 0.237725
vt 0.938614 0.262508
vt 0.9412 0.289716
vt 0.935323 0.316971
vt 0.920958 0.341932
vt 0.150879 0.305035
vt 0.150879 0.355228
vt 0.427666 0.053766
vt 0.388126 0.022827
vt 0.150879 0.4052
vt 0.339312 0.006141
vt 0.150879 0.454985
vt 0.289103 0.006406
vt 0.150879 0.50459
vt 0.242003 0.022032
vt 0.150879 0.554055
vt 0.202343 0.05117
vt 0.150879 0.60341
vt 0.173764 0.090879
vt 0.150879 0.652672
vt 0.15883 0.137222
vt 0.150879 0.701846
vt 0.158832 0.185757
vt 0.150879 0.750947
vt 0.173665 0.231866
vt 0.150879 0.800006
vt 0.201825 0.271164
vt 0.150879 0.849058
vt 0.240607 0.299982
vt 0.150879 0.898118
vt 0.286311 0.315609
vt 0.150879 0.947145
vt 0.33462 0.316559
vt 0.150879 0.996032
vt 0.380942 0.302716
vt 0.150878 0.003968
vt 0.150879 0.053806
vt 0.4209 0.275341
vt 0.150879 0.103814
vt 0.450617 0.236958
vt 0.150879 0.153901
vt 0.46717 0.191165
vt 0.150878 0.204038
vt 0.468879 0.142275
vt 0.150879 0.254287
vt 0.455354 0.094954
vt 0.00375 0.305035
vt 0.00375 0.254287
vt 0.745862 0.270525
vt 0.774366 0.22801
vt 0.703984 0.299817
vt 0.00375 0.355228
vt 0.656348 0.314661
vt 0.00375 0.4052
vt 0.606873 0.314093
vt 0.00375 0.454985
vt 0.560334 0.298359
vt 0.00375 0.50459
vt 0.521185 0.26924
vt 0.00375 0.554055
vt 0.493 0.229757
vt 0.00375 0.60341
vt 0.478225 0.183679
vt 0.00375 0.652672
vt 0.478227 0.135341
vt 0.00375 0.701846
vt 0.493021 0.089344
vt 0.00375 0.750947
vt 0.521127 0.050109
vt 0.00375 0.800006
vt 0.559784 0.021303
vt 0.00375 0.849058
vt 0.605401 0.005587
vt 0.00375 0.898118
vt 0.65376 0.004508
vt 0.00375 0.947145
vt 0.700279 0.018365
vt 0.00375 0.996032
vt 0.740364 0.045964
vt 0.00375 0.003968
vt 0.00375 0.053806
vt 0.770093 0.084641
vt 0.00375 0.103814
vt 0.786599 0.130759
vt 0.00375 0.153902
vt 0.788178 0.18008
vt 0.00375 0.204038
vt 0.373304 0.10522
vt 0.352199 0.089316
vt 0.366779 0.111531
vt 0.347918 0.097392
vt 0.327028 0.080718
vt 0.325474 0.089727
vt 0.300596 0.080368
vt 0.301893 0.089354
vt 0.275593 0.088186
vt 0.279595 0.096245
vt 0.254449 0.103329
vt 0.260742 0.109696
vt 0.239125 0.124246
vt 0.247059 0.128339
vt 0.231048 0.14878
vt 0.239832 0.150203
vt 0.230982 0.174567
vt 0.239782 0.173205
vt 0.238833 0.19915
vt 0.246799 0.195159
vt 0.253824 0.220131
vt 0.260178 0.213897
vt 0.274528 0.235514
vt 0.278678 0.227622
vt 0.298956 0.243868
vt 0.300506 0.235092
vt 0.324734 0.244372
vt 0.323524 0.235553
vt 0.349438 0.236949
vt 0.345584 0.228915
vt 0.370699 0.222321
vt 0.364575 0.215862
vt 0.386425 0.201888
vt 0.378601 0.197639
vt 0.39506 0.177538
vt 0.386278 0.175911
vt 0.395752 0.151627
vt 0.386885 0.152808
vt 0.388292 0.126717
vt 0.3802 0.130641
vt 0.691256 0.216895
vt 0.706602 0.195299
vt 0.684737 0.210491
vt 0.698457 0.191262
vt 0.66573 0.22459
vt 0.669935 0.232673
vt 0.643487 0.232057
vt 0.644955 0.240971
vt 0.62023 0.232169
vt 0.618839 0.241041
vt 0.598187 0.225045
vt 0.594128 0.233011
vt 0.57954 0.211491
vt 0.573229 0.217778
vt 0.566062 0.192838
vt 0.558126 0.196863
vt 0.558984 0.17094
vt 0.5502 0.172329
vt 0.558963 0.147945
vt 0.550177 0.146573
vt 0.566019 0.126038
vt 0.558066 0.12204
vt 0.579429 0.107286
vt 0.573071 0.101057
vt 0.59789 0.093521
vt 0.593741 0.085651
vt 0.619681 0.086063
vt 0.618131 0.077299
vt 0.642695 0.085596
vt 0.643903 0.076791
vt 0.664687 0.092244
vt 0.668565 0.084241
vt 0.683585 0.105407
vt 0.689763 0.098974
vt 0.697537 0.1238
vt 0.705416 0.119583
vt 0.705094 0.14565
vt 0.713922 0.144096
vt 0.705432 0.168901
vt 0.714367 0.170185
vt 0.788388 0.086266
vt 0.793053 0.073332
vt 0.788388 0.100365
vt 0.793112 0.113317
vt 0.801518 0.123685
vt 0.812488 0.130745
vt 0.82495 0.13404
vt 0.837625 0.133335
vt 0.849292 0.128923
vt 0.859104 0.121313
vt 0.866182 0.111115
vt 0.869796 0.099311
vt 0.869751 0.087048
vt 0.866113 0.075295
vt 0.859034 0.065092
vt 0.849163 0.057498
vt 0.837472 0.05316
vt 0.824839 0.052495
vt 0.812373 0.055794
vt 0.801391 0.062918
vt 0.935304 0.175699
vt 0.926474 0.186388
vt 0.914869 0.19343
vt 0.901866 0.196337
vt 0.88883 0.195009
vt 0.877062 0.18977
vt 0.867628 0.181319
vt 0.861318 0.170599
vt 0.858544 0.158688
vt 0.859369 0.146628
vt 0.863611 0.135383
vt 0.870916 0.125828
vt 0.880758 0.118759
vt 0.892404 0.114861
vt 0.90487 0.114621
vt 0.917018 0.118205
vt 0.927676 0.125483
vt 0.935681 0.135927
vt 0.940063 0.148641
vt 0.94006 0.162436
usemtl Wheel1SG
f 1105/1545/1079 1106/1546/1080 1107/1547/1081
f 1108/1548/1082 1105/1545/1079 1107/1547/1081
f 1109/1549/1083 1108/1548/1082 1107/1547/1081
f 1110/1550/1084 1109/1549/1083 1107/1547/1081
f 1111/1551/1085 1110/1550/1084 1107/1547/1081
f 1112/1552/1086 1111/1551/1085 1107/1547/1081
f 1113/1553/1087 1112/1552/1086 1107/1547/1081
f 1114/1554/1088 1113/1553/1087 1107/1547/1081
f 1115/1555/1089 1114/1554/1088 1107/1547/1081
f 1116/1556/1090 1115/1555/1089 1107/1547/1081
f 1117/1557/1091 1116/1556/1090 1107/1547/1081
f 1118/1558/1092 1117/1557/1091 1107/1547/1081
f 1119/1559/1093 1118/1558/1092 1107/1547/1081
f 1120/1560/1094 1119/1559/1093 1107/1547/1081
f 1121/1561/1095 1120/1560/1094 1107/1547/1081
f 1122/1562/1096 1121/1561/1095 1107/1547/1081
f 1123/1563/1097 1122/1562/1096 1107/1547/1081
f 1124/1564/1098 1123/1563/1097 1107/1547/1081
f 1125/1565/1099 1124/1564/1098 1107/1547/1081
f 1106/1546/1080 1125/1565/1099 1107/1547/1081
f 1126/1566/1100 1127/1567/1101 1128/1568/1102
f 1127/1567/1101 1129/1569/1103 1128/1568/1102
f 1129/1569/1103 1130/1570/1104 1128/1568/1102
f 1130/1570/1104 1131/1571/1105 1128/1568/1102
f 1131/1571/1105 1132/1572/1106 1128/1568/1102
f 1132/1572/1106 1133/1573/1107 1128/1568/1102
f 1133/1573/1107 1134/1574/1108 1128/1568/1102
f 1134/1574/1108 1135/1575/1109 1128/1568/1102
f 1135/1575/1109 1136/1576/1110 1128/1568/1102
f 1136/1576/1110 1137/1577/1111 1128/1568/1102
f 1137/1577/1111 1138/1578/1112 1128/1568/1102
f 1138/1578/1112 1139/1579/1113 1128/1568/1102
f 1139/1579/1113 1140/1580/1114 1128/1568/1102
f 1140/1580/1114 1141/1581/1115 1128/1568/1102
f 1141/1581/1115 1142/1582/1116 1128/1568/1102
f 1142/1582/1116 1143/1583/1117 1128/1568/1102
f 1143/1583/1117 1144/1584/1118 1128/1568/1102
f 1144/1584/1118 1145/1585/1119 1128/1568/1102
f 1145/1585/1119 1146/1586/1120 1128/1568/1102
f 1146/1586/1120 1126/1566/1100 1128/1568/1102
f 1147/1587/1121 1148/1588/1122 1149/1589/1123
f 1149/1589/1123 1148/1588/1122 1150/1590/1123
f 1151/1591/1124 1147/1587/1121 1152/1592/1123
f 1152/1592/1123 1147/1587/1121 1149/1589/1123
f 1153/1593/1125 1151/1591/1124 1154/1594/1126
f 1154/1594/1126 1151/1591/1124 1152/1592/1123
f 1155/1595/1127 1153/1593/1125 1156/1596/1123
f 1156/1596/1123 1153/1593/1125 1154/1594/1126
f 1157/1597/1128 1155/1595/1127 1158/1598/1129
f 1158/1598/1129 1155/1595/1127 1156/1596/1123
f 1159/1599/1130 1157/1597/1128 1160/1600/1123
f 1160/1600/1123 1157/1597/1128 1158/1598/1129
f 1161/1601/1131 1159/1599/1130 1162/1602/1123
f 1162/1602/1123 1159/1599/1130 1160/1600/1123
f 1163/1603/1132 1161/1601/1131 1164/1604/1123
f 1164/1604/1123 1161/1601/1131 1162/1602/1123
f 1165/1605/1133 1163/1603/1132 1166/1606/1123
f 1166/1606/1123 1163/1603/1132 1164/1604/1123
f 1167/1607/1134 1165/1605/1133 1168/1608/1123
f 1168/1608/1123 1165/1605/1133 1166/1606/1123
f 1169/1609/1135 1167/1607/1134 1170/1610/1123
f 1170/1610/1123 1167/1607/1134 1168/1608/1123
f 1171/1611/1136 1169/1609/1135 1172/1612/1123
f 1172/1612/1123 1169/1609/1135 1170/1610/1123
f 1173/1613/1137 1171/1611/1136 1174/1614/1123
f 1174/1614/1123 1171/1611/1136 1172/1612/1123
f 1175/1615/1138 1173/1613/1137 1176/1616/1123
f 1176/1616/1123 1173/1613/1137 1174/1614/1123
f 1177/1617/1139 1175/1615/1138 1178/1618/1129
f 1178/1618/1129 1175/1615/1138 1176/1616/1123
f 1179/1619/1140 1177/1617/1139 1180/1620/1129
f 1180/1620/1129 1177/1617/1139 1178/1618/1129
f 1181/1621/1141 1179/1619/1140 1182/1622/1123
f 1182/1622/1123 1179/1619/1140 1180/1620/1129
f 1183/1623/1142 1181/1621/1141 1184/1624/1123
f 1184/1624/1123 1181/1621/1141 1182/1622/1123
f 1185/1625/1143 1183/1623/1142 1186/1626/1123
f 1186/1626/1123 1183/1623/1142 1184/1624/1123
f 1148/1588/1122 1185/1625/1143 1150/1590/1123
f 1150/1590/1123 1185/1625/1143 1186/1626/1123
f 1187/1627/1144 1188/1628/1145 1189/1629/1146
f 1189/1629/1146 1188/1628/1145 1190/1630/1102
f 1188/1628/1145 1191/1631/1147 1190/1630/1102
f 1190/1630/1102 1191/1631/1147 1192/1632/1146
f 1191/1631/1147 1193/1633/1148 1192/1632/1146
f 1192/1632/1146 1193/1633/1148 1194/1634/1146
f 1193/1633/1148 1195/1635/1149 1194/1634/1146
f 1194/1634/1146 1195/1635/1149 1196/1636/1102
f 1195/1635/1149 1197/1637/1150 1196/1636/1102
f 1196/1636/1102 1197/1637/1150 1198/1638/1151
f 1197/1637/1150 1199/1639/1152 1198/1638/1151
f 1198/1638/1151 1199/1639/1152 1200/1640/1102
f 1199/1639/1152 1201/1641/1153 1200/1640/1102
f 1200/1640/1102 1201/1641/1153 1202/1642/1146
f 1201/1641/1153 1203/1643/1154 1202/1642/1146
f 1202/1642/1146 1203/1643/1154 1204/1644/1102
f 1203/1643/1154 1205/1645/1155 1204/1644/1102
f 1204/1644/1102 1205/1645/1155 1206/1646/1102
f 1205/1645/1155 1207/1647/1156 1206/1646/1102
f 1206/1646/1102 1207/1647/1156 1208/1648/1102
f 1207/1647/1156 1209/1649/1157 1208/1648/1102
f 1208/1648/1102 1209/1649/1157 1210/1650/1102
f 1209/1649/1157 1211/1651/1158 1210/1650/1102
f 1210/1650/1102 1211/1651/1158 1212/1652/1102
f 1211/1651/1158 1213/1653/1159 1212/1652/1102
f 1212/1652/1102 1213/1653/1159 1214/1654/1146
f 1213/1653/1159 1215/1655/1160 1214/1654/1146
f 1214/1654/1146 1215/1655/1160 1216/1656/1102
f 1215/1655/1160 1217/1657/1161 1216/1656/1102
f 1216/1656/1102 1217/1657/1161 1218/1658/1102
f 1217/1657/1161 1219/1659/1162 1218/1658/1102
f 1218/1658/1102 1219/1659/1162 1220/1660/1102
f 1219/1659/1162 1221/1661/1163 1220/1660/1102
f 1220/1660/1102 1221/1661/1163 1222/1662/1102
f 1221/1661/1163 1223/1663/1164 1222/1662/1102
f 1222/1662/1102 1223/1663/1164 1224/1664/1102
f 1223/1663/1164 1225/1665/1165 1224/1664/1102
f 1224/1664/1102 1225/1665/1165 1226/1666/1102
f 1225/1665/1165 1187/1627/1144 1226/1666/1102
f 1226/1666/1102 1187/1627/1144 1189/1629/1146
f 1227/1667/1166 1228/1668/1167 1105/1545/1079
f 1105/1545/1079 1228/1668/1167 1106/1546/1080
f 1229/1669/1168 1227/1667/1166 1108/1548/1082
f 1108/1548/1082 1227/1667/1166 1105/1545/1079
f 1230/1670/1169 1229/1669/1168 1109/1549/1083
f 1109/1549/1083 1229/1669/1168 1108/1548/1082
f 1231/1671/1170 1230/1670/1169 1110/1550/1084
f 1110/1550/1084 1230/1670/1169 1109/1549/1083
f 1232/1672/1171 1231/1671/1170 1111/1551/1085
f 1111/1551/1085 1231/1671/1170 1110/1550/1084
f 1233/1673/1172 1232/1672/1171 1112/1552/1086
f 1112/1552/1086 1232/1672/1171 1111/1551/1085
f 1234/1674/1173 1233/1673/1172 1113/1553/1087
f 1113/1553/1087 1233/1673/1172 1112/1552/1086
f 1235/1675/1174 1234/1674/1173 1114/1554/1088
f 1114/1554/1088 1234/1674/1173 1113/1553/1087
f 1236/1676/1175 1235/1675/1174 1115/1555/1089
f 1115/1555/1089 1235/1675/1174 1114/1554/1088
f 1237/1677/1176 1236/1676/1175 1116/1556/1090
f 1116/1556/1090 1236/1676/1175 1115/1555/1089
f 1238/1678/1177 1237/1677/1176 1117/1557/1091
f 1117/1557/1091 1237/1677/1176 1116/1556/1090
f 1239/1679/1178 1238/1678/1177 1118/1558/1092
f 1118/1558/1092 1238/1678/1177 1117/1557/1091
f 1240/1680/1179 1239/1679/1178 1119/1559/1093
f 1119/1559/1093 1239/1679/1178 1118/1558/1092
f 1241/1681/1180 1240/1680/1179 1120/1560/1094
f 1120/1560/1094 1240/1680/1179 1119/1559/1093
f 1242/1682/1181 1241/1681/1180 1121/1561/1095
f 1121/1561/1095 1241/1681/1180 1120/1560/1094
f 1243/1683/1182 1242/1682/1181 1122/1562/1096
f 1122/1562/1096 1242/1682/1181 1121/1561/1095
f 1244/1684/1183 1243/1683/1182 1123/1563/1097
f 1123/1563/1097 1243/1683/1182 1122/1562/1096
f 1245/1685/1184 1244/1684/1183 1124/1564/1098
f 1124/1564/1098 1244/1684/1183 1123/1563/1097
f 1246/1686/1185 1245/1685/1184 1125/1565/1099
f 1125/1565/1099 1245/1685/1184 1124/1564/1098
f 1228/1668/1167 1246/1686/1185 1106/1546/1080
f 1106/1546/1080 1246/1686/1185 1125/1565/1099
f 1247/1687/1186 1248/1688/1187 1126/1566/1100
f 1126/1566/1100 1248/1688/1187 1127/1567/1101
f 1248/1688/1187 1249/1689/1188 1127/1567/1101
f 1127/1567/1101 1249/1689/1188 1129/1569/1103
f 1249/1689/1188 1250/1690/1189 1129/1569/1103
f 1129/1569/1103 1250/1690/1189 1130/1570/1104
f 1250/1690/1189 1251/1691/1190 1130/1570/1104
f 1130/1570/1104 1251/1691/1190 1131/1571/1105
f 1251/1691/1190 1252/1692/1191 1131/1571/1105
f 1131/1571/1105 1252/1692/1191 1132/1572/1106
f 1252/1692/1191 1253/1693/1192 1132/1572/1106
f 1132/1572/1106 1253/1693/1192 1133/1573/1107
f 1253/1693/1192 1254/1694/1193 1133/1573/1107
f 1133/1573/1107 1254/1694/1193 1134/1574/1108
f 1254/1694/1193 1255/1695/1194 1134/1574/1108
f 1134/1574/1108 1255/1695/1194 1135/1575/1109
f 1255/1695/1194 1256/1696/1195 1135/1575/1109
f 1135/1575/1109 1256/1696/1195 1136/1576/1110
f 1256/1696/1195 1257/1697/1196 1136/1576/1110
f 1136/1576/1110 1257/1697/1196 1137/1577/1111
f 1257/1697/1196 1258/1698/1197 1137/1577/1111
f 1137/1577/1111 1258/1698/1197 1138/1578/1112
f 1258/1698/1197 1259/1699/1198 1138/1578/1112
f 1138/1578/1112 1259/1699/1198 1139/1579/1113
f 1259/1699/1198 1260/1700/1199 1139/1579/1113
f 1139/1579/1113 1260/1700/1199 1140/1580/1114
f 1260/1700/1199 1261/1701/1200 1140/1580/1114
f 1140/1580/1114 1261/1701/1200 1141/1581/1115
f 1261/1701/1200 1262/1702/1201 1141/1581/1115
f 1141/1581/1115 1262/1702/1201 1142/1582/1116
f 1262/1702/1201 1263/1703/1202 1142/1582/1116
f 1142/1582/1116 1263/1703/1202 1143/1583/1117
f 1263/1703/1202 1264/1704/1203 1143/1583/1117
f 1143/1583/1117 1264/1704/1203 1144/1584/1118
f 1264/1704/1203 1265/1705/1204 1144/1584/1118
f 1144/1584/1118 1265/1705/1204 1145/1585/1119
f 1265/1705/1204 1266/1706/1205 1145/1585/1119
f 1145/1585/1119 1266/1706/1205 1146/1586/1120
f 1266/1706/1205 1247/1687/1186 1146/1586/1120
f 1146/1586/1120 1247/1687/1186 1126/1566/1100
f 1267/1707/1206 1268/1708/1207 1269/1709/1208
f 1269/1709/1208 1268/1708/1207 1270/1710/1209
f 1268/1708/1207 1271/1711/1210 1270/1710/1209
f 1270/1710/1209 1271/1711/1210 1272/1712/1211
f 1271/1711/1210 1273/1713/1212 1272/1712/1211
f 1272/1712/1211 1273/1713/1212 1274/1714/1213
f 1273/1713/1212 1275/1715/1214 1274/1714/1213
f 1274/1714/1213 1275/1715/1214 1276/1716/1215
f 1275/1715/1214 1277/1717/1216 1276/1716/1215
f 1276/1716/1215 1277/1717/1216 1278/1718/1217
f 1277/1717/1216 1279/1719/1218 1278/1718/1217
f 1278/1718/1217 1279/1719/1218 1280/1720/1219
f 1279/1719/1218 1281/1721/1220 1280/1720/1219
f 1280/1720/1219 1281/1721/1220 1282/1722/1221
f 1281/1721/1220 1283/1723/1222 1282/1722/1221
f 1282/1722/1221 1283/1723/1222 1284/1724/1223
f 1283/1723/1222 1285/1725/1224 1284/1724/1223
f 1284/1724/1223 1285/1725/1224 1286/1726/1225
f 1285/1725/1224 1287/1727/1226 1286/1726/1225
f 1286/1726/1225 1287/1727/1226 1288/1728/1227
f 1287/1727/1226 1289/1729/1228 1288/1728/1227
f 1288/1728/1227 1289/1729/1228 1290/1730/1229
f 1289/1729/1228 1291/1731/1230 1290/1730/1229
f 1290/1730/1229 1291/1731/1230 1292/1732/1231
f 1291/1731/1230 1293/1733/1232 1292/1732/1231
f 1292/1732/1231 1293/1733/1232 1294/1734/1233
f 1293/1733/1232 1295/1735/1234 1294/1734/1233
f 1294/1734/1233 1295/1735/1234 1296/1736/1235
f 1295/1737/1234 1297/1738/1236 1296/1739/1235
f 1296/1739/1235 1297/1738/1236 1298/1740/1237
f 1297/1738/1236 1299/1741/1238 1298/1740/1237
f 1298/1740/1237 1299/1741/1238 1300/1742/1239
f 1299/1741/1238 1301/1743/1240 1300/1742/1239
f 1300/1742/1239 1301/1743/1240 1302/1744/1241
f 1301/1743/1240 1303/1745/1242 1302/1744/1241
f 1302/1744/1241 1303/1745/1242 1304/1746/1243
f 1303/1745/1242 1305/1747/1244 1304/1746/1243
f 1304/1746/1243 1305/1747/1244 1306/1748/1245
f 1305/1747/1244 1267/1707/1206 1306/1748/1245
f 1306/1748/1245 1267/1707/1206 1269/1709/1208
f 1307/1749/1246 1308/1750/1247 1309/1751/1248
f 1309/1751/1248 1308/1750/1247 1310/1752/1249
f 1311/1753/1250 1307/1749/1246 1312/1754/1251
f 1312/1754/1251 1307/1749/1246 1309/1751/1248
f 1313/1755/1252 1311/1753/1250 1314/1756/1253
f 1314/1756/1253 1311/1753/1250 1312/1754/1251
f 1315/1757/1254 1313/1755/1252 1316/1758/1255
f 1316/1758/1255 1313/1755/1252 1314/1756/1253
f 1317/1759/1256 1315/1757/1254 1318/1760/1257
f 1318/1760/1257 1315/1757/1254 1316/1758/1255
f 1319/1761/1258 1317/1759/1256 1320/1762/1259
f 1320/1762/1259 1317/1759/1256 1318/1760/1257
f 1321/1763/1260 1319/1761/1258 1322/1764/1261
f 1322/1764/1261 1319/1761/1258 1320/1762/1259
f 1323/1765/1262 1321/1763/1260 1324/1766/1263
f 1324/1766/1263 1321/1763/1260 1322/1764/1261
f 1325/1767/1264 1323/1765/1262 1326/1768/1265
f 1326/1768/1265 1323/1765/1262 1324/1766/1263
f 1327/1769/1266 1325/1767/1264 1328/1770/1267
f 1328/1770/1267 1325/1767/1264 1326/1768/1265
f 1329/1771/1268 1327/1769/1266 1330/1772/1269
f 1330/1772/1269 1327/1769/1266 1328/1770/1267
f 1331/1773/1270 1329/1771/1268 1332/1774/1271
f 1332/1774/1271 1329/1771/1268 1330/1772/1269
f 1333/1775/1272 1331/1773/1270 1334/1776/1273
f 1334/1776/1273 1331/1773/1270 1332/1774/1271
f 1335/1777/1274 1333/1775/1272 1336/1778/1275
f 1336/1778/1275 1333/1775/1272 1334/1776/1273
f 1337/1779/1276 1335/1777/1274 1338/1780/1277
f 1338/1780/1277 1335/1777/1274 1336/1778/1275
f 1339/1781/1278 1337/1779/1276 1340/1782/1279
f 1340/1782/1279 1337/1779/1276 1338/1780/1277
f 1341/1783/1280 1339/1781/1278 1342/1784/1281
f 1342/1784/1281 1339/1781/1278 1340/1782/1279
f 1343/1785/1282 1341/1783/1280 1344/1786/1283
f 1344/1786/1283 1341/1783/1280 1342/1784/1281
f 1345/1787/1284 1343/1785/1282 1346/1788/1285
f 1346/1788/1285 1343/1785/1282 1344/1786/1283
f 1308/1750/1247 1345/1787/1284 1310/1752/1249
f 1310/1752/1249 1345/1787/1284 1346/1788/1285
f 1347/1789/1286 1348/1790/1287 1349/1791/1288
f 1349/1791/1288 1348/1790/1287 1350/1792/1289
f 1348/1790/1287 1351/1793/1290 1350/1792/1289
f 1350/1792/1289 1351/1793/1290 1352/1794/1291
f 1351/1793/1290 1353/1795/1292 1352/1794/1291
f 1352/1794/1291 1353/1795/1292 1354/1796/1293
f 1353/1795/1292 1355/1797/1294 1354/1796/1293
f 1354/1796/1293 1355/1797/1294 1356/1798/1295
f 1355/1797/1294 1357/1799/1296 1356/1798/1295
f 1356/1798/1295 1357/1799/1296 1358/1800/1297
f 1357/1799/1296 1359/1801/1298 1358/1800/1297
f 1358/1800/1297 1359/1801/1298 1360/1802/1299
f 1359/1801/1298 1361/1803/1300 1360/1802/1299
f 1360/1802/1299 1361/1803/1300 1362/1804/1301
f 1361/1803/1300 1363/1805/1302 1362/1804/1301
f 1362/1804/1301 1363/1805/1302 1364/1806/1303
f 1363/1805/1302 1365/1807/1304 1364/1806/1303
f 1364/1806/1303 1365/1807/1304 1366/1808/1305
f 1365/1807/1304 1367/1809/1306 1366/1808/1305
f 1366/1808/1305 1367/1809/1306 1368/1810/1307
f 1367/1809/1306 1369/1811/1308 1368/1810/1307
f 1368/1810/1307 1369/1811/1308 1370/1812/1309
f 1369/1811/1308 1371/1813/1310 1370/1812/1309
f 1370/1812/1309 1371/1813/1310 1372/1814/1311
f 1371/1813/1310 1373/1815/1312 1372/1814/1311
f 1372/1814/1311 1373/1815/1312 1374/1816/1313
f 1373/1815/1312 1375/1817/1314 1374/1816/1313
f 1374/1816/1313 1375/1817/1314 1376/1818/1315
f 1375/1817/1314 1377/1819/1316 1376/1818/1315
f 1376/1818/1315 1377/1819/1316 1378/1820/1317
f 1377/1819/1316 1379/1821/1318 1378/1820/1317
f 1378/1820/1317 1379/1821/1318 1380/1822/1319
f 1379/1821/1318 1381/1823/1320 1380/1822/1319
f 1380/1822/1319 1381/1823/1320 1382/1824/1321
f 1381/1823/1320 1383/1825/1322 1382/1824/1321
f 1382/1824/1321 1383/1825/1322 1384/1826/1323
f 1383/1825/1322 1385/1827/1324 1384/1826/1323
f 1384/1826/1323 1385/1827/1324 1386/1828/1325
f 1385/1827/1324 1347/1789/1286 1386/1828/1325
f 1386/1828/1325 1347/1789/1286 1349/1791/1288
f 1387/1829/1326 1388/1830/1327 1147/1587/1121
f 1147/1587/1121 1388/1830/1327 1148/1588/1122
f 1389/1831/1328 1387/1829/1326 1151/1591/1124
f 1151/1591/1124 1387/1829/1326 1147/1587/1121
f 1390/1832/1329 1389/1831/1328 1153/1593/1125
f 1153/1593/1125 1389/1831/1328 1151/1591/1124
f 1391/1833/1330 1390/1832/1329 1155/1595/1127
f 1155/1595/1127 1390/1832/1329 1153/1593/1125
f 1392/1834/1331 1391/1833/1330 1157/1597/1128
f 1157/1597/1128 1391/1833/1330 1155/1595/1127
f 1393/1835/1332 1392/1834/1331 1159/1599/1130
f 1159/1599/1130 1392/1834/1331 1157/1597/1128
f 1394/1836/1333 1393/1835/1332 1161/1601/1131
f 1161/1601/1131 1393/1835/1332 1159/1599/1130
f 1395/1837/1334 1394/1836/1333 1163/1603/1132
f 1163/1603/1132 1394/1836/1333 1161/1601/1131
f 1396/1838/1335 1395/1837/1334 1165/1605/1133
f 1165/1605/1133 1395/1837/1334 1163/1603/1132
f 1397/1839/1336 1396/1838/1335 1167/1607/1134
f 1167/1607/1134 1396/1838/1335 1165/1605/1133
f 1398/1840/1337 1397/1839/1336 1169/1609/1135
f 1169/1609/1135 1397/1839/1336 1167/1607/1134
f 1399/1841/1338 1398/1840/1337 1171/1611/1136
f 1171/1611/1136 1398/1840/1337 1169/1609/1135
f 1400/1842/1339 1399/1841/1338 1173/1613/1137
f 1173/1613/1137 1399/1841/1338 1171/1611/1136
f 1401/1843/1340 1400/1842/1339 1175/1615/1138
f 1175/1615/1138 1400/1842/1339 1173/1613/1137
f 1402/1844/1341 1401/1843/1340 1177/1617/1139
f 1177/1617/1139 1401/1843/1340 1175/1615/1138
f 1403/1845/1342 1402/1844/1341 1179/1619/1140
f 1179/1619/1140 1402/1844/1341 1177/1617/1139
f 1404/1846/1343 1403/1845/1342 1181/1621/1141
f 1181/1621/1141 1403/1845/1342 1179/1619/1140
f 1405/1847/1344 1404/1846/1343 1183/1623/1142
f 1183/1623/1142 1404/1846/1343 1181/1621/1141
f 1406/1848/1345 1405/1847/1344 1185/1625/1143
f 1185/1625/1143 1405/1847/1344 1183/1623/1142
f 1388/1830/1327 1406/1848/1345 1148/1588/1122
f 1148/1588/1122 1406/1848/1345 1185/1625/1143
f 1407/1849/1346 1408/1850/1347 1187/1627/1144
f 1187/1627/1144 1408/1850/1347 1188/1628/1145
f 1408/1850/1347 1409/1851/1348 1188/1628/1145
f 1188/1628/1145 1409/1851/1348 1191/1631/1147
f 1409/1851/1348 1410/1852/1349 1191/1631/1147
f 1191/1631/1147 1410/1852/1349 1193/1633/1148
f 1410/1852/1349 1411/1853/1350 1193/1633/1148
f 1193/1633/1148 1411/1853/1350 1195/1635/1149
f 1411/1853/1350 1412/1854/1351 1195/1635/1149
f 1195/1635/1149 1412/1854/1351 1197/1637/1150
f 1412/1854/1351 1413/1855/1352 1197/1637/1150
f 1197/1637/1150 1413/1855/1352 1199/1639/1152
f 1413/1855/1352 1414/1856/1353 1199/1639/1152
f 1199/1639/1152 1414/1856/1353 1201/1641/1153
f 1414/1856/1353 1415/1857/1354 1201/1641/1153
f 1201/1641/1153 1415/1857/1354 1203/1643/1154
f 1415/1857/1354 1416/1858/1355 1203/1643/1154
f 1203/1643/1154 1416/1858/1355 1205/1645/1155
f 1416/1858/1355 1417/1859/1356 1205/1645/1155
f 1205/1645/1155 1417/1859/1356 1207/1647/1156
f 1417/1859/1356 1418/1860/1357 1207/1647/1156
f 1207/1647/1156 1418/1860/1357 1209/1649/1157
f 1418/1860/1357 1419/1861/1358 1209/1649/1157
f 1209/1649/1157 1419/1861/1358 1211/1651/1158
f 1419/1861/1358 1420/1862/1359 1211/1651/1158
f 1211/1651/1158 1420/1862/1359 1213/1653/1159
f 1420/1862/1359 1421/1863/1360 1213/1653/1159
f 1213/1653/1159 1421/1863/1360 1215/1655/1160
f 1421/1863/1360 1422/1864/1361 1215/1655/1160
f 1215/1655/1160 1422/1864/1361 1217/1657/1161
f 1422/1864/1361 1423/1865/1362 1217/1657/1161
f 1217/1657/1161 1423/1865/1362 1219/1659/1162
f 1423/1865/1362 1424/1866/1363 1219/1659/1162
f 1219/1659/1162 1424/1866/1363 1221/1661/1163
f 1424/1866/1363 1425/1867/1364 1221/1661/1163
f 1221/1661/1163 1425/1867/1364 1223/1663/1164
f 1425/1867/1364 1426/1868/1365 1223/1663/1164
f 1223/1663/1164 1426/1868/1365 1225/1665/1165
f 1426/1868/1365 1407/1849/1346 1225/1665/1165
f 1225/1665/1165 1407/1849/1346 1187/1627/1144
f 1267/1707/1206 1427/1869/1366 1268/1708/1207
f 1268/1708/1207 1427/1869/1366 1428/1870/1367
f 1427/1871/1366 1308/1750/1247 1428/1872/1367
f 1428/1872/1367 1308/1750/1247 1307/1749/1246
f 1268/1708/1207 1428/1870/1367 1271/1711/1210
f 1271/1711/1210 1428/1870/1367 1429/1873/1368
f 1428/1872/1367 1307/1749/1246 1429/1874/1368
f 1429/1874/1368 1307/1749/1246 1311/1753/1250
f 1271/1711/1210 1429/1873/1368 1273/1713/1212
f 1273/1713/1212 1429/1873/1368 1430/1875/1369
f 1429/1874/1368 1311/1753/1250 1430/1876/1369
f 1430/1876/1369 1311/1753/1250 1313/1755/1252
f 1273/1713/1212 1430/1875/1369 1275/1715/1214
f 1275/1715/1214 1430/1875/1369 1431/1877/1370
f 1430/1876/1369 1313/1755/1252 1431/1878/1370
f 1431/1878/1370 1313/1755/1252 1315/1757/1254
f 1275/1715/1214 1431/1877/1370 1277/1717/1216
f 1277/1717/1216 1431/1877/1370 1432/1879/1371
f 1431/1878/1370 1315/1757/1254 1432/1880/1371
f 1432/1880/1371 1315/1757/1254 1317/1759/1256
f 1277/1717/1216 1432/1879/1371 1279/1719/1218
f 1279/1719/1218 1432/1879/1371 1433/1881/1372
f 1432/1880/1371 1317/1759/1256 1433/1882/1372
f 1433/1882/1372 1317/1759/1256 1319/1761/1258
f 1279/1719/1218 1433/1881/1372 1281/1721/1220
f 1281/1721/1220 1433/1881/1372 1434/1883/1373
f 1433/1882/1372 1319/1761/1258 1434/1884/1373
f 1434/1884/1373 1319/1761/1258 1321/1763/1260
f 1281/1721/1220 1434/1883/1373 1283/1723/1222
f 1283/1723/1222 1434/1883/1373 1435/1885/1374
f 1434/1884/1373 1321/1763/1260 1435/1886/1374
f 1435/1886/1374 1321/1763/1260 1323/1765/1262
f 1283/1723/1222 1435/1885/1374 1285/1725/1224
f 1285/1725/1224 1435/1885/1374 1436/1887/1375
f 1435/1886/1374 1323/1765/1262 1436/1888/1375
f 1436/1888/1375 1323/1765/1262 1325/1767/1264
f 1285/1725/1224 1436/1887/1375 1287/1727/1226
f 1287/1727/1226 1436/1887/1375 1437/1889/1376
f 1436/1888/1375 1325/1767/1264 1437/1890/1376
f 1437/1890/1376 1325/1767/1264 1327/1769/1266
f 1287/1727/1226 1437/1889/1376 1289/1729/1228
f 1289/1729/1228 1437/1889/1376 1438/1891/1377
f 1437/1890/1376 1327/1769/1266 1438/1892/1377
f 1438/1892/1377 1327/1769/1266 1329/1771/1268
f 1289/1729/1228 1438/1891/1377 1291/1731/1230
f 1291/1731/1230 1438/1891/1377 1439/1893/1378
f 1438/1892/1377 1329/1771/1268 1439/1894/1378
f 1439/1894/1378 1329/1771/1268 1331/1773/1270
f 1291/1731/1230 1439/1893/1378 1293/1733/1232
f 1293/1733/1232 1439/1893/1378 1440/1895/1379
f 1439/1894/1378 1331/1773/1270 1440/1896/1379
f 1440/1896/1379 1331/1773/1270 1333/1775/1272
f 1293/1733/1232 1440/1895/1379 1295/1735/1234
f 1295/1735/1234 1440/1895/1379 1441/1897/1380
f 1440/1896/1379 1333/1775/1272 1441/1898/1380
f 1441/1898/1380 1333/1775/1272 1335/1777/1274
f 1295/1737/1234 1441/1899/1380 1297/1738/1236
f 1297/1738/1236 1441/1899/1380 1442/1900/1381
f 1441/1898/1380 1335/1777/1274 1442/1901/1381
f 1442/1901/1381 1335/1777/1274 1337/1779/1276
f 1297/1738/1236 1442/1900/1381 1299/1741/1238
f 1299/1741/1238 1442/1900/1381 1443/1902/1382
f 1442/1901/1381 1337/1779/1276 1443/1903/1382
f 1443/1903/1382 1337/1779/1276 1339/1781/1278
f 1299/1741/1238 1443/1902/1382 1301/1743/1240
f 1301/1743/1240 1443/1902/1382 1444/1904/1383
f 1443/1903/1382 1339/1781/1278 1444/1905/1383
f 1444/1905/1383 1339/1781/1278 1341/1783/1280
f 1301/1743/1240 1444/1904/1383 1303/1745/1242
f 1303/1745/1242 1444/1904/1383 1445/1906/1384
f 1444/1905/1383 1341/1783/1280 1445/1907/1384
f 1445/1907/1384 1341/1783/1280 1343/1785/1282
f 1303/1745/1242 1445/1906/1384 1305/1747/1244
f 1305/1747/1244 1445/1906/1384 1446/1908/1385
f 1445/1907/1384 1343/1785/1282 1446/1909/1385
f 1446/1909/1385 1343/1785/1282 1345/1787/1284
f 1308/1750/1247 1427/1871/1366 1345/1787/1284
f 1345/1787/1284 1427/1871/1366 1446/1909/1385
f 1427/1869/1366 1267/1707/1206 1446/1908/1385
f 1446/1908/1385 1267/1707/1206 1305/1747/1244
f 1269/1709/1208 1447/1910/1386 1306/1748/1245
f 1306/1748/1245 1447/1910/1386 1448/1911/1387
f 1447/1912/1386 1347/1789/1286 1448/1913/1387
f 1448/1913/1387 1347/1789/1286 1385/1827/1324
f 1347/1789/1286 1447/1912/1386 1348/1790/1287
f 1348/1790/1287 1447/1912/1386 1449/1914/1388
f 1447/1910/1386 1269/1709/1208 1449/1915/1388
f 1449/1915/1388 1269/1709/1208 1270/1710/1209
f 1348/1790/1287 1449/1914/1388 1351/1793/1290
f 1351/1793/1290 1449/1914/1388 1450/1916/1389
f 1449/1915/1388 1270/1710/1209 1450/1917/1389
f 1450/1917/1389 1270/1710/1209 1272/1712/1211
f 1351/1793/1290 1450/1916/1389 1353/1795/1292
f 1353/1795/1292 1450/1916/1389 1451/1918/1390
f 1450/1917/1389 1272/1712/1211 1451/1919/1390
f 1451/1919/1390 1272/1712/1211 1274/1714/1213
f 1353/1795/1292 1451/1918/1390 1355/1797/1294
f 1355/1797/1294 1451/1918/1390 1452/1920/1391
f 1451/1919/1390 1274/1714/1213 1452/1921/1391
f 1452/1921/1391 1274/1714/1213 1276/1716/1215
f 1355/1797/1294 1452/1920/1391 1357/1799/1296
f 1357/1799/1296 1452/1920/1391 1453/1922/1392
f 1452/1921/1391 1276/1716/1215 1453/1923/1392
f 1453/1923/1392 1276/1716/1215 1278/1718/1217
f 1357/1799/1296 1453/1922/1392 1359/1801/1298
f 1359/1801/1298 1453/1922/1392 1454/1924/1393
f 1453/1923/1392 1278/1718/1217 1454/1925/1393
f 1454/1925/1393 1278/1718/1217 1280/1720/1219
f 1359/1801/1298 1454/1924/1393 1361/1803/1300
f 1361/1803/1300 1454/1924/1393 1455/1926/1394
f 1454/1925/1393 1280/1720/1219 1455/1927/1394
f 1455/1927/1394 1280/1720/1219 1282/1722/1221
f 1361/1803/1300 1455/1926/1394 1363/1805/1302
f 1363/1805/1302 1455/1926/1394 1456/1928/1395
f 1455/1927/1394 1282/1722/1221 1456/1929/1395
f 1456/1929/1395 1282/1722/1221 1284/1724/1223
f 1363/1805/1302 1456/1928/1395 1365/1807/1304
f 1365/1807/1304 1456/1928/1395 1457/1930/1396
f 1456/1929/1395 1284/1724/1223 1457/1931/1396
f 1457/1931/1396 1284/1724/1223 1286/1726/1225
f 1365/1807/1304 1457/1930/1396 1367/1809/1306
f 1367/1809/1306 1457/1930/1396 1458/1932/1397
f 1457/1931/1396 1286/1726/1225 1458/1933/1397
f 1458/1933/1397 1286/1726/1225 1288/1728/1227
f 1367/1809/1306 1458/1932/1397 1369/1811/1308
f 1369/1811/1308 1458/1932/1397 1459/1934/1398
f 1458/1933/1397 1288/1728/1227 1459/1935/1398
f 1459/1935/1398 1288/1728/1227 1290/1730/1229
f 1369/1811/1308 1459/1934/1398 1371/1813/1310
f 1371/1813/1310 1459/1934/1398 1460/1936/1399
f 1459/1935/1398 1290/1730/1229 1460/1937/1399
f 1460/1937/1399 1290/1730/1229 1292/1732/1231
f 1371/1813/1310 1460/1936/1399 1373/1815/1312
f 1373/1815/1312 1460/1936/1399 1461/1938/1400
f 1460/1937/1399 1292/1732/1231 1461/1939/1400
f 1461/1939/1400 1292/1732/1231 1294/1734/1233
f 1373/1815/1312 1461/1938/1400 1375/1817/1314
f 1375/1817/1314 1461/1938/1400 1462/1940/1401
f 1461/1939/1400 1294/1734/1233 1462/1941/1401
f 1462/1941/1401 1294/1734/1233 1296/1736/1235
f 1375/1817/1314 1462/1940/1401 1377/1819/1316
f 1377/1819/1316 1462/1940/1401 1463/1942/1402
f 1462/1943/1401 1296/1739/1235 1463/1944/1402
f 1463/1944/1402 1296/1739/1235 1298/1740/1237
f 1377/1819/1316 1463/1942/1402 1379/1821/1318
f 1379/1821/1318 1463/1942/1402 1464/1945/1403
f 1463/1944/1402 1298/1740/1237 1464/1946/1403
f 1464/1946/1403 1298/1740/1237 1300/1742/1239
f 1379/1821/1318 1464/1945/1403 1381/1823/1320
f 1381/1823/1320 1464/1945/1403 1465/1947/1404
f 1464/1946/1403 1300/1742/1239 1465/1948/1404
f 1465/1948/1404 1300/1742/1239 1302/1744/1241
f 1381/1823/1320 1465/1947/1404 1383/1825/1322
f 1383/1825/1322 1465/1947/1404 1466/1949/1405
f 1465/1948/1404 1302/1744/1241 1466/1950/1405
f 1466/1950/1405 1302/1744/1241 1304/1746/1243
f 1383/1825/1322 1466/1949/1405 1385/1827/1324
f 1385/1827/1324 1466/1949/1405 1448/1913/1387
f 1466/1950/1405 1304/1746/1243 1448/1911/1387
f 1448/1911/1387 1304/1746/1243 1306/1748/1245
f 1310/1752/1249 1467/1951/1406 1309/1751/1248
f 1309/1751/1248 1467/1951/1406 1468/1952/1407
f 1467/1951/1406 1388/1953/1327 1468/1952/1407
f 1468/1952/1407 1388/1953/1327 1387/1954/1326
f 1309/1751/1248 1468/1952/1407 1312/1754/1251
f 1312/1754/1251 1468/1952/1407 1469/1955/1408
f 1468/1952/1407 1387/1954/1326 1469/1955/1408
f 1469/1955/1408 1387/1954/1326 1389/1956/1328
f 1312/1754/1251 1469/1955/1408 1314/1756/1253
f 1314/1756/1253 1469/1955/1408 1470/1957/1409
f 1469/1955/1408 1389/1956/1328 1470/1957/1409
f 1470/1957/1409 1389/1956/1328 1390/1958/1329
f 1314/1756/1253 1470/1957/1409 1316/1758/1255
f 1316/1758/1255 1470/1957/1409 1471/1959/1410
f 1470/1957/1409 1390/1958/1329 1471/1959/1410
f 1471/1959/1410 1390/1958/1329 1391/1960/1330
f 1316/1758/1255 1471/1959/1410 1318/1760/1257
f 1318/1760/1257 1471/1959/1410 1472/1961/1411
f 1471/1959/1410 1391/1960/1330 1472/1961/1411
f 1472/1961/1411 1391/1960/1330 1392/1962/1331
f 1318/1760/1257 1472/1961/1411 1320/1762/1259
f 1320/1762/1259 1472/1961/1411 1473/1963/1412
f 1472/1961/1411 1392/1962/1331 1473/1963/1412
f 1473/1963/1412 1392/1962/1331 1393/1964/1332
f 1320/1762/1259 1473/1963/1412 1322/1764/1261
f 1322/1764/1261 1473/1963/1412 1474/1965/1413
f 1473/1963/1412 1393/1964/1332 1474/1965/1413
f 1474/1965/1413 1393/1964/1332 1394/1966/1333
f 1322/1764/1261 1474/1965/1413 1324/1766/1263
f 1324/1766/1263 1474/1965/1413 1475/1967/1414
f 1474/1965/1413 1394/1966/1333 1475/1967/1414
f 1475/1967/1414 1394/1966/1333 1395/1968/1334
f 1324/1766/1263 1475/1967/1414 1326/1768/1265
f 1326/1768/1265 1475/1967/1414 1476/1969/1415
f 1475/1967/1414 1395/1968/1334 1476/1969/1415
f 1476/1969/1415 1395/1968/1334 1396/1970/1335
f 1326/1768/1265 1476/1969/1415 1328/1770/1267
f 1328/1770/1267 1476/1969/1415 1477/1971/1416
f 1476/1969/1415 1396/1970/1335 1477/1971/1416
f 1477/1971/1416 1396/1970/1335 1397/1972/1336
f 1328/1770/1267 1477/1971/1416 1330/1772/1269
f 1330/1772/1269 1477/1971/1416 1478/1973/1417
f 1477/1971/1416 1397/1972/1336 1478/1973/1417
f 1478/1973/1417 1397/1972/1336 1398/1974/1337
f 1330/1772/1269 1478/1973/1417 1332/1774/1271
f 1332/1774/1271 1478/1973/1417 1479/1975/1418
f 1478/1973/1417 1398/1974/1337 1479/1975/1418
f 1479/1975/1418 1398/1974/1337 1399/1976/1338
f 1332/1774/1271 1479/1975/1418 1334/1776/1273
f 1334/1776/1273 1479/1975/1418 1480/1977/1419
f 1479/1975/1418 1399/1976/1338 1480/1977/1419
f 1480/1977/1419 1399/1976/1338 1400/1978/1339
f 1334/1776/1273 1480/1977/1419 1336/1778/1275
f 1336/1778/1275 1480/1977/1419 1481/1979/1420
f 1480/1977/1419 1400/1978/1339 1481/1979/1420
f 1481/1979/1420 1400/1978/1339 1401/1980/1340
f 1336/1778/1275 1481/1979/1420 1338/1780/1277
f 1338/1780/1277 1481/1979/1420 1482/1981/1421
f 1481/1979/1420 1401/1980/1340 1482/1981/1421
f 1482/1981/1421 1401/1980/1340 1402/1982/1341
f 1338/1780/1277 1482/1981/1421 1340/1782/1279
f 1340/1782/1279 1482/1981/1421 1483/1983/1422
f 1482/1981/1421 1402/1982/1341 1483/1983/1422
f 1483/1983/1422 1402/1982/1341 1403/1984/1342
f 1340/1782/1279 1483/1983/1422 1342/1784/1281
f 1342/1784/1281 1483/1983/1422 1484/1985/1423
f 1483/1983/1422 1403/1984/1342 1484/1985/1423
f 1484/1985/1423 1403/1984/1342 1404/1986/1343
f 1342/1784/1281 1484/1985/1423 1344/1786/1283
f 1344/1786/1283 1484/1985/1423 1485/1987/1424
f 1484/1985/1423 1404/1986/1343 1485/1987/1424
f 1485/1987/1424 1404/1986/1343 1405/1988/1344
f 1344/1786/1283 1485/1987/1424 1346/1788/1285
f 1346/1788/1285 1485/1987/1424 1486/1989/1425
f 1485/1987/1424 1405/1988/1344 1486/1989/1425
f 1486/1989/1425 1405/1988/1344 1406/1990/1345
f 1388/1953/1327 1467/1951/1406 1406/1990/1345
f 1406/1990/1345 1467/1951/1406 1486/1989/1425
f 1467/1951/1406 1310/1752/1249 1486/1989/1425
f 1486/1989/1425 1310/1752/1249 1346/1788/1285
f 1349/1791/1288 1487/1991/1426 1386/1828/1325
f 1386/1828/1325 1487/1991/1426 1488/1992/1427
f 1487/1991/1426 1407/1993/1346 1488/1992/1427
f 1488/1992/1427 1407/1993/1346 1426/1994/1365
f 1407/1993/1346 1487/1991/1426 1408/1995/1347
f 1408/1995/1347 1487/1991/1426 1489/1996/1428
f 1487/1991/1426 1349/1791/1288 1489/1996/1428
f 1489/1996/1428 1349/1791/1288 1350/1792/1289
f 1408/1995/1347 1489/1996/1428 1409/1997/1348
f 1409/1997/1348 1489/1996/1428 1490/1998/1429
f 1489/1996/1428 1350/1792/1289 1490/1998/1429
f 1490/1998/1429 1350/1792/1289 1352/1794/1291
f 1409/1997/1348 1490/1998/1429 1410/1999/1349
f 1410/1999/1349 1490/1998/1429 1491/2000/1430
f 1490/1998/1429 1352/1794/1291 1491/2000/1430
f 1491/2000/1430 1352/1794/1291 1354/1796/1293
f 1410/1999/1349 1491/2000/1430 1411/2001/1350
f 1411/2001/1350 1491/2000/1430 1492/2002/1431
f 1491/2000/1430 1354/1796/1293 1492/2002/1431
f 1492/2002/1431 1354/1796/1293 1356/1798/1295
f 1411/2001/1350 1492/2002/1431 1412/2003/1351
f 1412/2003/1351 1492/2002/1431 1493/2004/1432
f 1492/2002/1431 1356/1798/1295 1493/2004/1432
f 1493/2004/1432 1356/1798/1295 1358/1800/1297
f 1412/2003/1351 1493/2004/1432 1413/2005/1352
f 1413/2005/1352 1493/2004/1432 1494/2006/1433
f 1493/2004/1432 1358/1800/1297 1494/2006/1433
f 1494/2006/1433 1358/1800/1297 1360/1802/1299
f 1413/2005/1352 1494/2006/1433 1414/2007/1353
f 1414/2007/1353 1494/2006/1433 1495/2008/1434
f 1494/2006/1433 1360/1802/1299 1495/2008/1434
f 1495/2008/1434 1360/1802/1299 1362/1804/1301
f 1414/2007/1353 1495/2008/1434 1415/2009/1354
f 1415/2009/1354 1495/2008/1434 1496/2010/1435
f 1495/2008/1434 1362/1804/1301 1496/2010/1435
f 1496/2010/1435 1362/1804/1301 1364/1806/1303
f 1415/2009/1354 1496/2010/1435 1416/2011/1355
f 1416/2011/1355 1496/2010/1435 1497/2012/1436
f 1496/2010/1435 1364/1806/1303 1497/2012/1436
f 1497/2012/1436 1364/1806/1303 1366/1808/1305
f 1416/2011/1355 1497/2012/1436 1417/2013/1356
f 1417/2013/1356 1497/2012/1436 1498/2014/1437
f 1497/2012/1436 1366/1808/1305 1498/2014/1437
f 1498/2014/1437 1366/1808/1305 1368/1810/1307
f 1417/2013/1356 1498/2014/1437 1418/2015/1357
f 1418/2015/1357 1498/2014/1437 1499/2016/1438
f 1498/2014/1437 1368/1810/1307 1499/2016/1438
f 1499/2016/1438 1368/1810/1307 1370/1812/1309
f 1418/2015/1357 1499/2016/1438 1419/2017/1358
f 1419/2017/1358 1499/2016/1438 1500/2018/1439
f 1499/2016/1438 1370/1812/1309 1500/2018/1439
f 1500/2018/1439 1370/1812/1309 1372/1814/1311
f 1419/2017/1358 1500/2018/1439 1420/2019/1359
f 1420/2019/1359 1500/2018/1439 1501/2020/1440
f 1500/2018/1439 1372/1814/1311 1501/2020/1440
f 1501/2020/1440 1372/1814/1311 1374/1816/1313
f 1420/2019/1359 1501/2020/1440 1421/2021/1360
f 1421/2021/1360 1501/2020/1440 1502/2022/1441
f 1501/2020/1440 1374/1816/1313 1502/2022/1441
f 1502/2022/1441 1374/1816/1313 1376/1818/1315
f 1421/2021/1360 1502/2022/1441 1422/2023/1361
f 1422/2023/1361 1502/2022/1441 1503/2024/1442
f 1502/2022/1441 1376/1818/1315 1503/2024/1442
f 1503/2024/1442 1376/1818/1315 1378/1820/1317
f 1422/2023/1361 1503/2024/1442 1423/2025/1362
f 1423/2025/1362 1503/2024/1442 1504/2026/1443
f 1503/2024/1442 1378/1820/1317 1504/2026/1443
f 1504/2026/1443 1378/1820/1317 1380/1822/1319
f 1423/2025/1362 1504/2026/1443 1424/2027/1363
f 1424/2027/1363 1504/2026/1443 1505/2028/1444
f 1504/2026/1443 1380/1822/1319 1505/2028/1444
f 1505/2028/1444 1380/1822/1319 1382/1824/1321
f 1424/2027/1363 1505/2028/1444 1425/2029/1364
f 1425/2029/1364 1505/2028/1444 1506/2030/1445
f 1505/2028/1444 1382/1824/1321 1506/2030/1445
f 1506/2030/1445 1382/1824/1321 1384/1826/1323
f 1425/2029/1364 1506/2030/1445 1426/1994/1365
f 1426/1994/1365 1506/2030/1445 1488/1992/1427
f 1506/2030/1445 1384/1826/1323 1488/1992/1427
f 1488/1992/1427 1384/1826/1323 1386/1828/1325
f 1149/2031/1446 1150/2032/1447 1227/1667/1166
f 1227/1667/1166 1150/2032/1447 1228/1668/1167
f 1152/2033/1448 1149/2031/1446 1229/1669/1168
f 1229/1669/1168 1149/2031/1446 1227/1667/1166
f 1154/2034/1449 1152/2033/1448 1230/1670/1169
f 1230/1670/1169 1152/2033/1448 1229/1669/1168
f 1156/2035/1450 1154/2034/1449 1231/1671/1170
f 1231/1671/1170 1154/2034/1449 1230/1670/1169
f 1158/2036/1451 1156/2035/1450 1232/1672/1171
f 1232/1672/1171 1156/2035/1450 1231/1671/1170
f 1160/2037/1452 1158/2036/1451 1233/1673/1172
f 1233/1673/1172 1158/2036/1451 1232/1672/1171
f 1162/2038/1453 1160/2037/1452 1234/1674/1173
f 1234/1674/1173 1160/2037/1452 1233/1673/1172
f 1164/2039/1454 1162/2038/1453 1235/1675/1174
f 1235/1675/1174 1162/2038/1453 1234/1674/1173
f 1166/2040/1455 1164/2039/1454 1236/1676/1175
f 1236/1676/1175 1164/2039/1454 1235/1675/1174
f 1168/2041/1456 1166/2040/1455 1237/1677/1176
f 1237/1677/1176 1166/2040/1455 1236/1676/1175
f 1170/2042/1457 1168/2041/1456 1238/1678/1177
f 1238/1678/1177 1168/2041/1456 1237/1677/1176
f 1172/2043/1458 1170/2042/1457 1239/1679/1178
f 1239/1679/1178 1170/2042/1457 1238/1678/1177
f 1174/2044/1459 1172/2043/1458 1240/1680/1179
f 1240/1680/1179 1172/2043/1458 1239/1679/1178
f 1176/2045/1460 1174/2044/1459 1241/1681/1180
f 1241/1681/1180 1174/2044/1459 1240/1680/1179
f 1178/2046/1461 1176/2045/1460 1242/1682/1181
f 1242/1682/1181 1176/2045/1460 1241/1681/1180
f 1180/2047/1462 1178/2046/1461 1243/1683/1182
f 1243/1683/1182 1178/2046/1461 1242/1682/1181
f 1182/2048/1463 1180/2047/1462 1244/1684/1183
f 1244/1684/1183 1180/2047/1462 1243/1683/1182
f 1184/2049/1464 1182/2048/1463 1245/1685/1184
f 1245/1685/1184 1182/2048/1463 1244/1684/1183
f 1186/2050/1465 1184/2049/1464 1246/1686/1185
f 1246/1686/1185 1184/2049/1464 1245/1685/1184
f 1150/2032/1447 1186/2050/1465 1228/1668/1167
f 1228/1668/1167 1186/2050/1465 1246/1686/1185
f 1189/2051/1466 1190/2052/1467 1247/1687/1186
f 1247/1687/1186 1190/2052/1467 1248/1688/1187
f 1190/2052/1467 1192/2053/1468 1248/1688/1187
f 1248/1688/1187 1192/2053/1468 1249/1689/1188
f 1192/2053/1468 1194/2054/1469 1249/1689/1188
f 1249/1689/1188 1194/2054/1469 1250/1690/1189
f 1194/2054/1469 1196/2055/1470 1250/1690/1189
f 1250/1690/1189 1196/2055/1470 1251/1691/1190
f 1196/2055/1470 1198/2056/1471 1251/1691/1190
f 1251/1691/1190 1198/2056/1471 1252/1692/1191
f 1198/2056/1471 1200/2057/1472 1252/1692/1191
f 1252/1692/1191 1200/2057/1472 1253/1693/1192
f 1200/2057/1472 1202/2058/1473 1253/1693/1192
f 1253/1693/1192 1202/2058/1473 1254/1694/1193
f 1202/2058/1473 1204/2059/1474 1254/1694/1193
f 1254/1694/1193 1204/2059/1474 1255/1695/1194
f 1204/2059/1474 1206/2060/1475 1255/1695/1194
f 1255/1695/1194 1206/2060/1475 1256/1696/1195
f 1206/2060/1475 1208/2061/1476 1256/1696/1195
f 1256/1696/1195 1208/2061/1476 1257/1697/1196
f 1208/2061/1476 1210/2062/1477 1257/1697/1196
f 1257/1697/1196 1210/2062/1477 1258/1698/1197
f 1210/2062/1477 1212/2063/1478 1258/1698/1197
f 1258/1698/1197 1212/2063/1478 1259/1699/1198
f 1212/2063/1478 1214/2064/1479 1259/1699/1198
f 1259/1699/1198 1214/2064/1479 1260/1700/1199
f 1214/2064/1479 1216/2065/1480 1260/1700/1199
f 1260/1700/1199 1216/2065/1480 1261/1701/1200
f 1216/2065/1480 1218/2066/1481 1261/1701/1200
f 1261/1701/1200 1218/2066/1481 1262/1702/1201
f 1218/2066/1481 1220/2067/1482 1262/1702/1201
f 1262/1702/1201 1220/2067/1482 1263/1703/1202
f 1220/2067/1482 1222/2068/1483 1263/1703/1202
f 1263/1703/1202 1222/2068/1483 1264/1704/1203
f 1222/2068/1483 1224/2069/1484 1264/1704/1203
f 1264/1704/1203 1224/2069/1484 1265/1705/1204
f 1224/2069/1484 1226/2070/1485 1265/1705/1204
f 1265/1705/1204 1226/2070/1485 1266/1706/1205
f 1226/2070/1485 1189/2051/1466 1266/1706/1205
f 1266/1706/1205 1189/2051/1466 1247/1687/1186
s off
g Car_BackLight2SG
v 12.605 -1.59066 -4.8344
v 12.605 -1.59066 -4.07432
v 12.5533 -1.53892 -4.8344
v 12.5533 -1.53892 -4.07432
v 12.605 -1.53892 -4.88614
v 12.7603 -1.53892 -4.88614
v 12.7603 -1.59066 -4.8344
v 12.5533 -0.228997 -4.8344
v 12.605 -0.228997 -4.88614
v 12.812 -1.53892 -4.8344
v 12.812 -1.53892 -4.07432
v 12.7603 -1.59066 -4.07432
v 12.7603 -0.228997 -4.88614
v 12.812 -0.228997 -4.8344
v 12.5533 -0.228997 -4.07432
v 12.605 -0.177256 -4.8344
v 12.605 -0.177256 -4.07432
v 12.7603 -0.177256 -4.8344
v 12.7603 -0.177256 -4.07432
v 12.812 -0.228997 -4.07432
v 12.605 -0.228997 -4.02258
v 12.605 -1.53892 -4.02258
v 12.7603 -0.228997 -4.02258
v 12.7603 -1.53892 -4.02258
vn -0.234816 -0.970642 -0.052109
vn -0.234817 -0.970642 0.052109
vn -0.99741 -0.03635 -0.062063
vn -0.99741 -0.03635 0.062063
vn -0.238024 -0.030937 -0.970766
vn 0.238024 -0.030937 -0.970766
vn 0.234817 -0.970642 -0.052109
vn -0.99741 0.03635 -0.062063
vn -0.238024 0.030937 -0.970766
vn 0.99741 -0.03635 -0.062063
vn 0.99741 -0.03635 0.062063
vn 0.234817 -0.970642 0.052109
vn 0.238024 0.030937 -0.970766
vn 0.99741 0.03635 -0.062063
vn -0.99741 0.03635 0.062063
vn -0.234815 0.970643 -0.052108
vn -0.234815 0.970643 0.052108
vn 0.234815 0.970643 -0.052108
vn 0.234815 0.970642 0.052108
vn 0.99741 0.03635 0.062063
vn -0.238024 0.030937 0.970766
vn -0.238024 -0.030937 0.970766
vn 0.238024 0.030937 0.970766
vn 0.238024 -0.030937 0.970766
vt 0.424994 0.985021
vt 0.424994 0.764979
vt 0.375 0.98502
vt 0.375 0.764979
vt 0.424994 0.009152
vt 0.575005 0.009152
vt 0.424994 0
vt 0.575005 0
vt 0.360021 0.009152
vt 0.360021 0.240848
vt 0.424994 0.240848
vt 0.625 0.985021
vt 0.625 0.764979
vt 0.575005 0.985021
vt 0.575005 0.764979
vt 0.575005 0.240848
vt 0.639979 0.009152
vt 0.639979 0.240848
vt 0.375 0.264979
vt 0.375 0.48502
vt 0.424994 0.264979
vt 0.424994 0.485021
vt 0.575005 0.264979
vt 0.575005 0.485021
vt 0.625 0.264979
vt 0.625 0.485021
vt 0.375 0.509152
vt 0.375 0.740847
vt 0.424994 0.509152
vt 0.424994 0.740848
vt 0.575005 0.509152
vt 0.575005 0.740848
vt 0.625 0.509152
vt 0.625 0.740848
vt 0.860021 0.009152
vt 0.860021 0.240848
vt 0.139979 0.009152
vt 0.139979 0.240848
usemtl BackLight2SG
f 1507/2071/1486 1508/2072/1487 1509/2073/1488
f 1509/2073/1488 1508/2072/1487 1510/2074/1489
f 1511/2075/1490 1512/2076/1491 1507/2077/1486
f 1507/2077/1486 1512/2076/1491 1513/2078/1492
f 1509/2079/1488 1514/2080/1493 1511/2075/1490
f 1511/2075/1490 1514/2080/1493 1515/2081/1494
f 1516/2082/1495 1517/2083/1496 1513/2084/1492
f 1513/2084/1492 1517/2083/1496 1518/2085/1497
f 1512/2076/1491 1519/2086/1498 1516/2087/1495
f 1516/2087/1495 1519/2086/1498 1520/2088/1499
f 1514/2089/1493 1521/2090/1500 1522/2091/1501
f 1522/2091/1501 1521/2090/1500 1523/2092/1502
f 1522/2091/1501 1524/2093/1503 1515/2081/1494
f 1515/2081/1494 1524/2093/1503 1519/2086/1498
f 1524/2093/1503 1525/2094/1504 1520/2095/1499
f 1520/2095/1499 1525/2094/1504 1526/2096/1505
f 1521/2097/1500 1510/2098/1489 1527/2099/1506
f 1527/2099/1506 1510/2098/1489 1528/2100/1507
f 1527/2099/1506 1529/2101/1508 1523/2092/1502
f 1523/2092/1502 1529/2101/1508 1525/2094/1504
f 1529/2101/1508 1530/2102/1509 1526/2103/1505
f 1526/2103/1505 1530/2102/1509 1517/2104/1496
f 1508/2072/1487 1518/2085/1497 1528/2100/1507
f 1528/2100/1507 1518/2085/1497 1530/2102/1509
f 1511/2075/1490 1515/2081/1494 1512/2076/1491
f 1512/2076/1491 1515/2081/1494 1519/2086/1498
f 1522/2091/1501 1523/2092/1502 1524/2093/1503
f 1524/2093/1503 1523/2092/1502 1525/2094/1504
f 1527/2099/1506 1528/2100/1507 1529/2101/1508
f 1529/2101/1508 1528/2100/1507 1530/2102/1509
f 1508/2072/1487 1507/2071/1486 1518/2085/1497
f 1518/2085/1497 1507/2071/1486 1513/2084/1492
f 1516/2087/1495 1520/2088/1499 1517/2105/1496
f 1517/2105/1496 1520/2088/1499 1526/2106/1505
f 1510/2107/1489 1521/2108/1500 1509/2079/1488
f 1509/2079/1488 1521/2108/1500 1514/2080/1493
f 1507/2077/1486 1509/2079/1488 1511/2075/1490
f 1516/2087/1495 1513/2078/1492 1512/2076/1491
f 1514/2080/1493 1522/2091/1501 1515/2081/1494
f 1524/2093/1503 1520/2088/1499 1519/2086/1498
f 1521/2090/1500 1527/2099/1506 1523/2092/1502
f 1529/2101/1508 1526/2096/1505 1525/2094/1504
f 1510/2098/1489 1508/2072/1487 1528/2100/1507
f 1518/2085/1497 1517/2104/1496 1530/2102/1509
s off
g Car_BackLight1SG
v 12.605 -1.59066 4.8344
v 12.5533 -1.53892 4.8344
v 12.605 -1.59066 4.07433
v 12.5533 -1.53892 4.07433
v 12.605 -1.53892 4.88614
v 12.7603 -1.53892 4.88614
v 12.7603 -1.59066 4.8344
v 12.5533 -0.228997 4.8344
v 12.605 -0.228997 4.88614
v 12.812 -1.53892 4.8344
v 12.812 -1.53892 4.07433
v 12.7603 -1.59066 4.07433
v 12.7603 -0.228997 4.88614
v 12.812 -0.228997 4.8344
v 12.605 -0.177256 4.8344
v 12.5533 -0.228997 4.07433
v 12.605 -0.177256 4.07433
v 12.7603 -0.177256 4.8344
v 12.7603 -0.177256 4.07433
v 12.812 -0.228997 4.07433
v 12.605 -0.228997 4.02259
v 12.605 -1.53892 4.02259
v 12.7603 -0.228997 4.02259
v 12.7603 -1.53892 4.02259
vn -0.234816 -0.970642 0.052108
vn -0.99741 -0.03635 0.062063
vn -0.234816 -0.970642 -0.052108
vn -0.99741 -0.03635 -0.062063
vn -0.238022 -0.030937 0.970767
vn 0.238022 -0.030937 0.970767
vn 0.234816 -0.970642 0.052108
vn -0.99741 0.03635 0.062063
vn -0.238022 0.030937 0.970767
vn 0.99741 -0.03635 0.062063
vn 0.99741 -0.03635 -0.062063
vn 0.234816 -0.970642 -0.052108
vn 0.238022 0.030937 0.970767
vn 0.99741 0.03635 0.062063
vn -0.234814 0.970643 0.052108
vn -0.99741 0.03635 -0.062063
vn -0.234815 0.970643 -0.052108
vn 0.234815 0.970643 0.052108
vn 0.234815 0.970643 -0.052108
vn 0.99741 0.03635 -0.062063
vn -0.238022 0.030937 -0.970767
vn -0.238022 -0.030937 -0.970767
vn 0.238022 0.030937 -0.970767
vn 0.238022 -0.030937 -0.970767
vt 0.424994 0.985021
vt 0.375 0.98502
vt 0.424994 0.764979
vt 0.375 0.764979
vt 0.424994 0.009152
vt 0.424994 0
vt 0.575005 0.009152
vt 0.575005 0
vt 0.360021 0.009152
vt 0.360021 0.240848
vt 0.424994 0.240848
vt 0.625 0.985021
vt 0.575005 0.985021
vt 0.625 0.764979
vt 0.575005 0.764979
vt 0.639979 0.009152
vt 0.575005 0.240848
vt 0.639979 0.240848
vt 0.375 0.264979
vt 0.424994 0.264979
vt 0.375 0.48502
vt 0.424994 0.485021
vt 0.575005 0.264979
vt 0.625 0.264979
vt 0.575005 0.485021
vt 0.625 0.485021
vt 0.375 0.509152
vt 0.424994 0.509152
vt 0.375 0.740847
vt 0.424994 0.740848
vt 0.575005 0.509152
vt 0.625 0.509152
vt 0.575005 0.740848
vt 0.625 0.740848
vt 0.860021 0.009152
vt 0.860021 0.240848
vt 0.139979 0.009152
vt 0.139979 0.240848
usemtl BackLight1SG
f 1531/2109/1510 1532/2110/1511 1533/2111/1512
f 1533/2111/1512 1532/2110/1511 1534/2112/1513
f 1535/2113/1514 1531/2114/1510 1536/2115/1515
f 1536/2115/1515 1531/2114/1510 1537/2116/1516
f 1532/2117/1511 1535/2113/1514 1538/2118/1517
f 1538/2118/1517 1535/2113/1514 1539/2119/1518
f 1540/2120/1519 1537/2121/1516 1541/2122/1520
f 1541/2122/1520 1537/2121/1516 1542/2123/1521
f 1536/2115/1515 1540/2124/1519 1543/2125/1522
f 1543/2125/1522 1540/2124/1519 1544/2126/1523
f 1538/2127/1517 1545/2128/1524 1546/2129/1525
f 1546/2129/1525 1545/2128/1524 1547/2130/1526
f 1545/2128/1524 1539/2119/1518 1548/2131/1527
f 1548/2131/1527 1539/2119/1518 1543/2125/1522
f 1548/2131/1527 1544/2132/1523 1549/2133/1528
f 1549/2133/1528 1544/2132/1523 1550/2134/1529
f 1546/2135/1525 1551/2136/1530 1534/2137/1513
f 1534/2137/1513 1551/2136/1530 1552/2138/1531
f 1551/2136/1530 1547/2130/1526 1553/2139/1532
f 1553/2139/1532 1547/2130/1526 1549/2133/1528
f 1553/2139/1532 1550/2140/1529 1554/2141/1533
f 1554/2141/1533 1550/2140/1529 1541/2142/1520
f 1533/2111/1512 1552/2138/1531 1542/2123/1521
f 1542/2123/1521 1552/2138/1531 1554/2141/1533
f 1535/2113/1514 1536/2115/1515 1539/2119/1518
f 1539/2119/1518 1536/2115/1515 1543/2125/1522
f 1545/2128/1524 1548/2131/1527 1547/2130/1526
f 1547/2130/1526 1548/2131/1527 1549/2133/1528
f 1551/2136/1530 1553/2139/1532 1552/2138/1531
f 1552/2138/1531 1553/2139/1532 1554/2141/1533
f 1533/2111/1512 1542/2123/1521 1531/2109/1510
f 1531/2109/1510 1542/2123/1521 1537/2121/1516
f 1540/2124/1519 1541/2143/1520 1544/2126/1523
f 1544/2126/1523 1541/2143/1520 1550/2144/1529
f 1534/2145/1513 1532/2117/1511 1546/2146/1525
f 1546/2146/1525 1532/2117/1511 1538/2118/1517
f 1531/2114/1510 1535/2113/1514 1532/2117/1511
f 1540/2124/1519 1536/2115/1515 1537/2116/1516
f 1538/2118/1517 1539/2119/1518 1545/2128/1524
f 1548/2131/1527 1543/2125/1522 1544/2126/1523
f 1546/2129/1525 1547/2130/1526 1551/2136/1530
f 1553/2139/1532 1549/2133/1528 1550/2134/1529
f 1534/2137/1513 1552/2138/1531 1533/2111/1512
f 1542/2123/1521 1554/2141/1533 1541/2142/1520
s off
g Car_Handle1SG
v 0.53875 0.002323 5.60146
v 0.488052 0.023322 5.60146
v 0.53875 0.002323 5.23904
v 0.488052 0.023322 5.23904
v 0.467056 0.074018 5.60146
v 0.467056 0.074018 5.23904
v 0.53875 0.074018 5.67316
v 0.53875 0.023322 5.65216
v 1.39536 0.074018 5.67316
v 1.39536 0.023322 5.65216
v 1.39536 0.002323 5.60146
v 0.488052 0.074018 5.65216
v 0.467056 0.289138 5.60146
v 0.488052 0.289138 5.65216
v 0.53875 0.289138 5.67316
v 1.46706 0.074018 5.60146
v 1.44606 0.023322 5.60146
v 1.46706 0.074018 5.23904
v 1.44606 0.023322 5.23904
v 1.39536 0.002323 5.23904
v 1.44606 0.074018 5.65216
v 1.39536 0.289138 5.67316
v 1.44606 0.289138 5.65216
v 1.46706 0.289138 5.60146
v 0.488052 0.339834 5.60146
v 0.467056 0.289138 5.23904
v 0.488052 0.339834 5.23904
v 0.53875 0.360833 5.60146
v 0.53875 0.360833 5.23904
v 0.53875 0.339834 5.65216
v 1.39536 0.360833 5.60146
v 1.39536 0.339834 5.65216
v 1.44606 0.339834 5.60146
v 1.39536 0.360833 5.23904
v 1.44606 0.339834 5.23904
v 1.46706 0.289138 5.23904
v 0.488052 0.289138 5.18834
v 0.488052 0.074018 5.18834
v 0.53875 0.289138 5.16734
v 0.53875 0.074018 5.16734
v 0.53875 0.339834 5.18834
v 1.39536 0.289138 5.16734
v 1.39536 0.339834 5.18834
v 1.44606 0.289138 5.18834
v 1.39536 0.074018 5.16734
v 1.44606 0.074018 5.18834
v 0.53875 0.023322 5.18834
v 1.39536 0.023322 5.18834
v 0.497372 0.032639 5.64285
v 1.43674 0.032639 5.64285
v 0.497372 0.330516 5.64285
v 1.43674 0.330516 5.64285
v 0.497372 0.330516 5.19766
v 1.43674 0.330516 5.19766
v 0.497372 0.032639 5.19766
v 1.43674 0.032639 5.19766
vn -0.022169 -0.99851 0.049862
vn -0.706671 -0.706671 0.035114
vn -0.022169 -0.99851 -0.049862
vn -0.706671 -0.706671 -0.035114
vn -0.995987 -0.075805 0.047577
vn -0.995987 -0.075805 -0.047577
vn -0.021608 -0.077436 0.996763
vn -0.015704 -0.707023 0.707016
vn 0.021608 -0.077436 0.996763
vn 0.015704 -0.707023 0.707016
vn 0.022169 -0.99851 0.049862
vn -0.70602 -0.055578 0.706007
vn -0.995987 0.075805 0.047577
vn -0.706021 0.055578 0.706007
vn -0.021609 0.077436 0.996763
vn 0.995987 -0.075805 0.047577
vn 0.706671 -0.706671 0.035114
vn 0.995987 -0.075805 -0.047577
vn 0.706671 -0.706671 -0.035114
vn 0.022169 -0.99851 -0.049862
vn 0.70602 -0.055579 0.706007
vn 0.021608 0.077436 0.996763
vn 0.706021 0.055579 0.706007
vn 0.995987 0.075805 0.047577
vn -0.706671 0.706671 0.035115
vn -0.995987 0.075805 -0.047577
vn -0.706671 0.706671 -0.035115
vn -0.022169 0.99851 0.049863
vn -0.022169 0.99851 -0.049863
vn -0.015704 0.707023 0.707016
vn 0.022169 0.99851 0.049863
vn 0.015704 0.707023 0.707016
vn 0.706671 0.706671 0.035115
vn 0.022169 0.99851 -0.049863
vn 0.706671 0.706671 -0.035115
vn 0.995987 0.075805 -0.047577
vn -0.706018 0.055578 -0.70601
vn -0.706018 -0.055578 -0.70601
vn -0.021608 0.077436 -0.996763
vn -0.021608 -0.077436 -0.996763
vn -0.015704 0.707023 -0.707016
vn 0.021608 0.077436 -0.996763
vn 0.015704 0.707023 -0.707016
vn 0.706018 0.055579 -0.70601
vn 0.021608 -0.077436 -0.996763
vn 0.706018 -0.055579 -0.70601
vn -0.015704 -0.707023 -0.707016
vn 0.015704 -0.707023 -0.707016
vn -0.577357 -0.577353 0.57734
vn 0.577355 -0.577356 0.57734
vn -0.577358 0.577351 0.577341
vn 0.577356 0.577352 0.577343
vn -0.577356 0.577352 -0.577343
vn 0.577354 0.577354 -0.577344
vn -0.577356 -0.577353 -0.577342
vn 0.577356 -0.577354 -0.577341
vt 0.458982 0.761158
vt 0.45953 0.796477
vt 0.236502 0.761267
vt 0.2358 0.795008
vt 0.458783 0.83024
vt 0.236101 0.828777
vt 0.526307 0.761088
vt 0.492688 0.761363
vt 0.525751 0.236378
vt 0.492131 0.236174
vt 0.458518 0.23643
vt 0.492593 0.829712
vt 0.457852 0.962285
vt 0.491647 0.963291
vt 0.525547 0.794795
vt 0.658872 0.794613
vt 0.658017 0.760905
vt 0.458479 0.169158
vt 0.459012 0.202802
vt 0.236603 0.169223
vt 0.23609 0.202867
vt 0.236604 0.236497
vt 0.524917 0.20267
vt 0.657462 0.236286
vt 0.658248 0.202578
vt 0.492163 0.169895
vt 0.492053 0.036799
vt 0.458376 0.03759
vt 0.458114 0.996032
vt 0.235293 0.960822
vt 0.234588 0.994564
vt 0.724731 0.794433
vt 0.725232 0.760802
vt 0.947698 0.794165
vt 0.947117 0.760537
vt 0.691629 0.761083
vt 0.724677 0.236246
vt 0.691074 0.236037
vt 0.724103 0.202617
vt 0.946567 0.236033
vt 0.947078 0.202403
vt 0.458847 0.003968
vt 0.23613 0.004037
vt 0.236622 0.037658
vt 0.201485 0.961382
vt 0.202302 0.827803
vt 0.036703 0.794905
vt 0.037526 0.761195
vt 0.170052 0.79496
vt 0.169257 0.761244
vt 0.003907 0.761409
vt 0.037639 0.236472
vt 0.004021 0.236243
vt 0.980717 0.760738
vt 0.980168 0.235762
vt 0.036833 0.202761
vt 0.169368 0.236484
vt 0.170179 0.202771
vt 0.202944 0.036889
vt 0.202921 0.16998
vt 0.202878 0.761482
vt 0.202989 0.23626
vt 0.487536 0.801676
vt 0.488336 0.790321
vt 0.497562 0.789431
vt 0.48712 0.208028
vt 0.486951 0.197798
vt 0.496938 0.208095
vt 0.696636 0.789213
vt 0.486184 0.991244
vt 0.686848 0.78917
vt 0.486786 0.008915
vt 0.696024 0.207901
vt 0.686231 0.207967
vt 0.008723 0.789485
vt 0.206578 0.989411
vt 0.975772 0.78887
vt 0.208194 0.009001
vt 0.00885 0.208166
vt 0.975169 0.207634
vt 0.207742 0.789623
vt 0.207733 0.799837
vt 0.198043 0.789567
vt 0.208152 0.197875
vt 0.207983 0.208111
vt 0.198164 0.208179
usemtl Handle1SG
f 1555/2147/1534 1556/2148/1535 1557/2149/1536
f 1557/2149/1536 1556/2148/1535 1558/2150/1537
f 1556/2148/1535 1559/2151/1538 1558/2150/1537
f 1558/2150/1537 1559/2151/1538 1560/2152/1539
f 1561/2153/1540 1562/2154/1541 1563/2155/1542
f 1563/2155/1542 1562/2154/1541 1564/2156/1543
f 1562/2154/1541 1555/2147/1534 1564/2156/1543
f 1564/2156/1543 1555/2147/1534 1565/2157/1544
f 1559/2151/1538 1566/2158/1545 1567/2159/1546
f 1567/2159/1546 1566/2158/1545 1568/2160/1547
f 1566/2161/1545 1561/2153/1540 1568/2162/1547
f 1568/2162/1547 1561/2153/1540 1569/2163/1548
f 1570/2164/1549 1571/2165/1550 1572/2166/1551
f 1572/2166/1551 1571/2165/1550 1573/2167/1552
f 1571/2165/1550 1565/2157/1544 1573/2167/1552
f 1573/2167/1552 1565/2157/1544 1574/2168/1553
f 1563/2155/1542 1575/2169/1554 1576/2170/1555
f 1576/2170/1555 1575/2169/1554 1577/2171/1556
f 1575/2172/1554 1570/2164/1549 1577/2173/1556
f 1577/2173/1556 1570/2164/1549 1578/2174/1557
f 1567/2159/1546 1579/2175/1558 1580/2176/1559
f 1580/2176/1559 1579/2175/1558 1581/2177/1560
f 1579/2178/1558 1582/2179/1561 1581/2180/1560
f 1581/2180/1560 1582/2179/1561 1583/2181/1562
f 1582/2179/1561 1584/2182/1563 1585/2183/1564
f 1585/2183/1564 1584/2182/1563 1586/2184/1565
f 1584/2182/1563 1569/2163/1548 1586/2184/1565
f 1586/2184/1565 1569/2163/1548 1576/2170/1555
f 1585/2183/1564 1587/2185/1566 1588/2186/1567
f 1588/2186/1567 1587/2185/1566 1589/2187/1568
f 1587/2188/1566 1578/2174/1557 1589/2189/1568
f 1589/2189/1568 1578/2174/1557 1590/2190/1569
f 1580/2176/1559 1591/2191/1570 1560/2152/1539
f 1560/2152/1539 1591/2191/1570 1592/2192/1571
f 1591/2193/1570 1593/2194/1572 1592/2195/1571
f 1592/2195/1571 1593/2194/1572 1594/2196/1573
f 1593/2194/1572 1595/2197/1574 1596/2198/1575
f 1596/2198/1575 1595/2197/1574 1597/2199/1576
f 1595/2200/1574 1583/2181/1562 1597/2201/1576
f 1597/2201/1576 1583/2181/1562 1588/2186/1567
f 1596/2198/1575 1598/2202/1577 1599/2203/1578
f 1599/2203/1578 1598/2202/1577 1600/2204/1579
f 1598/2205/1577 1590/2190/1569 1600/2206/1579
f 1600/2206/1579 1590/2190/1569 1572/2166/1551
f 1557/2149/1536 1601/2207/1580 1574/2168/1553
f 1574/2168/1553 1601/2207/1580 1602/2208/1581
f 1601/2207/1580 1594/2196/1573 1602/2208/1581
f 1602/2208/1581 1594/2196/1573 1599/2203/1578
f 1561/2153/1540 1563/2155/1542 1569/2163/1548
f 1569/2163/1548 1563/2155/1542 1576/2170/1555
f 1582/2179/1561 1585/2183/1564 1583/2181/1562
f 1583/2181/1562 1585/2183/1564 1588/2186/1567
f 1557/2149/1536 1574/2168/1553 1555/2147/1534
f 1555/2147/1534 1574/2168/1553 1565/2157/1544
f 1570/2164/1549 1572/2166/1551 1578/2174/1557
f 1578/2174/1557 1572/2166/1551 1590/2190/1569
f 1560/2152/1539 1559/2151/1538 1580/2176/1559
f 1580/2176/1559 1559/2151/1538 1567/2159/1546
f 1596/2198/1575 1599/2203/1578 1593/2194/1572
f 1593/2194/1572 1599/2203/1578 1594/2196/1573
f 1566/2158/1545 1559/2151/1538 1603/2209/1582
f 1603/2209/1582 1559/2151/1538 1556/2148/1535
f 1556/2148/1535 1555/2147/1534 1603/2210/1582
f 1603/2210/1582 1555/2147/1534 1562/2154/1541
f 1562/2154/1541 1561/2153/1540 1603/2211/1582
f 1603/2211/1582 1561/2153/1540 1566/2161/1545
f 1564/2156/1543 1565/2157/1544 1604/2212/1583
f 1604/2212/1583 1565/2157/1544 1571/2165/1550
f 1571/2165/1550 1570/2164/1549 1604/2213/1583
f 1604/2213/1583 1570/2164/1549 1575/2172/1554
f 1575/2169/1554 1563/2155/1542 1604/2214/1583
f 1604/2214/1583 1563/2155/1542 1564/2156/1543
f 1584/2182/1563 1582/2179/1561 1605/2215/1584
f 1605/2215/1584 1582/2179/1561 1579/2178/1558
f 1579/2175/1558 1567/2159/1546 1605/2216/1584
f 1605/2216/1584 1567/2159/1546 1568/2160/1547
f 1568/2162/1547 1569/2163/1548 1605/2217/1584
f 1605/2217/1584 1569/2163/1548 1584/2182/1563
f 1577/2173/1556 1578/2174/1557 1606/2218/1585
f 1606/2218/1585 1578/2174/1557 1587/2188/1566
f 1587/2185/1566 1585/2183/1564 1606/2219/1585
f 1606/2219/1585 1585/2183/1564 1586/2184/1565
f 1586/2184/1565 1576/2170/1555 1606/2220/1585
f 1606/2220/1585 1576/2170/1555 1577/2171/1556
f 1595/2197/1574 1593/2194/1572 1607/2221/1586
f 1607/2221/1586 1593/2194/1572 1591/2193/1570
f 1591/2191/1570 1580/2176/1559 1607/2222/1586
f 1607/2222/1586 1580/2176/1559 1581/2177/1560
f 1581/2180/1560 1583/2181/1562 1607/2223/1586
f 1607/2223/1586 1583/2181/1562 1595/2200/1574
f 1589/2189/1568 1590/2190/1569 1608/2224/1587
f 1608/2224/1587 1590/2190/1569 1598/2205/1577
f 1598/2202/1577 1596/2198/1575 1608/2225/1587
f 1608/2225/1587 1596/2198/1575 1597/2199/1576
f 1597/2201/1576 1588/2186/1567 1608/2226/1587
f 1608/2226/1587 1588/2186/1567 1589/2187/1568
f 1601/2207/1580 1557/2149/1536 1609/2227/1588
f 1609/2227/1588 1557/2149/1536 1558/2150/1537
f 1558/2150/1537 1560/2152/1539 1609/2228/1588
f 1609/2228/1588 1560/2152/1539 1592/2192/1571
f 1592/2195/1571 1594/2196/1573 1609/2229/1588
f 1609/2229/1588 1594/2196/1573 1601/2207/1580
f 1600/2206/1579 1572/2166/1551 1610/2230/1589
f 1610/2230/1589 1572/2166/1551 1573/2167/1552
f 1573/2167/1552 1574/2168/1553 1610/2231/1589
f 1610/2231/1589 1574/2168/1553 1602/2208/1581
f 1602/2208/1581 1599/2203/1578 1610/2232/1589
f 1610/2232/1589 1599/2203/1578 1600/2204/1579
s off
g Car_SideMirror1SG
v -3.85932 0.595882 5.79955
v -3.85932 0.809164 5.79955
v -3.85932 0.390271 5.99782
v -3.85932 1.01478 5.99782
v -3.85932 0.390271 7.12742
v -3.85932 1.01478 7.12742
v -3.85932 0.489984 7.25577
v -3.85932 0.915062 7.25577
v -3.78357 0.595882 5.79955
v -3.78357 0.809164 5.79955
v -3.78357 1.01478 5.99782
v -3.78357 0.390271 5.99782
v -3.78357 1.01478 7.12742
v -3.78357 0.390271 7.12742
v -3.78357 0.915062 7.25577
v -3.78357 0.489984 7.25577
v -4.03279 0.821745 5.71481
v -4.03279 1.09075 5.94302
v -3.96661 0.901268 5.68777
v -3.96661 1.17027 5.91599
v -4.03279 0.821745 5.04418
v -3.96661 0.901268 5.04418
v -3.78357 0.821745 5.71481
v -3.78357 0.821745 5.04418
v -3.84975 0.901268 5.68777
v -3.84975 0.901268 5.04418
v -3.78357 1.09075 5.94302
v -3.84975 1.17027 5.91599
v -4.03279 0.583301 5.71481
v -3.96661 0.503778 5.68777
v -4.03279 0.3143 5.94302
v -3.96661 0.234777 5.91599
v -4.03279 0.583301 5.04418
v -3.96661 0.503778 5.04418
v -3.78357 0.583301 5.71481
v -3.78357 0.3143 5.94302
v -3.84975 0.503778 5.68777
v -3.84975 0.234777 5.91599
v -3.78357 0.583301 5.04418
v -3.84975 0.503778 5.04418
v -3.96661 0.234777 7.1742
v -4.03279 0.3143 7.15623
v -3.84975 0.234777 7.1742
v -3.78357 0.3143 7.15623
v -3.84975 1.17027 7.1742
v -3.78357 1.09075 7.15623
v -3.96661 1.17027 7.1742
v -4.03279 1.09075 7.15623
v -3.96661 0.387933 7.39161
v -4.03279 0.433494 7.32543
v -3.84975 0.387933 7.39161
v -3.78357 0.433494 7.32543
v -3.84975 1.01711 7.39161
v -3.78357 0.971552 7.32543
v -3.96661 1.01711 7.39161
v -4.03279 0.971552 7.32543
vn 1 0 0
vn 0.852263 0.223795 0.472824
vn 0.852263 -0.223795 0.472825
vn 0 0.427815 0.903867
vn 0 -0.427814 0.903867
vn 0.833181 -0.546488 0.08462
vn 0 -0.988223 0.15302
vn 0.833182 0.546487 0.08462
vn 0 0.988223 0.15302
vn 0.800483 -0.597481 -0.04736
vn 0 -0.996873 -0.079018
vn 0.800485 0.597479 -0.04736
vn 0 0.996873 -0.079018
vn 0.848295 -0.125806 -0.514363
vn 0 -0.237583 -0.971367
vn 0.848295 0.125806 -0.514363
vn 0 0.237583 -0.971367
vn -0.99257 0.117302 -0.032327
vn -0.994831 0.099623 -0.019639
vn -0.458997 0.847519 -0.266521
vn -0.365476 0.91676 -0.161178
vn -0.979632 0.200801 0
vn -0.402919 0.915236 0
vn 0.982031 0.181938 -0.050139
vn 0.979632 0.200801 0
vn 0.458997 0.847519 -0.266521
vn 0.402919 0.915236 0
vn 0.885651 0.455583 -0.089811
vn 0.365476 0.91676 -0.161178
vn -0.99257 -0.117302 -0.032327
vn -0.458997 -0.847519 -0.266521
vn -0.994831 -0.099623 -0.019639
vn -0.365476 -0.91676 -0.161178
vn -0.979632 -0.200801 0
vn -0.402919 -0.915236 0
vn 0.982031 -0.181938 -0.050139
vn 0.885652 -0.455582 -0.08981
vn 0.458997 -0.847519 -0.266521
vn 0.365476 -0.91676 -0.161178
vn 0.979632 -0.200801 0
vn 0.402919 -0.915236 0
vn -0.368817 -0.925023 0.091139
vn -0.995663 -0.092559 0.009378
vn 0.368817 -0.925023 0.091139
vn 0.893137 -0.447494 0.04534
vn 0.368816 0.925023 0.091139
vn 0.893136 0.447495 0.04534
vn -0.368817 0.925023 0.091139
vn -0.995663 0.092559 0.009378
vn -0.305989 -0.260794 0.915619
vn -0.963979 -0.064178 0.25812
vn 0.30599 -0.260794 0.915618
vn 0.854391 -0.125381 0.504277
vn 0.30599 0.260794 0.915618
vn 0.854391 0.125382 0.504278
vn -0.305989 0.260794 0.915619
vn -0.963979 0.064177 0.25812
vt 0.527722 0.003968
vt 0.571973 0.003968
vt 0.485062 0.045105
vt 0.614634 0.045105
vt 0.485062 0.279471
vt 0.614634 0.279471
vt 0.50575 0.306102
vt 0.593945 0.306102
vt 0.056598 0.005992
vt 0.056598 0.067763
vt 0.040265 0.005992
vt 0.040265 0.067763
vt 0.056598 0.151708
vt 0.040265 0.151708
vt 0.056598 0.73641
vt 0.056598 0.763448
vt 0.040265 0.73641
vt 0.040265 0.763448
vt 0.056598 0.491408
vt 0.040265 0.491408
vt 0.056598 0.628223
vt 0.040265 0.628223
vt 0.056598 0.530964
vt 0.040265 0.530964
vt 0.056598 0.60713
vt 0.040265 0.60713
vt 0.39989 0.3596
vt 0.454818 0.310151
vt 0.421417 0.366793
vt 0.475954 0.316422
vt 0.399014 0.500777
vt 0.420586 0.50092
vt 0.193426 0.158773
vt 0.195361 0.007641
vt 0.216292 0.152446
vt 0.218587 0.008004
vt 0.243904 0.213773
vt 0.264841 0.208615
vt 0.349249 0.359675
vt 0.327745 0.366794
vt 0.29424 0.310325
vt 0.273116 0.316645
vt 0.349249 0.500529
vt 0.327764 0.500526
vt 0.139004 0.157903
vt 0.086483 0.213604
vt 0.11608 0.150975
vt 0.065477 0.208101
vt 0.141779 0.006781
vt 0.118542 0.00639
vt 0.272568 0.054387
vt 0.294053 0.058809
vt 0.070755 0.460994
vt 0.091156 0.456409
vt 0.256408 0.46109
vt 0.236072 0.456284
vt 0.476027 0.054298
vt 0.454566 0.058747
vt 0.30782 0.005394
vt 0.318697 0.024247
vt 0.104115 0.504346
vt 0.113802 0.487301
vt 0.222942 0.504214
vt 0.21325 0.487163
vt 0.4408 0.005419
vt 0.429925 0.024249
vt 0.002449 0.113461
vt 0.031216 0.113461
vt 0.002449 0.188992
vt 0.031216 0.188992
vt 0.002449 0.741832
vt 0.031216 0.741832
vt 0.002449 0.996032
vt 0.031216 0.996032
vt 0.002449 0.033501
vt 0.002449 0.004482
vt 0.031216 0.033501
vt 0.031216 0.004482
vt 0.002449 0.046298
vt 0.031216 0.046298
vt 0.031216 0.598529
vt 0.002449 0.598529
vt 0.002449 0.094685
vt 0.031216 0.094685
vt 0.031216 0.242506
vt 0.002449 0.242506
vt 0.143218 0.177719
vt 0.189373 0.177003
vt 0.228067 0.224044
vt 0.102232 0.22418
vt 0.221205 0.450138
vt 0.106088 0.450439
vt 0.202757 0.474272
vt 0.124269 0.474419
usemtl SideMirror1SG
f 1611/2233/1590 1612/2234/1590 1613/2235/1590
f 1613/2235/1590 1612/2234/1590 1614/2236/1590
f 1613/2235/1590 1614/2236/1590 1615/2237/1590
f 1615/2237/1590 1614/2236/1590 1616/2238/1590
f 1615/2237/1590 1616/2238/1590 1617/2239/1590
f 1617/2239/1590 1616/2238/1590 1618/2240/1590
f 1619/2241/1591 1620/2242/1592 1611/2243/1593
f 1611/2243/1593 1620/2242/1592 1612/2244/1594
f 1620/2242/1592 1621/2245/1595 1612/2244/1594
f 1612/2244/1594 1621/2245/1595 1614/2246/1596
f 1622/2247/1597 1619/2248/1591 1613/2249/1598
f 1613/2249/1598 1619/2248/1591 1611/2250/1593
f 1621/2245/1595 1623/2251/1599 1614/2246/1596
f 1614/2246/1596 1623/2251/1599 1616/2252/1600
f 1624/2253/1601 1622/2247/1597 1615/2254/1602
f 1615/2254/1602 1622/2247/1597 1613/2249/1598
f 1623/2251/1599 1625/2255/1603 1616/2252/1600
f 1616/2252/1600 1625/2255/1603 1618/2256/1604
f 1625/2255/1603 1626/2257/1605 1618/2256/1604
f 1618/2256/1604 1626/2257/1605 1617/2258/1606
f 1626/2257/1605 1624/2253/1601 1617/2258/1606
f 1617/2258/1606 1624/2253/1601 1615/2254/1602
f 1627/2259/1607 1628/2260/1608 1629/2261/1609
f 1629/2261/1609 1628/2260/1608 1630/2262/1610
f 1627/2259/1607 1629/2261/1609 1631/2263/1611
f 1631/2263/1611 1629/2261/1609 1632/2264/1612
f 1633/2265/1613 1634/2266/1614 1635/2267/1615
f 1635/2267/1615 1634/2266/1614 1636/2268/1616
f 1633/2265/1613 1635/2267/1615 1637/2269/1617
f 1637/2269/1617 1635/2267/1615 1638/2270/1618
f 1639/2271/1619 1640/2272/1620 1641/2273/1621
f 1641/2273/1621 1640/2272/1620 1642/2274/1622
f 1639/2271/1619 1643/2275/1623 1640/2272/1620
f 1640/2272/1620 1643/2275/1623 1644/2276/1624
f 1645/2277/1625 1646/2278/1626 1647/2279/1627
f 1647/2279/1627 1646/2278/1626 1648/2280/1628
f 1645/2277/1625 1647/2279/1627 1649/2281/1629
f 1649/2281/1629 1647/2279/1627 1650/2282/1630
f 1642/2274/1622 1651/2283/1631 1641/2273/1621
f 1641/2273/1621 1651/2283/1631 1652/2284/1632
f 1648/2280/1628 1646/2278/1626 1653/2285/1633
f 1653/2285/1633 1646/2278/1626 1654/2286/1634
f 1638/2270/1618 1655/2287/1635 1637/2269/1617
f 1637/2269/1617 1655/2287/1635 1656/2288/1636
f 1630/2262/1610 1628/2260/1608 1657/2289/1637
f 1657/2289/1637 1628/2260/1608 1658/2290/1638
f 1651/2283/1631 1659/2291/1639 1652/2284/1632
f 1652/2284/1632 1659/2291/1639 1660/2292/1640
f 1653/2285/1633 1654/2286/1634 1661/2293/1641
f 1661/2293/1641 1654/2286/1634 1662/2294/1642
f 1655/2287/1635 1663/2295/1643 1656/2288/1636
f 1656/2288/1636 1663/2295/1643 1664/2296/1644
f 1657/2289/1637 1658/2290/1638 1665/2297/1645
f 1665/2297/1645 1658/2290/1638 1666/2298/1646
f 1660/2292/1640 1659/2291/1639 1666/2298/1646
f 1666/2298/1646 1659/2291/1639 1665/2297/1645
f 1661/2293/1641 1662/2294/1642 1663/2295/1643
f 1663/2295/1643 1662/2294/1642 1664/2296/1644
f 1659/2299/1639 1661/2300/1641 1665/2301/1645
f 1665/2301/1645 1661/2300/1641 1663/2302/1643
f 1629/2303/1609 1635/2304/1615 1632/2305/1612
f 1632/2305/1612 1635/2304/1615 1636/2306/1616
f 1640/2307/1620 1644/2308/1624 1647/2309/1627
f 1647/2309/1627 1644/2308/1624 1650/2310/1630
f 1645/2277/1625 1649/2281/1629 1633/2265/1613
f 1633/2265/1613 1649/2281/1629 1634/2266/1614
f 1643/2275/1623 1639/2271/1619 1631/2263/1611
f 1631/2263/1611 1639/2271/1619 1627/2259/1607
f 1640/2307/1620 1647/2309/1627 1642/2311/1622
f 1642/2311/1622 1647/2309/1627 1648/2312/1628
f 1635/2304/1615 1629/2303/1609 1638/2313/1618
f 1638/2313/1618 1629/2303/1609 1630/2314/1610
f 1627/2259/1607 1639/2271/1619 1628/2260/1608
f 1628/2260/1608 1639/2271/1619 1641/2273/1621
f 1642/2311/1622 1648/2312/1628 1651/2315/1631
f 1651/2315/1631 1648/2312/1628 1653/2316/1633
f 1638/2313/1618 1630/2314/1610 1655/2317/1635
f 1655/2317/1635 1630/2314/1610 1657/2318/1637
f 1628/2260/1608 1641/2273/1621 1658/2290/1638
f 1658/2290/1638 1641/2273/1621 1652/2284/1632
f 1651/2315/1631 1653/2316/1633 1659/2299/1639
f 1659/2299/1639 1653/2316/1633 1661/2300/1641
f 1655/2317/1635 1657/2318/1637 1663/2302/1643
f 1663/2302/1643 1657/2318/1637 1665/2301/1645
f 1658/2290/1638 1652/2284/1632 1666/2298/1646
f 1666/2298/1646 1652/2284/1632 1660/2292/1640
f 1645/2277/1625 1633/2265/1613 1619/2319/1591
f 1619/2319/1591 1633/2265/1613 1620/2320/1592
f 1633/2265/1613 1637/2269/1617 1620/2320/1592
f 1620/2320/1592 1637/2269/1617 1621/2321/1595
f 1645/2277/1625 1619/2319/1591 1646/2278/1626
f 1646/2278/1626 1619/2319/1591 1622/2322/1597
f 1637/2269/1617 1656/2288/1636 1621/2321/1595
f 1621/2321/1595 1656/2288/1636 1623/2323/1599
f 1646/2278/1626 1622/2322/1597 1654/2286/1634
f 1654/2286/1634 1622/2322/1597 1624/2324/1601
f 1664/2296/1644 1625/2325/1603 1656/2288/1636
f 1656/2288/1636 1625/2325/1603 1623/2323/1599
f 1664/2296/1644 1662/2294/1642 1625/2325/1603
f 1625/2325/1603 1662/2294/1642 1626/2326/1605
f 1662/2294/1642 1654/2286/1634 1626/2326/1605
f 1626/2326/1605 1654/2286/1634 1624/2324/1601
s off
g Car_SideMirror2SG
v -3.85932 0.595882 -5.79954
v -3.85932 0.390271 -5.99782
v -3.85932 0.809164 -5.79954
v -3.85932 1.01478 -5.99782
v -3.85932 0.390271 -7.12741
v -3.85932 1.01478 -7.12741
v -3.85932 0.489984 -7.25577
v -3.85932 0.915062 -7.25577
v -3.78357 0.595882 -5.79954
v -3.78357 0.809164 -5.79954
v -3.78357 1.01478 -5.99782
v -3.78357 0.390271 -5.99782
v -3.78357 1.01478 -7.12741
v -3.78357 0.390271 -7.12741
v -3.78357 0.915062 -7.25577
v -3.78357 0.489984 -7.25577
v -4.03279 0.821745 -5.71481
v -3.96661 0.901268 -5.68776
v -4.03279 1.09075 -5.94302
v -3.96661 1.17027 -5.91598
v -4.03279 0.821745 -5.04417
v -3.96661 0.901268 -5.04417
v -3.78357 0.821745 -5.71481
v -3.84975 0.901268 -5.68776
v -3.78357 0.821745 -5.04417
v -3.84975 0.901268 -5.04417
v -3.78357 1.09075 -5.94302
v -3.84975 1.17027 -5.91598
v -4.03279 0.583301 -5.71481
v -4.03279 0.3143 -5.94302
v -3.96661 0.503778 -5.68776
v -3.96661 0.234777 -5.91598
v -4.03279 0.583301 -5.04417
v -3.96661 0.503778 -5.04417
v -3.78357 0.583301 -5.71481
v -3.84975 0.503778 -5.68776
v -3.78357 0.3143 -5.94302
v -3.84975 0.234777 -5.91598
v -3.78357 0.583301 -5.04417
v -3.84975 0.503778 -5.04417
v -3.96661 0.234777 -7.17419
v -4.03279 0.3143 -7.15623
v -3.84975 0.234777 -7.17419
v -3.78357 0.3143 -7.15623
v -3.84975 1.17027 -7.17419
v -3.78357 1.09075 -7.15623
v -3.96661 1.17027 -7.17419
v -4.03279 1.09075 -7.15623
v -3.96661 0.387933 -7.39161
v -4.03279 0.433494 -7.32542
v -3.84975 0.387933 -7.39161
v -3.78357 0.433494 -7.32542
v -3.84975 1.01711 -7.39161
v -3.78357 0.971552 -7.32542
v -3.96661 1.01711 -7.39161
v -4.03279 0.971552 -7.32542
vn 1 0 0
vn 0.852263 0.223795 -0.472824
vn 0 0.427815 -0.903867
vn 0.852263 -0.223795 -0.472825
vn 0 -0.427814 -0.903867
vn 0.833181 -0.546488 -0.08462
vn 0 -0.988223 -0.15302
vn 0.833182 0.546487 -0.08462
vn 0 0.988223 -0.15302
vn 0.800483 -0.597481 0.04736
vn 0 -0.996873 0.079018
vn 0.800485 0.597479 0.04736
vn 0 0.996873 0.079018
vn 0.848295 -0.125806 0.514363
vn 0 -0.237583 0.971367
vn 0.848295 0.125806 0.514363
vn 0 0.237583 0.971367
vn -0.99257 0.117302 0.032327
vn -0.458997 0.847519 0.266521
vn -0.994831 0.099623 0.019639
vn -0.365476 0.91676 0.161178
vn -0.979632 0.200801 0
vn -0.402919 0.915236 0
vn 0.982031 0.181938 0.050139
vn 0.458997 0.847519 0.266521
vn 0.979632 0.200801 0
vn 0.402919 0.915236 0
vn 0.885651 0.455583 0.089811
vn 0.365476 0.91676 0.161178
vn -0.99257 -0.117302 0.032327
vn -0.994831 -0.099623 0.019639
vn -0.458997 -0.847519 0.266521
vn -0.365476 -0.91676 0.161178
vn -0.979632 -0.200801 0
vn -0.402919 -0.915236 0
vn 0.982031 -0.181938 0.050139
vn 0.458997 -0.847519 0.266521
vn 0.885652 -0.455582 0.08981
vn 0.365476 -0.91676 0.161178
vn 0.979632 -0.200801 0
vn 0.402919 -0.915236 0
vn -0.368817 -0.925023 -0.091139
vn -0.995663 -0.092559 -0.009378
vn 0.368817 -0.925023 -0.091139
vn 0.893137 -0.447494 -0.04534
vn 0.368816 0.925023 -0.091139
vn 0.893136 0.447495 -0.04534
vn -0.368817 0.925023 -0.091139
vn -0.995663 0.092559 -0.009378
vn -0.305989 -0.260794 -0.915619
vn -0.963979 -0.064178 -0.25812
vn 0.30599 -0.260794 -0.915618
vn 0.854391 -0.125381 -0.504277
vn 0.30599 0.260794 -0.915618
vn 0.854391 0.125382 -0.504278
vn -0.305989 0.260794 -0.915619
vn -0.963979 0.064177 -0.25812
vt 0.527722 0.003968
vt 0.485062 0.045105
vt 0.571973 0.003968
vt 0.614634 0.045105
vt 0.485062 0.279471
vt 0.614634 0.279471
vt 0.50575 0.306102
vt 0.593945 0.306102
vt 0.056598 0.005992
vt 0.040265 0.005992
vt 0.056598 0.067763
vt 0.040265 0.067763
vt 0.056598 0.151708
vt 0.040265 0.151708
vt 0.056598 0.73641
vt 0.040265 0.73641
vt 0.056598 0.763448
vt 0.040265 0.763448
vt 0.056598 0.491408
vt 0.040265 0.491408
vt 0.056598 0.628223
vt 0.040265 0.628223
vt 0.056598 0.530964
vt 0.040265 0.530964
vt 0.056598 0.60713
vt 0.040265 0.60713
vt 0.39989 0.3596
vt 0.421417 0.366793
vt 0.454818 0.310151
vt 0.475954 0.316422
vt 0.399014 0.500777
vt 0.420586 0.50092
vt 0.193426 0.158773
vt 0.216292 0.152446
vt 0.195361 0.007641
vt 0.218587 0.008004
vt 0.243904 0.213773
vt 0.264841 0.208615
vt 0.349249 0.359675
vt 0.29424 0.310325
vt 0.327745 0.366794
vt 0.273116 0.316645
vt 0.349249 0.500529
vt 0.327764 0.500526
vt 0.139004 0.157903
vt 0.11608 0.150975
vt 0.086483 0.213604
vt 0.065477 0.208101
vt 0.141779 0.006781
vt 0.118542 0.00639
vt 0.272568 0.054387
vt 0.294053 0.058809
vt 0.070755 0.460994
vt 0.091156 0.456409
vt 0.256408 0.46109
vt 0.236072 0.456284
vt 0.476027 0.054298
vt 0.454566 0.058747
vt 0.30782 0.005394
vt 0.318697 0.024247
vt 0.104115 0.504346
vt 0.113802 0.487301
vt 0.222942 0.504214
vt 0.21325 0.487163
vt 0.4408 0.005419
vt 0.429925 0.024249
vt 0.002449 0.113461
vt 0.002449 0.188992
vt 0.031216 0.113461
vt 0.031216 0.188992
vt 0.002449 0.741832
vt 0.002449 0.996032
vt 0.031216 0.741832
vt 0.031216 0.996032
vt 0.002449 0.033501
vt 0.031216 0.033501
vt 0.002449 0.004482
vt 0.031216 0.004482
vt 0.002449 0.046298
vt 0.031216 0.046298
vt 0.031216 0.598529
vt 0.002449 0.598529
vt 0.002449 0.094685
vt 0.031216 0.094685
vt 0.031216 0.242506
vt 0.002449 0.242506
vt 0.143218 0.177719
vt 0.189373 0.177003
vt 0.228067 0.224044
vt 0.102232 0.22418
vt 0.221205 0.450138
vt 0.106088 0.450439
vt 0.202757 0.474272
vt 0.124269 0.474419
usemtl SideMirror2SG
f 1667/2327/1647 1668/2328/1647 1669/2329/1647
f 1668/2328/1647 1670/2330/1647 1669/2329/1647
f 1668/2328/1647 1671/2331/1647 1670/2330/1647
f 1671/2331/1647 1672/2332/1647 1670/2330/1647
f 1671/2331/1647 1673/2333/1647 1672/2332/1647
f 1673/2333/1647 1674/2334/1647 1672/2332/1647
f 1675/2335/1648 1667/2336/1649 1676/2337/1650
f 1667/2336/1649 1669/2338/1651 1676/2337/1650
f 1676/2337/1650 1669/2338/1651 1677/2339/1652
f 1669/2338/1651 1670/2340/1653 1677/2339/1652
f 1678/2341/1654 1668/2342/1655 1675/2343/1648
f 1668/2342/1655 1667/2344/1649 1675/2343/1648
f 1677/2339/1652 1670/2340/1653 1679/2345/1656
f 1670/2340/1653 1672/2346/1657 1679/2345/1656
f 1680/2347/1658 1671/2348/1659 1678/2341/1654
f 1671/2348/1659 1668/2342/1655 1678/2341/1654
f 1679/2345/1656 1672/2346/1657 1681/2349/1660
f 1672/2346/1657 1674/2350/1661 1681/2349/1660
f 1681/2349/1660 1674/2350/1661 1682/2351/1662
f 1674/2350/1661 1673/2352/1663 1682/2351/1662
f 1682/2351/1662 1673/2352/1663 1680/2347/1658
f 1673/2352/1663 1671/2348/1659 1680/2347/1658
f 1683/2353/1664 1684/2354/1665 1685/2355/1666
f 1684/2354/1665 1686/2356/1667 1685/2355/1666
f 1683/2353/1664 1687/2357/1668 1684/2354/1665
f 1687/2357/1668 1688/2358/1669 1684/2354/1665
f 1689/2359/1670 1690/2360/1671 1691/2361/1672
f 1690/2360/1671 1692/2362/1673 1691/2361/1672
f 1689/2359/1670 1693/2363/1674 1690/2360/1671
f 1693/2363/1674 1694/2364/1675 1690/2360/1671
f 1695/2365/1676 1696/2366/1677 1697/2367/1678
f 1696/2366/1677 1698/2368/1679 1697/2367/1678
f 1695/2365/1676 1697/2367/1678 1699/2369/1680
f 1697/2367/1678 1700/2370/1681 1699/2369/1680
f 1701/2371/1682 1702/2372/1683 1703/2373/1684
f 1702/2372/1683 1704/2374/1685 1703/2373/1684
f 1701/2371/1682 1705/2375/1686 1702/2372/1683
f 1705/2375/1686 1706/2376/1687 1702/2372/1683
f 1698/2368/1679 1696/2366/1677 1707/2377/1688
f 1696/2366/1677 1708/2378/1689 1707/2377/1688
f 1704/2374/1685 1709/2379/1690 1703/2373/1684
f 1709/2379/1690 1710/2380/1691 1703/2373/1684
f 1694/2364/1675 1693/2363/1674 1711/2381/1692
f 1693/2363/1674 1712/2382/1693 1711/2381/1692
f 1686/2356/1667 1713/2383/1694 1685/2355/1666
f 1713/2383/1694 1714/2384/1695 1685/2355/1666
f 1707/2377/1688 1708/2378/1689 1715/2385/1696
f 1708/2378/1689 1716/2386/1697 1715/2385/1696
f 1709/2379/1690 1717/2387/1698 1710/2380/1691
f 1717/2387/1698 1718/2388/1699 1710/2380/1691
f 1711/2381/1692 1712/2382/1693 1719/2389/1700
f 1712/2382/1693 1720/2390/1701 1719/2389/1700
f 1713/2383/1694 1721/2391/1702 1714/2384/1695
f 1721/2391/1702 1722/2392/1703 1714/2384/1695
f 1716/2386/1697 1722/2392/1703 1715/2385/1696
f 1722/2392/1703 1721/2391/1702 1715/2385/1696
f 1717/2387/1698 1719/2389/1700 1718/2388/1699
f 1719/2389/1700 1720/2390/1701 1718/2388/1699
f 1715/2393/1696 1721/2394/1702 1717/2395/1698
f 1721/2394/1702 1719/2396/1700 1717/2395/1698
f 1684/2397/1665 1688/2398/1669 1690/2399/1671
f 1688/2398/1669 1692/2400/1673 1690/2399/1671
f 1697/2401/1678 1702/2402/1683 1700/2403/1681
f 1702/2402/1683 1706/2404/1687 1700/2403/1681
f 1701/2371/1682 1689/2359/1670 1705/2375/1686
f 1689/2359/1670 1691/2361/1672 1705/2375/1686
f 1699/2369/1680 1687/2357/1668 1695/2365/1676
f 1687/2357/1668 1683/2353/1664 1695/2365/1676
f 1697/2401/1678 1698/2405/1679 1702/2402/1683
f 1698/2405/1679 1704/2406/1685 1702/2402/1683
f 1690/2399/1671 1694/2407/1675 1684/2397/1665
f 1694/2407/1675 1686/2408/1667 1684/2397/1665
f 1683/2353/1664 1685/2355/1666 1695/2365/1676
f 1685/2355/1666 1696/2366/1677 1695/2365/1676
f 1698/2405/1679 1707/2409/1688 1704/2406/1685
f 1707/2409/1688 1709/2410/1690 1704/2406/1685
f 1694/2407/1675 1711/2411/1692 1686/2408/1667
f 1711/2411/1692 1713/2412/1694 1686/2408/1667
f 1685/2355/1666 1714/2384/1695 1696/2366/1677
f 1714/2384/1695 1708/2378/1689 1696/2366/1677
f 1707/2409/1688 1715/2393/1696 1709/2410/1690
f 1715/2393/1696 1717/2395/1698 1709/2410/1690
f 1711/2411/1692 1719/2396/1700 1713/2412/1694
f 1719/2396/1700 1721/2394/1702 1713/2412/1694
f 1714/2384/1695 1722/2392/1703 1708/2378/1689
f 1722/2392/1703 1716/2386/1697 1708/2378/1689
f 1701/2371/1682 1675/2413/1648 1689/2359/1670
f 1675/2413/1648 1676/2414/1650 1689/2359/1670
f 1689/2359/1670 1676/2414/1650 1693/2363/1674
f 1676/2414/1650 1677/2415/1652 1693/2363/1674
f 1701/2371/1682 1703/2373/1684 1675/2413/1648
f 1703/2373/1684 1678/2416/1654 1675/2413/1648
f 1693/2363/1674 1677/2415/1652 1712/2382/1693
f 1677/2415/1652 1679/2417/1656 1712/2382/1693
f 1703/2373/1684 1710/2380/1691 1678/2416/1654
f 1710/2380/1691 1680/2418/1658 1678/2416/1654
f 1720/2390/1701 1712/2382/1693 1681/2419/1660
f 1712/2382/1693 1679/2417/1656 1681/2419/1660
f 1720/2390/1701 1681/2419/1660 1718/2388/1699
f 1681/2419/1660 1682/2420/1662 1718/2388/1699
f 1718/2388/1699 1682/2420/1662 1710/2380/1691
f 1682/2420/1662 1680/2418/1658 1710/2380/1691
s off
g Car_Handle6SG
v 5.66474 0.002323 5.60146
v 5.61405 0.023322 5.60146
v 5.66474 0.002323 5.23904
v 5.61405 0.023322 5.23904
v 5.59305 0.074018 5.60146
v 5.59305 0.074018 5.23904
v 5.66474 0.074018 5.67316
v 5.66474 0.023322 5.65216
v 6.52136 0.074018 5.67316
v 6.52136 0.023322 5.65216
v 6.52136 0.002323 5.60146
v 5.61405 0.074018 5.65216
v 5.59305 0.289138 5.60146
v 5.61405 0.289138 5.65216
v 5.66474 0.289138 5.67316
v 6.59305 0.074018 5.60146
v 6.57205 0.023322 5.60146
v 6.59305 0.074018 5.23904
v 6.57205 0.023322 5.23904
v 6.52136 0.002323 5.23904
v 6.57205 0.074018 5.65216
v 6.52136 0.289138 5.67316
v 6.57205 0.289138 5.65216
v 6.59305 0.289138 5.60146
v 5.61405 0.339834 5.60146
v 5.59305 0.289138 5.23904
v 5.61405 0.339834 5.23904
v 5.66474 0.360833 5.60146
v 5.66474 0.360833 5.23904
v 5.66474 0.339834 5.65216
v 6.52136 0.360833 5.60146
v 6.52136 0.339834 5.65216
v 6.57205 0.339834 5.60146
v 6.52136 0.360833 5.23904
v 6.57205 0.339834 5.23904
v 6.59305 0.289138 5.23904
v 5.61405 0.289138 5.18834
v 5.61405 0.074018 5.18834
v 5.66474 0.289138 5.16734
v 5.66474 0.074018 5.16734
v 5.66474 0.339834 5.18834
v 6.52136 0.289138 5.16734
v 6.52136 0.339834 5.18834
v 6.57205 0.289138 5.18834
v 6.52136 0.074018 5.16734
v 6.57205 0.074018 5.18834
v 5.66474 0.023322 5.18834
v 6.52136 0.023322 5.18834
v 5.62337 0.032639 5.64285
v 6.56273 0.032639 5.64285
v 5.62337 0.330516 5.64285
v 6.56273 0.330516 5.64285
v 5.62337 0.330516 5.19766
v 6.56273 0.330516 5.19766
v 5.62337 0.032639 5.19766
v 6.56273 0.032639 5.19766
vn -0.022169 -0.99851 0.049862
vn -0.706671 -0.706671 0.035114
vn -0.022169 -0.99851 -0.049862
vn -0.706671 -0.706671 -0.035114
vn -0.995987 -0.075805 0.047577
vn -0.995987 -0.075805 -0.047577
vn -0.021608 -0.077436 0.996763
vn -0.015704 -0.707023 0.707016
vn 0.021608 -0.077436 0.996763
vn 0.015704 -0.707023 0.707016
vn 0.022169 -0.99851 0.049862
vn -0.70602 -0.055578 0.706007
vn -0.995987 0.075805 0.047577
vn -0.706021 0.055578 0.706007
vn -0.021609 0.077436 0.996763
vn 0.995987 -0.075805 0.047577
vn 0.706671 -0.706671 0.035114
vn 0.995987 -0.075805 -0.047577
vn 0.706671 -0.706671 -0.035114
vn 0.022169 -0.99851 -0.049862
vn 0.70602 -0.055579 0.706007
vn 0.021608 0.077436 0.996763
vn 0.706021 0.055579 0.706007
vn 0.995987 0.075805 0.047577
vn -0.706671 0.706671 0.035115
vn -0.995987 0.075805 -0.047577
vn -0.706671 0.706671 -0.035115
vn -0.022169 0.99851 0.049863
vn -0.022169 0.99851 -0.049863
vn -0.015704 0.707023 0.707016
vn 0.022169 0.99851 0.049863
vn 0.015704 0.707023 0.707016
vn 0.706671 0.706671 0.035115
vn 0.022169 0.99851 -0.049863
vn 0.706671 0.706671 -0.035115
vn 0.995987 0.075805 -0.047577
vn -0.706018 0.055578 -0.70601
vn -0.706018 -0.055578 -0.70601
vn -0.021608 0.077436 -0.996763
vn -0.021608 -0.077436 -0.996763
vn -0.015704 0.707023 -0.707016
vn 0.021608 0.077436 -0.996763
vn 0.015704 0.707023 -0.707016
vn 0.706018 0.055579 -0.70601
vn 0.021608 -0.077436 -0.996763
vn 0.706018 -0.055579 -0.70601
vn -0.015704 -0.707023 -0.707016
vn 0.015704 -0.707023 -0.707016
vn -0.577357 -0.577353 0.57734
vn 0.577355 -0.577356 0.57734
vn -0.577358 0.577351 0.577341
vn 0.577356 0.577352 0.577343
vn -0.577356 0.577352 -0.577343
vn 0.577354 0.577354 -0.577344
vn -0.577356 -0.577353 -0.577342
vn 0.577356 -0.577354 -0.577341
vt 0.458982 0.761158
vt 0.45953 0.796477
vt 0.236502 0.761267
vt 0.2358 0.795008
vt 0.458783 0.83024
vt 0.236101 0.828777
vt 0.526307 0.761088
vt 0.492688 0.761363
vt 0.525751 0.236378
vt 0.492131 0.236174
vt 0.458518 0.23643
vt 0.492593 0.829712
vt 0.457852 0.962285
vt 0.491647 0.963291
vt 0.525547 0.794795
vt 0.658872 0.794613
vt 0.658017 0.760905
vt 0.458479 0.169158
vt 0.459012 0.202802
vt 0.236603 0.169223
vt 0.23609 0.202867
vt 0.236604 0.236497
vt 0.524917 0.20267
vt 0.657462 0.236286
vt 0.658248 0.202578
vt 0.492163 0.169895
vt 0.492053 0.036799
vt 0.458376 0.03759
vt 0.458114 0.996032
vt 0.235293 0.960822
vt 0.234588 0.994564
vt 0.724731 0.794433
vt 0.725232 0.760802
vt 0.947698 0.794165
vt 0.947117 0.760537
vt 0.691629 0.761083
vt 0.724677 0.236246
vt 0.691074 0.236037
vt 0.724103 0.202617
vt 0.946567 0.236033
vt 0.947078 0.202403
vt 0.458847 0.003968
vt 0.23613 0.004037
vt 0.236622 0.037658
vt 0.201485 0.961382
vt 0.202302 0.827803
vt 0.036703 0.794905
vt 0.037526 0.761195
vt 0.170052 0.79496
vt 0.169257 0.761244
vt 0.003907 0.761409
vt 0.037639 0.236472
vt 0.004021 0.236243
vt 0.980717 0.760738
vt 0.980168 0.235762
vt 0.036833 0.202761
vt 0.169368 0.236484
vt 0.170179 0.202771
vt 0.202944 0.036889
vt 0.202921 0.16998
vt 0.202878 0.761482
vt 0.202989 0.23626
vt 0.487536 0.801676
vt 0.488336 0.790321
vt 0.497562 0.789431
vt 0.48712 0.208028
vt 0.486951 0.197798
vt 0.496938 0.208095
vt 0.696636 0.789213
vt 0.486184 0.991244
vt 0.686848 0.78917
vt 0.486786 0.008915
vt 0.696024 0.207901
vt 0.686231 0.207967
vt 0.008723 0.789485
vt 0.206578 0.989411
vt 0.975772 0.78887
vt 0.208194 0.009001
vt 0.00885 0.208166
vt 0.975169 0.207634
vt 0.207742 0.789623
vt 0.207733 0.799837
vt 0.198043 0.789567
vt 0.208152 0.197875
vt 0.207983 0.208111
vt 0.198164 0.208179
usemtl Handle6SG
f 1723/2421/1704 1724/2422/1705 1725/2423/1706
f 1725/2423/1706 1724/2422/1705 1726/2424/1707
f 1724/2422/1705 1727/2425/1708 1726/2424/1707
f 1726/2424/1707 1727/2425/1708 1728/2426/1709
f 1729/2427/1710 1730/2428/1711 1731/2429/1712
f 1731/2429/1712 1730/2428/1711 1732/2430/1713
f 1730/2428/1711 1723/2421/1704 1732/2430/1713
f 1732/2430/1713 1723/2421/1704 1733/2431/1714
f 1727/2425/1708 1734/2432/1715 1735/2433/1716
f 1735/2433/1716 1734/2432/1715 1736/2434/1717
f 1734/2435/1715 1729/2427/1710 1736/2436/1717
f 1736/2436/1717 1729/2427/1710 1737/2437/1718
f 1738/2438/1719 1739/2439/1720 1740/2440/1721
f 1740/2440/1721 1739/2439/1720 1741/2441/1722
f 1739/2439/1720 1733/2431/1714 1741/2441/1722
f 1741/2441/1722 1733/2431/1714 1742/2442/1723
f 1731/2429/1712 1743/2443/1724 1744/2444/1725
f 1744/2444/1725 1743/2443/1724 1745/2445/1726
f 1743/2446/1724 1738/2438/1719 1745/2447/1726
f 1745/2447/1726 1738/2438/1719 1746/2448/1727
f 1735/2433/1716 1747/2449/1728 1748/2450/1729
f 1748/2450/1729 1747/2449/1728 1749/2451/1730
f 1747/2452/1728 1750/2453/1731 1749/2454/1730
f 1749/2454/1730 1750/2453/1731 1751/2455/1732
f 1750/2453/1731 1752/2456/1733 1753/2457/1734
f 1753/2457/1734 1752/2456/1733 1754/2458/1735
f 1752/2456/1733 1737/2437/1718 1754/2458/1735
f 1754/2458/1735 1737/2437/1718 1744/2444/1725
f 1753/2457/1734 1755/2459/1736 1756/2460/1737
f 1756/2460/1737 1755/2459/1736 1757/2461/1738
f 1755/2462/1736 1746/2448/1727 1757/2463/1738
f 1757/2463/1738 1746/2448/1727 1758/2464/1739
f 1748/2450/1729 1759/2465/1740 1728/2426/1709
f 1728/2426/1709 1759/2465/1740 1760/2466/1741
f 1759/2467/1740 1761/2468/1742 1760/2469/1741
f 1760/2469/1741 1761/2468/1742 1762/2470/1743
f 1761/2468/1742 1763/2471/1744 1764/2472/1745
f 1764/2472/1745 1763/2471/1744 1765/2473/1746
f 1763/2474/1744 1751/2455/1732 1765/2475/1746
f 1765/2475/1746 1751/2455/1732 1756/2460/1737
f 1764/2472/1745 1766/2476/1747 1767/2477/1748
f 1767/2477/1748 1766/2476/1747 1768/2478/1749
f 1766/2479/1747 1758/2464/1739 1768/2480/1749
f 1768/2480/1749 1758/2464/1739 1740/2440/1721
f 1725/2423/1706 1769/2481/1750 1742/2442/1723
f 1742/2442/1723 1769/2481/1750 1770/2482/1751
f 1769/2481/1750 1762/2470/1743 1770/2482/1751
f 1770/2482/1751 1762/2470/1743 1767/2477/1748
f 1729/2427/1710 1731/2429/1712 1737/2437/1718
f 1737/2437/1718 1731/2429/1712 1744/2444/1725
f 1750/2453/1731 1753/2457/1734 1751/2455/1732
f 1751/2455/1732 1753/2457/1734 1756/2460/1737
f 1725/2423/1706 1742/2442/1723 1723/2421/1704
f 1723/2421/1704 1742/2442/1723 1733/2431/1714
f 1738/2438/1719 1740/2440/1721 1746/2448/1727
f 1746/2448/1727 1740/2440/1721 1758/2464/1739
f 1728/2426/1709 1727/2425/1708 1748/2450/1729
f 1748/2450/1729 1727/2425/1708 1735/2433/1716
f 1764/2472/1745 1767/2477/1748 1761/2468/1742
f 1761/2468/1742 1767/2477/1748 1762/2470/1743
f 1734/2432/1715 1727/2425/1708 1771/2483/1752
f 1771/2483/1752 1727/2425/1708 1724/2422/1705
f 1724/2422/1705 1723/2421/1704 1771/2484/1752
f 1771/2484/1752 1723/2421/1704 1730/2428/1711
f 1730/2428/1711 1729/2427/1710 1771/2485/1752
f 1771/2485/1752 1729/2427/1710 1734/2435/1715
f 1732/2430/1713 1733/2431/1714 1772/2486/1753
f 1772/2486/1753 1733/2431/1714 1739/2439/1720
f 1739/2439/1720 1738/2438/1719 1772/2487/1753
f 1772/2487/1753 1738/2438/1719 1743/2446/1724
f 1743/2443/1724 1731/2429/1712 1772/2488/1753
f 1772/2488/1753 1731/2429/1712 1732/2430/1713
f 1752/2456/1733 1750/2453/1731 1773/2489/1754
f 1773/2489/1754 1750/2453/1731 1747/2452/1728
f 1747/2449/1728 1735/2433/1716 1773/2490/1754
f 1773/2490/1754 1735/2433/1716 1736/2434/1717
f 1736/2436/1717 1737/2437/1718 1773/2491/1754
f 1773/2491/1754 1737/2437/1718 1752/2456/1733
f 1745/2447/1726 1746/2448/1727 1774/2492/1755
f 1774/2492/1755 1746/2448/1727 1755/2462/1736
f 1755/2459/1736 1753/2457/1734 1774/2493/1755
f 1774/2493/1755 1753/2457/1734 1754/2458/1735
f 1754/2458/1735 1744/2444/1725 1774/2494/1755
f 1774/2494/1755 1744/2444/1725 1745/2445/1726
f 1763/2471/1744 1761/2468/1742 1775/2495/1756
f 1775/2495/1756 1761/2468/1742 1759/2467/1740
f 1759/2465/1740 1748/2450/1729 1775/2496/1756
f 1775/2496/1756 1748/2450/1729 1749/2451/1730
f 1749/2454/1730 1751/2455/1732 1775/2497/1756
f 1775/2497/1756 1751/2455/1732 1763/2474/1744
f 1757/2463/1738 1758/2464/1739 1776/2498/1757
f 1776/2498/1757 1758/2464/1739 1766/2479/1747
f 1766/2476/1747 1764/2472/1745 1776/2499/1757
f 1776/2499/1757 1764/2472/1745 1765/2473/1746
f 1765/2475/1746 1756/2460/1737 1776/2500/1757
f 1776/2500/1757 1756/2460/1737 1757/2461/1738
f 1769/2481/1750 1725/2423/1706 1777/2501/1758
f 1777/2501/1758 1725/2423/1706 1726/2424/1707
f 1726/2424/1707 1728/2426/1709 1777/2502/1758
f 1777/2502/1758 1728/2426/1709 1760/2466/1741
f 1760/2469/1741 1762/2470/1743 1777/2503/1758
f 1777/2503/1758 1762/2470/1743 1769/2481/1750
f 1768/2480/1749 1740/2440/1721 1778/2504/1759
f 1778/2504/1759 1740/2440/1721 1741/2441/1722
f 1741/2441/1722 1742/2442/1723 1778/2505/1759
f 1778/2505/1759 1742/2442/1723 1770/2482/1751
f 1770/2482/1751 1767/2477/1748 1778/2506/1759
f 1778/2506/1759 1767/2477/1748 1768/2478/1749
s off
g Car_Handle7SG
v 5.66474 0.002323 -5.60146
v 5.66474 0.002323 -5.23903
v 5.61405 0.023322 -5.60146
v 5.61405 0.023322 -5.23903
v 5.59305 0.074018 -5.60146
v 5.59305 0.074018 -5.23903
v 5.66474 0.074018 -5.67315
v 6.52136 0.074018 -5.67315
v 5.66474 0.023322 -5.65216
v 6.52136 0.023322 -5.65216
v 6.52136 0.002323 -5.60146
v 5.59305 0.289138 -5.60146
v 5.61405 0.074018 -5.65216
v 5.61405 0.289138 -5.65216
v 5.66474 0.289138 -5.67315
v 6.59305 0.074018 -5.60146
v 6.59305 0.074018 -5.23903
v 6.57205 0.023322 -5.60146
v 6.57205 0.023322 -5.23903
v 6.52136 0.002323 -5.23903
v 6.52136 0.289138 -5.67315
v 6.57205 0.074018 -5.65216
v 6.57205 0.289138 -5.65216
v 6.59305 0.289138 -5.60146
v 5.59305 0.289138 -5.23903
v 5.61405 0.339834 -5.60146
v 5.61405 0.339834 -5.23903
v 5.66474 0.360833 -5.60146
v 5.66474 0.360833 -5.23903
v 6.52136 0.360833 -5.60146
v 5.66474 0.339834 -5.65216
v 6.52136 0.339834 -5.65216
v 6.52136 0.360833 -5.23903
v 6.57205 0.339834 -5.60146
v 6.57205 0.339834 -5.23903
v 6.59305 0.289138 -5.23903
v 5.61405 0.289138 -5.18833
v 5.61405 0.074018 -5.18833
v 5.66474 0.289138 -5.16733
v 5.66474 0.074018 -5.16733
v 6.52136 0.289138 -5.16733
v 5.66474 0.339834 -5.18833
v 6.52136 0.339834 -5.18833
v 6.52136 0.074018 -5.16733
v 6.57205 0.289138 -5.18833
v 6.57205 0.074018 -5.18833
v 5.66474 0.023322 -5.18833
v 6.52136 0.023322 -5.18833
v 5.62337 0.032639 -5.64284
v 6.56273 0.032639 -5.64284
v 5.62337 0.330516 -5.64284
v 6.56273 0.330516 -5.64284
v 5.62337 0.330516 -5.19765
v 6.56273 0.330516 -5.19765
v 5.62337 0.032639 -5.19765
v 6.56273 0.032639 -5.19765
vn -0.022169 -0.99851 -0.049862
vn -0.022169 -0.99851 0.049862
vn -0.706671 -0.706671 -0.035114
vn -0.706671 -0.706671 0.035114
vn -0.995987 -0.075805 -0.047577
vn -0.995987 -0.075805 0.047577
vn -0.021608 -0.077436 -0.996763
vn 0.021608 -0.077436 -0.996763
vn -0.015704 -0.707023 -0.707016
vn 0.015704 -0.707023 -0.707016
vn 0.022169 -0.99851 -0.049862
vn -0.995987 0.075805 -0.047577
vn -0.70602 -0.055578 -0.706007
vn -0.706021 0.055578 -0.706007
vn -0.021609 0.077436 -0.996763
vn 0.995987 -0.075805 -0.047577
vn 0.995987 -0.075805 0.047577
vn 0.706671 -0.706671 -0.035114
vn 0.706671 -0.706671 0.035114
vn 0.022169 -0.99851 0.049862
vn 0.021608 0.077436 -0.996763
vn 0.70602 -0.055579 -0.706007
vn 0.706021 0.055579 -0.706007
vn 0.995987 0.075805 -0.047577
vn -0.995987 0.075805 0.047577
vn -0.706671 0.706671 -0.035115
vn -0.706671 0.706671 0.035115
vn -0.022169 0.99851 -0.049863
vn -0.022169 0.99851 0.049863
vn 0.022169 0.99851 -0.049863
vn -0.015704 0.707023 -0.707016
vn 0.015704 0.707023 -0.707016
vn 0.022169 0.99851 0.049863
vn 0.706671 0.706671 -0.035115
vn 0.706671 0.706671 0.035115
vn 0.995987 0.075805 0.047577
vn -0.706018 0.055578 0.70601
vn -0.706018 -0.055578 0.70601
vn -0.021608 0.077436 0.996763
vn -0.021608 -0.077436 0.996763
vn 0.021608 0.077436 0.996763
vn -0.015704 0.707023 0.707016
vn 0.015704 0.707023 0.707016
vn 0.021608 -0.077436 0.996763
vn 0.706018 0.055579 0.70601
vn 0.706018 -0.055579 0.70601
vn -0.015704 -0.707023 0.707016
vn 0.015704 -0.707023 0.707016
vn -0.577357 -0.577353 -0.57734
vn 0.577355 -0.577356 -0.57734
vn -0.577358 0.577351 -0.577341
vn 0.577356 0.577352 -0.577343
vn -0.577356 0.577352 0.577343
vn 0.577354 0.577354 0.577344
vn -0.577356 -0.577353 0.577342
vn 0.577356 -0.577354 0.577341
vt 0.458982 0.761158
vt 0.236502 0.761267
vt 0.45953 0.796477
vt 0.2358 0.795008
vt 0.458783 0.83024
vt 0.236101 0.828777
vt 0.526307 0.761088
vt 0.525751 0.236378
vt 0.492688 0.761363
vt 0.492131 0.236174
vt 0.458518 0.23643
vt 0.457852 0.962285
vt 0.492593 0.829712
vt 0.491647 0.963291
vt 0.525547 0.794795
vt 0.658872 0.794613
vt 0.658017 0.760905
vt 0.458479 0.169158
vt 0.236603 0.169223
vt 0.459012 0.202802
vt 0.23609 0.202867
vt 0.236604 0.236497
vt 0.657462 0.236286
vt 0.524917 0.20267
vt 0.658248 0.202578
vt 0.492163 0.169895
vt 0.492053 0.036799
vt 0.458376 0.03759
vt 0.235293 0.960822
vt 0.458114 0.996032
vt 0.234588 0.994564
vt 0.724731 0.794433
vt 0.947698 0.794165
vt 0.725232 0.760802
vt 0.947117 0.760537
vt 0.724677 0.236246
vt 0.691629 0.761083
vt 0.691074 0.236037
vt 0.946567 0.236033
vt 0.724103 0.202617
vt 0.947078 0.202403
vt 0.458847 0.003968
vt 0.23613 0.004037
vt 0.236622 0.037658
vt 0.201485 0.961382
vt 0.202302 0.827803
vt 0.036703 0.794905
vt 0.170052 0.79496
vt 0.037526 0.761195
vt 0.169257 0.761244
vt 0.037639 0.236472
vt 0.003907 0.761409
vt 0.004021 0.236243
vt 0.980717 0.760738
vt 0.980168 0.235762
vt 0.169368 0.236484
vt 0.036833 0.202761
vt 0.170179 0.202771
vt 0.202944 0.036889
vt 0.202921 0.16998
vt 0.202878 0.761482
vt 0.202989 0.23626
vt 0.487536 0.801676
vt 0.488336 0.790321
vt 0.497562 0.789431
vt 0.48712 0.208028
vt 0.486951 0.197798
vt 0.496938 0.208095
vt 0.696636 0.789213
vt 0.486184 0.991244
vt 0.686848 0.78917
vt 0.486786 0.008915
vt 0.696024 0.207901
vt 0.686231 0.207967
vt 0.008723 0.789485
vt 0.206578 0.989411
vt 0.975772 0.78887
vt 0.208194 0.009001
vt 0.00885 0.208166
vt 0.975169 0.207634
vt 0.207742 0.789623
vt 0.207733 0.799837
vt 0.198043 0.789567
vt 0.208152 0.197875
vt 0.207983 0.208111
vt 0.198164 0.208179
usemtl Handle7SG
f 1779/2507/1760 1780/2508/1761 1781/2509/1762
f 1780/2508/1761 1782/2510/1763 1781/2509/1762
f 1781/2509/1762 1782/2510/1763 1783/2511/1764
f 1782/2510/1763 1784/2512/1765 1783/2511/1764
f 1785/2513/1766 1786/2514/1767 1787/2515/1768
f 1786/2514/1767 1788/2516/1769 1787/2515/1768
f 1787/2515/1768 1788/2516/1769 1779/2507/1760
f 1788/2516/1769 1789/2517/1770 1779/2507/1760
f 1783/2511/1764 1790/2518/1771 1791/2519/1772
f 1790/2518/1771 1792/2520/1773 1791/2519/1772
f 1791/2521/1772 1792/2522/1773 1785/2513/1766
f 1792/2522/1773 1793/2523/1774 1785/2513/1766
f 1794/2524/1775 1795/2525/1776 1796/2526/1777
f 1795/2525/1776 1797/2527/1778 1796/2526/1777
f 1796/2526/1777 1797/2527/1778 1789/2517/1770
f 1797/2527/1778 1798/2528/1779 1789/2517/1770
f 1786/2514/1767 1799/2529/1780 1800/2530/1781
f 1799/2529/1780 1801/2531/1782 1800/2530/1781
f 1800/2532/1781 1801/2533/1782 1794/2524/1775
f 1801/2533/1782 1802/2534/1783 1794/2524/1775
f 1790/2518/1771 1803/2535/1784 1804/2536/1785
f 1803/2535/1784 1805/2537/1786 1804/2536/1785
f 1804/2538/1785 1805/2539/1786 1806/2540/1787
f 1805/2539/1786 1807/2541/1788 1806/2540/1787
f 1806/2540/1787 1808/2542/1789 1809/2543/1790
f 1808/2542/1789 1810/2544/1791 1809/2543/1790
f 1809/2543/1790 1810/2544/1791 1793/2523/1774
f 1810/2544/1791 1799/2529/1780 1793/2523/1774
f 1808/2542/1789 1811/2545/1792 1812/2546/1793
f 1811/2545/1792 1813/2547/1794 1812/2546/1793
f 1812/2548/1793 1813/2549/1794 1802/2534/1783
f 1813/2549/1794 1814/2550/1795 1802/2534/1783
f 1803/2535/1784 1784/2512/1765 1815/2551/1796
f 1784/2512/1765 1816/2552/1797 1815/2551/1796
f 1815/2553/1796 1816/2554/1797 1817/2555/1798
f 1816/2554/1797 1818/2556/1799 1817/2555/1798
f 1817/2555/1798 1819/2557/1800 1820/2558/1801
f 1819/2557/1800 1821/2559/1802 1820/2558/1801
f 1820/2560/1801 1821/2561/1802 1807/2541/1788
f 1821/2561/1802 1811/2545/1792 1807/2541/1788
f 1819/2557/1800 1822/2562/1803 1823/2563/1804
f 1822/2562/1803 1824/2564/1805 1823/2563/1804
f 1823/2565/1804 1824/2566/1805 1814/2550/1795
f 1824/2566/1805 1795/2525/1776 1814/2550/1795
f 1780/2508/1761 1798/2528/1779 1825/2567/1806
f 1798/2528/1779 1826/2568/1807 1825/2567/1806
f 1825/2567/1806 1826/2568/1807 1818/2556/1799
f 1826/2568/1807 1822/2562/1803 1818/2556/1799
f 1785/2513/1766 1793/2523/1774 1786/2514/1767
f 1793/2523/1774 1799/2529/1780 1786/2514/1767
f 1806/2540/1787 1807/2541/1788 1808/2542/1789
f 1807/2541/1788 1811/2545/1792 1808/2542/1789
f 1780/2508/1761 1779/2507/1760 1798/2528/1779
f 1779/2507/1760 1789/2517/1770 1798/2528/1779
f 1794/2524/1775 1802/2534/1783 1795/2525/1776
f 1802/2534/1783 1814/2550/1795 1795/2525/1776
f 1784/2512/1765 1803/2535/1784 1783/2511/1764
f 1803/2535/1784 1790/2518/1771 1783/2511/1764
f 1819/2557/1800 1817/2555/1798 1822/2562/1803
f 1817/2555/1798 1818/2556/1799 1822/2562/1803
f 1791/2519/1772 1827/2569/1808 1783/2511/1764
f 1827/2569/1808 1781/2509/1762 1783/2511/1764
f 1781/2509/1762 1827/2570/1808 1779/2507/1760
f 1827/2570/1808 1787/2515/1768 1779/2507/1760
f 1787/2515/1768 1827/2571/1808 1785/2513/1766
f 1827/2571/1808 1791/2521/1772 1785/2513/1766
f 1788/2516/1769 1828/2572/1809 1789/2517/1770
f 1828/2572/1809 1796/2526/1777 1789/2517/1770
f 1796/2526/1777 1828/2573/1809 1794/2524/1775
f 1828/2573/1809 1800/2532/1781 1794/2524/1775
f 1800/2530/1781 1828/2574/1809 1786/2514/1767
f 1828/2574/1809 1788/2516/1769 1786/2514/1767
f 1809/2543/1790 1829/2575/1810 1806/2540/1787
f 1829/2575/1810 1804/2538/1785 1806/2540/1787
f 1804/2536/1785 1829/2576/1810 1790/2518/1771
f 1829/2576/1810 1792/2520/1773 1790/2518/1771
f 1792/2522/1773 1829/2577/1810 1793/2523/1774
f 1829/2577/1810 1809/2543/1790 1793/2523/1774
f 1801/2533/1782 1830/2578/1811 1802/2534/1783
f 1830/2578/1811 1812/2548/1793 1802/2534/1783
f 1812/2546/1793 1830/2579/1811 1808/2542/1789
f 1830/2579/1811 1810/2544/1791 1808/2542/1789
f 1810/2544/1791 1830/2580/1811 1799/2529/1780
f 1830/2580/1811 1801/2531/1782 1799/2529/1780
f 1820/2558/1801 1831/2581/1812 1817/2555/1798
f 1831/2581/1812 1815/2553/1796 1817/2555/1798
f 1815/2551/1796 1831/2582/1812 1803/2535/1784
f 1831/2582/1812 1805/2537/1786 1803/2535/1784
f 1805/2539/1786 1831/2583/1812 1807/2541/1788
f 1831/2583/1812 1820/2560/1801 1807/2541/1788
f 1813/2549/1794 1832/2584/1813 1814/2550/1795
f 1832/2584/1813 1823/2565/1804 1814/2550/1795
f 1823/2563/1804 1832/2585/1813 1819/2557/1800
f 1832/2585/1813 1821/2559/1802 1819/2557/1800
f 1821/2561/1802 1832/2586/1813 1811/2545/1792
f 1832/2586/1813 1813/2547/1794 1811/2545/1792
f 1825/2567/1806 1833/2587/1814 1780/2508/1761
f 1833/2587/1814 1782/2510/1763 1780/2508/1761
f 1782/2510/1763 1833/2588/1814 1784/2512/1765
f 1833/2588/1814 1816/2552/1797 1784/2512/1765
f 1816/2554/1797 1833/2589/1814 1818/2556/1799
f 1833/2589/1814 1825/2567/1806 1818/2556/1799
f 1824/2566/1805 1834/2590/1815 1795/2525/1776
f 1834/2590/1815 1797/2527/1778 1795/2525/1776
f 1797/2527/1778 1834/2591/1815 1798/2528/1779
f 1834/2591/1815 1826/2568/1807 1798/2528/1779
f 1826/2568/1807 1834/2592/1815 1822/2562/1803
f 1834/2592/1815 1824/2564/1805 1822/2562/1803
s off
g Car_Handle8SG
v 0.53875 0.002323 -5.60146
v 0.53875 0.002323 -5.23903
v 0.488052 0.023322 -5.60146
v 0.488052 0.023322 -5.23903
v 0.467056 0.074018 -5.60146
v 0.467056 0.074018 -5.23903
v 0.53875 0.074018 -5.67315
v 1.39536 0.074018 -5.67315
v 0.53875 0.023322 -5.65216
v 1.39536 0.023322 -5.65216
v 1.39536 0.002323 -5.60146
v 0.467056 0.289138 -5.60146
v 0.488052 0.074018 -5.65216
v 0.488052 0.289138 -5.65216
v 0.53875 0.289138 -5.67315
v 1.46706 0.074018 -5.60146
v 1.46706 0.074018 -5.23903
v 1.44606 0.023322 -5.60146
v 1.44606 0.023322 -5.23903
v 1.39536 0.002323 -5.23903
v 1.39536 0.289138 -5.67315
v 1.44606 0.074018 -5.65216
v 1.44606 0.289138 -5.65216
v 1.46706 0.289138 -5.60146
v 0.467056 0.289138 -5.23903
v 0.488052 0.339834 -5.60146
v 0.488052 0.339834 -5.23903
v 0.53875 0.360833 -5.60146
v 0.53875 0.360833 -5.23903
v 1.39536 0.360833 -5.60146
v 0.53875 0.339834 -5.65216
v 1.39536 0.339834 -5.65216
v 1.39536 0.360833 -5.23903
v 1.44606 0.339834 -5.60146
v 1.44606 0.339834 -5.23903
v 1.46706 0.289138 -5.23903
v 0.488052 0.289138 -5.18833
v 0.488052 0.074018 -5.18833
v 0.53875 0.289138 -5.16733
v 0.53875 0.074018 -5.16733
v 1.39536 0.289138 -5.16733
v 0.53875 0.339834 -5.18833
v 1.39536 0.339834 -5.18833
v 1.39536 0.074018 -5.16733
v 1.44606 0.289138 -5.18833
v 1.44606 0.074018 -5.18833
v 0.53875 0.023322 -5.18833
v 1.39536 0.023322 -5.18833
v 0.497372 0.032639 -5.64284
v 1.43674 0.032639 -5.64284
v 0.497372 0.330516 -5.64284
v 1.43674 0.330516 -5.64284
v 0.497372 0.330516 -5.19765
v 1.43674 0.330516 -5.19765
v 0.497372 0.032639 -5.19765
v 1.43674 0.032639 -5.19765
vn -0.022169 -0.99851 -0.049862
vn -0.022169 -0.99851 0.049862
vn -0.706671 -0.706671 -0.035114
vn -0.706671 -0.706671 0.035114
vn -0.995987 -0.075805 -0.047577
vn -0.995987 -0.075805 0.047577
vn -0.021608 -0.077436 -0.996763
vn 0.021608 -0.077436 -0.996763
vn -0.015704 -0.707023 -0.707016
vn 0.015704 -0.707023 -0.707016
vn 0.022169 -0.99851 -0.049862
vn -0.995987 0.075805 -0.047577
vn -0.70602 -0.055578 -0.706007
vn -0.706021 0.055578 -0.706007
vn -0.021609 0.077436 -0.996763
vn 0.995987 -0.075805 -0.047577
vn 0.995987 -0.075805 0.047577
vn 0.706671 -0.706671 -0.035114
vn 0.706671 -0.706671 0.035114
vn 0.022169 -0.99851 0.049862
vn 0.021608 0.077436 -0.996763
vn 0.70602 -0.055579 -0.706007
vn 0.706021 0.055579 -0.706007
vn 0.995987 0.075805 -0.047577
vn -0.995987 0.075805 0.047577
vn -0.706671 0.706671 -0.035115
vn -0.706671 0.706671 0.035115
vn -0.022169 0.99851 -0.049863
vn -0.022169 0.99851 0.049863
vn 0.022169 0.99851 -0.049863
vn -0.015704 0.707023 -0.707016
vn 0.015704 0.707023 -0.707016
vn 0.022169 0.99851 0.049863
vn 0.706671 0.706671 -0.035115
vn 0.706671 0.706671 0.035115
vn 0.995987 0.075805 0.047577
vn -0.706018 0.055578 0.70601
vn -0.706018 -0.055578 0.70601
vn -0.021608 0.077436 0.996763
vn -0.021608 -0.077436 0.996763
vn 0.021608 0.077436 0.996763
vn -0.015704 0.707023 0.707016
vn 0.015704 0.707023 0.707016
vn 0.021608 -0.077436 0.996763
vn 0.706018 0.055579 0.70601
vn 0.706018 -0.055579 0.70601
vn -0.015704 -0.707023 0.707016
vn 0.015704 -0.707023 0.707016
vn -0.577357 -0.577353 -0.57734
vn 0.577355 -0.577356 -0.57734
vn -0.577358 0.577351 -0.577341
vn 0.577356 0.577352 -0.577343
vn -0.577356 0.577352 0.577343
vn 0.577354 0.577354 0.577344
vn -0.577356 -0.577353 0.577342
vn 0.577356 -0.577354 0.577341
vt 0.458982 0.761158
vt 0.236502 0.761267
vt 0.45953 0.796477
vt 0.2358 0.795008
vt 0.458783 0.83024
vt 0.236101 0.828777
vt 0.526307 0.761088
vt 0.525751 0.236378
vt 0.492688 0.761363
vt 0.492131 0.236174
vt 0.458518 0.23643
vt 0.457852 0.962285
vt 0.492593 0.829712
vt 0.491647 0.963291
vt 0.525547 0.794795
vt 0.658872 0.794613
vt 0.658017 0.760905
vt 0.458479 0.169158
vt 0.236603 0.169223
vt 0.459012 0.202802
vt 0.23609 0.202867
vt 0.236604 0.236497
vt 0.657462 0.236286
vt 0.524917 0.20267
vt 0.658248 0.202578
vt 0.492163 0.169895
vt 0.492053 0.036799
vt 0.458376 0.03759
vt 0.235293 0.960822
vt 0.458114 0.996032
vt 0.234588 0.994564
vt 0.724731 0.794433
vt 0.947698 0.794165
vt 0.725232 0.760802
vt 0.947117 0.760537
vt 0.724677 0.236246
vt 0.691629 0.761083
vt 0.691074 0.236037
vt 0.946567 0.236033
vt 0.724103 0.202617
vt 0.947078 0.202403
vt 0.458847 0.003968
vt 0.23613 0.004037
vt 0.236622 0.037658
vt 0.201485 0.961382
vt 0.202302 0.827803
vt 0.036703 0.794905
vt 0.170052 0.79496
vt 0.037526 0.761195
vt 0.169257 0.761244
vt 0.037639 0.236472
vt 0.003907 0.761409
vt 0.004021 0.236243
vt 0.980717 0.760738
vt 0.980168 0.235762
vt 0.169368 0.236484
vt 0.036833 0.202761
vt 0.170179 0.202771
vt 0.202944 0.036889
vt 0.202921 0.16998
vt 0.202878 0.761482
vt 0.202989 0.23626
vt 0.487536 0.801676
vt 0.488336 0.790321
vt 0.497562 0.789431
vt 0.48712 0.208028
vt 0.486951 0.197798
vt 0.496938 0.208095
vt 0.696636 0.789213
vt 0.486184 0.991244
vt 0.686848 0.78917
vt 0.486786 0.008915
vt 0.696024 0.207901
vt 0.686231 0.207967
vt 0.008723 0.789485
vt 0.206578 0.989411
vt 0.975772 0.78887
vt 0.208194 0.009001
vt 0.00885 0.208166
vt 0.975169 0.207634
vt 0.207742 0.789623
vt 0.207733 0.799837
vt 0.198043 0.789567
vt 0.208152 0.197875
vt 0.207983 0.208111
vt 0.198164 0.208179
usemtl Handle8SG
f 1835/2593/1816 1836/2594/1817 1837/2595/1818
f 1836/2594/1817 1838/2596/1819 1837/2595/1818
f 1837/2595/1818 1838/2596/1819 1839/2597/1820
f 1838/2596/1819 1840/2598/1821 1839/2597/1820
f 1841/2599/1822 1842/2600/1823 1843/2601/1824
f 1842/2600/1823 1844/2602/1825 1843/2601/1824
f 1843/2601/1824 1844/2602/1825 1835/2593/1816
f 1844/2602/1825 1845/2603/1826 1835/2593/1816
f 1839/2597/1820 1846/2604/1827 1847/2605/1828
f 1846/2604/1827 1848/2606/1829 1847/2605/1828
f 1847/2607/1828 1848/2608/1829 1841/2599/1822
f 1848/2608/1829 1849/2609/1830 1841/2599/1822
f 1850/2610/1831 1851/2611/1832 1852/2612/1833
f 1851/2611/1832 1853/2613/1834 1852/2612/1833
f 1852/2612/1833 1853/2613/1834 1845/2603/1826
f 1853/2613/1834 1854/2614/1835 1845/2603/1826
f 1842/2600/1823 1855/2615/1836 1856/2616/1837
f 1855/2615/1836 1857/2617/1838 1856/2616/1837
f 1856/2618/1837 1857/2619/1838 1850/2610/1831
f 1857/2619/1838 1858/2620/1839 1850/2610/1831
f 1846/2604/1827 1859/2621/1840 1860/2622/1841
f 1859/2621/1840 1861/2623/1842 1860/2622/1841
f 1860/2624/1841 1861/2625/1842 1862/2626/1843
f 1861/2625/1842 1863/2627/1844 1862/2626/1843
f 1862/2626/1843 1864/2628/1845 1865/2629/1846
f 1864/2628/1845 1866/2630/1847 1865/2629/1846
f 1865/2629/1846 1866/2630/1847 1849/2609/1830
f 1866/2630/1847 1855/2615/1836 1849/2609/1830
f 1864/2628/1845 1867/2631/1848 1868/2632/1849
f 1867/2631/1848 1869/2633/1850 1868/2632/1849
f 1868/2634/1849 1869/2635/1850 1858/2620/1839
f 1869/2635/1850 1870/2636/1851 1858/2620/1839
f 1859/2621/1840 1840/2598/1821 1871/2637/1852
f 1840/2598/1821 1872/2638/1853 1871/2637/1852
f 1871/2639/1852 1872/2640/1853 1873/2641/1854
f 1872/2640/1853 1874/2642/1855 1873/2641/1854
f 1873/2641/1854 1875/2643/1856 1876/2644/1857
f 1875/2643/1856 1877/2645/1858 1876/2644/1857
f 1876/2646/1857 1877/2647/1858 1863/2627/1844
f 1877/2647/1858 1867/2631/1848 1863/2627/1844
f 1875/2643/1856 1878/2648/1859 1879/2649/1860
f 1878/2648/1859 1880/2650/1861 1879/2649/1860
f 1879/2651/1860 1880/2652/1861 1870/2636/1851
f 1880/2652/1861 1851/2611/1832 1870/2636/1851
f 1836/2594/1817 1854/2614/1835 1881/2653/1862
f 1854/2614/1835 1882/2654/1863 1881/2653/1862
f 1881/2653/1862 1882/2654/1863 1874/2642/1855
f 1882/2654/1863 1878/2648/1859 1874/2642/1855
f 1841/2599/1822 1849/2609/1830 1842/2600/1823
f 1849/2609/1830 1855/2615/1836 1842/2600/1823
f 1862/2626/1843 1863/2627/1844 1864/2628/1845
f 1863/2627/1844 1867/2631/1848 1864/2628/1845
f 1836/2594/1817 1835/2593/1816 1854/2614/1835
f 1835/2593/1816 1845/2603/1826 1854/2614/1835
f 1850/2610/1831 1858/2620/1839 1851/2611/1832
f 1858/2620/1839 1870/2636/1851 1851/2611/1832
f 1840/2598/1821 1859/2621/1840 1839/2597/1820
f 1859/2621/1840 1846/2604/1827 1839/2597/1820
f 1875/2643/1856 1873/2641/1854 1878/2648/1859
f 1873/2641/1854 1874/2642/1855 1878/2648/1859
f 1847/2605/1828 1883/2655/1864 1839/2597/1820
f 1883/2655/1864 1837/2595/1818 1839/2597/1820
f 1837/2595/1818 1883/2656/1864 1835/2593/1816
f 1883/2656/1864 1843/2601/1824 1835/2593/1816
f 1843/2601/1824 1883/2657/1864 1841/2599/1822
f 1883/2657/1864 1847/2607/1828 1841/2599/1822
f 1844/2602/1825 1884/2658/1865 1845/2603/1826
f 1884/2658/1865 1852/2612/1833 1845/2603/1826
f 1852/2612/1833 1884/2659/1865 1850/2610/1831
f 1884/2659/1865 1856/2618/1837 1850/2610/1831
f 1856/2616/1837 1884/2660/1865 1842/2600/1823
f 1884/2660/1865 1844/2602/1825 1842/2600/1823
f 1865/2629/1846 1885/2661/1866 1862/2626/1843
f 1885/2661/1866 1860/2624/1841 1862/2626/1843
f 1860/2622/1841 1885/2662/1866 1846/2604/1827
f 1885/2662/1866 1848/2606/1829 1846/2604/1827
f 1848/2608/1829 1885/2663/1866 1849/2609/1830
f 1885/2663/1866 1865/2629/1846 1849/2609/1830
f 1857/2619/1838 1886/2664/1867 1858/2620/1839
f 1886/2664/1867 1868/2634/1849 1858/2620/1839
f 1868/2632/1849 1886/2665/1867 1864/2628/1845
f 1886/2665/1867 1866/2630/1847 1864/2628/1845
f 1866/2630/1847 1886/2666/1867 1855/2615/1836
f 1886/2666/1867 1857/2617/1838 1855/2615/1836
f 1876/2644/1857 1887/2667/1868 1873/2641/1854
f 1887/2667/1868 1871/2639/1852 1873/2641/1854
f 1871/2637/1852 1887/2668/1868 1859/2621/1840
f 1887/2668/1868 1861/2623/1842 1859/2621/1840
f 1861/2625/1842 1887/2669/1868 1863/2627/1844
f 1887/2669/1868 1876/2646/1857 1863/2627/1844
f 1869/2635/1850 1888/2670/1869 1870/2636/1851
f 1888/2670/1869 1879/2651/1860 1870/2636/1851
f 1879/2649/1860 1888/2671/1869 1875/2643/1856
f 1888/2671/1869 1877/2645/1858 1875/2643/1856
f 1877/2647/1858 1888/2672/1869 1867/2631/1848
f 1888/2672/1869 1869/2633/1850 1867/2631/1848
f 1881/2653/1862 1889/2673/1870 1836/2594/1817
f 1889/2673/1870 1838/2596/1819 1836/2594/1817
f 1838/2596/1819 1889/2674/1870 1840/2598/1821
f 1889/2674/1870 1872/2638/1853 1840/2598/1821
f 1872/2640/1853 1889/2675/1870 1874/2642/1855
f 1889/2675/1870 1881/2653/1862 1874/2642/1855
f 1880/2652/1861 1890/2676/1871 1851/2611/1832
f 1890/2676/1871 1853/2613/1834 1851/2611/1832
f 1853/2613/1834 1890/2677/1871 1854/2614/1835
f 1890/2677/1871 1882/2654/1863 1854/2614/1835
f 1882/2654/1863 1890/2678/1871 1878/2648/1859
f 1890/2678/1871 1880/2650/1861 1878/2648/1859
s off
g Car_Wheel3SG
v 8.80506 -2.43859 -4.27608
v 8.58576 -2.59792 -4.27608
v 8.84356 -2.51415 -4.27608
v 8.74509 -2.37862 -4.27608
v 8.66953 -2.34012 -4.27608
v 8.58577 -2.32685 -4.27608
v 8.502 -2.34012 -4.27608
v 8.42643 -2.37862 -4.27608
v 8.36647 -2.43859 -4.27608
v 8.32796 -2.51415 -4.27608
v 8.31469 -2.59792 -4.27608
v 8.32796 -2.68168 -4.27608
v 8.36647 -2.75725 -4.27608
v 8.42643 -2.81722 -4.27608
v 8.502 -2.85572 -4.27608
v 8.58576 -2.86899 -4.27608
v 8.66953 -2.85572 -4.27608
v 8.74509 -2.81722 -4.27608
v 8.80506 -2.75725 -4.27608
v 8.84356 -2.68169 -4.27608
v 8.85683 -2.59792 -4.27608
v 8.84356 -2.51415 -6.06816
v 8.58576 -2.59792 -6.06816
v 8.80507 -2.43859 -6.06816
v 8.74509 -2.37862 -6.06816
v 8.66953 -2.34012 -6.06816
v 8.58577 -2.32685 -6.06816
v 8.502 -2.34012 -6.06816
v 8.42643 -2.37862 -6.06816
v 8.36646 -2.43859 -6.06816
v 8.32796 -2.51415 -6.06816
v 8.31469 -2.59792 -6.06816
v 8.32796 -2.68169 -6.06816
v 8.36646 -2.75725 -6.06816
v 8.42643 -2.81722 -6.06816
v 8.502 -2.85572 -6.06816
v 8.58576 -2.86899 -6.06816
v 8.66953 -2.85572 -6.06816
v 8.74509 -2.81722 -6.06816
v 8.80506 -2.75725 -6.06816
v 8.84356 -2.68169 -6.06816
v 8.85683 -2.59792 -6.06816
v 9.38673 -2.01598 -4.4775
v 8.93106 -2.34705 -4.4775
v 9.52736 -2.29198 -4.4775
v 8.99168 -2.46603 -4.4775
v 9.1677 -1.79695 -4.4775
v 8.83664 -2.25262 -4.4775
v 8.8917 -1.65632 -4.4775
v 8.71766 -2.192 -4.4775
v 8.58577 -1.60787 -4.4775
v 8.58577 -2.17111 -4.4775
v 8.27982 -1.65632 -4.4775
v 8.45387 -2.192 -4.4775
v 8.00383 -1.79695 -4.4775
v 8.33489 -2.25262 -4.4775
v 7.78479 -2.01598 -4.4775
v 8.24047 -2.34705 -4.4775
v 7.64417 -2.29198 -4.4775
v 8.17984 -2.46603 -4.4775
v 7.59572 -2.59792 -4.4775
v 8.15895 -2.59792 -4.4775
v 7.64417 -2.90386 -4.4775
v 8.17984 -2.72981 -4.4775
v 7.7848 -3.17986 -4.4775
v 8.24047 -2.84879 -4.4775
v 8.00383 -3.39889 -4.4775
v 8.33489 -2.94321 -4.4775
v 8.27982 -3.53951 -4.4775
v 8.45387 -3.00384 -4.4775
v 8.58576 -3.58797 -4.4775
v 8.58576 -3.02473 -4.4775
v 8.8917 -3.53951 -4.4775
v 8.71766 -3.00384 -4.4775
v 9.1677 -3.39889 -4.4775
v 8.83664 -2.94321 -4.4775
v 9.38673 -3.17986 -4.4775
v 8.93106 -2.84879 -4.4775
v 9.52736 -2.90386 -4.4775
v 8.99168 -2.72981 -4.4775
v 9.57581 -2.59792 -4.4775
v 9.01257 -2.59792 -4.4775
v 9.52736 -2.29198 -5.86674
v 8.99168 -2.46603 -5.86674
v 9.38673 -2.01598 -5.86674
v 8.93106 -2.34705 -5.86674
v 9.1677 -1.79695 -5.86674
v 8.83664 -2.25262 -5.86674
v 8.8917 -1.65632 -5.86674
v 8.71766 -2.192 -5.86674
v 8.58576 -1.60787 -5.86674
v 8.58577 -2.17111 -5.86674
v 8.27982 -1.65632 -5.86674
v 8.45387 -2.192 -5.86674
v 8.00383 -1.79695 -5.86674
v 8.33489 -2.25262 -5.86674
v 7.78479 -2.01598 -5.86674
v 8.24047 -2.34705 -5.86674
v 7.64417 -2.29198 -5.86674
v 8.17984 -2.46603 -5.86674
v 7.59572 -2.59792 -5.86674
v 8.15895 -2.59792 -5.86674
v 7.64417 -2.90386 -5.86674
v 8.17984 -2.72981 -5.86674
v 7.78479 -3.17986 -5.86674
v 8.24047 -2.84879 -5.86674
v 8.00383 -3.39889 -5.86674
v 8.33489 -2.94321 -5.86674
v 8.27982 -3.53951 -5.86674
v 8.45387 -3.00384 -5.86674
v 8.58576 -3.58797 -5.86674
v 8.58576 -3.02473 -5.86674
v 8.8917 -3.53951 -5.86674
v 8.71766 -3.00384 -5.86674
v 9.1677 -3.39889 -5.86674
v 8.83664 -2.94321 -5.86674
v 9.38673 -3.17986 -5.86674
v 8.93106 -2.84879 -5.86674
v 9.52736 -2.90386 -5.86674
v 8.99168 -2.72981 -5.86674
v 9.57581 -2.59792 -5.86674
v 9.01257 -2.59792 -5.86674
v 8.89608 -2.37246 -4.38557
v 8.95056 -2.47939 -4.38557
v 8.81122 -2.2876 -4.38557
v 8.7043 -2.23312 -4.38557
v 8.58577 -2.21435 -4.38557
v 8.46724 -2.23312 -4.38557
v 8.36031 -2.2876 -4.38557
v 8.27545 -2.37246 -4.38557
v 8.22097 -2.47939 -4.38557
v 8.20219 -2.59792 -4.38557
v 8.22097 -2.71645 -4.38557
v 8.27545 -2.82338 -4.38557
v 8.36031 -2.90823 -4.38557
v 8.46723 -2.96272 -4.38557
v 8.58576 -2.98149 -4.38557
v 8.7043 -2.96272 -4.38557
v 8.81122 -2.90823 -4.38557
v 8.89608 -2.82338 -4.38557
v 8.95056 -2.71645 -4.38557
v 8.96933 -2.59792 -4.38557
v 8.95056 -2.47939 -5.95867
v 8.89608 -2.37246 -5.95866
v 8.81122 -2.2876 -5.95866
v 8.7043 -2.23312 -5.95867
v 8.58577 -2.21435 -5.95867
v 8.46724 -2.23312 -5.95867
v 8.36031 -2.2876 -5.95867
v 8.27545 -2.37246 -5.95866
v 8.22097 -2.47939 -5.95866
v 8.20219 -2.59792 -5.95867
v 8.22097 -2.71645 -5.95867
v 8.27545 -2.82338 -5.95867
v 8.36031 -2.90823 -5.95867
v 8.46723 -2.96272 -5.95867
v 8.58576 -2.98149 -5.95867
v 8.7043 -2.96272 -5.95867
v 8.81122 -2.90823 -5.95867
v 8.89608 -2.82338 -5.95867
v 8.95056 -2.71645 -5.95867
v 8.96933 -2.59792 -5.95867
v 10.462 -1.9883 -4.37642
v 10.462 -1.9883 -5.96782
v 10.1818 -1.43836 -4.37642
v 10.1818 -1.43836 -5.96782
v 9.74532 -1.00192 -4.37642
v 9.74532 -1.00192 -5.96782
v 9.19538 -0.721715 -4.37642
v 9.19538 -0.721715 -5.96782
v 8.58576 -0.625162 -4.37642
v 8.58576 -0.625162 -5.96782
v 7.97615 -0.721715 -4.37642
v 7.97615 -0.721715 -5.96782
v 7.42621 -1.00192 -4.37642
v 7.42621 -1.00192 -5.96782
v 6.98977 -1.43836 -4.37642
v 6.98977 -1.43836 -5.96782
v 6.70956 -1.9883 -4.37642
v 6.70956 -1.9883 -5.96782
v 6.61301 -2.59792 -4.37642
v 6.61301 -2.59792 -5.96782
v 6.70956 -3.20753 -4.37642
v 6.70956 -3.20753 -5.96782
v 6.98977 -3.75747 -4.37642
v 6.98977 -3.75747 -5.96782
v 7.42621 -4.19391 -4.37642
v 7.42621 -4.19391 -5.96782
v 7.97615 -4.47412 -4.37642
v 7.97615 -4.47412 -5.96782
v 8.58576 -4.57067 -4.37642
v 8.58576 -4.57067 -5.96782
v 9.19538 -4.47412 -4.37642
v 9.19538 -4.47412 -5.96782
v 9.74532 -4.19391 -4.37642
v 9.74532 -4.19391 -5.96782
v 10.1818 -3.75747 -4.37642
v 10.1818 -3.75747 -5.96782
v 10.462 -3.20753 -4.37642
v 10.462 -3.20753 -5.96782
v 10.5585 -2.59792 -4.37642
v 10.5585 -2.59792 -5.96782
v 10.0576 -1.52857 -4.22484
v 9.51089 -1.92577 -4.22484
v 10.316 -2.03573 -4.22484
v 9.67332 -2.24455 -4.22484
v 9.65511 -1.12608 -4.22484
v 9.25791 -1.67279 -4.22484
v 9.14795 -0.867673 -4.22484
v 8.93913 -1.51037 -4.22484
v 8.58576 -0.778632 -4.22484
v 8.58576 -1.4544 -4.22484
v 8.02357 -0.867674 -4.22484
v 8.2324 -1.51037 -4.22484
v 7.51642 -1.12608 -4.22484
v 7.91362 -1.67279 -4.22484
v 7.11393 -1.52857 -4.22484
v 7.66064 -1.92577 -4.22484
v 6.85552 -2.03573 -4.22484
v 7.49821 -2.24455 -4.22484
v 6.76648 -2.59792 -4.22484
v 7.44225 -2.59792 -4.22484
v 6.85552 -3.16011 -4.22484
v 7.49821 -2.95129 -4.22484
v 7.11393 -3.66727 -4.22484
v 7.66064 -3.27006 -4.22484
v 7.51642 -4.06975 -4.22484
v 7.91362 -3.52305 -4.22484
v 8.02357 -4.32816 -4.22484
v 8.2324 -3.68547 -4.22484
v 8.58576 -4.4172 -4.22484
v 8.58577 -3.74144 -4.22484
v 9.14795 -4.32816 -4.22484
v 8.93913 -3.68547 -4.22484
v 9.65511 -4.06975 -4.22484
v 9.25791 -3.52305 -4.22484
v 10.0576 -3.66727 -4.22484
v 9.51089 -3.27006 -4.22484
v 10.316 -3.16011 -4.22484
v 9.67332 -2.95129 -4.22484
v 10.405 -2.59792 -4.22484
v 9.72928 -2.59792 -4.22484
v 10.316 -2.03573 -6.1194
v 9.67332 -2.24455 -6.1194
v 10.0576 -1.52857 -6.1194
v 9.51089 -1.92577 -6.1194
v 9.65511 -1.12608 -6.1194
v 9.25791 -1.67279 -6.1194
v 9.14795 -0.867673 -6.1194
v 8.93913 -1.51037 -6.1194
v 8.58576 -0.778632 -6.1194
v 8.58576 -1.4544 -6.1194
v 8.02357 -0.867674 -6.1194
v 8.2324 -1.51037 -6.1194
v 7.51642 -1.12608 -6.1194
v 7.91362 -1.67279 -6.1194
v 7.11393 -1.52857 -6.1194
v 7.66064 -1.92577 -6.1194
v 6.85552 -2.03573 -6.1194
v 7.49821 -2.24455 -6.1194
v 6.76648 -2.59792 -6.1194
v 7.44225 -2.59792 -6.1194
v 6.85552 -3.16011 -6.1194
v 7.49821 -2.95129 -6.1194
v 7.11393 -3.66727 -6.1194
v 7.66064 -3.27006 -6.1194
v 7.51642 -4.06975 -6.1194
v 7.91362 -3.52305 -6.1194
v 8.02357 -4.32816 -6.1194
v 8.2324 -3.68547 -6.1194
v 8.58576 -4.4172 -6.1194
v 8.58577 -3.74144 -6.1194
v 9.14795 -4.32816 -6.1194
v 8.93913 -3.68547 -6.1194
v 9.65511 -4.06975 -6.1194
v 9.25791 -3.52305 -6.1194
v 10.0576 -3.66727 -6.1194
v 9.51089 -3.27006 -6.1194
v 10.316 -3.16011 -6.1194
v 9.67332 -2.95129 -6.1194
v 10.405 -2.59792 -6.1194
v 9.72928 -2.59792 -6.1194
v 9.38673 -2.01598 -4.37642
v 9.52736 -2.29198 -4.37642
v 9.1677 -1.79695 -4.37642
v 8.8917 -1.65632 -4.37642
v 8.58577 -1.60787 -4.37642
v 8.27982 -1.65632 -4.37642
v 8.00383 -1.79695 -4.37642
v 7.78479 -2.01598 -4.37642
v 7.64417 -2.29198 -4.37642
v 7.59572 -2.59792 -4.37642
v 7.64417 -2.90386 -4.37642
v 7.7848 -3.17986 -4.37642
v 8.00383 -3.39889 -4.37642
v 8.27982 -3.53951 -4.37642
v 8.58576 -3.58797 -4.37642
v 8.8917 -3.53951 -4.37642
v 9.1677 -3.39889 -4.37642
v 9.38673 -3.17986 -4.37642
v 9.52736 -2.90386 -4.37642
v 9.57581 -2.59792 -4.37642
v 9.52736 -2.29198 -5.96782
v 9.38673 -2.01598 -5.96782
v 9.1677 -1.79695 -5.96782
v 8.8917 -1.65632 -5.96782
v 8.58576 -1.60787 -5.96782
v 8.27982 -1.65632 -5.96782
v 8.00383 -1.79695 -5.96782
v 7.78479 -2.01598 -5.96782
v 7.64417 -2.29198 -5.96782
v 7.59572 -2.59792 -5.96782
v 7.64417 -2.90386 -5.96782
v 7.78479 -3.17986 -5.96782
v 8.00383 -3.39889 -5.96782
v 8.27982 -3.53951 -5.96782
v 8.58576 -3.58797 -5.96782
v 8.8917 -3.53951 -5.96782
v 9.1677 -3.39889 -5.96782
v 9.38673 -3.17986 -5.96782
v 9.52736 -2.90386 -5.96782
v 9.57581 -2.59792 -5.96782
v 10.4192 -2.00219 -4.26923
v 10.1454 -1.46478 -4.26923
v 9.7189 -1.03829 -4.26923
v 9.18149 -0.764466 -4.26923
v 8.58576 -0.670112 -4.26923
v 7.99004 -0.764466 -4.26923
v 7.45262 -1.03829 -4.26923
v 7.02613 -1.46478 -4.26923
v 6.75231 -2.00219 -4.26923
v 6.65796 -2.59792 -4.26923
v 6.75231 -3.19365 -4.26923
v 7.02613 -3.73106 -4.26923
v 7.45262 -4.15755 -4.26923
v 7.99004 -4.43137 -4.26923
v 8.58576 -4.52572 -4.26923
v 9.18149 -4.43137 -4.26923
v 9.7189 -4.15755 -4.26923
v 10.1454 -3.73106 -4.26923
v 10.4192 -3.19365 -4.26923
v 10.5136 -2.59792 -4.26923
v 10.4192 -2.00219 -6.07501
v 10.5136 -2.59792 -6.07501
v 10.1454 -1.46478 -6.07501
v 9.7189 -1.03829 -6.07501
v 9.18149 -0.764466 -6.07501
v 8.58576 -0.670112 -6.07501
v 7.99004 -0.764466 -6.07501
v 7.45262 -1.03829 -6.07501
v 7.02613 -1.46478 -6.07501
v 6.75231 -2.00219 -6.07501
v 6.65796 -2.59792 -6.07501
v 6.75231 -3.19365 -6.07501
v 7.02613 -3.73106 -6.07501
v 7.45262 -4.15755 -6.07501
v 7.99004 -4.43137 -6.07501
v 8.58576 -4.52572 -6.07501
v 9.18149 -4.43137 -6.07501
v 9.7189 -4.15755 -6.07501
v 10.1454 -3.73106 -6.07501
v 10.4192 -3.19365 -6.07501
v 9.57011 -2.27808 -4.26923
v 9.4231 -1.98956 -4.26923
v 9.19412 -1.76059 -4.26923
v 8.9056 -1.61357 -4.26923
v 8.58576 -1.56292 -4.26923
v 8.26593 -1.61357 -4.26923
v 7.97741 -1.76059 -4.26923
v 7.74843 -1.98956 -4.26923
v 7.60142 -2.27809 -4.26923
v 7.55076 -2.59792 -4.26923
v 7.60142 -2.91775 -4.26923
v 7.74843 -3.20628 -4.26923
v 7.97741 -3.43525 -4.26923
v 8.26593 -3.58226 -4.26923
v 8.58576 -3.63292 -4.26923
v 8.9056 -3.58226 -4.26923
v 9.19412 -3.43525 -4.26923
v 9.4231 -3.20628 -4.26923
v 9.57011 -2.91775 -4.26923
v 9.62076 -2.59792 -4.26923
v 9.57011 -2.27808 -6.07501
v 9.62076 -2.59792 -6.07501
v 9.4231 -1.98956 -6.07501
v 9.19412 -1.76059 -6.07501
v 8.9056 -1.61357 -6.07501
v 8.58576 -1.56292 -6.07501
v 8.26593 -1.61357 -6.07501
v 7.97741 -1.76059 -6.07501
v 7.74843 -1.98956 -6.07501
v 7.60142 -2.27808 -6.07501
v 7.55076 -2.59792 -6.07501
v 7.60142 -2.91775 -6.07501
v 7.74843 -3.20628 -6.07501
v 7.97741 -3.43525 -6.07501
v 8.26593 -3.58226 -6.07501
v 8.58576 -3.63292 -6.07501
v 8.9056 -3.58226 -6.07501
v 9.19412 -3.43525 -6.07501
v 9.4231 -3.20628 -6.07501
v 9.57011 -2.91775 -6.07501
vn 0.378579 0.275057 0.883754
vn 0 4e-06 1
vn 0.445048 0.144604 0.883755
vn 0.275061 0.378589 0.883749
vn 0.144613 0.445056 0.883749
vn 6e-06 0.467953 0.883753
vn -0.144605 0.445045 0.883756
vn -0.275055 0.37858 0.883754
vn -0.378575 0.275055 0.883757
vn -0.44505 0.144605 0.883754
vn -0.467952 -0 0.883754
vn -0.445057 -0.144596 0.883751
vn -0.378587 -0.275045 0.883754
vn -0.275049 -0.378589 0.883752
vn -0.144593 -0.445057 0.883752
vn 2e-06 -0.467951 0.883755
vn 0.144592 -0.445056 0.883752
vn 0.275045 -0.378587 0.883755
vn 0.378593 -0.275044 0.883752
vn 0.445068 -0.144596 0.883746
vn 0.467951 -4e-06 0.883754
vn 0.445048 0.144608 -0.883754
vn 0 0 -1
vn 0.378581 0.275068 -0.88375
vn 0.275065 0.378583 -0.88375
vn 0.14461 0.445048 -0.883753
vn 1e-06 0.467946 -0.883757
vn -0.144604 0.445048 -0.883754
vn -0.275061 0.378577 -0.883754
vn -0.378587 0.27506 -0.88375
vn -0.445056 0.144614 -0.883749
vn -0.46795 6e-06 -0.883755
vn -0.445049 -0.144604 -0.883754
vn -0.378575 -0.275057 -0.883756
vn -0.275055 -0.37858 -0.883755
vn -0.144607 -0.44505 -0.883753
vn 0 -0.467948 -0.883756
vn 0.144602 -0.445048 -0.883755
vn 0.275057 -0.378579 -0.883754
vn 0.378581 -0.275054 -0.883754
vn 0.445047 -0.144602 -0.883755
vn 0.467947 -4e-06 -0.883757
vn -0.217169 -0.157783 0.963297
vn -0 0 1
vn -0.255299 -0.082951 0.963297
vn -0.157782 -0.217169 0.963298
vn -0.082951 -0.255298 0.963298
vn 1e-06 0 1
vn 0 -0.268435 0.963298
vn 0.082951 -0.255298 0.963298
vn -1e-06 0 1
vn 0.157782 -0.217169 0.963298
vn 0.217169 -0.157783 0.963298
vn 0.255297 -0.082951 0.963298
vn 0.268436 -1e-06 0.963298
vn 0.255298 0.082952 0.963297
vn 0.217168 0.157782 0.963298
vn 0.157783 0.217169 0.963298
vn 0.082951 0.255299 0.963297
vn -1e-06 0.268435 0.963298
vn -0.082952 0.255298 0.963297
vn -0.157784 0.21717 0.963297
vn -0.217169 0.157783 0.963297
vn -0.255298 0.082951 0.963298
vn -0.268434 0 0.963298
vn -0.2553 -0.082952 -0.963297
vn 1e-06 0 -1
vn -0.217169 -0.157784 -0.963298
vn -0.157782 -0.217168 -0.963298
vn -0.082951 -0.255298 -0.963297
vn 0 -0.268435 -0.963298
vn 0.082951 -0.255298 -0.963298
vn -1e-06 0 -1
vn 0.157782 -0.217169 -0.963298
vn 0.21717 -0.157783 -0.963297
vn 0.255299 -0.082951 -0.963297
vn 0.268434 0 -0.963298
vn 0.255298 0.082951 -0.963297
vn 0.217168 0.157783 -0.963298
vn 0.157783 0.217169 -0.963298
vn 0.082952 0.2553 -0.963297
vn -1e-06 0.268435 -0.963298
vn -0.082951 0.255298 -0.963298
vn -0.157783 0.21717 -0.963297
vn -0.217169 0.157783 -0.963297
vn -0.255298 0.082951 -0.963298
vn -0.268433 1e-06 -0.963298
vn 0.654213 0.475319 0.588283
vn 0.769079 0.249887 0.588281
vn 0.47532 0.654216 0.58828
vn 0.249893 0.769079 0.588279
vn 3e-06 0.808655 0.588283
vn -0.249888 0.769079 0.58828
vn -0.475316 0.654218 0.588281
vn -0.654214 0.47532 0.588282
vn -0.769078 0.249888 0.588281
vn -0.808657 2e-06 0.58828
vn -0.769079 -0.249888 0.58828
vn -0.654219 -0.475318 0.588278
vn -0.475318 -0.654219 0.588277
vn -0.249884 -0.769081 0.588279
vn 3e-06 -0.808656 0.588281
vn 0.249882 -0.769081 0.58828
vn 0.475316 -0.65422 0.588278
vn 0.654223 -0.475311 0.588279
vn 0.769085 -0.249882 0.588274
vn 0.808657 -5e-06 0.588281
vn 0.769076 0.249888 -0.588284
vn 0.65421 0.475326 -0.588281
vn 0.475323 0.654213 -0.58828
vn 0.249891 0.769076 -0.588283
vn 1e-06 0.808656 -0.588282
vn -0.249887 0.769079 -0.588281
vn -0.475321 0.654212 -0.588283
vn -0.654215 0.475318 -0.588282
vn -0.769076 0.249893 -0.588281
vn -0.808655 6e-06 -0.588284
vn -0.769079 -0.249886 -0.588281
vn -0.654213 -0.475322 -0.588281
vn -0.475319 -0.654216 -0.58828
vn -0.249889 -0.76908 -0.588279
vn 3e-06 -0.808656 -0.588281
vn 0.249883 -0.76908 -0.588281
vn 0.475318 -0.654216 -0.588281
vn 0.654217 -0.475316 -0.588282
vn 0.769079 -0.249886 -0.588281
vn 0.808656 -7e-06 -0.588282
vn 0.950754 0.308917 0.025224
vn 0.950754 0.308917 -0.025224
vn 0.80876 0.587598 0.025224
vn 0.80876 0.587598 -0.025224
vn 0.587597 0.80876 0.025224
vn 0.587597 0.80876 -0.025224
vn 0.308918 0.950754 0.025224
vn 0.308918 0.950754 -0.025224
vn 0 0.999682 0.025224
vn 0 0.999682 -0.025224
vn -0.308918 0.950754 0.025224
vn -0.308918 0.950754 -0.025224
vn -0.587598 0.80876 0.025224
vn -0.587598 0.80876 -0.025224
vn -0.808761 0.587597 0.025224
vn -0.808761 0.587597 -0.025225
vn -0.950754 0.308919 0.025225
vn -0.950754 0.308919 -0.025224
vn -0.999682 0 0.025224
vn -0.999682 -0 -0.025224
vn -0.950754 -0.308919 0.025224
vn -0.950754 -0.308919 -0.025224
vn -0.808759 -0.587599 0.025224
vn -0.808759 -0.587599 -0.025224
vn -0.587598 -0.80876 0.025224
vn -0.587598 -0.80876 -0.025224
vn -0.308919 -0.950754 0.025224
vn -0.308919 -0.950754 -0.025224
vn -0 -0.999682 0.025224
vn 0 -0.999682 -0.025224
vn 0.308918 -0.950754 0.025224
vn 0.308918 -0.950754 -0.025224
vn 0.587599 -0.808759 0.025224
vn 0.587599 -0.808759 -0.025224
vn 0.80876 -0.587598 0.025224
vn 0.80876 -0.587598 -0.025224
vn 0.950754 -0.308919 0.025224
vn 0.950754 -0.308919 -0.025224
vn 0.999682 -1e-06 0.025224
vn 0.999682 -1e-06 -0.025224
vn 0.065245 0.047403 0.996743
vn -0.02936 -0.021331 0.999341
vn 0.0767 0.024921 0.996743
vn -0.034515 -0.011214 0.999341
vn 0.047403 0.065245 0.996743
vn -0.021331 -0.02936 0.999341
vn 0.024921 0.0767 0.996743
vn -0.011214 -0.034515 0.999341
vn -0 0.080647 0.996743
vn 0 -0.036291 0.999341
vn -0.024921 0.0767 0.996743
vn 0.011215 -0.034515 0.999341
vn -0.047403 0.065245 0.996743
vn 0.021331 -0.02936 0.999341
vn -0.065245 0.047403 0.996743
vn 0.02936 -0.021331 0.999341
vn -0.0767 0.024921 0.996743
vn 0.034515 -0.011214 0.999341
vn -0.080647 0 0.996743
vn 0.036291 -0 0.999341
vn -0.0767 -0.024921 0.996743
vn 0.034515 0.011214 0.999341
vn -0.065245 -0.047403 0.996743
vn 0.02936 0.021331 0.999341
vn -0.047403 -0.065245 0.996743
vn 0.021331 0.02936 0.999341
vn -0.024922 -0.0767 0.996743
vn 0.011214 0.034514 0.999341
vn 0 -0.080647 0.996743
vn -0 0.036291 0.999341
vn 0.024922 -0.0767 0.996743
vn -0.011214 0.034515 0.999341
vn 0.047403 -0.065245 0.996743
vn -0.021331 0.02936 0.999341
vn 0.065245 -0.047403 0.996743
vn -0.02936 0.021331 0.999341
vn 0.0767 -0.024921 0.996743
vn -0.034515 0.011214 0.999341
vn 0.080647 -0 0.996743
vn -0.036292 0 0.999341
vn 0.0767 0.024921 -0.996743
vn -0.034515 -0.011214 -0.999341
vn 0.065245 0.047403 -0.996743
vn -0.02936 -0.021331 -0.999341
vn 0.047403 0.065245 -0.996743
vn -0.021331 -0.02936 -0.999341
vn 0.024921 0.0767 -0.996743
vn -0.011214 -0.034514 -0.999341
vn 0 0.080647 -0.996743
vn 0 -0.036291 -0.999341
vn -0.024921 0.0767 -0.996743
vn 0.011214 -0.034515 -0.999341
vn -0.047403 0.065245 -0.996743
vn 0.021331 -0.02936 -0.999341
vn -0.065245 0.047403 -0.996743
vn 0.02936 -0.021331 -0.999341
vn -0.0767 0.024921 -0.996743
vn 0.034514 -0.011214 -0.999341
vn -0.080647 0 -0.996743
vn 0.036291 0 -0.999341
vn -0.0767 -0.024921 -0.996743
vn 0.034515 0.011214 -0.999341
vn -0.065245 -0.047403 -0.996743
vn 0.02936 0.021331 -0.999341
vn -0.047403 -0.065245 -0.996743
vn 0.021332 0.02936 -0.999341
vn -0.024921 -0.0767 -0.996743
vn 0.011214 0.034514 -0.999341
vn 0 -0.080647 -0.996743
vn 0 0.036291 -0.999341
vn 0.024921 -0.0767 -0.996743
vn -0.011214 0.034515 -0.999341
vn 0.047403 -0.065245 -0.996743
vn -0.021332 0.02936 -0.999341
vn 0.065245 -0.047403 -0.996743
vn -0.02936 0.021331 -0.999341
vn 0.0767 -0.024921 -0.996743
vn -0.034515 0.011214 -0.999341
vn 0.080647 -0 -0.996743
vn -0.036292 0 -0.999341
vn -0.789764 -0.573801 0.216855
vn -0.928425 -0.301662 0.216856
vn -0.573799 -0.789765 0.216854
vn -0.301664 -0.928425 0.216854
vn 0 -0.976204 0.216854
vn 0.301664 -0.928425 0.216853
vn 0.573798 -0.789767 0.21685
vn 0.789766 -0.5738 0.216849
vn 0.928427 -0.301663 0.216849
vn 0.976205 -2e-06 0.216851
vn 0.928426 0.301663 0.216853
vn 0.789765 0.573799 0.216854
vn 0.5738 0.789764 0.216855
vn 0.301662 0.928425 0.216855
vn -3e-06 0.976204 0.216856
vn -0.301662 0.928425 0.216858
vn -0.573798 0.789766 0.216856
vn -0.789766 0.573798 0.216854
vn -0.928426 0.301662 0.216853
vn -0.976204 1e-06 0.216854
vn -0.928426 -0.301661 -0.216853
vn -0.789764 -0.573801 -0.216853
vn -0.5738 -0.789765 -0.216853
vn -0.301664 -0.928425 -0.216854
vn 1e-06 -0.976204 -0.216854
vn 0.301666 -0.928425 -0.216852
vn 0.573799 -0.789767 -0.21685
vn 0.789766 -0.5738 -0.216849
vn 0.928427 -0.301662 -0.21685
vn 0.976205 0 -0.216852
vn 0.928426 0.301662 -0.216852
vn 0.789764 0.5738 -0.216853
vn 0.573799 0.789765 -0.216853
vn 0.301663 0.928425 -0.216855
vn -3e-06 0.976204 -0.216856
vn -0.301662 0.928425 -0.216858
vn -0.573798 0.789766 -0.216856
vn -0.789766 0.573798 -0.216854
vn -0.928426 0.301662 -0.216854
vn -0.976204 3e-06 -0.216852
vn 0.692344 0.224954 0.685605
vn 0.588942 0.427892 0.685606
vn 0.427891 0.588942 0.685607
vn 0.224956 0.692343 0.685607
vn 0 0.727972 0.685607
vn -0.224955 0.692342 0.685608
vn -0.427891 0.58894 0.685608
vn -0.588941 0.427889 0.685609
vn -0.692341 0.224955 0.685609
vn -0.72797 0 0.685609
vn -0.692341 -0.224956 0.685608
vn -0.588941 -0.427892 0.685607
vn -0.427891 -0.588942 0.685607
vn -0.224955 -0.692342 0.685607
vn -0 -0.727972 0.685607
vn 0.224955 -0.692343 0.685607
vn 0.427891 -0.588941 0.685607
vn 0.588941 -0.427893 0.685607
vn 0.692343 -0.224956 0.685607
vn 0.727973 -1e-06 0.685606
vn 0.692344 0.224954 -0.685605
vn 0.727972 -1e-06 -0.685607
vn 0.588943 0.427892 -0.685606
vn 0.42789 0.588943 -0.685607
vn 0.224955 0.692343 -0.685607
vn 0 0.727972 -0.685607
vn -0.224956 0.692342 -0.685607
vn -0.427891 0.58894 -0.685608
vn -0.588941 0.427888 -0.685609
vn -0.692341 0.224955 -0.685609
vn -0.72797 -0 -0.685609
vn -0.692341 -0.224956 -0.685608
vn -0.588941 -0.427892 -0.685606
vn -0.42789 -0.588942 -0.685607
vn -0.224955 -0.692343 -0.685607
vn 0 -0.727972 -0.685607
vn 0.224955 -0.692343 -0.685607
vn 0.427891 -0.588942 -0.685607
vn 0.588942 -0.427892 -0.685606
vn 0.692343 -0.224956 -0.685607
vn -0.639738 -0.207862 0.739952
vn -0.544194 -0.395381 0.739951
vn -0.395381 -0.544193 0.739951
vn -0.207865 -0.639738 0.739951
vn 1e-06 -0.672662 0.73995
vn 0.207865 -0.63974 0.739949
vn 0.395381 -0.544197 0.739949
vn 0.544195 -0.395381 0.739949
vn 0.63974 -0.207864 0.739949
vn 0.672662 -1e-06 0.73995
vn 0.639738 0.207864 0.739951
vn 0.544194 0.395382 0.73995
vn 0.39538 0.544193 0.739952
vn 0.207862 0.639735 0.739954
vn -1e-06 0.672659 0.739953
vn -0.207863 0.639736 0.739953
vn -0.39538 0.544194 0.739951
vn -0.544192 0.395381 0.739952
vn -0.639737 0.207862 0.739953
vn -0.672662 1e-06 0.73995
vn -0.639741 -0.207862 -0.739949
vn -0.672663 2e-06 -0.739949
vn -0.544195 -0.395382 -0.73995
vn -0.39538 -0.544194 -0.739951
vn -0.207863 -0.639738 -0.739951
vn 0 -0.672662 -0.73995
vn 0.207865 -0.63974 -0.73995
vn 0.395381 -0.544196 -0.739949
vn 0.544195 -0.395383 -0.739949
vn 0.639741 -0.207864 -0.739949
vn 0.672664 0 -0.739949
vn 0.639739 0.207864 -0.73995
vn 0.544193 0.395383 -0.73995
vn 0.39538 0.544194 -0.739951
vn 0.207862 0.639735 -0.739954
vn -1e-06 0.672659 -0.739953
vn -0.207862 0.639737 -0.739953
vn -0.395379 0.544194 -0.739952
vn -0.544192 0.39538 -0.739953
vn -0.639737 0.207862 -0.739953
vn 0.73208 0.53189 0.42562
vn 0.860615 0.279628 0.425617
vn 0.531891 0.732076 0.425625
vn 0.279629 0.86061 0.425626
vn 0 0.904902 0.42562
vn -0.27963 0.860616 0.425614
vn -0.531889 0.732084 0.425614
vn -0.73208 0.531891 0.425617
vn -0.860614 0.27963 0.425617
vn -0.904903 4e-06 0.425617
vn -0.860614 -0.279632 0.425617
vn -0.73208 -0.531892 0.425617
vn -0.531892 -0.73208 0.425617
vn -0.27963 -0.860615 0.425616
vn 2e-06 -0.904904 0.425616
vn 0.279626 -0.860616 0.425616
vn 0.531891 -0.732081 0.425616
vn 0.732083 -0.531884 0.425622
vn 0.860613 -0.279624 0.425624
vn 0.904903 -4e-06 0.425617
vn 0.860613 0.279627 -0.425622
vn 0.732074 0.531892 -0.425628
vn 0.531891 0.732076 -0.425626
vn 0.279629 0.860613 -0.42562
vn -1e-06 0.904904 -0.425616
vn -0.279629 0.860616 -0.425615
vn -0.531891 0.73208 -0.425619
vn -0.732075 0.53189 -0.425628
vn -0.860609 0.27963 -0.425629
vn -0.904902 2e-06 -0.42562
vn -0.860615 -0.279628 -0.425618
vn -0.732077 -0.531895 -0.425618
vn -0.531891 -0.732081 -0.425616
vn -0.27963 -0.860615 -0.425616
vn 2e-06 -0.904904 -0.425616
vn 0.279624 -0.860617 -0.425616
vn 0.531891 -0.732081 -0.425617
vn 0.732083 -0.531887 -0.425618
vn 0.860614 -0.27963 -0.425618
vn 0.904903 -7e-06 -0.425617
vt 0.810445 0.089108
vt 0.830209 0.093251
vt 0.812455 0.083436
vt 0.810459 0.097463
vt 0.812488 0.103121
vt 0.816294 0.107941
vt 0.82144 0.111357
vt 0.827388 0.113023
vt 0.833544 0.112802
vt 0.839313 0.110737
vt 0.844164 0.107026
vt 0.847659 0.102037
vt 0.849485 0.096252
vt 0.849473 0.090191
vt 0.847631 0.084403
vt 0.844119 0.079431
vt 0.839255 0.075745
vt 0.833474 0.073688
vt 0.827322 0.073485
vt 0.821381 0.07518
vt 0.816245 0.078615
vt 0.915591 0.165265
vt 0.898234 0.154705
vt 0.911647 0.169991
vt 0.906332 0.173267
vt 0.900242 0.174731
vt 0.894016 0.174231
vt 0.888282 0.171863
vt 0.883587 0.167883
vt 0.880344 0.162716
vt 0.878838 0.156854
vt 0.879152 0.150837
vt 0.881253 0.14521
vt 0.884935 0.140464
vt 0.889885 0.137028
vt 0.895677 0.135235
vt 0.901781 0.135266
vt 0.907632 0.13717
vt 0.912657 0.140783
vt 0.916326 0.1458
vt 0.918256 0.151694
vt 0.918205 0.157822
vt 0.43662 0.28738
vt 0.458359 0.330143
vt 0.461573 0.279913
vt 0.468838 0.326366
vt 0.413009 0.305885
vt 0.449344 0.337209
vt 0.399795 0.328332
vt 0.443173 0.346485
vt 0.394452 0.353274
vt 0.440331 0.35699
vt 0.396968 0.378152
vt 0.440966 0.367675
vt 0.406756 0.400699
vt 0.444886 0.377498
vt 0.422706 0.418986
vt 0.451629 0.385551
vt 0.443227 0.4315
vt 0.460498 0.391111
vt 0.46639 0.43724
vt 0.470634 0.393703
vt 0.490109 0.435809
vt 0.481085 0.393116
vt 0.512263 0.427396
vt 0.49088 0.389417
vt 0.530897 0.412792
vt 0.499123 0.382955
vt 0.544359 0.393287
vt 0.505057 0.374327
vt 0.551415 0.370596
vt 0.508125 0.36432
vt 0.551377 0.346733
vt 0.508034 0.35386
vt 0.54413 0.323817
vt 0.504753 0.343921
vt 0.530181 0.303962
vt 0.498545 0.335446
vt 0.510623 0.289071
vt 0.489943 0.329292
vt 0.48707 0.280682
vt 0.47972 0.326124
vt 0.891941 0.354241
vt 0.869633 0.312085
vt 0.867135 0.3621
vt 0.859289 0.315894
vt 0.841519 0.361719
vt 0.848449 0.316173
vt 0.817694 0.353568
vt 0.838214 0.313016
vt 0.797806 0.338692
vt 0.829556 0.306832
vt 0.783583 0.318661
vt 0.823291 0.298283
vt 0.776182 0.295453
vt 0.819973 0.288229
vt 0.776147 0.271273
vt 0.819873 0.277644
vt 0.783347 0.2483
vt 0.822965 0.267539
vt 0.797066 0.228638
vt 0.828942 0.258844
vt 0.815981 0.214037
vt 0.837231 0.252368
vt 0.838372 0.205793
vt 0.847038 0.248695
vt 0.862187 0.204665
vt 0.857465 0.248189
vt 0.885285 0.210759
vt 0.867527 0.250892
vt 0.905545 0.223573
vt 0.876302 0.256568
vt 0.921136 0.24201
vt 0.882922 0.264706
vt 0.930553 0.264518
vt 0.886735 0.27457
vt 0.932762 0.289182
vt 0.887308 0.285268
vt 0.927257 0.313792
vt 0.884484 0.29576
vt 0.914113 0.335847
vt 0.878431 0.30502
vt 0.797902 0.087811
vt 0.801346 0.077841
vt 0.797909 0.098797
vt 0.801393 0.108766
vt 0.807769 0.116863
vt 0.816233 0.122444
vt 0.82592 0.125091
vt 0.835835 0.124632
vt 0.84503 0.121236
vt 0.852755 0.11528
vt 0.858322 0.107286
vt 0.861192 0.09803
vt 0.861167 0.088369
vt 0.85827 0.079131
vt 0.852698 0.071154
vt 0.844934 0.065212
vt 0.835716 0.061862
vt 0.825825 0.061435
vt 0.81614 0.0641
vt 0.807679 0.06972
vt 0.926857 0.170977
vt 0.920159 0.179227
vt 0.911283 0.18474
vt 0.901249 0.187088
vt 0.891118 0.186165
vt 0.8819 0.182188
vt 0.874446 0.17567
vt 0.869398 0.167318
vt 0.867121 0.157958
vt 0.867714 0.148427
vt 0.871055 0.139524
vt 0.876854 0.131986
vt 0.88466 0.126463
vt 0.893848 0.123483
vt 0.903629 0.123397
vt 0.913097 0.126311
vt 0.921325 0.132079
vt 0.927433 0.14025
vt 0.930682 0.150098
vt 0.930557 0.160684
vt 0.141437 0.305035
vt 0.013186 0.305035
vt 0.141437 0.355228
vt 0.013186 0.355228
vt 0.141437 0.4052
vt 0.013186 0.4052
vt 0.141437 0.454985
vt 0.013186 0.454985
vt 0.141437 0.50459
vt 0.013186 0.50459
vt 0.141437 0.554055
vt 0.013186 0.554056
vt 0.141437 0.60341
vt 0.013186 0.60341
vt 0.141437 0.652672
vt 0.013186 0.652672
vt 0.141437 0.701846
vt 0.013186 0.701846
vt 0.141437 0.750947
vt 0.013186 0.750947
vt 0.141437 0.800006
vt 0.013186 0.800006
vt 0.141437 0.849058
vt 0.013186 0.849058
vt 0.141437 0.898118
vt 0.013186 0.898118
vt 0.141437 0.947145
vt 0.013186 0.947145
vt 0.141437 0.996032
vt 0.013186 0.996032
vt 0.141437 0.003968
vt 0.013186 0.003968
vt 0.141437 0.053806
vt 0.013186 0.053806
vt 0.141437 0.103814
vt 0.013186 0.103814
vt 0.141437 0.153902
vt 0.013186 0.153902
vt 0.141437 0.204038
vt 0.013186 0.204038
vt 0.141437 0.254287
vt 0.013186 0.254287
vt 0.383459 0.031499
vt 0.356741 0.080804
vt 0.420589 0.060369
vt 0.380219 0.098583
vt 0.337694 0.015856
vt 0.328646 0.071202
vt 0.29066 0.015961
vt 0.299191 0.070885
vt 0.246396 0.030547
vt 0.271345 0.079688
vt 0.209101 0.057874
vt 0.247797 0.096618
vt 0.182212 0.095152
vt 0.23075 0.119934
vt 0.168143 0.138688
vt 0.221782 0.147279
vt 0.168125 0.184301
vt 0.221701 0.176004
vt 0.182055 0.227645
vt 0.230445 0.203356
vt 0.208512 0.264594
vt 0.24713 0.226703
vt 0.244969 0.291689
vt 0.270161 0.24382
vt 0.287939 0.306377
vt 0.297321 0.253107
vt 0.333354 0.307266
vt 0.32601 0.253664
vt 0.376895 0.294246
vt 0.353499 0.245409
vt 0.414445 0.2685
vt 0.377159 0.229136
vt 0.44235 0.232417
vt 0.394676 0.206376
vt 0.457877 0.189373
vt 0.404321 0.17926
vt 0.459434 0.143437
vt 0.405116 0.150394
vt 0.446665 0.099001
vt 0.396853 0.122594
vt 0.738097 0.26291
vt 0.69813 0.223655
vt 0.699642 0.29103
vt 0.674347 0.241221
vt 0.654942 0.305125
vt 0.646473 0.250392
vt 0.608471 0.304665
vt 0.617353 0.250407
vt 0.564738 0.289945
vt 0.589827 0.24141
vt 0.527919 0.262629
vt 0.566567 0.224399
vt 0.501396 0.225541
vt 0.54976 0.201099
vt 0.487493 0.182226
vt 0.540942 0.173796
vt 0.487493 0.136793
vt 0.540921 0.145128
vt 0.501391 0.093555
vt 0.549692 0.11783
vt 0.527803 0.056666
vt 0.566381 0.094497
vt 0.564157 0.029576
vt 0.589371 0.077365
vt 0.60705 0.014815
vt 0.616497 0.068068
vt 0.652509 0.013825
vt 0.645176 0.067505
vt 0.696205 0.026869
vt 0.672653 0.075793
vt 0.733854 0.052818
vt 0.696274 0.092184
vt 0.761767 0.089175
vt 0.713724 0.115124
vt 0.777231 0.132534
vt 0.723245 0.142432
vt 0.778632 0.178877
vt 0.723809 0.171516
vt 0.765486 0.22385
vt 0.715222 0.19954
vt 0.432114 0.279175
vt 0.460446 0.271173
vt 0.406116 0.29955
vt 0.391576 0.325151
vt 0.385914 0.352817
vt 0.388864 0.380277
vt 0.39978 0.40511
vt 0.417447 0.425227
vt 0.440113 0.43897
vt 0.465659 0.445251
vt 0.491794 0.443645
vt 0.516196 0.434366
vt 0.536725 0.418276
vt 0.551566 0.396796
vt 0.55937 0.371801
vt 0.559375 0.345494
vt 0.551445 0.320201
vt 0.536132 0.298242
vt 0.51462 0.281708
vt 0.488667 0.27228
vt 0.896458 0.362187
vt 0.868422 0.370811
vt 0.840035 0.370187
vt 0.813736 0.361044
vt 0.791828 0.344522
vt 0.776182 0.322349
vt 0.76808 0.29672
vt 0.768084 0.270039
vt 0.776066 0.244723
vt 0.791214 0.223053
vt 0.812083 0.206973
vt 0.836766 0.197892
vt 0.863046 0.196638
vt 0.888512 0.203344
vt 0.910883 0.217441
vt 0.928124 0.237725
vt 0.938614 0.262508
vt 0.9412 0.289716
vt 0.935323 0.316971
vt 0.920958 0.341932
vt 0.150879 0.305035
vt 0.150879 0.355228
vt 0.427666 0.053766
vt 0.388126 0.022827
vt 0.150879 0.4052
vt 0.339312 0.006141
vt 0.150879 0.454985
vt 0.289103 0.006406
vt 0.150879 0.50459
vt 0.242003 0.022032
vt 0.150879 0.554055
vt 0.202343 0.05117
vt 0.150879 0.60341
vt 0.173764 0.090879
vt 0.150879 0.652672
vt 0.15883 0.137222
vt 0.150879 0.701846
vt 0.158832 0.185757
vt 0.150879 0.750947
vt 0.173665 0.231866
vt 0.150879 0.800006
vt 0.201825 0.271164
vt 0.150879 0.849058
vt 0.240607 0.299982
vt 0.150879 0.898118
vt 0.286311 0.315609
vt 0.150879 0.947145
vt 0.33462 0.316559
vt 0.150879 0.996032
vt 0.380942 0.302716
vt 0.150878 0.003968
vt 0.150879 0.053806
vt 0.4209 0.275341
vt 0.150879 0.103814
vt 0.450617 0.236958
vt 0.150879 0.153901
vt 0.46717 0.191165
vt 0.150878 0.204038
vt 0.468879 0.142275
vt 0.150879 0.254287
vt 0.455354 0.094954
vt 0.00375 0.305035
vt 0.00375 0.254287
vt 0.745862 0.270525
vt 0.774366 0.22801
vt 0.703984 0.299817
vt 0.00375 0.355228
vt 0.656348 0.314661
vt 0.00375 0.4052
vt 0.606873 0.314093
vt 0.00375 0.454985
vt 0.560334 0.298359
vt 0.00375 0.50459
vt 0.521185 0.26924
vt 0.00375 0.554055
vt 0.493 0.229757
vt 0.00375 0.60341
vt 0.478225 0.183679
vt 0.00375 0.652672
vt 0.478227 0.135341
vt 0.00375 0.701846
vt 0.493021 0.089344
vt 0.00375 0.750947
vt 0.521127 0.050109
vt 0.00375 0.800006
vt 0.559784 0.021303
vt 0.00375 0.849058
vt 0.605401 0.005587
vt 0.00375 0.898118
vt 0.65376 0.004508
vt 0.00375 0.947145
vt 0.700279 0.018365
vt 0.00375 0.996032
vt 0.740364 0.045964
vt 0.00375 0.003968
vt 0.00375 0.053806
vt 0.770093 0.084641
vt 0.00375 0.103814
vt 0.786599 0.130759
vt 0.00375 0.153902
vt 0.788178 0.18008
vt 0.00375 0.204038
vt 0.373304 0.10522
vt 0.352199 0.089316
vt 0.366779 0.111531
vt 0.347918 0.097392
vt 0.327028 0.080718
vt 0.325474 0.089727
vt 0.300596 0.080368
vt 0.301893 0.089354
vt 0.275593 0.088186
vt 0.279595 0.096245
vt 0.254449 0.103329
vt 0.260742 0.109696
vt 0.239125 0.124246
vt 0.247059 0.128339
vt 0.231048 0.14878
vt 0.239832 0.150203
vt 0.230982 0.174567
vt 0.239782 0.173205
vt 0.238833 0.19915
vt 0.246799 0.195159
vt 0.253824 0.220131
vt 0.260178 0.213897
vt 0.274528 0.235514
vt 0.278678 0.227622
vt 0.298956 0.243868
vt 0.300506 0.235092
vt 0.324734 0.244372
vt 0.323524 0.235553
vt 0.349438 0.236949
vt 0.345584 0.228915
vt 0.370699 0.222321
vt 0.364575 0.215862
vt 0.386425 0.201888
vt 0.378601 0.197639
vt 0.39506 0.177538
vt 0.386278 0.175911
vt 0.395752 0.151627
vt 0.386885 0.152808
vt 0.388292 0.126717
vt 0.3802 0.130641
vt 0.691256 0.216895
vt 0.706602 0.195299
vt 0.684737 0.210491
vt 0.698457 0.191262
vt 0.66573 0.22459
vt 0.669935 0.232673
vt 0.643487 0.232057
vt 0.644955 0.240971
vt 0.62023 0.232169
vt 0.618839 0.241041
vt 0.598187 0.225045
vt 0.594128 0.233011
vt 0.57954 0.211491
vt 0.573229 0.217778
vt 0.566062 0.192838
vt 0.558126 0.196863
vt 0.558984 0.17094
vt 0.5502 0.172329
vt 0.558963 0.147945
vt 0.550177 0.146573
vt 0.566019 0.126038
vt 0.558066 0.12204
vt 0.579429 0.107286
vt 0.573071 0.101057
vt 0.59789 0.093521
vt 0.593741 0.085651
vt 0.619681 0.086063
vt 0.618131 0.077299
vt 0.642695 0.085596
vt 0.643903 0.076791
vt 0.664687 0.092244
vt 0.668565 0.084241
vt 0.683585 0.105407
vt 0.689763 0.098974
vt 0.697537 0.1238
vt 0.705416 0.119583
vt 0.705094 0.14565
vt 0.713922 0.144096
vt 0.705432 0.168901
vt 0.714367 0.170185
vt 0.788388 0.086266
vt 0.793053 0.073332
vt 0.788388 0.100365
vt 0.793112 0.113317
vt 0.801518 0.123685
vt 0.812488 0.130745
vt 0.82495 0.13404
vt 0.837625 0.133335
vt 0.849292 0.128923
vt 0.859104 0.121313
vt 0.866182 0.111115
vt 0.869796 0.099311
vt 0.869751 0.087048
vt 0.866113 0.075295
vt 0.859034 0.065092
vt 0.849163 0.057498
vt 0.837472 0.05316
vt 0.824839 0.052495
vt 0.812373 0.055794
vt 0.801391 0.062918
vt 0.935304 0.175699
vt 0.926474 0.186388
vt 0.914869 0.19343
vt 0.901866 0.196337
vt 0.88883 0.195009
vt 0.877062 0.18977
vt 0.867628 0.181319
vt 0.861318 0.170599
vt 0.858544 0.158688
vt 0.859369 0.146628
vt 0.863611 0.135383
vt 0.870916 0.125828
vt 0.880758 0.118759
vt 0.892404 0.114861
vt 0.90487 0.114621
vt 0.917018 0.118205
vt 0.927676 0.125483
vt 0.935681 0.135927
vt 0.940063 0.148641
vt 0.94006 0.162436
usemtl Wheel3SG
f 1891/2679/1872 1892/2680/1873 1893/2681/1874
f 1894/2682/1875 1892/2680/1873 1891/2679/1872
f 1895/2683/1876 1892/2680/1873 1894/2682/1875
f 1896/2684/1877 1892/2680/1873 1895/2683/1876
f 1897/2685/1878 1892/2680/1873 1896/2684/1877
f 1898/2686/1879 1892/2680/1873 1897/2685/1878
f 1899/2687/1880 1892/2680/1873 1898/2686/1879
f 1900/2688/1881 1892/2680/1873 1899/2687/1880
f 1901/2689/1882 1892/2680/1873 1900/2688/1881
f 1902/2690/1883 1892/2680/1873 1901/2689/1882
f 1903/2691/1884 1892/2680/1873 1902/2690/1883
f 1904/2692/1885 1892/2680/1873 1903/2691/1884
f 1905/2693/1886 1892/2680/1873 1904/2692/1885
f 1906/2694/1887 1892/2680/1873 1905/2693/1886
f 1907/2695/1888 1892/2680/1873 1906/2694/1887
f 1908/2696/1889 1892/2680/1873 1907/2695/1888
f 1909/2697/1890 1892/2680/1873 1908/2696/1889
f 1910/2698/1891 1892/2680/1873 1909/2697/1890
f 1911/2699/1892 1892/2680/1873 1910/2698/1891
f 1893/2681/1874 1892/2680/1873 1911/2699/1892
f 1912/2700/1893 1913/2701/1894 1914/2702/1895
f 1914/2702/1895 1913/2701/1894 1915/2703/1896
f 1915/2703/1896 1913/2701/1894 1916/2704/1897
f 1916/2704/1897 1913/2701/1894 1917/2705/1898
f 1917/2705/1898 1913/2701/1894 1918/2706/1899
f 1918/2706/1899 1913/2701/1894 1919/2707/1900
f 1919/2707/1900 1913/2701/1894 1920/2708/1901
f 1920/2708/1901 1913/2701/1894 1921/2709/1902
f 1921/2709/1902 1913/2701/1894 1922/2710/1903
f 1922/2710/1903 1913/2701/1894 1923/2711/1904
f 1923/2711/1904 1913/2701/1894 1924/2712/1905
f 1924/2712/1905 1913/2701/1894 1925/2713/1906
f 1925/2713/1906 1913/2701/1894 1926/2714/1907
f 1926/2714/1907 1913/2701/1894 1927/2715/1908
f 1927/2715/1908 1913/2701/1894 1928/2716/1909
f 1928/2716/1909 1913/2701/1894 1929/2717/1910
f 1929/2717/1910 1913/2701/1894 1930/2718/1911
f 1930/2718/1911 1913/2701/1894 1931/2719/1912
f 1931/2719/1912 1913/2701/1894 1932/2720/1913
f 1932/2720/1913 1913/2701/1894 1912/2700/1893
f 1933/2721/1914 1934/2722/1915 1935/2723/1916
f 1934/2722/1915 1936/2724/1915 1935/2723/1916
f 1937/2725/1917 1938/2726/1915 1933/2721/1914
f 1938/2726/1915 1934/2722/1915 1933/2721/1914
f 1939/2727/1918 1940/2728/1919 1937/2725/1917
f 1940/2728/1919 1938/2726/1915 1937/2725/1917
f 1941/2729/1920 1942/2730/1915 1939/2727/1918
f 1942/2730/1915 1940/2728/1919 1939/2727/1918
f 1943/2731/1921 1944/2732/1922 1941/2729/1920
f 1944/2732/1922 1942/2730/1915 1941/2729/1920
f 1945/2733/1923 1946/2734/1915 1943/2731/1921
f 1946/2734/1915 1944/2732/1922 1943/2731/1921
f 1947/2735/1924 1948/2736/1915 1945/2733/1923
f 1948/2736/1915 1946/2734/1915 1945/2733/1923
f 1949/2737/1925 1950/2738/1915 1947/2735/1924
f 1950/2738/1915 1948/2736/1915 1947/2735/1924
f 1951/2739/1926 1952/2740/1915 1949/2737/1925
f 1952/2740/1915 1950/2738/1915 1949/2737/1925
f 1953/2741/1927 1954/2742/1915 1951/2739/1926
f 1954/2742/1915 1952/2740/1915 1951/2739/1926
f 1955/2743/1928 1956/2744/1915 1953/2741/1927
f 1956/2744/1915 1954/2742/1915 1953/2741/1927
f 1957/2745/1929 1958/2746/1915 1955/2743/1928
f 1958/2746/1915 1956/2744/1915 1955/2743/1928
f 1959/2747/1930 1960/2748/1915 1957/2745/1929
f 1960/2748/1915 1958/2746/1915 1957/2745/1929
f 1961/2749/1931 1962/2750/1915 1959/2747/1930
f 1962/2750/1915 1960/2748/1915 1959/2747/1930
f 1963/2751/1932 1964/2752/1922 1961/2749/1931
f 1964/2752/1922 1962/2750/1915 1961/2749/1931
f 1965/2753/1933 1966/2754/1922 1963/2751/1932
f 1966/2754/1922 1964/2752/1922 1963/2751/1932
f 1967/2755/1934 1968/2756/1915 1965/2753/1933
f 1968/2756/1915 1966/2754/1922 1965/2753/1933
f 1969/2757/1935 1970/2758/1915 1967/2755/1934
f 1970/2758/1915 1968/2756/1915 1967/2755/1934
f 1971/2759/1936 1972/2760/1915 1969/2757/1935
f 1972/2760/1915 1970/2758/1915 1969/2757/1935
f 1935/2723/1916 1936/2724/1915 1971/2759/1936
f 1936/2724/1915 1972/2760/1915 1971/2759/1936
f 1973/2761/1937 1974/2762/1938 1975/2763/1939
f 1974/2762/1938 1976/2764/1894 1975/2763/1939
f 1975/2763/1939 1976/2764/1894 1977/2765/1940
f 1976/2764/1894 1978/2766/1938 1977/2765/1940
f 1977/2765/1940 1978/2766/1938 1979/2767/1941
f 1978/2766/1938 1980/2768/1938 1979/2767/1941
f 1979/2767/1941 1980/2768/1938 1981/2769/1942
f 1980/2768/1938 1982/2770/1894 1981/2769/1942
f 1981/2769/1942 1982/2770/1894 1983/2771/1943
f 1982/2770/1894 1984/2772/1944 1983/2771/1943
f 1983/2771/1943 1984/2772/1944 1985/2773/1945
f 1984/2772/1944 1986/2774/1894 1985/2773/1945
f 1985/2773/1945 1986/2774/1894 1987/2775/1946
f 1986/2774/1894 1988/2776/1938 1987/2775/1946
f 1987/2775/1946 1988/2776/1938 1989/2777/1947
f 1988/2776/1938 1990/2778/1894 1989/2777/1947
f 1989/2777/1947 1990/2778/1894 1991/2779/1948
f 1990/2778/1894 1992/2780/1894 1991/2779/1948
f 1991/2779/1948 1992/2780/1894 1993/2781/1949
f 1992/2780/1894 1994/2782/1894 1993/2781/1949
f 1993/2781/1949 1994/2782/1894 1995/2783/1950
f 1994/2782/1894 1996/2784/1894 1995/2783/1950
f 1995/2783/1950 1996/2784/1894 1997/2785/1951
f 1996/2784/1894 1998/2786/1894 1997/2785/1951
f 1997/2785/1951 1998/2786/1894 1999/2787/1952
f 1998/2786/1894 2000/2788/1938 1999/2787/1952
f 1999/2787/1952 2000/2788/1938 2001/2789/1953
f 2000/2788/1938 2002/2790/1894 2001/2789/1953
f 2001/2789/1953 2002/2790/1894 2003/2791/1954
f 2002/2790/1894 2004/2792/1894 2003/2791/1954
f 2003/2791/1954 2004/2792/1894 2005/2793/1955
f 2004/2792/1894 2006/2794/1894 2005/2793/1955
f 2005/2793/1955 2006/2794/1894 2007/2795/1956
f 2006/2794/1894 2008/2796/1894 2007/2795/1956
f 2007/2795/1956 2008/2796/1894 2009/2797/1957
f 2008/2796/1894 2010/2798/1894 2009/2797/1957
f 2009/2797/1957 2010/2798/1894 2011/2799/1958
f 2010/2798/1894 2012/2800/1894 2011/2799/1958
f 2011/2799/1958 2012/2800/1894 1973/2761/1937
f 2012/2800/1894 1974/2762/1938 1973/2761/1937
f 2013/2801/1959 1891/2679/1872 2014/2802/1960
f 1891/2679/1872 1893/2681/1874 2014/2802/1960
f 2015/2803/1961 1894/2682/1875 2013/2801/1959
f 1894/2682/1875 1891/2679/1872 2013/2801/1959
f 2016/2804/1962 1895/2683/1876 2015/2803/1961
f 1895/2683/1876 1894/2682/1875 2015/2803/1961
f 2017/2805/1963 1896/2684/1877 2016/2804/1962
f 1896/2684/1877 1895/2683/1876 2016/2804/1962
f 2018/2806/1964 1897/2685/1878 2017/2805/1963
f 1897/2685/1878 1896/2684/1877 2017/2805/1963
f 2019/2807/1965 1898/2686/1879 2018/2806/1964
f 1898/2686/1879 1897/2685/1878 2018/2806/1964
f 2020/2808/1966 1899/2687/1880 2019/2807/1965
f 1899/2687/1880 1898/2686/1879 2019/2807/1965
f 2021/2809/1967 1900/2688/1881 2020/2808/1966
f 1900/2688/1881 1899/2687/1880 2020/2808/1966
f 2022/2810/1968 1901/2689/1882 2021/2809/1967
f 1901/2689/1882 1900/2688/1881 2021/2809/1967
f 2023/2811/1969 1902/2690/1883 2022/2810/1968
f 1902/2690/1883 1901/2689/1882 2022/2810/1968
f 2024/2812/1970 1903/2691/1884 2023/2811/1969
f 1903/2691/1884 1902/2690/1883 2023/2811/1969
f 2025/2813/1971 1904/2692/1885 2024/2812/1970
f 1904/2692/1885 1903/2691/1884 2024/2812/1970
f 2026/2814/1972 1905/2693/1886 2025/2813/1971
f 1905/2693/1886 1904/2692/1885 2025/2813/1971
f 2027/2815/1973 1906/2694/1887 2026/2814/1972
f 1906/2694/1887 1905/2693/1886 2026/2814/1972
f 2028/2816/1974 1907/2695/1888 2027/2815/1973
f 1907/2695/1888 1906/2694/1887 2027/2815/1973
f 2029/2817/1975 1908/2696/1889 2028/2816/1974
f 1908/2696/1889 1907/2695/1888 2028/2816/1974
f 2030/2818/1976 1909/2697/1890 2029/2817/1975
f 1909/2697/1890 1908/2696/1889 2029/2817/1975
f 2031/2819/1977 1910/2698/1891 2030/2818/1976
f 1910/2698/1891 1909/2697/1890 2030/2818/1976
f 2032/2820/1978 1911/2699/1892 2031/2819/1977
f 1911/2699/1892 1910/2698/1891 2031/2819/1977
f 2014/2802/1960 1893/2681/1874 2032/2820/1978
f 1893/2681/1874 1911/2699/1892 2032/2820/1978
f 2033/2821/1979 1912/2700/1893 2034/2822/1980
f 1912/2700/1893 1914/2702/1895 2034/2822/1980
f 2034/2822/1980 1914/2702/1895 2035/2823/1981
f 1914/2702/1895 1915/2703/1896 2035/2823/1981
f 2035/2823/1981 1915/2703/1896 2036/2824/1982
f 1915/2703/1896 1916/2704/1897 2036/2824/1982
f 2036/2824/1982 1916/2704/1897 2037/2825/1983
f 1916/2704/1897 1917/2705/1898 2037/2825/1983
f 2037/2825/1983 1917/2705/1898 2038/2826/1984
f 1917/2705/1898 1918/2706/1899 2038/2826/1984
f 2038/2826/1984 1918/2706/1899 2039/2827/1985
f 1918/2706/1899 1919/2707/1900 2039/2827/1985
f 2039/2827/1985 1919/2707/1900 2040/2828/1986
f 1919/2707/1900 1920/2708/1901 2040/2828/1986
f 2040/2828/1986 1920/2708/1901 2041/2829/1987
f 1920/2708/1901 1921/2709/1902 2041/2829/1987
f 2041/2829/1987 1921/2709/1902 2042/2830/1988
f 1921/2709/1902 1922/2710/1903 2042/2830/1988
f 2042/2830/1988 1922/2710/1903 2043/2831/1989
f 1922/2710/1903 1923/2711/1904 2043/2831/1989
f 2043/2831/1989 1923/2711/1904 2044/2832/1990
f 1923/2711/1904 1924/2712/1905 2044/2832/1990
f 2044/2832/1990 1924/2712/1905 2045/2833/1991
f 1924/2712/1905 1925/2713/1906 2045/2833/1991
f 2045/2833/1991 1925/2713/1906 2046/2834/1992
f 1925/2713/1906 1926/2714/1907 2046/2834/1992
f 2046/2834/1992 1926/2714/1907 2047/2835/1993
f 1926/2714/1907 1927/2715/1908 2047/2835/1993
f 2047/2835/1993 1927/2715/1908 2048/2836/1994
f 1927/2715/1908 1928/2716/1909 2048/2836/1994
f 2048/2836/1994 1928/2716/1909 2049/2837/1995
f 1928/2716/1909 1929/2717/1910 2049/2837/1995
f 2049/2837/1995 1929/2717/1910 2050/2838/1996
f 1929/2717/1910 1930/2718/1911 2050/2838/1996
f 2050/2838/1996 1930/2718/1911 2051/2839/1997
f 1930/2718/1911 1931/2719/1912 2051/2839/1997
f 2051/2839/1997 1931/2719/1912 2052/2840/1998
f 1931/2719/1912 1932/2720/1913 2052/2840/1998
f 2052/2840/1998 1932/2720/1913 2033/2821/1979
f 1932/2720/1913 1912/2700/1893 2033/2821/1979
f 2053/2841/1999 2054/2842/2000 2055/2843/2001
f 2054/2842/2000 2056/2844/2002 2055/2843/2001
f 2055/2843/2001 2056/2844/2002 2057/2845/2003
f 2056/2844/2002 2058/2846/2004 2057/2845/2003
f 2057/2845/2003 2058/2846/2004 2059/2847/2005
f 2058/2846/2004 2060/2848/2006 2059/2847/2005
f 2059/2847/2005 2060/2848/2006 2061/2849/2007
f 2060/2848/2006 2062/2850/2008 2061/2849/2007
f 2061/2849/2007 2062/2850/2008 2063/2851/2009
f 2062/2850/2008 2064/2852/2010 2063/2851/2009
f 2063/2851/2009 2064/2852/2010 2065/2853/2011
f 2064/2852/2010 2066/2854/2012 2065/2853/2011
f 2065/2853/2011 2066/2854/2012 2067/2855/2013
f 2066/2854/2012 2068/2856/2014 2067/2855/2013
f 2067/2855/2013 2068/2856/2014 2069/2857/2015
f 2068/2856/2014 2070/2858/2016 2069/2857/2015
f 2069/2857/2015 2070/2858/2016 2071/2859/2017
f 2070/2858/2016 2072/2860/2018 2071/2859/2017
f 2071/2859/2017 2072/2860/2018 2073/2861/2019
f 2072/2860/2018 2074/2862/2020 2073/2861/2019
f 2073/2861/2019 2074/2862/2020 2075/2863/2021
f 2074/2862/2020 2076/2864/2022 2075/2863/2021
f 2075/2863/2021 2076/2864/2022 2077/2865/2023
f 2076/2864/2022 2078/2866/2024 2077/2865/2023
f 2077/2865/2023 2078/2866/2024 2079/2867/2025
f 2078/2866/2024 2080/2868/2026 2079/2867/2025
f 2079/2867/2025 2080/2868/2026 2081/2869/2027
f 2080/2868/2026 2082/2870/2028 2081/2869/2027
f 2081/2871/2027 2082/2872/2028 2083/2873/2029
f 2082/2872/2028 2084/2874/2030 2083/2873/2029
f 2083/2873/2029 2084/2874/2030 2085/2875/2031
f 2084/2874/2030 2086/2876/2032 2085/2875/2031
f 2085/2875/2031 2086/2876/2032 2087/2877/2033
f 2086/2876/2032 2088/2878/2034 2087/2877/2033
f 2087/2877/2033 2088/2878/2034 2089/2879/2035
f 2088/2878/2034 2090/2880/2036 2089/2879/2035
f 2089/2879/2035 2090/2880/2036 2091/2881/2037
f 2090/2880/2036 2092/2882/2038 2091/2881/2037
f 2091/2881/2037 2092/2882/2038 2053/2841/1999
f 2092/2882/2038 2054/2842/2000 2053/2841/1999
f 2093/2883/2039 2094/2884/2040 2095/2885/2041
f 2094/2884/2040 2096/2886/2042 2095/2885/2041
f 2097/2887/2043 2098/2888/2044 2093/2883/2039
f 2098/2888/2044 2094/2884/2040 2093/2883/2039
f 2099/2889/2045 2100/2890/2046 2097/2887/2043
f 2100/2890/2046 2098/2888/2044 2097/2887/2043
f 2101/2891/2047 2102/2892/2048 2099/2889/2045
f 2102/2892/2048 2100/2890/2046 2099/2889/2045
f 2103/2893/2049 2104/2894/2050 2101/2891/2047
f 2104/2894/2050 2102/2892/2048 2101/2891/2047
f 2105/2895/2051 2106/2896/2052 2103/2893/2049
f 2106/2896/2052 2104/2894/2050 2103/2893/2049
f 2107/2897/2053 2108/2898/2054 2105/2895/2051
f 2108/2898/2054 2106/2896/2052 2105/2895/2051
f 2109/2899/2055 2110/2900/2056 2107/2897/2053
f 2110/2900/2056 2108/2898/2054 2107/2897/2053
f 2111/2901/2057 2112/2902/2058 2109/2899/2055
f 2112/2902/2058 2110/2900/2056 2109/2899/2055
f 2113/2903/2059 2114/2904/2060 2111/2901/2057
f 2114/2904/2060 2112/2902/2058 2111/2901/2057
f 2115/2905/2061 2116/2906/2062 2113/2903/2059
f 2116/2906/2062 2114/2904/2060 2113/2903/2059
f 2117/2907/2063 2118/2908/2064 2115/2905/2061
f 2118/2908/2064 2116/2906/2062 2115/2905/2061
f 2119/2909/2065 2120/2910/2066 2117/2907/2063
f 2120/2910/2066 2118/2908/2064 2117/2907/2063
f 2121/2911/2067 2122/2912/2068 2119/2909/2065
f 2122/2912/2068 2120/2910/2066 2119/2909/2065
f 2123/2913/2069 2124/2914/2070 2121/2911/2067
f 2124/2914/2070 2122/2912/2068 2121/2911/2067
f 2125/2915/2071 2126/2916/2072 2123/2913/2069
f 2126/2916/2072 2124/2914/2070 2123/2913/2069
f 2127/2917/2073 2128/2918/2074 2125/2915/2071
f 2128/2918/2074 2126/2916/2072 2125/2915/2071
f 2129/2919/2075 2130/2920/2076 2127/2917/2073
f 2130/2920/2076 2128/2918/2074 2127/2917/2073
f 2131/2921/2077 2132/2922/2078 2129/2919/2075
f 2132/2922/2078 2130/2920/2076 2129/2919/2075
f 2095/2885/2041 2096/2886/2042 2131/2921/2077
f 2096/2886/2042 2132/2922/2078 2131/2921/2077
f 2133/2923/2079 2134/2924/2080 2135/2925/2081
f 2134/2924/2080 2136/2926/2082 2135/2925/2081
f 2135/2925/2081 2136/2926/2082 2137/2927/2083
f 2136/2926/2082 2138/2928/2084 2137/2927/2083
f 2137/2927/2083 2138/2928/2084 2139/2929/2085
f 2138/2928/2084 2140/2930/2086 2139/2929/2085
f 2139/2929/2085 2140/2930/2086 2141/2931/2087
f 2140/2930/2086 2142/2932/2088 2141/2931/2087
f 2141/2931/2087 2142/2932/2088 2143/2933/2089
f 2142/2932/2088 2144/2934/2090 2143/2933/2089
f 2143/2933/2089 2144/2934/2090 2145/2935/2091
f 2144/2934/2090 2146/2936/2092 2145/2935/2091
f 2145/2935/2091 2146/2936/2092 2147/2937/2093
f 2146/2936/2092 2148/2938/2094 2147/2937/2093
f 2147/2937/2093 2148/2938/2094 2149/2939/2095
f 2148/2938/2094 2150/2940/2096 2149/2939/2095
f 2149/2939/2095 2150/2940/2096 2151/2941/2097
f 2150/2940/2096 2152/2942/2098 2151/2941/2097
f 2151/2941/2097 2152/2942/2098 2153/2943/2099
f 2152/2942/2098 2154/2944/2100 2153/2943/2099
f 2153/2943/2099 2154/2944/2100 2155/2945/2101
f 2154/2944/2100 2156/2946/2102 2155/2945/2101
f 2155/2945/2101 2156/2946/2102 2157/2947/2103
f 2156/2946/2102 2158/2948/2104 2157/2947/2103
f 2157/2947/2103 2158/2948/2104 2159/2949/2105
f 2158/2948/2104 2160/2950/2106 2159/2949/2105
f 2159/2949/2105 2160/2950/2106 2161/2951/2107
f 2160/2950/2106 2162/2952/2108 2161/2951/2107
f 2161/2951/2107 2162/2952/2108 2163/2953/2109
f 2162/2952/2108 2164/2954/2110 2163/2953/2109
f 2163/2953/2109 2164/2954/2110 2165/2955/2111
f 2164/2954/2110 2166/2956/2112 2165/2955/2111
f 2165/2955/2111 2166/2956/2112 2167/2957/2113
f 2166/2956/2112 2168/2958/2114 2167/2957/2113
f 2167/2957/2113 2168/2958/2114 2169/2959/2115
f 2168/2958/2114 2170/2960/2116 2169/2959/2115
f 2169/2959/2115 2170/2960/2116 2171/2961/2117
f 2170/2960/2116 2172/2962/2118 2171/2961/2117
f 2171/2961/2117 2172/2962/2118 2133/2923/2079
f 2172/2962/2118 2134/2924/2080 2133/2923/2079
f 2173/2963/2119 1933/2721/1914 2174/2964/2120
f 1933/2721/1914 1935/2723/1916 2174/2964/2120
f 2175/2965/2121 1937/2725/1917 2173/2963/2119
f 1937/2725/1917 1933/2721/1914 2173/2963/2119
f 2176/2966/2122 1939/2727/1918 2175/2965/2121
f 1939/2727/1918 1937/2725/1917 2175/2965/2121
f 2177/2967/2123 1941/2729/1920 2176/2966/2122
f 1941/2729/1920 1939/2727/1918 2176/2966/2122
f 2178/2968/2124 1943/2731/1921 2177/2967/2123
f 1943/2731/1921 1941/2729/1920 2177/2967/2123
f 2179/2969/2125 1945/2733/1923 2178/2968/2124
f 1945/2733/1923 1943/2731/1921 2178/2968/2124
f 2180/2970/2126 1947/2735/1924 2179/2969/2125
f 1947/2735/1924 1945/2733/1923 2179/2969/2125
f 2181/2971/2127 1949/2737/1925 2180/2970/2126
f 1949/2737/1925 1947/2735/1924 2180/2970/2126
f 2182/2972/2128 1951/2739/1926 2181/2971/2127
f 1951/2739/1926 1949/2737/1925 2181/2971/2127
f 2183/2973/2129 1953/2741/1927 2182/2972/2128
f 1953/2741/1927 1951/2739/1926 2182/2972/2128
f 2184/2974/2130 1955/2743/1928 2183/2973/2129
f 1955/2743/1928 1953/2741/1927 2183/2973/2129
f 2185/2975/2131 1957/2745/1929 2184/2974/2130
f 1957/2745/1929 1955/2743/1928 2184/2974/2130
f 2186/2976/2132 1959/2747/1930 2185/2975/2131
f 1959/2747/1930 1957/2745/1929 2185/2975/2131
f 2187/2977/2133 1961/2749/1931 2186/2976/2132
f 1961/2749/1931 1959/2747/1930 2186/2976/2132
f 2188/2978/2134 1963/2751/1932 2187/2977/2133
f 1963/2751/1932 1961/2749/1931 2187/2977/2133
f 2189/2979/2135 1965/2753/1933 2188/2978/2134
f 1965/2753/1933 1963/2751/1932 2188/2978/2134
f 2190/2980/2136 1967/2755/1934 2189/2979/2135
f 1967/2755/1934 1965/2753/1933 2189/2979/2135
f 2191/2981/2137 1969/2757/1935 2190/2980/2136
f 1969/2757/1935 1967/2755/1934 2190/2980/2136
f 2192/2982/2138 1971/2759/1936 2191/2981/2137
f 1971/2759/1936 1969/2757/1935 2191/2981/2137
f 2174/2964/2120 1935/2723/1916 2192/2982/2138
f 1935/2723/1916 1971/2759/1936 2192/2982/2138
f 2193/2983/2139 1973/2761/1937 2194/2984/2140
f 1973/2761/1937 1975/2763/1939 2194/2984/2140
f 2194/2984/2140 1975/2763/1939 2195/2985/2141
f 1975/2763/1939 1977/2765/1940 2195/2985/2141
f 2195/2985/2141 1977/2765/1940 2196/2986/2142
f 1977/2765/1940 1979/2767/1941 2196/2986/2142
f 2196/2986/2142 1979/2767/1941 2197/2987/2143
f 1979/2767/1941 1981/2769/1942 2197/2987/2143
f 2197/2987/2143 1981/2769/1942 2198/2988/2144
f 1981/2769/1942 1983/2771/1943 2198/2988/2144
f 2198/2988/2144 1983/2771/1943 2199/2989/2145
f 1983/2771/1943 1985/2773/1945 2199/2989/2145
f 2199/2989/2145 1985/2773/1945 2200/2990/2146
f 1985/2773/1945 1987/2775/1946 2200/2990/2146
f 2200/2990/2146 1987/2775/1946 2201/2991/2147
f 1987/2775/1946 1989/2777/1947 2201/2991/2147
f 2201/2991/2147 1989/2777/1947 2202/2992/2148
f 1989/2777/1947 1991/2779/1948 2202/2992/2148
f 2202/2992/2148 1991/2779/1948 2203/2993/2149
f 1991/2779/1948 1993/2781/1949 2203/2993/2149
f 2203/2993/2149 1993/2781/1949 2204/2994/2150
f 1993/2781/1949 1995/2783/1950 2204/2994/2150
f 2204/2994/2150 1995/2783/1950 2205/2995/2151
f 1995/2783/1950 1997/2785/1951 2205/2995/2151
f 2205/2995/2151 1997/2785/1951 2206/2996/2152
f 1997/2785/1951 1999/2787/1952 2206/2996/2152
f 2206/2996/2152 1999/2787/1952 2207/2997/2153
f 1999/2787/1952 2001/2789/1953 2207/2997/2153
f 2207/2997/2153 2001/2789/1953 2208/2998/2154
f 2001/2789/1953 2003/2791/1954 2208/2998/2154
f 2208/2998/2154 2003/2791/1954 2209/2999/2155
f 2003/2791/1954 2005/2793/1955 2209/2999/2155
f 2209/2999/2155 2005/2793/1955 2210/3000/2156
f 2005/2793/1955 2007/2795/1956 2210/3000/2156
f 2210/3000/2156 2007/2795/1956 2211/3001/2157
f 2007/2795/1956 2009/2797/1957 2211/3001/2157
f 2211/3001/2157 2009/2797/1957 2212/3002/2158
f 2009/2797/1957 2011/2799/1958 2212/3002/2158
f 2212/3002/2158 2011/2799/1958 2193/2983/2139
f 2011/2799/1958 1973/2761/1937 2193/2983/2139
f 2053/2841/1999 2055/2843/2001 2213/3003/2159
f 2055/2843/2001 2214/3004/2160 2213/3003/2159
f 2213/3005/2159 2214/3006/2160 2095/2885/2041
f 2214/3006/2160 2093/2883/2039 2095/2885/2041
f 2055/2843/2001 2057/2845/2003 2214/3004/2160
f 2057/2845/2003 2215/3007/2161 2214/3004/2160
f 2214/3006/2160 2215/3008/2161 2093/2883/2039
f 2215/3008/2161 2097/2887/2043 2093/2883/2039
f 2057/2845/2003 2059/2847/2005 2215/3007/2161
f 2059/2847/2005 2216/3009/2162 2215/3007/2161
f 2215/3008/2161 2216/3010/2162 2097/2887/2043
f 2216/3010/2162 2099/2889/2045 2097/2887/2043
f 2059/2847/2005 2061/2849/2007 2216/3009/2162
f 2061/2849/2007 2217/3011/2163 2216/3009/2162
f 2216/3010/2162 2217/3012/2163 2099/2889/2045
f 2217/3012/2163 2101/2891/2047 2099/2889/2045
f 2061/2849/2007 2063/2851/2009 2217/3011/2163
f 2063/2851/2009 2218/3013/2164 2217/3011/2163
f 2217/3012/2163 2218/3014/2164 2101/2891/2047
f 2218/3014/2164 2103/2893/2049 2101/2891/2047
f 2063/2851/2009 2065/2853/2011 2218/3013/2164
f 2065/2853/2011 2219/3015/2165 2218/3013/2164
f 2218/3014/2164 2219/3016/2165 2103/2893/2049
f 2219/3016/2165 2105/2895/2051 2103/2893/2049
f 2065/2853/2011 2067/2855/2013 2219/3015/2165
f 2067/2855/2013 2220/3017/2166 2219/3015/2165
f 2219/3016/2165 2220/3018/2166 2105/2895/2051
f 2220/3018/2166 2107/2897/2053 2105/2895/2051
f 2067/2855/2013 2069/2857/2015 2220/3017/2166
f 2069/2857/2015 2221/3019/2167 2220/3017/2166
f 2220/3018/2166 2221/3020/2167 2107/2897/2053
f 2221/3020/2167 2109/2899/2055 2107/2897/2053
f 2069/2857/2015 2071/2859/2017 2221/3019/2167
f 2071/2859/2017 2222/3021/2168 2221/3019/2167
f 2221/3020/2167 2222/3022/2168 2109/2899/2055
f 2222/3022/2168 2111/2901/2057 2109/2899/2055
f 2071/2859/2017 2073/2861/2019 2222/3021/2168
f 2073/2861/2019 2223/3023/2169 2222/3021/2168
f 2222/3022/2168 2223/3024/2169 2111/2901/2057
f 2223/3024/2169 2113/2903/2059 2111/2901/2057
f 2073/2861/2019 2075/2863/2021 2223/3023/2169
f 2075/2863/2021 2224/3025/2170 2223/3023/2169
f 2223/3024/2169 2224/3026/2170 2113/2903/2059
f 2224/3026/2170 2115/2905/2061 2113/2903/2059
f 2075/2863/2021 2077/2865/2023 2224/3025/2170
f 2077/2865/2023 2225/3027/2171 2224/3025/2170
f 2224/3026/2170 2225/3028/2171 2115/2905/2061
f 2225/3028/2171 2117/2907/2063 2115/2905/2061
f 2077/2865/2023 2079/2867/2025 2225/3027/2171
f 2079/2867/2025 2226/3029/2172 2225/3027/2171
f 2225/3028/2171 2226/3030/2172 2117/2907/2063
f 2226/3030/2172 2119/2909/2065 2117/2907/2063
f 2079/2867/2025 2081/2869/2027 2226/3029/2172
f 2081/2869/2027 2227/3031/2173 2226/3029/2172
f 2226/3030/2172 2227/3032/2173 2119/2909/2065
f 2227/3032/2173 2121/2911/2067 2119/2909/2065
f 2081/2871/2027 2083/2873/2029 2227/3033/2173
f 2083/2873/2029 2228/3034/2174 2227/3033/2173
f 2227/3032/2173 2228/3035/2174 2121/2911/2067
f 2228/3035/2174 2123/2913/2069 2121/2911/2067
f 2083/2873/2029 2085/2875/2031 2228/3034/2174
f 2085/2875/2031 2229/3036/2175 2228/3034/2174
f 2228/3035/2174 2229/3037/2175 2123/2913/2069
f 2229/3037/2175 2125/2915/2071 2123/2913/2069
f 2085/2875/2031 2087/2877/2033 2229/3036/2175
f 2087/2877/2033 2230/3038/2176 2229/3036/2175
f 2229/3037/2175 2230/3039/2176 2125/2915/2071
f 2230/3039/2176 2127/2917/2073 2125/2915/2071
f 2087/2877/2033 2089/2879/2035 2230/3038/2176
f 2089/2879/2035 2231/3040/2177 2230/3038/2176
f 2230/3039/2176 2231/3041/2177 2127/2917/2073
f 2231/3041/2177 2129/2919/2075 2127/2917/2073
f 2089/2879/2035 2091/2881/2037 2231/3040/2177
f 2091/2881/2037 2232/3042/2178 2231/3040/2177
f 2231/3041/2177 2232/3043/2178 2129/2919/2075
f 2232/3043/2178 2131/2921/2077 2129/2919/2075
f 2095/2885/2041 2131/2921/2077 2213/3005/2159
f 2131/2921/2077 2232/3043/2178 2213/3005/2159
f 2213/3003/2159 2232/3042/2178 2053/2841/1999
f 2232/3042/2178 2091/2881/2037 2053/2841/1999
f 2054/2842/2000 2092/2882/2038 2233/3044/2179
f 2092/2882/2038 2234/3045/2180 2233/3044/2179
f 2233/3046/2179 2234/3047/2180 2133/2923/2079
f 2234/3047/2180 2171/2961/2117 2133/2923/2079
f 2133/2923/2079 2135/2925/2081 2233/3046/2179
f 2135/2925/2081 2235/3048/2181 2233/3046/2179
f 2233/3044/2179 2235/3049/2181 2054/2842/2000
f 2235/3049/2181 2056/2844/2002 2054/2842/2000
f 2135/2925/2081 2137/2927/2083 2235/3048/2181
f 2137/2927/2083 2236/3050/2182 2235/3048/2181
f 2235/3049/2181 2236/3051/2182 2056/2844/2002
f 2236/3051/2182 2058/2846/2004 2056/2844/2002
f 2137/2927/2083 2139/2929/2085 2236/3050/2182
f 2139/2929/2085 2237/3052/2183 2236/3050/2182
f 2236/3051/2182 2237/3053/2183 2058/2846/2004
f 2237/3053/2183 2060/2848/2006 2058/2846/2004
f 2139/2929/2085 2141/2931/2087 2237/3052/2183
f 2141/2931/2087 2238/3054/2184 2237/3052/2183
f 2237/3053/2183 2238/3055/2184 2060/2848/2006
f 2238/3055/2184 2062/2850/2008 2060/2848/2006
f 2141/2931/2087 2143/2933/2089 2238/3054/2184
f 2143/2933/2089 2239/3056/2185 2238/3054/2184
f 2238/3055/2184 2239/3057/2185 2062/2850/2008
f 2239/3057/2185 2064/2852/2010 2062/2850/2008
f 2143/2933/2089 2145/2935/2091 2239/3056/2185
f 2145/2935/2091 2240/3058/2186 2239/3056/2185
f 2239/3057/2185 2240/3059/2186 2064/2852/2010
f 2240/3059/2186 2066/2854/2012 2064/2852/2010
f 2145/2935/2091 2147/2937/2093 2240/3058/2186
f 2147/2937/2093 2241/3060/2187 2240/3058/2186
f 2240/3059/2186 2241/3061/2187 2066/2854/2012
f 2241/3061/2187 2068/2856/2014 2066/2854/2012
f 2147/2937/2093 2149/2939/2095 2241/3060/2187
f 2149/2939/2095 2242/3062/2188 2241/3060/2187
f 2241/3061/2187 2242/3063/2188 2068/2856/2014
f 2242/3063/2188 2070/2858/2016 2068/2856/2014
f 2149/2939/2095 2151/2941/2097 2242/3062/2188
f 2151/2941/2097 2243/3064/2189 2242/3062/2188
f 2242/3063/2188 2243/3065/2189 2070/2858/2016
f 2243/3065/2189 2072/2860/2018 2070/2858/2016
f 2151/2941/2097 2153/2943/2099 2243/3064/2189
f 2153/2943/2099 2244/3066/2190 2243/3064/2189
f 2243/3065/2189 2244/3067/2190 2072/2860/2018
f 2244/3067/2190 2074/2862/2020 2072/2860/2018
f 2153/2943/2099 2155/2945/2101 2244/3066/2190
f 2155/2945/2101 2245/3068/2191 2244/3066/2190
f 2244/3067/2190 2245/3069/2191 2074/2862/2020
f 2245/3069/2191 2076/2864/2022 2074/2862/2020
f 2155/2945/2101 2157/2947/2103 2245/3068/2191
f 2157/2947/2103 2246/3070/2192 2245/3068/2191
f 2245/3069/2191 2246/3071/2192 2076/2864/2022
f 2246/3071/2192 2078/2866/2024 2076/2864/2022
f 2157/2947/2103 2159/2949/2105 2246/3070/2192
f 2159/2949/2105 2247/3072/2193 2246/3070/2192
f 2246/3071/2192 2247/3073/2193 2078/2866/2024
f 2247/3073/2193 2080/2868/2026 2078/2866/2024
f 2159/2949/2105 2161/2951/2107 2247/3072/2193
f 2161/2951/2107 2248/3074/2194 2247/3072/2193
f 2247/3073/2193 2248/3075/2194 2080/2868/2026
f 2248/3075/2194 2082/2870/2028 2080/2868/2026
f 2161/2951/2107 2163/2953/2109 2248/3074/2194
f 2163/2953/2109 2249/3076/2195 2248/3074/2194
f 2248/3077/2194 2249/3078/2195 2082/2872/2028
f 2249/3078/2195 2084/2874/2030 2082/2872/2028
f 2163/2953/2109 2165/2955/2111 2249/3076/2195
f 2165/2955/2111 2250/3079/2196 2249/3076/2195
f 2249/3078/2195 2250/3080/2196 2084/2874/2030
f 2250/3080/2196 2086/2876/2032 2084/2874/2030
f 2165/2955/2111 2167/2957/2113 2250/3079/2196
f 2167/2957/2113 2251/3081/2197 2250/3079/2196
f 2250/3080/2196 2251/3082/2197 2086/2876/2032
f 2251/3082/2197 2088/2878/2034 2086/2876/2032
f 2167/2957/2113 2169/2959/2115 2251/3081/2197
f 2169/2959/2115 2252/3083/2198 2251/3081/2197
f 2251/3082/2197 2252/3084/2198 2088/2878/2034
f 2252/3084/2198 2090/2880/2036 2088/2878/2034
f 2169/2959/2115 2171/2961/2117 2252/3083/2198
f 2171/2961/2117 2234/3047/2180 2252/3083/2198
f 2252/3084/2198 2234/3045/2180 2090/2880/2036
f 2234/3045/2180 2092/2882/2038 2090/2880/2036
f 2096/2886/2042 2094/2884/2040 2253/3085/2199
f 2094/2884/2040 2254/3086/2200 2253/3085/2199
f 2253/3085/2199 2254/3086/2200 2174/3087/2120
f 2254/3086/2200 2173/3088/2119 2174/3087/2120
f 2094/2884/2040 2098/2888/2044 2254/3086/2200
f 2098/2888/2044 2255/3089/2201 2254/3086/2200
f 2254/3086/2200 2255/3089/2201 2173/3088/2119
f 2255/3089/2201 2175/3090/2121 2173/3088/2119
f 2098/2888/2044 2100/2890/2046 2255/3089/2201
f 2100/2890/2046 2256/3091/2202 2255/3089/2201
f 2255/3089/2201 2256/3091/2202 2175/3090/2121
f 2256/3091/2202 2176/3092/2122 2175/3090/2121
f 2100/2890/2046 2102/2892/2048 2256/3091/2202
f 2102/2892/2048 2257/3093/2203 2256/3091/2202
f 2256/3091/2202 2257/3093/2203 2176/3092/2122
f 2257/3093/2203 2177/3094/2123 2176/3092/2122
f 2102/2892/2048 2104/2894/2050 2257/3093/2203
f 2104/2894/2050 2258/3095/2204 2257/3093/2203
f 2257/3093/2203 2258/3095/2204 2177/3094/2123
f 2258/3095/2204 2178/3096/2124 2177/3094/2123
f 2104/2894/2050 2106/2896/2052 2258/3095/2204
f 2106/2896/2052 2259/3097/2205 2258/3095/2204
f 2258/3095/2204 2259/3097/2205 2178/3096/2124
f 2259/3097/2205 2179/3098/2125 2178/3096/2124
f 2106/2896/2052 2108/2898/2054 2259/3097/2205
f 2108/2898/2054 2260/3099/2206 2259/3097/2205
f 2259/3097/2205 2260/3099/2206 2179/3098/2125
f 2260/3099/2206 2180/3100/2126 2179/3098/2125
f 2108/2898/2054 2110/2900/2056 2260/3099/2206
f 2110/2900/2056 2261/3101/2207 2260/3099/2206
f 2260/3099/2206 2261/3101/2207 2180/3100/2126
f 2261/3101/2207 2181/3102/2127 2180/3100/2126
f 2110/2900/2056 2112/2902/2058 2261/3101/2207
f 2112/2902/2058 2262/3103/2208 2261/3101/2207
f 2261/3101/2207 2262/3103/2208 2181/3102/2127
f 2262/3103/2208 2182/3104/2128 2181/3102/2127
f 2112/2902/2058 2114/2904/2060 2262/3103/2208
f 2114/2904/2060 2263/3105/2209 2262/3103/2208
f 2262/3103/2208 2263/3105/2209 2182/3104/2128
f 2263/3105/2209 2183/3106/2129 2182/3104/2128
f 2114/2904/2060 2116/2906/2062 2263/3105/2209
f 2116/2906/2062 2264/3107/2210 2263/3105/2209
f 2263/3105/2209 2264/3107/2210 2183/3106/2129
f 2264/3107/2210 2184/3108/2130 2183/3106/2129
f 2116/2906/2062 2118/2908/2064 2264/3107/2210
f 2118/2908/2064 2265/3109/2211 2264/3107/2210
f 2264/3107/2210 2265/3109/2211 2184/3108/2130
f 2265/3109/2211 2185/3110/2131 2184/3108/2130
f 2118/2908/2064 2120/2910/2066 2265/3109/2211
f 2120/2910/2066 2266/3111/2212 2265/3109/2211
f 2265/3109/2211 2266/3111/2212 2185/3110/2131
f 2266/3111/2212 2186/3112/2132 2185/3110/2131
f 2120/2910/2066 2122/2912/2068 2266/3111/2212
f 2122/2912/2068 2267/3113/2213 2266/3111/2212
f 2266/3111/2212 2267/3113/2213 2186/3112/2132
f 2267/3113/2213 2187/3114/2133 2186/3112/2132
f 2122/2912/2068 2124/2914/2070 2267/3113/2213
f 2124/2914/2070 2268/3115/2214 2267/3113/2213
f 2267/3113/2213 2268/3115/2214 2187/3114/2133
f 2268/3115/2214 2188/3116/2134 2187/3114/2133
f 2124/2914/2070 2126/2916/2072 2268/3115/2214
f 2126/2916/2072 2269/3117/2215 2268/3115/2214
f 2268/3115/2214 2269/3117/2215 2188/3116/2134
f 2269/3117/2215 2189/3118/2135 2188/3116/2134
f 2126/2916/2072 2128/2918/2074 2269/3117/2215
f 2128/2918/2074 2270/3119/2216 2269/3117/2215
f 2269/3117/2215 2270/3119/2216 2189/3118/2135
f 2270/3119/2216 2190/3120/2136 2189/3118/2135
f 2128/2918/2074 2130/2920/2076 2270/3119/2216
f 2130/2920/2076 2271/3121/2217 2270/3119/2216
f 2270/3119/2216 2271/3121/2217 2190/3120/2136
f 2271/3121/2217 2191/3122/2137 2190/3120/2136
f 2130/2920/2076 2132/2922/2078 2271/3121/2217
f 2132/2922/2078 2272/3123/2218 2271/3121/2217
f 2271/3121/2217 2272/3123/2218 2191/3122/2137
f 2272/3123/2218 2192/3124/2138 2191/3122/2137
f 2174/3087/2120 2192/3124/2138 2253/3085/2199
f 2192/3124/2138 2272/3123/2218 2253/3085/2199
f 2253/3085/2199 2272/3123/2218 2096/2886/2042
f 2272/3123/2218 2132/2922/2078 2096/2886/2042
f 2134/2924/2080 2172/2962/2118 2273/3125/2219
f 2172/2962/2118 2274/3126/2220 2273/3125/2219
f 2273/3125/2219 2274/3126/2220 2193/3127/2139
f 2274/3126/2220 2212/3128/2158 2193/3127/2139
f 2193/3127/2139 2194/3129/2140 2273/3125/2219
f 2194/3129/2140 2275/3130/2221 2273/3125/2219
f 2273/3125/2219 2275/3130/2221 2134/2924/2080
f 2275/3130/2221 2136/2926/2082 2134/2924/2080
f 2194/3129/2140 2195/3131/2141 2275/3130/2221
f 2195/3131/2141 2276/3132/2222 2275/3130/2221
f 2275/3130/2221 2276/3132/2222 2136/2926/2082
f 2276/3132/2222 2138/2928/2084 2136/2926/2082
f 2195/3131/2141 2196/3133/2142 2276/3132/2222
f 2196/3133/2142 2277/3134/2223 2276/3132/2222
f 2276/3132/2222 2277/3134/2223 2138/2928/2084
f 2277/3134/2223 2140/2930/2086 2138/2928/2084
f 2196/3133/2142 2197/3135/2143 2277/3134/2223
f 2197/3135/2143 2278/3136/2224 2277/3134/2223
f 2277/3134/2223 2278/3136/2224 2140/2930/2086
f 2278/3136/2224 2142/2932/2088 2140/2930/2086
f 2197/3135/2143 2198/3137/2144 2278/3136/2224
f 2198/3137/2144 2279/3138/2225 2278/3136/2224
f 2278/3136/2224 2279/3138/2225 2142/2932/2088
f 2279/3138/2225 2144/2934/2090 2142/2932/2088
f 2198/3137/2144 2199/3139/2145 2279/3138/2225
f 2199/3139/2145 2280/3140/2226 2279/3138/2225
f 2279/3138/2225 2280/3140/2226 2144/2934/2090
f 2280/3140/2226 2146/2936/2092 2144/2934/2090
f 2199/3139/2145 2200/3141/2146 2280/3140/2226
f 2200/3141/2146 2281/3142/2227 2280/3140/2226
f 2280/3140/2226 2281/3142/2227 2146/2936/2092
f 2281/3142/2227 2148/2938/2094 2146/2936/2092
f 2200/3141/2146 2201/3143/2147 2281/3142/2227
f 2201/3143/2147 2282/3144/2228 2281/3142/2227
f 2281/3142/2227 2282/3144/2228 2148/2938/2094
f 2282/3144/2228 2150/2940/2096 2148/2938/2094
f 2201/3143/2147 2202/3145/2148 2282/3144/2228
f 2202/3145/2148 2283/3146/2229 2282/3144/2228
f 2282/3144/2228 2283/3146/2229 2150/2940/2096
f 2283/3146/2229 2152/2942/2098 2150/2940/2096
f 2202/3145/2148 2203/3147/2149 2283/3146/2229
f 2203/3147/2149 2284/3148/2230 2283/3146/2229
f 2283/3146/2229 2284/3148/2230 2152/2942/2098
f 2284/3148/2230 2154/2944/2100 2152/2942/2098
f 2203/3147/2149 2204/3149/2150 2284/3148/2230
f 2204/3149/2150 2285/3150/2231 2284/3148/2230
f 2284/3148/2230 2285/3150/2231 2154/2944/2100
f 2285/3150/2231 2156/2946/2102 2154/2944/2100
f 2204/3149/2150 2205/3151/2151 2285/3150/2231
f 2205/3151/2151 2286/3152/2232 2285/3150/2231
f 2285/3150/2231 2286/3152/2232 2156/2946/2102
f 2286/3152/2232 2158/2948/2104 2156/2946/2102
f 2205/3151/2151 2206/3153/2152 2286/3152/2232
f 2206/3153/2152 2287/3154/2233 2286/3152/2232
f 2286/3152/2232 2287/3154/2233 2158/2948/2104
f 2287/3154/2233 2160/2950/2106 2158/2948/2104
f 2206/3153/2152 2207/3155/2153 2287/3154/2233
f 2207/3155/2153 2288/3156/2234 2287/3154/2233
f 2287/3154/2233 2288/3156/2234 2160/2950/2106
f 2288/3156/2234 2162/2952/2108 2160/2950/2106
f 2207/3155/2153 2208/3157/2154 2288/3156/2234
f 2208/3157/2154 2289/3158/2235 2288/3156/2234
f 2288/3156/2234 2289/3158/2235 2162/2952/2108
f 2289/3158/2235 2164/2954/2110 2162/2952/2108
f 2208/3157/2154 2209/3159/2155 2289/3158/2235
f 2209/3159/2155 2290/3160/2236 2289/3158/2235
f 2289/3158/2235 2290/3160/2236 2164/2954/2110
f 2290/3160/2236 2166/2956/2112 2164/2954/2110
f 2209/3159/2155 2210/3161/2156 2290/3160/2236
f 2210/3161/2156 2291/3162/2237 2290/3160/2236
f 2290/3160/2236 2291/3162/2237 2166/2956/2112
f 2291/3162/2237 2168/2958/2114 2166/2956/2112
f 2210/3161/2156 2211/3163/2157 2291/3162/2237
f 2211/3163/2157 2292/3164/2238 2291/3162/2237
f 2291/3162/2237 2292/3164/2238 2168/2958/2114
f 2292/3164/2238 2170/2960/2116 2168/2958/2114
f 2211/3163/2157 2212/3128/2158 2292/3164/2238
f 2212/3128/2158 2274/3126/2220 2292/3164/2238
f 2292/3164/2238 2274/3126/2220 2170/2960/2116
f 2274/3126/2220 2172/2962/2118 2170/2960/2116
f 1934/3165/2239 2013/2801/1959 1936/3166/2240
f 2013/2801/1959 2014/2802/1960 1936/3166/2240
f 1938/3167/2241 2015/2803/1961 1934/3165/2239
f 2015/2803/1961 2013/2801/1959 1934/3165/2239
f 1940/3168/2242 2016/2804/1962 1938/3167/2241
f 2016/2804/1962 2015/2803/1961 1938/3167/2241
f 1942/3169/2243 2017/2805/1963 1940/3168/2242
f 2017/2805/1963 2016/2804/1962 1940/3168/2242
f 1944/3170/2244 2018/2806/1964 1942/3169/2243
f 2018/2806/1964 2017/2805/1963 1942/3169/2243
f 1946/3171/2245 2019/2807/1965 1944/3170/2244
f 2019/2807/1965 2018/2806/1964 1944/3170/2244
f 1948/3172/2246 2020/2808/1966 1946/3171/2245
f 2020/2808/1966 2019/2807/1965 1946/3171/2245
f 1950/3173/2247 2021/2809/1967 1948/3172/2246
f 2021/2809/1967 2020/2808/1966 1948/3172/2246
f 1952/3174/2248 2022/2810/1968 1950/3173/2247
f 2022/2810/1968 2021/2809/1967 1950/3173/2247
f 1954/3175/2249 2023/2811/1969 1952/3174/2248
f 2023/2811/1969 2022/2810/1968 1952/3174/2248
f 1956/3176/2250 2024/2812/1970 1954/3175/2249
f 2024/2812/1970 2023/2811/1969 1954/3175/2249
f 1958/3177/2251 2025/2813/1971 1956/3176/2250
f 2025/2813/1971 2024/2812/1970 1956/3176/2250
f 1960/3178/2252 2026/2814/1972 1958/3177/2251
f 2026/2814/1972 2025/2813/1971 1958/3177/2251
f 1962/3179/2253 2027/2815/1973 1960/3178/2252
f 2027/2815/1973 2026/2814/1972 1960/3178/2252
f 1964/3180/2254 2028/2816/1974 1962/3179/2253
f 2028/2816/1974 2027/2815/1973 1962/3179/2253
f 1966/3181/2255 2029/2817/1975 1964/3180/2254
f 2029/2817/1975 2028/2816/1974 1964/3180/2254
f 1968/3182/2256 2030/2818/1976 1966/3181/2255
f 2030/2818/1976 2029/2817/1975 1966/3181/2255
f 1970/3183/2257 2031/2819/1977 1968/3182/2256
f 2031/2819/1977 2030/2818/1976 1968/3182/2256
f 1972/3184/2258 2032/2820/1978 1970/3183/2257
f 2032/2820/1978 2031/2819/1977 1970/3183/2257
f 1936/3166/2240 2014/2802/1960 1972/3184/2258
f 2014/2802/1960 2032/2820/1978 1972/3184/2258
f 1974/3185/2259 2033/2821/1979 1976/3186/2260
f 2033/2821/1979 2034/2822/1980 1976/3186/2260
f 1976/3186/2260 2034/2822/1980 1978/3187/2261
f 2034/2822/1980 2035/2823/1981 1978/3187/2261
f 1978/3187/2261 2035/2823/1981 1980/3188/2262
f 2035/2823/1981 2036/2824/1982 1980/3188/2262
f 1980/3188/2262 2036/2824/1982 1982/3189/2263
f 2036/2824/1982 2037/2825/1983 1982/3189/2263
f 1982/3189/2263 2037/2825/1983 1984/3190/2264
f 2037/2825/1983 2038/2826/1984 1984/3190/2264
f 1984/3190/2264 2038/2826/1984 1986/3191/2265
f 2038/2826/1984 2039/2827/1985 1986/3191/2265
f 1986/3191/2265 2039/2827/1985 1988/3192/2266
f 2039/2827/1985 2040/2828/1986 1988/3192/2266
f 1988/3192/2266 2040/2828/1986 1990/3193/2267
f 2040/2828/1986 2041/2829/1987 1990/3193/2267
f 1990/3193/2267 2041/2829/1987 1992/3194/2268
f 2041/2829/1987 2042/2830/1988 1992/3194/2268
f 1992/3194/2268 2042/2830/1988 1994/3195/2269
f 2042/2830/1988 2043/2831/1989 1994/3195/2269
f 1994/3195/2269 2043/2831/1989 1996/3196/2270
f 2043/2831/1989 2044/2832/1990 1996/3196/2270
f 1996/3196/2270 2044/2832/1990 1998/3197/2271
f 2044/2832/1990 2045/2833/1991 1998/3197/2271
f 1998/3197/2271 2045/2833/1991 2000/3198/2272
f 2045/2833/1991 2046/2834/1992 2000/3198/2272
f 2000/3198/2272 2046/2834/1992 2002/3199/2273
f 2046/2834/1992 2047/2835/1993 2002/3199/2273
f 2002/3199/2273 2047/2835/1993 2004/3200/2274
f 2047/2835/1993 2048/2836/1994 2004/3200/2274
f 2004/3200/2274 2048/2836/1994 2006/3201/2275
f 2048/2836/1994 2049/2837/1995 2006/3201/2275
f 2006/3201/2275 2049/2837/1995 2008/3202/2276
f 2049/2837/1995 2050/2838/1996 2008/3202/2276
f 2008/3202/2276 2050/2838/1996 2010/3203/2277
f 2050/2838/1996 2051/2839/1997 2010/3203/2277
f 2010/3203/2277 2051/2839/1997 2012/3204/2278
f 2051/2839/1997 2052/2840/1998 2012/3204/2278
f 2012/3204/2278 2052/2840/1998 1974/3185/2259
f 2052/2840/1998 2033/2821/1979 1974/3185/2259
s off
g Car_Wheel4SG
v -7.88293 -2.43859 -4.27608
v -8.10223 -2.59792 -4.27608
v -7.84443 -2.51415 -4.27608
v -7.94289 -2.37862 -4.27608
v -8.01846 -2.34012 -4.27608
v -8.10222 -2.32685 -4.27608
v -8.18599 -2.34012 -4.27608
v -8.26155 -2.37862 -4.27608
v -8.32152 -2.43859 -4.27608
v -8.36003 -2.51415 -4.27608
v -8.37329 -2.59792 -4.27608
v -8.36003 -2.68168 -4.27608
v -8.32152 -2.75725 -4.27608
v -8.26155 -2.81722 -4.27608
v -8.18599 -2.85572 -4.27608
v -8.10223 -2.86899 -4.27608
v -8.01846 -2.85572 -4.27608
v -7.94289 -2.81722 -4.27608
v -7.88293 -2.75725 -4.27608
v -7.84443 -2.68169 -4.27608
v -7.83116 -2.59792 -4.27608
v -7.84443 -2.51415 -6.06816
v -8.10223 -2.59792 -6.06816
v -7.88292 -2.43859 -6.06816
v -7.94289 -2.37862 -6.06816
v -8.01846 -2.34012 -6.06816
v -8.10222 -2.32685 -6.06816
v -8.18599 -2.34012 -6.06816
v -8.26155 -2.37862 -6.06816
v -8.32153 -2.43859 -6.06816
v -8.36003 -2.51415 -6.06816
v -8.37329 -2.59792 -6.06816
v -8.36003 -2.68169 -6.06816
v -8.32153 -2.75725 -6.06816
v -8.26155 -2.81722 -6.06816
v -8.18599 -2.85572 -6.06816
v -8.10223 -2.86899 -6.06816
v -8.01846 -2.85572 -6.06816
v -7.94289 -2.81722 -6.06816
v -7.88293 -2.75725 -6.06816
v -7.84443 -2.68169 -6.06816
v -7.83116 -2.59792 -6.06816
v -7.30126 -2.01598 -4.4775
v -7.75693 -2.34705 -4.4775
v -7.16063 -2.29198 -4.4775
v -7.69631 -2.46603 -4.4775
v -7.52029 -1.79695 -4.4775
v -7.85135 -2.25262 -4.4775
v -7.79628 -1.65632 -4.4775
v -7.97033 -2.192 -4.4775
v -8.10222 -1.60787 -4.4775
v -8.10222 -2.17111 -4.4775
v -8.40817 -1.65632 -4.4775
v -8.23412 -2.192 -4.4775
v -8.68416 -1.79695 -4.4775
v -8.3531 -2.25262 -4.4775
v -8.90319 -2.01598 -4.4775
v -8.44752 -2.34705 -4.4775
v -9.04382 -2.29198 -4.4775
v -8.50814 -2.46603 -4.4775
v -9.09227 -2.59792 -4.4775
v -8.52903 -2.59792 -4.4775
v -9.04382 -2.90386 -4.4775
v -8.50814 -2.72981 -4.4775
v -8.90319 -3.17986 -4.4775
v -8.44752 -2.84879 -4.4775
v -8.68416 -3.39889 -4.4775
v -8.3531 -2.94321 -4.4775
v -8.40816 -3.53951 -4.4775
v -8.23412 -3.00384 -4.4775
v -8.10223 -3.58797 -4.4775
v -8.10223 -3.02473 -4.4775
v -7.79628 -3.53951 -4.4775
v -7.97033 -3.00384 -4.4775
v -7.52029 -3.39889 -4.4775
v -7.85135 -2.94321 -4.4775
v -7.30126 -3.17986 -4.4775
v -7.75693 -2.84879 -4.4775
v -7.16063 -2.90386 -4.4775
v -7.69631 -2.72981 -4.4775
v -7.11217 -2.59792 -4.4775
v -7.67542 -2.59792 -4.4775
v -7.16063 -2.29198 -5.86674
v -7.6963 -2.46603 -5.86674
v -7.30126 -2.01598 -5.86674
v -7.75693 -2.34705 -5.86674
v -7.52029 -1.79695 -5.86674
v -7.85135 -2.25262 -5.86674
v -7.79628 -1.65632 -5.86674
v -7.97033 -2.192 -5.86674
v -8.10223 -1.60787 -5.86674
v -8.10222 -2.17111 -5.86674
v -8.40817 -1.65632 -5.86674
v -8.23412 -2.192 -5.86674
v -8.68416 -1.79695 -5.86674
v -8.3531 -2.25262 -5.86674
v -8.90319 -2.01598 -5.86674
v -8.44752 -2.34705 -5.86674
v -9.04382 -2.29198 -5.86674
v -8.50814 -2.46603 -5.86674
v -9.09227 -2.59792 -5.86674
v -8.52903 -2.59792 -5.86674
v -9.04382 -2.90386 -5.86674
v -8.50814 -2.72981 -5.86674
v -8.90319 -3.17986 -5.86674
v -8.44752 -2.84879 -5.86674
v -8.68416 -3.39889 -5.86674
v -8.3531 -2.94321 -5.86674
v -8.40817 -3.53951 -5.86674
v -8.23412 -3.00384 -5.86674
v -8.10223 -3.58797 -5.86674
v -8.10223 -3.02473 -5.86674
v -7.79628 -3.53951 -5.86674
v -7.97033 -3.00384 -5.86674
v -7.52029 -3.39889 -5.86674
v -7.85135 -2.94321 -5.86674
v -7.30126 -3.17986 -5.86674
v -7.75693 -2.84879 -5.86674
v -7.16063 -2.90386 -5.86674
v -7.69631 -2.72981 -5.86674
v -7.11217 -2.59792 -5.86674
v -7.67542 -2.59792 -5.86674
v -7.79191 -2.37246 -4.38557
v -7.73743 -2.47939 -4.38557
v -7.87677 -2.2876 -4.38557
v -7.98369 -2.23312 -4.38557
v -8.10222 -2.21435 -4.38557
v -8.22075 -2.23312 -4.38557
v -8.32768 -2.2876 -4.38557
v -8.41254 -2.37246 -4.38557
v -8.46702 -2.47939 -4.38557
v -8.4858 -2.59792 -4.38557
v -8.46702 -2.71645 -4.38557
v -8.41254 -2.82338 -4.38557
v -8.32768 -2.90823 -4.38557
v -8.22076 -2.96272 -4.38557
v -8.10223 -2.98149 -4.38557
v -7.98369 -2.96272 -4.38557
v -7.87677 -2.90823 -4.38557
v -7.79191 -2.82338 -4.38557
v -7.73743 -2.71645 -4.38557
v -7.71866 -2.59792 -4.38557
v -7.73743 -2.47939 -5.95867
v -7.79191 -2.37246 -5.95866
v -7.87677 -2.2876 -5.95866
v -7.98369 -2.23312 -5.95867
v -8.10222 -2.21435 -5.95867
v -8.22075 -2.23312 -5.95867
v -8.32768 -2.2876 -5.95867
v -8.41254 -2.37246 -5.95866
v -8.46702 -2.47939 -5.95866
v -8.4858 -2.59792 -5.95867
v -8.46702 -2.71645 -5.95867
v -8.41254 -2.82338 -5.95867
v -8.32768 -2.90823 -5.95867
v -8.22076 -2.96272 -5.95867
v -8.10223 -2.98149 -5.95867
v -7.98369 -2.96272 -5.95867
v -7.87677 -2.90823 -5.95867
v -7.79191 -2.82338 -5.95867
v -7.73743 -2.71645 -5.95867
v -7.71866 -2.59792 -5.95867
v -6.22602 -1.9883 -4.37642
v -6.22602 -1.9883 -5.96782
v -6.50623 -1.43836 -4.37642
v -6.50623 -1.43836 -5.96782
v -6.94267 -1.00192 -4.37642
v -6.94267 -1.00192 -5.96782
v -7.49261 -0.721715 -4.37642
v -7.49261 -0.721715 -5.96782
v -8.10223 -0.625162 -4.37642
v -8.10223 -0.625162 -5.96782
v -8.71184 -0.721715 -4.37642
v -8.71184 -0.721715 -5.96782
v -9.26178 -1.00192 -4.37642
v -9.26178 -1.00192 -5.96782
v -9.69822 -1.43836 -4.37642
v -9.69822 -1.43836 -5.96782
v -9.97843 -1.9883 -4.37642
v -9.97843 -1.9883 -5.96782
v -10.075 -2.59792 -4.37642
v -10.075 -2.59792 -5.96782
v -9.97843 -3.20753 -4.37642
v -9.97843 -3.20753 -5.96782
v -9.69822 -3.75747 -4.37642
v -9.69822 -3.75747 -5.96782
v -9.26178 -4.19391 -4.37642
v -9.26178 -4.19391 -5.96782
v -8.71184 -4.47412 -4.37642
v -8.71184 -4.47412 -5.96782
v -8.10223 -4.57067 -4.37642
v -8.10223 -4.57067 -5.96782
v -7.49261 -4.47412 -4.37642
v -7.49261 -4.47412 -5.96782
v -6.94267 -4.19391 -4.37642
v -6.94267 -4.19391 -5.96782
v -6.50623 -3.75747 -4.37642
v -6.50623 -3.75747 -5.96782
v -6.22603 -3.20753 -4.37642
v -6.22603 -3.20753 -5.96782
v -6.12947 -2.59792 -4.37642
v -6.12947 -2.59792 -5.96782
v -6.63039 -1.52857 -4.22484
v -7.1771 -1.92577 -4.22484
v -6.37198 -2.03573 -4.22484
v -7.01467 -2.24455 -4.22484
v -7.03288 -1.12608 -4.22484
v -7.43008 -1.67279 -4.22484
v -7.54003 -0.867673 -4.22484
v -7.74886 -1.51037 -4.22484
v -8.10223 -0.778632 -4.22484
v -8.10223 -1.4544 -4.22484
v -8.66442 -0.867674 -4.22484
v -8.45559 -1.51037 -4.22484
v -9.17157 -1.12608 -4.22484
v -8.77437 -1.67279 -4.22484
v -9.57406 -1.52857 -4.22484
v -9.02735 -1.92577 -4.22484
v -9.83247 -2.03573 -4.22484
v -9.18978 -2.24455 -4.22484
v -9.92151 -2.59792 -4.22484
v -9.24574 -2.59792 -4.22484
v -9.83247 -3.16011 -4.22484
v -9.18978 -2.95129 -4.22484
v -9.57406 -3.66727 -4.22484
v -9.02735 -3.27006 -4.22484
v -9.17157 -4.06975 -4.22484
v -8.77437 -3.52305 -4.22484
v -8.66441 -4.32816 -4.22484
v -8.45559 -3.68547 -4.22484
v -8.10223 -4.4172 -4.22484
v -8.10222 -3.74144 -4.22484
v -7.54003 -4.32816 -4.22484
v -7.74886 -3.68547 -4.22484
v -7.03288 -4.06975 -4.22484
v -7.43008 -3.52305 -4.22484
v -6.63039 -3.66727 -4.22484
v -7.1771 -3.27006 -4.22484
v -6.37198 -3.16011 -4.22484
v -7.01467 -2.95129 -4.22484
v -6.28294 -2.59792 -4.22484
v -6.95871 -2.59792 -4.22484
v -6.37198 -2.03573 -6.1194
v -7.01467 -2.24455 -6.1194
v -6.63039 -1.52857 -6.1194
v -7.1771 -1.92577 -6.1194
v -7.03288 -1.12608 -6.1194
v -7.43008 -1.67279 -6.1194
v -7.54003 -0.867673 -6.1194
v -7.74886 -1.51037 -6.1194
v -8.10223 -0.778632 -6.1194
v -8.10223 -1.4544 -6.1194
v -8.66442 -0.867674 -6.1194
v -8.45559 -1.51037 -6.1194
v -9.17157 -1.12608 -6.1194
v -8.77437 -1.67279 -6.1194
v -9.57406 -1.52857 -6.1194
v -9.02735 -1.92577 -6.1194
v -9.83247 -2.03573 -6.1194
v -9.18978 -2.24455 -6.1194
v -9.92151 -2.59792 -6.1194
v -9.24574 -2.59792 -6.1194
v -9.83247 -3.16011 -6.1194
v -9.18978 -2.95129 -6.1194
v -9.57406 -3.66727 -6.1194
v -9.02735 -3.27006 -6.1194
v -9.17157 -4.06975 -6.1194
v -8.77437 -3.52305 -6.1194
v -8.66441 -4.32816 -6.1194
v -8.45559 -3.68547 -6.1194
v -8.10223 -4.4172 -6.1194
v -8.10222 -3.74144 -6.1194
v -7.54003 -4.32816 -6.1194
v -7.74886 -3.68547 -6.1194
v -7.03288 -4.06975 -6.1194
v -7.43008 -3.52305 -6.1194
v -6.63039 -3.66727 -6.1194
v -7.1771 -3.27006 -6.1194
v -6.37198 -3.16011 -6.1194
v -7.01467 -2.95129 -6.1194
v -6.28294 -2.59792 -6.1194
v -6.95871 -2.59792 -6.1194
v -7.30126 -2.01598 -4.37642
v -7.16063 -2.29198 -4.37642
v -7.52029 -1.79695 -4.37642
v -7.79628 -1.65632 -4.37642
v -8.10222 -1.60787 -4.37642
v -8.40817 -1.65632 -4.37642
v -8.68416 -1.79695 -4.37642
v -8.90319 -2.01598 -4.37642
v -9.04382 -2.29198 -4.37642
v -9.09227 -2.59792 -4.37642
v -9.04382 -2.90386 -4.37642
v -8.90319 -3.17986 -4.37642
v -8.68416 -3.39889 -4.37642
v -8.40816 -3.53951 -4.37642
v -8.10223 -3.58797 -4.37642
v -7.79628 -3.53951 -4.37642
v -7.52029 -3.39889 -4.37642
v -7.30126 -3.17986 -4.37642
v -7.16063 -2.90386 -4.37642
v -7.11217 -2.59792 -4.37642
v -7.16063 -2.29198 -5.96782
v -7.30126 -2.01598 -5.96782
v -7.52029 -1.79695 -5.96782
v -7.79628 -1.65632 -5.96782
v -8.10223 -1.60787 -5.96782
v -8.40817 -1.65632 -5.96782
v -8.68416 -1.79695 -5.96782
v -8.90319 -2.01598 -5.96782
v -9.04382 -2.29198 -5.96782
v -9.09227 -2.59792 -5.96782
v -9.04382 -2.90386 -5.96782
v -8.90319 -3.17986 -5.96782
v -8.68416 -3.39889 -5.96782
v -8.40817 -3.53951 -5.96782
v -8.10223 -3.58797 -5.96782
v -7.79628 -3.53951 -5.96782
v -7.52029 -3.39889 -5.96782
v -7.30126 -3.17986 -5.96782
v -7.16063 -2.90386 -5.96782
v -7.11217 -2.59792 -5.96782
v -6.26877 -2.00219 -4.26923
v -6.54259 -1.46478 -4.26923
v -6.96909 -1.03829 -4.26923
v -7.5065 -0.764466 -4.26923
v -8.10223 -0.670112 -4.26923
v -8.69795 -0.764466 -4.26923
v -9.23536 -1.03829 -4.26923
v -9.66185 -1.46478 -4.26923
v -9.93568 -2.00219 -4.26923
v -10.03 -2.59792 -4.26923
v -9.93568 -3.19365 -4.26923
v -9.66185 -3.73106 -4.26923
v -9.23536 -4.15755 -4.26923
v -8.69795 -4.43137 -4.26923
v -8.10223 -4.52572 -4.26923
v -7.5065 -4.43137 -4.26923
v -6.96909 -4.15755 -4.26923
v -6.5426 -3.73106 -4.26923
v -6.26877 -3.19365 -4.26923
v -6.17442 -2.59792 -4.26923
v -6.26877 -2.00219 -6.07501
v -6.17442 -2.59792 -6.07501
v -6.54259 -1.46478 -6.07501
v -6.96909 -1.03829 -6.07501
v -7.5065 -0.764466 -6.07501
v -8.10223 -0.670112 -6.07501
v -8.69795 -0.764466 -6.07501
v -9.23536 -1.03829 -6.07501
v -9.66185 -1.46478 -6.07501
v -9.93568 -2.00219 -6.07501
v -10.03 -2.59792 -6.07501
v -9.93568 -3.19365 -6.07501
v -9.66185 -3.73106 -6.07501
v -9.23536 -4.15755 -6.07501
v -8.69795 -4.43137 -6.07501
v -8.10223 -4.52572 -6.07501
v -7.5065 -4.43137 -6.07501
v -6.96909 -4.15755 -6.07501
v -6.5426 -3.73106 -6.07501
v -6.26877 -3.19365 -6.07501
v -7.11788 -2.27808 -4.26923
v -7.26489 -1.98956 -4.26923
v -7.49387 -1.76059 -4.26923
v -7.78239 -1.61357 -4.26923
v -8.10223 -1.56292 -4.26923
v -8.42206 -1.61357 -4.26923
v -8.71058 -1.76059 -4.26923
v -8.93956 -1.98956 -4.26923
v -9.08657 -2.27809 -4.26923
v -9.13723 -2.59792 -4.26923
v -9.08657 -2.91775 -4.26923
v -8.93956 -3.20628 -4.26923
v -8.71058 -3.43525 -4.26923
v -8.42206 -3.58226 -4.26923
v -8.10223 -3.63292 -4.26923
v -7.78239 -3.58226 -4.26923
v -7.49387 -3.43525 -4.26923
v -7.26489 -3.20628 -4.26923
v -7.11788 -2.91775 -4.26923
v -7.06723 -2.59792 -4.26923
v -7.11788 -2.27808 -6.07501
v -7.06723 -2.59792 -6.07501
v -7.26489 -1.98956 -6.07501
v -7.49387 -1.76059 -6.07501
v -7.78239 -1.61357 -6.07501
v -8.10223 -1.56292 -6.07501
v -8.42206 -1.61357 -6.07501
v -8.71058 -1.76059 -6.07501
v -8.93956 -1.98956 -6.07501
v -9.08657 -2.27808 -6.07501
v -9.13723 -2.59792 -6.07501
v -9.08657 -2.91775 -6.07501
v -8.93956 -3.20628 -6.07501
v -8.71058 -3.43525 -6.07501
v -8.42206 -3.58226 -6.07501
v -8.10223 -3.63292 -6.07501
v -7.78239 -3.58226 -6.07501
v -7.49387 -3.43525 -6.07501
v -7.26489 -3.20628 -6.07501
v -7.11788 -2.91775 -6.07501
vn 0.378579 0.275057 0.883754
vn 0 4e-06 1
vn 0.445048 0.144604 0.883755
vn 0.275061 0.378589 0.883749
vn 0.144613 0.445056 0.883749
vn 6e-06 0.467953 0.883753
vn -0.144605 0.445045 0.883756
vn -0.275055 0.37858 0.883754
vn -0.378575 0.275055 0.883757
vn -0.44505 0.144605 0.883754
vn -0.467952 -0 0.883754
vn -0.445057 -0.144596 0.883751
vn -0.378587 -0.275045 0.883754
vn -0.275049 -0.378589 0.883752
vn -0.144593 -0.445057 0.883752
vn 2e-06 -0.467951 0.883755
vn 0.144592 -0.445056 0.883752
vn 0.275045 -0.378587 0.883755
vn 0.378593 -0.275044 0.883752
vn 0.445068 -0.144596 0.883746
vn 0.467951 -4e-06 0.883754
vn 0.445048 0.144608 -0.883754
vn 0 0 -1
vn 0.378581 0.275068 -0.88375
vn 0.275065 0.378583 -0.88375
vn 0.14461 0.445048 -0.883753
vn 1e-06 0.467946 -0.883757
vn -0.144604 0.445048 -0.883754
vn -0.275061 0.378577 -0.883754
vn -0.378587 0.27506 -0.88375
vn -0.445056 0.144614 -0.883749
vn -0.46795 6e-06 -0.883755
vn -0.445049 -0.144604 -0.883754
vn -0.378575 -0.275057 -0.883756
vn -0.275055 -0.37858 -0.883755
vn -0.144607 -0.44505 -0.883753
vn 0 -0.467948 -0.883756
vn 0.144602 -0.445048 -0.883755
vn 0.275057 -0.378579 -0.883754
vn 0.378581 -0.275054 -0.883754
vn 0.445047 -0.144602 -0.883755
vn 0.467947 -4e-06 -0.883757
vn -0.217169 -0.157783 0.963297
vn -0 0 1
vn -0.255299 -0.082951 0.963297
vn -0.157782 -0.217169 0.963298
vn -0.082951 -0.255298 0.963298
vn 1e-06 0 1
vn 0 -0.268435 0.963298
vn 0.082951 -0.255298 0.963298
vn -1e-06 0 1
vn 0.157782 -0.217169 0.963298
vn 0.217169 -0.157783 0.963298
vn 0.255297 -0.082951 0.963298
vn 0.268436 -1e-06 0.963298
vn 0.255298 0.082952 0.963297
vn 0.217168 0.157782 0.963298
vn 0.157783 0.217169 0.963298
vn 0.082951 0.255299 0.963297
vn -1e-06 0.268435 0.963298
vn -0.082952 0.255298 0.963297
vn -0.157784 0.21717 0.963297
vn -0.217169 0.157783 0.963297
vn -0.255298 0.082951 0.963298
vn -0.268434 0 0.963298
vn -0.2553 -0.082952 -0.963297
vn 1e-06 0 -1
vn -0.217169 -0.157784 -0.963298
vn -0.157782 -0.217168 -0.963298
vn -0.082951 -0.255298 -0.963297
vn 0 -0.268435 -0.963298
vn 0.082951 -0.255298 -0.963298
vn -1e-06 0 -1
vn 0.157782 -0.217169 -0.963298
vn 0.21717 -0.157783 -0.963297
vn 0.255299 -0.082951 -0.963297
vn 0.268434 0 -0.963298
vn 0.255298 0.082951 -0.963297
vn 0.217168 0.157783 -0.963298
vn 0.157783 0.217169 -0.963298
vn 0.082952 0.2553 -0.963297
vn -1e-06 0.268435 -0.963298
vn -0.082951 0.255298 -0.963298
vn -0.157783 0.21717 -0.963297
vn -0.217169 0.157783 -0.963297
vn -0.255298 0.082951 -0.963298
vn -0.268433 1e-06 -0.963298
vn 0.654213 0.475319 0.588283
vn 0.769079 0.249887 0.588281
vn 0.47532 0.654216 0.58828
vn 0.249893 0.769079 0.588279
vn 3e-06 0.808655 0.588283
vn -0.249888 0.769079 0.58828
vn -0.475316 0.654218 0.588281
vn -0.654214 0.47532 0.588282
vn -0.769078 0.249888 0.588281
vn -0.808657 2e-06 0.58828
vn -0.769079 -0.249888 0.58828
vn -0.654219 -0.475318 0.588278
vn -0.475318 -0.654219 0.588277
vn -0.249884 -0.769081 0.588279
vn 3e-06 -0.808656 0.588281
vn 0.249882 -0.769081 0.58828
vn 0.475316 -0.65422 0.588278
vn 0.654223 -0.475311 0.588279
vn 0.769085 -0.249882 0.588274
vn 0.808657 -5e-06 0.588281
vn 0.769076 0.249888 -0.588284
vn 0.65421 0.475326 -0.588281
vn 0.475323 0.654213 -0.58828
vn 0.249891 0.769076 -0.588283
vn 1e-06 0.808656 -0.588282
vn -0.249887 0.769079 -0.588281
vn -0.475321 0.654212 -0.588283
vn -0.654215 0.475318 -0.588282
vn -0.769076 0.249893 -0.588281
vn -0.808655 6e-06 -0.588284
vn -0.769079 -0.249886 -0.588281
vn -0.654213 -0.475322 -0.588281
vn -0.475319 -0.654216 -0.58828
vn -0.249889 -0.76908 -0.588279
vn 3e-06 -0.808656 -0.588281
vn 0.249883 -0.76908 -0.588281
vn 0.475318 -0.654216 -0.588281
vn 0.654217 -0.475316 -0.588282
vn 0.769079 -0.249886 -0.588281
vn 0.808656 -7e-06 -0.588282
vn 0.950754 0.308917 0.025224
vn 0.950754 0.308917 -0.025224
vn 0.80876 0.587598 0.025224
vn 0.80876 0.587598 -0.025224
vn 0.587597 0.80876 0.025224
vn 0.587597 0.80876 -0.025224
vn 0.308918 0.950754 0.025224
vn 0.308918 0.950754 -0.025224
vn 0 0.999682 0.025224
vn 0 0.999682 -0.025224
vn -0.308918 0.950754 0.025224
vn -0.308918 0.950754 -0.025224
vn -0.587598 0.80876 0.025224
vn -0.587598 0.80876 -0.025224
vn -0.808761 0.587597 0.025224
vn -0.808761 0.587597 -0.025225
vn -0.950754 0.308919 0.025225
vn -0.950754 0.308919 -0.025224
vn -0.999682 0 0.025224
vn -0.999682 -0 -0.025224
vn -0.950754 -0.308919 0.025224
vn -0.950754 -0.308919 -0.025224
vn -0.808759 -0.587599 0.025224
vn -0.808759 -0.587599 -0.025224
vn -0.587598 -0.80876 0.025224
vn -0.587598 -0.80876 -0.025224
vn -0.308919 -0.950754 0.025224
vn -0.308919 -0.950754 -0.025224
vn -0 -0.999682 0.025224
vn 0 -0.999682 -0.025224
vn 0.308918 -0.950754 0.025224
vn 0.308918 -0.950754 -0.025224
vn 0.587599 -0.808759 0.025224
vn 0.587599 -0.808759 -0.025224
vn 0.80876 -0.587598 0.025224
vn 0.80876 -0.587598 -0.025224
vn 0.950754 -0.308919 0.025224
vn 0.950754 -0.308919 -0.025224
vn 0.999682 -1e-06 0.025224
vn 0.999682 -1e-06 -0.025224
vn 0.065245 0.047403 0.996743
vn -0.02936 -0.021331 0.999341
vn 0.0767 0.024921 0.996743
vn -0.034515 -0.011214 0.999341
vn 0.047403 0.065245 0.996743
vn -0.021331 -0.02936 0.999341
vn 0.024921 0.0767 0.996743
vn -0.011214 -0.034515 0.999341
vn -0 0.080647 0.996743
vn 0 -0.036291 0.999341
vn -0.024921 0.0767 0.996743
vn 0.011215 -0.034515 0.999341
vn -0.047403 0.065245 0.996743
vn 0.021331 -0.02936 0.999341
vn -0.065245 0.047403 0.996743
vn 0.02936 -0.021331 0.999341
vn -0.0767 0.024921 0.996743
vn 0.034515 -0.011214 0.999341
vn -0.080647 0 0.996743
vn 0.036291 -0 0.999341
vn -0.0767 -0.024921 0.996743
vn 0.034515 0.011214 0.999341
vn -0.065245 -0.047403 0.996743
vn 0.02936 0.021331 0.999341
vn -0.047403 -0.065245 0.996743
vn 0.021331 0.02936 0.999341
vn -0.024922 -0.0767 0.996743
vn 0.011214 0.034514 0.999341
vn 0 -0.080647 0.996743
vn -0 0.036291 0.999341
vn 0.024922 -0.0767 0.996743
vn -0.011214 0.034515 0.999341
vn 0.047403 -0.065245 0.996743
vn -0.021331 0.02936 0.999341
vn 0.065245 -0.047403 0.996743
vn -0.02936 0.021331 0.999341
vn 0.0767 -0.024921 0.996743
vn -0.034515 0.011214 0.999341
vn 0.080647 -0 0.996743
vn -0.036292 0 0.999341
vn 0.0767 0.024921 -0.996743
vn -0.034515 -0.011214 -0.999341
vn 0.065245 0.047403 -0.996743
vn -0.02936 -0.021331 -0.999341
vn 0.047403 0.065245 -0.996743
vn -0.021331 -0.02936 -0.999341
vn 0.024921 0.0767 -0.996743
vn -0.011214 -0.034514 -0.999341
vn 0 0.080647 -0.996743
vn 0 -0.036291 -0.999341
vn -0.024921 0.0767 -0.996743
vn 0.011214 -0.034515 -0.999341
vn -0.047403 0.065245 -0.996743
vn 0.021331 -0.02936 -0.999341
vn -0.065245 0.047403 -0.996743
vn 0.02936 -0.021331 -0.999341
vn -0.0767 0.024921 -0.996743
vn 0.034514 -0.011214 -0.999341
vn -0.080647 0 -0.996743
vn 0.036291 0 -0.999341
vn -0.0767 -0.024921 -0.996743
vn 0.034515 0.011214 -0.999341
vn -0.065245 -0.047403 -0.996743
vn 0.02936 0.021331 -0.999341
vn -0.047403 -0.065245 -0.996743
vn 0.021332 0.02936 -0.999341
vn -0.024921 -0.0767 -0.996743
vn 0.011214 0.034514 -0.999341
vn 0 -0.080647 -0.996743
vn 0 0.036291 -0.999341
vn 0.024921 -0.0767 -0.996743
vn -0.011214 0.034515 -0.999341
vn 0.047403 -0.065245 -0.996743
vn -0.021332 0.02936 -0.999341
vn 0.065245 -0.047403 -0.996743
vn -0.02936 0.021331 -0.999341
vn 0.0767 -0.024921 -0.996743
vn -0.034515 0.011214 -0.999341
vn 0.080647 -0 -0.996743
vn -0.036292 0 -0.999341
vn -0.789764 -0.573801 0.216855
vn -0.928425 -0.301662 0.216856
vn -0.573799 -0.789765 0.216854
vn -0.301664 -0.928425 0.216854
vn 0 -0.976204 0.216854
vn 0.301664 -0.928425 0.216853
vn 0.573798 -0.789767 0.21685
vn 0.789766 -0.5738 0.216849
vn 0.928427 -0.301663 0.216849
vn 0.976205 -2e-06 0.216851
vn 0.928426 0.301663 0.216853
vn 0.789765 0.573799 0.216854
vn 0.5738 0.789764 0.216855
vn 0.301662 0.928425 0.216855
vn -3e-06 0.976204 0.216856
vn -0.301662 0.928425 0.216858
vn -0.573798 0.789766 0.216856
vn -0.789766 0.573798 0.216854
vn -0.928426 0.301662 0.216853
vn -0.976204 1e-06 0.216854
vn -0.928426 -0.301661 -0.216853
vn -0.789764 -0.573801 -0.216853
vn -0.5738 -0.789765 -0.216853
vn -0.301664 -0.928425 -0.216854
vn 1e-06 -0.976204 -0.216854
vn 0.301666 -0.928425 -0.216852
vn 0.573799 -0.789767 -0.21685
vn 0.789766 -0.5738 -0.216849
vn 0.928427 -0.301662 -0.21685
vn 0.976205 0 -0.216852
vn 0.928426 0.301662 -0.216852
vn 0.789764 0.5738 -0.216853
vn 0.573799 0.789765 -0.216853
vn 0.301663 0.928425 -0.216855
vn -3e-06 0.976204 -0.216856
vn -0.301662 0.928425 -0.216858
vn -0.573798 0.789766 -0.216856
vn -0.789766 0.573798 -0.216854
vn -0.928426 0.301662 -0.216854
vn -0.976204 3e-06 -0.216852
vn 0.692344 0.224954 0.685605
vn 0.588942 0.427892 0.685606
vn 0.427891 0.588942 0.685607
vn 0.224956 0.692343 0.685607
vn 0 0.727972 0.685607
vn -0.224955 0.692342 0.685608
vn -0.427891 0.58894 0.685608
vn -0.588941 0.427889 0.685609
vn -0.692341 0.224955 0.685609
vn -0.72797 0 0.685609
vn -0.692341 -0.224956 0.685608
vn -0.588941 -0.427892 0.685607
vn -0.427891 -0.588942 0.685607
vn -0.224955 -0.692342 0.685607
vn -0 -0.727972 0.685607
vn 0.224955 -0.692343 0.685607
vn 0.427891 -0.588941 0.685607
vn 0.588941 -0.427893 0.685607
vn 0.692343 -0.224956 0.685607
vn 0.727973 -1e-06 0.685606
vn 0.692344 0.224954 -0.685605
vn 0.727972 -1e-06 -0.685607
vn 0.588943 0.427892 -0.685606
vn 0.42789 0.588943 -0.685607
vn 0.224955 0.692343 -0.685607
vn 0 0.727972 -0.685607
vn -0.224956 0.692342 -0.685607
vn -0.427891 0.58894 -0.685608
vn -0.588941 0.427888 -0.685609
vn -0.692341 0.224955 -0.685609
vn -0.72797 -0 -0.685609
vn -0.692341 -0.224956 -0.685608
vn -0.588941 -0.427892 -0.685606
vn -0.42789 -0.588942 -0.685607
vn -0.224955 -0.692343 -0.685607
vn 0 -0.727972 -0.685607
vn 0.224955 -0.692343 -0.685607
vn 0.427891 -0.588942 -0.685607
vn 0.588942 -0.427892 -0.685606
vn 0.692343 -0.224956 -0.685607
vn -0.639738 -0.207862 0.739952
vn -0.544194 -0.395381 0.739951
vn -0.395381 -0.544193 0.739951
vn -0.207865 -0.639738 0.739951
vn 1e-06 -0.672662 0.73995
vn 0.207865 -0.63974 0.739949
vn 0.395381 -0.544197 0.739949
vn 0.544195 -0.395381 0.739949
vn 0.63974 -0.207864 0.739949
vn 0.672662 -1e-06 0.73995
vn 0.639738 0.207864 0.739951
vn 0.544194 0.395382 0.73995
vn 0.39538 0.544193 0.739952
vn 0.207862 0.639735 0.739954
vn -1e-06 0.672659 0.739953
vn -0.207863 0.639736 0.739953
vn -0.39538 0.544194 0.739951
vn -0.544192 0.395381 0.739952
vn -0.639737 0.207862 0.739953
vn -0.672662 1e-06 0.73995
vn -0.639741 -0.207862 -0.739949
vn -0.672663 2e-06 -0.739949
vn -0.544195 -0.395382 -0.73995
vn -0.39538 -0.544194 -0.739951
vn -0.207863 -0.639738 -0.739951
vn 0 -0.672662 -0.73995
vn 0.207865 -0.63974 -0.73995
vn 0.395381 -0.544196 -0.739949
vn 0.544195 -0.395383 -0.739949
vn 0.639741 -0.207864 -0.739949
vn 0.672664 0 -0.739949
vn 0.639739 0.207864 -0.73995
vn 0.544193 0.395383 -0.73995
vn 0.39538 0.544194 -0.739951
vn 0.207862 0.639735 -0.739954
vn -1e-06 0.672659 -0.739953
vn -0.207862 0.639737 -0.739953
vn -0.395379 0.544194 -0.739952
vn -0.544192 0.39538 -0.739953
vn -0.639737 0.207862 -0.739953
vn 0.73208 0.53189 0.42562
vn 0.860615 0.279628 0.425617
vn 0.531891 0.732076 0.425625
vn 0.279629 0.86061 0.425626
vn 0 0.904902 0.42562
vn -0.27963 0.860616 0.425614
vn -0.531889 0.732084 0.425614
vn -0.73208 0.531891 0.425617
vn -0.860614 0.27963 0.425617
vn -0.904903 4e-06 0.425617
vn -0.860614 -0.279632 0.425617
vn -0.73208 -0.531892 0.425617
vn -0.531892 -0.73208 0.425617
vn -0.27963 -0.860615 0.425616
vn 2e-06 -0.904904 0.425616
vn 0.279626 -0.860616 0.425616
vn 0.531891 -0.732081 0.425616
vn 0.732083 -0.531884 0.425622
vn 0.860613 -0.279624 0.425624
vn 0.904903 -4e-06 0.425617
vn 0.860613 0.279627 -0.425622
vn 0.732074 0.531892 -0.425628
vn 0.531891 0.732076 -0.425626
vn 0.279629 0.860613 -0.42562
vn -1e-06 0.904904 -0.425616
vn -0.279629 0.860616 -0.425615
vn -0.531891 0.73208 -0.425619
vn -0.732075 0.53189 -0.425628
vn -0.860609 0.27963 -0.425629
vn -0.904902 2e-06 -0.42562
vn -0.860615 -0.279628 -0.425618
vn -0.732077 -0.531895 -0.425618
vn -0.531891 -0.732081 -0.425616
vn -0.27963 -0.860615 -0.425616
vn 2e-06 -0.904904 -0.425616
vn 0.279624 -0.860617 -0.425616
vn 0.531891 -0.732081 -0.425617
vn 0.732083 -0.531887 -0.425618
vn 0.860614 -0.27963 -0.425618
vn 0.904903 -7e-06 -0.425617
vt 0.810445 0.089108
vt 0.830209 0.093251
vt 0.812455 0.083436
vt 0.810459 0.097463
vt 0.812488 0.103121
vt 0.816294 0.107941
vt 0.82144 0.111357
vt 0.827388 0.113023
vt 0.833544 0.112802
vt 0.839313 0.110737
vt 0.844164 0.107026
vt 0.847659 0.102037
vt 0.849485 0.096252
vt 0.849473 0.090191
vt 0.847631 0.084403
vt 0.844119 0.079431
vt 0.839255 0.075745
vt 0.833474 0.073688
vt 0.827322 0.073485
vt 0.821381 0.07518
vt 0.816245 0.078615
vt 0.915591 0.165265
vt 0.898234 0.154705
vt 0.911647 0.169991
vt 0.906332 0.173267
vt 0.900242 0.174731
vt 0.894016 0.174231
vt 0.888282 0.171863
vt 0.883587 0.167883
vt 0.880344 0.162716
vt 0.878838 0.156854
vt 0.879152 0.150837
vt 0.881253 0.14521
vt 0.884935 0.140464
vt 0.889885 0.137028
vt 0.895677 0.135235
vt 0.901781 0.135266
vt 0.907632 0.13717
vt 0.912657 0.140783
vt 0.916326 0.1458
vt 0.918256 0.151694
vt 0.918205 0.157822
vt 0.43662 0.28738
vt 0.458359 0.330143
vt 0.461573 0.279913
vt 0.468838 0.326366
vt 0.413009 0.305885
vt 0.449344 0.337209
vt 0.399795 0.328332
vt 0.443173 0.346485
vt 0.394452 0.353274
vt 0.440331 0.35699
vt 0.396968 0.378152
vt 0.440966 0.367675
vt 0.406756 0.400699
vt 0.444886 0.377498
vt 0.422706 0.418986
vt 0.451629 0.385551
vt 0.443227 0.4315
vt 0.460498 0.391111
vt 0.46639 0.43724
vt 0.470634 0.393703
vt 0.490109 0.435809
vt 0.481085 0.393116
vt 0.512263 0.427396
vt 0.49088 0.389417
vt 0.530897 0.412792
vt 0.499123 0.382955
vt 0.544359 0.393287
vt 0.505057 0.374327
vt 0.551415 0.370596
vt 0.508125 0.36432
vt 0.551377 0.346733
vt 0.508034 0.35386
vt 0.54413 0.323817
vt 0.504753 0.343921
vt 0.530181 0.303962
vt 0.498545 0.335446
vt 0.510623 0.289071
vt 0.489943 0.329292
vt 0.48707 0.280682
vt 0.47972 0.326124
vt 0.891941 0.354241
vt 0.869633 0.312085
vt 0.867135 0.3621
vt 0.859289 0.315894
vt 0.841519 0.361719
vt 0.848449 0.316173
vt 0.817694 0.353568
vt 0.838214 0.313016
vt 0.797806 0.338692
vt 0.829556 0.306832
vt 0.783583 0.318661
vt 0.823291 0.298283
vt 0.776182 0.295453
vt 0.819973 0.288229
vt 0.776147 0.271273
vt 0.819873 0.277644
vt 0.783347 0.2483
vt 0.822965 0.267539
vt 0.797066 0.228638
vt 0.828942 0.258844
vt 0.815981 0.214037
vt 0.837231 0.252368
vt 0.838372 0.205793
vt 0.847038 0.248695
vt 0.862187 0.204665
vt 0.857465 0.248189
vt 0.885285 0.210759
vt 0.867527 0.250892
vt 0.905545 0.223573
vt 0.876302 0.256568
vt 0.921136 0.24201
vt 0.882922 0.264706
vt 0.930553 0.264518
vt 0.886735 0.27457
vt 0.932762 0.289182
vt 0.887308 0.285268
vt 0.927257 0.313792
vt 0.884484 0.29576
vt 0.914113 0.335847
vt 0.878431 0.30502
vt 0.797902 0.087811
vt 0.801346 0.077841
vt 0.797909 0.098797
vt 0.801393 0.108766
vt 0.807769 0.116863
vt 0.816233 0.122444
vt 0.82592 0.125091
vt 0.835835 0.124632
vt 0.84503 0.121236
vt 0.852755 0.11528
vt 0.858322 0.107286
vt 0.861192 0.09803
vt 0.861167 0.088369
vt 0.85827 0.079131
vt 0.852698 0.071154
vt 0.844934 0.065212
vt 0.835716 0.061862
vt 0.825825 0.061435
vt 0.81614 0.0641
vt 0.807679 0.06972
vt 0.926857 0.170977
vt 0.920159 0.179227
vt 0.911283 0.18474
vt 0.901249 0.187088
vt 0.891118 0.186165
vt 0.8819 0.182188
vt 0.874446 0.17567
vt 0.869398 0.167318
vt 0.867121 0.157958
vt 0.867714 0.148427
vt 0.871055 0.139524
vt 0.876854 0.131986
vt 0.88466 0.126463
vt 0.893848 0.123483
vt 0.903629 0.123397
vt 0.913097 0.126311
vt 0.921325 0.132079
vt 0.927433 0.14025
vt 0.930682 0.150098
vt 0.930557 0.160684
vt 0.141437 0.305035
vt 0.013186 0.305035
vt 0.141437 0.355228
vt 0.013186 0.355228
vt 0.141437 0.4052
vt 0.013186 0.4052
vt 0.141437 0.454985
vt 0.013186 0.454985
vt 0.141437 0.50459
vt 0.013186 0.50459
vt 0.141437 0.554055
vt 0.013186 0.554056
vt 0.141437 0.60341
vt 0.013186 0.60341
vt 0.141437 0.652672
vt 0.013186 0.652672
vt 0.141437 0.701846
vt 0.013186 0.701846
vt 0.141437 0.750947
vt 0.013186 0.750947
vt 0.141437 0.800006
vt 0.013186 0.800006
vt 0.141437 0.849058
vt 0.013186 0.849058
vt 0.141437 0.898118
vt 0.013186 0.898118
vt 0.141437 0.947145
vt 0.013186 0.947145
vt 0.141437 0.996032
vt 0.013186 0.996032
vt 0.141437 0.003968
vt 0.013186 0.003968
vt 0.141437 0.053806
vt 0.013186 0.053806
vt 0.141437 0.103814
vt 0.013186 0.103814
vt 0.141437 0.153902
vt 0.013186 0.153902
vt 0.141437 0.204038
vt 0.013186 0.204038
vt 0.141437 0.254287
vt 0.013186 0.254287
vt 0.383459 0.031499
vt 0.356741 0.080804
vt 0.420589 0.060369
vt 0.380219 0.098583
vt 0.337694 0.015856
vt 0.328646 0.071202
vt 0.29066 0.015961
vt 0.299191 0.070885
vt 0.246396 0.030547
vt 0.271345 0.079688
vt 0.209101 0.057874
vt 0.247797 0.096618
vt 0.182212 0.095152
vt 0.23075 0.119934
vt 0.168143 0.138688
vt 0.221782 0.147279
vt 0.168125 0.184301
vt 0.221701 0.176004
vt 0.182055 0.227645
vt 0.230445 0.203356
vt 0.208512 0.264594
vt 0.24713 0.226703
vt 0.244969 0.291689
vt 0.270161 0.24382
vt 0.287939 0.306377
vt 0.297321 0.253107
vt 0.333354 0.307266
vt 0.32601 0.253664
vt 0.376895 0.294246
vt 0.353499 0.245409
vt 0.414445 0.2685
vt 0.377159 0.229136
vt 0.44235 0.232417
vt 0.394676 0.206376
vt 0.457877 0.189373
vt 0.404321 0.17926
vt 0.459434 0.143437
vt 0.405116 0.150394
vt 0.446665 0.099001
vt 0.396853 0.122594
vt 0.738097 0.26291
vt 0.69813 0.223655
vt 0.699642 0.29103
vt 0.674347 0.241221
vt 0.654942 0.305125
vt 0.646473 0.250392
vt 0.608471 0.304665
vt 0.617353 0.250407
vt 0.564738 0.289945
vt 0.589827 0.24141
vt 0.527919 0.262629
vt 0.566567 0.224399
vt 0.501396 0.225541
vt 0.54976 0.201099
vt 0.487493 0.182226
vt 0.540942 0.173796
vt 0.487493 0.136793
vt 0.540921 0.145128
vt 0.501391 0.093555
vt 0.549692 0.11783
vt 0.527803 0.056666
vt 0.566381 0.094497
vt 0.564157 0.029576
vt 0.589371 0.077365
vt 0.60705 0.014815
vt 0.616497 0.068068
vt 0.652509 0.013825
vt 0.645176 0.067505
vt 0.696205 0.026869
vt 0.672653 0.075793
vt 0.733854 0.052818
vt 0.696274 0.092184
vt 0.761767 0.089175
vt 0.713724 0.115124
vt 0.777231 0.132534
vt 0.723245 0.142432
vt 0.778632 0.178877
vt 0.723809 0.171516
vt 0.765486 0.22385
vt 0.715222 0.19954
vt 0.432114 0.279175
vt 0.460446 0.271173
vt 0.406116 0.29955
vt 0.391576 0.325151
vt 0.385914 0.352817
vt 0.388864 0.380277
vt 0.39978 0.40511
vt 0.417447 0.425227
vt 0.440113 0.43897
vt 0.465659 0.445251
vt 0.491794 0.443645
vt 0.516196 0.434366
vt 0.536725 0.418276
vt 0.551566 0.396796
vt 0.55937 0.371801
vt 0.559375 0.345494
vt 0.551445 0.320201
vt 0.536132 0.298242
vt 0.51462 0.281708
vt 0.488667 0.27228
vt 0.896458 0.362187
vt 0.868422 0.370811
vt 0.840035 0.370187
vt 0.813736 0.361044
vt 0.791828 0.344522
vt 0.776182 0.322349
vt 0.76808 0.29672
vt 0.768084 0.270039
vt 0.776066 0.244723
vt 0.791214 0.223053
vt 0.812083 0.206973
vt 0.836766 0.197892
vt 0.863046 0.196638
vt 0.888512 0.203344
vt 0.910883 0.217441
vt 0.928124 0.237725
vt 0.938614 0.262508
vt 0.9412 0.289716
vt 0.935323 0.316971
vt 0.920958 0.341932
vt 0.150879 0.305035
vt 0.150879 0.355228
vt 0.427666 0.053766
vt 0.388126 0.022827
vt 0.150879 0.4052
vt 0.339312 0.006141
vt 0.150879 0.454985
vt 0.289103 0.006406
vt 0.150879 0.50459
vt 0.242003 0.022032
vt 0.150879 0.554055
vt 0.202343 0.05117
vt 0.150879 0.60341
vt 0.173764 0.090879
vt 0.150879 0.652672
vt 0.15883 0.137222
vt 0.150879 0.701846
vt 0.158832 0.185757
vt 0.150879 0.750947
vt 0.173665 0.231866
vt 0.150879 0.800006
vt 0.201825 0.271164
vt 0.150879 0.849058
vt 0.240607 0.299982
vt 0.150879 0.898118
vt 0.286311 0.315609
vt 0.150879 0.947145
vt 0.33462 0.316559
vt 0.150879 0.996032
vt 0.380942 0.302716
vt 0.150878 0.003968
vt 0.150879 0.053806
vt 0.4209 0.275341
vt 0.150879 0.103814
vt 0.450617 0.236958
vt 0.150879 0.153901
vt 0.46717 0.191165
vt 0.150878 0.204038
vt 0.468879 0.142275
vt 0.150879 0.254287
vt 0.455354 0.094954
vt 0.00375 0.305035
vt 0.00375 0.254287
vt 0.745862 0.270525
vt 0.774366 0.22801
vt 0.703984 0.299817
vt 0.00375 0.355228
vt 0.656348 0.314661
vt 0.00375 0.4052
vt 0.606873 0.314093
vt 0.00375 0.454985
vt 0.560334 0.298359
vt 0.00375 0.50459
vt 0.521185 0.26924
vt 0.00375 0.554055
vt 0.493 0.229757
vt 0.00375 0.60341
vt 0.478225 0.183679
vt 0.00375 0.652672
vt 0.478227 0.135341
vt 0.00375 0.701846
vt 0.493021 0.089344
vt 0.00375 0.750947
vt 0.521127 0.050109
vt 0.00375 0.800006
vt 0.559784 0.021303
vt 0.00375 0.849058
vt 0.605401 0.005587
vt 0.00375 0.898118
vt 0.65376 0.004508
vt 0.00375 0.947145
vt 0.700279 0.018365
vt 0.00375 0.996032
vt 0.740364 0.045964
vt 0.00375 0.003968
vt 0.00375 0.053806
vt 0.770093 0.084641
vt 0.00375 0.103814
vt 0.786599 0.130759
vt 0.00375 0.153902
vt 0.788178 0.18008
vt 0.00375 0.204038
vt 0.373304 0.10522
vt 0.352199 0.089316
vt 0.366779 0.111531
vt 0.347918 0.097392
vt 0.327028 0.080718
vt 0.325474 0.089727
vt 0.300596 0.080368
vt 0.301893 0.089354
vt 0.275593 0.088186
vt 0.279595 0.096245
vt 0.254449 0.103329
vt 0.260742 0.109696
vt 0.239125 0.124246
vt 0.247059 0.128339
vt 0.231048 0.14878
vt 0.239832 0.150203
vt 0.230982 0.174567
vt 0.239782 0.173205
vt 0.238833 0.19915
vt 0.246799 0.195159
vt 0.253824 0.220131
vt 0.260178 0.213897
vt 0.274528 0.235514
vt 0.278678 0.227622
vt 0.298956 0.243868
vt 0.300506 0.235092
vt 0.324734 0.244372
vt 0.323524 0.235553
vt 0.349438 0.236949
vt 0.345584 0.228915
vt 0.370699 0.222321
vt 0.364575 0.215862
vt 0.386425 0.201888
vt 0.378601 0.197639
vt 0.39506 0.177538
vt 0.386278 0.175911
vt 0.395752 0.151627
vt 0.386885 0.152808
vt 0.388292 0.126717
vt 0.3802 0.130641
vt 0.691256 0.216895
vt 0.706602 0.195299
vt 0.684737 0.210491
vt 0.698457 0.191262
vt 0.66573 0.22459
vt 0.669935 0.232673
vt 0.643487 0.232057
vt 0.644955 0.240971
vt 0.62023 0.232169
vt 0.618839 0.241041
vt 0.598187 0.225045
vt 0.594128 0.233011
vt 0.57954 0.211491
vt 0.573229 0.217778
vt 0.566062 0.192838
vt 0.558126 0.196863
vt 0.558984 0.17094
vt 0.5502 0.172329
vt 0.558963 0.147945
vt 0.550177 0.146573
vt 0.566019 0.126038
vt 0.558066 0.12204
vt 0.579429 0.107286
vt 0.573071 0.101057
vt 0.59789 0.093521
vt 0.593741 0.085651
vt 0.619681 0.086063
vt 0.618131 0.077299
vt 0.642695 0.085596
vt 0.643903 0.076791
vt 0.664687 0.092244
vt 0.668565 0.084241
vt 0.683585 0.105407
vt 0.689763 0.098974
vt 0.697537 0.1238
vt 0.705416 0.119583
vt 0.705094 0.14565
vt 0.713922 0.144096
vt 0.705432 0.168901
vt 0.714367 0.170185
vt 0.788388 0.086266
vt 0.793053 0.073332
vt 0.788388 0.100365
vt 0.793112 0.113317
vt 0.801518 0.123685
vt 0.812488 0.130745
vt 0.82495 0.13404
vt 0.837625 0.133335
vt 0.849292 0.128923
vt 0.859104 0.121313
vt 0.866182 0.111115
vt 0.869796 0.099311
vt 0.869751 0.087048
vt 0.866113 0.075295
vt 0.859034 0.065092
vt 0.849163 0.057498
vt 0.837472 0.05316
vt 0.824839 0.052495
vt 0.812373 0.055794
vt 0.801391 0.062918
vt 0.935304 0.175699
vt 0.926474 0.186388
vt 0.914869 0.19343
vt 0.901866 0.196337
vt 0.88883 0.195009
vt 0.877062 0.18977
vt 0.867628 0.181319
vt 0.861318 0.170599
vt 0.858544 0.158688
vt 0.859369 0.146628
vt 0.863611 0.135383
vt 0.870916 0.125828
vt 0.880758 0.118759
vt 0.892404 0.114861
vt 0.90487 0.114621
vt 0.917018 0.118205
vt 0.927676 0.125483
vt 0.935681 0.135927
vt 0.940063 0.148641
vt 0.94006 0.162436
usemtl Wheel4SG
f 2293/3205/2279 2294/3206/2280 2295/3207/2281
f 2296/3208/2282 2294/3206/2280 2293/3205/2279
f 2297/3209/2283 2294/3206/2280 2296/3208/2282
f 2298/3210/2284 2294/3206/2280 2297/3209/2283
f 2299/3211/2285 2294/3206/2280 2298/3210/2284
f 2300/3212/2286 2294/3206/2280 2299/3211/2285
f 2301/3213/2287 2294/3206/2280 2300/3212/2286
f 2302/3214/2288 2294/3206/2280 2301/3213/2287
f 2303/3215/2289 2294/3206/2280 2302/3214/2288
f 2304/3216/2290 2294/3206/2280 2303/3215/2289
f 2305/3217/2291 2294/3206/2280 2304/3216/2290
f 2306/3218/2292 2294/3206/2280 2305/3217/2291
f 2307/3219/2293 2294/3206/2280 2306/3218/2292
f 2308/3220/2294 2294/3206/2280 2307/3219/2293
f 2309/3221/2295 2294/3206/2280 2308/3220/2294
f 2310/3222/2296 2294/3206/2280 2309/3221/2295
f 2311/3223/2297 2294/3206/2280 2310/3222/2296
f 2312/3224/2298 2294/3206/2280 2311/3223/2297
f 2313/3225/2299 2294/3206/2280 2312/3224/2298
f 2295/3207/2281 2294/3206/2280 2313/3225/2299
f 2314/3226/2300 2315/3227/2301 2316/3228/2302
f 2316/3228/2302 2315/3227/2301 2317/3229/2303
f 2317/3229/2303 2315/3227/2301 2318/3230/2304
f 2318/3230/2304 2315/3227/2301 2319/3231/2305
f 2319/3231/2305 2315/3227/2301 2320/3232/2306
f 2320/3232/2306 2315/3227/2301 2321/3233/2307
f 2321/3233/2307 2315/3227/2301 2322/3234/2308
f 2322/3234/2308 2315/3227/2301 2323/3235/2309
f 2323/3235/2309 2315/3227/2301 2324/3236/2310
f 2324/3236/2310 2315/3227/2301 2325/3237/2311
f 2325/3237/2311 2315/3227/2301 2326/3238/2312
f 2326/3238/2312 2315/3227/2301 2327/3239/2313
f 2327/3239/2313 2315/3227/2301 2328/3240/2314
f 2328/3240/2314 2315/3227/2301 2329/3241/2315
f 2329/3241/2315 2315/3227/2301 2330/3242/2316
f 2330/3242/2316 2315/3227/2301 2331/3243/2317
f 2331/3243/2317 2315/3227/2301 2332/3244/2318
f 2332/3244/2318 2315/3227/2301 2333/3245/2319
f 2333/3245/2319 2315/3227/2301 2334/3246/2320
f 2334/3246/2320 2315/3227/2301 2314/3226/2300
f 2335/3247/2321 2336/3248/2322 2337/3249/2323
f 2336/3248/2322 2338/3250/2322 2337/3249/2323
f 2339/3251/2324 2340/3252/2322 2335/3247/2321
f 2340/3252/2322 2336/3248/2322 2335/3247/2321
f 2341/3253/2325 2342/3254/2326 2339/3251/2324
f 2342/3254/2326 2340/3252/2322 2339/3251/2324
f 2343/3255/2327 2344/3256/2322 2341/3253/2325
f 2344/3256/2322 2342/3254/2326 2341/3253/2325
f 2345/3257/2328 2346/3258/2329 2343/3255/2327
f 2346/3258/2329 2344/3256/2322 2343/3255/2327
f 2347/3259/2330 2348/3260/2322 2345/3257/2328
f 2348/3260/2322 2346/3258/2329 2345/3257/2328
f 2349/3261/2331 2350/3262/2322 2347/3259/2330
f 2350/3262/2322 2348/3260/2322 2347/3259/2330
f 2351/3263/2332 2352/3264/2322 2349/3261/2331
f 2352/3264/2322 2350/3262/2322 2349/3261/2331
f 2353/3265/2333 2354/3266/2322 2351/3263/2332
f 2354/3266/2322 2352/3264/2322 2351/3263/2332
f 2355/3267/2334 2356/3268/2322 2353/3265/2333
f 2356/3268/2322 2354/3266/2322 2353/3265/2333
f 2357/3269/2335 2358/3270/2322 2355/3267/2334
f 2358/3270/2322 2356/3268/2322 2355/3267/2334
f 2359/3271/2336 2360/3272/2322 2357/3269/2335
f 2360/3272/2322 2358/3270/2322 2357/3269/2335
f 2361/3273/2337 2362/3274/2322 2359/3271/2336
f 2362/3274/2322 2360/3272/2322 2359/3271/2336
f 2363/3275/2338 2364/3276/2322 2361/3273/2337
f 2364/3276/2322 2362/3274/2322 2361/3273/2337
f 2365/3277/2339 2366/3278/2329 2363/3275/2338
f 2366/3278/2329 2364/3276/2322 2363/3275/2338
f 2367/3279/2340 2368/3280/2329 2365/3277/2339
f 2368/3280/2329 2366/3278/2329 2365/3277/2339
f 2369/3281/2341 2370/3282/2322 2367/3279/2340
f 2370/3282/2322 2368/3280/2329 2367/3279/2340
f 2371/3283/2342 2372/3284/2322 2369/3281/2341
f 2372/3284/2322 2370/3282/2322 2369/3281/2341
f 2373/3285/2343 2374/3286/2322 2371/3283/2342
f 2374/3286/2322 2372/3284/2322 2371/3283/2342
f 2337/3249/2323 2338/3250/2322 2373/3285/2343
f 2338/3250/2322 2374/3286/2322 2373/3285/2343
f 2375/3287/2344 2376/3288/2345 2377/3289/2346
f 2376/3288/2345 2378/3290/2301 2377/3289/2346
f 2377/3289/2346 2378/3290/2301 2379/3291/2347
f 2378/3290/2301 2380/3292/2345 2379/3291/2347
f 2379/3291/2347 2380/3292/2345 2381/3293/2348
f 2380/3292/2345 2382/3294/2345 2381/3293/2348
f 2381/3293/2348 2382/3294/2345 2383/3295/2349
f 2382/3294/2345 2384/3296/2301 2383/3295/2349
f 2383/3295/2349 2384/3296/2301 2385/3297/2350
f 2384/3296/2301 2386/3298/2351 2385/3297/2350
f 2385/3297/2350 2386/3298/2351 2387/3299/2352
f 2386/3298/2351 2388/3300/2301 2387/3299/2352
f 2387/3299/2352 2388/3300/2301 2389/3301/2353
f 2388/3300/2301 2390/3302/2345 2389/3301/2353
f 2389/3301/2353 2390/3302/2345 2391/3303/2354
f 2390/3302/2345 2392/3304/2301 2391/3303/2354
f 2391/3303/2354 2392/3304/2301 2393/3305/2355
f 2392/3304/2301 2394/3306/2301 2393/3305/2355
f 2393/3305/2355 2394/3306/2301 2395/3307/2356
f 2394/3306/2301 2396/3308/2301 2395/3307/2356
f 2395/3307/2356 2396/3308/2301 2397/3309/2357
f 2396/3308/2301 2398/3310/2301 2397/3309/2357
f 2397/3309/2357 2398/3310/2301 2399/3311/2358
f 2398/3310/2301 2400/3312/2301 2399/3311/2358
f 2399/3311/2358 2400/3312/2301 2401/3313/2359
f 2400/3312/2301 2402/3314/2345 2401/3313/2359
f 2401/3313/2359 2402/3314/2345 2403/3315/2360
f 2402/3314/2345 2404/3316/2301 2403/3315/2360
f 2403/3315/2360 2404/3316/2301 2405/3317/2361
f 2404/3316/2301 2406/3318/2301 2405/3317/2361
f 2405/3317/2361 2406/3318/2301 2407/3319/2362
f 2406/3318/2301 2408/3320/2301 2407/3319/2362
f 2407/3319/2362 2408/3320/2301 2409/3321/2363
f 2408/3320/2301 2410/3322/2301 2409/3321/2363
f 2409/3321/2363 2410/3322/2301 2411/3323/2364
f 2410/3322/2301 2412/3324/2301 2411/3323/2364
f 2411/3323/2364 2412/3324/2301 2413/3325/2365
f 2412/3324/2301 2414/3326/2301 2413/3325/2365
f 2413/3325/2365 2414/3326/2301 2375/3287/2344
f 2414/3326/2301 2376/3288/2345 2375/3287/2344
f 2415/3327/2366 2293/3205/2279 2416/3328/2367
f 2293/3205/2279 2295/3207/2281 2416/3328/2367
f 2417/3329/2368 2296/3208/2282 2415/3327/2366
f 2296/3208/2282 2293/3205/2279 2415/3327/2366
f 2418/3330/2369 2297/3209/2283 2417/3329/2368
f 2297/3209/2283 2296/3208/2282 2417/3329/2368
f 2419/3331/2370 2298/3210/2284 2418/3330/2369
f 2298/3210/2284 2297/3209/2283 2418/3330/2369
f 2420/3332/2371 2299/3211/2285 2419/3331/2370
f 2299/3211/2285 2298/3210/2284 2419/3331/2370
f 2421/3333/2372 2300/3212/2286 2420/3332/2371
f 2300/3212/2286 2299/3211/2285 2420/3332/2371
f 2422/3334/2373 2301/3213/2287 2421/3333/2372
f 2301/3213/2287 2300/3212/2286 2421/3333/2372
f 2423/3335/2374 2302/3214/2288 2422/3334/2373
f 2302/3214/2288 2301/3213/2287 2422/3334/2373
f 2424/3336/2375 2303/3215/2289 2423/3335/2374
f 2303/3215/2289 2302/3214/2288 2423/3335/2374
f 2425/3337/2376 2304/3216/2290 2424/3336/2375
f 2304/3216/2290 2303/3215/2289 2424/3336/2375
f 2426/3338/2377 2305/3217/2291 2425/3337/2376
f 2305/3217/2291 2304/3216/2290 2425/3337/2376
f 2427/3339/2378 2306/3218/2292 2426/3338/2377
f 2306/3218/2292 2305/3217/2291 2426/3338/2377
f 2428/3340/2379 2307/3219/2293 2427/3339/2378
f 2307/3219/2293 2306/3218/2292 2427/3339/2378
f 2429/3341/2380 2308/3220/2294 2428/3340/2379
f 2308/3220/2294 2307/3219/2293 2428/3340/2379
f 2430/3342/2381 2309/3221/2295 2429/3341/2380
f 2309/3221/2295 2308/3220/2294 2429/3341/2380
f 2431/3343/2382 2310/3222/2296 2430/3342/2381
f 2310/3222/2296 2309/3221/2295 2430/3342/2381
f 2432/3344/2383 2311/3223/2297 2431/3343/2382
f 2311/3223/2297 2310/3222/2296 2431/3343/2382
f 2433/3345/2384 2312/3224/2298 2432/3344/2383
f 2312/3224/2298 2311/3223/2297 2432/3344/2383
f 2434/3346/2385 2313/3225/2299 2433/3345/2384
f 2313/3225/2299 2312/3224/2298 2433/3345/2384
f 2416/3328/2367 2295/3207/2281 2434/3346/2385
f 2295/3207/2281 2313/3225/2299 2434/3346/2385
f 2435/3347/2386 2314/3226/2300 2436/3348/2387
f 2314/3226/2300 2316/3228/2302 2436/3348/2387
f 2436/3348/2387 2316/3228/2302 2437/3349/2388
f 2316/3228/2302 2317/3229/2303 2437/3349/2388
f 2437/3349/2388 2317/3229/2303 2438/3350/2389
f 2317/3229/2303 2318/3230/2304 2438/3350/2389
f 2438/3350/2389 2318/3230/2304 2439/3351/2390
f 2318/3230/2304 2319/3231/2305 2439/3351/2390
f 2439/3351/2390 2319/3231/2305 2440/3352/2391
f 2319/3231/2305 2320/3232/2306 2440/3352/2391
f 2440/3352/2391 2320/3232/2306 2441/3353/2392
f 2320/3232/2306 2321/3233/2307 2441/3353/2392
f 2441/3353/2392 2321/3233/2307 2442/3354/2393
f 2321/3233/2307 2322/3234/2308 2442/3354/2393
f 2442/3354/2393 2322/3234/2308 2443/3355/2394
f 2322/3234/2308 2323/3235/2309 2443/3355/2394
f 2443/3355/2394 2323/3235/2309 2444/3356/2395
f 2323/3235/2309 2324/3236/2310 2444/3356/2395
f 2444/3356/2395 2324/3236/2310 2445/3357/2396
f 2324/3236/2310 2325/3237/2311 2445/3357/2396
f 2445/3357/2396 2325/3237/2311 2446/3358/2397
f 2325/3237/2311 2326/3238/2312 2446/3358/2397
f 2446/3358/2397 2326/3238/2312 2447/3359/2398
f 2326/3238/2312 2327/3239/2313 2447/3359/2398
f 2447/3359/2398 2327/3239/2313 2448/3360/2399
f 2327/3239/2313 2328/3240/2314 2448/3360/2399
f 2448/3360/2399 2328/3240/2314 2449/3361/2400
f 2328/3240/2314 2329/3241/2315 2449/3361/2400
f 2449/3361/2400 2329/3241/2315 2450/3362/2401
f 2329/3241/2315 2330/3242/2316 2450/3362/2401
f 2450/3362/2401 2330/3242/2316 2451/3363/2402
f 2330/3242/2316 2331/3243/2317 2451/3363/2402
f 2451/3363/2402 2331/3243/2317 2452/3364/2403
f 2331/3243/2317 2332/3244/2318 2452/3364/2403
f 2452/3364/2403 2332/3244/2318 2453/3365/2404
f 2332/3244/2318 2333/3245/2319 2453/3365/2404
f 2453/3365/2404 2333/3245/2319 2454/3366/2405
f 2333/3245/2319 2334/3246/2320 2454/3366/2405
f 2454/3366/2405 2334/3246/2320 2435/3347/2386
f 2334/3246/2320 2314/3226/2300 2435/3347/2386
f 2455/3367/2406 2456/3368/2407 2457/3369/2408
f 2456/3368/2407 2458/3370/2409 2457/3369/2408
f 2457/3369/2408 2458/3370/2409 2459/3371/2410
f 2458/3370/2409 2460/3372/2411 2459/3371/2410
f 2459/3371/2410 2460/3372/2411 2461/3373/2412
f 2460/3372/2411 2462/3374/2413 2461/3373/2412
f 2461/3373/2412 2462/3374/2413 2463/3375/2414
f 2462/3374/2413 2464/3376/2415 2463/3375/2414
f 2463/3375/2414 2464/3376/2415 2465/3377/2416
f 2464/3376/2415 2466/3378/2417 2465/3377/2416
f 2465/3377/2416 2466/3378/2417 2467/3379/2418
f 2466/3378/2417 2468/3380/2419 2467/3379/2418
f 2467/3379/2418 2468/3380/2419 2469/3381/2420
f 2468/3380/2419 2470/3382/2421 2469/3381/2420
f 2469/3381/2420 2470/3382/2421 2471/3383/2422
f 2470/3382/2421 2472/3384/2423 2471/3383/2422
f 2471/3383/2422 2472/3384/2423 2473/3385/2424
f 2472/3384/2423 2474/3386/2425 2473/3385/2424
f 2473/3385/2424 2474/3386/2425 2475/3387/2426
f 2474/3386/2425 2476/3388/2427 2475/3387/2426
f 2475/3387/2426 2476/3388/2427 2477/3389/2428
f 2476/3388/2427 2478/3390/2429 2477/3389/2428
f 2477/3389/2428 2478/3390/2429 2479/3391/2430
f 2478/3390/2429 2480/3392/2431 2479/3391/2430
f 2479/3391/2430 2480/3392/2431 2481/3393/2432
f 2480/3392/2431 2482/3394/2433 2481/3393/2432
f 2481/3393/2432 2482/3394/2433 2483/3395/2434
f 2482/3394/2433 2484/3396/2435 2483/3395/2434
f 2483/3397/2434 2484/3398/2435 2485/3399/2436
f 2484/3398/2435 2486/3400/2437 2485/3399/2436
f 2485/3399/2436 2486/3400/2437 2487/3401/2438
f 2486/3400/2437 2488/3402/2439 2487/3401/2438
f 2487/3401/2438 2488/3402/2439 2489/3403/2440
f 2488/3402/2439 2490/3404/2441 2489/3403/2440
f 2489/3403/2440 2490/3404/2441 2491/3405/2442
f 2490/3404/2441 2492/3406/2443 2491/3405/2442
f 2491/3405/2442 2492/3406/2443 2493/3407/2444
f 2492/3406/2443 2494/3408/2445 2493/3407/2444
f 2493/3407/2444 2494/3408/2445 2455/3367/2406
f 2494/3408/2445 2456/3368/2407 2455/3367/2406
f 2495/3409/2446 2496/3410/2447 2497/3411/2448
f 2496/3410/2447 2498/3412/2449 2497/3411/2448
f 2499/3413/2450 2500/3414/2451 2495/3409/2446
f 2500/3414/2451 2496/3410/2447 2495/3409/2446
f 2501/3415/2452 2502/3416/2453 2499/3413/2450
f 2502/3416/2453 2500/3414/2451 2499/3413/2450
f 2503/3417/2454 2504/3418/2455 2501/3415/2452
f 2504/3418/2455 2502/3416/2453 2501/3415/2452
f 2505/3419/2456 2506/3420/2457 2503/3417/2454
f 2506/3420/2457 2504/3418/2455 2503/3417/2454
f 2507/3421/2458 2508/3422/2459 2505/3419/2456
f 2508/3422/2459 2506/3420/2457 2505/3419/2456
f 2509/3423/2460 2510/3424/2461 2507/3421/2458
f 2510/3424/2461 2508/3422/2459 2507/3421/2458
f 2511/3425/2462 2512/3426/2463 2509/3423/2460
f 2512/3426/2463 2510/3424/2461 2509/3423/2460
f 2513/3427/2464 2514/3428/2465 2511/3425/2462
f 2514/3428/2465 2512/3426/2463 2511/3425/2462
f 2515/3429/2466 2516/3430/2467 2513/3427/2464
f 2516/3430/2467 2514/3428/2465 2513/3427/2464
f 2517/3431/2468 2518/3432/2469 2515/3429/2466
f 2518/3432/2469 2516/3430/2467 2515/3429/2466
f 2519/3433/2470 2520/3434/2471 2517/3431/2468
f 2520/3434/2471 2518/3432/2469 2517/3431/2468
f 2521/3435/2472 2522/3436/2473 2519/3433/2470
f 2522/3436/2473 2520/3434/2471 2519/3433/2470
f 2523/3437/2474 2524/3438/2475 2521/3435/2472
f 2524/3438/2475 2522/3436/2473 2521/3435/2472
f 2525/3439/2476 2526/3440/2477 2523/3437/2474
f 2526/3440/2477 2524/3438/2475 2523/3437/2474
f 2527/3441/2478 2528/3442/2479 2525/3439/2476
f 2528/3442/2479 2526/3440/2477 2525/3439/2476
f 2529/3443/2480 2530/3444/2481 2527/3441/2478
f 2530/3444/2481 2528/3442/2479 2527/3441/2478
f 2531/3445/2482 2532/3446/2483 2529/3443/2480
f 2532/3446/2483 2530/3444/2481 2529/3443/2480
f 2533/3447/2484 2534/3448/2485 2531/3445/2482
f 2534/3448/2485 2532/3446/2483 2531/3445/2482
f 2497/3411/2448 2498/3412/2449 2533/3447/2484
f 2498/3412/2449 2534/3448/2485 2533/3447/2484
f 2535/3449/2486 2536/3450/2487 2537/3451/2488
f 2536/3450/2487 2538/3452/2489 2537/3451/2488
f 2537/3451/2488 2538/3452/2489 2539/3453/2490
f 2538/3452/2489 2540/3454/2491 2539/3453/2490
f 2539/3453/2490 2540/3454/2491 2541/3455/2492
f 2540/3454/2491 2542/3456/2493 2541/3455/2492
f 2541/3455/2492 2542/3456/2493 2543/3457/2494
f 2542/3456/2493 2544/3458/2495 2543/3457/2494
f 2543/3457/2494 2544/3458/2495 2545/3459/2496
f 2544/3458/2495 2546/3460/2497 2545/3459/2496
f 2545/3459/2496 2546/3460/2497 2547/3461/2498
f 2546/3460/2497 2548/3462/2499 2547/3461/2498
f 2547/3461/2498 2548/3462/2499 2549/3463/2500
f 2548/3462/2499 2550/3464/2501 2549/3463/2500
f 2549/3463/2500 2550/3464/2501 2551/3465/2502
f 2550/3464/2501 2552/3466/2503 2551/3465/2502
f 2551/3465/2502 2552/3466/2503 2553/3467/2504
f 2552/3466/2503 2554/3468/2505 2553/3467/2504
f 2553/3467/2504 2554/3468/2505 2555/3469/2506
f 2554/3468/2505 2556/3470/2507 2555/3469/2506
f 2555/3469/2506 2556/3470/2507 2557/3471/2508
f 2556/3470/2507 2558/3472/2509 2557/3471/2508
f 2557/3471/2508 2558/3472/2509 2559/3473/2510
f 2558/3472/2509 2560/3474/2511 2559/3473/2510
f 2559/3473/2510 2560/3474/2511 2561/3475/2512
f 2560/3474/2511 2562/3476/2513 2561/3475/2512
f 2561/3475/2512 2562/3476/2513 2563/3477/2514
f 2562/3476/2513 2564/3478/2515 2563/3477/2514
f 2563/3477/2514 2564/3478/2515 2565/3479/2516
f 2564/3478/2515 2566/3480/2517 2565/3479/2516
f 2565/3479/2516 2566/3480/2517 2567/3481/2518
f 2566/3480/2517 2568/3482/2519 2567/3481/2518
f 2567/3481/2518 2568/3482/2519 2569/3483/2520
f 2568/3482/2519 2570/3484/2521 2569/3483/2520
f 2569/3483/2520 2570/3484/2521 2571/3485/2522
f 2570/3484/2521 2572/3486/2523 2571/3485/2522
f 2571/3485/2522 2572/3486/2523 2573/3487/2524
f 2572/3486/2523 2574/3488/2525 2573/3487/2524
f 2573/3487/2524 2574/3488/2525 2535/3449/2486
f 2574/3488/2525 2536/3450/2487 2535/3449/2486
f 2575/3489/2526 2335/3247/2321 2576/3490/2527
f 2335/3247/2321 2337/3249/2323 2576/3490/2527
f 2577/3491/2528 2339/3251/2324 2575/3489/2526
f 2339/3251/2324 2335/3247/2321 2575/3489/2526
f 2578/3492/2529 2341/3253/2325 2577/3491/2528
f 2341/3253/2325 2339/3251/2324 2577/3491/2528
f 2579/3493/2530 2343/3255/2327 2578/3492/2529
f 2343/3255/2327 2341/3253/2325 2578/3492/2529
f 2580/3494/2531 2345/3257/2328 2579/3493/2530
f 2345/3257/2328 2343/3255/2327 2579/3493/2530
f 2581/3495/2532 2347/3259/2330 2580/3494/2531
f 2347/3259/2330 2345/3257/2328 2580/3494/2531
f 2582/3496/2533 2349/3261/2331 2581/3495/2532
f 2349/3261/2331 2347/3259/2330 2581/3495/2532
f 2583/3497/2534 2351/3263/2332 2582/3496/2533
f 2351/3263/2332 2349/3261/2331 2582/3496/2533
f 2584/3498/2535 2353/3265/2333 2583/3497/2534
f 2353/3265/2333 2351/3263/2332 2583/3497/2534
f 2585/3499/2536 2355/3267/2334 2584/3498/2535
f 2355/3267/2334 2353/3265/2333 2584/3498/2535
f 2586/3500/2537 2357/3269/2335 2585/3499/2536
f 2357/3269/2335 2355/3267/2334 2585/3499/2536
f 2587/3501/2538 2359/3271/2336 2586/3500/2537
f 2359/3271/2336 2357/3269/2335 2586/3500/2537
f 2588/3502/2539 2361/3273/2337 2587/3501/2538
f 2361/3273/2337 2359/3271/2336 2587/3501/2538
f 2589/3503/2540 2363/3275/2338 2588/3502/2539
f 2363/3275/2338 2361/3273/2337 2588/3502/2539
f 2590/3504/2541 2365/3277/2339 2589/3503/2540
f 2365/3277/2339 2363/3275/2338 2589/3503/2540
f 2591/3505/2542 2367/3279/2340 2590/3504/2541
f 2367/3279/2340 2365/3277/2339 2590/3504/2541
f 2592/3506/2543 2369/3281/2341 2591/3505/2542
f 2369/3281/2341 2367/3279/2340 2591/3505/2542
f 2593/3507/2544 2371/3283/2342 2592/3506/2543
f 2371/3283/2342 2369/3281/2341 2592/3506/2543
f 2594/3508/2545 2373/3285/2343 2593/3507/2544
f 2373/3285/2343 2371/3283/2342 2593/3507/2544
f 2576/3490/2527 2337/3249/2323 2594/3508/2545
f 2337/3249/2323 2373/3285/2343 2594/3508/2545
f 2595/3509/2546 2375/3287/2344 2596/3510/2547
f 2375/3287/2344 2377/3289/2346 2596/3510/2547
f 2596/3510/2547 2377/3289/2346 2597/3511/2548
f 2377/3289/2346 2379/3291/2347 2597/3511/2548
f 2597/3511/2548 2379/3291/2347 2598/3512/2549
f 2379/3291/2347 2381/3293/2348 2598/3512/2549
f 2598/3512/2549 2381/3293/2348 2599/3513/2550
f 2381/3293/2348 2383/3295/2349 2599/3513/2550
f 2599/3513/2550 2383/3295/2349 2600/3514/2551
f 2383/3295/2349 2385/3297/2350 2600/3514/2551
f 2600/3514/2551 2385/3297/2350 2601/3515/2552
f 2385/3297/2350 2387/3299/2352 2601/3515/2552
f 2601/3515/2552 2387/3299/2352 2602/3516/2553
f 2387/3299/2352 2389/3301/2353 2602/3516/2553
f 2602/3516/2553 2389/3301/2353 2603/3517/2554
f 2389/3301/2353 2391/3303/2354 2603/3517/2554
f 2603/3517/2554 2391/3303/2354 2604/3518/2555
f 2391/3303/2354 2393/3305/2355 2604/3518/2555
f 2604/3518/2555 2393/3305/2355 2605/3519/2556
f 2393/3305/2355 2395/3307/2356 2605/3519/2556
f 2605/3519/2556 2395/3307/2356 2606/3520/2557
f 2395/3307/2356 2397/3309/2357 2606/3520/2557
f 2606/3520/2557 2397/3309/2357 2607/3521/2558
f 2397/3309/2357 2399/3311/2358 2607/3521/2558
f 2607/3521/2558 2399/3311/2358 2608/3522/2559
f 2399/3311/2358 2401/3313/2359 2608/3522/2559
f 2608/3522/2559 2401/3313/2359 2609/3523/2560
f 2401/3313/2359 2403/3315/2360 2609/3523/2560
f 2609/3523/2560 2403/3315/2360 2610/3524/2561
f 2403/3315/2360 2405/3317/2361 2610/3524/2561
f 2610/3524/2561 2405/3317/2361 2611/3525/2562
f 2405/3317/2361 2407/3319/2362 2611/3525/2562
f 2611/3525/2562 2407/3319/2362 2612/3526/2563
f 2407/3319/2362 2409/3321/2363 2612/3526/2563
f 2612/3526/2563 2409/3321/2363 2613/3527/2564
f 2409/3321/2363 2411/3323/2364 2613/3527/2564
f 2613/3527/2564 2411/3323/2364 2614/3528/2565
f 2411/3323/2364 2413/3325/2365 2614/3528/2565
f 2614/3528/2565 2413/3325/2365 2595/3509/2546
f 2413/3325/2365 2375/3287/2344 2595/3509/2546
f 2455/3367/2406 2457/3369/2408 2615/3529/2566
f 2457/3369/2408 2616/3530/2567 2615/3529/2566
f 2615/3531/2566 2616/3532/2567 2497/3411/2448
f 2616/3532/2567 2495/3409/2446 2497/3411/2448
f 2457/3369/2408 2459/3371/2410 2616/3530/2567
f 2459/3371/2410 2617/3533/2568 2616/3530/2567
f 2616/3532/2567 2617/3534/2568 2495/3409/2446
f 2617/3534/2568 2499/3413/2450 2495/3409/2446
f 2459/3371/2410 2461/3373/2412 2617/3533/2568
f 2461/3373/2412 2618/3535/2569 2617/3533/2568
f 2617/3534/2568 2618/3536/2569 2499/3413/2450
f 2618/3536/2569 2501/3415/2452 2499/3413/2450
f 2461/3373/2412 2463/3375/2414 2618/3535/2569
f 2463/3375/2414 2619/3537/2570 2618/3535/2569
f 2618/3536/2569 2619/3538/2570 2501/3415/2452
f 2619/3538/2570 2503/3417/2454 2501/3415/2452
f 2463/3375/2414 2465/3377/2416 2619/3537/2570
f 2465/3377/2416 2620/3539/2571 2619/3537/2570
f 2619/3538/2570 2620/3540/2571 2503/3417/2454
f 2620/3540/2571 2505/3419/2456 2503/3417/2454
f 2465/3377/2416 2467/3379/2418 2620/3539/2571
f 2467/3379/2418 2621/3541/2572 2620/3539/2571
f 2620/3540/2571 2621/3542/2572 2505/3419/2456
f 2621/3542/2572 2507/3421/2458 2505/3419/2456
f 2467/3379/2418 2469/3381/2420 2621/3541/2572
f 2469/3381/2420 2622/3543/2573 2621/3541/2572
f 2621/3542/2572 2622/3544/2573 2507/3421/2458
f 2622/3544/2573 2509/3423/2460 2507/3421/2458
f 2469/3381/2420 2471/3383/2422 2622/3543/2573
f 2471/3383/2422 2623/3545/2574 2622/3543/2573
f 2622/3544/2573 2623/3546/2574 2509/3423/2460
f 2623/3546/2574 2511/3425/2462 2509/3423/2460
f 2471/3383/2422 2473/3385/2424 2623/3545/2574
f 2473/3385/2424 2624/3547/2575 2623/3545/2574
f 2623/3546/2574 2624/3548/2575 2511/3425/2462
f 2624/3548/2575 2513/3427/2464 2511/3425/2462
f 2473/3385/2424 2475/3387/2426 2624/3547/2575
f 2475/3387/2426 2625/3549/2576 2624/3547/2575
f 2624/3548/2575 2625/3550/2576 2513/3427/2464
f 2625/3550/2576 2515/3429/2466 2513/3427/2464
f 2475/3387/2426 2477/3389/2428 2625/3549/2576
f 2477/3389/2428 2626/3551/2577 2625/3549/2576
f 2625/3550/2576 2626/3552/2577 2515/3429/2466
f 2626/3552/2577 2517/3431/2468 2515/3429/2466
f 2477/3389/2428 2479/3391/2430 2626/3551/2577
f 2479/3391/2430 2627/3553/2578 2626/3551/2577
f 2626/3552/2577 2627/3554/2578 2517/3431/2468
f 2627/3554/2578 2519/3433/2470 2517/3431/2468
f 2479/3391/2430 2481/3393/2432 2627/3553/2578
f 2481/3393/2432 2628/3555/2579 2627/3553/2578
f 2627/3554/2578 2628/3556/2579 2519/3433/2470
f 2628/3556/2579 2521/3435/2472 2519/3433/2470
f 2481/3393/2432 2483/3395/2434 2628/3555/2579
f 2483/3395/2434 2629/3557/2580 2628/3555/2579
f 2628/3556/2579 2629/3558/2580 2521/3435/2472
f 2629/3558/2580 2523/3437/2474 2521/3435/2472
f 2483/3397/2434 2485/3399/2436 2629/3559/2580
f 2485/3399/2436 2630/3560/2581 2629/3559/2580
f 2629/3558/2580 2630/3561/2581 2523/3437/2474
f 2630/3561/2581 2525/3439/2476 2523/3437/2474
f 2485/3399/2436 2487/3401/2438 2630/3560/2581
f 2487/3401/2438 2631/3562/2582 2630/3560/2581
f 2630/3561/2581 2631/3563/2582 2525/3439/2476
f 2631/3563/2582 2527/3441/2478 2525/3439/2476
f 2487/3401/2438 2489/3403/2440 2631/3562/2582
f 2489/3403/2440 2632/3564/2583 2631/3562/2582
f 2631/3563/2582 2632/3565/2583 2527/3441/2478
f 2632/3565/2583 2529/3443/2480 2527/3441/2478
f 2489/3403/2440 2491/3405/2442 2632/3564/2583
f 2491/3405/2442 2633/3566/2584 2632/3564/2583
f 2632/3565/2583 2633/3567/2584 2529/3443/2480
f 2633/3567/2584 2531/3445/2482 2529/3443/2480
f 2491/3405/2442 2493/3407/2444 2633/3566/2584
f 2493/3407/2444 2634/3568/2585 2633/3566/2584
f 2633/3567/2584 2634/3569/2585 2531/3445/2482
f 2634/3569/2585 2533/3447/2484 2531/3445/2482
f 2497/3411/2448 2533/3447/2484 2615/3531/2566
f 2533/3447/2484 2634/3569/2585 2615/3531/2566
f 2615/3529/2566 2634/3568/2585 2455/3367/2406
f 2634/3568/2585 2493/3407/2444 2455/3367/2406
f 2456/3368/2407 2494/3408/2445 2635/3570/2586
f 2494/3408/2445 2636/3571/2587 2635/3570/2586
f 2635/3572/2586 2636/3573/2587 2535/3449/2486
f 2636/3573/2587 2573/3487/2524 2535/3449/2486
f 2535/3449/2486 2537/3451/2488 2635/3572/2586
f 2537/3451/2488 2637/3574/2588 2635/3572/2586
f 2635/3570/2586 2637/3575/2588 2456/3368/2407
f 2637/3575/2588 2458/3370/2409 2456/3368/2407
f 2537/3451/2488 2539/3453/2490 2637/3574/2588
f 2539/3453/2490 2638/3576/2589 2637/3574/2588
f 2637/3575/2588 2638/3577/2589 2458/3370/2409
f 2638/3577/2589 2460/3372/2411 2458/3370/2409
f 2539/3453/2490 2541/3455/2492 2638/3576/2589
f 2541/3455/2492 2639/3578/2590 2638/3576/2589
f 2638/3577/2589 2639/3579/2590 2460/3372/2411
f 2639/3579/2590 2462/3374/2413 2460/3372/2411
f 2541/3455/2492 2543/3457/2494 2639/3578/2590
f 2543/3457/2494 2640/3580/2591 2639/3578/2590
f 2639/3579/2590 2640/3581/2591 2462/3374/2413
f 2640/3581/2591 2464/3376/2415 2462/3374/2413
f 2543/3457/2494 2545/3459/2496 2640/3580/2591
f 2545/3459/2496 2641/3582/2592 2640/3580/2591
f 2640/3581/2591 2641/3583/2592 2464/3376/2415
f 2641/3583/2592 2466/3378/2417 2464/3376/2415
f 2545/3459/2496 2547/3461/2498 2641/3582/2592
f 2547/3461/2498 2642/3584/2593 2641/3582/2592
f 2641/3583/2592 2642/3585/2593 2466/3378/2417
f 2642/3585/2593 2468/3380/2419 2466/3378/2417
f 2547/3461/2498 2549/3463/2500 2642/3584/2593
f 2549/3463/2500 2643/3586/2594 2642/3584/2593
f 2642/3585/2593 2643/3587/2594 2468/3380/2419
f 2643/3587/2594 2470/3382/2421 2468/3380/2419
f 2549/3463/2500 2551/3465/2502 2643/3586/2594
f 2551/3465/2502 2644/3588/2595 2643/3586/2594
f 2643/3587/2594 2644/3589/2595 2470/3382/2421
f 2644/3589/2595 2472/3384/2423 2470/3382/2421
f 2551/3465/2502 2553/3467/2504 2644/3588/2595
f 2553/3467/2504 2645/3590/2596 2644/3588/2595
f 2644/3589/2595 2645/3591/2596 2472/3384/2423
f 2645/3591/2596 2474/3386/2425 2472/3384/2423
f 2553/3467/2504 2555/3469/2506 2645/3590/2596
f 2555/3469/2506 2646/3592/2597 2645/3590/2596
f 2645/3591/2596 2646/3593/2597 2474/3386/2425
f 2646/3593/2597 2476/3388/2427 2474/3386/2425
f 2555/3469/2506 2557/3471/2508 2646/3592/2597
f 2557/3471/2508 2647/3594/2598 2646/3592/2597
f 2646/3593/2597 2647/3595/2598 2476/3388/2427
f 2647/3595/2598 2478/3390/2429 2476/3388/2427
f 2557/3471/2508 2559/3473/2510 2647/3594/2598
f 2559/3473/2510 2648/3596/2599 2647/3594/2598
f 2647/3595/2598 2648/3597/2599 2478/3390/2429
f 2648/3597/2599 2480/3392/2431 2478/3390/2429
f 2559/3473/2510 2561/3475/2512 2648/3596/2599
f 2561/3475/2512 2649/3598/2600 2648/3596/2599
f 2648/3597/2599 2649/3599/2600 2480/3392/2431
f 2649/3599/2600 2482/3394/2433 2480/3392/2431
f 2561/3475/2512 2563/3477/2514 2649/3598/2600
f 2563/3477/2514 2650/3600/2601 2649/3598/2600
f 2649/3599/2600 2650/3601/2601 2482/3394/2433
f 2650/3601/2601 2484/3396/2435 2482/3394/2433
f 2563/3477/2514 2565/3479/2516 2650/3600/2601
f 2565/3479/2516 2651/3602/2602 2650/3600/2601
f 2650/3603/2601 2651/3604/2602 2484/3398/2435
f 2651/3604/2602 2486/3400/2437 2484/3398/2435
f 2565/3479/2516 2567/3481/2518 2651/3602/2602
f 2567/3481/2518 2652/3605/2603 2651/3602/2602
f 2651/3604/2602 2652/3606/2603 2486/3400/2437
f 2652/3606/2603 2488/3402/2439 2486/3400/2437
f 2567/3481/2518 2569/3483/2520 2652/3605/2603
f 2569/3483/2520 2653/3607/2604 2652/3605/2603
f 2652/3606/2603 2653/3608/2604 2488/3402/2439
f 2653/3608/2604 2490/3404/2441 2488/3402/2439
f 2569/3483/2520 2571/3485/2522 2653/3607/2604
f 2571/3485/2522 2654/3609/2605 2653/3607/2604
f 2653/3608/2604 2654/3610/2605 2490/3404/2441
f 2654/3610/2605 2492/3406/2443 2490/3404/2441
f 2571/3485/2522 2573/3487/2524 2654/3609/2605
f 2573/3487/2524 2636/3573/2587 2654/3609/2605
f 2654/3610/2605 2636/3571/2587 2492/3406/2443
f 2636/3571/2587 2494/3408/2445 2492/3406/2443
f 2498/3412/2449 2496/3410/2447 2655/3611/2606
f 2496/3410/2447 2656/3612/2607 2655/3611/2606
f 2655/3611/2606 2656/3612/2607 2576/3613/2527
f 2656/3612/2607 2575/3614/2526 2576/3613/2527
f 2496/3410/2447 2500/3414/2451 2656/3612/2607
f 2500/3414/2451 2657/3615/2608 2656/3612/2607
f 2656/3612/2607 2657/3615/2608 2575/3614/2526
f 2657/3615/2608 2577/3616/2528 2575/3614/2526
f 2500/3414/2451 2502/3416/2453 2657/3615/2608
f 2502/3416/2453 2658/3617/2609 2657/3615/2608
f 2657/3615/2608 2658/3617/2609 2577/3616/2528
f 2658/3617/2609 2578/3618/2529 2577/3616/2528
f 2502/3416/2453 2504/3418/2455 2658/3617/2609
f 2504/3418/2455 2659/3619/2610 2658/3617/2609
f 2658/3617/2609 2659/3619/2610 2578/3618/2529
f 2659/3619/2610 2579/3620/2530 2578/3618/2529
f 2504/3418/2455 2506/3420/2457 2659/3619/2610
f 2506/3420/2457 2660/3621/2611 2659/3619/2610
f 2659/3619/2610 2660/3621/2611 2579/3620/2530
f 2660/3621/2611 2580/3622/2531 2579/3620/2530
f 2506/3420/2457 2508/3422/2459 2660/3621/2611
f 2508/3422/2459 2661/3623/2612 2660/3621/2611
f 2660/3621/2611 2661/3623/2612 2580/3622/2531
f 2661/3623/2612 2581/3624/2532 2580/3622/2531
f 2508/3422/2459 2510/3424/2461 2661/3623/2612
f 2510/3424/2461 2662/3625/2613 2661/3623/2612
f 2661/3623/2612 2662/3625/2613 2581/3624/2532
f 2662/3625/2613 2582/3626/2533 2581/3624/2532
f 2510/3424/2461 2512/3426/2463 2662/3625/2613
f 2512/3426/2463 2663/3627/2614 2662/3625/2613
f 2662/3625/2613 2663/3627/2614 2582/3626/2533
f 2663/3627/2614 2583/3628/2534 2582/3626/2533
f 2512/3426/2463 2514/3428/2465 2663/3627/2614
f 2514/3428/2465 2664/3629/2615 2663/3627/2614
f 2663/3627/2614 2664/3629/2615 2583/3628/2534
f 2664/3629/2615 2584/3630/2535 2583/3628/2534
f 2514/3428/2465 2516/3430/2467 2664/3629/2615
f 2516/3430/2467 2665/3631/2616 2664/3629/2615
f 2664/3629/2615 2665/3631/2616 2584/3630/2535
f 2665/3631/2616 2585/3632/2536 2584/3630/2535
f 2516/3430/2467 2518/3432/2469 2665/3631/2616
f 2518/3432/2469 2666/3633/2617 2665/3631/2616
f 2665/3631/2616 2666/3633/2617 2585/3632/2536
f 2666/3633/2617 2586/3634/2537 2585/3632/2536
f 2518/3432/2469 2520/3434/2471 2666/3633/2617
f 2520/3434/2471 2667/3635/2618 2666/3633/2617
f 2666/3633/2617 2667/3635/2618 2586/3634/2537
f 2667/3635/2618 2587/3636/2538 2586/3634/2537
f 2520/3434/2471 2522/3436/2473 2667/3635/2618
f 2522/3436/2473 2668/3637/2619 2667/3635/2618
f 2667/3635/2618 2668/3637/2619 2587/3636/2538
f 2668/3637/2619 2588/3638/2539 2587/3636/2538
f 2522/3436/2473 2524/3438/2475 2668/3637/2619
f 2524/3438/2475 2669/3639/2620 2668/3637/2619
f 2668/3637/2619 2669/3639/2620 2588/3638/2539
f 2669/3639/2620 2589/3640/2540 2588/3638/2539
f 2524/3438/2475 2526/3440/2477 2669/3639/2620
f 2526/3440/2477 2670/3641/2621 2669/3639/2620
f 2669/3639/2620 2670/3641/2621 2589/3640/2540
f 2670/3641/2621 2590/3642/2541 2589/3640/2540
f 2526/3440/2477 2528/3442/2479 2670/3641/2621
f 2528/3442/2479 2671/3643/2622 2670/3641/2621
f 2670/3641/2621 2671/3643/2622 2590/3642/2541
f 2671/3643/2622 2591/3644/2542 2590/3642/2541
f 2528/3442/2479 2530/3444/2481 2671/3643/2622
f 2530/3444/2481 2672/3645/2623 2671/3643/2622
f 2671/3643/2622 2672/3645/2623 2591/3644/2542
f 2672/3645/2623 2592/3646/2543 2591/3644/2542
f 2530/3444/2481 2532/3446/2483 2672/3645/2623
f 2532/3446/2483 2673/3647/2624 2672/3645/2623
f 2672/3645/2623 2673/3647/2624 2592/3646/2543
f 2673/3647/2624 2593/3648/2544 2592/3646/2543
f 2532/3446/2483 2534/3448/2485 2673/3647/2624
f 2534/3448/2485 2674/3649/2625 2673/3647/2624
f 2673/3647/2624 2674/3649/2625 2593/3648/2544
f 2674/3649/2625 2594/3650/2545 2593/3648/2544
f 2576/3613/2527 2594/3650/2545 2655/3611/2606
f 2594/3650/2545 2674/3649/2625 2655/3611/2606
f 2655/3611/2606 2674/3649/2625 2498/3412/2449
f 2674/3649/2625 2534/3448/2485 2498/3412/2449
f 2536/3450/2487 2574/3488/2525 2675/3651/2626
f 2574/3488/2525 2676/3652/2627 2675/3651/2626
f 2675/3651/2626 2676/3652/2627 2595/3653/2546
f 2676/3652/2627 2614/3654/2565 2595/3653/2546
f 2595/3653/2546 2596/3655/2547 2675/3651/2626
f 2596/3655/2547 2677/3656/2628 2675/3651/2626
f 2675/3651/2626 2677/3656/2628 2536/3450/2487
f 2677/3656/2628 2538/3452/2489 2536/3450/2487
f 2596/3655/2547 2597/3657/2548 2677/3656/2628
f 2597/3657/2548 2678/3658/2629 2677/3656/2628
f 2677/3656/2628 2678/3658/2629 2538/3452/2489
f 2678/3658/2629 2540/3454/2491 2538/3452/2489
f 2597/3657/2548 2598/3659/2549 2678/3658/2629
f 2598/3659/2549 2679/3660/2630 2678/3658/2629
f 2678/3658/2629 2679/3660/2630 2540/3454/2491
f 2679/3660/2630 2542/3456/2493 2540/3454/2491
f 2598/3659/2549 2599/3661/2550 2679/3660/2630
f 2599/3661/2550 2680/3662/2631 2679/3660/2630
f 2679/3660/2630 2680/3662/2631 2542/3456/2493
f 2680/3662/2631 2544/3458/2495 2542/3456/2493
f 2599/3661/2550 2600/3663/2551 2680/3662/2631
f 2600/3663/2551 2681/3664/2632 2680/3662/2631
f 2680/3662/2631 2681/3664/2632 2544/3458/2495
f 2681/3664/2632 2546/3460/2497 2544/3458/2495
f 2600/3663/2551 2601/3665/2552 2681/3664/2632
f 2601/3665/2552 2682/3666/2633 2681/3664/2632
f 2681/3664/2632 2682/3666/2633 2546/3460/2497
f 2682/3666/2633 2548/3462/2499 2546/3460/2497
f 2601/3665/2552 2602/3667/2553 2682/3666/2633
f 2602/3667/2553 2683/3668/2634 2682/3666/2633
f 2682/3666/2633 2683/3668/2634 2548/3462/2499
f 2683/3668/2634 2550/3464/2501 2548/3462/2499
f 2602/3667/2553 2603/3669/2554 2683/3668/2634
f 2603/3669/2554 2684/3670/2635 2683/3668/2634
f 2683/3668/2634 2684/3670/2635 2550/3464/2501
f 2684/3670/2635 2552/3466/2503 2550/3464/2501
f 2603/3669/2554 2604/3671/2555 2684/3670/2635
f 2604/3671/2555 2685/3672/2636 2684/3670/2635
f 2684/3670/2635 2685/3672/2636 2552/3466/2503
f 2685/3672/2636 2554/3468/2505 2552/3466/2503
f 2604/3671/2555 2605/3673/2556 2685/3672/2636
f 2605/3673/2556 2686/3674/2637 2685/3672/2636
f 2685/3672/2636 2686/3674/2637 2554/3468/2505
f 2686/3674/2637 2556/3470/2507 2554/3468/2505
f 2605/3673/2556 2606/3675/2557 2686/3674/2637
f 2606/3675/2557 2687/3676/2638 2686/3674/2637
f 2686/3674/2637 2687/3676/2638 2556/3470/2507
f 2687/3676/2638 2558/3472/2509 2556/3470/2507
f 2606/3675/2557 2607/3677/2558 2687/3676/2638
f 2607/3677/2558 2688/3678/2639 2687/3676/2638
f 2687/3676/2638 2688/3678/2639 2558/3472/2509
f 2688/3678/2639 2560/3474/2511 2558/3472/2509
f 2607/3677/2558 2608/3679/2559 2688/3678/2639
f 2608/3679/2559 2689/3680/2640 2688/3678/2639
f 2688/3678/2639 2689/3680/2640 2560/3474/2511
f 2689/3680/2640 2562/3476/2513 2560/3474/2511
f 2608/3679/2559 2609/3681/2560 2689/3680/2640
f 2609/3681/2560 2690/3682/2641 2689/3680/2640
f 2689/3680/2640 2690/3682/2641 2562/3476/2513
f 2690/3682/2641 2564/3478/2515 2562/3476/2513
f 2609/3681/2560 2610/3683/2561 2690/3682/2641
f 2610/3683/2561 2691/3684/2642 2690/3682/2641
f 2690/3682/2641 2691/3684/2642 2564/3478/2515
f 2691/3684/2642 2566/3480/2517 2564/3478/2515
f 2610/3683/2561 2611/3685/2562 2691/3684/2642
f 2611/3685/2562 2692/3686/2643 2691/3684/2642
f 2691/3684/2642 2692/3686/2643 2566/3480/2517
f 2692/3686/2643 2568/3482/2519 2566/3480/2517
f 2611/3685/2562 2612/3687/2563 2692/3686/2643
f 2612/3687/2563 2693/3688/2644 2692/3686/2643
f 2692/3686/2643 2693/3688/2644 2568/3482/2519
f 2693/3688/2644 2570/3484/2521 2568/3482/2519
f 2612/3687/2563 2613/3689/2564 2693/3688/2644
f 2613/3689/2564 2694/3690/2645 2693/3688/2644
f 2693/3688/2644 2694/3690/2645 2570/3484/2521
f 2694/3690/2645 2572/3486/2523 2570/3484/2521
f 2613/3689/2564 2614/3654/2565 2694/3690/2645
f 2614/3654/2565 2676/3652/2627 2694/3690/2645
f 2694/3690/2645 2676/3652/2627 2572/3486/2523
f 2676/3652/2627 2574/3488/2525 2572/3486/2523
f 2336/3691/2646 2415/3327/2366 2338/3692/2647
f 2415/3327/2366 2416/3328/2367 2338/3692/2647
f 2340/3693/2648 2417/3329/2368 2336/3691/2646
f 2417/3329/2368 2415/3327/2366 2336/3691/2646
f 2342/3694/2649 2418/3330/2369 2340/3693/2648
f 2418/3330/2369 2417/3329/2368 2340/3693/2648
f 2344/3695/2650 2419/3331/2370 2342/3694/2649
f 2419/3331/2370 2418/3330/2369 2342/3694/2649
f 2346/3696/2651 2420/3332/2371 2344/3695/2650
f 2420/3332/2371 2419/3331/2370 2344/3695/2650
f 2348/3697/2652 2421/3333/2372 2346/3696/2651
f 2421/3333/2372 2420/3332/2371 2346/3696/2651
f 2350/3698/2653 2422/3334/2373 2348/3697/2652
f 2422/3334/2373 2421/3333/2372 2348/3697/2652
f 2352/3699/2654 2423/3335/2374 2350/3698/2653
f 2423/3335/2374 2422/3334/2373 2350/3698/2653
f 2354/3700/2655 2424/3336/2375 2352/3699/2654
f 2424/3336/2375 2423/3335/2374 2352/3699/2654
f 2356/3701/2656 2425/3337/2376 2354/3700/2655
f 2425/3337/2376 2424/3336/2375 2354/3700/2655
f 2358/3702/2657 2426/3338/2377 2356/3701/2656
f 2426/3338/2377 2425/3337/2376 2356/3701/2656
f 2360/3703/2658 2427/3339/2378 2358/3702/2657
f 2427/3339/2378 2426/3338/2377 2358/3702/2657
f 2362/3704/2659 2428/3340/2379 2360/3703/2658
f 2428/3340/2379 2427/3339/2378 2360/3703/2658
f 2364/3705/2660 2429/3341/2380 2362/3704/2659
f 2429/3341/2380 2428/3340/2379 2362/3704/2659
f 2366/3706/2661 2430/3342/2381 2364/3705/2660
f 2430/3342/2381 2429/3341/2380 2364/3705/2660
f 2368/3707/2662 2431/3343/2382 2366/3706/2661
f 2431/3343/2382 2430/3342/2381 2366/3706/2661
f 2370/3708/2663 2432/3344/2383 2368/3707/2662
f 2432/3344/2383 2431/3343/2382 2368/3707/2662
f 2372/3709/2664 2433/3345/2384 2370/3708/2663
f 2433/3345/2384 2432/3344/2383 2370/3708/2663
f 2374/3710/2665 2434/3346/2385 2372/3709/2664
f 2434/3346/2385 2433/3345/2384 2372/3709/2664
f 2338/3692/2647 2416/3328/2367 2374/3710/2665
f 2416/3328/2367 2434/3346/2385 2374/3710/2665
f 2376/3711/2666 2435/3347/2386 2378/3712/2667
f 2435/3347/2386 2436/3348/2387 2378/3712/2667
f 2378/3712/2667 2436/3348/2387 2380/3713/2668
f 2436/3348/2387 2437/3349/2388 2380/3713/2668
f 2380/3713/2668 2437/3349/2388 2382/3714/2669
f 2437/3349/2388 2438/3350/2389 2382/3714/2669
f 2382/3714/2669 2438/3350/2389 2384/3715/2670
f 2438/3350/2389 2439/3351/2390 2384/3715/2670
f 2384/3715/2670 2439/3351/2390 2386/3716/2671
f 2439/3351/2390 2440/3352/2391 2386/3716/2671
f 2386/3716/2671 2440/3352/2391 2388/3717/2672
f 2440/3352/2391 2441/3353/2392 2388/3717/2672
f 2388/3717/2672 2441/3353/2392 2390/3718/2673
f 2441/3353/2392 2442/3354/2393 2390/3718/2673
f 2390/3718/2673 2442/3354/2393 2392/3719/2674
f 2442/3354/2393 2443/3355/2394 2392/3719/2674
f 2392/3719/2674 2443/3355/2394 2394/3720/2675
f 2443/3355/2394 2444/3356/2395 2394/3720/2675
f 2394/3720/2675 2444/3356/2395 2396/3721/2676
f 2444/3356/2395 2445/3357/2396 2396/3721/2676
f 2396/3721/2676 2445/3357/2396 2398/3722/2677
f 2445/3357/2396 2446/3358/2397 2398/3722/2677
f 2398/3722/2677 2446/3358/2397 2400/3723/2678
f 2446/3358/2397 2447/3359/2398 2400/3723/2678
f 2400/3723/2678 2447/3359/2398 2402/3724/2679
f 2447/3359/2398 2448/3360/2399 2402/3724/2679
f 2402/3724/2679 2448/3360/2399 2404/3725/2680
f 2448/3360/2399 2449/3361/2400 2404/3725/2680
f 2404/3725/2680 2449/3361/2400 2406/3726/2681
f 2449/3361/2400 2450/3362/2401 2406/3726/2681
f 2406/3726/2681 2450/3362/2401 2408/3727/2682
f 2450/3362/2401 2451/3363/2402 2408/3727/2682
f 2408/3727/2682 2451/3363/2402 2410/3728/2683
f 2451/3363/2402 2452/3364/2403 2410/3728/2683
f 2410/3728/2683 2452/3364/2403 2412/3729/2684
f 2452/3364/2403 2453/3365/2404 2412/3729/2684
f 2412/3729/2684 2453/3365/2404 2414/3730/2685
f 2453/3365/2404 2454/3366/2405 2414/3730/2685
f 2414/3730/2685 2454/3366/2405 2376/3711/2666
f 2454/3366/2405 2435/3347/2386 2376/3711/2666
s off
