# This file uses centimeters as units for non-parametric coordinates.

mtllib Tayaki OBJ.mtl
g default
v 0.812690 0.881253 0.335509
v 0.795403 0.987785 0.185196
v 0.357928 1.159934 0.250839
v 0.346453 0.966205 0.395531
v 0.346453 0.966205 -0.395531
v 0.357928 1.159934 -0.250839
v 0.795403 0.987785 -0.185196
v 0.812690 0.881253 -0.335509
v 1.002591 0.997001 0.198412
v 1.028576 0.885725 0.360452
v 1.028576 0.885725 -0.360452
v 1.002591 0.997001 -0.198412
v 1.418933 1.158071 0.316601
v 1.562014 0.942948 0.316085
v 1.562014 0.942948 -0.316085
v 1.418933 1.158071 -0.316601
v 1.000496 1.015391 0.000000
v 0.785457 1.013636 0.000000
v 1.431525 1.192513 0.000000
v -0.550515 1.202745 0.286504
v -0.477218 0.981881 0.429647
v -0.477218 0.981881 -0.429647
v -0.550515 1.202745 -0.286504
v -1.038407 1.046245 0.281469
v -0.951779 0.862715 0.413783
v -0.951779 0.862715 -0.413783
v -1.038407 1.046245 -0.281469
v -1.430841 0.777843 0.237399
v -1.299647 0.673359 0.404032
v -1.299647 0.673359 -0.404032
v -1.430841 0.777843 -0.237399
v 0.354616 1.208115 0.000000
v -0.541090 1.274241 0.000000
v -1.055772 1.093810 0.000000
v -1.444510 0.789103 0.000000
v -1.697868 0.375981 0.000000
v -1.685627 0.375877 0.253445
v -1.685627 0.375877 -0.253445
v -1.788909 -0.179241 0.000000
v -1.724676 -0.184915 0.333052
v -1.724676 -0.184915 -0.333052
v -1.482403 0.338538 0.423004
v -1.482403 0.338538 -0.423004
v -1.459356 -0.139757 0.441023
v -1.459356 -0.139757 -0.441023
v -1.424665 -0.560548 0.229700
v -1.315957 -0.517084 0.389405
v -1.315957 -0.517084 -0.389405
v -1.424665 -0.560548 -0.229700
v -1.445864 -0.575751 0.000000
v -1.367632 -0.764412 0.282109
v -1.244519 -0.662829 0.403302
v -1.244519 -0.662829 -0.403302
v -1.367632 -0.764412 -0.282109
v -1.412471 -0.784837 0.000000
v -1.014669 -1.097452 0.000000
v -0.992513 -1.070338 0.271378
v -0.992513 -1.070338 -0.271378
v -0.913935 -0.875096 0.411829
v -0.913935 -0.875096 -0.411829
v -0.482837 -1.281855 0.000000
v -0.469646 -1.215802 0.285686
v -0.469646 -1.215802 -0.285686
v -0.435209 -0.986291 0.418742
v -0.435209 -0.986291 -0.418742
v 0.377080 -1.151323 0.251744
v 0.360566 -0.954632 0.397848
v 0.360566 -0.954632 -0.397848
v 0.377080 -1.151323 -0.251744
v 0.374115 -1.201594 0.000000
v 0.799159 -0.987173 0.189384
v 0.821510 -0.873867 0.342671
v 0.821510 -0.873867 -0.342671
v 0.799159 -0.987173 -0.189384
v 1.040162 -0.885990 0.366618
v 1.004040 -0.998321 0.202401
v 1.004040 -0.998321 -0.202401
v 1.040162 -0.885990 -0.366618
v 1.439396 -1.163215 0.292591
v 1.572003 -0.972673 0.279296
v 1.572003 -0.972673 -0.279296
v 1.439396 -1.163215 -0.292591
v 0.787736 -1.013343 0.000000
v 0.991511 -1.012615 0.000000
v 1.457648 -1.183730 0.000000
v 1.619826 0.960805 0.000000
v 1.607817 -0.988202 0.000000
v -1.196428 0.591226 0.435310
v -0.888758 0.679797 0.477294
v -0.888758 0.679797 -0.477294
v -1.196428 0.591226 -0.435310
v -1.246979 0.298358 0.471432
v -1.246979 0.298358 -0.471432
v -1.235458 -0.113817 0.479276
v -1.235458 -0.113817 -0.479276
v -1.172505 -0.473937 0.455450
v -1.172505 -0.473937 -0.455450
v -1.148722 -0.589108 0.441435
v -1.148722 -0.589108 -0.441435
v -0.853484 -0.683782 0.476649
v -0.853484 -0.683782 -0.476649
v -0.404233 -0.755336 0.498740
v -0.404233 -0.755336 -0.498740
v 0.355576 -0.734909 0.453884
v 0.355576 -0.734909 -0.453884
v 0.347442 0.754178 0.460837
v -0.435102 0.756347 0.492925
v 0.347442 0.754178 -0.460837
v -0.435102 0.756347 -0.492925
v 0.837870 0.716053 0.419628
v 0.837870 0.716053 -0.419628
v 1.082228 0.726912 0.439022
v 1.082228 0.726912 -0.439022
v 1.631937 0.758911 0.293400
v 1.631937 0.758911 -0.293400
v 1.629941 -0.745199 0.304131
v 1.088674 -0.703197 0.446864
v 1.088674 -0.703197 -0.446864
v 1.629941 -0.745199 -0.304131
v 0.845827 -0.695388 0.427441
v 0.845827 -0.695388 -0.427441
v -0.814975 -0.102314 0.543003
v -0.831602 0.298503 0.524446
v -0.831602 0.298503 -0.524446
v -0.814975 -0.102314 -0.543003
v -0.823088 -0.494570 0.512591
v -0.823088 -0.494570 -0.512591
v -0.380318 0.320779 0.558435
v -0.380318 0.320779 -0.558435
v -0.364066 -0.103713 0.578341
v -0.364066 -0.103713 -0.578341
v -0.380148 -0.530775 0.527743
v -0.380148 -0.530775 -0.527743
v 0.367313 0.332570 0.540059
v 0.367313 0.332570 -0.540059
v 0.375712 -0.093882 0.560748
v 0.375712 -0.093882 -0.560748
v 0.362991 -0.521176 0.504857
v 0.362991 -0.521176 -0.504857
v 0.885695 0.334675 0.518136
v 0.885695 0.334675 -0.518136
v 0.897797 -0.082203 0.540250
v 0.897797 -0.082203 -0.540250
v 0.869894 -0.498524 0.485165
v 0.869894 -0.498524 -0.485165
v 1.158966 0.344902 0.516163
v 1.158966 0.344902 -0.516163
v 1.172413 -0.074824 0.535290
v 1.172413 -0.074824 -0.535290
v 1.130424 -0.497263 0.495204
v 1.130424 -0.497263 -0.495204
v 1.709633 0.349799 0.296888
v 1.709633 0.349799 -0.296888
v 1.725489 -0.043473 0.306478
v 1.725489 -0.043473 -0.306478
v 1.678923 -0.503334 0.308224
v 1.678923 -0.503334 -0.308224
v 1.696578 0.753634 0.000000
v 1.779522 0.339965 0.000000
v 1.794362 -0.056402 0.000000
v 1.753463 -0.520075 0.000000
v 1.694319 -0.761249 0.000000
v 1.184464 1.087607 0.252986
v 1.248240 0.921865 0.421781
v 1.342815 0.749224 0.462126
v 1.451012 0.354180 0.487582
v 1.479093 -0.064039 0.493304
v 1.405135 -0.494460 0.483146
v 1.354729 -0.724488 0.465572
v 1.270489 -0.940908 0.421819
v 1.201140 -1.099468 0.254666
v 1.171728 -1.106335 0.000000
v 1.201140 -1.099468 -0.254666
v 1.270489 -0.940908 -0.421819
v 1.354729 -0.724488 -0.465572
v 1.405135 -0.494460 -0.483146
v 1.479093 -0.064039 -0.493304
v 1.451012 0.354180 -0.487582
v 1.342815 0.749224 -0.462126
v 1.248240 0.921865 -0.421781
v 1.184464 1.087607 -0.252986
v 1.189264 1.116853 0.000000
v 0.071872 1.216204 0.280107
v 0.077579 0.996703 0.417929
v 0.087605 0.768020 0.471382
v 0.112469 0.332245 0.547308
v 0.122981 -0.099872 0.568203
v 0.111686 -0.534968 0.529411
v 0.101192 -0.757161 0.478178
v 0.097138 -0.987193 0.419701
v 0.100061 -1.210840 0.279472
v 0.104448 -1.272701 0.000000
v 0.100061 -1.210840 -0.279472
v 0.097138 -0.987193 -0.419701
v 0.101192 -0.757161 -0.478178
v 0.111686 -0.534968 -0.529411
v 0.122981 -0.099872 -0.568203
v 0.112469 0.332245 -0.547308
v 0.087605 0.768020 -0.471382
v 0.077579 0.996703 -0.417929
v 0.071872 1.216204 -0.280107
v 0.074369 1.279022 0.000000
v 0.595421 1.065886 0.207891
v 0.590404 0.919004 0.363121
v 0.595742 0.731617 0.434529
v 0.622994 0.331622 0.523474
v 0.632029 -0.087883 0.545046
v 0.614951 -0.507193 0.491091
v 0.603503 -0.712488 0.439701
v 0.600088 -0.909540 0.367562
v 0.601960 -1.063237 0.210309
v 0.592327 -1.104388 0.000000
v 0.601960 -1.063237 -0.210309
v 0.600088 -0.909540 -0.367562
v 0.603503 -0.712488 -0.439701
v 0.614951 -0.507193 -0.491091
v 0.632029 -0.087883 -0.545046
v 0.622994 0.331622 -0.523474
v 0.595742 0.731617 -0.434529
v 0.590404 0.919004 -0.363121
v 0.595421 1.065886 -0.207891
v 0.591313 1.104439 0.000000
v -0.788189 1.144364 0.286067
v -0.729966 0.936785 0.423138
v -0.670617 0.725253 0.489607
v -0.611812 0.311006 0.551282
v -0.593408 -0.102605 0.553388
v -0.609144 -0.515390 0.519718
v -0.638417 -0.723743 0.479477
v -0.687343 -0.940975 0.420614
v -0.747547 -1.151061 0.285624
v -0.778733 -1.201766 0.000000
v -0.747547 -1.151061 -0.285624
v -0.687343 -0.940975 -0.420614
v -0.638417 -0.723743 -0.479477
v -0.609144 -0.515390 -0.519718
v -0.593408 -0.102605 -0.553388
v -0.611812 0.311006 -0.551282
v -0.670617 0.725253 -0.489607
v -0.729966 0.936785 -0.423138
v -0.788189 1.144364 -0.286067
v -0.815793 1.202389 0.000000
v -1.252207 0.927835 0.257309
v -1.149675 0.782095 0.409325
v -1.071527 0.629719 0.452780
v -1.041853 0.291383 0.504200
v -1.025699 -0.104269 0.512048
v -1.010928 -0.475484 0.488683
v -1.029824 -0.632384 0.459109
v -1.100704 -0.777480 0.409362
v -1.220608 -0.941479 0.279738
v -1.229219 -0.976816 0.000000
v -1.220608 -0.941479 -0.279738
v -1.100704 -0.777480 -0.409362
v -1.029824 -0.632384 -0.459109
v -1.010928 -0.475484 -0.488683
v -1.025699 -0.104269 -0.512048
v -1.041853 0.291383 -0.504200
v -1.071527 0.629719 -0.452780
v -1.149675 0.782095 -0.409325
v -1.252207 0.927835 -0.257309
v -1.268079 0.952712 0.000000
v -1.772599 0.117422 0.000000
v -1.727522 0.154135 0.329451
v -1.479473 0.109796 0.439595
v -1.251051 0.097640 0.477363
v -1.035811 0.096302 0.509132
v -0.821551 0.099467 0.542235
v -0.600477 0.103837 0.558640
v -0.367689 0.109850 0.577904
v 0.121970 0.117739 0.579242
v 0.374205 0.119984 0.559843
v 0.631175 0.122861 0.543638
v 0.897065 0.127741 0.538716
v 1.174416 0.131304 0.530060
v 1.463869 0.136213 0.492264
v 1.724906 0.145880 0.300184
v 1.792372 0.140999 0.000000
v 1.724906 0.145880 -0.300184
v 1.463869 0.136213 -0.492264
v 1.174416 0.131304 -0.530060
v 0.897065 0.127741 -0.538716
v 0.631175 0.122861 -0.543638
v 0.374205 0.119984 -0.559843
v 0.121970 0.117739 -0.579242
v -0.367689 0.109850 -0.577904
v -0.600477 0.103837 -0.558640
v -0.821551 0.099467 -0.542235
v -1.035811 0.096302 -0.509132
v -1.251051 0.097640 -0.477363
v -1.479473 0.109796 -0.439595
v -1.727522 0.154135 -0.329451
v -1.589969 0.598969 0.000000
v -1.572256 0.598511 0.242192
v -1.395932 0.523988 0.415513
v -1.224866 0.472366 0.458504
v -1.047495 0.472343 0.483054
v -0.851521 0.490739 0.505402
v -0.634984 0.516864 0.529010
v -0.400717 0.535721 0.528249
v 0.102199 0.548583 0.519180
v 0.356719 0.543479 0.505898
v 0.609850 0.534691 0.485083
v 0.865255 0.532768 0.476367
v 1.130024 0.544271 0.485720
v 1.419641 0.575188 0.469353
v 1.677705 0.554124 0.293182
v 1.748709 0.544210 0.000000
v 1.677705 0.554124 -0.293182
v 1.419641 0.575188 -0.469353
v 1.130024 0.544271 -0.485720
v 0.865255 0.532768 -0.476367
v 0.609850 0.534691 -0.485083
v 0.356719 0.543479 -0.505898
v 0.102199 0.548583 -0.519180
v -0.400717 0.535721 -0.528249
v -0.634984 0.516864 -0.529010
v -0.851521 0.490739 -0.505402
v -1.047495 0.472343 -0.483054
v -1.224866 0.472366 -0.458504
v -1.395932 0.523988 -0.415513
v -1.572256 0.598511 -0.242192
v -1.387539 -0.351117 0.415777
v -1.538249 -0.420130 0.236020
v -1.577638 -0.412389 0.000000
v -1.538249 -0.420130 -0.236020
v -1.387539 -0.351117 -0.415777
v -1.204172 -0.309891 -0.472503
v -1.014380 -0.297574 -0.506346
v -0.813045 -0.301449 -0.533079
v -0.595910 -0.308621 -0.542180
v -0.366554 -0.318017 -0.559809
v 0.120196 -0.316483 -0.561335
v 0.370068 -0.306809 -0.530289
v 0.626227 -0.299013 -0.527930
v 0.888394 -0.292131 -0.524318
v 1.161071 -0.288124 -0.511521
v 1.452600 -0.282717 -0.492599
v 1.711398 -0.275503 -0.307555
v 1.784657 -0.283525 0.000000
v 1.711398 -0.275503 0.307555
v 1.452600 -0.282717 0.492599
v 1.161071 -0.288124 0.511521
v 0.888394 -0.292131 0.524318
v 0.626227 -0.299013 0.527930
v 0.370068 -0.306809 0.530289
v 0.120196 -0.316483 0.561335
v -0.366554 -0.318017 0.559809
v -0.595910 -0.308621 0.542180
v -0.813045 -0.301449 0.533079
v -1.014380 -0.297574 0.506346
v -1.204172 -0.309891 0.472503
v -0.185674 -1.230849 0.284686
v -0.191438 -0.995880 0.423438
v -0.159696 -0.761602 0.486014
v -0.139009 -0.539894 0.539027
v -0.128759 -0.318534 0.561443
v -0.123319 -0.101878 0.571981
v -0.127998 0.113161 0.571283
v -0.136367 0.330196 0.566658
v -0.152851 0.548810 0.538036
v -0.174669 0.774481 0.496265
v -0.200897 1.011007 0.423114
v -0.225253 1.230999 0.284971
v -0.230981 1.304827 0.000000
v -0.225253 1.230999 -0.284971
v -0.200897 1.011007 -0.423114
v -0.174669 0.774481 -0.496265
v -0.152851 0.548810 -0.538036
v -0.136367 0.330196 -0.566658
v -0.127998 0.113161 -0.571283
v -0.123319 -0.101878 -0.571981
v -0.128759 -0.318534 -0.561443
v -0.139009 -0.539894 -0.539027
v -0.159696 -0.761602 -0.486014
v -0.191438 -0.995880 -0.423438
v -0.185674 -1.230849 -0.284686
v -0.187324 -1.304716 0.000000
vt 0.773692 0.900473
vt 0.772518 0.933695
vt 0.735170 0.938989
vt 0.735025 0.902435
vt 0.456799 0.095470
vt 0.418343 0.096052
vt 0.416084 0.059810
vt 0.453450 0.062618
vt 0.810012 0.896215
vt 0.808576 0.931430
vt 0.489339 0.062506
vt 0.493080 0.097318
vt 0.900685 0.891978
vt 0.876510 0.919356
vt 0.842288 0.929128
vt 0.846598 0.889615
vt 0.557469 0.070023
vt 0.583237 0.095578
vt 0.529780 0.101467
vt 0.522905 0.062582
vt 0.811546 0.964654
vt 0.453806 0.030873
vt 0.851240 0.967957
vt 0.901335 0.961089
vt 0.692869 0.904190
vt 0.691461 0.944094
vt 0.642534 0.945779
vt 0.647733 0.903932
vt 0.372428 0.057606
vt 0.376443 0.097064
vt 0.331722 0.100267
vt 0.323823 0.059131
vt 0.557250 0.894107
vt 0.539355 0.935098
vt 0.501003 0.921862
vt 0.516877 0.883675
vt 0.222257 0.076455
vt 0.242681 0.115912
vt 0.203346 0.128885
vt 0.185111 0.092076
vt 0.481885 0.869174
vt 0.461029 0.902568
vt 0.426107 0.881612
vt 0.451356 0.853407
vt 0.146753 0.113805
vt 0.169611 0.145539
vt 0.140382 0.163155
vt 0.113509 0.136851
vt 0.739409 0.974247
vt 0.642675 0.993201
vt 0.694657 0.985386
vt 0.529798 0.982262
vt 0.479172 0.965608
vt 0.397396 0.912154
vt 0.435753 0.941646
vt 0.397135 0.855661
vt 0.365998 0.878471
vt 0.031712 0.183619
vt 0.376681 0.823944
vt 0.086489 0.164458
vt 0.068287 0.197223
vt 0.361571 0.786015
vt 0.323039 0.795866
vt 0.008539 0.280321
vt 0.365812 0.749275
vt 0.055786 0.235795
vt 0.062385 0.271926
vt 0.415914 0.809479
vt 0.428893 0.834311
vt 0.119363 0.183544
vt 0.108121 0.208999
vt 0.408554 0.743276
vt 0.404708 0.779436
vt 0.098973 0.239501
vt 0.105143 0.275085
vt 0.431347 0.641284
vt 0.421110 0.668457
vt 0.383457 0.650519
vt 0.400398 0.625321
vt 0.086305 0.368641
vt 0.122459 0.348412
vt 0.134372 0.374673
vt 0.104733 0.392507
vt 0.051152 0.384974
vt 0.367992 0.603725
vt 0.424095 0.598482
vt 0.446419 0.620295
vt 0.150674 0.394492
vt 0.129962 0.417562
vt 0.095485 0.448450
vt 0.449160 0.571992
vt 0.133545 0.480348
vt 0.463324 0.512240
vt 0.484879 0.549910
vt 0.156522 0.442185
vt 0.193355 0.461748
vt 0.500943 0.587635
vt 0.470822 0.603173
vt 0.206835 0.423315
vt 0.175973 0.409874
vt 0.525175 0.537656
vt 0.219307 0.516096
vt 0.561868 0.480387
vt 0.570818 0.527418
vt 0.234089 0.471275
vt 0.279993 0.478457
vt 0.537467 0.577593
vt 0.578170 0.570339
vt 0.243688 0.430894
vt 0.284502 0.435437
vt 0.664820 0.570741
vt 0.664453 0.527753
vt 0.711164 0.533807
vt 0.708510 0.574360
vt 0.372780 0.472038
vt 0.370362 0.429402
vt 0.413432 0.422972
vt 0.418686 0.463000
vt 0.669012 0.480520
vt 0.717764 0.492595
vt 0.749151 0.579318
vt 0.751608 0.541707
vt 0.787418 0.549767
vt 0.786865 0.584250
vt 0.493232 0.442219
vt 0.458261 0.452538
vt 0.453393 0.415413
vt 0.490454 0.408070
vt 0.822500 0.554413
vt 0.822983 0.590088
vt 0.525874 0.399934
vt 0.527701 0.435332
vt 0.860987 0.596341
vt 0.858414 0.558267
vt 0.892947 0.568604
vt 0.914941 0.593248
vt 0.596607 0.416697
vt 0.563047 0.429180
vt 0.563138 0.391269
vt 0.616815 0.390841
vt 0.792085 0.517363
vt 0.533152 0.468639
vt 0.466528 0.487428
vt 0.569707 0.467341
vt 0.918814 0.532142
vt 0.941777 0.920043
vt 0.653129 0.412602
vt 0.466933 0.829600
vt 0.495950 0.839353
vt 0.157377 0.185732
vt 0.185502 0.174175
vt 0.447165 0.822256
vt 0.444704 0.802680
vt 0.138263 0.194299
vt 0.137102 0.213860
vt 0.444731 0.742517
vt 0.443473 0.774748
vt 0.141052 0.273479
vt 0.137704 0.241620
vt 0.452575 0.677077
vt 0.457594 0.651073
vt 0.153087 0.337820
vt 0.159752 0.363264
vt 0.462062 0.633147
vt 0.165345 0.380738
vt 0.511115 0.619938
vt 0.482130 0.627266
vt 0.214823 0.390638
vt 0.185618 0.385261
vt 0.583821 0.609942
vt 0.545843 0.613937
vt 0.287536 0.395817
vt 0.249634 0.394327
vt 0.707738 0.612287
vt 0.665881 0.609614
vt 0.410211 0.385426
vt 0.368896 0.390801
vt 0.653132 0.865799
vt 0.696011 0.867362
vt 0.339573 0.137709
vt 0.381972 0.133361
vt 0.530518 0.849036
vt 0.568101 0.856855
vt 0.255876 0.152124
vt 0.219134 0.162324
vt 0.737402 0.867856
vt 0.777299 0.867009
vt 0.422968 0.130170
vt 0.462571 0.128405
vt 0.817147 0.864476
vt 0.502237 0.128312
vt 0.860164 0.861445
vt 0.915515 0.866420
vt 0.599617 0.119947
vt 0.545078 0.128503
vt 0.869964 0.631150
vt 0.922388 0.627814
vt 0.569785 0.356178
vt 0.621962 0.356088
vt 0.787582 0.619958
vt 0.826543 0.625541
vt 0.488854 0.372626
vt 0.527110 0.364557
vt 0.748356 0.615636
vt 0.450254 0.379462
vt 0.476567 0.775292
vt 0.479143 0.743935
vt 0.513690 0.746188
vt 0.510169 0.778292
vt 0.209168 0.265347
vt 0.175070 0.269832
vt 0.170473 0.238924
vt 0.203586 0.233760
vt 0.516939 0.681800
vt 0.483977 0.680847
vt 0.484860 0.652508
vt 0.515816 0.650747
vt 0.217482 0.359798
vt 0.186684 0.360067
vt 0.183967 0.332039
vt 0.216577 0.328949
vt 0.473319 0.804362
vt 0.504699 0.809166
vt 0.196148 0.203520
vt 0.165356 0.210327
vt 0.539370 0.815357
vt 0.576797 0.821040
vt 0.266840 0.187052
vt 0.230112 0.195125
vt 0.545515 0.782173
vt 0.549160 0.748705
vt 0.586571 0.751545
vt 0.582576 0.785948
vt 0.281070 0.255291
vt 0.244165 0.260542
vt 0.238370 0.227612
vt 0.274863 0.221455
vt 0.589141 0.681741
vt 0.552076 0.681904
vt 0.550439 0.648271
vt 0.587511 0.646696
vt 0.288808 0.359149
vt 0.251960 0.359999
vt 0.251396 0.326559
vt 0.288144 0.324309
vt 0.658129 0.828921
vt 0.699523 0.831232
vt 0.387818 0.168942
vt 0.346938 0.173932
vt 0.702774 0.795151
vt 0.661834 0.792735
vt 0.665035 0.756622
vt 0.705269 0.758959
vt 0.398228 0.240201
vt 0.358483 0.245141
vt 0.352972 0.209555
vt 0.393396 0.204492
vt 0.707647 0.686116
vt 0.667375 0.684039
vt 0.667028 0.647310
vt 0.707823 0.649439
vt 0.367588 0.353360
vt 0.365550 0.316930
vt 0.405333 0.312249
vt 0.407887 0.348594
vt 0.740672 0.832704
vt 0.781821 0.833221
vt 0.469267 0.161600
vt 0.428511 0.164798
vt 0.785721 0.798466
vt 0.743738 0.797124
vt 0.746142 0.761196
vt 0.788510 0.763278
vt 0.480465 0.230493
vt 0.438602 0.235319
vt 0.433875 0.199865
vt 0.475405 0.195795
vt 0.790025 0.692223
vt 0.748401 0.688846
vt 0.748352 0.652362
vt 0.788982 0.656097
vt 0.447869 0.343057
vt 0.445550 0.306888
vt 0.486590 0.300829
vt 0.487900 0.336709
vt 0.824727 0.832523
vt 0.511845 0.159490
vt 0.829889 0.799433
vt 0.833450 0.764618
vt 0.519126 0.191954
vt 0.524926 0.226234
vt 0.833865 0.696132
vt 0.830699 0.661412
vt 0.529791 0.294100
vt 0.528905 0.328726
vt 0.872746 0.834605
vt 0.925000 0.835088
vt 0.611075 0.150393
vt 0.559310 0.154287
vt 0.931360 0.802705
vt 0.878208 0.800296
vt 0.881483 0.766240
vt 0.934907 0.769985
vt 0.625148 0.214303
vt 0.572435 0.221494
vt 0.566967 0.187944
vt 0.619499 0.182089
vt 0.934352 0.702027
vt 0.881749 0.700422
vt 0.875834 0.667047
vt 0.929796 0.665589
vt 0.573278 0.320207
vt 0.576977 0.286733
vt 0.629013 0.281727
vt 0.626859 0.318153
vt 0.960952 0.882760
vt 0.658316 0.137334
vt 0.675076 0.207994
vt 0.981115 0.808533
vt 0.981025 0.654441
vt 0.986242 0.697020
vt 0.970033 0.610585
vt 0.601771 0.902614
vt 0.593025 0.944576
vt 0.610083 0.862768
vt 0.616719 0.825647
vt 0.625022 0.754025
vt 0.621737 0.789695
vt 0.626507 0.646177
vt 0.627421 0.682740
vt 0.623389 0.608860
vt 0.617750 0.569230
vt 0.617477 0.524643
vt 0.615815 0.476452
vt 0.326420 0.478175
vt 0.323805 0.433962
vt 0.326827 0.394314
vt 0.327495 0.357124
vt 0.326020 0.320828
vt 0.313438 0.215188
vt 0.319046 0.250328
vt 0.297102 0.143524
vt 0.306110 0.179882
vt 0.286252 0.104575
vt 0.274830 0.063558
vt 0.265255 0.017550
vt 0.317727 0.687501
vt 0.368530 0.698247
vt 0.412182 0.703149
vt 0.447886 0.708467
vt 0.481736 0.711717
vt 0.515913 0.713757
vt 0.551566 0.715294
vt 0.588636 0.716773
vt 0.627216 0.718539
vt 0.666644 0.720223
vt 0.706969 0.722661
vt 0.747715 0.725165
vt 0.789943 0.727889
vt 0.834053 0.731140
vt 0.884811 0.734818
vt 0.935595 0.739450
vt 0.987355 0.737708
vt 0.627816 0.244538
vt 0.577778 0.252432
vt 0.527703 0.259382
vt 0.484191 0.265478
vt 0.442509 0.270931
vt 0.402286 0.276067
vt 0.362491 0.281113
vt 0.323464 0.285364
vt 0.285361 0.289620
vt 0.248720 0.293498
vt 0.213482 0.297344
vt 0.179738 0.301591
vt 0.146397 0.307017
vt 0.111353 0.314614
vt 0.068403 0.322316
vt 0.327886 0.526050
vt 0.380352 0.518562
vt 0.586469 0.991428
vt 0.209690 0.030336
vt 0.680770 0.283333
vt 0.679234 0.242910
vt 0.347069 0.636432
vt 0.074014 0.416018
vt 0.973320 0.845075
vt 0.643579 0.100769
vt 0.340841 0.840032
vt 0.016949 0.228546
vt 0.985477 0.773035
vt 0.668436 0.173068
vt 0.311168 0.744401
vt 0.018747 0.336280
vt 0.083052 0.108457
vt 0.054135 0.143886
vt 0.423575 0.535161
vt 0.174425 0.500482
vt 0.160605 0.050146
vt 0.119140 0.076728
vt 0.507390 0.493599
vt 0.274160 0.525653
vt 0.417964 0.024584
vt 0.372877 0.016467
vt 0.757628 0.506118
vt 0.499952 0.474039
vt 0.320845 0.012120
vt 0.427891 0.503425
vt 0.529213 0.023504
vt 0.490090 0.029380
vt 0.862609 0.519499
vt 0.624598 0.451171
vt 0.950001 0.569014
vt 0.670299 0.370091
vt 0.678358 0.325894
vt 0.622114 0.065057
vt 0.579320 0.027021
vt 0.825797 0.520598
vt 0.387431 0.569718
vt 0.774997 0.965557
vn 0.064325 0.620938 0.781216
vn 0.161745 0.910852 0.379720
vn 0.358906 0.828959 0.428967
vn 0.223042 0.532202 0.816709
vn 0.064325 0.620938 -0.781216
vn 0.223042 0.532202 -0.816709
vn 0.358906 0.828959 -0.428967
vn 0.161745 0.910852 -0.379720
vn -0.215799 0.557398 0.801709
vn -0.278652 0.884830 0.373402
vn -0.278652 0.884830 -0.373402
vn -0.215799 0.557398 -0.801709
vn 0.682373 0.469314 0.560456
vn 0.308495 0.817295 0.486683
vn -0.315674 0.829909 0.460002
vn -0.031949 0.387347 0.921380
vn 0.308495 0.817295 -0.486683
vn 0.682373 0.469314 -0.560456
vn -0.031949 0.387347 -0.921380
vn -0.315674 0.829909 -0.460002
vn -0.276496 0.961015 -0.000000
vn 0.205988 0.978555 -0.000000
vn -0.369226 0.929340 0.000000
vn 0.377977 0.925815 0.000000
vn 0.175929 0.456381 0.872218
vn 0.276152 0.821776 0.498421
vn 0.129439 0.829907 0.542678
vn 0.089807 0.421084 0.902565
vn 0.276152 0.821776 -0.498421
vn 0.175929 0.456381 -0.872218
vn 0.089807 0.421084 -0.902565
vn 0.129439 0.829907 -0.542678
vn -0.058285 0.418034 0.906560
vn -0.134829 0.825257 0.548427
vn -0.264938 0.803166 0.533604
vn -0.132231 0.411195 0.901906
vn -0.134829 0.825257 -0.548427
vn -0.058285 0.418034 -0.906560
vn -0.132231 0.411194 -0.901906
vn -0.264938 0.803166 -0.533604
vn -0.205199 0.409531 0.888920
vn -0.390986 0.772426 0.500487
vn -0.533589 0.727456 0.431383
vn -0.306268 0.418887 0.854830
vn -0.390986 0.772426 -0.500487
vn -0.205199 0.409531 -0.888919
vn -0.306268 0.418887 -0.854830
vn -0.533588 0.727456 -0.431383
vn 0.398790 0.917042 0.000000
vn 0.144215 0.989546 -0.000000
vn 0.299642 0.954052 0.000000
vn -0.158722 0.987323 0.000000
vn -0.320207 0.947347 0.000000
vn -0.592519 0.805556 0.000000
vn -0.454393 0.890801 0.000000
vn -0.672918 0.630360 0.387075
vn -0.729012 0.684501 -0.000000
vn -0.850185 0.526483 0.000000
vn -0.772676 0.488012 0.405976
vn -0.672918 0.630361 -0.387075
vn -0.772676 0.488012 -0.405976
vn -0.848956 0.334147 0.409414
vn -0.940649 0.339381 -0.000000
vn -0.994352 0.106132 -0.000000
vn -0.832127 0.119275 0.541606
vn -0.848956 0.334147 -0.409414
vn -0.832127 0.119275 -0.541606
vn -0.441274 0.297580 0.846595
vn -0.419702 0.402600 0.813489
vn -0.419702 0.402600 -0.813489
vn -0.441274 0.297580 -0.846595
vn -0.326111 0.053950 0.943791
vn -0.414879 0.202524 0.887051
vn -0.414879 0.202524 -0.887051
vn -0.326111 0.053949 -0.943791
vn -0.559967 -0.265052 0.784974
vn -0.399739 -0.346640 0.848557
vn -0.692112 -0.607160 0.390305
vn -0.850820 -0.375868 0.367190
vn -0.692112 -0.607160 -0.390305
vn -0.399739 -0.346640 -0.848557
vn -0.559967 -0.265052 -0.784974
vn -0.850820 -0.375868 -0.367190
vn -0.758052 -0.652194 -0.000000
vn -0.915316 -0.402736 0.000000
vn -0.790707 -0.443049 0.422480
vn -0.487776 -0.260062 0.833332
vn -0.487776 -0.260063 -0.833332
vn -0.790707 -0.443050 -0.422480
vn -0.879067 -0.476698 0.000000
vn -0.550322 -0.701968 0.452091
vn -0.620638 -0.784098 0.000000
vn -0.427704 -0.903919 0.000000
vn -0.367623 -0.791852 0.487671
vn -0.550322 -0.701968 -0.452091
vn -0.367623 -0.791852 -0.487671
vn -0.184618 -0.409495 0.893437
vn -0.274582 -0.384615 0.881292
vn -0.184618 -0.409495 -0.893437
vn -0.274582 -0.384615 -0.881292
vn -0.246316 -0.807397 0.536133
vn -0.301379 -0.953504 0.000000
vn -0.156726 -0.987642 0.000000
vn -0.123772 -0.826701 0.548859
vn -0.246316 -0.807397 -0.536134
vn -0.123772 -0.826701 -0.548860
vn -0.119391 -0.407256 0.905477
vn -0.052851 -0.412914 0.909235
vn -0.119391 -0.407256 -0.905477
vn -0.052852 -0.412914 -0.909235
vn 0.086428 -0.410724 0.907654
vn 0.139819 -0.819293 0.556066
vn 0.279982 -0.814213 0.508594
vn 0.177250 -0.440928 0.879867
vn 0.139819 -0.819293 -0.556066
vn 0.086428 -0.410724 -0.907654
vn 0.177250 -0.440928 -0.879867
vn 0.279982 -0.814213 -0.508594
vn 0.163008 -0.986625 0.000000
vn 0.306769 -0.951784 0.000000
vn 0.205995 -0.515882 0.831524
vn 0.354438 -0.826277 0.437768
vn 0.155582 -0.908727 0.387312
vn 0.048064 -0.598097 0.799981
vn 0.155582 -0.908727 -0.387312
vn 0.354438 -0.826277 -0.437768
vn 0.205995 -0.515882 -0.831524
vn 0.048064 -0.598097 -0.799981
vn -0.288545 -0.878253 0.381332
vn -0.217852 -0.522851 0.824116
vn -0.217852 -0.522851 -0.824116
vn -0.288545 -0.878253 -0.381332
vn 0.034868 -0.399291 0.916161
vn -0.282828 -0.856161 0.432432
vn 0.257563 -0.852303 0.455237
vn 0.712592 -0.448415 0.539571
vn 0.257562 -0.852303 -0.455237
vn -0.282828 -0.856161 -0.432432
vn 0.034868 -0.399291 -0.916161
vn 0.712592 -0.448415 -0.539571
vn 0.208298 -0.978065 -0.000000
vn -0.270116 -0.962828 -0.000000
vn 0.398670 -0.917095 0.000000
vn -0.352252 -0.935905 0.000000
vn 0.317476 -0.948266 -0.000000
vn 0.871321 0.490713 0.000000
vn 0.891396 -0.453224 0.000000
vn -0.156499 0.190377 0.969157
vn -0.129776 0.207132 0.969667
vn -0.156499 0.190377 -0.969157
vn -0.129776 0.207132 -0.969667
vn -0.165767 0.188100 0.968060
vn -0.168501 0.137419 0.976076
vn -0.165767 0.188100 -0.968060
vn -0.168501 0.137419 -0.976076
vn -0.161981 0.018077 0.986628
vn -0.168357 0.069459 0.983276
vn -0.161981 0.018077 -0.986628
vn -0.168357 0.069459 -0.983276
vn -0.207266 -0.121775 0.970676
vn -0.251233 -0.158232 0.954906
vn -0.207266 -0.121775 -0.970676
vn -0.251233 -0.158232 -0.954906
vn -0.251973 -0.170381 0.952617
vn -0.251973 -0.170381 -0.952617
vn -0.103728 -0.223711 0.969120
vn -0.170768 -0.208299 0.963042
vn -0.103728 -0.223711 -0.969120
vn -0.170768 -0.208299 -0.963042
vn -0.035922 -0.231867 0.972084
vn -0.073616 -0.224579 0.971671
vn -0.035922 -0.231867 -0.972084
vn -0.073616 -0.224579 -0.971671
vn 0.106040 -0.251587 0.962008
vn 0.069929 -0.241094 0.967979
vn 0.106040 -0.251587 -0.962008
vn 0.069929 -0.241094 -0.967979
vn 0.071661 0.237576 0.968722
vn 0.097929 0.257506 0.961302
vn 0.071661 0.237576 -0.968722
vn 0.097929 0.257506 -0.961302
vn -0.075660 0.220357 0.972480
vn -0.034053 0.226162 0.973494
vn -0.034053 0.226162 -0.973494
vn -0.075660 0.220357 -0.972481
vn 0.112977 0.307664 0.944764
vn 0.003921 0.340385 0.940278
vn 0.112977 0.307664 -0.944764
vn 0.003921 0.340385 -0.940278
vn -0.099450 0.260810 0.960254
vn -0.099450 0.260810 -0.960254
vn 0.225811 0.204514 0.952462
vn 0.788014 0.269657 0.553461
vn 0.788014 0.269657 -0.553461
vn 0.225811 0.204514 -0.952462
vn 0.252544 -0.209422 0.944650
vn 0.767531 -0.251474 0.589625
vn 0.252544 -0.209422 -0.944650
vn 0.767531 -0.251474 -0.589625
vn -0.001344 -0.321931 0.946762
vn -0.091242 -0.246279 0.964895
vn -0.001344 -0.321931 -0.946762
vn -0.091242 -0.246279 -0.964895
vn 0.091104 -0.295000 0.951144
vn 0.091104 -0.295000 -0.951144
vn -0.133165 0.066647 0.988851
vn -0.144112 0.020522 0.989349
vn -0.108075 0.024320 0.993845
vn -0.114519 0.073288 0.990714
vn -0.108075 0.024320 -0.993845
vn -0.144112 0.020522 -0.989349
vn -0.133164 0.066647 -0.988851
vn -0.114519 0.073288 -0.990714
vn -0.086868 -0.074162 0.993456
vn -0.152666 -0.073602 0.985533
vn -0.158745 -0.130874 0.978607
vn -0.085582 -0.137654 0.986776
vn -0.085582 -0.137654 -0.986776
vn -0.158745 -0.130874 -0.978607
vn -0.152666 -0.073602 -0.985533
vn -0.086868 -0.074162 -0.993456
vn -0.137015 0.124176 0.982755
vn -0.119188 0.118543 0.985770
vn -0.119188 0.118543 -0.985770
vn -0.137015 0.124176 -0.982755
vn -0.064402 0.133470 0.988958
vn -0.030981 0.147360 0.988598
vn -0.030981 0.147360 -0.988598
vn -0.064402 0.133470 -0.988958
vn -0.072563 0.082979 0.993906
vn -0.078148 0.022515 0.996687
vn -0.031293 0.026718 0.999153
vn -0.031949 0.093026 0.995151
vn -0.031293 0.026718 -0.999153
vn -0.078149 0.022515 -0.996687
vn -0.072563 0.082979 -0.993906
vn -0.031949 0.093026 -0.995151
vn -0.042398 -0.096540 0.994426
vn -0.062451 -0.088039 0.994157
vn -0.058137 -0.139828 0.988468
vn -0.040195 -0.145654 0.988519
vn -0.040195 -0.145654 -0.988519
vn -0.058137 -0.139828 -0.988468
vn -0.062451 -0.088039 -0.994157
vn -0.042398 -0.096540 -0.994426
vn 0.063801 0.175180 0.982467
vn 0.068432 0.192109 0.978985
vn 0.068432 0.192109 -0.978985
vn 0.063801 0.175180 -0.982467
vn 0.057933 0.135486 0.989084
vn 0.047078 0.121938 0.991421
vn 0.030077 0.040553 0.998725
vn 0.057647 0.050258 0.997071
vn 0.057647 0.050258 -0.997071
vn 0.030077 0.040553 -0.998725
vn 0.047078 0.121938 -0.991421
vn 0.057933 0.135486 -0.989084
vn 0.067287 -0.120609 0.990417
vn 0.056624 -0.097150 0.993658
vn 0.070694 -0.181774 0.980796
vn 0.084791 -0.188782 0.978352
vn 0.070694 -0.181773 -0.980796
vn 0.056624 -0.097150 -0.993658
vn 0.067287 -0.120609 -0.990417
vn 0.084791 -0.188782 -0.978352
vn 0.065726 0.220094 0.973262
vn -0.002741 0.225479 0.974244
vn -0.002741 0.225479 -0.974244
vn 0.065726 0.220094 -0.973262
vn 0.009690 0.137077 0.990513
vn 0.045441 0.141868 0.988842
vn 0.039876 0.051735 0.997864
vn 0.019403 0.051074 0.998506
vn 0.019403 0.051074 -0.998506
vn 0.039876 0.051735 -0.997864
vn 0.045441 0.141868 -0.988842
vn 0.009690 0.137077 -0.990513
vn 0.020235 -0.120575 0.992498
vn 0.029222 -0.130563 0.991009
vn 0.045242 -0.207787 0.977127
vn 0.002862 -0.205508 0.978651
vn 0.045242 -0.207787 -0.977127
vn 0.029222 -0.130563 -0.991009
vn 0.020235 -0.120575 -0.992498
vn 0.002862 -0.205508 -0.978651
vn -0.005735 0.168941 0.985610
vn -0.005735 0.168941 -0.985610
vn 0.047921 0.106029 0.993208
vn 0.074565 0.041883 0.996336
vn 0.047921 0.106029 -0.993208
vn 0.074565 0.041883 -0.996336
vn 0.052189 -0.088810 0.994680
vn -0.002171 -0.144976 0.989433
vn 0.052189 -0.088810 -0.994680
vn -0.002171 -0.144976 -0.989433
vn 0.339713 0.153258 0.927959
vn 0.811713 0.182642 0.554765
vn 0.811713 0.182642 -0.554765
vn 0.339713 0.153258 -0.927959
vn 0.822599 0.106297 0.558598
vn 0.364881 0.092481 0.926450
vn 0.374044 0.042533 0.926435
vn 0.833219 0.046855 0.550954
vn 0.833219 0.046855 -0.550954
vn 0.374044 0.042533 -0.926435
vn 0.364881 0.092481 -0.926450
vn 0.822599 0.106297 -0.558598
vn 0.831138 -0.093292 0.548184
vn 0.361861 -0.081773 0.928639
vn 0.315548 -0.124703 0.940680
vn 0.806474 -0.164679 0.567874
vn 0.315548 -0.124703 -0.940680
vn 0.361861 -0.081773 -0.928639
vn 0.831138 -0.093292 -0.548184
vn 0.806474 -0.164679 -0.567874
vn 0.958947 0.283585 0.000000
vn 0.981681 0.190531 0.000000
vn 0.999165 0.040862 0.000000
vn 0.993764 0.111506 0.000000
vn 0.983787 -0.179338 -0.000000
vn 0.995568 -0.094041 -0.000000
vn 0.964507 -0.264057 -0.000000
vn 0.009632 0.424293 0.905474
vn -0.008913 0.833293 0.552759
vn 0.023517 0.232562 0.972297
vn 0.021753 0.160323 0.986825
vn 0.009014 0.030376 0.999498
vn 0.013745 0.102370 0.994651
vn 0.007901 -0.167394 0.985858
vn 0.003145 -0.089135 0.996015
vn 0.017229 -0.240802 0.970422
vn 0.010422 -0.408508 0.912695
vn 0.010685 -0.824440 0.565849
vn 0.012578 -0.999921 0.000000
vn 0.010685 -0.824440 -0.565849
vn 0.010422 -0.408508 -0.912695
vn 0.017229 -0.240802 -0.970422
vn 0.007901 -0.167394 -0.985858
vn 0.003145 -0.089135 -0.996015
vn 0.013745 0.102370 -0.994651
vn 0.009014 0.030376 -0.999498
vn 0.023517 0.232562 -0.972297
vn 0.021753 0.160323 -0.986825
vn 0.009632 0.424293 -0.905474
vn -0.008913 0.833293 -0.552759
vn -0.014839 0.999890 -0.000000
vn -0.955478 -0.295064 -0.000000
vn -0.806408 -0.284063 0.518666
vn -0.332614 -0.161720 0.929094
vn -0.171135 -0.043310 0.984295
vn -0.149950 -0.020762 0.988476
vn -0.096683 -0.026342 0.994967
vn -0.074794 -0.037104 0.996509
vn -0.035828 -0.036789 0.998681
vn 0.008995 -0.032121 0.999444
vn 0.033597 -0.044214 0.998457
vn 0.057795 -0.054665 0.996831
vn 0.033818 -0.044326 0.998445
vn 0.023927 -0.038187 0.998984
vn 0.075358 -0.031443 0.996661
vn 0.389128 -0.017486 0.921018
vn 0.838154 -0.015629 0.545210
vn 0.999711 -0.024025 0.000000
vn 0.838154 -0.015629 -0.545210
vn 0.389128 -0.017486 -0.921018
vn 0.075358 -0.031443 -0.996661
vn 0.023927 -0.038187 -0.998984
vn 0.033818 -0.044326 -0.998445
vn 0.057795 -0.054665 -0.996831
vn 0.033597 -0.044214 -0.998457
vn 0.008995 -0.032121 -0.999444
vn -0.035828 -0.036789 -0.998681
vn -0.074794 -0.037104 -0.996508
vn -0.096683 -0.026342 -0.994967
vn -0.149950 -0.020762 -0.988476
vn -0.171135 -0.043310 -0.984295
vn -0.332614 -0.161719 -0.929094
vn -0.806408 -0.284063 -0.518666
s 1
g Taiyakimain_low
usemtl standardSurface4SG
f 1/1/1 2/2/2 203/3/3 204/4/4
f 8/5/5 220/6/6 221/7/7 7/8/8
f 10/9/9 9/10/10 2/2/2 1/1/1
f 12/11/11 11/12/12 8/5/5 7/8/8
f 14/13/13 13/14/14 163/15/15 164/16/16
f 16/17/17 15/18/18 180/19/19 181/20/20
f 2/2/2 9/10/10 17/21/21 18/420/22
f 12/11/11 7/8/8 18/22/22 17/410/21
f 182/23/23 163/15/15 13/14/14 19/24/24
f 16/17/17 181/20/20 182/409/23 19/417/24
f 4/25/25 3/26/26 183/27/27 184/28/28
f 6/29/29 5/30/30 200/31/31 201/32/32
f 21/33/33 20/34/34 223/35/35 224/36/36
f 23/37/37 22/38/38 240/39/39 241/40/40
f 25/41/41 24/42/42 243/43/43 244/44/44
f 27/45/45 26/46/46 260/47/47 261/48/48
f 222/49/49 203/3/3 2/2/2 18/420/22
f 7/8/8 221/7/7 222/403/49 18/22/22
f 202/50/50 183/27/27 3/26/26 32/51/51
f 6/29/29 201/32/32 202/407/50 32/404/51
f 33/52/52 242/53/53 223/35/35 20/34/34
f 241/40/40 242/399/53 33/382/52 23/37/37
f 262/54/54 243/43/43 24/42/42 34/55/55
f 27/45/45 261/48/48 262/395/54 34/400/55
f 28/56/56 35/57/57 293/389/58 294/59/59
f 35/396/57 31/60/60 322/61/61 293/58/58
f 37/62/62 36/63/63 263/393/64 264/65/65
f 36/390/63 38/66/66 292/67/67 263/64/64
f 294/59/59 295/68/68 29/69/69 28/56/56
f 30/70/70 321/71/71 322/61/61 31/60/60
f 264/65/65 265/72/72 42/73/73 37/62/62
f 43/74/74 291/75/75 292/67/67 38/66/66
f 47/76/76 323/77/77 324/78/78 46/79/79
f 326/80/80 327/81/81 48/82/82 49/83/83
f 46/79/79 324/78/78 325/385/84 50/85/85
f 325/84/84 326/80/80 49/83/83 50/386/85
f 47/76/76 46/79/79 51/86/86 52/87/87
f 49/83/83 48/82/82 53/88/88 54/89/89
f 51/86/86 46/79/79 50/85/85 55/419/90
f 49/83/83 54/89/89 55/90/90 50/386/85
f 251/91/91 252/397/92 56/93/93 57/94/94
f 252/92/92 253/95/95 58/96/96 56/398/93
f 57/94/94 59/97/97 250/98/98 251/91/91
f 60/99/99 58/96/96 253/95/95 254/100/100
f 231/101/101 232/401/102 61/103/103 62/104/104
f 232/102/102 233/105/105 63/106/106 61/402/103
f 230/107/107 231/101/101 62/104/104 64/108/108
f 63/106/106 233/105/105 234/109/109 65/110/110
f 190/111/111 191/112/112 66/113/113 67/114/114
f 193/115/115 194/116/116 68/117/117 69/118/118
f 191/112/112 192/119/119 70/120/120 66/113/113
f 70/408/120 192/380/119 193/115/115 69/118/118
f 210/121/121 211/122/122 71/123/123 72/124/124
f 74/125/125 213/126/126 214/127/127 73/128/128
f 76/129/129 75/130/130 72/124/124 71/123/123
f 78/131/131 77/132/132 74/125/125 73/128/128
f 170/133/133 171/134/134 79/135/135 80/136/136
f 82/137/137 173/138/138 174/139/139 81/140/140
f 76/129/129 71/123/123 83/141/141 84/418/142
f 74/125/125 77/132/132 84/142/142 83/406/141
f 211/122/122 212/405/143 83/141/141 71/123/123
f 83/406/141 212/143/143 213/126/126 74/125/125
f 171/134/134 172/411/144 85/145/145 79/135/135
f 85/412/145 172/144/144 173/138/138 82/137/137
f 13/14/14 14/13/13 86/146/146 19/24/24
f 15/18/18 16/17/17 19/417/24 86/416/146
f 79/135/135 85/145/145 87/413/147 80/136/136
f 85/412/145 82/137/137 81/140/140 87/147/147
f 25/41/41 244/44/44 245/148/148 89/149/149
f 259/150/150 260/47/47 26/46/46 90/151/151
f 88/152/152 29/69/69 295/68/68 296/153/153
f 30/70/70 91/154/154 320/155/155 321/71/71
f 265/72/72 266/156/156 92/157/157 42/73/73
f 290/158/158 291/75/75 43/74/74 93/159/159
f 352/160/160 323/77/77 47/76/76 96/161/161
f 327/81/81 328/162/162 97/163/163 48/82/82
f 52/87/87 98/164/164 96/161/161 47/76/76
f 99/165/165 53/88/88 48/82/82 97/163/163
f 59/97/97 100/166/166 249/167/167 250/98/98
f 101/168/168 60/99/99 254/100/100 255/169/169
f 64/108/108 102/170/170 229/171/171 230/107/107
f 103/172/172 65/110/110 234/109/109 235/173/173
f 67/114/114 104/174/174 189/175/175 190/111/111
f 105/176/176 68/117/117 194/116/116 195/177/177
f 4/25/25 184/28/28 185/178/178 106/179/179
f 199/180/180 200/31/31 5/30/30 108/181/181
f 224/36/36 225/182/182 107/183/183 21/33/33
f 109/184/184 239/185/185 240/39/39 22/38/38
f 1/1/1 204/4/4 205/186/186 110/187/187
f 219/188/188 220/6/6 8/5/5 111/189/189
f 112/190/190 10/9/9 1/1/1 110/187/187
f 11/12/12 113/191/191 111/189/189 8/5/5
f 164/16/16 165/192/192 114/193/193 14/13/13
f 115/194/194 179/195/195 180/19/19 15/18/18
f 169/196/196 170/133/133 80/136/136 116/197/197
f 81/140/140 174/139/139 175/198/198 119/199/199
f 120/200/200 72/124/124 75/130/130 117/201/201
f 73/128/128 121/202/202 118/203/203 78/131/131
f 120/200/200 209/204/204 210/121/121 72/124/124
f 214/127/127 215/205/205 121/202/202 73/128/128
f 246/206/206 267/207/207 268/208/208 123/209/209
f 288/210/210 289/211/211 258/212/212 124/213/213
f 350/214/214 351/215/215 248/216/216 126/217/217
f 127/218/218 256/219/219 329/220/220 330/221/221
f 89/149/149 245/148/148 297/222/222 298/223/223
f 318/224/224 319/225/225 259/150/150 90/151/151
f 248/216/216 249/167/167 100/166/166 126/217/217
f 255/169/169 256/219/219 127/218/218 101/168/168
f 107/183/183 225/182/182 299/226/226 300/227/227
f 316/228/228 317/229/229 239/185/185 109/184/184
f 226/230/230 269/231/231 270/232/232 128/233/233
f 286/234/234 287/235/235 238/236/236 129/237/237
f 348/238/238 349/239/239 228/240/240 132/241/241
f 133/242/242 236/243/243 331/244/244 332/245/245
f 228/240/240 229/171/171 102/170/170 132/241/241
f 103/172/172 235/173/173 236/243/243 133/242/242
f 185/178/178 301/246/246 302/247/247 106/179/179
f 314/248/248 315/249/249 199/180/180 108/181/181
f 134/250/250 186/251/251 271/252/252 272/253/253
f 284/254/254 285/255/255 198/256/256 135/257/257
f 346/258/258 347/259/259 188/260/260 138/261/261
f 196/262/262 333/263/263 334/264/264 139/265/265
f 188/260/260 189/175/175 104/174/174 138/261/261
f 105/176/176 195/177/177 196/262/262 139/265/265
f 110/187/187 205/186/186 303/266/266 304/267/267
f 312/268/268 313/269/269 219/188/188 111/189/189
f 140/270/270 206/271/271 273/272/272 274/273/273
f 282/274/274 283/275/275 218/276/276 141/277/277
f 344/278/278 345/279/279 208/280/280 144/281/281
f 216/282/282 335/283/283 336/284/284 145/285/285
f 144/281/281 208/280/280 209/204/204 120/200/200
f 215/205/205 216/282/282 145/285/285 121/202/202
f 112/190/190 110/187/187 304/267/267 305/286/286
f 111/189/189 113/191/191 311/287/287 312/268/268
f 146/288/288 140/270/270 274/273/273 275/289/289
f 141/277/277 147/290/290 281/291/291 282/274/274
f 343/292/292 344/278/278 144/281/281 150/293/293
f 336/284/284 337/294/294 151/295/295 145/285/285
f 150/293/293 144/281/281 120/200/200 117/201/201
f 145/285/285 151/295/295 118/203/203 121/202/202
f 114/193/193 165/192/192 306/296/296 307/297/297
f 309/298/298 310/299/299 179/195/195 115/194/194
f 152/300/300 166/301/301 276/302/302 277/303/303
f 279/304/304 280/305/305 178/306/306 153/307/307
f 341/308/308 342/309/309 168/310/310 156/311/311
f 176/312/312 338/313/313 339/314/314 157/315/315
f 156/311/311 168/310/310 169/196/196 116/197/197
f 175/198/198 176/312/312 157/315/315 119/199/199
f 14/13/13 114/193/193 158/316/316 86/146/146
f 115/194/194 15/18/18 86/416/146 158/388/316
f 158/316/316 114/193/193 307/297/297 308/387/317
f 115/194/194 158/388/316 308/317/317 309/298/298
f 277/303/303 278/391/318 159/319/319 152/300/300
f 278/318/318 279/304/304 153/307/307 159/392/319
f 156/311/311 161/320/320 340/321/321 341/308/308
f 161/415/320 157/315/315 339/314/314 340/383/321
f 116/197/197 162/322/322 161/320/320 156/311/311
f 162/414/322 119/199/199 157/315/315 161/415/320
f 87/413/147 162/322/322 116/197/197 80/136/136
f 162/414/322 87/147/147 81/140/140 119/199/199
f 164/16/16 163/15/15 9/10/10 10/9/9
f 112/190/190 165/192/192 164/16/16 10/9/9
f 305/286/286 306/296/296 165/192/192 112/190/190
f 275/289/289 276/302/302 166/301/301 146/288/288
f 168/310/310 342/309/309 343/292/292 150/293/293
f 169/196/196 168/310/310 150/293/293 117/201/201
f 75/130/130 170/133/133 169/196/196 117/201/201
f 76/129/129 171/134/134 170/133/133 75/130/130
f 84/418/142 172/411/144 171/134/134 76/129/129
f 173/138/138 172/144/144 84/142/142 77/132/132
f 174/139/139 173/138/138 77/132/132 78/131/131
f 175/198/198 174/139/139 78/131/131 118/203/203
f 151/295/295 176/312/312 175/198/198 118/203/203
f 337/294/294 338/313/313 176/312/312 151/295/295
f 147/290/290 178/306/306 280/305/305 281/291/291
f 113/191/191 179/195/195 310/299/299 311/287/287
f 180/19/19 179/195/195 113/191/191 11/12/12
f 181/20/20 180/19/19 11/12/12 12/11/11
f 182/409/23 181/20/20 12/11/11 17/410/21
f 9/10/10 163/15/15 182/23/23 17/21/21
f 363/323/323 364/324/324 20/34/34 21/33/33
f 362/325/325 363/323/323 21/33/33 107/183/183
f 300/227/227 361/326/326 362/325/325 107/183/183
f 270/232/232 359/327/327 360/328/328 128/233/233
f 356/329/329 357/330/330 348/238/238 132/241/241
f 102/170/170 355/331/331 356/329/329 132/241/241
f 354/332/332 355/331/331 102/170/170 64/108/108
f 64/108/108 62/104/104 353/333/333 354/332/332
f 61/103/103 378/334/334 353/333/333 62/104/104
f 377/335/335 378/379/334 61/402/103 63/106/106
f 63/106/106 65/110/110 376/336/336 377/335/335
f 375/337/337 376/336/336 65/110/110 103/172/172
f 374/338/338 375/337/337 103/172/172 133/242/242
f 332/245/245 373/339/339 374/338/338 133/242/242
f 129/237/237 370/340/340 371/341/341 286/234/234
f 368/342/342 369/343/343 316/228/228 109/184/184
f 22/38/38 367/344/344 368/342/342 109/184/184
f 366/345/345 367/344/344 22/38/38 23/37/37
f 365/346/346 366/345/345 23/37/37 33/382/52
f 20/34/34 364/324/324 365/381/346 33/52/52
f 204/4/4 203/3/3 3/26/26 4/25/25
f 205/186/186 204/4/4 4/25/25 106/179/179
f 302/247/247 303/266/266 205/186/186 106/179/179
f 272/253/253 273/272/272 206/271/271 134/250/250
f 208/280/280 345/279/279 346/258/258 138/261/261
f 209/204/204 208/280/280 138/261/261 104/174/174
f 210/121/121 209/204/204 104/174/174 67/114/114
f 66/113/113 211/122/122 210/121/121 67/114/114
f 70/120/120 212/405/143 211/122/122 66/113/113
f 213/126/126 212/143/143 70/408/120 69/118/118
f 214/127/127 213/126/126 69/118/118 68/117/117
f 105/176/176 215/205/205 214/127/127 68/117/117
f 139/265/265 216/282/282 215/205/205 105/176/176
f 334/264/264 335/283/283 216/282/282 139/265/265
f 135/257/257 218/276/276 283/275/275 284/254/254
f 108/181/181 219/188/188 313/269/269 314/248/248
f 5/30/30 220/6/6 219/188/188 108/181/181
f 221/7/7 220/6/6 5/30/30 6/29/29
f 222/403/49 221/7/7 6/29/29 32/404/51
f 3/26/26 203/3/3 222/49/49 32/51/51
f 224/36/36 223/35/35 24/42/42 25/41/41
f 89/149/149 225/182/182 224/36/36 25/41/41
f 298/223/223 299/226/226 225/182/182 89/149/149
f 268/208/208 269/231/231 226/230/230 123/209/209
f 126/217/217 228/240/240 349/239/239 350/214/214
f 100/166/166 229/171/171 228/240/240 126/217/217
f 230/107/107 229/171/171 100/166/166 59/97/97
f 57/94/94 231/101/101 230/107/107 59/97/97
f 57/94/94 56/93/93 232/401/102 231/101/101
f 56/398/93 58/96/96 233/105/105 232/102/102
f 234/109/109 233/105/105 58/96/96 60/99/99
f 235/173/173 234/109/109 60/99/99 101/168/168
f 236/243/243 235/173/173 101/168/168 127/218/218
f 330/221/221 331/244/244 236/243/243 127/218/218
f 238/236/236 287/235/235 288/210/210 124/213/213
f 90/151/151 239/185/185 317/229/229 318/224/224
f 240/39/39 239/185/185 90/151/151 26/46/46
f 241/40/40 240/39/39 26/46/46 27/45/45
f 34/400/55 242/399/53 241/40/40 27/45/45
f 223/35/35 242/53/53 34/55/55 24/42/42
f 244/44/44 243/43/43 28/56/56 29/69/69
f 245/148/148 244/44/44 29/69/69 88/152/152
f 296/153/153 297/222/222 245/148/148 88/152/152
f 92/157/157 266/156/156 267/207/207 246/206/206
f 96/161/161 248/216/216 351/215/215 352/160/160
f 96/161/161 98/164/164 249/167/167 248/216/216
f 250/98/98 249/167/167 98/164/164 52/87/87
f 251/91/91 250/98/98 52/87/87 51/86/86
f 51/86/86 55/419/90 252/397/92 251/91/91
f 55/90/90 54/89/89 253/95/95 252/92/92
f 254/100/100 253/95/95 54/89/89 53/88/88
f 255/169/169 254/100/100 53/88/88 99/165/165
f 99/165/165 97/163/163 256/219/219 255/169/169
f 328/162/162 329/220/220 256/219/219 97/163/163
f 289/211/211 290/158/158 93/159/159 258/212/212
f 91/154/154 259/150/150 319/225/225 320/155/155
f 30/70/70 260/47/47 259/150/150 91/154/154
f 261/48/48 260/47/47 30/70/70 31/60/60
f 262/395/54 261/48/48 31/60/60 35/396/57
f 28/56/56 243/43/43 262/54/54 35/57/57
f 264/65/65 263/393/64 39/347/347 40/348/348
f 44/349/349 265/72/72 264/65/65 40/348/348
f 44/349/349 94/350/350 266/156/156 265/72/72
f 267/207/207 266/156/156 94/350/350 247/351/351
f 268/208/208 267/207/207 247/351/351 122/352/352
f 122/352/352 227/353/353 269/231/231 268/208/208
f 270/232/232 269/231/231 227/353/353 130/354/354
f 358/355/355 359/327/327 270/232/232 130/354/354
f 272/253/253 271/252/252 187/356/356 136/357/357
f 207/358/358 273/272/272 272/253/253 136/357/357
f 274/273/273 273/272/272 207/358/358 142/359/359
f 275/289/289 274/273/273 142/359/359 148/360/360
f 167/361/361 276/302/302 275/289/289 148/360/360
f 277/303/303 276/302/302 167/361/361 154/362/362
f 154/362/362 160/363/363 278/391/318 277/303/303
f 160/384/363 155/364/364 279/304/304 278/318/318
f 177/365/365 280/305/305 279/304/304 155/364/364
f 281/291/291 280/305/305 177/365/365 149/366/366
f 282/274/274 281/291/291 149/366/366 143/367/367
f 217/368/368 283/275/275 282/274/274 143/367/367
f 284/254/254 283/275/275 217/368/368 137/369/369
f 197/370/370 285/255/255 284/254/254 137/369/369
f 286/234/234 371/341/341 372/371/371 131/372/372
f 131/372/372 237/373/373 287/235/235 286/234/234
f 288/210/210 287/235/235 237/373/373 125/374/374
f 257/375/375 289/211/211 288/210/210 125/374/374
f 95/376/376 290/158/158 289/211/211 257/375/375
f 95/376/376 45/377/377 291/75/75 290/158/158
f 292/67/67 291/75/75 45/377/377 41/378/378
f 263/64/64 292/67/67 41/378/378 39/394/347
f 294/59/59 293/389/58 36/63/63 37/62/62
f 42/73/73 295/68/68 294/59/59 37/62/62
f 296/153/153 295/68/68 42/73/73 92/157/157
f 246/206/206 297/222/222 296/153/153 92/157/157
f 298/223/223 297/222/222 246/206/206 123/209/209
f 226/230/230 299/226/226 298/223/223 123/209/209
f 300/227/227 299/226/226 226/230/230 128/233/233
f 128/233/233 360/328/328 361/326/326 300/227/227
f 302/247/247 301/246/246 186/251/251 134/250/250
f 206/271/271 303/266/266 302/247/247 134/250/250
f 304/267/267 303/266/266 206/271/271 140/270/270
f 305/286/286 304/267/267 140/270/270 146/288/288
f 166/301/301 306/296/296 305/286/286 146/288/288
f 307/297/297 306/296/296 166/301/301 152/300/300
f 308/387/317 307/297/297 152/300/300 159/319/319
f 309/298/298 308/317/317 159/392/319 153/307/307
f 178/306/306 310/299/299 309/298/298 153/307/307
f 311/287/287 310/299/299 178/306/306 147/290/290
f 312/268/268 311/287/287 147/290/290 141/277/277
f 218/276/276 313/269/269 312/268/268 141/277/277
f 314/248/248 313/269/269 218/276/276 135/257/257
f 135/257/257 198/256/256 315/249/249 314/248/248
f 316/228/228 369/343/343 370/340/340 129/237/237
f 238/236/236 317/229/229 316/228/228 129/237/237
f 318/224/224 317/229/229 238/236/236 124/213/213
f 258/212/212 319/225/225 318/224/224 124/213/213
f 320/155/155 319/225/225 258/212/212 93/159/159
f 321/71/71 320/155/155 93/159/159 43/74/74
f 322/61/61 321/71/71 43/74/74 38/66/66
f 293/58/58 322/61/61 38/66/66 36/390/63
f 324/78/78 323/77/77 44/349/349 40/348/348
f 325/385/84 324/78/78 40/348/348 39/347/347
f 41/378/378 326/80/80 325/84/84 39/394/347
f 45/377/377 327/81/81 326/80/80 41/378/378
f 45/377/377 95/376/376 328/162/162 327/81/81
f 257/375/375 329/220/220 328/162/162 95/376/376
f 330/221/221 329/220/220 257/375/375 125/374/374
f 237/373/373 331/244/244 330/221/221 125/374/374
f 332/245/245 331/244/244 237/373/373 131/372/372
f 131/372/372 372/371/371 373/339/339 332/245/245
f 334/264/264 333/263/263 197/370/370 137/369/369
f 137/369/369 217/368/368 335/283/283 334/264/264
f 336/284/284 335/283/283 217/368/368 143/367/367
f 143/367/367 149/366/366 337/294/294 336/284/284
f 149/366/366 177/365/365 338/313/313 337/294/294
f 339/314/314 338/313/313 177/365/365 155/364/364
f 340/383/321 339/314/314 155/364/364 160/384/363
f 341/308/308 340/321/321 160/363/363 154/362/362
f 154/362/362 167/361/361 342/309/309 341/308/308
f 343/292/292 342/309/309 167/361/361 148/360/360
f 148/360/360 142/359/359 344/278/278 343/292/292
f 142/359/359 207/358/358 345/279/279 344/278/278
f 346/258/258 345/279/279 207/358/358 136/357/357
f 136/357/357 187/356/356 347/259/259 346/258/258
f 348/238/238 357/330/330 358/355/355 130/354/354
f 227/353/353 349/239/239 348/238/238 130/354/354
f 350/214/214 349/239/239 227/353/353 122/352/352
f 247/351/351 351/215/215 350/214/214 122/352/352
f 352/160/160 351/215/215 247/351/351 94/350/350
f 94/350/350 44/349/349 323/77/77 352/160/160
f 354/332/332 353/333/333 191/112/112 190/111/111
f 190/111/111 189/175/175 355/331/331 354/332/332
f 356/329/329 355/331/331 189/175/175 188/260/260
f 188/260/260 347/259/259 357/330/330 356/329/329
f 358/355/355 357/330/330 347/259/259 187/356/356
f 187/356/356 271/252/252 359/327/327 358/355/355
f 360/328/328 359/327/327 271/252/252 186/251/251
f 361/326/326 360/328/328 186/251/251 301/246/246
f 362/325/325 361/326/326 301/246/246 185/178/178
f 185/178/178 184/28/28 363/323/323 362/325/325
f 184/28/28 183/27/27 364/324/324 363/323/323
f 365/381/346 364/324/324 183/27/27 202/50/50
f 202/407/50 201/32/32 366/345/345 365/346/346
f 201/32/32 200/31/31 367/344/344 366/345/345
f 368/342/342 367/344/344 200/31/31 199/180/180
f 199/180/180 315/249/249 369/343/343 368/342/342
f 370/340/340 369/343/343 315/249/249 198/256/256
f 371/341/341 370/340/340 198/256/256 285/255/255
f 372/371/371 371/341/341 285/255/255 197/370/370
f 373/339/339 372/371/371 197/370/370 333/263/263
f 374/338/338 373/339/339 333/263/263 196/262/262
f 196/262/262 195/177/177 375/337/337 374/338/338
f 195/177/177 194/116/116 376/336/336 375/337/337
f 377/335/335 376/336/336 194/116/116 193/115/115
f 193/115/115 192/380/119 378/379/334 377/335/335
f 353/333/333 378/334/334 192/119/119 191/112/112
g default
v 0.008665 1.325064 0.049398
v 0.007331 1.387325 0.000000
v -0.186555 1.403247 0.000000
v -0.193383 1.340147 0.048890
v -0.193383 1.340147 -0.048890
v 0.008665 1.325064 -0.049398
v 0.185595 1.287208 0.042839
v 0.186836 1.368600 0.000000
v 0.185595 1.287208 -0.042839
v 0.369384 1.198732 0.045706
v 0.397387 1.307468 0.000000
v 0.369384 1.198732 -0.045706
v 0.556498 1.120746 0.043162
v 0.587515 1.192661 0.000000
v 0.556498 1.120746 -0.043162
v 0.746509 1.007441 0.043286
v 0.748823 1.096240 0.000000
v 0.746509 1.007441 -0.043286
v 1.078769 0.978568 0.042423
v 1.035787 1.046777 0.000000
v 1.078769 0.978568 -0.042423
v 1.205558 1.048261 0.037391
v 1.159000 1.100569 0.000000
v 1.205558 1.048261 -0.037391
v 1.324488 1.140699 0.032863
v 1.303062 1.193067 0.000000
v 1.324488 1.140699 -0.032863
v 1.457283 1.249461 0.020556
v 1.463656 1.279188 0.000000
v 1.457283 1.249461 -0.020556
v 1.538822 1.257916 0.018916
v 1.544955 1.285118 0.000000
v 1.538822 1.257916 -0.018916
v 1.582919 1.270852 0.000000
v 1.563238 1.248200 -0.018397
v 1.563238 1.248200 0.018397
v 1.595941 1.205952 0.020592
v 1.618428 1.219577 0.000000
v 1.595941 1.205952 -0.020592
v 1.655601 1.036330 0.032069
v 1.707491 1.052946 0.000000
v 1.655601 1.036330 -0.032069
v 1.705552 0.857720 0.038122
v 1.782295 0.867834 0.000000
v 1.705552 0.857720 -0.038122
v 1.744002 0.705042 0.043668
v 1.841054 0.691109 0.000000
v 1.744002 0.705042 -0.043668
v 1.798442 0.380274 0.043411
v 1.896223 0.377849 0.000000
v 1.798442 0.380274 -0.043411
v 1.809939 0.217710 0.043515
v 1.911395 0.215495 0.000000
v 1.809939 0.217710 -0.043515
v 1.809535 0.024289 0.043085
v 1.909878 0.040442 0.000000
v 1.809535 0.024289 -0.043085
v 1.826071 -0.291929 0.045848
v 1.912478 -0.261045 0.000000
v 1.826071 -0.291929 -0.045848
v 1.836993 -0.450957 0.041818
v 1.897008 -0.424511 0.000000
v 1.836993 -0.450957 -0.041818
v 1.809692 -0.700796 0.041014
v 1.856664 -0.681694 0.000000
v 1.809692 -0.700796 -0.041014
v 1.739846 -0.946201 0.024868
v 1.773146 -0.949056 0.000000
v 1.739846 -0.946201 -0.024868
v 1.630998 -1.183367 0.025503
v 1.665022 -1.186585 0.000000
v 1.630998 -1.183367 -0.025503
v 1.578557 -1.281306 0.031594
v 1.598259 -1.295037 0.000000
v 1.578557 -1.281306 -0.031594
v 1.483386 -1.292941 0.030101
v 1.490863 -1.315592 0.000000
v 1.483386 -1.292941 -0.030101
v 1.341097 -1.228794 0.028351
v 1.347014 -1.254230 0.000000
v 1.341097 -1.228794 -0.028351
v 1.166832 -1.055636 0.040267
v 1.094079 -1.108351 0.000000
v 1.166832 -1.055636 -0.040267
v 1.033305 -0.969555 0.045504
v 0.969522 -1.077011 0.000000
v 1.033305 -0.969555 -0.045504
v 0.595744 -1.083138 0.045330
v 0.589225 -1.204436 0.000000
v 0.595744 -1.083138 -0.045330
v 0.369657 -1.211069 0.045861
v 0.327011 -1.329469 0.000000
v 0.369657 -1.211069 -0.045861
v 0.184768 -1.271818 0.048896
v 0.177228 -1.364229 0.000000
v 0.184768 -1.271818 -0.048896
v -0.011216 -1.276835 0.056274
v -0.011827 -1.384538 0.000000
v -0.011216 -1.276835 -0.056274
v -0.219634 -1.282942 0.061417
v -0.195383 -1.400065 0.000000
v -0.219634 -1.282942 -0.061417
v -0.469492 -1.282633 0.059275
v -0.519115 -1.366776 0.000000
v -0.469492 -1.282633 -0.059275
v -0.709516 -1.276942 0.048977
v -0.745451 -1.321400 0.000000
v -0.709516 -1.276942 -0.048977
v -1.016355 -1.123682 0.046170
v -1.041300 -1.189634 0.000000
v -1.016355 -1.123682 -0.046170
v -1.169691 -1.057848 0.046323
v -1.198753 -1.102286 0.000000
v -1.169691 -1.057848 -0.046323
v -1.340995 -0.935483 0.048747
v -1.345937 -0.995244 0.000000
v -1.340995 -0.935483 -0.048747
v -1.443709 -0.690290 0.032601
v -1.498027 -0.751459 0.000000
v -1.443709 -0.690290 -0.032601
v -1.591365 -0.474838 0.040195
v -1.633554 -0.534133 0.000000
v -1.591365 -0.474838 -0.040195
v -1.793567 -0.340152 0.045646
v -1.831075 -0.371268 0.000000
v -1.793567 -0.340152 -0.045646
v -1.881310 -0.127190 0.043793
v -1.913995 -0.148446 0.000000
v -1.881310 -0.127190 -0.043793
v -1.810549 0.071487 0.046788
v -1.872267 0.068019 0.000000
v -1.810549 0.071487 -0.046788
v -1.734900 0.315205 0.043893
v -1.799240 0.314017 0.000000
v -1.734900 0.315205 -0.043893
v -1.633306 0.581775 0.041652
v -1.686016 0.593777 0.000000
v -1.633306 0.581775 -0.041652
v -1.487688 0.787639 0.043746
v -1.550870 0.807979 0.000000
v -1.487688 0.787639 -0.043746
v -1.207923 1.006726 0.043720
v -1.270027 1.032991 0.000000
v -1.207923 1.006726 -0.043720
v -0.811196 1.221558 0.035734
v -0.849166 1.247315 0.000000
v -0.811196 1.221558 -0.035734
v -0.392787 1.284907 0.048996
v -0.397065 1.362104 0.000000
v -0.392787 1.284907 -0.048996
v 1.197459 -0.646242 0.051960
v 0.649863 -0.774665 0.052107
v 1.197459 -0.646242 -0.051960
v 0.649863 -0.774665 -0.052107
v 0.421781 -0.845487 -0.053144
v 0.421781 -0.845487 0.053144
v 0.214788 -0.890125 -0.053555
v 0.214788 -0.890125 0.053555
v 0.010439 -0.905313 -0.055237
v 0.010439 -0.905313 0.055237
v -0.199137 -0.907183 -0.057928
v -0.199137 -0.907183 0.057928
v -0.417810 -0.887736 -0.058318
v -0.417810 -0.887736 0.058318
v -0.627857 -0.861907 -0.055723
v -0.627857 -0.861907 0.055723
v -0.964607 -0.817708 -0.050060
v -0.964607 -0.817708 0.050060
v -1.146183 -0.770793 -0.047090
v -1.146183 -0.770793 0.047090
v -1.273376 -0.762092 -0.043986
v -1.273376 -0.762092 0.043986
v -1.353687 -0.561782 -0.044757
v -1.353687 -0.561782 0.044757
v -1.499387 -0.373287 -0.051467
v -1.499387 -0.373287 0.051467
v -1.652546 -0.214347 -0.058177
v -1.652546 -0.214347 0.058177
v -1.736651 -0.108888 -0.059202
v -1.736651 -0.108888 0.059202
v -1.684148 0.031762 -0.056991
v -1.684148 0.031762 0.056991
v -1.600687 0.226983 -0.054048
v -1.600687 0.226983 0.054048
v -1.485902 0.447678 -0.054808
v -1.485902 0.447678 0.054808
v -1.327365 0.616444 -0.056797
v -1.327365 0.616444 0.056797
v -1.111641 0.769111 -0.057732
v -1.111641 0.769111 0.057732
v -0.853307 0.891235 -0.056818
v -0.853307 0.891235 0.056818
v -0.425821 0.980130 -0.052161
v -0.425821 0.980130 0.052161
v -0.223986 1.004015 -0.051336
v -0.223986 1.004015 0.051336
v -0.025194 0.999827 -0.051218
v -0.025194 0.999827 0.051218
v 0.166200 0.972636 -0.051215
v 0.166200 0.972636 0.051215
v 0.359351 0.933781 -0.051617
v 0.359351 0.933781 0.051617
v 0.553925 0.931348 -0.052971
v 0.553925 0.931348 0.052971
v 0.756646 0.855845 -0.052983
v 0.756646 0.855845 0.052983
v 1.177548 0.867058 -0.052700
v 1.177548 0.867058 0.052700
v 1.305818 0.948540 -0.050474
v 1.305818 0.948540 0.050474
v 1.385398 1.047501 -0.046744
v 1.385398 1.047501 0.046744
v 1.440633 1.120829 -0.042990
v 1.440633 1.120829 0.042990
v 1.517857 1.131949 -0.041485
v 1.517857 1.131949 0.041485
v 1.513986 1.015546 -0.047815
v 1.513986 1.015546 0.047815
v 1.493472 0.884209 -0.052063
v 1.493472 0.884209 0.052063
v 1.476861 0.750750 -0.055501
v 1.476861 0.750750 0.055501
v 1.511384 0.380695 -0.053890
v 1.511384 0.380695 0.053890
v 1.524960 0.180721 -0.053565
v 1.524960 0.180721 0.053565
v 1.529643 -0.028284 -0.052849
v 1.529643 -0.028284 0.052849
v 1.530527 -0.436031 -0.051372
v 1.530527 -0.436031 0.051372
v 1.573075 -0.581051 -0.050196
v 1.573075 -0.581051 0.050196
v 1.604919 -0.656105 -0.049140
v 1.604919 -0.656105 0.049140
v 1.606120 -0.828676 -0.047516
v 1.606120 -0.828676 0.047516
v 1.505267 -0.976628 -0.059906
v 1.505267 -0.976628 0.059906
v 1.445309 -0.929527 -0.050870
v 1.445309 -0.929527 0.050870
v 1.293315 -0.789355 -0.051942
v 1.293315 -0.789355 0.051942
v 1.239930 0.384132 -0.051716
v 1.239930 0.384132 0.051716
v 1.250234 0.152984 -0.051568
v 1.250234 0.152984 0.051568
v 1.247490 -0.087197 -0.051499
v 1.247490 -0.087197 0.051499
v 0.761273 0.367641 -0.051387
v 0.761273 0.367641 0.051387
v 0.541212 0.372053 -0.051338
v 0.541212 0.372053 0.051338
v 0.728011 -0.167578 0.051338
v 0.728011 -0.167578 -0.051338
v 0.750790 0.106663 -0.051338
v 0.750790 0.106663 0.051338
v 0.523594 0.093866 -0.051338
v 0.523594 0.093866 0.051338
v 0.496277 -0.194167 -0.051338
v 0.496277 -0.194167 0.051338
v 0.329846 0.376172 -0.051338
v 0.329846 0.376172 0.051338
v 0.124194 0.383911 -0.051338
v 0.124194 0.383911 0.051338
v -0.077985 0.389600 -0.051338
v -0.077985 0.389600 0.051338
v -0.278633 0.390144 -0.051338
v -0.278633 0.390144 0.051338
v -0.477719 0.385454 -0.051338
v -0.477719 0.385454 0.051338
v -0.864012 0.363078 -0.051350
v -0.864012 0.363078 0.051350
v 0.278941 -0.211667 -0.051338
v 0.278941 -0.211667 0.051338
v 0.069815 -0.219676 -0.051338
v 0.069815 -0.219676 0.051338
v 0.307545 0.089463 -0.051338
v 0.307545 0.089463 0.051338
v 0.098851 0.088884 -0.051338
v 0.098851 0.088884 0.051338
v -0.105417 0.090058 -0.051338
v -0.105417 0.090058 0.051338
v -0.135485 -0.221622 -0.051338
v -0.135485 -0.221622 0.051338
v -0.338826 -0.218637 -0.051338
v -0.338826 -0.218637 0.051338
v -0.307216 0.091046 -0.051338
v -0.307216 0.091046 0.051338
v -0.505910 0.092104 -0.051338
v -0.505910 0.092104 0.051338
v -0.538736 -0.210104 -0.051338
v -0.538736 -0.210104 0.051338
v -0.888847 0.107312 -0.051338
v -0.888847 0.107312 0.051338
v -0.925705 -0.168700 -0.051338
v -0.925705 -0.168700 0.051338
v -1.036291 0.346822 -0.051643
v -1.036291 0.346822 0.051643
v -1.065108 0.135424 -0.051338
v -1.065108 0.135424 0.051338
v -1.119275 -0.113943 -0.051164
v -1.119275 -0.113943 0.051164
v -1.158393 0.334160 -0.052241
v -1.158393 0.334160 0.052241
v -1.215925 0.195737 -0.051783
v -1.215925 0.195737 0.051783
v -1.292891 -0.002931 -0.052276
v -1.292891 -0.002931 0.052276
v -1.192449 -0.429397 0.048460
v -0.962782 -0.482123 0.050404
v -0.577790 -0.534262 0.051338
v -0.375213 -0.548990 0.051338
v -0.167668 -0.556876 0.051338
v 0.039601 -0.554549 0.051338
v 0.247714 -0.539603 0.051357
v 0.463171 -0.509347 0.051376
v 0.696613 -0.464102 0.051325
v 1.231795 -0.343328 0.051255
v 1.529243 -0.235517 0.052260
v 1.825582 -0.137276 0.040315
v 1.909854 -0.109835 0.000000
v 1.825582 -0.137276 -0.040315
v 1.529243 -0.235517 -0.052260
v 1.231795 -0.343328 -0.051255
v 0.696613 -0.464102 -0.051325
v 0.463171 -0.509347 -0.051376
v 0.247714 -0.539603 -0.051357
v 0.039601 -0.554549 -0.051338
v -0.167668 -0.556876 -0.051338
v -0.375213 -0.548990 -0.051338
v -0.577790 -0.534262 -0.051338
v -0.962782 -0.482123 -0.050404
v -1.192449 -0.429397 -0.048460
v -1.385771 -0.215656 -0.053559
v -1.385771 -0.215656 0.053559
v -1.544761 -0.070350 0.056640
v -1.448137 0.119781 0.053685
v -1.344195 0.305998 0.053104
v -1.222814 0.455229 0.054070
v -1.056908 0.547816 0.053945
v -0.857164 0.615813 0.053210
v -0.452398 0.678751 0.051437
v -0.251768 0.691823 0.051338
v -0.052224 0.690308 0.051338
v 0.146309 0.677958 0.051338
v 0.346357 0.660100 0.051334
v 0.550780 0.638050 0.052132
v 0.761589 0.617431 0.053265
v 1.218024 0.614063 0.052509
v 1.487085 0.574552 0.053592
v 1.778216 0.544330 0.043318
v 1.878330 0.526669 0.000000
v 1.778216 0.544330 -0.043318
v 1.487085 0.574552 -0.053592
v 1.218024 0.614063 -0.052509
v 0.761589 0.617431 -0.053265
v 0.550780 0.638050 -0.052132
v 0.346357 0.660100 -0.051334
v 0.146309 0.677958 -0.051338
v -0.052224 0.690308 -0.051338
v -0.251768 0.691823 -0.051338
v -0.452398 0.678751 -0.051437
v -0.857164 0.615813 -0.053210
v -1.056908 0.547816 -0.053945
v -1.222814 0.455229 -0.054070
v -1.344195 0.305998 -0.053104
v -1.448137 0.119781 -0.053685
v -1.544761 -0.070350 -0.056640
v -0.895802 -1.172978 0.046412
v -0.905786 -1.264188 0.000000
v -0.895802 -1.172978 -0.046412
v -0.812909 -0.847265 -0.052609
v -0.770910 -0.514264 -0.051331
v -0.733376 -0.195210 -0.051338
v -0.700529 0.095972 -0.051338
v -0.674078 0.376524 -0.051338
v -0.654485 0.655516 -0.052121
v -0.634497 0.946860 -0.054387
v -0.605296 1.253767 -0.044089
v -0.600661 1.327606 0.000000
v -0.605296 1.253767 0.044089
v -0.634497 0.946860 0.054387
v -0.654485 0.655516 0.052121
v -0.674078 0.376524 0.051338
v -0.700529 0.095972 0.051338
v -0.733376 -0.195210 0.051338
v -0.770910 -0.514264 0.051331
v -0.812909 -0.847265 0.052609
v 0.917251 0.968523 0.040514
v 0.903062 1.039755 0.000000
v 0.917251 0.968523 -0.040514
v 0.957138 0.822224 -0.052120
v 0.981882 0.608343 -0.053027
v 0.992531 0.374192 -0.051591
v 0.992309 0.126043 -0.051338
v 0.978118 -0.132409 -0.051338
v 0.951381 -0.410484 -0.051312
v 0.901180 -0.705263 -0.051908
v 0.824390 -0.997398 -0.043388
v 0.800607 -1.103722 0.000000
v 0.824390 -0.997398 0.043388
v 0.901180 -0.705263 0.051908
v 0.951381 -0.410484 0.051312
v 0.978118 -0.132409 0.051338
v 0.992309 0.126043 0.051338
v 0.992531 0.374192 0.051591
v 0.981882 0.608343 0.053027
v 0.957138 0.822224 0.052120
vt 0.431855 0.496268
vt 0.430731 0.510338
vt 0.621700 0.991279
vt 0.396091 0.495935
vt 0.588506 0.975076
vt 0.622683 0.977750
vt 0.463734 0.492372
vt 0.463024 0.508746
vt 0.558393 0.968690
vt 0.497657 0.479386
vt 0.501319 0.500631
vt 0.527089 0.953453
vt 0.532012 0.468246
vt 0.537044 0.483312
vt 0.495218 0.939942
vt 0.567649 0.450990
vt 0.567229 0.468648
vt 0.462634 0.920484
vt 0.598755 0.446439
vt 0.435375 0.927622
vt 0.433314 0.913537
vt 0.412897 0.928330
vt 0.627535 0.450127
vt 0.649431 0.463933
vt 0.639906 0.474307
vt 0.405526 0.914651
vt 0.383464 0.926002
vt 0.669736 0.481492
vt 0.664756 0.492022
vt 0.362607 0.941069
vt 0.692275 0.502022
vt 0.692733 0.508577
vt 0.339369 0.958787
vt 0.706481 0.504376
vt 0.707434 0.510261
vt 0.325608 0.959846
vt 0.714504 0.508024
vt 0.321518 0.958150
vt 0.710886 0.502986
vt 0.717116 0.495918
vt 0.721916 0.499443
vt 0.316161 0.950881
vt 0.729549 0.466551
vt 0.739871 0.470945
vt 0.306746 0.921800
vt 0.740428 0.435593
vt 0.755367 0.439023
vt 0.298948 0.891330
vt 0.748934 0.409044
vt 0.767966 0.408368
vt 0.293047 0.865269
vt 0.757010 0.381092
vt 0.269120 0.834847
vt 0.287674 0.837904
vt 0.266471 0.809412
vt 0.762673 0.352337
vt 0.766786 0.323709
vt 0.786345 0.324773
vt 0.284672 0.809974
vt 0.283140 0.782296
vt 0.769258 0.289439
vt 0.788395 0.293697
vt 0.283645 0.749367
vt 0.774201 0.260994
vt 0.265346 0.726224
vt 0.281306 0.721793
vt 0.265146 0.700420
vt 0.776055 0.233592
vt 0.779933 0.205623
vt 0.792631 0.210947
vt 0.281827 0.695473
vt 0.280464 0.668444
vt 0.778053 0.161358
vt 0.789078 0.164720
vt 0.285962 0.626335
vt 0.769860 0.116990
vt 0.777229 0.116363
vt 0.297497 0.584657
vt 0.753725 0.073566
vt 0.761182 0.072632
vt 0.316535 0.544544
vt 0.745087 0.056647
vt 0.750478 0.052149
vt 0.326198 0.529112
vt 0.728935 0.053066
vt 0.730552 0.046294
vt 0.341919 0.527044
vt 0.703255 0.061948
vt 0.703456 0.055007
vt 0.365697 0.537673
vt 0.669457 0.089386
vt 0.656966 0.077326
vt 0.395673 0.566699
vt 0.644441 0.102698
vt 0.634680 0.081100
vt 0.418445 0.581502
vt 0.605292 0.074188
vt 0.607664 0.094978
vt 0.568022 0.076921
vt 0.494573 0.541129
vt 0.454207 0.577207
vt 0.493569 0.563282
vt 0.529286 0.051594
vt 0.523878 0.028301
vt 0.532674 0.542339
vt 0.497255 0.038606
vt 0.497620 0.019982
vt 0.564344 0.532617
vt 0.462627 0.035250
vt 0.464203 0.013740
vt 0.597689 0.532310
vt 0.425809 0.031717
vt 0.431644 0.008565
vt 0.633139 0.532016
vt 0.381600 0.028744
vt 0.373475 0.010069
vt 0.675600 0.532875
vt 0.339093 0.026982
vt 0.332457 0.015449
vt 0.716334 0.534749
vt 0.304721 0.042511
vt 0.750709 0.535115
vt 0.747855 0.552451
vt 0.773820 0.548072
vt 0.282784 0.049814
vt 0.255019 0.059892
vt 0.248803 0.049040
vt 0.768190 0.561260
vt 0.793857 0.573205
vt 0.224197 0.079837
vt 0.220947 0.066565
vt 0.821618 0.594827
vt 0.201770 0.120805
vt 0.191941 0.108465
vt 0.839605 0.635820
vt 0.172961 0.157114
vt 0.164755 0.144763
vt 0.864076 0.672899
vt 0.136252 0.179405
vt 0.127424 0.171583
vt 0.897262 0.697254
vt 0.118860 0.215204
vt 0.109525 0.210501
vt 0.910873 0.732890
vt 0.127772 0.250970
vt 0.113917 0.249858
vt 0.899373 0.766295
vt 0.137729 0.294919
vt 0.123865 0.294519
vt 0.886189 0.807426
vt 0.152330 0.343241
vt 0.140472 0.345732
vt 0.868205 0.852344
vt 0.175457 0.381259
vt 0.162021 0.385654
vt 0.842943 0.886710
vt 0.221809 0.423436
vt 0.208839 0.429457
vt 0.795157 0.923104
vt 0.288679 0.466653
vt 0.280441 0.472907
vt 0.727692 0.958776
vt 0.323419 0.490535
vt 0.324553 0.475291
vt 0.361639 0.483782
vt 0.657795 0.984589
vt 0.692716 0.964023
vt 0.656595 0.969028
vt 0.617573 0.148068
vt 0.574003 0.132478
vt 0.440304 0.627070
vt 0.483210 0.615829
vt 0.522251 0.604443
vt 0.534463 0.117089
vt 0.557654 0.597490
vt 0.498301 0.106639
vt 0.592482 0.595512
vt 0.462284 0.101412
vt 0.628132 0.595821
vt 0.425203 0.098487
vt 0.665264 0.599776
vt 0.386250 0.099217
vt 0.700924 0.604763
vt 0.348734 0.101153
vt 0.732330 0.607714
vt 0.315824 0.101361
vt 0.788592 0.621880
vt 0.757958 0.613215
vt 0.256059 0.110961
vt 0.288687 0.104745
vt 0.810276 0.623672
vt 0.233359 0.110849
vt 0.823690 0.657576
vt 0.216330 0.144866
vt 0.847746 0.689938
vt 0.188382 0.176310
vt 0.872681 0.717626
vt 0.159944 0.202816
vt 0.886437 0.735765
vt 0.143996 0.220417
vt 0.877674 0.759390
vt 0.150953 0.245769
vt 0.863336 0.792196
vt 0.162868 0.281171
vt 0.843355 0.829189
vt 0.180266 0.321438
vt 0.816011 0.857286
vt 0.206127 0.353129
vt 0.779077 0.882599
vt 0.242209 0.382802
vt 0.735023 0.902759
vt 0.286160 0.407766
vt 0.662313 0.917186
vt 0.697780 0.911853
vt 0.324040 0.420608
vt 0.360416 0.429381
vt 0.628007 0.920859
vt 0.395737 0.436321
vt 0.594158 0.919849
vt 0.431009 0.438354
vt 0.561606 0.915046
vt 0.465279 0.436326
vt 0.528741 0.908223
vt 0.500059 0.432227
vt 0.495561 0.907593
vt 0.534601 0.434593
vt 0.461003 0.894470
vt 0.571713 0.424101
vt 0.426833 0.888267
vt 0.607792 0.420765
vt 0.366852 0.908313
vt 0.389096 0.895075
vt 0.646393 0.431277
vt 0.668307 0.447061
vt 0.352813 0.924684
vt 0.681407 0.465353
vt 0.343007 0.936796
vt 0.690496 0.478836
vt 0.329864 0.938313
vt 0.704018 0.481608
vt 0.331064 0.918656
vt 0.704560 0.461070
vt 0.335091 0.896489
vt 0.702394 0.437664
vt 0.338428 0.873923
vt 0.700979 0.413907
vt 0.337206 0.843959
vt 0.704978 0.382875
vt 0.331777 0.776849
vt 0.333582 0.810917
vt 0.716731 0.313620
vt 0.711754 0.348863
vt 0.331522 0.741287
vt 0.720235 0.276682
vt 0.332199 0.706069
vt 0.722738 0.240017
vt 0.325800 0.647285
vt 0.332612 0.672004
vt 0.734741 0.179504
vt 0.725410 0.204575
vt 0.320549 0.634462
vt 0.741366 0.166655
vt 0.320532 0.605171
vt 0.744051 0.136213
vt 0.337793 0.580506
vt 0.728356 0.109006
vt 0.348112 0.588540
vt 0.716900 0.116417
vt 0.373868 0.612300
vt 0.687968 0.138766
vt 0.389877 0.636769
vt 0.669101 0.162740
vt 0.382937 0.851707
vt 0.656743 0.386764
vt 0.379795 0.812394
vt 0.378629 0.772952
vt 0.663588 0.346191
vt 0.668392 0.305303
vt 0.379740 0.732017
vt 0.670964 0.262657
vt 0.383156 0.688389
vt 0.671386 0.217002
vt 0.423147 0.851549
vt 0.460595 0.853647
vt 0.614966 0.382939
vt 0.575854 0.381709
vt 0.496435 0.857528
vt 0.538251 0.382479
vt 0.578368 0.188368
vt 0.622672 0.201277
vt 0.623888 0.251107
vt 0.580152 0.241560
vt 0.425656 0.724926
vt 0.430985 0.677449
vt 0.474367 0.668829
vt 0.468215 0.719470
vt 0.421899 0.811455
vt 0.422552 0.769046
vt 0.463623 0.766302
vt 0.461210 0.810906
vt 0.580660 0.290653
vt 0.623097 0.297245
vt 0.619913 0.341381
vt 0.579107 0.337231
vt 0.498591 0.812100
vt 0.502237 0.764602
vt 0.540146 0.335068
vt 0.540681 0.285370
vt 0.507627 0.715452
vt 0.539555 0.233796
vt 0.514139 0.661693
vt 0.537682 0.177330
vt 0.531215 0.861576
vt 0.501734 0.383520
vt 0.565237 0.864896
vt 0.466072 0.383872
vt 0.599004 0.867278
vt 0.430760 0.383274
vt 0.632968 0.867867
vt 0.395407 0.380793
vt 0.667105 0.866004
vt 0.360096 0.375749
vt 0.701499 0.862424
vt 0.324676 0.368896
vt 0.550853 0.657119
vt 0.544592 0.712974
vt 0.499940 0.169233
vt 0.501362 0.227855
vt 0.586292 0.655143
vt 0.580159 0.712107
vt 0.463287 0.163952
vt 0.464475 0.223716
vt 0.538952 0.764294
vt 0.502550 0.281707
vt 0.534509 0.813176
vt 0.502718 0.332916
vt 0.574428 0.764622
vt 0.569476 0.814845
vt 0.466223 0.331467
vt 0.465650 0.278818
vt 0.609161 0.765247
vt 0.603861 0.816170
vt 0.430365 0.329713
vt 0.429493 0.276305
vt 0.615074 0.712269
vt 0.428171 0.220705
vt 0.621554 0.655311
vt 0.426623 0.160917
vt 0.656838 0.657213
vt 0.649654 0.713268
vt 0.389778 0.159680
vt 0.392141 0.218594
vt 0.643484 0.765845
vt 0.393766 0.273802
vt 0.637997 0.816637
vt 0.394845 0.327090
vt 0.677282 0.766461
vt 0.671872 0.816230
vt 0.359674 0.323583
vt 0.358582 0.271365
vt 0.683640 0.715204
vt 0.356642 0.217512
vt 0.691261 0.660253
vt 0.353725 0.159706
vt 0.710383 0.767561
vt 0.705292 0.815118
vt 0.325040 0.319384
vt 0.324079 0.269494
vt 0.716713 0.718212
vt 0.321994 0.217627
vt 0.724053 0.664158
vt 0.319287 0.160779
vt 0.736029 0.856084
vt 0.770121 0.845005
vt 0.254941 0.344545
vt 0.289364 0.359163
vt 0.766977 0.810912
vt 0.737632 0.813255
vt 0.742393 0.769935
vt 0.772315 0.775154
vt 0.291598 0.314503
vt 0.261312 0.309396
vt 0.259020 0.271746
vt 0.290594 0.269046
vt 0.749373 0.723195
vt 0.782138 0.732982
vt 0.252651 0.227021
vt 0.287595 0.219832
vt 0.756607 0.670140
vt 0.795641 0.679641
vt 0.243474 0.170352
vt 0.284908 0.164032
vt 0.798522 0.829746
vt 0.226812 0.326098
vt 0.797840 0.785793
vt 0.787782 0.809083
vt 0.231523 0.280479
vt 0.239855 0.305601
vt 0.819469 0.804834
vt 0.207309 0.298300
vt 0.811327 0.752317
vt 0.220553 0.244459
vt 0.837461 0.773628
vt 0.191451 0.264228
vt 0.827700 0.716412
vt 0.206806 0.205650
vt 0.854109 0.741688
vt 0.177057 0.229516
vt 0.458210 0.557554
vt 0.568995 0.053805
vt 0.595330 0.460891
vt 0.618628 0.463673
vt 0.692524 0.978673
vt 0.358975 0.499846
vt 0.303333 0.024233
vt 0.278133 0.035595
vt 0.776571 0.379604
vt 0.781641 0.353410
vt 0.790384 0.267053
vt 0.792943 0.240251
vt 0.395880 0.510085
vt 0.735035 0.965436
vt 0.807037 0.929938
vt 0.855404 0.892030
vt 0.879320 0.855714
vt 0.899460 0.808205
vt 0.912695 0.766393
vt 0.920181 0.729181
vt 0.906346 0.690524
vt 0.872945 0.661793
vt 0.850023 0.624860
vt 0.825832 0.582426
vt 0.800700 0.563363
vt 0.723635 0.524291
vt 0.684920 0.515723
vt 0.629505 0.509422
vt 0.597983 0.511639
vt 0.565553 0.514804
vt 0.539786 0.520551
vt 0.429572 0.561697
vt 0.408609 0.556229
vt 0.366085 0.531028
vt 0.340942 0.520443
vt 0.321427 0.524366
vt 0.309492 0.543029
vt 0.290513 0.583442
vt 0.275154 0.628623
vt 0.267895 0.672465
vt 0.265017 0.751832
vt 0.264375 0.781675
vt 0.274931 0.863031
vt 0.284397 0.893356
vt 0.296522 0.925132
vt 0.311283 0.953845
vt 0.317642 0.962658
vt 0.324205 0.965386
vt 0.338383 0.965007
vt 0.366481 0.951540
vt 0.391690 0.936704
vt 0.461558 0.937380
vt 0.489153 0.953906
vt 0.521815 0.973432
vt 0.557702 0.984383
vt 0.588403 0.988605
vn 0.023561 0.131609 0.991022
vn 0.123291 0.992371 -0.000000
vn -0.067551 0.997716 -0.000000
vn -0.014174 0.152320 0.988230
vn 0.023561 0.131609 -0.991022
vn -0.014174 0.152320 -0.988230
vn 0.045916 0.139752 0.989121
vn 0.259434 0.965761 -0.000000
vn 0.045916 0.139751 -0.989122
vn 0.054581 0.135905 0.989217
vn 0.398640 0.917108 -0.000000
vn 0.054581 0.135905 -0.989217
vn 0.090616 0.170642 0.981157
vn 0.486937 0.873437 0.000000
vn 0.090616 0.170642 -0.981157
vn 0.077424 0.181764 0.980289
vn 0.441842 0.897093 0.000000
vn 0.077424 0.181764 -0.980289
vn 0.020237 0.200352 0.979515
vn 0.160927 0.986966 -0.000000
vn 0.020237 0.200352 -0.979515
vn -0.208365 0.978051 -0.000000
vn -0.049875 0.186285 0.981229
vn -0.107918 0.211205 0.971466
vn -0.476556 0.879144 0.000000
vn -0.049875 0.186285 -0.981229
vn -0.107918 0.211205 -0.971466
vn -0.147161 0.250772 0.956795
vn -0.532891 0.846184 0.000000
vn -0.147161 0.250772 -0.956795
vn -0.127146 0.324224 0.937397
vn -0.350860 0.936428 0.000000
vn -0.127146 0.324224 -0.937397
vn 0.015363 0.300435 0.953679
vn 0.059755 0.998213 0.000000
vn 0.015363 0.300435 -0.953679
vn 0.669316 0.742978 -0.000001
vn 0.238214 0.289840 -0.926956
vn 0.238214 0.289840 0.926956
vn 0.288772 0.174031 0.941448
vn 0.877545 0.479495 -0.000000
vn 0.288772 0.174031 -0.941448
vn 0.228390 0.106784 0.967696
vn 0.921268 0.388927 0.000000
vn 0.228390 0.106784 -0.967696
vn 0.190623 0.076894 0.978647
vn 0.943956 0.330071 0.000000
vn 0.190623 0.076894 -0.978647
vn 0.154863 0.041842 0.987050
vn 0.968090 0.250603 -0.000000
vn 0.154863 0.041842 -0.987050
vn 0.138774 0.022105 0.990077
vn 0.987278 0.159006 -0.000000
vn 0.138774 0.022105 -0.990077
vn 0.994964 0.100229 -0.000000
vn 0.131248 0.013505 0.991258
vn 0.133747 0.003679 0.991009
vn 0.999458 0.032910 -0.000000
vn 0.131248 0.013505 -0.991258
vn 0.133747 0.003679 -0.991009
vn 0.123644 -0.002571 0.992323
vn 0.999968 0.007993 0.000000
vn 0.123644 -0.002571 -0.992323
vn 0.127537 0.004833 0.991822
vn 0.999289 0.037716 0.000000
vn 0.127537 0.004833 -0.991822
vn 0.999912 0.013248 0.000000
vn 0.125946 0.003468 0.992031
vn 0.198889 -0.025600 0.979688
vn 0.996832 -0.079538 -0.000000
vn 0.125946 0.003468 -0.992031
vn 0.198889 -0.025600 -0.979688
vn 0.232527 -0.070791 0.970010
vn 0.981445 -0.191744 0.000000
vn 0.232527 -0.070791 -0.970010
vn 0.246330 -0.099068 0.964110
vn 0.935965 -0.352093 -0.000000
vn 0.246330 -0.099068 -0.964110
vn 0.285343 -0.113476 0.951684
vn 0.902450 -0.430795 -0.000000
vn 0.285344 -0.113476 -0.951684
vn 0.175023 -0.270583 0.946653
vn 0.645874 -0.763444 -0.000000
vn 0.175023 -0.270583 -0.946653
vn -0.092573 -0.237885 0.966872
vn -0.132265 -0.991214 -0.000000
vn -0.092573 -0.237885 -0.966872
vn -0.119137 -0.175774 0.977195
vn -0.494441 -0.869211 -0.000000
vn -0.119137 -0.175774 -0.977195
vn -0.057695 -0.120351 0.991054
vn -0.465265 -0.885171 -0.000000
vn -0.057695 -0.120351 -0.991053
vn -0.010401 -0.080658 0.996688
vn -0.021819 -0.999762 0.000000
vn -0.010401 -0.080658 -0.996688
vn 0.318847 -0.947806 0.000000
vn 0.028845 -0.109597 0.993558
vn 0.056953 -0.118650 0.991301
vn 0.442012 -0.897009 0.000000
vn 0.028845 -0.109597 -0.993558
vn 0.056953 -0.118650 -0.991301
vn 0.065005 -0.130970 0.989253
vn 0.356506 -0.934293 0.000000
vn 0.065005 -0.130970 -0.989253
vn 0.037540 -0.120223 0.992037
vn 0.174111 -0.984726 0.000000
vn 0.037540 -0.120223 -0.992037
vn 0.026148 -0.110264 0.993558
vn 0.089616 -0.995976 0.000000
vn 0.026148 -0.110264 -0.993558
vn 0.002838 -0.129077 0.991631
vn 0.002293 -0.999997 0.000000
vn 0.002838 -0.129077 -0.991631
vn -0.024883 -0.132522 0.990868
vn -0.102751 -0.994707 0.000000
vn -0.024883 -0.132522 -0.990868
vn -0.053018 -0.141039 0.988584
vn -0.294125 -0.955767 0.000000
vn -0.053018 -0.141039 -0.988584
vn -0.056898 -0.098311 0.993528
vn -0.432685 -0.901545 0.000000
vn -0.056898 -0.098311 -0.993528
vn -0.439194 -0.898392 0.000000
vn -0.064336 -0.119064 0.990800
vn -0.090230 -0.142498 0.985674
vn -0.517430 -0.855726 -0.000000
vn -0.064336 -0.119064 -0.990800
vn -0.090230 -0.142498 -0.985674
vn -0.220027 -0.134795 0.966136
vn -0.717135 -0.696934 -0.000000
vn -0.220027 -0.134795 -0.966136
vn -0.194853 -0.107515 0.974922
vn -0.876029 -0.482259 0.000000
vn -0.194853 -0.107515 -0.974922
vn -0.133691 -0.163939 0.977369
vn -0.718430 -0.695599 0.000000
vn -0.133691 -0.163939 -0.977369
vn -0.240539 -0.200478 0.949710
vn -0.782276 -0.622932 -0.000000
vn -0.240539 -0.200478 -0.949710
vn -0.375661 -0.008322 0.926720
vn -0.990283 -0.139069 -0.000000
vn -0.375661 -0.008322 -0.926720
vn -0.284369 0.091587 0.954330
vn -0.961406 0.275133 -0.000000
vn -0.284369 0.091587 -0.954330
vn -0.240156 0.094090 0.966164
vn -0.944406 0.328783 0.000000
vn -0.240156 0.094090 -0.966164
vn -0.209282 0.111969 0.971424
vn -0.895818 0.444422 0.000000
vn -0.209282 0.111969 -0.971424
vn -0.158278 0.161350 0.974122
vn -0.743117 0.669161 0.000000
vn -0.158278 0.161351 -0.974122
vn -0.104417 0.186864 0.976821
vn -0.561807 0.827268 0.000000
vn -0.104417 0.186865 -0.976821
vn -0.074072 0.189287 0.979124
vn -0.415911 0.909405 0.000000
vn -0.074072 0.189287 -0.979124
vn -0.210044 0.977692 0.000000
vn -0.040093 0.146588 0.988385
vn -0.026844 0.128881 0.991297
vn -0.203881 0.978996 -0.000000
vn -0.040093 0.146588 -0.988385
vn -0.026844 0.128881 -0.991297
vn 0.001868 -0.010722 0.999941
vn 0.006972 -0.011030 0.999915
vn 0.001868 -0.010722 -0.999941
vn 0.006972 -0.011030 -0.999915
vn 0.007160 -0.008286 -0.999940
vn 0.007160 -0.008286 0.999940
vn 0.010245 -0.003132 -0.999943
vn 0.010245 -0.003132 0.999943
vn 0.013320 0.005066 -0.999899
vn 0.013320 0.005066 0.999899
vn 0.005638 0.010742 -0.999926
vn 0.005638 0.010742 0.999926
vn -0.009574 0.009139 -0.999912
vn -0.009574 0.009139 0.999912
vn -0.016398 0.002394 -0.999863
vn -0.016398 0.002394 0.999863
vn -0.013199 -0.003880 -0.999905
vn -0.013199 -0.003880 0.999905
vn -0.011029 -0.002909 -0.999935
vn -0.011604 -0.004502 -0.999923
vn -0.011029 -0.002909 0.999935
vn -0.011604 -0.004502 0.999923
vn -0.027473 0.002068 -0.999620
vn -0.027473 0.002068 0.999620
vn -0.023396 -0.026589 -0.999373
vn -0.023396 -0.026589 0.999373
vn -0.009116 -0.042332 -0.999062
vn -0.009116 -0.042332 0.999062
vn -0.018055 -0.034474 -0.999243
vn -0.018055 -0.034474 0.999243
vn -0.053472 -0.003592 -0.998563
vn -0.053472 -0.003592 0.998563
vn -0.029632 0.021028 -0.999340
vn -0.029632 0.021028 0.999340
vn -0.026848 0.017488 -0.999487
vn -0.026848 0.017488 0.999487
vn -0.031174 0.014635 -0.999407
vn -0.031174 0.014635 0.999407
vn -0.024283 0.019524 -0.999514
vn -0.024283 0.019524 0.999515
vn -0.013313 0.028417 -0.999507
vn -0.013313 0.028417 0.999507
vn -0.008173 0.031486 -0.999471
vn -0.008173 0.031486 0.999471
vn -0.000536 0.007221 -0.999974
vn -0.005861 0.018063 -0.999820
vn -0.005861 0.018063 0.999820
vn -0.000536 0.007221 0.999974
vn 0.000591 0.003845 -0.999992
vn 0.000591 0.003845 0.999992
vn 0.004914 0.005489 -0.999973
vn 0.004914 0.005489 0.999973
vn 0.004688 0.010009 -0.999939
vn 0.004688 0.010009 0.999939
vn 0.000205 0.012159 -0.999926
vn 0.000205 0.012159 0.999926
vn 0.006087 0.020051 -0.999780
vn 0.006087 0.020051 0.999780
vn 0.008101 0.022869 -0.999706
vn 0.008101 0.022869 0.999706
vn 0.000885 0.023751 -0.999718
vn 0.000885 0.023751 0.999718
vn -0.012375 0.050504 -0.998647
vn -0.007831 0.024495 -0.999669
vn -0.007831 0.024495 0.999669
vn -0.012375 0.050504 0.998647
vn -0.024216 0.073630 -0.996992
vn -0.024216 0.073630 0.996992
vn -0.026473 0.120755 -0.992329
vn -0.026473 0.120755 0.992329
vn 0.072420 0.103518 -0.991988
vn 0.072420 0.103518 0.991988
vn 0.061288 0.048995 -0.996917
vn 0.061288 0.048995 0.996917
vn 0.037282 0.033597 -0.998740
vn 0.037282 0.033597 0.998740
vn 0.016948 0.008274 -0.999822
vn 0.016948 0.008274 0.999822
vn 0.012932 -0.001203 -0.999916
vn 0.012932 -0.001203 0.999916
vn 0.013658 -0.001100 -0.999906
vn 0.013690 0.000976 -0.999906
vn 0.013658 -0.001100 0.999906
vn 0.013690 0.000976 0.999906
vn 0.015013 -0.003322 -0.999882
vn 0.015013 -0.003322 0.999882
vn 0.011708 0.001458 -0.999931
vn 0.011708 0.001458 0.999931
vn 0.017888 -0.004583 -0.999830
vn 0.011050 -0.000919 -0.999939
vn 0.017888 -0.004583 0.999830
vn 0.011050 -0.000919 0.999939
vn 0.029753 -0.011986 -0.999485
vn 0.029753 -0.011986 0.999485
vn 0.075570 -0.029820 -0.996695
vn 0.075570 -0.029819 0.996695
vn 0.035430 -0.044385 -0.998386
vn 0.035430 -0.044385 0.998386
vn -0.018562 -0.032821 -0.999289
vn -0.018562 -0.032820 0.999289
vn -0.001663 -0.022745 -0.999740
vn -0.001663 -0.022745 0.999740
vn 0.000126 -0.006726 -0.999977
vn 0.000126 -0.006726 0.999977
vn -0.003748 -0.003122 -0.999988
vn -0.003748 -0.003122 0.999988
vn -0.003402 -0.002178 -0.999992
vn -0.003634 -0.001073 -0.999993
vn -0.003402 -0.002178 0.999992
vn -0.003634 -0.001073 0.999993
vn -0.002426 -0.000995 -0.999997
vn -0.002426 -0.000995 0.999997
vn -0.000882 -0.000040 -1.000000
vn -0.000882 -0.000040 1.000000
vn 0.000760 -0.002123 -0.999997
vn -0.000886 -0.002743 -0.999996
vn 0.000760 -0.002123 0.999997
vn -0.000886 -0.002743 0.999996
vn -0.003341 -0.002282 -0.999992
vn -0.003341 -0.002282 0.999992
vn 0.000272 0.001455 0.999999
vn -0.000199 0.001088 0.999999
vn -0.000167 -0.000193 1.000000
vn 0.000035 -0.000015 1.000000
vn -0.000167 -0.000193 -1.000000
vn -0.000199 0.001088 -0.999999
vn 0.000272 0.001455 -0.999999
vn 0.000035 -0.000015 -1.000000
vn -0.000030 -0.003127 -0.999995
vn -0.000453 -0.000372 -1.000000
vn -0.000117 -0.000152 -1.000000
vn -0.000852 -0.002991 -0.999995
vn -0.000117 -0.000152 1.000000
vn -0.000453 -0.000372 1.000000
vn -0.000030 -0.003127 0.999995
vn -0.000852 -0.002991 0.999995
vn -0.001242 -0.001563 -0.999998
vn -0.000024 -0.000019 -1.000000
vn -0.001242 -0.001563 0.999998
vn -0.000024 -0.000019 1.000000
vn 0.000019 0.000030 -1.000000
vn 0.000019 0.000030 1.000000
vn 0.000419 0.002398 -0.999997
vn 0.000419 0.002398 0.999997
vn -0.002146 -0.000844 -0.999997
vn -0.002146 -0.000844 0.999997
vn -0.000239 0.000049 -1.000000
vn -0.000239 0.000049 1.000000
vn 0.000092 0.000142 -1.000000
vn 0.000092 0.000142 1.000000
vn 0.000800 -0.000386 -1.000000
vn 0.000800 -0.000386 1.000000
vn 0.003270 -0.002346 -0.999992
vn 0.003270 -0.002346 0.999992
vn 0.006262 -0.006020 -0.999962
vn 0.006262 -0.006020 0.999962
vn 0.000731 0.003636 -0.999993
vn -0.000027 0.000035 -1.000000
vn 0.000731 0.003636 0.999993
vn -0.000027 0.000035 1.000000
vn 0.002475 0.005848 -0.999980
vn -0.000013 0.000009 -1.000000
vn 0.002475 0.005848 0.999980
vn -0.000013 0.000009 1.000000
vn -0.000000 -0.000000 -1.000000
vn -0.000000 -0.000000 1.000000
vn -0.000470 -0.000315 -1.000000
vn -0.000470 -0.000315 1.000000
vn 0.000000 -0.000000 -1.000000
vn 0.000003 0.000002 -1.000000
vn 0.000003 0.000002 1.000000
vn -0.000000 -0.000000 1.000000
vn -0.000000 -0.000000 -1.000000
vn -0.000000 0.000000 -1.000000
vn -0.000000 0.000000 1.000000
vn -0.000000 -0.000000 1.000000
vn 0.000000 0.000000 -1.000000
vn -0.000000 0.000000 1.000000
vn 0.002266 0.008824 -0.999959
vn 0.002266 0.008824 0.999959
vn -0.000494 0.009724 -0.999953
vn 0.000000 -0.000000 -1.000000
vn -0.000494 0.009724 0.999953
vn -0.000000 -0.000000 1.000000
vn 0.000000 -0.000000 -1.000000
vn -0.000000 -0.000000 1.000000
vn 0.000068 -0.000050 -1.000000
vn 0.000068 -0.000050 1.000000
vn 0.000000 0.000000 -1.000000
vn 0.000554 -0.000494 -1.000000
vn 0.000554 -0.000494 1.000000
vn 0.000000 0.000000 1.000000
vn -0.000005 -0.000002 -1.000000
vn -0.000005 -0.000002 1.000000
vn -0.002995 0.007172 -0.999970
vn -0.002995 0.007172 0.999970
vn 0.000008 -0.000006 -1.000000
vn 0.001377 -0.001767 -0.999997
vn 0.001377 -0.001767 0.999998
vn 0.000008 -0.000006 1.000000
vn -0.000688 -0.000314 -1.000000
vn -0.000688 -0.000314 1.000000
vn -0.004919 0.002705 -0.999984
vn -0.004919 0.002705 0.999984
vn 0.007406 -0.010030 -0.999922
vn 0.007091 -0.012347 -0.999899
vn 0.007091 -0.012347 0.999899
vn 0.007406 -0.010030 0.999922
vn 0.003526 -0.005636 -0.999978
vn 0.002260 -0.003716 -0.999991
vn 0.000034 -0.000223 -1.000000
vn 0.001761 -0.000840 -0.999998
vn 0.002260 -0.003716 0.999991
vn 0.003526 -0.005636 0.999978
vn 0.001761 -0.000840 0.999998
vn 0.000034 -0.000223 1.000000
vn -0.002756 -0.001858 -0.999995
vn 0.002452 -0.003607 -0.999991
vn 0.002452 -0.003607 0.999991
vn -0.002756 -0.001858 0.999995
vn -0.008008 -0.002073 -0.999966
vn -0.004027 -0.009406 -0.999948
vn -0.004027 -0.009406 0.999948
vn -0.008008 -0.002073 0.999966
vn 0.005439 -0.012157 -0.999911
vn 0.005439 -0.012157 0.999911
vn 0.005915 -0.002459 -0.999980
vn 0.005273 -0.007562 -0.999958
vn 0.005915 -0.002459 0.999980
vn 0.005273 -0.007562 0.999958
vn 0.005341 -0.005872 -0.999969
vn 0.005341 -0.005872 0.999969
vn 0.010614 -0.001491 -0.999943
vn 0.010614 -0.001491 0.999943
vn 0.009869 0.002280 -0.999949
vn 0.009869 0.002280 0.999949
vn 0.012167 -0.010648 -0.999869
vn 0.012167 -0.010648 0.999869
vn 0.014531 0.000694 -0.999894
vn 0.014531 0.000694 0.999894
s 1
g Taiyakisecon_low
usemtl standardSurface5SG
f 379/421/379 380/422/380 381/841/381 382/424/382
f 384/425/383 383/426/384 381/423/381 380/884/380
f 380/422/380 379/421/379 385/427/385 386/428/386
f 384/425/383 380/884/380 386/883/386 387/429/387
f 386/428/386 385/427/385 388/430/388 389/431/389
f 387/429/387 386/883/386 389/882/389 390/432/390
f 389/431/389 388/430/388 391/433/391 392/434/392
f 390/432/390 389/882/389 392/881/392 393/435/393
f 392/434/392 391/433/391 394/436/394 395/437/395
f 393/435/393 392/881/392 395/880/395 396/438/396
f 395/437/395 394/436/394 767/439/397 768/831/398
f 396/438/396 395/880/395 768/440/398 769/441/399
f 398/832/400 397/443/401 400/444/402 401/445/403
f 399/446/404 398/442/400 401/879/403 402/447/405
f 401/445/403 400/444/402 403/448/406 404/449/407
f 402/447/405 401/879/403 404/878/407 405/450/408
f 404/449/407 403/448/406 406/451/409 407/452/410
f 405/450/408 404/878/407 407/877/410 408/453/411
f 406/451/409 409/454/412 410/455/413 407/452/410
f 411/456/414 408/453/411 407/877/410 410/876/413
f 411/456/414 410/876/413 412/875/415 413/458/416
f 410/455/413 409/454/412 414/459/417 412/457/415
f 414/459/417 415/460/418 416/461/419 412/457/415
f 417/462/420 413/458/416 412/875/415 416/874/419
f 416/461/419 415/460/418 418/463/421 419/464/422
f 417/462/420 416/874/419 419/873/422 420/465/423
f 419/464/422 418/463/421 421/466/424 422/467/425
f 420/465/423 419/873/422 422/872/425 423/468/426
f 422/467/425 421/466/424 424/469/427 425/470/428
f 423/468/426 422/872/425 425/871/428 426/471/429
f 425/470/428 424/469/427 729/472/430 730/837/431
f 426/471/429 425/871/428 730/473/431 731/474/432
f 428/838/433 427/476/434 430/477/435 431/478/436
f 429/479/437 428/475/433 431/870/436 432/480/438
f 431/478/436 430/477/435 433/481/439 434/482/440
f 432/480/438 431/870/436 434/869/440 435/483/441
f 434/482/440 433/481/439 698/484/442 699/839/443
f 435/483/441 434/869/440 699/485/443 700/486/444
f 437/840/445 436/488/446 439/489/447 440/490/448
f 438/491/449 437/487/445 440/868/448 441/492/450
f 440/490/448 439/489/447 442/493/451 443/494/452
f 441/492/450 440/868/448 443/867/452 444/495/453
f 443/494/452 442/493/451 445/496/454 446/497/455
f 444/495/453 443/867/452 446/866/455 447/498/456
f 446/497/455 445/496/454 448/499/457 449/500/458
f 447/498/456 446/866/455 449/865/458 450/501/459
f 449/500/458 448/499/457 451/502/460 452/503/461
f 450/501/459 449/865/458 452/864/461 453/504/462
f 451/502/460 454/505/463 455/506/464 452/503/461
f 456/507/465 453/504/462 452/864/461 455/863/464
f 455/506/464 454/505/463 457/508/466 458/509/467
f 456/507/465 455/863/464 458/862/467 459/510/468
f 458/509/467 457/508/466 460/511/469 461/512/470
f 459/510/468 458/862/467 461/861/470 462/513/471
f 461/512/470 460/511/469 463/514/472 464/515/473
f 462/513/471 461/861/470 464/860/473 465/516/474
f 778/517/475 779/518/476 466/519/477 467/830/478
f 777/521/479 778/829/475 467/520/478 468/522/480
f 467/830/478 466/519/477 469/523/481 470/524/482
f 468/522/480 467/520/478 470/859/482 471/525/483
f 470/524/482 469/523/481 472/526/484 473/527/485
f 471/525/483 470/859/482 473/858/485 474/528/486
f 473/527/485 472/526/484 475/529/487 476/530/488
f 474/528/486 473/858/485 476/857/488 477/531/489
f 476/530/488 475/529/487 478/532/490 479/533/491
f 477/531/489 476/857/488 479/856/491 480/534/492
f 479/533/491 478/532/490 481/535/493 482/536/494
f 480/534/492 479/856/491 482/855/494 483/537/495
f 482/536/494 481/535/493 484/538/496 485/539/497
f 483/537/495 482/855/494 485/854/497 486/540/498
f 485/539/497 484/538/496 747/541/499 748/835/500
f 486/540/498 485/854/497 748/542/500 749/543/501
f 488/836/502 487/545/503 490/546/504 491/547/505
f 489/548/506 488/544/502 491/853/505 492/549/507
f 491/547/505 490/546/504 493/550/508 494/551/509
f 492/549/507 491/853/505 494/852/509 495/552/510
f 494/551/509 493/550/508 496/553/511 497/554/512
f 495/552/510 494/852/509 497/851/512 498/555/513
f 497/554/512 496/553/511 499/556/514 500/557/515
f 498/555/513 497/851/512 500/850/515 501/558/516
f 500/557/515 499/556/514 502/559/517 503/560/518
f 501/558/516 500/850/515 503/849/518 504/561/519
f 503/560/518 502/559/517 505/562/520 506/563/521
f 504/561/519 503/849/518 506/848/521 507/564/522
f 506/563/521 505/562/520 508/565/523 509/566/524
f 507/564/522 506/848/521 509/847/524 510/567/525
f 509/566/524 508/565/523 511/568/526 512/569/527
f 510/567/525 509/847/524 512/846/527 513/570/528
f 512/569/527 511/568/526 514/571/529 515/572/530
f 513/570/528 512/846/527 515/845/530 516/573/531
f 515/572/530 514/571/529 517/574/532 518/575/533
f 516/573/531 515/845/530 518/844/533 519/576/534
f 518/575/533 517/574/532 520/577/535 521/578/536
f 519/576/534 518/844/533 521/843/536 522/579/537
f 521/578/536 520/577/535 523/580/538 524/581/539
f 522/579/537 521/843/536 524/842/539 525/582/540
f 758/583/541 759/584/542 526/585/543 527/834/544
f 757/587/545 758/833/541 527/586/544 528/588/546
f 526/585/543 382/424/382 381/841/381 527/834/544
f 383/426/384 528/588/546 527/586/544 381/423/381
f 466/519/477 779/518/476 780/589/547 530/590/548
f 776/591/549 777/521/479 468/522/480 532/592/550
f 532/592/550 468/522/480 471/525/483 533/593/551
f 466/519/477 530/590/548 534/594/552 469/523/481
f 533/593/551 471/525/483 474/528/486 535/595/553
f 469/523/481 534/594/552 536/596/554 472/526/484
f 477/531/489 537/597/555 535/595/553 474/528/486
f 538/598/556 475/529/487 472/526/484 536/596/554
f 480/534/492 539/599/557 537/597/555 477/531/489
f 540/600/558 478/532/490 475/529/487 538/598/556
f 539/599/557 480/534/492 483/537/495 541/601/559
f 478/532/490 540/600/558 542/602/560 481/535/493
f 486/540/498 543/603/561 541/601/559 483/537/495
f 544/604/562 484/538/496 481/535/493 542/602/560
f 749/543/501 750/605/563 543/603/561 486/540/498
f 766/606/564 747/541/499 484/538/496 544/604/562
f 492/549/507 547/607/565 545/608/566 489/548/506
f 548/609/567 490/546/504 487/545/503 546/610/568
f 495/552/510 549/611/569 547/607/565 492/549/507
f 550/612/570 493/550/508 490/546/504 548/609/567
f 495/552/510 498/555/513 551/613/571 549/611/569
f 496/553/511 493/550/508 550/612/570 552/614/572
f 553/615/573 551/613/571 498/555/513 501/558/516
f 552/614/572 554/616/574 499/556/514 496/553/511
f 555/617/575 553/615/573 501/558/516 504/561/519
f 554/616/574 556/618/576 502/559/517 499/556/514
f 507/564/522 557/619/577 555/617/575 504/561/519
f 558/620/578 505/562/520 502/559/517 556/618/576
f 559/621/579 557/619/577 507/564/522 510/567/525
f 558/620/578 560/622/580 508/565/523 505/562/520
f 561/623/581 559/621/579 510/567/525 513/570/528
f 560/622/580 562/624/582 511/568/526 508/565/523
f 513/570/528 516/573/531 563/625/583 561/623/581
f 514/571/529 511/568/526 562/624/582 564/626/584
f 565/627/585 563/625/583 516/573/531 519/576/534
f 564/626/584 566/628/586 517/574/532 514/571/529
f 519/576/534 522/579/537 567/629/587 565/627/585
f 520/577/535 517/574/532 566/628/586 568/630/588
f 569/631/589 567/629/587 522/579/537 525/582/540
f 568/630/588 570/632/590 523/580/538 520/577/535
f 571/633/591 756/634/592 757/587/545 528/588/546
f 759/584/542 760/635/593 572/636/594 526/585/543
f 383/426/384 573/637/595 571/633/591 528/588/546
f 574/638/596 382/424/382 526/585/543 572/636/594
f 384/425/383 575/639/597 573/637/595 383/426/384
f 576/640/598 379/421/379 382/424/382 574/638/596
f 575/639/597 384/425/383 387/429/387 577/641/599
f 379/421/379 576/640/598 578/642/600 385/427/385
f 390/432/390 579/643/601 577/641/599 387/429/387
f 580/644/602 388/430/388 385/427/385 578/642/600
f 579/643/601 390/432/390 393/435/393 581/645/603
f 388/430/388 580/644/602 582/646/604 391/433/391
f 583/647/605 581/645/603 393/435/393 396/438/396
f 582/646/604 584/648/606 394/436/394 391/433/391
f 769/441/399 770/649/607 583/647/605 396/438/396
f 584/648/606 786/650/608 767/439/397 394/436/394
f 399/446/404 402/447/405 587/651/609 585/652/610
f 400/444/402 397/443/401 586/653/611 588/654/612
f 589/655/613 587/651/609 402/447/405 405/450/408
f 588/654/612 590/656/614 403/448/406 400/444/402
f 589/655/613 405/450/408 408/453/411 591/657/615
f 403/448/406 590/656/614 592/658/616 406/451/409
f 591/657/615 408/453/411 411/456/414 593/659/617
f 406/451/409 592/658/616 594/660/618 409/454/412
f 593/659/617 411/456/414 413/458/416
f 409/454/412 594/660/618 414/459/417
f 593/659/617 413/458/416 417/462/420
f 414/459/417 594/660/618 415/460/418
f 593/659/617 417/462/420 420/465/423 595/661/619
f 415/460/418 594/660/618 596/662/620 418/463/421
f 595/661/619 420/465/423 423/468/426 597/663/621
f 418/463/421 596/662/620 598/664/622 421/466/424
f 597/663/621 423/468/426 426/471/429 599/665/623
f 421/466/424 598/664/622 600/666/624 424/469/427
f 599/665/623 426/471/429 731/474/432 732/667/625
f 424/469/427 600/666/624 728/668/626 729/472/430
f 432/480/438 603/669/627 601/670/628 429/479/437
f 604/671/629 430/477/435 427/476/434 602/672/630
f 435/483/441 605/673/631 603/669/627 432/480/438
f 606/674/632 433/481/439 430/477/435 604/671/629
f 700/486/444 701/675/633 605/673/631 435/483/441
f 697/676/634 698/484/442 433/481/439 606/674/632
f 441/492/450 609/677/635 607/678/636 438/491/449
f 610/679/637 439/489/447 436/488/446 608/680/638
f 609/677/635 441/492/450 444/495/453 611/681/639
f 439/489/447 610/679/637 612/682/640 442/493/451
f 447/498/456 613/683/641 611/681/639 444/495/453
f 614/684/642 445/496/454 442/493/451 612/682/640
f 450/501/459 615/685/643 613/683/641 447/498/456
f 616/686/644 448/499/457 445/496/454 614/684/642
f 615/685/643 450/501/459 453/504/462
f 448/499/457 616/686/644 451/502/460
f 615/685/643 453/504/462 456/507/465
f 451/502/460 616/686/644 454/505/463
f 615/685/643 456/507/465 459/510/468 617/687/645
f 454/505/463 616/686/644 618/688/646 457/508/466
f 462/513/471 619/689/647 617/687/645 459/510/468
f 620/690/648 460/511/469 457/508/466 618/688/646
f 465/516/474 531/691/649 619/689/647 462/513/471
f 529/692/650 463/514/472 460/511/469 620/690/648
f 591/657/615 593/659/617 595/661/619 589/655/613
f 594/660/618 592/658/616 590/656/614 596/662/620
f 589/655/613 595/661/619 597/663/621 587/651/609
f 596/662/620 590/656/614 588/654/612 598/664/622
f 587/651/609 597/663/621 599/665/623 585/652/610
f 598/664/622 588/654/612 586/653/611 600/666/624
f 585/652/610 599/665/623 732/667/625 733/693/651
f 600/666/624 586/653/611 727/694/652 728/668/626
f 621/695/653 601/670/628 603/669/627 623/696/654
f 602/672/630 622/697/655 624/698/656 604/671/629
f 623/696/654 603/669/627 605/673/631 625/699/657
f 604/671/629 624/698/656 626/700/658 606/674/632
f 613/683/641 615/685/643 617/687/645 611/681/639
f 616/686/644 614/684/642 612/682/640 618/688/646
f 611/681/639 617/687/645 619/689/647 609/677/635
f 618/688/646 612/682/640 610/679/637 620/690/648
f 609/677/635 619/689/647 531/691/649 607/678/636
f 620/690/648 610/679/637 608/680/638 529/692/650
f 701/675/633 702/701/659 625/699/657 605/673/631
f 696/702/660 697/676/634 606/674/632 626/700/658
f 583/647/605 770/649/607 771/703/661 734/704/662
f 785/705/663 786/650/608 584/648/606 726/706/664
f 581/645/603 583/647/605 734/704/662 735/707/665
f 584/648/606 582/646/604 725/708/666 726/706/664
f 695/709/667 781/710/668 782/711/669 631/712/670
f 774/713/671 775/714/672 703/715/673 632/716/674
f 772/717/675 773/718/676 633/719/677 627/720/678
f 634/721/679 783/722/680 784/723/681 628/724/682
f 633/719/677 773/718/676 774/713/671 632/716/674
f 782/711/669 783/722/680 634/721/679 631/712/670
f 629/725/683 627/720/678 633/719/677 635/726/684
f 628/724/682 630/727/685 636/728/686 634/721/679
f 637/729/687 635/726/684 633/719/677 632/716/674
f 636/728/686 638/730/688 631/712/670 634/721/679
f 632/716/674 703/715/673 704/731/689 637/729/687
f 694/732/690 695/709/667 631/712/670 638/730/688
f 579/643/601 581/645/603 735/707/665 736/733/691
f 582/646/604 580/644/602 724/734/692 725/708/666
f 579/643/601 736/733/691 737/735/693 577/641/599
f 723/736/694 724/734/692 580/644/602 578/642/600
f 577/641/599 737/735/693 738/737/695 575/639/597
f 722/738/696 723/736/694 578/642/600 576/640/598
f 575/639/597 738/737/695 739/739/697 573/637/595
f 721/740/698 722/738/696 576/640/598 574/638/596
f 573/637/595 739/739/697 740/741/699 571/633/591
f 720/742/700 721/740/698 574/638/596 572/636/594
f 571/633/591 740/741/699 755/743/701 756/634/592
f 760/635/593 761/744/702 720/742/700 572/636/594
f 637/729/687 704/731/689 705/745/703 651/746/704
f 693/747/705 694/732/690 638/730/688 652/748/706
f 651/746/704 705/745/703 706/749/707 653/750/708
f 692/751/709 693/747/705 652/748/706 654/752/710
f 635/726/684 637/729/687 651/746/704 655/753/711
f 638/730/688 636/728/686 656/754/712 652/748/706
f 629/725/683 635/726/684 655/753/711 639/755/713
f 636/728/686 630/727/685 640/756/714 656/754/712
f 639/755/713 655/753/711 657/757/715 641/758/716
f 656/754/712 640/756/714 642/759/717 658/760/718
f 655/753/711 651/746/704 653/750/708 657/757/715
f 652/748/706 656/754/712 658/760/718 654/752/710
f 641/758/716 657/757/715 659/761/719 643/762/720
f 658/760/718 642/759/717 644/763/721 660/764/722
f 657/757/715 653/750/708 661/765/723 659/761/719
f 654/752/710 658/760/718 660/764/722 662/766/724
f 653/750/708 706/749/707 707/767/725 661/765/723
f 691/768/726 692/751/709 654/752/710 662/766/724
f 661/765/723 707/767/725 708/769/727 663/770/728
f 690/771/729 691/768/726 662/766/724 664/772/730
f 659/761/719 661/765/723 663/770/728 665/773/731
f 662/766/724 660/764/722 666/774/732 664/772/730
f 659/761/719 665/773/731 645/775/733 643/762/720
f 666/774/732 660/764/722 644/763/721 646/776/734
f 645/775/733 665/773/731 667/777/735 647/778/736
f 666/774/732 646/776/734 648/779/737 668/780/738
f 665/773/731 663/770/728 669/781/739 667/777/735
f 664/772/730 666/774/732 668/780/738 670/782/740
f 663/770/728 708/769/727 709/783/741 669/781/739
f 689/784/742 690/771/729 664/772/730 670/782/740
f 753/785/743 754/786/744 647/778/736 667/777/735
f 648/779/737 762/787/745 763/788/746 668/780/738
f 752/789/747 753/785/743 667/777/735 669/781/739
f 668/780/738 763/788/746 764/790/748 670/782/740
f 709/783/741 751/791/749 752/789/747 669/781/739
f 764/790/748 765/792/750 689/784/742 670/782/740
f 567/629/587 569/631/589 741/793/751 742/794/752
f 570/632/590 568/630/588 718/795/753 719/796/754
f 675/797/755 649/798/756 671/799/757 677/800/758
f 650/801/759 676/802/760 678/803/761 672/804/762
f 677/800/758 671/799/757 673/805/763 679/806/764
f 672/804/762 678/803/761 680/807/765 674/808/766
f 679/806/764 673/805/763 710/809/767 711/810/768
f 674/808/766 680/807/765 687/811/769 688/812/770
f 567/629/587 742/794/752 743/813/771 565/627/585
f 717/814/772 718/795/753 568/630/588 566/628/586
f 677/800/758 683/815/773 681/816/774 675/797/755
f 684/817/775 678/803/761 676/802/760 682/818/776
f 743/813/771 744/819/777 563/625/583 565/627/585
f 716/820/778 717/814/772 566/628/586 564/626/584
f 685/821/779 683/815/773 677/800/758 679/806/764
f 684/817/775 686/822/780 680/807/765 678/803/761
f 561/623/581 563/625/583 744/819/777 745/823/781
f 564/626/584 562/624/582 715/824/782 716/820/778
f 688/812/770 687/811/769 548/609/567 546/610/568
f 689/784/742 765/792/750 766/606/564 544/604/562
f 542/602/560 690/771/729 689/784/742 544/604/562
f 540/600/558 691/768/726 690/771/729 542/602/560
f 538/598/556 692/751/709 691/768/726 540/600/558
f 536/596/554 693/747/705 692/751/709 538/598/556
f 534/594/552 694/732/690 693/747/705 536/596/554
f 530/590/548 695/709/667 694/732/690 534/594/552
f 530/590/548 780/589/547 781/710/668 695/709/667
f 529/692/650 608/680/638 697/676/634 696/702/660
f 608/680/638 436/488/446 698/484/442 697/676/634
f 699/839/443 698/484/442 436/488/446 437/840/445
f 700/486/444 699/485/443 437/487/445 438/491/449
f 438/491/449 607/678/636 701/675/633 700/486/444
f 607/678/636 531/691/649 702/701/659 701/675/633
f 775/714/672 776/591/549 532/592/550 703/715/673
f 704/731/689 703/715/673 532/592/550 533/593/551
f 705/745/703 704/731/689 533/593/551 535/595/553
f 706/749/707 705/745/703 535/595/553 537/597/555
f 707/767/725 706/749/707 537/597/555 539/599/557
f 708/769/727 707/767/725 539/599/557 541/601/559
f 709/783/741 708/769/727 541/601/559 543/603/561
f 750/605/563 751/791/749 709/783/741 543/603/561
f 711/810/768 710/809/767 545/608/566 547/607/565
f 711/810/768 712/825/783 685/821/779 679/806/764
f 713/826/784 687/811/769 680/807/765 686/822/780
f 561/623/581 745/823/781 746/827/785 559/621/579
f 714/828/786 715/824/782 562/624/582 560/622/580
f 686/822/780 715/824/782 714/828/786 713/826/784
f 716/820/778 715/824/782 686/822/780 684/817/775
f 684/817/775 682/818/776 717/814/772 716/820/778
f 676/802/760 718/795/753 717/814/772 682/818/776
f 719/796/754 718/795/753 676/802/760 650/801/759
f 648/779/737 720/742/700 761/744/702 762/787/745
f 646/776/734 721/740/698 720/742/700 648/779/737
f 644/763/721 722/738/696 721/740/698 646/776/734
f 642/759/717 723/736/694 722/738/696 644/763/721
f 640/756/714 724/734/692 723/736/694 642/759/717
f 725/708/666 724/734/692 640/756/714 630/727/685
f 726/706/664 725/708/666 630/727/685 628/724/682
f 784/723/681 785/705/663 726/706/664 628/724/682
f 728/668/626 727/694/652 622/697/655 602/672/630
f 729/472/430 728/668/626 602/672/630 427/476/434
f 730/837/431 729/472/430 427/476/434 428/838/433
f 731/474/432 730/473/431 428/475/433 429/479/437
f 732/667/625 731/474/432 429/479/437 601/670/628
f 733/693/651 732/667/625 601/670/628 621/695/653
f 734/704/662 771/703/661 772/717/675 627/720/678
f 735/707/665 734/704/662 627/720/678 629/725/683
f 736/733/691 735/707/665 629/725/683 639/755/713
f 737/735/693 736/733/691 639/755/713 641/758/716
f 738/737/695 737/735/693 641/758/716 643/762/720
f 739/739/697 738/737/695 643/762/720 645/775/733
f 740/741/699 739/739/697 645/775/733 647/778/736
f 754/786/744 755/743/701 740/741/699 647/778/736
f 742/794/752 741/793/751 649/798/756 675/797/755
f 743/813/771 742/794/752 675/797/755 681/816/774
f 681/816/774 683/815/773 744/819/777 743/813/771
f 745/823/781 744/819/777 683/815/773 685/821/779
f 746/827/785 745/823/781 685/821/779 712/825/783
f 557/619/577 559/621/579 746/827/785 555/617/575
f 560/622/580 558/620/578 556/618/576 714/828/786
f 553/615/573 555/617/575 746/827/785 712/825/783
f 556/618/576 554/616/574 713/826/784 714/828/786
f 553/615/573 712/825/783 711/810/768 551/613/571
f 713/826/784 554/616/574 552/614/572 687/811/769
f 549/611/569 551/613/571 711/810/768 547/607/565
f 552/614/572 550/612/570 548/609/567 687/811/769
f 748/835/500 747/541/499 487/545/503 488/836/502
f 749/543/501 748/542/500 488/544/502 489/548/506
f 489/548/506 545/608/566 750/605/563 749/543/501
f 545/608/566 710/809/767 751/791/749 750/605/563
f 752/789/747 751/791/749 710/809/767 673/805/763
f 671/799/757 753/785/743 752/789/747 673/805/763
f 649/798/756 754/786/744 753/785/743 671/799/757
f 741/793/751 755/743/701 754/786/744 649/798/756
f 756/634/592 755/743/701 741/793/751 569/631/589
f 757/587/545 756/634/592 569/631/589 525/582/540
f 525/582/540 524/842/539 758/833/541 757/587/545
f 524/581/539 523/580/538 759/584/542 758/583/541
f 570/632/590 760/635/593 759/584/542 523/580/538
f 719/796/754 761/744/702 760/635/593 570/632/590
f 762/787/745 761/744/702 719/796/754 650/801/759
f 763/788/746 762/787/745 650/801/759 672/804/762
f 764/790/748 763/788/746 672/804/762 674/808/766
f 674/808/766 688/812/770 765/792/750 764/790/748
f 766/606/564 765/792/750 688/812/770 546/610/568
f 546/610/568 487/545/503 747/541/499 766/606/564
f 768/831/398 767/439/397 397/443/401 398/832/400
f 769/441/399 768/440/398 398/442/400 399/446/404
f 585/652/610 770/649/607 769/441/399 399/446/404
f 771/703/661 770/649/607 585/652/610 733/693/651
f 772/717/675 771/703/661 733/693/651 621/695/653
f 623/696/654 773/718/676 772/717/675 621/695/653
f 774/713/671 773/718/676 623/696/654 625/699/657
f 702/701/659 775/714/672 774/713/671 625/699/657
f 531/691/649 776/591/549 775/714/672 702/701/659
f 465/516/474 777/521/479 776/591/549 531/691/649
f 465/516/474 464/860/473 778/829/475 777/521/479
f 464/515/473 463/514/472 779/518/476 778/517/475
f 780/589/547 779/518/476 463/514/472 529/692/650
f 781/710/668 780/589/547 529/692/650 696/702/660
f 782/711/669 781/710/668 696/702/660 626/700/658
f 624/698/656 783/722/680 782/711/669 626/700/658
f 784/723/681 783/722/680 624/698/656 622/697/655
f 727/694/652 785/705/663 784/723/681 622/697/655
f 586/653/611 786/650/608 785/705/663 727/694/652
f 767/439/397 786/650/608 586/653/611 397/443/401
