# Apple ModelIO OBJ File: Takoyaki_Pan
mtllib Takoyaki_Pan.mtl
g Takoyaki_Pan_TakoyakiSG
v 0.184776 0.787119 0.123356
v 0.199997 0.787119 0.199905
v 0.174496 0.718073 0.130859
v 0.184776 0.71057 0.199905
v 0.135099 0.652019 0.141281
v 0.141426 0.645692 0.199905
v 0.076546 0.602342 0.199905
v 0.069046 0.612624 0.130859
v -2e-06 0.58712 0.199905
v -2e-06 0.602342 0.123356
v 0.058622 0.652019 0.064804
v -2e-06 0.645692 0.058479
v -2e-06 0.71057 0.015129
v 0.069046 0.718073 0.02541
v -2e-06 0.787119 -9.5e-05
v 0.076546 0.787119 0.015129
v 0.135099 0.728495 0.064804
v 0.141426 0.787119 0.058479
v 0.115437 0.671681 0.084467
v -0.06905 0.612624 0.130859
v -0.07655 0.602342 0.199905
v -0.135103 0.652019 0.141281
v -0.14143 0.645692 0.199905
v -0.18478 0.71057 0.199905
v -0.1745 0.718073 0.130859
v -0.200001 0.787119 0.199905
v -0.18478 0.787119 0.123356
v -0.135103 0.728495 0.064804
v -0.14143 0.787119 0.058479
v -0.07655 0.787119 0.015129
v -0.06905 0.718073 0.02541
v -0.058626 0.652019 0.064804
v -0.11544 0.671681 0.084467
v -2e-06 0.971897 0.123356
v -2e-06 0.987119 0.199905
v 0.069046 0.961615 0.130859
v 0.076546 0.971897 0.199905
v 0.135099 0.92222 0.141281
v 0.141426 0.928546 0.199905
v 0.184776 0.863668 0.199905
v 0.174496 0.856166 0.130859
v 0.135099 0.845744 0.064804
v 0.069046 0.856166 0.02541
v -2e-06 0.863668 0.015129
v 0.058622 0.92222 0.064804
v -2e-06 0.928546 0.058479
v 0.115437 0.902558 0.084467
v -0.1745 0.856166 0.130859
v -0.18478 0.863668 0.199905
v -0.135103 0.92222 0.141281
v -0.14143 0.928546 0.199905
v -0.07655 0.971897 0.199905
v -0.06905 0.961615 0.130859
v -0.058626 0.92222 0.064804
v -0.06905 0.856166 0.02541
v -0.135103 0.845744 0.064804
v -0.11544 0.902558 0.084467
v -2e-06 0.863668 0.384682
v -2e-06 0.787119 0.399906
v 0.069046 0.856166 0.374401
v 0.076546 0.787119 0.384682
v 0.135099 0.845744 0.335007
v 0.141426 0.787119 0.341331
v 0.184776 0.787119 0.276455
v 0.174496 0.856166 0.268951
v 0.135099 0.92222 0.25853
v 0.069046 0.961615 0.268951
v -2e-06 0.971897 0.276455
v 0.058622 0.92222 0.335007
v -2e-06 0.928546 0.341331
v 0.115437 0.902558 0.315344
v -0.1745 0.856166 0.268951
v -0.18478 0.787119 0.276455
v -0.135103 0.845744 0.335007
v -0.14143 0.787119 0.341331
v -0.07655 0.787119 0.384682
v -0.06905 0.856166 0.374401
v -0.058626 0.92222 0.335007
v -0.06905 0.961615 0.268951
v -0.135103 0.92222 0.25853
v -0.11544 0.902558 0.315344
v -2e-06 0.602342 0.276455
v 0.069046 0.612624 0.268951
v 0.135099 0.652019 0.25853
v 0.174496 0.718073 0.268951
v 0.135099 0.728495 0.335007
v 0.069046 0.718073 0.374401
v -2e-06 0.71057 0.384682
v 0.058622 0.652019 0.335007
v -2e-06 0.645692 0.341331
v 0.115437 0.671681 0.315344
v -0.1745 0.718073 0.268951
v -0.135103 0.652019 0.25853
v -0.06905 0.612624 0.268951
v -0.058626 0.652019 0.335007
v -0.06905 0.718073 0.374401
v -0.135103 0.728495 0.335007
v -0.11544 0.671681 0.315344
vn 0.930239 -0 -0.366955
vn 1 1e-06 0
vn 0.87881 -0.337412 -0.33741
vn 0.930241 -0.366948 0
vn 0.673152 -0.673165 -0.30613
vn 0.707098 -0.707116 -0
vn 0.366953 -0.930239 0
vn 0.337414 -0.878809 -0.337412
vn 0 -1 1e-06
vn -0 -0.930238 -0.366958
vn 0.306118 -0.673163 -0.673159
vn -0 -0.70712 -0.707093
vn -1e-06 -0.366973 -0.930232
vn 0.337411 -0.337415 -0.878809
vn 0 -0 -1
vn 0.366954 -0 -0.930239
vn 0.673152 -0.30613 -0.673165
vn 0.707103 0 -0.707111
vn 0.577346 -0.577352 -0.577352
vn -0.337415 -0.878809 -0.337411
vn -0.366948 -0.930241 1e-06
vn -0.673159 -0.673158 -0.306131
vn -0.707099 -0.707115 0
vn -0.930241 -0.366948 -0
vn -0.878811 -0.33741 -0.337411
vn -1 -1e-06 -0
vn -0.930238 -2e-06 -0.366956
vn -0.673153 -0.306131 -0.673163
vn -0.707104 -0 -0.70711
vn -0.366954 -0 -0.930239
vn -0.33741 -0.337425 -0.878805
vn -0.306116 -0.673166 -0.673157
vn -0.577348 -0.57735 -0.577353
vn -1e-06 0.930235 -0.366964
vn -0 1 -1e-06
vn 0.337416 0.878808 -0.337412
vn 0.366956 0.930239 -0
vn 0.673154 0.673164 -0.306126
vn 0.7071 0.707114 0
vn 0.930241 0.366949 -0
vn 0.878811 0.337412 -0.337409
vn 0.673153 0.30613 -0.673164
vn 0.33741 0.337415 -0.878809
vn 2e-06 0.366972 -0.930232
vn 0.306115 0.673162 -0.673161
vn -1e-06 0.707116 -0.707098
vn 0.577345 0.577355 -0.577351
vn -0.878812 0.337407 -0.337412
vn -0.930242 0.366948 -0
vn -0.673155 0.673161 -0.30613
vn -0.707097 0.707117 -0
vn -0.366946 0.930242 -1e-06
vn -0.337411 0.87881 -0.337412
vn -0.306115 0.673165 -0.673158
vn -0.337409 0.337425 -0.878806
vn -0.673154 0.306131 -0.673162
vn -0.577349 0.577351 -0.57735
vn -0 0.366972 0.930232
vn -0 0 1
vn 0.337413 0.337414 0.878808
vn 0.366956 -0 0.930238
vn 0.673155 0.306129 0.673162
vn 0.707106 -1e-06 0.707107
vn 0.930237 1e-06 0.366959
vn 0.878809 0.337414 0.337411
vn 0.673155 0.673163 0.306127
vn 0.33742 0.878807 0.337411
vn 3e-06 0.930238 0.366957
vn 0.306125 0.673162 0.673157
vn 3e-06 0.70712 0.707094
vn 0.577348 0.577353 0.57735
vn -0.878809 0.337412 0.337413
vn -0.930237 2e-06 0.366958
vn -0.673156 0.30613 0.673161
vn -0.707106 0 0.707108
vn -0.366955 0 0.930239
vn -0.337413 0.337424 0.878805
vn -0.306122 0.673165 0.673155
vn -0.337416 0.878809 0.33741
vn -0.673158 0.673159 0.30613
vn -0.577352 0.577349 0.57735
vn -4e-06 -0.930235 0.366965
vn 0.337417 -0.878808 0.337413
vn 0.673153 -0.673164 0.306128
vn 0.878809 -0.337414 0.337412
vn 0.673155 -0.306129 0.673162
vn 0.337416 -0.337414 0.878808
vn 0 -0.366973 0.930232
vn 0.306122 -0.673161 0.673159
vn -4e-06 -0.707116 0.707097
vn 0.577348 -0.577354 0.577349
vn -0.878811 -0.337408 0.337413
vn -0.673158 -0.673159 0.30613
vn -0.337417 -0.878808 0.337412
vn -0.306123 -0.673164 0.673156
vn -0.337412 -0.337424 0.878805
vn -0.673155 -0.306129 0.673162
vn -0.57735 -0.577351 0.57735
vt 0.197426 0.139357
vt 0.136314 0.142027
vt 0.192493 0.083565
vt 0.134871 0.079007
vt 0.192775 0.014145
vt 0.134947 0.00903
vt 0.240826 0.86273
vt 0.309056 0.864837
vt 0.243813 0.918511
vt 0.312815 0.922376
vt 0.371129 0.863119
vt 0.370986 0.927082
vt 0.31492 0.991406
vt 0.370833 0.996032
vt 0.372973 0.003968
vt 0.372804 0.072868
vt 0.314059 0.010383
vt 0.317027 0.079375
vt 0.372689 0.131848
vt 0.315687 0.133007
vt 0.255302 0.089121
vt 0.257402 0.136218
vt 0.253651 0.03229
vt 0.256531 0.977271
vt 0.429176 0.922642
vt 0.433207 0.865131
vt 0.498182 0.919099
vt 0.501435 0.863351
vt 0.610857 0.010094
vt 0.610682 0.080036
vt 0.55305 0.014973
vt 0.553032 0.084367
vt 0.608963 0.143045
vt 0.547886 0.140125
vt 0.49023 0.089647
vt 0.487932 0.136727
vt 0.429647 0.133258
vt 0.428573 0.079631
vt 0.431843 0.010663
vt 0.426761 0.991653
vt 0.485201 0.977782
vt 0.49213 0.032848
vt 0.372329 0.306329
vt 0.3722 0.367729
vt 0.315454 0.308375
vt 0.30859 0.367277
vt 0.243236 0.304754
vt 0.235809 0.366053
vt 0.146451 0.276068
vt 0.140507 0.205356
vt 0.205242 0.266133
vt 0.198044 0.195557
vt 0.260309 0.183308
vt 0.320682 0.184941
vt 0.372552 0.187996
vt 0.324903 0.245
vt 0.372435 0.245732
vt 0.266239 0.241396
vt 0.547023 0.196311
vt 0.604528 0.206366
vt 0.539515 0.266867
vt 0.598282 0.277066
vt 0.508594 0.366553
vt 0.435833 0.367511
vt 0.501389 0.305247
vt 0.429161 0.308598
vt 0.419978 0.245193
vt 0.424457 0.185166
vt 0.48481 0.183795
vt 0.478634 0.241844
vt 0.371852 0.557314
vt 0.371709 0.621169
vt 0.313108 0.560194
vt 0.306969 0.621269
vt 0.238478 0.558253
vt 0.23249 0.622155
vt 0.002957 0.147207
vt 0.073039 0.144631
vt 0.00995 0.204253
vt 0.080738 0.203872
vt 0.087828 0.274918
vt 0.240981 0.42771
vt 0.314066 0.426863
vt 0.372097 0.430048
vt 0.321827 0.493134
vt 0.371972 0.49333
vt 0.260975 0.492554
vt 0.026737 0.263689
vt 0.664309 0.205114
vt 0.672251 0.145893
vt 0.735124 0.205763
vt 0.742315 0.148724
vt 0.510966 0.622766
vt 0.436472 0.621553
vt 0.505253 0.558799
vt 0.430579 0.560433
vt 0.422133 0.493325
vt 0.430125 0.427079
vt 0.503217 0.428185
vt 0.65694 0.276162
vt 0.718106 0.265164
vt 0.482996 0.492974
vt 0.371261 0.813066
vt 0.315566 0.810884
vt 0.247128 0.807503
vt 0.077504 0.014154
vt 0.075873 0.084893
vt 0.005402 0.089868
vt 0.240766 0.685193
vt 0.313893 0.681847
vt 0.371578 0.684666
vt 0.323019 0.747471
vt 0.371404 0.748068
vt 0.264981 0.748089
vt 0.017664 0.029378
vt 0.669613 0.086155
vt 0.668257 0.015428
vt 0.495414 0.808107
vt 0.426957 0.811151
vt 0.419844 0.747703
vt 0.429249 0.682111
vt 0.502399 0.6858
vt 0.740072 0.091374
vt 0.728019 0.030858
vt 0.477859 0.748602
usemtl TakoyakiSG
f 1/1/1 2/2/2 3/3/3
f 3/3/3 2/2/2 4/4/4
f 3/3/3 4/4/4 5/5/5
f 5/5/5 4/4/4 6/6/6
f 6/7/6 7/8/7 5/9/5
f 5/9/5 7/8/7 8/10/8
f 7/8/7 9/11/9 8/10/8
f 8/10/8 9/11/9 10/12/10
f 8/10/8 10/12/10 11/13/11
f 11/13/11 10/12/10 12/14/12
f 12/15/12 13/16/13 11/17/11
f 11/17/11 13/16/13 14/18/14
f 13/16/13 15/19/15 14/18/14
f 14/18/14 15/19/15 16/20/16
f 14/18/14 16/20/16 17/21/17
f 17/21/17 16/20/16 18/22/18
f 18/22/18 1/1/1 17/21/17
f 17/21/17 1/1/1 3/3/3
f 17/21/17 3/3/3 19/23/19
f 19/23/19 3/3/3 5/5/5
f 5/9/5 8/10/8 19/24/19
f 19/24/19 8/10/8 11/13/11
f 11/17/11 14/18/14 19/23/19
f 19/23/19 14/18/14 17/21/17
f 10/12/10 9/11/9 20/25/20
f 20/25/20 9/11/9 21/26/21
f 20/25/20 21/26/21 22/27/22
f 22/27/22 21/26/21 23/28/23
f 23/29/23 24/30/24 22/31/22
f 22/31/22 24/30/24 25/32/25
f 24/30/24 26/33/26 25/32/25
f 25/32/25 26/33/26 27/34/27
f 25/32/25 27/34/27 28/35/28
f 28/35/28 27/34/27 29/36/29
f 29/36/29 30/37/30 28/35/28
f 28/35/28 30/37/30 31/38/31
f 30/37/30 15/19/15 31/38/31
f 31/38/31 15/19/15 13/16/13
f 31/38/31 13/16/13 32/39/32
f 32/39/32 13/16/13 12/15/12
f 12/14/12 10/12/10 32/40/32
f 32/40/32 10/12/10 20/25/20
f 32/40/32 20/25/20 33/41/33
f 33/41/33 20/25/20 22/27/22
f 22/31/22 25/32/25 33/42/33
f 33/42/33 25/32/25 28/35/28
f 28/35/28 31/38/31 33/42/33
f 33/42/33 31/38/31 32/39/32
f 34/43/34 35/44/35 36/45/36
f 36/45/36 35/44/35 37/46/37
f 36/45/36 37/46/37 38/47/38
f 38/47/38 37/46/37 39/48/39
f 39/49/39 40/50/40 38/51/38
f 38/51/38 40/50/40 41/52/41
f 40/50/40 2/2/2 41/52/41
f 41/52/41 2/2/2 1/1/1
f 41/52/41 1/1/1 42/53/42
f 42/53/42 1/1/1 18/22/18
f 18/22/18 16/20/16 42/53/42
f 42/53/42 16/20/16 43/54/43
f 16/20/16 15/19/15 43/54/43
f 43/54/43 15/19/15 44/55/44
f 43/54/43 44/55/44 45/56/45
f 45/56/45 44/55/44 46/57/46
f 46/57/46 34/43/34 45/56/45
f 45/56/45 34/43/34 36/45/36
f 45/56/45 36/45/36 47/58/47
f 47/58/47 36/45/36 38/47/38
f 38/51/38 41/52/41 47/58/47
f 47/58/47 41/52/41 42/53/42
f 42/53/42 43/54/43 47/58/47
f 47/58/47 43/54/43 45/56/45
f 27/34/27 26/33/26 48/59/48
f 48/59/48 26/33/26 49/60/49
f 48/59/48 49/60/49 50/61/50
f 50/61/50 49/60/49 51/62/51
f 51/63/51 52/64/52 50/65/50
f 50/65/50 52/64/52 53/66/53
f 52/64/52 35/44/35 53/66/53
f 53/66/53 35/44/35 34/43/34
f 53/66/53 34/43/34 54/67/54
f 54/67/54 34/43/34 46/57/46
f 46/57/46 44/55/44 54/67/54
f 54/67/54 44/55/44 55/68/55
f 44/55/44 15/19/15 55/68/55
f 55/68/55 15/19/15 30/37/30
f 55/68/55 30/37/30 56/69/56
f 56/69/56 30/37/30 29/36/29
f 29/36/29 27/34/27 56/69/56
f 56/69/56 27/34/27 48/59/48
f 56/69/56 48/59/48 57/70/57
f 57/70/57 48/59/48 50/61/50
f 50/65/50 53/66/53 57/70/57
f 57/70/57 53/66/53 54/67/54
f 54/67/54 55/68/55 57/70/57
f 57/70/57 55/68/55 56/69/56
f 58/71/58 59/72/59 60/73/60
f 60/73/60 59/72/59 61/74/61
f 60/73/60 61/74/61 62/75/62
f 62/75/62 61/74/61 63/76/63
f 63/77/63 64/78/64 62/79/62
f 62/79/62 64/78/64 65/80/65
f 64/78/64 2/2/2 65/80/65
f 65/80/65 2/2/2 40/50/40
f 65/80/65 40/50/40 66/81/66
f 66/81/66 40/50/40 39/49/39
f 39/48/39 37/46/37 66/82/66
f 66/82/66 37/46/37 67/83/67
f 37/46/37 35/44/35 67/83/67
f 67/83/67 35/44/35 68/84/68
f 67/83/67 68/84/68 69/85/69
f 69/85/69 68/84/68 70/86/70
f 70/86/70 58/71/58 69/85/69
f 69/85/69 58/71/58 60/73/60
f 69/85/69 60/73/60 71/87/71
f 71/87/71 60/73/60 62/75/62
f 62/79/62 65/80/65 71/88/71
f 71/88/71 65/80/65 66/81/66
f 66/82/66 67/83/67 71/87/71
f 71/87/71 67/83/67 69/85/69
f 49/60/49 26/33/26 72/89/72
f 72/89/72 26/33/26 73/90/73
f 72/89/72 73/90/73 74/91/74
f 74/91/74 73/90/73 75/92/75
f 75/93/75 76/94/76 74/95/74
f 74/95/74 76/94/76 77/96/77
f 76/94/76 59/72/59 77/96/77
f 77/96/77 59/72/59 58/71/58
f 77/96/77 58/71/58 78/97/78
f 78/97/78 58/71/58 70/86/70
f 70/86/70 68/84/68 78/97/78
f 78/97/78 68/84/68 79/98/79
f 68/84/68 35/44/35 79/98/79
f 79/98/79 35/44/35 52/64/52
f 79/98/79 52/64/52 80/99/80
f 80/99/80 52/64/52 51/63/51
f 51/62/51 49/60/49 80/100/80
f 80/100/80 49/60/49 72/89/72
f 80/100/80 72/89/72 81/101/81
f 81/101/81 72/89/72 74/91/74
f 74/95/74 77/96/77 81/102/81
f 81/102/81 77/96/77 78/97/78
f 78/97/78 79/98/79 81/102/81
f 81/102/81 79/98/79 80/99/80
f 82/103/82 9/11/9 83/104/83
f 83/104/83 9/11/9 7/8/7
f 83/104/83 7/8/7 84/105/84
f 84/105/84 7/8/7 6/7/6
f 6/6/6 4/4/4 84/106/84
f 84/106/84 4/4/4 85/107/85
f 4/4/4 2/2/2 85/107/85
f 85/107/85 2/2/2 64/78/64
f 85/107/85 64/78/64 86/108/86
f 86/108/86 64/78/64 63/77/63
f 63/76/63 61/74/61 86/109/86
f 86/109/86 61/74/61 87/110/87
f 61/74/61 59/72/59 87/110/87
f 87/110/87 59/72/59 88/111/88
f 87/110/87 88/111/88 89/112/89
f 89/112/89 88/111/88 90/113/90
f 90/113/90 82/103/82 89/112/89
f 89/112/89 82/103/82 83/104/83
f 89/112/89 83/104/83 91/114/91
f 91/114/91 83/104/83 84/105/84
f 84/106/84 85/107/85 91/115/91
f 91/115/91 85/107/85 86/108/86
f 86/109/86 87/110/87 91/114/91
f 91/114/91 87/110/87 89/112/89
f 73/90/73 26/33/26 92/116/92
f 92/116/92 26/33/26 24/30/24
f 92/116/92 24/30/24 93/117/93
f 93/117/93 24/30/24 23/29/23
f 23/28/23 21/26/21 93/118/93
f 93/118/93 21/26/21 94/119/94
f 21/26/21 9/11/9 94/119/94
f 94/119/94 9/11/9 82/103/82
f 94/119/94 82/103/82 95/120/95
f 95/120/95 82/103/82 90/113/90
f 90/113/90 88/111/88 95/120/95
f 95/120/95 88/111/88 96/121/96
f 88/111/88 59/72/59 96/121/96
f 96/121/96 59/72/59 76/94/76
f 96/121/96 76/94/76 97/122/97
f 97/122/97 76/94/76 75/93/75
f 75/92/75 73/90/73 97/123/97
f 97/123/97 73/90/73 92/116/92
f 97/123/97 92/116/92 98/124/98
f 98/124/98 92/116/92 93/117/93
f 93/118/93 94/119/94 98/125/98
f 98/125/98 94/119/94 95/120/95
f 95/120/95 96/121/96 98/125/98
f 98/125/98 96/121/96 97/122/97
s off
g Takoyaki_Pan_TopSG
v -0.775223 0.787119 0.123356
v -0.785503 0.718072 0.130857
v -0.759998 0.787119 0.199903
v -0.775223 0.710571 0.199903
v -0.824898 0.652019 0.141279
v -0.818573 0.645692 0.199903
v -0.88345 0.602342 0.199903
v -0.890953 0.612624 0.130857
v -0.959999 0.58712 0.199903
v -0.959999 0.602342 0.123356
v -0.901375 0.652019 0.064804
v -0.959999 0.645692 0.058477
v -0.959999 0.710571 0.015127
v -0.890953 0.718072 0.02541
v -0.959999 0.787119 -9.5e-05
v -0.88345 0.787119 0.015127
v -0.824898 0.728495 0.064804
v -0.818573 0.787119 0.058477
v -0.844563 0.671681 0.084467
v -1.02904 0.612624 0.130857
v -1.03655 0.602342 0.199903
v -1.0951 0.652019 0.141279
v -1.10143 0.645692 0.199903
v -1.14478 0.710571 0.199903
v -1.1345 0.718072 0.130857
v -1.16 0.787119 0.199903
v -1.14478 0.787119 0.123356
v -1.0951 0.728495 0.064804
v -1.10143 0.787119 0.058477
v -1.03655 0.787119 0.015127
v -1.02904 0.718072 0.02541
v -1.01862 0.652019 0.064804
v -1.07544 0.671681 0.084467
v -0.959999 0.602342 0.276453
v -0.890953 0.612624 0.268951
v -0.824898 0.652019 0.258528
v -0.785503 0.718072 0.268951
v -0.775223 0.787119 0.276453
v -0.824898 0.728495 0.335005
v -0.818573 0.787119 0.34133
v -0.88345 0.787119 0.38468
v -0.890953 0.718072 0.374399
v -0.959999 0.787119 0.399904
v -0.959999 0.710571 0.38468
v -0.901375 0.652019 0.335005
v -0.959999 0.645692 0.34133
v -0.844563 0.671681 0.315342
v -1.14478 0.787119 0.276453
v -1.1345 0.718072 0.268951
v -1.0951 0.652019 0.258528
v -1.02904 0.612624 0.268951
v -1.01862 0.652019 0.335005
v -1.02904 0.718072 0.374399
v -1.03655 0.787119 0.38468
v -1.0951 0.728495 0.335005
v -1.10143 0.787119 0.34133
v -1.07544 0.671681 0.315342
v 0.664778 0.787119 0.123356
v 0.654495 0.718072 0.130857
v 0.68 0.787119 0.199903
v 0.664778 0.710571 0.199903
v 0.615101 0.652019 0.141279
v 0.621428 0.645692 0.199903
v 0.556549 0.602342 0.199903
v 0.549046 0.612624 0.130857
v 0.48 0.58712 0.199903
v 0.48 0.602342 0.123356
v 0.538624 0.652019 0.064804
v 0.48 0.645692 0.058477
v 0.48 0.710571 0.015127
v 0.549046 0.718072 0.02541
v 0.48 0.787119 -9.5e-05
v 0.556549 0.787119 0.015127
v 0.615101 0.728495 0.064804
v 0.621428 0.787119 0.058477
v 0.595438 0.671681 0.084467
v 0.410954 0.612624 0.130857
v 0.403452 0.602342 0.199903
v 0.3449 0.652019 0.141279
v 0.338573 0.645692 0.199903
v 0.295223 0.710571 0.199903
v 0.305506 0.718072 0.130857
v 0.280001 0.787119 0.199903
v 0.295223 0.787119 0.123356
v 0.3449 0.728495 0.064804
v 0.338573 0.787119 0.058477
v 0.403452 0.787119 0.015127
v 0.410954 0.718072 0.02541
v 0.421375 0.652019 0.064804
v 0.364563 0.671681 0.084467
v 0.48 0.602342 0.276453
v 0.549046 0.612624 0.268951
v 0.615101 0.652019 0.258528
v 0.654495 0.718072 0.268951
v 0.664778 0.787119 0.276453
v 0.615101 0.728495 0.335005
v 0.621428 0.787119 0.34133
v 0.556549 0.787119 0.38468
v 0.549046 0.718072 0.374399
v 0.48 0.787119 0.399904
v 0.48 0.710571 0.38468
v 0.538624 0.652019 0.335005
v 0.48 0.645692 0.34133
v 0.595438 0.671681 0.315342
v 0.295223 0.787119 0.276453
v 0.305506 0.718072 0.268951
v 0.3449 0.652019 0.258528
v 0.410954 0.612624 0.268951
v 0.421375 0.652019 0.335005
v 0.410954 0.718072 0.374399
v 0.403452 0.787119 0.38468
v 0.3449 0.728495 0.335005
v 0.338573 0.787119 0.34133
v 0.364563 0.671681 0.315342
v 1.14478 0.787119 0.123356
v 1.1345 0.718072 0.130857
v 1.16 0.787119 0.199903
v 1.14478 0.710571 0.199903
v 1.0951 0.652019 0.141279
v 1.10143 0.645692 0.199903
v 1.03655 0.602342 0.199903
v 1.02905 0.612624 0.130857
v 0.959999 0.58712 0.199903
v 0.959999 0.602342 0.123356
v 1.01862 0.652019 0.064804
v 0.959999 0.645692 0.058477
v 0.959999 0.710571 0.015127
v 1.02905 0.718072 0.02541
v 0.959999 0.787119 -9.5e-05
v 1.03655 0.787119 0.015127
v 1.0951 0.728495 0.064804
v 1.10143 0.787119 0.058477
v 1.07544 0.671681 0.084467
v 0.890953 0.612624 0.130857
v 0.883451 0.602342 0.199903
v 0.8249 0.652019 0.141279
v 0.818573 0.645692 0.199903
v 0.775223 0.710571 0.199903
v 0.785503 0.718072 0.130857
v 0.76 0.787119 0.199903
v 0.775223 0.787119 0.123356
v 0.8249 0.728495 0.064804
v 0.818573 0.787119 0.058477
v 0.883451 0.787119 0.015127
v 0.890953 0.718072 0.02541
v 0.901375 0.652019 0.064804
v 0.844563 0.671681 0.084467
v 0.959999 0.602342 0.276453
v 1.02905 0.612624 0.268951
v 1.0951 0.652019 0.258528
v 1.1345 0.718072 0.268951
v 1.14478 0.787119 0.276453
v 1.0951 0.728495 0.335005
v 1.10143 0.787119 0.34133
v 1.03655 0.787119 0.38468
v 1.02905 0.718072 0.374399
v 0.959999 0.787119 0.399904
v 0.959999 0.710571 0.38468
v 1.01862 0.652019 0.335005
v 0.959999 0.645692 0.34133
v 1.07544 0.671681 0.315342
v 0.775223 0.787119 0.276453
v 0.785503 0.718072 0.268951
v 0.8249 0.652019 0.258528
v 0.890953 0.612624 0.268951
v 0.901375 0.652019 0.335005
v 0.890953 0.718072 0.374399
v 0.883451 0.787119 0.38468
v 0.8249 0.728495 0.335005
v 0.818573 0.787119 0.34133
v 0.844563 0.671681 0.315342
v -0.295223 0.787119 0.123356
v -0.305504 0.718072 0.130857
v -0.279999 0.787119 0.199903
v -0.295223 0.710571 0.199903
v -0.344898 0.652019 0.141279
v -0.338573 0.645692 0.199903
v -0.40345 0.602342 0.199903
v -0.410954 0.612624 0.130857
v -0.48 0.58712 0.199903
v -0.48 0.602342 0.123356
v -0.421375 0.652019 0.064804
v -0.48 0.645692 0.058477
v -0.48 0.710571 0.015127
v -0.410954 0.718072 0.02541
v -0.48 0.787119 -9.5e-05
v -0.40345 0.787119 0.015127
v -0.344898 0.728495 0.064804
v -0.338573 0.787119 0.058477
v -0.364563 0.671681 0.084467
v -0.549046 0.612624 0.130857
v -0.556549 0.602342 0.199903
v -0.615101 0.652019 0.141279
v -0.621428 0.645692 0.199903
v -0.664778 0.710571 0.199903
v -0.654495 0.718072 0.130857
v -0.68 0.787119 0.199903
v -0.664778 0.787119 0.123356
v -0.615101 0.728495 0.064804
v -0.621428 0.787119 0.058477
v -0.556549 0.787119 0.015127
v -0.549046 0.718072 0.02541
v -0.538624 0.652019 0.064804
v -0.595438 0.671681 0.084467
v -0.48 0.602342 0.276453
v -0.410954 0.612624 0.268951
v -0.344898 0.652019 0.258528
v -0.305504 0.718072 0.268951
v -0.295223 0.787119 0.276453
v -0.344898 0.728495 0.335005
v -0.338573 0.787119 0.34133
v -0.40345 0.787119 0.38468
v -0.410954 0.718072 0.374399
v -0.48 0.787119 0.399904
v -0.48 0.710571 0.38468
v -0.421375 0.652019 0.335005
v -0.48 0.645692 0.34133
v -0.364563 0.671681 0.315342
v -0.664778 0.787119 0.276453
v -0.654495 0.718072 0.268951
v -0.615101 0.652019 0.258528
v -0.549046 0.612624 0.268951
v -0.538624 0.652019 0.335005
v -0.549046 0.718072 0.374399
v -0.556549 0.787119 0.38468
v -0.615101 0.728495 0.335005
v -0.621428 0.787119 0.34133
v -0.595438 0.671681 0.315342
v 0.184778 0.787119 0.123356
v 0.174496 0.718072 0.130857
v 0.200001 0.787119 0.199903
v 0.184778 0.710571 0.199903
v 0.135101 0.652019 0.141279
v 0.141428 0.645692 0.199903
v 0.07655 0.602342 0.199903
v 0.069046 0.612624 0.130857
v 0 0.58712 0.199903
v 0 0.602342 0.123356
v 0.058624 0.652019 0.064804
v 0 0.645692 0.058477
v 0 0.710571 0.015127
v 0.069046 0.718072 0.02541
v 0 0.787119 -9.5e-05
v 0.07655 0.787119 0.015127
v 0.135101 0.728495 0.064804
v 0.141428 0.787119 0.058477
v 0.115438 0.671681 0.084467
v -0.069046 0.612624 0.130857
v -0.07655 0.602342 0.199903
v -0.135101 0.652019 0.141279
v -0.141426 0.645692 0.199903
v -0.184776 0.710571 0.199903
v -0.174496 0.718072 0.130857
v -0.200001 0.787119 0.199903
v -0.184776 0.787119 0.123356
v -0.135101 0.728495 0.064804
v -0.141426 0.787119 0.058477
v -0.07655 0.787119 0.015127
v -0.069046 0.718072 0.02541
v -0.058624 0.652019 0.064804
v -0.115437 0.671681 0.084467
v 0 0.602342 0.276453
v 0.069046 0.612624 0.268951
v 0.135101 0.652019 0.258528
v 0.174496 0.718072 0.268951
v 0.184778 0.787119 0.276453
v 0.135101 0.728495 0.335005
v 0.141428 0.787119 0.34133
v 0.07655 0.787119 0.38468
v 0.069046 0.718072 0.374399
v 0 0.787119 0.399904
v 0 0.710571 0.38468
v 0.058624 0.652019 0.335005
v 0 0.645692 0.34133
v 0.115438 0.671681 0.315342
v -0.184776 0.787119 0.276453
v -0.174496 0.718072 0.268951
v -0.135101 0.652019 0.258528
v -0.069046 0.612624 0.268951
v -0.058624 0.652019 0.335005
v -0.069046 0.718072 0.374399
v -0.07655 0.787119 0.38468
v -0.135101 0.728495 0.335005
v -0.141426 0.787119 0.34133
v -0.115437 0.671681 0.315342
v -0.053333 0.787119 -0.327959
v -0.063614 0.718072 -0.320459
v -0.038109 0.787119 -0.251411
v -0.053333 0.710571 -0.251411
v -0.103008 0.652019 -0.310036
v -0.096684 0.645692 -0.251411
v -0.16156 0.602342 -0.251411
v -0.169064 0.612624 -0.320459
v -0.23811 0.58712 -0.251411
v -0.23811 0.602342 -0.327959
v -0.179485 0.652019 -0.386511
v -0.23811 0.645692 -0.392838
v -0.23811 0.710571 -0.436188
v -0.169064 0.718072 -0.425905
v -0.23811 0.787119 -0.45141
v -0.16156 0.787119 -0.436188
v -0.103008 0.728495 -0.386511
v -0.096684 0.787119 -0.392838
v -0.122671 0.671681 -0.366848
v -0.307156 0.612624 -0.320459
v -0.314659 0.602342 -0.251411
v -0.373211 0.652019 -0.310036
v -0.379536 0.645692 -0.251411
v -0.422886 0.710571 -0.251411
v -0.412605 0.718072 -0.320459
v -0.43811 0.787119 -0.251411
v -0.422886 0.787119 -0.327959
v -0.373211 0.728495 -0.386511
v -0.379536 0.787119 -0.392838
v -0.314659 0.787119 -0.436188
v -0.307156 0.718072 -0.425905
v -0.296734 0.652019 -0.386511
v -0.353546 0.671681 -0.366848
v -0.23811 0.602342 -0.174862
v -0.169064 0.612624 -0.182364
v -0.103008 0.652019 -0.192787
v -0.063614 0.718072 -0.182364
v -0.053333 0.787119 -0.174862
v -0.103008 0.728495 -0.116312
v -0.096684 0.787119 -0.109985
v -0.16156 0.787119 -0.066635
v -0.169064 0.718072 -0.076916
v -0.23811 0.787119 -0.051411
v -0.23811 0.710571 -0.066635
v -0.179485 0.652019 -0.116312
v -0.23811 0.645692 -0.109985
v -0.122671 0.671681 -0.135973
v -0.422886 0.787119 -0.174862
v -0.412605 0.718072 -0.182364
v -0.373211 0.652019 -0.192787
v -0.307156 0.612624 -0.182364
v -0.296734 0.652019 -0.116312
v -0.307156 0.718072 -0.076916
v -0.314659 0.787119 -0.066635
v -0.373211 0.728495 -0.116312
v -0.379536 0.787119 -0.109985
v -0.353546 0.671681 -0.135973
v -0.533331 0.787119 -0.327959
v -0.543613 0.718072 -0.320459
v -0.518108 0.787119 -0.251411
v -0.533331 0.710571 -0.251411
v -0.583008 0.652019 -0.310036
v -0.576681 0.645692 -0.251411
v -0.64156 0.602342 -0.251411
v -0.649063 0.612624 -0.320459
v -0.718109 0.58712 -0.251411
v -0.718109 0.602342 -0.327959
v -0.659485 0.652019 -0.386511
v -0.718109 0.645692 -0.392838
v -0.718109 0.710571 -0.436188
v -0.649063 0.718072 -0.425905
v -0.718109 0.787119 -0.45141
v -0.64156 0.787119 -0.436188
v -0.583008 0.728495 -0.386511
v -0.576681 0.787119 -0.392838
v -0.602671 0.671681 -0.366848
v -0.787155 0.612624 -0.320459
v -0.794659 0.602342 -0.251411
v -0.85321 0.652019 -0.310036
v -0.859535 0.645692 -0.251411
v -0.902885 0.710571 -0.251411
v -0.892605 0.718072 -0.320459
v -0.91811 0.787119 -0.251411
v -0.902885 0.787119 -0.327959
v -0.85321 0.728495 -0.386511
v -0.859535 0.787119 -0.392838
v -0.794659 0.787119 -0.436188
v -0.787155 0.718072 -0.425905
v -0.776733 0.652019 -0.386511
v -0.833546 0.671681 -0.366848
v -0.718109 0.602342 -0.174862
v -0.649063 0.612624 -0.182364
v -0.583008 0.652019 -0.192787
v -0.543613 0.718072 -0.182364
v -0.533331 0.787119 -0.174862
v -0.583008 0.728495 -0.116312
v -0.576681 0.787119 -0.109985
v -0.64156 0.787119 -0.066635
v -0.649063 0.718072 -0.076916
v -0.718109 0.787119 -0.051411
v -0.718109 0.710571 -0.066635
v -0.659485 0.652019 -0.116312
v -0.718109 0.645692 -0.109985
v -0.602671 0.671681 -0.135973
v -0.902885 0.787119 -0.174862
v -0.892605 0.718072 -0.182364
v -0.85321 0.652019 -0.192787
v -0.787155 0.612624 -0.182364
v -0.776733 0.652019 -0.116312
v -0.787155 0.718072 -0.076916
v -0.794659 0.787119 -0.066635
v -0.85321 0.728495 -0.116312
v -0.859535 0.787119 -0.109985
v -0.833546 0.671681 -0.135973
v 0.906668 0.787119 -0.327959
v 0.896387 0.718072 -0.320459
v 0.92189 0.787119 -0.251411
v 0.906668 0.710571 -0.251411
v 0.856991 0.652019 -0.310036
v 0.863317 0.645692 -0.251411
v 0.798439 0.602342 -0.251411
v 0.790937 0.612624 -0.320459
v 0.721891 0.58712 -0.251411
v 0.721891 0.602342 -0.327959
v 0.780516 0.652019 -0.386511
v 0.721891 0.645692 -0.392838
v 0.721891 0.710571 -0.436188
v 0.790937 0.718072 -0.425905
v 0.721891 0.787119 -0.45141
v 0.798439 0.787119 -0.436188
v 0.856991 0.728495 -0.386511
v 0.863317 0.787119 -0.392838
v 0.83733 0.671681 -0.366848
v 0.652843 0.612624 -0.320459
v 0.645342 0.602342 -0.251411
v 0.58679 0.652019 -0.310036
v 0.580463 0.645692 -0.251411
v 0.537113 0.710571 -0.251411
v 0.547396 0.718072 -0.320459
v 0.521891 0.787119 -0.251411
v 0.537113 0.787119 -0.327959
v 0.58679 0.728495 -0.386511
v 0.580463 0.787119 -0.392838
v 0.645342 0.787119 -0.436188
v 0.652843 0.718072 -0.425905
v 0.663267 0.652019 -0.386511
v 0.606453 0.671681 -0.366848
v 0.721891 0.602342 -0.174862
v 0.790937 0.612624 -0.182364
v 0.856991 0.652019 -0.192787
v 0.896387 0.718072 -0.182364
v 0.906668 0.787119 -0.174862
v 0.856991 0.728495 -0.116312
v 0.863317 0.787119 -0.109985
v 0.798439 0.787119 -0.066635
v 0.790937 0.718072 -0.076916
v 0.721891 0.787119 -0.051411
v 0.721891 0.710571 -0.066635
v 0.780516 0.652019 -0.116312
v 0.721891 0.645692 -0.109985
v 0.83733 0.671681 -0.135973
v 0.537113 0.787119 -0.174862
v 0.547396 0.718072 -0.182364
v 0.58679 0.652019 -0.192787
v 0.652843 0.612624 -0.182364
v 0.663267 0.652019 -0.116312
v 0.652843 0.718072 -0.076916
v 0.645342 0.787119 -0.066635
v 0.58679 0.728495 -0.116312
v 0.580463 0.787119 -0.109985
v 0.606453 0.671681 -0.135973
v 0.426668 0.787119 -0.327959
v 0.416386 0.718072 -0.320459
v 0.441891 0.787119 -0.251411
v 0.426668 0.710571 -0.251411
v 0.376991 0.652019 -0.310036
v 0.383318 0.645692 -0.251411
v 0.318439 0.602342 -0.251411
v 0.310938 0.612624 -0.320459
v 0.24189 0.58712 -0.251411
v 0.24189 0.602342 -0.327959
v 0.300514 0.652019 -0.386511
v 0.24189 0.645692 -0.392838
v 0.24189 0.710571 -0.436188
v 0.310938 0.718072 -0.425905
v 0.24189 0.787119 -0.45141
v 0.318439 0.787119 -0.436188
v 0.376991 0.728495 -0.386511
v 0.383318 0.787119 -0.392838
v 0.357328 0.671681 -0.366848
v 0.172844 0.612624 -0.320459
v 0.165342 0.602342 -0.251411
v 0.106791 0.652019 -0.310036
v 0.100464 0.645692 -0.251411
v 0.057114 0.710571 -0.251411
v 0.067394 0.718072 -0.320459
v 0.041891 0.787119 -0.251411
v 0.057114 0.787119 -0.327959
v 0.106791 0.728495 -0.386511
v 0.100464 0.787119 -0.392838
v 0.165342 0.787119 -0.436188
v 0.172844 0.718072 -0.425905
v 0.183266 0.652019 -0.386511
v 0.126453 0.671681 -0.366848
v 0.24189 0.602342 -0.174862
v 0.310938 0.612624 -0.182364
v 0.376991 0.652019 -0.192787
v 0.416386 0.718072 -0.182364
v 0.426668 0.787119 -0.174862
v 0.376991 0.728495 -0.116312
v 0.383318 0.787119 -0.109985
v 0.318439 0.787119 -0.066635
v 0.310938 0.718072 -0.076916
v 0.24189 0.787119 -0.051411
v 0.24189 0.710571 -0.066635
v 0.300514 0.652019 -0.116312
v 0.24189 0.645692 -0.109985
v 0.357328 0.671681 -0.135973
v 0.057114 0.787119 -0.174862
v 0.067394 0.718072 -0.182364
v 0.106791 0.652019 -0.192787
v 0.172844 0.612624 -0.182364
v 0.183266 0.652019 -0.116312
v 0.172844 0.718072 -0.076916
v 0.165342 0.787119 -0.066635
v 0.106791 0.728495 -0.116312
v 0.100464 0.787119 -0.109985
v 0.126453 0.671681 -0.135973
v -0.053333 0.787119 0.574671
v -0.063614 0.718072 0.582172
v -0.038109 0.787119 0.65122
v -0.053333 0.710571 0.65122
v -0.103008 0.652019 0.592596
v -0.096684 0.645692 0.65122
v -0.16156 0.602342 0.65122
v -0.169064 0.612624 0.582172
v -0.23811 0.58712 0.65122
v -0.23811 0.602342 0.574671
v -0.179485 0.652019 0.516119
v -0.23811 0.645692 0.509794
v -0.23811 0.710571 0.466444
v -0.169064 0.718072 0.476725
v -0.23811 0.787119 0.45122
v -0.16156 0.787119 0.466444
v -0.103008 0.728495 0.516119
v -0.096684 0.787119 0.509794
v -0.122671 0.671681 0.535782
v -0.307156 0.612624 0.582172
v -0.314659 0.602342 0.65122
v -0.373211 0.652019 0.592596
v -0.379536 0.645692 0.65122
v -0.422886 0.710571 0.65122
v -0.412605 0.718072 0.582172
v -0.43811 0.787119 0.65122
v -0.422886 0.787119 0.574671
v -0.373211 0.728495 0.516119
v -0.379536 0.787119 0.509794
v -0.314659 0.787119 0.466444
v -0.307156 0.718072 0.476725
v -0.296734 0.652019 0.516119
v -0.353546 0.671681 0.535782
v -0.23811 0.602342 0.727768
v -0.169064 0.612624 0.720266
v -0.103008 0.652019 0.709845
v -0.063614 0.718072 0.720266
v -0.053333 0.787119 0.727768
v -0.103008 0.728495 0.78632
v -0.096684 0.787119 0.792646
v -0.16156 0.787119 0.835997
v -0.169064 0.718072 0.825714
v -0.23811 0.787119 0.851219
v -0.23811 0.710571 0.835997
v -0.179485 0.652019 0.78632
v -0.23811 0.645692 0.792646
v -0.122671 0.671681 0.766657
v -0.422886 0.787119 0.727768
v -0.412605 0.718072 0.720266
v -0.373211 0.652019 0.709845
v -0.307156 0.612624 0.720266
v -0.296734 0.652019 0.78632
v -0.307156 0.718072 0.825714
v -0.314659 0.787119 0.835997
v -0.373211 0.728495 0.78632
v -0.379536 0.787119 0.792646
v -0.353546 0.671681 0.766657
v -0.533333 0.787119 0.574671
v -0.543613 0.718072 0.582172
v -0.518108 0.787119 0.65122
v -0.533333 0.710571 0.65122
v -0.583008 0.652019 0.592596
v -0.576683 0.645692 0.65122
v -0.64156 0.602342 0.65122
v -0.649063 0.612624 0.582172
v -0.718109 0.58712 0.65122
v -0.718109 0.602342 0.574671
v -0.659485 0.652019 0.516119
v -0.718109 0.645692 0.509794
v -0.718109 0.710571 0.466444
v -0.649063 0.718072 0.476725
v -0.718109 0.787119 0.45122
v -0.64156 0.787119 0.466444
v -0.583008 0.728495 0.516119
v -0.576683 0.787119 0.509794
v -0.602673 0.671681 0.535782
v -0.787155 0.612624 0.582172
v -0.794659 0.602342 0.65122
v -0.85321 0.652019 0.592596
v -0.859535 0.645692 0.65122
v -0.902885 0.710571 0.65122
v -0.892605 0.718072 0.582172
v -0.91811 0.787119 0.65122
v -0.902885 0.787119 0.574671
v -0.85321 0.728495 0.516119
v -0.859535 0.787119 0.509794
v -0.794659 0.787119 0.466444
v -0.787155 0.718072 0.476725
v -0.776733 0.652019 0.516119
v -0.833548 0.671681 0.535782
v -0.718109 0.602342 0.727768
v -0.649063 0.612624 0.720266
v -0.583008 0.652019 0.709845
v -0.543613 0.718072 0.720266
v -0.533333 0.787119 0.727768
v -0.583008 0.728495 0.78632
v -0.576683 0.787119 0.792646
v -0.64156 0.787119 0.835997
v -0.649063 0.718072 0.825714
v -0.718109 0.787119 0.851219
v -0.718109 0.710571 0.835997
v -0.659485 0.652019 0.78632
v -0.718109 0.645692 0.792646
v -0.602673 0.671681 0.766657
v -0.902885 0.787119 0.727768
v -0.892605 0.718072 0.720266
v -0.85321 0.652019 0.709845
v -0.787155 0.612624 0.720266
v -0.776733 0.652019 0.78632
v -0.787155 0.718072 0.825714
v -0.794659 0.787119 0.835997
v -0.85321 0.728495 0.78632
v -0.859535 0.787119 0.792646
v -0.833548 0.671681 0.766657
v 0.906668 0.787119 0.574671
v 0.896385 0.718072 0.582172
v 0.92189 0.787119 0.65122
v 0.906668 0.710571 0.65122
v 0.856991 0.652019 0.592596
v 0.863317 0.645692 0.65122
v 0.798439 0.602342 0.65122
v 0.790936 0.612624 0.582172
v 0.721889 0.58712 0.65122
v 0.721889 0.602342 0.574671
v 0.780514 0.652019 0.516119
v 0.721889 0.645692 0.509794
v 0.721889 0.710571 0.466444
v 0.790936 0.718072 0.476725
v 0.721889 0.787119 0.45122
v 0.798439 0.787119 0.466444
v 0.856991 0.728495 0.516119
v 0.863317 0.787119 0.509794
v 0.837328 0.671681 0.535782
v 0.652843 0.612624 0.582172
v 0.645342 0.602342 0.65122
v 0.58679 0.652019 0.592596
v 0.580463 0.645692 0.65122
v 0.537113 0.710571 0.65122
v 0.547396 0.718072 0.582172
v 0.521891 0.787119 0.65122
v 0.537113 0.787119 0.574671
v 0.58679 0.728495 0.516119
v 0.580463 0.787119 0.509794
v 0.645342 0.787119 0.466444
v 0.652843 0.718072 0.476725
v 0.663265 0.652019 0.516119
v 0.606453 0.671681 0.535782
v 0.721889 0.602342 0.727768
v 0.790936 0.612624 0.720266
v 0.856991 0.652019 0.709845
v 0.896385 0.718072 0.720266
v 0.906668 0.787119 0.727768
v 0.856991 0.728495 0.78632
v 0.863317 0.787119 0.792646
v 0.798439 0.787119 0.835997
v 0.790936 0.718072 0.825714
v 0.721889 0.787119 0.851219
v 0.721889 0.710571 0.835997
v 0.780514 0.652019 0.78632
v 0.721889 0.645692 0.792646
v 0.837328 0.671681 0.766657
v 0.537113 0.787119 0.727768
v 0.547396 0.718072 0.720266
v 0.58679 0.652019 0.709845
v 0.652843 0.612624 0.720266
v 0.663265 0.652019 0.78632
v 0.652843 0.718072 0.825714
v 0.645342 0.787119 0.835997
v 0.58679 0.728495 0.78632
v 0.580463 0.787119 0.792646
v 0.606453 0.671681 0.766657
v 0.426668 0.787119 0.574671
v 0.416386 0.718072 0.582172
v 0.441891 0.787119 0.65122
v 0.426668 0.710571 0.65122
v 0.376991 0.652019 0.592596
v 0.383318 0.645692 0.65122
v 0.318439 0.602342 0.65122
v 0.310938 0.612624 0.582172
v 0.24189 0.58712 0.65122
v 0.24189 0.602342 0.574671
v 0.300514 0.652019 0.516119
v 0.24189 0.645692 0.509794
v 0.24189 0.710571 0.466444
v 0.310938 0.718072 0.476725
v 0.24189 0.787119 0.45122
v 0.318439 0.787119 0.466444
v 0.376991 0.728495 0.516119
v 0.383318 0.787119 0.509794
v 0.357328 0.671681 0.535782
v 0.172844 0.612624 0.582172
v 0.165342 0.602342 0.65122
v 0.106791 0.652019 0.592596
v 0.100464 0.645692 0.65122
v 0.057114 0.710571 0.65122
v 0.067394 0.718072 0.582172
v 0.041891 0.787119 0.65122
v 0.057114 0.787119 0.574671
v 0.106791 0.728495 0.516119
v 0.100464 0.787119 0.509794
v 0.165342 0.787119 0.466444
v 0.172844 0.718072 0.476725
v 0.183266 0.652019 0.516119
v 0.126453 0.671681 0.535782
v 0.24189 0.602342 0.727768
v 0.310938 0.612624 0.720266
v 0.376991 0.652019 0.709845
v 0.416386 0.718072 0.720266
v 0.426668 0.787119 0.727768
v 0.376991 0.728495 0.78632
v 0.383318 0.787119 0.792646
v 0.318439 0.787119 0.835997
v 0.310938 0.718072 0.825714
v 0.24189 0.787119 0.851219
v 0.24189 0.710571 0.835997
v 0.300514 0.652019 0.78632
v 0.24189 0.645692 0.792646
v 0.357328 0.671681 0.766657
v 0.057114 0.787119 0.727768
v 0.067394 0.718072 0.720266
v 0.106791 0.652019 0.709845
v 0.172844 0.612624 0.720266
v 0.183266 0.652019 0.78632
v 0.172844 0.718072 0.825714
v 0.165342 0.787119 0.835997
v 0.106791 0.728495 0.78632
v 0.100464 0.787119 0.792646
v 0.126453 0.671681 0.766657
v 0.184778 0.787119 1.02104
v 0.174496 0.718072 1.02854
v 0.200001 0.787119 1.09759
v 0.184778 0.710571 1.09759
v 0.135101 0.652019 1.03897
v 0.141428 0.645692 1.09759
v 0.07655 0.602342 1.09759
v 0.069046 0.612624 1.02854
v 0 0.58712 1.09759
v 0 0.602342 1.02104
v 0.058624 0.652019 0.962492
v 0 0.645692 0.956165
v 0 0.710571 0.912815
v 0.069046 0.718072 0.923096
v 0 0.787119 0.897591
v 0.07655 0.787119 0.912815
v 0.135101 0.728495 0.962492
v 0.141428 0.787119 0.956165
v 0.115438 0.671681 0.982153
v -0.069046 0.612624 1.02854
v -0.07655 0.602342 1.09759
v -0.135101 0.652019 1.03897
v -0.141426 0.645692 1.09759
v -0.184776 0.710571 1.09759
v -0.174496 0.718072 1.02854
v -0.200001 0.787119 1.09759
v -0.184776 0.787119 1.02104
v -0.135101 0.728495 0.962492
v -0.141426 0.787119 0.956165
v -0.07655 0.787119 0.912815
v -0.069046 0.718072 0.923096
v -0.058624 0.652019 0.962492
v -0.115437 0.671681 0.982153
v 0 0.602342 1.17414
v 0.069046 0.612624 1.16664
v 0.135101 0.652019 1.15622
v 0.174496 0.718072 1.16664
v 0.184778 0.787119 1.17414
v 0.135101 0.728495 1.23269
v 0.141428 0.787119 1.23902
v 0.07655 0.787119 1.28237
v 0.069046 0.718072 1.27208
v 0 0.787119 1.29759
v 0 0.710571 1.28237
v 0.058624 0.652019 1.23269
v 0 0.645692 1.23902
v 0.115438 0.671681 1.21303
v -0.184776 0.787119 1.17414
v -0.174496 0.718072 1.16664
v -0.135101 0.652019 1.15622
v -0.069046 0.612624 1.16664
v -0.058624 0.652019 1.23269
v -0.069046 0.718072 1.27208
v -0.07655 0.787119 1.28237
v -0.135101 0.728495 1.23269
v -0.141426 0.787119 1.23902
v -0.115437 0.671681 1.21303
v -0.295223 0.787119 1.02104
v -0.305504 0.718072 1.02854
v -0.279999 0.787119 1.09759
v -0.295223 0.710571 1.09759
v -0.344898 0.652019 1.03897
v -0.338573 0.645692 1.09759
v -0.40345 0.602342 1.09759
v -0.410954 0.612624 1.02854
v -0.48 0.58712 1.09759
v -0.48 0.602342 1.02104
v -0.421375 0.652019 0.962492
v -0.48 0.645692 0.956165
v -0.48 0.710571 0.912815
v -0.410954 0.718072 0.923096
v -0.48 0.787119 0.897591
v -0.40345 0.787119 0.912815
v -0.344898 0.728495 0.962492
v -0.338573 0.787119 0.956165
v -0.364563 0.671681 0.982153
v -0.549046 0.612624 1.02854
v -0.556549 0.602342 1.09759
v -0.615101 0.652019 1.03897
v -0.621428 0.645692 1.09759
v -0.664778 0.710571 1.09759
v -0.654495 0.718072 1.02854
v -0.68 0.787119 1.09759
v -0.664778 0.787119 1.02104
v -0.615101 0.728495 0.962492
v -0.621428 0.787119 0.956165
v -0.556549 0.787119 0.912815
v -0.549046 0.718072 0.923096
v -0.538624 0.652019 0.962492
v -0.595438 0.671681 0.982153
v -0.48 0.602342 1.17414
v -0.410954 0.612624 1.16664
v -0.344898 0.652019 1.15622
v -0.305504 0.718072 1.16664
v -0.295223 0.787119 1.17414
v -0.344898 0.728495 1.23269
v -0.338573 0.787119 1.23902
v -0.40345 0.787119 1.28237
v -0.410954 0.718072 1.27208
v -0.48 0.787119 1.29759
v -0.48 0.710571 1.28237
v -0.421375 0.652019 1.23269
v -0.48 0.645692 1.23902
v -0.364563 0.671681 1.21303
v -0.664778 0.787119 1.17414
v -0.654495 0.718072 1.16664
v -0.615101 0.652019 1.15622
v -0.549046 0.612624 1.16664
v -0.538624 0.652019 1.23269
v -0.549046 0.718072 1.27208
v -0.556549 0.787119 1.28237
v -0.615101 0.728495 1.23269
v -0.621428 0.787119 1.23902
v -0.595438 0.671681 1.21303
v 0.664778 0.787119 1.02104
v 0.654495 0.718072 1.02854
v 0.68 0.787119 1.09759
v 0.664778 0.710571 1.09759
v 0.615101 0.652019 1.03897
v 0.621428 0.645692 1.09759
v 0.556549 0.602342 1.09759
v 0.549046 0.612624 1.02854
v 0.48 0.58712 1.09759
v 0.48 0.602342 1.02104
v 0.538624 0.652019 0.962492
v 0.48 0.645692 0.956165
v 0.48 0.710571 0.912815
v 0.549046 0.718072 0.923096
v 0.48 0.787119 0.897591
v 0.556549 0.787119 0.912815
v 0.615101 0.728495 0.962492
v 0.621428 0.787119 0.956165
v 0.595438 0.671681 0.982153
v 0.410954 0.612624 1.02854
v 0.403452 0.602342 1.09759
v 0.3449 0.652019 1.03897
v 0.338573 0.645692 1.09759
v 0.295223 0.710571 1.09759
v 0.305506 0.718072 1.02854
v 0.280001 0.787119 1.09759
v 0.295223 0.787119 1.02104
v 0.3449 0.728495 0.962492
v 0.338573 0.787119 0.956165
v 0.403452 0.787119 0.912815
v 0.410954 0.718072 0.923096
v 0.421375 0.652019 0.962492
v 0.364563 0.671681 0.982153
v 0.48 0.602342 1.17414
v 0.549046 0.612624 1.16664
v 0.615101 0.652019 1.15622
v 0.654495 0.718072 1.16664
v 0.664778 0.787119 1.17414
v 0.615101 0.728495 1.23269
v 0.621428 0.787119 1.23902
v 0.556549 0.787119 1.28237
v 0.549046 0.718072 1.27208
v 0.48 0.787119 1.29759
v 0.48 0.710571 1.28237
v 0.538624 0.652019 1.23269
v 0.48 0.645692 1.23902
v 0.595438 0.671681 1.21303
v 0.295223 0.787119 1.17414
v 0.305506 0.718072 1.16664
v 0.3449 0.652019 1.15622
v 0.410954 0.612624 1.16664
v 0.421375 0.652019 1.23269
v 0.410954 0.718072 1.27208
v 0.403452 0.787119 1.28237
v 0.3449 0.728495 1.23269
v 0.338573 0.787119 1.23902
v 0.364563 0.671681 1.21303
v 0.184778 0.787119 -0.790682
v 0.174496 0.718072 -0.783178
v 0.200001 0.787119 -0.714132
v 0.184778 0.710571 -0.714132
v 0.135101 0.652019 -0.772757
v 0.141428 0.645692 -0.714132
v 0.07655 0.602342 -0.714132
v 0.069046 0.612624 -0.783178
v 0 0.58712 -0.714132
v 0 0.602342 -0.790682
v 0.058624 0.652019 -0.849234
v 0 0.645692 -0.85556
v 0 0.710571 -0.898911
v 0.069046 0.718072 -0.888628
v 0 0.787119 -0.914133
v 0.07655 0.787119 -0.898911
v 0.135101 0.728495 -0.849234
v 0.141428 0.787119 -0.85556
v 0.115438 0.671681 -0.829571
v -0.069046 0.612624 -0.783178
v -0.07655 0.602342 -0.714132
v -0.135101 0.652019 -0.772757
v -0.141426 0.645692 -0.714132
v -0.184776 0.710571 -0.714132
v -0.174496 0.718072 -0.783178
v -0.200001 0.787119 -0.714132
v -0.184776 0.787119 -0.790682
v -0.135101 0.728495 -0.849234
v -0.141426 0.787119 -0.85556
v -0.07655 0.787119 -0.898911
v -0.069046 0.718072 -0.888628
v -0.058624 0.652019 -0.849234
v -0.115437 0.671681 -0.829571
v 0 0.602342 -0.637583
v 0.069046 0.612624 -0.645086
v 0.135101 0.652019 -0.655508
v 0.174496 0.718072 -0.645086
v 0.184778 0.787119 -0.637583
v 0.135101 0.728495 -0.579031
v 0.141428 0.787119 -0.572704
v 0.07655 0.787119 -0.529354
v 0.069046 0.718072 -0.539637
v 0 0.787119 -0.514132
v 0 0.710571 -0.529354
v 0.058624 0.652019 -0.579031
v 0 0.645692 -0.572704
v 0.115438 0.671681 -0.598694
v -0.184776 0.787119 -0.637583
v -0.174496 0.718072 -0.645086
v -0.135101 0.652019 -0.655508
v -0.069046 0.612624 -0.645086
v -0.058624 0.652019 -0.579031
v -0.069046 0.718072 -0.539637
v -0.07655 0.787119 -0.529354
v -0.135101 0.728495 -0.579031
v -0.141426 0.787119 -0.572704
v -0.115437 0.671681 -0.598694
v -0.295223 0.787119 -0.790682
v -0.305504 0.718072 -0.783178
v -0.279999 0.787119 -0.714132
v -0.295223 0.710571 -0.714132
v -0.344898 0.652019 -0.772757
v -0.338573 0.645692 -0.714132
v -0.40345 0.602342 -0.714132
v -0.410954 0.612624 -0.783178
v -0.48 0.58712 -0.714132
v -0.48 0.602342 -0.790682
v -0.421375 0.652019 -0.849234
v -0.48 0.645692 -0.85556
v -0.48 0.710571 -0.898911
v -0.410954 0.718072 -0.888628
v -0.48 0.787119 -0.914133
v -0.40345 0.787119 -0.898911
v -0.344898 0.728495 -0.849234
v -0.338573 0.787119 -0.85556
v -0.364563 0.671681 -0.829571
v -0.549046 0.612624 -0.783178
v -0.556549 0.602342 -0.714132
v -0.615101 0.652019 -0.772757
v -0.621428 0.645692 -0.714132
v -0.664778 0.710571 -0.714132
v -0.654495 0.718072 -0.783178
v -0.68 0.787119 -0.714132
v -0.664778 0.787119 -0.790682
v -0.615101 0.728495 -0.849234
v -0.621428 0.787119 -0.85556
v -0.556549 0.787119 -0.898911
v -0.549046 0.718072 -0.888628
v -0.538624 0.652019 -0.849234
v -0.595438 0.671681 -0.829571
v -0.48 0.602342 -0.637583
v -0.410954 0.612624 -0.645086
v -0.344898 0.652019 -0.655508
v -0.305504 0.718072 -0.645086
v -0.295223 0.787119 -0.637583
v -0.344898 0.728495 -0.579031
v -0.338573 0.787119 -0.572704
v -0.40345 0.787119 -0.529354
v -0.410954 0.718072 -0.539637
v -0.48 0.787119 -0.514132
v -0.48 0.710571 -0.529354
v -0.421375 0.652019 -0.579031
v -0.48 0.645692 -0.572704
v -0.364563 0.671681 -0.598694
v -0.664778 0.787119 -0.637583
v -0.654495 0.718072 -0.645086
v -0.615101 0.652019 -0.655508
v -0.549046 0.612624 -0.645086
v -0.538624 0.652019 -0.579031
v -0.549046 0.718072 -0.539637
v -0.556549 0.787119 -0.529354
v -0.615101 0.728495 -0.579031
v -0.621428 0.787119 -0.572704
v -0.595438 0.671681 -0.598694
v 0.664778 0.787119 -0.790682
v 0.654495 0.718072 -0.783178
v 0.68 0.787119 -0.714132
v 0.664778 0.710571 -0.714132
v 0.615101 0.652019 -0.772757
v 0.621428 0.645692 -0.714132
v 0.556549 0.602342 -0.714132
v 0.549046 0.612624 -0.783178
v 0.48 0.58712 -0.714132
v 0.48 0.602342 -0.790682
v 0.538624 0.652019 -0.849234
v 0.48 0.645692 -0.85556
v 0.48 0.710571 -0.898911
v 0.549046 0.718072 -0.888628
v 0.48 0.787119 -0.914133
v 0.556549 0.787119 -0.898911
v 0.615101 0.728495 -0.849234
v 0.621428 0.787119 -0.85556
v 0.595438 0.671681 -0.829571
v 0.410954 0.612624 -0.783178
v 0.403452 0.602342 -0.714132
v 0.3449 0.652019 -0.772757
v 0.338573 0.645692 -0.714132
v 0.295223 0.710571 -0.714132
v 0.305506 0.718072 -0.783178
v 0.280001 0.787119 -0.714132
v 0.295223 0.787119 -0.790682
v 0.3449 0.728495 -0.849234
v 0.338573 0.787119 -0.85556
v 0.403452 0.787119 -0.898911
v 0.410954 0.718072 -0.888628
v 0.421375 0.652019 -0.849234
v 0.364563 0.671681 -0.829571
v 0.48 0.602342 -0.637583
v 0.549046 0.612624 -0.645086
v 0.615101 0.652019 -0.655508
v 0.654495 0.718072 -0.645086
v 0.664778 0.787119 -0.637583
v 0.615101 0.728495 -0.579031
v 0.621428 0.787119 -0.572704
v 0.556549 0.787119 -0.529354
v 0.549046 0.718072 -0.539637
v 0.48 0.787119 -0.514132
v 0.48 0.710571 -0.529354
v 0.538624 0.652019 -0.579031
v 0.48 0.645692 -0.572704
v 0.595438 0.671681 -0.598694
v 0.295223 0.787119 -0.637583
v 0.305506 0.718072 -0.645086
v 0.3449 0.652019 -0.655508
v 0.410954 0.612624 -0.645086
v 0.421375 0.652019 -0.579031
v 0.410954 0.718072 -0.539637
v 0.403452 0.787119 -0.529354
v 0.3449 0.728495 -0.579031
v 0.338573 0.787119 -0.572704
v 0.364563 0.671681 -0.598694
v -0.858452 0.787119 -0.109262
v -0.48 0.787119 -0.392838
v -0.48 0.787119 -0.251411
v -0.48 0.787119 -0.109985
v -0.858452 0.787119 0.793369
v -0.814371 0.787119 -0.920982
v -1.12088 0.787119 -0.614468
v -1.12077 0.787119 1.01447
v -0.814266 0.787119 1.32088
v -0.858452 0.580766 -0.981655
v -1.18156 0.580766 -0.658548
v -0.858452 0.713046 -0.981655
v -1.18156 0.713047 -0.658548
v -0.451315 0.580766 -1.1891
v -0.451315 0.713046 -1.1891
v -1.38901 0.580766 -0.251411
v -1.38901 0.713046 -0.251411
v -1.46049 0.580766 0.199903
v -1.46049 0.713046 0.199903
v 0 0.580766 -1.26058
v 0 0.713046 -1.26058
v -1.38901 0.580766 0.65122
v -1.38901 0.713047 0.65122
v 0.451315 0.580766 -1.1891
v 0.451317 0.713046 -1.1891
v -1.18156 0.580766 1.05836
v -1.18156 0.713064 1.05836
v 0.858454 0.580766 -0.981655
v 0.858454 0.713046 -0.981655
v -0.858452 0.580766 1.38146
v -0.858452 0.713057 1.38146
v 1.18156 0.580766 -0.658548
v 1.18156 0.713046 -0.658548
v 1.38901 0.580766 -0.251411
v 1.38901 0.713046 -0.251411
v -0.451317 0.580766 1.58891
v -0.451315 0.713047 1.58891
v 1.46049 0.580766 0.199903
v 1.46049 0.713046 0.199903
v 0 0.580766 1.66039
v 0 0.713046 1.66039
v 1.38901 0.580766 0.65122
v 1.38901 0.713046 0.65122
v 0.451317 0.580766 1.58891
v 0.451317 0.713046 1.58891
v 1.18156 0.580766 1.05836
v 1.18156 0.713046 1.05836
v 0.858454 0.580766 1.38146
v 0.858454 0.713046 1.38146
v -1.31768 0.787119 -0.228235
v 0.814371 0.787119 -0.920982
v 1.12089 0.787119 -0.614468
v 1.31768 0.787119 0.628044
v 1.12089 0.787119 1.01428
v -0.428139 0.787119 -1.11778
v 0.428141 0.787119 -1.11778
v -0.428139 0.787119 1.51759
v 0.428141 0.787119 1.51759
v 0 0.787119 -1.18559
v 1.38549 0.787119 0.199903
v 0 0.787119 1.5854
v 0.814371 0.787119 1.32079
v 1.31768 0.787119 -0.228235
v -1.31768 0.787119 0.628044
v -1.38549 0.787119 0.199903
v -1.16379 0.765424 -0.645639
v -0.845543 0.765424 -0.963884
v -0.444527 0.765424 -1.16821
v -1.36811 0.765424 -0.244623
v -1.16375 0.765429 1.0455
v -1.36811 0.765424 0.644432
v -1.43852 0.765424 0.199903
v 0.845543 0.765424 -0.963884
v 1.16379 0.765424 -0.645639
v 1.36812 0.765424 -0.244623
v -0.845512 0.765427 1.36372
v 1.43852 0.765424 0.199903
v 1.36812 0.765424 0.644432
v 1.16379 0.765424 1.04545
v 0.845543 0.765424 1.36369
v 0.444529 0.765424 1.56802
v 0 0.765424 -1.23862
v 0.444529 0.765424 -1.16821
v -0.444527 0.765424 1.56802
v 0 0.765424 1.63843
vn -0.914283 0.16953 0.367895
vn -0.878038 0.338409 0.338421
vn -0.983368 0.181625 0
vn -0.927712 0.373297 1e-06
vn -0.677373 0.677371 0.286937
vn -0.707108 0.707106 2e-06
vn -0.373287 0.927716 1e-06
vn -0.338417 0.878031 0.338432
vn 0 1 1e-06
vn 3e-06 0.927716 0.373286
vn -0.286941 0.677369 0.677375
vn 1e-06 0.707111 0.707103
vn 0 0.373289 0.927715
vn -0.33842 0.33843 0.87803
vn -0 0.181622 0.983368
vn -0.367884 0.169573 0.914279
vn -0.677375 0.286932 0.677373
vn -0.699015 0.150851 0.699015
vn -0.577343 0.577355 0.577353
vn 0.338413 0.878036 0.338423
vn 0.373295 0.927713 0
vn 0.67738 0.677367 0.286933
vn 0.707121 0.707092 -2e-06
vn 0.927713 0.373294 -1e-06
vn 0.878035 0.338416 0.338422
vn 0.983366 0.181636 -0
vn 0.914276 0.169563 0.367897
vn 0.677373 0.286931 0.677374
vn 0.69901 0.150877 0.699015
vn 0.367883 0.169576 0.914279
vn 0.338421 0.338422 0.878033
vn 0.286938 0.677372 0.677372
vn 0.57735 0.577345 0.577356
vn -2e-06 0.927714 -0.373292
vn -0.33841 0.878035 -0.338427
vn -0.677377 0.67737 -0.286931
vn -0.878037 0.338414 -0.338419
vn -0.914281 0.169531 -0.367898
vn -0.677369 0.286929 -0.67738
vn -0.699011 0.150827 -0.699024
vn -0.367893 0.169555 -0.914279
vn -0.338409 0.338433 -0.878033
vn 0 0.181625 -0.983368
vn -1e-06 0.373306 -0.927708
vn -0.286929 0.677367 -0.677382
vn 0 0.707109 -0.707105
vn -0.577349 0.577351 -0.57735
vn 0.914281 0.169539 -0.367895
vn 0.878041 0.338404 -0.338417
vn 0.677389 0.67736 -0.286928
vn 0.338418 0.878032 -0.338428
vn 0.286921 0.677382 -0.67737
vn 0.338409 0.338422 -0.878038
vn 0.367895 0.169545 -0.91428
vn 0.677371 0.286922 -0.67738
vn 0.69901 0.150853 -0.69902
vn 0.577352 0.57735 -0.577349
vn -0.91428 0.169563 0.367886
vn -0.878031 0.338425 0.338423
vn -0.983372 0.181604 1e-06
vn -0.92771 0.373303 2e-06
vn -0.677372 0.677372 0.286941
vn -0.707123 0.70709 0
vn -0.373284 0.927717 1e-06
vn -0.338414 0.878034 0.338427
vn 1e-06 1 0
vn 2e-06 0.927713 0.373295
vn -0.286934 0.677382 0.677364
vn -0 0.707113 0.7071
vn 1e-06 0.373289 0.927715
vn -0.338421 0.33842 0.878034
vn 0 0.181618 0.983369
vn -0.367882 0.169566 0.914281
vn -0.677371 0.286929 0.677378
vn -0.699004 0.150901 0.699015
vn -0.577348 0.577347 0.577356
vn 0.338424 0.87803 0.338426
vn 0.37329 0.927715 -0
vn 0.677372 0.677374 0.286936
vn 0.707097 0.707117 -0
vn 0.927715 0.37329 -1e-06
vn 0.878034 0.338416 0.338425
vn 0.98337 0.181614 -1e-06
vn 0.914286 0.169532 0.367886
vn 0.677376 0.286929 0.677372
vn 0.699013 0.15085 0.699018
vn 0.367887 0.169554 0.914282
vn 0.338427 0.338422 0.87803
vn 0.286941 0.677371 0.677373
vn 0.577357 0.577347 0.577346
vn 1e-06 0.927714 -0.373291
vn -0.33841 0.878037 -0.338423
vn -0.677374 0.677373 -0.286932
vn -0.878032 0.338426 -0.33842
vn -0.914284 0.169547 -0.367885
vn -0.677366 0.286928 -0.677383
vn -0.699005 0.150877 -0.69902
vn -0.367892 0.169551 -0.91428
vn -0.338409 0.338427 -0.878036
vn 0 0.181621 -0.983369
vn -1e-06 0.373296 -0.927712
vn -0.286918 0.677385 -0.677368
vn 1e-06 0.707111 -0.707102
vn -0.577347 0.577358 -0.577346
vn 0.914281 0.169557 -0.367886
vn 0.878034 0.338419 -0.338421
vn 0.677373 0.677377 -0.286926
vn 0.338417 0.878036 -0.338419
vn 0.286933 0.677361 -0.677386
vn 0.338419 0.338398 -0.878043
vn 0.367899 0.16952 -0.914283
vn 0.677372 0.28692 -0.67738
vn 0.699008 0.150826 -0.699027
vn 0.577359 0.577346 -0.577346
vn -0.914282 0.169553 0.367886
vn -0.878029 0.338429 0.338424
vn -0.983368 0.181625 1e-06
vn -0.927711 0.373299 1e-06
vn -0.677361 0.677386 0.286932
vn -0.70711 0.707103 0
vn -0.373287 0.927716 -0
vn -0.338412 0.878037 0.338422
vn -0.286932 0.677372 0.677375
vn 0 0.707107 0.707107
vn 1e-06 0.373286 0.927716
vn -0.33842 0.338431 0.87803
vn 1e-06 0.181622 0.983368
vn -0.367879 0.169579 0.91428
vn -0.677374 0.28694 0.67737
vn -0.699007 0.150876 0.699018
vn -0.577348 0.577355 0.577347
vn 0.338422 0.878032 0.338425
vn 0.373288 0.927716 -1e-06
vn 0.677367 0.677381 0.286932
vn 0.70711 0.707103 0
vn 0.927703 0.373319 -1e-06
vn 0.878027 0.338438 0.338422
vn 0.983372 0.181604 1e-06
vn 0.914285 0.16952 0.367893
vn 0.677375 0.286916 0.677379
vn 0.699015 0.150825 0.699021
vn 0.367887 0.16955 0.914282
vn 0.338427 0.338422 0.878031
vn 0.286941 0.677371 0.677372
vn 0.577356 0.577342 0.577353
vn 0 0.927715 -0.373288
vn -0.338417 0.878034 -0.338423
vn -0.677378 0.677371 -0.286928
vn -0.878032 0.338427 -0.338419
vn -0.914276 0.169595 -0.367881
vn -0.677367 0.286942 -0.677376
vn -0.367889 0.169551 -0.914281
vn -0.338412 0.338422 -0.878036
vn -0 0.18162 -0.983369
vn -1e-06 0.373295 -0.927713
vn -0.286925 0.677367 -0.677383
vn 0 0.707102 -0.707111
vn -0.57735 0.577357 -0.577344
vn 0.914287 0.169513 -0.367893
vn 0.878034 0.338421 -0.338418
vn 0.677377 0.677373 -0.286926
vn 0.338425 0.878032 -0.338422
vn 0.286928 0.677371 -0.677378
vn 0.338418 0.33841 -0.878039
vn 0.367899 0.169524 -0.914282
vn 0.67737 0.28691 -0.677387
vn 0.577357 0.577347 -0.577347
vn -0.91428 0.169543 0.367895
vn -0.878035 0.338417 0.338422
vn -0.927713 0.373294 0
vn -0.677369 0.677376 0.286937
vn -0.373284 0.927717 -1e-06
vn -0.338411 0.878035 0.338427
vn -0.286939 0.677374 0.67737
vn 1e-06 0.373285 0.927717
vn -0.338422 0.338418 0.878034
vn 0 0.18162 0.983369
vn -0.367885 0.16956 0.914281
vn -0.577344 0.577353 0.577354
vn 0.338413 0.878035 0.338425
vn 0.373287 0.927716 0
vn 0.677373 0.677371 0.286941
vn 0.707123 0.70709 0
vn 0.927716 0.373288 -1e-06
vn 0.878028 0.338433 0.338423
vn 0.914276 0.169595 0.367882
vn 0.67737 0.286938 0.677375
vn 0.699012 0.15085 0.699018
vn 0.367882 0.169566 0.914281
vn 0.33842 0.338425 0.878032
vn 0.286941 0.677364 0.677379
vn 0.577351 0.577343 0.577357
vn -2e-06 0.927713 -0.373295
vn -0.338417 0.878033 -0.338427
vn -0.677378 0.67737 -0.286929
vn -0.878034 0.338422 -0.338418
vn -0.91428 0.16954 -0.367897
vn -0.677369 0.286926 -0.677381
vn -0.367894 0.169538 -0.914281
vn -0.338412 0.338412 -0.87804
vn 0 0.181628 -0.983367
vn -1e-06 0.373302 -0.92771
vn -0.286928 0.67737 -0.677379
vn -0.577347 0.577356 -0.577348
vn 0.914282 0.169553 -0.367886
vn 0.878031 0.338427 -0.33842
vn 0.677379 0.677368 -0.286934
vn 0.338413 0.878036 -0.338421
vn 0.286927 0.677366 -0.677383
vn 0.33841 0.338414 -0.87804
vn 0.367893 0.169544 -0.914281
vn 0.677364 0.286939 -0.67738
vn 0.699003 0.150877 -0.699022
vn 0.577353 0.577345 -0.577352
vn -0.914282 0.169553 0.367887
vn -0.878032 0.33842 0.338425
vn -0.677373 0.677371 0.286941
vn -0.338406 0.878038 0.338424
vn 1e-06 1 4e-06
vn 2e-06 0.927712 0.373297
vn -0.286936 0.67737 0.677376
vn -3e-06 0.707101 0.707113
vn 0 0.373285 0.927717
vn -0.338419 0.338421 0.878034
vn 0 0.181625 0.983368
vn -0.367881 0.169587 0.914278
vn -0.677373 0.286927 0.677377
vn -0.577355 0.577336 0.57736
vn 0.338418 0.87803 0.338431
vn 0.677374 0.677371 0.286938
vn 0.707108 0.707106 -2e-06
vn 0.927711 0.3733 -1e-06
vn 0.878033 0.338421 0.338423
vn 0.983374 0.181593 -1e-06
vn 0.914282 0.169526 0.3679
vn 0.677373 0.286935 0.677373
vn 0.699013 0.150851 0.699017
vn 0.367884 0.169558 0.914282
vn 0.338423 0.338418 0.878034
vn 0.286943 0.67737 0.677372
vn 0.577345 0.577354 0.577352
vn 0 0.927716 -0.373287
vn -0.338404 0.878042 -0.338416
vn -0.677376 0.677371 -0.286932
vn -0.914283 0.169555 -0.367884
vn -0.677364 0.286932 -0.677383
vn -0.367892 0.169556 -0.914279
vn -0.338411 0.338411 -0.878041
vn -0 0.373304 -0.927709
vn -0.286923 0.677376 -0.677375
vn -0.577352 0.577346 -0.577353
vn 0.914289 0.16949 -0.367897
vn 0.878036 0.338416 -0.338419
vn 0.677376 0.677373 -0.286929
vn 0.338417 0.878034 -0.338424
vn 0.286926 0.677373 -0.677377
vn 0.33841 0.338427 -0.878035
vn 0.367895 0.169541 -0.914281
vn 0.677373 0.286917 -0.677381
vn 0.699016 0.150801 -0.699025
vn 0.57735 0.577351 -0.57735
vn -0.914287 0.169498 0.367899
vn -0.87804 0.338402 0.338423
vn -0.983374 0.181591 -0
vn -0.927712 0.373297 -0
vn -0.677376 0.677374 0.286925
vn -0.373294 0.927713 2e-06
vn -0.338416 0.878032 0.33843
vn 4e-06 1 -2e-06
vn 3e-06 0.927714 0.373293
vn -0.286934 0.677367 0.677379
vn -1e-06 0.373281 0.927718
vn -0.338421 0.338425 0.878032
vn 0 0.181628 0.983367
vn -0.367888 0.169584 0.914276
vn -0.67737 0.28692 0.677382
vn -0.577345 0.577343 0.577363
vn 0.338413 0.878031 0.338434
vn 0.373298 0.927712 0
vn 0.677377 0.677369 0.286934
vn 0.927706 0.373312 2e-06
vn 0.878037 0.338406 0.338426
vn 0.983364 0.181646 1e-06
vn 0.914278 0.169546 0.367899
vn 0.677365 0.28694 0.677379
vn 0.367888 0.169563 0.914279
vn 0.338422 0.33842 0.878033
vn 0.286938 0.677365 0.677379
vn 0.577336 0.577357 0.577358
vn 4e-06 0.927714 -0.373292
vn -0.338415 0.878034 -0.338424
vn -0.677382 0.677367 -0.286926
vn -0.878042 0.338397 -0.338423
vn -0.914281 0.169522 -0.367902
vn -0.677373 0.286918 -0.67738
vn -0.699006 0.150852 -0.699024
vn -0.3679 0.16956 -0.914275
vn -0.338416 0.338434 -0.87803
vn -2e-06 0.373303 -0.92771
vn -0.286919 0.677382 -0.677371
vn -0 0.7071 -0.707113
vn -0.577345 0.577348 -0.577358
vn 0.914279 0.169544 -0.367898
vn 0.878032 0.338422 -0.338423
vn 0.677372 0.677376 -0.286929
vn 0.338418 0.878033 -0.338425
vn 0.286925 0.677369 -0.677381
vn 0.33842 0.338413 -0.878037
vn 0.367902 0.16954 -0.914278
vn 0.677375 0.286917 -0.677379
vn 0.699008 0.150853 -0.699022
vn 0.577343 0.577349 -0.57736
vn -0.91428 0.169565 0.367886
vn -0.878031 0.338422 0.338427
vn -0.983368 0.181623 1e-06
vn -0.927719 0.37328 0
vn -0.677377 0.677367 0.286938
vn -0.373296 0.927712 -0
vn -0.33841 0.878035 0.338428
vn 4e-06 1 1e-06
vn 3e-06 0.927713 0.373293
vn -0.286928 0.677378 0.677371
vn -1e-06 0.373284 0.927717
vn -0.338421 0.338418 0.878034
vn -0.367887 0.169565 0.914279
vn -0.677359 0.286951 0.67738
vn -0.577337 0.577361 0.577352
vn 0.33841 0.878033 0.338432
vn 0.677373 0.677374 0.286933
vn 0.927711 0.373299 0
vn 0.878036 0.338408 0.338427
vn 0.98337 0.181614 1e-06
vn 0.914282 0.169521 0.367901
vn 0.677367 0.286928 0.677382
vn 0.699012 0.150851 0.699018
vn 0.367887 0.169572 0.914278
vn 0.338421 0.338425 0.878032
vn 0.286939 0.677362 0.677382
vn 0.577341 0.577347 0.577363
vn -0.338415 0.878035 -0.338422
vn -0.677374 0.677374 -0.286931
vn -0.87803 0.338428 -0.338422
vn -0.914273 0.169606 -0.367884
vn -0.677367 0.286928 -0.677382
vn -0.699 0.150903 -0.699019
vn -0.3679 0.169545 -0.914278
vn -0.33842 0.338417 -0.878035
vn -1e-06 0.373305 -0.927709
vn -0.286923 0.67737 -0.677381
vn -0.577344 0.577346 -0.577361
vn 0.914279 0.169541 -0.367898
vn 0.878036 0.338413 -0.338423
vn 0.677373 0.677376 -0.286929
vn 0.33842 0.878032 -0.338425
vn 0.286926 0.677369 -0.677381
vn 0.338419 0.338419 -0.878035
vn 0.367902 0.169542 -0.914278
vn 0.677371 0.28693 -0.677377
vn 0.577336 0.57736 -0.577355
vn -0.91428 0.169551 0.367892
vn -0.878032 0.338422 0.338423
vn -0.983372 0.181602 -2e-06
vn -0.927713 0.373293 -1e-06
vn -0.677377 0.677374 0.286925
vn -0.373292 0.927714 0
vn -0.338418 0.878031 0.338429
vn 3e-06 1 -0
vn 1e-06 0.927716 0.373287
vn -0.286932 0.677372 0.677376
vn -1e-06 0.707104 0.707109
vn 0 0.373288 0.927716
vn -0.338426 0.338426 0.878029
vn -0.367891 0.169572 0.914276
vn -0.677362 0.286937 0.677383
vn -0.577345 0.577355 0.577351
vn 0.338415 0.87803 0.338434
vn 0.373296 0.927712 0
vn 0.677375 0.677373 0.286932
vn 0.92771 0.373303 1e-06
vn 0.878029 0.338429 0.338424
vn 0.983368 0.181624 -0
vn 0.914281 0.169557 0.367886
vn 0.677368 0.286933 0.677379
vn 0.367884 0.169557 0.914282
vn 0.338422 0.338425 0.878031
vn 0.286934 0.67736 0.677387
vn 0.577346 0.577344 0.57736
vn 2e-06 0.927717 -0.373284
vn -0.338423 0.878034 -0.338418
vn -0.677376 0.677377 -0.286919
vn -0.914281 0.169543 -0.367894
vn -0.677369 0.286918 -0.677384
vn -0.699003 0.150877 -0.699022
vn -0.367904 0.169548 -0.914276
vn -0.338424 0.33842 -0.878033
vn -0 0.181619 -0.983369
vn -2e-06 0.373311 -0.927706
vn -0.286921 0.677377 -0.677375
vn 1e-06 0.707103 -0.707111
vn -0.577344 0.577359 -0.577348
vn 0.914287 0.169515 -0.367892
vn 0.878032 0.33842 -0.338427
vn 0.677371 0.677378 -0.286928
vn 0.338423 0.878031 -0.338424
vn 0.286916 0.677378 -0.677376
vn 0.338418 0.33843 -0.878031
vn 0.367899 0.169533 -0.914281
vn 0.677375 0.28692 -0.677377
vn 0.699003 0.150851 -0.699027
vn 0.57735 0.577346 -0.577355
vn -0.914279 0.169565 0.367887
vn -0.878032 0.338416 0.338429
vn -0.983372 0.181602 0
vn -0.677377 0.67737 0.286932
vn -0.373284 0.927717 0
vn -0.338415 0.878031 0.338432
vn -1e-06 0.927711 0.3733
vn -0.28693 0.677367 0.677381
vn -0 0.37329 0.927715
vn -0.338424 0.338421 0.878032
vn 1e-06 0.181627 0.983368
vn -0.367884 0.169579 0.914278
vn -0.677366 0.286944 0.677376
vn -0.577345 0.57735 0.577355
vn 0.338413 0.878035 0.338424
vn 0.373294 0.927713 0
vn 0.677368 0.677382 0.286928
vn 0.92771 0.373302 1e-06
vn 0.87803 0.338428 0.338423
vn 0.98337 0.181614 2e-06
vn 0.914283 0.169532 0.367893
vn 0.677366 0.286921 0.677386
vn 0.36789 0.169559 0.914279
vn 0.286937 0.677368 0.677378
vn 0.577347 0.577347 0.577358
vn -1e-06 0.92771 -0.373302
vn -0.338422 0.878031 -0.338427
vn -0.677382 0.677367 -0.28693
vn -0.878036 0.338411 -0.338425
vn -0.91428 0.169561 -0.367887
vn -0.677371 0.286934 -0.677376
vn -0.367898 0.169543 -0.914279
vn -0.338423 0.338409 -0.878037
vn -0 0.181622 -0.983368
vn -1e-06 0.3733 -0.927711
vn -0.286914 0.677386 -0.677369
vn 0 0.707107 -0.707107
vn -0.577339 0.577367 -0.577345
vn 0.914278 0.169558 -0.367894
vn 0.878028 0.338436 -0.33842
vn 0.67737 0.67738 -0.286924
vn 0.338426 0.878031 -0.338423
vn 0.286923 0.677376 -0.677376
vn 0.338424 0.33842 -0.878033
vn 0.367906 0.169526 -0.914279
vn 0.677373 0.286902 -0.677387
vn 0.699006 0.150826 -0.69903
vn 0.57735 0.577347 -0.577354
vn -0.914289 0.169486 0.367899
vn -0.878044 0.338395 0.33842
vn -0.983374 0.181592 1e-06
vn -0.92771 0.373302 0
vn -0.677377 0.677373 0.286924
vn -0.373299 0.927711 -0
vn -0.338419 0.878032 0.338427
vn 0 1 -2e-06
vn -1e-06 0.927715 0.37329
vn -0.286926 0.677375 0.677374
vn -3e-06 0.707115 0.707099
vn 1e-06 0.373303 0.92771
vn -0.338413 0.338423 0.878036
vn -0.367894 0.169552 0.914279
vn -0.677379 0.286907 0.677379
vn -0.699021 0.150826 0.699015
vn -0.577354 0.577343 0.577354
vn 0.338416 0.878035 0.338423
vn 0.373293 0.927714 0
vn 0.677374 0.677373 0.286933
vn 0.927709 0.373305 0
vn 0.878038 0.338408 0.338423
vn 0.983366 0.181635 -0
vn 0.914281 0.169531 0.367899
vn 0.677373 0.286933 0.677374
vn 0.699018 0.150825 0.699018
vn 0.3679 0.169536 0.91428
vn 0.338418 0.338417 0.878036
vn 0.286933 0.67737 0.677377
vn 0.577342 0.577362 0.577347
vn 2e-06 0.927712 -0.373297
vn -0.878037 0.338412 -0.338422
vn -0.677374 0.286931 -0.677374
vn -0.699019 0.150849 -0.699011
vn -0.367886 0.169585 -0.914276
vn -0.338416 0.338429 -0.878032
vn 0 0.373277 -0.92772
vn -0.286931 0.677381 -0.677367
vn 0 0.707113 -0.7071
vn -0.577344 0.577353 -0.577354
vn 0.91428 0.169541 -0.367898
vn 0.878035 0.338414 -0.338423
vn 0.677371 0.677374 -0.286938
vn 0.338413 0.878033 -0.33843
vn 0.286941 0.677365 -0.677379
vn 0.338417 0.338417 -0.878037
vn 0.367883 0.169563 -0.914281
vn 0.67737 0.286953 -0.677368
vn 0.699019 0.150876 -0.699006
vn 0.577338 0.577363 -0.57735
vn -0.878032 0.338427 0.338418
vn -0.983368 0.181624 -0
vn -0.927711 0.373299 2e-06
vn -0.677374 0.677374 0.286931
vn -0.707121 0.707092 2e-06
vn -0.373295 0.927713 -0
vn -0.338414 0.878035 0.338423
vn 0 1 2e-06
vn 2e-06 0.927714 0.373292
vn -0.286928 0.677373 0.677376
vn 0 0.707102 0.707111
vn 1e-06 0.373299 0.927711
vn -0.338414 0.338414 0.878038
vn -0.367895 0.169541 0.914281
vn -0.67737 0.286943 0.677373
vn -0.699017 0.150851 0.699013
vn -0.577339 0.57737 0.577343
vn 0.338418 0.878032 0.338427
vn 0.677375 0.677375 0.286926
vn 0.927713 0.373295 -0
vn 0.878037 0.338414 0.33842
vn 0.98337 0.181613 1e-06
vn 0.914284 0.169515 0.3679
vn 0.677372 0.28693 0.677376
vn 0.367899 0.169555 0.914277
vn 0.338416 0.338426 0.878033
vn 0.28693 0.677368 0.67738
vn 0.577344 0.577357 0.57735
vn -1e-06 0.927712 -0.373297
vn -0.338417 0.878032 -0.338428
vn -0.677372 0.677373 -0.286938
vn -0.878029 0.338429 -0.338424
vn -0.914277 0.16955 -0.3679
vn -0.677375 0.28693 -0.677372
vn -0.699017 0.150875 -0.699008
vn -0.367888 0.169557 -0.914281
vn -0.33842 0.338412 -0.878037
vn 0 0.373284 -0.927717
vn -0.286938 0.677377 -0.677368
vn -0.577344 0.577351 -0.577355
vn 0.878036 0.338415 -0.33842
vn 0.677379 0.677367 -0.286934
vn 0.338413 0.878034 -0.338428
vn 0.286934 0.677374 -0.677373
vn 0.338414 0.338428 -0.878033
vn 0.367882 0.169581 -0.914278
vn 0.677377 0.286925 -0.677374
vn 0.699025 0.150824 -0.699011
vn 0.577345 0.577354 -0.577353
vn -0.914282 0.169554 0.367887
vn -0.878031 0.338424 0.338423
vn -0.983372 0.181603 1e-06
vn -0.927715 0.37329 2e-06
vn -0.67737 0.677377 0.286933
vn -0.373291 0.927714 -0
vn -0.338413 0.878036 0.338423
vn -0 1 -0
vn 2e-06 0.927715 0.373289
vn -0.286925 0.677377 0.677373
vn 2e-06 0.373295 0.927713
vn -0.338413 0.338419 0.878037
vn -0 0.181624 0.983368
vn -0.367894 0.169544 0.914281
vn -0.67737 0.286927 0.67738
vn -0.699009 0.150875 0.699015
vn -0.577348 0.577354 0.577349
vn 0.338422 0.878033 0.338422
vn 0.373292 0.927714 1e-06
vn 0.677371 0.677377 0.28693
vn 0.878034 0.338417 0.338422
vn 0.983372 0.181603 -1e-06
vn 0.914289 0.169515 0.367887
vn 0.677376 0.286919 0.677376
vn 0.699017 0.150825 0.699019
vn 0.367903 0.169525 0.91428
vn 0.338425 0.338411 0.878036
vn 0.286931 0.67737 0.677378
vn 0.577354 0.577353 0.577344
vn -1e-06 0.927717 -0.373284
vn -0.338406 0.87804 -0.338418
vn -0.677369 0.677376 -0.286938
vn -0.878032 0.338418 -0.338426
vn -0.91428 0.169566 -0.367886
vn -0.677369 0.286943 -0.677373
vn -0.699013 0.1509 -0.699006
vn -0.367885 0.169575 -0.914278
vn -0.338415 0.338433 -0.878031
vn -0 0.181626 -0.983368
vn -0 0.373285 -0.927717
vn -0.28693 0.677384 -0.677364
vn -0.577342 0.577358 -0.577351
vn 0.878035 0.338409 -0.338427
vn 0.677376 0.677369 -0.286938
vn 0.338419 0.878031 -0.338429
vn 0.286939 0.677371 -0.677374
vn 0.338421 0.338424 -0.878032
vn 0.367886 0.169566 -0.91428
vn 0.677377 0.28693 -0.677372
vn 0.699017 0.150848 -0.699014
vn 0.577353 0.57735 -0.577348
vn -0.878033 0.338419 0.338424
vn -0.927719 0.373279 1e-06
vn -0.677378 0.677369 0.286933
vn -0.338419 0.878033 0.338423
vn 4e-06 0.927712 0.373296
vn -0.286922 0.677375 0.677376
vn 2e-06 0.373299 0.927711
vn -0.338414 0.338427 0.878034
vn 0 0.181619 0.983369
vn -0.367891 0.169548 0.914281
vn -0.677372 0.286938 0.677373
vn -0.699012 0.15085 0.699018
vn -0.57735 0.577358 0.577343
vn 0.338421 0.878033 0.33842
vn 0.677364 0.677386 0.286926
vn 0.927709 0.373304 1e-06
vn 0.87803 0.338431 0.33842
vn 0.914284 0.16953 0.367892
vn 0.677374 0.286911 0.677382
vn 0.367902 0.169533 0.914279
vn 0.338424 0.338416 0.878034
vn 0.286931 0.677372 0.677375
vn 0.577351 0.577352 0.577347
vn -3e-06 0.927712 -0.373297
vn -0.338419 0.878031 -0.338428
vn -0.677381 0.677364 -0.286939
vn -0.878036 0.338408 -0.338427
vn -0.677372 0.286953 -0.677366
vn -0.367882 0.169581 -0.914279
vn -0.338419 0.338425 -0.878033
vn -1e-06 0.181628 -0.983367
vn -0 0.373293 -0.927714
vn -0.286932 0.677374 -0.677373
vn -0.577347 0.577354 -0.57735
vn 0.878027 0.338437 -0.338422
vn 0.677368 0.677378 -0.286934
vn 0.286937 0.677375 -0.67737
vn 0.338421 0.338428 -0.878031
vn 0.367887 0.169556 -0.914281
vn 0.677375 0.286911 -0.677381
vn 0.699019 0.150823 -0.699017
vn 0.577353 0.577346 -0.577352
vn -0.914282 0.16955 0.367887
vn -0.927713 0.373293 1e-06
vn -0.677373 0.677374 0.286933
vn -0.70712 0.707093 -0
vn -0.373288 0.927716 -0
vn -0.338409 0.878038 0.338421
vn 2e-06 1 1e-06
vn 0 0.927715 0.37329
vn -0.286918 0.677377 0.677376
vn 1e-06 0.707098 0.707116
vn -1e-06 0.373309 0.927707
vn -0.338419 0.338424 0.878033
vn -0.367898 0.169554 0.914277
vn -0.677369 0.286935 0.677377
vn -0.699005 0.150901 0.699015
vn -0.577342 0.57735 0.577359
vn 0.338416 0.878032 0.33843
vn 0.677374 0.677375 0.286928
vn 0.707105 0.707109 -2e-06
vn 0.927709 0.373303 -1e-06
vn 0.878032 0.338425 0.33842
vn 0.983374 0.181592 -1e-06
vn 0.914284 0.169513 0.367901
vn 0.677375 0.286922 0.677376
vn 0.3679 0.169546 0.914278
vn 0.33842 0.33842 0.878034
vn 0.286923 0.677373 0.677379
vn 0.577342 0.57735 0.577358
vn 2e-06 0.927716 -0.373287
vn -0.338415 0.878033 -0.338428
vn -0.677372 0.677374 -0.286933
vn -0.878034 0.338415 -0.338425
vn -0.914284 0.169544 -0.367887
vn -0.677368 0.286923 -0.677383
vn -0.699009 0.150876 -0.699015
vn -0.367879 0.169581 -0.91428
vn -0.338413 0.338422 -0.878036
vn -1e-06 0.37329 -0.927715
vn -0.28693 0.677368 -0.67738
vn 3e-06 0.707113 -0.707101
vn -0.577352 0.577334 -0.577365
vn 0.914287 0.169501 -0.367898
vn 0.878035 0.338415 -0.338424
vn 0.677374 0.677372 -0.286934
vn 0.338414 0.878034 -0.338427
vn 0.286928 0.677372 -0.677377
vn 0.338413 0.338428 -0.878034
vn 0.367882 0.16957 -0.91428
vn 0.677369 0.286939 -0.677376
vn 0.699015 0.150851 -0.699015
vn 0.577341 0.577352 -0.577358
vn -0.878034 0.338421 0.338421
vn -0.927715 0.37329 1e-06
vn -0.677374 0.677373 0.286932
vn -0.707105 0.707109 2e-06
vn -0.373284 0.927717 -2e-06
vn -0.338415 0.878033 0.338428
vn -0.286922 0.677375 0.677377
vn -0 0.7071 0.707113
vn -0 0.373308 0.927707
vn -0.338421 0.338419 0.878034
vn -0.3679 0.169541 0.914278
vn -0.677374 0.286931 0.677374
vn -0.577336 0.57736 0.577355
vn 0.338413 0.878035 0.338426
vn 0.373285 0.927717 0
vn 0.677377 0.67737 0.286932
vn 0.70712 0.707093 -0
vn 0.927713 0.373295 -1e-06
vn 0.87803 0.338429 0.338421
vn 0.983368 0.181624 -1e-06
vn 0.914281 0.169561 0.367884
vn 0.67737 0.28693 0.677378
vn 0.699008 0.150876 0.699016
vn 0.367899 0.169541 0.914279
vn 0.338418 0.33842 0.878035
vn 0.28692 0.677368 0.677384
vn -1e-06 0.927713 -0.373294
vn -0.338424 0.878028 -0.338432
vn -0.677383 0.677362 -0.286936
vn -0.878035 0.338413 -0.338424
vn -0.91428 0.169536 -0.3679
vn -0.677369 0.286932 -0.677378
vn -0.699013 0.150851 -0.699017
vn -0.367882 0.169563 -0.914282
vn -0.338414 0.338419 -0.878037
vn -2e-06 0.373287 -0.927716
vn -0.286928 0.677375 -0.677374
vn -0.577343 0.57735 -0.577357
vn 0.914275 0.169595 -0.367885
vn 0.878029 0.338427 -0.338426
vn 0.677378 0.677367 -0.286938
vn 0.338415 0.878033 -0.338427
vn 0.286927 0.677364 -0.677385
vn 0.338411 0.338426 -0.878035
vn 0.36788 0.169573 -0.914281
vn 0.677363 0.286948 -0.677377
vn 0.699004 0.150901 -0.699015
vn 0.577346 0.577345 -0.577359
vn -0.878034 0.338415 0.338424
vn -0.677377 0.677369 0.286935
vn -0.338416 0.878033 0.338426
vn -0 0.927714 0.373291
vn -0.286916 0.677383 0.677372
vn -0.338419 0.338417 0.878036
vn -0.367898 0.169551 0.914278
vn -0.677372 0.286922 0.677379
vn -0.577343 0.57735 0.577358
vn 0.338415 0.878037 0.338418
vn 0.677375 0.677375 0.286927
vn 0.707094 0.70712 -0
vn 0.927716 0.373287 -1e-06
vn 0.87804 0.338401 0.338424
vn 0.98337 0.181613 -1e-06
vn 0.914288 0.169519 0.367887
vn 0.677378 0.286918 0.677375
vn 0.367903 0.169529 0.91428
vn 0.338424 0.338425 0.87803
vn 0.286921 0.677375 0.677377
vn 0.57735 0.577353 0.577348
vn 1e-06 0.927713 -0.373294
vn -0.677371 0.677376 -0.286933
vn -0.87803 0.338428 -0.338424
vn -0.914283 0.16955 -0.367886
vn -0.677364 0.286941 -0.677379
vn -0.699006 0.150902 -0.699013
vn -0.367881 0.169562 -0.914282
vn -0.338413 0.338418 -0.878038
vn -0 0.181616 -0.98337
vn -2e-06 0.373283 -0.927718
vn -0.286925 0.677375 -0.677375
vn -0.57734 0.577357 -0.577353
vn 0.914281 0.169555 -0.367888
vn 0.878032 0.338418 -0.338427
vn 0.677371 0.677377 -0.28693
vn 0.338424 0.878029 -0.338429
vn 0.286934 0.677359 -0.677387
vn 0.33842 0.338412 -0.878037
vn 0.367887 0.169548 -0.914283
vn 0.677369 0.286941 -0.677375
vn 0.699007 0.150875 -0.699018
vn 0.577351 0.577347 -0.577353
vn -0.914283 0.169551 0.367885
vn -0.878031 0.338432 0.338417
vn -0.983372 0.181602 1e-06
vn -0.92771 0.373301 1e-06
vn -0.677367 0.677379 0.286935
vn -0.338413 0.878039 0.338415
vn -1e-06 1 -2e-06
vn 2e-06 0.927713 0.373294
vn -0.286936 0.677371 0.677375
vn 6e-06 0.373285 0.927717
vn -0.338414 0.338421 0.878036
vn 6e-06 0.181625 0.983368
vn -0.367886 0.169586 0.914276
vn -0.677369 0.286946 0.677373
vn -0.699007 0.150875 0.699018
vn -0.577344 0.577358 0.577349
vn 0.373291 0.927714 0
vn 0.677371 0.677375 0.286934
vn 0.927711 0.373298 -0
vn 0.878034 0.338424 0.338416
vn 0.983374 0.181594 -1e-06
vn 0.914283 0.169521 0.367898
vn 0.677374 0.286943 0.677369
vn 0.367888 0.169557 0.91428
vn 0.338421 0.338418 0.878034
vn 0.286944 0.677373 0.677369
vn 0.577342 0.577363 0.577345
vn -3e-06 0.927714 -0.373292
vn -0.338416 0.878037 -0.338416
vn -0.677374 0.677372 -0.286936
vn -0.878032 0.338429 -0.338416
vn -0.914284 0.169551 -0.367881
vn -0.677371 0.286945 -0.677371
vn -0.367881 0.169581 -0.914279
vn -0.338415 0.338421 -0.878035
vn 5e-06 0.181625 -0.983368
vn 4e-06 0.37329 -0.927715
vn -0.286935 0.67738 -0.677366
vn -0.577349 0.577353 -0.577349
vn 0.914289 0.169497 -0.367894
vn 0.878038 0.338416 -0.338415
vn 0.338421 0.878032 -0.338423
vn 0.286933 0.677378 -0.677368
vn 0.338417 0.338427 -0.878032
vn 0.367884 0.16957 -0.91428
vn 0.677376 0.286945 -0.677366
vn 0.577341 0.577367 -0.577343
vn -0.914279 0.169555 0.367893
vn -0.878033 0.338428 0.338415
vn -0.98337 0.181613 -1e-06
vn -0.927712 0.373298 0
vn -0.373288 0.927715 -0
vn -0.33842 0.878034 0.338421
vn -1e-06 0.927714 0.373291
vn -0.286938 0.67738 0.677365
vn 7e-06 0.373285 0.927717
vn -0.338416 0.338418 0.878036
vn 5e-06 0.18162 0.983369
vn -0.367889 0.16956 0.91428
vn -0.677374 0.286938 0.677371
vn -0.577341 0.577361 0.577348
vn 0.338416 0.878036 0.338418
vn 0.67737 0.677375 0.286937
vn 0.927718 0.373282 -1e-06
vn 0.878031 0.338433 0.338416
vn 0.983374 0.181594 -2e-06
vn 0.914279 0.169578 0.367882
vn 0.677371 0.286939 0.677373
vn 0.367886 0.169566 0.91428
vn 0.338419 0.338426 0.878032
vn 0.286941 0.67737 0.677373
vn 0.577347 0.577354 0.577349
vn 0 0.927713 -0.373293
vn -0.338424 0.878031 -0.338424
vn -0.677375 0.677371 -0.286934
vn -0.878036 0.338419 -0.338416
vn -0.914283 0.169529 -0.367895
vn -0.677376 0.286937 -0.677369
vn -0.367884 0.169563 -0.914281
vn -0.338416 0.338418 -0.878036
vn 5e-06 0.181622 -0.983368
vn 3e-06 0.373287 -0.927716
vn -0.286937 0.677379 -0.677366
vn -0.577345 0.577358 -0.577347
vn 0.914282 0.16956 -0.367882
vn 0.878035 0.33842 -0.338418
vn 0.677375 0.677371 -0.286936
vn 0.338412 0.878039 -0.338415
vn 0.286931 0.677375 -0.677372
vn 0.338416 0.338425 -0.878034
vn 0.367882 0.169572 -0.91428
vn 0.677371 0.28695 -0.677369
vn 0.577348 0.577356 -0.577346
vn -0.914281 0.169561 0.367884
vn -0.677373 0.677373 0.286937
vn -0.373286 0.927716 2e-06
vn -0.338422 0.878033 0.33842
vn -1e-06 1 -4e-06
vn 4e-06 0.927713 0.373294
vn -0.28693 0.677393 0.677356
vn 7e-06 0.373289 0.927715
vn 5e-06 0.181618 0.983369
vn -0.67737 0.286939 0.677374
vn -0.577341 0.577365 0.577345
vn 0.338421 0.878036 0.338414
vn 0.677374 0.677372 0.286935
vn 0.878037 0.338414 0.338419
vn 0.914286 0.169534 0.367885
vn 0.677376 0.28694 0.677368
vn 0.367891 0.169554 0.91428
vn 0.338426 0.338423 0.878031
vn 0.286937 0.677382 0.677364
vn 0.577352 0.577362 0.577337
vn -5e-06 0.927713 -0.373295
vn -0.338419 0.878034 -0.338422
vn -0.677376 0.677369 -0.286937
vn -0.878033 0.338426 -0.338416
vn -0.914283 0.16956 -0.367881
vn -0.367882 0.169562 -0.914282
vn -0.338415 0.338417 -0.878037
vn 5e-06 0.181616 -0.98337
vn 3e-06 0.373283 -0.927718
vn -0.28693 0.677391 -0.677357
vn -0.577341 0.577369 -0.577341
vn 0.914289 0.169521 -0.367884
vn 0.87804 0.338406 -0.33842
vn 0.677378 0.67737 -0.286932
vn 0.338423 0.878034 -0.338417
vn 0.28694 0.677369 -0.677375
vn 0.338425 0.338412 -0.878035
vn 0.367888 0.169548 -0.914282
vn 0.677377 0.286943 -0.677366
vn 0.699007 0.150876 -0.699018
vn 0.577356 0.577352 -0.577342
vn 0 1 -6e-06
vn 0 1 -1e-06
vn 0 1 4e-06
vn 0 1 7e-06
vn 0 1 9e-06
vn 0 1 -8e-06
vn 0 1 -3e-06
vn 0 1 1.1e-05
vn 0 1 5e-06
vn 0 1 -5e-06
vn 0 1 3e-06
vn 0 1 8e-06
vn 0 1 -1.1e-05
vn -0.066971 0.993438 -0.092716
vn -0.056421 0.997555 -0.04123
vn -0.057366 0.997482 0.041703
vn -0.065095 0.993844 0.089648
vn -0.587784 0 -0.809018
vn -0.809018 1.3e-05 -0.587784
vn -0.58369 0.114306 -0.803891
vn -0.803539 0.114301 -0.584175
vn -0.309017 0 -0.951057
vn -0.306707 0.1143 -0.944916
vn -0.951056 0 -0.309019
vn -0.94473 0.114297 -0.307279
vn -1 0 -2e-06
vn -0.993447 0.114292 -0.000301
vn 0 0 -1
vn 0.0003 0.114308 -0.993445
vn -0.951057 0 0.309016
vn -0.944913 0.114316 0.30671
vn 0.309015 0 -0.951057
vn 0.307278 0.114305 -0.94473
vn -0.809014 0 0.58779
vn -0.80391 0.114284 0.583668
vn 0.587785 0 -0.809017
vn 0.584176 0.114308 -0.803537
vn -0.587786 0 0.809016
vn -0.584192 0.114279 0.803529
vn 0.809016 0 -0.587786
vn 0.803891 0.114307 -0.583689
vn 0.951056 0 -0.309017
vn 0.944918 0.114288 -0.306707
vn -0.309021 0 0.951055
vn -0.307276 0.114298 0.944732
vn 1 0 -0
vn 0.993447 0.114291 0.000299
vn 1e-06 0 1
vn -0.0003 0.114304 0.993446
vn 0.951057 0 0.309016
vn 0.944731 0.114302 0.307275
vn 0.309017 0 0.951056
vn 0.306707 0.1143 0.944916
vn 0.809017 0 0.587786
vn 0.803538 0.114303 0.584175
vn 0.587785 0 0.809017
vn 0.583691 0.114307 0.803889
vn -0.092096 0.995292 -0.030204
vn 0.067662 0.993402 -0.092593
vn 0.057078 0.997518 -0.04123
vn 0.0927 0.99523 0.030403
vn 0.056851 0.997518 0.041545
vn -0.036352 0.992937 -0.11294
vn 0.036974 0.992937 -0.112738
vn -0.03473 0.99377 0.105905
vn 0.034151 0.993768 0.106104
vn 0.000247 0.995989 -0.089479
vn 0.105308 0.99444 0.00029
vn -0.000234 0.996388 0.084912
vn 0.065873 0.993652 0.091196
vn 0.092868 0.99523 -0.029892
vn -0.09226 0.995292 0.029701
vn -0.105309 0.994439 -0.000291
vn -0.58644 0.688027 -0.427442
vn -0.425648 0.688038 -0.587731
vn -0.223199 0.688021 -0.690514
vn -0.689828 0.688024 -0.225301
vn -0.585488 0.690557 0.424659
vn -0.690471 0.688063 0.223202
vn -0.725695 0.688015 -0.001107
vn 0.427437 0.688038 -0.586431
vn 0.587726 0.688045 -0.425644
vn 0.690517 0.688018 -0.223199
vn -0.428462 0.685418 0.588746
vn 0.725686 0.688025 0.001107
vn 0.689817 0.688036 0.225296
vn 0.586446 0.688017 0.42745
vn 0.425648 0.688038 0.587731
vn 0.223195 0.688026 0.690511
vn 0.001108 0.68803 -0.725682
vn 0.225302 0.688025 -0.689826
vn -0.225292 0.688024 0.689831
vn -0.001107 0.68803 0.725682
vt 0.658528 0.526218
vt 0.666721 0.544331
vt 0.684385 0.521202
vt 0.683886 0.543216
vt 0.671765 0.560362
vt 0.683417 0.559882
vt 0.682955 0.573652
vt 0.670953 0.574365
vt 0.682448 0.58603
vt 0.669815 0.585912
vt 0.656912 0.575027
vt 0.656283 0.586036
vt 0.640515 0.586624
vt 0.641252 0.570353
vt 0.620326 0.587781
vt 0.623416 0.563291
vt 0.648939 0.552774
vt 0.636824 0.541155
vt 0.659291 0.562793
vt 0.67057 0.597356
vt 0.681982 0.598476
vt 0.670951 0.610486
vt 0.681429 0.611414
vt 0.680723 0.626153
vt 0.666036 0.624661
vt 0.679782 0.644523
vt 0.659058 0.63995
vt 0.650521 0.617668
vt 0.640493 0.628447
vt 0.626659 0.61049
vt 0.642496 0.602184
vt 0.65719 0.596885
vt 0.65951 0.608257
vt 0.694412 0.58658
vt 0.694085 0.575026
vt 0.694244 0.561122
vt 0.700148 0.545664
vt 0.709536 0.528719
vt 0.716128 0.555444
vt 0.728512 0.545339
vt 0.739326 0.566725
vt 0.722321 0.57266
vt 0.741744 0.589648
vt 0.722335 0.588278
vt 0.707256 0.576467
vt 0.707251 0.58728
vt 0.705842 0.564274
vt 0.701685 0.641941
vt 0.695581 0.625762
vt 0.691719 0.611053
vt 0.692909 0.597946
vt 0.70599 0.597913
vt 0.720188 0.603602
vt 0.735888 0.61182
vt 0.711857 0.619099
vt 0.721898 0.630496
vt 0.703149 0.609357
vt 0.132587 0.549802
vt 0.140772 0.567925
vt 0.158454 0.544799
vt 0.157943 0.566814
vt 0.145814 0.583957
vt 0.157466 0.583491
vt 0.156998 0.597252
vt 0.144994 0.597963
vt 0.156485 0.609632
vt 0.143852 0.609506
vt 0.130953 0.598615
vt 0.130322 0.609624
vt 0.11455 0.610207
vt 0.115293 0.593937
vt 0.094367 0.611358
vt 0.097459 0.586871
vt 0.122988 0.576358
vt 0.110871 0.564736
vt 0.133333 0.586387
vt 0.144604 0.62095
vt 0.156018 0.622076
vt 0.144978 0.634079
vt 0.155456 0.635015
vt 0.154745 0.649751
vt 0.140057 0.648251
vt 0.15379 0.668121
vt 0.13307 0.663535
vt 0.124543 0.64125
vt 0.114514 0.652022
vt 0.10069 0.634062
vt 0.116531 0.625763
vt 0.13122 0.620474
vt 0.13354 0.631845
vt 0.168448 0.610187
vt 0.168128 0.598634
vt 0.168292 0.584731
vt 0.174204 0.569274
vt 0.183601 0.55233
vt 0.190181 0.579059
vt 0.202567 0.568959
vt 0.213372 0.590351
vt 0.196361 0.596278
vt 0.21578 0.613277
vt 0.196371 0.611898
vt 0.181298 0.600079
vt 0.181285 0.610893
vt 0.179888 0.587886
vt 0.175693 0.665549
vt 0.169597 0.649368
vt 0.165743 0.634657
vt 0.166943 0.621552
vt 0.180021 0.621526
vt 0.194216 0.627222
vt 0.20991 0.635447
vt 0.185876 0.642713
vt 0.195909 0.654118
vt 0.177175 0.632968
vt 0.55337 0.603592
vt 0.561551 0.621715
vt 0.57924 0.598595
vt 0.578723 0.620613
vt 0.566587 0.637752
vt 0.578238 0.637284
vt 0.577769 0.65105
vt 0.565764 0.651754
vt 0.577251 0.663425
vt 0.56462 0.6633
vt 0.551724 0.652406
vt 0.551088 0.663413
vt 0.535317 0.663991
vt 0.536065 0.647722
vt 0.515134 0.665137
vt 0.518232 0.640652
vt 0.543763 0.630147
vt 0.53165 0.61852
vt 0.554106 0.640174
vt 0.565368 0.674742
vt 0.576786 0.675876
vt 0.56574 0.687871
vt 0.576211 0.688802
vt 0.575505 0.703549
vt 0.560812 0.702042
vt 0.574541 0.721917
vt 0.553822 0.717324
vt 0.545304 0.695036
vt 0.535268 0.705805
vt 0.521451 0.687842
vt 0.537293 0.679549
vt 0.551987 0.674263
vt 0.554298 0.685633
vt 0.589214 0.663986
vt 0.588899 0.652431
vt 0.589065 0.638528
vt 0.594983 0.623073
vt 0.604387 0.60613
vt 0.610962 0.632863
vt 0.623348 0.622766
vt 0.634144 0.644162
vt 0.617129 0.650082
vt 0.636544 0.667087
vt 0.617138 0.665704
vt 0.602067 0.653881
vt 0.602053 0.664691
vt 0.600663 0.641685
vt 0.596448 0.719348
vt 0.590352 0.703168
vt 0.5865 0.688451
vt 0.587707 0.675349
vt 0.600783 0.675325
vt 0.614978 0.681023
vt 0.630668 0.689254
vt 0.606634 0.696516
vt 0.616665 0.707923
vt 0.597936 0.686767
vt 0.841592 0.120097
vt 0.84978 0.138184
vt 0.867423 0.115001
vt 0.866919 0.137035
vt 0.854843 0.154219
vt 0.866445 0.153718
vt 0.865981 0.167498
vt 0.854019 0.168206
vt 0.865471 0.179886
vt 0.852906 0.179795
vt 0.840015 0.168874
vt 0.839436 0.179853
vt 0.823683 0.180381
vt 0.824393 0.164143
vt 0.803506 0.18142
vt 0.806647 0.157074
vt 0.832067 0.146625
vt 0.819957 0.135017
vt 0.842397 0.156635
vt 0.853631 0.191203
vt 0.865003 0.192348
vt 0.853995 0.204372
vt 0.864448 0.205287
vt 0.863737 0.220049
vt 0.849046 0.218539
vt 0.862791 0.238432
vt 0.84203 0.233854
vt 0.833539 0.211507
vt 0.82342 0.222259
vt 0.809678 0.204136
vt 0.82555 0.195932
vt 0.840264 0.190729
vt 0.84258 0.202098
vt 0.877446 0.18044
vt 0.877121 0.168876
vt 0.877281 0.154959
vt 0.883195 0.13949
vt 0.892594 0.122528
vt 0.899187 0.149279
vt 0.911583 0.139168
vt 0.922402 0.160575
vt 0.905379 0.166511
vt 0.924817 0.183518
vt 0.905395 0.182144
vt 0.890302 0.170318
vt 0.890294 0.181141
vt 0.888891 0.158116
vt 0.884716 0.235852
vt 0.878606 0.219656
vt 0.874747 0.204931
vt 0.875939 0.191816
vt 0.889033 0.191784
vt 0.903238 0.197481
vt 0.918952 0.205708
vt 0.894901 0.212991
vt 0.904946 0.2244
vt 0.886184 0.203236
vt 0.765546 0.607254
vt 0.773736 0.62537
vt 0.791409 0.602244
vt 0.790902 0.62426
vt 0.778778 0.641404
vt 0.790434 0.640926
vt 0.789965 0.654696
vt 0.777963 0.655405
vt 0.789454 0.667071
vt 0.776823 0.666955
vt 0.76392 0.656066
vt 0.763289 0.667073
vt 0.747524 0.66766
vt 0.748259 0.65139
vt 0.727332 0.668817
vt 0.730425 0.644325
vt 0.755951 0.633811
vt 0.743837 0.622188
vt 0.766303 0.643831
vt 0.777575 0.678393
vt 0.788995 0.679524
vt 0.777956 0.691525
vt 0.788425 0.692442
vt 0.787729 0.707199
vt 0.773034 0.705696
vt 0.786776 0.725564
vt 0.766056 0.720985
vt 0.757527 0.698704
vt 0.747493 0.709478
vt 0.733666 0.691523
vt 0.749498 0.68322
vt 0.764197 0.677924
vt 0.766511 0.689291
vt 0.801419 0.667626
vt 0.801095 0.65607
vt 0.80126 0.642168
vt 0.807165 0.626711
vt 0.816559 0.609764
vt 0.823152 0.636494
vt 0.83553 0.626389
vt 0.846338 0.64778
vt 0.829323 0.653707
vt 0.848748 0.670701
vt 0.829344 0.669329
vt 0.814266 0.657515
vt 0.814259 0.668323
vt 0.812854 0.645319
vt 0.808684 0.722985
vt 0.802577 0.706808
vt 0.798716 0.69209
vt 0.799917 0.678989
vt 0.812993 0.678959
vt 0.827192 0.684649
vt 0.842885 0.69287
vt 0.818854 0.700146
vt 0.828895 0.711547
vt 0.810153 0.690401
vt 0.32121 0.727677
vt 0.329391 0.745798
vt 0.347071 0.722675
vt 0.346563 0.744685
vt 0.334437 0.761827
vt 0.346082 0.761363
vt 0.34562 0.775121
vt 0.333612 0.775833
vt 0.345105 0.787501
vt 0.332476 0.787379
vt 0.319579 0.776486
vt 0.318937 0.787495
vt 0.303176 0.788079
vt 0.303912 0.771809
vt 0.282986 0.789229
vt 0.286082 0.764741
vt 0.311614 0.754228
vt 0.299494 0.742608
vt 0.321951 0.764259
vt 0.333222 0.79882
vt 0.344637 0.79995
vt 0.333602 0.811953
vt 0.344074 0.81288
vt 0.343367 0.827626
vt 0.328677 0.826123
vt 0.342414 0.845992
vt 0.321694 0.841409
vt 0.313169 0.819126
vt 0.303134 0.829896
vt 0.289311 0.811936
vt 0.305147 0.803636
vt 0.319848 0.798348
vt 0.322156 0.809714
vt 0.357067 0.788059
vt 0.356751 0.776503
vt 0.356909 0.762601
vt 0.362822 0.747145
vt 0.372218 0.7302
vt 0.378803 0.756929
vt 0.391185 0.746828
vt 0.401994 0.768221
vt 0.384979 0.774146
vt 0.404402 0.791145
vt 0.384997 0.78977
vt 0.369919 0.777951
vt 0.369905 0.788761
vt 0.368509 0.765757
vt 0.36432 0.843422
vt 0.358216 0.827241
vt 0.354362 0.812528
vt 0.355564 0.799422
vt 0.368644 0.799399
vt 0.382837 0.805089
vt 0.398535 0.813315
vt 0.374505 0.820586
vt 0.384534 0.831987
vt 0.365795 0.810838
vt 0.51889 0.73181
vt 0.527077 0.749926
vt 0.544749 0.726801
vt 0.544245 0.748814
vt 0.532121 0.765958
vt 0.543771 0.765482
vt 0.543307 0.779251
vt 0.531303 0.77996
vt 0.542797 0.791629
vt 0.530164 0.79151
vt 0.517264 0.78062
vt 0.516632 0.791626
vt 0.500865 0.792216
vt 0.501601 0.775943
vt 0.480675 0.79337
vt 0.483769 0.768878
vt 0.509296 0.758364
vt 0.49718 0.746743
vt 0.519643 0.768386
vt 0.530916 0.802948
vt 0.542325 0.804076
vt 0.531294 0.816084
vt 0.541777 0.817009
vt 0.54106 0.831754
vt 0.526377 0.830253
vt 0.540117 0.850118
vt 0.519395 0.845541
vt 0.510863 0.823262
vt 0.500835 0.834033
vt 0.487006 0.816077
vt 0.502841 0.807772
vt 0.517535 0.802482
vt 0.519856 0.813846
vt 0.55476 0.792185
vt 0.55444 0.780628
vt 0.554597 0.766724
vt 0.560507 0.751269
vt 0.569898 0.734322
vt 0.576485 0.76105
vt 0.588872 0.750949
vt 0.599681 0.772338
vt 0.582671 0.778268
vt 0.602092 0.795262
vt 0.582689 0.79389
vt 0.567609 0.782073
vt 0.567595 0.792883
vt 0.566197 0.76988
vt 0.56202 0.847546
vt 0.555915 0.831364
vt 0.552064 0.816654
vt 0.553255 0.803547
vt 0.566339 0.803522
vt 0.580528 0.809209
vt 0.596232 0.817431
vt 0.572204 0.824708
vt 0.582233 0.836105
vt 0.563488 0.81496
vt 0.245043 0.618175
vt 0.253224 0.636299
vt 0.270911 0.613177
vt 0.270396 0.635191
vt 0.258264 0.652332
vt 0.269915 0.651869
vt 0.269445 0.665629
vt 0.257441 0.666338
vt 0.268929 0.678009
vt 0.256297 0.677882
vt 0.243401 0.666987
vt 0.242767 0.677996
vt 0.226996 0.678576
vt 0.22774 0.662307
vt 0.206813 0.679724
vt 0.209908 0.655238
vt 0.235439 0.644729
vt 0.223323 0.633105
vt 0.245782 0.65476
vt 0.257047 0.689324
vt 0.268459 0.690455
vt 0.25742 0.702455
vt 0.267899 0.70339
vt 0.267183 0.718129
vt 0.252496 0.716624
vt 0.266226 0.736497
vt 0.245506 0.731907
vt 0.236983 0.709621
vt 0.226952 0.72039
vt 0.213132 0.702428
vt 0.228974 0.694133
vt 0.243664 0.688847
vt 0.245982 0.700216
vt 0.280891 0.678568
vt 0.280577 0.667013
vt 0.28074 0.65311
vt 0.286656 0.637655
vt 0.296057 0.620711
vt 0.302633 0.647442
vt 0.315019 0.637345
vt 0.325822 0.658738
vt 0.308808 0.664661
vt 0.328226 0.681664
vt 0.308819 0.680284
vt 0.293746 0.668461
vt 0.293728 0.679274
vt 0.292338 0.656268
vt 0.288129 0.73393
vt 0.282032 0.717749
vt 0.278184 0.703036
vt 0.279386 0.689931
vt 0.292465 0.689909
vt 0.306656 0.695605
vt 0.322352 0.703833
vt 0.298319 0.711098
vt 0.308345 0.722502
vt 0.289614 0.701349
vt 0.763838 0.231754
vt 0.773029 0.249385
vt 0.78938 0.225301
vt 0.790113 0.247308
vt 0.778971 0.265107
vt 0.790573 0.263985
vt 0.790886 0.27775
vt 0.778937 0.279135
vt 0.79107 0.290138
vt 0.778452 0.29073
vt 0.764961 0.280582
vt 0.764946 0.291605
vt 0.749238 0.293082
vt 0.749056 0.276794
vt 0.729146 0.29537
vt 0.730855 0.270744
vt 0.755754 0.258808
vt 0.742997 0.247888
vt 0.766642 0.268237
vt 0.779845 0.302106
vt 0.791307 0.302596
vt 0.780962 0.315201
vt 0.791472 0.315529
vt 0.791597 0.330297
vt 0.776847 0.329621
vt 0.791681 0.348685
vt 0.770736 0.345278
vt 0.760968 0.323515
vt 0.751559 0.33483
vt 0.736744 0.317683
vt 0.752086 0.3085
vt 0.76646 0.302395
vt 0.769413 0.313606
vt 0.803045 0.290021
vt 0.802077 0.278501
vt 0.801453 0.264612
vt 0.806485 0.248847
vt 0.814912 0.231398
vt 0.822993 0.257715
vt 0.834787 0.246933
vt 0.846781 0.267682
vt 0.830128 0.274557
vt 0.850477 0.290434
vt 0.831025 0.290154
vt 0.815306 0.279202
vt 0.815901 0.289998
vt 0.813212 0.267108
vt 0.813406 0.344884
vt 0.8064 0.329074
vt 0.801724 0.3146
vt 0.802184 0.30145
vt 0.815242 0.300688
vt 0.829732 0.305572
vt 0.845867 0.312898
vt 0.822286 0.321512
vt 0.832942 0.33233
vt 0.813042 0.31227
vt 0.420946 0.64175
vt 0.429135 0.659866
vt 0.446806 0.636739
vt 0.446304 0.658751
vt 0.434182 0.675897
vt 0.445832 0.675424
vt 0.445369 0.689187
vt 0.433363 0.689898
vt 0.444861 0.701563
vt 0.432228 0.701448
vt 0.419327 0.690559
vt 0.418689 0.701564
vt 0.40293 0.702155
vt 0.40366 0.685883
vt 0.382737 0.703309
vt 0.385831 0.678821
vt 0.411357 0.668305
vt 0.399238 0.656686
vt 0.421701 0.678328
vt 0.432978 0.712885
vt 0.444392 0.714014
vt 0.433361 0.726021
vt 0.443843 0.726943
vt 0.443128 0.74169
vt 0.428442 0.740191
vt 0.442186 0.760059
vt 0.42146 0.755481
vt 0.412929 0.7332
vt 0.402896 0.743973
vt 0.389068 0.726016
vt 0.4049 0.71771
vt 0.419602 0.712421
vt 0.421917 0.723783
vt 0.456822 0.702118
vt 0.456501 0.690563
vt 0.456657 0.67666
vt 0.462565 0.661204
vt 0.471955 0.644257
vt 0.478545 0.670982
vt 0.490927 0.660878
vt 0.50174 0.682266
vt 0.48473 0.688197
vt 0.504155 0.70519
vt 0.484751 0.70382
vt 0.46967 0.692005
vt 0.469657 0.702816
vt 0.468257 0.679814
vt 0.464089 0.757479
vt 0.457982 0.741298
vt 0.454129 0.726588
vt 0.45532 0.713482
vt 0.468403 0.713454
vt 0.482592 0.719141
vt 0.498296 0.727362
vt 0.474268 0.73464
vt 0.484299 0.746038
vt 0.465553 0.724893
vt 0.656715 0.685272
vt 0.664907 0.703386
vt 0.682572 0.680256
vt 0.682074 0.702265
vt 0.669956 0.719413
vt 0.681607 0.718941
vt 0.681145 0.7327
vt 0.669141 0.733417
vt 0.680637 0.745077
vt 0.668007 0.744965
vt 0.655103 0.734078
vt 0.654471 0.745087
vt 0.638707 0.745679
vt 0.639437 0.729408
vt 0.618513 0.746837
vt 0.621605 0.722345
vt 0.64713 0.711826
vt 0.63501 0.70021
vt 0.657477 0.721849
vt 0.668761 0.756404
vt 0.68018 0.757531
vt 0.669144 0.769539
vt 0.679617 0.770452
vt 0.678923 0.785208
vt 0.664228 0.783712
vt 0.67798 0.803577
vt 0.657253 0.799006
vt 0.648716 0.776726
vt 0.638684 0.787503
vt 0.624849 0.769548
vt 0.640681 0.761238
vt 0.655382 0.755942
vt 0.657699 0.767306
vt 0.692603 0.745627
vt 0.692273 0.734075
vt 0.692435 0.720175
vt 0.698334 0.704714
vt 0.707721 0.687767
vt 0.714321 0.714492
vt 0.726694 0.704384
vt 0.737511 0.725769
vt 0.720502 0.731703
vt 0.739932 0.748689
vt 0.720524 0.747322
vt 0.705445 0.735513
vt 0.705443 0.746325
vt 0.704028 0.723321
vt 0.699887 0.800988
vt 0.693777 0.78481
vt 0.689908 0.770096
vt 0.691104 0.756995
vt 0.70418 0.756956
vt 0.718381 0.762648
vt 0.734078 0.770859
vt 0.710047 0.778142
vt 0.720096 0.789541
vt 0.701346 0.768403
vt 0.132597 0.688906
vt 0.140778 0.707029
vt 0.158464 0.683907
vt 0.157951 0.705921
vt 0.145819 0.723062
vt 0.157469 0.7226
vt 0.157001 0.736358
vt 0.144996 0.737066
vt 0.156487 0.748734
vt 0.14385 0.748612
vt 0.130956 0.737718
vt 0.130322 0.748722
vt 0.11455 0.749306
vt 0.115295 0.733036
vt 0.094367 0.75045
vt 0.097464 0.725967
vt 0.122995 0.715459
vt 0.110879 0.703836
vt 0.133335 0.72549
vt 0.144605 0.76005
vt 0.156011 0.761186
vt 0.14497 0.773185
vt 0.155461 0.774113
vt 0.154733 0.788858
vt 0.140051 0.787352
vt 0.153781 0.807228
vt 0.133056 0.802638
vt 0.124532 0.780351
vt 0.114504 0.791119
vt 0.100684 0.773156
vt 0.116526 0.764859
vt 0.131214 0.759579
vt 0.13354 0.770942
vt 0.168444 0.749296
vt 0.168134 0.73774
vt 0.168293 0.723838
vt 0.17421 0.708385
vt 0.183611 0.691439
vt 0.190187 0.718168
vt 0.202573 0.708071
vt 0.213375 0.729465
vt 0.196361 0.735387
vt 0.215779 0.752391
vt 0.196375 0.751012
vt 0.181301 0.739189
vt 0.181281 0.749998
vt 0.179894 0.726996
vt 0.175685 0.804658
vt 0.169584 0.788476
vt 0.165742 0.773763
vt 0.16694 0.760658
vt 0.180022 0.760639
vt 0.194207 0.76633
vt 0.209907 0.77456
vt 0.185876 0.781826
vt 0.195899 0.79323
vt 0.177166 0.772074
vt 0.734709 0.419221
vt 0.7429 0.43734
vt 0.760577 0.414211
vt 0.760069 0.436228
vt 0.747942 0.453373
vt 0.759597 0.452902
vt 0.759129 0.466667
vt 0.747126 0.467377
vt 0.758619 0.479045
vt 0.745985 0.478921
vt 0.733083 0.468033
vt 0.732455 0.479042
vt 0.716683 0.479628
vt 0.717424 0.463357
vt 0.6965 0.48078
vt 0.699589 0.456294
vt 0.725114 0.445779
vt 0.712998 0.434158
vt 0.735465 0.455803
vt 0.746739 0.490366
vt 0.758152 0.491487
vt 0.747115 0.503494
vt 0.757596 0.504433
vt 0.756882 0.519161
vt 0.742196 0.517668
vt 0.755932 0.537535
vt 0.73521 0.532951
vt 0.72668 0.510666
vt 0.716652 0.521442
vt 0.702826 0.503483
vt 0.718665 0.495183
vt 0.733355 0.48989
vt 0.735676 0.501264
vt 0.770583 0.479597
vt 0.770259 0.468045
vt 0.770423 0.454141
vt 0.776331 0.438683
vt 0.785725 0.421739
vt 0.792306 0.448466
vt 0.804694 0.438365
vt 0.815502 0.459754
vt 0.798496 0.465686
vt 0.817915 0.482681
vt 0.798503 0.481303
vt 0.783429 0.469486
vt 0.783419 0.480302
vt 0.782018 0.457295
vt 0.777832 0.534958
vt 0.771737 0.518777
vt 0.767883 0.50407
vt 0.769077 0.490963
vt 0.782156 0.490934
vt 0.796351 0.49663
vt 0.812047 0.504853
vt 0.788012 0.512121
vt 0.798049 0.523524
vt 0.779311 0.502376
vt 0.767231 0.009468
vt 0.775421 0.027555
vt 0.793064 0.004371
vt 0.79256 0.02641
vt 0.780481 0.043591
vt 0.792084 0.043088
vt 0.79162 0.056872
vt 0.779658 0.057578
vt 0.791109 0.069255
vt 0.778542 0.069166
vt 0.765652 0.058246
vt 0.765076 0.069224
vt 0.749319 0.069749
vt 0.750033 0.053513
vt 0.729146 0.070788
vt 0.732287 0.046444
vt 0.757705 0.035999
vt 0.745597 0.02439
vt 0.768037 0.046005
vt 0.77927 0.080573
vt 0.79064 0.081723
vt 0.77963 0.09374
vt 0.790087 0.094651
vt 0.78937 0.10942
vt 0.774681 0.107908
vt 0.788423 0.127805
vt 0.76766 0.123223
vt 0.759171 0.100874
vt 0.749052 0.111626
vt 0.735314 0.0935
vt 0.751187 0.0853
vt 0.765899 0.080098
vt 0.768218 0.091467
vt 0.803081 0.069812
vt 0.802761 0.058246
vt 0.80292 0.04433
vt 0.808836 0.028861
vt 0.818237 0.011898
vt 0.824829 0.038651
vt 0.837225 0.028539
vt 0.848041 0.049949
vt 0.831015 0.055882
vt 0.850455 0.072893
vt 0.831033 0.071519
vt 0.815939 0.059691
vt 0.815931 0.07051
vt 0.814531 0.047487
vt 0.810347 0.125223
vt 0.804236 0.109028
vt 0.800382 0.0943
vt 0.801576 0.081186
vt 0.814669 0.081157
vt 0.828871 0.086853
vt 0.844587 0.095084
vt 0.820535 0.102365
vt 0.830576 0.113776
vt 0.811818 0.092607
vt 0.839891 0.717922
vt 0.848084 0.736036
vt 0.86575 0.712904
vt 0.865253 0.734918
vt 0.853134 0.752066
vt 0.864786 0.751589
vt 0.864324 0.765354
vt 0.85232 0.766066
vt 0.863818 0.777728
vt 0.851182 0.777619
vt 0.838278 0.766733
vt 0.837651 0.777734
vt 0.821884 0.778333
vt 0.822614 0.762059
vt 0.801692 0.779489
vt 0.804782 0.755
vt 0.830306 0.74448
vt 0.818186 0.732862
vt 0.840655 0.754498
vt 0.851941 0.789052
vt 0.863351 0.790182
vt 0.852318 0.802191
vt 0.862806 0.803107
vt 0.862092 0.817855
vt 0.847408 0.81636
vt 0.861154 0.836225
vt 0.840428 0.831653
vt 0.831888 0.809375
vt 0.821863 0.82015
vt 0.808028 0.802197
vt 0.823861 0.793885
vt 0.838554 0.788595
vt 0.840883 0.799953
vt 0.87578 0.77828
vt 0.875455 0.766726
vt 0.875611 0.752824
vt 0.881515 0.737366
vt 0.890901 0.720417
vt 0.897495 0.747142
vt 0.909876 0.737035
vt 0.920692 0.758421
vt 0.903685 0.764356
vt 0.923111 0.781344
vt 0.903706 0.779977
vt 0.888624 0.768164
vt 0.888617 0.778977
vt 0.88721 0.755974
vt 0.883056 0.83364
vt 0.876948 0.81746
vt 0.873092 0.80275
vt 0.874279 0.789646
vt 0.887361 0.789613
vt 0.901552 0.7953
vt 0.917256 0.803517
vt 0.893228 0.810797
vt 0.903265 0.822196
vt 0.884516 0.801053
vt 0.839905 0.500837
vt 0.848092 0.518958
vt 0.86577 0.49583
vt 0.865263 0.517844
vt 0.853134 0.534988
vt 0.864786 0.534522
vt 0.864321 0.548281
vt 0.852316 0.548995
vt 0.863808 0.560658
vt 0.851175 0.560534
vt 0.838278 0.549645
vt 0.837643 0.560659
vt 0.821873 0.561236
vt 0.822617 0.544971
vt 0.801692 0.562386
vt 0.804783 0.537904
vt 0.830308 0.527391
vt 0.818193 0.515772
vt 0.840655 0.537421
vt 0.851928 0.571982
vt 0.863342 0.573107
vt 0.852301 0.585106
vt 0.862781 0.586039
vt 0.86207 0.600781
vt 0.84738 0.599282
vt 0.861117 0.619153
vt 0.840393 0.614568
vt 0.831866 0.592278
vt 0.821834 0.603054
vt 0.808011 0.58509
vt 0.823853 0.576796
vt 0.838546 0.571501
vt 0.840862 0.582877
vt 0.875767 0.561215
vt 0.875451 0.549661
vt 0.875612 0.535759
vt 0.881521 0.520301
vt 0.89092 0.503355
vt 0.897505 0.530085
vt 0.909885 0.519981
vt 0.920693 0.541373
vt 0.903679 0.5473
vt 0.923104 0.5643
vt 0.903695 0.562924
vt 0.88862 0.551106
vt 0.888609 0.561917
vt 0.887209 0.538912
vt 0.88302 0.616576
vt 0.87692 0.600398
vt 0.873064 0.585683
vt 0.874267 0.572579
vt 0.887343 0.572553
vt 0.901538 0.578245
vt 0.917235 0.586471
vt 0.8932 0.59374
vt 0.903235 0.605146
vt 0.884499 0.583995
vt 0.838203 0.342382
vt 0.847392 0.360014
vt 0.863742 0.335932
vt 0.864474 0.357936
vt 0.853332 0.375734
vt 0.864932 0.374614
vt 0.865246 0.388377
vt 0.853299 0.389762
vt 0.865431 0.400765
vt 0.852809 0.401359
vt 0.839321 0.391208
vt 0.839308 0.402231
vt 0.823597 0.403707
vt 0.823418 0.38742
vt 0.803506 0.405993
vt 0.805217 0.381367
vt 0.830117 0.369433
vt 0.817362 0.358513
vt 0.841003 0.378865
vt 0.854207 0.412733
vt 0.865661 0.413227
vt 0.855317 0.42583
vt 0.865834 0.426153
vt 0.865952 0.440929
vt 0.851206 0.44025
vt 0.866038 0.459315
vt 0.845091 0.455908
vt 0.835322 0.434143
vt 0.825916 0.445457
vt 0.811101 0.428308
vt 0.826446 0.419126
vt 0.840815 0.413024
vt 0.843775 0.424232
vt 0.877404 0.400652
vt 0.876439 0.389129
vt 0.875813 0.37524
vt 0.880846 0.359478
vt 0.889273 0.342028
vt 0.897356 0.368345
vt 0.909149 0.357564
vt 0.921142 0.378315
vt 0.904486 0.385186
vt 0.924836 0.401064
vt 0.90539 0.400787
vt 0.889668 0.389835
vt 0.890259 0.400624
vt 0.887574 0.377739
vt 0.887767 0.455516
vt 0.880756 0.439705
vt 0.876084 0.42523
vt 0.876543 0.412078
vt 0.889603 0.411322
vt 0.904089 0.416199
vt 0.920229 0.423528
vt 0.89665 0.432144
vt 0.907301 0.442959
vt 0.887399 0.422897
vt 0.732912 0.795322
vt 0.741095 0.813443
vt 0.758773 0.790322
vt 0.758262 0.81233
vt 0.746136 0.829472
vt 0.757787 0.82901
vt 0.757318 0.842767
vt 0.745315 0.84348
vt 0.756807 0.855152
vt 0.744173 0.855023
vt 0.731275 0.84413
vt 0.730644 0.855141
vt 0.714872 0.855724
vt 0.715614 0.839453
vt 0.694686 0.856874
vt 0.697783 0.832384
vt 0.723313 0.821872
vt 0.711197 0.810252
vt 0.733655 0.831904
vt 0.744925 0.866468
vt 0.756332 0.867591
vt 0.745299 0.879601
vt 0.75578 0.880538
vt 0.755064 0.895273
vt 0.740379 0.893771
vt 0.754115 0.913639
vt 0.733392 0.909057
vt 0.724864 0.886773
vt 0.714834 0.897542
vt 0.701009 0.879581
vt 0.716851 0.87128
vt 0.73154 0.865993
vt 0.733862 0.877363
vt 0.76877 0.855705
vt 0.768449 0.844153
vt 0.768613 0.830249
vt 0.774523 0.814794
vt 0.783916 0.797851
vt 0.790498 0.824576
vt 0.802885 0.814479
vt 0.813694 0.835868
vt 0.796685 0.841797
vt 0.816104 0.858793
vt 0.796696 0.857415
vt 0.781622 0.845596
vt 0.781604 0.856414
vt 0.780207 0.833407
vt 0.776018 0.91107
vt 0.769921 0.894887
vt 0.766068 0.880179
vt 0.767262 0.867071
vt 0.780346 0.867046
vt 0.794539 0.872741
vt 0.810237 0.880963
vt 0.786205 0.888233
vt 0.796236 0.899634
vt 0.777496 0.878487
vt 0.208761 0.797146
vt 0.216945 0.815267
vt 0.234626 0.792144
vt 0.234115 0.814159
vt 0.221987 0.831301
vt 0.233636 0.83083
vt 0.233171 0.844597
vt 0.221167 0.845304
vt 0.232659 0.856977
vt 0.220023 0.856852
vt 0.207124 0.84596
vt 0.2065 0.856965
vt 0.190722 0.857552
vt 0.191465 0.841281
vt 0.17054 0.858704
vt 0.173631 0.834215
vt 0.199162 0.823703
vt 0.187044 0.812079
vt 0.209505 0.833727
vt 0.22078 0.868291
vt 0.232186 0.869421
vt 0.22115 0.881426
vt 0.231634 0.882354
vt 0.230918 0.897099
vt 0.216234 0.895593
vt 0.229967 0.915462
vt 0.209246 0.910879
vt 0.200716 0.888598
vt 0.190691 0.899364
vt 0.176865 0.881408
vt 0.192707 0.873106
vt 0.207389 0.867821
vt 0.209718 0.879184
vt 0.244621 0.857533
vt 0.244304 0.845977
vt 0.244462 0.832072
vt 0.250376 0.816619
vt 0.259772 0.799672
vt 0.266353 0.8264
vt 0.278742 0.816303
vt 0.289547 0.837694
vt 0.272536 0.843621
vt 0.291954 0.860619
vt 0.27255 0.859243
vt 0.257472 0.847422
vt 0.257456 0.858235
vt 0.256064 0.83523
vt 0.251869 0.912894
vt 0.245768 0.896712
vt 0.24192 0.882
vt 0.243114 0.868894
vt 0.256197 0.868871
vt 0.270387 0.874564
vt 0.286086 0.882788
vt 0.262058 0.89006
vt 0.272082 0.901459
vt 0.253345 0.88031
vt 0.370609 0.109078
vt 0.373403 0.125799
vt 0.346183 0.130442
vt 0.355019 0.144667
vt 0.457783 0.111736
vt 0.48103 0.134244
vt 0.454045 0.128279
vt 0.471232 0.148039
vt 0.282941 0.189948
vt 0.296782 0.199856
vt 0.282303 0.211003
vt 0.313027 0.212006
vt 0.313309 0.203736
vt 0.358354 0.526625
vt 0.335102 0.504941
vt 0.362137 0.510102
vt 0.344919 0.491136
vt 0.273661 0.503131
vt 0.205004 0.46127
vt 0.264649 0.488759
vt 0.221731 0.458446
vt 0.562709 0.219409
vt 0.54054 0.197681
vt 0.566539 0.20286
vt 0.550398 0.18385
vt 0.632762 0.356755
vt 0.631465 0.39958
vt 0.618383 0.365747
vt 0.617657 0.389737
vt 0.556401 0.428066
vt 0.559215 0.4448
vt 0.532947 0.449218
vt 0.541954 0.463598
vt 0.381451 0.183492
vt 0.3579 0.161572
vt 0.382472 0.140128
vt 0.454542 0.21589
vt 0.479165 0.195692
vt 0.477717 0.238567
vt 0.386313 0.48729
vt 0.387005 0.463307
vt 0.403036 0.484465
vt 0.403533 0.467086
vt 0.292956 0.328308
vt 0.293682 0.304307
vt 0.30967 0.325494
vt 0.310191 0.30813
vt 0.502593 0.435561
vt 0.485864 0.438371
vt 0.503115 0.418176
vt 0.486572 0.414369
vt 0.378077 0.287594
vt 0.354791 0.265962
vt 0.379228 0.244839
vt 0.389396 0.382985
vt 0.390104 0.358994
vt 0.40611 0.380153
vt 0.406609 0.362789
vt 0.559527 0.323772
vt 0.537343 0.302063
vt 0.563337 0.307225
vt 0.54719 0.288241
vt 0.488932 0.334067
vt 0.489661 0.310037
vt 0.505682 0.331262
vt 0.506211 0.313862
vt 0.601655 0.368552
vt 0.601131 0.385928
vt 0.642607 0.342945
vt 0.640455 0.413957
vt 0.604298 0.281602
vt 0.604828 0.264217
vt 0.620829 0.285421
vt 0.621569 0.261417
vt 0.634637 0.295279
vt 0.635963 0.252431
vt 0.643622 0.309671
vt 0.645822 0.238621
vt 0.519129 0.439373
vt 0.51985 0.415373
vt 0.534228 0.406379
vt 0.471491 0.447376
vt 0.472746 0.404533
vt 0.451271 0.320499
vt 0.47583 0.300171
vt 0.474533 0.343075
vt 0.522956 0.311061
vt 0.522229 0.335076
vt 0.536053 0.344928
vt 0.461667 0.4612
vt 0.444453 0.44139
vt 0.448248 0.424846
vt 0.445432 0.408112
vt 0.436435 0.393745
vt 0.463735 0.39016
vt 0.460906 0.373436
vt 0.437653 0.35093
vt 0.423303 0.359952
vt 0.422623 0.383928
vt 0.547869 0.376042
vt 0.545056 0.359313
vt 0.571323 0.354903
vt 0.562333 0.340517
vt 0.37502 0.391994
vt 0.376298 0.349149
vt 0.351754 0.370265
vt 0.365183 0.405831
vt 0.347945 0.38682
vt 0.348953 0.353515
vt 0.339977 0.339126
vt 0.367314 0.334754
vt 0.364502 0.318006
vt 0.464692 0.356901
vt 0.447469 0.337077
vt 0.434626 0.455226
vt 0.457886 0.47774
vt 0.568214 0.459178
vt 0.544777 0.480323
vt 0.582021 0.469014
vt 0.540983 0.496847
vt 0.560201 0.411534
vt 0.544066 0.39257
vt 0.570035 0.397724
vt 0.584408 0.388732
vt 0.58513 0.364744
vt 0.420259 0.464247
vt 0.419577 0.488247
vt 0.433408 0.498067
vt 0.371953 0.496293
vt 0.373193 0.453488
vt 0.348699 0.474614
vt 0.364194 0.439119
vt 0.345866 0.457893
vt 0.361381 0.422382
vt 0.336852 0.443516
vt 0.338109 0.400661
vt 0.442423 0.512428
vt 0.460719 0.494471
vt 0.361181 0.543344
vt 0.320738 0.513938
vt 0.190848 0.377102
vt 0.191553 0.353093
vt 0.207571 0.374278
vt 0.208086 0.356896
vt 0.193915 0.272688
vt 0.194615 0.248665
vt 0.210655 0.269862
vt 0.211165 0.252465
vt 0.284633 0.128366
vt 0.274809 0.142206
vt 0.213654 0.165418
vt 0.230206 0.169207
vt 0.166628 0.399956
vt 0.168713 0.328859
vt 0.176468 0.386121
vt 0.177725 0.343248
vt 0.16969 0.295551
vt 0.171756 0.224432
vt 0.17953 0.28171
vt 0.180777 0.238822
vt 0.261821 0.472027
vt 0.236095 0.449436
vt 0.265603 0.455488
vt 0.245919 0.435608
vt 0.275423 0.44167
vt 0.249715 0.419067
vt 0.306501 0.429864
vt 0.289788 0.432673
vt 0.307019 0.412492
vt 0.290504 0.408689
vt 0.2767 0.398849
vt 0.267718 0.384461
vt 0.246904 0.402326
vt 0.264918 0.367709
vt 0.237911 0.387933
vt 0.224096 0.378082
vt 0.224813 0.354078
vt 0.239196 0.345071
vt 0.323028 0.433673
vt 0.323736 0.409674
vt 0.441455 0.545674
vt 0.445247 0.529147
vt 0.483542 0.518675
vt 0.469728 0.508844
vt 0.531155 0.510655
vt 0.598542 0.472813
vt 0.326175 0.329293
vt 0.326884 0.30532
vt 0.341237 0.296316
vt 0.278574 0.337315
vt 0.279869 0.294443
vt 0.26873 0.351153
vt 0.249039 0.331234
vt 0.252847 0.314675
vt 0.270869 0.280025
vt 0.250037 0.297917
vt 0.573181 0.293403
vt 0.551002 0.271696
vt 0.574481 0.250553
vt 0.525403 0.230676
vt 0.526153 0.206674
vt 0.539211 0.240543
vt 0.440721 0.246356
vt 0.464015 0.26897
vt 0.439456 0.28931
vt 0.470228 0.181268
vt 0.451848 0.199118
vt 0.492137 0.229607
vt 0.49294 0.205602
vt 0.508878 0.22684
vt 0.509439 0.209463
vt 0.342974 0.234857
vt 0.329203 0.224967
vt 0.343689 0.213059
vt 0.312721 0.221093
vt 0.344357 0.192088
vt 0.33001 0.201021
vt 0.367536 0.213854
vt 0.281654 0.232846
vt 0.29601 0.223855
vt 0.255906 0.210225
vt 0.273898 0.175525
vt 0.253076 0.193455
vt 0.368286 0.301449
vt 0.351035 0.282492
vt 0.351952 0.249244
vt 0.37027 0.230535
vt 0.392401 0.278557
vt 0.393032 0.254602
vt 0.40909 0.275684
vt 0.40955 0.258307
vt 0.426302 0.255411
vt 0.42562 0.279455
vt 0.450635 0.23247
vt 0.467835 0.252394
vt 0.466828 0.28575
vt 0.448459 0.303724
vt 0.548198 0.254948
vt 0.565498 0.236158
vt 0.587565 0.284407
vt 0.588294 0.260404
vt 0.371441 0.197355
vt 0.354167 0.178259
vt 0.396046 0.174381
vt 0.396451 0.14988
vt 0.412844 0.171228
vt 0.413263 0.153739
vt 0.429982 0.150995
vt 0.429273 0.174922
vt 0.444293 0.142058
vt 0.442982 0.184734
vt 0.467444 0.164544
vt 0.495388 0.12526
vt 0.454943 0.094985
vt 0.374438 0.092538
vt 0.332247 0.120341
vt 0.346034 0.130202
vt 0.241031 0.283514
vt 0.24229 0.240628
vt 0.268045 0.263255
vt 0.271833 0.246687
vt 0.252118 0.226787
vt 0.2272 0.273665
vt 0.227906 0.249644
vt 0.576401 0.189033
vt 0.55423 0.167294
vt 0.590798 0.180039
vt 0.551443 0.150541
vt 0.54261 0.136379
vt 0.607543 0.177246
vt 0.271038 0.158762
vt 0.244048 0.17905
vt 0.169507 0.134906
vt 0.238076 0.070142
vt 0.298995 0.119351
vt 0.528655 0.126276
vt 0.592459 0.080832
vt 0.542461 0.136139
vt 0.657 0.149571
vt 0.003685 0.996032
vt 0.003685 0.898486
vt 0.025849 0.996032
vt 0.025849 0.898486
vt 0.049026 0.101395
vt 0.049026 0.003968
vt 0.07119 0.101395
vt 0.07119 0.003968
vt 0.003685 0.801767
vt 0.025849 0.801767
vt 0.003685 0.704266
vt 0.025849 0.704266
vt 0.049026 0.198595
vt 0.07119 0.198595
vt 0.003685 0.605855
vt 0.025849 0.605855
vt 0.049026 0.295094
vt 0.07119 0.295094
vt 0.003685 0.506412
vt 0.025849 0.506412
vt 0.049026 0.39112
vt 0.07119 0.39112
vt 0.003685 0.405853
vt 0.025849 0.405853
vt 0.049026 0.486845
vt 0.07119 0.486845
vt 0.049026 0.582699
vt 0.07119 0.582699
vt 0.003685 0.304898
vt 0.025849 0.304898
vt 0.049026 0.6792
vt 0.07119 0.6792
vt 0.003685 0.204179
vt 0.025849 0.204179
vt 0.049026 0.776591
vt 0.07119 0.776591
vt 0.003685 0.104221
vt 0.025849 0.104221
vt 0.049026 0.874473
vt 0.07119 0.874473
vt 0.003685 0.004732
vt 0.025849 0.004732
vt 0.049026 0.972406
vt 0.07119 0.972406
vt 0.31572 0.116531
vt 0.323341 0.029789
vt 0.159207 0.489161
vt 0.223884 0.557699
vt 0.287482 0.512964
vt 0.50007 0.522468
vt 0.51679 0.519652
vt 0.492519 0.608266
vt 0.577626 0.567997
vt 0.124301 0.217686
vt 0.172707 0.19112
vt 0.168922 0.207679
vt 0.118875 0.403934
vt 0.165647 0.433251
vt 0.646864 0.205335
vt 0.697112 0.234851
vt 0.691374 0.420865
vt 0.639463 0.447205
vt 0.643264 0.430683
vt 0.106847 0.310387
vt 0.165891 0.312109
vt 0.40054 0.571317
vt 0.417263 0.568494
vt 0.39912 0.620289
vt 0.708947 0.328334
vt 0.64642 0.326411
vt 0.64965 0.222081
vt 0.637886 0.190935
vt 0.62408 0.181072
vt 0.646132 0.503426
vt 0.629629 0.461009
vt 0.61526 0.470002
vt 0.384008 0.567529
vt 0.306555 0.602876
vt 0.370189 0.557707
vt 0.431628 0.559489
vt 0.304016 0.516758
vt 0.512121 0.122455
vt 0.509724 0.035406
vt 0.182536 0.177276
vt 0.196913 0.168251
vt 0.162828 0.416508
vt 0.174654 0.447636
vt 0.188472 0.457476
vt 0.416974 0.017827
vt 0.398719 0.069717
vt 0.415493 0.066913
vt 0.384306 0.078718
vt 0.43207 0.070729
vt 0.445918 0.080588
vt 0.038307 0.898486
vt 0.038307 0.996032
vt 0.231031 0.059834
vt 0.159619 0.127281
vt 0.083648 0.003968
vt 0.083648 0.101395
vt 0.112543 0.213487
vt 0.319835 0.017799
vt 0.038307 0.801767
vt 0.038307 0.506412
vt 0.038307 0.605855
vt 0.60008 0.070946
vt 0.513945 0.023649
vt 0.038307 0.704266
vt 0.41735 0.005337
vt 0.083648 0.39112
vt 0.083648 0.486845
vt 0.148903 0.4962
vt 0.216264 0.567572
vt 0.083648 0.582699
vt 0.302362 0.614619
vt 0.66731 0.142539
vt 0.038307 0.405853
vt 0.083648 0.6792
vt 0.398759 0.63275
vt 0.083648 0.776591
vt 0.083648 0.874473
vt 0.496023 0.620227
vt 0.584652 0.57829
vt 0.083648 0.972406
vt 0.655991 0.511048
vt 0.038307 0.004732
vt 0.038307 0.104221
vt 0.703106 0.425074
vt 0.083648 0.198595
vt 0.094367 0.310023
vt 0.083648 0.295094
vt 0.106896 0.407443
vt 0.709092 0.23137
vt 0.038307 0.304898
vt 0.721411 0.328719
vt 0.038307 0.204179
usemtl TopSG
f 99/126/99 100/127/100 101/128/101
f 100/127/100 102/129/102 101/128/101
f 100/127/100 103/130/103 102/129/102
f 103/130/103 104/131/104 102/129/102
f 104/131/104 103/130/103 105/132/105
f 103/130/103 106/133/106 105/132/105
f 105/132/105 106/133/106 107/134/107
f 106/133/106 108/135/108 107/134/107
f 106/133/106 109/136/109 108/135/108
f 109/136/109 110/137/110 108/135/108
f 110/137/110 109/136/109 111/138/111
f 109/136/109 112/139/112 111/138/111
f 111/138/111 112/139/112 113/140/113
f 112/139/112 114/141/114 113/140/113
f 112/139/112 115/142/115 114/141/114
f 115/142/115 116/143/116 114/141/114
f 116/143/116 115/142/115 99/126/99
f 115/142/115 100/127/100 99/126/99
f 115/142/115 117/144/117 100/127/100
f 117/144/117 103/130/103 100/127/100
f 103/130/103 117/144/117 106/133/106
f 117/144/117 109/136/109 106/133/106
f 109/136/109 117/144/117 112/139/112
f 117/144/117 115/142/115 112/139/112
f 108/135/108 118/145/118 107/134/107
f 118/145/118 119/146/119 107/134/107
f 118/145/118 120/147/120 119/146/119
f 120/147/120 121/148/121 119/146/119
f 121/148/121 120/147/120 122/149/122
f 120/147/120 123/150/123 122/149/122
f 122/149/122 123/150/123 124/151/124
f 123/150/123 125/152/125 124/151/124
f 123/150/123 126/153/126 125/152/125
f 126/153/126 127/154/127 125/152/125
f 127/154/127 126/153/126 128/155/128
f 126/153/126 129/156/129 128/155/128
f 128/155/128 129/156/129 113/140/113
f 129/156/129 111/138/111 113/140/113
f 129/156/129 130/157/130 111/138/111
f 130/157/130 110/137/110 111/138/111
f 110/137/110 130/157/130 108/135/108
f 130/157/130 118/145/118 108/135/108
f 130/157/130 131/158/131 118/145/118
f 131/158/131 120/147/120 118/145/118
f 120/147/120 131/158/131 123/150/123
f 131/158/131 126/153/126 123/150/123
f 126/153/126 131/158/131 129/156/129
f 131/158/131 130/157/130 129/156/129
f 132/159/132 133/160/133 107/134/107
f 133/160/133 105/132/105 107/134/107
f 133/160/133 134/161/134 105/132/105
f 134/161/134 104/131/104 105/132/105
f 104/131/104 134/161/134 102/129/102
f 134/161/134 135/162/135 102/129/102
f 102/129/102 135/162/135 101/128/101
f 135/162/135 136/163/136 101/128/101
f 135/162/135 137/164/137 136/163/136
f 137/164/137 138/165/138 136/163/136
f 138/165/138 137/164/137 139/166/139
f 137/164/137 140/167/140 139/166/139
f 139/166/139 140/167/140 141/168/141
f 140/167/140 142/169/142 141/168/141
f 140/167/140 143/170/143 142/169/142
f 143/170/143 144/171/144 142/169/142
f 144/171/144 143/170/143 132/159/132
f 143/170/143 133/160/133 132/159/132
f 143/170/143 145/172/145 133/160/133
f 145/172/145 134/161/134 133/160/133
f 134/161/134 145/172/145 135/162/135
f 145/172/145 137/164/137 135/162/135
f 137/164/137 145/172/145 140/167/140
f 145/172/145 143/170/143 140/167/140
f 146/173/146 147/174/147 124/151/124
f 147/174/147 122/149/122 124/151/124
f 147/174/147 148/175/148 122/149/122
f 148/175/148 121/148/121 122/149/122
f 121/148/121 148/175/148 119/146/119
f 148/175/148 149/176/149 119/146/119
f 119/146/119 149/176/149 107/134/107
f 149/176/149 132/159/132 107/134/107
f 149/176/149 150/177/150 132/159/132
f 150/177/150 144/171/144 132/159/132
f 144/171/144 150/177/150 142/169/142
f 150/177/150 151/178/151 142/169/142
f 142/169/142 151/178/151 141/168/141
f 151/178/151 152/179/152 141/168/141
f 151/178/151 153/180/153 152/179/152
f 153/180/153 154/181/154 152/179/152
f 154/181/154 153/180/153 146/173/146
f 153/180/153 147/174/147 146/173/146
f 153/180/153 155/182/155 147/174/147
f 155/182/155 148/175/148 147/174/147
f 148/175/148 155/182/155 149/176/149
f 155/182/155 150/177/150 149/176/149
f 150/177/150 155/182/155 151/178/151
f 155/182/155 153/180/153 151/178/151
f 156/183/156 157/184/157 158/185/158
f 157/184/157 159/186/159 158/185/158
f 157/184/157 160/187/160 159/186/159
f 160/187/160 161/188/161 159/186/159
f 161/188/161 160/187/160 162/189/162
f 160/187/160 163/190/163 162/189/162
f 162/189/162 163/190/163 164/191/164
f 163/190/163 165/192/165 164/191/164
f 163/190/163 166/193/166 165/192/165
f 166/193/166 167/194/167 165/192/165
f 167/194/167 166/193/166 168/195/168
f 166/193/166 169/196/169 168/195/168
f 168/195/168 169/196/169 170/197/170
f 169/196/169 171/198/171 170/197/170
f 169/196/169 172/199/172 171/198/171
f 172/199/172 173/200/173 171/198/171
f 173/200/173 172/199/172 156/183/156
f 172/199/172 157/184/157 156/183/156
f 172/199/172 174/201/174 157/184/157
f 174/201/174 160/187/160 157/184/157
f 160/187/160 174/201/174 163/190/163
f 174/201/174 166/193/166 163/190/163
f 166/193/166 174/201/174 169/196/169
f 174/201/174 172/199/172 169/196/169
f 165/192/165 175/202/175 164/191/164
f 175/202/175 176/203/176 164/191/164
f 175/202/175 177/204/177 176/203/176
f 177/204/177 178/205/178 176/203/176
f 178/205/178 177/204/177 179/206/179
f 177/204/177 180/207/180 179/206/179
f 179/206/179 180/207/180 181/208/181
f 180/207/180 182/209/182 181/208/181
f 180/207/180 183/210/183 182/209/182
f 183/210/183 184/211/184 182/209/182
f 184/211/184 183/210/183 185/212/185
f 183/210/183 186/213/186 185/212/185
f 185/212/185 186/213/186 170/197/170
f 186/213/186 168/195/168 170/197/170
f 186/213/186 187/214/187 168/195/168
f 187/214/187 167/194/167 168/195/168
f 167/194/167 187/214/187 165/192/165
f 187/214/187 175/202/175 165/192/165
f 187/214/187 188/215/188 175/202/175
f 188/215/188 177/204/177 175/202/175
f 177/204/177 188/215/188 180/207/180
f 188/215/188 183/210/183 180/207/180
f 183/210/183 188/215/188 186/213/186
f 188/215/188 187/214/187 186/213/186
f 189/216/189 190/217/190 164/191/164
f 190/217/190 162/189/162 164/191/164
f 190/217/190 191/218/191 162/189/162
f 191/218/191 161/188/161 162/189/162
f 161/188/161 191/218/191 159/186/159
f 191/218/191 192/219/192 159/186/159
f 159/186/159 192/219/192 158/185/158
f 192/219/192 193/220/193 158/185/158
f 192/219/192 194/221/194 193/220/193
f 194/221/194 195/222/195 193/220/193
f 195/222/195 194/221/194 196/223/196
f 194/221/194 197/224/197 196/223/196
f 196/223/196 197/224/197 198/225/198
f 197/224/197 199/226/199 198/225/198
f 197/224/197 200/227/200 199/226/199
f 200/227/200 201/228/201 199/226/199
f 201/228/201 200/227/200 189/216/189
f 200/227/200 190/217/190 189/216/189
f 200/227/200 202/229/202 190/217/190
f 202/229/202 191/218/191 190/217/190
f 191/218/191 202/229/202 192/219/192
f 202/229/202 194/221/194 192/219/192
f 194/221/194 202/229/202 197/224/197
f 202/229/202 200/227/200 197/224/197
f 203/230/203 204/231/204 181/208/181
f 204/231/204 179/206/179 181/208/181
f 204/231/204 205/232/205 179/206/179
f 205/232/205 178/205/178 179/206/179
f 178/205/178 205/232/205 176/203/176
f 205/232/205 206/233/206 176/203/176
f 176/203/176 206/233/206 164/191/164
f 206/233/206 189/216/189 164/191/164
f 206/233/206 207/234/207 189/216/189
f 207/234/207 201/228/201 189/216/189
f 201/228/201 207/234/207 199/226/199
f 207/234/207 208/235/208 199/226/199
f 199/226/199 208/235/208 198/225/198
f 208/235/208 209/236/209 198/225/198
f 208/235/208 210/237/210 209/236/209
f 210/237/210 211/238/211 209/236/209
f 211/238/211 210/237/210 203/230/203
f 210/237/210 204/231/204 203/230/203
f 210/237/210 212/239/212 204/231/204
f 212/239/212 205/232/205 204/231/204
f 205/232/205 212/239/212 206/233/206
f 212/239/212 207/234/207 206/233/206
f 207/234/207 212/239/212 208/235/208
f 212/239/212 210/237/210 208/235/208
f 213/240/213 214/241/214 215/242/215
f 214/241/214 216/243/216 215/242/215
f 214/241/214 217/244/217 216/243/216
f 217/244/217 218/245/218 216/243/216
f 218/245/218 217/244/217 219/246/219
f 217/244/217 220/247/220 219/246/219
f 219/246/219 220/247/220 221/248/164
f 220/247/220 222/249/165 221/248/164
f 220/247/220 223/250/221 222/249/165
f 223/250/221 224/251/222 222/249/165
f 224/251/222 223/250/221 225/252/223
f 223/250/221 226/253/224 225/252/223
f 225/252/223 226/253/224 227/254/225
f 226/253/224 228/255/226 227/254/225
f 226/253/224 229/256/227 228/255/226
f 229/256/227 230/257/228 228/255/226
f 230/257/228 229/256/227 213/240/213
f 229/256/227 214/241/214 213/240/213
f 229/256/227 231/258/229 214/241/214
f 231/258/229 217/244/217 214/241/214
f 217/244/217 231/258/229 220/247/220
f 231/258/229 223/250/221 220/247/220
f 223/250/221 231/258/229 226/253/224
f 231/258/229 229/256/227 226/253/224
f 222/249/165 232/259/230 221/248/164
f 232/259/230 233/260/231 221/248/164
f 232/259/230 234/261/232 233/260/231
f 234/261/232 235/262/233 233/260/231
f 235/262/233 234/261/232 236/263/234
f 234/261/232 237/264/235 236/263/234
f 236/263/234 237/264/235 238/265/236
f 237/264/235 239/266/237 238/265/236
f 237/264/235 240/267/238 239/266/237
f 240/267/238 241/268/239 239/266/237
f 241/268/239 240/267/238 242/269/240
f 240/267/238 243/270/241 242/269/240
f 242/269/240 243/270/241 227/254/225
f 243/270/241 225/252/223 227/254/225
f 243/270/241 244/271/242 225/252/223
f 244/271/242 224/251/222 225/252/223
f 224/251/222 244/271/242 222/249/165
f 244/271/242 232/259/230 222/249/165
f 244/271/242 245/272/243 232/259/230
f 245/272/243 234/261/232 232/259/230
f 234/261/232 245/272/243 237/264/235
f 245/272/243 240/267/238 237/264/235
f 240/267/238 245/272/243 243/270/241
f 245/272/243 244/271/242 243/270/241
f 246/273/244 247/274/245 221/248/164
f 247/274/245 219/246/219 221/248/164
f 247/274/245 248/275/246 219/246/219
f 248/275/246 218/245/218 219/246/219
f 218/245/218 248/275/246 216/243/216
f 248/275/246 249/276/247 216/243/216
f 216/243/216 249/276/247 215/242/215
f 249/276/247 250/277/248 215/242/215
f 249/276/247 251/278/249 250/277/248
f 251/278/249 252/279/195 250/277/248
f 252/279/195 251/278/249 253/280/250
f 251/278/249 254/281/251 253/280/250
f 253/280/250 254/281/251 255/282/252
f 254/281/251 256/283/253 255/282/252
f 254/281/251 257/284/254 256/283/253
f 257/284/254 258/285/255 256/283/253
f 258/285/255 257/284/254 246/273/244
f 257/284/254 247/274/245 246/273/244
f 257/284/254 259/286/256 247/274/245
f 259/286/256 248/275/246 247/274/245
f 248/275/246 259/286/256 249/276/247
f 259/286/256 251/278/249 249/276/247
f 251/278/249 259/286/256 254/281/251
f 259/286/256 257/284/254 254/281/251
f 260/287/257 261/288/258 238/265/236
f 261/288/258 236/263/234 238/265/236
f 261/288/258 262/289/259 236/263/234
f 262/289/259 235/262/233 236/263/234
f 235/262/233 262/289/259 233/260/231
f 262/289/259 263/290/260 233/260/231
f 233/260/231 263/290/260 221/248/164
f 263/290/260 246/273/244 221/248/164
f 263/290/260 264/291/261 246/273/244
f 264/291/261 258/285/255 246/273/244
f 258/285/255 264/291/261 256/283/253
f 264/291/261 265/292/262 256/283/253
f 256/283/253 265/292/262 255/282/252
f 265/292/262 266/293/263 255/282/252
f 265/292/262 267/294/264 266/293/263
f 267/294/264 268/295/211 266/293/263
f 268/295/211 267/294/264 260/287/257
f 267/294/264 261/288/258 260/287/257
f 267/294/264 269/296/265 261/288/258
f 269/296/265 262/289/259 261/288/258
f 262/289/259 269/296/265 263/290/260
f 269/296/265 264/291/261 263/290/260
f 264/291/261 269/296/265 265/292/262
f 269/296/265 267/294/264 265/292/262
f 270/297/266 271/298/267 272/299/101
f 271/298/267 273/300/268 272/299/101
f 271/298/267 274/301/269 273/300/268
f 274/301/269 275/302/104 273/300/268
f 275/302/104 274/301/269 276/303/270
f 274/301/269 277/304/271 276/303/270
f 276/303/270 277/304/271 278/305/107
f 277/304/271 279/306/165 278/305/107
f 277/304/271 280/307/272 279/306/165
f 280/307/272 281/308/222 279/306/165
f 281/308/222 280/307/272 282/309/273
f 280/307/272 283/310/274 282/309/273
f 282/309/273 283/310/274 284/311/275
f 283/310/274 285/312/276 284/311/275
f 283/310/274 286/313/115 285/312/276
f 286/313/115 287/314/116 285/312/276
f 287/314/116 286/313/115 270/297/266
f 286/313/115 271/298/267 270/297/266
f 286/313/115 288/315/277 271/298/267
f 288/315/277 274/301/269 271/298/267
f 274/301/269 288/315/277 277/304/271
f 288/315/277 280/307/272 277/304/271
f 280/307/272 288/315/277 283/310/274
f 288/315/277 286/313/115 283/310/274
f 279/306/165 289/316/278 278/305/107
f 289/316/278 290/317/279 278/305/107
f 289/316/278 291/318/280 290/317/279
f 291/318/280 292/319/281 290/317/279
f 292/319/281 291/318/280 293/320/282
f 291/318/280 294/321/283 293/320/282
f 293/320/282 294/321/283 295/322/181
f 294/321/283 296/323/284 295/322/181
f 294/321/283 297/324/285 296/323/284
f 297/324/285 298/325/286 296/323/284
f 298/325/286 297/324/285 299/326/287
f 297/324/285 300/327/288 299/326/287
f 299/326/287 300/327/288 284/311/275
f 300/327/288 282/309/273 284/311/275
f 300/327/288 301/328/289 282/309/273
f 301/328/289 281/308/222 282/309/273
f 281/308/222 301/328/289 279/306/165
f 301/328/289 289/316/278 279/306/165
f 301/328/289 302/329/290 289/316/278
f 302/329/290 291/318/280 289/316/278
f 291/318/280 302/329/290 294/321/283
f 302/329/290 297/324/285 294/321/283
f 297/324/285 302/329/290 300/327/288
f 302/329/290 301/328/289 300/327/288
f 303/330/291 304/331/292 278/305/107
f 304/331/292 276/303/270 278/305/107
f 304/331/292 305/332/293 276/303/270
f 305/332/293 275/302/104 276/303/270
f 275/302/104 305/332/293 273/300/268
f 305/332/293 306/333/294 273/300/268
f 273/300/268 306/333/294 272/299/101
f 306/333/294 307/334/295 272/299/101
f 306/333/294 308/335/296 307/334/295
f 308/335/296 309/336/138 307/334/295
f 309/336/138 308/335/296 310/337/297
f 308/335/296 311/338/298 310/337/297
f 310/337/297 311/338/298 312/339/299
f 311/338/298 313/340/300 312/339/299
f 311/338/298 314/341/301 313/340/300
f 314/341/301 315/342/255 313/340/300
f 315/342/255 314/341/301 303/330/291
f 314/341/301 304/331/292 303/330/291
f 314/341/301 316/343/302 304/331/292
f 316/343/302 305/332/293 304/331/292
f 305/332/293 316/343/302 306/333/294
f 316/343/302 308/335/296 306/333/294
f 308/335/296 316/343/302 311/338/298
f 316/343/302 314/341/301 311/338/298
f 317/344/303 318/345/304 295/322/181
f 318/345/304 293/320/282 295/322/181
f 318/345/304 319/346/305 293/320/282
f 319/346/305 292/319/281 293/320/282
f 292/319/281 319/346/305 290/317/279
f 319/346/305 320/347/306 290/317/279
f 290/317/279 320/347/306 278/305/107
f 320/347/306 303/330/291 278/305/107
f 320/347/306 321/348/307 303/330/291
f 321/348/307 315/342/255 303/330/291
f 315/342/255 321/348/307 313/340/300
f 321/348/307 322/349/308 313/340/300
f 313/340/300 322/349/308 312/339/299
f 322/349/308 323/350/309 312/339/299
f 322/349/308 324/351/310 323/350/309
f 324/351/310 325/352/311 323/350/309
f 325/352/311 324/351/310 317/344/303
f 324/351/310 318/345/304 317/344/303
f 324/351/310 326/353/312 318/345/304
f 326/353/312 319/346/305 318/345/304
f 319/346/305 326/353/312 320/347/306
f 326/353/312 321/348/307 320/347/306
f 321/348/307 326/353/312 322/349/308
f 326/353/312 324/351/310 322/349/308
f 327/354/313 328/355/314 329/356/158
f 328/355/314 330/357/102 329/356/158
f 328/355/314 331/358/315 330/357/102
f 331/358/315 332/359/161 330/357/102
f 332/359/161 331/358/315 333/360/219
f 331/358/315 334/361/316 333/360/219
f 333/360/219 334/361/316 335/362/317
f 334/361/316 336/363/318 335/362/317
f 334/361/316 337/364/319 336/363/318
f 337/364/319 338/365/320 336/363/318
f 338/365/320 337/364/319 339/366/321
f 337/364/319 340/367/322 339/366/321
f 339/366/321 340/367/322 341/368/323
f 340/367/322 342/369/324 341/368/323
f 340/367/322 343/370/325 342/369/324
f 343/370/325 344/371/228 342/369/324
f 344/371/228 343/370/325 327/354/313
f 343/370/325 328/355/314 327/354/313
f 343/370/325 345/372/326 328/355/314
f 345/372/326 331/358/315 328/355/314
f 331/358/315 345/372/326 334/361/316
f 345/372/326 337/364/319 334/361/316
f 337/364/319 345/372/326 340/367/322
f 345/372/326 343/370/325 340/367/322
f 336/363/318 346/373/327 335/362/317
f 346/373/327 347/374/176 335/362/317
f 346/373/327 348/375/328 347/374/176
f 348/375/328 349/376/329 347/374/176
f 349/376/329 348/375/328 350/377/330
f 348/375/328 351/378/331 350/377/330
f 350/377/330 351/378/331 352/379/332
f 351/378/331 353/380/333 352/379/332
f 351/378/331 354/381/334 353/380/333
f 354/381/334 355/382/335 353/380/333
f 355/382/335 354/381/334 356/383/336
f 354/381/334 357/384/337 356/383/336
f 356/383/336 357/384/337 341/368/323
f 357/384/337 339/366/321 341/368/323
f 357/384/337 358/385/338 339/366/321
f 358/385/338 338/365/320 339/366/321
f 338/365/320 358/385/338 336/363/318
f 358/385/338 346/373/327 336/363/318
f 358/385/338 359/386/339 346/373/327
f 359/386/339 348/375/328 346/373/327
f 348/375/328 359/386/339 351/378/331
f 359/386/339 354/381/334 351/378/331
f 354/381/334 359/386/339 357/384/337
f 359/386/339 358/385/338 357/384/337
f 360/387/340 361/388/341 335/362/317
f 361/388/341 333/360/219 335/362/317
f 361/388/341 362/389/342 333/360/219
f 362/389/342 332/359/161 333/360/219
f 332/359/161 362/389/342 330/357/102
f 362/389/342 363/390/247 330/357/102
f 330/357/102 363/390/247 329/356/158
f 363/390/247 364/391/343 329/356/158
f 363/390/247 365/392/344 364/391/343
f 365/392/344 366/393/195 364/391/343
f 366/393/195 365/392/344 367/394/345
f 365/392/344 368/395/346 367/394/345
f 367/394/345 368/395/346 369/396/141
f 368/395/346 370/397/347 369/396/141
f 368/395/346 371/398/348 370/397/347
f 371/398/348 372/399/255 370/397/347
f 372/399/255 371/398/348 360/387/340
f 371/398/348 361/388/341 360/387/340
f 371/398/348 373/400/349 361/388/341
f 373/400/349 362/389/342 361/388/341
f 362/389/342 373/400/349 363/390/247
f 373/400/349 365/392/344 363/390/247
f 365/392/344 373/400/349 368/395/346
f 373/400/349 371/398/348 368/395/346
f 374/401/350 375/402/351 352/379/332
f 375/402/351 350/377/330 352/379/332
f 375/402/351 376/403/352 350/377/330
f 376/403/352 349/376/329 350/377/330
f 349/376/329 376/403/352 347/374/176
f 376/403/352 377/404/353 347/374/176
f 347/374/176 377/404/353 335/362/317
f 377/404/353 360/387/340 335/362/317
f 377/404/353 378/405/354 360/387/340
f 378/405/354 372/399/255 360/387/340
f 372/399/255 378/405/354 370/397/347
f 378/405/354 379/406/355 370/397/347
f 370/397/347 379/406/355 369/396/141
f 379/406/355 380/407/356 369/396/141
f 379/406/355 381/408/357 380/407/356
f 381/408/357 382/409/358 380/407/356
f 382/409/358 381/408/357 374/401/350
f 381/408/357 375/402/351 374/401/350
f 381/408/357 383/410/359 375/402/351
f 383/410/359 376/403/352 375/402/351
f 376/403/352 383/410/359 377/404/353
f 383/410/359 378/405/354 377/404/353
f 378/405/354 383/410/359 379/406/355
f 383/410/359 381/408/357 379/406/355
f 384/411/360 385/412/361 386/413/362
f 385/412/361 387/414/363 386/413/362
f 385/412/361 388/415/364 387/414/363
f 388/415/364 389/416/104 387/414/363
f 389/416/104 388/415/364 390/417/365
f 388/415/364 391/418/366 390/417/365
f 390/417/365 391/418/366 392/419/367
f 391/418/366 393/420/368 392/419/367
f 391/418/366 394/421/369 393/420/368
f 394/421/369 395/422/167 393/420/368
f 395/422/167 394/421/369 396/423/370
f 394/421/369 397/424/371 396/423/370
f 396/423/370 397/424/371 398/425/372
f 397/424/371 399/426/373 398/425/372
f 397/424/371 400/427/374 399/426/373
f 400/427/374 401/428/116 399/426/373
f 401/428/116 400/427/374 384/411/360
f 400/427/374 385/412/361 384/411/360
f 400/427/374 402/429/375 385/412/361
f 402/429/375 388/415/364 385/412/361
f 388/415/364 402/429/375 391/418/366
f 402/429/375 394/421/369 391/418/366
f 394/421/369 402/429/375 397/424/371
f 402/429/375 400/427/374 397/424/371
f 393/420/368 403/430/376 392/419/367
f 403/430/376 404/431/377 392/419/367
f 403/430/376 405/432/378 404/431/377
f 405/432/378 406/433/329 404/431/377
f 406/433/329 405/432/378 407/434/379
f 405/432/378 408/435/380 407/434/379
f 407/434/379 408/435/380 409/436/381
f 408/435/380 410/437/382 409/436/381
f 408/435/380 411/438/383 410/437/382
f 411/438/383 412/439/127 410/437/382
f 412/439/127 411/438/383 413/440/384
f 411/438/383 414/441/385 413/440/384
f 413/440/384 414/441/385 398/425/372
f 414/441/385 396/423/370 398/425/372
f 414/441/385 415/442/386 396/423/370
f 415/442/386 395/422/167 396/423/370
f 395/422/167 415/442/386 393/420/368
f 415/442/386 403/430/376 393/420/368
f 415/442/386 416/443/387 403/430/376
f 416/443/387 405/432/378 403/430/376
f 405/432/378 416/443/387 408/435/380
f 416/443/387 411/438/383 408/435/380
f 411/438/383 416/443/387 414/441/385
f 416/443/387 415/442/386 414/441/385
f 417/444/388 418/445/389 392/419/367
f 418/445/389 390/417/365 392/419/367
f 418/445/389 419/446/390 390/417/365
f 419/446/390 389/416/104 390/417/365
f 389/416/104 419/446/390 387/414/363
f 419/446/390 420/447/391 387/414/363
f 387/414/363 420/447/391 386/413/362
f 420/447/391 421/448/392 386/413/362
f 420/447/391 422/449/393 421/448/392
f 422/449/393 423/450/394 421/448/392
f 423/450/394 422/449/393 424/451/395
f 422/449/393 425/452/396 424/451/395
f 424/451/395 425/452/396 426/453/141
f 425/452/396 427/454/397 426/453/141
f 425/452/396 428/455/398 427/454/397
f 428/455/398 429/456/399 427/454/397
f 429/456/399 428/455/398 417/444/388
f 428/455/398 418/445/389 417/444/388
f 428/455/398 430/457/400 418/445/389
f 430/457/400 419/446/390 418/445/389
f 419/446/390 430/457/400 420/447/391
f 430/457/400 422/449/393 420/447/391
f 422/449/393 430/457/400 425/452/396
f 430/457/400 428/455/398 425/452/396
f 431/458/401 432/459/402 409/436/381
f 432/459/402 407/434/379 409/436/381
f 432/459/402 433/460/403 407/434/379
f 433/460/403 406/433/329 407/434/379
f 406/433/329 433/460/403 404/431/377
f 433/460/403 434/461/404 404/431/377
f 404/431/377 434/461/404 392/419/367
f 434/461/404 417/444/388 392/419/367
f 434/461/404 435/462/405 417/444/388
f 435/462/405 429/456/399 417/444/388
f 429/456/399 435/462/405 427/454/397
f 435/462/405 436/463/406 427/454/397
f 427/454/397 436/463/406 426/453/141
f 436/463/406 437/464/407 426/453/141
f 436/463/406 438/465/408 437/464/407
f 438/465/408 439/466/409 437/464/407
f 439/466/409 438/465/408 431/458/401
f 438/465/408 432/459/402 431/458/401
f 438/465/408 440/467/410 432/459/402
f 440/467/410 433/460/403 432/459/402
f 433/460/403 440/467/410 434/461/404
f 440/467/410 435/462/405 434/461/404
f 435/462/405 440/467/410 436/463/406
f 440/467/410 438/465/408 436/463/406
f 441/468/411 442/469/412 443/470/413
f 442/469/412 444/471/414 443/470/413
f 442/469/412 445/472/415 444/471/414
f 445/472/415 446/473/161 444/471/414
f 446/473/161 445/472/415 447/474/416
f 445/472/415 448/475/417 447/474/416
f 447/474/416 448/475/417 449/476/418
f 448/475/417 450/477/419 449/476/418
f 448/475/417 451/478/420 450/477/419
f 451/478/420 452/479/222 450/477/419
f 452/479/222 451/478/420 453/480/421
f 451/478/420 454/481/422 453/480/421
f 453/480/421 454/481/422 455/482/323
f 454/481/422 456/483/423 455/482/323
f 454/481/422 457/484/424 456/483/423
f 457/484/424 458/485/173 456/483/423
f 458/485/173 457/484/424 441/468/411
f 457/484/424 442/469/412 441/468/411
f 457/484/424 459/486/425 442/469/412
f 459/486/425 445/472/415 442/469/412
f 445/472/415 459/486/425 448/475/417
f 459/486/425 451/478/420 448/475/417
f 451/478/420 459/486/425 454/481/422
f 459/486/425 457/484/424 454/481/422
f 450/477/419 460/487/426 449/476/418
f 460/487/426 461/488/377 449/476/418
f 460/487/426 462/489/427 461/488/377
f 462/489/427 463/490/329 461/488/377
f 463/490/329 462/489/427 464/491/428
f 462/489/427 465/492/429 464/491/428
f 464/491/428 465/492/429 466/493/430
f 465/492/429 467/494/431 466/493/430
f 465/492/429 468/495/432 467/494/431
f 468/495/432 469/496/433 467/494/431
f 469/496/433 468/495/432 470/497/434
f 468/495/432 471/498/435 470/497/434
f 470/497/434 471/498/435 455/482/323
f 471/498/435 453/480/421 455/482/323
f 471/498/435 472/499/436 453/480/421
f 472/499/436 452/479/222 453/480/421
f 452/479/222 472/499/436 450/477/419
f 472/499/436 460/487/426 450/477/419
f 472/499/436 473/500/437 460/487/426
f 473/500/437 462/489/427 460/487/426
f 462/489/427 473/500/437 465/492/429
f 473/500/437 468/495/432 465/492/429
f 468/495/432 473/500/437 471/498/435
f 473/500/437 472/499/436 471/498/435
f 474/501/189 475/502/438 449/476/418
f 475/502/438 447/474/416 449/476/418
f 475/502/438 476/503/439 447/474/416
f 476/503/439 446/473/161 447/474/416
f 446/473/161 476/503/439 444/471/414
f 476/503/439 477/504/440 444/471/414
f 444/471/414 477/504/440 443/470/413
f 477/504/440 478/505/441 443/470/413
f 477/504/440 479/506/442 478/505/441
f 479/506/442 480/507/443 478/505/441
f 480/507/443 479/506/442 481/508/444
f 479/506/442 482/509/445 481/508/444
f 481/508/444 482/509/445 483/510/141
f 482/509/445 484/511/446 483/510/141
f 482/509/445 485/512/447 484/511/446
f 485/512/447 486/513/399 484/511/446
f 486/513/399 485/512/447 474/501/189
f 485/512/447 475/502/438 474/501/189
f 485/512/447 487/514/448 475/502/438
f 487/514/448 476/503/439 475/502/438
f 476/503/439 487/514/448 477/504/440
f 487/514/448 479/506/442 477/504/440
f 479/506/442 487/514/448 482/509/445
f 487/514/448 485/512/447 482/509/445
f 488/515/449 489/516/450 466/493/430
f 489/516/450 464/491/428 466/493/430
f 489/516/450 490/517/451 464/491/428
f 490/517/451 463/490/329 464/491/428
f 463/490/329 490/517/451 461/488/377
f 490/517/451 491/518/452 461/488/377
f 461/488/377 491/518/452 449/476/418
f 491/518/452 474/501/189 449/476/418
f 491/518/452 492/519/453 474/501/189
f 492/519/453 486/513/399 474/501/189
f 486/513/399 492/519/453 484/511/446
f 492/519/453 493/520/454 484/511/446
f 484/511/446 493/520/454 483/510/141
f 493/520/454 494/521/455 483/510/141
f 493/520/454 495/522/456 494/521/455
f 495/522/456 496/523/409 494/521/455
f 496/523/409 495/522/456 488/515/449
f 495/522/456 489/516/450 488/515/449
f 495/522/456 497/524/457 489/516/450
f 497/524/457 490/517/451 489/516/450
f 490/517/451 497/524/457 491/518/452
f 497/524/457 492/519/453 491/518/452
f 492/519/453 497/524/457 493/520/454
f 497/524/457 495/522/456 493/520/454
f 498/525/458 499/526/459 500/527/460
f 499/526/459 501/528/461 500/527/460
f 499/526/459 502/529/462 501/528/461
f 502/529/462 503/530/218 501/528/461
f 503/530/218 502/529/462 504/531/463
f 502/529/462 505/532/464 504/531/463
f 504/531/463 505/532/464 506/533/465
f 505/532/464 507/534/466 506/533/465
f 505/532/464 508/535/467 507/534/466
f 508/535/467 509/536/468 507/534/466
f 509/536/468 508/535/467 510/537/469
f 508/535/467 511/538/470 510/537/469
f 510/537/469 511/538/470 512/539/225
f 511/538/470 513/540/471 512/539/225
f 511/538/470 514/541/472 513/540/471
f 514/541/472 515/542/173 513/540/471
f 515/542/173 514/541/472 498/525/458
f 514/541/472 499/526/459 498/525/458
f 514/541/472 516/543/473 499/526/459
f 516/543/473 502/529/462 499/526/459
f 502/529/462 516/543/473 505/532/464
f 516/543/473 508/535/467 505/532/464
f 508/535/467 516/543/473 511/538/470
f 516/543/473 514/541/472 511/538/470
f 507/534/466 517/544/474 506/533/465
f 517/544/474 518/545/475 506/533/465
f 517/544/474 519/546/476 518/545/475
f 519/546/476 520/547/178 518/545/475
f 520/547/178 519/546/476 521/548/477
f 519/546/476 522/549/478 521/548/477
f 521/548/477 522/549/478 523/550/479
f 522/549/478 524/551/480 523/550/479
f 522/549/478 525/552/481 524/551/480
f 525/552/481 526/553/286 524/551/480
f 526/553/286 525/552/481 527/554/482
f 525/552/481 528/555/483 527/554/482
f 527/554/482 528/555/483 512/539/225
f 528/555/483 510/537/469 512/539/225
f 528/555/483 529/556/484 510/537/469
f 529/556/484 509/536/468 510/537/469
f 509/536/468 529/556/484 507/534/466
f 529/556/484 517/544/474 507/534/466
f 529/556/484 530/557/485 517/544/474
f 530/557/485 519/546/476 517/544/474
f 519/546/476 530/557/485 522/549/478
f 530/557/485 525/552/481 522/549/478
f 525/552/481 530/557/485 528/555/483
f 530/557/485 529/556/484 528/555/483
f 531/558/486 532/559/487 506/533/465
f 532/559/487 504/531/463 506/533/465
f 532/559/487 533/560/488 504/531/463
f 533/560/488 503/530/218 504/531/463
f 503/530/218 533/560/488 501/528/461
f 533/560/488 534/561/294 501/528/461
f 501/528/461 534/561/294 500/527/460
f 534/561/294 535/562/489 500/527/460
f 534/561/294 536/563/490 535/562/489
f 536/563/490 537/564/491 535/562/489
f 537/564/491 536/563/490 538/565/492
f 536/563/490 539/566/493 538/565/492
f 538/565/492 539/566/493 540/567/494
f 539/566/493 541/568/495 540/567/494
f 539/566/493 542/569/496 541/568/495
f 542/569/496 543/570/497 541/568/495
f 543/570/497 542/569/496 531/558/486
f 542/569/496 532/559/487 531/558/486
f 542/569/496 544/571/498 532/559/487
f 544/571/498 533/560/488 532/559/487
f 533/560/488 544/571/498 534/561/294
f 544/571/498 536/563/490 534/561/294
f 536/563/490 544/571/498 539/566/493
f 544/571/498 542/569/496 539/566/493
f 545/572/499 546/573/500 523/550/479
f 546/573/500 521/548/477 523/550/479
f 546/573/500 547/574/501 521/548/477
f 547/574/501 520/547/178 521/548/477
f 520/547/178 547/574/501 518/545/475
f 547/574/501 548/575/502 518/545/475
f 518/545/475 548/575/502 506/533/465
f 548/575/502 531/558/486 506/533/465
f 548/575/502 549/576/503 531/558/486
f 549/576/503 543/570/497 531/558/486
f 543/570/497 549/576/503 541/568/495
f 549/576/503 550/577/504 541/568/495
f 541/568/495 550/577/504 540/567/494
f 550/577/504 551/578/505 540/567/494
f 550/577/504 552/579/506 551/578/505
f 552/579/506 553/580/507 551/578/505
f 553/580/507 552/579/506 545/572/499
f 552/579/506 546/573/500 545/572/499
f 552/579/506 554/581/508 546/573/500
f 554/581/508 547/574/501 546/573/500
f 547/574/501 554/581/508 548/575/502
f 554/581/508 549/576/503 548/575/502
f 549/576/503 554/581/508 550/577/504
f 554/581/508 552/579/506 550/577/504
f 555/582/509 556/583/510 557/584/511
f 556/583/510 558/585/414 557/584/511
f 556/583/510 559/586/512 558/585/414
f 559/586/512 560/587/218 558/585/414
f 560/587/218 559/586/512 561/588/513
f 559/586/512 562/589/514 561/588/513
f 561/588/513 562/589/514 563/590/164
f 562/589/514 564/591/515 563/590/164
f 562/589/514 565/592/516 564/591/515
f 565/592/516 566/593/222 564/591/515
f 566/593/222 565/592/516 567/594/517
f 565/592/516 568/595/518 567/594/517
f 567/594/517 568/595/518 569/596/519
f 568/595/518 570/597/520 569/596/519
f 568/595/518 571/598/521 570/597/520
f 571/598/521 572/599/173 570/597/520
f 572/599/173 571/598/521 555/582/509
f 571/598/521 556/583/510 555/582/509
f 571/598/521 573/600/522 556/583/510
f 573/600/522 559/586/512 556/583/510
f 559/586/512 573/600/522 562/589/514
f 573/600/522 565/592/516 562/589/514
f 565/592/516 573/600/522 568/595/518
f 573/600/522 571/598/521 568/595/518
f 564/591/515 574/601/523 563/590/164
f 574/601/523 575/602/524 563/590/164
f 574/601/523 576/603/525 575/602/524
f 576/603/525 577/604/233 575/602/524
f 577/604/233 576/603/525 578/605/526
f 576/603/525 579/606/527 578/605/526
f 578/605/526 579/606/527 580/607/528
f 579/606/527 581/608/529 580/607/528
f 579/606/527 582/609/530 581/608/529
f 582/609/530 583/610/184 581/608/529
f 583/610/184 582/609/530 584/611/531
f 582/609/530 585/612/241 584/611/531
f 584/611/531 585/612/241 569/596/519
f 585/612/241 567/594/517 569/596/519
f 585/612/241 586/613/532 567/594/517
f 586/613/532 566/593/222 567/594/517
f 566/593/222 586/613/532 564/591/515
f 586/613/532 574/601/523 564/591/515
f 586/613/532 587/614/533 574/601/523
f 587/614/533 576/603/525 574/601/523
f 576/603/525 587/614/533 579/606/527
f 587/614/533 582/609/530 579/606/527
f 582/609/530 587/614/533 585/612/241
f 587/614/533 586/613/532 585/612/241
f 588/615/534 589/616/535 563/590/164
f 589/616/535 561/588/513 563/590/164
f 589/616/535 590/617/536 561/588/513
f 590/617/536 560/587/218 561/588/513
f 560/587/218 590/617/536 558/585/414
f 590/617/536 591/618/537 558/585/414
f 558/585/414 591/618/537 557/584/511
f 591/618/537 592/619/538 557/584/511
f 591/618/537 593/620/539 592/619/538
f 593/620/539 594/621/443 592/619/538
f 594/621/443 593/620/539 595/622/540
f 593/620/539 596/623/541 595/622/540
f 595/622/540 596/623/541 597/624/542
f 596/623/541 598/625/543 597/624/542
f 596/623/541 599/626/544 598/625/543
f 599/626/544 600/627/545 598/625/543
f 600/627/545 599/626/544 588/615/534
f 599/626/544 589/616/535 588/615/534
f 599/626/544 601/628/546 589/616/535
f 601/628/546 590/617/536 589/616/535
f 590/617/536 601/628/546 591/618/537
f 601/628/546 593/620/539 591/618/537
f 593/620/539 601/628/546 596/623/541
f 601/628/546 599/626/544 596/623/541
f 602/629/547 603/630/548 580/607/528
f 603/630/548 578/605/526 580/607/528
f 603/630/548 604/631/549 578/605/526
f 604/631/549 577/604/233 578/605/526
f 577/604/233 604/631/549 575/602/524
f 604/631/549 605/632/550 575/602/524
f 575/602/524 605/632/550 563/590/164
f 605/632/550 588/615/534 563/590/164
f 605/632/550 606/633/551 588/615/534
f 606/633/551 600/627/545 588/615/534
f 600/627/545 606/633/551 598/625/543
f 606/633/551 607/634/552 598/625/543
f 598/625/543 607/634/552 597/624/542
f 607/634/552 608/635/553 597/624/542
f 607/634/552 609/636/554 608/635/553
f 609/636/554 610/637/555 608/635/553
f 610/637/555 609/636/554 602/629/547
f 609/636/554 603/630/548 602/629/547
f 609/636/554 611/638/556 603/630/548
f 611/638/556 604/631/549 603/630/548
f 604/631/549 611/638/556 605/632/550
f 611/638/556 606/633/551 605/632/550
f 606/633/551 611/638/556 607/634/552
f 611/638/556 609/636/554 607/634/552
f 612/639/557 613/640/558 614/641/559
f 613/640/558 615/642/560 614/641/559
f 613/640/558 616/643/561 615/642/560
f 616/643/561 617/644/104 615/642/560
f 617/644/104 616/643/561 618/645/562
f 616/643/561 619/646/563 618/645/562
f 618/645/562 619/646/563 620/647/564
f 619/646/563 621/648/565 620/647/564
f 619/646/563 622/649/566 621/648/565
f 622/649/566 623/650/567 621/648/565
f 623/650/567 622/649/566 624/651/568
f 622/649/566 625/652/569 624/651/568
f 624/651/568 625/652/569 626/653/323
f 625/652/569 627/654/570 626/653/323
f 625/652/569 628/655/571 627/654/570
f 628/655/571 629/656/572 627/654/570
f 629/656/572 628/655/571 612/639/557
f 628/655/571 613/640/558 612/639/557
f 628/655/571 630/657/573 613/640/558
f 630/657/573 616/643/561 613/640/558
f 616/643/561 630/657/573 619/646/563
f 630/657/573 622/649/566 619/646/563
f 622/649/566 630/657/573 625/652/569
f 630/657/573 628/655/571 625/652/569
f 621/648/565 631/658/574 620/647/564
f 631/658/574 632/659/575 620/647/564
f 631/658/574 633/660/576 632/659/575
f 633/660/576 634/661/329 632/659/575
f 634/661/329 633/660/576 635/662/577
f 633/660/576 636/663/578 635/662/577
f 635/662/577 636/663/578 637/664/579
f 636/663/578 638/665/580 637/664/579
f 636/663/578 639/666/581 638/665/580
f 639/666/581 640/667/582 638/665/580
f 640/667/582 639/666/581 641/668/583
f 639/666/581 642/669/584 641/668/583
f 641/668/583 642/669/584 626/653/323
f 642/669/584 624/651/568 626/653/323
f 642/669/584 643/670/585 624/651/568
f 643/670/585 623/650/567 624/651/568
f 623/650/567 643/670/585 621/648/565
f 643/670/585 631/658/574 621/648/565
f 643/670/585 644/671/586 631/658/574
f 644/671/586 633/660/576 631/658/574
f 633/660/576 644/671/586 636/663/578
f 644/671/586 639/666/581 636/663/578
f 639/666/581 644/671/586 642/669/584
f 644/671/586 643/670/585 642/669/584
f 645/672/587 646/673/245 620/647/564
f 646/673/245 618/645/562 620/647/564
f 646/673/245 647/674/293 618/645/562
f 647/674/293 617/644/104 618/645/562
f 617/644/104 647/674/293 615/642/560
f 647/674/293 648/675/588 615/642/560
f 615/642/560 648/675/588 614/641/559
f 648/675/588 649/676/392 614/641/559
f 648/675/588 650/677/589 649/676/392
f 650/677/589 651/678/590 649/676/392
f 651/678/590 650/677/589 652/679/591
f 650/677/589 653/680/592 652/679/591
f 652/679/591 653/680/592 654/681/542
f 653/680/592 655/682/593 654/681/542
f 653/680/592 656/683/594 655/682/593
f 656/683/594 657/684/595 655/682/593
f 657/684/595 656/683/594 645/672/587
f 656/683/594 646/673/245 645/672/587
f 656/683/594 658/685/596 646/673/245
f 658/685/596 647/674/293 646/673/245
f 647/674/293 658/685/596 648/675/588
f 658/685/596 650/677/589 648/675/588
f 650/677/589 658/685/596 653/680/592
f 658/685/596 656/683/594 653/680/592
f 659/686/597 660/687/598 637/664/579
f 660/687/598 635/662/577 637/664/579
f 660/687/598 661/688/599 635/662/577
f 661/688/599 634/661/329 635/662/577
f 634/661/329 661/688/599 632/659/575
f 661/688/599 662/689/600 632/659/575
f 632/659/575 662/689/600 620/647/564
f 662/689/600 645/672/587 620/647/564
f 662/689/600 663/690/601 645/672/587
f 663/690/601 657/684/595 645/672/587
f 657/684/595 663/690/601 655/682/593
f 663/690/601 664/691/602 655/682/593
f 655/682/593 664/691/602 654/681/542
f 664/691/602 665/692/603 654/681/542
f 664/691/602 666/693/604 665/692/603
f 666/693/604 667/694/605 665/692/603
f 667/694/605 666/693/604 659/686/597
f 666/693/604 660/687/598 659/686/597
f 666/693/604 668/695/606 660/687/598
f 668/695/606 661/688/599 660/687/598
f 661/688/599 668/695/606 662/689/600
f 668/695/606 663/690/601 662/689/600
f 663/690/601 668/695/606 664/691/602
f 668/695/606 666/693/604 664/691/602
f 669/696/266 670/697/607 671/698/608
f 670/697/607 672/699/609 671/698/608
f 670/697/607 673/700/610 672/699/609
f 673/700/610 674/701/611 672/699/609
f 674/701/611 673/700/610 675/702/612
f 673/700/610 676/703/613 675/702/612
f 675/702/612 676/703/613 677/704/614
f 676/703/613 678/705/615 677/704/614
f 676/703/613 679/706/616 678/705/615
f 679/706/616 680/707/617 678/705/615
f 680/707/617 679/706/616 681/708/618
f 679/706/616 682/709/619 681/708/618
f 681/708/618 682/709/619 683/710/113
f 682/709/619 684/711/620 683/710/113
f 682/709/619 685/712/621 684/711/620
f 685/712/621 686/713/622 684/711/620
f 686/713/622 685/712/621 669/696/266
f 685/712/621 670/697/607 669/696/266
f 685/712/621 687/714/623 670/697/607
f 687/714/623 673/700/610 670/697/607
f 673/700/610 687/714/623 676/703/613
f 687/714/623 679/706/616 676/703/613
f 679/706/616 687/714/623 682/709/619
f 687/714/623 685/712/621 682/709/619
f 678/705/615 688/715/624 677/704/614
f 688/715/624 689/716/119 677/704/614
f 688/715/624 690/717/625 689/716/119
f 690/717/625 691/718/329 689/716/119
f 691/718/329 690/717/625 692/719/626
f 690/717/625 693/720/627 692/719/626
f 692/719/626 693/720/627 694/721/628
f 693/720/627 695/722/629 694/721/628
f 693/720/627 696/723/630 695/722/629
f 696/723/630 697/724/582 695/722/629
f 697/724/582 696/723/630 698/725/631
f 696/723/630 699/726/632 698/725/631
f 698/725/631 699/726/632 683/710/113
f 699/726/632 681/708/618 683/710/113
f 699/726/632 700/727/633 681/708/618
f 700/727/633 680/707/617 681/708/618
f 680/707/617 700/727/633 678/705/615
f 700/727/633 688/715/624 678/705/615
f 700/727/633 701/728/634 688/715/624
f 701/728/634 690/717/625 688/715/624
f 690/717/625 701/728/634 693/720/627
f 701/728/634 696/723/630 693/720/627
f 696/723/630 701/728/634 699/726/632
f 701/728/634 700/727/633 699/726/632
f 702/729/635 703/730/636 677/704/614
f 703/730/636 675/702/612 677/704/614
f 703/730/636 704/731/637 675/702/612
f 704/731/637 674/701/611 675/702/612
f 674/701/611 704/731/637 672/699/609
f 704/731/637 705/732/638 672/699/609
f 672/699/609 705/732/638 671/698/608
f 705/732/638 706/733/639 671/698/608
f 705/732/638 707/734/640 706/733/639
f 707/734/640 708/735/641 706/733/639
f 708/735/641 707/734/640 709/736/642
f 707/734/640 710/737/643 709/736/642
f 709/736/642 710/737/643 711/738/141
f 710/737/643 712/739/644 711/738/141
f 710/737/643 713/740/645 712/739/644
f 713/740/645 714/741/545 712/739/644
f 714/741/545 713/740/645 702/729/635
f 713/740/645 703/730/636 702/729/635
f 713/740/645 715/742/646 703/730/636
f 715/742/646 704/731/637 703/730/636
f 704/731/637 715/742/646 705/732/638
f 715/742/646 707/734/640 705/732/638
f 707/734/640 715/742/646 710/737/643
f 715/742/646 713/740/645 710/737/643
f 716/743/401 717/744/647 694/721/628
f 717/744/647 692/719/626 694/721/628
f 717/744/647 718/745/648 692/719/626
f 718/745/648 691/718/329 692/719/626
f 691/718/329 718/745/648 689/716/119
f 718/745/648 719/746/649 689/716/119
f 689/716/119 719/746/649 677/704/614
f 719/746/649 702/729/635 677/704/614
f 719/746/649 720/747/650 702/729/635
f 720/747/650 714/741/545 702/729/635
f 714/741/545 720/747/650 712/739/644
f 720/747/650 721/748/651 712/739/644
f 712/739/644 721/748/651 711/738/141
f 721/748/651 722/749/652 711/738/141
f 721/748/651 723/750/653 722/749/652
f 723/750/653 724/751/654 722/749/652
f 724/751/654 723/750/653 716/743/401
f 723/750/653 717/744/647 716/743/401
f 723/750/653 725/752/655 717/744/647
f 725/752/655 718/745/648 717/744/647
f 718/745/648 725/752/655 719/746/649
f 725/752/655 720/747/650 719/746/649
f 720/747/650 725/752/655 721/748/651
f 725/752/655 723/750/653 721/748/651
f 726/753/656 727/754/657 728/755/658
f 727/754/657 729/756/659 728/755/658
f 727/754/657 730/757/660 729/756/659
f 730/757/660 731/758/218 729/756/659
f 731/758/218 730/757/660 732/759/661
f 730/757/660 733/760/662 732/759/661
f 732/759/661 733/760/662 734/761/663
f 733/760/662 735/762/664 734/761/663
f 733/760/662 736/763/665 735/762/664
f 736/763/665 737/764/617 735/762/664
f 737/764/617 736/763/665 738/765/666
f 736/763/665 739/766/667 738/765/666
f 738/765/666 739/766/667 740/767/668
f 739/766/667 741/768/669 740/767/668
f 739/766/667 742/769/670 741/768/669
f 742/769/670 743/770/671 741/768/669
f 743/770/671 742/769/670 726/753/656
f 742/769/670 727/754/657 726/753/656
f 742/769/670 744/771/672 727/754/657
f 744/771/672 730/757/660 727/754/657
f 730/757/660 744/771/672 733/760/662
f 744/771/672 736/763/665 733/760/662
f 736/763/665 744/771/672 739/766/667
f 744/771/672 742/769/670 739/766/667
f 735/762/664 745/772/673 734/761/663
f 745/772/673 746/773/674 734/761/663
f 745/772/673 747/774/675 746/773/674
f 747/774/675 748/775/178 746/773/674
f 748/775/178 747/774/675 749/776/122
f 747/774/675 750/777/676 749/776/122
f 749/776/122 750/777/676 751/778/677
f 750/777/676 752/779/678 751/778/677
f 750/777/676 753/780/679 752/779/678
f 753/780/679 754/781/680 752/779/678
f 754/781/680 753/780/679 755/782/681
f 753/780/679 756/783/682 755/782/681
f 755/782/681 756/783/682 740/767/668
f 756/783/682 738/765/666 740/767/668
f 756/783/682 757/784/683 738/765/666
f 757/784/683 737/764/617 738/765/666
f 737/764/617 757/784/683 735/762/664
f 757/784/683 745/772/673 735/762/664
f 757/784/683 758/785/684 745/772/673
f 758/785/684 747/774/675 745/772/673
f 747/774/675 758/785/684 750/777/676
f 758/785/684 753/780/679 750/777/676
f 753/780/679 758/785/684 756/783/682
f 758/785/684 757/784/683 756/783/682
f 759/786/685 760/787/686 734/761/663
f 760/787/686 732/759/661 734/761/663
f 760/787/686 761/788/687 732/759/661
f 761/788/687 731/758/218 732/759/661
f 731/758/218 761/788/687 729/756/659
f 761/788/687 762/789/688 729/756/659
f 729/756/659 762/789/688 728/755/658
f 762/789/688 763/790/689 728/755/658
f 762/789/688 764/791/690 763/790/689
f 764/791/690 765/792/691 763/790/689
f 765/792/691 764/791/690 766/793/692
f 764/791/690 767/794/693 766/793/692
f 766/793/692 767/794/693 768/795/694
f 767/794/693 769/796/695 768/795/694
f 767/794/693 770/797/696 769/796/695
f 770/797/696 771/798/545 769/796/695
f 771/798/545 770/797/696 759/786/685
f 770/797/696 760/787/686 759/786/685
f 770/797/696 772/799/697 760/787/686
f 772/799/697 761/788/687 760/787/686
f 761/788/687 772/799/697 762/789/688
f 772/799/697 764/791/690 762/789/688
f 764/791/690 772/799/697 767/794/693
f 772/799/697 770/797/696 767/794/693
f 773/800/499 774/801/698 751/778/677
f 774/801/698 749/776/122 751/778/677
f 774/801/698 775/802/699 749/776/122
f 775/802/699 748/775/178 749/776/122
f 748/775/178 775/802/699 746/773/674
f 775/802/699 776/803/700 746/773/674
f 746/773/674 776/803/700 734/761/663
f 776/803/700 759/786/685 734/761/663
f 776/803/700 777/804/701 759/786/685
f 777/804/701 771/798/545 759/786/685
f 771/798/545 777/804/701 769/796/695
f 777/804/701 778/805/702 769/796/695
f 769/796/695 778/805/702 768/795/694
f 778/805/702 779/806/703 768/795/694
f 778/805/702 780/807/704 779/806/703
f 780/807/704 781/808/705 779/806/703
f 781/808/705 780/807/704 773/800/499
f 780/807/704 774/801/698 773/800/499
f 780/807/704 782/809/706 774/801/698
f 782/809/706 775/802/699 774/801/698
f 775/802/699 782/809/706 776/803/700
f 782/809/706 777/804/701 776/803/700
f 777/804/701 782/809/706 778/805/702
f 782/809/706 780/807/704 778/805/702
f 783/810/656 784/811/707 785/812/658
f 784/811/707 786/813/708 785/812/658
f 784/811/707 787/814/709 786/813/708
f 787/814/709 788/815/218 786/813/708
f 788/815/218 787/814/709 789/816/219
f 787/814/709 790/817/710 789/816/219
f 789/816/219 790/817/710 791/818/663
f 790/817/710 792/819/711 791/818/663
f 790/817/710 793/820/712 792/819/711
f 793/820/712 794/821/617 792/819/711
f 794/821/617 793/820/712 795/822/713
f 793/820/712 796/823/714 795/822/713
f 795/822/713 796/823/714 797/824/715
f 796/823/714 798/825/716 797/824/715
f 796/823/714 799/826/717 798/825/716
f 799/826/717 800/827/718 798/825/716
f 800/827/718 799/826/717 783/810/656
f 799/826/717 784/811/707 783/810/656
f 799/826/717 801/828/719 784/811/707
f 801/828/719 787/814/709 784/811/707
f 787/814/709 801/828/719 790/817/710
f 801/828/719 793/820/712 790/817/710
f 793/820/712 801/828/719 796/823/714
f 801/828/719 799/826/717 796/823/714
f 792/819/711 802/829/720 791/818/663
f 802/829/720 803/830/475 791/818/663
f 802/829/720 804/831/721 803/830/475
f 804/831/721 805/832/233 803/830/475
f 805/832/233 804/831/721 806/833/722
f 804/831/721 807/834/723 806/833/722
f 806/833/722 807/834/723 808/835/628
f 807/834/723 809/836/724 808/835/628
f 807/834/723 810/837/725 809/836/724
f 810/837/725 811/838/680 809/836/724
f 811/838/680 810/837/725 812/839/726
f 810/837/725 813/840/727 812/839/726
f 812/839/726 813/840/727 797/824/715
f 813/840/727 795/822/713 797/824/715
f 813/840/727 814/841/728 795/822/713
f 814/841/728 794/821/617 795/822/713
f 794/821/617 814/841/728 792/819/711
f 814/841/728 802/829/720 792/819/711
f 814/841/728 815/842/729 802/829/720
f 815/842/729 804/831/721 802/829/720
f 804/831/721 815/842/729 807/834/723
f 815/842/729 810/837/725 807/834/723
f 810/837/725 815/842/729 813/840/727
f 815/842/729 814/841/728 813/840/727
f 816/843/730 817/844/731 791/818/663
f 817/844/731 789/816/219 791/818/663
f 817/844/731 818/845/732 789/816/219
f 818/845/732 788/815/218 789/816/219
f 788/815/218 818/845/732 786/813/708
f 818/845/732 819/846/733 786/813/708
f 786/813/708 819/846/733 785/812/658
f 819/846/733 820/847/538 785/812/658
f 819/846/733 821/848/734 820/847/538
f 821/848/734 822/849/691 820/847/538
f 822/849/691 821/848/734 823/850/735
f 821/848/734 824/851/736 823/850/735
f 823/850/735 824/851/736 825/852/737
f 824/851/736 826/853/738 825/852/737
f 824/851/736 827/854/739 826/853/738
f 827/854/739 828/855/545 826/853/738
f 828/855/545 827/854/739 816/843/730
f 827/854/739 817/844/731 816/843/730
f 827/854/739 829/856/740 817/844/731
f 829/856/740 818/845/732 817/844/731
f 818/845/732 829/856/740 819/846/733
f 829/856/740 821/848/734 819/846/733
f 821/848/734 829/856/740 824/851/736
f 829/856/740 827/854/739 824/851/736
f 830/857/547 831/858/741 808/835/628
f 831/858/741 806/833/722 808/835/628
f 831/858/741 832/859/742 806/833/722
f 832/859/742 805/832/233 806/833/722
f 805/832/233 832/859/742 803/830/475
f 832/859/742 833/860/404 803/830/475
f 803/830/475 833/860/404 791/818/663
f 833/860/404 816/843/730 791/818/663
f 833/860/404 834/861/743 816/843/730
f 834/861/743 828/855/545 816/843/730
f 828/855/545 834/861/743 826/853/738
f 834/861/743 835/862/744 826/853/738
f 826/853/738 835/862/744 825/852/737
f 835/862/744 836/863/745 825/852/737
f 835/862/744 837/864/746 836/863/745
f 837/864/746 838/865/747 836/863/745
f 838/865/747 837/864/746 830/857/547
f 837/864/746 831/858/741 830/857/547
f 837/864/746 839/866/748 831/858/741
f 839/866/748 832/859/742 831/858/741
f 832/859/742 839/866/748 833/860/404
f 839/866/748 834/861/743 833/860/404
f 834/861/743 839/866/748 835/862/744
f 839/866/748 837/864/746 835/862/744
f 840/867/749 841/868/707 842/869/658
f 841/868/707 843/870/750 842/869/658
f 841/868/707 844/871/751 843/870/750
f 844/871/751 845/872/752 843/870/750
f 845/872/752 844/871/751 846/873/753
f 844/871/751 847/874/754 846/873/753
f 846/873/753 847/874/754 848/875/755
f 847/874/754 849/876/756 848/875/755
f 847/874/754 850/877/757 849/876/756
f 850/877/757 851/878/758 849/876/756
f 851/878/758 850/877/757 852/879/759
f 850/877/757 853/880/760 852/879/759
f 852/879/759 853/880/760 854/881/323
f 853/880/760 855/882/761 854/881/323
f 853/880/760 856/883/762 855/882/761
f 856/883/762 857/884/763 855/882/761
f 857/884/763 856/883/762 840/867/749
f 856/883/762 841/868/707 840/867/749
f 856/883/762 858/885/764 841/868/707
f 858/885/764 844/871/751 841/868/707
f 844/871/751 858/885/764 847/874/754
f 858/885/764 850/877/757 847/874/754
f 850/877/757 858/885/764 853/880/760
f 858/885/764 856/883/762 853/880/760
f 849/876/756 859/886/765 848/875/755
f 859/886/765 860/887/176 848/875/755
f 859/886/765 861/888/766 860/887/176
f 861/888/766 862/889/767 860/887/176
f 862/889/767 861/888/766 863/890/768
f 861/888/766 864/891/769 863/890/768
f 863/890/768 864/891/769 865/892/770
f 864/891/769 866/893/771 865/892/770
f 864/891/769 867/894/772 866/893/771
f 867/894/772 868/895/335 866/893/771
f 868/895/335 867/894/772 869/896/773
f 867/894/772 870/897/774 869/896/773
f 869/896/773 870/897/774 854/881/323
f 870/897/774 852/879/759 854/881/323
f 870/897/774 871/898/775 852/879/759
f 871/898/775 851/878/758 852/879/759
f 851/878/758 871/898/775 849/876/756
f 871/898/775 859/886/765 849/876/756
f 871/898/775 872/899/776 859/886/765
f 872/899/776 861/888/766 859/886/765
f 861/888/766 872/899/776 864/891/769
f 872/899/776 867/894/772 864/891/769
f 867/894/772 872/899/776 870/897/774
f 872/899/776 871/898/775 870/897/774
f 873/900/777 874/901/778 848/875/755
f 874/901/778 846/873/753 848/875/755
f 874/901/778 875/902/779 846/873/753
f 875/902/779 845/872/752 846/873/753
f 845/872/752 875/902/779 843/870/750
f 875/902/779 876/903/780 843/870/750
f 843/870/750 876/903/780 842/869/658
f 876/903/780 877/904/781 842/869/658
f 876/903/780 878/905/782 877/904/781
f 878/905/782 879/906/783 877/904/781
f 879/906/783 878/905/782 880/907/784
f 878/905/782 881/908/785 880/907/784
f 880/907/784 881/908/785 882/909/141
f 881/908/785 883/910/786 882/909/141
f 881/908/785 884/911/787 883/910/786
f 884/911/787 885/912/788 883/910/786
f 885/912/788 884/911/787 873/900/777
f 884/911/787 874/901/778 873/900/777
f 884/911/787 886/913/789 874/901/778
f 886/913/789 875/902/779 874/901/778
f 875/902/779 886/913/789 876/903/780
f 886/913/789 878/905/782 876/903/780
f 878/905/782 886/913/789 881/908/785
f 886/913/789 884/911/787 881/908/785
f 887/914/790 888/915/791 865/892/770
f 888/915/791 863/890/768 865/892/770
f 888/915/791 889/916/792 863/890/768
f 889/916/792 862/889/767 863/890/768
f 862/889/767 889/916/792 860/887/176
f 889/916/792 890/917/793 860/887/176
f 860/887/176 890/917/793 848/875/755
f 890/917/793 873/900/777 848/875/755
f 890/917/793 891/918/794 873/900/777
f 891/918/794 885/912/788 873/900/777
f 885/912/788 891/918/794 883/910/786
f 891/918/794 892/919/795 883/910/786
f 883/910/786 892/919/795 882/909/141
f 892/919/795 893/920/796 882/909/141
f 892/919/795 894/921/797 893/920/796
f 894/921/797 895/922/798 893/920/796
f 895/922/798 894/921/797 887/914/790
f 894/921/797 888/915/791 887/914/790
f 894/921/797 896/923/799 888/915/791
f 896/923/799 889/916/792 888/915/791
f 889/916/792 896/923/799 890/917/793
f 896/923/799 891/918/794 890/917/793
f 891/918/794 896/923/799 892/919/795
f 896/923/799 894/921/797 892/919/795
f 897/924/266 898/925/800 899/926/608
f 898/925/800 900/927/801 899/926/608
f 898/925/800 901/928/802 900/927/801
f 901/928/802 902/929/803 900/927/801
f 902/929/803 901/928/802 903/930/804
f 901/928/802 904/931/805 903/930/804
f 903/930/804 904/931/805 905/932/755
f 904/931/805 906/933/318 905/932/755
f 904/931/805 907/934/806 906/933/318
f 907/934/806 908/935/807 906/933/318
f 908/935/807 907/934/806 909/936/808
f 907/934/806 910/937/809 909/936/808
f 909/936/808 910/937/809 911/938/372
f 910/937/809 912/939/810 911/938/372
f 910/937/809 913/940/811 912/939/810
f 913/940/811 914/941/116 912/939/810
f 914/941/116 913/940/811 897/924/266
f 913/940/811 898/925/800 897/924/266
f 913/940/811 915/942/812 898/925/800
f 915/942/812 901/928/802 898/925/800
f 901/928/802 915/942/812 904/931/805
f 915/942/812 907/934/806 904/931/805
f 907/934/806 915/942/812 910/937/809
f 915/942/812 913/940/811 910/937/809
f 906/933/318 916/943/813 905/932/755
f 916/943/813 917/944/814 905/932/755
f 916/943/813 918/945/815 917/944/814
f 918/945/815 919/946/816 917/944/814
f 919/946/816 918/945/815 920/947/817
f 918/945/815 921/948/818 920/947/817
f 920/947/817 921/948/818 922/949/819
f 921/948/818 923/950/820 922/949/819
f 921/948/818 924/951/821 923/950/820
f 924/951/821 925/952/822 923/950/820
f 925/952/822 924/951/821 926/953/823
f 924/951/821 927/954/824 926/953/823
f 926/953/823 927/954/824 911/938/372
f 927/954/824 909/936/808 911/938/372
f 927/954/824 928/955/825 909/936/808
f 928/955/825 908/935/807 909/936/808
f 908/935/807 928/955/825 906/933/318
f 928/955/825 916/943/813 906/933/318
f 928/955/825 929/956/485 916/943/813
f 929/956/485 918/945/815 916/943/813
f 918/945/815 929/956/485 921/948/818
f 929/956/485 924/951/821 921/948/818
f 924/951/821 929/956/485 927/954/824
f 929/956/485 928/955/825 927/954/824
f 930/957/826 931/958/827 905/932/755
f 931/958/827 903/930/804 905/932/755
f 931/958/827 932/959/828 903/930/804
f 932/959/828 902/929/803 903/930/804
f 902/929/803 932/959/828 900/927/801
f 932/959/828 933/960/829 900/927/801
f 900/927/801 933/960/829 899/926/608
f 933/960/829 934/961/830 899/926/608
f 933/960/829 935/962/831 934/961/830
f 935/962/831 936/963/832 934/961/830
f 936/963/832 935/962/831 937/964/833
f 935/962/831 938/965/834 937/964/833
f 937/964/833 938/965/834 939/966/542
f 938/965/834 940/967/835 939/966/542
f 938/965/834 941/968/836 940/967/835
f 941/968/836 942/969/545 940/967/835
f 942/969/545 941/968/836 930/957/826
f 941/968/836 931/958/827 930/957/826
f 941/968/836 943/970/837 931/958/827
f 943/970/837 932/959/828 931/958/827
f 932/959/828 943/970/837 933/960/829
f 943/970/837 935/962/831 933/960/829
f 935/962/831 943/970/837 938/965/834
f 943/970/837 941/968/836 938/965/834
f 944/971/838 945/972/839 922/949/819
f 945/972/839 920/947/817 922/949/819
f 945/972/839 946/973/840 920/947/817
f 946/973/840 919/946/816 920/947/817
f 919/946/816 946/973/840 917/944/814
f 946/973/840 947/974/841 917/944/814
f 917/944/814 947/974/841 905/932/755
f 947/974/841 930/957/826 905/932/755
f 947/974/841 948/975/842 930/957/826
f 948/975/842 942/969/545 930/957/826
f 942/969/545 948/975/842 940/967/835
f 948/975/842 949/976/843 940/967/835
f 940/967/835 949/976/843 939/966/542
f 949/976/843 950/977/844 939/966/542
f 949/976/843 951/978/845 950/977/844
f 951/978/845 952/979/846 950/977/844
f 952/979/846 951/978/845 944/971/838
f 951/978/845 945/972/839 944/971/838
f 951/978/845 953/980/847 945/972/839
f 953/980/847 946/973/840 945/972/839
f 946/973/840 953/980/847 947/974/841
f 953/980/847 948/975/842 947/974/841
f 948/975/842 953/980/847 949/976/843
f 953/980/847 951/978/845 949/976/843
f 954/981/749 955/982/848 956/983/658
f 955/982/848 957/984/609 956/983/658
f 955/982/848 958/985/849 957/984/609
f 958/985/849 959/986/752 957/984/609
f 959/986/752 958/985/849 960/987/513
f 958/985/849 961/988/850 960/987/513
f 960/987/513 961/988/850 962/989/164
f 961/988/850 963/990/851 962/989/164
f 961/988/850 964/991/852 963/990/851
f 964/991/852 965/992/222 963/990/851
f 965/992/222 964/991/852 966/993/808
f 964/991/852 967/994/853 966/993/808
f 966/993/808 967/994/853 968/995/170
f 967/994/853 969/996/854 968/995/170
f 967/994/853 970/997/855 969/996/854
f 970/997/855 971/998/763 969/996/854
f 971/998/763 970/997/855 954/981/749
f 970/997/855 955/982/848 954/981/749
f 970/997/855 972/999/856 955/982/848
f 972/999/856 958/985/849 955/982/848
f 958/985/849 972/999/856 961/988/850
f 972/999/856 964/991/852 961/988/850
f 964/991/852 972/999/856 967/994/853
f 972/999/856 970/997/855 967/994/853
f 963/990/851 973/1000/857 962/989/164
f 973/1000/857 974/1001/176 962/989/164
f 973/1000/857 975/1002/858 974/1001/176
f 975/1002/858 976/1003/859 974/1001/176
f 976/1003/859 975/1002/858 977/1004/860
f 975/1002/858 978/1005/861 977/1004/860
f 977/1004/860 978/1005/861 979/1006/862
f 978/1005/861 980/1007/863 979/1006/862
f 978/1005/861 981/1008/864 980/1007/863
f 981/1008/864 982/1009/184 980/1007/863
f 982/1009/184 981/1008/864 983/1010/865
f 981/1008/864 984/1011/866 983/1010/865
f 983/1010/865 984/1011/866 968/995/170
f 984/1011/866 966/993/808 968/995/170
f 984/1011/866 985/1012/867 966/993/808
f 985/1012/867 965/992/222 966/993/808
f 965/992/222 985/1012/867 963/990/851
f 985/1012/867 973/1000/857 963/990/851
f 985/1012/867 986/1013/868 973/1000/857
f 986/1013/868 975/1002/858 973/1000/857
f 975/1002/858 986/1013/868 978/1005/861
f 986/1013/868 981/1008/864 978/1005/861
f 981/1008/864 986/1013/868 984/1011/866
f 986/1013/868 985/1012/867 984/1011/866
f 987/1014/869 988/1015/636 962/989/164
f 988/1015/636 960/987/513 962/989/164
f 988/1015/636 989/1016/870 960/987/513
f 989/1016/870 959/986/752 960/987/513
f 959/986/752 989/1016/870 957/984/609
f 989/1016/870 990/1017/871 957/984/609
f 957/984/609 990/1017/871 956/983/658
f 990/1017/871 991/1018/872 956/983/658
f 990/1017/871 992/1019/873 991/1018/872
f 992/1019/873 993/1020/874 991/1018/872
f 993/1020/874 992/1019/873 994/1021/875
f 992/1019/873 995/1022/876 994/1021/875
f 994/1021/875 995/1022/876 996/1023/877
f 995/1022/876 997/1024/878 996/1023/877
f 995/1022/876 998/1025/879 997/1024/878
f 998/1025/879 999/1026/595 997/1024/878
f 999/1026/595 998/1025/879 987/1014/869
f 998/1025/879 988/1015/636 987/1014/869
f 998/1025/879 1000/1027/880 988/1015/636
f 1000/1027/880 989/1016/870 988/1015/636
f 989/1016/870 1000/1027/880 990/1017/871
f 1000/1027/880 992/1019/873 990/1017/871
f 992/1019/873 1000/1027/880 995/1022/876
f 1000/1027/880 998/1025/879 995/1022/876
f 1001/1028/881 1002/1029/882 979/1006/862
f 1002/1029/882 977/1004/860 979/1006/862
f 1002/1029/882 1003/1030/883 977/1004/860
f 1003/1030/883 976/1003/859 977/1004/860
f 976/1003/859 1003/1030/883 974/1001/176
f 1003/1030/883 1004/1031/884 974/1001/176
f 974/1001/176 1004/1031/884 962/989/164
f 1004/1031/884 987/1014/869 962/989/164
f 1004/1031/884 1005/1032/885 987/1014/869
f 1005/1032/885 999/1026/595 987/1014/869
f 999/1026/595 1005/1032/885 997/1024/878
f 1005/1032/885 1006/1033/886 997/1024/878
f 997/1024/878 1006/1033/886 996/1023/877
f 1006/1033/886 1007/1034/887 996/1023/877
f 1006/1033/886 1008/1035/888 1007/1034/887
f 1008/1035/888 1009/1036/889 1007/1034/887
f 1009/1036/889 1008/1035/888 1001/1028/881
f 1008/1035/888 1002/1029/882 1001/1028/881
f 1008/1035/888 1010/1037/890 1002/1029/882
f 1010/1037/890 1003/1030/883 1002/1029/882
f 1003/1030/883 1010/1037/890 1004/1031/884
f 1010/1037/890 1005/1032/885 1004/1031/884
f 1005/1032/885 1010/1037/890 1006/1033/886
f 1010/1037/890 1008/1035/888 1006/1033/886
f 1011/1038/891 1012/1039/892 1013/1040/893
f 1012/1039/892 1014/1041/894 1013/1040/893
f 1012/1039/892 1015/1042/895 1014/1041/894
f 1015/1042/895 1016/1043/161 1014/1041/894
f 1016/1043/161 1015/1042/895 1017/1044/463
f 1015/1042/895 1018/1045/896 1017/1044/463
f 1017/1044/463 1018/1045/896 1019/1046/897
f 1018/1045/896 1020/1047/898 1019/1046/897
f 1018/1045/896 1021/1048/899 1020/1047/898
f 1021/1048/899 1022/1049/320 1020/1047/898
f 1022/1049/320 1021/1048/899 1023/1050/900
f 1021/1048/899 1024/1051/901 1023/1050/900
f 1023/1050/900 1024/1051/901 1025/1052/902
f 1024/1051/901 1026/1053/903 1025/1052/902
f 1024/1051/901 1027/1054/904 1026/1053/903
f 1027/1054/904 1028/1055/905 1026/1053/903
f 1028/1055/905 1027/1054/904 1011/1038/891
f 1027/1054/904 1012/1039/892 1011/1038/891
f 1027/1054/904 1029/1056/906 1012/1039/892
f 1029/1056/906 1015/1042/895 1012/1039/892
f 1015/1042/895 1029/1056/906 1018/1045/896
f 1029/1056/906 1021/1048/899 1018/1045/896
f 1021/1048/899 1029/1056/906 1024/1051/901
f 1029/1056/906 1027/1054/904 1024/1051/901
f 1020/1047/898 1030/1057/175 1019/1046/897
f 1030/1057/175 1031/1058/907 1019/1046/897
f 1030/1057/175 1032/1059/908 1031/1058/907
f 1032/1059/908 1033/1060/329 1031/1058/907
f 1033/1060/329 1032/1059/908 1034/1061/909
f 1032/1059/908 1035/1062/910 1034/1061/909
f 1034/1061/909 1035/1062/910 1036/1063/911
f 1035/1062/910 1037/1064/912 1036/1063/911
f 1035/1062/910 1038/1065/913 1037/1064/912
f 1038/1065/913 1039/1066/335 1037/1064/912
f 1039/1066/335 1038/1065/913 1040/1067/914
f 1038/1065/913 1041/1068/915 1040/1067/914
f 1040/1067/914 1041/1068/915 1025/1052/902
f 1041/1068/915 1023/1050/900 1025/1052/902
f 1041/1068/915 1042/1069/916 1023/1050/900
f 1042/1069/916 1022/1049/320 1023/1050/900
f 1022/1049/320 1042/1069/916 1020/1047/898
f 1042/1069/916 1030/1057/175 1020/1047/898
f 1042/1069/916 1043/1070/917 1030/1057/175
f 1043/1070/917 1032/1059/908 1030/1057/175
f 1032/1059/908 1043/1070/917 1035/1062/910
f 1043/1070/917 1038/1065/913 1035/1062/910
f 1038/1065/913 1043/1070/917 1041/1068/915
f 1043/1070/917 1042/1069/916 1041/1068/915
f 1044/1071/918 1045/1072/919 1019/1046/897
f 1045/1072/919 1017/1044/463 1019/1046/897
f 1045/1072/919 1046/1073/920 1017/1044/463
f 1046/1073/920 1016/1043/161 1017/1044/463
f 1016/1043/161 1046/1073/920 1014/1041/894
f 1046/1073/920 1047/1074/921 1014/1041/894
f 1014/1041/894 1047/1074/921 1013/1040/893
f 1047/1074/921 1048/1075/922 1013/1040/893
f 1047/1074/921 1049/1076/923 1048/1075/922
f 1049/1076/923 1050/1077/783 1048/1075/922
f 1050/1077/783 1049/1076/923 1051/1078/924
f 1049/1076/923 1052/1079/925 1051/1078/924
f 1051/1078/924 1052/1079/925 1053/1080/926
f 1052/1079/925 1054/1081/927 1053/1080/926
f 1052/1079/925 1055/1082/928 1054/1081/927
f 1055/1082/928 1056/1083/788 1054/1081/927
f 1056/1083/788 1055/1082/928 1044/1071/918
f 1055/1082/928 1045/1072/919 1044/1071/918
f 1055/1082/928 1057/1084/929 1045/1072/919
f 1057/1084/929 1046/1073/920 1045/1072/919
f 1046/1073/920 1057/1084/929 1047/1074/921
f 1057/1084/929 1049/1076/923 1047/1074/921
f 1049/1076/923 1057/1084/929 1052/1079/925
f 1057/1084/929 1055/1082/928 1052/1079/925
f 1058/1085/930 1059/1086/931 1036/1063/911
f 1059/1086/931 1034/1061/909 1036/1063/911
f 1059/1086/931 1060/1087/792 1034/1061/909
f 1060/1087/792 1033/1060/329 1034/1061/909
f 1033/1060/329 1060/1087/792 1031/1058/907
f 1060/1087/792 1061/1088/932 1031/1058/907
f 1031/1058/907 1061/1088/932 1019/1046/897
f 1061/1088/932 1044/1071/918 1019/1046/897
f 1061/1088/932 1062/1089/933 1044/1071/918
f 1062/1089/933 1056/1083/788 1044/1071/918
f 1056/1083/788 1062/1089/933 1054/1081/927
f 1062/1089/933 1063/1090/934 1054/1081/927
f 1054/1081/927 1063/1090/934 1053/1080/926
f 1063/1090/934 1064/1091/935 1053/1080/926
f 1063/1090/934 1065/1092/936 1064/1091/935
f 1065/1092/936 1066/1093/798 1064/1091/935
f 1066/1093/798 1065/1092/936 1058/1085/930
f 1065/1092/936 1059/1086/931 1058/1085/930
f 1065/1092/936 1067/1094/937 1059/1086/931
f 1067/1094/937 1060/1087/792 1059/1086/931
f 1060/1087/792 1067/1094/937 1061/1088/932
f 1067/1094/937 1062/1089/933 1061/1088/932
f 1062/1089/933 1067/1094/937 1063/1090/934
f 1067/1094/937 1065/1092/936 1063/1090/934
f 1068/1095/938 1069/1096/939 1070/1097/940
f 1069/1096/939 1071/1098/941 1070/1097/940
f 1069/1096/939 1072/1099/660 1071/1098/941
f 1072/1099/660 1073/1100/104 1071/1098/941
f 1073/1100/104 1072/1099/660 1074/1101/942
f 1072/1099/660 1075/1102/943 1074/1101/942
f 1074/1101/942 1075/1102/943 1076/1103/897
f 1075/1102/943 1077/1104/944 1076/1103/897
f 1075/1102/943 1078/1105/945 1077/1104/944
f 1078/1105/945 1079/1106/222 1077/1104/944
f 1079/1106/222 1078/1105/945 1080/1107/946
f 1078/1105/945 1081/1108/947 1080/1107/946
f 1080/1107/946 1081/1108/947 1082/1109/948
f 1081/1108/947 1083/1110/949 1082/1109/948
f 1081/1108/947 1084/1111/950 1083/1110/949
f 1084/1111/950 1085/1112/116 1083/1110/949
f 1085/1112/116 1084/1111/950 1068/1095/938
f 1084/1111/950 1069/1096/939 1068/1095/938
f 1084/1111/950 1086/1113/951 1069/1096/939
f 1086/1113/951 1072/1099/660 1069/1096/939
f 1072/1099/660 1086/1113/951 1075/1102/943
f 1086/1113/951 1078/1105/945 1075/1102/943
f 1078/1105/945 1086/1113/951 1081/1108/947
f 1086/1113/951 1084/1111/950 1081/1108/947
f 1077/1104/944 1087/1114/952 1076/1103/897
f 1087/1114/952 1088/1115/176 1076/1103/897
f 1087/1114/952 1089/1116/953 1088/1115/176
f 1089/1116/953 1090/1117/281 1088/1115/176
f 1090/1117/281 1089/1116/953 1091/1118/954
f 1089/1116/953 1092/1119/955 1091/1118/954
f 1091/1118/954 1092/1119/955 1093/1120/956
f 1092/1119/955 1094/1121/957 1093/1120/956
f 1092/1119/955 1095/1122/958 1094/1121/957
f 1095/1122/958 1096/1123/286 1094/1121/957
f 1096/1123/286 1095/1122/958 1097/1124/959
f 1095/1122/958 1098/1125/960 1097/1124/959
f 1097/1124/959 1098/1125/960 1082/1109/948
f 1098/1125/960 1080/1107/946 1082/1109/948
f 1098/1125/960 1099/1126/961 1080/1107/946
f 1099/1126/961 1079/1106/222 1080/1107/946
f 1079/1106/222 1099/1126/961 1077/1104/944
f 1099/1126/961 1087/1114/952 1077/1104/944
f 1099/1126/961 1100/1127/962 1087/1114/952
f 1100/1127/962 1089/1116/953 1087/1114/952
f 1089/1116/953 1100/1127/962 1092/1119/955
f 1100/1127/962 1095/1122/958 1092/1119/955
f 1095/1122/958 1100/1127/962 1098/1125/960
f 1100/1127/962 1099/1126/961 1098/1125/960
f 1101/1128/963 1102/1129/964 1076/1103/897
f 1102/1129/964 1074/1101/942 1076/1103/897
f 1102/1129/964 1103/1130/965 1074/1101/942
f 1103/1130/965 1073/1100/104 1074/1101/942
f 1073/1100/104 1103/1130/965 1071/1098/941
f 1103/1130/965 1104/1131/966 1071/1098/941
f 1071/1098/941 1104/1131/966 1070/1097/940
f 1104/1131/966 1105/1132/967 1070/1097/940
f 1104/1131/966 1106/1133/968 1105/1132/967
f 1106/1133/968 1107/1134/832 1105/1132/967
f 1107/1134/832 1106/1133/968 1108/1135/969
f 1106/1133/968 1109/1136/970 1108/1135/969
f 1108/1135/969 1109/1136/970 1110/1137/971
f 1109/1136/970 1111/1138/972 1110/1137/971
f 1109/1136/970 1112/1139/973 1111/1138/972
f 1112/1139/973 1113/1140/545 1111/1138/972
f 1113/1140/545 1112/1139/973 1101/1128/963
f 1112/1139/973 1102/1129/964 1101/1128/963
f 1112/1139/973 1114/1141/974 1102/1129/964
f 1114/1141/974 1103/1130/965 1102/1129/964
f 1103/1130/965 1114/1141/974 1104/1131/966
f 1114/1141/974 1106/1133/968 1104/1131/966
f 1106/1133/968 1114/1141/974 1109/1136/970
f 1114/1141/974 1112/1139/973 1109/1136/970
f 1115/1142/975 1116/1143/976 1093/1120/956
f 1116/1143/976 1091/1118/954 1093/1120/956
f 1116/1143/976 1117/1144/977 1091/1118/954
f 1117/1144/977 1090/1117/281 1091/1118/954
f 1090/1117/281 1117/1144/977 1088/1115/176
f 1117/1144/977 1118/1145/978 1088/1115/176
f 1088/1115/176 1118/1145/978 1076/1103/897
f 1118/1145/978 1101/1128/963 1076/1103/897
f 1118/1145/978 1119/1146/979 1101/1128/963
f 1119/1146/979 1113/1140/545 1101/1128/963
f 1113/1140/545 1119/1146/979 1111/1138/972
f 1119/1146/979 1120/1147/980 1111/1138/972
f 1111/1138/972 1120/1147/980 1110/1137/971
f 1120/1147/980 1121/1148/981 1110/1137/971
f 1120/1147/980 1122/1149/982 1121/1148/981
f 1122/1149/982 1123/1150/846 1121/1148/981
f 1123/1150/846 1122/1149/982 1115/1142/975
f 1122/1149/982 1116/1143/976 1115/1142/975
f 1122/1149/982 1124/1151/983 1116/1143/976
f 1124/1151/983 1117/1144/977 1116/1143/976
f 1117/1144/977 1124/1151/983 1118/1145/978
f 1124/1151/983 1119/1146/979 1118/1145/978
f 1119/1146/979 1124/1151/983 1120/1147/980
f 1124/1151/983 1122/1149/982 1120/1147/980
f 1125/1152/984 1126/1153/607 1127/1154/893
f 1126/1153/607 1128/1155/894 1127/1154/893
f 1126/1153/607 1129/1156/985 1128/1155/894
f 1129/1156/985 1130/1157/161 1128/1155/894
f 1130/1157/161 1129/1156/985 1131/1158/986
f 1129/1156/985 1132/1159/987 1131/1158/986
f 1131/1158/986 1132/1159/987 1133/1160/988
f 1132/1159/987 1134/1161/989 1133/1160/988
f 1132/1159/987 1135/1162/990 1134/1161/989
f 1135/1162/990 1136/1163/167 1134/1161/989
f 1136/1163/167 1135/1162/990 1137/1164/991
f 1135/1162/990 1138/1165/901 1137/1164/991
f 1137/1164/991 1138/1165/901 1139/1166/992
f 1138/1165/901 1140/1167/423 1139/1166/992
f 1138/1165/901 1141/1168/993 1140/1167/423
f 1141/1168/993 1142/1169/173 1140/1167/423
f 1142/1169/173 1141/1168/993 1125/1152/984
f 1141/1168/993 1126/1153/607 1125/1152/984
f 1141/1168/993 1143/1170/994 1126/1153/607
f 1143/1170/994 1129/1156/985 1126/1153/607
f 1129/1156/985 1143/1170/994 1132/1159/987
f 1143/1170/994 1135/1162/990 1132/1159/987
f 1135/1162/990 1143/1170/994 1138/1165/901
f 1143/1170/994 1141/1168/993 1138/1165/901
f 1134/1161/989 1144/1171/995 1133/1160/988
f 1144/1171/995 1145/1172/907 1133/1160/988
f 1144/1171/995 1146/1173/996 1145/1172/907
f 1146/1173/996 1147/1174/178 1145/1172/907
f 1147/1174/178 1146/1173/996 1148/1175/122
f 1146/1173/996 1149/1176/997 1148/1175/122
f 1148/1175/122 1149/1176/997 1150/1177/956
f 1149/1176/997 1151/1178/998 1150/1177/956
f 1149/1176/997 1152/1179/999 1151/1178/998
f 1152/1179/999 1153/1180/184 1151/1178/998
f 1153/1180/184 1152/1179/999 1154/1181/1000
f 1152/1179/999 1155/1182/1001 1154/1181/1000
f 1154/1181/1000 1155/1182/1001 1139/1166/992
f 1155/1182/1001 1137/1164/991 1139/1166/992
f 1155/1182/1001 1156/1183/1002 1137/1164/991
f 1156/1183/1002 1136/1163/167 1137/1164/991
f 1136/1163/167 1156/1183/1002 1134/1161/989
f 1156/1183/1002 1144/1171/995 1134/1161/989
f 1156/1183/1002 1157/1184/1003 1144/1171/995
f 1157/1184/1003 1146/1173/996 1144/1171/995
f 1146/1173/996 1157/1184/1003 1149/1176/997
f 1157/1184/1003 1152/1179/999 1149/1176/997
f 1152/1179/999 1157/1184/1003 1155/1182/1001
f 1157/1184/1003 1156/1183/1002 1155/1182/1001
f 1158/1185/1004 1159/1186/1005 1133/1160/988
f 1159/1186/1005 1131/1158/986 1133/1160/988
f 1159/1186/1005 1160/1187/1006 1131/1158/986
f 1160/1187/1006 1130/1157/161 1131/1158/986
f 1130/1157/161 1160/1187/1006 1128/1155/894
f 1160/1187/1006 1161/1188/1007 1128/1155/894
f 1128/1155/894 1161/1188/1007 1127/1154/893
f 1161/1188/1007 1162/1189/1008 1127/1154/893
f 1161/1188/1007 1163/1190/923 1162/1189/1008
f 1163/1190/923 1164/1191/874 1162/1189/1008
f 1164/1191/874 1163/1190/923 1165/1192/1009
f 1163/1190/923 1166/1193/1010 1165/1192/1009
f 1165/1192/1009 1166/1193/1010 1167/1194/1011
f 1166/1193/1010 1168/1195/1012 1167/1194/1011
f 1166/1193/1010 1169/1196/1013 1168/1195/1012
f 1169/1196/1013 1170/1197/595 1168/1195/1012
f 1170/1197/595 1169/1196/1013 1158/1185/1004
f 1169/1196/1013 1159/1186/1005 1158/1185/1004
f 1169/1196/1013 1171/1198/1014 1159/1186/1005
f 1171/1198/1014 1160/1187/1006 1159/1186/1005
f 1160/1187/1006 1171/1198/1014 1161/1188/1007
f 1171/1198/1014 1163/1190/923 1161/1188/1007
f 1163/1190/923 1171/1198/1014 1166/1193/1010
f 1171/1198/1014 1169/1196/1013 1166/1193/1010
f 1172/1199/1015 1173/1200/1016 1150/1177/956
f 1173/1200/1016 1148/1175/122 1150/1177/956
f 1173/1200/1016 1174/1201/1017 1148/1175/122
f 1174/1201/1017 1147/1174/178 1148/1175/122
f 1147/1174/178 1174/1201/1017 1145/1172/907
f 1174/1201/1017 1175/1202/1018 1145/1172/907
f 1145/1172/907 1175/1202/1018 1133/1160/988
f 1175/1202/1018 1158/1185/1004 1133/1160/988
f 1175/1202/1018 1176/1203/1019 1158/1185/1004
f 1176/1203/1019 1170/1197/595 1158/1185/1004
f 1170/1197/595 1176/1203/1019 1168/1195/1012
f 1176/1203/1019 1177/1204/1020 1168/1195/1012
f 1168/1195/1012 1177/1204/1020 1167/1194/1011
f 1177/1204/1020 1178/1205/1021 1167/1194/1011
f 1177/1204/1020 1179/1206/1022 1178/1205/1021
f 1179/1206/1022 1180/1207/1023 1178/1205/1021
f 1180/1207/1023 1179/1206/1022 1172/1199/1015
f 1179/1206/1022 1173/1200/1016 1172/1199/1015
f 1179/1206/1022 1181/1208/1024 1173/1200/1016
f 1181/1208/1024 1174/1201/1017 1173/1200/1016
f 1174/1201/1017 1181/1208/1024 1175/1202/1018
f 1181/1208/1024 1176/1203/1019 1175/1202/1018
f 1176/1203/1019 1181/1208/1024 1177/1204/1020
f 1181/1208/1024 1179/1206/1022 1177/1204/1020
f 113/1209/1025 114/1210/1026 1182/1211/1027
f 1182/1211/1027 114/1210/1026 494/1212/1028
f 141/1213/1029 697/1214/564 139/1215/1027
f 139/1215/1027 697/1214/564 698/1216/1030
f 458/1217/663 441/1218/663 1183/1219/663
f 1183/1219/663 441/1218/663 1184/1220/663
f 441/1218/663 443/1221/663 1184/1220/663
f 227/1222/663 537/1223/614 242/1224/1026
f 242/1224/1026 537/1223/614 538/1225/107
f 515/1226/614 1127/1227/107 513/1228/1031
f 513/1228/1031 1127/1227/107 1162/1229/663
f 911/1230/1031 708/1231/1026 926/1232/1031
f 926/1232/1031 708/1231/1026 709/1233/663
f 879/1234/1032 1009/1235/107 877/1236/1033
f 877/1236/1033 1009/1235/107 1001/1237/1026
f 968/1238/564 969/1239/1034 781/1240/663
f 781/1240/663 969/1239/1034 779/1241/1033
f 298/1242/564 483/1243/614 116/1244/1026
f 312/1245/663 686/1246/1026 640/1247/564
f 239/1248/1034 156/1249/107 238/1250/1031
f 238/1250/1031 156/1249/107 158/1251/1035
f 581/1252/107 384/1253/663 580/1254/663
f 580/1254/663 384/1253/663 386/1255/663
f 751/1256/1035 752/1257/107 785/1258/564
f 785/1258/564 752/1257/107 783/1259/1034
f 355/1260/107 426/1261/614 287/1262/614
f 182/1263/1034 327/1264/107 181/1265/1031
f 181/1265/1031 327/1264/107 329/1266/1035
f 854/1267/663 651/1268/107 869/1269/1031
f 869/1269/1031 651/1268/107 652/1270/663
f 809/1271/614 612/1272/663 808/1273/663
f 808/1273/663 612/1272/663 614/1274/663
f 877/1236/1033 1001/1237/1026 842/1275/1035
f 842/1275/1035 1001/1237/1026 979/1276/1031
f 880/1277/663 1007/1278/663 879/1234/1032
f 879/1234/1032 1007/1278/663 1009/1235/107
f 865/1279/1031 899/1280/663 887/1281/1031
f 887/1281/1031 899/1280/663 934/1282/663
f 887/1281/1031 934/1282/663 895/1283/1026
f 895/1283/1026 934/1282/663 936/1284/663
f 895/1283/1026 936/1284/663 893/1285/107
f 893/1285/107 936/1284/663 937/1286/663
f 773/1287/663 751/1256/1035 820/1288/1031
f 820/1288/1031 751/1256/1035 785/1258/564
f 781/1240/663 773/1287/663 822/1289/107
f 822/1289/107 773/1287/663 820/1288/1031
f 752/1257/107 754/1290/1026 783/1259/1034
f 783/1259/1034 754/1290/1026 800/1291/1031
f 369/1292/663 629/1293/1026 811/1294/564
f 614/1274/663 649/1295/663 808/1273/663
f 808/1273/663 649/1295/663 830/1296/564
f 830/1296/564 649/1295/663 838/1297/663
f 838/1297/663 649/1295/663 651/1268/107
f 755/1298/1026 196/1299/1028 754/1290/1026
f 754/1290/1026 196/1299/1028 198/1300/614
f 800/1291/1031 754/1290/1026 198/1300/614
f 209/1301/107 211/1302/614 798/1303/1031
f 798/1303/1031 211/1302/614 797/1304/564
f 366/1305/107 211/1302/614 364/1306/1033
f 364/1306/1033 211/1302/614 203/1307/1026
f 364/1306/1033 203/1307/1026 329/1266/1035
f 329/1266/1035 203/1307/1026 181/1265/1031
f 825/1308/663 836/1309/1026 857/1310/1031
f 857/1310/1031 836/1309/1026 855/1311/1030
f 968/1238/564 781/1240/663 822/1289/107
f 797/1304/564 211/1302/614 366/1305/107
f 184/1312/1031 344/1313/663 182/1263/1034
f 182/1263/1034 344/1313/663 327/1264/107
f 184/1312/1031 597/1314/107 344/1313/663
f 185/1315/1026 595/1316/107 184/1312/1031
f 184/1312/1031 595/1316/107 597/1314/107
f 608/1317/1035 610/1318/564 342/1319/1025
f 342/1319/1025 610/1318/564 341/1320/1031
f 342/1319/1025 344/1313/663 608/1317/1035
f 608/1317/1035 344/1313/663 597/1314/107
f 798/1303/1031 800/1291/1031 209/1301/107
f 209/1301/107 800/1291/1031 198/1300/614
f 797/1304/564 366/1305/107 812/1321/1034
f 812/1321/1034 366/1305/107 367/1322/1027
f 196/1299/1028 755/1298/1026 195/1323/1035
f 195/1323/1035 755/1298/1026 740/1324/1026
f 969/1239/1034 971/1325/107 779/1241/1033
f 779/1241/1033 971/1325/107 768/1326/1033
f 971/1325/107 954/1327/663 768/1326/1033
f 768/1326/1033 954/1327/663 766/1328/107
f 968/1238/564 822/1289/107 983/1329/1026
f 983/1329/1026 822/1289/107 823/1330/107
f 983/1329/1026 823/1330/107 982/1331/1031
f 982/1331/1031 823/1330/107 825/1308/663
f 836/1309/1026 838/1297/663 855/1311/1030
f 855/1311/1030 838/1297/663 854/1267/663
f 982/1331/1031 857/1310/1031 980/1332/1034
f 980/1332/1034 857/1310/1031 840/1333/107
f 982/1331/1031 825/1308/663 857/1310/1031
f 980/1332/1034 840/1333/107 979/1276/1031
f 979/1276/1031 840/1333/107 842/1275/1035
f 193/1334/1033 260/1335/1026 158/1251/1035
f 158/1251/1035 260/1335/1026 238/1250/1031
f 195/1323/1035 268/1336/614 193/1334/1033
f 193/1334/1033 268/1336/614 260/1335/1026
f 241/1337/1031 173/1338/107 239/1248/1034
f 239/1248/1034 173/1338/107 156/1249/107
f 540/1339/614 173/1338/107 241/1337/1031
f 540/1339/614 241/1337/1031 538/1225/107
f 538/1225/107 241/1337/1031 242/1224/1026
f 171/1340/1031 173/1338/107 551/1341/1036
f 551/1341/1036 173/1338/107 540/1339/614
f 170/1342/564 553/1343/663 594/1344/107
f 170/1342/564 171/1340/1031 553/1343/663
f 553/1343/663 171/1340/1031 551/1341/1036
f 266/1345/107 268/1336/614 741/1346/1031
f 741/1346/1031 268/1336/614 740/1324/1026
f 228/1347/107 535/1348/107 227/1222/663
f 227/1222/663 535/1348/107 537/1223/614
f 1151/1349/1034 1011/1350/107 1150/1351/564
f 1150/1351/564 1011/1350/107 1013/1352/1035
f 1037/1353/663 1068/1354/1026 1036/1355/1031
f 1036/1355/1031 1068/1354/1026 1070/1356/663
f 469/1357/663 470/1358/663 1093/1359/663
f 1093/1359/663 470/1358/663 1115/1360/663
f 1154/1361/1026 1026/1362/663 1153/1363/1037
f 1153/1363/1037 1026/1362/663 1028/1364/1026
f 1153/1363/1037 1028/1364/1026 1151/1349/1034
f 1151/1349/1034 1028/1364/1026 1011/1350/107
f 1040/1365/1031 1083/1366/1026 1039/1367/107
f 1039/1367/107 1083/1366/1026 1085/1368/663
f 1039/1367/107 1085/1368/663 1037/1353/663
f 1037/1353/663 1085/1368/663 1068/1354/1026
f 513/1228/1031 1162/1229/663 512/1369/1031
f 512/1369/1031 1162/1229/663 1164/1370/564
f 527/1371/1025 1165/1372/1027 526/1373/1026
f 526/1373/1026 1165/1372/1027 1167/1374/614
f 512/1369/1031 1164/1370/564 527/1371/1025
f 527/1371/1025 1164/1370/564 1165/1372/1027
f 523/1375/1035 524/1376/107 557/1377/564
f 557/1377/564 524/1376/107 555/1378/1034
f 526/1373/1026 1167/1374/614 572/1379/1031
f 570/1380/1026 572/1379/1031 1178/1381/107
f 1178/1381/107 572/1379/1031 1167/1374/614
f 524/1376/107 526/1373/1026 555/1378/1034
f 555/1378/1034 526/1373/1026 572/1379/1031
f 569/1382/1026 570/1380/1026 1180/1383/107
f 1180/1383/107 570/1380/1026 1178/1381/107
f 1172/1384/1031 1048/1385/663 1180/1383/107
f 1180/1383/107 1048/1385/663 1050/1386/1026
f 1180/1383/107 1050/1386/1026 569/1382/1026
f 545/1387/663 523/1375/1035 592/1388/1031
f 592/1388/1031 523/1375/1035 557/1377/564
f 553/1343/663 545/1387/663 594/1344/107
f 594/1344/107 545/1387/663 592/1388/1031
f 170/1342/564 594/1344/107 185/1315/1026
f 185/1315/1026 594/1344/107 595/1316/107
f 740/1324/1026 268/1336/614 195/1323/1035
f 253/1389/663 255/1390/663 726/1391/107
f 726/1391/107 255/1390/663 743/1392/663
f 255/1390/663 266/1345/107 743/1392/663
f 743/1392/663 266/1345/107 741/1346/1031
f 765/1393/1026 766/1328/107 956/1394/663
f 956/1394/663 766/1328/107 954/1327/663
f 602/1395/564 421/1396/663 610/1318/564
f 610/1318/564 421/1396/663 423/1397/1026
f 423/1397/1026 341/1320/1031 610/1318/564
f 812/1321/1034 367/1322/1027 811/1294/564
f 811/1294/564 367/1322/1027 369/1292/663
f 629/1293/1026 612/1272/663 811/1294/564
f 811/1294/564 612/1272/663 809/1271/614
f 583/1398/564 401/1399/1026 581/1252/107
f 581/1252/107 401/1399/1026 384/1253/663
f 584/1400/1034 1051/1401/1027 583/1398/564
f 583/1398/564 1051/1401/1027 1053/1402/107
f 399/1403/663 401/1399/1026 1064/1404/1035
f 1064/1404/1035 401/1399/1026 1053/1402/107
f 1053/1402/107 401/1399/1026 583/1398/564
f 569/1382/1026 1050/1386/1026 584/1400/1034
f 584/1400/1034 1050/1386/1026 1051/1401/1027
f 838/1297/663 651/1268/107 854/1267/663
f 868/1405/107 654/1406/614 914/1407/614
f 869/1269/1031 652/1270/663 868/1405/107
f 868/1405/107 652/1270/663 654/1406/614
f 659/1408/663 706/1409/107 667/1410/663
f 667/1410/663 706/1409/107 708/1231/1026
f 708/1231/1026 911/1230/1031 667/1410/663
f 309/1411/564 626/1412/564 382/1413/663
f 684/1414/663 686/1246/1026 323/1415/1035
f 323/1415/1035 686/1246/1026 312/1245/663
f 638/1416/663 669/1417/1026 637/1418/663
f 637/1418/663 669/1417/1026 671/1419/663
f 439/1420/663 431/1421/663 1185/1422/663
f 1185/1422/663 431/1421/663 1184/1220/663
f 431/1421/663 409/1423/663 1184/1220/663
f 480/1424/1026 1185/1422/663 478/1425/564
f 1185/1422/663 1184/1220/663 478/1425/564
f 1184/1220/663 443/1221/663 478/1425/564
f 1185/1422/663 480/1424/1026 284/1426/1031
f 284/1426/1031 439/1420/663 1185/1422/663
f 412/1427/107 1183/1219/663 410/1428/564
f 1183/1219/663 1184/1220/663 410/1428/564
f 1184/1220/663 409/1423/663 410/1428/564
f 412/1427/107 1110/1429/1035 1183/1219/663
f 456/1430/663 458/1217/663 1121/1431/663
f 1121/1431/663 458/1217/663 1110/1429/1035
f 1110/1429/1035 458/1217/663 1183/1219/663
f 341/1320/1031 423/1397/1026 356/1432/1031
f 356/1432/1031 423/1397/1026 424/1433/663
f 426/1261/614 437/1434/1036 287/1262/614
f 287/1262/614 437/1434/1036 285/1435/1031
f 353/1436/663 270/1437/1026 352/1438/564
f 352/1438/564 270/1437/1026 272/1439/614
f 309/1411/564 382/1413/663 307/1440/663
f 307/1440/663 382/1413/663 374/1441/107
f 312/1245/663 640/1247/564 310/1442/1027
f 310/1442/1027 640/1247/564 641/1443/1030
f 626/1412/564 627/1444/663 382/1413/663
f 382/1413/663 627/1444/663 380/1445/1035
f 654/1406/614 665/1446/1036 914/1407/614
f 914/1407/614 665/1446/1036 912/1447/1034
f 866/1448/663 897/1449/1026 865/1279/1031
f 865/1279/1031 897/1449/1026 899/1280/663
f 868/1405/107 914/1407/614 866/1448/663
f 866/1448/663 914/1407/614 897/1449/1026
f 665/1446/1036 667/1410/663 912/1447/1034
f 912/1447/1034 667/1410/663 911/1230/1031
f 355/1260/107 287/1262/614 353/1436/663
f 353/1436/663 287/1262/614 270/1437/1026
f 356/1432/1031 424/1433/663 355/1260/107
f 355/1260/107 424/1433/663 426/1261/614
f 307/1440/663 374/1441/107 272/1439/614
f 272/1439/614 374/1441/107 352/1438/564
f 437/1434/1036 439/1420/663 285/1435/1031
f 285/1435/1031 439/1420/663 284/1426/1031
f 310/1442/1027 641/1443/1030 309/1411/564
f 309/1411/564 641/1443/1030 626/1412/564
f 627/1444/663 629/1293/1026 380/1445/1035
f 380/1445/1035 629/1293/1026 369/1292/663
f 686/1246/1026 669/1417/1026 640/1247/564
f 640/1247/564 669/1417/1026 638/1416/663
f 671/1419/663 706/1409/107 637/1418/663
f 637/1418/663 706/1409/107 659/1408/663
f 299/1450/663 481/1451/663 298/1242/564
f 298/1242/564 481/1451/663 483/1243/614
f 296/1452/1034 99/1453/663 295/1454/1027
f 295/1454/1027 99/1453/663 101/1455/564
f 298/1242/564 116/1244/1026 296/1452/1034
f 296/1452/1034 116/1244/1026 99/1453/663
f 136/1456/107 317/1457/663 101/1455/564
f 101/1455/564 317/1457/663 295/1454/1027
f 138/1458/663 325/1459/107 136/1456/107
f 136/1456/107 325/1459/107 317/1457/663
f 284/1426/1031 480/1424/1026 299/1450/663
f 299/1450/663 480/1424/1026 481/1451/663
f 683/1460/564 684/1414/663 325/1459/107
f 325/1459/107 684/1414/663 323/1415/1035
f 138/1458/663 683/1460/564 325/1459/107
f 139/1215/1027 698/1216/1030 138/1458/663
f 138/1458/663 698/1216/1030 683/1460/564
f 697/1214/564 141/1213/1029 695/1461/107
f 695/1461/107 141/1213/1029 152/1462/663
f 128/1463/1026 113/1209/1025 488/1464/663
f 1182/1211/1027 496/1465/663 113/1209/1025
f 496/1465/663 488/1464/663 113/1209/1025
f 114/1210/1026 116/1244/1026 494/1212/1028
f 494/1212/1028 116/1244/1026 483/1243/614
f 1066/1466/614 1107/1467/614 398/1468/107
f 398/1468/107 1107/1467/614 413/1469/1031
f 413/1469/1031 1107/1467/614 1108/1470/1028
f 1058/1471/1031 1105/1472/663 1066/1466/614
f 1066/1466/614 1105/1472/663 1107/1467/614
f 1036/1355/1031 1070/1356/663 1058/1471/1031
f 1058/1471/1031 1070/1356/663 1105/1472/663
f 413/1469/1031 1108/1470/1028 412/1427/107
f 412/1427/107 1108/1470/1028 1110/1429/1035
f 398/1468/107 399/1403/663 1066/1466/614
f 1066/1466/614 399/1403/663 1064/1404/1035
f 1150/1351/564 1013/1352/1035 1172/1384/1031
f 1172/1384/1031 1013/1352/1035 1048/1385/663
f 925/1473/614 711/1474/663 923/1475/107
f 923/1475/107 711/1474/663 722/1476/1027
f 926/1232/1031 709/1233/663 925/1473/614
f 925/1473/614 709/1233/663 711/1474/663
f 1186/1477/1026 922/1478/663 722/1476/1027
f 722/1476/1027 922/1478/663 923/1475/107
f 455/1479/663 456/1430/663 1123/1480/1026
f 1123/1480/1026 456/1430/663 1121/1431/663
f 470/1358/663 455/1479/663 1115/1360/663
f 1115/1360/663 455/1479/663 1123/1480/1026
f 386/1255/663 421/1396/663 580/1254/663
f 580/1254/663 421/1396/663 602/1395/564
f 1187/1481/1038 1188/1482/1039 469/1357/663
f 469/1357/663 1188/1482/1039 467/1483/663
f 716/1484/663 1189/1485/1040 724/1486/1031
f 724/1486/1031 1189/1485/1040 1186/1477/1026
f 1189/1485/1040 1190/1487/1041 1186/1477/1026
f 1191/1488/1042 1192/1489/1043 1193/1490/1044
f 1193/1490/1044 1192/1489/1043 1194/1491/1045
f 1195/1492/1046 1191/1493/1042 1196/1494/1047
f 1196/1494/1047 1191/1493/1042 1193/1495/1044
f 1192/1489/1043 1197/1496/1048 1194/1491/1045
f 1194/1491/1045 1197/1496/1048 1198/1497/1049
f 1197/1496/1048 1199/1498/1050 1198/1497/1049
f 1198/1497/1049 1199/1498/1050 1200/1499/1051
f 1201/1500/1052 1195/1492/1046 1202/1501/1053
f 1202/1501/1053 1195/1492/1046 1196/1494/1047
f 1199/1498/1050 1203/1502/1054 1200/1499/1051
f 1200/1499/1051 1203/1502/1054 1204/1503/1055
f 1205/1504/1056 1201/1500/1052 1206/1505/1057
f 1206/1505/1057 1201/1500/1052 1202/1501/1053
f 1203/1502/1054 1207/1506/1058 1204/1503/1055
f 1204/1503/1055 1207/1506/1058 1208/1507/1059
f 1209/1508/1060 1205/1504/1056 1210/1509/1061
f 1210/1509/1061 1205/1504/1056 1206/1505/1057
f 1207/1506/1058 1211/1510/1062 1208/1507/1059
f 1208/1507/1059 1211/1510/1062 1212/1511/1063
f 1213/1512/1064 1209/1508/1060 1214/1513/1065
f 1214/1513/1065 1209/1508/1060 1210/1509/1061
f 1215/1514/1066 1213/1512/1064 1216/1515/1067
f 1216/1515/1067 1213/1512/1064 1214/1513/1065
f 1211/1510/1062 1217/1516/1068 1212/1511/1063
f 1212/1511/1063 1217/1516/1068 1218/1517/1069
f 1219/1518/1070 1215/1514/1066 1220/1519/1071
f 1220/1519/1071 1215/1514/1066 1216/1515/1067
f 1217/1516/1068 1221/1520/1072 1218/1517/1069
f 1218/1517/1069 1221/1520/1072 1222/1521/1073
f 1223/1522/1074 1219/1518/1070 1224/1523/1075
f 1224/1523/1075 1219/1518/1070 1220/1519/1071
f 1221/1520/1072 1225/1524/1076 1222/1521/1073
f 1222/1521/1073 1225/1524/1076 1226/1525/1077
f 1227/1526/1078 1223/1522/1074 1228/1527/1079
f 1228/1527/1079 1223/1522/1074 1224/1523/1075
f 1225/1524/1076 1229/1528/1080 1226/1525/1077
f 1226/1525/1077 1229/1528/1080 1230/1529/1081
f 1229/1530/1080 1227/1526/1078 1230/1531/1081
f 1230/1531/1081 1227/1526/1078 1228/1527/1079
f 466/1532/663 467/1483/663 1231/1533/1082
f 1188/1482/1039 1231/1533/1082 467/1483/663
f 1232/1534/1083 515/1226/614 1233/1535/1084
f 1233/1535/1084 515/1226/614 498/1536/107
f 728/1537/614 763/1538/663 1234/1539/1085
f 1235/1540/1086 1234/1539/1085 763/1538/663
f 1236/1541/1087 1097/1542/663 1082/1543/1031
f 1237/1544/1088 1140/1545/663 1232/1534/1083
f 950/1546/614 1190/1487/1041 1238/1547/1089
f 1239/1548/1090 994/1549/663 996/1550/614
f 1240/1551/1091 1040/1365/1031 1025/1552/663
f 1240/1551/1091 1025/1552/663 1026/1362/663
f 215/1553/1035 250/1554/614 1241/1555/1092
f 1241/1555/1092 250/1554/614 1234/1539/1085
f 937/1286/663 1238/1547/1089 893/1285/107
f 893/1285/107 1238/1547/1089 1242/1556/1093
f 1239/1548/1090 996/1550/614 1007/1278/663
f 1007/1278/663 880/1277/663 1239/1548/1090
f 1239/1548/1090 880/1277/663 1242/1556/1093
f 1242/1556/1093 880/1277/663 882/1557/663
f 893/1285/107 1242/1556/1093 882/1557/663
f 1238/1547/1089 937/1286/663 939/1558/1027
f 950/1546/614 1238/1547/1089 939/1558/1027
f 950/1546/614 952/1559/1026 1190/1487/1041
f 944/1560/663 1190/1487/1041 952/1559/1026
f 994/1549/663 1243/1561/1094 993/1562/564
f 1243/1561/1094 991/1563/107 993/1562/564
f 1243/1561/1094 994/1549/663 1239/1548/1090
f 991/1563/107 1243/1561/1094 956/1394/663
f 956/1394/663 1243/1561/1094 765/1393/1026
f 213/1564/1026 1244/1565/1095 230/1566/564
f 1244/1565/1095 228/1347/107 230/1566/564
f 250/1554/614 252/1567/614 1234/1539/1085
f 252/1567/614 253/1389/663 1234/1539/1085
f 215/1553/1035 1241/1555/1092 213/1564/1026
f 213/1564/1026 1241/1555/1092 1244/1565/1095
f 228/1347/107 1244/1565/1095 535/1348/107
f 1244/1565/1095 500/1568/614 535/1348/107
f 500/1568/614 1244/1565/1095 498/1536/107
f 1233/1535/1084 498/1536/107 1244/1565/1095
f 694/1569/663 1245/1570/1096 716/1484/663
f 1189/1485/1040 716/1484/663 1245/1570/1096
f 1236/1541/1087 1082/1543/1031 1083/1366/1026
f 1083/1366/1026 1040/1365/1031 1236/1541/1087
f 1236/1541/1087 1040/1365/1031 1240/1551/1091
f 1097/1542/663 1187/1481/1038 1096/1571/1035
f 1187/1481/1038 1094/1572/663 1096/1571/1035
f 1187/1481/1038 1097/1542/663 1236/1541/1087
f 1237/1544/1088 1154/1361/1026 1139/1573/663
f 1237/1544/1088 1139/1573/663 1140/1545/663
f 1240/1551/1091 1026/1362/663 1237/1544/1088
f 1237/1544/1088 1026/1362/663 1154/1361/1026
f 1140/1545/663 1142/1574/1031 1232/1534/1083
f 1232/1534/1083 1142/1574/1031 1125/1575/1031
f 1232/1534/1083 1125/1575/1031 1127/1227/107
f 253/1389/663 726/1391/107 1234/1539/1085
f 728/1537/614 1234/1539/1085 726/1391/107
f 1243/1561/1094 1235/1540/1086 765/1393/1026
f 765/1393/1026 1235/1540/1086 763/1538/663
f 1127/1227/107 515/1226/614 1232/1534/1083
f 152/1462/663 1245/1570/1096 695/1461/107
f 695/1461/107 1245/1570/1096 694/1569/663
f 1231/1533/1082 1246/1576/1097 125/1577/1026
f 125/1577/1026 1246/1576/1097 124/1578/1026
f 1186/1477/1026 1190/1487/1041 922/1478/663
f 922/1478/663 1190/1487/1041 944/1560/663
f 1093/1359/663 1094/1572/663 1187/1481/1038
f 1093/1359/663 1187/1481/1038 469/1357/663
f 125/1577/1026 127/1579/663 1231/1533/1082
f 128/1463/1026 1231/1533/1082 127/1579/663
f 1245/1570/1096 146/1580/107 1246/1576/1097
f 1246/1576/1097 146/1580/107 124/1578/1026
f 128/1463/1026 488/1464/663 1231/1533/1082
f 488/1464/663 466/1532/663 1231/1533/1082
f 146/1580/107 1245/1570/1096 154/1581/1026
f 1245/1570/1096 152/1462/663 154/1581/1026
f 1194/1491/1045 1247/1582/1098 1193/1490/1044
f 1193/1490/1044 1247/1582/1098 1248/1583/1099
f 1247/1584/1098 1188/1482/1039 1248/1585/1099
f 1248/1585/1099 1188/1482/1039 1187/1481/1038
f 1193/1495/1044 1248/1586/1099 1196/1494/1047
f 1196/1494/1047 1248/1586/1099 1249/1587/1100
f 1248/1585/1099 1187/1481/1038 1249/1588/1100
f 1249/1588/1100 1187/1481/1038 1236/1541/1087
f 1188/1482/1039 1247/1584/1098 1231/1533/1082
f 1231/1533/1082 1247/1584/1098 1250/1589/1101
f 1247/1582/1098 1194/1491/1045 1250/1590/1101
f 1250/1590/1101 1194/1491/1045 1198/1497/1049
f 1208/1507/1059 1251/1591/1102 1204/1503/1055
f 1204/1503/1055 1251/1591/1102 1252/1592/1103
f 1251/1593/1102 1189/1485/1040 1252/1594/1103
f 1252/1594/1103 1189/1485/1040 1245/1570/1096
f 1204/1503/1055 1252/1592/1103 1200/1499/1051
f 1200/1499/1051 1252/1592/1103 1253/1595/1104
f 1252/1594/1103 1245/1570/1096 1253/1596/1104
f 1253/1596/1104 1245/1570/1096 1246/1576/1097
f 1210/1509/1061 1254/1597/1105 1214/1513/1065
f 1214/1513/1065 1254/1597/1105 1255/1598/1106
f 1254/1599/1105 1232/1534/1083 1255/1600/1106
f 1255/1600/1106 1232/1534/1083 1233/1535/1084
f 1214/1513/1065 1255/1598/1106 1216/1515/1067
f 1216/1515/1067 1255/1598/1106 1256/1601/1107
f 1255/1600/1106 1233/1535/1084 1256/1602/1107
f 1256/1602/1107 1233/1535/1084 1244/1565/1095
f 1251/1593/1102 1257/1603/1108 1189/1485/1040
f 1189/1485/1040 1257/1603/1108 1190/1487/1041
f 1251/1591/1102 1208/1507/1059 1257/1604/1108
f 1257/1604/1108 1208/1507/1059 1212/1511/1063
f 1216/1515/1067 1256/1601/1107 1220/1519/1071
f 1220/1519/1071 1256/1601/1107 1258/1605/1109
f 1256/1602/1107 1244/1565/1095 1258/1606/1109
f 1258/1606/1109 1244/1565/1095 1241/1555/1092
f 1224/1523/1075 1259/1607/1110 1228/1527/1079
f 1228/1527/1079 1259/1607/1110 1260/1608/1111
f 1259/1609/1110 1234/1539/1085 1260/1610/1111
f 1260/1610/1111 1234/1539/1085 1235/1540/1086
f 1228/1527/1079 1260/1608/1111 1230/1531/1081
f 1230/1531/1081 1260/1608/1111 1261/1611/1112
f 1260/1610/1111 1235/1540/1086 1261/1612/1112
f 1261/1612/1112 1235/1540/1086 1243/1561/1094
f 1230/1529/1081 1261/1613/1112 1226/1525/1077
f 1226/1525/1077 1261/1613/1112 1262/1614/1113
f 1261/1612/1112 1243/1561/1094 1262/1615/1113
f 1262/1615/1113 1243/1561/1094 1239/1548/1090
f 1196/1494/1047 1249/1587/1100 1202/1501/1053
f 1202/1501/1053 1249/1587/1100 1263/1616/1114
f 1249/1588/1100 1236/1541/1087 1263/1617/1114
f 1263/1617/1114 1236/1541/1087 1240/1551/1091
f 1231/1533/1082 1250/1589/1101 1246/1576/1097
f 1246/1576/1097 1250/1589/1101 1253/1596/1104
f 1250/1590/1101 1198/1497/1049 1253/1595/1104
f 1253/1595/1104 1198/1497/1049 1200/1499/1051
f 1202/1501/1053 1263/1616/1114 1206/1505/1057
f 1206/1505/1057 1263/1616/1114 1264/1618/1115
f 1263/1617/1114 1240/1551/1091 1264/1619/1115
f 1264/1619/1115 1240/1551/1091 1237/1544/1088
f 1232/1534/1083 1254/1599/1105 1237/1544/1088
f 1237/1544/1088 1254/1599/1105 1264/1619/1115
f 1254/1597/1105 1210/1509/1061 1264/1618/1115
f 1264/1618/1115 1210/1509/1061 1206/1505/1057
f 1190/1487/1041 1257/1603/1108 1238/1547/1089
f 1238/1547/1089 1257/1603/1108 1265/1620/1116
f 1257/1604/1108 1212/1511/1063 1265/1621/1116
f 1265/1621/1116 1212/1511/1063 1218/1517/1069
f 1234/1539/1085 1259/1609/1110 1241/1555/1092
f 1241/1555/1092 1259/1609/1110 1258/1606/1109
f 1259/1607/1110 1224/1523/1075 1258/1605/1109
f 1258/1605/1109 1224/1523/1075 1220/1519/1071
f 1238/1547/1089 1265/1620/1116 1242/1556/1093
f 1242/1556/1093 1265/1620/1116 1266/1622/1117
f 1265/1621/1116 1218/1517/1069 1266/1623/1117
f 1266/1623/1117 1218/1517/1069 1222/1521/1073
f 1242/1556/1093 1266/1622/1117 1239/1548/1090
f 1239/1548/1090 1266/1622/1117 1262/1615/1113
f 1266/1623/1117 1222/1521/1073 1262/1614/1113
f 1262/1614/1113 1222/1521/1073 1226/1525/1077
s off
g Takoyaki_Pan_PowerSG
v -0.091993 0.686912 -1.39324
v -0.114815 0.6736 -1.42883
v -0.079113 0.582187 -1.36107
v -0.102974 0.568269 -1.39827
v -0.121586 0.661088 -1.4708
v -0.110056 0.555186 -1.44216
v -0.056597 0.698998 -1.36946
v -0.042103 0.594824 -1.33621
v -0.014015 0.708017 -1.36112
v 0.00242 0.604255 -1.32748
v 0.029274 0.712599 -1.36946
v 0.04768 0.609045 -1.33621
v 0.066669 0.712042 -1.39324
v 0.086784 0.608463 -1.36107
v 0.092489 0.706433 -1.42883
v 0.113777 0.602599 -1.39827
v 0.102797 0.696626 -1.4708
v 0.124554 0.592345 -1.44216
v 0.096024 0.684114 -1.51278
v 0.117474 0.579263 -1.48605
v 0.073202 0.670802 -1.54836
v 0.093615 0.565344 -1.52326
v 0.037807 0.658717 -1.57214
v 0.056602 0.552707 -1.54812
v -0.004776 0.649697 -1.58049
v 0.012077 0.543276 -1.55685
v -0.048061 0.645116 -1.57214
v -0.03318 0.538486 -1.54812
v -0.085461 0.645672 -1.54836
v -0.072285 0.539069 -1.52326
v -0.111279 0.65128 -1.51278
v -0.099277 0.544933 -1.48605
v -0.100782 0.686896 -1.43861
v -0.081429 0.698189 -1.40843
v -0.106527 0.676284 -1.47421
v -0.051407 0.708438 -1.38826
v -0.015293 0.716088 -1.38118
v 0.021421 0.719973 -1.38826
v 0.053139 0.719502 -1.40843
v 0.075035 0.714743 -1.43861
v 0.083778 0.706426 -1.47421
v 0.078033 0.695817 -1.50981
v 0.058678 0.684525 -1.53999
v 0.02866 0.674276 -1.56015
v -0.007458 0.666625 -1.56724
v -0.04417 0.662741 -1.56015
v -0.07589 0.663211 -1.53999
v -0.097786 0.667969 -1.50981
v -0.110359 0.682904 -1.43362
v -0.08881 0.695474 -1.40003
v -0.055391 0.706883 -1.37758
v -0.116753 0.671091 -1.47326
v -0.015182 0.715402 -1.36969
v 0.025688 0.719725 -1.37758
v 0.060999 0.719202 -1.40003
v 0.085377 0.713906 -1.43362
v 0.095108 0.704647 -1.47326
v 0.088715 0.692834 -1.51289
v 0.067165 0.680264 -1.54649
v 0.033745 0.668852 -1.56895
v -0.006462 0.660335 -1.57682
v -0.047333 0.656011 -1.56895
v -0.082644 0.656537 -1.54649
v -0.107021 0.661832 -1.51289
vn -0.737821 0.156794 0.656534
vn -0.937922 0.040081 0.344522
vn -0.733434 0.115581 0.669863
vn -0.934134 -0.001482 0.356919
vn -0.997297 -0.069614 -0.023494
vn -0.99369 -0.1115 -0.012207
vn -0.42749 0.262752 0.864993
vn -0.422174 0.22186 0.878947
vn -0.054144 0.341852 0.938193
vn -0.0477 0.301192 0.95237
vn 0.325382 0.382005 0.864985
vn 0.332959 0.341467 0.878942
vn 0.653276 0.377123 0.656512
vn 0.661841 0.336583 0.669835
vn 0.879635 0.32794 0.344525
vn 0.888868 0.287269 0.356916
vn 0.97 0.241967 -0.023488
vn 0.979512 0.201015 -0.012201
vn 0.910623 0.132301 -0.391487
vn 0.919963 0.091005 -0.381297
vn 0.710529 0.015581 -0.703496
vn 0.719272 -0.026056 -0.69424
vn 0.400176 -0.090407 -0.911968
vn 0.407971 -0.132354 -0.903351
vn 0.026846 -0.169509 -0.985163
vn 0.033516 -0.211678 -0.976765
vn -0.352633 -0.209646 -0.911975
vn -0.347091 -0.251954 -0.903353
vn -0.680564 -0.204745 -0.7035
vn -0.676006 -0.247052 -0.694248
vn -0.906937 -0.155575 -0.391486
vn -0.903061 -0.197724 -0.381295
vn -0.156891 0.953434 -0.257584
vn -0.155627 0.954171 -0.255614
vn -0.157265 0.952741 -0.259907
vn -0.153667 0.95484 -0.254297
vn -0.15131 0.955339 -0.253836
vn -0.148913 0.955593 -0.254297
vn -0.146843 0.955562 -0.255614
vn -0.145413 0.955252 -0.257583
vn -0.144843 0.954709 -0.259907
vn -0.145219 0.954016 -0.262232
vn -0.146482 0.953279 -0.264201
vn -0.148441 0.95261 -0.265516
vn -0.150798 0.952111 -0.265979
vn -0.153195 0.951857 -0.265516
vn -0.155265 0.951888 -0.264201
vn -0.156694 0.952199 -0.262231
vn -0.710981 0.70221 0.037511
vn -0.582172 0.777338 0.238371
vn -0.382409 0.845519 0.37264
vn -0.749276 0.631512 -0.199442
vn -0.141962 0.896462 0.419764
vn 0.102379 0.922316 0.372629
vn 0.31352 0.919171 0.238389
vn 0.459305 0.887485 0.037534
vn 0.517448 0.832151 -0.199431
vn 0.479204 0.761519 -0.436409
vn 0.35038 0.686394 -0.637257
vn 0.150544 0.61816 -0.771501
vn -0.089829 0.567196 -0.818669
vn -0.334197 0.541368 -0.771513
vn -0.545352 0.544531 -0.637242
vn -0.691124 0.576117 -0.43639
vt 0.061338 0.440429
vt 0.059119 0.38122
vt 0.209398 0.435692
vt 0.206685 0.373452
vt 0.055655 0.322249
vt 0.202638 0.311309
vt 0.062609 0.499911
vt 0.210873 0.498058
vt 0.062759 0.559402
vt 0.211103 0.560497
vt 0.061733 0.618852
vt 0.210048 0.622984
vt 0.059444 0.678201
vt 0.207638 0.68547
vt 0.055936 0.737479
vt 0.203894 0.747892
vt 0.05121 0.796593
vt 0.198797 0.810172
vt 0.045214 0.855506
vt 0.192379 0.872282
vt 0.037829 0.914233
vt 0.18465 0.93424
vt 0.028668 0.973083
vt 0.175614 0.996032
vt 0.0277 0.089064
vt 0.016871 0.030974
vt 0.172708 0.064983
vt 0.161906 0.003968
vt 0.036742 0.147025
vt 0.182192 0.126212
vt 0.044361 0.205228
vt 0.190369 0.187665
vt 0.05069 0.263659
vt 0.197201 0.249383
vt 0.242365 0.103425
vt 0.269077 0.060592
vt 0.234381 0.152911
vt 0.310178 0.031211
vt 0.359385 0.019803
vt 0.409215 0.02811
vt 0.452069 0.054862
vt 0.48141 0.095936
vt 0.492802 0.145108
vt 0.484494 0.194881
vt 0.457764 0.237663
vt 0.416681 0.266956
vt 0.367511 0.278278
vt 0.317755 0.269896
vt 0.274992 0.243131
vt 0.245712 0.202065
vt 0.227913 0.097974
vt 0.257775 0.05
vt 0.043558 0.38122
vt 0.045676 0.440873
vt 0.303779 0.017076
vt 0.047005 0.500102
vt 0.040321 0.323303
vt 0.21895 0.153416
vt 0.3589 0.004294
vt 0.047174 0.559286
vt 0.41471 0.013607
vt 0.046156 0.618404
vt 0.462691 0.043575
vt 0.043884 0.677441
vt 0.495542 0.089554
vt 0.040421 0.736404
vt 0.508293 0.144625
vt 0.035732 0.795202
vt 0.498988 0.20037
vt 0.02981 0.853752
vt 0.46906 0.248277
vt 0.022597 0.912035
vt 0.423033 0.281104
vt 0.013597 0.968983
vt 0.367971 0.293762
vt 0.002025 0.035563
vt 0.012689 0.09171
vt 0.312256 0.284385
vt 0.021536 0.149202
vt 0.264372 0.254398
vt 0.029066 0.207054
vt 0.231598 0.20841
vt 0.035362 0.265132
usemtl PowerSG
f 1267/1624/1118 1268/1625/1119 1269/1626/1120
f 1269/1626/1120 1268/1625/1119 1270/1627/1121
f 1268/1625/1119 1271/1628/1122 1270/1627/1121
f 1270/1627/1121 1271/1628/1122 1272/1629/1123
f 1273/1630/1124 1267/1624/1118 1274/1631/1125
f 1274/1631/1125 1267/1624/1118 1269/1626/1120
f 1275/1632/1126 1273/1630/1124 1276/1633/1127
f 1276/1633/1127 1273/1630/1124 1274/1631/1125
f 1277/1634/1128 1275/1632/1126 1278/1635/1129
f 1278/1635/1129 1275/1632/1126 1276/1633/1127
f 1279/1636/1130 1277/1634/1128 1280/1637/1131
f 1280/1637/1131 1277/1634/1128 1278/1635/1129
f 1281/1638/1132 1279/1636/1130 1282/1639/1133
f 1282/1639/1133 1279/1636/1130 1280/1637/1131
f 1283/1640/1134 1281/1638/1132 1284/1641/1135
f 1284/1641/1135 1281/1638/1132 1282/1639/1133
f 1285/1642/1136 1283/1640/1134 1286/1643/1137
f 1286/1643/1137 1283/1640/1134 1284/1641/1135
f 1287/1644/1138 1285/1642/1136 1288/1645/1139
f 1288/1645/1139 1285/1642/1136 1286/1643/1137
f 1289/1646/1140 1287/1644/1138 1290/1647/1141
f 1290/1647/1141 1287/1644/1138 1288/1645/1139
f 1291/1648/1142 1289/1649/1140 1292/1650/1143
f 1292/1650/1143 1289/1649/1140 1290/1651/1141
f 1293/1652/1144 1291/1648/1142 1294/1653/1145
f 1294/1653/1145 1291/1648/1142 1292/1650/1143
f 1295/1654/1146 1293/1652/1144 1296/1655/1147
f 1296/1655/1147 1293/1652/1144 1294/1653/1145
f 1297/1656/1148 1295/1654/1146 1298/1657/1149
f 1298/1657/1149 1295/1654/1146 1296/1655/1147
f 1271/1628/1122 1297/1656/1148 1272/1629/1123
f 1272/1629/1123 1297/1656/1148 1298/1657/1149
f 1299/1658/1150 1300/1659/1151 1301/1660/1152
f 1300/1659/1151 1302/1661/1153 1301/1660/1152
f 1302/1661/1153 1303/1662/1154 1301/1660/1152
f 1303/1662/1154 1304/1663/1155 1301/1660/1152
f 1304/1663/1155 1305/1664/1156 1301/1660/1152
f 1305/1664/1156 1306/1665/1157 1301/1660/1152
f 1306/1665/1157 1307/1666/1158 1301/1660/1152
f 1307/1666/1158 1308/1667/1159 1301/1660/1152
f 1308/1667/1159 1309/1668/1160 1301/1660/1152
f 1309/1668/1160 1310/1669/1161 1301/1660/1152
f 1310/1669/1161 1311/1670/1162 1301/1660/1152
f 1311/1670/1162 1312/1671/1163 1301/1660/1152
f 1312/1671/1163 1313/1672/1164 1301/1660/1152
f 1313/1672/1164 1314/1673/1165 1301/1660/1152
f 1299/1658/1150 1315/1674/1166 1300/1659/1151
f 1300/1659/1151 1315/1674/1166 1316/1675/1167
f 1315/1676/1166 1268/1625/1119 1316/1677/1167
f 1316/1677/1167 1268/1625/1119 1267/1624/1118
f 1300/1659/1151 1316/1675/1167 1302/1661/1153
f 1302/1661/1153 1316/1675/1167 1317/1678/1168
f 1316/1677/1167 1267/1624/1118 1317/1679/1168
f 1317/1679/1168 1267/1624/1118 1273/1630/1124
f 1268/1625/1119 1315/1676/1166 1271/1628/1122
f 1271/1628/1122 1315/1676/1166 1318/1680/1169
f 1315/1674/1166 1299/1658/1150 1318/1681/1169
f 1318/1681/1169 1299/1658/1150 1301/1660/1152
f 1302/1661/1153 1317/1678/1168 1303/1662/1154
f 1303/1662/1154 1317/1678/1168 1319/1682/1170
f 1317/1679/1168 1273/1630/1124 1319/1683/1170
f 1319/1683/1170 1273/1630/1124 1275/1632/1126
f 1303/1662/1154 1319/1682/1170 1304/1663/1155
f 1304/1663/1155 1319/1682/1170 1320/1684/1171
f 1319/1683/1170 1275/1632/1126 1320/1685/1171
f 1320/1685/1171 1275/1632/1126 1277/1634/1128
f 1304/1663/1155 1320/1684/1171 1305/1664/1156
f 1305/1664/1156 1320/1684/1171 1321/1686/1172
f 1320/1685/1171 1277/1634/1128 1321/1687/1172
f 1321/1687/1172 1277/1634/1128 1279/1636/1130
f 1305/1664/1156 1321/1686/1172 1306/1665/1157
f 1306/1665/1157 1321/1686/1172 1322/1688/1173
f 1321/1687/1172 1279/1636/1130 1322/1689/1173
f 1322/1689/1173 1279/1636/1130 1281/1638/1132
f 1306/1665/1157 1322/1688/1173 1307/1666/1158
f 1307/1666/1158 1322/1688/1173 1323/1690/1174
f 1322/1689/1173 1281/1638/1132 1323/1691/1174
f 1323/1691/1174 1281/1638/1132 1283/1640/1134
f 1307/1666/1158 1323/1690/1174 1308/1667/1159
f 1308/1667/1159 1323/1690/1174 1324/1692/1175
f 1323/1691/1174 1283/1640/1134 1324/1693/1175
f 1324/1693/1175 1283/1640/1134 1285/1642/1136
f 1308/1667/1159 1324/1692/1175 1309/1668/1160
f 1309/1668/1160 1324/1692/1175 1325/1694/1176
f 1324/1693/1175 1285/1642/1136 1325/1695/1176
f 1325/1695/1176 1285/1642/1136 1287/1644/1138
f 1309/1668/1160 1325/1694/1176 1310/1669/1161
f 1310/1669/1161 1325/1694/1176 1326/1696/1177
f 1325/1695/1176 1287/1644/1138 1326/1697/1177
f 1326/1697/1177 1287/1644/1138 1289/1646/1140
f 1310/1669/1161 1326/1696/1177 1311/1670/1162
f 1311/1670/1162 1326/1696/1177 1327/1698/1178
f 1326/1699/1177 1289/1649/1140 1327/1700/1178
f 1327/1700/1178 1289/1649/1140 1291/1648/1142
f 1311/1670/1162 1327/1698/1178 1312/1671/1163
f 1312/1671/1163 1327/1698/1178 1328/1701/1179
f 1327/1700/1178 1291/1648/1142 1328/1702/1179
f 1328/1702/1179 1291/1648/1142 1293/1652/1144
f 1312/1671/1163 1328/1701/1179 1313/1672/1164
f 1313/1672/1164 1328/1701/1179 1329/1703/1180
f 1328/1702/1179 1293/1652/1144 1329/1704/1180
f 1329/1704/1180 1293/1652/1144 1295/1654/1146
f 1313/1672/1164 1329/1703/1180 1314/1673/1165
f 1314/1673/1165 1329/1703/1180 1330/1705/1181
f 1329/1704/1180 1295/1654/1146 1330/1706/1181
f 1330/1706/1181 1295/1654/1146 1297/1656/1148
f 1271/1628/1122 1318/1680/1169 1297/1656/1148
f 1297/1656/1148 1318/1680/1169 1330/1706/1181
f 1318/1681/1169 1301/1660/1152 1330/1705/1181
f 1330/1705/1181 1301/1660/1152 1314/1673/1165
s off
g Takoyaki_Pan_UnderPowerSG
v -0.145264 0.673779 -1.40707
v -0.156521 0.657122 -1.39776
v -0.111559 0.686891 -1.35836
v -0.120171 0.671262 -1.34523
v -0.169285 0.640444 -1.45972
v -0.157103 0.658312 -1.46453
v -0.061111 0.695652 -1.32581
v -0.065773 0.680708 -1.31013
v -0.001606 0.698728 -1.31438
v -0.001606 0.684026 -1.29781
v 0.057899 0.695652 -1.32581
v 0.062561 0.680708 -1.31013
v 0.108345 0.686891 -1.35836
v 0.116961 0.671262 -1.34523
v 0.142054 0.673779 -1.40707
v 0.153309 0.657122 -1.39776
v 0.153889 0.658312 -1.46453
v 0.166073 0.640444 -1.45972
v 0.142054 0.642847 -1.52199
v 0.153309 0.623768 -1.52169
v 0.108345 0.629734 -1.5707
v 0.116961 0.609627 -1.57421
v 0.057899 0.620973 -1.60326
v 0.062561 0.600182 -1.60931
v -0.001606 0.617897 -1.61468
v -0.001606 0.596863 -1.62164
v -0.061111 0.620973 -1.60326
v -0.065773 0.600182 -1.60931
v -0.111559 0.629735 -1.5707
v -0.120171 0.609627 -1.57421
v -0.145264 0.642846 -1.52199
v -0.156521 0.623768 -1.52169
v -0.156521 0.630316 -1.39055
v -0.120171 0.644454 -1.33802
v -0.065773 0.653903 -1.30292
v -0.001606 0.657219 -1.29059
v 0.062561 0.653903 -1.30292
v 0.116961 0.644454 -1.33802
v 0.153309 0.630317 -1.39055
v 0.166073 0.613638 -1.4525
v 0.153309 0.596959 -1.51447
v 0.116961 0.582821 -1.567
v 0.062561 0.573373 -1.6021
v -0.001606 0.570055 -1.61442
v -0.065773 0.573373 -1.6021
v -0.120171 0.58282 -1.567
v -0.156521 0.596959 -1.51447
v -0.169285 0.613638 -1.4525
vn -0.017221 0.967318 -0.252981
vn -0.897028 0.327667 0.296608
vn -0.01318 0.96889 -0.247142
vn -0.686543 0.409543 0.600778
vn -0.970945 0.231079 -0.0622
vn -0.018641 0.965464 -0.259869
vn -0.007133 0.96994 -0.243239
vn -0.37156 0.464223 0.804015
vn -0 0.970309 -0.24187
vn 2e-06 0.483417 0.87539
vn 0.007133 0.96994 -0.243239
vn 0.371566 0.464204 0.804024
vn 0.013179 0.96889 -0.247142
vn 0.686553 0.409536 0.600771
vn 0.017221 0.967318 -0.25298
vn 0.897026 0.327682 0.296597
vn 0.018639 0.965464 -0.259869
vn 0.970948 0.231066 -0.062201
vn 0.017221 0.96361 -0.266757
vn 0.897033 0.134535 -0.42099
vn 0.013179 0.962039 -0.272595
vn 0.686551 0.052651 -0.725173
vn 0.007133 0.960988 -0.276498
vn 0.371576 -0.00207 -0.9284
vn -0 0.96062 -0.277866
vn 0 -0.02129 -0.999773
vn -0.007133 0.960988 -0.276498
vn -0.371584 -0.002067 -0.928397
vn -0.01318 0.962039 -0.272595
vn -0.686549 0.052664 -0.725174
vn -0.01722 0.96361 -0.266757
vn -0.897029 0.134537 -0.420997
vn -0.923867 0.099463 0.369564
vn -0.707096 0.18379 0.682815
vn -0.382688 0.240109 0.892131
vn 0 0.259885 0.96564
vn 0.38269 0.240089 0.892136
vn 0.707104 0.183766 0.682813
vn 0.923873 0.099458 0.369548
vn 1 -4.6e-05 -4e-06
vn 0.923873 -0.099472 -0.369546
vn 0.70709 -0.183736 -0.682835
vn 0.38269 -0.240068 -0.892141
vn 1e-06 -0.25986 -0.965646
vn -0.382696 -0.240079 -0.892136
vn -0.707088 -0.183746 -0.682835
vn -0.92387 -0.099432 -0.369563
vn -1 1e-06 -2e-06
vt 0.048172 0.693092
vt 0.028806 0.693092
vt 0.048172 0.62824
vt 0.028806 0.62824
vt 0.028806 0.751353
vt 0.048172 0.751353
vt 0.048172 0.557342
vt 0.028806 0.557342
vt 0.048172 0.484001
vt 0.028806 0.484001
vt 0.048172 0.409651
vt 0.028806 0.409651
vt 0.048172 0.337149
vt 0.028806 0.337149
vt 0.048172 0.265307
vt 0.028806 0.265307
vt 0.048172 0.196723
vt 0.028806 0.196723
vt 0.048172 0.132176
vt 0.028806 0.132176
vt 0.048172 0.068114
vt 0.028806 0.068114
vt 0.048172 0.005018
vt 0.028806 0.005018
vt 0.048172 0.996032
vt 0.028806 0.996032
vt 0.048172 0.947628
vt 0.028806 0.947628
vt 0.048172 0.899739
vt 0.028806 0.899739
vt 0.048172 0.8524
vt 0.028806 0.8524
vt 0.048172 0.80371
vt 0.028806 0.80371
vt 0.001403 0.693092
vt 0.001403 0.62824
vt 0.001403 0.557342
vt 0.001403 0.484001
vt 0.001403 0.409651
vt 0.001403 0.337149
vt 0.001403 0.265307
vt 0.001403 0.196723
vt 0.001403 0.132176
vt 0.001403 0.068114
vt 0.001403 0.005018
vt 0.001403 0.996032
vt 0.001403 0.947628
vt 0.001403 0.899739
vt 0.001403 0.8524
vt 0.001403 0.80371
vt 0.001403 0.751353
vt 0.145459 0.287421
vt 0.098028 0.254602
vt 0.201843 0.299595
vt 0.066764 0.206125
vt 0.056433 0.149376
vt 0.068604 0.092994
vt 0.101428 0.045561
vt 0.149901 0.014298
vt 0.206652 0.003968
vt 0.263035 0.016139
vt 0.310465 0.048962
vt 0.341731 0.097437
vt 0.35206 0.154185
vt 0.33989 0.210568
vt 0.307065 0.258002
vt 0.258592 0.289261
usemtl UnderPowerSG
f 1331/1707/1182 1332/1708/1183 1333/1709/1184
f 1333/1709/1184 1332/1708/1183 1334/1710/1185
f 1332/1708/1183 1331/1707/1182 1335/1711/1186
f 1335/1711/1186 1331/1707/1182 1336/1712/1187
f 1333/1709/1184 1334/1710/1185 1337/1713/1188
f 1337/1713/1188 1334/1710/1185 1338/1714/1189
f 1337/1713/1188 1338/1714/1189 1339/1715/1190
f 1339/1715/1190 1338/1714/1189 1340/1716/1191
f 1339/1715/1190 1340/1716/1191 1341/1717/1192
f 1341/1717/1192 1340/1716/1191 1342/1718/1193
f 1341/1717/1192 1342/1718/1193 1343/1719/1194
f 1343/1719/1194 1342/1718/1193 1344/1720/1195
f 1343/1719/1194 1344/1720/1195 1345/1721/1196
f 1345/1721/1196 1344/1720/1195 1346/1722/1197
f 1345/1721/1196 1346/1722/1197 1347/1723/1198
f 1347/1723/1198 1346/1722/1197 1348/1724/1199
f 1347/1723/1198 1348/1724/1199 1349/1725/1200
f 1349/1725/1200 1348/1724/1199 1350/1726/1201
f 1349/1725/1200 1350/1726/1201 1351/1727/1202
f 1351/1727/1202 1350/1726/1201 1352/1728/1203
f 1351/1727/1202 1352/1728/1203 1353/1729/1204
f 1353/1729/1204 1352/1728/1203 1354/1730/1205
f 1353/1731/1204 1354/1732/1205 1355/1733/1206
f 1355/1733/1206 1354/1732/1205 1356/1734/1207
f 1355/1733/1206 1356/1734/1207 1357/1735/1208
f 1357/1735/1208 1356/1734/1207 1358/1736/1209
f 1357/1735/1208 1358/1736/1209 1359/1737/1210
f 1359/1737/1210 1358/1736/1209 1360/1738/1211
f 1359/1737/1210 1360/1738/1211 1361/1739/1212
f 1361/1739/1212 1360/1738/1211 1362/1740/1213
f 1361/1739/1212 1362/1740/1213 1336/1712/1187
f 1336/1712/1187 1362/1740/1213 1335/1711/1186
f 1363/1741/1214 1364/1742/1215 1332/1708/1183
f 1332/1708/1183 1364/1742/1215 1334/1710/1185
f 1364/1742/1215 1365/1743/1216 1334/1710/1185
f 1334/1710/1185 1365/1743/1216 1338/1714/1189
f 1365/1743/1216 1366/1744/1217 1338/1714/1189
f 1338/1714/1189 1366/1744/1217 1340/1716/1191
f 1366/1744/1217 1367/1745/1218 1340/1716/1191
f 1340/1716/1191 1367/1745/1218 1342/1718/1193
f 1367/1745/1218 1368/1746/1219 1342/1718/1193
f 1342/1718/1193 1368/1746/1219 1344/1720/1195
f 1368/1746/1219 1369/1747/1220 1344/1720/1195
f 1344/1720/1195 1369/1747/1220 1346/1722/1197
f 1369/1747/1220 1370/1748/1221 1346/1722/1197
f 1346/1722/1197 1370/1748/1221 1348/1724/1199
f 1370/1748/1221 1371/1749/1222 1348/1724/1199
f 1348/1724/1199 1371/1749/1222 1350/1726/1201
f 1371/1749/1222 1372/1750/1223 1350/1726/1201
f 1350/1726/1201 1372/1750/1223 1352/1728/1203
f 1372/1750/1223 1373/1751/1224 1352/1728/1203
f 1352/1728/1203 1373/1751/1224 1354/1730/1205
f 1373/1752/1224 1374/1753/1225 1354/1732/1205
f 1354/1732/1205 1374/1753/1225 1356/1734/1207
f 1374/1753/1225 1375/1754/1226 1356/1734/1207
f 1356/1734/1207 1375/1754/1226 1358/1736/1209
f 1375/1754/1226 1376/1755/1227 1358/1736/1209
f 1358/1736/1209 1376/1755/1227 1360/1738/1211
f 1376/1755/1227 1377/1756/1228 1360/1738/1211
f 1360/1738/1211 1377/1756/1228 1362/1740/1213
f 1377/1756/1228 1378/1757/1229 1362/1740/1213
f 1362/1740/1213 1378/1757/1229 1335/1711/1186
f 1378/1757/1229 1363/1741/1214 1335/1711/1186
f 1335/1711/1186 1363/1741/1214 1332/1708/1183
f 1331/1758/1182 1333/1759/1184 1336/1760/1187
f 1333/1759/1184 1337/1761/1188 1336/1760/1187
f 1337/1761/1188 1339/1762/1190 1336/1760/1187
f 1339/1762/1190 1341/1763/1192 1336/1760/1187
f 1341/1763/1192 1343/1764/1194 1336/1760/1187
f 1343/1764/1194 1345/1765/1196 1336/1760/1187
f 1345/1765/1196 1347/1766/1198 1336/1760/1187
f 1347/1766/1198 1349/1767/1200 1336/1760/1187
f 1349/1767/1200 1351/1768/1202 1336/1760/1187
f 1351/1768/1202 1353/1769/1204 1336/1760/1187
f 1353/1769/1204 1355/1770/1206 1336/1760/1187
f 1355/1770/1206 1357/1771/1208 1336/1760/1187
f 1357/1771/1208 1359/1772/1210 1336/1760/1187
f 1359/1772/1210 1361/1773/1212 1336/1760/1187
s off
g Takoyaki_Pan_MainSG
v -1.80238 0.298526 0.449779
v -1.75975 0.388283 0.439021
v -1.82297 0.297162 0.327594
v -1.77077 0.398363 0.325496
v -1.8287 0.297057 0.199903
v -1.77505 0.401666 0.199903
v -1.71203 0.480432 0.323533
v -1.71569 0.487779 0.199903
v -1.70575 0.453475 0.443726
v -1.75975 0.388283 -0.039209
v -1.77077 0.398363 0.074311
v -1.70575 0.453475 -0.043912
v -1.71204 0.480432 0.076274
v -1.82297 0.297162 0.072213
v -1.80238 0.298526 -0.04997
v 0 0.606222 1.70745
v -0.23727 0.606222 1.68878
v 0 0.495724 1.7609
v -0.245682 0.495724 1.74156
v 0 0.358446 1.81264
v -0.253824 0.358446 1.79266
v -0.485352 0.495724 1.6845
v -0.501436 0.358446 1.73371
v -0.468735 0.606222 1.63367
v -0.219856 0.693995 1.57948
v -0.22863 0.675083 1.63453
v 0 0.693995 1.59679
v 0 0.675083 1.65252
v -0.434326 0.693995 1.52842
v -0.451656 0.675083 1.58143
v -0.688583 0.606222 1.54304
v -0.712994 0.495724 1.59066
v -0.736626 0.358447 1.63675
v -0.923187 0.495724 1.46278
v -0.953785 0.358448 1.50463
v -0.891579 0.606222 1.41954
v -0.663494 0.675083 1.4941
v -0.638033 0.693995 1.44444
v -0.826132 0.693995 1.33001
v -0.859093 0.675083 1.3751
v -1.07249 0.606222 1.26582
v -1.11051 0.495724 1.30361
v -1.14731 0.358451 1.34019
v -1.27226 0.495579 1.11744
v -1.31512 0.358299 1.14899
v -1.22755 0.606185 1.08602
v -1.03341 0.675083 1.22699
v -0.993759 0.693995 1.18757
v -1.13707 0.693995 1.02097
v -1.18244 0.675083 1.05373
v -1.35301 0.606077 0.884263
v -1.40574 0.495144 0.908525
v -1.4551 0.357837 0.93658
v -1.50123 0.496348 0.723125
v -1.59138 0.350698 0.708746
v -1.45633 0.610159 0.652682
v -1.30217 0.675083 0.859329
v -1.25221 0.693995 0.834028
v -1.3367 0.693995 0.631564
v -1.39004 0.675083 0.648788
v -1.49763 0.62876 0.419314
v -1.5364 0.559299 0.524989
v -1.54946 0.585879 0.378459
v -1.5979 0.510793 0.466797
v -1.60819 0.544107 0.336777
v -1.56243 0.591269 0.199903
v -1.61631 0.553227 0.199903
v -1.51479 0.630108 0.199903
v -1.44347 0.675083 0.427125
v -1.38808 0.693995 0.418406
v -1.4055 0.693995 0.199903
v -1.46157 0.675083 0.199903
v -1.49763 0.62876 -0.019507
v -1.54946 0.585879 0.021348
v -1.60819 0.544107 0.063032
v -1.5364 0.559299 -0.125175
v -1.5979 0.510793 -0.066988
v -1.45633 0.610159 -0.252875
v -1.38808 0.693995 -0.0186
v -1.44347 0.675083 -0.02732
v -1.3367 0.693995 -0.231755
v -1.39004 0.675083 -0.248978
v -1.35301 0.606077 -0.484453
v -1.50123 0.496348 -0.323316
v -1.40574 0.495144 -0.508718
v -1.4551 0.357833 -0.536771
v -1.59138 0.350698 -0.308934
v -1.27226 0.495579 -0.717626
v -1.31512 0.358293 -0.749178
v -1.22755 0.606185 -0.686211
v -1.25221 0.693995 -0.434214
v -1.30217 0.675083 -0.459518
v -1.13707 0.693995 -0.621162
v -1.18244 0.675083 -0.65392
v -1.07249 0.606222 -0.866013
v -1.11051 0.495724 -0.903803
v -1.14731 0.358446 -0.940381
v -0.923187 0.495724 -1.06668
v -0.953785 0.358446 -1.10575
v -0.890942 0.606222 -1.02649
v -0.993759 0.693995 -0.787766
v -1.03341 0.675083 -0.827175
v -0.815958 0.693995 -0.942329
v -0.854008 0.675083 -0.984954
v -0.686039 0.606222 -1.1703
v -0.712994 0.488028 -1.20569
v -0.736626 0.358446 -1.24065
v -0.54677 0.472463 -1.32589
v -0.564892 0.358446 -1.35553
v -0.523544 0.606222 -1.29641
v -0.59734 0.693995 -1.09316
v -0.64315 0.675083 -1.13294
v -0.373283 0.693995 -1.20488
v -0.472878 0.675083 -1.26403
v -0.143778 0.552338 -1.70133
v -0.270283 0.561963 -1.63633
v -0.113945 0.5868 -1.61562
v -0.228699 0.595212 -1.56035
v -0.00201 0.584215 -1.63257
v -0.002094 0.548999 -1.72389
v -1.66509 0.528514 0.199903
v -1.66011 0.518986 0.322884
v -1.65307 0.484915 0.446345
v -1.65307 0.484915 -0.046536
v -1.66011 0.518986 0.076925
v -1.54906 0.501117 0.607455
v -1.59952 0.447328 0.583113
v -1.70149 0.40199 0.55703
v -1.65186 0.420816 0.570784
v -1.64857 0.341578 0.672357
v -1.70247 0.309568 0.659279
v -1.70149 0.40199 -0.157219
v -1.74381 0.371255 -0.1286
v -1.76354 0.3022 -0.161142
v -1.70247 0.309568 -0.259465
v -1.64857 0.341578 -0.272547
v -1.59952 0.447328 -0.183301
v -1.65186 0.420816 -0.170972
v -1.54906 0.501117 -0.207646
v -1.76354 0.3022 0.560952
v -1.74381 0.371255 0.528412
v -1.6659 0.115679 -0.342577
v -1.59095 0.132068 -0.408956
v -1.65367 0.052572 -0.33911
v -1.57054 0.052202 -0.414166
v -1.72217 0.05286 -0.270614
v -1.73397 0.122738 -0.282251
v 0 0.124584 1.84901
v 0 0.227113 1.83939
v -0.259552 0.124586 1.82858
v -0.258034 0.227114 1.81908
v -0.512751 0.124589 1.7683
v -0.509754 0.227116 1.75915
v -0.753246 0.124592 1.66916
v -0.748842 0.227118 1.66059
v -0.975311 0.124601 1.53406
v -0.969606 0.227123 1.52628
v -1.16634 0.227135 1.35911
v -1.17323 0.12462 1.36588
v -1.34253 0.125025 1.17716
v -1.33594 0.227253 1.16813
v -1.33594 0.227228 -0.768326
v -1.47526 0.227561 -0.562607
v -1.59751 0.236415 -0.384172
v -1.47875 0.126169 -0.580625
v -1.34253 0.124985 -0.777356
v -1.16635 0.227116 -0.959299
v -1.17323 0.124589 -0.966068
v -0.975313 0.124588 -1.13424
v -0.969606 0.227115 -1.12647
v -0.753246 0.124586 -1.26935
v -0.748842 0.227114 -1.26078
v -0.574261 0.227113 -1.3744
v -0.577639 0.124584 -1.38349
v -1.72732 0.205495 0.672961
v -1.66019 0.262088 0.727244
v -1.66416 0.178856 0.74116
v -1.59095 0.132072 0.808764
v -1.66591 0.115678 0.742387
v -1.73398 0.122736 0.682071
v -1.66019 0.262088 -0.32743
v -1.66416 0.178856 -0.341347
v -1.59751 0.236419 0.783982
v -1.72732 0.205495 -0.273148
v -1.47525 0.227577 0.962418
v -1.47874 0.126195 0.980431
v -1.79567 0.124473 0.580261
v -1.7822 0.209413 0.57603
v -1.83018 0.203641 0.454887
v -1.84547 0.124063 0.456123
v -1.87997 0.125253 0.199905
v -1.8723 0.124685 0.328805
v -1.86219 0.200832 0.199903
v -1.85532 0.201211 0.328665
v -1.83018 0.203641 -0.055077
v -1.85532 0.201211 0.071144
v -1.87228 0.124686 0.071005
v -1.84545 0.124065 -0.056305
v -1.7822 0.209413 -0.176223
v -1.79565 0.124475 -0.180443
v -0.256319 0.050435 1.80794
v 0 0.050434 1.82812
v -0.506363 0.050436 1.74841
v -0.743851 0.050438 1.6505
v -0.963253 0.050442 1.51697
v -1.15905 0.05045 1.35054
v -1.32699 0.0507 1.16437
v -1.46286 0.051432 0.971619
v -1.57049 0.052205 0.81392
v -1.46292 0.051422 -0.571868
v -1.32702 0.050683 -0.764585
v -1.15906 0.050437 -0.950734
v -0.963261 0.050437 -1.11716
v -0.743851 0.050435 -1.2507
v -0.570446 0.050434 -1.36372
v -1.65373 0.052572 0.738968
v -1.72237 0.052858 0.670573
v -1.78625 0.05339 0.568893
v -1.83649 0.054124 0.446922
v -1.78591 0.053392 -0.168909
v -1.83612 0.054128 -0.046974
v -1.86426 0.055025 0.323721
v -1.87246 0.055517 0.199922
v -1.86403 0.055027 0.076164
v -0.507647 0.358445 -1.4793
v -0.516068 0.227113 -1.49196
v -0.519104 0.124583 -1.48876
v -0.512642 0.050434 -1.46862
v -0.154991 0.473565 -1.76191
v -0.002106 0.470842 -1.78637
v -0.157814 0.358857 -1.79306
v 6e-06 0.358642 -1.81549
v -0.291489 0.481417 -1.69146
v -0.302078 0.359463 -1.72847
v -0.471809 0.538363 -1.42756
v -0.396606 0.498311 -1.58012
v -0.41605 0.360004 -1.62641
v -0.424309 0.227113 -1.63718
v -0.426411 0.124583 -1.63893
v -0.307228 0.227113 -1.74667
v -0.308817 0.124584 -1.75367
v -0.422298 0.050434 -1.61709
v -0.306725 0.050434 -1.7306
v 0.000423 0.227113 -1.83862
v -0.16095 0.227113 -1.81481
v -0.16222 0.124584 -1.82436
v 0 0.124584 -1.84901
v 0 0.050434 -1.82553
v -0.161179 0.050434 -1.80097
v -0.437073 0.624482 -1.39188
v -0.34613 0.653484 -1.32881
v -0.290932 0.618509 -1.46044
v -0.367455 0.582096 -1.53423
v -0.179729 0.658232 -1.34286
v -0.000908 0.660038 -1.34806
v -0.154411 0.624327 -1.47414
v -0.00161 0.626609 -1.47942
v 0 0.695976 -1.2352
v -0.181978 0.695485 -1.22767
v -1.63031 0.00054 -0.328032
v -1.55387 0.000232 -0.402678
v -1.70417 0.000165 -0.259969
v -0.25296 -0.002116 1.78575
v 0 -0.002116 1.80566
v -0.499737 -0.002059 1.72703
v -0.734116 -0.002041 1.63042
v -0.950735 -0.001956 1.49862
v -1.14418 -0.001871 1.33423
v -1.31047 -0.001741 1.1497
v -1.44573 -0.001322 0.957629
v -1.55303 -0.0012 0.799981
v -1.44656 6.2e-05 -0.5603
v -1.31126 -0.000319 -0.752379
v -1.14497 -0.00022 -0.937055
v -0.951477 -9.4e-05 -1.10166
v -0.737175 0 -1.23218
v -0.563614 0.00065 -1.34591
v -1.63127 -0.001046 0.72372
v -1.70378 -0.001058 0.657684
v -1.76617 -0.000972 0.558304
v -1.81482 -0.000825 0.439418
v -1.76614 -0.000205 -0.160369
v -1.81457 -0.000383 -0.041427
v -1.84158 -0.000542 0.319428
v -1.84943 -0.000324 0.198947
v -1.84138 -0.000346 0.078514
v -0.500153 -0.005182 -1.43238
v -0.157669 -0.011954 -1.75828
v 0 -0.012469 -1.78252
v -0.299692 -0.010478 -1.6888
v -0.410366 -0.00804 -1.57809
v 1.80238 0.298526 0.449779
v 1.82297 0.297162 0.327594
v 1.75974 0.388283 0.439021
v 1.77076 0.398363 0.325496
v 1.8287 0.297057 0.199903
v 1.77505 0.401666 0.199903
v 1.71203 0.480432 0.323533
v 1.71568 0.487779 0.199903
v 1.70575 0.453475 0.443726
v 1.71203 0.480432 0.076274
v 1.77076 0.398363 0.074311
v 1.70575 0.453475 -0.043912
v 1.75974 0.388283 -0.039209
v 1.82297 0.297162 0.072213
v 1.80238 0.298526 -0.04997
v 0.23727 0.606222 1.68878
v 0.245682 0.495724 1.74156
v 0.253822 0.358446 1.79266
v 0.485348 0.495724 1.6845
v 0.501434 0.358446 1.73371
v 0.468733 0.606222 1.63367
v 0.219854 0.693995 1.57948
v 0.228628 0.675083 1.63453
v 0.434324 0.693995 1.52842
v 0.451653 0.675083 1.58143
v 0.68858 0.606222 1.54304
v 0.712994 0.495724 1.59066
v 0.736622 0.358447 1.63675
v 0.923183 0.495724 1.46278
v 0.953781 0.358448 1.50463
v 0.891575 0.606222 1.41954
v 0.638031 0.693995 1.44444
v 0.663494 0.675083 1.4941
v 0.82613 0.693995 1.33001
v 0.859091 0.675083 1.3751
v 1.07248 0.606222 1.26582
v 1.1105 0.495724 1.30361
v 1.14731 0.358451 1.34019
v 1.27225 0.495579 1.11744
v 1.31512 0.358299 1.14899
v 1.22755 0.606185 1.08602
v 0.993757 0.693995 1.18757
v 1.03341 0.675083 1.22699
v 1.13707 0.693995 1.02097
v 1.18244 0.675083 1.05373
v 1.35301 0.606077 0.884263
v 1.40573 0.495144 0.908525
v 1.4551 0.357837 0.93658
v 1.50123 0.496348 0.723125
v 1.59138 0.350698 0.708746
v 1.45633 0.610159 0.652682
v 1.25221 0.693995 0.834028
v 1.30217 0.675083 0.859329
v 1.3367 0.693995 0.631564
v 1.39004 0.675083 0.648788
v 1.5364 0.559299 0.524989
v 1.49762 0.62876 0.419314
v 1.54946 0.585879 0.378459
v 1.5979 0.510793 0.466797
v 1.60819 0.544107 0.336777
v 1.56243 0.591269 0.199903
v 1.61631 0.553227 0.199903
v 1.51479 0.630108 0.199903
v 1.38808 0.693995 0.418406
v 1.44347 0.675083 0.427125
v 1.40549 0.693995 0.199903
v 1.46157 0.675083 0.199903
v 1.54946 0.585879 0.021348
v 1.49762 0.62876 -0.019507
v 1.60819 0.544107 0.063032
v 1.5979 0.510793 -0.066988
v 1.5364 0.559299 -0.125175
v 1.45633 0.610159 -0.252875
v 1.38808 0.693995 -0.0186
v 1.44347 0.675083 -0.02732
v 1.39004 0.675083 -0.248978
v 1.3367 0.693995 -0.231755
v 1.50123 0.496348 -0.323316
v 1.35301 0.606077 -0.484453
v 1.40573 0.495144 -0.508718
v 1.59138 0.350698 -0.308934
v 1.4551 0.357833 -0.536771
v 1.31512 0.358293 -0.749178
v 1.27225 0.495579 -0.717626
v 1.22755 0.606185 -0.686211
v 1.25221 0.693995 -0.434214
v 1.30217 0.675083 -0.459518
v 1.18244 0.675083 -0.65392
v 1.13707 0.693995 -0.621162
v 1.1105 0.495724 -0.903803
v 1.07248 0.606222 -0.866013
v 1.14731 0.358446 -0.940381
v 0.953781 0.358446 -1.10575
v 0.923183 0.495724 -1.06668
v 0.890938 0.606222 -1.02649
v 0.993757 0.693995 -0.787766
v 1.03341 0.675083 -0.827175
v 0.854004 0.675083 -0.984954
v 0.815956 0.693995 -0.942329
v 0.712994 0.488028 -1.20569
v 0.686035 0.606222 -1.1703
v 0.736622 0.358446 -1.24065
v 0.546768 0.472463 -1.32589
v 0.564888 0.358446 -1.35553
v 0.52354 0.606222 -1.29641
v 0.597336 0.693995 -1.09316
v 0.643147 0.675083 -1.13294
v 0.472876 0.675083 -1.26403
v 0.373283 0.693995 -1.20488
v 0.224928 0.595195 -1.56033
v 0.266205 0.561988 -1.63622
v 0.10994 0.586788 -1.61561
v 0.139591 0.552356 -1.70125
v 1.66011 0.518986 0.322884
v 1.66508 0.528514 0.199903
v 1.65307 0.484915 0.446345
v 1.65307 0.484915 -0.046536
v 1.66011 0.518986 0.076925
v 1.54906 0.501117 0.607455
v 1.59952 0.447328 0.583113
v 1.65186 0.420816 0.570784
v 1.70149 0.40199 0.55703
v 1.64857 0.341578 0.672357
v 1.70247 0.309568 0.659279
v 1.74381 0.371255 -0.1286
v 1.70149 0.40199 -0.157219
v 1.76354 0.3022 -0.161142
v 1.70247 0.309568 -0.259465
v 1.59952 0.447328 -0.183301
v 1.64857 0.341578 -0.272547
v 1.65186 0.420816 -0.170972
v 1.54906 0.501117 -0.207646
v 1.76354 0.3022 0.560952
v 1.74381 0.371255 0.528412
v 1.57054 0.052202 -0.414166
v 1.59095 0.132068 -0.408956
v 1.65367 0.052572 -0.33911
v 1.6659 0.115679 -0.342577
v 1.72217 0.05286 -0.270614
v 1.73396 0.122738 -0.282251
v 0.259548 0.124586 1.82858
v 0.258032 0.227114 1.81908
v 0.512749 0.124589 1.7683
v 0.50975 0.227116 1.75915
v 0.753246 0.124592 1.66916
v 0.74884 0.227118 1.66059
v 0.975311 0.124601 1.53406
v 0.969604 0.227123 1.52628
v 1.17323 0.12462 1.36588
v 1.16634 0.227135 1.35911
v 1.34252 0.125025 1.17716
v 1.33593 0.227253 1.16813
v 1.47526 0.227561 -0.562607
v 1.33594 0.227228 -0.768326
v 1.59751 0.236415 -0.384172
v 1.47875 0.126169 -0.580625
v 1.34253 0.124985 -0.777356
v 1.17323 0.124589 -0.966068
v 1.16634 0.227116 -0.959299
v 0.975311 0.124588 -1.13424
v 0.969604 0.227115 -1.12647
v 0.753246 0.124586 -1.26935
v 0.74884 0.227114 -1.26078
v 0.577637 0.124584 -1.38349
v 0.574261 0.227113 -1.3744
v 1.66019 0.262088 0.727244
v 1.72732 0.205495 0.672961
v 1.66416 0.178856 0.74116
v 1.59095 0.132072 0.808764
v 1.6659 0.115678 0.742387
v 1.73397 0.122736 0.682071
v 1.66019 0.262088 -0.32743
v 1.66416 0.178856 -0.341347
v 1.59751 0.236419 0.783982
v 1.72732 0.205495 -0.273148
v 1.47525 0.227577 0.962418
v 1.47874 0.126195 0.980431
v 1.79567 0.124473 0.580261
v 1.7822 0.209413 0.57603
v 1.84547 0.124063 0.456123
v 1.83018 0.203641 0.454887
v 1.87996 0.125253 0.199905
v 1.86219 0.200832 0.199903
v 1.8723 0.124685 0.328805
v 1.85532 0.201211 0.328665
v 1.83018 0.203641 -0.055077
v 1.85532 0.201211 0.071144
v 1.87228 0.124686 0.071005
v 1.84545 0.124065 -0.056305
v 1.7822 0.209413 -0.176223
v 1.79565 0.124475 -0.180443
v 0.256317 0.050435 1.80794
v 0.506361 0.050436 1.74841
v 0.743847 0.050438 1.6505
v 0.963253 0.050442 1.51697
v 1.15904 0.05045 1.35054
v 1.32699 0.0507 1.16437
v 1.46286 0.051432 0.971619
v 1.57049 0.052205 0.81392
v 1.46292 0.051422 -0.571868
v 1.32702 0.050683 -0.764585
v 1.15906 0.050437 -0.950734
v 0.963257 0.050437 -1.11716
v 0.743851 0.050435 -1.2507
v 0.570442 0.050434 -1.36372
v 1.65373 0.052572 0.738968
v 1.72237 0.052858 0.670573
v 1.78624 0.05339 0.568893
v 1.83649 0.054124 0.446922
v 1.78591 0.053392 -0.168909
v 1.83612 0.054128 -0.046974
v 1.86426 0.055025 0.323721
v 1.87246 0.055517 0.199922
v 1.86403 0.055027 0.076164
v 0.507645 0.358445 -1.4793
v 0.516066 0.227113 -1.47949
v 0.519102 0.124583 -1.48876
v 0.424492 0.227113 -1.63321
v 0.426407 0.124583 -1.63893
v 0.415573 0.359925 -1.62394
v 0.51264 0.050434 -1.46862
v 0.422295 0.050434 -1.61709
v 0.157705 0.358839 -1.79252
v 0.150776 0.473587 -1.76181
v 0.301651 0.359415 -1.72716
v 0.287331 0.48146 -1.6913
v 0.392815 0.498374 -1.57991
v 0.308815 0.124584 -1.75367
v 0.308041 0.227113 -1.74522
v 0.306721 0.050434 -1.7306
v 0.161652 0.227113 -1.81446
v 0.162216 0.124584 -1.82436
v 0.161177 0.050434 -1.80097
v 0.344482 0.653503 -1.32875
v 0.434927 0.624494 -1.39185
v 0.363838 0.582125 -1.5341
v 0.469366 0.538411 -1.42744
v 0.287857 0.618481 -1.46041
v 0.177917 0.658278 -1.34276
v 0.181976 0.695483 -1.22767
v 0.151192 0.624345 -1.47405
v 1.55387 0.000232 -0.402678
v 1.6303 0.00054 -0.328032
v 1.70417 0.000165 -0.259969
v 0.252958 -0.002116 1.78575
v 0.499733 -0.002059 1.72703
v 0.734112 -0.002041 1.63042
v 0.950733 -0.001956 1.49862
v 1.14418 -0.001871 1.33423
v 1.31047 -0.001741 1.1497
v 1.44573 -0.001322 0.957629
v 1.55303 -0.0012 0.799981
v 1.44656 6.2e-05 -0.5603
v 1.31125 -0.000319 -0.752379
v 1.14497 -0.00022 -0.937055
v 0.951473 -9.4e-05 -1.10166
v 0.737171 0 -1.23218
v 0.563612 0.00065 -1.34591
v 1.63126 -0.001046 0.72372
v 1.70378 -0.001058 0.657684
v 1.76616 -0.000972 0.558304
v 1.81482 -0.000825 0.439418
v 1.76614 -0.000205 -0.160369
v 1.81457 -0.000383 -0.041427
v 1.84158 -0.000542 0.319428
v 1.84943 -0.000324 0.198947
v 1.84137 -0.000346 0.078514
v 0.500149 -0.005182 -1.43238
v 0.410362 -0.00804 -1.57809
v 0.157669 -0.011954 -1.75828
v 0.29969 -0.010478 -1.6888
vn -0.908788 0.352956 0.222544
vn -0.831281 0.520788 0.194297
vn -0.91769 0.385626 0.095589
vn -0.85085 0.517467 0.091006
vn -0.918589 0.395214 -0
vn -0.857893 0.513829 2e-06
vn -0.72005 0.683192 0.121557
vn -0.745232 0.666806 3e-06
vn -0.650388 0.713607 0.260309
vn -0.831278 0.52079 -0.194304
vn -0.850853 0.517463 -0.091007
vn -0.650387 0.713606 -0.260314
vn -0.72005 0.683192 -0.121559
vn -0.91769 0.385627 -0.09559
vn -0.908785 0.352963 -0.222548
vn 0 0.513037 0.858366
vn -0.133463 0.513091 0.847894
vn 0 0.389255 0.92113
vn -0.14323 0.389288 0.909912
vn 0 0.278478 0.960443
vn -0.149351 0.278512 0.948749
vn -0.283036 0.389448 0.876482
vn -0.29514 0.278634 0.913923
vn -0.263732 0.513252 0.816712
vn -0.049933 0.946979 0.317392
vn -0.098555 0.773396 0.626215
vn -0 0.946969 0.321324
vn -0 0.773289 0.634053
vn -0.098638 0.947032 0.305616
vn -0.194747 0.773467 0.603177
vn -0.387662 0.513508 0.765525
vn -0.41607 0.389658 0.821616
vn -0.433882 0.278801 0.856747
vn -0.539078 0.389958 0.746544
vn -0.562191 0.279027 0.778515
vn -0.50223 0.513817 0.695526
vn -0.286173 0.773729 0.565198
vn -0.144945 0.947089 0.286382
vn -0.187687 0.947174 0.260067
vn -0.370701 0.773912 0.51346
vn -0.603625 0.515114 0.608518
vn -0.646854 0.391925 0.654198
vn -0.672957 0.281804 0.683897
vn -0.733586 0.400854 0.548788
vn -0.7608 0.29241 0.57938
vn -0.686804 0.520923 0.506892
vn -0.445866 0.774411 0.448878
vn -0.225844 0.94726 0.22736
vn -0.258418 0.947361 0.189015
vn -0.509099 0.775649 0.373076
vn -0.734714 0.547228 0.400919
vn -0.780767 0.430069 0.453258
vn -0.799953 0.332195 0.499721
vn -0.789946 0.466138 0.398372
vn -0.746647 0.435078 0.503215
vn -0.735962 0.612344 0.288781
vn -0.549891 0.783907 0.288287
vn -0.284664 0.947441 0.14602
vn -0.303859 0.947518 0.099392
vn -0.55525 0.807782 0.197952
vn -0.678601 0.723119 0.128841
vn -0.737462 0.631709 0.238944
vn -0.670425 0.729887 0.133397
vn -0.633248 0.719433 0.28533
vn -0.571126 0.806984 0.150306
vn -0.625203 0.780462 1e-06
vn -0.540203 0.841535 0
vn -0.649951 0.759977 1e-06
vn -0.532642 0.840838 0.096351
vn -0.315627 0.947548 0.050326
vn -0.319553 0.947568 -0
vn -0.515408 0.856945 1e-06
vn -0.67861 0.72311 -0.128842
vn -0.670417 0.729894 -0.133397
vn -0.571118 0.806989 -0.150306
vn -0.737469 0.631699 -0.238946
vn -0.633237 0.719442 -0.285333
vn -0.735962 0.612344 -0.288782
vn -0.315623 0.947549 -0.050326
vn -0.532643 0.840838 -0.096352
vn -0.303858 0.947519 -0.099393
vn -0.555244 0.807786 -0.197952
vn -0.734713 0.547229 -0.40092
vn -0.789951 0.466129 -0.398373
vn -0.78077 0.430061 -0.453261
vn -0.799958 0.332181 -0.499723
vn -0.746652 0.435064 -0.503219
vn -0.733589 0.400846 -0.54879
vn -0.760803 0.292394 -0.579384
vn -0.686804 0.520923 -0.506893
vn -0.284656 0.947445 -0.146013
vn -0.549883 0.783913 -0.288285
vn -0.258413 0.947364 -0.18901
vn -0.509093 0.775658 -0.373068
vn -0.608446 0.514517 -0.604207
vn -0.651044 0.388776 -0.651917
vn -0.674763 0.279558 -0.683039
vn -0.559234 0.369155 -0.742282
vn -0.570807 0.265838 -0.776859
vn -0.529718 0.500971 -0.684417
vn -0.225777 0.947872 -0.224866
vn -0.446478 0.777598 -0.442717
vn -0.191877 0.949537 -0.248117
vn -0.382437 0.784221 -0.48861
vn -0.510463 0.472997 -0.718124
vn -0.52759 0.332297 -0.781811
vn -0.524248 0.246732 -0.815038
vn -0.688441 0.299712 -0.660471
vn -0.673816 0.215362 -0.706817
vn -0.626501 0.458572 -0.630245
vn -0.141252 0.965822 -0.217338
vn -0.332371 0.822077 -0.462297
vn -0.060902 0.955629 -0.288209
vn -0.263152 0.879291 -0.396988
vn -0.169713 0.774087 -0.609907
vn -0.333148 0.763118 -0.553771
vn -0.048174 0.950848 -0.305889
vn -0.100948 0.94722 -0.304277
vn 2.8e-05 0.951937 -0.306295
vn 0.000141 0.776126 -0.630578
vn -0.53792 0.842996 1e-06
vn -0.524858 0.836488 0.157519
vn -0.497752 0.807041 0.31769
vn -0.497747 0.807044 -0.317692
vn -0.524854 0.836491 -0.15752
vn -0.780781 0.525564 0.337882
vn -0.677819 0.609235 0.411575
vn -0.60797 0.656361 0.446724
vn -0.4775 0.730642 0.488013
vn -0.477871 0.629869 0.612294
vn -0.713645 0.411379 0.56699
vn -0.60798 0.656353 -0.446723
vn -0.792538 0.506099 -0.340218
vn -0.851222 0.341182 -0.398768
vn -0.713642 0.411376 -0.566997
vn -0.47788 0.629856 -0.612301
vn -0.67782 0.609234 -0.411575
vn -0.477506 0.730639 -0.488011
vn -0.780787 0.525556 -0.337878
vn -0.851227 0.341177 0.398762
vn -0.792539 0.506097 0.340216
vn -0.675089 -0.078044 -0.733597
vn -0.787613 -0.009428 -0.616098
vn -0.654847 -0.26831 -0.706531
vn -0.757275 -0.266432 -0.596279
vn -0.756444 -0.286254 -0.588091
vn -0.792209 -0.033819 -0.609312
vn 0 -0.062549 0.998042
vn 0 0.153028 0.988222
vn -0.155198 -0.062549 0.985901
vn -0.153668 0.153044 0.976199
vn -0.306702 -0.062511 0.949751
vn -0.303684 0.153118 0.940389
vn -0.45092 -0.062525 0.890372
vn -0.446455 0.153215 0.881591
vn -0.584294 -0.062581 0.809125
vn -0.578513 0.153351 0.801128
vn -0.690623 0.156633 0.706049
vn -0.696115 -0.059499 0.715461
vn -0.783197 -0.047716 0.61994
vn -0.778333 0.167782 0.605019
vn -0.778332 0.167771 -0.605023
vn -0.816692 0.194144 -0.543436
vn -0.772758 0.248944 -0.583842
vn -0.826211 -0.032389 -0.562429
vn -0.783183 -0.047515 -0.619973
vn -0.690958 0.155903 -0.705884
vn -0.6961 -0.059426 -0.715481
vn -0.584289 -0.06255 -0.809131
vn -0.580335 0.148625 -0.800701
vn -0.53032 -0.062862 -0.845464
vn -0.528489 0.140381 -0.837253
vn -0.702018 0.118434 -0.702243
vn -0.696863 -0.064288 -0.714318
vn -0.793209 0.188486 0.579045
vn -0.611685 0.331219 0.718426
vn -0.667449 0.136819 0.731979
vn -0.787537 -0.009711 0.616191
vn -0.674698 -0.077334 0.734031
vn -0.79201 -0.03219 0.609659
vn -0.61169 0.331221 -0.718421
vn -0.667483 0.136802 -0.731951
vn -0.772754 0.248931 0.583853
vn -0.793223 0.188412 -0.579049
vn -0.816694 0.194132 0.543437
vn -0.82621 -0.032753 0.56241
vn -0.897031 -0.002787 0.441959
vn -0.881585 0.212972 0.42125
vn -0.934815 0.237235 0.264275
vn -0.955847 0.025916 0.292719
vn -0.997817 0.066036 -0.000238
vn -0.98954 0.053682 0.133902
vn -0.960028 0.279904 -1e-05
vn -0.95649 0.268002 0.11533
vn -0.934837 0.237129 -0.264291
vn -0.956505 0.26794 -0.11535
vn -0.989564 0.052195 -0.134309
vn -0.955866 0.023586 -0.292855
vn -0.881605 0.212866 -0.421261
vn -0.897094 -0.005019 -0.441811
vn -0.14716 -0.322269 0.93514
vn 0 -0.322387 0.946608
vn -0.290852 -0.321975 0.900965
vn -0.427734 -0.321613 0.844754
vn -0.554444 -0.321173 0.76775
vn -0.660035 -0.319196 0.68005
vn -0.742552 -0.312343 0.592502
vn -0.78795 -0.295047 0.540446
vn -0.754357 -0.279195 0.594135
vn -0.790757 -0.28384 -0.542345
vn -0.745643 -0.300884 -0.594546
vn -0.663221 -0.30659 -0.682745
vn -0.557594 -0.307088 -0.771224
vn -0.506407 -0.304852 -0.806609
vn -0.645549 -0.306719 -0.699422
vn -0.651354 -0.281506 0.704622
vn -0.753159 -0.294678 0.588147
vn -0.85918 -0.277165 0.430104
vn -0.92241 -0.259503 0.28604
vn -0.860948 -0.272682 -0.429433
vn -0.923014 -0.257705 -0.285715
vn -0.960684 -0.24302 0.134268
vn -0.971845 -0.23562 -0.000384
vn -0.960716 -0.242674 -0.134664
vn -0.852833 0.200472 -0.482168
vn -0.866193 0.071556 -0.49456
vn -0.860968 -0.072114 -0.503521
vn -0.814373 -0.318559 -0.485096
vn -0.26337 0.418003 -0.869431
vn -0.000263 0.420015 -0.907517
vn -0.279034 0.209014 -0.937259
vn 0.001823 0.210435 -0.977606
vn -0.513848 0.409804 -0.753672
vn -0.544758 0.207541 -0.812506
vn -0.797045 0.3683 -0.478618
vn -0.726765 0.380423 -0.571919
vn -0.761093 0.206949 -0.614744
vn -0.772225 0.073406 -0.631094
vn -0.774709 -0.078108 -0.627476
vn -0.554148 0.101605 -0.826194
vn -0.561945 -0.077304 -0.823554
vn -0.73569 -0.347071 -0.581637
vn -0.528353 -0.391817 -0.753208
vn 0.001328 0.138316 -0.990387
vn -0.282736 0.128477 -0.950555
vn -0.288029 -0.074777 -0.954698
vn 8.7e-05 -0.07357 -0.99729
vn -0 -0.43133 -0.902194
vn -0.267516 -0.422052 -0.866203
vn -0.395615 0.808584 -0.435524
vn -0.053737 0.947951 -0.313851
vn -0.089987 0.952006 -0.292553
vn -0.449632 0.758719 -0.471355
vn -0.03664 0.957661 -0.285559
vn -2.5e-05 0.960827 -0.277148
vn -0.038607 0.964321 -0.261904
vn -1e-05 0.96638 -0.25712
vn 6.3e-05 0.952106 -0.305769
vn -0.034055 0.950016 -0.310337
vn -0.633898 -0.389083 -0.668422
vn -0.724093 -0.374174 -0.579382
vn -0.722395 -0.381192 -0.576921
vn -0.143075 -0.392787 0.908431
vn -0 -0.393037 0.919523
vn -0.282837 -0.392195 0.875321
vn -0.416087 -0.391312 0.820821
vn -0.539557 -0.390157 0.746094
vn -0.641842 -0.388753 0.660991
vn -0.72032 -0.387403 0.575377
vn -0.758554 -0.385607 0.525264
vn -0.714904 -0.397542 0.575215
vn -0.765753 -0.363465 -0.53058
vn -0.727319 -0.363425 -0.582176
vn -0.64901 -0.361528 -0.669391
vn -0.54646 -0.35952 -0.756391
vn -0.49653 -0.355637 -0.791821
vn -0.614458 -0.372951 -0.695233
vn -0.625528 -0.413067 0.661884
vn -0.71569 -0.400665 0.572063
vn -0.822697 -0.386068 0.417279
vn -0.880558 -0.384901 0.276529
vn -0.827583 -0.372737 -0.41973
vn -0.88317 -0.377059 -0.278992
vn -0.91448 -0.383197 0.129948
vn -0.924457 -0.381284 -0.001519
vn -0.915433 -0.379891 -0.13291
vn -0.769747 -0.430672 -0.471181
vn -0.255748 -0.558596 -0.789027
vn -1e-06 -0.566983 -0.82373
vn -0.507357 -0.530805 -0.678849
vn -0.701485 -0.485168 -0.522045
vn 0.908787 0.352953 0.222555
vn 0.917694 0.385616 0.095591
vn 0.831281 0.520788 0.194302
vn 0.85085 0.517468 0.091004
vn 0.918593 0.395204 0
vn 0.857894 0.513827 2e-06
vn 0.720045 0.683199 0.121551
vn 0.745229 0.666809 3e-06
vn 0.650383 0.713613 0.260305
vn 0.72005 0.683193 -0.121555
vn 0.850853 0.517462 -0.091006
vn 0.650386 0.713608 -0.260311
vn 0.831275 0.520794 -0.194307
vn 0.917693 0.385619 -0.095592
vn 0.908783 0.35296 -0.222559
vn 0.133465 0.513093 0.847893
vn 0.143232 0.389288 0.909912
vn 0.149352 0.278512 0.948749
vn 0.283036 0.389446 0.876483
vn 0.295142 0.27863 0.913924
vn 0.263733 0.51325 0.816712
vn 0.049933 0.946981 0.317387
vn 0.098555 0.773399 0.626212
vn 0.098639 0.947032 0.305614
vn 0.194747 0.773465 0.60318
vn 0.387662 0.513507 0.765525
vn 0.416071 0.389659 0.821615
vn 0.433882 0.278798 0.856749
vn 0.53908 0.389956 0.746543
vn 0.562191 0.27903 0.778514
vn 0.502232 0.513814 0.695527
vn 0.144946 0.947088 0.286383
vn 0.286179 0.773721 0.565206
vn 0.187678 0.947179 0.260055
vn 0.370703 0.77391 0.513462
vn 0.603629 0.515104 0.608523
vn 0.646852 0.391921 0.654202
vn 0.672955 0.2818 0.6839
vn 0.733586 0.400853 0.548788
vn 0.7608 0.292407 0.579381
vn 0.686808 0.520913 0.506896
vn 0.225829 0.947268 0.227344
vn 0.445864 0.774413 0.448877
vn 0.258409 0.947366 0.189006
vn 0.509103 0.775646 0.373078
vn 0.734712 0.547232 0.400918
vn 0.780767 0.430071 0.453257
vn 0.799953 0.332198 0.499719
vn 0.789945 0.466138 0.398374
vn 0.746646 0.435078 0.503216
vn 0.735954 0.612355 0.288779
vn 0.284678 0.947437 0.146023
vn 0.549901 0.783898 0.288293
vn 0.30388 0.947511 0.099399
vn 0.555253 0.80778 0.197955
vn 0.737461 0.631708 0.238949
vn 0.678599 0.72312 0.128843
vn 0.670421 0.729891 0.133396
vn 0.633231 0.719448 0.28533
vn 0.571122 0.806988 0.150304
vn 0.625206 0.78046 -0
vn 0.540206 0.841533 -0
vn 0.649949 0.759978 -1e-06
vn 0.315632 0.947546 0.050328
vn 0.532641 0.840839 0.096353
vn 0.319559 0.947567 -0
vn 0.515412 0.856942 -1e-06
vn 0.67043 0.729882 -0.1334
vn 0.678602 0.723117 -0.128844
vn 0.571122 0.806988 -0.150305
vn 0.633245 0.719432 -0.28534
vn 0.737471 0.631695 -0.238952
vn 0.735952 0.612357 -0.288779
vn 0.315636 0.947545 -0.050328
vn 0.532645 0.840836 -0.096356
vn 0.555251 0.807781 -0.197956
vn 0.30388 0.947511 -0.099402
vn 0.789948 0.466136 -0.398371
vn 0.734712 0.547232 -0.400918
vn 0.780768 0.430068 -0.453259
vn 0.746654 0.435064 -0.503217
vn 0.799957 0.332185 -0.499722
vn 0.760801 0.292398 -0.579383
vn 0.733587 0.400852 -0.548787
vn 0.686807 0.520916 -0.506895
vn 0.284674 0.947438 -0.146018
vn 0.549895 0.783903 -0.288289
vn 0.509103 0.775648 -0.373074
vn 0.258418 0.947362 -0.18901
vn 0.651043 0.388775 -0.651918
vn 0.608448 0.514509 -0.604211
vn 0.674761 0.279563 -0.683039
vn 0.570806 0.265843 -0.776858
vn 0.559235 0.369152 -0.742282
vn 0.529718 0.500969 -0.684419
vn 0.225778 0.947871 -0.224866
vn 0.446477 0.777598 -0.442718
vn 0.382432 0.784226 -0.488606
vn 0.191876 0.949538 -0.248116
vn 0.52759 0.3323 -0.781809
vn 0.510461 0.473003 -0.718121
vn 0.524248 0.246736 -0.815037
vn 0.68524 0.302175 -0.662674
vn 0.669048 0.211945 -0.712358
vn 0.623742 0.458927 -0.632719
vn 0.141251 0.965823 -0.217334
vn 0.332368 0.822081 -0.462292
vn 0.26347 0.878442 -0.398653
vn 0.060753 0.95551 -0.288635
vn 0.100932 0.947101 -0.304651
vn 0.332956 0.762741 -0.554406
vn 0.048227 0.950805 -0.306013
vn 0.169903 0.77393 -0.610054
vn 0.524853 0.836492 0.157514
vn 0.537923 0.842994 1e-06
vn 0.497745 0.807047 0.317688
vn 0.497744 0.807046 -0.317692
vn 0.524856 0.83649 -0.157517
vn 0.780781 0.525563 0.337881
vn 0.677812 0.609245 0.411572
vn 0.4775 0.730642 0.488013
vn 0.607978 0.656355 0.446723
vn 0.477876 0.629866 0.612294
vn 0.713648 0.411378 0.566988
vn 0.792537 0.506102 -0.340215
vn 0.607985 0.65635 -0.446721
vn 0.851221 0.341184 -0.398769
vn 0.71364 0.411382 -0.566994
vn 0.677817 0.609237 -0.411575
vn 0.477882 0.629855 -0.612301
vn 0.477501 0.730642 -0.488011
vn 0.780786 0.525559 -0.337878
vn 0.851226 0.341178 0.398763
vn 0.79254 0.506095 0.340217
vn 0.757278 -0.266423 -0.596279
vn 0.787614 -0.009448 -0.616096
vn 0.654851 -0.268312 -0.706526
vn 0.675094 -0.078057 -0.733591
vn 0.756447 -0.28624 -0.588095
vn 0.792211 -0.03382 -0.609309
vn 0.155198 -0.062548 0.985901
vn 0.15367 0.153045 0.976198
vn 0.306702 -0.062509 0.949751
vn 0.303684 0.153118 0.940389
vn 0.45092 -0.062522 0.890372
vn 0.446455 0.153221 0.881591
vn 0.584296 -0.062578 0.809124
vn 0.578514 0.153359 0.801126
vn 0.696117 -0.059491 0.715459
vn 0.690624 0.15663 0.706049
vn 0.783195 -0.047722 0.619942
vn 0.778332 0.167776 0.605022
vn 0.816693 0.194138 -0.543436
vn 0.778331 0.167771 -0.605024
vn 0.772759 0.248944 -0.583841
vn 0.82621 -0.032392 -0.56243
vn 0.783183 -0.047511 -0.619973
vn 0.696101 -0.05942 -0.715481
vn 0.690955 0.155907 -0.705885
vn 0.584291 -0.062542 -0.809131
vn 0.580334 0.148634 -0.8007
vn 0.53032 -0.06286 -0.845464
vn 0.528488 0.140388 -0.837252
vn 0.69113 -0.058584 -0.720352
vn 0.692121 0.118617 -0.711968
vn 0.611681 0.331229 0.718424
vn 0.793213 0.188478 0.579042
vn 0.667451 0.136821 0.731977
vn 0.787535 -0.009701 0.616193
vn 0.674705 -0.077336 0.734025
vn 0.792012 -0.032206 0.609655
vn 0.611688 0.331221 -0.718422
vn 0.667484 0.136806 -0.73195
vn 0.772751 0.248947 0.58385
vn 0.793226 0.188412 -0.579045
vn 0.816692 0.19414 0.543437
vn 0.826206 -0.032766 0.562415
vn 0.897028 -0.002789 0.441965
vn 0.881584 0.212969 0.421253
vn 0.955845 0.025927 0.292727
vn 0.934811 0.23724 0.264284
vn 0.997818 0.066026 -0.000244
vn 0.960032 0.279891 -1.3e-05
vn 0.98954 0.053682 0.1339
vn 0.956492 0.267996 0.115333
vn 0.934833 0.237137 -0.264298
vn 0.956506 0.267939 -0.115351
vn 0.989565 0.052197 -0.134303
vn 0.955865 0.023595 -0.292859
vn 0.881602 0.212871 -0.421265
vn 0.89709 -0.005017 -0.441819
vn 0.147162 -0.322269 0.93514
vn 0.290852 -0.321977 0.900964
vn 0.427731 -0.321618 0.844753
vn 0.554444 -0.321181 0.767746
vn 0.660039 -0.319192 0.680048
vn 0.742553 -0.31233 0.592507
vn 0.787945 -0.295057 0.540448
vn 0.754349 -0.279217 0.594134
vn 0.790757 -0.283834 -0.542348
vn 0.745642 -0.300892 -0.594544
vn 0.663218 -0.306602 -0.682742
vn 0.557594 -0.307094 -0.771221
vn 0.506405 -0.304863 -0.806605
vn 0.645544 -0.306739 -0.699417
vn 0.651357 -0.281505 0.70462
vn 0.753161 -0.294664 0.58815
vn 0.85918 -0.277152 0.430112
vn 0.922407 -0.25951 0.286043
vn 0.860946 -0.272675 -0.429443
vn 0.923011 -0.257718 -0.285714
vn 0.960685 -0.243019 0.134259
vn 0.971849 -0.235606 -0.000386
vn 0.960715 -0.242682 -0.134652
vn 0.849421 0.194925 -0.490396
vn 0.864899 0.074308 -0.496415
vn 0.860674 -0.051318 -0.506564
vn 0.779441 0.078608 -0.621524
vn 0.778819 -0.060671 -0.624307
vn 0.763147 0.205565 -0.612658
vn 0.814369 -0.318569 -0.485096
vn 0.73569 -0.347068 -0.581639
vn 0.283185 0.212794 -0.93516
vn 0.26278 0.420463 -0.868423
vn 0.54945 0.21212 -0.808152
vn 0.512639 0.413369 -0.752547
vn 0.7206 0.386701 -0.575498
vn 0.563922 -0.071212 -0.822752
vn 0.560306 0.106972 -0.821349
vn 0.528357 -0.391801 -0.753214
vn 0.286403 0.130913 -0.949124
vn 0.288875 -0.073188 -0.954565
vn 0.267519 -0.422043 -0.866206
vn 0.053707 0.947723 -0.314543
vn 0.392689 0.807658 -0.439869
vn 0.447867 0.758208 -0.473852
vn 0.789731 0.374158 -0.486139
vn 0.089858 0.951775 -0.293343
vn 0.036667 0.957513 -0.286049
vn 0.03422 0.949864 -0.310786
vn 0.038653 0.964219 -0.262276
vn 0.724103 -0.374149 -0.579386
vn 0.633903 -0.389087 -0.668415
vn 0.722387 -0.381209 -0.57692
vn 0.143076 -0.392793 0.908429
vn 0.282836 -0.392199 0.875319
vn 0.416086 -0.391314 0.820821
vn 0.539549 -0.390189 0.746083
vn 0.64184 -0.388766 0.660986
vn 0.720334 -0.387356 0.575391
vn 0.758556 -0.385599 0.525268
vn 0.714886 -0.397588 0.575206
vn 0.765752 -0.363464 -0.530583
vn 0.727308 -0.363456 -0.58217
vn 0.649002 -0.361554 -0.669385
vn 0.54646 -0.359536 -0.756383
vn 0.496526 -0.355671 -0.791809
vn 0.614446 -0.372984 -0.695226
vn 0.62552 -0.413086 0.66188
vn 0.715697 -0.400647 0.572066
vn 0.822702 -0.386048 0.417287
vn 0.880544 -0.384938 0.276524
vn 0.827582 -0.372732 -0.419737
vn 0.883159 -0.377092 -0.278984
vn 0.914473 -0.383217 0.129937
vn 0.924459 -0.381279 -0.001519
vn 0.915418 -0.379932 -0.132897
vn 0.769744 -0.430675 -0.471183
vn 0.701492 -0.485155 -0.522048
vn 0.255754 -0.558584 -0.789034
vn 0.507368 -0.530784 -0.678857
vt 0.587818 0.462374
vt 0.567513 0.461627
vt 0.586457 0.437183
vt 0.564329 0.439167
vt 0.584281 0.411845
vt 0.561418 0.414703
vt 0.544705 0.44095
vt 0.541293 0.417035
vt 0.550938 0.46449
vt 0.55606 0.368716
vt 0.558472 0.390503
vt 0.539921 0.369547
vt 0.539247 0.393195
vt 0.580288 0.386965
vt 0.574478 0.363629
vt 0.322789 0.894006
vt 0.35521 0.850765
vt 0.345017 0.911579
vt 0.377688 0.866326
vt 0.372074 0.931845
vt 0.404741 0.884445
vt 0.407051 0.820722
vt 0.434438 0.837142
vt 0.384139 0.806743
vt 0.328191 0.83154
vt 0.339083 0.839337
vt 0.297076 0.871791
vt 0.307194 0.880891
vt 0.356315 0.789533
vt 0.367574 0.796518
vt 0.410108 0.761807
vt 0.43355 0.774369
vt 0.461485 0.789234
vt 0.457358 0.727009
vt 0.485977 0.740344
vt 0.433325 0.715812
vt 0.393117 0.752663
vt 0.381542 0.746433
vt 0.403998 0.702173
vt 0.415888 0.707696
vt 0.453838 0.668692
vt 0.478489 0.678469
vt 0.507895 0.690211
vt 0.496949 0.628491
vt 0.527328 0.638555
vt 0.471494 0.620455
vt 0.435982 0.661629
vt 0.423815 0.656833
vt 0.440777 0.610689
vt 0.453178 0.61465
vt 0.485702 0.571001
vt 0.512284 0.576775
vt 0.543984 0.585029
vt 0.522102 0.532424
vt 0.559611 0.527908
vt 0.495754 0.517373
vt 0.466826 0.566801
vt 0.454248 0.563875
vt 0.463382 0.516789
vt 0.475965 0.518455
vt 0.494412 0.467379
vt 0.512679 0.488349
vt 0.507394 0.457517
vt 0.527587 0.474292
vt 0.521051 0.447225
vt 0.504723 0.420892
vt 0.517969 0.419548
vt 0.49226 0.422116
vt 0.479772 0.470494
vt 0.467356 0.470218
vt 0.465914 0.424581
vt 0.478059 0.423463
vt 0.485673 0.377853
vt 0.50003 0.384896
vt 0.515212 0.392112
vt 0.499098 0.354575
vt 0.515902 0.365014
vt 0.477851 0.330231
vt 0.459202 0.379978
vt 0.471075 0.377524
vt 0.447452 0.33632
vt 0.459057 0.332624
vt 0.459425 0.281885
vt 0.499779 0.311589
vt 0.483109 0.27225
vt 0.510814 0.259533
vt 0.535089 0.308946
vt 0.460964 0.226918
vt 0.487365 0.213225
vt 0.438609 0.238117
vt 0.431187 0.293564
vt 0.4425 0.288823
vt 0.411438 0.251766
vt 0.42243 0.246236
vt 0.415309 0.195764
vt 0.436853 0.183302
vt 0.462419 0.168542
vt 0.410792 0.140345
vt 0.435886 0.124796
vt 0.389669 0.153432
vt 0.389012 0.211042
vt 0.399668 0.204846
vt 0.362934 0.168659
vt 0.373926 0.162583
vt 0.361397 0.110167
vt 0.383686 0.096362
vt 0.407386 0.081201
vt 0.363875 0.058699
vt 0.384515 0.045229
vt 0.339285 0.073594
vt 0.331907 0.122419
vt 0.344394 0.117847
vt 0.29716 0.083455
vt 0.321266 0.079492
vt 0.786859 0.161029
vt 0.796422 0.132596
vt 0.80546 0.165363
vt 0.815013 0.140643
vt 0.803075 0.187739
vt 0.784534 0.188187
vt 0.528737 0.418412
vt 0.532067 0.4426
vt 0.538966 0.467503
vt 0.528022 0.369167
vt 0.526761 0.394298
vt 0.52553 0.505708
vt 0.54077 0.498993
vt 0.561261 0.487091
vt 0.551948 0.49319
vt 0.567528 0.515392
vt 0.57904 0.508761
vt 0.544745 0.346253
vt 0.554795 0.351319
vt 0.566737 0.342422
vt 0.556605 0.322668
vt 0.544761 0.318901
vt 0.523317 0.33924
vt 0.534856 0.342462
vt 0.507867 0.335843
vt 0.584877 0.485846
vt 0.570421 0.479589
vt 0.583908 0.289663
vt 0.571273 0.272089
vt 0.59552 0.282716
vt 0.585251 0.260958
vt 0.603946 0.301402
vt 0.590421 0.30701
vt 0.417296 0.962642
vt 0.397433 0.949537
vt 0.449146 0.912795
vt 0.429727 0.900587
vt 0.479152 0.863388
vt 0.4596 0.851986
vt 0.50701 0.813304
vt 0.487108 0.8028
vt 0.53258 0.762194
vt 0.512214 0.752616
vt 0.534868 0.701159
vt 0.555803 0.70978
vt 0.576186 0.657223
vt 0.554934 0.648783
vt 0.510993 0.199944
vt 0.534614 0.245164
vt 0.553385 0.28676
vt 0.552244 0.232861
vt 0.528973 0.189334
vt 0.4857 0.155045
vt 0.503628 0.144592
vt 0.476487 0.099693
vt 0.458822 0.1106
vt 0.448319 0.054787
vt 0.430476 0.066291
vt 0.407436 0.030055
vt 0.425176 0.018314
vt 0.601094 0.512788
vt 0.584569 0.527492
vt 0.601934 0.533945
vt 0.606253 0.559311
vt 0.615934 0.537256
vt 0.618584 0.516888
vt 0.557871 0.304569
vt 0.572173 0.295358
vt 0.583765 0.547426
vt 0.575726 0.314409
vt 0.572186 0.595856
vt 0.593618 0.605786
vt 0.622298 0.491104
vt 0.604107 0.489423
vt 0.607534 0.462383
vt 0.624507 0.462186
vt 0.62072 0.406859
vt 0.623738 0.4342
vt 0.604694 0.409139
vt 0.607266 0.435571
vt 0.593103 0.358625
vt 0.600063 0.383356
vt 0.615777 0.38023
vt 0.608777 0.354417
vt 0.583541 0.334796
vt 0.599541 0.329005
vt 0.463914 0.921907
vt 0.432552 0.971848
vt 0.494023 0.872006
vt 0.522167 0.821295
vt 0.548124 0.769463
vt 0.571765 0.716326
vt 0.592535 0.663205
vt 0.610456 0.611801
vt 0.623978 0.568443
vt 0.566282 0.224902
vt 0.54279 0.181696
vt 0.517226 0.136733
vt 0.489862 0.09154
vt 0.462007 0.046681
vt 0.439115 0.010657
vt 0.630298 0.541991
vt 0.634607 0.519288
vt 0.638514 0.491535
vt 0.640173 0.461154
vt 0.613831 0.324673
vt 0.623263 0.351146
vt 0.639088 0.432336
vt 0.635798 0.404582
vt 0.630534 0.377613
vt 0.769825 0.025089
vt 0.761589 0.057385
vt 0.736525 0.020783
vt 0.730273 0.052759
vt 0.710196 0.017783
vt 0.705637 0.048003
vt 0.687113 0.042311
vt 0.690935 0.011465
vt 0.767735 0.160175
vt 0.766206 0.188786
vt 0.744951 0.159828
vt 0.74487 0.190085
vt 0.774487 0.130435
vt 0.747986 0.128545
vt 0.807131 0.062726
vt 0.786228 0.09862
vt 0.753343 0.096428
vt 0.724011 0.092374
vt 0.700921 0.089885
vt 0.720278 0.12689
vt 0.698542 0.126194
vt 0.683417 0.085218
vt 0.681722 0.123146
vt 0.719531 0.191584
vt 0.718724 0.159735
vt 0.698006 0.160101
vt 0.699521 0.192908
vt 0.683755 0.194194
vt 0.681689 0.159254
vt 0.850056 0.094575
vt 0.879457 0.086539
vt 0.865237 0.113922
vt 0.893073 0.107701
vt 0.836367 0.126444
vt 0.818251 0.110234
vt 0.831273 0.066563
vt 0.809702 0.100714
vt 0.855061 0.040647
vt 0.833279 0.034412
vt 0.863368 0.149548
vt 0.862921 0.187215
vt 0.834958 0.155565
vt 0.834858 0.187301
vt 0.887792 0.187351
vt 0.889071 0.148765
vt 0.799376 0.028488
vt 0.605852 0.275736
vt 0.595757 0.255174
vt 0.614848 0.295947
vt 0.475084 0.92873
vt 0.443972 0.978515
vt 0.505337 0.878483
vt 0.53371 0.827277
vt 0.559917 0.774904
vt 0.583824 0.721203
vt 0.604911 0.667572
vt 0.623315 0.615745
vt 0.637431 0.572439
vt 0.57652 0.219372
vt 0.552699 0.176059
vt 0.526868 0.130915
vt 0.499337 0.085617
vt 0.471907 0.041484
vt 0.448813 0.005485
vt 0.644283 0.546431
vt 0.648519 0.52189
vt 0.652529 0.492835
vt 0.654239 0.461193
vt 0.625365 0.319766
vt 0.635547 0.346848
vt 0.653117 0.43107
vt 0.649515 0.402148
vt 0.643625 0.374175
vt 0.677748 0.006434
vt 0.671651 0.034213
vt 0.664421 0.15773
vt 0.666976 0.195741
vt 0.664671 0.118423
vt 0.667113 0.078329
vt 0.223809 0.499184
vt 0.225976 0.523047
vt 0.204631 0.501296
vt 0.2038 0.523556
vt 0.226779 0.547935
vt 0.203771 0.548183
vt 0.183891 0.52369
vt 0.183086 0.548368
vt 0.188108 0.499571
vt 0.184324 0.573063
vt 0.204308 0.572869
vt 0.188922 0.597233
vt 0.205552 0.595258
vt 0.226595 0.572917
vt 0.224962 0.597035
vt 0.0319 0.049251
vt 0.055727 0.039358
vt 0.049921 0.095488
vt 0.073671 0.087089
vt 0.084189 0.028177
vt 0.101841 0.077324
vt 0.08943 0.134956
vt 0.11781 0.126142
vt 0.065299 0.142413
vt 0.020859 0.10598
vt 0.003558 0.062311
vt 0.032624 0.101747
vt 0.014836 0.056856
vt 0.03549 0.151443
vt 0.047621 0.147809
vt 0.079053 0.190128
vt 0.103638 0.183381
vt 0.132425 0.175311
vt 0.116661 0.232558
vt 0.145927 0.225106
vt 0.091609 0.238736
vt 0.048518 0.198227
vt 0.06097 0.194978
vt 0.060409 0.246108
vt 0.073139 0.243149
vt 0.103122 0.288254
vt 0.128676 0.282615
vt 0.158525 0.275727
vt 0.139846 0.333876
vt 0.170484 0.327516
vt 0.113601 0.338762
vt 0.071296 0.294937
vt 0.084285 0.292258
vt 0.081111 0.344583
vt 0.094335 0.342239
vt 0.122731 0.39037
vt 0.150061 0.386621
vt 0.181793 0.38074
vt 0.157787 0.431676
vt 0.194747 0.436865
vt 0.130208 0.446387
vt 0.08941 0.394979
vt 0.102871 0.393091
vt 0.095688 0.446033
vt 0.109319 0.444704
vt 0.148109 0.47688
vt 0.129344 0.499616
vt 0.143876 0.509413
vt 0.16398 0.490895
vt 0.15903 0.51926
vt 0.144331 0.548657
vt 0.158562 0.548556
vt 0.130761 0.548755
vt 0.099677 0.497575
vt 0.113365 0.496841
vt 0.101432 0.548984
vt 0.11507 0.548868
vt 0.144453 0.58786
vt 0.130079 0.597791
vt 0.159474 0.577838
vt 0.164754 0.606194
vt 0.148938 0.620336
vt 0.131113 0.650774
vt 0.100616 0.600108
vt 0.114202 0.600703
vt 0.110331 0.652331
vt 0.096867 0.650937
vt 0.158611 0.665734
vt 0.122794 0.706552
vt 0.15014 0.711044
vt 0.196116 0.660689
vt 0.182245 0.717805
vt 0.168905 0.771895
vt 0.137939 0.763995
vt 0.111733 0.757781
vt 0.089874 0.701085
vt 0.103116 0.703316
vt 0.092709 0.753332
vt 0.079759 0.750333
vt 0.123546 0.815419
vt 0.098057 0.8078
vt 0.153739 0.824524
vt 0.136861 0.876303
vt 0.107116 0.866342
vt 0.082068 0.858006
vt 0.066894 0.798569
vt 0.079526 0.802291
vt 0.063548 0.852454
vt 0.050707 0.848917
vt 0.089887 0.918401
vt 0.063506 0.909594
vt 0.118047 0.928261
vt 0.078669 0.962128
vt 0.103291 0.97096
vt 0.049585 0.95273
vt 0.030117 0.904148
vt 0.044095 0.90582
vt 0.02951 0.950961
vt 0.003686 0.952621
vt 0.816379 0.233733
vt 0.798466 0.24196
vt 0.806273 0.209814
vt 0.788232 0.214846
vt 0.170833 0.523137
vt 0.169964 0.548472
vt 0.175918 0.497244
vt 0.176683 0.599711
vt 0.171237 0.573803
vt 0.161014 0.458775
vt 0.176403 0.465435
vt 0.187683 0.470954
vt 0.197072 0.476644
vt 0.202478 0.449012
vt 0.213646 0.455219
vt 0.207536 0.613135
vt 0.198252 0.620262
vt 0.221421 0.619766
vt 0.215309 0.641921
vt 0.177442 0.631731
vt 0.203955 0.648313
vt 0.1888 0.6261
vt 0.16194 0.638456
vt 0.219889 0.476865
vt 0.206316 0.483574
vt 0.25933 0.698375
vt 0.242132 0.690343
vt 0.264352 0.673395
vt 0.25077 0.669222
vt 0.268055 0.652384
vt 0.253123 0.650094
vt 0.130406 0.011848
vt 0.147142 0.062207
vt 0.110286 0.018714
vt 0.127461 0.06869
vt 0.163223 0.112008
vt 0.1435 0.118152
vt 0.178318 0.162147
vt 0.1584 0.167898
vt 0.192425 0.212774
vt 0.172267 0.218184
vt 0.205873 0.264061
vt 0.185366 0.269223
vt 0.218545 0.315066
vt 0.197813 0.320739
vt 0.210564 0.727127
vt 0.196808 0.780066
vt 0.220153 0.679486
vt 0.231947 0.735683
vt 0.218159 0.78683
vt 0.20232 0.839534
vt 0.181199 0.832945
vt 0.184876 0.892474
vt 0.164007 0.885436
vt 0.166639 0.945515
vt 0.145478 0.938008
vt 0.151732 0.988642
vt 0.130628 0.980933
vt 0.218744 0.437431
vt 0.234346 0.450977
vt 0.235005 0.431452
vt 0.239586 0.408222
vt 0.247866 0.428528
vt 0.250312 0.44689
vt 0.220638 0.660128
vt 0.237418 0.666239
vt 0.218296 0.418606
vt 0.236576 0.64608
vt 0.209541 0.372288
vt 0.230327 0.364479
vt 0.254557 0.470018
vt 0.237897 0.472525
vt 0.258657 0.496055
vt 0.242865 0.497406
vt 0.262179 0.547406
vt 0.24676 0.547658
vt 0.261132 0.521669
vt 0.245698 0.522349
vt 0.24432 0.598397
vt 0.246456 0.573089
vt 0.262027 0.573276
vt 0.260411 0.599301
vt 0.239872 0.623896
vt 0.257011 0.626088
vt 0.161987 0.057389
vt 0.145619 0.007252
vt 0.178118 0.10737
vt 0.193363 0.157779
vt 0.207635 0.208676
vt 0.221327 0.260175
vt 0.234255 0.311195
vt 0.246329 0.36015
vt 0.256135 0.400621
vt 0.248554 0.740548
vt 0.234435 0.791505
vt 0.218317 0.844498
vt 0.200611 0.897701
vt 0.182672 0.950563
vt 0.167909 0.993089
vt 0.26085 0.424475
vt 0.2646 0.444459
vt 0.269076 0.468717
vt 0.272935 0.495496
vt 0.272035 0.626998
vt 0.274991 0.599349
vt 0.275362 0.521417
vt 0.276483 0.547136
vt 0.276388 0.572988
vt 0.778889 0.339745
vt 0.75048 0.34524
vt 0.770089 0.312016
vt 0.743677 0.320298
vt 0.728293 0.349565
vt 0.722123 0.324188
vt 0.734564 0.284455
vt 0.714134 0.288257
vt 0.760568 0.278197
vt 0.706809 0.330698
vt 0.712638 0.356343
vt 0.699311 0.294274
vt 0.747784 0.219659
vt 0.7697 0.216797
vt 0.753289 0.249034
vt 0.777898 0.244841
vt 0.790149 0.27364
vt 0.707894 0.256114
vt 0.727777 0.253289
vt 0.693056 0.261042
vt 0.722666 0.222608
vt 0.702905 0.224792
vt 0.687666 0.22802
vt 0.893053 0.265561
vt 0.880017 0.286228
vt 0.865903 0.259402
vt 0.851371 0.278319
vt 0.811289 0.270944
vt 0.81014 0.304999
vt 0.831352 0.300857
vt 0.833972 0.329427
vt 0.852951 0.323282
vt 0.820224 0.263316
vt 0.837542 0.247299
vt 0.86373 0.224547
vt 0.889001 0.225557
vt 0.835636 0.218757
vt 0.804393 0.33558
vt 0.271682 0.701711
vt 0.276722 0.67782
vt 0.280323 0.655
vt 0.173159 0.0538
vt 0.156945 0.003968
vt 0.189365 0.1039
vt 0.204717 0.154546
vt 0.219084 0.205667
vt 0.232892 0.257293
vt 0.246028 0.308447
vt 0.258401 0.357502
vt 0.268459 0.397726
vt 0.260615 0.743801
vt 0.246165 0.795043
vt 0.229696 0.848284
vt 0.211801 0.901577
vt 0.194099 0.953507
vt 0.179114 0.996032
vt 0.273257 0.420886
vt 0.276676 0.441948
vt 0.281271 0.466736
vt 0.28538 0.494056
vt 0.284432 0.628942
vt 0.287572 0.600674
vt 0.288096 0.520664
vt 0.289372 0.547082
vt 0.289181 0.573624
vt 0.694511 0.339001
vt 0.702063 0.361653
vt 0.686028 0.302099
vt 0.671806 0.232315
vt 0.678514 0.26768
usemtl MainSG
f 1379/1774/1230 1380/1775/1231 1381/1776/1232
f 1381/1776/1232 1380/1775/1231 1382/1777/1233
f 1381/1776/1232 1382/1777/1233 1383/1778/1234
f 1383/1778/1234 1382/1777/1233 1384/1779/1235
f 1382/1777/1233 1385/1780/1236 1384/1779/1235
f 1384/1779/1235 1385/1780/1236 1386/1781/1237
f 1380/1775/1231 1387/1782/1238 1382/1777/1233
f 1382/1777/1233 1387/1782/1238 1385/1780/1236
f 1388/1783/1239 1389/1784/1240 1390/1785/1241
f 1390/1785/1241 1389/1784/1240 1391/1786/1242
f 1389/1784/1240 1384/1779/1235 1391/1786/1242
f 1391/1786/1242 1384/1779/1235 1386/1781/1237
f 1392/1787/1243 1383/1778/1234 1389/1784/1240
f 1389/1784/1240 1383/1778/1234 1384/1779/1235
f 1393/1788/1244 1392/1787/1243 1388/1783/1239
f 1388/1783/1239 1392/1787/1243 1389/1784/1240
f 1394/1789/1245 1395/1790/1246 1396/1791/1247
f 1396/1791/1247 1395/1790/1246 1397/1792/1248
f 1396/1791/1247 1397/1792/1248 1398/1793/1249
f 1398/1793/1249 1397/1792/1248 1399/1794/1250
f 1397/1792/1248 1400/1795/1251 1399/1794/1250
f 1399/1794/1250 1400/1795/1251 1401/1796/1252
f 1395/1790/1246 1402/1797/1253 1397/1792/1248
f 1397/1792/1248 1402/1797/1253 1400/1795/1251
f 1403/1798/1254 1404/1799/1255 1405/1800/1256
f 1405/1800/1256 1404/1799/1255 1406/1801/1257
f 1403/1798/1254 1407/1802/1258 1404/1799/1255
f 1404/1799/1255 1407/1802/1258 1408/1803/1259
f 1404/1799/1255 1395/1790/1246 1406/1801/1257
f 1406/1801/1257 1395/1790/1246 1394/1789/1245
f 1404/1799/1255 1408/1803/1259 1395/1790/1246
f 1395/1790/1246 1408/1803/1259 1402/1797/1253
f 1402/1797/1253 1409/1804/1260 1400/1795/1251
f 1400/1795/1251 1409/1804/1260 1410/1805/1261
f 1400/1795/1251 1410/1805/1261 1401/1796/1252
f 1401/1796/1252 1410/1805/1261 1411/1806/1262
f 1410/1805/1261 1412/1807/1263 1411/1806/1262
f 1411/1806/1262 1412/1807/1263 1413/1808/1264
f 1409/1804/1260 1414/1809/1265 1410/1805/1261
f 1410/1805/1261 1414/1809/1265 1412/1807/1263
f 1415/1810/1266 1408/1803/1259 1416/1811/1267
f 1416/1811/1267 1408/1803/1259 1407/1802/1258
f 1416/1811/1267 1417/1812/1268 1415/1810/1266
f 1415/1810/1266 1417/1812/1268 1418/1813/1269
f 1409/1804/1260 1402/1797/1253 1415/1810/1266
f 1415/1810/1266 1402/1797/1253 1408/1803/1259
f 1415/1810/1266 1418/1813/1269 1409/1804/1260
f 1409/1804/1260 1418/1813/1269 1414/1809/1265
f 1414/1809/1265 1419/1814/1270 1412/1807/1263
f 1412/1807/1263 1419/1814/1270 1420/1815/1271
f 1412/1807/1263 1420/1815/1271 1413/1808/1264
f 1413/1808/1264 1420/1815/1271 1421/1816/1272
f 1420/1815/1271 1422/1817/1273 1421/1816/1272
f 1421/1816/1272 1422/1817/1273 1423/1818/1274
f 1419/1814/1270 1424/1819/1275 1420/1815/1271
f 1420/1815/1271 1424/1819/1275 1422/1817/1273
f 1425/1820/1276 1418/1813/1269 1426/1821/1277
f 1426/1821/1277 1418/1813/1269 1417/1812/1268
f 1426/1821/1277 1427/1822/1278 1425/1820/1276
f 1425/1820/1276 1427/1822/1278 1428/1823/1279
f 1419/1814/1270 1414/1809/1265 1425/1820/1276
f 1425/1820/1276 1414/1809/1265 1418/1813/1269
f 1425/1820/1276 1428/1823/1279 1419/1814/1270
f 1419/1814/1270 1428/1823/1279 1424/1819/1275
f 1424/1819/1275 1429/1824/1280 1422/1817/1273
f 1422/1817/1273 1429/1824/1280 1430/1825/1281
f 1422/1817/1273 1430/1825/1281 1423/1818/1274
f 1423/1818/1274 1430/1825/1281 1431/1826/1282
f 1430/1825/1281 1432/1827/1283 1431/1826/1282
f 1431/1826/1282 1432/1827/1283 1433/1828/1284
f 1434/1829/1285 1432/1827/1283 1429/1824/1280
f 1429/1824/1280 1432/1827/1283 1430/1825/1281
f 1435/1830/1286 1428/1823/1279 1436/1831/1287
f 1436/1831/1287 1428/1823/1279 1427/1822/1278
f 1436/1831/1287 1437/1832/1288 1435/1830/1286
f 1435/1830/1286 1437/1832/1288 1438/1833/1289
f 1429/1824/1280 1424/1819/1275 1435/1830/1286
f 1435/1830/1286 1424/1819/1275 1428/1823/1279
f 1435/1830/1286 1438/1833/1289 1429/1824/1280
f 1429/1824/1280 1438/1833/1289 1434/1829/1285
f 1434/1829/1285 1439/1834/1290 1440/1835/1291
f 1440/1835/1291 1439/1834/1290 1441/1836/1292
f 1440/1835/1291 1441/1836/1292 1442/1837/1293
f 1442/1837/1293 1441/1836/1292 1443/1838/1294
f 1441/1836/1292 1444/1839/1295 1443/1838/1294
f 1443/1838/1294 1444/1839/1295 1445/1840/1296
f 1439/1834/1290 1446/1841/1297 1441/1836/1292
f 1441/1836/1292 1446/1841/1297 1444/1839/1295
f 1447/1842/1298 1438/1833/1289 1448/1843/1299
f 1448/1843/1299 1438/1833/1289 1437/1832/1288
f 1448/1843/1299 1449/1844/1300 1447/1842/1298
f 1447/1842/1298 1449/1844/1300 1450/1845/1301
f 1439/1834/1290 1434/1829/1285 1447/1842/1298
f 1447/1842/1298 1434/1829/1285 1438/1833/1289
f 1447/1842/1298 1450/1845/1301 1439/1834/1290
f 1439/1834/1290 1450/1845/1301 1446/1841/1297
f 1451/1846/1302 1452/1847/1303 1446/1841/1297
f 1446/1841/1297 1452/1847/1303 1444/1839/1295
f 1452/1847/1303 1453/1848/1304 1444/1839/1295
f 1444/1839/1295 1453/1848/1304 1445/1840/1296
f 1454/1849/1305 1455/1850/1306 1452/1847/1303
f 1452/1847/1303 1455/1850/1306 1453/1848/1304
f 1456/1851/1307 1454/1849/1305 1451/1846/1302
f 1451/1846/1302 1454/1849/1305 1452/1847/1303
f 1457/1852/1308 1458/1853/1309 1449/1844/1300
f 1449/1844/1300 1458/1853/1309 1450/1845/1301
f 1459/1854/1310 1460/1855/1311 1457/1852/1308
f 1457/1852/1308 1460/1855/1311 1458/1853/1309
f 1458/1853/1309 1451/1846/1302 1450/1845/1301
f 1450/1845/1301 1451/1846/1302 1446/1841/1297
f 1460/1855/1311 1456/1851/1307 1458/1853/1309
f 1458/1853/1309 1456/1851/1307 1451/1846/1302
f 1456/1851/1307 1461/1856/1312 1462/1857/1313
f 1462/1857/1313 1461/1856/1312 1463/1858/1314
f 1463/1858/1314 1464/1859/1315 1462/1857/1313
f 1462/1857/1313 1464/1859/1315 1465/1860/1316
f 1466/1861/1317 1467/1862/1318 1463/1858/1314
f 1463/1858/1314 1467/1862/1318 1464/1859/1315
f 1468/1863/1319 1466/1861/1317 1461/1856/1312
f 1461/1856/1312 1466/1861/1317 1463/1858/1314
f 1469/1864/1320 1470/1865/1321 1459/1854/1310
f 1459/1854/1310 1470/1865/1321 1460/1855/1311
f 1471/1866/1322 1472/1867/1323 1469/1864/1320
f 1469/1864/1320 1472/1867/1323 1470/1865/1321
f 1470/1865/1321 1461/1856/1312 1460/1855/1311
f 1460/1855/1311 1461/1856/1312 1456/1851/1307
f 1472/1867/1323 1468/1863/1319 1470/1865/1321
f 1470/1865/1321 1468/1863/1319 1461/1856/1312
f 1473/1868/1324 1474/1869/1325 1468/1863/1319
f 1468/1863/1319 1474/1869/1325 1466/1861/1317
f 1474/1869/1325 1475/1870/1326 1466/1861/1317
f 1466/1861/1317 1475/1870/1326 1467/1862/1318
f 1476/1871/1327 1477/1872/1328 1474/1869/1325
f 1474/1869/1325 1477/1872/1328 1475/1870/1326
f 1478/1873/1329 1476/1871/1327 1473/1868/1324
f 1473/1868/1324 1476/1871/1327 1474/1869/1325
f 1479/1874/1330 1480/1875/1331 1471/1866/1322
f 1471/1866/1322 1480/1875/1331 1472/1867/1323
f 1481/1876/1332 1482/1877/1333 1479/1874/1330
f 1479/1874/1330 1482/1877/1333 1480/1875/1331
f 1480/1875/1331 1473/1868/1324 1472/1867/1323
f 1472/1867/1323 1473/1868/1324 1468/1863/1319
f 1482/1877/1333 1478/1873/1329 1480/1875/1331
f 1480/1875/1331 1478/1873/1329 1473/1868/1324
f 1483/1878/1334 1484/1879/1335 1478/1873/1329
f 1478/1873/1329 1484/1879/1335 1476/1871/1327
f 1484/1879/1335 1485/1880/1336 1476/1871/1327
f 1476/1871/1327 1485/1880/1336 1477/1872/1328
f 1484/1879/1335 1486/1881/1337 1485/1880/1336
f 1485/1880/1336 1486/1881/1337 1487/1882/1338
f 1483/1878/1334 1488/1883/1339 1484/1879/1335
f 1484/1879/1335 1488/1883/1339 1486/1881/1337
f 1489/1884/1340 1490/1885/1341 1481/1876/1332
f 1481/1876/1332 1490/1885/1341 1482/1877/1333
f 1491/1886/1342 1492/1887/1343 1489/1884/1340
f 1489/1884/1340 1492/1887/1343 1490/1885/1341
f 1490/1885/1341 1483/1878/1334 1482/1877/1333
f 1482/1877/1333 1483/1878/1334 1478/1873/1329
f 1492/1887/1343 1488/1883/1339 1490/1885/1341
f 1490/1885/1341 1488/1883/1339 1483/1878/1334
f 1493/1888/1344 1494/1889/1345 1495/1890/1346
f 1495/1890/1346 1494/1889/1345 1496/1891/1347
f 1497/1892/1348 1498/1893/1349 1495/1890/1346
f 1495/1890/1346 1498/1893/1349 1493/1888/1344
f 1499/1894/1350 1500/1895/1351 1445/1840/1296
f 1445/1840/1296 1500/1895/1351 1443/1838/1294
f 1500/1895/1351 1501/1896/1352 1443/1838/1294
f 1443/1838/1294 1501/1896/1352 1442/1837/1293
f 1500/1895/1351 1385/1780/1236 1501/1896/1352
f 1501/1896/1352 1385/1780/1236 1387/1782/1238
f 1499/1894/1350 1386/1781/1237 1500/1895/1351
f 1500/1895/1351 1386/1781/1237 1385/1780/1236
f 1390/1785/1241 1391/1786/1242 1502/1897/1353
f 1502/1897/1353 1391/1786/1242 1503/1898/1354
f 1503/1898/1354 1453/1848/1304 1502/1897/1353
f 1502/1897/1353 1453/1848/1304 1455/1850/1306
f 1499/1894/1350 1445/1840/1296 1503/1898/1354
f 1503/1898/1354 1445/1840/1296 1453/1848/1304
f 1391/1786/1242 1386/1781/1237 1503/1898/1354
f 1503/1898/1354 1386/1781/1237 1499/1894/1350
f 1440/1835/1291 1504/1899/1355 1434/1829/1285
f 1434/1829/1285 1504/1899/1355 1432/1827/1283
f 1433/1828/1284 1432/1827/1283 1505/1900/1356
f 1505/1900/1356 1432/1827/1283 1504/1899/1355
f 1442/1837/1293 1505/1900/1356 1440/1835/1291
f 1440/1835/1291 1505/1900/1356 1504/1899/1355
f 1506/1901/1357 1507/1902/1358 1387/1782/1238
f 1387/1782/1238 1507/1902/1358 1501/1896/1352
f 1501/1896/1352 1507/1902/1358 1442/1837/1293
f 1442/1837/1293 1507/1902/1358 1505/1900/1356
f 1507/1902/1358 1508/1903/1359 1505/1900/1356
f 1505/1900/1356 1508/1903/1359 1433/1828/1284
f 1509/1904/1360 1508/1903/1359 1506/1901/1357
f 1506/1901/1357 1508/1903/1359 1507/1902/1358
f 1510/1905/1361 1511/1906/1362 1390/1785/1241
f 1390/1785/1241 1511/1906/1362 1388/1783/1239
f 1388/1783/1239 1511/1906/1362 1393/1788/1244
f 1393/1788/1244 1511/1906/1362 1512/1907/1363
f 1513/1908/1364 1512/1907/1363 1510/1905/1361
f 1510/1905/1361 1512/1907/1363 1511/1906/1362
f 1465/1860/1316 1514/1909/1365 1515/1910/1366
f 1515/1910/1366 1514/1909/1365 1516/1911/1367
f 1515/1910/1366 1516/1911/1367 1455/1850/1306
f 1455/1850/1306 1516/1911/1367 1502/1897/1353
f 1510/1905/1361 1390/1785/1241 1516/1911/1367
f 1516/1911/1367 1390/1785/1241 1502/1897/1353
f 1513/1908/1364 1510/1905/1361 1514/1909/1365
f 1514/1909/1365 1510/1905/1361 1516/1911/1367
f 1462/1857/1313 1517/1912/1368 1456/1851/1307
f 1456/1851/1307 1517/1912/1368 1454/1849/1305
f 1455/1850/1306 1454/1849/1305 1515/1910/1366
f 1515/1910/1366 1454/1849/1305 1517/1912/1368
f 1465/1860/1316 1515/1910/1366 1462/1857/1313
f 1462/1857/1313 1515/1910/1366 1517/1912/1368
f 1509/1904/1360 1506/1901/1357 1518/1913/1369
f 1518/1913/1369 1506/1901/1357 1519/1914/1370
f 1518/1913/1369 1519/1914/1370 1379/1774/1230
f 1379/1774/1230 1519/1914/1370 1380/1775/1231
f 1380/1775/1231 1519/1914/1370 1387/1782/1238
f 1387/1782/1238 1519/1914/1370 1506/1901/1357
f 1520/1915/1371 1521/1916/1372 1522/1917/1373
f 1522/1917/1373 1521/1916/1372 1523/1918/1374
f 1522/1917/1373 1524/1919/1375 1520/1915/1371
f 1520/1915/1371 1524/1919/1375 1525/1920/1376
f 1526/1921/1377 1527/1922/1378 1528/1923/1379
f 1528/1923/1379 1527/1922/1378 1529/1924/1380
f 1528/1923/1379 1529/1924/1380 1530/1925/1381
f 1530/1925/1381 1529/1924/1380 1531/1926/1382
f 1399/1794/1250 1401/1796/1252 1529/1924/1380
f 1529/1924/1380 1401/1796/1252 1531/1926/1382
f 1527/1922/1378 1398/1793/1249 1529/1924/1380
f 1529/1924/1380 1398/1793/1249 1399/1794/1250
f 1530/1925/1381 1531/1926/1382 1532/1927/1383
f 1532/1927/1383 1531/1926/1382 1533/1928/1384
f 1532/1927/1383 1533/1928/1384 1534/1929/1385
f 1534/1929/1385 1533/1928/1384 1535/1930/1386
f 1411/1806/1262 1413/1808/1264 1533/1928/1384
f 1533/1928/1384 1413/1808/1264 1535/1930/1386
f 1401/1796/1252 1411/1806/1262 1531/1926/1382
f 1531/1926/1382 1411/1806/1262 1533/1928/1384
f 1535/1930/1386 1536/1931/1387 1534/1929/1385
f 1534/1929/1385 1536/1931/1387 1537/1932/1388
f 1537/1932/1388 1536/1931/1387 1538/1933/1389
f 1538/1933/1389 1536/1931/1387 1539/1934/1390
f 1536/1931/1387 1421/1816/1272 1539/1934/1390
f 1539/1934/1390 1421/1816/1272 1423/1818/1274
f 1413/1808/1264 1421/1816/1272 1535/1930/1386
f 1535/1930/1386 1421/1816/1272 1536/1931/1387
f 1540/1935/1391 1541/1936/1392 1467/1862/1318
f 1467/1862/1318 1541/1936/1392 1464/1859/1315
f 1541/1936/1392 1542/1937/1393 1464/1859/1315
f 1464/1859/1315 1542/1937/1393 1465/1860/1316
f 1543/1938/1394 1521/1916/1372 1541/1936/1392
f 1541/1936/1392 1521/1916/1372 1542/1937/1393
f 1544/1939/1395 1543/1938/1394 1540/1935/1391
f 1540/1935/1391 1543/1938/1394 1541/1936/1392
f 1540/1935/1391 1545/1940/1396 1544/1939/1395
f 1544/1939/1395 1545/1940/1396 1546/1941/1397
f 1546/1941/1397 1545/1940/1396 1547/1942/1398
f 1547/1942/1398 1545/1940/1396 1548/1943/1399
f 1545/1940/1396 1475/1870/1326 1548/1943/1399
f 1548/1943/1399 1475/1870/1326 1477/1872/1328
f 1467/1862/1318 1475/1870/1326 1540/1935/1391
f 1540/1935/1391 1475/1870/1326 1545/1940/1396
f 1547/1942/1398 1548/1943/1399 1549/1944/1400
f 1549/1944/1400 1548/1943/1399 1550/1945/1401
f 1550/1945/1401 1551/1946/1402 1549/1944/1400
f 1549/1944/1400 1551/1946/1402 1552/1947/1403
f 1485/1880/1336 1487/1882/1338 1550/1945/1401
f 1550/1945/1401 1487/1882/1338 1551/1946/1402
f 1548/1943/1399 1477/1872/1328 1550/1945/1401
f 1550/1945/1401 1477/1872/1328 1485/1880/1336
f 1509/1904/1360 1553/1948/1404 1554/1949/1405
f 1554/1949/1405 1553/1948/1404 1555/1950/1406
f 1556/1951/1407 1555/1950/1406 1557/1952/1408
f 1557/1952/1408 1555/1950/1406 1558/1953/1409
f 1558/1953/1409 1555/1950/1406 1553/1948/1404
f 1513/1908/1364 1514/1909/1365 1559/1954/1410
f 1521/1916/1372 1560/1955/1411 1542/1937/1393
f 1542/1937/1393 1560/1955/1411 1559/1954/1410
f 1542/1937/1393 1559/1954/1410 1465/1860/1316
f 1465/1860/1316 1559/1954/1410 1514/1909/1365
f 1508/1903/1359 1554/1949/1405 1433/1828/1284
f 1433/1828/1284 1554/1949/1405 1561/1956/1412
f 1509/1904/1360 1554/1949/1405 1508/1903/1359
f 1513/1908/1364 1559/1954/1410 1562/1957/1413
f 1562/1957/1413 1559/1954/1410 1560/1955/1411
f 1562/1957/1413 1560/1955/1411 1525/1920/1376
f 1525/1920/1376 1560/1955/1411 1520/1915/1371
f 1431/1826/1282 1563/1958/1414 1423/1818/1274
f 1423/1818/1274 1563/1958/1414 1539/1934/1390
f 1563/1958/1414 1564/1959/1415 1539/1934/1390
f 1539/1934/1390 1564/1959/1415 1538/1933/1389
f 1561/1956/1412 1556/1951/1407 1563/1958/1414
f 1563/1958/1414 1556/1951/1407 1564/1959/1415
f 1433/1828/1284 1561/1956/1412 1431/1826/1282
f 1431/1826/1282 1561/1956/1412 1563/1958/1414
f 1558/1953/1409 1553/1948/1404 1565/1960/1416
f 1565/1960/1416 1553/1948/1404 1566/1961/1417
f 1566/1961/1417 1567/1962/1418 1565/1960/1416
f 1565/1960/1416 1567/1962/1418 1568/1963/1419
f 1518/1913/1369 1379/1774/1230 1566/1961/1417
f 1566/1961/1417 1379/1774/1230 1567/1962/1418
f 1509/1904/1360 1518/1913/1369 1553/1948/1404
f 1553/1948/1404 1518/1913/1369 1566/1961/1417
f 1569/1964/1420 1570/1965/1421 1571/1966/1422
f 1571/1966/1422 1570/1965/1421 1572/1967/1423
f 1571/1966/1422 1572/1967/1423 1383/1778/1234
f 1383/1778/1234 1572/1967/1423 1381/1776/1232
f 1572/1967/1423 1567/1962/1418 1381/1776/1232
f 1381/1776/1232 1567/1962/1418 1379/1774/1230
f 1570/1965/1421 1568/1963/1419 1572/1967/1423
f 1572/1967/1423 1568/1963/1419 1567/1962/1418
f 1393/1788/1244 1573/1968/1424 1392/1787/1243
f 1392/1787/1243 1573/1968/1424 1574/1969/1425
f 1392/1787/1243 1574/1969/1425 1383/1778/1234
f 1383/1778/1234 1574/1969/1425 1571/1966/1422
f 1574/1969/1425 1575/1970/1426 1571/1966/1422
f 1571/1966/1422 1575/1970/1426 1569/1964/1420
f 1573/1968/1424 1576/1971/1427 1574/1969/1425
f 1574/1969/1425 1576/1971/1427 1575/1970/1426
f 1513/1908/1364 1562/1957/1413 1512/1907/1363
f 1512/1907/1363 1562/1957/1413 1577/1972/1428
f 1512/1907/1363 1577/1972/1428 1393/1788/1244
f 1393/1788/1244 1577/1972/1428 1573/1968/1424
f 1577/1972/1428 1578/1973/1429 1573/1968/1424
f 1573/1968/1424 1578/1973/1429 1576/1971/1427
f 1525/1920/1376 1578/1973/1429 1562/1957/1413
f 1562/1957/1413 1578/1973/1429 1577/1972/1428
f 1528/1923/1379 1579/1974/1430 1526/1921/1377
f 1526/1921/1377 1579/1974/1430 1580/1975/1431
f 1528/1923/1379 1530/1925/1381 1579/1974/1430
f 1579/1974/1430 1530/1925/1381 1581/1976/1432
f 1532/1927/1383 1582/1977/1433 1530/1925/1381
f 1530/1925/1381 1582/1977/1433 1581/1976/1432
f 1532/1927/1383 1534/1929/1385 1582/1977/1433
f 1582/1977/1433 1534/1929/1385 1583/1978/1434
f 1584/1979/1435 1583/1978/1434 1537/1932/1388
f 1537/1932/1388 1583/1978/1434 1534/1929/1385
f 1537/1932/1388 1538/1933/1389 1584/1979/1435
f 1584/1979/1435 1538/1933/1389 1585/1980/1436
f 1564/1959/1415 1586/1981/1437 1538/1933/1389
f 1538/1933/1389 1586/1981/1437 1585/1980/1436
f 1556/1951/1407 1587/1982/1438 1564/1959/1415
f 1564/1959/1415 1587/1982/1438 1586/1981/1437
f 1588/1983/1439 1523/1918/1374 1543/1938/1394
f 1543/1938/1394 1523/1918/1374 1521/1916/1372
f 1543/1938/1394 1544/1939/1395 1588/1983/1439
f 1588/1983/1439 1544/1939/1395 1589/1984/1440
f 1546/1941/1397 1590/1985/1441 1544/1939/1395
f 1544/1939/1395 1590/1985/1441 1589/1984/1440
f 1547/1942/1398 1591/1986/1442 1546/1941/1397
f 1546/1941/1397 1591/1986/1442 1590/1985/1441
f 1549/1944/1400 1592/1987/1443 1547/1942/1398
f 1547/1942/1398 1592/1987/1443 1591/1986/1442
f 1552/1947/1403 1593/1988/1444 1549/1944/1400
f 1549/1944/1400 1593/1988/1444 1592/1987/1443
f 1557/1952/1408 1594/1989/1445 1556/1951/1407
f 1556/1951/1407 1594/1989/1445 1587/1982/1438
f 1558/1953/1409 1595/1990/1446 1557/1952/1408
f 1557/1952/1408 1595/1990/1446 1594/1989/1445
f 1596/1991/1447 1595/1990/1446 1565/1960/1416
f 1565/1960/1416 1595/1990/1446 1558/1953/1409
f 1565/1960/1416 1568/1963/1419 1596/1991/1447
f 1596/1991/1447 1568/1963/1419 1597/1992/1448
f 1578/1973/1429 1598/1993/1449 1576/1971/1427
f 1576/1971/1427 1598/1993/1449 1599/1994/1450
f 1525/1920/1376 1524/1919/1375 1578/1973/1429
f 1578/1973/1429 1524/1919/1375 1598/1993/1449
f 1600/1995/1451 1597/1992/1448 1570/1965/1421
f 1570/1965/1421 1597/1992/1448 1568/1963/1419
f 1570/1965/1421 1569/1964/1420 1600/1995/1451
f 1600/1995/1451 1569/1964/1420 1601/1996/1452
f 1575/1970/1426 1602/1997/1453 1569/1964/1420
f 1569/1964/1420 1602/1997/1453 1601/1996/1452
f 1576/1971/1427 1599/1994/1450 1575/1970/1426
f 1575/1970/1426 1599/1994/1450 1602/1997/1453
f 1487/1998/1338 1603/1999/1454 1551/2000/1402
f 1551/2000/1402 1603/1999/1454 1604/2001/1455
f 1551/2000/1402 1604/2001/1455 1552/2002/1403
f 1552/2002/1403 1604/2001/1455 1605/2003/1456
f 1605/2003/1456 1606/2004/1457 1552/2002/1403
f 1552/2002/1403 1606/2004/1457 1593/2005/1444
f 1607/2006/1458 1608/2007/1459 1609/2008/1460
f 1609/2008/1460 1608/2007/1459 1610/2009/1461
f 1611/2010/1462 1607/2006/1458 1612/2011/1463
f 1612/2011/1463 1607/2006/1458 1609/2008/1460
f 1613/2012/1464 1614/2013/1465 1603/1999/1454
f 1603/1999/1454 1614/2013/1465 1615/2014/1466
f 1614/2013/1465 1611/2010/1462 1615/2014/1466
f 1615/2014/1466 1611/2010/1462 1612/2011/1463
f 1616/2015/1467 1617/2016/1468 1604/2001/1455
f 1604/2001/1455 1617/2016/1468 1605/2003/1456
f 1616/2015/1467 1618/2017/1469 1617/2016/1468
f 1617/2016/1468 1618/2017/1469 1619/2018/1470
f 1615/2014/1466 1612/2011/1463 1616/2015/1467
f 1616/2015/1467 1612/2011/1463 1618/2017/1469
f 1603/1999/1454 1615/2014/1466 1604/2001/1455
f 1604/2001/1455 1615/2014/1466 1616/2015/1467
f 1617/2016/1468 1620/2019/1471 1605/2003/1456
f 1605/2003/1456 1620/2019/1471 1606/2004/1457
f 1619/2018/1470 1621/2020/1472 1617/2016/1468
f 1617/2016/1468 1621/2020/1472 1620/2019/1471
f 1622/2021/1473 1623/2022/1474 1610/2009/1461
f 1610/2009/1461 1623/2022/1474 1609/2008/1460
f 1623/2022/1474 1618/2017/1469 1609/2008/1460
f 1609/2008/1460 1618/2017/1469 1612/2011/1463
f 1624/2023/1475 1619/2018/1470 1623/2022/1474
f 1623/2022/1474 1619/2018/1470 1618/2017/1469
f 1625/2024/1476 1624/2023/1475 1622/2021/1473
f 1622/2021/1473 1624/2023/1475 1623/2022/1474
f 1625/2024/1476 1626/2025/1477 1624/2023/1475
f 1624/2023/1475 1626/2025/1477 1627/2026/1478
f 1624/2023/1475 1627/2026/1478 1619/2018/1470
f 1619/2018/1470 1627/2026/1478 1621/2020/1472
f 1628/2027/1479 1492/2028/1343 1629/2029/1480
f 1629/2029/1480 1492/2028/1343 1491/2030/1342
f 1629/2029/1480 1630/2031/1481 1628/2027/1479
f 1628/2027/1479 1630/2031/1481 1631/2032/1482
f 1494/1889/1345 1493/1888/1344 1611/2010/1462
f 1611/2010/1462 1493/1888/1344 1607/2006/1458
f 1493/1888/1344 1498/1893/1349 1607/2006/1458
f 1607/2006/1458 1498/1893/1349 1608/2007/1459
f 1628/2033/1479 1631/2034/1482 1613/2012/1464
f 1613/2012/1464 1631/2034/1482 1614/2013/1465
f 1631/2034/1482 1494/1889/1345 1614/2013/1465
f 1614/2013/1465 1494/1889/1345 1611/2010/1462
f 1492/2035/1343 1628/2033/1479 1488/2036/1339
f 1488/2036/1339 1628/2033/1479 1613/2012/1464
f 1630/2031/1481 1496/1891/1347 1631/2032/1482
f 1631/2032/1482 1496/1891/1347 1494/1889/1345
f 1632/2037/1483 1633/2038/1484 1634/2039/1485
f 1634/2039/1485 1633/2038/1484 1635/2040/1486
f 1633/2038/1484 1632/2037/1483 1636/2041/1487
f 1636/2041/1487 1632/2037/1483 1637/2042/1488
f 1632/2037/1483 1629/2029/1480 1637/2042/1488
f 1637/2042/1488 1629/2029/1480 1491/2030/1342
f 1629/2029/1480 1632/2037/1483 1630/2031/1481
f 1630/2031/1481 1632/2037/1483 1634/2039/1485
f 1630/2031/1481 1634/2039/1485 1496/1891/1347
f 1496/1891/1347 1634/2039/1485 1495/1890/1346
f 1634/2039/1485 1635/2040/1486 1495/1890/1346
f 1495/1890/1346 1635/2040/1486 1497/1892/1348
f 1488/2036/1339 1613/2012/1464 1486/2043/1337
f 1486/2043/1337 1613/2012/1464 1603/1999/1454
f 1486/2043/1337 1603/1999/1454 1487/1998/1338
f 1522/1917/1373 1523/1918/1374 1638/2044/1489
f 1638/2044/1489 1523/1918/1374 1639/2045/1490
f 1524/1919/1375 1522/1917/1373 1640/2046/1491
f 1640/2046/1491 1522/1917/1373 1638/2044/1489
f 1641/2047/1492 1642/2048/1493 1579/1974/1430
f 1579/1974/1430 1642/2048/1493 1580/1975/1431
f 1643/2049/1494 1641/2047/1492 1581/1976/1432
f 1581/1976/1432 1641/2047/1492 1579/1974/1430
f 1644/2050/1495 1643/2049/1494 1582/1977/1433
f 1582/1977/1433 1643/2049/1494 1581/1976/1432
f 1645/2051/1496 1644/2050/1495 1583/1978/1434
f 1583/1978/1434 1644/2050/1495 1582/1977/1433
f 1646/2052/1497 1645/2051/1496 1584/1979/1435
f 1584/1979/1435 1645/2051/1496 1583/1978/1434
f 1647/2053/1498 1646/2052/1497 1585/1980/1436
f 1585/1980/1436 1646/2052/1497 1584/1979/1435
f 1648/2054/1499 1647/2053/1498 1586/1981/1437
f 1586/1981/1437 1647/2053/1498 1585/1980/1436
f 1649/2055/1500 1648/2054/1499 1587/1982/1438
f 1587/1982/1438 1648/2054/1499 1586/1981/1437
f 1639/2045/1490 1523/1918/1374 1650/2056/1501
f 1650/2056/1501 1523/1918/1374 1588/1983/1439
f 1589/1984/1440 1651/2057/1502 1588/1983/1439
f 1588/1983/1439 1651/2057/1502 1650/2056/1501
f 1652/2058/1503 1651/2057/1502 1590/1985/1441
f 1590/1985/1441 1651/2057/1502 1589/1984/1440
f 1653/2059/1504 1652/2058/1503 1591/1986/1442
f 1591/1986/1442 1652/2058/1503 1590/1985/1441
f 1653/2059/1504 1591/1986/1442 1654/2060/1505
f 1654/2060/1505 1591/1986/1442 1592/1987/1443
f 1593/1988/1444 1655/2061/1506 1592/1987/1443
f 1592/1987/1443 1655/2061/1506 1654/2060/1505
f 1594/1989/1445 1656/2062/1507 1587/1982/1438
f 1587/1982/1438 1656/2062/1507 1649/2055/1500
f 1595/1990/1446 1657/2063/1508 1594/1989/1445
f 1594/1989/1445 1657/2063/1508 1656/2062/1507
f 1596/1991/1447 1658/2064/1509 1595/1990/1446
f 1595/1990/1446 1658/2064/1509 1657/2063/1508
f 1659/2065/1510 1658/2064/1509 1597/1992/1448
f 1597/1992/1448 1658/2064/1509 1596/1991/1447
f 1598/1993/1449 1524/1919/1375 1660/2066/1511
f 1660/2066/1511 1524/1919/1375 1640/2046/1491
f 1599/1994/1450 1598/1993/1449 1661/2067/1512
f 1661/2067/1512 1598/1993/1449 1660/2066/1511
f 1662/2068/1513 1659/2065/1510 1600/1995/1451
f 1600/1995/1451 1659/2065/1510 1597/1992/1448
f 1663/2069/1514 1662/2068/1513 1601/1996/1452
f 1601/1996/1452 1662/2068/1513 1600/1995/1451
f 1664/2070/1515 1663/2069/1514 1602/1997/1453
f 1602/1997/1453 1663/2069/1514 1601/1996/1452
f 1661/2067/1512 1664/2070/1515 1599/1994/1450
f 1599/1994/1450 1664/2070/1515 1602/1997/1453
f 1655/2071/1506 1593/2005/1444 1665/2072/1516
f 1665/2072/1516 1593/2005/1444 1606/2004/1457
f 1666/2073/1517 1627/2026/1478 1667/2074/1518
f 1667/2074/1518 1627/2026/1478 1626/2025/1477
f 1668/2075/1519 1621/2020/1472 1666/2073/1517
f 1666/2073/1517 1621/2020/1472 1627/2026/1478
f 1620/2019/1471 1669/2076/1520 1606/2004/1457
f 1606/2004/1457 1669/2076/1520 1665/2072/1516
f 1669/2076/1520 1620/2019/1471 1668/2075/1519
f 1668/2075/1519 1620/2019/1471 1621/2020/1472
f 1521/1916/1372 1520/1915/1371 1560/1955/1411
f 1556/1951/1407 1561/1956/1412 1555/1950/1406
f 1555/1950/1406 1561/1956/1412 1554/1949/1405
f 1670/2077/1521 1671/2078/1522 1672/2079/1523
f 1672/2079/1523 1671/2078/1522 1673/2080/1524
f 1671/2078/1522 1674/2081/1525 1673/2080/1524
f 1673/2080/1524 1674/2081/1525 1675/2082/1526
f 1673/2080/1524 1675/2082/1526 1676/2083/1527
f 1676/2083/1527 1675/2082/1526 1677/2084/1528
f 1672/2079/1523 1673/2080/1524 1678/2085/1529
f 1678/2085/1529 1673/2080/1524 1676/2083/1527
f 1679/2086/1530 1680/2087/1531 1681/2088/1532
f 1681/2088/1532 1680/2087/1531 1682/2089/1533
f 1677/2084/1528 1675/2082/1526 1679/2086/1530
f 1679/2086/1530 1675/2082/1526 1680/2087/1531
f 1675/2082/1526 1674/2081/1525 1680/2087/1531
f 1680/2087/1531 1674/2081/1525 1683/2090/1534
f 1680/2087/1531 1683/2090/1534 1682/2089/1533
f 1682/2089/1533 1683/2090/1534 1684/2091/1535
f 1394/2092/1245 1396/2093/1247 1685/2094/1536
f 1685/2094/1536 1396/2093/1247 1686/2095/1537
f 1396/2093/1247 1398/2096/1249 1686/2095/1537
f 1686/2095/1537 1398/2096/1249 1687/2097/1538
f 1686/2095/1537 1687/2097/1538 1688/2098/1539
f 1688/2098/1539 1687/2097/1538 1689/2099/1540
f 1685/2094/1536 1686/2095/1537 1690/2100/1541
f 1690/2100/1541 1686/2095/1537 1688/2098/1539
f 1691/2101/1542 1405/2102/1256 1692/2103/1543
f 1692/2103/1543 1405/2102/1256 1406/2104/1257
f 1691/2101/1542 1692/2103/1543 1693/2105/1544
f 1693/2105/1544 1692/2103/1543 1694/2106/1545
f 1692/2103/1543 1406/2104/1257 1685/2094/1536
f 1685/2094/1536 1406/2104/1257 1394/2092/1245
f 1692/2103/1543 1685/2094/1536 1694/2106/1545
f 1694/2106/1545 1685/2094/1536 1690/2100/1541
f 1690/2100/1541 1688/2098/1539 1695/2107/1546
f 1695/2107/1546 1688/2098/1539 1696/2108/1547
f 1688/2098/1539 1689/2099/1540 1696/2108/1547
f 1696/2108/1547 1689/2099/1540 1697/2109/1548
f 1696/2108/1547 1697/2109/1548 1698/2110/1549
f 1698/2110/1549 1697/2109/1548 1699/2111/1550
f 1695/2107/1546 1696/2108/1547 1700/2112/1551
f 1700/2112/1551 1696/2108/1547 1698/2110/1549
f 1693/2105/1544 1694/2106/1545 1701/2113/1552
f 1701/2113/1552 1694/2106/1545 1702/2114/1553
f 1701/2113/1552 1702/2114/1553 1703/2115/1554
f 1703/2115/1554 1702/2114/1553 1704/2116/1555
f 1694/2106/1545 1690/2100/1541 1702/2114/1553
f 1702/2114/1553 1690/2100/1541 1695/2107/1546
f 1702/2114/1553 1695/2107/1546 1704/2116/1555
f 1704/2116/1555 1695/2107/1546 1700/2112/1551
f 1700/2112/1551 1698/2110/1549 1705/2117/1556
f 1705/2117/1556 1698/2110/1549 1706/2118/1557
f 1698/2110/1549 1699/2111/1550 1706/2118/1557
f 1706/2118/1557 1699/2111/1550 1707/2119/1558
f 1706/2118/1557 1707/2119/1558 1708/2120/1559
f 1708/2120/1559 1707/2119/1558 1709/2121/1560
f 1705/2117/1556 1706/2118/1557 1710/2122/1561
f 1710/2122/1561 1706/2118/1557 1708/2120/1559
f 1703/2115/1554 1704/2116/1555 1711/2123/1562
f 1711/2123/1562 1704/2116/1555 1712/2124/1563
f 1711/2123/1562 1712/2124/1563 1713/2125/1564
f 1713/2125/1564 1712/2124/1563 1714/2126/1565
f 1704/2116/1555 1700/2112/1551 1712/2124/1563
f 1712/2124/1563 1700/2112/1551 1705/2117/1556
f 1712/2124/1563 1705/2117/1556 1714/2126/1565
f 1714/2126/1565 1705/2117/1556 1710/2122/1561
f 1710/2122/1561 1708/2120/1559 1715/2127/1566
f 1715/2127/1566 1708/2120/1559 1716/2128/1567
f 1708/2120/1559 1709/2121/1560 1716/2128/1567
f 1716/2128/1567 1709/2121/1560 1717/2129/1568
f 1716/2128/1567 1717/2129/1568 1718/2130/1569
f 1718/2130/1569 1717/2129/1568 1719/2131/1570
f 1716/2128/1567 1718/2130/1569 1715/2127/1566
f 1715/2127/1566 1718/2130/1569 1720/2132/1571
f 1713/2125/1564 1714/2126/1565 1721/2133/1572
f 1721/2133/1572 1714/2126/1565 1722/2134/1573
f 1721/2133/1572 1722/2134/1573 1723/2135/1574
f 1723/2135/1574 1722/2134/1573 1724/2136/1575
f 1714/2126/1565 1710/2122/1561 1722/2134/1573
f 1722/2134/1573 1710/2122/1561 1715/2127/1566
f 1722/2134/1573 1715/2127/1566 1724/2136/1575
f 1724/2136/1575 1715/2127/1566 1720/2132/1571
f 1720/2132/1571 1725/2137/1576 1726/2138/1577
f 1726/2138/1577 1725/2137/1576 1727/2139/1578
f 1725/2137/1576 1728/2140/1579 1727/2139/1578
f 1727/2139/1578 1728/2140/1579 1729/2141/1580
f 1727/2139/1578 1729/2141/1580 1730/2142/1581
f 1730/2142/1581 1729/2141/1580 1731/2143/1582
f 1726/2138/1577 1727/2139/1578 1732/2144/1583
f 1732/2144/1583 1727/2139/1578 1730/2142/1581
f 1723/2135/1574 1724/2136/1575 1733/2145/1584
f 1733/2145/1584 1724/2136/1575 1734/2146/1585
f 1733/2145/1584 1734/2146/1585 1735/2147/1586
f 1735/2147/1586 1734/2146/1585 1736/2148/1587
f 1724/2136/1575 1720/2132/1571 1734/2146/1585
f 1734/2146/1585 1720/2132/1571 1726/2138/1577
f 1734/2146/1585 1726/2138/1577 1736/2148/1587
f 1736/2148/1587 1726/2138/1577 1732/2144/1583
f 1730/2142/1581 1737/2149/1588 1732/2144/1583
f 1732/2144/1583 1737/2149/1588 1738/2150/1589
f 1731/2143/1582 1739/2151/1590 1730/2142/1581
f 1730/2142/1581 1739/2151/1590 1737/2149/1588
f 1739/2151/1590 1740/2152/1591 1737/2149/1588
f 1737/2149/1588 1740/2152/1591 1741/2153/1592
f 1737/2149/1588 1741/2153/1592 1738/2150/1589
f 1738/2150/1589 1741/2153/1592 1742/2154/1593
f 1743/2155/1594 1735/2147/1586 1744/2156/1595
f 1744/2156/1595 1735/2147/1586 1736/2148/1587
f 1744/2156/1595 1745/2157/1596 1743/2155/1594
f 1743/2155/1594 1745/2157/1596 1746/2158/1597
f 1744/2156/1595 1736/2148/1587 1738/2150/1589
f 1738/2150/1589 1736/2148/1587 1732/2144/1583
f 1738/2150/1589 1742/2154/1593 1744/2156/1595
f 1744/2156/1595 1742/2154/1593 1745/2157/1596
f 1742/2154/1593 1747/2159/1598 1748/2160/1599
f 1748/2160/1599 1747/2159/1598 1749/2161/1600
f 1750/2162/1601 1751/2163/1602 1747/2159/1598
f 1747/2159/1598 1751/2163/1602 1749/2161/1600
f 1751/2163/1602 1752/2164/1603 1749/2161/1600
f 1749/2161/1600 1752/2164/1603 1753/2165/1604
f 1749/2161/1600 1753/2165/1604 1748/2160/1599
f 1748/2160/1599 1753/2165/1604 1754/2166/1605
f 1755/2167/1606 1746/2158/1597 1756/2168/1607
f 1756/2168/1607 1746/2158/1597 1745/2157/1596
f 1756/2168/1607 1757/2169/1608 1755/2167/1606
f 1755/2167/1606 1757/2169/1608 1758/2170/1609
f 1756/2168/1607 1745/2157/1596 1748/2160/1599
f 1748/2160/1599 1745/2157/1596 1742/2154/1593
f 1748/2160/1599 1754/2166/1605 1756/2168/1607
f 1756/2168/1607 1754/2166/1605 1757/2169/1608
f 1753/2165/1604 1759/2171/1610 1754/2166/1605
f 1754/2166/1605 1759/2171/1610 1760/2172/1611
f 1752/2164/1603 1761/2173/1612 1753/2165/1604
f 1753/2165/1604 1761/2173/1612 1759/2171/1610
f 1761/2173/1612 1762/2174/1613 1759/2171/1610
f 1759/2171/1610 1762/2174/1613 1763/2175/1614
f 1759/2171/1610 1763/2175/1614 1760/2172/1611
f 1760/2172/1611 1763/2175/1614 1764/2176/1615
f 1765/2177/1616 1758/2170/1609 1766/2178/1617
f 1766/2178/1617 1758/2170/1609 1757/2169/1608
f 1766/2178/1617 1767/2179/1618 1765/2177/1616
f 1765/2177/1616 1767/2179/1618 1768/2180/1619
f 1766/2178/1617 1757/2169/1608 1760/2172/1611
f 1760/2172/1611 1757/2169/1608 1754/2166/1605
f 1760/2172/1611 1764/2176/1615 1766/2178/1617
f 1766/2178/1617 1764/2176/1615 1767/2179/1618
f 1763/2175/1614 1769/2181/1620 1764/2176/1615
f 1764/2176/1615 1769/2181/1620 1770/2182/1621
f 1762/2174/1613 1771/2183/1622 1763/2175/1614
f 1763/2175/1614 1771/2183/1622 1769/2181/1620
f 1769/2181/1620 1771/2183/1622 1772/2184/1623
f 1772/2184/1623 1771/2183/1622 1773/2185/1624
f 1770/2182/1621 1769/2181/1620 1774/2186/1625
f 1774/2186/1625 1769/2181/1620 1772/2184/1623
f 1775/2187/1626 1768/2180/1619 1776/2188/1627
f 1776/2188/1627 1768/2180/1619 1767/2179/1618
f 1776/2188/1627 1777/2189/1628 1775/2187/1626
f 1775/2187/1626 1777/2189/1628 1778/2190/1629
f 1776/2188/1627 1767/2179/1618 1770/2182/1621
f 1770/2182/1621 1767/2179/1618 1764/2176/1615
f 1770/2182/1621 1774/2186/1625 1776/2188/1627
f 1776/2188/1627 1774/2186/1625 1777/2189/1628
f 1779/2191/1630 1780/2192/1631 1781/2193/1632
f 1781/2193/1632 1780/2192/1631 1782/2194/1633
f 1782/2194/1633 1498/1893/1349 1781/2193/1632
f 1781/2193/1632 1498/1893/1349 1497/1892/1348
f 1729/2141/1580 1783/2195/1634 1731/2143/1582
f 1731/2143/1582 1783/2195/1634 1784/2196/1635
f 1728/2140/1579 1785/2197/1636 1729/2141/1580
f 1729/2141/1580 1785/2197/1636 1783/2195/1634
f 1783/2195/1634 1785/2197/1636 1676/2083/1527
f 1676/2083/1527 1785/2197/1636 1678/2085/1529
f 1784/2196/1635 1783/2195/1634 1677/2084/1528
f 1677/2084/1528 1783/2195/1634 1676/2083/1527
f 1681/2088/1532 1786/2198/1637 1679/2086/1530
f 1679/2086/1530 1786/2198/1637 1787/2199/1638
f 1740/2152/1591 1739/2151/1590 1786/2198/1637
f 1786/2198/1637 1739/2151/1590 1787/2199/1638
f 1739/2151/1590 1731/2143/1582 1787/2199/1638
f 1787/2199/1638 1731/2143/1582 1784/2196/1635
f 1679/2086/1530 1787/2199/1638 1677/2084/1528
f 1677/2084/1528 1787/2199/1638 1784/2196/1635
f 1718/2130/1569 1788/2200/1639 1720/2132/1571
f 1720/2132/1571 1788/2200/1639 1725/2137/1576
f 1719/2131/1570 1789/2201/1640 1718/2130/1569
f 1718/2130/1569 1789/2201/1640 1788/2200/1639
f 1728/2140/1579 1725/2137/1576 1789/2201/1640
f 1789/2201/1640 1725/2137/1576 1788/2200/1639
f 1785/2197/1636 1790/2202/1641 1678/2085/1529
f 1678/2085/1529 1790/2202/1641 1791/2203/1642
f 1785/2197/1636 1728/2140/1579 1790/2202/1641
f 1790/2202/1641 1728/2140/1579 1789/2201/1640
f 1790/2202/1641 1789/2201/1640 1792/2204/1643
f 1792/2204/1643 1789/2201/1640 1719/2131/1570
f 1790/2202/1641 1792/2204/1643 1791/2203/1642
f 1791/2203/1642 1792/2204/1643 1793/2205/1644
f 1682/2089/1533 1794/2206/1645 1681/2088/1532
f 1681/2088/1532 1794/2206/1645 1795/2207/1646
f 1796/2208/1647 1794/2206/1645 1684/2091/1535
f 1684/2091/1535 1794/2206/1645 1682/2089/1533
f 1797/2209/1648 1795/2207/1646 1796/2208/1647
f 1796/2208/1647 1795/2207/1646 1794/2206/1645
f 1750/2162/1601 1798/2210/1649 1799/2211/1650
f 1799/2211/1650 1798/2210/1649 1800/2212/1651
f 1798/2210/1649 1740/2152/1591 1800/2212/1651
f 1800/2212/1651 1740/2152/1591 1786/2198/1637
f 1786/2198/1637 1681/2088/1532 1800/2212/1651
f 1800/2212/1651 1681/2088/1532 1795/2207/1646
f 1800/2212/1651 1795/2207/1646 1799/2211/1650
f 1799/2211/1650 1795/2207/1646 1797/2209/1648
f 1741/2153/1592 1801/2213/1652 1742/2154/1593
f 1742/2154/1593 1801/2213/1652 1747/2159/1598
f 1740/2152/1591 1798/2210/1649 1741/2153/1592
f 1741/2153/1592 1798/2210/1649 1801/2213/1652
f 1750/2162/1601 1747/2159/1598 1798/2210/1649
f 1798/2210/1649 1747/2159/1598 1801/2213/1652
f 1793/2205/1644 1802/2214/1653 1791/2203/1642
f 1791/2203/1642 1802/2214/1653 1803/2215/1654
f 1672/2079/1523 1803/2215/1654 1670/2077/1521
f 1670/2077/1521 1803/2215/1654 1802/2214/1653
f 1791/2203/1642 1803/2215/1654 1678/2085/1529
f 1678/2085/1529 1803/2215/1654 1672/2079/1523
f 1804/2216/1655 1805/2217/1656 1806/2218/1657
f 1806/2218/1657 1805/2217/1656 1807/2219/1658
f 1806/2218/1657 1807/2219/1658 1808/2220/1659
f 1808/2220/1659 1807/2219/1658 1809/2221/1660
f 1526/2222/1377 1810/2223/1661 1527/2224/1378
f 1527/2224/1378 1810/2223/1661 1811/2225/1662
f 1810/2223/1661 1812/2226/1663 1811/2225/1662
f 1811/2225/1662 1812/2226/1663 1813/2227/1664
f 1813/2227/1664 1689/2099/1540 1811/2225/1662
f 1811/2225/1662 1689/2099/1540 1687/2097/1538
f 1527/2224/1378 1811/2225/1662 1398/2096/1249
f 1398/2096/1249 1811/2225/1662 1687/2097/1538
f 1812/2226/1663 1814/2228/1665 1813/2227/1664
f 1813/2227/1664 1814/2228/1665 1815/2229/1666
f 1814/2228/1665 1816/2230/1667 1815/2229/1666
f 1815/2229/1666 1816/2230/1667 1817/2231/1668
f 1817/2231/1668 1699/2111/1550 1815/2229/1666
f 1815/2229/1666 1699/2111/1550 1697/2109/1548
f 1815/2229/1666 1697/2109/1548 1813/2227/1664
f 1813/2227/1664 1697/2109/1548 1689/2099/1540
f 1818/2232/1669 1819/2233/1670 1816/2230/1667
f 1816/2230/1667 1819/2233/1670 1817/2231/1668
f 1818/2232/1669 1820/2234/1671 1819/2233/1670
f 1819/2233/1670 1820/2234/1671 1821/2235/1672
f 1819/2233/1670 1821/2235/1672 1707/2119/1558
f 1707/2119/1558 1821/2235/1672 1709/2121/1560
f 1819/2233/1670 1707/2119/1558 1817/2231/1668
f 1817/2231/1668 1707/2119/1558 1699/2111/1550
f 1751/2163/1602 1822/2236/1673 1752/2164/1603
f 1752/2164/1603 1822/2236/1673 1823/2237/1674
f 1750/2162/1601 1824/2238/1675 1751/2163/1602
f 1751/2163/1602 1824/2238/1675 1822/2236/1673
f 1824/2238/1675 1805/2217/1656 1822/2236/1673
f 1822/2236/1673 1805/2217/1656 1825/2239/1676
f 1822/2236/1673 1825/2239/1676 1823/2237/1674
f 1823/2237/1674 1825/2239/1676 1826/2240/1677
f 1827/2241/1678 1828/2242/1679 1826/2240/1677
f 1826/2240/1677 1828/2242/1679 1823/2237/1674
f 1827/2241/1678 1829/2243/1680 1828/2242/1679
f 1828/2242/1679 1829/2243/1680 1830/2244/1681
f 1828/2242/1679 1830/2244/1681 1761/2173/1612
f 1761/2173/1612 1830/2244/1681 1762/2174/1613
f 1828/2242/1679 1761/2173/1612 1823/2237/1674
f 1823/2237/1674 1761/2173/1612 1752/2164/1603
f 1829/2243/1680 1831/2245/1682 1830/2244/1681
f 1830/2244/1681 1831/2245/1682 1832/2246/1683
f 1833/2247/1684 1834/2248/1685 1831/2245/1682
f 1831/2245/1682 1834/2248/1685 1832/2246/1683
f 1834/2248/1685 1773/2185/1624 1832/2246/1683
f 1832/2246/1683 1773/2185/1624 1771/2183/1622
f 1830/2244/1681 1832/2246/1683 1762/2174/1613
f 1762/2174/1613 1832/2246/1683 1771/2183/1622
f 1793/2205/1644 1835/2249/1686 1836/2250/1687
f 1836/2250/1687 1835/2249/1686 1837/2251/1688
f 1838/2252/1689 1839/2253/1690 1837/2251/1688
f 1836/2250/1687 1837/2251/1688 1840/2254/1691
f 1840/2254/1691 1837/2251/1688 1839/2253/1690
f 1797/2209/1648 1841/2255/1692 1799/2211/1650
f 1805/2217/1656 1824/2238/1675 1842/2256/1693
f 1842/2256/1693 1824/2238/1675 1841/2255/1692
f 1799/2211/1650 1841/2255/1692 1750/2162/1601
f 1750/2162/1601 1841/2255/1692 1824/2238/1675
f 1843/2257/1694 1835/2249/1686 1719/2131/1570
f 1719/2131/1570 1835/2249/1686 1792/2204/1643
f 1793/2205/1644 1792/2204/1643 1835/2249/1686
f 1797/2209/1648 1844/2258/1695 1841/2255/1692
f 1841/2255/1692 1844/2258/1695 1842/2256/1693
f 1807/2219/1658 1842/2256/1693 1809/2221/1660
f 1809/2221/1660 1842/2256/1693 1844/2258/1695
f 1821/2235/1672 1845/2259/1696 1709/2121/1560
f 1709/2121/1560 1845/2259/1696 1717/2129/1568
f 1820/2234/1671 1846/2260/1697 1821/2235/1672
f 1821/2235/1672 1846/2260/1697 1845/2259/1696
f 1846/2260/1697 1838/2252/1689 1845/2259/1696
f 1845/2259/1696 1838/2252/1689 1843/2257/1694
f 1845/2259/1696 1843/2257/1694 1717/2129/1568
f 1717/2129/1568 1843/2257/1694 1719/2131/1570
f 1840/2254/1691 1847/2261/1698 1836/2250/1687
f 1836/2250/1687 1847/2261/1698 1848/2262/1699
f 1849/2263/1700 1850/2264/1701 1847/2261/1698
f 1847/2261/1698 1850/2264/1701 1848/2262/1699
f 1850/2264/1701 1670/2077/1521 1848/2262/1699
f 1848/2262/1699 1670/2077/1521 1802/2214/1653
f 1848/2262/1699 1802/2214/1653 1836/2250/1687
f 1836/2250/1687 1802/2214/1653 1793/2205/1644
f 1851/2265/1702 1852/2266/1703 1853/2267/1704
f 1853/2267/1704 1852/2266/1703 1854/2268/1705
f 1852/2266/1703 1674/2081/1525 1854/2268/1705
f 1854/2268/1705 1674/2081/1525 1671/2078/1522
f 1854/2268/1705 1671/2078/1522 1850/2264/1701
f 1850/2264/1701 1671/2078/1522 1670/2077/1521
f 1853/2267/1704 1854/2268/1705 1849/2263/1700
f 1849/2263/1700 1854/2268/1705 1850/2264/1701
f 1684/2091/1535 1683/2090/1534 1855/2269/1706
f 1855/2269/1706 1683/2090/1534 1856/2270/1707
f 1683/2090/1534 1674/2081/1525 1856/2270/1707
f 1856/2270/1707 1674/2081/1525 1852/2266/1703
f 1856/2270/1707 1852/2266/1703 1857/2271/1708
f 1857/2271/1708 1852/2266/1703 1851/2265/1702
f 1855/2269/1706 1856/2270/1707 1858/2272/1709
f 1858/2272/1709 1856/2270/1707 1857/2271/1708
f 1797/2209/1648 1796/2208/1647 1844/2258/1695
f 1844/2258/1695 1796/2208/1647 1859/2273/1710
f 1796/2208/1647 1684/2091/1535 1859/2273/1710
f 1859/2273/1710 1684/2091/1535 1855/2269/1706
f 1859/2273/1710 1855/2269/1706 1860/2274/1711
f 1860/2274/1711 1855/2269/1706 1858/2272/1709
f 1859/2273/1710 1860/2274/1711 1844/2258/1695
f 1844/2258/1695 1860/2274/1711 1809/2221/1660
f 1810/2223/1661 1526/2222/1377 1861/2275/1712
f 1861/2275/1712 1526/2222/1377 1580/2276/1431
f 1810/2223/1661 1861/2275/1712 1812/2226/1663
f 1812/2226/1663 1861/2275/1712 1862/2277/1713
f 1814/2228/1665 1812/2226/1663 1863/2278/1714
f 1863/2278/1714 1812/2226/1663 1862/2277/1713
f 1814/2228/1665 1863/2278/1714 1816/2230/1667
f 1816/2230/1667 1863/2278/1714 1864/2279/1715
f 1816/2230/1667 1864/2279/1715 1818/2232/1669
f 1818/2232/1669 1864/2279/1715 1865/2280/1716
f 1818/2232/1669 1865/2280/1716 1820/2234/1671
f 1820/2234/1671 1865/2280/1716 1866/2281/1717
f 1846/2260/1697 1820/2234/1671 1867/2282/1718
f 1867/2282/1718 1820/2234/1671 1866/2281/1717
f 1867/2282/1718 1868/2283/1719 1846/2260/1697
f 1846/2260/1697 1868/2283/1719 1838/2252/1689
f 1805/2217/1656 1804/2216/1655 1825/2239/1676
f 1825/2239/1676 1804/2216/1655 1869/2284/1720
f 1825/2239/1676 1869/2284/1720 1826/2240/1677
f 1826/2240/1677 1869/2284/1720 1870/2285/1721
f 1827/2241/1678 1826/2240/1677 1871/2286/1722
f 1871/2286/1722 1826/2240/1677 1870/2285/1721
f 1871/2286/1722 1872/2287/1723 1827/2241/1678
f 1827/2241/1678 1872/2287/1723 1829/2243/1680
f 1831/2245/1682 1829/2243/1680 1873/2288/1724
f 1873/2288/1724 1829/2243/1680 1872/2287/1723
f 1873/2288/1724 1874/2289/1725 1831/2245/1682
f 1831/2245/1682 1874/2289/1725 1833/2247/1684
f 1839/2253/1690 1838/2252/1689 1875/2290/1726
f 1875/2290/1726 1838/2252/1689 1868/2283/1719
f 1875/2290/1726 1876/2291/1727 1839/2253/1690
f 1839/2253/1690 1876/2291/1727 1840/2254/1691
f 1840/2254/1691 1876/2291/1727 1847/2261/1698
f 1847/2261/1698 1876/2291/1727 1877/2292/1728
f 1847/2261/1698 1877/2292/1728 1849/2263/1700
f 1849/2263/1700 1877/2292/1728 1878/2293/1729
f 1860/2274/1711 1858/2272/1709 1879/2294/1730
f 1879/2294/1730 1858/2272/1709 1880/2295/1731
f 1879/2294/1730 1808/2220/1659 1860/2274/1711
f 1860/2274/1711 1808/2220/1659 1809/2221/1660
f 1849/2263/1700 1878/2293/1729 1853/2267/1704
f 1853/2267/1704 1878/2293/1729 1881/2296/1732
f 1853/2267/1704 1881/2296/1732 1851/2265/1702
f 1851/2265/1702 1881/2296/1732 1882/2297/1733
f 1857/2271/1708 1851/2265/1702 1883/2298/1734
f 1883/2298/1734 1851/2265/1702 1882/2297/1733
f 1883/2298/1734 1880/2295/1731 1857/2271/1708
f 1857/2271/1708 1880/2295/1731 1858/2272/1709
f 1773/2299/1624 1834/2300/1685 1884/2301/1735
f 1884/2301/1735 1834/2300/1685 1885/2302/1736
f 1834/2300/1685 1833/2303/1684 1885/2302/1736
f 1885/2302/1736 1833/2303/1684 1886/2304/1737
f 1885/2302/1736 1886/2304/1737 1887/2305/1738
f 1887/2305/1738 1886/2304/1737 1888/2306/1739
f 1885/2302/1736 1887/2305/1738 1884/2301/1735
f 1884/2301/1735 1887/2305/1738 1889/2307/1740
f 1886/2304/1737 1833/2303/1684 1890/2308/1741
f 1890/2308/1741 1833/2303/1684 1874/2309/1725
f 1890/2308/1741 1891/2310/1742 1886/2304/1737
f 1886/2304/1737 1891/2310/1742 1888/2306/1739
f 1610/2009/1461 1608/2007/1459 1892/2311/1743
f 1892/2311/1743 1608/2007/1459 1893/2312/1744
f 1892/2311/1743 1893/2312/1744 1894/2313/1745
f 1894/2313/1745 1893/2312/1744 1895/2314/1746
f 1896/2315/1747 1889/2307/1740 1895/2314/1746
f 1895/2314/1746 1889/2307/1740 1894/2313/1745
f 1897/2316/1748 1898/2317/1749 1888/2306/1739
f 1888/2306/1739 1898/2317/1749 1887/2305/1738
f 1898/2317/1749 1894/2313/1745 1887/2305/1738
f 1887/2305/1738 1894/2313/1745 1889/2307/1740
f 1891/2310/1742 1899/2318/1750 1888/2306/1739
f 1888/2306/1739 1899/2318/1750 1897/2316/1748
f 1892/2311/1743 1900/2319/1751 1610/2009/1461
f 1610/2009/1461 1900/2319/1751 1622/2021/1473
f 1894/2313/1745 1898/2317/1749 1892/2311/1743
f 1892/2311/1743 1898/2317/1749 1900/2319/1751
f 1898/2317/1749 1897/2316/1748 1900/2319/1751
f 1900/2319/1751 1897/2316/1748 1901/2320/1752
f 1900/2319/1751 1901/2320/1752 1622/2021/1473
f 1622/2021/1473 1901/2320/1752 1625/2024/1476
f 1625/2024/1476 1901/2320/1752 1626/2025/1477
f 1626/2025/1477 1901/2320/1752 1902/2321/1753
f 1901/2320/1752 1897/2316/1748 1902/2321/1753
f 1902/2321/1753 1897/2316/1748 1899/2318/1750
f 1778/2322/1629 1777/2323/1628 1903/2324/1754
f 1903/2324/1754 1777/2323/1628 1904/2325/1755
f 1893/2312/1744 1782/2194/1633 1895/2314/1746
f 1895/2314/1746 1782/2194/1633 1780/2192/1631
f 1608/2007/1459 1498/1893/1349 1893/2312/1744
f 1893/2312/1744 1498/1893/1349 1782/2194/1633
f 1895/2314/1746 1780/2192/1631 1896/2315/1747
f 1896/2315/1747 1780/2192/1631 1905/2326/1756
f 1906/2327/1757 1904/2328/1755 1774/2329/1625
f 1774/2329/1625 1904/2328/1755 1777/2330/1628
f 1904/2328/1755 1906/2327/1757 1905/2326/1756
f 1905/2326/1756 1906/2327/1757 1896/2315/1747
f 1905/2331/1756 1907/2332/1758 1904/2325/1755
f 1904/2325/1755 1907/2332/1758 1903/2324/1754
f 1907/2332/1758 1905/2331/1756 1779/2191/1630
f 1779/2191/1630 1905/2331/1756 1780/2192/1631
f 1633/2038/1484 1636/2041/1487 1908/2333/1759
f 1908/2333/1759 1636/2041/1487 1909/2334/1760
f 1908/2333/1759 1909/2334/1760 1903/2324/1754
f 1903/2324/1754 1909/2334/1760 1778/2322/1629
f 1781/2193/1632 1910/2335/1761 1779/2191/1630
f 1779/2191/1630 1910/2335/1761 1907/2332/1758
f 1497/1892/1348 1635/2040/1486 1781/2193/1632
f 1781/2193/1632 1635/2040/1486 1910/2335/1761
f 1908/2333/1759 1910/2335/1761 1633/2038/1484
f 1633/2038/1484 1910/2335/1761 1635/2040/1486
f 1903/2324/1754 1907/2332/1758 1908/2333/1759
f 1908/2333/1759 1907/2332/1758 1910/2335/1761
f 1774/2329/1625 1772/2336/1623 1906/2327/1757
f 1906/2327/1757 1772/2336/1623 1884/2301/1735
f 1772/2336/1623 1773/2299/1624 1884/2301/1735
f 1906/2327/1757 1884/2301/1735 1896/2315/1747
f 1896/2315/1747 1884/2301/1735 1889/2307/1740
f 1911/2337/1762 1804/2216/1655 1912/2338/1763
f 1912/2338/1763 1804/2216/1655 1806/2218/1657
f 1912/2338/1763 1806/2218/1657 1913/2339/1764
f 1913/2339/1764 1806/2218/1657 1808/2220/1659
f 1914/2340/1765 1861/2275/1712 1642/2341/1493
f 1642/2341/1493 1861/2275/1712 1580/2276/1431
f 1861/2275/1712 1914/2340/1765 1862/2277/1713
f 1862/2277/1713 1914/2340/1765 1915/2342/1766
f 1916/2343/1767 1863/2278/1714 1915/2342/1766
f 1915/2342/1766 1863/2278/1714 1862/2277/1713
f 1863/2278/1714 1916/2343/1767 1864/2279/1715
f 1864/2279/1715 1916/2343/1767 1917/2344/1768
f 1918/2345/1769 1865/2280/1716 1917/2344/1768
f 1917/2344/1768 1865/2280/1716 1864/2279/1715
f 1865/2280/1716 1918/2345/1769 1866/2281/1717
f 1866/2281/1717 1918/2345/1769 1919/2346/1770
f 1920/2347/1771 1867/2282/1718 1919/2346/1770
f 1919/2346/1770 1867/2282/1718 1866/2281/1717
f 1867/2282/1718 1920/2347/1771 1868/2283/1719
f 1868/2283/1719 1920/2347/1771 1921/2348/1772
f 1869/2284/1720 1804/2216/1655 1922/2349/1773
f 1922/2349/1773 1804/2216/1655 1911/2337/1762
f 1870/2285/1721 1869/2284/1720 1923/2350/1774
f 1923/2350/1774 1869/2284/1720 1922/2349/1773
f 1924/2351/1775 1871/2286/1722 1923/2350/1774
f 1923/2350/1774 1871/2286/1722 1870/2285/1721
f 1871/2286/1722 1924/2351/1775 1872/2287/1723
f 1872/2287/1723 1924/2351/1775 1925/2352/1776
f 1873/2288/1724 1872/2287/1723 1926/2353/1777
f 1926/2353/1777 1872/2287/1723 1925/2352/1776
f 1874/2289/1725 1873/2288/1724 1927/2354/1778
f 1927/2354/1778 1873/2288/1724 1926/2353/1777
f 1875/2290/1726 1868/2283/1719 1928/2355/1779
f 1928/2355/1779 1868/2283/1719 1921/2348/1772
f 1876/2291/1727 1875/2290/1726 1929/2356/1780
f 1929/2356/1780 1875/2290/1726 1928/2355/1779
f 1877/2292/1728 1876/2291/1727 1930/2357/1781
f 1930/2357/1781 1876/2291/1727 1929/2356/1780
f 1877/2292/1728 1930/2357/1781 1878/2293/1729
f 1878/2293/1729 1930/2357/1781 1931/2358/1782
f 1913/2339/1764 1808/2220/1659 1932/2359/1783
f 1932/2359/1783 1808/2220/1659 1879/2294/1730
f 1932/2359/1783 1879/2294/1730 1933/2360/1784
f 1933/2360/1784 1879/2294/1730 1880/2295/1731
f 1878/2293/1729 1931/2358/1782 1881/2296/1732
f 1881/2296/1732 1931/2358/1782 1934/2361/1785
f 1881/2296/1732 1934/2361/1785 1882/2297/1733
f 1882/2297/1733 1934/2361/1785 1935/2362/1786
f 1882/2297/1733 1935/2362/1786 1883/2298/1734
f 1883/2298/1734 1935/2362/1786 1936/2363/1787
f 1933/2360/1784 1880/2295/1731 1936/2363/1787
f 1936/2363/1787 1880/2295/1731 1883/2298/1734
f 1890/2308/1741 1874/2309/1725 1937/2364/1788
f 1937/2364/1788 1874/2309/1725 1927/2365/1778
f 1937/2364/1788 1938/2366/1789 1890/2308/1741
f 1890/2308/1741 1938/2366/1789 1891/2310/1742
f 1939/2367/1790 1667/2074/1518 1902/2321/1753
f 1902/2321/1753 1667/2074/1518 1626/2025/1477
f 1940/2368/1791 1939/2367/1790 1899/2318/1750
f 1899/2318/1750 1939/2367/1790 1902/2321/1753
f 1938/2366/1789 1940/2368/1791 1891/2310/1742
f 1891/2310/1742 1940/2368/1791 1899/2318/1750
f 1805/2217/1656 1842/2256/1693 1807/2219/1658
f 1838/2252/1689 1837/2251/1688 1843/2257/1694
f 1843/2257/1694 1837/2251/1688 1835/2249/1686
s off
