# Apple ModelIO OBJ File: Tree_D
mtllib Tree_D.mtl
g Tree_D_LeavesSG
v 0.923551 -0.24168 -0.88654
v 0.884292 -0.040512 -0.791791
v 1.00726 -0.22867 -0.835935
v 1.00038 -0.027501 -0.712285
v 0.815103 -0.273786 -0.923863
v 0.75063 -0.072619 -0.851611
v 0.765714 -0.24168 -1.02738
v 0.67603 -0.040512 -0.977622
v 0.705939 -0.22867 -1.10481
v 0.583867 -0.027502 -1.08394
v 0.833377 0.164722 -0.676194
v 0.978547 0.177734 -0.570746
v 0.67064 0.132616 -0.761964
v 0.56696 0.164723 -0.91392
v 0.445718 0.177734 -1.04619
v 0.744895 0.374566 -0.543899
v 0.906526 0.387574 -0.423762
v 0.590653 0.290672 -0.672324
v 0.445561 0.374564 -0.810998
v 0.307855 0.387572 -0.957961
v 0.642566 0.543588 -0.425273
v 0.801412 0.590049 -0.275163
v 0.489696 0.452786 -0.559182
v 0.327931 0.543588 -0.706023
v 0.183515 0.590048 -0.826522
v 0.53548 0.691075 -0.321582
v 0.689542 0.715075 -0.197536
v 0.107709 0.715075 -0.716708
v 0.037343 0.827599 -0.573319
v 0.248433 0.691075 -0.57771
v 0.182477 0.780338 -0.452958
v 0.555058 0.827598 -0.111356
v 0.419011 0.780338 -0.2419
v 0.828792 -0.392336 -1.03943
v 0.789981 -0.38362 -1.09019
v 0.854512 -0.418502 -0.968032
v 0.928365 -0.392335 -0.950574
v 0.983205 -0.38362 -0.917775
v 0.880788 -0.542718 -0.997476
v 0.940646 -0.092451 -0.645343
v 0.824553 -0.105461 -0.724847
v 0.947526 -0.293617 -0.768991
v 0.86382 -0.306629 -0.819596
v 0.690896 -0.137568 -0.784669
v 0.755372 -0.338737 -0.856921
v 0.705981 -0.306628 -0.960437
v 0.616296 -0.105461 -0.910678
v 0.646201 -0.293616 -1.03786
v 0.524133 -0.092452 -1.017
v 0.918813 0.112786 -0.503802
v 0.773641 0.099775 -0.60925
v 0.610904 0.067669 -0.695024
v 0.507226 0.099775 -0.846978
v 0.385983 0.112784 -0.979245
v 0.846791 0.322628 -0.35682
v 0.685159 0.309615 -0.476956
v 0.530923 0.225724 -0.605388
v 0.385823 0.309616 -0.744056
v 0.248126 0.322628 -0.891017
v 0.741681 0.525101 -0.208222
v 0.582831 0.47864 -0.358329
v 0.497319 0.358204 -0.501868
v 0.474111 0.397504 -0.473283
v 0.473313 0.339415 -0.546256
v 0.426093 0.359927 -0.562072
v 0.268197 0.478639 -0.639079
v 0.123782 0.525101 -0.75958
v 0.629804 0.650128 -0.130591
v 0.475745 0.626126 -0.25464
v 0.122743 0.715389 -0.386016
v -0.022389 0.76265 -0.506373
v 0.188699 0.626126 -0.51077
v 0.047973 0.650128 -0.649764
v 0.495328 0.762651 -0.044414
v 0.359279 0.715389 -0.174954
v 0.769443 -0.451341 -0.983138
v 0.715119 -0.448569 -1.03675
v 0.79478 -0.483448 -0.901088
v 0.879174 -0.451342 -0.885222
v 0.9386 -0.448566 -0.837337
v 0.821054 -0.607665 -0.930533
v 1.00931 -0.391075 -0.880679
v 0.993974 -0.421916 -0.837272
v 0.955171 -0.510201 -0.966414
v 0.947507 -0.552622 -0.919602
v 1.02564 -0.278887 -0.726558
v 1.04238 -0.247435 -0.769853
v 0.891435 -0.624238 -1.00941
v 0.86678 -0.707957 -0.981776
v 1.07319 -0.047827 -0.609691
v 1.05574 -0.080533 -0.564712
v 0.795846 -0.552622 -1.05493
v 0.841489 -0.5102 -1.06786
v 0.70905 -0.421615 -1.09206
v 0.750451 -0.390988 -1.11183
v 0.594544 -0.279581 -1.10995
v 0.636315 -0.247431 -1.13219
v 0.473582 -0.047845 -1.14469
v 0.43097 -0.080533 -1.1222
v 1.07963 0.156842 -0.441876
v 1.06196 0.123594 -0.396083
v 0.306214 0.156843 -1.132
v 0.262723 0.123594 -1.10925
v 1.02388 0.366433 -0.279902
v 1.00597 0.332967 -0.233928
v 0.151612 0.366433 -1.05823
v 0.107965 0.332966 -1.03522
v 0.909699 0.568998 -0.139564
v 0.891622 0.535629 -0.093917
v 0.025096 0.568857 -0.928641
v -0.018252 0.535542 -0.905641
v 0.800088 0.694025 -0.059916
v 0.783185 0.66167 -0.015101
v -0.041564 0.694025 -0.810929
v -0.084168 0.661671 -0.789048
v 0.606702 0.804492 -0.032166
v 0.590219 0.772657 0.010358
v -0.046481 0.804686 -0.615287
v -0.087577 0.772658 -0.594443
v 0.472161 0.877486 -0.06199
v 0.429896 0.858458 -0.022994
v 0.329236 0.839816 -0.187995
v 0.284303 0.818641 -0.150809
v 0.29886 0.712049 -0.3002
v 0.339875 0.747973 -0.319327
v 0.366288 0.563771 -0.420882
v 0.442372 0.522388 -0.50615
v 0.268382 0.747973 -0.383121
v 0.254037 0.71205 -0.340196
v 0.139199 0.839619 -0.35805
v 0.107259 0.818641 -0.308787
v -0.036246 0.858457 -0.438939
v -0.002301 0.877486 -0.485358
v 0.93916 -0.448957 -0.836112
v 0.890882 -0.57286 -0.902598
v 0.974957 -0.308423 -0.717105
v 0.832574 -0.696735 -0.943442
v 1.00839 -0.111524 -0.549582
v 0.785378 -0.572859 -0.996737
v 0.590585 -0.308679 -1.0596
v 0.420266 -0.111718 -1.07401
v 1.0171 0.09231 -0.37819
v 0.250031 0.09231 -1.06265
v 0.962115 0.301687 -0.215146
v 0.094285 0.301687 -0.989518
v 0.847651 0.504336 -0.075217
v -0.032023 0.504135 -0.85979
v 0.736218 0.629705 0.002175
v -0.096007 0.629704 -0.740426
v 0.539189 0.742865 0.023118
v -0.093661 0.743086 -0.541896
v 0.422784 0.806131 -0.001157
v 0.277444 0.770612 -0.12382
v 0.283654 0.684382 -0.2487
v 0.426896 0.418015 -0.489099
v 0.204587 0.684383 -0.319249
v 0.081075 0.770925 -0.298282
v -0.057136 0.806131 -0.429391
v 0.40289 0.399228 -0.533488
v 0.34224 0.376704 -0.430919
v 0.352941 0.390755 -0.406947
v 0.378148 0.375345 -0.400891
v 0.392381 0.343544 -0.424514
v 0.383464 0.340238 -0.444798
v 0.362279 0.344801 -0.448867
v 0.220304 0.242212 -0.299653
v 0.232022 0.252776 -0.271317
v 0.261689 0.241151 -0.265014
v 0.2762 0.215427 -0.291928
v 0.265687 0.216385 -0.313844
v 0.243249 0.216398 -0.318854
v 0.14256 0.052502 -0.17109
v 0.128732 0.04376 -0.201882
v 0.175027 0.042904 -0.162982
v 0.192319 0.022934 -0.187657
v 0.178641 0.021369 -0.215623
v 0.149323 0.023682 -0.223523
v 0.084409 -0.178822 -0.105992
v 0.070071 -0.185934 -0.137744
v 0.117982 -0.186594 -0.097499
v 0.137233 -0.201191 -0.120469
v 0.123395 -0.206464 -0.153068
v 0.088996 -0.200617 -0.160977
v 0.026668 -0.446697 -0.089622
v -0.010987 -0.725349 -0.05181
v 0.04057 -0.443099 -0.057021
v 0.00381 -0.725349 -0.015618
v 0.074979 -0.447019 -0.049136
v 0.041968 -0.725349 -0.007506
v 0.0955 -0.454434 -0.073682
v 0.065333 -0.725349 -0.035594
v 0.081792 -0.457315 -0.106662
v 0.05053 -0.72535 -0.071788
v 0.047009 -0.454144 -0.114326
v 0.012372 -0.725349 -0.079894
v 1.02751 0.10251 1.02855
v 0.89943 0.370814 0.980525
v 0.963853 0.119864 1.14243
v 0.798722 0.388166 1.13888
v 1.07234 0.059691 0.882302
v 0.973096 0.327992 0.799645
v 1.20807 0.10251 0.811765
v 1.13767 0.370814 0.694486
v 1.30856 0.119863 0.728568
v 1.27521 0.388167 0.566808
v 0.743035 0.644542 0.917905
v 0.609067 0.661894 1.1162
v 0.849965 0.601718 0.697091
v 1.04781 0.644541 0.551993
v 1.21862 0.661894 0.384377
v 0.562676 0.924412 0.805974
v 0.409871 0.941764 1.02688
v 0.726853 0.812522 0.594548
v 0.90511 0.924412 0.394843
v 1.09474 0.941764 0.204616
v 0.399896 1.14985 0.674966
v 0.207025 1.21181 0.893521
v 0.57145 1.02874 0.465114
v 0.759835 1.14985 0.24282
v 0.913896 1.21181 0.044847
v 0.256818 1.34655 0.536927
v 0.098466 1.37856 0.747922
v 0.764073 1.37856 -0.051213
v 0.569753 1.52864 -0.138494
v 0.585198 1.34655 0.14268
v 0.415906 1.46561 0.060428
v -0.02251 1.52864 0.572579
v 0.145318 1.46561 0.385303
v 1.22699 -0.098422 0.895299
v 1.2929 -0.0868 0.841262
v 1.133 -0.133322 0.93283
v 1.11308 -0.098423 1.03206
v 1.07185 -0.0868 1.10665
v 1.17344 -0.298992 0.966514
v 0.706777 0.301542 1.0623
v 0.807481 0.284191 0.903939
v 0.871907 0.033241 1.06585
v 0.935563 0.015889 0.951974
v 0.88115 0.241367 0.723065
v 0.98039 -0.026935 0.805722
v 1.11612 0.015888 0.735187
v 1.04573 0.28419 0.617902
v 1.21661 0.03324 0.65199
v 1.18327 0.301542 0.490224
v 0.517121 0.57527 1.03962
v 0.65109 0.557918 0.841327
v 0.758023 0.515097 0.620511
v 0.955865 0.557917 0.475411
v 1.12667 0.575271 0.307794
v 0.317929 0.855144 0.950299
v 0.470723 0.837788 0.729388
v 0.634912 0.7259 0.51797
v 0.813161 0.837788 0.318257
v 1.0028 0.855144 0.128037
v 0.115083 1.12519 0.816936
v 0.307954 1.06322 0.598382
v 0.495397 0.902593 0.477878
v 0.456246 0.955006 0.448239
v 0.553479 0.877534 0.443858
v 0.572412 0.904891 0.380206
v 0.667893 1.06322 0.166234
v 0.821954 1.12519 -0.031737
v 0.00652 1.29194 0.671338
v 0.164872 1.25993 0.460347
v 0.32396 1.37898 -0.016152
v 0.477811 1.44201 -0.215074
v 0.493249 1.25993 0.066096
v 0.672128 1.29194 -0.127795
v -0.114455 1.44202 0.495999
v 0.053372 1.37898 0.308721
v 1.14927 -0.177119 0.818748
v 1.21826 -0.173422 0.743901
v 1.04105 -0.219943 0.856248
v 1.02374 -0.17712 0.969462
v 0.962605 -0.173418 1.05084
v 1.0815 -0.385614 0.889934
v 1.02359 -0.096741 1.14313
v 0.965032 -0.137877 1.12466
v 1.13541 -0.255623 1.06708
v 1.07267 -0.312202 1.05899
v 0.818894 0.052889 1.17191
v 0.87737 0.094836 1.19225
v 1.18983 -0.407718 0.980165
v 1.15188 -0.519379 0.948558
v 0.665277 0.361056 1.24058
v 0.604535 0.317438 1.21937
v 1.24617 -0.312203 0.85068
v 1.26547 -0.255623 0.910932
v 1.29172 -0.137473 0.733298
v 1.31994 -0.096625 0.787593
v 1.31036 0.051962 0.579858
v 1.34191 0.094841 0.634526
v 1.35117 0.361033 0.417048
v 1.31926 0.317438 0.361262
v 0.44188 0.634032 1.25679
v 0.38004 0.589687 1.23532
v 1.32665 0.634032 0.194528
v 1.29436 0.589687 0.137582
v 0.223447 0.913566 1.18984
v 0.161351 0.868934 1.16806
v 1.22131 0.913568 -0.008203
v 1.18866 0.868933 -0.065337
v 0.031194 1.18374 1.04402
v -0.030475 1.13923 1.02199
v 1.04282 1.18354 -0.170959
v 1.01019 1.13911 -0.227689
v -0.079951 1.35049 0.901526
v -0.140452 1.30734 0.881028
v 0.882894 1.35049 -0.25447
v 0.851789 1.30734 -0.310264
v -0.12572 1.49782 0.645013
v -0.183158 1.45536 0.62497
v 0.621881 1.49808 -0.25213
v 0.592233 1.45536 -0.305963
v -0.092078 1.59518 0.464322
v -0.14598 1.56979 0.409753
v 0.06939 1.54493 0.26809
v 0.017777 1.51669 0.20988
v 0.217572 1.37452 0.222497
v 0.244931 1.42244 0.276303
v 0.381501 1.17676 0.306899
v 0.498612 1.12157 0.404447
v 0.326715 1.42244 0.178111
v 0.268849 1.37452 0.160932
v 0.287427 1.54467 0.007054
v 0.220315 1.51669 -0.033288
v 0.387284 1.56979 -0.230491
v 0.4507 1.59517 -0.187341
v 0.960999 -0.173942 1.05165
v 1.04743 -0.339191 0.984277
v 0.80399 0.013495 1.10478
v 1.09923 -0.50441 0.904702
v 0.582215 0.276104 1.15694
v 1.16813 -0.339191 0.83937
v 1.24307 0.013152 0.576871
v 1.25454 0.275846 0.349187
v 0.354146 0.547961 1.17634
v 1.23167 0.547961 0.122781
v 0.134324 0.827215 1.11045
v 1.12711 0.827215 -0.081502
v -0.057395 1.09749 0.964234
v 0.948449 1.09722 -0.243966
v -0.165618 1.2647 0.819211
v 0.786443 1.2647 -0.323836
v -0.202479 1.41563 0.557532
v 0.521913 1.41592 -0.311688
v -0.175406 1.50001 0.401265
v -0.018508 1.45263 0.201964
v 0.148232 1.33763 0.204572
v 0.475175 0.982366 0.384582
v 0.238679 1.33763 0.095975
v 0.205129 1.45305 -0.067714
v 0.373612 1.50001 -0.257895
v 0.533261 0.957307 0.350568
v 0.393788 0.927268 0.274386
v 0.362317 0.946006 0.289741
v 0.355393 0.925455 0.323609
v 0.387521 0.883038 0.34151
v 0.414163 0.878632 0.32871
v 0.418622 0.884716 0.300282
v 0.213277 0.747892 0.117814
v 0.176042 0.761981 0.134717
v 0.168977 0.746477 0.174552
v 0.205518 0.712167 0.192672
v 0.234254 0.713446 0.177661
v 0.239907 0.713462 0.147531
v 0.038377 0.494871 0.02003
v 0.078794 0.483212 0.000194
v 0.029038 0.482068 0.06367
v 0.062718 0.455432 0.085595
v 0.099374 0.453346 0.066094
v 0.108575 0.45643 0.026662
v -0.051036 0.186345 -0.054528
v -0.009364 0.17686 -0.075088
v -0.060832 0.175979 -0.009395
v -0.029342 0.156511 0.015224
v 0.01349 0.149479 -0.004706
v 0.022466 0.157277 -0.050916
v -0.07548 -0.170925 -0.130755
v -0.127589 -0.542574 -0.179233
v -0.118304 -0.166127 -0.110745
v -0.17517 -0.542573 -0.157863
v -0.127254 -0.171357 -0.064521
v -0.184241 -0.542573 -0.106631
v -0.0936 -0.181246 -0.03828
v -0.145743 -0.542574 -0.076768
v -0.050265 -0.18509 -0.058053
v -0.098166 -0.542573 -0.098136
v -0.041625 -0.180858 -0.104766
v -0.089095 -0.542573 -0.149369
v -1.11848 -0.123202 -0.972495
v -0.99619 0.122224 -0.946025
v -1.07598 -0.107327 -1.08401
v -0.926064 0.138097 -1.10271
v -1.13964 -0.162372 -0.834178
v -1.03886 0.083054 -0.77254
v -1.25313 -0.123202 -0.752322
v -1.17384 0.122225 -0.655522
v -1.33303 -0.107329 -0.663692
v -1.28138 0.138097 -0.521707
v -0.846335 0.372614 -0.910106
v -0.751403 0.388485 -1.10736
v -0.913806 0.333443 -0.696067
v -1.0736 0.372614 -0.538482
v -1.20594 0.388486 -0.364112
v -0.668239 0.628623 -0.832744
v -0.559264 0.644494 -1.05296
v -0.788768 0.526271 -0.619599
v -0.923593 0.628623 -0.415196
v -1.06997 0.644495 -0.21786
v -0.503531 0.834832 -0.735778
v -0.357982 0.891515 -0.959182
v -0.630942 0.724052 -0.523078
v -0.771937 0.834833 -0.296891
v -0.885093 0.891515 -0.097266
v -0.355712 1.01477 -0.629836
v -0.240403 1.04405 -0.841819
v -0.736743 1.04405 -0.030211
v -0.549283 1.18133 0.022992
v -0.600583 1.01477 -0.229436
v -0.436454 1.12367 -0.177468
v -0.107638 1.18133 -0.699182
v -0.234675 1.12367 -0.507409
v -1.28134 -0.307 -0.825412
v -1.33382 -0.29637 -0.76776
v -1.20125 -0.338924 -0.871852
v -1.1964 -0.307001 -0.964309
v -1.16898 -0.29637 -1.03729
v -1.24232 -0.49047 -0.896974
v -0.832685 0.058859 -1.0456
v -0.902808 0.042987 -0.888915
v -0.982604 -0.186565 -1.0269
v -1.0251 -0.20244 -0.915391
v -0.945476 0.003816 -0.715434
v -1.04626 -0.241609 -0.77707
v -1.15975 -0.202439 -0.695216
v -1.08047 0.042987 -0.598414
v -1.23965 -0.186566 -0.606586
v -1.188 0.058859 -0.464601
v -0.658025 0.309248 -1.05026
v -0.752954 0.293376 -0.852998
v -0.820426 0.254203 -0.638959
v -0.98022 0.293375 -0.481376
v -1.11257 0.309248 -0.307006
v -0.465888 0.565257 -0.995851
v -0.574857 0.549385 -0.775634
v -0.695392 0.447036 -0.562493
v -0.830211 0.549385 -0.358088
v -0.976596 0.565257 -0.160756
v -0.264602 0.812277 -0.902076
v -0.410151 0.755593 -0.678672
v -0.563804 0.608662 -0.544724
v -0.524432 0.656608 -0.523101
v -0.611857 0.585739 -0.506232
v -0.62054 0.610764 -0.446111
v -0.678559 0.755592 -0.239785
v -0.791711 0.812278 -0.040158
v -0.147023 0.964811 -0.784709
v -0.262332 0.93553 -0.572728
v -0.343074 1.04443 -0.12036
v -0.455905 1.10209 0.0801
v -0.507205 0.935529 -0.172328
v -0.643365 0.964811 0.026896
v -0.014255 1.10209 -0.642072
v -0.141295 1.04443 -0.450305
v -1.20084 -0.37899 -0.76645
v -1.25335 -0.375606 -0.689549
v -1.10787 -0.418161 -0.81475
v -1.10723 -0.378989 -0.919513
v -1.0627 -0.375605 -1.00128
v -1.14895 -0.569705 -0.839868
v -1.13015 -0.305465 -1.07672
v -1.07469 -0.343092 -1.06777
v -1.22126 -0.4508 -0.993033
v -1.16339 -0.502553 -0.994042
v -0.948703 -0.168593 -1.12993
v -1.00433 -0.130224 -1.14057
v -1.25897 -0.589926 -0.907153
v -1.22043 -0.692066 -0.883584
v -0.818784 0.1133 -1.21248
v -0.760993 0.0734 -1.20133
v -1.29277 -0.502553 -0.782485
v -1.31824 -0.450799 -0.834456
v -1.31842 -0.342726 -0.670207
v -1.35117 -0.305357 -0.715596
v -1.31492 -0.169441 -0.528857
v -1.35074 -0.130218 -0.574147
v -1.33025 0.113279 -0.376086
v -1.29396 0.073399 -0.329833
v -0.618751 0.363001 -1.25679
v -0.559932 0.322435 -1.24557
v -1.27853 0.363 -0.177949
v -1.24174 0.322436 -0.1307
v -0.412169 0.6187 -1.22519
v -0.353076 0.577875 -1.21372
v -1.15628 0.6187 -0.008449
v -1.11914 0.577873 0.038926
v -0.218816 0.865831 -1.11873
v -0.160083 0.825122 -1.10698
v -0.973136 0.86566 0.115165
v -0.936072 0.825016 0.162177
v -0.099311 1.01837 -1.00452
v -0.041835 0.978894 -0.994
v -0.817302 1.01837 0.169515
v -0.781751 0.978894 0.215882
v -0.023841 1.15314 -0.778436
v 0.030801 1.1143 -0.76792
v -0.581384 1.15337 0.132754
v -0.547404 1.1143 0.177543
v -0.030303 1.24219 -0.610438
v 0.025722 1.21898 -0.568202
v -0.150399 1.19623 -0.411403
v -0.095963 1.1704 -0.365571
v -0.278461 1.04035 -0.350472
v -0.310363 1.08418 -0.395537
v -0.438027 0.859455 -0.405097
v -0.556966 0.808971 -0.477838
v -0.37135 1.08418 -0.29581
v -0.316695 1.04035 -0.287946
v -0.31309 1.19599 -0.146214
v -0.246995 1.1704 -0.118608
v -0.371936 1.21897 0.082028
v -0.43505 1.24219 0.051398
v -1.06136 -0.376083 -1.00223
v -1.13064 -0.527242 -0.929772
v -0.926301 -0.204627 -1.07115
v -1.16695 -0.678373 -0.850881
v -0.732509 0.03559 -1.1478
v -1.22064 -0.527241 -0.782605
v -1.25363 -0.204942 -0.535083
v -1.23379 0.035353 -0.327498
v -0.52867 0.284268 -1.19563
v -1.18304 0.284267 -0.125627
v -0.320971 0.53971 -1.16516
v -1.06129 0.53971 0.045388
v -0.128049 0.786944 -1.05828
v -0.878028 0.786698 0.168715
v -0.010856 0.939895 -0.94139
v -0.720803 0.939895 0.219495
v 0.057242 1.07795 -0.709449
v -0.483005 1.07822 0.173394
v 0.053483 1.15514 -0.564427
v -0.06207 1.1118 -0.363223
v -0.213325 1.0066 -0.34345
v -0.53312 0.681633 -0.462974
v -0.280768 1.0066 -0.233163
v -0.228673 1.11219 -0.089465
v -0.355924 1.15514 0.10502
v -0.581172 0.65871 -0.424481
v -0.444831 0.631232 -0.374045
v -0.418386 0.648375 -0.392118
v -0.416617 0.629575 -0.423692
v -0.44807 0.590776 -0.435626
v -0.470481 0.586745 -0.420503
v -0.470746 0.592308 -0.394185
v -0.260678 0.467151 -0.256297
v -0.22922 0.480039 -0.276538
v -0.228118 0.465856 -0.313525
v -0.263593 0.434473 -0.325078
v -0.287608 0.435641 -0.307673
v -0.288724 0.435657 -0.279656
v -0.089406 0.235704 -0.191009
v -0.123353 0.225037 -0.167693
v -0.086747 0.223993 -0.231746
v -0.120139 0.199629 -0.247127
v -0.150725 0.197719 -0.224605
v -0.153821 0.200543 -0.187696
v 0.001412 -0.046515 -0.135398
v -0.03357 -0.055191 -0.11126
v 0.004291 -0.055996 -0.177552
v -0.02748 -0.073806 -0.195647
v -0.063592 -0.080238 -0.171929
v -0.065591 -0.073105 -0.128911
v 0.033658 -0.373322 -0.06965
v 0.087255 -0.71328 -0.032693
v 0.069757 -0.368933 -0.09345
v 0.127475 -0.713282 -0.058351
v 0.071725 -0.373715 -0.13647
v 0.128884 -0.713282 -0.105924
v 0.037784 -0.382763 -0.155755
v 0.090081 -0.713282 -0.127845
v 0.001184 -0.386278 -0.132106
v 0.049861 -0.713282 -0.102187
v -0.000434 -0.382409 -0.088683
v 0.048448 -0.713282 -0.054618
v -0.681216 -0.220619 0.857132
v -0.658431 -0.080631 0.727777
v -0.75965 -0.213176 0.828324
v -0.769231 -0.076446 0.68155
v -0.585725 -0.248853 0.875446
v -0.537747 -0.106331 0.759654
v -0.523475 -0.204748 0.94202
v -0.450309 -0.059691 0.839781
v -0.458514 -0.182877 0.990379
v -0.352975 -0.034564 0.905559
v -0.62988 0.057056 0.578788
v -0.76974 0.058317 0.516923
v -0.480136 0.03428 0.626302
v -0.363635 0.083845 0.722068
v -0.237247 0.111896 0.803485
v -0.573304 0.191363 0.408818
v -0.729617 0.190969 0.338099
v -0.424554 0.136373 0.50394
v -0.274159 0.221463 0.569803
v -0.131318 0.251169 0.660074
v -0.504397 0.29402 0.256839
v -0.662765 0.314164 0.153913
v -0.356013 0.234707 0.358191
v -0.189958 0.325659 0.426055
v -0.045247 0.376297 0.48623
v -0.429589 0.381894 0.120972
v -0.579921 0.388917 0.043248
v 0.00155 0.447423 0.356169
v 0.036805 0.501552 0.203153
v -0.142722 0.410758 0.275347
v -0.108502 0.450355 0.143398
v -0.48059 0.449492 -0.075285
v -0.34489 0.426571 0.016186
v -0.579776 -0.319245 0.997731
v -0.537498 -0.30472 1.02946
v -0.615987 -0.35373 0.951289
v -0.67929 -0.329258 0.944178
v -0.730599 -0.324149 0.925543
v -0.637359 -0.446297 1.00831
v -0.735608 -0.149614 0.632749
v -0.624806 -0.153799 0.678971
v -0.726027 -0.286344 0.779518
v -0.64759 -0.293786 0.808329
v -0.504125 -0.179499 0.710849
v -0.5521 -0.322021 0.826646
v -0.489854 -0.277915 0.893215
v -0.416678 -0.132858 0.790978
v -0.424891 -0.256044 0.941577
v -0.319356 -0.107731 0.856754
v -0.736114 -0.01485 0.46812
v -0.596253 -0.016111 0.529983
v -0.446509 -0.038886 0.577498
v -0.330007 0.010678 0.673265
v -0.203622 0.038728 0.754682
v -0.695991 0.117804 0.289296
v -0.53968 0.118195 0.360011
v -0.390933 0.063206 0.455138
v -0.240533 0.148295 0.520998
v -0.097692 0.178003 0.611272
v -0.629142 0.240996 0.105111
v -0.470771 0.220851 0.208036
v -0.377486 0.145731 0.33575
v -0.36214 0.169437 0.299719
v -0.349853 0.137798 0.371382
v -0.306884 0.153572 0.370978
v -0.156333 0.25249 0.377251
v -0.011624 0.303131 0.437428
v -0.546298 0.31575 -0.005554
v -0.395965 0.308726 0.072165
v -0.07488 0.377187 0.094594
v 0.070434 0.428383 0.154349
v -0.109101 0.337589 0.226542
v 0.035169 0.374256 0.307365
v -0.446963 0.376323 -0.124089
v -0.311265 0.353403 -0.032619
v -0.544154 -0.385208 0.95612
v -0.48875 -0.376366 0.988795
v -0.582364 -0.426895 0.902488
v -0.653817 -0.396242 0.897105
v -0.712089 -0.398836 0.868604
v -0.603734 -0.519463 0.959508
v -0.759683 -0.335862 0.902211
v -0.756726 -0.371915 0.872035
v -0.703458 -0.419548 0.988945
v -0.708014 -0.46508 0.960082
v -0.798182 -0.276241 0.755861
v -0.802276 -0.239582 0.786054
v -0.647361 -0.509271 1.03867
v -0.635938 -0.585939 1.03177
v -0.85015 -0.108546 0.617068
v -0.845845 -0.146657 0.5857
v -0.556445 -0.44983 1.04165
v -0.589849 -0.408118 1.05008
v -0.471864 -0.342899 1.02564
v -0.500949 -0.309724 1.04154
v -0.367627 -0.233736 0.986851
v -0.396468 -0.198745 1.00444
v -0.25093 -0.048272 0.939523
v -0.221465 -0.083833 0.921713
v -0.879138 0.022688 0.43653
v -0.874831 -0.016067 0.404603
v -0.10621 0.100459 0.852485
v -0.076095 0.064301 0.834445
v -0.855384 0.153396 0.248638
v -0.850921 0.114402 0.216573
v 0.016339 0.241107 0.717759
v 0.046525 0.204701 0.699535
v -0.779431 0.277612 0.069444
v -0.774756 0.238752 0.037586
v 0.104562 0.366392 0.545024
v 0.134507 0.330138 0.526821
v -0.698855 0.352139 -0.042438
v -0.694943 0.314399 -0.073656
v 0.142274 0.436772 0.410218
v 0.171865 0.401616 0.392817
v -0.539603 0.418232 -0.124125
v -0.535573 0.381454 -0.153569
v 0.113236 0.484133 0.227344
v 0.141797 0.449609 0.21096
v -0.419465 0.471745 -0.140822
v -0.392892 0.44378 -0.174932
v -0.278548 0.455027 -0.056408
v -0.249513 0.425454 -0.089045
v -0.237218 0.37226 0.057628
v -0.26588 0.409583 0.07172
v -0.27599 0.283727 0.200318
v -0.324166 0.275588 0.29136
v -0.194432 0.416772 0.110168
v -0.192424 0.376766 0.081735
v -0.08855 0.47408 0.046226
v -0.072576 0.443257 0.006174
v 0.072965 0.490654 0.075769
v 0.054702 0.519455 0.11435
v -0.71281 -0.399369 0.867816
v -0.665359 -0.490591 0.94131
v -0.759383 -0.307149 0.746319
v -0.614593 -0.588307 0.99256
v -0.810964 -0.179676 0.572549
v -0.559926 -0.479983 0.998048
v -0.375356 -0.268811 0.952719
v -0.223289 -0.120773 0.88861
v -0.842563 -0.049693 0.389743
v -0.075971 0.027439 0.802288
v -0.819648 0.08068 0.201181
v 0.047647 0.167946 0.667916
v -0.743381 0.205027 0.022241
v 0.135667 0.293238 0.495097
v -0.660844 0.280152 -0.088233
v 0.170867 0.363838 0.359352
v -0.497146 0.349585 -0.165751
v 0.135381 0.41347 0.174805
v -0.393493 0.395643 -0.181441
v -0.251132 0.379729 -0.100623
v -0.23581 0.337051 0.02027
v -0.319165 0.18521 0.299316
v -0.156796 0.345002 0.062793
v -0.05502 0.399564 0.004306
v 0.086127 0.443902 0.076666
v -0.291535 0.177277 0.334948
v -0.262219 0.130921 0.247657
v -0.275104 0.138181 0.227113
v -0.297774 0.126639 0.230271
v -0.306338 0.107136 0.259025
v -0.295184 0.108017 0.274439
v -0.27669 0.110646 0.272922
v -0.192622 -0.018827 0.152782
v -0.207337 -0.015267 0.129743
v -0.233584 -0.023358 0.132597
v -0.241477 -0.037155 0.162621
v -0.228499 -0.032588 0.178063
v -0.208987 -0.033587 0.178134
v -0.161414 -0.208943 0.080644
v -0.144397 -0.210679 0.104851
v -0.190228 -0.215511 0.082077
v -0.200608 -0.224835 0.109456
v -0.183959 -0.221312 0.129767
v -0.158093 -0.220443 0.130414
v -0.135898 -0.417411 0.072306
v -0.118207 -0.417653 0.096813
v -0.165633 -0.422466 0.073201
v -0.177728 -0.427591 0.098311
v -0.160205 -0.426102 0.123158
v -0.129983 -0.422822 0.122097
v -0.10287 -0.645088 0.111463
v -0.09106 -0.884351 0.13952
v -0.120515 -0.647937 0.08702
v -0.110303 -0.890837 0.113195
v -0.150661 -0.649639 0.087647
v -0.14342 -0.889034 0.113393
v -0.163196 -0.648439 0.112572
v -0.157292 -0.880745 0.139911
v -0.145598 -0.644903 0.137187
v -0.138055 -0.874258 0.166234
v -0.115226 -0.643897 0.136487
v -0.104939 -0.876061 0.166036
vn 0.321645 0.419969 -0.848629
vn 0.357245 0.488696 -0.79596
vn 0.642769 0.36643 -0.672739
vn 0.627874 0.447409 -0.636867
vn 0.595853 0.446146 -0.667767
vn 0.576166 0.501097 -0.645705
vn 0.806654 0.419973 -0.41585
vn 0.750287 0.488692 -0.445252
vn 0.595553 0.366571 -0.714802
vn 0.561492 0.447391 -0.696109
vn 0.373924 0.564487 -0.735891
vn 0.593663 0.541059 -0.595667
vn 0.544756 0.574911 -0.610507
vn 0.688712 0.564486 -0.455007
vn 0.524459 0.541042 -0.657431
vn 0.347905 0.637559 -0.687372
vn 0.547298 0.629362 -0.551696
vn 0.508452 0.64559 -0.569817
vn 0.644885 0.639138 -0.419079
vn 0.483114 0.629737 -0.608303
vn 0.32104 0.676581 -0.6627
vn 0.509284 0.693553 -0.509524
vn 0.481542 0.6902 -0.54013
vn 0.622909 0.675747 -0.394145
vn 0.452977 0.693572 -0.560152
vn 0.273669 0.728643 -0.627841
vn 0.433678 0.776492 -0.457148
vn 0.401188 0.776525 -0.485857
vn 0.376099 0.838717 -0.393831
vn 0.59645 0.726772 -0.340661
vn 0.556103 0.775974 -0.29768
vn 0.3488 0.838851 -0.417933
vn 0.232666 0.776011 -0.586237
vn 0.86599 0.316169 -0.387425
vn 0.688944 0.261604 -0.675958
vn 0.614971 0.383208 -0.689175
vn 0.286682 0.316165 -0.904352
vn 0.594043 0.261265 -0.760824
vn 0.649384 0.220669 -0.72774
vn -0.618293 -0.453237 0.642098
vn -0.35725 -0.488694 0.795959
vn -0.613584 -0.388966 0.687183
vn -0.328119 -0.42141 0.84543
vn -0.576172 -0.501095 0.645702
vn -0.593445 -0.453327 0.66507
vn -0.802737 -0.421411 0.421931
vn -0.750285 -0.488692 0.445256
vn -0.612571 -0.388741 0.688213
vn -0.567191 -0.452703 0.688007
vn -0.591352 -0.542361 0.596781
vn -0.373931 -0.564486 0.735888
vn -0.544765 -0.574907 0.610503
vn -0.688713 -0.564479 0.455013
vn -0.525714 -0.542199 0.655472
vn -0.546514 -0.629555 0.552253
vn -0.373491 -0.632791 0.678292
vn -0.520058 -0.623241 0.584046
vn -0.634637 -0.632792 0.443633
vn -0.483696 -0.629938 0.607632
vn -0.508533 -0.693452 0.51041
vn -0.351281 -0.680386 0.643176
vn -0.21051 -0.681785 0.70061
vn -0.17348 -0.586305 0.791297
vn -0.463944 -0.726873 0.506372
vn -0.670701 -0.685896 0.282324
vn -0.602468 -0.678743 0.419928
vn -0.45386 -0.693475 0.559556
vn -0.431708 -0.774323 0.462657
vn -0.276494 -0.740187 0.612923
vn -0.55133 -0.779754 0.296681
vn -0.385909 -0.835423 0.391335
vn -0.580547 -0.73951 0.34072
vn -0.406922 -0.774335 0.484583
vn -0.345398 -0.835586 0.427195
vn -0.232233 -0.779754 0.581422
vn -0.853708 -0.315386 0.414385
vn -0.839853 -0.488213 0.237267
vn -0.611226 -0.396485 0.684983
vn -0.314831 -0.315389 0.895216
vn -0.57998 -0.288029 0.762012
vn -0.651914 -0.203022 0.730609
vn 0.969432 -0.131727 -0.206999
vn 0.765921 -0.517522 0.381491
vn 0.805435 -0.120272 -0.580352
vn 0.810124 -0.523063 0.264771
vn 0.773085 -0.480293 0.414317
vn 0.968565 0.040104 -0.245505
vn 0.614759 -0.383936 -0.688959
vn 0.181764 -0.962009 -0.203718
vn 0.935051 0.190509 -0.298975
vn 0.806184 -0.417377 0.419361
vn -0.358764 -0.522926 -0.773199
vn 0.485966 -0.119704 -0.865742
vn -0.464069 -0.518736 -0.718021
vn 0.095511 -0.131562 -0.986696
vn -0.495672 -0.478835 -0.724587
vn 0.132018 0.038394 -0.990504
vn 0.189914 0.189388 -0.963361
vn -0.50482 -0.413996 -0.757472
vn 0.879078 0.372519 -0.297409
vn 0.8177 -0.291066 0.496635
vn 0.195774 0.372554 -0.907125
vn -0.585437 -0.289796 -0.757154
vn 0.816408 0.522629 -0.245637
vn 0.780669 -0.1226 0.612801
vn 0.157196 0.528768 -0.834083
vn -0.697138 -0.122207 -0.706445
vn 0.753823 0.630798 -0.18397
vn 0.711106 0.016144 0.702899
vn 0.110308 0.634917 -0.764665
vn -0.778611 0.016697 -0.627285
vn 0.641443 0.766671 -0.027693
vn 0.51751 0.276785 0.809675
vn -0.033288 0.765533 -0.642535
vn -0.86272 0.278296 -0.422215
vn 0.493623 0.858202 0.140804
vn 0.271683 0.46114 0.844712
vn -0.195133 0.858383 -0.474449
vn -0.870453 0.460446 -0.174069
vn 0.140111 0.984797 -0.102681
vn -0.296322 0.755031 0.584912
vn -0.18347 0.905607 -0.38238
vn -0.778658 0.62039 0.093847
vn -0.861974 0.160769 -0.480786
vn -0.09612 0.685122 -0.722059
vn -0.652551 0.202162 0.73028
vn 0.464238 0.716803 -0.520265
vn 0.728185 0.685246 0.013557
vn 0.575669 0.160844 0.801707
vn 0.400981 0.905595 0.138249
vn -0.002652 0.623008 0.782211
vn -0.545613 0.757141 0.359227
vn 0.085783 0.984805 -0.150997
vn 0.04722 -0.592289 0.804341
vn 0.022495 -0.407646 0.912863
vn -0.368257 -0.570696 0.733957
vn -0.356509 -0.844563 0.399518
vn -0.425606 -0.577824 0.696404
vn -0.909976 -0.406222 0.083238
vn -0.68415 -0.570944 0.45383
vn -0.643379 -0.576805 0.503349
vn -0.416834 -0.621399 0.66341
vn -0.612004 -0.621011 0.489689
vn -0.407885 -0.648709 0.6425
vn -0.588629 -0.651574 0.478505
vn -0.398229 -0.677063 0.61887
vn -0.566245 -0.677817 0.468969
vn -0.361657 -0.654494 0.663959
vn -0.61719 -0.652241 0.440066
vn -0.415427 -0.628685 0.657401
vn -0.605672 -0.62889 0.487503
vn -0.384575 -0.342736 0.857108
vn -0.729187 -0.389277 0.562805
vn -0.558271 -0.674793 0.482688
vn -0.549369 -0.544948 0.633423
vn -0.415696 -0.674714 0.609884
vn -0.476439 -0.388596 0.788669
vn -0.807334 -0.345063 0.47869
vn -0.765142 -0.581626 0.276171
vn -0.816601 0.391309 -0.424312
vn -0.29786 0.873906 0.384145
vn 0.553847 0.337314 0.761231
vn 0.721919 -0.516041 0.461015
vn 0.133101 -0.969577 -0.205439
vn -0.590628 -0.446062 -0.672449
vn -0.881284 0.311663 -0.355254
vn -0.464862 0.675148 0.572781
vn 0.504524 0.270028 0.820085
vn 0.9001 -0.323552 0.291776
vn 0.435833 -0.703952 -0.560805
vn -0.460468 -0.267036 -0.846558
vn -0.567091 0.458777 0.684055
vn -0.943597 0.238682 -0.229467
vn 0.395991 0.210635 0.89377
vn 0.951732 -0.226701 0.206913
vn 0.563798 -0.454105 -0.68987
vn -0.385797 -0.193582 -0.902046
vn -0.611947 0.297872 0.732662
vn -0.975316 0.168994 -0.142128
vn 0.315245 0.151644 0.936817
vn 0.972687 -0.156833 0.171122
vn 0.612272 -0.291008 -0.735144
vn -0.346257 -0.138569 -0.927849
vn -0.984492 0.12828 -0.119661
vn -0.989523 0.123391 -0.074961
vn -0.626703 0.215862 0.748764
vn -0.63109 0.192628 0.751412
vn 0.294681 0.116325 0.948489
vn 0.250293 0.113934 0.961443
vn 0.982485 -0.109833 0.15053
vn 0.978957 -0.083015 0.186418
vn 0.627612 -0.204683 -0.751138
vn 0.63075 -0.171542 -0.756787
vn -0.325389 -0.097287 -0.940562
vn -0.362394 -0.071862 -0.929251
vn 0.859086 0.419972 0.292567
vn 0.807662 0.488695 0.329937
vn 0.694235 0.366449 0.619478
vn 0.657881 0.447409 0.60582
vn 0.687676 0.446142 0.572765
vn 0.66495 0.501099 0.553842
vn 0.443087 0.41997 0.792022
vn 0.470537 0.488689 0.734695
vn 0.734656 0.366573 0.57088
vn 0.714817 0.447393 0.537472
vn 0.748199 0.564482 0.348652
vn 0.615541 0.541054 0.573036
vn 0.628702 0.574911 0.523652
vn 0.478188 0.564486 0.672824
vn 0.674906 0.541045 0.501768
vn 0.69882 0.637559 0.324297
vn 0.570016 0.62936 0.528193
vn 0.5868 0.645589 0.488755
vn 0.440795 0.639139 0.63024
vn 0.624396 0.629743 0.46212
vn 0.673246 0.676583 0.298286
vn 0.52657 0.693556 0.491634
vn 0.556215 0.690199 0.462871
vn 0.415132 0.675745 0.609126
vn 0.575252 0.693573 0.433638
vn 0.636799 0.72864 0.252133
vn 0.471652 0.776493 0.417854
vn 0.49924 0.776525 0.384407
vn 0.40641 0.838718 0.362468
vn 0.360779 0.726771 0.584502
vn 0.316442 0.775975 0.545644
vn 0.429579 0.838843 0.334371
vn 0.593826 0.776004 0.212575
vn 0.416704 0.316176 0.852286
vn 0.699007 0.261624 0.665539
vn 0.709733 0.383202 0.59113
vn 0.913592 0.316158 0.255723
vn 0.780609 0.261279 0.567787
vn 0.749435 0.220665 0.624222
vn -0.66278 -0.453231 -0.596074
vn -0.807665 -0.488688 -0.329941
vn -0.707681 -0.388969 -0.589822
vn -0.856109 -0.421414 -0.299144
vn -0.664953 -0.501091 -0.553846
vn -0.684892 -0.453331 -0.57045
vn -0.449017 -0.421415 -0.787904
vn -0.470545 -0.488689 -0.734691
vn -0.708661 -0.388744 -0.588794
vn -0.706916 -0.452699 -0.543446
vn -0.616569 -0.54236 -0.570691
vn -0.748196 -0.564484 -0.348654
vn -0.628703 -0.574908 -0.523655
vn -0.478196 -0.564482 -0.672821
vn -0.672989 -0.542204 -0.503091
vn -0.570542 -0.629552 -0.527395
vn -0.690617 -0.632792 -0.350176
vn -0.601418 -0.623243 -0.499864
vn -0.464982 -0.632796 -0.619162
vn -0.623748 -0.629943 -0.462721
vn -0.527432 -0.693453 -0.490855
vn -0.654767 -0.680387 -0.329172
vn -0.707377 -0.681778 -0.186537
vn -0.796747 -0.586307 -0.146417
vn -0.521878 -0.726864 -0.446444
vn -0.304997 -0.6859 -0.660695
vn -0.440202 -0.678741 -0.58782
vn -0.574687 -0.693476 -0.434541
vn -0.477088 -0.774324 -0.415703
vn -0.621985 -0.740185 -0.255462
vn -0.315283 -0.779748 -0.540916
vn -0.404258 -0.835416 -0.372365
vn -0.360293 -0.739504 -0.568614
vn -0.498162 -0.774328 -0.390193
vn -0.438715 -0.835582 -0.330653
vn -0.589001 -0.779747 -0.212301
vn -0.443218 -0.315397 -0.839097
vn -0.265735 -0.488216 -0.831282
vn -0.705397 -0.396501 -0.587539
vn -0.905412 -0.315396 -0.284175
vn -0.781288 -0.288025 -0.553743
vn -0.752382 -0.20302 -0.626662
vn 0.239901 -0.131727 0.961819
vn -0.35517 -0.51753 0.778471
vn 0.607433 -0.120288 0.785211
vn -0.237028 -0.523064 0.818671
vn -0.387734 -0.480293 0.786753
vn 0.27837 0.040129 0.959635
vn 0.709505 -0.383912 0.590944
vn 0.20977 -0.962009 0.174741
vn 0.330651 0.190512 0.924324
vn -0.391666 -0.417375 0.819997
vn 0.76054 -0.522918 -0.384885
vn 0.881792 -0.119701 0.456196
vn 0.701806 -0.518732 -0.488248
vn 0.989375 -0.131561 0.061874
vn 0.707289 -0.478834 -0.520058
vn 0.994426 0.038383 0.098206
vn 0.969275 0.189377 0.156981
vn 0.739858 -0.413983 -0.53031
vn 0.327176 0.372515 0.86844
vn -0.468507 -0.291086 0.834128
vn 0.913268 0.372553 0.16476
vn 0.7368 -0.289777 -0.610865
vn 0.273296 0.522617 0.807577
vn -0.585864 -0.122624 0.801078
vn 0.838951 0.52877 0.1287
vn 0.682299 -0.122199 -0.720788
vn 0.209524 0.630798 0.747123
vn -0.678284 0.016127 0.734622
vn 0.767976 0.634919 0.084207
vn 0.600398 0.016685 -0.799528
vn 0.049512 0.766676 0.640123
vn -0.791581 0.276793 0.54478
vn 0.641028 0.765534 -0.055149
vn 0.392584 0.278298 -0.8766
vn -0.123916 0.858197 0.49814
vn -0.834969 0.461144 0.30029
vn 0.467524 0.858386 -0.211175
vn 0.144337 0.460446 -0.875875
vn 0.107384 0.984799 0.136529
vn -0.594655 0.755039 -0.276228
vn 0.37591 0.905605 -0.196394
vn -0.120304 0.620394 -0.775008
vn 0.451157 0.160763 -0.877845
vn 0.718372 0.685115 -0.12066
vn -0.752029 0.202296 -0.627319
vn 0.535777 0.716797 0.446256
vn 0.011236 0.685248 0.728223
vn -0.781645 0.160861 0.602623
vn -0.124537 0.905591 0.405458
vn -0.781854 0.623001 0.023974
vn -0.37759 0.75713 -0.533085
vn 0.153828 0.984804 0.080606
vn -0.802253 -0.592295 0.074685
vn -0.911571 -0.407643 0.053543
vn -0.746084 -0.570692 -0.34303
vn -0.411452 -0.844548 -0.342704
vn -0.710498 -0.577829 -0.401629
vn -0.114187 -0.406226 -0.90661
vn -0.476882 -0.570925 -0.668302
vn -0.524981 -0.576798 -0.625858
vn -0.677224 -0.621398 -0.393994
vn -0.51026 -0.621013 -0.59496
vn -0.656014 -0.648712 -0.385769
vn -0.498271 -0.651577 -0.571991
vn -0.63207 -0.677067 -0.376919
vn -0.487979 -0.67782 -0.549943
vn -0.675887 -0.654497 -0.338838
vn -0.460825 -0.652235 -0.601855
vn -0.671149 -0.628697 -0.392808
vn -0.507846 -0.628893 -0.588715
vn -0.8697 -0.342752 -0.355167
vn -0.587313 -0.389297 -0.709585
vn -0.501417 -0.674785 -0.541522
vn -0.651759 -0.544957 -0.527478
vn -0.62369 -0.674704 -0.394695
vn -0.804412 -0.38863 -0.44932
vn -0.505889 -0.345111 -0.790554
vn -0.302059 -0.581652 -0.755276
vn 0.396276 0.391295 -0.830574
vn -0.394057 0.873905 -0.28462
vn -0.741935 0.337316 0.57944
vn -0.436154 -0.51601 0.737227
vn 0.209809 -0.969586 0.126031
vn 0.651957 -0.446063 -0.613172
vn 0.325073 0.311643 -0.892864
vn -0.58825 0.67515 -0.445123
vn -0.802436 0.270023 0.53215
vn -0.260937 -0.323575 0.909512
vn 0.575293 -0.703968 0.416493
vn 0.830386 -0.267047 -0.489024
vn -0.702958 0.458775 -0.543485
vn 0.197201 0.238671 -0.950867
vn -0.87977 0.210621 0.426197
vn -0.17434 -0.226723 0.958229
vn 0.708653 -0.454096 0.540007
vn 0.888383 -0.193573 -0.416299
vn -0.753076 0.297868 -0.586644
vn 0.108799 0.169011 -0.979591
vn -0.925541 0.151628 0.346962
vn -0.137866 -0.15684 0.977954
vn 0.755567 -0.291 0.586888
vn 0.915509 -0.138553 -0.377685
vn 0.086041 0.128288 -0.987998
vn 0.041211 0.123393 -0.991502
vn -0.769662 0.215868 -0.600851
vn -0.772451 0.192646 -0.60515
vn -0.937899 0.116318 0.326826
vn -0.95235 0.113935 0.282929
vn -0.116976 -0.109839 0.987042
vn -0.152996 -0.08301 0.984734
vn 0.772066 -0.204682 0.60168
vn 0.777809 -0.171536 0.60464
vn 0.928933 -0.097289 -0.357238
vn 0.916372 -0.071874 -0.393823
vn -0.892447 0.419967 -0.164824
vn -0.84699 0.48869 -0.20926
vn -0.776775 0.366446 -0.512189
vn -0.738824 0.447411 -0.503948
vn -0.763507 0.446142 -0.466919
vn -0.73828 0.501096 -0.451494
vn -0.553315 0.419974 -0.71935
vn -0.572166 0.488695 -0.658638
vn -0.80971 0.366586 -0.45824
vn -0.785238 0.447394 -0.428065
vn -0.790864 0.56449 -0.236401
vn -0.692171 0.54106 -0.477654
vn -0.698032 0.574914 -0.42688
vn -0.570762 0.564486 -0.596311
vn -0.740569 0.541044 -0.398533
vn -0.73848 0.637559 -0.219469
vn -0.640624 0.629359 -0.439897
vn -0.651509 0.645591 -0.398432
vn -0.527582 0.639134 -0.559611
vn -0.684847 0.629736 -0.366629
vn -0.709408 0.676578 -0.197439
vn -0.592337 0.693551 -0.410028
vn -0.617492 0.690199 -0.377267
vn -0.499119 0.675746 -0.542446
vn -0.632087 0.693571 -0.34558
vn -0.666645 0.72864 -0.157063
vn -0.527291 0.776493 -0.344995
vn -0.54973 0.776528 -0.307899
vn -0.454707 0.838716 -0.299662
vn -0.441774 0.726769 -0.525968
vn -0.392276 0.77597 -0.493954
vn -0.473544 0.838847 -0.268498
vn -0.618385 0.776005 -0.124161
vn -0.535945 0.316164 -0.782817
vn -0.788178 0.261625 -0.557071
vn -0.787998 0.383206 -0.481884
vn -0.941027 0.316165 -0.120452
vn -0.85473 0.261292 -0.448513
vn -0.83208 0.220678 -0.508865
vn 0.742259 -0.453229 0.493594
vn 0.84699 -0.488691 0.209257
vn 0.785771 -0.388964 0.480906
vn 0.890455 -0.421412 0.17176
vn 0.738279 -0.501097 0.451494
vn 0.760417 -0.453333 0.465033
vn 0.558588 -0.421417 0.714414
vn 0.572165 -0.488696 0.658638
vn 0.786595 -0.388745 0.479734
vn 0.778284 -0.452705 0.435123
vn 0.692853 -0.542359 0.475185
vn 0.79087 -0.564481 0.236399
vn 0.698034 -0.574907 0.426884
vn 0.570759 -0.564487 0.596312
vn 0.738861 -0.542209 0.400117
vn 0.641027 -0.629554 0.439028
vn 0.73412 -0.632789 0.246263
vn 0.667593 -0.623233 0.40731
vn 0.549906 -0.632792 0.545139
vn 0.68429 -0.629943 0.367313
vn 0.593075 -0.693451 0.40913
vn 0.6956 -0.680388 0.23068
vn 0.726952 -0.681786 0.081906
vn 0.809557 -0.586312 0.029269
vn 0.581145 -0.726856 0.365994
vn 0.397627 -0.685898 0.609456
vn 0.520837 -0.678742 0.517724
vn 0.631664 -0.693471 0.346551
vn 0.532356 -0.774328 0.342071
vn 0.652471 -0.740185 0.162506
vn 0.390431 -0.779755 0.489434
vn 0.454003 -0.835421 0.309763
vn 0.438984 -0.739511 0.510309
vn 0.549508 -0.77433 0.313773
vn 0.482043 -0.835588 0.263491
vn 0.613572 -0.779748 0.124592
vn 0.560278 -0.315396 0.765908
vn 0.383538 -0.488217 0.783928
vn 0.783181 -0.396507 0.478968
vn 0.937062 -0.3154 0.149792
vn 0.853361 -0.288023 0.434532
vn 0.835353 -0.202999 0.51086
vn -0.376914 -0.131722 -0.916835
vn 0.238464 -0.517522 -0.82177
vn -0.714943 -0.120285 -0.688759
vn 0.115741 -0.52307 -0.844395
vn 0.269479 -0.480296 -0.834683
vn -0.41467 0.040133 -0.909086
vn -0.787736 -0.383914 -0.481749
vn -0.232904 -0.962015 -0.142421
vn -0.461281 0.19052 -0.866557
vn 0.268541 -0.417383 -0.868146
vn -0.696642 -0.522925 0.491161
vn -0.938647 -0.119706 -0.323438
vn -0.623532 -0.518749 0.584899
vn -0.987884 -0.131556 0.082329
vn -0.624334 -0.478849 0.617179
vn -0.998152 0.03839 0.047114
vn -0.981797 0.189366 -0.014684
vn -0.655061 -0.413997 0.632062
vn -0.44973 0.372525 -0.811768
vn 0.342518 -0.291082 -0.893282
vn -0.927508 0.372555 -0.030508
vn -0.640351 -0.289795 0.711316
vn -0.387589 0.522621 -0.759369
vn 0.463428 -0.122615 -0.87761
vn -0.848748 0.528768 -0.005613
vn -0.570489 -0.122209 0.812162
vn -0.315721 0.630795 -0.708815
vn 0.564513 0.016129 -0.825266
vn -0.77207 0.634915 0.028115
vn -0.478032 0.016692 0.878184
vn -0.141874 0.766677 -0.626162
vn 0.704161 0.276788 -0.65387
vn -0.626234 0.765541 0.147576
vn -0.261246 0.278301 0.924283
vn 0.050325 0.858202 -0.51084
vn 0.782561 0.461143 -0.418265
vn -0.431937 0.858387 0.276771
vn -0.015724 0.460456 0.887543
vn -0.126061 0.984797 -0.119511
vn 0.628447 0.755031 0.187038
vn -0.34344 0.905606 0.248853
vn 0.231484 0.620378 0.749364
vn -0.318998 0.160758 0.934022
vn -0.69326 0.685118 0.223616
vn 0.835098 0.202376 0.511523
vn -0.594855 0.716803 -0.363788
vn -0.116781 0.685245 -0.718889
vn 0.685907 0.160893 -0.70968
vn 0.064374 0.905587 -0.419246
vn 0.770089 0.623015 -0.137169
vn 0.450946 0.757135 0.472645
vn -0.163896 0.984804 -0.057431
vn 0.782912 -0.592299 -0.190345
vn 0.894152 -0.407649 -0.185243
vn 0.787961 -0.57069 0.231151
vn 0.456809 -0.844558 0.279372
vn 0.761258 -0.577823 0.294291
vn 0.24454 -0.406212 0.88045
vn 0.568796 -0.570937 0.592032
vn 0.610237 -0.576794 0.543065
vn 0.727223 -0.621402 0.291558
vn 0.591182 -0.621018 0.514626
vn 0.705048 -0.648711 0.286499
vn 0.575983 -0.651583 0.493643
vn 0.68008 -0.677059 0.281216
vn 0.562612 -0.677812 0.473327
vn 0.717897 -0.6545 0.237178
vn 0.543281 -0.652227 0.528626
vn 0.721035 -0.628715 0.291249
vn 0.587896 -0.628887 0.508802
vn 0.912041 -0.342722 0.225216
vn 0.684058 -0.389283 0.616866
vn 0.574684 -0.674783 0.463041
vn 0.721394 -0.544949 0.427342
vn 0.67436 -0.67471 0.300008
vn 0.861108 -0.388604 0.327842
vn 0.615254 -0.345076 0.708791
vn 0.408441 -0.581647 0.703464
vn -0.271567 0.391288 0.879287
vn 0.43118 0.873909 0.224425
vn 0.650001 0.33732 -0.680965
vn 0.324552 -0.516026 -0.792706
vn -0.225892 -0.96958 -0.094274
vn -0.556073 -0.446055 0.701297
vn -0.192074 0.311657 0.930579
vn 0.646602 0.675165 0.355047
vn 0.716726 0.270039 -0.642948
vn 0.126195 -0.323577 -0.937749
vn -0.629664 -0.703947 -0.328607
vn -0.750628 -0.267023 0.604364
vn 0.774376 0.458783 0.43573
vn -0.057148 0.238685 0.969414
vn 0.808629 0.210636 -0.549319
vn 0.033462 -0.22672 -0.973385
vn -0.779522 -0.454096 -0.431442
vn -0.81858 -0.193582 0.54079
vn 0.830234 0.297871 0.471152
vn 0.034496 0.169012 0.98501
vn 0.86541 0.151634 -0.47757
vn -0.005495 -0.156837 -0.987609
vn -0.832722 -0.291004 -0.471053
vn -0.851031 -0.138573 0.506501
vn 0.05822 0.128283 0.990027
vn 0.103077 0.123386 0.986991
vn 0.848722 0.215866 0.482776
vn 0.852118 0.19263 0.486609
vn 0.88057 0.116324 -0.459418
vn 0.901238 0.113924 -0.418081
vn -0.02748 -0.109835 -0.99357
vn 0.008481 -0.08301 -0.996513
vn -0.851197 -0.204676 -0.483293
vn -0.857307 -0.17153 -0.485388
vn -0.86727 -0.09729 0.488239
vn -0.849537 -0.071877 0.522609
vn -0.098283 0.655751 0.748553
vn -0.141412 0.712211 0.687575
vn -0.453298 0.594664 0.664
vn -0.442881 0.66162 0.605075
vn -0.404779 0.664777 0.627874
vn -0.387878 0.709757 0.588044
vn -0.668444 0.598391 0.441714
vn -0.603457 0.665716 0.438933
vn -0.397812 0.600356 0.693771
vn -0.364854 0.669454 0.647081
vn -0.167469 0.771478 0.613821
vn -0.414256 0.737265 0.533697
vn -0.361601 0.768206 0.528304
vn -0.537521 0.734244 0.414678
vn -0.332899 0.745443 0.577488
vn -0.149509 0.826392 0.542884
vn -0.374709 0.805736 0.458675
vn -0.331984 0.821692 0.463258
vn -0.499297 0.791943 0.351466
vn -0.299384 0.813523 0.498548
vn -0.127027 0.854611 0.503491
vn -0.34409 0.852431 0.393655
vn -0.310319 0.853987 0.417623
vn -0.481747 0.818312 0.313505
vn -0.277808 0.859208 0.429634
vn -0.086259 0.890494 0.446743
vn -0.27829 0.910385 0.306193
vn -0.240157 0.914187 0.326477
vn -0.233566 0.947628 0.217827
vn -0.465613 0.850729 0.243855
vn -0.433675 0.882559 0.181699
vn -0.201527 0.950918 0.234824
vn -0.053459 0.920841 0.386257
vn -0.737881 0.497945 0.455611
vn -0.502792 0.499885 0.705206
vn -0.421675 0.611909 0.669147
vn -0.056829 0.566455 0.822131
vn -0.391198 0.510821 0.765524
vn -0.45459 0.469443 0.756949
vn 0.432075 -0.667502 -0.606426
vn 0.141411 -0.71221 -0.687575
vn 0.420485 -0.616784 -0.66541
vn 0.105234 -0.657041 -0.746473
vn 0.387876 -0.709759 -0.588043
vn 0.402688 -0.670734 -0.622863
vn 0.663184 -0.600899 -0.446213
vn 0.603458 -0.665722 -0.438922
vn 0.419301 -0.616717 -0.666219
vn 0.371977 -0.673113 -0.639181
vn 0.411685 -0.738552 -0.533907
vn 0.167467 -0.771478 -0.613821
vn 0.36161 -0.768197 -0.52831
vn 0.537521 -0.734244 -0.414676
vn 0.334511 -0.746195 -0.575583
vn 0.373807 -0.80598 -0.458982
vn 0.176696 -0.822304 -0.54092
vn 0.341159 -0.805139 -0.48514
vn 0.484065 -0.790999 -0.374168
vn 0.300092 -0.813607 -0.497984
vn 0.343161 -0.852476 -0.394367
vn 0.160679 -0.856597 -0.490331
vn 0.010653 -0.857155 -0.514949
vn -0.041182 -0.784563 -0.61868
vn 0.299047 -0.878637 -0.372248
vn 0.553174 -0.804714 -0.215484
vn 0.455853 -0.825533 -0.332707
vn 0.278808 -0.859057 -0.429287
vn 0.275228 -0.909496 -0.311554
vn 0.091811 -0.898078 -0.430146
vn 0.429068 -0.885412 -0.178735
vn 0.243837 -0.944904 -0.218402
vn 0.449492 -0.861232 -0.237142
vn 0.246142 -0.912386 -0.327057
vn 0.196271 -0.94978 -0.243713
vn 0.053941 -0.923157 -0.380621
vn 0.719831 -0.50274 -0.47864
vn 0.737933 -0.621903 -0.262089
vn 0.418308 -0.623193 -0.660794
vn 0.086352 -0.566486 -0.819535
vn 0.375919 -0.535294 -0.756402
vn 0.457308 -0.453502 -0.764987
vn -0.902251 0.032976 0.429949
vn -0.857881 -0.510428 -0.059195
vn -0.65717 0.121429 0.743897
vn -0.874561 -0.481057 0.061058
vn -0.870443 -0.482266 -0.098734
vn -0.883911 0.207789 0.418957
vn -0.460389 -0.124952 0.878879
vn -0.179142 -0.851934 0.492053
vn -0.83153 0.362226 0.421131
vn -0.90058 -0.419502 -0.113899
vn 0.49841 -0.343944 0.795795
vn -0.281509 0.159846 0.946151
vn 0.588467 -0.365596 0.721142
vn 0.125106 0.136497 0.982709
vn 0.622721 -0.329087 0.709874
vn 0.099092 0.304696 0.947281
vn 0.044269 0.449149 0.892359
vn 0.642392 -0.25942 0.721134
vn -0.768242 0.53048 0.358322
vn -0.922966 -0.316703 -0.218709
vn 0.035046 0.611345 0.790588
vn 0.727004 -0.149048 0.670261
vn -0.711495 0.654521 0.25569
vn -0.904874 -0.188673 -0.381582
vn 0.063832 0.738463 0.671265
vn 0.832559 -0.013318 0.553776
vn -0.659189 0.735774 0.15526
vn -0.850709 -0.086094 -0.518539
vn 0.099003 0.817506 0.567347
vn 0.900798 0.090888 0.42462
vn -0.578611 0.813952 -0.051877
vn -0.673557 0.115671 -0.730028
vn 0.217454 0.895941 0.387303
vn 0.949144 0.280472 0.143039
vn -0.468599 0.842522 -0.265654
vn -0.433148 0.256733 -0.863985
vn 0.341267 0.924342 0.17067
vn 0.909412 0.391068 -0.141546
vn -0.062978 0.987534 -0.144259
vn 0.193222 0.543037 -0.817176
vn 0.311358 0.947434 0.073653
vn 0.767236 0.486283 -0.418183
vn 0.955805 0.182634 0.230396
vn 0.292591 0.832138 0.471103
vn 0.478641 -0.06417 -0.875663
vn -0.29666 0.872555 0.388124
vn -0.676476 0.734731 -0.050506
vn -0.734168 0.012733 -0.678849
vn -0.375533 0.878506 -0.295302
vn -0.143915 0.398044 -0.906007
vn 0.487166 0.575349 -0.656996
vn 0.000848 0.993926 -0.110052
vn -0.259123 -0.769386 -0.583867
vn -0.250338 -0.62252 -0.741485
vn 0.162071 -0.776315 -0.609153
vn 0.212963 -0.952533 -0.21755
vn 0.226036 -0.779861 -0.583716
vn 0.845338 -0.511486 -0.154229
vn 0.533008 -0.739633 -0.410909
vn 0.481798 -0.753454 -0.447411
vn 0.222804 -0.81232 -0.538975
vn 0.452162 -0.788972 -0.41602
vn 0.217476 -0.832222 -0.51001
vn 0.430442 -0.812899 -0.392319
vn 0.212037 -0.852347 -0.478064
vn 0.409511 -0.833205 -0.371579
vn 0.167349 -0.838184 -0.519079
vn 0.466929 -0.806848 -0.361903
vn 0.222429 -0.817637 -0.531032
vn 0.446086 -0.795301 -0.410491
vn 0.161456 -0.590663 -0.790601
vn 0.561214 -0.59798 -0.57224
vn 0.398784 -0.832938 -0.383647
vn 0.362383 -0.745795 -0.558989
vn 0.231182 -0.849711 -0.473864
vn 0.264055 -0.627328 -0.732622
vn 0.658577 -0.542635 -0.521368
vn 0.651664 -0.713403 -0.257662
vn 0.910508 0.394588 0.12359
vn 0.24646 0.708375 -0.661409
vn -0.694799 0.190152 -0.693611
vn -0.833112 -0.534204 -0.143353
vn -0.131777 -0.864098 0.485767
vn 0.704838 -0.321379 0.632391
vn 0.953648 0.293329 0.067182
vn 0.355851 0.45088 -0.818582
vn -0.66365 0.10506 -0.740629
vn -0.958091 -0.286464 -0.000378
vn -0.331803 -0.484806 0.809241
vn 0.627003 -0.090572 0.773734
vn 0.41895 0.203372 -0.884941
vn 0.981903 0.184228 -0.043899
vn -0.577889 0.017245 -0.815933
vn -0.984076 -0.166041 0.063437
vn -0.414225 -0.197737 0.888435
vn 0.570764 0.002379 0.821111
vn 0.443347 0.03146 -0.895798
vn 0.989331 0.091476 -0.113389
vn -0.512134 -0.059296 -0.856857
vn -0.992763 -0.087469 0.082283
vn -0.442746 -0.024184 0.896321
vn 0.540987 0.06615 0.838425
vn 0.991083 0.0456 -0.125201
vn 0.985553 0.02892 -0.166882
vn 0.449873 -0.053047 -0.891516
vn 0.452346 -0.076519 -0.888554
vn -0.496569 -0.098454 -0.862395
vn -0.456489 -0.10894 -0.883035
vn -0.995218 -0.035985 0.090808
vn -0.998603 -0.019795 0.049001
vn -0.449645 0.064498 0.890876
vn -0.449771 0.098109 0.887739
vn 0.52564 0.111333 0.843391
vn 0.560309 0.128781 0.818211
vt 0.516641 0.681846
vt 0.525634 0.639362
vt 0.535263 0.681903
vt 0.55255 0.638672
vt 0.493923 0.681992
vt 0.497679 0.639551
vt 0.472041 0.677407
vt 0.470649 0.636218
vt 0.454382 0.67419
vt 0.446046 0.633099
vt 0.533051 0.596535
vt 0.564264 0.595671
vt 0.49991 0.596273
vt 0.467412 0.594309
vt 0.43759 0.59185
vt 0.536765 0.551838
vt 0.569883 0.551973
vt 0.500967 0.56136
vt 0.466024 0.55046
vt 0.433733 0.549458
vt 0.537998 0.514217
vt 0.572696 0.509531
vt 0.501706 0.522585
vt 0.463588 0.51342
vt 0.434298 0.508004
vt 0.539497 0.482133
vt 0.568757 0.482548
vt 0.43638 0.481592
vt 0.441549 0.455033
vt 0.465105 0.481596
vt 0.467794 0.457937
vt 0.563815 0.45547
vt 0.537123 0.45813
vt 0.475366 0.708148
vt 0.463457 0.70553
vt 0.490341 0.712942
vt 0.506352 0.712683
vt 0.519306 0.713652
vt 0.486247 0.739321
vt 0.203174 0.539836
vt 0.177631 0.541304
vt 0.18573 0.500327
vt 0.167238 0.502007
vt 0.150827 0.542549
vt 0.146117 0.503277
vt 0.126323 0.507776
vt 0.124963 0.546231
vt 0.110202 0.510558
vt 0.101227 0.548951
vt 0.218932 0.581934
vt 0.187167 0.583188
vt 0.154079 0.584847
vt 0.121723 0.58737
vt 0.091641 0.589608
vt 0.227679 0.627605
vt 0.192801 0.629046
vt 0.155912 0.620006
vt 0.12058 0.63205
vt 0.087124 0.633255
vt 0.231924 0.673455
vt 0.194787 0.668441
vt 0.164698 0.649282
vt 0.165224 0.659237
vt 0.156329 0.644999
vt 0.148665 0.65035
vt 0.118637 0.670335
vt 0.088017 0.676952
vt 0.227338 0.702942
vt 0.195875 0.702806
vt 0.125742 0.728843
vt 0.097997 0.733253
vt 0.121413 0.703902
vt 0.091123 0.705096
vt 0.221005 0.732387
vt 0.192218 0.728504
vt 0.127773 0.481654
vt 0.115553 0.482954
vt 0.141347 0.47724
vt 0.155838 0.476038
vt 0.168175 0.472224
vt 0.137377 0.458606
vt 0.528548 0.716271
vt 0.537001 0.725321
vt 0.503966 0.737182
vt 0.509918 0.749315
vt 0.566268 0.691645
vt 0.556312 0.685348
vt 0.483244 0.756535
vt 0.479669 0.775895
vt 0.57691 0.638182
vt 0.587525 0.641959
vt 0.461136 0.740414
vt 0.470446 0.731441
vt 0.44556 0.710699
vt 0.454841 0.705358
vt 0.430648 0.678108
vt 0.4404 0.674017
vt 0.424056 0.631146
vt 0.414355 0.634128
vt 0.592329 0.593944
vt 0.602371 0.5957
vt 0.411041 0.589228
vt 0.401486 0.590652
vt 0.599748 0.550495
vt 0.609371 0.550276
vt 0.404886 0.547298
vt 0.395591 0.5469
vt 0.599347 0.508339
vt 0.60841 0.506439
vt 0.406076 0.506321
vt 0.39729 0.504328
vt 0.594508 0.481707
vt 0.602053 0.477692
vt 0.411174 0.480406
vt 0.403853 0.476392
vt 0.577431 0.454194
vt 0.583668 0.448864
vt 0.428306 0.453645
vt 0.42215 0.448355
vt 0.560313 0.441534
vt 0.560612 0.433278
vt 0.534523 0.441935
vt 0.531289 0.433854
vt 0.513701 0.455293
vt 0.521262 0.459124
vt 0.50208 0.485045
vt 0.501924 0.504325
vt 0.483465 0.459092
vt 0.490993 0.455405
vt 0.470514 0.442029
vt 0.473789 0.434034
vt 0.444908 0.433259
vt 0.445128 0.441376
vt 0.17949 0.468489
vt 0.168407 0.472101
vt 0.156264 0.453576
vt 0.148663 0.458261
vt 0.196368 0.497221
vt 0.20739 0.493897
vt 0.134112 0.444878
vt 0.135237 0.449596
vt 0.225062 0.537519
vt 0.235804 0.534945
vt 0.127199 0.463159
vt 0.118693 0.462445
vt 0.105508 0.48345
vt 0.100044 0.510389
vt 0.090339 0.509757
vt 0.081105 0.54987
vt 0.071359 0.548798
vt 0.247668 0.58102
vt 0.257908 0.578944
vt 0.065052 0.591355
vt 0.055544 0.59029
vt 0.259579 0.627603
vt 0.269513 0.626173
vt 0.057201 0.635262
vt 0.047889 0.634488
vt 0.270626 0.67364
vt 0.260771 0.674391
vt 0.049013 0.678901
vt 0.058317 0.679202
vt 0.264526 0.705223
vt 0.254709 0.704549
vt 0.055745 0.708414
vt 0.065038 0.707478
vt 0.242624 0.735916
vt 0.233387 0.733567
vt 0.077398 0.737052
vt 0.086255 0.734666
vt 0.218133 0.754825
vt 0.217366 0.746031
vt 0.18944 0.744094
vt 0.186137 0.751372
vt 0.175582 0.727279
vt 0.165891 0.728106
vt 0.158107 0.694144
vt 0.157564 0.665504
vt 0.142004 0.727364
vt 0.151512 0.727905
vt 0.132108 0.750964
vt 0.12878 0.743987
vt 0.101225 0.75481
vt 0.10181 0.746321
vt 0.149351 0.660182
vt 0.899377 0.419549
vt 0.903043 0.399138
vt 0.908642 0.417563
vt 0.907711 0.398577
vt 0.918412 0.419845
vt 0.912444 0.398873
vt 0.927568 0.422312
vt 0.919565 0.399746
vt 0.881276 0.421954
vt 0.892466 0.401007
vt 0.890647 0.423069
vt 0.896142 0.400282
vt 0.936731 0.419796
vt 0.923298 0.400008
vt 0.902501 0.364089
vt 0.907345 0.363906
vt 0.912184 0.364197
vt 0.91831 0.364544
vt 0.892893 0.365631
vt 0.896402 0.364348
vt 0.921992 0.365732
vt 0.908128 0.327851
vt 0.902748 0.327438
vt 0.913506 0.327834
vt 0.919183 0.327475
vt 0.892154 0.327289
vt 0.897104 0.32664
vt 0.924115 0.328446
vt 0.910067 0.288708
vt 0.904261 0.287948
vt 0.915904 0.288624
vt 0.921418 0.288147
vt 0.89275 0.28646
vt 0.898813 0.2868
vt 0.927417 0.288524
vt 0.907043 0.242325
vt 0.910111 0.192688
vt 0.913182 0.242799
vt 0.916986 0.192623
vt 0.919296 0.243227
vt 0.923742 0.193797
vt 0.924974 0.243626
vt 0.929916 0.195561
vt 0.895113 0.2417
vt 0.896875 0.193826
vt 0.901351 0.241899
vt 0.903734 0.193497
vt 0.931161 0.244303
vt 0.936662 0.196854
vt 0.127517 0.129286
vt 0.115489 0.185955
vt 0.102668 0.129222
vt 0.07956 0.186879
vt 0.157822 0.129079
vt 0.152805 0.185705
vt 0.187004 0.135171
vt 0.188883 0.190136
vt 0.210553 0.139438
vt 0.221723 0.194282
vt 0.105585 0.24311
vt 0.063911 0.244294
vt 0.149824 0.243457
vt 0.193199 0.246068
vt 0.233007 0.249349
vt 0.100644 0.302772
vt 0.056449 0.302635
vt 0.148422 0.290061
vt 0.195047 0.304593
vt 0.238114 0.305932
vt 0.099012 0.352956
vt 0.052754 0.359225
vt 0.147434 0.341791
vt 0.198298 0.354
vt 0.237355 0.361206
vt 0.096994 0.395717
vt 0.058029 0.395161
vt 0.234605 0.396403
vt 0.227744 0.431766
vt 0.19634 0.396445
vt 0.192807 0.427962
vt 0.064602 0.43121
vt 0.100127 0.42771
vt 0.182569 0.094185
vt 0.198448 0.09766
vt 0.16261 0.087802
vt 0.141253 0.088147
vt 0.123989 0.08685
vt 0.168083 0.052678
vt 0.513437 0.15826
vt 0.478308 0.15649
vt 0.496157 0.101865
vt 0.468722 0.099275
vt 0.4409 0.155116
vt 0.437305 0.098051
vt 0.407858 0.103398
vt 0.404526 0.158544
vt 0.384286 0.107184
vt 0.371389 0.161695
vt 0.52843 0.215618
vt 0.48667 0.213733
vt 0.442345 0.213057
vt 0.398583 0.214781
vt 0.357989 0.217171
vt 0.534928 0.27486
vt 0.490231 0.273832
vt 0.442799 0.25963
vt 0.395834 0.274123
vt 0.35171 0.275221
vt 0.536668 0.332637
vt 0.490267 0.324022
vt 0.452816 0.298163
vt 0.45303 0.31096
vt 0.442167 0.292205
vt 0.431984 0.298842
vt 0.392704 0.324007
vt 0.352881 0.332403
vt 0.529241 0.368935
vt 0.490124 0.367186
vt 0.401462 0.399021
vt 0.366038 0.404864
vt 0.395993 0.36715
vt 0.356995 0.368765
vt 0.52001 0.404921
vt 0.48462 0.399052
vt 0.410584 0.063703
vt 0.391857 0.065828
vt 0.431837 0.056947
vt 0.454865 0.055552
vt 0.475222 0.049839
vt 0.425978 0.02704
vt 0.111672 0.08336
vt 0.100423 0.071272
vt 0.144478 0.055517
vt 0.13656 0.039352
vt 0.061306 0.116197
vt 0.074592 0.124628
vt 0.172103 0.029751
vt 0.176869 0.003968
vt 0.04702 0.187518
vt 0.032844 0.18246
vt 0.201525 0.051218
vt 0.18913 0.063171
vt 0.222281 0.090746
vt 0.209922 0.097876
vt 0.242212 0.134173
vt 0.229209 0.139647
vt 0.251094 0.196887
vt 0.264045 0.192909
vt 0.026436 0.246634
vt 0.013015 0.244288
vt 0.268448 0.252859
vt 0.281204 0.250969
vt 0.016587 0.304666
vt 0.003736 0.304971
vt 0.276574 0.308844
vt 0.288971 0.309391
vt 0.017235 0.360866
vt 0.00517 0.363421
vt 0.274983 0.363452
vt 0.286691 0.366116
vt 0.023749 0.396307
vt 0.013713 0.401665
vt 0.268184 0.397988
vt 0.277933 0.40334
vt 0.046503 0.432906
vt 0.038223 0.439997
vt 0.245355 0.433589
vt 0.253542 0.440616
vt 0.069235 0.449723
vt 0.068828 0.460686
vt 0.103533 0.449265
vt 0.107799 0.460026
vt 0.131333 0.431558
vt 0.121269 0.426435
vt 0.146944 0.391914
vt 0.147137 0.366177
vt 0.17193 0.426508
vt 0.161924 0.431464
vt 0.189251 0.449125
vt 0.184932 0.459769
vt 0.223327 0.460729
vt 0.223014 0.449939
vt 0.494328 0.046832
vt 0.475611 0.049709
vt 0.457183 0.018788
vt 0.444371 0.026469
vt 0.512559 0.098893
vt 0.529374 0.09671
vt 0.420408 0.004756
vt 0.422323 0.012434
vt 0.543085 0.158947
vt 0.557594 0.1576
vt 0.409668 0.034498
vt 0.396105 0.033667
vt 0.376648 0.066962
vt 0.369571 0.107043
vt 0.355618 0.106406
vt 0.34351 0.163015
vt 0.330034 0.161712
vt 0.565375 0.218111
vt 0.578588 0.21688
vt 0.32222 0.219566
vt 0.309449 0.218266
vt 0.575023 0.277904
vt 0.587536 0.277137
vt 0.312231 0.277966
vt 0.299927 0.27705
vt 0.584588 0.335842
vt 0.572399 0.33596
vt 0.302026 0.335284
vt 0.314178 0.335543
vt 0.574879 0.373959
vt 0.562887 0.372531
vt 0.311332 0.373458
vt 0.323321 0.372111
vt 0.546365 0.410256
vt 0.535154 0.406933
vt 0.339638 0.410015
vt 0.35098 0.406832
vt 0.515617 0.432381
vt 0.515007 0.421553
vt 0.480699 0.41824
vt 0.476396 0.427133
vt 0.464 0.397108
vt 0.451885 0.39783
vt 0.443046 0.354943
vt 0.44302 0.318633
vt 0.422099 0.397118
vt 0.434222 0.397847
vt 0.409673 0.427153
vt 0.405397 0.4183
vt 0.370422 0.432371
vt 0.37106 0.421527
vt 0.432587 0.311578
vt 0.306691 0.714639
vt 0.313162 0.683919
vt 0.320632 0.712346
vt 0.320121 0.682944
vt 0.335582 0.716975
vt 0.327221 0.683209
vt 0.350444 0.72102
vt 0.337957 0.684478
vt 0.27969 0.717056
vt 0.297634 0.686652
vt 0.293535 0.71931
vt 0.302986 0.685653
vt 0.365388 0.717034
vt 0.343734 0.684696
vt 0.311075 0.633222
vt 0.317889 0.632606
vt 0.324746 0.632637
vt 0.333465 0.632593
vt 0.297685 0.635941
vt 0.302525 0.633981
vt 0.338852 0.633904
vt 0.315497 0.583142
vt 0.308289 0.583181
vt 0.322669 0.582501
vt 0.330209 0.581318
vt 0.294239 0.583997
vt 0.300718 0.582696
vt 0.336953 0.581942
vt 0.313068 0.532181
vt 0.30562 0.531995
vt 0.320449 0.531264
vt 0.327367 0.529855
vt 0.290939 0.531544
vt 0.298602 0.531245
vt 0.335041 0.529407
vt 0.302697 0.475261
vt 0.298817 0.414945
vt 0.31026 0.474927
vt 0.307088 0.413797
vt 0.3178 0.47452
vt 0.315413 0.41415
vt 0.324804 0.474128
vt 0.323133 0.415302
vt 0.288075 0.47621
vt 0.283065 0.418333
vt 0.295698 0.475571
vt 0.291268 0.416901
vt 0.332479 0.473964
vt 0.331479 0.415785
vt 0.741854 0.307329
vt 0.752849 0.255478
vt 0.764588 0.307428
vt 0.785685 0.25465
vt 0.714128 0.307486
vt 0.71874 0.255688
vt 0.687417 0.301869
vt 0.685759 0.251606
vt 0.665874 0.297924
vt 0.655767 0.247795
vt 0.761892 0.203228
vt 0.799985 0.202172
vt 0.721478 0.202904
vt 0.681827 0.200498
vt 0.645481 0.197505
vt 0.76643 0.148722
vt 0.806805 0.14887
vt 0.722775 0.160337
vt 0.680147 0.147036
vt 0.640781 0.145836
vt 0.767935 0.102836
vt 0.810256 0.097129
vt 0.723659 0.113049
vt 0.677183 0.10187
vt 0.641441 0.095259
vt 0.769773 0.063687
vt 0.805485 0.064208
vt 0.644002 0.063028
vt 0.650377 0.030595
vt 0.679052 0.063056
vt 0.682386 0.034224
vt 0.799519 0.03114
vt 0.766894 0.034355
vt 0.691448 0.339392
vt 0.67691 0.336193
vt 0.709735 0.34525
vt 0.729284 0.34496
vt 0.745091 0.346151
vt 0.704737 0.377457
vt 0.869327 0.498773
vt 0.837182 0.497321
vt 0.853288 0.447123
vt 0.828206 0.444924
vt 0.802915 0.496271
vt 0.799408 0.443926
vt 0.772353 0.448973
vt 0.769581 0.499672
vt 0.750671 0.452606
vt 0.7392 0.50284
vt 0.883347 0.551171
vt 0.84515 0.549685
vt 0.804598 0.549333
vt 0.764572 0.551238
vt 0.727464 0.553808
vt 0.889674 0.605335
vt 0.848774 0.604662
vt 0.805316 0.591953
vt 0.76252 0.605512
vt 0.722299 0.606855
vt 0.891617 0.658267
vt 0.84908 0.650607
vt 0.814689 0.627115
vt 0.814956 0.638819
vt 0.804935 0.62173
vt 0.795688 0.627863
vt 0.759986 0.651007
vt 0.723778 0.658865
vt 0.884974 0.69156
vt 0.849167 0.690121
vt 0.768259 0.719331
vt 0.736061 0.724758
vt 0.763163 0.690321
vt 0.727688 0.691928
vt 0.876668 0.724548
vt 0.844291 0.719304
vt 0.774778 0.41238
vt 0.757472 0.414384
vt 0.794382 0.406177
vt 0.815532 0.40499
vt 0.834163 0.399856
vt 0.789144 0.378541
vt 0.75636 0.349342
vt 0.766664 0.360384
vt 0.726375 0.374836
vt 0.733651 0.389644
vt 0.802419 0.319328
vt 0.790271 0.311639
vt 0.701081 0.39848
vt 0.696733 0.42214
vt 0.815424 0.254049
vt 0.828385 0.258665
vt 0.67407 0.378811
vt 0.685438 0.367833
vt 0.655035 0.342502
vt 0.666374 0.33597
vt 0.636897 0.302673
vt 0.648802 0.297698
vt 0.62895 0.24538
vt 0.617122 0.248999
vt 0.834226 0.20004
vt 0.846492 0.202176
vt 0.613125 0.194299
vt 0.601487 0.196034
vt 0.843222 0.147062
vt 0.854956 0.146792
vt 0.605615 0.143225
vt 0.594279 0.142756
vt 0.842754 0.095699
vt 0.853799 0.0934
vt 0.606975 0.09322
vt 0.596245 0.090795
vt 0.83688 0.063234
vt 0.846083 0.058356
vt 0.613195 0.06156
vt 0.604244 0.056649
vt 0.816149 0.029621
vt 0.823782 0.023134
vt 0.634201 0.028868
vt 0.626688 0.022382
vt 0.795272 0.014107
vt 0.795656 0.004018
vt 0.763738 0.014568
vt 0.759796 0.00469
vt 0.738254 0.030896
vt 0.747501 0.035573
vt 0.72411 0.067266
vt 0.723927 0.090774
vt 0.701458 0.035652
vt 0.710628 0.031175
vt 0.685741 0.014865
vt 0.689752 0.005147
vt 0.654573 0.00403
vt 0.654805 0.013936
vt 0.851595 0.397137
vt 0.834519 0.399737
vt 0.81794 0.371291
vt 0.806088 0.37819
vt 0.868271 0.444409
vt 0.883616 0.442368
vt 0.784251 0.35782
vt 0.785941 0.364947
vt 0.896445 0.49927
vt 0.909708 0.497972
vt 0.774004 0.385354
vt 0.761404 0.384524
vt 0.743396 0.415496
vt 0.737098 0.452585
vt 0.724241 0.452111
vt 0.713605 0.504335
vt 0.701213 0.503292
vt 0.917134 0.55324
vt 0.929204 0.552037
vt 0.694814 0.556403
vt 0.683136 0.555387
vt 0.92637 0.607852
vt 0.937814 0.607058
vt 0.686412 0.609722
vt 0.675227 0.609022
vt 0.935582 0.660931
vt 0.924393 0.661116
vt 0.677626 0.661764
vt 0.688641 0.661932
vt 0.9268 0.696017
vt 0.915805 0.694739
vt 0.686171 0.696349
vt 0.697067 0.695091
vt 0.900783 0.729344
vt 0.89052 0.726344
vt 0.71207 0.729524
vt 0.722375 0.726589
vt 0.872748 0.749637
vt 0.872153 0.739752
vt 0.840799 0.736855
vt 0.83691 0.745001
vt 0.825397 0.717611
vt 0.814308 0.718347
vt 0.80601 0.679062
vt 0.805848 0.645879
vt 0.787046 0.717569
vt 0.798079 0.718202
vt 0.775834 0.744888
vt 0.771913 0.736849
vt 0.740135 0.749771
vt 0.740685 0.739903
vt 0.796299 0.639489
vt 0.028449 0.990601
vt 0.034076 0.962408
vt 0.04119 0.988364
vt 0.040442 0.96146
vt 0.054922 0.992448
vt 0.046948 0.961648
vt 0.068556 0.996032
vt 0.056797 0.962704
vt 0.003736 0.993106
vt 0.019866 0.965041
vt 0.016447 0.995019
vt 0.024763 0.96408
vt 0.082215 0.992255
vt 0.062093 0.962849
vt 0.031722 0.915975
vt 0.037945 0.915347
vt 0.044212 0.91531
vt 0.052183 0.915179
vt 0.019511 0.918575
vt 0.023916 0.916745
vt 0.057127 0.916321
vt 0.035233 0.870228
vt 0.028659 0.870341
vt 0.041767 0.869565
vt 0.048632 0.868402
vt 0.015855 0.87124
vt 0.02175 0.869982
vt 0.054793 0.868894
vt 0.032417 0.823786
vt 0.025615 0.823699
vt 0.039149 0.822867
vt 0.045451 0.821506
vt 0.012199 0.823454
vt 0.019195 0.823091
vt 0.05245 0.821014
vt 0.022325 0.771828
vt 0.018203 0.716574
vt 0.029247 0.77145
vt 0.025777 0.715451
vt 0.036145 0.771003
vt 0.033411 0.715706
vt 0.042552 0.770578
vt 0.040496 0.716695
vt 0.008943 0.772849
vt 0.003785 0.719822
vt 0.015918 0.772184
vt 0.011296 0.718433
vt 0.049576 0.770357
vt 0.048148 0.717065
vt 0.387352 0.762109
vt 0.379744 0.797484
vt 0.371813 0.761892
vt 0.357245 0.797751
vt 0.406267 0.762044
vt 0.403184 0.797471
vt 0.424511 0.765791
vt 0.425898 0.800245
vt 0.439263 0.768348
vt 0.446625 0.802719
vt 0.373181 0.833587
vt 0.346677 0.833938
vt 0.40126 0.834005
vt 0.42881 0.835642
vt 0.454149 0.83754
vt 0.369626 0.871686
vt 0.341235 0.871199
vt 0.400295 0.863739
vt 0.430179 0.873016
vt 0.457818 0.873657
vt 0.36826 0.904025
vt 0.338244 0.907701
vt 0.399591 0.897004
vt 0.432455 0.904808
vt 0.457741 0.90925
vt 0.366706 0.931787
vt 0.341329 0.931114
vt 0.4562 0.932064
vt 0.451978 0.955121
vt 0.431337 0.932305
vt 0.429166 0.952836
vt 0.345299 0.954699
vt 0.368565 0.952671
vt 0.421584 0.740323
vt 0.431456 0.742402
vt 0.409194 0.73645
vt 0.395996 0.736717
vt 0.385349 0.735939
vt 0.412441 0.714718
vt 0.682081 0.774704
vt 0.655861 0.773538
vt 0.669238 0.731675
vt 0.646411 0.729608
vt 0.628053 0.773956
vt 0.621069 0.730497
vt 0.598592 0.737662
vt 0.601888 0.779195
vt 0.58113 0.743584
vt 0.578738 0.784898
vt 0.691575 0.815921
vt 0.662718 0.814301
vt 0.632086 0.814968
vt 0.602481 0.818787
vt 0.575805 0.823949
vt 0.69433 0.855694
vt 0.665136 0.854532
vt 0.634183 0.846094
vt 0.605014 0.857653
vt 0.577347 0.861528
vt 0.693817 0.892382
vt 0.664726 0.886154
vt 0.640859 0.870809
vt 0.641143 0.878065
vt 0.634895 0.867305
vt 0.62957 0.871703
vt 0.60616 0.888285
vt 0.582626 0.895883
vt 0.688353 0.91448
vt 0.664506 0.912402
vt 0.614438 0.931854
vt 0.594596 0.937027
vt 0.60991 0.913576
vt 0.587332 0.91684
vt 0.681809 0.936037
vt 0.660775 0.931503
vt 0.595548 0.705541
vt 0.580706 0.710129
vt 0.612208 0.696999
vt 0.631423 0.692998
vt 0.648303 0.685665
vt 0.603275 0.672335
vt 0.377782 0.733792
vt 0.370911 0.726394
vt 0.397898 0.716576
vt 0.392966 0.706657
vt 0.347065 0.753582
vt 0.355224 0.758915
vt 0.414805 0.700557
vt 0.417605 0.684645
vt 0.336833 0.797702
vt 0.328015 0.794273
vt 0.433078 0.713629
vt 0.425492 0.721091
vt 0.44622 0.737949
vt 0.438591 0.742468
vt 0.459032 0.764814
vt 0.450935 0.768351
vt 0.465172 0.80413
vt 0.473308 0.801492
vt 0.322761 0.834904
vt 0.314233 0.833181
vt 0.476739 0.839473
vt 0.484839 0.838136
vt 0.315566 0.871998
vt 0.307285 0.872011
vt 0.482531 0.875181
vt 0.490498 0.875399
vt 0.315193 0.908345
vt 0.307334 0.909838
vt 0.482073 0.910375
vt 0.489663 0.911968
vt 0.318986 0.93149
vt 0.312377 0.934861
vt 0.478016 0.932797
vt 0.484401 0.936175
vt 0.33343 0.955628
vt 0.327935 0.960177
vt 0.463489 0.956173
vt 0.468896 0.960688
vt 0.348181 0.96688
vt 0.347823 0.974074
vt 0.370675 0.966808
vt 0.373417 0.973888
vt 0.388965 0.955323
vt 0.382408 0.951934
vt 0.399236 0.929502
vt 0.39938 0.912762
vt 0.415527 0.951952
vt 0.409012 0.95521
vt 0.426932 0.966671
vt 0.424149 0.973647
vt 0.449277 0.974083
vt 0.449003 0.967027
vt 0.665101 0.682297
vt 0.648635 0.685543
vt 0.629358 0.660797
vt 0.619072 0.669254
vt 0.682552 0.728693
vt 0.696452 0.727037
vt 0.595123 0.653835
vt 0.59793 0.660198
vt 0.704175 0.776017
vt 0.715003 0.775767
vt 0.590452 0.681193
vt 0.578788 0.68274
vt 0.568813 0.713652
vt 0.570082 0.745639
vt 0.559736 0.747357
vt 0.559548 0.789393
vt 0.550152 0.790418
vt 0.716912 0.819033
vt 0.726019 0.818931
vt 0.552918 0.829517
vt 0.544607 0.830305
vt 0.720286 0.859108
vt 0.72842 0.859232
vt 0.553395 0.866941
vt 0.545852 0.867711
vt 0.723757 0.896165
vt 0.716131 0.895706
vt 0.552874 0.90179
vt 0.559985 0.900846
vt 0.716115 0.919153
vt 0.70885 0.917823
vt 0.5614 0.922804
vt 0.568142 0.921143
vt 0.697531 0.940126
vt 0.690873 0.937744
vt 0.579966 0.941544
vt 0.586188 0.939035
vt 0.678332 0.952375
vt 0.678309 0.945873
vt 0.657962 0.942841
vt 0.65517 0.948002
vt 0.648751 0.929911
vt 0.641462 0.930111
vt 0.636583 0.904202
vt 0.63596 0.882346
vt 0.62602 0.929969
vt 0.633083 0.929838
vt 0.620399 0.947476
vt 0.61757 0.942651
vt 0.598552 0.952359
vt 0.598335 0.946202
vt 0.630333 0.878827
vt 0.636463 0.880087
vt 0.635754 0.880217
vt 0.635024 0.880192
vt 0.634039 0.879606
vt 0.638131 0.878726
vt 0.637358 0.8794
vt 0.633098 0.87909
vt 0.63717 0.886129
vt 0.636267 0.886243
vt 0.635356 0.886271
vt 0.634195 0.886304
vt 0.638933 0.885674
vt 0.638304 0.885974
vt 0.633472 0.886138
vt 0.636847 0.892819
vt 0.637806 0.892789
vt 0.635899 0.89293
vt 0.634905 0.893114
vt 0.639678 0.892631
vt 0.638816 0.892827
vt 0.634013 0.89306
vt 0.637297 0.899537
vt 0.638276 0.899568
vt 0.636331 0.899652
vt 0.63543 0.899831
vt 0.640218 0.899648
vt 0.6392 0.899676
vt 0.634438 0.899887
vt 0.638407 0.906994
vt 0.638298 0.914754
vt 0.637428 0.906984
vt 0.637227 0.914816
vt 0.636455 0.906986
vt 0.636172 0.914685
vt 0.635556 0.906989
vt 0.635201 0.914462
vt 0.640315 0.906981
vt 0.640355 0.914487
vt 0.639317 0.907007
vt 0.639284 0.914585
vt 0.634579 0.906959
vt 0.634151 0.914319
usemtl LeavesSG
f 1/1/1 2/2/2 3/3/3
f 3/3/3 2/2/2 4/4/4
f 5/5/5 6/6/6 1/1/1
f 1/1/1 6/6/6 2/2/2
f 5/5/5 7/7/7 6/6/6
f 6/6/6 7/7/7 8/8/8
f 7/7/7 9/9/9 8/8/8
f 8/8/8 9/9/9 10/10/10
f 2/2/2 11/11/11 4/4/4
f 4/4/4 11/11/11 12/12/12
f 6/6/6 13/13/13 2/2/2
f 2/2/2 13/13/13 11/11/11
f 6/6/6 8/8/8 13/13/13
f 13/13/13 8/8/8 14/14/14
f 8/8/8 10/10/10 14/14/14
f 14/14/14 10/10/10 15/15/15
f 11/11/11 16/16/16 12/12/12
f 12/12/12 16/16/16 17/17/17
f 13/13/13 18/18/18 11/11/11
f 11/11/11 18/18/18 16/16/16
f 13/13/13 14/14/14 18/18/18
f 18/18/18 14/14/14 19/19/19
f 14/14/14 15/15/15 19/19/19
f 19/19/19 15/15/15 20/20/20
f 16/16/16 21/21/21 17/17/17
f 17/17/17 21/21/21 22/22/22
f 18/18/18 23/23/23 16/16/16
f 16/16/16 23/23/23 21/21/21
f 18/18/18 19/19/19 23/23/23
f 23/23/23 19/19/19 24/24/24
f 19/19/19 20/20/20 24/24/24
f 24/24/24 20/20/20 25/25/25
f 21/21/21 26/26/26 22/22/22
f 22/22/22 26/26/26 27/27/27
f 28/28/28 29/29/29 30/30/30
f 30/30/30 29/29/29 31/31/31
f 27/27/27 26/26/26 32/32/32
f 32/32/32 26/26/26 33/33/33
f 24/24/24 25/25/25 30/30/30
f 30/30/30 25/25/25 28/28/28
f 34/34/34 35/35/35 7/7/7
f 7/7/7 35/35/35 9/9/9
f 36/36/36 34/34/34 5/5/5
f 5/5/5 34/34/34 7/7/7
f 36/36/36 5/5/5 37/37/37
f 37/37/37 5/5/5 1/1/1
f 37/37/37 1/1/1 38/38/38
f 38/38/38 1/1/1 3/3/3
f 39/39/39 34/34/34 36/36/36
f 39/39/39 36/36/36 37/37/37
f 40/40/40 41/41/41 42/42/42
f 42/42/42 41/41/41 43/43/43
f 41/41/41 44/44/44 43/43/43
f 43/43/43 44/44/44 45/45/45
f 45/45/45 44/44/44 46/46/46
f 46/46/46 44/44/44 47/47/47
f 46/46/46 47/47/47 48/48/48
f 48/48/48 47/47/47 49/49/49
f 50/50/50 51/51/51 40/40/40
f 40/40/40 51/51/51 41/41/41
f 51/51/51 52/52/52 41/41/41
f 41/41/41 52/52/52 44/44/44
f 44/44/44 52/52/52 47/47/47
f 47/47/47 52/52/52 53/53/53
f 47/47/47 53/53/53 49/49/49
f 49/49/49 53/53/53 54/54/54
f 55/55/55 56/56/56 50/50/50
f 50/50/50 56/56/56 51/51/51
f 56/56/56 57/57/57 51/51/51
f 51/51/51 57/57/57 52/52/52
f 52/52/52 57/57/57 53/53/53
f 53/53/53 57/57/57 58/58/58
f 53/53/53 58/58/58 54/54/54
f 54/54/54 58/58/58 59/59/59
f 60/60/60 61/61/61 55/55/55
f 55/55/55 61/61/61 56/56/56
f 56/56/56 61/61/61 62/62/62
f 62/62/62 61/61/61 63/63/63
f 64/64/64 65/65/65 57/57/57
f 57/57/57 65/65/65 58/58/58
f 58/58/58 66/66/66 59/59/59
f 59/59/59 66/66/66 67/67/67
f 68/68/68 69/69/69 60/60/60
f 60/60/60 69/69/69 61/61/61
f 70/70/70 71/71/71 72/72/72
f 72/72/72 71/71/71 73/73/73
f 68/68/68 74/74/74 69/69/69
f 69/69/69 74/74/74 75/75/75
f 66/66/66 72/72/72 67/67/67
f 67/67/67 72/72/72 73/73/73
f 76/76/76 46/46/46 77/77/77
f 77/77/77 46/46/46 48/48/48
f 78/78/78 45/45/45 76/76/76
f 76/76/76 45/45/45 46/46/46
f 43/43/43 45/45/45 79/79/79
f 79/79/79 45/45/45 78/78/78
f 42/42/42 43/43/43 80/80/80
f 80/80/80 43/43/43 79/79/79
f 81/81/81 78/78/78 76/76/76
f 81/81/81 79/79/79 78/78/78
f 82/82/82 83/83/83 84/84/84
f 84/84/84 83/83/83 85/85/85
f 83/83/83 82/82/82 86/86/86
f 86/86/86 82/82/82 87/87/87
f 84/84/84 85/85/85 88/88/88
f 88/88/88 85/85/85 89/89/89
f 87/87/87 90/90/90 86/86/86
f 86/86/86 90/90/90 91/91/91
f 89/89/89 92/92/92 88/88/88
f 88/88/88 92/92/92 93/93/93
f 92/92/92 94/94/94 93/93/93
f 93/93/93 94/94/94 95/95/95
f 94/94/94 96/96/96 95/95/95
f 95/95/95 96/96/96 97/97/97
f 97/97/97 96/96/96 98/98/98
f 98/98/98 96/96/96 99/99/99
f 90/90/90 100/100/100 91/91/91
f 91/91/91 100/100/100 101/101/101
f 98/98/98 99/99/99 102/102/102
f 102/102/102 99/99/99 103/103/103
f 100/100/100 104/104/104 101/101/101
f 101/101/101 104/104/104 105/105/105
f 102/102/102 103/103/103 106/106/106
f 106/106/106 103/103/103 107/107/107
f 104/104/104 108/108/108 105/105/105
f 105/105/105 108/108/108 109/109/109
f 106/106/106 107/107/107 110/110/110
f 110/110/110 107/107/107 111/111/111
f 108/108/108 112/112/112 109/109/109
f 109/109/109 112/112/112 113/113/113
f 110/110/110 111/111/111 114/114/114
f 114/114/114 111/111/111 115/115/115
f 112/112/112 116/116/116 113/113/113
f 113/113/113 116/116/116 117/117/117
f 114/114/114 115/115/115 118/118/118
f 118/118/118 115/115/115 119/119/119
f 116/116/116 120/120/120 117/117/117
f 117/117/117 120/120/120 121/121/121
f 120/120/120 122/122/122 121/121/121
f 121/121/121 122/122/122 123/123/123
f 123/123/123 122/122/122 124/124/124
f 124/124/124 122/122/122 125/125/125
f 124/124/124 125/125/125 126/126/126
f 126/126/126 125/125/125 127/127/127
f 127/127/127 128/128/128 126/126/126
f 126/126/126 128/128/128 129/129/129
f 128/128/128 130/130/130 129/129/129
f 129/129/129 130/130/130 131/131/131
f 131/131/131 130/130/130 132/132/132
f 132/132/132 130/130/130 133/133/133
f 132/132/132 133/133/133 119/119/119
f 119/119/119 133/133/133 118/118/118
f 83/134/83 134/135/134 85/136/85
f 85/136/85 134/135/134 135/137/135
f 134/135/134 83/134/83 136/138/136
f 136/138/136 83/134/83 86/139/86
f 85/136/85 135/137/135 89/140/89
f 89/140/89 135/137/135 137/141/137
f 136/138/136 86/139/86 138/142/138
f 138/142/138 86/139/86 91/143/91
f 137/141/137 139/144/139 89/140/89
f 89/140/89 139/144/139 92/145/92
f 139/144/139 77/77/77 92/145/92
f 92/145/92 77/77/77 94/146/94
f 77/77/77 140/147/140 94/146/94
f 94/146/94 140/147/140 96/148/96
f 140/147/140 141/149/141 96/148/96
f 96/148/96 141/149/141 99/150/99
f 138/142/138 91/143/91 142/151/142
f 142/151/142 91/143/91 101/152/101
f 141/149/141 143/153/143 99/150/99
f 99/150/99 143/153/143 103/154/103
f 142/151/142 101/152/101 144/155/144
f 144/155/144 101/152/101 105/156/105
f 143/153/143 145/157/145 103/154/103
f 103/154/103 145/157/145 107/158/107
f 105/156/105 109/159/109 144/155/144
f 144/155/144 109/159/109 146/160/146
f 107/158/107 145/157/145 111/161/111
f 111/161/111 145/157/145 147/162/147
f 109/159/109 113/163/113 146/160/146
f 146/160/146 113/163/113 148/164/148
f 111/161/111 147/162/147 115/165/115
f 115/165/115 147/162/147 149/166/149
f 113/163/113 117/167/117 148/164/148
f 148/164/148 117/167/117 150/168/150
f 115/165/115 149/166/149 119/169/119
f 119/169/119 149/166/149 151/170/151
f 117/167/117 121/171/121 150/168/150
f 150/168/150 121/171/121 152/172/152
f 152/172/152 121/171/121 153/173/153
f 153/173/153 121/171/121 123/174/123
f 153/173/153 123/174/123 154/175/154
f 154/175/154 123/174/123 124/176/124
f 124/176/124 126/177/126 154/175/154
f 154/175/154 126/177/126 155/178/155
f 155/178/155 126/177/126 156/179/156
f 156/179/156 126/177/126 129/180/129
f 129/180/129 131/181/131 156/179/156
f 156/179/156 131/181/131 157/182/157
f 131/181/131 132/183/132 157/182/157
f 157/182/157 132/183/132 158/184/158
f 158/184/158 132/183/132 151/170/151
f 151/170/151 132/183/132 119/169/119
f 82/82/82 84/84/84 38/38/38
f 84/84/84 88/88/88 39/39/39
f 88/88/88 93/93/93 39/39/39
f 93/93/93 95/95/95 35/35/35
f 3/3/3 4/4/4 87/87/87
f 87/87/87 4/4/4 90/90/90
f 9/9/9 97/97/97 10/10/10
f 10/10/10 97/97/97 98/98/98
f 4/4/4 12/12/12 90/90/90
f 90/90/90 12/12/12 100/100/100
f 10/10/10 98/98/98 15/15/15
f 15/15/15 98/98/98 102/102/102
f 12/12/12 17/17/17 100/100/100
f 100/100/100 17/17/17 104/104/104
f 15/15/15 102/102/102 20/20/20
f 20/20/20 102/102/102 106/106/106
f 17/17/17 22/22/22 104/104/104
f 104/104/104 22/22/22 108/108/108
f 20/20/20 106/106/106 25/25/25
f 25/25/25 106/106/106 110/110/110
f 108/108/108 22/22/22 112/112/112
f 112/112/112 22/22/22 27/27/27
f 23/23/23 127/127/127 21/21/21
f 21/21/21 127/127/127 26/26/26
f 127/127/127 30/30/30 128/128/128
f 128/128/128 30/30/30 31/31/31
f 114/114/114 118/118/118 28/28/28
f 28/28/28 118/118/118 29/29/29
f 29/29/29 118/118/118 133/133/133
f 29/29/29 133/133/133 31/31/31
f 31/31/31 133/133/133 130/130/130
f 128/128/128 31/31/31 130/130/130
f 33/33/33 125/125/125 122/122/122
f 32/32/32 33/33/33 120/120/120
f 120/120/120 33/33/33 122/122/122
f 116/116/116 32/32/32 120/120/120
f 127/127/127 125/125/125 26/26/26
f 26/26/26 125/125/125 33/33/33
f 112/112/112 27/27/27 116/116/116
f 116/116/116 27/27/27 32/32/32
f 23/23/23 24/24/24 127/127/127
f 127/127/127 24/24/24 30/30/30
f 110/110/110 114/114/114 25/25/25
f 25/25/25 114/114/114 28/28/28
f 35/35/35 95/95/95 9/9/9
f 9/9/9 95/95/95 97/97/97
f 38/38/38 3/3/3 82/82/82
f 82/82/82 3/3/3 87/87/87
f 39/39/39 93/93/93 34/34/34
f 34/34/34 93/93/93 35/35/35
f 39/39/39 37/37/37 84/84/84
f 84/84/84 37/37/37 38/38/38
f 134/135/134 80/80/80 135/137/135
f 135/137/135 81/81/81 137/141/137
f 137/141/137 81/81/81 139/144/139
f 138/142/138 40/40/40 136/138/136
f 136/138/136 40/40/40 42/42/42
f 48/48/48 49/49/49 140/147/140
f 140/147/140 49/49/49 141/149/141
f 142/151/142 50/50/50 138/142/138
f 138/142/138 50/50/50 40/40/40
f 49/49/49 54/54/54 141/149/141
f 141/149/141 54/54/54 143/153/143
f 144/155/144 55/55/55 142/151/142
f 142/151/142 55/55/55 50/50/50
f 54/54/54 59/59/59 143/153/143
f 143/153/143 59/59/59 145/157/145
f 146/160/146 60/60/60 144/155/144
f 144/155/144 60/60/60 55/55/55
f 59/59/59 67/67/67 145/157/145
f 145/157/145 67/67/67 147/162/147
f 146/160/146 148/164/148 60/60/60
f 60/60/60 148/164/148 68/68/68
f 61/61/61 69/69/69 63/63/63
f 155/178/155 156/179/156 72/72/72
f 72/72/72 156/179/156 70/70/70
f 71/71/71 151/170/151 73/73/73
f 73/73/73 151/170/151 149/166/149
f 71/71/71 158/184/158 151/170/151
f 157/182/157 158/184/158 70/70/70
f 70/70/70 158/184/158 71/71/71
f 156/179/156 157/182/157 70/70/70
f 75/75/75 153/173/153 154/175/154
f 74/74/74 152/172/152 75/75/75
f 75/75/75 152/172/152 153/173/153
f 150/168/150 152/172/152 74/74/74
f 75/75/75 154/175/154 69/69/69
f 69/69/69 154/175/154 155/178/155
f 148/164/148 150/168/150 68/68/68
f 68/68/68 150/168/150 74/74/74
f 159/185/159 72/72/72 66/66/66
f 73/73/73 149/166/149 67/67/67
f 67/67/67 149/166/149 147/162/147
f 77/77/77 48/48/48 140/147/140
f 134/135/134 136/138/136 80/80/80
f 136/138/136 42/42/42 80/80/80
f 81/81/81 76/76/76 139/144/139
f 139/144/139 76/76/76 77/77/77
f 80/80/80 79/79/79 135/137/135
f 135/137/135 79/79/79 81/81/81
f 155/178/155 72/72/72 159/185/159
f 63/63/63 69/69/69 155/178/155
f 58/58/58 65/65/65 66/66/66
f 66/66/66 65/65/65 159/185/159
f 56/56/56 62/62/62 57/57/57
f 57/57/57 62/62/62 64/64/64
f 159/186/159 160/187/160 155/188/155
f 155/188/155 160/187/160 161/189/161
f 63/190/63 155/188/155 162/191/162
f 162/191/162 155/188/155 161/189/161
f 62/192/62 63/190/63 163/193/163
f 163/193/163 63/190/63 162/191/162
f 64/194/64 164/195/164 65/196/65
f 65/196/65 164/195/164 165/197/165
f 65/196/65 165/197/165 159/186/159
f 159/186/159 165/197/165 160/187/160
f 64/198/64 62/192/62 164/199/164
f 164/199/164 62/192/62 163/193/163
f 160/187/160 166/200/166 161/189/161
f 161/189/161 166/200/166 167/201/167
f 162/191/162 161/189/161 168/202/168
f 168/202/168 161/189/161 167/201/167
f 163/193/163 162/191/162 169/203/169
f 169/203/169 162/191/162 168/202/168
f 164/195/164 170/204/170 165/197/165
f 165/197/165 170/204/170 171/205/171
f 165/197/165 171/205/171 160/187/160
f 160/187/160 171/205/171 166/200/166
f 164/199/164 163/193/163 170/206/170
f 170/206/170 163/193/163 169/203/169
f 167/201/167 166/200/166 172/207/172
f 172/207/172 166/200/166 173/208/173
f 167/201/167 172/207/172 168/202/168
f 168/202/168 172/207/172 174/209/174
f 168/202/168 174/209/174 169/203/169
f 169/203/169 174/209/174 175/210/175
f 170/204/170 176/211/176 171/205/171
f 171/205/171 176/211/176 177/212/177
f 166/200/166 171/205/171 173/208/173
f 173/208/173 171/205/171 177/212/177
f 170/206/170 169/203/169 176/213/176
f 176/213/176 169/203/169 175/210/175
f 172/207/172 173/208/173 178/214/178
f 178/214/178 173/208/173 179/215/179
f 172/207/172 178/214/178 174/209/174
f 174/209/174 178/214/178 180/216/180
f 174/209/174 180/216/180 175/210/175
f 175/210/175 180/216/180 181/217/181
f 176/211/176 182/218/182 177/212/177
f 177/212/177 182/218/182 183/219/183
f 173/208/173 177/212/177 179/215/179
f 179/215/179 177/212/177 183/219/183
f 176/213/176 175/210/175 182/220/182
f 182/220/182 175/210/175 181/217/181
f 184/221/184 185/222/185 186/223/186
f 186/223/186 185/222/185 187/224/187
f 188/225/188 186/223/186 189/226/189
f 189/226/189 186/223/186 187/224/187
f 190/227/190 188/225/188 191/228/191
f 191/228/191 188/225/188 189/226/189
f 192/229/192 193/230/193 194/231/194
f 194/231/194 193/230/193 195/232/195
f 194/231/194 195/232/195 184/221/184
f 184/221/184 195/232/195 185/222/185
f 192/233/192 190/227/190 193/234/193
f 193/234/193 190/227/190 191/228/191
f 180/216/180 188/225/188 181/217/181
f 181/217/181 188/225/188 190/227/190
f 181/217/181 190/227/190 182/220/182
f 182/220/182 190/227/190 192/233/192
f 183/219/183 182/218/182 194/231/194
f 194/231/194 182/218/182 192/229/192
f 179/215/179 183/219/183 184/221/184
f 184/221/184 183/219/183 194/231/194
f 178/214/178 179/215/179 186/223/186
f 186/223/186 179/215/179 184/221/184
f 178/214/178 186/223/186 180/216/180
f 180/216/180 186/223/186 188/225/188
f 196/235/196 197/236/197 198/237/198
f 198/237/198 197/236/197 199/238/199
f 200/239/200 201/240/201 196/235/196
f 196/235/196 201/240/201 197/236/197
f 200/239/200 202/241/202 201/240/201
f 201/240/201 202/241/202 203/242/203
f 202/241/202 204/243/204 203/242/203
f 203/242/203 204/243/204 205/244/205
f 197/236/197 206/245/206 199/238/199
f 199/238/199 206/245/206 207/246/207
f 201/240/201 208/247/208 197/236/197
f 197/236/197 208/247/208 206/245/206
f 201/240/201 203/242/203 208/247/208
f 208/247/208 203/242/203 209/248/209
f 203/242/203 205/244/205 209/248/209
f 209/248/209 205/244/205 210/249/210
f 206/245/206 211/250/211 207/246/207
f 207/246/207 211/250/211 212/251/212
f 208/247/208 213/252/213 206/245/206
f 206/245/206 213/252/213 211/250/211
f 208/247/208 209/248/209 213/252/213
f 213/252/213 209/248/209 214/253/214
f 209/248/209 210/249/210 214/253/214
f 214/253/214 210/249/210 215/254/215
f 211/250/211 216/255/216 212/251/212
f 212/251/212 216/255/216 217/256/217
f 213/252/213 218/257/218 211/250/211
f 211/250/211 218/257/218 216/255/216
f 213/252/213 214/253/214 218/257/218
f 218/257/218 214/253/214 219/258/219
f 214/253/214 215/254/215 219/258/219
f 219/258/219 215/254/215 220/259/220
f 216/255/216 221/260/221 217/256/217
f 217/256/217 221/260/221 222/261/222
f 223/262/223 224/263/224 225/264/225
f 225/264/225 224/263/224 226/265/226
f 222/261/222 221/260/221 227/266/227
f 227/266/227 221/260/221 228/267/228
f 219/258/219 220/259/220 225/264/225
f 225/264/225 220/259/220 223/262/223
f 229/268/229 230/269/230 202/241/202
f 202/241/202 230/269/230 204/243/204
f 231/270/231 229/268/229 200/239/200
f 200/239/200 229/268/229 202/241/202
f 231/270/231 200/239/200 232/271/232
f 232/271/232 200/239/200 196/235/196
f 232/271/232 196/235/196 233/272/233
f 233/272/233 196/235/196 198/237/198
f 234/273/234 229/268/229 231/270/231
f 234/273/234 231/270/231 232/271/232
f 235/274/235 236/275/236 237/276/237
f 237/276/237 236/275/236 238/277/238
f 236/275/236 239/278/239 238/277/238
f 238/277/238 239/278/239 240/279/240
f 240/279/240 239/278/239 241/280/241
f 241/280/241 239/278/239 242/281/242
f 241/280/241 242/281/242 243/282/243
f 243/282/243 242/281/242 244/283/244
f 245/284/245 246/285/246 235/274/235
f 235/274/235 246/285/246 236/275/236
f 246/285/246 247/286/247 236/275/236
f 236/275/236 247/286/247 239/278/239
f 239/278/239 247/286/247 242/281/242
f 242/281/242 247/286/247 248/287/248
f 242/281/242 248/287/248 244/283/244
f 244/283/244 248/287/248 249/288/249
f 250/289/250 251/290/251 245/284/245
f 245/284/245 251/290/251 246/285/246
f 251/290/251 252/291/252 246/285/246
f 246/285/246 252/291/252 247/286/247
f 247/286/247 252/291/252 248/287/248
f 248/287/248 252/291/252 253/292/253
f 248/287/248 253/292/253 249/288/249
f 249/288/249 253/292/253 254/293/254
f 255/294/255 256/295/256 250/289/250
f 250/289/250 256/295/256 251/290/251
f 251/290/251 256/295/256 257/296/257
f 257/296/257 256/295/256 258/297/258
f 259/298/259 260/299/260 252/291/252
f 252/291/252 260/299/260 253/292/253
f 253/292/253 261/300/261 254/293/254
f 254/293/254 261/300/261 262/301/262
f 263/302/263 264/303/264 255/294/255
f 255/294/255 264/303/264 256/295/256
f 265/304/265 266/305/266 267/306/267
f 267/306/267 266/305/266 268/307/268
f 263/302/263 269/308/269 264/303/264
f 264/303/264 269/308/269 270/309/270
f 261/300/261 267/306/267 262/301/262
f 262/301/262 267/306/267 268/307/268
f 271/310/271 241/280/241 272/311/272
f 272/311/272 241/280/241 243/282/243
f 273/312/273 240/279/240 271/310/271
f 271/310/271 240/279/240 241/280/241
f 238/277/238 240/279/240 274/313/274
f 274/313/274 240/279/240 273/312/273
f 237/276/237 238/277/238 275/314/275
f 275/314/275 238/277/238 274/313/274
f 276/315/276 273/312/273 271/310/271
f 276/315/276 274/313/274 273/312/273
f 277/316/277 278/317/278 279/318/279
f 279/318/279 278/317/278 280/319/280
f 278/317/278 277/316/277 281/320/281
f 281/320/281 277/316/277 282/321/282
f 279/318/279 280/319/280 283/322/283
f 283/322/283 280/319/280 284/323/284
f 282/321/282 285/324/285 281/320/281
f 281/320/281 285/324/285 286/325/286
f 284/323/284 287/326/287 283/322/283
f 283/322/283 287/326/287 288/327/288
f 287/326/287 289/328/289 288/327/288
f 288/327/288 289/328/289 290/329/290
f 289/328/289 291/330/291 290/329/290
f 290/329/290 291/330/291 292/331/292
f 292/331/292 291/330/291 293/332/293
f 293/332/293 291/330/291 294/333/294
f 285/324/285 295/334/295 286/325/286
f 286/325/286 295/334/295 296/335/296
f 293/332/293 294/333/294 297/336/297
f 297/336/297 294/333/294 298/337/298
f 295/334/295 299/338/299 296/335/296
f 296/335/296 299/338/299 300/339/300
f 297/336/297 298/337/298 301/340/301
f 301/340/301 298/337/298 302/341/302
f 299/338/299 303/342/303 300/339/300
f 300/339/300 303/342/303 304/343/304
f 301/340/301 302/341/302 305/344/305
f 305/344/305 302/341/302 306/345/306
f 303/342/303 307/346/307 304/343/304
f 304/343/304 307/346/307 308/347/308
f 305/344/305 306/345/306 309/348/309
f 309/348/309 306/345/306 310/349/310
f 307/346/307 311/350/311 308/347/308
f 308/347/308 311/350/311 312/351/312
f 309/348/309 310/349/310 313/352/313
f 313/352/313 310/349/310 314/353/314
f 311/350/311 315/354/315 312/351/312
f 312/351/312 315/354/315 316/355/316
f 315/354/315 317/356/317 316/355/316
f 316/355/316 317/356/317 318/357/318
f 318/357/318 317/356/317 319/358/319
f 319/358/319 317/356/317 320/359/320
f 319/358/319 320/359/320 321/360/321
f 321/360/321 320/359/320 322/361/322
f 322/361/322 323/362/323 321/360/321
f 321/360/321 323/362/323 324/363/324
f 323/362/323 325/364/325 324/363/324
f 324/363/324 325/364/325 326/365/326
f 326/365/326 325/364/325 327/366/327
f 327/366/327 325/364/325 328/367/328
f 327/366/327 328/367/328 314/353/314
f 314/353/314 328/367/328 313/352/313
f 278/368/278 329/369/329 280/370/280
f 280/370/280 329/369/329 330/371/330
f 329/369/329 278/368/278 331/372/331
f 331/372/331 278/368/278 281/373/281
f 280/370/280 330/371/330 284/374/284
f 284/374/284 330/371/330 332/375/332
f 331/372/331 281/373/281 333/376/333
f 333/376/333 281/373/281 286/377/286
f 332/375/332 334/378/334 284/374/284
f 284/374/284 334/378/334 287/379/287
f 334/378/334 272/311/272 287/379/287
f 287/379/287 272/311/272 289/380/289
f 272/311/272 335/381/335 289/380/289
f 289/380/289 335/381/335 291/382/291
f 335/381/335 336/383/336 291/382/291
f 291/382/291 336/383/336 294/384/294
f 333/376/333 286/377/286 337/385/337
f 337/385/337 286/377/286 296/386/296
f 336/383/336 338/387/338 294/384/294
f 294/384/294 338/387/338 298/388/298
f 337/385/337 296/386/296 339/389/339
f 339/389/339 296/386/296 300/390/300
f 338/387/338 340/391/340 298/388/298
f 298/388/298 340/391/340 302/392/302
f 300/390/300 304/393/304 339/389/339
f 339/389/339 304/393/304 341/394/341
f 302/392/302 340/391/340 306/395/306
f 306/395/306 340/391/340 342/396/342
f 304/393/304 308/397/308 341/394/341
f 341/394/341 308/397/308 343/398/343
f 306/395/306 342/396/342 310/399/310
f 310/399/310 342/396/342 344/400/344
f 308/397/308 312/401/312 343/398/343
f 343/398/343 312/401/312 345/402/345
f 310/399/310 344/400/344 314/403/314
f 314/403/314 344/400/344 346/404/346
f 312/401/312 316/405/316 345/402/345
f 345/402/345 316/405/316 347/406/347
f 347/406/347 316/405/316 348/407/348
f 348/407/348 316/405/316 318/408/318
f 348/407/348 318/408/318 349/409/349
f 349/409/349 318/408/318 319/410/319
f 319/410/319 321/411/321 349/409/349
f 349/409/349 321/411/321 350/412/350
f 350/412/350 321/411/321 351/413/351
f 351/413/351 321/411/321 324/414/324
f 324/414/324 326/415/326 351/413/351
f 351/413/351 326/415/326 352/416/352
f 326/415/326 327/417/327 352/416/352
f 352/416/352 327/417/327 353/418/353
f 353/418/353 327/417/327 346/404/346
f 346/404/346 327/417/327 314/403/314
f 277/316/277 279/318/279 233/272/233
f 279/318/279 283/322/283 234/273/234
f 283/322/283 288/327/288 234/273/234
f 288/327/288 290/329/290 230/269/230
f 198/237/198 199/238/199 282/321/282
f 282/321/282 199/238/199 285/324/285
f 204/243/204 292/331/292 205/244/205
f 205/244/205 292/331/292 293/332/293
f 199/238/199 207/246/207 285/324/285
f 285/324/285 207/246/207 295/334/295
f 205/244/205 293/332/293 210/249/210
f 210/249/210 293/332/293 297/336/297
f 207/246/207 212/251/212 295/334/295
f 295/334/295 212/251/212 299/338/299
f 210/249/210 297/336/297 215/254/215
f 215/254/215 297/336/297 301/340/301
f 212/251/212 217/256/217 299/338/299
f 299/338/299 217/256/217 303/342/303
f 215/254/215 301/340/301 220/259/220
f 220/259/220 301/340/301 305/344/305
f 303/342/303 217/256/217 307/346/307
f 307/346/307 217/256/217 222/261/222
f 218/257/218 322/361/322 216/255/216
f 216/255/216 322/361/322 221/260/221
f 322/361/322 225/264/225 323/362/323
f 323/362/323 225/264/225 226/265/226
f 309/348/309 313/352/313 223/262/223
f 223/262/223 313/352/313 224/263/224
f 224/263/224 313/352/313 328/367/328
f 224/263/224 328/367/328 226/265/226
f 226/265/226 328/367/328 325/364/325
f 323/362/323 226/265/226 325/364/325
f 228/267/228 320/359/320 317/356/317
f 227/266/227 228/267/228 315/354/315
f 315/354/315 228/267/228 317/356/317
f 311/350/311 227/266/227 315/354/315
f 322/361/322 320/359/320 221/260/221
f 221/260/221 320/359/320 228/267/228
f 307/346/307 222/261/222 311/350/311
f 311/350/311 222/261/222 227/266/227
f 218/257/218 219/258/219 322/361/322
f 322/361/322 219/258/219 225/264/225
f 305/344/305 309/348/309 220/259/220
f 220/259/220 309/348/309 223/262/223
f 230/269/230 290/329/290 204/243/204
f 204/243/204 290/329/290 292/331/292
f 233/272/233 198/237/198 277/316/277
f 277/316/277 198/237/198 282/321/282
f 234/273/234 288/327/288 229/268/229
f 229/268/229 288/327/288 230/269/230
f 234/273/234 232/271/232 279/318/279
f 279/318/279 232/271/232 233/272/233
f 329/369/329 275/314/275 330/371/330
f 330/371/330 276/315/276 332/375/332
f 332/375/332 276/315/276 334/378/334
f 333/376/333 235/274/235 331/372/331
f 331/372/331 235/274/235 237/276/237
f 243/282/243 244/283/244 335/381/335
f 335/381/335 244/283/244 336/383/336
f 337/385/337 245/284/245 333/376/333
f 333/376/333 245/284/245 235/274/235
f 244/283/244 249/288/249 336/383/336
f 336/383/336 249/288/249 338/387/338
f 339/389/339 250/289/250 337/385/337
f 337/385/337 250/289/250 245/284/245
f 249/288/249 254/293/254 338/387/338
f 338/387/338 254/293/254 340/391/340
f 341/394/341 255/294/255 339/389/339
f 339/389/339 255/294/255 250/289/250
f 254/293/254 262/301/262 340/391/340
f 340/391/340 262/301/262 342/396/342
f 341/394/341 343/398/343 255/294/255
f 255/294/255 343/398/343 263/302/263
f 256/295/256 264/303/264 258/297/258
f 350/412/350 351/413/351 267/306/267
f 267/306/267 351/413/351 265/304/265
f 266/305/266 346/404/346 268/307/268
f 268/307/268 346/404/346 344/400/344
f 266/305/266 353/418/353 346/404/346
f 352/416/352 353/418/353 265/304/265
f 265/304/265 353/418/353 266/305/266
f 351/413/351 352/416/352 265/304/265
f 270/309/270 348/407/348 349/409/349
f 269/308/269 347/406/347 270/309/270
f 270/309/270 347/406/347 348/407/348
f 345/402/345 347/406/347 269/308/269
f 270/309/270 349/409/349 264/303/264
f 264/303/264 349/409/349 350/412/350
f 343/398/343 345/402/345 263/302/263
f 263/302/263 345/402/345 269/308/269
f 354/419/354 267/306/267 261/300/261
f 268/307/268 344/400/344 262/301/262
f 262/301/262 344/400/344 342/396/342
f 272/311/272 243/282/243 335/381/335
f 329/369/329 331/372/331 275/314/275
f 331/372/331 237/276/237 275/314/275
f 276/315/276 271/310/271 334/378/334
f 334/378/334 271/310/271 272/311/272
f 275/314/275 274/313/274 330/371/330
f 330/371/330 274/313/274 276/315/276
f 350/412/350 267/306/267 354/419/354
f 258/297/258 264/303/264 350/412/350
f 253/292/253 260/299/260 261/300/261
f 261/300/261 260/299/260 354/419/354
f 251/290/251 257/296/257 252/291/252
f 252/291/252 257/296/257 259/298/259
f 354/420/354 355/421/355 350/422/350
f 350/422/350 355/421/355 356/423/356
f 258/424/258 350/422/350 357/425/357
f 357/425/357 350/422/350 356/423/356
f 257/426/257 258/424/258 358/427/358
f 358/427/358 258/424/258 357/425/357
f 259/428/259 359/429/359 260/430/260
f 260/430/260 359/429/359 360/431/360
f 260/430/260 360/431/360 354/420/354
f 354/420/354 360/431/360 355/421/355
f 259/432/259 257/426/257 359/433/359
f 359/433/359 257/426/257 358/427/358
f 355/421/355 361/434/361 356/423/356
f 356/423/356 361/434/361 362/435/362
f 357/425/357 356/423/356 363/436/363
f 363/436/363 356/423/356 362/435/362
f 358/427/358 357/425/357 364/437/364
f 364/437/364 357/425/357 363/436/363
f 359/429/359 365/438/365 360/431/360
f 360/431/360 365/438/365 366/439/366
f 360/431/360 366/439/366 355/421/355
f 355/421/355 366/439/366 361/434/361
f 359/433/359 358/427/358 365/440/365
f 365/440/365 358/427/358 364/437/364
f 362/435/362 361/434/361 367/441/367
f 367/441/367 361/434/361 368/442/368
f 362/435/362 367/441/367 363/436/363
f 363/436/363 367/441/367 369/443/369
f 363/436/363 369/443/369 364/437/364
f 364/437/364 369/443/369 370/444/370
f 365/438/365 371/445/371 366/439/366
f 366/439/366 371/445/371 372/446/372
f 361/434/361 366/439/366 368/442/368
f 368/442/368 366/439/366 372/446/372
f 365/440/365 364/437/364 371/447/371
f 371/447/371 364/437/364 370/444/370
f 367/441/367 368/442/368 373/448/373
f 373/448/373 368/442/368 374/449/374
f 367/441/367 373/448/373 369/443/369
f 369/443/369 373/448/373 375/450/375
f 369/443/369 375/450/375 370/444/370
f 370/444/370 375/450/375 376/451/376
f 371/445/371 377/452/377 372/446/372
f 372/446/372 377/452/377 378/453/378
f 368/442/368 372/446/372 374/449/374
f 374/449/374 372/446/372 378/453/378
f 371/447/371 370/444/370 377/454/377
f 377/454/377 370/444/370 376/451/376
f 379/455/379 380/456/380 381/457/381
f 381/457/381 380/456/380 382/458/382
f 383/459/383 381/457/381 384/460/384
f 384/460/384 381/457/381 382/458/382
f 385/461/385 383/459/383 386/462/386
f 386/462/386 383/459/383 384/460/384
f 387/463/387 388/464/388 389/465/389
f 389/465/389 388/464/388 390/466/390
f 389/465/389 390/466/390 379/455/379
f 379/455/379 390/466/390 380/456/380
f 387/467/387 385/461/385 388/468/388
f 388/468/388 385/461/385 386/462/386
f 375/450/375 383/459/383 376/451/376
f 376/451/376 383/459/383 385/461/385
f 376/451/376 385/461/385 377/454/377
f 377/454/377 385/461/385 387/467/387
f 378/453/378 377/452/377 389/465/389
f 389/465/389 377/452/377 387/463/387
f 374/449/374 378/453/378 379/455/379
f 379/455/379 378/453/378 389/465/389
f 373/448/373 374/449/374 381/457/381
f 381/457/381 374/449/374 379/455/379
f 373/448/373 381/457/381 375/450/375
f 375/450/375 381/457/381 383/459/383
f 391/469/391 392/470/392 393/471/393
f 393/471/393 392/470/392 394/472/394
f 395/473/395 396/474/396 391/469/391
f 391/469/391 396/474/396 392/470/392
f 395/473/395 397/475/397 396/474/396
f 396/474/396 397/475/397 398/476/398
f 397/475/397 399/477/399 398/476/398
f 398/476/398 399/477/399 400/478/400
f 392/470/392 401/479/401 394/472/394
f 394/472/394 401/479/401 402/480/402
f 396/474/396 403/481/403 392/470/392
f 392/470/392 403/481/403 401/479/401
f 396/474/396 398/476/398 403/481/403
f 403/481/403 398/476/398 404/482/404
f 398/476/398 400/478/400 404/482/404
f 404/482/404 400/478/400 405/483/405
f 401/479/401 406/484/406 402/480/402
f 402/480/402 406/484/406 407/485/407
f 403/481/403 408/486/408 401/479/401
f 401/479/401 408/486/408 406/484/406
f 403/481/403 404/482/404 408/486/408
f 408/486/408 404/482/404 409/487/409
f 404/482/404 405/483/405 409/487/409
f 409/487/409 405/483/405 410/488/410
f 406/484/406 411/489/411 407/485/407
f 407/485/407 411/489/411 412/490/412
f 408/486/408 413/491/413 406/484/406
f 406/484/406 413/491/413 411/489/411
f 408/486/408 409/487/409 413/491/413
f 413/491/413 409/487/409 414/492/414
f 409/487/409 410/488/410 414/492/414
f 414/492/414 410/488/410 415/493/415
f 411/489/411 416/494/416 412/490/412
f 412/490/412 416/494/416 417/495/417
f 418/496/418 419/497/419 420/498/420
f 420/498/420 419/497/419 421/499/421
f 417/495/417 416/494/416 422/500/422
f 422/500/422 416/494/416 423/501/423
f 414/492/414 415/493/415 420/498/420
f 420/498/420 415/493/415 418/496/418
f 424/502/424 425/503/425 397/475/397
f 397/475/397 425/503/425 399/477/399
f 426/504/426 424/502/424 395/473/395
f 395/473/395 424/502/424 397/475/397
f 426/504/426 395/473/395 427/505/427
f 427/505/427 395/473/395 391/469/391
f 427/505/427 391/469/391 428/506/428
f 428/506/428 391/469/391 393/471/393
f 429/507/429 424/502/424 426/504/426
f 429/507/429 426/504/426 427/505/427
f 430/508/430 431/509/431 432/510/432
f 432/510/432 431/509/431 433/511/433
f 431/509/431 434/512/434 433/511/433
f 433/511/433 434/512/434 435/513/435
f 435/513/435 434/512/434 436/514/436
f 436/514/436 434/512/434 437/515/437
f 436/514/436 437/515/437 438/516/438
f 438/516/438 437/515/437 439/517/439
f 440/518/440 441/519/441 430/508/430
f 430/508/430 441/519/441 431/509/431
f 441/519/441 442/520/442 431/509/431
f 431/509/431 442/520/442 434/512/434
f 434/512/434 442/520/442 437/515/437
f 437/515/437 442/520/442 443/521/443
f 437/515/437 443/521/443 439/517/439
f 439/517/439 443/521/443 444/522/444
f 445/523/445 446/524/446 440/518/440
f 440/518/440 446/524/446 441/519/441
f 446/524/446 447/525/447 441/519/441
f 441/519/441 447/525/447 442/520/442
f 442/520/442 447/525/447 443/521/443
f 443/521/443 447/525/447 448/526/448
f 443/521/443 448/526/448 444/522/444
f 444/522/444 448/526/448 449/527/449
f 450/528/450 451/529/451 445/523/445
f 445/523/445 451/529/451 446/524/446
f 446/524/446 451/529/451 452/530/452
f 452/530/452 451/529/451 453/531/453
f 454/532/454 455/533/455 447/525/447
f 447/525/447 455/533/455 448/526/448
f 448/526/448 456/534/456 449/527/449
f 449/527/449 456/534/456 457/535/457
f 458/536/458 459/537/459 450/528/450
f 450/528/450 459/537/459 451/529/451
f 460/538/460 461/539/461 462/540/462
f 462/540/462 461/539/461 463/541/463
f 458/536/458 464/542/464 459/537/459
f 459/537/459 464/542/464 465/543/465
f 456/534/456 462/540/462 457/535/457
f 457/535/457 462/540/462 463/541/463
f 466/544/466 436/514/436 467/545/467
f 467/545/467 436/514/436 438/516/438
f 468/546/468 435/513/435 466/544/466
f 466/544/466 435/513/435 436/514/436
f 433/511/433 435/513/435 469/547/469
f 469/547/469 435/513/435 468/546/468
f 432/510/432 433/511/433 470/548/470
f 470/548/470 433/511/433 469/547/469
f 471/549/471 468/546/468 466/544/466
f 471/549/471 469/547/469 468/546/468
f 472/550/472 473/551/473 474/552/474
f 474/552/474 473/551/473 475/553/475
f 473/551/473 472/550/472 476/554/476
f 476/554/476 472/550/472 477/555/477
f 474/552/474 475/553/475 478/556/478
f 478/556/478 475/553/475 479/557/479
f 477/555/477 480/558/480 476/554/476
f 476/554/476 480/558/480 481/559/481
f 479/557/479 482/560/482 478/556/478
f 478/556/478 482/560/482 483/561/483
f 482/560/482 484/562/484 483/561/483
f 483/561/483 484/562/484 485/563/485
f 484/562/484 486/564/486 485/563/485
f 485/563/485 486/564/486 487/565/487
f 487/565/487 486/564/486 488/566/488
f 488/566/488 486/564/486 489/567/489
f 480/558/480 490/568/490 481/559/481
f 481/559/481 490/568/490 491/569/491
f 488/566/488 489/567/489 492/570/492
f 492/570/492 489/567/489 493/571/493
f 490/568/490 494/572/494 491/569/491
f 491/569/491 494/572/494 495/573/495
f 492/570/492 493/571/493 496/574/496
f 496/574/496 493/571/493 497/575/497
f 494/572/494 498/576/498 495/573/495
f 495/573/495 498/576/498 499/577/499
f 496/574/496 497/575/497 500/578/500
f 500/578/500 497/575/497 501/579/501
f 498/576/498 502/580/502 499/577/499
f 499/577/499 502/580/502 503/581/503
f 500/578/500 501/579/501 504/582/504
f 504/582/504 501/579/501 505/583/505
f 502/580/502 506/584/506 503/581/503
f 503/581/503 506/584/506 507/585/507
f 504/582/504 505/583/505 508/586/508
f 508/586/508 505/583/505 509/587/509
f 506/584/506 510/588/510 507/585/507
f 507/585/507 510/588/510 511/589/511
f 510/588/510 512/590/512 511/589/511
f 511/589/511 512/590/512 513/591/513
f 513/591/513 512/590/512 514/592/514
f 514/592/514 512/590/512 515/593/515
f 514/592/514 515/593/515 516/594/516
f 516/594/516 515/593/515 517/595/517
f 517/595/517 518/596/518 516/594/516
f 516/594/516 518/596/518 519/597/519
f 518/596/518 520/598/520 519/597/519
f 519/597/519 520/598/520 521/599/521
f 521/599/521 520/598/520 522/600/522
f 522/600/522 520/598/520 523/601/523
f 522/600/522 523/601/523 509/587/509
f 509/587/509 523/601/523 508/586/508
f 473/602/473 524/603/524 475/604/475
f 475/604/475 524/603/524 525/605/525
f 524/603/524 473/602/473 526/606/526
f 526/606/526 473/602/473 476/607/476
f 475/604/475 525/605/525 479/608/479
f 479/608/479 525/605/525 527/609/527
f 526/606/526 476/607/476 528/610/528
f 528/610/528 476/607/476 481/611/481
f 527/609/527 529/612/529 479/608/479
f 479/608/479 529/612/529 482/613/482
f 529/612/529 467/545/467 482/613/482
f 482/613/482 467/545/467 484/614/484
f 467/545/467 530/615/530 484/614/484
f 484/614/484 530/615/530 486/616/486
f 530/615/530 531/617/531 486/616/486
f 486/616/486 531/617/531 489/618/489
f 528/610/528 481/611/481 532/619/532
f 532/619/532 481/611/481 491/620/491
f 531/617/531 533/621/533 489/618/489
f 489/618/489 533/621/533 493/622/493
f 532/619/532 491/620/491 534/623/534
f 534/623/534 491/620/491 495/624/495
f 533/621/533 535/625/535 493/622/493
f 493/622/493 535/625/535 497/626/497
f 495/624/495 499/627/499 534/623/534
f 534/623/534 499/627/499 536/628/536
f 497/626/497 535/625/535 501/629/501
f 501/629/501 535/625/535 537/630/537
f 499/627/499 503/631/503 536/628/536
f 536/628/536 503/631/503 538/632/538
f 501/629/501 537/630/537 505/633/505
f 505/633/505 537/630/537 539/634/539
f 503/631/503 507/635/507 538/632/538
f 538/632/538 507/635/507 540/636/540
f 505/633/505 539/634/539 509/637/509
f 509/637/509 539/634/539 541/638/541
f 507/635/507 511/639/511 540/636/540
f 540/636/540 511/639/511 542/640/542
f 542/640/542 511/639/511 543/641/543
f 543/641/543 511/639/511 513/642/513
f 543/641/543 513/642/513 544/643/544
f 544/643/544 513/642/513 514/644/514
f 514/644/514 516/645/516 544/643/544
f 544/643/544 516/645/516 545/646/545
f 545/646/545 516/645/516 546/647/546
f 546/647/546 516/645/516 519/648/519
f 519/648/519 521/649/521 546/647/546
f 546/647/546 521/649/521 547/650/547
f 521/649/521 522/651/522 547/650/547
f 547/650/547 522/651/522 548/652/548
f 548/652/548 522/651/522 541/638/541
f 541/638/541 522/651/522 509/637/509
f 472/550/472 474/552/474 428/506/428
f 474/552/474 478/556/478 429/507/429
f 478/556/478 483/561/483 429/507/429
f 483/561/483 485/563/485 425/503/425
f 393/471/393 394/472/394 477/555/477
f 477/555/477 394/472/394 480/558/480
f 399/477/399 487/565/487 400/478/400
f 400/478/400 487/565/487 488/566/488
f 394/472/394 402/480/402 480/558/480
f 480/558/480 402/480/402 490/568/490
f 400/478/400 488/566/488 405/483/405
f 405/483/405 488/566/488 492/570/492
f 402/480/402 407/485/407 490/568/490
f 490/568/490 407/485/407 494/572/494
f 405/483/405 492/570/492 410/488/410
f 410/488/410 492/570/492 496/574/496
f 407/485/407 412/490/412 494/572/494
f 494/572/494 412/490/412 498/576/498
f 410/488/410 496/574/496 415/493/415
f 415/493/415 496/574/496 500/578/500
f 498/576/498 412/490/412 502/580/502
f 502/580/502 412/490/412 417/495/417
f 413/491/413 517/595/517 411/489/411
f 411/489/411 517/595/517 416/494/416
f 517/595/517 420/498/420 518/596/518
f 518/596/518 420/498/420 421/499/421
f 504/582/504 508/586/508 418/496/418
f 418/496/418 508/586/508 419/497/419
f 419/497/419 508/586/508 523/601/523
f 419/497/419 523/601/523 421/499/421
f 421/499/421 523/601/523 520/598/520
f 518/596/518 421/499/421 520/598/520
f 423/501/423 515/593/515 512/590/512
f 422/500/422 423/501/423 510/588/510
f 510/588/510 423/501/423 512/590/512
f 506/584/506 422/500/422 510/588/510
f 517/595/517 515/593/515 416/494/416
f 416/494/416 515/593/515 423/501/423
f 502/580/502 417/495/417 506/584/506
f 506/584/506 417/495/417 422/500/422
f 413/491/413 414/492/414 517/595/517
f 517/595/517 414/492/414 420/498/420
f 500/578/500 504/582/504 415/493/415
f 415/493/415 504/582/504 418/496/418
f 425/503/425 485/563/485 399/477/399
f 399/477/399 485/563/485 487/565/487
f 428/506/428 393/471/393 472/550/472
f 472/550/472 393/471/393 477/555/477
f 429/507/429 483/561/483 424/502/424
f 424/502/424 483/561/483 425/503/425
f 429/507/429 427/505/427 474/552/474
f 474/552/474 427/505/427 428/506/428
f 524/603/524 470/548/470 525/605/525
f 525/605/525 471/549/471 527/609/527
f 527/609/527 471/549/471 529/612/529
f 528/610/528 430/508/430 526/606/526
f 526/606/526 430/508/430 432/510/432
f 438/516/438 439/517/439 530/615/530
f 530/615/530 439/517/439 531/617/531
f 532/619/532 440/518/440 528/610/528
f 528/610/528 440/518/440 430/508/430
f 439/517/439 444/522/444 531/617/531
f 531/617/531 444/522/444 533/621/533
f 534/623/534 445/523/445 532/619/532
f 532/619/532 445/523/445 440/518/440
f 444/522/444 449/527/449 533/621/533
f 533/621/533 449/527/449 535/625/535
f 536/628/536 450/528/450 534/623/534
f 534/623/534 450/528/450 445/523/445
f 449/527/449 457/535/457 535/625/535
f 535/625/535 457/535/457 537/630/537
f 536/628/536 538/632/538 450/528/450
f 450/528/450 538/632/538 458/536/458
f 451/529/451 459/537/459 453/531/453
f 545/646/545 546/647/546 462/540/462
f 462/540/462 546/647/546 460/538/460
f 461/539/461 541/638/541 463/541/463
f 463/541/463 541/638/541 539/634/539
f 461/539/461 548/652/548 541/638/541
f 547/650/547 548/652/548 460/538/460
f 460/538/460 548/652/548 461/539/461
f 546/647/546 547/650/547 460/538/460
f 465/543/465 543/641/543 544/643/544
f 464/542/464 542/640/542 465/543/465
f 465/543/465 542/640/542 543/641/543
f 540/636/540 542/640/542 464/542/464
f 465/543/465 544/643/544 459/537/459
f 459/537/459 544/643/544 545/646/545
f 538/632/538 540/636/540 458/536/458
f 458/536/458 540/636/540 464/542/464
f 549/653/549 462/540/462 456/534/456
f 463/541/463 539/634/539 457/535/457
f 457/535/457 539/634/539 537/630/537
f 467/545/467 438/516/438 530/615/530
f 524/603/524 526/606/526 470/548/470
f 526/606/526 432/510/432 470/548/470
f 471/549/471 466/544/466 529/612/529
f 529/612/529 466/544/466 467/545/467
f 470/548/470 469/547/469 525/605/525
f 525/605/525 469/547/469 471/549/471
f 545/646/545 462/540/462 549/653/549
f 453/531/453 459/537/459 545/646/545
f 448/526/448 455/533/455 456/534/456
f 456/534/456 455/533/455 549/653/549
f 446/524/446 452/530/452 447/525/447
f 447/525/447 452/530/452 454/532/454
f 549/654/549 550/655/550 545/656/545
f 545/656/545 550/655/550 551/657/551
f 453/658/453 545/656/545 552/659/552
f 552/659/552 545/656/545 551/657/551
f 452/660/452 453/658/453 553/661/553
f 553/661/553 453/658/453 552/659/552
f 454/662/454 554/663/554 455/664/455
f 455/664/455 554/663/554 555/665/555
f 455/664/455 555/665/555 549/654/549
f 549/654/549 555/665/555 550/655/550
f 454/666/454 452/660/452 554/667/554
f 554/667/554 452/660/452 553/661/553
f 550/655/550 556/668/556 551/657/551
f 551/657/551 556/668/556 557/669/557
f 552/659/552 551/657/551 558/670/558
f 558/670/558 551/657/551 557/669/557
f 553/661/553 552/659/552 559/671/559
f 559/671/559 552/659/552 558/670/558
f 554/663/554 560/672/560 555/665/555
f 555/665/555 560/672/560 561/673/561
f 555/665/555 561/673/561 550/655/550
f 550/655/550 561/673/561 556/668/556
f 554/667/554 553/661/553 560/674/560
f 560/674/560 553/661/553 559/671/559
f 557/669/557 556/668/556 562/675/562
f 562/675/562 556/668/556 563/676/563
f 557/669/557 562/675/562 558/670/558
f 558/670/558 562/675/562 564/677/564
f 558/670/558 564/677/564 559/671/559
f 559/671/559 564/677/564 565/678/565
f 560/672/560 566/679/566 561/673/561
f 561/673/561 566/679/566 567/680/567
f 556/668/556 561/673/561 563/676/563
f 563/676/563 561/673/561 567/680/567
f 560/674/560 559/671/559 566/681/566
f 566/681/566 559/671/559 565/678/565
f 562/675/562 563/676/563 568/682/568
f 568/682/568 563/676/563 569/683/569
f 562/675/562 568/682/568 564/677/564
f 564/677/564 568/682/568 570/684/570
f 564/677/564 570/684/570 565/678/565
f 565/678/565 570/684/570 571/685/571
f 566/679/566 572/686/572 567/680/567
f 567/680/567 572/686/572 573/687/573
f 563/676/563 567/680/567 569/683/569
f 569/683/569 567/680/567 573/687/573
f 566/681/566 565/678/565 572/688/572
f 572/688/572 565/678/565 571/685/571
f 574/689/574 575/690/575 576/691/576
f 576/691/576 575/690/575 577/692/577
f 578/693/578 576/691/576 579/694/579
f 579/694/579 576/691/576 577/692/577
f 580/695/580 578/693/578 581/696/581
f 581/696/581 578/693/578 579/694/579
f 582/697/582 583/698/583 584/699/584
f 584/699/584 583/698/583 585/700/585
f 584/699/584 585/700/585 574/689/574
f 574/689/574 585/700/585 575/690/575
f 582/701/582 580/695/580 583/702/583
f 583/702/583 580/695/580 581/696/581
f 570/684/570 578/693/578 571/685/571
f 571/685/571 578/693/578 580/695/580
f 571/685/571 580/695/580 572/688/572
f 572/688/572 580/695/580 582/701/582
f 573/687/573 572/686/572 584/699/584
f 584/699/584 572/686/572 582/697/582
f 569/683/569 573/687/573 574/689/574
f 574/689/574 573/687/573 584/699/584
f 568/682/568 569/683/569 576/691/576
f 576/691/576 569/683/569 574/689/574
f 568/682/568 576/691/576 570/684/570
f 570/684/570 576/691/576 578/693/578
f 586/703/586 587/704/587 588/705/588
f 588/705/588 587/704/587 589/706/589
f 590/707/590 591/708/591 586/703/586
f 586/703/586 591/708/591 587/704/587
f 590/707/590 592/709/592 591/708/591
f 591/708/591 592/709/592 593/710/593
f 592/709/592 594/711/594 593/710/593
f 593/710/593 594/711/594 595/712/595
f 587/704/587 596/713/596 589/706/589
f 589/706/589 596/713/596 597/714/597
f 591/708/591 598/715/598 587/704/587
f 587/704/587 598/715/598 596/713/596
f 591/708/591 593/710/593 598/715/598
f 598/715/598 593/710/593 599/716/599
f 593/710/593 595/712/595 599/716/599
f 599/716/599 595/712/595 600/717/600
f 596/713/596 601/718/601 597/714/597
f 597/714/597 601/718/601 602/719/602
f 598/715/598 603/720/603 596/713/596
f 596/713/596 603/720/603 601/718/601
f 598/715/598 599/716/599 603/720/603
f 603/720/603 599/716/599 604/721/604
f 599/716/599 600/717/600 604/721/604
f 604/721/604 600/717/600 605/722/605
f 601/718/601 606/723/606 602/719/602
f 602/719/602 606/723/606 607/724/607
f 603/720/603 608/725/608 601/718/601
f 601/718/601 608/725/608 606/723/606
f 603/720/603 604/721/604 608/725/608
f 608/725/608 604/721/604 609/726/609
f 604/721/604 605/722/605 609/726/609
f 609/726/609 605/722/605 610/727/610
f 606/723/606 611/728/611 607/724/607
f 607/724/607 611/728/611 612/729/612
f 613/730/613 614/731/614 615/732/615
f 615/732/615 614/731/614 616/733/616
f 612/729/612 611/728/611 617/734/617
f 617/734/617 611/728/611 618/735/618
f 609/726/609 610/727/610 615/732/615
f 615/732/615 610/727/610 613/730/613
f 619/736/619 620/737/620 592/709/592
f 592/709/592 620/737/620 594/711/594
f 621/738/621 619/736/619 590/707/590
f 590/707/590 619/736/619 592/709/592
f 621/738/621 590/707/590 622/739/622
f 622/739/622 590/707/590 586/703/586
f 622/739/622 586/703/586 623/740/623
f 623/740/623 586/703/586 588/705/588
f 624/741/624 619/736/619 621/738/621
f 624/741/624 621/738/621 622/739/622
f 625/742/625 626/743/626 627/744/627
f 627/744/627 626/743/626 628/745/628
f 626/743/626 629/746/629 628/745/628
f 628/745/628 629/746/629 630/747/630
f 630/747/630 629/746/629 631/748/631
f 631/748/631 629/746/629 632/749/632
f 631/748/631 632/749/632 633/750/633
f 633/750/633 632/749/632 634/751/634
f 635/752/635 636/753/636 625/742/625
f 625/742/625 636/753/636 626/743/626
f 636/753/636 637/754/637 626/743/626
f 626/743/626 637/754/637 629/746/629
f 629/746/629 637/754/637 632/749/632
f 632/749/632 637/754/637 638/755/638
f 632/749/632 638/755/638 634/751/634
f 634/751/634 638/755/638 639/756/639
f 640/757/640 641/758/641 635/752/635
f 635/752/635 641/758/641 636/753/636
f 641/758/641 642/759/642 636/753/636
f 636/753/636 642/759/642 637/754/637
f 637/754/637 642/759/642 638/755/638
f 638/755/638 642/759/642 643/760/643
f 638/755/638 643/760/643 639/756/639
f 639/756/639 643/760/643 644/761/644
f 645/762/645 646/763/646 640/757/640
f 640/757/640 646/763/646 641/758/641
f 641/758/641 646/763/646 647/764/647
f 647/764/647 646/763/646 648/765/648
f 649/766/649 650/767/650 642/759/642
f 642/759/642 650/767/650 643/760/643
f 643/760/643 651/768/651 644/761/644
f 644/761/644 651/768/651 652/769/652
f 653/770/653 654/771/654 645/762/645
f 645/762/645 654/771/654 646/763/646
f 655/772/655 656/773/656 657/774/657
f 657/774/657 656/773/656 658/775/658
f 653/770/653 659/776/659 654/771/654
f 654/771/654 659/776/659 660/777/660
f 651/768/651 657/774/657 652/769/652
f 652/769/652 657/774/657 658/775/658
f 661/778/661 631/748/631 662/779/662
f 662/779/662 631/748/631 633/750/633
f 663/780/663 630/747/630 661/778/661
f 661/778/661 630/747/630 631/748/631
f 628/745/628 630/747/630 664/781/664
f 664/781/664 630/747/630 663/780/663
f 627/744/627 628/745/628 665/782/665
f 665/782/665 628/745/628 664/781/664
f 666/783/666 663/780/663 661/778/661
f 666/783/666 664/781/664 663/780/663
f 667/784/667 668/785/668 669/786/669
f 669/786/669 668/785/668 670/787/670
f 668/785/668 667/784/667 671/788/671
f 671/788/671 667/784/667 672/789/672
f 669/786/669 670/787/670 673/790/673
f 673/790/673 670/787/670 674/791/674
f 672/789/672 675/792/675 671/788/671
f 671/788/671 675/792/675 676/793/676
f 674/791/674 677/794/677 673/790/673
f 673/790/673 677/794/677 678/795/678
f 677/794/677 679/796/679 678/795/678
f 678/795/678 679/796/679 680/797/680
f 679/796/679 681/798/681 680/797/680
f 680/797/680 681/798/681 682/799/682
f 682/799/682 681/798/681 683/800/683
f 683/800/683 681/798/681 684/801/684
f 675/792/675 685/802/685 676/793/676
f 676/793/676 685/802/685 686/803/686
f 683/800/683 684/801/684 687/804/687
f 687/804/687 684/801/684 688/805/688
f 685/802/685 689/806/689 686/803/686
f 686/803/686 689/806/689 690/807/690
f 687/804/687 688/805/688 691/808/691
f 691/808/691 688/805/688 692/809/692
f 689/806/689 693/810/693 690/807/690
f 690/807/690 693/810/693 694/811/694
f 691/808/691 692/809/692 695/812/695
f 695/812/695 692/809/692 696/813/696
f 693/810/693 697/814/697 694/811/694
f 694/811/694 697/814/697 698/815/698
f 695/812/695 696/813/696 699/816/699
f 699/816/699 696/813/696 700/817/700
f 697/814/697 701/818/701 698/815/698
f 698/815/698 701/818/701 702/819/702
f 699/816/699 700/817/700 703/820/703
f 703/820/703 700/817/700 704/821/704
f 701/818/701 705/822/705 702/819/702
f 702/819/702 705/822/705 706/823/706
f 705/822/705 707/824/707 706/823/706
f 706/823/706 707/824/707 708/825/708
f 708/825/708 707/824/707 709/826/709
f 709/826/709 707/824/707 710/827/710
f 709/826/709 710/827/710 711/828/711
f 711/828/711 710/827/710 712/829/712
f 712/829/712 713/830/713 711/828/711
f 711/828/711 713/830/713 714/831/714
f 713/830/713 715/832/715 714/831/714
f 714/831/714 715/832/715 716/833/716
f 716/833/716 715/832/715 717/834/717
f 717/834/717 715/832/715 718/835/718
f 717/834/717 718/835/718 704/821/704
f 704/821/704 718/835/718 703/820/703
f 668/836/668 719/837/719 670/838/670
f 670/838/670 719/837/719 720/839/720
f 719/837/719 668/836/668 721/840/721
f 721/840/721 668/836/668 671/841/671
f 670/838/670 720/839/720 674/842/674
f 674/842/674 720/839/720 722/843/722
f 721/840/721 671/841/671 723/844/723
f 723/844/723 671/841/671 676/845/676
f 722/843/722 724/846/724 674/842/674
f 674/842/674 724/846/724 677/847/677
f 724/846/724 662/779/662 677/847/677
f 677/847/677 662/779/662 679/848/679
f 662/779/662 725/849/725 679/848/679
f 679/848/679 725/849/725 681/850/681
f 725/849/725 726/851/726 681/850/681
f 681/850/681 726/851/726 684/852/684
f 723/844/723 676/845/676 727/853/727
f 727/853/727 676/845/676 686/854/686
f 726/851/726 728/855/728 684/852/684
f 684/852/684 728/855/728 688/856/688
f 727/853/727 686/854/686 729/857/729
f 729/857/729 686/854/686 690/858/690
f 728/855/728 730/859/730 688/856/688
f 688/856/688 730/859/730 692/860/692
f 690/858/690 694/861/694 729/857/729
f 729/857/729 694/861/694 731/862/731
f 692/860/692 730/859/730 696/863/696
f 696/863/696 730/859/730 732/864/732
f 694/861/694 698/865/698 731/862/731
f 731/862/731 698/865/698 733/866/733
f 696/863/696 732/864/732 700/867/700
f 700/867/700 732/864/732 734/868/734
f 698/865/698 702/869/702 733/866/733
f 733/866/733 702/869/702 735/870/735
f 700/867/700 734/868/734 704/871/704
f 704/871/704 734/868/734 736/872/736
f 702/869/702 706/873/706 735/870/735
f 735/870/735 706/873/706 737/874/737
f 737/874/737 706/873/706 738/875/738
f 738/875/738 706/873/706 708/876/708
f 738/875/738 708/876/708 739/877/739
f 739/877/739 708/876/708 709/878/709
f 709/878/709 711/879/711 739/877/739
f 739/877/739 711/879/711 740/880/740
f 740/880/740 711/879/711 741/881/741
f 741/881/741 711/879/711 714/882/714
f 714/882/714 716/883/716 741/881/741
f 741/881/741 716/883/716 742/884/742
f 716/883/716 717/885/717 742/884/742
f 742/884/742 717/885/717 743/886/743
f 743/886/743 717/885/717 736/872/736
f 736/872/736 717/885/717 704/871/704
f 667/784/667 669/786/669 623/740/623
f 669/786/669 673/790/673 624/741/624
f 673/790/673 678/795/678 624/741/624
f 678/795/678 680/797/680 620/737/620
f 588/705/588 589/706/589 672/789/672
f 672/789/672 589/706/589 675/792/675
f 594/711/594 682/799/682 595/712/595
f 595/712/595 682/799/682 683/800/683
f 589/706/589 597/714/597 675/792/675
f 675/792/675 597/714/597 685/802/685
f 595/712/595 683/800/683 600/717/600
f 600/717/600 683/800/683 687/804/687
f 597/714/597 602/719/602 685/802/685
f 685/802/685 602/719/602 689/806/689
f 600/717/600 687/804/687 605/722/605
f 605/722/605 687/804/687 691/808/691
f 602/719/602 607/724/607 689/806/689
f 689/806/689 607/724/607 693/810/693
f 605/722/605 691/808/691 610/727/610
f 610/727/610 691/808/691 695/812/695
f 693/810/693 607/724/607 697/814/697
f 697/814/697 607/724/607 612/729/612
f 608/725/608 712/829/712 606/723/606
f 606/723/606 712/829/712 611/728/611
f 712/829/712 615/732/615 713/830/713
f 713/830/713 615/732/615 616/733/616
f 699/816/699 703/820/703 613/730/613
f 613/730/613 703/820/703 614/731/614
f 614/731/614 703/820/703 718/835/718
f 614/731/614 718/835/718 616/733/616
f 616/733/616 718/835/718 715/832/715
f 713/830/713 616/733/616 715/832/715
f 618/735/618 710/827/710 707/824/707
f 617/734/617 618/735/618 705/822/705
f 705/822/705 618/735/618 707/824/707
f 701/818/701 617/734/617 705/822/705
f 712/829/712 710/827/710 611/728/611
f 611/728/611 710/827/710 618/735/618
f 697/814/697 612/729/612 701/818/701
f 701/818/701 612/729/612 617/734/617
f 608/725/608 609/726/609 712/829/712
f 712/829/712 609/726/609 615/732/615
f 695/812/695 699/816/699 610/727/610
f 610/727/610 699/816/699 613/730/613
f 620/737/620 680/797/680 594/711/594
f 594/711/594 680/797/680 682/799/682
f 623/740/623 588/705/588 667/784/667
f 667/784/667 588/705/588 672/789/672
f 624/741/624 678/795/678 619/736/619
f 619/736/619 678/795/678 620/737/620
f 624/741/624 622/739/622 669/786/669
f 669/786/669 622/739/622 623/740/623
f 719/837/719 665/782/665 720/839/720
f 720/839/720 666/783/666 722/843/722
f 722/843/722 666/783/666 724/846/724
f 723/844/723 625/742/625 721/840/721
f 721/840/721 625/742/625 627/744/627
f 633/750/633 634/751/634 725/849/725
f 725/849/725 634/751/634 726/851/726
f 727/853/727 635/752/635 723/844/723
f 723/844/723 635/752/635 625/742/625
f 634/751/634 639/756/639 726/851/726
f 726/851/726 639/756/639 728/855/728
f 729/857/729 640/757/640 727/853/727
f 727/853/727 640/757/640 635/752/635
f 639/756/639 644/761/644 728/855/728
f 728/855/728 644/761/644 730/859/730
f 731/862/731 645/762/645 729/857/729
f 729/857/729 645/762/645 640/757/640
f 644/761/644 652/769/652 730/859/730
f 730/859/730 652/769/652 732/864/732
f 731/862/731 733/866/733 645/762/645
f 645/762/645 733/866/733 653/770/653
f 646/763/646 654/771/654 648/765/648
f 740/880/740 741/881/741 657/774/657
f 657/774/657 741/881/741 655/772/655
f 656/773/656 736/872/736 658/775/658
f 658/775/658 736/872/736 734/868/734
f 656/773/656 743/886/743 736/872/736
f 742/884/742 743/886/743 655/772/655
f 655/772/655 743/886/743 656/773/656
f 741/881/741 742/884/742 655/772/655
f 660/777/660 738/875/738 739/877/739
f 659/776/659 737/874/737 660/777/660
f 660/777/660 737/874/737 738/875/738
f 735/870/735 737/874/737 659/776/659
f 660/777/660 739/877/739 654/771/654
f 654/771/654 739/877/739 740/880/740
f 733/866/733 735/870/735 653/770/653
f 653/770/653 735/870/735 659/776/659
f 744/887/744 657/774/657 651/768/651
f 658/775/658 734/868/734 652/769/652
f 652/769/652 734/868/734 732/864/732
f 662/779/662 633/750/633 725/849/725
f 719/837/719 721/840/721 665/782/665
f 721/840/721 627/744/627 665/782/665
f 666/783/666 661/778/661 724/846/724
f 724/846/724 661/778/661 662/779/662
f 665/782/665 664/781/664 720/839/720
f 720/839/720 664/781/664 666/783/666
f 740/880/740 657/774/657 744/887/744
f 648/765/648 654/771/654 740/880/740
f 643/760/643 650/767/650 651/768/651
f 651/768/651 650/767/650 744/887/744
f 641/758/641 647/764/647 642/759/642
f 642/759/642 647/764/647 649/766/649
f 744/887/744 745/888/745 740/880/740
f 740/880/740 745/888/745 746/889/746
f 648/765/648 740/880/740 747/890/747
f 747/890/747 740/880/740 746/889/746
f 647/764/647 648/765/648 748/891/748
f 748/891/748 648/765/648 747/890/747
f 649/766/649 749/892/749 650/767/650
f 650/767/650 749/892/749 750/893/750
f 650/767/650 750/893/750 744/887/744
f 744/887/744 750/893/750 745/888/745
f 649/766/649 647/764/647 749/894/749
f 749/894/749 647/764/647 748/891/748
f 745/888/745 751/895/751 746/889/746
f 746/889/746 751/895/751 752/896/752
f 747/890/747 746/889/746 753/897/753
f 753/897/753 746/889/746 752/896/752
f 748/891/748 747/890/747 754/898/754
f 754/898/754 747/890/747 753/897/753
f 749/892/749 755/899/755 750/893/750
f 750/893/750 755/899/755 756/900/756
f 750/893/750 756/900/756 745/888/745
f 745/888/745 756/900/756 751/895/751
f 749/894/749 748/891/748 755/901/755
f 755/901/755 748/891/748 754/898/754
f 752/896/752 751/895/751 757/902/757
f 757/902/757 751/895/751 758/903/758
f 752/896/752 757/902/757 753/897/753
f 753/897/753 757/902/757 759/904/759
f 753/897/753 759/904/759 754/898/754
f 754/898/754 759/904/759 760/905/760
f 755/899/755 761/906/761 756/900/756
f 756/900/756 761/906/761 762/907/762
f 751/895/751 756/900/756 758/903/758
f 758/903/758 756/900/756 762/907/762
f 755/901/755 754/898/754 761/908/761
f 761/908/761 754/898/754 760/905/760
f 757/902/757 758/903/758 763/909/763
f 763/909/763 758/903/758 764/910/764
f 757/902/757 763/909/763 759/904/759
f 759/904/759 763/909/763 765/911/765
f 759/904/759 765/911/765 760/905/760
f 760/905/760 765/911/765 766/912/766
f 761/906/761 767/913/767 762/907/762
f 762/907/762 767/913/767 768/914/768
f 758/903/758 762/907/762 764/910/764
f 764/910/764 762/907/762 768/914/768
f 761/908/761 760/905/760 767/915/767
f 767/915/767 760/905/760 766/912/766
f 769/916/769 770/917/770 771/918/771
f 771/918/771 770/917/770 772/919/772
f 773/920/773 771/918/771 774/921/774
f 774/921/774 771/918/771 772/919/772
f 775/922/775 773/920/773 776/923/776
f 776/923/776 773/920/773 774/921/774
f 777/924/777 778/925/778 779/926/779
f 779/926/779 778/925/778 780/927/780
f 779/926/779 780/927/780 769/916/769
f 769/916/769 780/927/780 770/917/770
f 777/928/777 775/922/775 778/929/778
f 778/929/778 775/922/775 776/923/776
f 765/911/765 773/920/773 766/912/766
f 766/912/766 773/920/773 775/922/775
f 766/912/766 775/922/775 767/915/767
f 767/915/767 775/922/775 777/928/777
f 768/914/768 767/913/767 779/926/779
f 779/926/779 767/913/767 777/924/777
f 764/910/764 768/914/768 769/916/769
f 769/916/769 768/914/768 779/926/779
f 763/909/763 764/910/764 771/918/771
f 771/918/771 764/910/764 769/916/769
f 763/909/763 771/918/771 765/911/765
f 765/911/765 771/918/771 773/920/773
s off
g Tree_D_potSG
v -0.726756 -0.369317 -0.235072
v -0.631959 -0.369317 0.201268
v -0.007899 -0.369317 -0.162778
v -0.298793 -0.369317 0.498555
v 0.145484 -0.369317 0.543235
v 0.531178 -0.369317 0.318244
v 0.710958 -0.369317 -0.090485
v 0.616162 -0.369317 -0.526826
v 0.282996 -0.369317 -0.824112
v -0.161283 -0.369317 -0.868792
v -0.546973 -0.369317 -0.643799
v -0.523801 -1.59518 0.138172
v -0.602168 -1.59518 -0.222544
v -0.007899 -1.59518 -0.162778
v -0.248374 -1.59518 0.383937
v 0.118901 -1.59518 0.420871
v 0.437745 -1.59518 0.234873
v 0.58637 -1.59518 -0.103016
v 0.508004 -1.59518 -0.463729
v 0.232577 -1.59518 -0.709494
v -0.1347 -1.59518 -0.74643
v -0.453542 -1.59518 -0.56043
v -0.677009 -1.53263 -0.23007
v -0.651893 -1.57736 -0.227543
v -0.588771 -1.53263 0.176075
v -0.566968 -1.57736 0.163355
v -0.278661 -1.53263 0.452788
v -0.268498 -1.57736 0.429683
v 0.134871 -1.53263 0.494376
v 0.129512 -1.57736 0.46971
v 0.493869 -1.53263 0.284952
v 0.475036 -1.57736 0.268147
v 0.661212 -1.53263 -0.095487
v 0.636096 -1.57736 -0.098013
v 0.572974 -1.53263 -0.501632
v 0.551171 -1.57736 -0.488913
v 0.262864 -1.53263 -0.778346
v 0.252702 -1.57736 -0.755241
v -0.150668 -1.53263 -0.819933
v -0.145308 -1.57736 -0.795267
v -0.509665 -1.53263 -0.610509
v -0.490832 -1.57736 -0.593704
v -0.8539 -0.278193 -0.247859
v -0.742337 -0.278193 0.265657
v -0.350244 -0.278193 0.615526
v 0.172614 -0.278193 0.668108
v 0.626521 -0.278193 0.40332
v 0.838103 -0.278193 -0.077698
v 0.726541 -0.278193 -0.591214
v 0.334447 -0.278193 -0.941083
v -0.188411 -0.278193 -0.993666
v -0.64232 -0.278193 -0.728877
v -0.819478 -0.240555 -0.244398
v -0.712453 -0.240555 0.248224
v -0.76374 -0.240555 -0.238792
v -0.664063 -0.240555 0.219998
v -0.336314 -0.240555 0.583855
v -0.31376 -0.240555 0.532578
v 0.165271 -0.240555 0.6343
v 0.153377 -0.240555 0.579557
v 0.600709 -0.240555 0.380286
v 0.558909 -0.240555 0.342989
v 0.803681 -0.240555 -0.081159
v 0.747941 -0.240555 -0.086766
v 0.696654 -0.240555 -0.573782
v 0.648267 -0.240555 -0.545556
v 0.320516 -0.240555 -0.909414
v 0.297963 -0.240555 -0.858135
v -0.181067 -0.240555 -0.959858
v -0.169173 -0.240555 -0.905115
v -0.616504 -0.240555 -0.705842
v -0.574706 -0.240555 -0.668545
v -0.726756 -0.275905 -0.235072
v -0.631959 -0.275905 0.201268
v -0.298793 -0.275905 0.498555
v 0.145484 -0.275905 0.543235
v 0.531178 -0.275905 0.318244
v 0.710958 -0.275905 -0.090485
v 0.616162 -0.275905 -0.526826
v 0.282996 -0.275905 -0.824112
v -0.161283 -0.275905 -0.868792
v -0.546973 -0.275905 -0.643799
vn 0 1 0
vn -0.063536 -0.997291 0.037064
vn -0.073188 -0.997291 -0.007361
vn 0 -1 0
vn -0.029616 -0.997291 0.067331
vn 0.015616 -0.997291 0.07188
vn 0.054884 -0.997291 0.048973
vn 0.073187 -0.997291 0.00736
vn 0.063536 -0.997291 -0.037064
vn 0.029616 -0.997291 -0.067331
vn -0.015617 -0.997291 -0.07188
vn -0.054883 -0.997291 -0.048973
vn -0.983683 -0.150268 -0.098928
vn -0.693073 -0.71749 -0.069699
vn -0.853964 -0.150268 0.498162
vn -0.601676 -0.71749 0.350989
vn -0.39806 -0.150268 0.904968
vn -0.280459 -0.717492 0.637611
vn 0.209891 -0.150268 0.966108
vn 0.147882 -0.717494 0.680686
vn 0.737669 -0.150268 0.658228
vn 0.519734 -0.717496 0.463763
vn 0.983683 -0.150268 0.098928
vn 0.693069 -0.717494 0.069702
vn 0.853964 -0.150268 -0.498162
vn 0.601673 -0.717494 -0.350986
vn 0.39806 -0.150268 -0.904969
vn 0.280458 -0.717493 -0.63761
vn -0.209892 -0.150268 -0.966108
vn -0.147881 -0.71749 -0.68069
vn -0.737669 -0.150268 -0.658228
vn -0.519738 -0.717491 -0.463766
vn -0.988776 -0.111506 -0.099439
vn -0.858385 -0.111506 0.500741
vn -0.40012 -0.111505 0.909654
vn 0.210977 -0.111506 0.97111
vn 0.741488 -0.111507 0.661636
vn 0.988776 -0.111506 0.099439
vn 0.858386 -0.111505 -0.50074
vn 0.40012 -0.111506 -0.909654
vn -0.210978 -0.111506 -0.97111
vn -0.741488 -0.111506 -0.661636
vn -0.467874 0.882542 -0.047056
vn -0.406175 0.882542 0.236941
vn 0.272005 0.961907 0.027356
vn 0.236138 0.961906 -0.137753
vn -0.189334 0.882542 0.430432
vn 0.110073 0.961906 -0.250243
vn 0.099834 0.88254 0.459517
vn -0.058039 0.961906 -0.267147
vn 0.350866 0.882538 0.31308
vn -0.20398 0.961906 -0.182013
vn 0.467877 0.88254 0.047055
vn -0.272008 0.961906 -0.027355
vn 0.406174 0.882541 -0.236947
vn -0.23614 0.961905 0.137754
vn 0.189331 0.882541 -0.430437
vn -0.110073 0.961906 0.250243
vn -0.099834 0.882541 -0.459515
vn 0.058039 0.961907 0.267146
vn -0.350861 0.882542 -0.313076
vn 0.203981 0.961906 0.182014
vn 0.944735 0.313767 0.095007
vn 0.820151 0.313768 -0.478436
vn 0.994981 0 0.100062
vn 0.863772 0 -0.503883
vn 0.382298 0.313769 -0.869136
vn 0.402631 0 -0.915362
vn -0.201576 0.313767 -0.927856
vn -0.212298 0 -0.977205
vn -0.708461 0.313767 -0.632165
vn -0.746141 0 -0.665788
vn -0.944735 0.313768 -0.095007
vn -0.994981 0 -0.10006
vn -0.820151 0.31377 0.478435
vn -0.863773 0 0.503882
vn -0.382297 0.31377 0.869136
vn -0.40263 0 0.915363
vn 0.201579 0.313769 0.927855
vn 0.212301 0 0.977204
vn 0.708462 0.313765 0.632166
vn 0.746141 0 0.665788
vt 0.874889 0.208906
vt 0.929802 0.284487
vt 0.786039 0.331198
vt 0.929802 0.377909
vt 0.874889 0.45349
vt 0.786039 0.48236
vt 0.697189 0.45349
vt 0.642276 0.377909
vt 0.642276 0.284487
vt 0.697189 0.208906
vt 0.786039 0.180037
vt 0.42994 0.468245
vt 0.476451 0.406185
vt 0.549471 0.50815
vt 0.42994 0.548055
vt 0.476451 0.610114
vt 0.550129 0.633004
vt 0.622969 0.60863
vt 0.667775 0.546469
vt 0.667775 0.46983
vt 0.622969 0.407669
vt 0.55013 0.383296
vt 0.463766 0.388177
vt 0.470034 0.397078
vt 0.408742 0.461226
vt 0.419226 0.464696
vt 0.408742 0.555073
vt 0.419226 0.551604
vt 0.463766 0.628122
vt 0.470034 0.619222
vt 0.550387 0.65488
vt 0.550257 0.644071
vt 0.635894 0.626175
vt 0.629506 0.617502
vt 0.688503 0.553159
vt 0.678259 0.549855
vt 0.688503 0.46314
vt 0.678259 0.466445
vt 0.635894 0.390125
vt 0.629506 0.398797
vt 0.550387 0.36142
vt 0.550258 0.372229
vt 0.003704 0.60224
vt 0.003704 0.49998
vt 0.266525 0.60224
vt 0.266525 0.49998
vt 0.003704 0.397725
vt 0.266525 0.397725
vt 0.003704 0.296235
vt 0.266525 0.296235
vt 0.003704 0.196283
vt 0.266525 0.196283
vt 0.003704 0.098616
vt 0.266525 0.098616
vt 0.003704 0.003968
vt 0.266525 0.003968
vt 0.003704 0.996032
vt 0.003704 0.901372
vt 0.266525 0.996032
vt 0.266525 0.901372
vt 0.003704 0.803694
vt 0.266525 0.803694
vt 0.003704 0.703732
vt 0.266525 0.703732
vt 0.641196 0.132445
vt 0.642936 0.246144
vt 0.629281 0.13664
vt 0.631249 0.242346
vt 0.578666 0.33213
vt 0.571944 0.322503
vt 0.478686 0.361548
vt 0.478969 0.350049
vt 0.381681 0.327572
vt 0.388455 0.318386
vt 0.320807 0.245227
vt 0.331556 0.241443
vt 0.316677 0.142907
vt 0.32771 0.145822
vt 0.371009 0.055658
vt 0.378432 0.064445
vt 0.46737 0.01596
vt 0.46816 0.027676
vt 0.57133 0.042728
vt 0.564601 0.05301
vt 0.297465 0.662442
vt 0.297465 0.747743
vt 0.275555 0.662442
vt 0.275555 0.747743
vt 0.297465 0.83817
vt 0.275555 0.83817
vt 0.297465 0.004845
vt 0.297465 0.151863
vt 0.275555 0.004845
vt 0.275555 0.151863
vt 0.297465 0.30333
vt 0.275555 0.30333
vt 0.297465 0.391528
vt 0.275555 0.391528
vt 0.297465 0.440736
vt 0.275555 0.440736
vt 0.297465 0.476459
vt 0.275555 0.476459
vt 0.297465 0.523104
vt 0.275555 0.523104
vt 0.297465 0.585595
vt 0.275555 0.585595
vt 0.577486 0.033271
vt 0.653693 0.128046
vt 0.653657 0.24966
vt 0.58482 0.340975
vt 0.478421 0.372088
vt 0.375477 0.335984
vt 0.310967 0.24869
vt 0.306571 0.140236
vt 0.364199 0.047608
vt 0.466628 0.005211
vt 0.558463 0.062208
vt 0.61853 0.140426
vt 0.620704 0.239019
vt 0.565849 0.313853
vt 0.479211 0.339652
vt 0.394599 0.310051
vt 0.341317 0.238008
vt 0.337721 0.148472
vt 0.385134 0.072397
vt 0.468827 0.038237
usemtl potSG
f 781/930/781 782/931/781 783/932/781
f 782/931/781 784/933/781 783/932/781
f 784/933/781 785/934/781 783/932/781
f 785/934/781 786/935/781 783/932/781
f 786/935/781 787/936/781 783/932/781
f 787/936/781 788/937/781 783/932/781
f 788/937/781 789/938/781 783/932/781
f 789/938/781 790/939/781 783/932/781
f 790/939/781 791/940/781 783/932/781
f 791/940/781 781/930/781 783/932/781
f 792/941/782 793/942/783 794/943/784
f 795/944/785 792/941/782 794/943/784
f 796/945/786 795/944/785 794/943/784
f 797/946/787 796/945/786 794/943/784
f 798/947/788 797/946/787 794/943/784
f 799/948/789 798/947/788 794/943/784
f 800/949/790 799/948/789 794/943/784
f 801/950/791 800/949/790 794/943/784
f 802/951/792 801/950/791 794/943/784
f 793/942/783 802/951/792 794/943/784
f 803/952/793 804/953/794 805/954/795
f 805/954/795 804/953/794 806/955/796
f 804/953/794 793/942/783 806/955/796
f 806/955/796 793/942/783 792/941/782
f 805/954/795 806/955/796 807/956/797
f 807/956/797 806/955/796 808/957/798
f 806/955/796 792/941/782 808/957/798
f 808/957/798 792/941/782 795/944/785
f 807/956/797 808/957/798 809/958/799
f 809/958/799 808/957/798 810/959/800
f 808/957/798 795/944/785 810/959/800
f 810/959/800 795/944/785 796/945/786
f 809/958/799 810/959/800 811/960/801
f 811/960/801 810/959/800 812/961/802
f 810/959/800 796/945/786 812/961/802
f 812/961/802 796/945/786 797/946/787
f 811/960/801 812/961/802 813/962/803
f 813/962/803 812/961/802 814/963/804
f 812/961/802 797/946/787 814/963/804
f 814/963/804 797/946/787 798/947/788
f 813/962/803 814/963/804 815/964/805
f 815/964/805 814/963/804 816/965/806
f 814/963/804 798/947/788 816/965/806
f 816/965/806 798/947/788 799/948/789
f 815/964/805 816/965/806 817/966/807
f 817/966/807 816/965/806 818/967/808
f 816/965/806 799/948/789 818/967/808
f 818/967/808 799/948/789 800/949/790
f 817/966/807 818/967/808 819/968/809
f 819/968/809 818/967/808 820/969/810
f 818/967/808 800/949/790 820/969/810
f 820/969/810 800/949/790 801/950/791
f 819/968/809 820/969/810 821/970/811
f 821/970/811 820/969/810 822/971/812
f 820/969/810 801/950/791 822/971/812
f 822/971/812 801/950/791 802/951/792
f 793/942/783 804/953/794 802/951/792
f 802/951/792 804/953/794 822/971/812
f 804/953/794 803/952/793 822/971/812
f 822/971/812 803/952/793 821/970/811
f 803/972/793 805/973/795 823/974/813
f 823/974/813 805/973/795 824/975/814
f 805/973/795 807/976/797 824/975/814
f 824/975/814 807/976/797 825/977/815
f 807/976/797 809/978/799 825/977/815
f 825/977/815 809/978/799 826/979/816
f 809/978/799 811/980/801 826/979/816
f 826/979/816 811/980/801 827/981/817
f 811/980/801 813/982/803 827/981/817
f 827/981/817 813/982/803 828/983/818
f 813/982/803 815/984/805 828/983/818
f 828/983/818 815/984/805 829/985/819
f 815/986/805 817/987/807 829/988/819
f 829/988/819 817/987/807 830/989/820
f 817/987/807 819/990/809 830/989/820
f 830/989/820 819/990/809 831/991/821
f 819/990/809 821/992/811 831/991/821
f 831/991/821 821/992/811 832/993/822
f 821/992/811 803/972/793 832/993/822
f 832/993/822 803/972/793 823/974/813
f 833/994/823 834/995/824 835/996/825
f 835/996/825 834/995/824 836/997/826
f 834/995/824 837/998/827 836/997/826
f 836/997/826 837/998/827 838/999/828
f 837/998/827 839/1000/829 838/999/828
f 838/999/828 839/1000/829 840/1001/830
f 839/1000/829 841/1002/831 840/1001/830
f 840/1001/830 841/1002/831 842/1003/832
f 841/1002/831 843/1004/833 842/1003/832
f 842/1003/832 843/1004/833 844/1005/834
f 843/1004/833 845/1006/835 844/1005/834
f 844/1005/834 845/1006/835 846/1007/836
f 845/1006/835 847/1008/837 846/1007/836
f 846/1007/836 847/1008/837 848/1009/838
f 847/1008/837 849/1010/839 848/1009/838
f 848/1009/838 849/1010/839 850/1011/840
f 849/1010/839 851/1012/841 850/1011/840
f 850/1011/840 851/1012/841 852/1013/842
f 851/1012/841 833/994/823 852/1013/842
f 852/1013/842 833/994/823 835/996/825
f 853/1014/843 854/1015/844 781/1016/845
f 781/1016/845 854/1015/844 782/1017/846
f 854/1015/844 855/1018/847 782/1017/846
f 782/1017/846 855/1018/847 784/1019/848
f 855/1020/847 856/1021/849 784/1022/848
f 784/1022/848 856/1021/849 785/1023/850
f 856/1021/849 857/1024/851 785/1023/850
f 785/1023/850 857/1024/851 786/1025/852
f 857/1024/851 858/1026/853 786/1025/852
f 786/1025/852 858/1026/853 787/1027/854
f 858/1026/853 859/1028/855 787/1027/854
f 787/1027/854 859/1028/855 788/1029/856
f 859/1028/855 860/1030/857 788/1029/856
f 788/1029/856 860/1030/857 789/1031/858
f 860/1030/857 861/1032/859 789/1031/858
f 789/1031/858 861/1032/859 790/1033/860
f 861/1032/859 862/1034/861 790/1033/860
f 790/1033/860 862/1034/861 791/1035/862
f 862/1034/861 853/1014/843 791/1035/862
f 791/1035/862 853/1014/843 781/1016/845
f 832/1036/822 823/1037/813 851/1012/841
f 851/1012/841 823/1037/813 833/994/823
f 834/995/824 833/994/823 824/1038/814
f 824/1038/814 833/994/823 823/1037/813
f 837/998/827 834/995/824 825/1039/815
f 825/1039/815 834/995/824 824/1038/814
f 839/1000/829 837/998/827 826/1040/816
f 826/1040/816 837/998/827 825/1039/815
f 841/1002/831 839/1000/829 827/1041/817
f 827/1041/817 839/1000/829 826/1040/816
f 843/1004/833 841/1002/831 828/1042/818
f 828/1042/818 841/1002/831 827/1041/817
f 845/1006/835 843/1004/833 829/1043/819
f 829/1043/819 843/1004/833 828/1042/818
f 847/1008/837 845/1006/835 830/1044/820
f 830/1044/820 845/1006/835 829/1043/819
f 849/1010/839 847/1008/837 831/1045/821
f 831/1045/821 847/1008/837 830/1044/820
f 832/1036/822 851/1012/841 831/1045/821
f 831/1045/821 851/1012/841 849/1010/839
f 852/1013/842 835/996/825 862/1046/861
f 862/1046/861 835/996/825 853/1047/843
f 854/1048/844 853/1047/843 836/997/826
f 836/997/826 853/1047/843 835/996/825
f 855/1049/847 854/1048/844 838/999/828
f 838/999/828 854/1048/844 836/997/826
f 856/1050/849 855/1049/847 840/1001/830
f 840/1001/830 855/1049/847 838/999/828
f 857/1051/851 856/1050/849 842/1003/832
f 842/1003/832 856/1050/849 840/1001/830
f 858/1052/853 857/1051/851 844/1005/834
f 844/1005/834 857/1051/851 842/1003/832
f 859/1053/855 858/1052/853 846/1007/836
f 846/1007/836 858/1052/853 844/1005/834
f 860/1054/857 859/1053/855 848/1009/838
f 848/1009/838 859/1053/855 846/1007/836
f 861/1055/859 860/1054/857 850/1011/840
f 850/1011/840 860/1054/857 848/1009/838
f 852/1013/842 862/1046/861 850/1011/840
f 850/1011/840 862/1046/861 861/1055/859
s off
